seq,timestamp_us,ax_mg,ay_mg,az_mg,gx_dps,gy_dps,gz_dps,temp_c
0,66932384,407.23,-534.18,-711.43,-2.80,-1.04,-3.23,36.13
1,66936449,453.12,-532.71,-753.42,-3.54,-1.95,-2.74,36.08
2,66940498,450.20,-543.46,-735.84,-2.56,-0.12,-0.79,35.98
3,66944548,441.89,-551.76,-744.14,-1.28,-0.55,1.04,36.42
4,66950799,418.46,-545.90,-741.70,1.65,0.00,0.61,35.94
5,66954848,431.15,-530.76,-726.56,1.52,0.61,-1.77,35.98
6,66958898,447.75,-533.20,-724.12,-0.06,0.12,-1.52,35.98
7,66962955,446.78,-539.06,-735.84,-0.91,-0.06,1.16,35.79
8,66967005,435.06,-536.62,-739.75,0.06,-0.12,2.50,36.08
9,66971054,427.73,-528.81,-729.00,1.22,-0.12,2.26,35.79
10,66976799,424.80,-528.81,-720.70,0.43,-0.06,0.67,36.13
11,66980848,437.01,-532.71,-723.14,-0.79,-0.79,1.16,35.79
12,66984898,433.59,-532.23,-727.05,-1.28,-1.83,2.74,36.22
13,66988955,442.38,-534.18,-720.70,-0.61,-1.95,3.54,36.13
14,66993005,425.78,-531.74,-722.17,-0.43,-1.59,3.17,35.89
15,66998799,422.36,-534.67,-728.03,-1.46,-1.52,1.52,36.22
16,67002848,427.73,-534.67,-733.89,-1.04,-1.46,1.04,36.22
17,67006898,426.27,-541.02,-732.91,-0.85,-1.59,0.98,36.22
18,67010955,429.20,-531.25,-734.37,-0.55,-1.46,0.67,35.60
19,67015005,428.22,-538.09,-729.98,-0.12,-1.71,0.98,36.22
20,67020799,425.78,-532.71,-730.47,0.06,-2.13,0.49,35.94
21,67024848,422.36,-535.16,-728.52,-0.43,-2.44,0.06,36.08
22,67028898,432.62,-540.04,-726.07,-0.85,-2.56,-0.30,36.32
23,67032955,432.13,-544.43,-722.66,-0.61,-2.93,-0.67,36.08
24,67037005,433.59,-545.90,-722.17,-0.67,-3.41,-1.52,35.94
25,67042799,442.87,-549.32,-706.05,-4.21,-1.34,-1.89,35.94
26,67046848,437.50,-555.18,-726.56,-1.59,-4.39,-3.54,36.13
27,67050898,450.20,-555.66,-739.26,-1.65,-4.82,-2.87,35.89
28,67054955,437.99,-543.95,-740.72,-0.73,-4.02,-1.34,36.08
29,67059005,434.08,-540.04,-742.19,-1.71,-3.96,-0.61,36.46
30,67064799,429.20,-535.64,-732.91,-2.44,-3.90,0.12,35.94
31,67068848,442.38,-539.06,-743.16,-3.54,-4.33,2.01,36.27
32,67072898,433.59,-537.11,-740.72,-3.48,-4.39,3.84,36.13
33,67076955,430.18,-532.23,-742.19,-3.05,-4.51,5.06,36.32
34,67082799,437.01,-523.44,-731.93,-2.44,-4.70,4.82,36.08
35,67086848,409.67,-524.90,-744.14,-2.01,-4.82,4.82,36.13
36,67090898,415.53,-516.60,-756.84,-3.54,-5.24,4.45,36.13
37,67094955,431.64,-521.00,-762.70,-3.17,-5.12,6.34,35.89
38,67099005,413.09,-512.21,-745.12,-1.40,-5.18,7.93,36.22
39,67103054,397.95,-511.72,-745.61,-1.34,-5.98,6.28,35.79
40,67108799,400.39,-510.74,-753.91,0.06,-5.55,5.43,35.94
41,67112848,404.30,-506.35,-762.70,0.30,-4.82,4.45,35.79
42,67116898,413.57,-508.30,-763.67,1.40,-4.76,5.37,36.22
43,67120955,405.27,-511.72,-758.79,2.32,-4.02,6.65,36.22
44,67126799,398.93,-513.67,-762.21,3.23,-3.78,5.85,36.27
45,67130848,421.87,-527.83,-771.48,5.98,-1.34,5.67,35.98
46,67134898,425.78,-526.86,-757.81,7.38,-0.30,6.16,35.94
47,67138955,427.73,-537.60,-761.23,11.77,-0.24,8.05,36.08
48,67143005,425.29,-526.86,-761.23,10.49,0.85,5.43,35.94
49,67148799,416.99,-541.02,-769.53,12.38,4.09,2.99,35.98
50,67152848,465.33,-525.88,-760.25,15.12,6.04,6.65,36.08
51,67156898,397.46,-537.60,-716.31,13.66,7.68,9.09,35.98
52,67160955,409.67,-536.13,-708.01,12.80,3.78,5.98,35.98
53,67165005,454.10,-532.23,-703.12,11.28,2.26,3.66,36.22
54,67170799,449.71,-552.25,-696.29,4.88,0.43,5.06,35.94
55,67174848,471.19,-575.20,-724.61,-0.85,-3.78,8.11,36.13
56,67178898,469.73,-593.26,-742.19,-1.22,-2.80,9.57,36.27
57,67182955,458.50,-591.31,-734.37,-0.61,-0.43,10.24,36.42
58,67187005,439.94,-589.36,-737.79,0.30,0.37,8.35,36.13
59,67192799,446.29,-575.20,-709.47,1.77,2.44,3.48,35.94
60,67196848,413.09,-551.27,-741.21,0.79,0.24,0.18,36.13
61,67200898,437.01,-546.88,-730.47,0.18,-0.85,-0.79,36.08
62,67204955,451.17,-542.48,-732.91,-0.91,-1.46,1.22,36.08
63,67209005,437.99,-538.57,-731.45,-1.04,-1.28,3.23,36.13
64,67214799,419.92,-532.71,-729.98,-1.59,-1.52,2.93,36.27
65,67218848,428.22,-534.67,-727.54,-2.93,-1.89,1.16,35.98
66,67222898,435.55,-544.92,-732.42,-4.33,-1.83,0.61,35.94
67,67226955,432.62,-549.80,-734.37,-5.30,-1.28,0.43,35.60
68,67231005,417.48,-543.95,-749.51,-4.88,-1.46,-0.24,36.13
69,67236799,417.48,-540.04,-742.68,-4.02,-1.28,-1.83,35.94
70,67240848,406.25,-539.55,-739.26,-3.66,-1.16,-4.45,35.89
71,67244898,412.60,-530.76,-736.82,-3.72,-1.10,-5.85,35.94
72,67248955,413.09,-516.60,-731.93,-3.96,-1.10,-7.68,35.79
73,67253005,414.55,-497.07,-715.33,-5.79,0.37,-12.99,36.13
74,67258799,388.18,-539.06,-734.86,-7.50,-0.24,-16.16,35.89
75,67262848,454.10,-525.88,-755.37,-3.17,-1.34,-10.73,36.13
76,67266898,427.25,-511.72,-721.68,-2.13,-1.22,-8.05,35.98
77,67270955,383.79,-503.91,-717.77,-3.48,0.79,-12.13,35.79
78,67275005,373.54,-517.58,-735.35,-5.12,0.85,-19.63,36.13
79,67280799,409.67,-545.41,-750.00,-4.70,0.00,-22.62,36.13
80,67284848,395.51,-530.76,-744.14,-4.94,1.34,-24.82,35.89
81,67288898,419.43,-556.15,-786.13,-2.80,-0.49,-23.66,35.94
82,67292955,437.99,-531.25,-764.16,0.00,0.91,-22.07,36.13
83,67298799,426.76,-533.69,-765.62,1.83,1.71,-18.41,35.98
84,67302848,419.43,-522.46,-769.53,3.66,4.94,-18.11,35.89
85,67306898,416.99,-526.86,-786.13,4.82,6.04,-17.07,35.98
86,67310955,423.34,-517.09,-757.81,5.98,7.07,-16.34,35.98
87,67315005,432.13,-533.20,-745.61,4.82,7.50,-14.51,36.08
88,67319054,439.94,-525.88,-729.49,3.60,8.05,-13.90,36.13
89,67324799,436.52,-541.50,-737.30,2.44,7.44,-12.99,35.98
90,67328848,436.52,-549.32,-742.19,1.40,7.87,-14.57,35.94
91,67332898,437.01,-562.99,-746.58,0.67,8.78,-15.37,35.89
92,67336955,446.29,-571.29,-746.58,1.71,9.63,-13.78,35.94
93,67342799,475.10,-565.43,-747.07,3.72,10.79,-8.78,36.22
94,67346848,445.31,-547.36,-710.94,3.78,13.05,-7.32,35.94
95,67350898,407.71,-560.55,-698.24,1.65,12.68,-11.52,35.89
96,67354955,441.41,-583.50,-727.05,1.71,11.40,-12.87,36.32
97,67359005,469.24,-538.09,-710.45,4.39,11.71,-11.65,35.98
98,67364799,459.47,-527.34,-689.94,4.39,12.07,-8.48,36.08
99,67368848,449.22,-524.41,-716.80,4.02,12.62,-7.93,35.94
100,67372898,446.29,-519.04,-680.18,2.56,11.83,-8.35,35.89
101,67376955,427.25,-522.46,-671.39,-0.73,10.67,-10.24,36.32
102,67381005,443.85,-535.16,-686.52,-2.87,8.54,-13.17,36.13
103,67386799,463.87,-527.83,-704.10,-2.93,7.07,-13.66,36.13
104,67390848,463.38,-520.51,-705.08,-2.62,6.40,-10.73,36.42
105,67394898,455.57,-507.81,-696.78,-3.23,6.04,-8.60,36.27
106,67398955,450.20,-513.18,-694.82,-4.45,5.30,-7.62,36.46
107,67403005,452.15,-508.79,-697.27,-5.85,4.45,-7.99,36.27
108,67408799,449.22,-504.88,-694.34,-6.95,4.39,-8.35,36.13
109,67412848,450.68,-511.72,-702.64,-7.56,4.02,-8.54,36.27
110,67416898,452.15,-520.51,-702.15,-7.62,3.78,-8.60,36.22
111,67420955,455.57,-517.58,-708.50,-7.26,3.41,-8.66,36.13
112,67425005,454.59,-522.46,-707.03,-7.13,3.66,-8.60,35.94
113,67430799,455.57,-519.04,-712.40,-6.52,4.02,-8.05,35.98
114,67434848,452.15,-519.53,-705.57,-6.40,4.09,-8.11,36.13
115,67438898,447.27,-521.97,-705.08,-6.46,3.90,-8.60,36.13
116,67442955,447.75,-522.95,-712.89,-6.34,3.60,-9.15,35.94
117,67447005,456.05,-517.09,-721.68,-5.55,3.66,-9.63,35.98
118,67452799,457.03,-512.70,-724.12,-4.82,4.09,-9.21,36.08
119,67456848,460.45,-513.18,-723.14,-3.78,3.72,-7.87,36.22
120,67460898,462.40,-505.86,-719.24,-3.11,3.84,-7.38,36.22
121,67464955,464.84,-500.00,-722.66,-2.87,3.48,-6.34,35.89
122,67469005,464.36,-502.93,-723.63,-1.89,3.78,-6.04,35.98
123,67474799,458.50,-497.56,-723.14,-1.34,3.48,-5.24,36.22
124,67478848,457.52,-501.46,-722.17,-1.46,3.11,-4.94,36.13
125,67482898,460.94,-496.58,-725.59,-1.83,2.87,-5.00,36.27
126,67486955,464.36,-497.56,-730.96,-2.62,2.50,-4.63,35.79
127,67491005,472.66,-491.70,-732.42,-3.05,2.56,-4.39,36.13
128,67496799,470.21,-496.58,-739.75,-3.23,2.93,-4.02,36.08
129,67500848,469.73,-500.98,-738.77,-2.93,3.11,-4.15,35.98
130,67504898,471.19,-500.00,-729.98,-2.56,2.99,-4.33,35.75
131,67508955,480.47,-505.86,-723.63,-1.71,3.29,-4.51,35.89
132,67514799,483.40,-498.54,-719.73,-1.95,2.80,-3.84,36.08
133,67518848,479.49,-499.02,-722.66,-2.07,2.32,-3.48,36.08
134,67522898,474.12,-496.09,-725.59,-3.05,1.89,-4.33,35.94
135,67526955,482.91,-499.02,-726.56,-3.41,1.59,-5.06,35.94
136,67531005,480.47,-503.91,-723.14,-4.15,0.91,-6.10,36.42
137,67535054,479.98,-504.39,-722.66,-4.94,0.55,-6.40,36.13
138,67540799,484.86,-505.86,-721.68,-4.88,0.12,-5.98,36.22
139,67544848,485.35,-494.14,-721.68,-5.06,0.06,-5.67,35.89
140,67548898,486.82,-497.07,-730.47,-4.63,0.55,-4.82,35.98
141,67552955,481.93,-502.93,-729.00,-3.84,1.04,-4.39,36.13
142,67558799,483.89,-504.88,-727.05,-2.68,1.71,-4.51,36.32
143,67562848,482.42,-502.44,-726.56,-1.89,2.44,-4.09,35.98
144,67566898,480.96,-497.07,-725.10,-1.71,2.68,-3.78,35.98
145,67570955,483.40,-495.61,-720.70,-1.04,3.05,-2.87,36.22
146,67575005,482.42,-493.16,-714.84,-0.37,3.11,-1.59,36.22
147,67580799,472.17,-493.65,-708.01,0.12,3.41,-0.79,35.94
148,67584848,469.24,-490.23,-706.05,0.79,3.48,-1.16,35.94
149,67588898,475.10,-493.16,-715.33,1.10,3.23,-1.10,35.98
150,67592955,477.05,-493.65,-713.38,1.71,3.60,-0.98,35.89
151,67597005,476.56,-495.61,-716.80,2.13,3.90,-0.30,36.22
152,67602799,473.63,-491.21,-711.43,2.13,3.96,-0.49,36.08
153,67606848,463.38,-498.54,-704.59,0.85,2.99,-1.83,35.94
154,67610898,467.77,-496.09,-702.64,0.06,2.38,-3.17,36.27
155,67614955,471.68,-497.07,-710.45,-0.91,2.07,-3.78,35.98
156,67619005,481.45,-502.44,-709.96,-1.10,1.83,-3.90,36.08
157,67624799,481.45,-505.86,-711.43,-0.91,1.65,-3.84,35.98
158,67628848,482.91,-505.86,-712.40,-1.40,1.40,-3.96,35.94
159,67632898,487.30,-508.30,-713.38,-1.59,1.59,-3.60,36.22
160,67636955,479.98,-510.25,-708.50,-1.59,1.46,-3.41,36.32
161,67641005,479.00,-508.79,-718.26,-1.77,1.40,-3.66,36.08
162,67646799,479.98,-505.37,-722.17,-1.52,1.77,-3.72,36.22
163,67650848,476.07,-500.00,-718.75,-0.79,1.89,-2.93,36.42
164,67654898,477.05,-500.49,-716.80,-0.98,2.07,-2.56,35.89
165,67658955,476.07,-502.93,-721.68,-0.12,2.38,-1.95,35.79
166,67663005,476.56,-500.00,-718.75,0.67,2.62,-0.79,36.13
167,67668799,471.68,-499.51,-716.31,0.61,2.26,-0.61,36.08
168,67672848,475.10,-495.61,-719.73,0.61,2.62,-0.98,35.98
169,67676898,473.63,-501.46,-720.21,0.67,2.62,-0.30,36.22
170,67680955,471.19,-505.37,-716.31,0.73,2.32,0.37,35.98
171,67685005,475.59,-508.79,-720.70,0.06,2.01,0.06,36.08
172,67690799,476.07,-508.79,-722.17,0.79,2.44,0.43,36.22
173,67694848,475.59,-515.14,-718.75,1.34,2.32,0.55,35.98
174,67698898,473.63,-505.37,-719.73,1.10,2.13,0.18,36.27
175,67702955,473.63,-507.81,-721.68,1.10,2.20,-0.18,35.94
176,67707005,476.56,-507.81,-723.14,1.34,2.26,-0.18,36.13
177,67712799,472.66,-506.84,-720.70,1.10,1.95,0.24,36.08
178,67716848,478.03,-505.86,-720.70,0.24,2.26,0.73,35.94
179,67720898,477.05,-510.74,-721.19,0.12,2.07,1.46,36.13
180,67724955,478.52,-512.70,-721.19,0.24,2.32,1.40,35.94
181,67729005,475.59,-514.16,-722.17,-0.49,1.95,0.91,36.13
182,67734799,477.05,-511.72,-716.80,-1.10,1.71,-0.37,35.60
183,67738848,477.05,-510.25,-722.66,-1.46,1.52,-1.10,35.98
184,67742898,473.63,-511.23,-723.14,-0.91,1.59,-1.22,36.13
185,67746955,475.59,-509.77,-724.12,-0.73,1.71,-1.52,36.13
186,67752799,480.47,-505.86,-716.80,-1.04,1.65,-0.98,36.13
187,67756848,481.93,-514.65,-721.68,-0.49,1.89,-0.73,35.94
188,67760898,480.96,-508.79,-724.12,-0.43,2.26,-0.24,35.89
189,67764955,478.03,-507.32,-718.75,-0.24,2.01,0.73,36.13
190,67769005,478.52,-512.21,-711.91,-0.30,1.77,0.55,36.13
191,67774799,478.52,-513.18,-721.68,-0.61,1.46,0.24,36.13
192,67778848,487.30,-510.74,-729.00,-0.24,1.83,0.85,36.13
193,67782898,479.00,-514.65,-719.73,0.12,2.01,1.16,35.89
194,67786955,474.12,-512.70,-714.84,0.18,1.77,0.49,36.22
195,67791005,485.84,-513.18,-716.31,0.00,1.77,-0.30,35.98
196,67796799,485.35,-509.28,-718.75,-0.12,1.46,0.00,36.46
197,67800848,487.30,-507.81,-714.36,-0.43,1.10,0.43,36.22
198,67804898,480.96,-505.37,-713.87,-0.85,0.55,0.55,35.89
199,67808955,480.96,-502.44,-718.75,-1.28,0.18,0.67,35.94
200,67813005,479.98,-498.05,-720.70,-1.22,0.37,1.04,36.08
201,67818799,484.86,-503.42,-727.54,-0.79,0.85,2.13,35.79
202,67822848,482.42,-502.44,-718.26,-0.73,1.04,3.23,36.22
203,67826898,479.00,-501.95,-710.45,-0.79,1.28,3.60,35.94
204,67830955,482.42,-506.84,-714.36,-1.10,1.40,3.60,36.08
205,67835005,490.23,-515.62,-719.24,-0.91,1.52,3.29,36.32
206,67840799,492.19,-519.53,-718.26,-0.55,1.59,4.15,36.13
207,67844848,485.35,-520.02,-720.70,-0.55,1.34,3.54,36.13
208,67848898,485.84,-521.00,-716.80,-0.18,2.01,2.93,36.32
209,67852955,482.42,-510.74,-718.75,-0.30,1.95,2.50,36.22
210,67857005,480.96,-508.79,-713.38,-0.49,1.83,2.74,35.89
211,67862799,476.07,-511.23,-708.50,-0.91,1.46,3.23,35.89
212,67866848,480.47,-504.88,-710.94,-1.40,0.61,4.15,36.32
213,67870898,484.37,-511.23,-705.57,-1.65,0.24,4.15,35.98
214,67874955,481.93,-510.74,-703.61,-2.13,-0.61,3.84,35.98
215,67879005,485.35,-519.04,-707.03,-2.74,-1.16,4.02,36.22
216,67884799,486.33,-515.62,-715.33,-2.74,-0.98,3.84,35.98
217,67888848,477.05,-515.14,-722.66,-2.26,-0.91,3.72,36.22
218,67892898,469.24,-511.23,-713.87,-2.44,-1.10,2.87,35.94
219,67896955,466.31,-505.86,-710.45,-3.23,-1.40,0.98,36.08
220,67901005,476.07,-507.81,-710.45,-3.72,-2.13,-0.61,36.22
221,67906799,483.89,-501.95,-708.01,-4.51,-2.74,-0.85,36.22
222,67910848,493.16,-502.44,-708.50,-4.39,-2.62,0.00,36.22
223,67914898,490.72,-508.79,-714.36,-4.39,-2.56,0.98,36.32
224,67918955,486.33,-510.74,-712.89,-4.15,-2.44,0.67,36.08
225,67923005,486.33,-513.67,-722.17,-4.27,-2.13,-0.37,36.27
226,67928799,487.30,-514.65,-725.59,-3.41,-1.22,-0.55,35.75
227,67932848,495.61,-512.70,-720.21,-2.38,-0.30,0.37,36.13
228,67936898,492.19,-514.16,-707.52,-1.95,-0.30,0.85,36.08
229,67940955,497.56,-517.09,-708.98,-2.01,-0.49,0.67,35.94
230,67945005,504.88,-516.11,-715.82,-0.91,0.18,1.52,35.94
231,67950799,499.51,-516.11,-715.33,-0.55,0.55,2.68,35.79
232,67954848,488.28,-517.09,-711.43,0.06,0.67,3.05,35.60
233,67958898,487.30,-514.16,-707.03,0.30,0.91,3.23,36.22
234,67962955,488.77,-515.62,-703.12,0.30,0.79,3.11,36.22
235,67968799,492.68,-520.02,-700.20,0.00,0.49,3.23,36.22
236,67972848,498.54,-527.83,-698.73,-0.43,0.24,3.90,35.79
237,67976898,497.56,-522.46,-698.24,-0.79,-0.67,4.02,35.94
238,67980955,491.70,-524.41,-701.17,-0.98,-0.73,3.54,35.98
239,67985005,492.19,-517.58,-701.66,-1.89,-0.98,3.11,36.22
240,67990799,495.61,-524.41,-705.57,-2.56,-1.46,2.44,36.08
241,67994848,497.56,-519.53,-709.47,-2.80,-1.52,2.62,35.98
242,67998898,496.09,-517.58,-710.94,-3.23,-1.52,2.56,35.94
243,68002955,489.26,-518.55,-713.38,-3.23,-2.01,2.26,36.13
244,68007005,486.33,-521.97,-714.36,-3.78,-1.77,1.16,35.98
245,68012799,487.79,-517.09,-717.77,-3.84,-1.83,0.61,35.98
246,68016848,482.42,-511.23,-716.80,-3.84,-1.59,-0.30,36.22
247,68020898,487.79,-512.70,-722.66,-3.84,-1.10,-0.43,36.13
248,68024955,488.77,-509.28,-722.17,-3.60,-1.10,-0.43,35.98
249,68029005,480.47,-507.81,-714.36,-3.29,-1.22,-0.73,36.27
250,68034799,483.89,-509.28,-711.91,-3.54,-1.34,-1.34,36.13
251,68038848,486.82,-511.72,-728.52,-2.68,-1.16,-1.83,36.22
252,68042898,487.79,-509.28,-729.98,-2.20,-0.49,-1.22,36.22
253,68046955,488.28,-507.32,-729.98,-1.59,0.49,-0.37,36.08
254,68051005,482.91,-509.77,-725.59,-1.28,0.67,-0.43,36.22
255,68056799,486.33,-502.93,-723.63,-1.34,0.98,-1.46,35.98
256,68060848,487.30,-503.91,-723.14,-1.22,0.98,-2.32,36.13
257,68064898,484.86,-500.00,-714.84,-1.52,1.04,-2.13,36.27
258,68068955,487.30,-500.00,-716.80,-1.52,0.85,-1.77,36.08
259,68073005,489.75,-497.56,-716.31,-1.40,0.98,-1.34,36.22
260,68078799,496.09,-499.51,-721.68,-1.34,0.91,-0.43,36.13
261,68082848,496.09,-499.02,-721.19,-1.46,1.28,1.65,36.22
262,68086898,487.79,-501.46,-720.21,-1.71,0.91,2.50,35.98
263,68090955,484.37,-503.91,-719.73,-2.32,1.16,2.07,35.94
264,68095005,488.77,-509.28,-717.77,-2.26,1.10,1.46,35.94
265,68100799,485.35,-510.25,-721.19,-2.26,0.91,1.16,35.89
266,68104848,489.26,-510.74,-717.77,-2.13,0.49,0.61,36.42
267,68108898,490.72,-511.72,-723.63,-2.26,0.55,0.98,35.70
268,68112955,485.35,-510.74,-723.63,-2.44,0.55,1.04,35.94
269,68117005,481.93,-512.70,-717.77,-2.62,0.18,1.04,36.13
270,68122799,486.33,-511.72,-715.82,-2.74,0.00,1.46,36.22
271,68126848,486.33,-515.14,-714.84,-2.93,-0.49,1.77,35.94
272,68130898,486.82,-512.70,-712.40,-3.23,-1.04,1.77,35.94
273,68134955,486.33,-512.70,-715.33,-3.05,-0.91,2.20,35.79
274,68139005,480.96,-509.28,-716.31,-2.99,-0.61,2.44,36.13
275,68144799,472.17,-520.02,-722.66,-3.05,-0.24,2.50,35.98
276,68148848,458.50,-514.65,-708.50,-2.99,-0.06,-1.59,36.22
277,68152898,469.73,-504.39,-695.80,-3.05,-1.04,-5.00,35.60
278,68156955,483.89,-502.44,-700.20,-3.78,-0.85,-7.50,36.32
279,68161005,500.00,-514.65,-728.52,-2.44,-0.37,-4.45,36.22
280,68166799,484.86,-504.88,-722.17,0.43,-0.18,0.00,36.22
281,68170848,463.87,-487.30,-695.31,0.49,-0.49,-2.13,35.79
282,68174898,481.45,-490.23,-691.89,-0.67,-0.85,-4.39,35.75
283,68178955,495.61,-473.63,-704.10,-2.20,-0.67,-3.84,36.08
284,68184799,482.42,-483.40,-720.21,-2.93,-1.83,1.46,36.08
285,68188848,479.00,-488.28,-681.64,-3.23,-2.80,-1.28,35.98
286,68192898,480.96,-485.35,-670.41,-4.09,-4.27,-1.89,35.98
287,68196955,488.28,-485.84,-686.52,-5.00,-5.37,-3.11,35.94
288,68201005,496.09,-495.61,-691.41,-5.49,-7.50,-2.07,36.13
289,68206799,490.23,-508.79,-695.80,-5.61,-8.72,-0.61,36.08
290,68210848,480.47,-497.56,-699.22,-6.34,-10.73,-0.67,36.13
291,68214898,488.28,-491.70,-707.03,-9.02,-12.50,0.24,35.89
292,68218955,483.89,-491.70,-707.03,-11.34,-14.21,1.77,36.08
293,68223005,479.00,-492.19,-705.57,-13.29,-16.16,2.80,36.32
294,68228799,479.49,-494.14,-693.36,-14.33,-18.35,3.72,36.08
295,68232848,466.31,-504.88,-697.75,-13.54,-19.63,3.05,36.22
296,68236898,478.52,-528.32,-709.96,-10.91,-20.55,3.72,35.70
297,68240955,482.42,-561.52,-705.08,-5.79,-20.73,2.87,35.98
298,68245005,476.07,-484.37,-735.84,-3.35,-18.60,5.12,36.32
299,68250799,450.68,-470.70,-721.68,-6.46,-18.23,2.56,36.22
300,68254848,443.36,-452.64,-679.20,-14.63,-20.49,-1.77,36.08
301,68258898,456.54,-457.52,-675.29,-20.55,-20.98,-7.38,36.13
302,68262955,487.30,-426.76,-670.90,-27.13,-21.40,-14.27,35.98
303,68267005,477.54,-444.34,-687.50,-35.30,-23.48,-14.88,35.94
304,68272799,500.49,-484.86,-686.52,-39.57,-26.71,-12.38,36.27
305,68276848,529.79,-467.29,-675.29,-44.33,-28.84,-4.70,35.94
306,68280898,527.34,-470.21,-692.38,-47.26,-30.91,2.01,36.27
307,68284955,520.51,-472.66,-692.38,-48.90,-32.62,10.91,36.13
308,68289005,505.86,-501.46,-695.80,-48.41,-32.99,15.91,36.22
309,68294799,491.70,-499.02,-687.50,-47.38,-33.54,17.26,35.89
310,68298848,487.30,-487.79,-666.02,-49.82,-34.70,18.11,35.98
311,68302898,480.47,-483.89,-675.78,-54.09,-36.34,19.57,35.79
312,68306955,496.09,-503.91,-650.39,-59.02,-39.21,23.05,35.94
313,68311005,511.72,-520.02,-675.29,-61.71,-42.13,23.11,35.94
314,68316799,494.14,-540.53,-713.87,-59.21,-42.07,23.90,35.89
315,68320848,269.04,-1404.30,-625.49,-46.77,-53.78,-6.10,36.22
316,68324898,523.44,-53.71,-901.37,-45.24,-49.09,11.52,36.27
317,68328955,808.59,-226.56,-808.11,-55.91,-51.65,42.99,35.98
318,68333005,484.86,-593.75,-564.94,-68.54,-44.57,29.21,35.94
319,68338799,437.50,-604.98,-676.27,-73.84,-49.39,30.43,36.13
320,68342848,391.60,-451.17,-780.76,-75.73,-52.38,32.56,35.94
321,68346898,320.80,-478.52,-750.49,-75.61,-53.54,31.34,36.08
322,68350955,296.88,-470.70,-762.21,-74.27,-54.70,23.66,35.60
323,68355005,284.67,-441.89,-804.20,-71.34,-52.99,15.06,35.94
324,68360799,281.74,-425.78,-821.78,-65.79,-48.41,7.32,36.13
325,68364848,164.55,-1174.80,-828.61,-49.57,-48.96,-37.99,35.98
326,68368898,352.05,-554.69,-947.27,-34.94,-38.41,-68.54,36.13
327,68372955,770.51,-363.28,-926.76,-25.61,-30.06,-53.54,35.89
328,68377005,647.46,-512.21,-742.68,-15.00,-21.83,-26.95,36.13
329,68382799,462.40,-429.20,-806.64,-4.57,-17.32,-4.02,36.27
330,68386848,291.99,-219.24,-853.03,5.49,-11.65,19.70,35.94
331,68390898,178.22,-223.14,-775.39,4.27,-9.02,17.01,36.13
332,68394955,135.25,-291.99,-796.39,-1.46,-6.95,-2.56,36.22
333,68400799,228.52,-363.28,-859.37,-0.43,-2.93,-24.45,36.08
334,68404848,316.89,-295.41,-857.42,4.57,3.90,-28.60,35.94
335,68408898,312.99,-220.21,-847.66,5.12,6.28,-17.56,36.22
336,68412955,246.58,-175.78,-824.22,4.09,6.46,-5.98,35.79
337,68417005,251.46,-157.71,-769.04,1.65,4.27,3.35,36.13
338,68422799,278.81,-161.62,-724.61,-2.01,1.28,9.82,36.13
339,68426848,309.08,-218.75,-729.49,-6.40,-0.85,14.76,36.22
340,68430898,325.20,-290.04,-773.93,-9.02,-2.20,18.66,35.89
341,68434955,335.45,-360.35,-820.80,-9.88,-1.77,20.85,36.22
342,68439005,341.80,-414.06,-843.75,-8.90,-0.37,21.22,36.22
343,68444799,343.75,-423.34,-828.61,-6.59,0.37,20.06,36.22
344,68448848,343.75,-398.93,-802.25,-5.24,0.98,19.51,36.13
345,68452898,341.80,-402.34,-794.43,-6.28,0.43,17.99,36.13
346,68456955,360.84,-399.41,-796.87,-7.13,-0.18,17.07,35.98
347,68461005,361.82,-398.93,-795.90,-8.72,-0.06,16.77,35.94
348,68466799,350.10,-402.34,-806.64,-11.04,-1.28,17.62,36.08
349,68470848,356.45,-440.43,-834.96,-11.89,-0.24,19.45,35.79
350,68474898,364.26,-452.64,-851.56,-10.49,1.04,20.00,35.79
351,68478955,352.54,-440.43,-849.12,-8.96,2.87,19.51,36.22
352,68483005,325.20,-439.45,-841.80,-8.84,4.15,17.87,36.46
353,68488799,320.80,-427.25,-834.96,-9.70,5.18,14.21,36.08
354,68492848,343.75,-404.30,-830.08,-10.73,6.10,12.62,36.13
355,68496898,345.70,-405.76,-835.94,-10.67,6.89,12.68,36.22
356,68500955,350.10,-393.55,-820.80,-10.00,8.29,12.80,35.89
357,68505005,350.10,-385.74,-810.06,-9.39,9.70,12.80,36.22
358,68510799,354.49,-372.56,-789.06,-8.96,10.55,13.41,36.13
359,68514848,367.68,-357.91,-770.51,-8.66,10.12,15.79,36.32
360,68518898,364.75,-356.45,-756.35,-8.60,9.70,17.32,36.27
361,68522955,367.68,-362.79,-752.44,-8.11,8.90,18.41,35.89
362,68527005,374.51,-359.37,-736.82,-7.32,8.11,19.09,36.08
363,68532799,382.81,-370.12,-728.03,-6.22,7.01,19.39,35.94
364,68536848,397.46,-363.77,-708.50,-4.57,4.94,19.09,36.08
365,68540898,399.90,-360.84,-686.52,-3.90,3.05,20.06,36.27
366,68544955,395.02,-354.00,-675.78,-3.60,0.18,22.13,35.98
367,68549005,387.70,-342.29,-666.50,-4.09,-3.05,24.15,35.98
368,68554799,376.46,-339.84,-658.69,-4.94,-6.89,26.34,35.75
369,68558848,368.16,-350.10,-662.11,-6.10,-10.61,28.90,36.27
370,68562898,349.12,-387.21,-669.92,-6.10,-12.26,26.16,36.42
371,68566955,344.73,-369.14,-671.39,-5.61,-14.02,21.28,35.79
372,68571005,360.35,-344.24,-665.53,-5.30,-15.79,20.61,35.94
373,68576799,367.68,-351.56,-667.48,-6.04,-17.44,21.89,36.13
374,68580848,353.03,-419.92,-652.83,-5.37,-19.15,16.34,36.32
375,68584898,367.68,-372.56,-646.48,-5.00,-20.18,12.32,35.94
376,68588955,378.91,-375.00,-665.04,-5.18,-21.52,15.30,36.22
377,68593005,392.09,-357.42,-687.01,-4.82,-22.26,22.26,36.32
378,68598799,381.35,-382.32,-680.18,-3.66,-22.62,29.82,35.98
379,68602848,333.98,-394.04,-675.29,-3.29,-23.54,31.95,35.79
380,68606898,318.36,-423.34,-690.43,-2.93,-24.82,31.28,36.32
381,68610955,335.94,-408.69,-695.31,-2.87,-25.00,32.50,36.13
382,68616799,336.43,-410.16,-700.20,-1.59,-25.55,33.66,36.13
383,68620848,304.69,-452.15,-692.38,0.18,-25.55,33.17,36.22
384,68624898,322.75,-436.52,-686.52,2.01,-25.85,35.61,35.94
385,68628955,325.68,-427.25,-689.45,4.51,-25.67,35.00,36.13
386,68633005,314.45,-406.74,-675.29,7.62,-25.79,35.30,35.94
387,68638799,292.48,-405.27,-646.97,7.32,-25.91,32.26,36.08
388,68642848,287.60,-464.84,-640.14,9.51,-27.26,22.99,35.94
389,68646898,315.92,-420.90,-661.13,12.32,-27.80,19.45,36.08
390,68650955,337.40,-428.71,-670.90,15.00,-28.54,21.89,36.22
391,68655005,321.78,-433.59,-675.78,18.48,-28.90,23.84,35.94
392,68660799,325.20,-451.17,-677.25,21.71,-29.76,25.91,36.32
393,68664848,318.85,-438.48,-700.68,23.96,-30.49,28.54,36.32
394,68668898,311.52,-457.03,-716.31,25.43,-30.61,28.78,35.60
395,68672955,315.92,-450.20,-738.28,26.16,-29.57,30.85,36.22
396,68677005,320.80,-461.43,-762.70,27.62,-28.90,35.85,36.08
397,68682799,299.32,-487.30,-771.00,28.35,-28.41,40.98,36.22
398,68686848,286.62,-476.56,-769.04,28.11,-27.13,44.82,36.13
399,68690898,270.02,-505.37,-763.67,28.17,-27.01,42.99,36.42
400,68694955,288.09,-483.40,-775.39,28.11,-25.85,42.56,35.94
401,68699005,287.11,-518.07,-781.74,28.54,-25.00,40.85,36.22
402,68704799,291.02,-521.00,-770.51,29.09,-24.57,39.82,36.22
403,68708848,307.62,-517.09,-769.53,29.94,-23.66,39.88,36.08
404,68712898,308.11,-526.86,-756.84,30.55,-23.23,39.09,35.98
405,68716955,310.55,-529.30,-761.23,31.71,-23.23,38.23,36.13
406,68721005,312.99,-516.11,-763.18,33.17,-22.87,38.17,35.94
407,68726799,312.01,-537.11,-764.65,35.18,-22.99,39.02,36.46
408,68730848,304.20,-523.44,-781.25,38.11,-21.77,37.93,36.13
409,68734898,299.80,-555.66,-794.92,40.98,-20.49,36.95,35.98
410,68738955,296.39,-538.09,-799.80,44.33,-18.17,34.45,35.89
411,68743005,306.15,-542.48,-814.94,47.80,-15.43,34.09,36.13
412,68748799,289.55,-557.62,-831.05,52.68,-11.04,32.07,35.70
413,68752848,272.95,-532.71,-817.87,57.74,-7.68,28.41,36.08
414,68756898,271.00,-526.37,-810.06,60.12,-5.85,25.24,36.32
415,68760955,277.83,-529.30,-811.04,61.65,-3.84,21.46,36.08
416,68765005,271.00,-521.97,-806.64,62.32,-3.05,17.01,35.98
417,68770799,284.67,-518.07,-800.78,63.11,-2.38,14.51,36.13
418,68774848,290.53,-509.77,-793.46,63.60,-2.20,12.99,35.89
419,68778898,284.18,-501.95,-776.86,63.23,-2.13,12.56,36.32
420,68782955,280.76,-495.12,-771.48,62.56,-3.29,12.80,35.79
421,68787005,286.13,-489.75,-774.41,61.59,-4.33,14.33,36.32
422,68792799,276.86,-499.02,-772.46,60.30,-5.37,15.49,35.98
423,68796848,274.90,-494.63,-771.00,58.84,-6.71,18.17,36.13
424,68800898,261.23,-485.35,-759.28,57.74,-7.38,19.21,36.22
425,68804955,255.37,-477.05,-750.00,55.91,-9.09,20.55,35.98
426,68809005,254.88,-474.61,-752.44,53.29,-10.18,21.89,35.89
427,68814799,251.95,-474.12,-746.09,51.04,-11.04,23.72,35.98
428,68818848,253.91,-470.70,-741.21,48.11,-12.38,25.37,35.79
429,68822898,257.32,-468.75,-729.00,46.40,-13.17,27.62,36.46
430,68826955,251.46,-476.56,-723.14,44.94,-13.48,29.70,36.32
431,68832799,242.19,-473.14,-709.96,43.84,-13.96,31.52,35.94
432,68836848,244.14,-464.36,-700.68,42.56,-14.51,34.27,36.22
433,68840898,231.45,-464.36,-705.57,41.77,-14.21,36.28,35.94
434,68844955,233.89,-466.80,-699.71,42.01,-14.09,38.35,36.22
435,68849005,225.59,-469.24,-690.92,42.13,-14.15,40.30,36.27
436,68854799,218.75,-463.87,-678.22,42.56,-13.66,40.91,36.13
437,68858848,216.31,-458.50,-653.81,42.32,-13.72,39.70,36.22
438,68862898,204.59,-459.96,-639.16,41.77,-14.15,37.38,35.60
439,68866955,208.98,-457.52,-628.42,41.52,-14.57,35.85,36.32
440,68871005,216.31,-456.05,-630.86,41.40,-15.12,34.88,36.22
441,68876799,210.45,-463.87,-628.91,42.07,-15.00,34.39,36.13
442,68880848,204.59,-455.08,-624.51,43.17,-14.82,33.60,36.13
443,68884898,205.57,-461.43,-605.47,43.72,-15.06,32.56,35.98
444,68888955,205.57,-469.73,-604.98,43.90,-15.06,31.22,36.27
445,68893005,202.15,-477.05,-607.42,45.24,-14.88,28.54,36.22
446,68898799,203.61,-475.10,-608.40,46.89,-14.33,25.61,36.08
447,68902848,203.12,-461.91,-599.12,49.02,-14.02,23.54,36.22
448,68906898,193.85,-458.50,-600.59,49.27,-14.27,23.35,36.13
449,68910955,189.45,-462.40,-598.14,49.39,-14.15,23.96,36.08
450,68915005,183.59,-469.24,-603.03,48.96,-13.96,23.48,36.22
451,68920799,183.11,-484.37,-602.05,48.90,-13.78,22.99,36.08
452,68924848,179.69,-494.63,-602.54,48.35,-13.96,22.74,36.32
453,68928898,176.76,-505.37,-611.33,47.99,-14.21,23.54,36.27
454,68932955,179.69,-517.09,-612.30,47.13,-14.45,24.63,36.13
455,68937005,170.90,-534.67,-627.44,46.10,-14.82,25.67,36.22
456,68942799,160.64,-546.88,-637.70,45.37,-14.94,25.85,35.98
457,68946848,162.11,-557.62,-651.86,44.15,-15.61,26.04,35.79
458,68950898,166.50,-574.22,-664.55,43.48,-15.43,26.34,36.32
459,68954955,158.20,-600.59,-668.95,42.74,-14.39,26.22,35.79
460,68959005,159.18,-620.61,-675.29,42.62,-13.84,24.63,36.13
461,68964799,168.95,-608.89,-671.87,42.07,-13.60,23.84,36.13
462,68968848,175.78,-605.96,-666.50,40.98,-13.72,24.63,36.32
463,68972898,166.50,-600.10,-667.97,39.57,-14.21,25.73,35.98
464,68976955,162.11,-600.59,-666.99,38.17,-14.57,27.44,35.98
465,68981005,164.55,-603.52,-664.06,36.59,-14.76,28.11,35.94
466,68986799,161.13,-604.98,-666.99,35.43,-14.76,28.54,36.13
467,68990848,164.06,-609.86,-671.87,34.76,-14.70,29.39,36.32
468,68994898,172.36,-614.26,-664.55,35.00,-14.51,29.39,36.22
469,68998955,173.83,-607.91,-661.13,35.12,-14.45,30.00,35.89
470,69003005,176.27,-599.12,-660.64,34.51,-13.66,31.95,35.98
471,69008799,178.22,-617.68,-668.46,34.33,-13.29,34.02,35.89
472,69012848,164.06,-677.25,-694.82,35.24,-12.07,32.44,36.22
473,69016898,160.16,-681.64,-707.03,36.52,-11.71,29.94,36.22
474,69020955,175.78,-683.11,-710.45,37.13,-11.10,28.41,36.22
475,69025005,181.15,-697.75,-712.40,37.13,-10.43,28.48,36.13
476,69030799,181.64,-708.50,-725.59,37.20,-10.24,29.45,36.13
477,69034848,181.64,-722.66,-742.68,36.59,-10.06,30.43,35.94
478,69038898,170.41,-733.40,-752.44,36.34,-9.82,30.00,36.22
479,69042955,166.50,-741.21,-768.07,36.22,-9.39,29.21,35.98
480,69048799,172.36,-752.44,-781.74,36.22,-8.48,27.87,36.27
481,69052848,176.27,-758.79,-794.43,36.59,-7.44,26.65,35.98
482,69056898,175.29,-748.54,-800.29,36.65,-6.83,25.67,36.13
483,69060955,175.78,-749.51,-805.18,36.16,-6.22,25.18,36.22
484,69065005,168.95,-740.72,-812.01,35.85,-5.49,25.61,35.98
485,69070799,163.09,-723.14,-812.01,35.06,-5.00,26.28,36.13
486,69074848,163.57,-711.91,-812.99,32.44,-5.61,27.80,36.08
487,69078898,164.55,-704.10,-824.22,29.51,-6.71,30.30,35.94
488,69082955,169.43,-714.36,-844.24,26.52,-8.11,33.17,35.98
489,69087005,164.55,-716.31,-866.70,22.68,-9.51,37.20,35.94
490,69092799,140.14,-719.24,-888.18,17.20,-11.22,40.67,36.46
491,69096848,126.46,-714.36,-927.25,6.83,-14.94,46.71,36.13
492,69100898,131.84,-726.56,-968.26,-4.82,-18.60,53.05,35.98
493,69104955,136.23,-747.07,-1003.91,-14.33,-21.28,57.93,35.94
494,69109005,143.55,-750.98,-1023.44,-26.16,-24.88,64.27,36.22
495,69114799,145.02,-735.84,-1027.34,-39.76,-29.51,72.32,36.32
496,69118848,134.28,-756.35,-1082.03,-59.09,-36.22,82.68,36.27
497,69122898,132.81,-822.27,-1129.39,-72.44,-40.18,86.52,35.94
498,69126955,157.71,-873.54,-1158.20,-86.10,-44.82,86.71,35.94
499,69131005,200.20,-912.60,-1165.04,-95.85,-47.62,84.21,36.22
500,69136799,222.66,-926.76,-1176.27,-102.44,-49.02,80.24,36.42
501,69140848,265.14,-953.12,-1217.29,-104.70,-48.11,75.43,36.22
502,69144898,262.70,-958.01,-1243.65,-102.56,-45.43,70.85,36.22
503,69148955,266.11,-971.19,-1272.46,-97.74,-40.73,64.57,36.13
504,69153005,260.25,-1015.62,-1311.52,-90.06,-33.60,56.22,36.22
505,69158799,261.72,-1001.46,-1356.93,-81.10,-26.71,48.48,35.98
506,69162848,261.72,-990.72,-1398.44,-69.63,-15.18,40.61,36.22
507,69166898,241.21,-984.37,-1411.13,-62.01,-7.20,35.49,36.46
508,69170955,238.77,-975.59,-1421.87,-53.35,1.95,27.74,35.89
509,69175005,229.49,-949.71,-1439.45,-46.52,10.85,20.43,36.08
510,69180799,216.31,-959.96,-1445.31,-42.93,18.41,14.45,36.13
511,69184848,241.21,-937.01,-1446.29,-42.93,27.56,6.40,36.08
512,69188898,195.80,-922.36,-1423.83,-40.24,33.35,2.74,36.13
513,69192955,203.61,-936.04,-1460.45,-42.44,36.46,-1.89,35.75
514,69197005,221.68,-912.11,-1484.37,-42.68,38.90,-5.30,36.51
515,69202799,227.54,-898.93,-1487.30,-48.17,40.30,-4.27,36.13
516,69206848,215.82,-887.70,-1475.59,-57.93,41.59,-2.74,35.98
517,69210898,199.71,-873.54,-1480.47,-65.73,40.30,-2.62,36.32
518,69214955,218.26,-872.56,-1484.37,-77.62,37.32,-2.44,35.79
519,69219005,233.40,-868.65,-1512.21,-90.91,33.23,0.98,35.94
520,69224799,250.49,-892.58,-1526.37,-103.84,29.82,4.63,36.42
521,69228848,250.49,-938.96,-1538.57,-118.48,26.71,5.91,36.27
522,69232898,256.84,-939.94,-1554.20,-127.32,25.49,5.24,35.79
523,69236955,263.18,-943.85,-1560.55,-136.89,24.63,4.51,36.22
524,69241005,265.14,-952.15,-1572.75,-144.82,24.76,2.93,36.46
525,69246799,264.16,-965.33,-1582.03,-150.61,26.83,-0.30,36.13
526,69250848,258.79,-974.61,-1611.82,-156.71,30.61,-5.12,35.79
527,69254898,258.30,-986.82,-1630.86,-159.57,34.02,-8.60,36.32
528,69258955,255.86,-999.51,-1652.34,-162.62,38.41,-13.66,36.13
529,69264799,263.18,-1028.81,-1682.62,-162.56,44.21,-17.80,35.79
530,69268848,269.04,-1045.90,-1703.12,-160.24,52.50,-22.80,36.22
531,69272898,276.37,-1023.44,-1695.80,-158.17,59.09,-25.06,36.22
532,69276955,249.02,-1008.30,-1691.41,-157.99,64.57,-26.71,35.75
533,69281005,227.05,-1017.58,-1708.50,-159.82,70.30,-30.73,36.27
534,69286799,205.08,-1017.58,-1725.59,-164.33,76.77,-37.62,36.22
535,69290848,198.24,-990.23,-1752.44,-168.60,81.28,-40.79,36.13
536,69294898,183.59,-944.82,-1746.09,-178.11,83.35,-41.16,36.08
537,69298955,194.82,-921.39,-1756.84,-187.32,84.76,-38.17,36.32
538,69303005,181.15,-932.13,-1756.35,-199.45,86.71,-32.68,36.08
539,69308799,144.53,-924.32,-1775.88,-214.09,86.28,-27.99,36.32
540,69312848,139.16,-900.88,-1789.06,-233.35,84.88,-22.32,35.94
541,69316898,139.16,-913.57,-1806.64,-249.88,82.93,-17.20,36.08
542,69320955,149.90,-934.08,-1806.15,-262.32,81.77,-14.15,36.32
543,69325005,174.80,-942.38,-1806.64,-277.07,80.49,-11.65,35.79
544,69330799,214.36,-962.89,-1787.11,-289.21,79.70,-12.13,36.27
545,69334848,235.35,-968.26,-1763.18,-297.50,80.67,-15.73,36.22
546,69338898,248.05,-946.29,-1741.70,-300.06,82.56,-21.04,36.13
547,69342955,248.05,-940.92,-1722.66,-301.89,85.85,-30.12,35.98
548,69347005,267.09,-914.06,-1708.98,-300.43,90.43,-39.88,36.22
549,69352799,288.57,-898.44,-1707.52,-295.67,96.83,-47.68,35.98
550,69356848,307.62,-916.02,-1716.31,-285.30,107.01,-53.05,36.22
551,69360898,293.46,-912.11,-1707.03,-277.13,114.21,-56.89,36.27
552,69364955,276.37,-887.70,-1698.24,-266.71,123.29,-62.87,36.13
553,69369005,229.49,-845.21,-1675.29,-259.09,130.98,-70.43,36.32
554,69374799,196.29,-830.57,-1701.66,-253.96,138.17,-77.74,36.32
555,69378848,163.57,-815.43,-1730.96,-250.85,146.16,-83.54,35.98
556,69382898,135.25,-796.87,-1724.12,-251.52,150.06,-85.30,35.94
557,69386955,111.33,-790.04,-1720.21,-255.55,153.54,-87.44,35.94
558,69391005,99.61,-782.71,-1723.63,-264.09,154.39,-86.59,36.08
559,69396799,101.07,-788.09,-1750.00,-276.65,153.84,-80.24,36.32
560,69400848,83.01,-794.92,-1793.95,-294.21,152.56,-65.37,35.89
561,69404898,48.83,-791.99,-1777.34,-306.65,151.59,-56.10,36.27
562,69408955,19.04,-769.04,-1734.86,-324.82,150.12,-49.94,35.79
563,69413005,14.16,-754.88,-1677.25,-344.57,148.66,-49.33,35.98
564,69418799,31.25,-805.66,-1664.06,-359.63,148.54,-51.52,36.13
565,69422848,99.12,-833.01,-1643.55,-366.65,151.65,-51.77,36.22
566,69426898,125.00,-824.22,-1586.91,-366.77,155.30,-51.04,36.08
567,69430955,144.04,-794.92,-1531.25,-363.41,162.01,-51.65,36.08
568,69435005,151.37,-769.53,-1465.82,-356.52,170.18,-55.55,36.42
569,69440799,155.76,-743.16,-1410.64,-346.95,179.45,-62.26,36.22
570,69444848,166.99,-666.50,-1310.06,-332.87,190.98,-71.52,36.13
571,69448898,193.36,-601.56,-1241.70,-322.80,198.05,-77.68,36.13
572,69452955,205.08,-548.34,-1196.29,-310.73,206.34,-83.84,36.46
573,69457005,191.89,-481.45,-1152.83,-300.12,214.02,-88.48,36.08
574,69462799,188.48,-417.48,-1071.78,-293.54,217.07,-89.82,36.13
575,69466848,246.09,-366.21,-1057.62,-291.34,219.70,-77.26,36.08
576,69470898,253.91,-304.20,-1036.13,-289.15,220.06,-62.20,36.22
577,69474955,219.24,-205.08,-1007.32,-291.34,218.54,-40.49,36.08
578,69480799,154.79,-166.02,-954.59,-301.95,215.12,-23.11,35.94
579,69484848,139.65,-53.71,-924.80,-319.51,207.32,-1.59,35.94
580,69488898,107.91,-52.73,-879.88,-334.51,202.32,10.37,36.08
581,69492955,111.82,27.34,-799.80,-346.46,198.41,12.62,36.27
582,69497005,85.45,41.02,-748.54,-363.72,194.51,10.55,36.27
583,69502799,96.19,-0.49,-698.73,-376.77,190.24,-1.65,36.27
584,69506848,192.87,0.49,-679.69,-382.38,186.89,-10.85,36.13
585,69510898,288.09,26.37,-625.00,-381.34,183.66,-4.70,35.94
586,69514955,310.55,55.18,-620.12,-375.43,183.72,3.96,36.13
587,69519005,339.36,50.29,-570.31,-363.60,187.87,13.84,36.13
588,69524799,345.70,68.36,-479.00,-347.44,192.38,17.44,36.13
589,69528848,290.04,54.69,-411.62,-323.78,199.39,7.93,36.08
590,69532898,259.28,117.68,-347.66,-305.24,203.05,-6.95,36.08
591,69536955,272.46,127.44,-341.31,-292.68,204.09,-13.96,35.98
592,69541005,314.45,170.41,-346.68,-268.72,208.23,-19.02,35.98
593,69546799,328.12,252.44,-298.83,-249.45,215.18,-16.34,36.22
594,69550848,275.39,301.76,-272.46,-233.05,219.33,-5.49,36.13
595,69554898,297.36,330.57,-198.73,-222.44,218.60,2.62,35.89
596,69558955,321.29,356.45,-154.79,-210.18,217.20,18.29,36.08
597,69563005,335.45,448.73,-85.45,-198.17,217.38,37.20,36.22
598,69568799,286.13,465.33,21.48,-192.50,218.35,44.57,36.13
599,69572848,307.13,524.41,126.46,-188.84,216.22,42.87,36.13
600,69576898,349.61,612.30,223.14,-187.62,214.15,42.74,36.08
601,69580955,354.98,599.12,280.27,-188.17,210.79,39.94,36.08
602,69585005,398.44,660.64,369.63,-186.89,204.63,39.15,36.22
603,69590799,409.67,609.86,427.25,-185.55,200.37,39.51,36.42
604,69594848,441.41,668.46,471.19,-183.11,189.70,37.87,35.98
605,69598898,465.33,666.50,522.46,-183.54,182.44,36.59,35.94
606,69602955,528.32,632.81,516.11,-180.79,169.57,46.04,36.13
607,69607005,577.15,693.85,585.94,-179.02,158.11,58.41,36.22
608,69612799,592.29,710.94,614.26,-178.48,146.04,68.96,35.89
609,69616848,581.05,741.70,657.23,-179.63,131.28,72.50,36.32
610,69620898,545.90,776.37,707.52,-181.89,123.41,65.00,36.13
611,69624955,558.59,722.17,718.26,-183.23,113.41,49.88,35.98
612,69629005,610.35,671.39,699.22,-179.51,104.51,34.76,36.22
613,69634799,672.36,649.90,665.04,-168.11,95.49,32.99,36.32
614,69638848,723.63,672.85,678.71,-149.27,86.77,42.26,35.98
615,69642898,694.82,668.46,706.05,-138.29,82.44,45.61,36.08
616,69646955,659.18,636.23,691.41,-126.83,77.56,39.88,36.22
617,69651005,655.27,598.14,649.90,-112.56,72.38,32.26,36.42
618,69656799,687.50,622.56,641.11,-95.30,66.89,24.88,36.13
619,69660848,706.05,638.18,570.80,-75.67,63.11,18.66,36.13
620,69664898,732.42,666.50,702.64,-66.89,57.99,11.46,36.08
621,69668955,767.58,649.41,632.81,-67.44,54.82,7.50,36.46
622,69673005,712.40,637.21,482.91,-60.06,45.91,4.57,36.08
623,69678799,561.52,490.23,-88.87,-45.85,27.74,-11.71,36.32
624,69682848,846.68,542.48,587.40,-13.90,35.43,-2.44,36.13
625,69686898,889.16,609.38,703.61,-13.66,29.63,15.18,36.08
626,69690955,819.34,601.56,715.33,-1.10,25.85,36.16,36.13
627,69696799,625.98,624.51,657.71,-0.24,18.05,25.55,36.32
628,69700848,547.36,629.88,457.03,-5.30,4.63,2.26,35.98
629,69704898,614.26,665.04,405.76,-7.01,-5.06,-11.77,36.32
630,69708955,671.87,650.88,417.97,-11.16,-13.78,-16.28,35.98
631,69713005,705.57,654.79,417.97,-20.55,-25.24,-14.45,36.22
632,69718799,732.91,635.74,390.14,-30.55,-33.66,-8.72,36.32
633,69722848,722.66,600.59,341.80,-37.68,-40.06,-1.34,36.46
634,69726898,677.73,590.82,348.14,-39.57,-45.18,1.77,35.94
635,69730955,654.79,609.38,377.44,-40.49,-49.09,0.37,36.13
636,69735005,659.67,627.44,402.34,-43.05,-53.60,-2.01,36.27
637,69740799,678.71,630.86,406.74,-45.79,-58.54,-2.68,36.27
638,69744848,684.57,628.91,430.18,-46.28,-64.09,-0.91,36.22
639,69748898,685.55,626.46,424.80,-44.63,-67.74,1.22,35.94
640,69752955,670.90,605.47,410.64,-39.76,-69.39,1.40,36.13
641,69757005,642.58,630.37,406.74,-29.88,-71.34,0.67,36.22
642,69762799,611.82,638.67,394.04,-18.60,-72.07,-2.01,36.27
643,69766848,584.47,615.23,401.37,-4.02,-71.40,-9.15,36.32
644,69770898,575.20,569.34,422.36,7.68,-70.12,-17.13,36.32
645,69774955,581.54,573.73,409.18,24.33,-68.84,-28.84,36.27
646,69779005,604.00,590.33,352.05,43.41,-65.85,-39.82,36.27
647,69784799,606.93,586.43,303.22,66.65,-60.43,-47.99,36.32
648,69788848,591.31,589.36,285.64,99.02,-51.28,-53.41,36.27
649,69792898,546.88,616.70,270.02,118.96,-45.24,-58.78,36.22
650,69796955,553.71,675.29,319.34,142.87,-40.18,-66.71,36.22
651,69801005,542.97,685.06,316.89,161.16,-35.98,-71.28,35.98
652,69806799,527.83,728.52,266.11,177.38,-35.37,-73.96,36.22
653,69810848,498.54,760.74,196.29,190.37,-34.57,-68.96,36.46
654,69814898,442.38,750.00,165.04,193.78,-35.85,-62.44,36.42
655,69818955,430.66,772.95,135.74,190.18,-37.50,-56.10,36.08
656,69823005,429.69,771.00,112.30,182.99,-41.77,-47.13,36.08
657,69828799,444.82,757.81,107.42,173.66,-45.73,-38.48,36.08
658,69832848,437.50,792.97,122.07,155.30,-53.60,-20.79,36.13
659,69836898,427.25,770.51,122.56,139.70,-61.59,-9.09,36.13
660,69840955,440.43,777.83,123.54,116.89,-71.34,3.48,35.89
661,69845005,458.01,777.34,113.77,94.21,-81.04,17.01,36.42
662,69850799,456.54,772.46,113.28,71.65,-90.12,29.45,35.94
663,69854848,434.08,754.88,105.47,49.39,-100.79,42.13,36.46
664,69858898,419.92,760.74,128.42,36.52,-106.83,49.21,35.94
665,69862955,423.34,741.70,146.97,22.20,-112.99,54.21,36.13
666,69867005,437.01,714.36,118.65,12.32,-115.24,56.28,36.13
667,69872799,447.27,696.78,85.94,11.04,-113.17,60.61,36.13
668,69876848,390.14,686.52,83.01,19.39,-110.55,61.89,36.08
669,69880898,354.49,702.15,145.02,27.07,-108.41,56.16,36.13
670,69884955,352.05,723.14,252.44,31.28,-107.32,44.27,35.98
671,69889005,428.22,745.12,307.13,37.13,-103.23,30.91,36.27
672,69894799,479.49,849.12,210.94,34.57,-107.38,25.55,36.42
673,69898848,591.80,825.20,351.56,56.77,-81.77,30.49,36.27
674,69902898,683.11,905.27,447.27,68.72,-78.66,47.50,36.22
675,69906955,543.95,834.47,394.53,86.71,-64.94,64.33,36.13
676,69912799,373.05,800.29,386.72,112.93,-67.26,60.30,36.27
677,69916848,312.50,736.82,384.77,143.05,-78.66,40.12,36.08
678,69920898,288.57,675.29,423.34,166.40,-78.72,27.99,36.13
679,69924955,282.71,675.78,381.35,181.65,-86.34,22.26,36.22
680,69929005,296.88,643.07,349.61,199.88,-91.77,21.95,36.13
681,69934799,246.09,548.83,338.87,210.98,-101.04,23.96,36.32
682,69938848,226.56,438.96,287.11,213.29,-109.94,18.35,36.32
683,69942898,245.61,356.45,221.19,214.51,-114.82,13.66,35.94
684,69946955,297.36,338.38,180.66,217.13,-118.96,13.84,35.89
685,69951005,330.08,317.38,146.48,218.41,-122.07,20.98,35.94
686,69956799,309.08,273.93,130.86,217.26,-126.04,31.65,36.22
687,69960848,275.39,208.98,120.12,210.73,-131.83,39.70,36.22
688,69964898,253.42,123.05,117.68,202.32,-137.56,43.66,36.08
689,69968955,227.54,58.11,85.94,197.50,-142.13,44.63,36.08
690,69973005,223.14,-6.84,60.06,192.93,-146.95,44.70,36.13
691,69978799,239.26,-54.69,20.51,190.12,-149.51,42.99,36.42
692,69982848,258.79,-100.10,-30.27,190.30,-148.66,42.13,36.61
693,69986898,260.74,-106.93,-23.44,190.30,-146.22,39.33,35.98
694,69990955,296.39,-77.15,-13.18,187.13,-142.68,34.21,36.32
695,69995005,337.89,-50.29,-5.86,182.87,-138.17,31.89,36.13
696,70000799,374.02,-5.86,-4.39,176.83,-135.49,32.68,36.22
697,70004848,416.99,55.66,-53.71,171.16,-131.83,40.24,36.13
698,70008898,386.72,112.79,-83.98,166.77,-127.93,48.35,36.08
699,70012955,340.33,155.76,-84.96,156.89,-123.84,54.15,36.13
700,70017005,303.71,181.64,-84.96,143.66,-122.44,56.22,36.13
701,70022799,285.64,216.80,-65.92,133.41,-123.54,56.95,36.46
702,70026848,268.55,242.19,-45.41,122.93,-126.04,59.70,36.13
703,70030898,256.35,237.79,-7.81,116.59,-128.72,62.68,36.42
704,70034955,244.63,229.49,30.27,109.45,-134.57,66.59,36.27
705,70039005,243.16,224.12,61.52,102.93,-141.83,69.57,36.13
706,70044799,227.54,177.73,90.33,100.37,-148.72,69.82,36.13
707,70048848,212.40,116.21,83.01,103.66,-156.65,64.45,36.32
708,70052898,231.93,74.71,94.24,109.21,-162.01,57.13,36.13
709,70056955,238.77,62.01,65.92,118.17,-168.17,47.62,35.94
710,70061005,255.37,17.09,33.69,129.94,-174.88,37.93,36.42
711,70066799,287.11,-21.00,29.30,145.55,-174.45,36.28,35.94
712,70070848,211.43,-74.22,-84.47,162.87,-173.17,38.78,36.46
713,70074898,123.05,-120.12,-184.57,170.85,-173.96,38.84,36.13
714,70078955,80.57,-145.02,-239.75,176.52,-174.09,34.88,35.89
715,70083005,86.91,-194.34,-315.43,177.13,-173.54,31.52,36.13
716,70088799,48.83,-235.35,-353.03,176.04,-173.54,32.93,36.13
717,70092848,39.55,-271.97,-498.54,168.41,-171.10,28.60,36.27
718,70096898,63.96,-278.32,-573.24,163.90,-165.12,28.41,36.08
719,70100955,34.67,-255.86,-631.84,156.89,-159.51,37.26,36.13
720,70105005,18.07,-239.75,-679.20,146.16,-154.02,42.44,35.98
721,70110799,-24.41,-266.11,-723.63,135.49,-148.60,45.79,36.22
722,70114848,-19.04,-259.77,-742.19,122.26,-144.09,44.33,35.98
723,70118898,-4.88,-253.91,-755.86,110.49,-139.39,42.26,35.98
724,70122955,-0.49,-252.93,-798.34,95.12,-132.44,40.12,35.98
725,70128799,0.98,-255.86,-851.56,83.11,-123.84,35.55,35.94
726,70132848,24.90,-237.79,-868.65,75.85,-109.94,25.55,36.46
727,70136898,70.31,-200.68,-862.30,72.13,-97.01,15.91,35.79
728,70140955,127.44,-171.39,-860.35,70.06,-85.91,10.12,36.22
729,70145005,167.97,-147.95,-865.23,69.63,-70.43,6.10,35.94
730,70150799,187.99,-135.74,-854.98,72.26,-55.12,5.06,36.27
731,70154848,206.05,-122.56,-810.06,75.06,-39.63,0.91,36.27
732,70158898,229.00,-114.75,-771.48,75.85,-28.96,-3.96,35.89
733,70162955,227.54,-134.28,-731.45,76.22,-22.44,-8.48,35.94
734,70167005,237.79,-146.97,-697.75,76.28,-16.16,-16.34,35.94
735,70172799,282.23,-151.86,-675.29,76.95,-10.43,-24.33,36.27
736,70176848,325.68,-138.18,-669.92,80.18,-4.15,-30.49,36.22
737,70180898,344.73,-101.07,-637.21,80.55,-0.67,-31.83,36.22
738,70184955,373.54,-73.73,-631.35,79.02,1.22,-31.28,36.32
739,70189005,402.34,-78.61,-640.62,78.66,3.17,-29.39,36.08
740,70194799,378.42,-96.68,-608.89,77.93,5.06,-29.15,36.13
741,70198848,375.49,-97.17,-589.84,74.45,5.12,-31.95,36.32
742,70202898,379.39,-123.54,-587.40,71.89,4.76,-33.17,35.79
743,70206955,387.70,-138.18,-588.87,69.70,4.70,-33.90,35.98
744,70211005,382.81,-149.41,-588.38,68.96,4.02,-34.57,36.32
745,70216799,375.49,-154.79,-597.66,67.80,4.02,-35.61,36.32
746,70220848,372.07,-160.16,-602.54,67.07,3.72,-37.07,36.32
747,70224898,366.21,-146.97,-607.91,66.28,3.66,-37.56,36.13
748,70228955,365.72,-148.93,-617.68,64.94,4.21,-36.04,36.13
749,70233005,338.38,-174.32,-624.02,62.32,5.79,-34.39,36.22
750,70238799,294.43,-211.91,-615.72,58.48,7.38,-36.59,36.22
751,70242848,280.76,-247.07,-644.53,55.61,9.45,-41.71,36.13
752,70246898,296.39,-252.93,-646.97,54.45,11.59,-43.84,36.22
753,70250955,300.78,-256.84,-646.00,51.89,14.45,-45.49,36.22
754,70255005,308.59,-252.93,-643.07,47.62,17.68,-45.06,36.32
755,70260799,288.09,-252.93,-657.71,42.01,21.34,-44.70,36.22
756,70264848,274.90,-251.95,-667.48,34.02,25.24,-46.10,36.22
757,70268898,277.34,-251.95,-682.62,28.84,27.74,-47.74,36.13
758,70272955,277.34,-240.72,-684.57,23.29,31.46,-49.15,36.08
759,70277005,278.32,-244.63,-658.69,17.74,34.63,-51.52,36.27
760,70282799,291.99,-238.28,-634.77,13.23,37.07,-55.30,36.27
761,70286848,345.70,-192.38,-578.12,8.41,38.54,-57.62,36.22
762,70290898,394.53,-132.32,-555.18,5.00,37.87,-57.13,35.98
763,70294955,448.24,-90.33,-568.36,2.01,35.00,-53.11,36.22
764,70299005,441.89,-78.61,-574.22,2.80,33.35,-47.62,35.94
765,70304799,404.30,-72.27,-548.83,4.51,30.67,-47.07,36.42
766,70308848,384.28,-68.85,-521.00,7.26,27.80,-51.59,36.32
767,70312898,426.27,-70.31,-540.53,10.06,25.67,-52.50,35.89
768,70316955,447.75,-66.89,-562.01,14.33,22.87,-50.55,36.22
769,70321005,431.15,-54.69,-587.40,19.09,22.07,-46.89,36.22
770,70326799,399.41,-38.09,-589.84,23.41,21.34,-44.39,36.13
771,70330848,354.98,-20.51,-582.03,24.57,19.02,-42.99,36.42
772,70334898,366.21,-1.95,-612.79,22.68,16.95,-42.20,36.32
773,70338955,392.09,-12.70,-663.57,20.24,15.91,-39.51,36.46
774,70344799,404.79,-28.32,-709.96,20.06,17.07,-38.35,36.32
775,70348848,403.81,-28.32,-719.73,21.77,18.41,-38.90,36.27
776,70352898,394.53,-17.58,-707.03,22.74,19.76,-39.82,36.46
777,70356955,370.61,-31.25,-705.57,23.23,20.18,-40.12,36.42
778,70361005,365.23,-40.53,-715.33,24.27,21.59,-40.98,36.22
779,70365054,386.23,-39.55,-715.82,25.24,22.62,-42.68,36.13
780,70370799,415.04,-33.69,-727.54,25.98,24.09,-43.84,36.08
781,70374848,452.64,-21.97,-728.03,26.83,25.12,-44.76,35.79
782,70378898,469.73,2.44,-708.98,26.46,25.00,-44.76,36.13
783,70382955,490.23,19.53,-727.05,25.61,24.15,-44.82,36.46
784,70388799,519.53,22.95,-745.61,27.20,23.60,-44.57,36.27
785,70392848,528.32,24.41,-735.35,30.61,23.90,-45.79,36.32
786,70396898,541.50,41.02,-728.03,32.56,22.93,-47.56,35.89
787,70400955,558.11,78.12,-718.26,33.90,20.24,-47.26,36.27
788,70405005,567.87,114.75,-709.96,34.57,15.49,-43.66,35.98
789,70410799,539.06,151.86,-716.31,33.17,10.00,-38.54,36.32
790,70414848,499.02,183.11,-723.63,29.02,2.74,-33.17,36.08
791,70418898,472.17,212.89,-751.95,26.22,-1.77,-27.93,36.08
792,70422955,447.27,222.17,-766.60,23.35,-7.80,-19.57,36.13
793,70427005,435.55,231.45,-782.71,21.40,-12.74,-11.52,36.13
794,70432799,435.55,239.26,-809.08,18.17,-16.40,-3.41,35.98
795,70436848,420.90,203.12,-841.80,16.40,-19.45,6.52,36.08
796,70440898,396.48,146.97,-864.26,16.46,-19.70,10.37,36.32
797,70444955,383.79,102.54,-883.79,17.99,-17.99,11.83,35.98
798,70449005,417.48,78.12,-891.60,21.52,-16.16,11.40,36.22
799,70454799,455.08,51.76,-903.32,25.79,-12.44,11.59,35.98
800,70458848,498.54,22.95,-926.27,33.23,-5.49,8.17,36.08
801,70462898,540.04,5.37,-930.66,39.76,0.43,4.82,36.08
802,70466955,571.78,-4.88,-928.71,48.48,6.46,0.55,36.22
803,70471005,587.40,-29.79,-913.09,57.01,12.68,-3.41,36.13
804,70476799,602.54,-69.34,-904.79,65.61,18.11,-7.50,36.27
805,70480848,623.54,-113.77,-871.58,75.79,24.63,-13.05,35.94
806,70484898,650.88,-109.37,-817.38,80.06,25.79,-17.32,35.94
807,70488955,693.36,-89.84,-801.27,81.77,24.51,-19.88,35.89
808,70493005,735.84,-86.43,-795.90,83.17,21.46,-18.60,36.08
809,70498799,729.00,-93.26,-781.74,84.57,15.98,-18.66,36.13
810,70502848,693.36,-78.12,-770.02,85.06,7.50,-19.70,36.13
811,70506898,684.08,-45.90,-746.09,84.57,-0.18,-18.84,36.42
812,70510955,675.78,-19.04,-749.02,82.26,-11.04,-13.96,35.79
813,70515005,670.41,-6.35,-802.25,79.76,-18.41,-8.11,36.32
814,70520799,656.25,-33.20,-881.35,77.13,-20.18,-3.35,36.22
815,70524848,612.79,-87.89,-1005.86,76.46,-24.15,1.65,36.13
816,70528898,603.03,-89.84,-1000.00,75.43,-26.28,3.41,36.13
817,70532955,597.17,-89.84,-988.77,70.91,-28.66,5.73,35.98
818,70537005,614.26,-96.19,-996.58,65.06,-30.49,8.78,35.89
819,70542799,608.89,-116.21,-1022.46,59.57,-28.96,13.41,36.42
820,70546848,590.33,-152.34,-1069.82,58.84,-26.59,17.56,36.13
821,70550898,560.06,-185.06,-1071.29,54.88,-23.41,19.51,36.08
822,70554955,510.25,-226.56,-1106.93,55.18,-20.00,20.30,36.22
823,70560799,515.62,-245.61,-1098.63,53.90,-20.12,18.54,35.79
824,70564848,532.23,-269.53,-1045.41,50.55,-19.09,17.56,36.42
825,70568898,533.20,-283.20,-995.12,48.78,-17.50,15.43,36.08
826,70572955,557.62,-297.85,-940.92,47.32,-17.26,13.60,36.13
827,70577005,586.91,-309.08,-914.06,47.56,-17.44,11.95,35.94
828,70581054,620.61,-306.15,-894.04,49.82,-17.87,10.55,36.22
829,70586799,642.58,-294.92,-883.30,52.93,-19.15,7.74,35.75
830,70590848,687.50,-294.92,-904.79,56.28,-20.43,2.32,35.94
831,70594898,707.52,-298.34,-926.76,60.43,-20.79,-1.77,36.13
832,70598955,725.10,-280.27,-944.34,67.62,-21.59,-6.77,36.22
833,70604799,742.68,-231.93,-944.34,75.24,-21.65,-10.12,36.13
834,70608848,742.68,-183.11,-942.38,83.96,-21.28,-12.80,36.22
835,70612898,738.77,-144.04,-952.15,89.15,-21.34,-14.02,35.79
836,70616955,738.28,-124.51,-967.29,92.56,-21.16,-14.39,35.98
837,70621005,708.50,-112.79,-984.86,94.82,-21.59,-12.56,36.32
838,70626799,662.60,-119.14,-1001.46,94.51,-23.23,-9.76,36.42
839,70630848,631.35,-133.79,-1015.62,91.10,-25.91,-6.46,36.22
840,70634898,609.86,-140.14,-1030.76,87.56,-27.74,-2.62,35.79
841,70638955,593.75,-147.95,-1039.06,81.16,-29.70,3.41,36.08
842,70643005,552.73,-176.76,-1043.46,73.66,-30.06,8.78,36.27
843,70648799,494.14,-210.45,-1057.13,65.79,-31.71,12.20,36.32
844,70652848,472.17,-240.72,-1053.71,56.28,-33.60,15.79,36.22
845,70656898,474.12,-265.14,-1051.76,50.18,-34.57,18.35,36.13
846,70660955,485.84,-282.23,-1053.22,44.09,-34.82,22.13,35.98
847,70665005,491.70,-290.04,-1043.46,39.21,-35.24,25.55,35.98
848,70670799,499.02,-311.52,-1037.60,35.85,-35.85,26.40,36.08
849,70674848,507.81,-364.75,-1068.85,35.30,-35.00,23.90,36.22
850,70678898,517.58,-388.67,-1086.91,38.90,-33.60,20.12,35.98
851,70682955,521.97,-384.77,-1071.78,45.98,-32.01,14.88,35.94
852,70687005,540.04,-368.16,-1046.88,53.60,-30.00,8.60,36.13
853,70692799,580.08,-364.26,-1038.57,61.46,-26.16,2.13,36.22
854,70696848,627.93,-365.72,-1050.78,73.78,-19.33,-4.15,36.27
855,70700898,636.23,-347.66,-1045.90,82.20,-15.18,-6.04,36.42
856,70704955,620.61,-322.27,-1027.83,91.71,-10.85,-8.60,35.98
857,70709005,604.49,-295.90,-1002.93,98.78,-8.72,-12.01,36.08
858,70714799,585.45,-282.71,-994.63,104.57,-7.07,-14.02,35.94
859,70718848,542.97,-274.90,-980.47,109.82,-6.77,-14.27,36.22
860,70722898,524.90,-264.16,-974.12,111.77,-7.26,-14.51,35.98
861,70726955,509.77,-259.28,-974.12,111.04,-8.78,-12.87,36.13
862,70731005,482.42,-249.02,-975.10,107.80,-11.89,-10.24,36.13
863,70736799,462.89,-239.26,-970.70,102.01,-15.91,-6.89,35.79
864,70740848,437.50,-226.07,-960.45,93.35,-21.40,-2.26,35.98
865,70744898,412.60,-229.49,-978.52,87.32,-24.82,1.16,35.94
866,70748955,402.83,-227.54,-1003.91,79.27,-28.66,5.06,36.13
867,70753005,394.53,-244.63,-1041.50,72.56,-31.40,8.72,36.13
868,70758799,384.28,-264.65,-1065.43,67.93,-32.50,10.91,36.22
869,70762848,392.09,-293.95,-1084.96,64.70,-32.62,11.65,36.13
870,70766898,415.53,-321.29,-1114.26,62.93,-31.04,11.40,36.22
871,70770955,447.75,-333.98,-1139.16,61.77,-27.38,11.16,36.13
872,70776799,464.36,-334.47,-1140.14,61.16,-23.41,11.95,36.42
873,70780848,475.59,-326.66,-1131.35,60.12,-18.96,12.56,36.13
874,70784898,481.93,-338.38,-1142.58,59.88,-14.57,11.83,35.98
875,70788955,489.26,-353.03,-1159.67,59.88,-10.67,10.85,36.27
876,70793005,493.65,-361.82,-1160.16,59.94,-6.16,9.57,36.13
877,70797054,493.16,-375.49,-1149.90,59.33,-3.29,8.60,36.42
878,70802799,485.35,-371.09,-1121.09,59.27,-2.07,7.13,36.22
879,70806848,483.89,-353.52,-1060.06,58.05,-2.62,4.88,35.94
880,70810898,485.84,-351.07,-1025.88,57.38,-3.54,4.27,36.13
881,70814955,481.93,-353.03,-1001.46,57.44,-4.57,4.76,36.22
882,70820799,490.23,-360.84,-986.33,59.02,-5.98,6.34,35.79
883,70824848,484.37,-361.33,-981.93,61.52,-6.40,8.60,35.98
884,70828898,461.43,-383.79,-978.52,63.54,-6.16,9.39,35.94
885,70832955,443.85,-397.46,-990.23,64.57,-6.04,9.39,36.08
886,70837005,429.20,-405.76,-1008.79,65.12,-5.61,9.70,35.94
887,70842799,406.25,-402.34,-1017.09,64.94,-5.79,11.04,35.98
888,70846848,373.54,-408.69,-1022.95,62.07,-5.55,12.20,35.94
889,70850898,354.00,-423.83,-1052.25,58.54,-3.48,11.40,35.89
890,70854955,354.98,-416.02,-1089.84,55.18,-1.16,11.16,35.94
891,70859005,352.54,-393.07,-1109.86,50.73,3.11,13.54,36.13
892,70864799,347.66,-381.35,-1104.98,44.21,6.28,15.00,36.27
893,70868848,362.79,-356.93,-1088.38,34.76,8.72,14.94,36.22
894,70872898,395.02,-346.68,-1066.41,28.72,9.39,15.37,35.94
895,70876955,414.06,-339.84,-1045.41,22.56,9.51,16.52,36.27
896,70881005,432.62,-343.26,-1030.27,18.35,9.70,18.78,36.13
897,70886799,454.59,-348.14,-1002.44,16.83,9.15,20.37,36.13
898,70890848,480.96,-353.03,-976.07,17.01,8.78,19.82,35.98
899,70894898,511.72,-346.68,-958.98,18.17,8.35,19.09,36.22
900,70898955,532.23,-336.43,-953.12,21.10,7.74,19.33,35.94
901,70903005,536.62,-328.12,-939.45,25.98,7.80,20.79,36.32
902,70908799,529.79,-344.24,-914.06,32.99,8.54,20.91,36.13
903,70912848,505.86,-368.16,-896.00,41.77,10.00,17.32,35.98
904,70916898,509.28,-394.04,-899.90,47.13,11.10,13.90,36.27
905,70920955,517.58,-407.23,-910.16,53.84,12.93,10.12,36.22
906,70925005,519.53,-419.43,-907.71,60.30,15.06,7.68,36.22
907,70930799,501.46,-432.62,-899.41,65.91,18.48,5.30,36.27
908,70934848,478.52,-458.50,-898.93,71.28,20.61,1.52,35.98
909,70938898,482.42,-468.26,-893.07,73.35,22.01,-0.85,36.32
910,70942955,482.91,-481.93,-893.55,75.00,22.68,-3.23,35.94
911,70947005,495.12,-499.02,-890.62,75.37,23.11,-3.66,35.98
912,70952799,501.46,-509.77,-890.14,76.04,23.54,-4.21,36.08
913,70956848,493.65,-528.81,-849.61,74.63,22.13,-5.43,36.13
914,70960898,499.51,-540.53,-842.29,71.46,20.00,-6.52,36.42
915,70964955,512.21,-544.92,-831.05,67.50,16.95,-7.13,35.79
916,70969005,517.58,-538.09,-829.59,62.74,12.50,-6.04,36.27
917,70974799,508.30,-527.83,-818.85,57.62,7.93,-4.82,36.22
918,70978848,492.68,-498.54,-828.12,50.30,1.77,-4.21,35.89
919,70982898,505.86,-468.75,-861.33,45.91,-1.65,-3.17,36.13
920,70986955,499.02,-447.75,-883.79,42.44,-4.45,1.16,36.13
921,70991005,459.47,-428.71,-891.11,38.96,-7.07,4.94,36.22
922,70996799,436.04,-408.69,-884.28,33.72,-10.18,5.37,36.22
923,71000848,447.75,-397.46,-888.18,27.26,-12.93,5.67,35.89
924,71004898,466.80,-385.74,-897.46,24.57,-13.96,8.23,36.22
925,71008955,468.26,-372.07,-901.37,22.13,-14.45,13.17,35.94
926,71014799,440.92,-374.02,-905.76,19.70,-14.09,16.40,35.98
927,71018848,428.22,-375.49,-924.32,17.01,-12.87,16.28,35.94
928,71022898,444.82,-375.00,-924.80,15.67,-12.07,16.46,35.98
929,71026955,447.75,-373.54,-917.48,15.00,-11.10,17.87,36.42
930,71031005,434.08,-381.35,-918.46,14.45,-9.15,19.94,35.98
931,71036799,419.92,-411.62,-931.15,14.45,-6.77,20.30,36.22
932,71040848,420.90,-438.48,-944.82,15.12,-3.41,20.18,36.13
933,71044898,423.83,-466.31,-945.80,16.83,-0.67,20.67,35.94
934,71048955,415.04,-477.54,-918.95,17.50,0.98,19.57,36.08
935,71053005,413.09,-494.14,-883.30,17.26,1.34,16.34,35.98
936,71058799,441.89,-507.32,-880.37,17.99,0.98,11.65,35.79
937,71062848,455.08,-531.25,-864.26,22.20,1.46,8.11,36.13
938,71066898,451.17,-521.97,-864.75,25.98,1.46,5.30,35.75
939,71070955,467.77,-511.23,-870.12,28.66,1.83,2.93,36.13
940,71075005,459.47,-524.41,-876.95,32.07,2.26,1.52,35.94
941,71080799,457.03,-540.53,-877.93,35.91,2.68,-0.61,35.94
942,71084848,472.66,-534.67,-888.18,39.51,4.51,-2.32,36.42
943,71088898,455.57,-533.69,-898.44,41.46,6.65,-1.83,36.08
944,71092955,431.15,-524.41,-900.88,41.83,6.71,-1.71,36.13
945,71097005,432.13,-500.98,-899.90,40.18,6.22,-2.26,36.22
946,71102799,434.57,-478.03,-894.53,37.13,7.01,-0.73,36.22
947,71106848,419.43,-474.12,-895.02,31.71,7.26,2.20,36.42
948,71110898,409.18,-470.21,-894.53,27.99,8.05,2.74,35.98
949,71114955,414.06,-469.24,-890.14,22.20,7.87,4.21,35.98
950,71119005,411.13,-458.98,-903.32,20.91,7.26,5.18,36.27
951,71124799,420.90,-443.85,-885.74,17.80,7.99,8.29,36.08
952,71128848,411.13,-429.20,-876.95,14.51,8.29,11.52,36.22
953,71132898,407.23,-430.18,-856.93,12.20,8.11,12.62,35.94
954,71136955,419.92,-423.34,-842.29,9.09,7.87,13.05,35.98
955,71141005,435.06,-420.90,-832.03,7.62,7.26,14.88,36.42
956,71146799,437.01,-417.97,-818.85,7.50,6.52,17.56,36.13
957,71150848,423.83,-430.18,-800.29,6.83,5.06,18.05,35.79
958,71154898,435.06,-451.66,-798.83,6.65,4.09,17.93,36.08
959,71158955,449.22,-468.26,-796.39,7.26,3.35,17.50,35.98
960,71163005,460.94,-499.02,-789.55,8.29,2.62,17.38,36.22
961,71168799,460.45,-518.07,-786.13,9.45,1.22,15.18,36.22
962,71172848,473.63,-548.34,-776.37,11.77,0.49,10.67,36.08
963,71176898,476.56,-552.73,-760.74,13.48,-0.61,8.11,36.27
964,71180955,479.98,-546.88,-760.74,15.61,-1.95,5.61,36.08
965,71185005,475.10,-547.36,-760.74,18.29,-3.05,3.48,36.08
966,71190799,472.66,-560.06,-760.74,20.00,-3.96,0.37,36.22
967,71194848,463.87,-557.62,-777.83,23.60,-5.37,-3.17,35.94
968,71198898,470.21,-539.55,-792.48,26.22,-5.79,-4.09,36.32
969,71202955,464.36,-520.02,-803.22,29.45,-5.98,-3.17,36.42
970,71207005,434.08,-507.32,-798.83,31.59,-6.34,-2.26,36.13
971,71212799,429.69,-502.44,-792.48,32.01,-7.13,-2.32,36.13
972,71216848,446.78,-489.26,-797.85,30.73,-7.20,-0.37,35.94
973,71220898,432.62,-489.75,-812.01,29.63,-7.20,3.84,36.27
974,71224955,409.18,-489.75,-801.76,27.87,-7.50,7.56,36.22
975,71230799,404.30,-489.26,-800.78,24.51,-8.35,8.29,36.32
976,71234848,421.87,-504.88,-811.04,21.52,-8.60,8.29,35.98
977,71238898,432.13,-505.37,-806.64,20.12,-8.48,9.76,35.98
978,71242955,433.11,-495.12,-795.90,18.66,-8.78,10.73,36.08
979,71247005,439.94,-480.96,-785.16,16.77,-9.02,11.89,35.98
980,71252799,441.89,-479.49,-779.79,15.30,-9.45,13.05,36.13
981,71256848,439.94,-487.30,-783.20,15.12,-9.63,13.60,36.13
982,71260898,447.27,-501.46,-781.25,15.67,-9.45,13.35,35.79
983,71264955,440.92,-513.67,-788.09,15.79,-8.90,12.62,35.98
984,71269005,451.17,-515.62,-785.16,16.34,-8.72,12.07,36.32
985,71274799,451.66,-526.37,-784.67,16.59,-8.41,10.85,36.42
986,71278848,459.96,-530.27,-779.30,17.20,-7.62,9.70,36.22
987,71282898,457.03,-533.69,-769.53,17.68,-7.13,9.15,36.13
988,71286955,451.66,-543.95,-769.53,18.17,-6.46,9.02,36.13
989,71291005,455.08,-559.08,-781.74,18.90,-6.28,8.05,36.08
990,71296799,459.47,-567.38,-782.71,20.12,-5.24,6.77,36.27
991,71300848,457.03,-571.78,-771.00,21.46,-4.45,5.37,36.27
992,71304898,461.43,-578.12,-768.55,22.38,-4.15,3.96,36.13
993,71308955,461.43,-582.52,-766.11,22.93,-3.84,2.50,36.42
994,71313005,459.96,-585.94,-762.21,23.66,-3.60,0.61,36.13
995,71318799,467.29,-582.03,-755.86,24.21,-4.02,-0.73,36.08
996,71322848,467.29,-574.71,-753.91,24.02,-3.90,-1.16,36.22
997,71326898,465.82,-571.78,-749.51,23.60,-3.84,-0.49,35.89
998,71330955,458.01,-571.29,-747.07,23.35,-3.66,0.55,36.13
999,71335005,442.38,-568.85,-744.14,22.20,-3.72,0.30,36.27
1000,71340799,458.98,-564.94,-736.82,20.49,-5.00,-0.30,36.13
1001,71344848,468.26,-560.06,-733.89,18.78,-5.85,1.04,36.08
1002,71348898,457.03,-556.64,-734.86,18.11,-6.28,2.44,36.13
1003,71352955,441.89,-548.83,-733.89,17.26,-6.89,3.66,36.08
1004,71357005,429.69,-545.90,-735.84,14.76,-7.74,4.57,36.27
1005,71362799,436.04,-538.09,-731.93,11.59,-8.78,5.49,36.32
1006,71366848,435.55,-536.13,-731.45,8.05,-9.82,7.93,36.27
1007,71370898,432.62,-540.53,-733.40,6.40,-10.24,9.15,36.42
1008,71374955,431.64,-542.48,-735.84,5.12,-10.43,9.70,35.94
1009,71379005,420.41,-550.29,-735.84,4.45,-10.49,9.70,35.94
1010,71384799,417.48,-558.59,-738.28,3.66,-10.61,8.96,36.61
1011,71388848,420.90,-562.99,-746.09,3.23,-9.82,7.74,36.42
1012,71392898,428.71,-570.31,-743.65,3.60,-9.82,7.26,36.27
1013,71396955,426.27,-568.85,-740.23,4.02,-9.57,6.46,35.79
1014,71401005,431.15,-562.01,-739.75,4.02,-9.09,5.85,36.13
1015,71406799,432.13,-559.08,-744.63,4.63,-8.11,6.28,36.46
1016,71410848,420.41,-562.01,-746.09,5.18,-7.56,5.43,36.13
1017,71414898,417.97,-555.66,-749.51,5.73,-7.01,4.63,36.32
1018,71418955,420.90,-556.64,-749.02,6.34,-6.46,4.33,36.27
1019,71423005,419.43,-555.18,-757.81,6.71,-5.98,4.51,35.94
1020,71428799,419.92,-555.66,-758.30,6.95,-4.76,4.82,35.94
1021,71432848,412.60,-553.71,-754.88,7.44,-4.33,5.55,35.94
1022,71436898,413.09,-569.82,-762.70,7.07,-4.15,5.30,36.32
1023,71440955,418.95,-583.01,-764.65,6.71,-3.35,5.06,36.13
1024,71446799,426.76,-595.70,-773.93,7.38,-3.11,5.06,36.13
1025,71450848,428.71,-598.63,-760.74,7.80,-2.56,4.70,36.08
1026,71454898,427.25,-604.00,-763.18,7.50,-2.20,3.54,36.08
1027,71458955,425.29,-599.12,-762.21,7.56,-2.38,3.23,36.13
1028,71463005,426.27,-598.63,-762.70,7.62,-2.50,3.66,36.13
1029,71468799,415.04,-601.56,-776.37,7.20,-2.68,3.66,36.08
1030,71472848,409.67,-603.52,-781.74,6.34,-2.50,3.35,36.22
1031,71476898,411.62,-606.45,-790.04,5.37,-1.89,2.74,36.22
1032,71480955,407.71,-607.42,-786.13,5.61,-1.34,2.32,36.22
1033,71485005,404.79,-607.91,-782.71,6.16,-0.85,2.50,35.98
1034,71490799,403.32,-602.05,-770.02,5.85,-0.06,2.07,36.08
1035,71494848,407.71,-592.77,-768.07,4.70,0.24,2.07,36.32
1036,71498898,416.50,-587.40,-759.28,3.48,0.18,3.17,35.79
1037,71502955,406.25,-587.89,-759.28,2.44,0.06,4.21,36.08
1038,71507005,396.00,-591.31,-765.62,1.16,0.12,4.39,36.27
1039,71512799,389.65,-589.84,-770.02,0.37,0.98,4.51,36.22
1040,71516848,388.67,-585.45,-760.25,-1.10,1.28,4.88,36.13
1041,71520898,394.04,-584.47,-750.49,-2.44,1.52,4.88,35.98
1042,71524955,401.37,-583.01,-741.21,-3.72,1.83,5.37,36.46
1043,71529005,397.46,-580.08,-735.35,-4.57,1.71,5.91,36.22
1044,71534799,398.44,-586.91,-734.86,-5.24,1.65,5.91,36.22
1045,71538848,401.37,-587.89,-731.45,-5.12,1.46,5.18,36.27
1046,71542898,403.32,-584.96,-729.49,-5.00,1.52,5.18,36.22
1047,71546955,398.93,-587.40,-721.68,-4.70,1.28,5.24,36.08
1048,71551005,394.53,-581.54,-719.24,-4.76,0.85,4.57,36.22
1049,71556799,398.44,-583.98,-718.26,-4.45,0.79,4.45,36.22
1050,71560848,399.41,-577.64,-721.19,-3.84,0.61,4.51,36.13
1051,71564898,392.58,-577.64,-719.24,-3.66,0.61,4.63,36.13
1052,71568955,394.53,-575.20,-721.68,-3.72,0.55,4.82,36.08
1053,71573005,380.86,-577.64,-730.47,-3.60,0.79,4.57,36.22
1054,71578799,386.72,-576.17,-740.23,-2.68,2.20,5.24,36.27
1055,71582848,375.49,-585.45,-739.26,-1.59,3.11,5.43,36.22
1056,71586898,386.72,-587.40,-736.33,-1.59,3.66,4.63,36.22
1057,71590955,393.55,-597.17,-734.86,-1.28,4.33,3.23,35.98
1058,71595005,396.48,-592.77,-732.42,-0.06,4.88,2.62,36.22
1059,71600799,399.90,-580.08,-726.07,0.55,5.49,3.48,36.13
1060,71604848,390.14,-565.92,-715.33,-0.24,5.12,4.21,36.42
1061,71608898,391.60,-568.85,-710.94,-1.40,4.63,4.51,36.27
1062,71612955,397.46,-580.08,-714.36,-2.44,4.27,4.51,35.98
1063,71617005,390.14,-601.07,-724.12,-2.99,4.09,4.76,36.32
1064,71622799,389.16,-603.03,-721.68,-2.20,4.57,3.72,36.08
1065,71626848,393.55,-598.14,-728.52,-1.22,4.88,3.60,35.94
1066,71630898,386.23,-595.70,-724.61,-1.04,5.30,3.72,36.27
1067,71634955,384.77,-592.29,-723.14,-1.65,5.55,3.72,36.27
1068,71639005,387.70,-604.98,-724.61,-2.38,5.61,3.66,36.27
1069,71644799,387.21,-609.38,-724.12,-2.44,5.91,3.23,36.42
1070,71648848,389.65,-629.88,-725.10,-2.99,5.98,3.17,36.13
1071,71652898,394.53,-623.54,-723.63,-3.72,5.91,2.56,35.94
1072,71656955,395.02,-633.79,-719.73,-4.57,5.00,2.07,36.13
1073,71662799,402.34,-631.84,-720.21,-5.30,4.76,2.07,36.22
1074,71666848,393.07,-641.60,-730.96,-5.85,4.45,1.28,36.32
1075,71670898,396.97,-629.39,-722.66,-5.79,4.27,1.16,35.79
1076,71674955,392.58,-616.70,-712.89,-6.77,3.72,1.34,36.27
1077,71679005,395.51,-607.91,-707.03,-7.93,2.80,1.65,36.51
1078,71684799,392.09,-612.79,-713.87,-8.23,2.20,1.95,35.94
1079,71688848,391.60,-614.26,-710.45,-7.93,1.59,1.34,36.22
1080,71692898,396.97,-601.56,-709.47,-7.01,1.52,0.61,35.79
1081,71696955,403.81,-598.63,-704.59,-6.52,0.91,0.73,36.32
1082,71701005,398.44,-586.91,-698.73,-6.22,0.49,1.28,36.22
1083,71706799,396.00,-580.08,-693.36,-5.73,-0.67,1.22,35.98
1084,71710848,401.86,-574.71,-701.66,-4.57,-0.98,0.85,36.22
1085,71714898,402.34,-571.29,-707.03,-3.48,-1.04,1.77,35.94
1086,71718955,396.48,-564.45,-706.54,-2.74,-1.22,2.50,36.27
1087,71723005,389.65,-563.96,-707.52,-2.26,-1.22,2.56,36.22
1088,71728799,396.97,-569.82,-715.33,-2.20,-1.22,2.26,35.79
1089,71732848,393.55,-582.52,-720.70,-0.91,-0.85,1.77,36.22
1090,71736898,389.16,-579.59,-721.68,-0.06,-0.61,1.77,36.27
1091,71740955,387.70,-582.52,-718.75,0.24,-0.55,2.38,36.13
1092,71745005,386.72,-572.75,-710.45,-0.12,-0.73,2.56,36.27
1093,71750799,392.09,-583.98,-715.33,-0.49,-0.91,2.32,36.13
1094,71754848,393.55,-605.47,-721.19,-0.18,-0.85,1.52,36.22
1095,71758898,395.51,-612.79,-720.70,0.06,-1.10,0.73,36.27
1096,71762955,394.04,-605.96,-720.21,0.06,-1.10,0.06,36.08
1097,71767005,385.74,-615.72,-716.80,0.06,-1.28,-0.67,35.94
1098,71772799,390.14,-613.77,-726.56,-0.43,-1.71,-1.59,36.32
1099,71776848,391.11,-603.52,-724.61,-0.73,-2.01,-1.59,36.27
1100,71780898,396.48,-591.80,-722.66,-0.85,-2.13,-0.98,35.98
1101,71784955,393.07,-580.08,-735.84,-1.16,-1.52,0.98,35.98
1102,71789005,374.51,-586.43,-733.89,-1.65,-1.16,2.50,36.22
1103,71794799,365.23,-590.33,-736.33,-2.80,-0.55,1.95,36.22
1104,71798848,383.79,-605.47,-738.77,-4.39,-0.06,1.65,36.08
1105,71802898,388.67,-605.47,-729.00,-4.09,0.43,2.07,36.27
1106,71806955,389.65,-610.84,-721.68,-4.15,0.91,2.68,35.79
1107,71811005,391.60,-609.86,-715.82,-3.84,1.16,1.89,36.13
1108,71816799,396.48,-603.52,-713.87,-3.60,1.04,0.91,36.32
1109,71820848,394.53,-592.77,-708.01,-2.80,1.04,0.24,36.13
1110,71824898,398.93,-585.45,-714.84,-2.62,1.28,0.55,36.13
1111,71828955,392.09,-578.12,-708.98,-2.44,1.34,1.52,35.89
1112,71833005,390.62,-572.27,-711.43,-2.44,0.98,1.52,35.94
1113,71838799,392.58,-574.22,-709.47,-2.74,0.91,0.73,36.22
1114,71842848,402.34,-575.68,-716.80,-1.46,1.40,1.77,36.22
1115,71846898,395.02,-576.66,-710.94,-0.61,1.46,2.56,36.22
1116,71850955,388.18,-568.36,-706.54,-0.85,1.40,2.26,36.32
1117,71855005,397.95,-566.89,-700.68,-1.83,0.91,1.59,36.27
1118,71860799,404.79,-566.89,-701.17,-1.59,0.79,1.83,35.94
1119,71864848,396.00,-580.08,-708.50,-1.52,1.10,2.26,35.89
1120,71868898,399.41,-579.10,-702.15,-1.52,1.10,1.95,36.22
1121,71872955,397.95,-587.40,-711.43,-0.85,1.10,1.16,36.22
1122,71878799,403.32,-591.31,-711.91,-0.43,1.16,0.67,36.32
1123,71882848,401.86,-589.36,-710.94,0.12,0.91,0.30,35.98
1124,71886898,399.90,-589.84,-708.50,0.73,0.55,-0.12,35.79
1125,71890955,398.93,-592.77,-707.03,0.91,0.49,-0.49,36.22
1126,71895005,400.39,-592.29,-703.12,0.85,0.30,-0.98,36.32
1127,71900799,402.83,-594.24,-708.98,0.55,-0.30,-1.22,35.94
1128,71904848,404.79,-594.73,-717.77,0.30,-0.61,-0.37,36.27
1129,71908898,395.51,-594.73,-713.87,0.73,-0.61,-0.67,35.98
1130,71912955,390.14,-589.84,-708.01,0.30,-0.67,-1.10,36.42
1131,71917005,392.58,-587.40,-708.50,-0.79,-1.10,-1.28,35.98
1132,71922799,396.48,-593.75,-709.96,-1.28,-0.91,-1.04,36.46
1133,71926848,401.86,-593.26,-715.82,-1.34,-0.91,-0.98,36.22
1134,71930898,402.83,-579.10,-716.31,-1.16,-0.30,-0.06,35.79
1135,71934955,397.46,-582.03,-714.84,-1.10,0.30,0.67,36.13
1136,71939005,390.14,-575.68,-711.43,-1.46,0.30,1.04,35.94
1137,71944799,397.46,-580.08,-709.96,-1.59,0.24,0.85,36.22
1138,71948848,392.09,-581.54,-704.59,-1.04,0.61,0.67,36.27
1139,71952898,404.30,-576.66,-701.17,-1.10,0.79,0.37,36.08
1140,71956955,402.83,-581.54,-695.80,-0.79,0.55,0.67,36.13
1141,71961005,403.32,-577.64,-690.92,-1.04,-0.06,0.61,36.22
1142,71966799,406.74,-576.66,-694.34,-1.40,-0.43,0.91,36.22
1143,71970848,401.86,-569.82,-704.10,-1.22,-0.67,1.22,36.32
1144,71974898,393.55,-577.64,-710.45,-1.10,-0.55,1.28,36.22
1145,71978955,389.16,-571.78,-715.33,-0.37,-0.24,0.49,36.27
1146,71983005,396.00,-563.96,-704.10,-0.12,0.06,0.30,36.22
1147,71988799,393.55,-558.11,-698.73,-0.37,-0.18,0.85,36.22
1148,71992848,392.58,-556.64,-696.78,-1.34,-0.79,1.59,36.13
1149,71996898,391.11,-559.57,-703.61,-1.59,-0.55,1.77,36.22
1150,72000955,396.00,-562.50,-716.31,-1.10,-0.30,2.56,35.79
1151,72005005,377.44,-576.66,-716.31,-0.30,0.12,3.23,36.22
1152,72010799,377.93,-583.01,-722.17,-1.04,0.85,2.38,36.22
1153,72014848,382.32,-591.31,-737.79,-1.34,1.95,1.10,36.27
1154,72018898,388.18,-597.17,-734.37,-1.34,2.32,1.16,36.27
1155,72022955,382.81,-595.70,-728.03,-1.46,3.11,1.28,35.98
1156,72027005,383.79,-601.07,-728.52,-2.38,4.02,0.91,36.22
1157,72032799,386.23,-602.54,-727.54,-3.05,4.02,0.67,36.22
1158,72036848,400.39,-608.40,-732.42,-3.78,4.33,1.65,35.89
1159,72040898,396.48,-612.79,-735.84,-3.60,4.76,2.01,36.32
1160,72044955,393.07,-608.89,-732.42,-2.99,4.94,2.01,35.89
1161,72049005,392.09,-618.16,-730.96,-3.41,5.18,0.61,35.98
1162,72054799,394.04,-614.75,-721.68,-3.48,4.76,0.12,35.98
1163,72058848,403.81,-603.52,-727.05,-3.29,4.88,0.00,36.13
1164,72062898,393.55,-601.56,-723.14,-3.05,5.00,0.37,35.98
1165,72066955,396.48,-601.56,-720.21,-2.93,4.88,-0.06,36.22
1166,72071005,400.39,-602.05,-719.73,-2.62,4.63,-1.16,36.22
1167,72076799,406.25,-597.17,-711.91,-2.26,4.39,-1.52,36.13
1168,72080848,408.69,-579.10,-707.03,-1.40,4.45,-1.16,35.75
1169,72084898,396.48,-582.03,-706.54,-1.34,3.96,-0.98,35.94
1170,72088955,400.88,-580.08,-703.12,-1.40,3.23,-1.34,36.32
1171,72094799,416.50,-571.78,-700.68,-0.73,2.50,-1.34,36.27
1172,72098848,407.23,-569.82,-698.73,-0.12,2.01,0.18,36.27
1173,72102898,404.30,-568.36,-698.24,-0.55,1.52,0.67,35.98
1174,72106955,404.30,-570.80,-704.10,-0.55,1.16,0.91,36.13
1175,72111005,397.46,-565.92,-701.17,-0.24,0.73,1.04,36.13
1176,72116799,400.88,-570.80,-706.05,-0.18,0.30,1.04,36.22
1177,72120848,402.34,-577.64,-702.64,-0.24,-0.06,0.73,36.22
1178,72124898,406.25,-572.75,-700.20,-0.30,-0.43,0.49,36.08
1179,72128955,408.69,-572.27,-700.68,-0.30,-0.55,0.61,36.13
1180,72133005,406.25,-578.12,-699.22,-0.61,-1.16,0.49,36.13
1181,72138799,402.83,-583.50,-705.57,-0.37,-1.46,0.24,36.08
1182,72142848,407.23,-579.59,-710.45,0.12,-1.22,0.61,36.42
1183,72146898,391.60,-582.03,-716.31,1.04,-0.73,1.04,36.22
1184,72150955,389.16,-585.94,-708.01,0.91,-0.43,0.18,36.46
1185,72155005,395.51,-584.96,-708.50,0.67,-0.49,-1.10,36.27
1186,72160799,402.83,-585.94,-709.47,0.73,-0.85,-0.85,36.42
1187,72164848,404.30,-584.96,-704.10,0.61,-0.61,-0.55,36.46
1188,72168898,396.00,-583.50,-698.24,0.12,-0.91,-0.61,36.13
1189,72172955,404.79,-584.47,-704.59,-0.06,-1.40,-1.16,36.13
1190,72177005,410.16,-587.40,-716.31,-0.18,-1.52,-0.79,36.22
1191,72182799,398.93,-585.94,-716.31,0.24,-1.46,0.12,36.13
1192,72186848,389.65,-587.40,-718.26,-0.12,-1.28,0.06,36.22
1193,72190898,400.39,-580.57,-719.24,0.00,-1.04,-0.37,36.13
1194,72194955,400.39,-574.22,-715.82,-0.12,-0.61,-0.12,35.94
1195,72199005,398.93,-569.82,-706.05,-0.43,-0.79,1.16,36.13
1196,72204799,397.95,-566.89,-701.66,-1.10,-1.04,1.95,36.22
1197,72208848,397.46,-575.20,-708.50,-1.28,-0.85,2.32,36.13
1198,72212898,397.95,-588.38,-718.75,-1.22,-0.67,2.32,36.32
1199,72216955,400.39,-585.45,-710.94,-0.67,-0.55,1.89,36.32
1200,72221005,404.79,-585.94,-710.45,-0.30,-0.85,1.65,36.13
1201,72226799,405.27,-594.24,-709.47,-0.43,-0.61,1.22,36.08
1202,72230848,402.34,-589.84,-705.57,0.37,-0.55,0.79,36.22
1203,72234898,406.74,-583.01,-701.17,0.30,-0.98,0.79,36.27
1204,72238955,401.86,-580.57,-704.10,0.12,-1.22,1.04,35.79
1205,72243005,398.93,-581.54,-708.50,-0.24,-1.59,1.34,36.46
1206,72248799,396.97,-586.43,-707.52,-0.55,-1.22,1.40,36.32
1207,72252848,396.97,-587.89,-715.82,-0.12,-1.10,1.10,36.42
1208,72256898,397.95,-584.96,-715.82,-0.24,-1.16,0.91,36.22
1209,72260955,398.93,-591.31,-715.82,-0.49,-1.04,0.61,35.75
1210,72265005,392.09,-592.77,-709.96,-0.37,-0.85,-0.18,36.32
1211,72270799,400.39,-586.91,-711.43,-0.67,-1.22,-0.98,36.08
1212,72274848,405.27,-588.38,-705.08,-1.28,-1.28,-1.04,35.98
1213,72278898,399.90,-588.38,-704.59,-1.34,-1.52,-1.65,36.32
1214,72282955,398.93,-588.38,-708.98,-1.10,-1.40,-1.77,36.22
1215,72287005,405.76,-591.80,-712.40,-0.79,-1.34,-1.71,35.98
1216,72292799,398.44,-586.91,-714.84,-0.06,-1.28,-1.22,35.79
1217,72296848,403.81,-572.75,-709.47,-0.61,-1.59,-0.55,36.13
1218,72300898,401.37,-567.87,-712.89,-0.55,-1.28,0.18,36.46
1219,72304955,402.34,-570.31,-713.38,-0.61,-1.10,1.04,36.42
1220,72310799,396.00,-569.82,-718.75,-0.85,-1.10,1.83,36.42
1221,72314848,392.09,-578.12,-711.43,-0.85,-1.10,1.89,36.46
1222,72318898,396.48,-568.36,-713.87,-0.91,-0.79,2.80,35.98
1223,72322955,393.07,-584.47,-714.84,-0.91,-0.18,3.11,35.98
1224,72327005,397.95,-583.50,-714.84,-0.67,0.24,2.20,36.22
1225,72332799,402.83,-583.01,-711.91,0.12,0.24,1.95,36.42
1226,72336848,405.76,-585.94,-702.15,0.06,0.24,1.40,36.32
1227,72340898,405.27,-591.80,-705.57,-0.24,0.12,1.59,35.98
1228,72344955,398.93,-593.26,-703.12,0.00,-0.12,1.16,36.13
1229,72349005,403.32,-589.36,-704.10,-0.12,-0.67,0.91,36.13
1230,72354799,405.76,-588.38,-710.94,-0.06,-0.73,0.43,36.27
1231,72358848,399.90,-583.50,-699.22,-0.73,-1.52,0.85,36.42
1232,72362898,403.81,-585.45,-701.17,-1.28,-1.65,0.67,36.22
1233,72366955,398.93,-590.82,-707.03,-1.34,-1.89,0.43,36.32
1234,72371005,401.37,-593.26,-703.61,-0.85,-1.71,-0.12,36.13
1235,72376799,400.88,-594.73,-702.64,-0.43,-1.83,0.06,36.51
1236,72380848,404.79,-587.89,-705.57,-0.30,-1.77,0.00,36.32
1237,72384898,400.88,-587.89,-711.91,-0.43,-1.59,0.85,36.22
1238,72388955,392.58,-603.52,-715.82,-0.49,-1.40,1.46,36.22
1239,72393005,394.53,-605.96,-712.89,-0.30,-1.04,0.67,36.22
1240,72398799,401.37,-606.45,-716.31,-0.55,-0.85,-0.43,36.13
1241,72402848,406.25,-604.49,-707.52,-0.12,-0.37,0.18,36.13
1242,72406898,398.44,-598.63,-707.52,0.00,-0.43,0.49,36.61
1243,72410955,396.97,-594.73,-705.57,-0.18,-0.55,0.73,36.32
1244,72415005,397.95,-599.61,-704.10,-0.67,-0.61,0.30,35.75
1245,72420799,402.83,-608.89,-711.91,-0.79,-0.79,0.06,36.32
1246,72424848,404.30,-604.98,-708.98,-0.85,-0.85,0.18,36.22
1247,72428898,401.37,-609.38,-706.05,-1.04,-1.10,0.18,36.22
1248,72432955,403.32,-618.16,-717.29,-1.04,-0.85,-0.06,35.75
1249,72437005,402.83,-611.82,-719.24,-0.67,-0.67,0.18,36.22
1250,72442799,403.32,-610.35,-716.31,-1.04,-0.18,0.00,36.27
1251,72446848,402.34,-604.00,-716.80,-1.28,-0.12,0.12,36.27
1252,72450898,397.46,-597.66,-708.01,-1.77,-0.18,-0.12,36.27
1253,72454955,399.41,-595.21,-710.45,-2.26,-0.12,-0.30,35.94
1254,72459005,391.60,-594.73,-706.05,-2.74,-0.06,-0.61,36.22
1255,72464799,397.95,-585.94,-704.59,-2.80,-0.55,-0.61,36.22
1256,72468848,403.81,-584.47,-695.31,-3.17,-0.85,-0.24,36.27
1257,72472898,399.90,-582.52,-698.73,-3.17,-1.16,0.00,36.27
1258,72476955,406.74,-584.96,-704.10,-3.23,-1.04,0.49,35.98
1259,72481005,401.37,-595.21,-709.96,-2.50,-1.04,0.98,36.46
1260,72486799,398.93,-594.24,-715.82,-2.32,-0.37,0.79,36.27
1261,72490848,392.58,-601.56,-722.66,-1.16,0.91,-0.30,36.08
1262,72494898,392.09,-590.33,-710.94,-0.85,1.22,-0.49,35.94
1263,72498955,396.48,-580.57,-703.61,-0.85,1.52,-0.30,35.98
1264,72503005,398.44,-575.20,-700.68,-1.89,1.16,-0.43,36.46
1265,72508799,402.34,-579.10,-700.68,-2.13,0.85,0.06,36.13
1266,72512848,400.88,-577.64,-698.73,-2.38,0.67,0.00,36.22
1267,72516898,402.34,-578.61,-697.75,-2.26,0.67,-0.24,36.22
1268,72520955,403.81,-569.82,-696.78,-2.13,0.06,-0.24,36.46
1269,72526799,408.20,-574.22,-697.75,-2.01,-0.43,-0.55,36.22
1270,72530848,411.62,-577.15,-711.43,-1.52,0.24,0.37,35.89
1271,72534898,404.79,-571.78,-713.87,-0.55,0.67,0.98,36.27
1272,72538955,397.46,-575.20,-713.87,-0.18,1.16,1.10,36.22
1273,72543005,397.46,-578.12,-707.52,0.49,2.01,0.43,36.32
1274,72548799,397.46,-578.61,-710.94,1.16,2.68,-0.67,36.32
1275,72552848,408.20,-573.73,-702.15,1.46,2.68,-1.22,36.13
1276,72556898,411.13,-571.29,-695.80,1.83,2.62,-1.16,35.94
1277,72560955,405.76,-569.34,-697.75,1.83,2.68,-1.04,36.27
1278,72565005,403.81,-562.50,-702.15,1.83,2.38,-1.22,36.27
1279,72570799,409.67,-569.34,-701.66,1.77,2.38,-1.28,36.32
1280,72574848,410.64,-579.10,-702.64,1.71,1.89,-1.16,36.27
1281,72578898,408.69,-582.52,-701.17,1.71,1.34,-0.73,35.94
1282,72582955,409.67,-580.08,-694.82,1.34,1.04,-1.28,35.98
1283,72587005,412.11,-574.71,-698.24,0.00,0.24,-0.49,36.22
1284,72592799,411.62,-573.24,-700.20,-0.43,-0.49,0.30,36.32
1285,72596848,403.32,-573.73,-699.71,-1.34,-0.67,1.52,36.46
1286,72600898,401.37,-575.68,-708.01,-1.89,-0.98,1.89,36.42
1287,72604955,404.79,-586.91,-712.89,-2.26,-0.91,1.10,36.22
1288,72609005,410.64,-583.50,-716.31,-1.83,-0.85,0.73,36.42
1289,72614799,420.90,-594.73,-718.26,-0.73,-0.24,1.10,36.22
1290,72618848,406.74,-600.59,-713.38,0.49,0.67,0.06,36.42
1291,72622898,408.20,-591.31,-703.12,0.85,0.43,-0.24,36.13
1292,72626955,411.62,-588.87,-699.71,0.67,0.37,-0.79,36.22
1293,72631005,413.09,-589.36,-702.64,0.91,0.24,-0.61,36.42
1294,72636799,409.67,-581.54,-704.10,1.22,0.37,-0.55,36.42
1295,72640848,411.62,-575.20,-704.10,1.28,0.06,-0.67,35.98
1296,72644898,410.16,-578.12,-705.08,0.98,-0.37,-0.49,36.22
1297,72648955,415.53,-579.10,-706.54,0.61,-0.43,-0.30,36.27
1298,72653005,414.55,-581.54,-709.96,1.04,-0.79,0.91,36.32
1299,72658799,415.04,-583.98,-712.40,1.04,-0.91,1.16,36.08
1300,72662848,407.23,-596.19,-711.91,0.85,-0.98,0.73,35.94
1301,72666898,413.57,-613.28,-716.31,0.73,-0.55,0.06,36.08
1302,72670955,415.53,-619.14,-724.12,1.04,-0.43,-1.52,36.27
1303,72675005,418.95,-610.35,-716.31,1.59,-0.30,-2.13,36.22
1304,72680799,416.99,-597.66,-708.98,1.52,-0.43,-2.13,36.22
1305,72684848,410.64,-585.94,-704.59,0.43,-1.10,-1.71,36.32
1306,72688898,408.20,-577.64,-704.10,-0.37,-1.22,-1.34,36.32
1307,72692955,405.27,-586.91,-713.87,-1.04,-1.71,-0.67,36.13
1308,72697005,406.25,-589.84,-717.29,-0.85,-1.95,-0.12,36.32
1309,72702799,407.71,-596.19,-709.96,-1.34,-2.32,-0.30,36.27
1310,72706848,409.18,-598.63,-713.87,-1.34,-2.13,-1.16,36.27
1311,72710898,411.62,-596.19,-710.45,-1.28,-2.32,-1.22,36.27
1312,72714955,409.67,-594.24,-707.03,-1.16,-2.80,-1.04,36.08
1313,72719005,406.74,-592.29,-710.45,-1.10,-2.74,-1.04,35.98
1314,72724799,407.23,-592.29,-710.45,-1.28,-3.11,-0.98,36.42
1315,72728848,402.34,-601.07,-713.38,-1.59,-3.17,-1.22,36.27
1316,72732898,402.34,-609.38,-719.73,-1.83,-3.35,-1.95,36.13
1317,72736955,399.90,-600.59,-722.66,-1.16,-2.99,-2.68,36.42
1318,72742799,397.95,-592.29,-718.75,-1.04,-2.80,-2.62,36.08
1319,72746848,393.07,-577.64,-710.94,-1.59,-2.80,-2.44,36.27
1320,72750898,394.53,-585.45,-715.82,-2.01,-2.87,-1.95,36.27
1321,72754955,397.95,-585.45,-720.21,-1.89,-2.99,-1.34,36.22
1322,72759005,392.09,-588.38,-721.19,-1.59,-2.56,-0.49,36.42
1323,72764799,391.11,-587.40,-710.94,-1.89,-2.74,-0.18,35.98
1324,72768848,393.55,-592.77,-716.31,-2.01,-3.11,-0.30,36.22
1325,72772898,397.95,-599.12,-717.29,-2.07,-2.87,-0.24,36.27
1326,72776955,396.00,-600.10,-718.75,-1.83,-2.80,-0.61,36.22
1327,72781005,393.07,-600.10,-713.87,-1.28,-2.56,-1.34,36.13
1328,72786799,393.55,-591.31,-713.38,-1.28,-2.62,-1.28,36.22
1329,72790848,396.00,-596.19,-718.75,-1.40,-2.38,-0.98,36.22
1330,72794898,389.16,-596.68,-720.70,-1.22,-1.95,-1.65,36.08
1331,72798955,388.18,-585.94,-715.33,-0.67,-1.52,-1.83,36.22
1332,72803005,393.55,-579.59,-708.50,-0.91,-1.52,-1.52,36.32
1333,72808799,386.23,-575.68,-710.94,-1.46,-1.71,-1.22,36.32
1334,72812848,390.14,-583.50,-719.24,-2.38,-1.52,-1.22,36.22
1335,72816898,386.23,-573.73,-716.80,-2.07,-1.34,-0.67,36.51
1336,72820955,389.16,-574.71,-707.52,-1.65,-1.28,0.43,36.13
1337,72825005,384.28,-570.80,-704.59,-1.77,-1.16,0.85,36.51
1338,72830799,387.21,-576.66,-708.50,-1.77,-1.10,1.04,36.46
1339,72834848,385.74,-582.03,-715.82,-1.34,-0.49,0.98,36.32
1340,72838898,385.25,-582.03,-710.94,-1.28,-0.37,1.10,36.46
1341,72842955,387.21,-587.89,-711.43,-1.16,-0.18,0.79,35.98
1342,72847005,387.21,-589.36,-704.59,-0.98,0.00,0.91,35.94
1343,72852799,389.65,-587.40,-706.05,-0.61,0.24,0.30,35.98
1344,72856848,393.07,-587.40,-707.03,-0.06,0.43,0.67,36.27
1345,72860898,395.51,-590.33,-707.52,-0.06,0.61,0.91,36.32
1346,72864955,388.18,-591.80,-702.64,-0.06,0.43,0.67,36.08
1347,72869005,387.70,-592.77,-707.03,-0.30,0.55,0.37,36.32
1348,72874799,393.07,-585.45,-702.15,-0.61,0.00,0.37,36.13
1349,72878848,390.62,-590.33,-697.75,-0.79,0.06,0.79,36.46
1350,72882898,395.51,-589.84,-703.12,-0.98,-0.37,0.61,36.22
1351,72886955,397.95,-587.40,-698.24,-0.91,-0.49,0.12,35.94
1352,72891005,401.37,-583.50,-698.24,-0.61,-0.73,0.06,36.22
1353,72896799,398.93,-579.10,-697.27,-0.37,-0.91,0.85,36.22
1354,72900848,391.60,-577.64,-694.34,-0.30,-1.28,0.79,36.46
1355,72904898,392.09,-574.71,-699.22,-0.55,-0.85,0.61,36.27
1356,72908955,390.14,-575.68,-696.78,-0.91,-1.10,0.49,35.94
1357,72913005,391.11,-573.73,-693.85,-1.28,-1.40,1.10,36.42
1358,72918799,397.46,-570.80,-693.85,-1.65,-1.28,1.89,36.13
1359,72922848,390.62,-568.36,-708.50,-1.71,-0.67,3.78,36.22
1360,72926898,380.86,-580.08,-707.52,-1.77,-0.61,3.84,36.32
1361,72930955,382.32,-586.43,-709.47,-1.46,-0.24,2.38,35.98
1362,72935005,392.58,-583.50,-706.54,-1.22,0.30,1.71,36.27
1363,72940799,391.60,-582.03,-696.29,-0.91,0.00,2.01,36.27
1364,72944848,392.58,-565.43,-695.31,-0.91,0.06,2.99,35.94
1365,72948898,386.23,-570.80,-706.54,-0.61,0.12,3.11,36.42
1366,72952955,384.77,-573.73,-702.15,-0.12,0.18,3.17,36.32
1367,72958799,384.28,-570.31,-701.66,-0.30,0.30,3.23,36.13
1368,72962848,396.48,-582.52,-697.75,-0.91,-0.18,3.17,36.32
1369,72966898,399.41,-584.47,-706.05,-0.49,-0.61,3.41,36.32
1370,72970955,402.83,-583.98,-706.54,-0.55,-0.67,3.60,36.42
1371,72975005,401.86,-582.52,-704.59,-0.43,-0.91,3.17,36.27
1372,72980799,406.25,-587.40,-705.57,-0.06,-1.04,3.29,36.22
1373,72984848,413.57,-586.91,-705.08,-0.49,-1.04,3.23,36.32
1374,72988898,414.06,-590.82,-711.43,-0.30,-0.98,3.17,36.13
1375,72992955,404.79,-599.12,-713.38,0.12,-0.73,3.23,36.13
1376,72997005,412.60,-596.68,-719.73,0.67,-0.91,2.01,36.27
1377,73002799,415.53,-593.26,-719.73,1.04,-0.37,1.77,36.27
1378,73006848,420.41,-593.26,-716.80,1.10,-0.24,2.80,36.46
1379,73010898,408.69,-589.84,-721.19,0.85,0.06,3.66,35.94
1380,73014955,399.41,-597.66,-714.36,0.61,-0.12,3.48,36.13
1381,73019005,412.11,-604.49,-715.82,-0.43,-0.24,3.11,36.13
1382,73024799,417.97,-612.30,-715.82,-0.61,-0.55,3.17,36.42
1383,73028848,419.43,-615.23,-718.26,-0.61,-0.06,3.35,36.42
1384,73032898,416.99,-615.23,-721.19,-0.49,-0.12,2.93,36.22
1385,73036955,418.95,-608.89,-718.26,-0.73,0.06,2.07,36.13
1386,73041005,419.43,-604.49,-713.38,-0.79,0.12,2.32,36.32
1387,73046799,411.13,-605.47,-716.31,-1.65,0.24,3.05,35.94
1388,73050848,419.43,-608.89,-718.26,-1.95,0.24,2.80,36.22
1389,73054898,423.34,-603.52,-724.61,-1.77,0.43,3.11,36.42
1390,73058955,413.09,-605.47,-724.12,-1.22,0.73,3.84,36.22
1391,73063005,401.37,-611.82,-717.29,-1.40,1.22,2.68,36.42
1392,73068799,411.13,-613.28,-714.84,-1.95,1.22,0.85,36.42
1393,73072848,423.34,-608.40,-700.68,-1.46,1.34,0.91,36.22
1394,73076898,419.92,-602.54,-694.34,-1.65,1.46,1.22,36.42
1395,73080955,416.02,-596.19,-690.92,-2.07,1.04,0.79,36.08
1396,73085005,421.39,-599.12,-698.24,-2.26,0.55,0.43,36.32
1397,73090799,424.80,-603.03,-699.22,-2.07,0.49,-0.24,36.42
1398,73094848,419.92,-604.00,-699.71,-0.85,0.49,-1.16,36.27
1399,73098898,423.34,-597.66,-689.94,-0.18,0.37,-1.71,36.22
1400,73102955,420.41,-594.24,-689.45,-0.67,-0.18,-2.20,36.32
1401,73107005,422.85,-580.08,-689.94,-0.85,-0.79,-1.89,36.22
1402,73112799,422.36,-579.10,-695.31,-1.46,-1.16,-1.34,36.22
1403,73116848,410.64,-587.40,-703.12,-1.46,-1.22,-1.16,35.94
1404,73120898,409.67,-591.80,-709.47,-1.65,-1.16,-0.91,35.94
1405,73124955,403.32,-596.68,-707.52,-1.52,-1.16,-0.61,36.08
1406,73129005,404.79,-589.84,-709.47,-1.52,-0.79,-1.59,36.32
1407,73134799,407.71,-586.91,-703.61,-1.59,-0.79,-1.65,36.27
1408,73138848,406.74,-580.08,-693.36,-1.83,-0.98,-0.91,36.22
1409,73142898,405.76,-578.61,-695.31,-2.26,-1.04,-0.67,36.13
1410,73146955,405.76,-584.47,-700.68,-2.50,-1.40,-0.79,36.32
1411,73151005,411.13,-595.21,-707.52,-2.44,-1.22,-0.55,36.51
1412,73156799,403.32,-596.68,-707.52,-1.71,-0.85,-0.55,36.27
1413,73160848,409.67,-594.73,-703.12,-1.40,-0.49,-1.34,36.22
1414,73164898,406.25,-591.80,-702.15,-1.28,-0.37,-1.46,36.32
1415,73168955,409.18,-591.31,-697.75,-1.22,-0.67,-1.28,36.27
1416,73174799,404.79,-594.24,-698.73,-0.91,-0.61,-1.04,36.13
1417,73178848,402.83,-597.17,-702.64,-0.85,-0.55,-1.16,36.22
1418,73182898,401.37,-604.00,-704.59,-0.98,-0.49,-2.01,36.08
1419,73186955,401.86,-609.86,-709.96,-0.73,-0.30,-2.50,36.22
1420,73191005,404.79,-609.38,-709.96,0.18,-0.49,-3.23,36.42
1421,73196799,399.90,-603.52,-706.54,0.85,-0.24,-3.48,36.13
1422,73200848,397.46,-598.14,-704.10,0.73,-0.49,-3.90,36.22
1423,73204898,398.44,-586.91,-700.68,0.18,-0.37,-3.84,35.89
1424,73208955,396.48,-584.47,-704.10,-0.06,-0.61,-3.54,36.61
1425,73213005,392.09,-581.54,-703.12,-0.43,-0.67,-2.99,36.46
1426,73218799,391.60,-582.03,-705.57,-1.16,-0.91,-2.50,36.32
1427,73222848,396.97,-587.89,-704.59,-1.28,-0.73,-2.20,36.13
1428,73226898,398.44,-588.38,-700.68,-1.40,-1.04,-2.50,35.98
1429,73230955,401.37,-582.03,-701.17,-1.28,-1.22,-1.95,36.32
1430,73235005,401.86,-579.59,-699.71,-0.91,-1.40,-1.22,36.27
1431,73240799,393.55,-576.66,-697.75,-0.67,-1.40,-0.91,36.08
1432,73244848,393.07,-575.68,-705.57,-0.12,-1.16,-1.46,36.22
1433,73248898,398.93,-577.15,-716.80,0.37,-0.61,-1.22,36.08
1434,73252955,389.65,-569.34,-712.89,0.98,-0.24,-0.06,36.42
1435,73257005,382.81,-571.78,-705.57,0.91,0.06,-0.12,36.13
1436,73262799,387.70,-573.24,-702.64,0.67,-0.12,-0.24,36.08
1437,73266848,389.16,-576.66,-703.12,0.85,0.18,0.12,36.46
1438,73270898,394.04,-573.24,-701.17,0.73,0.06,0.06,36.27
1439,73274955,396.97,-579.59,-705.57,0.73,0.12,0.12,36.13
1440,73279005,397.95,-584.47,-704.59,0.73,0.43,0.00,36.22
1441,73284799,400.88,-587.89,-704.10,0.98,0.30,-0.06,36.22
1442,73288848,394.04,-589.84,-707.52,0.67,0.06,-0.12,36.32
1443,73292898,397.46,-586.91,-703.12,0.55,0.18,-0.61,36.27
1444,73296955,400.39,-588.38,-701.66,0.55,-0.06,-0.61,36.22
1445,73301005,395.02,-584.47,-698.24,0.24,-0.37,-0.18,36.46
1446,73306799,395.51,-583.01,-695.80,0.12,-0.73,-0.06,36.27
1447,73310848,392.58,-586.91,-697.75,-0.30,-1.16,0.06,35.98
1448,73314898,395.02,-593.26,-704.10,-0.24,-1.10,-0.37,36.32
1449,73318955,400.88,-599.12,-701.17,0.18,-0.73,-0.67,35.79
1450,73323005,398.93,-596.19,-700.68,0.30,-0.85,-0.43,36.32
1451,73328799,404.30,-583.01,-697.75,0.55,-1.04,0.12,36.22
1452,73332848,397.46,-584.96,-703.61,-0.12,-1.10,0.79,36.13
1453,73336898,398.44,-583.01,-703.12,-0.49,-1.28,0.91,36.32
1454,73340955,398.44,-589.84,-710.45,-0.73,-0.85,1.46,35.98
1455,73345005,396.48,-592.77,-715.33,-0.43,-0.43,1.65,36.08
1456,73350799,399.90,-593.26,-710.45,0.00,-0.30,1.34,35.98
1457,73354848,404.30,-591.80,-696.78,-0.12,0.00,1.59,36.22
1458,73358898,402.83,-598.14,-707.03,-0.18,-0.18,1.40,35.98
1459,73362955,409.18,-599.61,-707.52,-0.06,-0.37,0.73,35.98
1460,73367005,408.69,-601.07,-710.45,0.49,-0.06,0.18,36.22
1461,73372799,401.37,-596.19,-704.10,1.40,-0.18,-0.12,35.98
1462,73376848,410.16,-593.26,-699.71,1.10,-0.43,-0.37,36.13
1463,73380898,405.27,-596.68,-700.68,1.10,-0.85,-0.12,36.42
1464,73384955,408.20,-601.07,-707.52,0.85,-0.73,-0.24,35.98
1465,73390799,407.23,-599.12,-708.01,0.91,-0.98,-0.49,36.13
1466,73394848,408.69,-591.31,-703.61,0.61,-1.22,-0.55,36.27
1467,73398898,404.79,-591.31,-700.20,-0.06,-1.59,-0.06,36.22
1468,73402955,408.69,-585.45,-708.98,-0.67,-1.89,0.61,36.22
1469,73407005,402.34,-592.29,-703.61,-0.85,-2.20,1.40,36.51
1470,73412799,397.46,-595.70,-709.47,-1.28,-2.07,1.52,36.51
1471,73416848,399.90,-606.93,-718.75,-0.98,-1.89,0.24,36.27
1472,73420898,405.76,-606.93,-708.01,-0.61,-1.83,-0.18,35.98
1473,73424955,405.76,-604.49,-707.03,-0.67,-1.77,0.00,36.13
1474,73429005,407.71,-594.73,-702.64,-0.55,-1.89,-0.37,36.42
1475,73434799,406.74,-597.66,-707.03,-0.55,-1.77,-0.30,36.13
1476,73438848,397.95,-586.91,-708.50,-0.12,-1.40,-0.49,36.22
1477,73442898,400.88,-585.45,-710.45,-0.37,-1.46,-0.06,35.75
1478,73446955,396.97,-583.01,-713.38,-0.55,-1.22,0.61,36.22
1479,73451005,395.02,-586.43,-718.26,-0.43,-0.79,1.40,36.27
1480,73456799,398.93,-594.73,-722.17,-0.49,-0.49,1.95,36.27
1481,73460848,393.07,-595.70,-710.45,-0.98,-0.49,1.77,36.22
1482,73464898,402.34,-597.66,-711.91,-1.16,-0.43,1.40,36.22
1483,73468955,405.27,-601.07,-712.40,-1.59,-0.24,1.59,36.27
1484,73473005,400.39,-599.61,-712.89,-1.65,-0.18,1.59,36.32
1485,73478799,403.81,-591.31,-708.01,-1.22,-0.43,1.40,35.98
1486,73482848,393.55,-589.84,-706.05,-1.04,-0.30,0.67,36.22
1487,73486898,398.44,-593.26,-703.12,-0.91,-0.49,-0.06,36.27
1488,73490955,400.88,-591.31,-704.59,-0.85,-0.85,0.06,36.22
1489,73495005,404.79,-588.87,-703.12,-0.85,-1.04,0.30,36.27
1490,73500799,399.41,-597.66,-705.08,-0.67,-0.85,0.24,36.22
1491,73504848,397.46,-610.35,-712.89,-0.24,-0.79,-0.98,36.27
1492,73508898,405.76,-604.49,-708.50,0.24,-0.67,-1.40,36.51
1493,73512955,400.39,-598.63,-707.52,0.12,-0.49,-1.59,36.22
1494,73517005,397.46,-593.26,-710.94,-0.24,-0.85,-1.40,36.08
1495,73522799,401.37,-589.36,-710.45,-0.67,-0.98,-1.16,36.13
1496,73526848,402.34,-585.45,-721.19,-0.61,-0.43,-0.67,36.46
1497,73530898,395.02,-582.03,-719.24,-0.49,-0.18,1.28,36.27
1498,73534955,389.16,-582.03,-710.94,-0.67,-0.37,2.01,35.98
1499,73539005,390.14,-591.80,-710.45,-2.01,-0.30,1.71,36.22
1500,73544799,396.97,-599.61,-708.50,-2.56,-0.55,0.91,36.13
1501,73548848,398.44,-602.54,-707.52,-1.95,-0.18,0.91,36.22
1502,73552898,405.76,-600.59,-706.05,-1.95,0.00,0.73,36.27
1503,73556955,404.30,-598.14,-704.10,-1.46,-0.18,0.24,35.98
1504,73561005,400.39,-594.24,-700.20,-0.79,0.00,-0.24,36.22
1505,73566799,407.71,-588.38,-702.15,-0.30,0.18,0.18,36.22
1506,73570848,399.90,-582.03,-704.59,0.30,0.12,0.98,36.32
1507,73574898,393.07,-578.12,-701.17,0.30,-0.24,1.34,36.42
1508,73578955,395.51,-581.54,-701.66,-0.18,-0.24,0.79,36.22
1509,73583005,401.86,-594.24,-705.57,-0.30,-0.30,0.55,36.27
1510,73588799,399.90,-594.24,-704.59,-0.37,-0.37,0.67,36.27
1511,73592848,399.41,-590.82,-701.66,-0.43,-0.73,0.73,36.32
1512,73596898,401.86,-598.63,-704.10,-0.67,-0.85,0.49,36.27
1513,73600955,397.46,-593.75,-705.08,-0.37,-0.85,-0.30,36.51
1514,73606799,400.88,-594.24,-698.24,-0.06,-0.98,-0.12,36.22
1515,73610848,398.44,-583.98,-697.75,-0.73,-1.10,0.12,36.27
1516,73614898,396.00,-584.47,-703.61,-1.10,-1.40,0.18,36.32
1517,73618955,394.53,-596.19,-706.54,-1.16,-1.46,0.55,36.42
1518,73623005,397.46,-603.03,-704.10,-1.04,-1.04,0.24,35.94
1519,73628799,397.95,-585.45,-698.24,-0.79,-1.16,0.30,36.22
1520,73632848,395.02,-586.43,-690.43,-1.40,-1.83,0.67,36.42
1521,73636898,399.41,-581.54,-697.75,-1.83,-1.65,1.16,36.13
1522,73640955,401.86,-577.15,-701.66,-1.83,-1.52,1.52,36.22
1523,73645005,391.11,-573.24,-702.64,-1.83,-1.83,1.95,36.32
1524,73650799,387.70,-574.71,-703.61,-1.83,-1.71,1.65,36.46
1525,73654848,395.02,-578.12,-704.10,-1.95,-2.13,1.46,36.32
1526,73658898,395.51,-581.54,-704.10,-1.16,-1.46,1.65,36.08
1527,73662955,394.04,-576.66,-696.78,-0.79,-1.46,1.28,36.51
1528,73667005,400.88,-577.64,-701.17,-0.79,-1.28,1.34,36.13
1529,73672799,403.32,-576.66,-705.08,-0.06,-0.79,1.95,36.22
1530,73676848,396.97,-574.22,-694.82,-0.12,-0.73,1.83,36.13
1531,73680898,403.81,-575.68,-696.78,-0.18,-0.61,1.77,36.46
1532,73684955,405.27,-579.10,-701.66,0.12,-0.67,2.13,36.13
1533,73689005,402.34,-587.40,-705.08,0.49,-0.43,2.50,36.42
1534,73694799,400.88,-595.70,-708.50,0.85,-0.43,2.32,36.42
1535,73698848,402.34,-608.40,-714.84,1.40,-0.37,0.49,35.70
1536,73702898,406.25,-606.45,-704.59,2.01,-0.43,-0.06,36.46
1537,73706955,408.20,-604.98,-704.10,2.38,-0.85,0.12,35.98
1538,73711005,407.23,-597.17,-698.24,1.46,-1.16,0.43,36.22
1539,73716799,406.25,-595.21,-700.20,0.67,-1.95,0.91,36.22
1540,73720848,400.88,-597.66,-715.33,0.18,-1.77,0.85,36.51
1541,73724898,405.27,-599.61,-714.84,-0.18,-2.13,1.10,36.32
1542,73728955,399.41,-603.03,-709.96,-0.55,-2.13,1.10,36.22
1543,73733005,405.27,-606.45,-710.94,-0.98,-2.32,1.34,35.98
1544,73738799,407.71,-606.93,-705.57,-1.52,-2.44,1.46,36.32
1545,73742848,411.62,-601.07,-708.98,-1.95,-2.62,1.77,36.27
1546,73746898,400.39,-604.49,-708.01,-2.20,-2.56,1.95,36.27
1547,73750955,399.90,-597.66,-710.45,-2.44,-2.62,1.22,36.13
1548,73755005,403.81,-590.82,-714.36,-2.01,-2.26,1.40,36.27
1549,73760799,399.90,-597.66,-710.94,-1.52,-2.20,1.59,36.32
1550,73764848,403.32,-598.14,-709.47,-1.46,-2.07,1.10,36.46
1551,73768898,402.83,-607.91,-708.50,-1.04,-1.52,0.24,35.98
1552,73772955,410.16,-599.12,-707.03,-0.43,-1.52,-0.73,36.22
1553,73777005,410.64,-592.29,-700.20,-0.61,-1.71,-0.79,36.51
1554,73782799,408.20,-581.54,-696.78,-0.18,-2.01,-0.49,36.32
1555,73786848,399.90,-584.96,-703.12,-0.24,-2.38,-0.79,36.32
1556,73790898,402.34,-587.89,-704.10,-0.24,-2.62,-0.43,35.89
1557,73794955,404.79,-588.87,-710.45,-0.30,-2.44,0.00,36.32
1558,73799005,398.93,-595.70,-711.91,-0.06,-2.38,0.12,36.32
1559,73804799,393.55,-588.38,-711.91,-0.18,-2.50,0.12,36.22
1560,73808848,402.34,-586.43,-708.01,-1.04,-2.56,0.18,36.27
1561,73812898,401.86,-589.84,-706.54,-1.46,-2.99,0.98,36.27
1562,73816955,392.58,-590.33,-703.61,-1.77,-2.74,1.28,36.13
1563,73822799,402.83,-598.63,-712.40,-1.89,-2.93,0.98,36.42
1564,73826848,400.39,-596.19,-706.05,-1.65,-2.56,0.37,36.13
1565,73830898,402.34,-594.73,-706.54,-1.28,-2.38,0.79,36.27
1566,73834955,395.02,-595.21,-710.94,-0.85,-2.62,0.37,36.51
1567,73839005,393.55,-598.14,-710.94,-0.55,-2.26,-0.12,35.98
1568,73844799,401.86,-601.07,-710.45,0.30,-1.89,-0.37,35.98
1569,73848848,398.44,-599.61,-714.84,0.49,-1.65,-0.91,36.32
1570,73852898,394.04,-591.80,-709.47,0.91,-1.40,-0.73,36.13
1571,73856955,396.00,-594.73,-705.57,0.61,-1.34,-0.37,36.32
1572,73861005,391.60,-593.75,-706.54,-0.12,-1.40,0.00,36.32
1573,73866799,398.93,-592.29,-710.45,-0.37,-1.34,-0.18,36.13
1574,73870848,399.90,-601.07,-710.94,-0.98,-1.52,-0.30,36.32
1575,73874898,392.58,-601.07,-706.54,-0.43,-1.71,-0.55,35.98
1576,73878955,397.95,-600.10,-699.71,-0.30,-1.77,-0.98,36.13
1577,73883005,403.81,-592.29,-692.87,-0.49,-2.07,-1.16,35.94
1578,73888799,396.00,-592.29,-695.31,-0.61,-2.56,-1.16,36.13
1579,73892848,398.44,-593.75,-707.03,-0.73,-2.50,-1.52,36.32
1580,73896898,400.39,-593.26,-708.01,-0.24,-2.74,-1.65,36.22
1581,73900955,398.44,-586.91,-708.98,0.00,-2.32,-0.98,36.42
1582,73905005,393.55,-578.61,-704.59,0.24,-1.89,-0.18,36.13
1583,73910799,384.77,-582.52,-706.54,-0.12,-1.89,-0.06,36.13
1584,73914848,396.97,-583.50,-703.61,-0.85,-1.95,-0.61,36.46
1585,73918898,403.32,-574.71,-707.52,-0.98,-2.26,-0.30,36.22
1586,73922955,402.34,-576.66,-704.59,-1.22,-2.01,0.55,36.22
1587,73927005,399.90,-574.22,-700.68,-1.40,-1.95,0.98,35.94
1588,73932799,400.39,-568.36,-701.66,-1.77,-2.07,1.40,36.22
1589,73936848,393.55,-572.75,-703.12,-1.40,-1.89,2.38,36.22
1590,73940898,392.58,-577.15,-708.01,-1.16,-1.83,1.89,36.27
1591,73944955,395.02,-577.15,-710.45,-0.91,-1.46,1.95,36.32
1592,73949005,393.07,-574.71,-709.47,-0.24,-1.34,2.32,36.46
1593,73954799,395.02,-580.57,-700.68,-0.30,-1.28,2.20,36.08
1594,73958848,403.32,-590.33,-708.98,-0.37,-1.16,1.59,36.32
1595,73962898,398.93,-592.29,-703.61,0.12,-1.10,1.34,36.22
1596,73966955,398.93,-587.89,-704.10,0.43,-1.10,1.28,35.98
1597,73971005,396.00,-591.31,-702.64,0.12,-1.46,1.22,36.42
1598,73976799,396.97,-591.80,-704.10,-0.18,-1.95,1.04,36.22
1599,73980848,401.86,-606.45,-715.82,0.00,-1.65,1.46,36.08
1600,73984898,396.48,-614.26,-725.10,0.43,-1.22,0.91,36.27
1601,73988955,399.41,-613.77,-722.66,1.34,-1.10,-0.37,36.22
1602,73993005,406.25,-601.07,-711.91,1.46,-0.91,-0.73,36.32
1603,73998799,405.27,-592.77,-708.01,0.85,-1.52,0.12,36.27
1604,74002848,402.34,-589.84,-708.98,0.06,-1.59,0.98,36.08
1605,74006898,402.34,-593.75,-715.33,-0.18,-1.89,1.16,36.13
1606,74010955,401.37,-600.10,-714.84,-0.37,-1.83,1.52,36.46
1607,74015005,398.44,-602.05,-715.82,-0.18,-1.59,2.13,36.13
1608,74020799,404.30,-604.98,-710.45,-0.30,-1.46,2.07,36.27
1609,74024848,398.93,-598.63,-719.24,-0.30,-1.22,1.71,36.08
1610,74028898,396.97,-596.19,-716.80,0.18,-0.98,1.83,36.32
1611,74032955,398.44,-596.19,-714.36,0.79,-0.37,1.89,36.13
1612,74038799,397.46,-586.91,-715.82,0.91,-0.06,2.32,36.42
1613,74042848,392.58,-583.01,-706.54,0.12,-0.06,2.87,36.42
1614,74046898,396.48,-584.96,-707.03,-0.79,-0.43,2.99,36.27
1615,74050955,394.53,-610.84,-720.70,-0.61,0.12,2.56,36.27
1616,74055005,395.02,-611.33,-718.26,0.67,0.30,0.85,36.22
1617,74059054,399.90,-608.89,-708.01,1.34,-0.12,-0.49,36.22
1618,74064799,403.32,-592.29,-698.73,1.22,-0.49,-1.34,36.13
1619,74068848,400.88,-582.03,-695.31,0.18,-1.40,-1.28,36.08
1620,74072898,403.32,-586.91,-695.80,-0.55,-1.89,-1.34,36.22
1621,74076955,403.81,-587.40,-700.68,-0.43,-1.95,-1.28,36.27
1622,74082799,401.37,-585.45,-703.61,-0.30,-2.38,-1.22,35.98
1623,74086848,401.86,-595.70,-706.54,0.00,-2.44,-1.52,36.51
1624,74090898,400.39,-593.75,-708.01,0.00,-2.62,-1.52,35.98
1625,74094955,397.46,-599.12,-710.94,0.12,-2.50,-1.28,36.27
1626,74099005,394.53,-604.98,-710.94,0.43,-2.07,-1.83,36.22
1627,74104799,395.02,-601.56,-713.87,0.43,-2.68,-2.62,36.13
1628,74108848,402.83,-601.07,-711.43,0.30,-2.44,-2.56,36.42
1629,74112898,402.34,-596.68,-710.94,0.30,-2.26,-1.83,36.22
1630,74116955,399.41,-595.21,-709.47,-0.18,-2.32,-1.34,36.32
1631,74121005,396.00,-595.21,-712.40,-0.98,-2.26,-1.10,36.32
1632,74126799,397.46,-602.54,-713.38,-1.40,-2.44,-0.98,36.32
1633,74130848,399.41,-604.49,-714.84,-1.22,-2.01,-0.67,36.51
1634,74134898,395.51,-613.28,-719.73,-0.73,-1.77,-0.79,36.32
1635,74138955,394.53,-610.84,-714.36,-0.18,-1.40,-1.40,36.22
1636,74143005,400.88,-601.07,-712.89,0.00,-1.34,-1.89,36.32
1637,74148799,395.02,-596.19,-706.05,0.00,-1.16,-1.40,36.42
1638,74152848,396.48,-593.26,-709.96,-0.37,-1.28,-1.46,36.42
1639,74156898,395.51,-592.77,-707.52,-0.55,-1.40,-1.46,36.22
1640,74160955,396.97,-591.80,-708.98,-0.79,-1.71,-0.55,36.22
1641,74165005,398.93,-595.21,-705.57,-0.98,-1.83,-0.49,36.22
1642,74170799,400.88,-595.70,-705.57,-1.16,-2.13,-0.18,36.13
1643,74174848,400.88,-603.03,-710.94,-0.79,-1.95,-0.43,36.22
1644,74178898,396.00,-608.40,-711.43,-0.55,-1.65,-0.79,36.32
1645,74182955,390.62,-605.47,-710.45,0.00,-1.40,-2.01,35.94
1646,74187005,396.48,-597.66,-706.05,0.00,-1.52,-2.68,36.32
1647,74192799,399.90,-588.87,-703.61,-0.43,-1.89,-2.26,36.32
1648,74196848,394.04,-581.54,-705.08,-0.98,-1.95,-1.34,36.32
1649,74200898,389.65,-582.03,-701.66,-1.40,-2.01,-1.46,36.32
1650,74204955,394.04,-582.52,-708.01,-1.71,-2.50,-1.52,35.98
1651,74209005,388.67,-594.24,-708.01,-2.01,-2.20,-1.16,36.46
1652,74214799,396.00,-596.19,-706.05,-0.98,-2.38,-1.71,36.13
1653,74218848,394.53,-591.80,-694.34,-0.55,-2.62,-2.01,36.46
1654,74222898,392.58,-598.14,-704.59,-0.55,-2.56,-1.89,36.32
1655,74226955,390.62,-602.54,-716.80,-0.06,-1.83,-2.20,36.32
1656,74231005,393.07,-598.63,-715.82,0.43,-1.95,-2.44,36.13
1657,74236799,391.11,-583.98,-713.38,0.85,-1.52,-1.95,36.32
1658,74240848,387.70,-590.33,-708.50,-0.12,-1.28,-0.91,36.13
1659,74244898,386.72,-590.82,-705.57,-0.85,-1.77,-0.91,35.98
1660,74248955,395.02,-587.89,-709.47,-1.28,-1.59,-0.49,36.27
1661,74254799,393.07,-580.57,-712.40,-1.34,-1.40,0.49,36.22
1662,74258848,379.88,-588.87,-714.36,-1.65,-1.34,1.22,36.46
1663,74262898,385.74,-593.75,-710.94,-1.95,-1.28,0.12,35.98
1664,74266955,395.51,-604.49,-719.73,-1.28,-1.16,-0.55,36.32
1665,74271005,400.39,-599.61,-715.33,0.06,-0.67,-0.55,36.08
1666,74275054,394.53,-590.82,-708.98,0.43,-0.55,-0.12,36.13
1667,74280799,394.04,-580.08,-704.59,0.24,-1.04,-0.30,36.22
1668,74284848,397.46,-592.29,-710.94,-0.18,-0.91,-0.67,35.89
1669,74288898,394.04,-591.31,-709.96,0.00,-0.91,-0.24,36.42
1670,74292955,391.60,-592.77,-713.38,0.37,-0.55,0.00,36.13
1671,74298799,384.28,-590.33,-711.43,0.67,-0.30,-0.24,36.22
1672,74302848,393.55,-589.36,-708.98,0.12,-0.55,-0.24,36.13
1673,74306898,396.00,-592.77,-703.61,-0.12,-0.55,0.00,35.94
1674,74310955,397.46,-599.12,-704.59,-0.06,-0.73,0.55,36.22
1675,74315005,392.09,-591.80,-708.98,-0.18,-0.73,0.00,36.32
1676,74320799,391.60,-592.77,-708.01,-0.37,-0.30,-0.12,36.22
1677,74324848,390.14,-597.17,-703.61,-0.61,-0.67,-0.43,36.22
1678,74328898,393.07,-604.49,-714.84,-0.85,-0.73,-0.24,36.27
1679,74332955,391.60,-604.98,-713.38,-0.85,-0.73,-0.67,36.32
1680,74337005,392.58,-601.56,-713.38,-1.16,-0.73,-0.49,36.42
1681,74342799,393.55,-596.19,-708.98,-1.52,-0.79,-0.24,36.27
1682,74346848,388.67,-590.33,-719.73,-2.26,-0.61,0.43,36.27
1683,74350898,385.74,-598.63,-719.73,-2.50,-0.37,0.79,36.27
1684,74354955,386.23,-594.24,-717.77,-2.62,-0.12,0.12,36.22
1685,74359005,388.67,-586.91,-716.31,-2.99,0.00,1.28,36.46
1686,74364799,385.25,-589.36,-714.36,-3.48,0.06,2.07,36.46
1687,74368848,390.62,-589.36,-712.40,-3.72,0.12,2.68,36.13
1688,74372898,391.11,-600.59,-717.77,-3.90,0.67,2.32,35.89
1689,74376955,392.09,-603.52,-719.24,-3.29,1.10,0.91,36.13
1690,74381005,398.93,-600.10,-712.40,-2.26,1.10,0.73,36.13
1691,74386799,404.30,-587.40,-705.57,-2.62,1.10,1.22,35.98
1692,74390848,401.37,-592.29,-707.52,-2.44,0.79,1.22,36.27
1693,74394898,397.95,-591.80,-713.87,-1.89,1.16,1.46,36.22
1694,74398955,388.18,-604.98,-713.38,-0.98,1.40,0.79,35.94
1695,74403005,391.60,-594.24,-709.96,-0.79,1.77,-0.61,36.32
1696,74408799,400.88,-594.73,-706.05,-0.49,1.40,-0.91,36.22
1697,74412848,396.97,-591.80,-699.71,-0.06,1.28,-0.73,35.94
1698,74416898,393.07,-589.36,-705.08,0.00,1.34,-0.67,36.32
1699,74420955,394.53,-580.57,-702.15,-0.24,0.85,-0.61,36.13
1700,74425005,400.39,-588.87,-702.64,-0.43,0.61,-0.67,36.32
1701,74430799,396.00,-589.84,-701.66,-0.73,-0.24,-0.37,36.46
1702,74434848,398.93,-600.10,-709.47,-0.98,-0.49,-0.49,36.27
1703,74438898,399.41,-604.49,-703.61,-0.98,-0.43,-0.79,36.32
1704,74442955,402.83,-608.89,-711.43,-1.10,-0.37,-0.98,36.13
1705,74447005,400.39,-602.05,-707.03,-1.65,-0.55,-1.04,36.46
1706,74452799,397.95,-600.10,-705.57,-2.13,-0.85,-1.04,36.42
1707,74456848,396.97,-591.80,-710.94,-2.74,-0.67,-0.06,36.13
1708,74460898,391.11,-586.91,-711.43,-2.87,-0.49,1.10,36.32
1709,74464955,383.79,-591.80,-710.94,-3.05,-0.73,1.28,36.46
1710,74470799,387.70,-602.54,-708.50,-3.54,-0.43,0.49,36.42
1711,74474848,403.81,-605.47,-715.33,-2.62,0.30,-0.61,36.32
1712,74478898,401.37,-604.98,-706.05,-1.40,0.43,-0.91,36.27
1713,74482955,401.37,-589.84,-699.22,-1.28,0.43,-1.10,35.79
1714,74487005,401.86,-584.96,-694.34,-1.77,-0.12,-0.91,36.22
1715,74491054,397.46,-587.89,-703.12,-1.95,0.00,-0.67,36.27
1716,74496799,394.04,-591.80,-705.57,-1.65,-0.24,-0.91,36.27
1717,74500848,395.02,-590.82,-708.01,-1.16,-0.06,-1.28,35.94
1718,74504898,395.02,-592.29,-701.66,-0.85,-0.30,-0.91,36.46
1719,74508955,395.51,-588.87,-704.59,-1.10,-0.55,-0.73,36.27
1720,74514799,394.53,-585.45,-703.12,-1.16,-0.49,-0.61,36.08
1721,74518848,390.62,-583.98,-702.15,-1.40,-1.10,-0.61,36.51
1722,74522898,391.60,-588.38,-708.50,-2.01,-1.40,-0.49,35.98
1723,74526955,399.41,-584.96,-707.52,-2.44,-1.40,0.30,36.22
1724,74531005,394.53,-582.52,-702.64,-2.44,-1.83,1.22,36.22
1725,74536799,394.53,-597.17,-711.91,-2.38,-1.52,0.91,36.13
1726,74540848,392.58,-603.52,-716.31,-1.52,-0.79,0.37,36.32
1727,74544898,396.97,-594.24,-708.98,-0.67,-0.91,0.18,36.22
1728,74548955,396.97,-590.82,-703.12,-0.79,-1.10,0.37,36.46
1729,74553005,398.44,-594.24,-704.59,-1.59,-1.22,0.06,36.27
1730,74558799,395.02,-604.98,-711.91,-0.91,-0.79,-0.12,36.46
1731,74562848,394.04,-600.59,-709.47,-0.06,-0.37,-0.73,36.27
1732,74566898,391.11,-594.24,-706.54,-0.30,-0.43,-0.73,36.22
1733,74570955,392.09,-586.91,-705.57,-0.61,-0.55,-0.18,36.13
1734,74575005,392.58,-587.40,-708.50,-1.22,-0.61,0.98,36.32
1735,74580799,389.65,-594.24,-711.43,-1.28,-0.67,1.22,36.32
1736,74584848,390.14,-595.21,-711.43,-1.59,-0.18,0.85,36.32
1737,74588898,394.53,-598.63,-713.87,-1.40,-0.06,0.43,36.42
1738,74592955,396.00,-593.26,-706.54,-1.52,-0.30,0.85,36.51
1739,74597005,394.53,-591.80,-710.45,-1.52,-0.67,0.98,36.51
1740,74602799,392.09,-592.29,-708.01,-1.46,-0.67,0.24,36.32
1741,74606848,396.48,-579.59,-704.59,-1.16,-0.67,0.24,36.22
1742,74610898,398.44,-571.78,-708.01,-1.59,-0.67,1.04,36.22
1743,74614955,392.58,-567.87,-702.64,-2.07,-0.98,2.26,36.13
1744,74619005,382.32,-581.54,-708.50,-2.80,-1.59,2.20,36.22
1745,74624799,394.04,-588.87,-707.03,-2.44,-1.65,1.10,35.98
1746,74628848,399.41,-583.01,-705.57,-1.59,-1.40,0.98,36.13
1747,74632898,394.53,-576.66,-702.64,-1.34,-1.34,0.91,36.27
1748,74636955,397.46,-576.17,-704.59,-1.16,-1.22,1.04,35.98
1749,74641005,392.09,-572.75,-703.61,-0.98,-1.16,1.16,36.13
1750,74646799,388.67,-567.38,-705.08,-1.04,-1.40,0.85,36.22
1751,74650848,396.48,-572.27,-703.12,-0.91,-1.59,0.98,36.42
1752,74654898,398.44,-574.22,-708.50,-1.28,-1.71,1.22,36.22
1753,74658955,392.09,-572.75,-711.91,-1.04,-1.71,1.34,36.13
1754,74663005,391.11,-579.59,-712.89,-0.85,-1.83,1.28,36.27
1755,74668799,391.11,-578.12,-720.21,-0.24,-1.10,1.46,36.42
1756,74672848,388.67,-579.59,-716.31,0.30,-0.61,1.59,36.32
1757,74676898,392.58,-590.33,-712.40,0.12,-0.55,1.22,35.98
1758,74680955,402.34,-590.82,-711.43,0.00,-0.67,0.37,36.51
1759,74686799,400.39,-592.77,-713.38,-0.43,-0.55,0.73,35.94
1760,74690848,396.48,-590.82,-716.80,-0.37,-0.30,1.59,36.27
1761,74694898,391.11,-591.31,-713.38,-0.43,-0.73,2.13,36.13
1762,74698955,392.09,-596.68,-717.77,-1.10,-0.85,1.95,36.08
1763,74703005,394.53,-600.10,-719.73,-1.59,-0.79,1.77,36.32
1764,74707054,399.41,-608.89,-721.68,-1.65,-1.04,1.89,36.27
1765,74712799,400.88,-607.42,-717.29,-1.95,-1.04,1.95,36.32
1766,74716848,401.37,-604.49,-715.82,-2.50,-1.16,2.13,35.94
1767,74720898,393.07,-608.40,-720.21,-2.99,-1.46,1.95,36.22
1768,74724955,399.41,-613.77,-722.66,-2.80,-1.28,1.22,36.22
1769,74730799,400.88,-604.98,-716.80,-2.56,-1.34,0.43,36.32
1770,74734848,398.93,-603.03,-716.80,-2.87,-1.40,0.49,36.13
1771,74738898,390.14,-600.59,-718.26,-2.93,-1.16,0.30,36.32
1772,74742955,393.07,-595.21,-717.77,-2.62,-1.10,-0.12,36.27
1773,74747005,400.39,-587.89,-714.36,-2.56,-0.91,-0.18,36.27
1774,74752799,398.44,-584.47,-705.57,-2.68,-1.34,-0.12,36.22
1775,74756848,397.46,-582.52,-713.87,-2.93,-0.91,0.12,36.13
1776,74760898,402.34,-584.47,-712.40,-2.44,-0.91,0.00,36.22
1777,74764955,396.48,-582.52,-714.84,-2.13,-0.91,-0.24,36.32
1778,74769005,400.88,-574.71,-705.08,-1.65,-0.49,0.18,36.46
1779,74774799,401.86,-568.36,-707.52,-1.34,0.00,0.73,36.27
1780,74778848,395.02,-578.12,-706.05,-1.40,0.06,1.22,36.13
1781,74782898,390.62,-578.12,-710.45,-0.98,0.61,0.91,35.94
1782,74786955,401.37,-580.08,-703.61,-0.37,0.85,0.18,35.94
1783,74791005,405.76,-576.66,-703.61,-0.37,0.91,0.37,36.22
1784,74796799,397.95,-573.73,-701.17,-0.18,0.91,0.79,36.13
1785,74800848,395.51,-573.24,-700.68,-0.79,0.49,1.34,36.51
1786,74804898,394.53,-583.98,-707.03,-1.10,0.30,1.65,36.51
1787,74808955,397.95,-581.05,-708.98,-0.73,0.30,1.46,36.32
1788,74813005,396.48,-582.52,-702.64,-1.04,0.30,1.46,36.22
1789,74818799,398.44,-582.03,-704.10,-1.40,0.06,1.65,36.27
1790,74822848,396.00,-585.94,-701.66,-1.83,-0.12,1.46,36.32
1791,74826898,395.51,-586.43,-701.17,-1.89,-0.12,1.22,36.42
1792,74830955,397.95,-588.87,-700.20,-1.89,-0.43,1.04,36.08
1793,74835005,403.81,-592.77,-699.22,-1.77,-0.49,1.10,36.46
1794,74840799,399.90,-601.56,-706.05,-1.34,-0.55,0.49,36.13
1795,74844848,402.34,-596.19,-702.64,-0.55,-0.12,-0.06,36.46
1796,74848898,409.18,-591.80,-699.71,0.06,0.06,0.06,36.22
1797,74852955,400.88,-587.40,-696.29,0.37,0.12,0.18,36.27
1798,74857005,401.86,-590.82,-699.71,0.24,0.12,0.12,36.22
1799,74862799,402.34,-588.87,-697.75,0.24,-0.24,-0.12,36.13
1800,74866848,406.25,-588.38,-698.73,-0.18,-0.67,0.43,36.08
1801,74870898,401.86,-586.43,-697.27,0.06,-0.67,0.91,36.22
1802,74874955,396.48,-589.36,-698.24,-0.30,-0.55,1.10,36.13
1803,74879005,398.44,-585.45,-697.27,-0.61,-0.73,0.98,36.22
1804,74884799,407.23,-591.80,-698.73,-1.04,-0.98,0.55,36.22
1805,74888848,405.27,-606.45,-700.20,-0.43,-0.67,0.00,36.46
1806,74892898,407.23,-595.70,-701.17,0.06,-0.73,0.00,36.22
1807,74896955,397.46,-596.68,-698.24,0.06,-0.61,0.24,35.98
1808,74901005,397.46,-596.68,-706.05,0.30,-0.55,0.06,36.22
1809,74906799,396.48,-604.49,-707.52,0.85,0.00,-0.79,35.98
1810,74910848,402.34,-593.26,-710.45,1.71,0.49,-0.98,35.94
1811,74914898,397.95,-587.89,-699.71,1.52,0.43,-0.98,36.22
1812,74918955,395.51,-584.47,-694.34,1.04,-0.37,-0.85,36.51
1813,74924799,398.44,-582.52,-695.80,0.12,-1.10,-0.55,36.32
1814,74928848,408.20,-598.14,-707.52,-0.24,-0.98,-0.43,36.13
1815,74932898,400.88,-603.52,-711.43,0.12,-1.10,-0.79,36.13
1816,74936955,399.90,-598.14,-709.96,0.73,-1.16,-1.59,36.22
1817,74941005,396.48,-593.26,-710.94,0.55,-1.10,-1.46,36.32
1818,74946799,400.88,-586.91,-705.57,-0.30,-1.34,-1.10,36.13
1819,74950848,402.83,-582.52,-705.57,-0.61,-1.65,-0.37,36.32
1820,74954898,392.58,-590.33,-708.98,-1.28,-1.77,-0.43,36.08
1821,74958955,399.90,-593.75,-714.36,-1.40,-1.77,-0.67,36.46
1822,74963005,407.71,-599.61,-716.80,-0.67,-1.65,-1.10,36.22
1823,74968799,406.25,-598.14,-715.82,-0.30,-1.65,-1.28,36.13
1824,74972848,401.86,-587.89,-711.43,-0.43,-1.22,-0.73,36.27
1825,74976898,394.53,-578.12,-711.91,-1.10,-1.52,-0.12,35.79
1826,74980955,394.53,-581.54,-717.29,-1.40,-1.52,-0.18,36.13
1827,74985005,398.44,-584.47,-714.36,-1.71,-1.16,-0.49,36.32
1828,74990799,400.39,-586.43,-721.68,-1.40,-0.85,-0.06,36.27
1829,74994848,394.04,-588.87,-719.24,-0.79,-0.67,0.49,36.42
1830,74998898,396.48,-586.91,-715.82,-0.85,-0.79,-0.06,36.22
1831,75002955,397.95,-582.52,-708.50,-0.61,-1.10,-0.24,36.32
1832,75007005,392.58,-588.38,-708.01,-1.04,-1.28,-0.18,36.32
1833,75012799,394.53,-593.26,-711.43,-0.85,-1.04,-0.06,36.42
1834,75016848,395.51,-584.96,-717.29,-0.73,-0.98,0.00,36.42
1835,75020898,394.53,-591.80,-715.33,-0.91,-1.10,-0.24,36.22
1836,75024955,394.04,-596.19,-720.70,-0.30,-0.67,-0.73,36.46
1837,75029005,401.86,-590.33,-716.80,0.12,-0.24,-1.22,36.27
1838,75034799,400.39,-585.94,-715.33,0.43,-0.30,-0.85,36.13
1839,75038848,393.07,-581.05,-708.01,0.06,-0.24,-0.12,36.27
1840,75042898,392.09,-587.89,-712.40,-0.67,-0.24,-0.30,36.27
1841,75046955,394.04,-588.87,-712.40,-1.40,-0.91,-0.30,36.42
1842,75051005,398.93,-590.82,-710.94,-1.40,-1.04,0.12,36.46
1843,75056799,395.02,-596.19,-715.82,-1.65,-0.73,-0.06,36.22
1844,75060848,392.58,-596.19,-720.70,-0.91,-0.30,-0.61,36.32
1845,75064898,388.18,-589.36,-717.77,-0.79,-0.24,-0.85,36.22
1846,75068955,393.07,-583.01,-701.66,-0.55,-0.43,-1.16,36.27
1847,75073005,402.83,-581.54,-699.22,-1.10,-0.49,-1.28,36.22
1848,75078799,393.07,-583.50,-700.68,-1.59,-0.85,-0.85,36.61
1849,75082848,401.37,-573.24,-700.68,-1.65,-1.34,-0.49,36.22
1850,75086898,402.34,-568.36,-705.08,-1.16,-0.85,-0.18,36.32
1851,75090955,397.95,-568.36,-704.10,-1.10,-0.73,0.30,36.13
1852,75095005,395.51,-570.80,-707.03,-0.49,-0.43,0.18,36.27
1853,75100799,398.44,-569.82,-706.54,0.12,-0.24,-0.30,36.22
1854,75104848,402.34,-563.96,-695.80,0.49,-0.06,0.06,36.22
1855,75108898,400.39,-560.55,-688.96,0.30,-0.43,0.37,36.51
1856,75112955,400.88,-565.92,-697.27,-0.37,-0.55,0.49,36.46
1857,75117005,404.79,-570.80,-702.64,-0.43,-0.43,0.55,36.32
1858,75122799,407.23,-571.29,-701.17,-0.30,-0.73,1.10,35.98
1859,75126848,396.48,-586.91,-706.54,0.18,-0.37,1.28,36.13
1860,75130898,401.37,-592.77,-707.52,1.10,0.12,0.30,36.75
1861,75134955,408.69,-593.75,-703.61,1.59,-0.06,-0.24,36.32
1862,75140799,410.64,-592.29,-697.75,1.95,0.06,-0.79,36.51
1863,75144848,409.18,-590.82,-699.22,1.59,-0.30,-0.30,36.27
1864,75148898,406.74,-600.59,-704.59,1.22,-0.79,-0.12,36.32
1865,75152955,403.81,-609.86,-706.05,1.04,-0.98,-0.12,36.32
1866,75157005,409.18,-612.79,-708.50,0.79,-1.04,-1.10,36.46
1867,75162799,409.18,-609.86,-709.47,0.91,-1.22,-1.16,36.46
1868,75166848,408.20,-609.86,-709.96,0.91,-1.16,-0.67,36.27
1869,75170898,404.30,-605.96,-714.84,0.30,-1.59,-0.85,36.32
1870,75174955,400.88,-615.23,-715.82,-0.18,-1.46,-0.91,36.13
1871,75179005,409.18,-619.14,-716.31,-0.06,-1.46,-1.77,35.89
1872,75184799,414.06,-616.70,-712.89,-0.37,-1.71,-2.13,36.42
1873,75188848,414.06,-617.68,-711.91,-0.55,-1.59,-2.80,36.13
1874,75192898,414.06,-613.28,-712.40,-0.55,-1.22,-2.07,36.13
1875,75196955,406.74,-607.42,-714.84,0.00,-1.04,-2.07,36.46
1876,75201005,404.79,-602.05,-712.89,0.00,-1.04,-2.01,36.42
1877,75206799,403.32,-594.24,-708.98,-0.30,-1.10,-1.77,36.22
1878,75210848,404.30,-604.00,-712.40,-0.67,-0.73,-1.10,36.13
1879,75214898,398.93,-602.05,-711.91,-0.61,-0.55,-1.28,36.32
1880,75218955,403.81,-591.31,-705.08,-0.43,-0.85,-2.13,36.22
1881,75223005,409.18,-586.43,-702.15,-1.04,-1.40,-1.89,36.27
1882,75228799,404.79,-577.15,-702.15,-1.83,-1.52,-1.04,36.46
1883,75232848,393.07,-583.50,-707.52,-2.20,-1.77,-0.49,36.27
1884,75236898,399.41,-586.91,-705.08,-1.83,-1.34,-0.67,36.32
1885,75240955,396.97,-589.84,-709.47,-1.46,-1.40,-1.34,36.27
1886,75245005,398.44,-585.94,-708.98,-1.34,-1.28,-1.59,36.22
1887,75250799,398.44,-583.98,-709.47,-1.10,-1.16,-1.28,36.32
1888,75254848,395.51,-583.01,-707.52,-0.61,-0.85,-0.85,36.46
1889,75258898,395.02,-587.40,-710.45,-0.55,-0.91,-1.28,36.32
1890,75262955,394.04,-593.26,-711.43,-0.18,-0.37,-2.26,35.79
1891,75267005,403.32,-587.40,-708.01,0.49,-0.06,-2.62,36.08
1892,75272799,395.02,-582.03,-709.47,0.37,-0.18,-2.50,36.22
1893,75276848,395.02,-586.91,-705.08,0.30,-0.24,-1.83,36.13
1894,75280898,397.95,-583.50,-709.96,0.37,0.00,-1.83,36.46
1895,75284955,393.07,-585.94,-708.50,0.37,0.06,-1.34,36.27
1896,75289005,388.67,-589.36,-705.08,0.49,-0.24,-1.10,36.46
1897,75294799,393.55,-586.43,-707.52,-0.43,-0.37,-1.22,36.27
1898,75298848,390.14,-594.73,-708.50,-0.85,-0.30,-0.91,36.46
1899,75302898,391.60,-589.84,-705.08,-0.79,-0.24,-1.28,36.42
1900,75306955,396.48,-582.03,-703.61,-0.67,-0.30,-1.34,36.22
1901,75311005,394.04,-578.12,-695.31,-1.04,-0.61,-1.52,36.46
1902,75316799,395.51,-573.73,-691.89,-1.65,-1.04,-0.61,36.22
1903,75320848,397.46,-575.68,-702.15,-1.83,-1.04,0.85,36.22
1904,75324898,386.23,-586.43,-703.12,-1.40,-1.04,0.73,36.32
1905,75328955,393.55,-590.33,-710.94,-0.61,-0.61,-0.79,35.94
1906,75333005,399.90,-588.38,-698.73,-0.06,-0.37,-1.16,36.42
1907,75338799,405.76,-576.17,-695.80,0.61,-0.06,-0.61,36.32
1908,75342848,391.60,-563.96,-693.36,0.49,0.12,0.61,36.13
1909,75346898,389.65,-560.06,-699.22,-0.18,-0.30,0.98,36.13
1910,75350955,392.58,-564.94,-699.22,-0.85,-0.12,0.79,36.42
1911,75356799,394.53,-571.78,-700.68,-0.73,-0.12,0.91,36.22
1912,75360848,399.90,-576.17,-702.15,-0.67,-0.24,0.91,36.22
1913,75364898,406.74,-586.91,-697.27,-0.18,-0.18,0.43,36.32
1914,75368955,407.23,-589.84,-695.80,0.30,-0.30,0.24,36.46
1915,75373005,408.69,-591.31,-700.20,0.67,-0.43,-0.24,36.42
1916,75378799,402.83,-588.38,-699.22,0.98,-0.67,0.00,36.22
1917,75382848,403.81,-590.33,-697.27,0.85,-0.98,-0.43,36.22
1918,75386898,406.25,-597.17,-703.12,0.73,-1.28,-0.79,35.98
1919,75390955,402.83,-601.07,-708.50,0.67,-0.98,-0.79,36.32
1920,75395005,396.48,-598.14,-710.45,0.73,-1.28,-0.30,36.27
1921,75400799,400.39,-600.59,-706.05,0.55,-1.34,-0.43,36.46
1922,75404848,400.88,-599.12,-710.45,0.06,-1.10,-0.24,36.27
1923,75408898,401.86,-600.10,-712.89,-0.24,-1.59,0.43,36.08
1924,75412955,405.76,-601.07,-713.38,-0.67,-1.40,0.55,36.51
1925,75417005,403.32,-605.47,-712.40,-1.16,-1.22,0.79,36.32
1926,75422799,401.37,-602.05,-714.84,-1.28,-1.16,0.61,36.13
1927,75426848,401.37,-605.96,-717.29,-0.85,-0.73,0.12,36.42
1928,75430898,398.44,-604.49,-716.80,-0.67,-0.67,-0.12,36.27
1929,75434955,404.79,-601.56,-714.84,-0.24,-0.55,0.43,36.66
1930,75439005,396.97,-596.19,-714.36,-0.18,-0.43,0.06,36.32
1931,75444799,404.30,-596.68,-711.91,0.12,-0.61,0.18,36.42
1932,75448848,395.51,-591.31,-715.82,0.37,-0.49,0.55,36.46
1933,75452898,399.41,-593.26,-722.17,0.61,-0.43,0.30,36.22
1934,75456955,398.44,-593.26,-715.82,0.37,-0.79,0.06,36.27
1935,75461005,403.32,-599.61,-716.31,-0.24,-0.85,-0.06,36.46
1936,75466799,404.79,-596.19,-712.89,-0.30,-0.61,-0.49,36.42
1937,75470848,400.39,-593.75,-716.80,-0.37,-0.73,-0.67,36.27
1938,75474898,402.34,-585.45,-713.38,-0.55,-0.85,-0.55,36.46
1939,75478955,403.81,-585.94,-716.80,-1.04,-1.04,-0.73,35.98
1940,75483005,403.81,-584.96,-717.77,-1.40,-0.98,-0.06,36.42
1941,75488799,403.81,-592.29,-715.33,-1.10,-0.98,0.06,36.27
1942,75492848,404.79,-585.45,-712.89,-0.79,-0.79,-0.24,36.13
1943,75496898,403.81,-583.01,-713.38,-0.85,-0.79,-0.30,36.51
1944,75500955,397.46,-577.15,-708.50,-0.49,-0.67,-0.06,36.32
1945,75505005,398.93,-580.08,-710.45,-0.91,-0.55,-0.06,36.46
1946,75510799,397.95,-591.80,-712.89,-1.10,-0.98,-0.18,36.22
1947,75514848,404.79,-595.21,-713.38,-0.98,-0.73,-0.12,36.42
1948,75518898,398.44,-595.21,-711.91,-0.73,-0.55,-0.24,36.42
1949,75522955,398.44,-593.75,-715.82,-0.85,-0.67,-0.24,36.32
1950,75527005,394.53,-591.80,-712.89,-0.91,-0.85,-0.61,36.13
1951,75532799,400.88,-584.96,-709.96,-1.65,-1.04,0.00,36.42
1952,75536848,399.90,-596.68,-717.29,-2.20,-0.98,0.98,36.27
1953,75540898,392.58,-601.56,-721.68,-2.07,-0.55,0.73,36.32
1954,75544955,393.55,-604.49,-714.84,-1.95,-0.43,-0.12,36.32
1955,75549005,406.74,-599.61,-706.05,-2.38,-0.61,-0.24,36.32
1956,75554799,402.34,-594.24,-704.59,-2.44,-0.61,0.30,36.08
1957,75558848,408.69,-585.45,-705.08,-2.62,-0.55,1.46,35.98
1958,75562898,393.55,-583.50,-701.17,-2.68,-0.79,1.95,36.42
1959,75566955,396.97,-588.38,-708.01,-2.62,-0.49,1.22,36.22
1960,75572799,400.88,-593.26,-714.36,-1.71,0.24,0.61,36.27
1961,75576848,402.34,-584.47,-702.15,-0.98,0.67,0.79,36.08
1962,75580898,395.02,-582.52,-698.24,-1.16,0.61,1.10,36.22
1963,75584955,395.51,-575.68,-691.41,-1.46,0.18,0.98,36.46
1964,75589005,402.83,-580.57,-692.38,-2.07,0.06,0.85,36.27
1965,75594799,405.27,-584.47,-697.27,-2.44,-0.49,0.79,36.13
1966,75598848,399.41,-599.61,-702.64,-2.20,-0.37,0.79,36.32
1967,75602898,399.90,-601.07,-698.24,-1.22,-0.49,0.18,36.08
1968,75606955,403.81,-594.24,-698.24,-0.91,-0.30,-0.30,36.42
1969,75611005,404.79,-583.98,-694.34,-0.91,-0.30,-0.12,36.32
1970,75616799,401.37,-581.54,-695.80,-1.04,-0.49,0.43,36.46
1971,75620848,397.95,-583.01,-695.80,-1.28,-0.18,0.85,36.46
1972,75624898,395.02,-591.80,-700.20,-1.16,-0.91,0.61,36.22
1973,75628955,398.44,-598.14,-696.78,-1.28,-0.91,0.24,36.51
1974,75633005,401.86,-594.73,-695.31,-1.34,-1.16,-0.06,36.42
1975,75638799,396.97,-591.80,-698.73,-1.59,-1.34,-0.24,36.46
1976,75642848,399.90,-595.21,-701.66,-1.34,-1.46,-0.43,36.22
1977,75646898,398.44,-585.45,-700.20,-0.85,-1.40,-0.79,36.42
1978,75650955,394.04,-580.08,-696.29,-1.16,-1.46,-0.79,36.27
1979,75655005,399.41,-579.59,-695.80,-1.65,-1.83,-0.12,36.42
1980,75660799,398.93,-576.17,-696.78,-1.89,-1.83,0.67,36.32
1981,75664848,396.00,-576.17,-703.12,-1.77,-1.59,1.16,36.22
1982,75668898,401.86,-583.50,-708.98,-1.77,-1.28,1.52,36.32
1983,75672955,400.88,-583.01,-706.54,-1.52,-1.10,2.07,36.51
1984,75677005,396.00,-582.03,-700.20,-1.04,-1.04,2.32,36.51
1985,75682799,396.48,-581.05,-699.22,-1.40,-1.04,2.20,35.98
1986,75686848,396.48,-578.61,-696.78,-1.46,-1.04,1.89,36.32
1987,75690898,399.90,-586.91,-701.17,-1.16,-0.85,2.01,36.51
1988,75694955,401.37,-589.84,-706.54,-0.67,-0.79,2.07,36.22
1989,75699005,396.48,-593.75,-706.54,0.18,-0.67,1.34,36.27
1990,75704799,400.88,-593.75,-709.47,0.37,-0.61,0.67,36.42
1991,75708848,400.88,-589.84,-708.98,1.10,-0.37,0.61,36.46
1992,75712898,395.51,-585.45,-701.66,1.28,-0.61,0.61,36.22
1993,75716955,400.39,-582.03,-707.03,0.30,-0.91,0.91,35.94
1994,75721005,399.41,-586.91,-710.94,-0.43,-0.98,1.04,36.42
1995,75726799,400.88,-587.89,-713.87,-0.85,-1.34,1.16,36.46
1996,75730848,400.39,-597.66,-711.91,-1.40,-1.28,0.91,36.22
1997,75734898,405.27,-603.03,-712.40,-1.34,-1.40,0.98,36.46
1998,75738955,403.81,-610.84,-711.91,-1.28,-1.40,0.49,36.22
1999,75743005,397.46,-606.93,-718.26,-1.46,-1.28,0.00,36.27
2000,75748799,403.81,-601.56,-714.84,-0.98,-1.10,-0.06,36.32
2001,75752848,405.27,-592.29,-713.38,-1.04,-1.04,-0.37,36.32
2002,75756898,401.37,-602.54,-714.84,-0.79,-1.10,0.06,36.27
2003,75760955,400.39,-596.19,-713.38,-0.61,-1.10,0.06,36.46
2004,75765005,399.90,-589.84,-711.43,-0.67,-1.04,-0.30,36.13
2005,75770799,406.25,-593.75,-711.43,-0.61,-1.10,-0.37,36.46
2006,75774848,405.76,-593.75,-715.82,-0.55,-1.28,-0.85,36.27
2007,75778898,406.25,-587.89,-711.91,-0.55,-1.40,-0.49,36.51
2008,75782955,405.76,-584.47,-710.45,-0.91,-1.04,-0.43,36.51
2009,75788799,402.83,-583.50,-703.12,-1.16,-1.59,0.12,36.42
2010,75792848,403.81,-580.08,-705.57,-1.71,-1.52,0.73,36.42
2011,75796898,402.34,-587.40,-719.24,-1.52,-1.10,1.59,35.94
2012,75800955,397.95,-592.77,-725.59,-0.98,-0.37,1.89,36.32
2013,75805005,389.16,-593.26,-722.17,-0.18,0.37,1.22,36.27
2014,75810799,391.60,-580.57,-707.03,0.06,0.79,1.04,36.27
2015,75814848,400.88,-580.57,-704.59,-1.10,0.55,0.98,36.42
2016,75818898,398.44,-585.45,-704.10,-1.40,0.24,1.22,36.13
2017,75822955,401.37,-575.20,-703.61,-1.40,0.24,0.98,36.42
2018,75827005,391.60,-576.66,-701.66,-1.52,-0.06,0.79,36.27
2019,75832799,396.48,-575.68,-706.54,-2.20,-0.30,1.52,36.42
2020,75836848,399.90,-577.15,-703.61,-1.95,-0.85,1.95,36.32
2021,75840898,390.62,-586.91,-703.12,-1.83,-1.16,1.46,36.22
2022,75844955,400.39,-583.01,-703.61,-1.46,-1.04,0.49,36.46
2023,75849005,402.83,-578.12,-703.12,-1.22,-0.79,0.67,36.13
2024,75854799,403.81,-574.71,-701.17,-0.85,-0.79,0.55,36.22
2025,75858848,394.53,-574.22,-699.22,-0.91,-1.04,0.85,36.46
2026,75862898,399.41,-570.80,-701.66,-0.79,-0.98,0.85,36.42
2027,75866955,401.37,-574.71,-699.22,-0.55,-1.10,1.04,36.27
2028,75871005,402.34,-586.91,-708.01,-0.37,-0.85,1.65,36.32
2029,75876799,397.46,-598.14,-708.50,0.24,-0.43,1.77,36.46
2030,75880848,403.32,-603.03,-712.89,0.73,-0.67,0.49,36.22
2031,75884898,408.20,-597.66,-708.98,0.91,-0.67,0.55,36.27
2032,75888955,403.32,-596.19,-704.10,0.43,-0.85,0.61,36.22
2033,75893005,407.23,-596.19,-703.61,-0.24,-1.28,1.59,36.42
2034,75898799,403.81,-601.07,-704.10,-0.73,-1.65,2.20,36.66
2035,75902848,410.64,-604.00,-706.05,-0.85,-2.07,2.44,36.61
2036,75906898,411.13,-609.38,-709.96,-0.79,-2.13,2.56,36.13
2037,75910955,404.79,-611.33,-710.45,-1.04,-2.20,2.50,35.98
2038,75915005,401.86,-612.79,-714.36,-1.10,-2.20,2.80,36.22
2039,75920799,394.04,-610.84,-716.80,-1.16,-2.44,2.38,36.32
2040,75924848,399.41,-614.26,-713.38,-2.07,-2.20,1.77,36.32
2041,75928898,397.95,-612.79,-716.80,-2.13,-1.77,1.59,36.42
2042,75932955,400.88,-607.91,-719.73,-2.26,-1.59,1.65,35.98
2043,75937005,398.93,-601.56,-711.91,-2.26,-1.65,1.46,36.32
2044,75942799,393.55,-593.26,-703.12,-2.62,-1.46,1.28,36.42
2045,75946848,399.41,-599.12,-705.57,-3.11,-1.59,0.49,36.08
2046,75950898,406.25,-602.54,-705.57,-2.56,-1.22,0.30,36.27
2047,75954955,401.86,-592.29,-701.17,-1.59,-1.65,0.06,36.22
2048,75959005,403.32,-585.45,-700.20,-1.22,-1.77,-0.12,36.32
2049,75964799,402.34,-583.98,-694.34,-1.40,-1.52,0.24,36.32
2050,75968848,400.39,-581.05,-701.17,-1.65,-1.77,0.30,36.42
2051,75972898,399.41,-576.66,-701.66,-1.71,-1.89,0.67,36.27
2052,75976955,391.60,-577.64,-707.52,-1.34,-2.07,1.52,36.22
2053,75981005,390.62,-578.61,-709.47,-1.46,-1.83,2.26,36.46
2054,75986799,390.14,-576.66,-708.98,-2.07,-1.89,2.26,36.22
2055,75990848,391.60,-588.38,-717.77,-2.20,-1.28,2.13,36.13
2056,75994898,391.11,-583.50,-720.70,-1.83,-0.91,2.13,36.42
2057,75998955,392.58,-579.10,-714.84,-1.71,-0.30,2.80,36.46
2058,76004799,387.70,-577.64,-708.01,-2.20,-0.37,3.23,36.42
2059,76008848,387.70,-584.47,-707.03,-2.26,-0.06,3.29,36.46
2060,76012898,390.14,-589.36,-709.96,-1.89,-0.12,2.80,35.98
2061,76016955,396.97,-585.45,-708.98,-1.89,0.24,3.35,36.46
2062,76021005,396.00,-583.98,-703.61,-1.65,-0.12,4.45,36.32
2063,76026799,389.65,-591.31,-708.01,-1.95,-0.24,4.21,36.42
2064,76030848,390.62,-598.14,-706.05,-2.62,-0.06,3.66,36.27
2065,76034898,392.58,-603.52,-684.57,-4.21,-0.61,3.72,36.13
2066,76038955,384.28,-606.45,-685.06,-6.77,-1.40,3.17,36.42
2067,76043005,421.87,-626.95,-761.23,-6.65,-2.32,1.95,36.61
2068,76048799,408.69,-619.14,-746.09,0.37,0.06,3.29,36.46
2069,76052848,354.98,-567.38,-699.22,0.61,0.98,2.56,36.51
2070,76056898,393.55,-575.20,-697.27,-2.62,-0.18,0.24,36.13
2071,76060955,412.60,-604.49,-699.22,-3.72,-1.22,1.59,35.75
2072,76065005,405.27,-610.84,-715.33,-2.99,-1.22,3.60,36.32
2073,76070799,387.70,-593.75,-718.26,-1.46,-0.06,2.87,36.42
2074,76074848,382.32,-567.87,-702.15,-1.04,-0.37,2.01,36.51
2075,76078898,394.04,-572.27,-699.71,-2.13,-0.98,2.32,36.61
2076,76082955,396.00,-578.12,-697.27,-3.23,-1.34,3.48,36.42
2077,76087005,395.02,-586.43,-705.57,-2.93,-1.22,2.87,36.32
2078,76092799,393.07,-591.31,-704.59,-2.01,-1.04,2.26,36.42
2079,76096848,394.53,-587.40,-703.12,-1.04,-1.22,1.10,36.32
2080,76100898,398.44,-585.45,-708.98,-0.98,-1.34,0.79,36.32
2081,76104955,394.53,-575.68,-705.08,-0.61,-1.46,0.85,36.32
2082,76109005,394.04,-578.12,-702.64,-0.37,-1.10,0.85,36.32
2083,76114799,388.67,-581.54,-709.47,-0.18,-1.10,0.24,36.51
2084,76118848,391.60,-578.61,-704.10,0.79,-1.16,0.12,36.32
2085,76122898,390.14,-579.10,-703.12,0.61,-1.16,-0.06,36.27
2086,76126955,384.28,-586.43,-707.03,0.43,-1.16,0.00,36.32
2087,76131005,387.70,-592.77,-715.33,0.30,-1.10,-0.49,36.46
2088,76136799,390.62,-595.70,-722.66,0.49,-1.04,-0.85,36.46
2089,76140848,392.09,-595.21,-712.40,0.67,-0.91,-0.12,36.51
2090,76144898,390.14,-601.56,-712.40,-0.24,-1.04,-0.24,36.32
2091,76148955,389.16,-592.29,-713.38,-0.55,-1.22,-0.49,36.08
2092,76153005,393.55,-596.19,-710.45,-1.10,-1.52,-0.98,36.22
2093,76158799,396.48,-599.61,-709.96,-1.10,-1.52,-0.49,36.27
2094,76162848,396.00,-600.59,-716.31,-0.98,-1.28,-0.73,36.32
2095,76166898,394.04,-596.68,-712.89,-0.55,-1.28,-0.61,36.27
2096,76170955,394.04,-593.75,-708.98,-0.49,-1.28,-0.43,36.13
2097,76175005,394.53,-591.80,-704.10,-0.85,-1.52,-0.06,36.22
2098,76180799,401.37,-602.54,-712.40,-1.04,-1.40,-0.49,36.22
2099,76184848,397.46,-596.68,-712.40,-0.73,-1.40,-0.79,36.61
2100,76188898,401.37,-599.12,-710.45,-0.91,-1.65,-1.10,36.13
2101,76192955,395.51,-598.14,-711.91,-0.79,-1.40,-1.71,36.27
2102,76197005,391.11,-590.82,-711.91,-0.91,-1.46,-2.13,36.51
2103,76202799,396.97,-581.54,-708.98,-0.67,-1.83,-2.26,36.32
2104,76206848,396.97,-575.68,-703.61,-0.61,-2.01,-1.77,36.32
2105,76210898,386.23,-578.12,-713.87,-0.61,-1.95,-1.71,36.32
2106,76214955,391.60,-580.08,-706.05,-0.43,-2.20,-1.65,36.27
2107,76220799,394.04,-583.01,-708.50,-0.37,-1.95,-1.65,36.66
2108,76224848,389.65,-590.82,-713.87,-0.30,-1.71,-1.59,36.22
2109,76228898,389.16,-581.05,-710.45,0.18,-1.83,-1.83,36.46
2110,76232955,395.51,-581.54,-709.96,0.12,-1.77,-2.20,36.22
2111,76237005,397.46,-577.15,-709.96,0.06,-1.52,-1.59,36.27
2112,76242799,392.09,-577.64,-719.24,-0.06,-1.10,-0.30,36.22
2113,76246848,384.77,-588.38,-721.19,0.73,-0.30,-0.24,36.13
2114,76250898,385.25,-585.94,-717.29,0.85,-0.18,-0.61,36.22
2115,76254955,392.58,-590.33,-712.89,0.61,-0.18,-0.85,36.46
2116,76259005,399.90,-586.91,-709.96,0.18,-0.24,-0.12,36.42
2117,76264799,397.46,-589.36,-707.03,-0.12,0.00,0.67,36.22
2118,76268848,396.00,-585.94,-705.08,0.55,0.12,1.04,35.98
2119,76272898,391.60,-586.43,-710.94,0.18,-0.24,1.34,36.13
2120,76276955,393.55,-596.19,-712.89,0.24,-0.24,1.59,36.27
2121,76281005,395.51,-597.66,-716.31,0.67,-0.18,1.52,36.08
2122,76286799,391.11,-596.19,-718.75,1.10,0.24,1.71,36.46
2123,76290848,388.18,-589.36,-713.87,0.85,0.37,1.83,36.27
2124,76294898,385.74,-588.87,-711.43,0.49,0.55,1.83,36.42
2125,76298955,390.14,-596.68,-708.50,-0.67,0.49,1.65,36.51
2126,76303005,393.55,-596.68,-712.40,-0.91,0.37,1.34,36.51
2127,76308799,396.48,-599.12,-713.38,-0.98,0.37,1.52,36.42
2128,76312848,393.07,-602.54,-712.89,-1.04,0.61,1.77,36.51
2129,76316898,388.67,-600.10,-708.98,-0.61,0.43,1.59,36.27
2130,76320955,390.14,-599.61,-704.59,-0.67,0.12,0.85,36.42
2131,76325005,397.46,-596.19,-707.03,-0.55,0.06,1.22,36.66
2132,76330799,395.51,-598.63,-703.12,-0.79,-0.30,1.28,36.51
2133,76334848,396.97,-585.94,-706.05,-1.04,-0.30,1.16,36.27
2134,76338898,387.70,-585.45,-707.03,-1.28,-0.55,1.71,36.32
2135,76342955,392.09,-583.50,-709.47,-1.34,-0.43,1.52,36.22
2136,76347005,390.62,-590.82,-706.05,-1.34,-0.43,1.46,36.32
2137,76352799,390.62,-586.43,-707.52,-1.22,-0.37,1.28,36.46
2138,76356848,396.00,-584.47,-701.17,-1.28,-0.37,1.77,36.42
2139,76360898,395.02,-580.08,-709.47,-1.10,-0.55,2.44,36.46
2140,76364955,383.30,-583.50,-716.80,-0.98,-0.37,3.17,36.42
2141,76369005,381.84,-585.45,-717.77,-0.85,-0.12,2.26,36.61
2142,76374799,385.74,-588.87,-715.33,-0.73,0.37,1.59,36.46
2143,76378848,385.74,-585.45,-708.01,-0.73,0.24,1.65,36.61
2144,76382898,391.60,-582.52,-704.10,-0.67,0.30,2.01,36.32
2145,76386955,393.55,-581.05,-705.57,-0.73,0.30,2.26,36.22
2146,76391005,386.23,-586.43,-708.50,-0.49,0.24,2.56,36.51
2147,76396799,388.67,-589.36,-711.91,-0.67,0.37,2.44,36.22
2148,76400848,388.67,-593.75,-709.96,-0.85,0.24,2.68,36.22
2149,76404898,389.65,-594.24,-708.98,-0.85,0.12,2.68,35.94
2150,76408955,383.79,-591.80,-705.08,-0.91,0.12,2.62,36.46
2151,76413005,392.58,-588.87,-710.94,-1.04,-0.06,2.44,36.32
2152,76418799,390.62,-595.70,-706.05,-1.16,0.06,2.13,36.42
2153,76422848,402.34,-600.59,-709.47,-0.55,0.43,1.52,36.08
2154,76426898,400.39,-598.63,-706.54,-0.37,0.24,1.65,36.22
2155,76430955,393.55,-601.07,-705.08,-0.37,0.06,1.40,36.27
2156,76436799,394.04,-589.84,-701.66,-0.73,-0.30,1.28,36.32
2157,76440848,403.81,-598.63,-702.64,-0.91,-0.67,1.22,36.46
2158,76444898,395.51,-603.52,-706.05,-1.10,-0.49,0.67,36.42
2159,76448955,399.41,-602.54,-707.52,-0.61,-0.73,0.06,36.61
2160,76453005,406.25,-600.59,-702.15,-0.55,-0.98,-0.24,36.46
2161,76458799,406.74,-589.84,-691.89,-0.67,-1.40,-0.30,36.46
2162,76462848,404.30,-585.45,-697.27,-1.40,-2.13,0.55,36.42
2163,76466898,397.95,-589.36,-704.10,-1.65,-2.32,1.46,36.32
2164,76470955,401.86,-590.33,-715.82,-1.77,-2.07,1.89,36.42
2165,76475005,393.55,-596.68,-718.26,-0.91,-1.46,1.77,36.42
2166,76480799,396.00,-598.63,-720.70,-0.24,-0.79,1.28,36.75
2167,76484848,397.95,-591.80,-704.59,-0.55,-0.73,0.91,36.22
2168,76488898,400.39,-589.36,-703.12,-1.16,-0.67,1.34,36.13
2169,76492955,398.44,-588.38,-700.20,-1.10,-0.55,1.77,36.32
2170,76497005,399.90,-581.05,-704.10,-1.46,-1.22,2.13,36.32
2171,76502799,395.02,-582.52,-708.01,-1.40,-0.91,2.50,36.22
2172,76506848,399.90,-591.31,-703.12,-1.59,-1.10,2.87,36.51
2173,76510898,398.44,-593.26,-706.05,-1.59,-1.04,2.62,36.46
2174,76514955,400.39,-596.19,-705.57,-1.46,-0.98,2.68,36.42
2175,76519005,393.07,-590.33,-708.50,-1.59,-1.10,2.32,36.46
2176,76524799,396.48,-590.82,-709.96,-1.52,-0.98,1.71,36.46
2177,76528848,397.46,-597.66,-705.08,-1.40,-1.40,0.98,36.61
2178,76532898,400.88,-596.19,-706.05,-1.10,-1.10,0.67,35.98
2179,76536955,400.39,-592.29,-712.40,-0.55,-0.98,0.43,36.42
2180,76541005,401.37,-594.73,-722.17,0.24,-0.61,0.67,36.22
2181,76546799,390.14,-599.61,-712.89,0.98,-0.49,-0.37,36.42
2182,76550848,401.37,-591.31,-708.01,1.04,-0.61,-1.04,36.46
2183,76554898,403.32,-597.17,-704.59,1.22,-0.61,-1.10,36.22
2184,76558955,402.34,-593.26,-708.01,0.79,-0.98,-0.67,35.98
2185,76563005,402.34,-600.59,-713.38,0.49,-0.91,-0.49,36.42
2186,76568799,405.27,-602.54,-714.84,0.30,-0.85,-0.24,36.46
2187,76572848,396.00,-606.45,-708.01,-0.18,-1.28,-0.24,36.22
2188,76576898,393.55,-614.75,-718.26,-0.30,-1.34,-0.49,36.32
2189,76580955,393.07,-617.68,-721.68,-0.61,-1.46,-0.91,36.32
2190,76585005,393.55,-609.86,-718.26,-0.67,-0.98,-1.46,36.61
2191,76590799,393.55,-606.93,-714.36,-1.10,-1.59,-1.28,36.22
2192,76594848,394.53,-596.19,-713.38,-1.95,-1.52,-1.16,36.27
2193,76598898,389.65,-596.19,-715.33,-2.20,-2.13,-1.22,36.51
2194,76602955,393.55,-588.38,-714.36,-2.26,-1.65,-0.79,36.46
2195,76607005,391.11,-589.36,-718.75,-2.44,-1.89,-0.37,36.32
2196,76612799,388.67,-581.54,-713.38,-2.50,-1.28,-0.49,36.46
2197,76616848,391.60,-564.94,-709.96,-2.13,-1.46,0.06,36.51
2198,76620898,390.14,-569.82,-711.43,-2.26,-1.22,0.85,36.61
2199,76624955,387.21,-566.41,-708.50,-1.83,-0.79,0.67,36.46
2200,76629005,389.65,-576.66,-714.84,-1.65,-0.30,0.43,36.66
2201,76634799,395.51,-572.27,-709.96,-0.55,0.12,0.67,36.32
2202,76638848,393.07,-571.29,-700.68,-0.06,0.43,0.79,35.98
2203,76642898,388.18,-570.31,-700.20,0.06,0.24,0.61,36.46
2204,76646955,395.02,-570.80,-701.17,0.24,0.12,0.24,36.32
2205,76652799,397.46,-582.03,-705.57,0.67,-0.18,0.24,36.51
2206,76656848,393.55,-583.01,-705.08,1.10,0.12,0.37,36.22
2207,76660898,392.09,-591.80,-706.54,1.34,0.12,0.37,36.27
2208,76664955,395.51,-600.10,-714.36,1.04,-0.24,-0.06,36.46
2209,76669005,393.55,-598.63,-710.45,0.67,-0.49,-0.24,36.42
2210,76674799,395.51,-602.54,-711.43,0.43,-0.85,0.06,36.22
2211,76678848,392.58,-603.03,-712.89,-0.06,-1.28,0.06,36.42
2212,76682898,395.02,-602.54,-714.84,-0.61,-1.04,0.37,36.22
2213,76686955,397.46,-602.54,-716.80,-1.16,-1.28,0.61,36.27
2214,76691005,390.62,-609.86,-713.38,-1.46,-1.59,1.10,36.46
2215,76696799,392.09,-611.82,-715.33,-2.13,-1.71,0.85,36.46
2216,76700848,397.46,-607.42,-710.45,-2.26,-1.71,0.49,36.51
2217,76704898,398.93,-610.35,-716.31,-2.44,-1.83,0.67,36.22
2218,76708955,400.39,-606.45,-716.31,-2.56,-1.65,0.79,36.13
2219,76713005,393.55,-609.38,-716.80,-2.32,-1.40,0.49,36.46
2220,76718799,391.11,-608.89,-709.47,-2.01,-1.46,-0.79,36.27
2221,76722848,403.32,-603.52,-707.52,-1.59,-1.34,-1.46,36.51
2222,76726898,402.34,-598.14,-705.57,-1.28,-1.22,-1.10,36.42
2223,76730955,400.39,-592.77,-709.47,-1.10,-1.22,-1.22,36.42
2224,76735005,396.97,-583.01,-705.57,-1.16,-1.28,-0.91,36.51
2225,76740799,389.65,-580.57,-703.61,-1.28,-1.65,-0.73,36.66
2226,76744848,386.72,-579.59,-705.08,-2.01,-1.83,-0.37,36.75
2227,76748898,394.53,-584.96,-705.57,-2.50,-2.01,-0.12,36.32
2228,76752955,389.65,-584.47,-708.01,-2.68,-2.20,0.06,36.08
2229,76757005,389.16,-586.91,-706.54,-2.50,-2.13,-0.06,36.42
2230,76762799,391.60,-598.63,-709.96,-1.83,-1.71,-1.59,36.08
2231,76766848,390.14,-585.94,-705.08,-1.22,-2.01,-2.50,36.46
2232,76770898,390.62,-575.68,-703.61,-0.67,-2.07,-1.77,36.46
2233,76774955,388.18,-582.03,-704.10,-0.98,-2.01,-1.28,36.27
2234,76779005,384.28,-590.33,-708.98,-0.85,-1.89,-1.83,36.32
2235,76784799,391.60,-590.33,-710.94,-0.55,-1.59,-2.13,36.32
2236,76788848,389.16,-592.29,-711.91,-0.06,-1.28,-2.13,36.22
2237,76792898,390.62,-588.87,-708.98,-0.37,-1.40,-1.89,36.51
2238,76796955,391.60,-590.82,-711.91,-0.73,-1.28,-1.34,35.94
2239,76801005,388.67,-583.98,-715.82,-0.67,-0.73,-0.37,36.46
2240,76806799,384.28,-585.45,-717.77,-0.43,-0.67,1.04,36.13
2241,76810848,378.42,-585.45,-718.26,-0.79,-0.30,1.22,36.13
2242,76814898,384.77,-597.17,-715.82,-1.59,-0.43,1.16,36.46
2243,76818955,387.21,-605.96,-719.24,-1.77,-0.06,0.37,36.27
2244,76823005,393.07,-601.56,-712.40,-1.04,0.55,0.24,36.27
2245,76828799,396.00,-593.75,-709.47,-0.79,0.91,0.85,36.27
2246,76832848,390.14,-585.94,-699.71,-0.55,0.67,0.73,36.13
2247,76836898,392.09,-586.43,-699.22,-0.91,0.43,0.73,36.46
2248,76840955,394.04,-591.31,-700.20,-1.04,0.49,0.37,36.22
2249,76845005,396.00,-594.73,-701.17,-0.55,0.43,0.37,36.42
2250,76850799,391.60,-594.73,-706.54,-0.55,0.49,-0.06,35.98
2251,76854848,396.97,-583.98,-697.75,-0.30,0.37,-0.37,36.13
2252,76858898,401.86,-585.94,-695.80,-0.12,0.30,-0.49,36.32
2253,76862955,400.39,-589.36,-697.75,-0.67,-0.18,-0.37,36.32
2254,76868799,394.53,-584.47,-694.82,-0.49,-0.67,-0.67,36.27
2255,76872848,401.37,-580.57,-689.94,-0.61,-0.98,-0.98,36.32
2256,76876898,402.34,-583.01,-694.82,-0.67,-1.34,-0.61,36.27
2257,76880955,399.41,-586.43,-698.73,-0.49,-1.10,-0.43,36.22
2258,76885005,393.55,-590.33,-701.17,0.06,-1.40,-0.79,36.27
2259,76890799,392.09,-596.68,-702.15,0.37,-1.22,-1.10,36.51
2260,76894848,403.81,-597.17,-706.05,0.43,-1.16,-1.22,36.42
2261,76898898,396.00,-593.26,-704.59,-0.06,-1.40,-0.79,36.22
2262,76902955,393.55,-597.66,-703.61,-0.06,-1.65,-0.98,36.61
2263,76907005,396.97,-592.29,-704.10,-0.37,-1.34,-1.52,36.22
2264,76912799,400.39,-595.21,-708.01,-0.67,-1.16,-0.91,36.27
2265,76916848,394.04,-592.29,-710.45,-0.79,-1.34,0.55,36.61
2266,76920898,388.67,-601.07,-712.40,-1.04,-1.46,0.18,36.32
2267,76924955,396.48,-604.98,-707.03,-0.98,-1.46,-0.73,36.46
2268,76929005,402.83,-602.54,-708.98,-1.40,-1.65,-0.79,36.46
