seq,timestamp_us,ax_mg,ay_mg,az_mg,gx_dps,gy_dps,gz_dps,temp_c
0,7526884,-603.03,-806.64,57.13,-0.43,3.72,0.79,34.36
1,7530959,-574.71,-841.80,-88.38,-0.24,0.67,0.98,34.21
2,7535009,-640.62,-805.18,80.57,0.37,-2.99,0.18,34.31
3,7539058,-603.52,-823.24,27.34,-4.15,0.49,1.40,34.36
4,7543107,-616.21,-807.13,32.71,-1.52,-0.55,1.71,34.16
5,7547157,-605.47,-816.89,44.43,1.40,-2.93,1.16,34.64
6,7552799,-617.68,-812.50,90.82,-1.04,1.59,1.10,34.21
7,7556848,-601.56,-812.50,42.97,-4.33,2.38,1.16,34.21
8,7560898,-596.19,-825.20,38.57,-2.32,2.56,2.56,34.40
9,7564955,-600.10,-826.17,37.60,0.00,2.56,5.37,34.21
10,7570799,-602.05,-815.43,43.46,2.44,1.59,7.50,34.40
11,7574848,-623.54,-810.55,47.85,1.34,0.12,7.80,34.31
12,7578898,-620.12,-810.06,53.22,0.67,-0.18,6.46,34.16
13,7582955,-617.68,-799.80,51.76,-0.79,0.67,5.30,34.40
14,7587005,-618.16,-807.13,42.97,-1.40,0.24,3.72,34.50
15,7592799,-622.07,-810.06,38.57,-0.67,-0.85,2.56,34.40
16,7596848,-613.77,-799.32,53.71,-0.43,-0.67,0.98,34.64
17,7600898,-615.72,-812.01,47.36,-0.91,0.06,0.49,34.64
18,7604955,-623.54,-813.96,37.60,-0.06,-0.18,-0.85,34.50
19,7609005,-611.33,-812.99,46.87,0.67,-0.30,-1.34,34.64
20,7614799,-620.61,-810.55,41.50,-0.24,-1.59,-2.07,34.40
21,7618848,-620.61,-809.08,49.80,-0.30,-1.10,-3.05,34.50
22,7622898,-608.40,-806.15,49.80,-0.85,-1.34,-3.48,34.40
23,7626955,-610.35,-811.52,48.34,-1.16,-1.10,-3.54,34.40
24,7631005,-601.07,-822.75,55.66,-0.73,-0.55,-3.11,34.40
25,7636799,-572.75,-828.12,47.36,0.67,6.95,-0.37,34.40
26,7640848,-587.40,-828.12,44.43,2.56,17.68,8.23,34.31
27,7644898,-611.82,-821.78,21.97,4.57,12.44,12.80,34.21
28,7648955,-615.72,-809.57,53.22,1.65,-0.49,14.45,34.21
29,7653005,-603.03,-806.15,75.20,-0.91,-0.61,15.49,34.31
30,7658799,-612.30,-816.41,59.08,-4.45,3.72,17.13,34.12
31,7662848,-607.91,-807.62,20.02,-2.44,2.50,18.29,34.40
32,7666898,-622.07,-799.32,41.50,0.55,1.71,18.54,34.36
33,7670955,-642.58,-798.83,43.95,1.10,1.22,16.46,34.21
34,7675005,-648.44,-797.36,46.87,0.73,0.67,12.20,34.36
35,7680799,-646.48,-782.23,57.13,-0.85,0.55,6.71,34.31
36,7684848,-645.51,-797.85,38.09,-2.87,-0.43,0.61,34.31
37,7688898,-634.28,-797.85,33.20,-1.95,-1.22,-2.74,34.31
38,7692955,-627.44,-798.34,41.02,-0.61,-1.95,-5.55,34.02
39,7697005,-636.72,-803.22,37.60,-0.24,-1.34,-7.44,34.40
40,7702799,-632.32,-800.29,42.97,-0.30,-1.95,-9.27,34.50
41,7706848,-617.19,-807.13,45.90,-0.73,-2.20,-10.37,34.12
42,7710898,-615.72,-810.06,40.53,-1.22,-1.83,-9.70,34.36
43,7714955,-607.91,-815.92,38.09,-1.16,-1.59,-8.60,34.16
44,7719005,-603.03,-812.01,42.97,-0.91,-1.71,-6.34,34.31
45,7724799,-599.61,-810.55,40.04,-0.79,-1.28,-3.48,34.40
46,7728848,-609.86,-817.87,44.92,-0.98,-1.40,-0.55,34.31
47,7732898,-604.00,-808.11,45.90,-0.18,-1.28,1.16,34.40
48,7736955,-601.07,-811.04,49.32,-0.61,-0.91,3.72,34.40
49,7742799,-616.21,-818.36,40.53,-0.61,-0.91,5.61,34.36
50,7746848,-606.45,-806.64,72.75,-1.40,-0.12,7.01,34.21
51,7750898,-617.68,-807.62,53.22,-7.32,-2.68,6.52,34.21
52,7754955,-625.98,-804.20,63.48,-5.67,-0.79,6.89,34.36
53,7759005,-565.43,-839.84,32.71,-12.07,-4.70,8.41,34.31
54,7763054,-656.74,-784.67,111.82,17.07,3.23,11.95,34.12
55,7768799,-583.50,-819.82,140.14,0.49,2.26,11.10,34.21
56,7772848,-646.48,-787.60,18.07,-1.95,-2.32,6.40,34.12
57,7776898,-623.05,-798.34,78.12,-1.65,-2.99,4.02,34.36
58,7780955,-625.00,-801.27,56.64,-4.76,2.68,4.15,34.40
59,7786799,-615.72,-800.29,30.76,-4.57,-0.98,3.60,34.40
60,7790848,-620.12,-810.06,22.95,-0.91,-1.52,4.82,34.12
61,7794898,-628.91,-806.64,40.53,2.32,-1.77,5.85,34.21
62,7798955,-615.72,-803.71,55.18,2.13,-0.85,5.49,34.12
63,7803005,-639.16,-794.43,49.80,1.89,1.59,4.57,34.21
64,7808799,-643.07,-795.41,28.81,2.50,-1.59,1.83,34.36
65,7812848,-634.77,-790.53,64.94,0.24,-2.20,-2.26,34.40
66,7816898,-639.65,-800.29,46.39,-1.46,-1.59,-4.82,34.02
67,7820955,-631.35,-801.27,56.15,-3.05,-1.83,-6.46,34.36
68,7825005,-612.30,-809.08,48.34,-4.57,-1.40,-5.79,34.21
69,7830799,-601.07,-813.48,35.16,-4.15,-0.55,-3.17,34.31
70,7834848,-600.10,-818.36,25.88,-0.61,-0.98,1.40,34.36
71,7838898,-603.03,-813.48,55.18,0.98,-0.67,4.21,34.21
72,7842955,-615.23,-812.01,54.69,-0.37,0.37,6.34,34.31
73,7847005,-612.30,-809.57,36.13,-1.28,0.00,8.23,34.50
74,7852799,-621.09,-809.08,28.81,1.10,-0.98,9.33,34.21
75,7856848,-632.81,-792.97,67.38,1.22,0.00,8.29,34.55
76,7860898,-639.16,-791.99,55.66,-0.55,0.43,6.46,34.40
77,7864955,-635.25,-790.53,49.32,-2.07,-0.30,3.54,34.21
78,7869005,-630.37,-801.76,43.95,-2.74,-1.16,1.52,34.31
79,7874799,-629.88,-803.71,34.67,-1.59,-0.85,0.79,34.40
80,7878848,-628.42,-800.78,43.95,0.85,-1.28,-0.30,34.31
81,7882898,-633.79,-797.36,52.25,-0.30,-1.59,-1.34,34.50
82,7886955,-626.46,-802.25,44.92,-0.43,-1.16,-2.68,34.21
83,7891005,-623.05,-800.78,49.32,-0.98,-1.46,-3.23,34.31
84,7896799,-624.51,-804.69,36.13,-0.79,-1.77,-3.66,34.21
85,7900848,-628.42,-801.27,62.99,-1.95,-1.40,-3.84,34.21
86,7904898,-610.84,-807.62,39.06,-3.72,-1.34,-3.41,34.36
87,7908955,-618.65,-809.08,42.48,-2.38,-0.12,-1.28,34.21
88,7913005,-606.45,-813.48,24.41,-2.07,0.12,1.77,34.40
89,7918799,-608.89,-805.66,38.57,0.37,-0.73,4.09,34.16
90,7922848,-618.16,-810.55,49.80,-0.73,0.37,5.61,34.21
91,7926898,-643.07,-794.43,60.55,0.73,3.48,5.85,34.50
92,7930955,-624.02,-809.08,-27.34,-0.37,-4.09,4.51,34.16
93,7935005,-664.06,-792.48,-36.13,17.74,-4.76,1.10,34.31
94,7940799,-650.88,-789.06,50.78,25.67,0.79,-3.66,34.74
95,7944848,-638.67,-771.48,211.43,25.49,34.33,-4.09,34.21
96,7948898,-658.69,-789.55,25.88,6.10,25.30,-9.70,34.36
97,7952955,-639.16,-805.66,-0.98,7.50,12.26,-13.84,34.40
98,7957005,-613.77,-804.20,56.15,7.01,4.51,-12.93,34.55
99,7962799,-611.82,-806.64,62.50,2.56,-0.43,-11.46,34.02
100,7966848,-592.77,-816.89,45.41,4.70,2.74,-7.93,34.31
101,7970898,-588.38,-816.89,37.11,8.23,7.32,-3.48,34.50
102,7974955,-582.52,-827.15,22.46,12.26,9.45,1.89,34.50
103,7980799,-597.17,-817.87,41.02,18.78,12.80,7.44,34.31
104,7984848,-623.54,-802.73,68.36,17.50,14.70,10.00,34.50
105,7988898,-634.77,-797.85,57.62,14.76,12.93,8.60,34.12
106,7992955,-643.55,-795.41,59.57,13.35,11.83,6.16,34.64
107,7997005,-637.21,-794.92,62.99,11.40,11.83,3.23,34.40
108,8002799,-627.44,-799.80,52.73,9.63,11.28,0.67,34.31
109,8006848,-616.70,-812.50,42.48,8.66,12.20,0.91,34.40
110,8010898,-614.75,-807.62,92.29,6.16,12.80,3.23,34.21
111,8014955,-588.87,-813.48,97.17,-1.65,8.84,6.28,34.31
112,8019005,-562.99,-848.63,-16.60,-3.41,1.95,16.10,34.40
113,8024799,-579.10,-820.31,41.02,2.62,-1.89,26.34,34.31
114,8028848,-583.98,-812.01,102.05,2.38,3.60,35.18,34.31
115,8032898,-589.84,-817.38,25.88,-1.95,2.74,41.22,34.31
116,8036955,-602.54,-804.20,47.36,1.83,5.85,46.16,34.40
117,8041005,-621.09,-791.02,79.10,-1.95,6.40,48.05,34.21
118,8046799,-625.00,-800.78,77.15,-6.65,8.35,50.43,34.40
119,8050848,-613.77,-802.25,8.79,-3.11,9.45,56.10,34.02
120,8054898,-630.86,-781.74,36.13,0.06,8.96,59.02,34.50
121,8058955,-649.41,-782.23,37.60,3.41,9.88,60.91,34.31
122,8063005,-666.50,-774.41,30.27,5.06,10.61,59.51,34.40
123,8068799,-654.30,-768.07,44.43,10.12,13.72,56.16,34.40
124,8072848,-685.55,-760.74,42.97,9.82,17.93,52.32,34.50
125,8076898,-695.31,-757.81,19.53,9.63,14.33,47.62,34.21
126,8080955,-702.64,-743.16,48.83,12.20,13.29,41.34,34.36
127,8085005,-723.14,-740.23,36.62,10.98,11.65,32.87,34.40
128,8090799,-744.14,-732.91,33.20,11.77,8.05,21.16,34.31
129,8094848,-767.09,-701.66,78.12,7.93,0.98,2.80,34.50
130,8098898,-759.28,-729.49,-32.23,3.48,-7.50,-13.23,34.16
131,8102955,-742.19,-750.49,83.01,12.56,-0.85,-28.35,34.36
132,8107005,-790.04,-692.38,101.56,10.43,-1.16,-48.05,34.40
133,8112799,-777.34,-699.71,153.32,-5.98,-18.96,-77.26,34.40
134,8116848,-642.09,-776.37,112.79,-23.90,-7.87,-87.26,34.40
135,8120898,-549.80,-835.45,-57.62,-20.73,-6.95,-79.09,34.50
136,8124955,-503.91,-860.35,-52.25,-2.01,-10.00,-57.13,34.21
137,8129005,-524.90,-850.10,29.30,10.73,-5.73,-31.46,34.50
138,8134799,-566.41,-826.17,57.13,12.13,-2.68,-13.11,34.40
139,8138848,-599.61,-800.78,104.98,3.84,-1.89,-1.59,34.50
140,8142898,-591.31,-810.06,86.43,-2.87,1.10,4.82,34.21
141,8146955,-579.59,-816.41,55.66,-6.95,2.99,15.06,34.12
142,8151005,-578.61,-819.82,22.95,-4.88,3.41,26.89,34.50
143,8156799,-601.56,-810.55,27.34,-0.18,3.17,36.83,34.50
144,8160848,-647.46,-784.67,55.18,0.79,4.15,41.22,34.40
145,8164898,-673.34,-768.55,62.99,-0.37,4.39,39.63,34.40
146,8168955,-683.59,-766.11,50.29,-2.26,4.57,34.39,34.50
147,8173005,-687.50,-765.14,38.57,-1.40,3.90,28.54,34.21
148,8178799,-687.50,-753.91,34.67,0.12,2.32,21.71,34.50
149,8182848,-705.08,-750.00,36.62,2.80,1.04,12.62,34.21
150,8186898,-719.73,-745.61,52.73,3.29,-0.43,4.63,34.31
151,8190955,-707.03,-749.51,62.01,1.34,-1.89,-5.67,34.40
152,8196799,-703.12,-759.28,61.04,-0.85,-2.87,-15.43,34.21
153,8200848,-678.22,-766.11,51.76,-3.05,-3.84,-23.05,34.21
154,8204898,-654.30,-767.58,45.90,-3.48,-4.39,-25.30,34.31
155,8208955,-642.58,-786.62,44.43,-3.41,-4.21,-24.76,34.31
156,8213005,-630.86,-798.83,47.36,-2.32,-3.90,-21.59,34.55
157,8218799,-619.14,-797.36,47.85,-1.40,-2.93,-16.77,34.36
158,8222848,-618.16,-799.80,48.34,-0.55,-2.01,-9.94,34.50
159,8226898,-614.26,-798.34,50.29,-0.30,-1.16,-3.48,34.31
160,8230955,-618.65,-791.02,51.76,0.30,-0.73,0.98,34.40
161,8235005,-619.14,-793.46,50.29,-0.06,0.18,6.04,34.31
162,8240799,-636.23,-788.09,52.25,-0.43,0.61,9.82,34.50
163,8244848,-640.14,-790.04,49.80,-0.85,1.04,12.68,34.36
164,8248898,-653.81,-786.62,51.27,-0.98,1.22,13.72,34.21
165,8252955,-650.88,-779.30,49.80,-1.16,1.04,13.66,34.50
166,8257005,-658.69,-775.88,52.73,-0.98,0.98,12.99,34.40
167,8262799,-660.16,-769.53,46.39,-0.98,0.85,11.10,34.40
168,8266848,-668.46,-766.60,49.32,-0.55,0.61,8.17,34.36
169,8270898,-670.41,-770.51,46.87,-0.12,0.18,5.85,34.36
170,8274955,-671.39,-769.04,47.85,-0.06,-0.12,2.93,34.02
171,8279005,-671.39,-769.53,47.85,-0.12,-0.79,-0.37,34.40
172,8284799,-665.53,-766.60,49.80,-0.43,-1.16,-3.23,34.21
173,8288848,-661.62,-774.41,46.87,-1.28,-1.52,-6.16,34.40
174,8292898,-654.30,-772.95,53.71,-1.34,-1.83,-7.20,34.31
175,8296955,-654.79,-777.83,48.34,-1.46,-1.77,-7.68,34.55
176,8301005,-648.93,-783.69,45.90,-1.28,-1.65,-7.07,34.69
177,8306799,-645.51,-788.57,47.85,-0.98,-1.71,-6.10,34.64
178,8310848,-638.18,-785.16,47.85,-1.10,-0.91,-3.90,34.50
179,8314898,-644.04,-784.67,45.41,-1.04,-0.85,-2.13,34.31
180,8318955,-638.18,-787.60,46.87,-0.73,-0.61,0.12,34.36
181,8323005,-639.16,-779.30,51.27,-0.67,-0.43,2.07,34.36
182,8328799,-646.48,-789.55,48.34,-0.43,-0.30,3.72,34.55
183,8332848,-651.86,-784.18,51.27,-0.37,0.12,4.88,34.36
184,8336898,-647.46,-773.44,51.76,-0.61,-0.12,5.18,34.40
185,8340955,-651.37,-780.76,50.29,-0.91,0.18,5.30,34.31
186,8345005,-658.20,-775.39,47.85,-0.98,0.06,5.00,34.40
187,8350799,-656.74,-773.44,46.39,-0.98,0.00,4.39,34.40
188,8354848,-658.69,-779.79,44.92,-0.67,-0.37,3.23,34.16
189,8358898,-659.18,-777.83,43.46,-0.49,-0.49,2.50,34.40
190,8362955,-655.27,-774.90,49.80,-0.73,-0.67,1.46,34.40
191,8367005,-662.11,-778.81,44.92,-0.67,-0.67,0.43,34.50
192,8372799,-653.32,-779.79,42.48,-0.67,-0.91,-0.49,34.50
193,8376848,-648.93,-772.46,51.76,-0.73,-1.28,-1.59,34.12
194,8380898,-658.20,-779.30,46.39,-0.85,-0.98,-1.95,34.50
195,8384955,-661.13,-781.74,45.41,-0.73,-1.04,-2.13,34.16
196,8389005,-650.88,-777.34,51.76,-0.91,-1.10,-2.07,34.31
197,8394799,-646.48,-781.25,48.83,-1.04,-0.98,-1.52,34.40
198,8398848,-651.37,-782.71,48.83,-0.85,-0.79,-0.91,34.36
199,8402898,-640.62,-780.27,53.71,-0.79,-1.04,-0.37,34.50
200,8406955,-646.48,-779.30,52.25,-0.91,-0.79,0.12,34.21
201,8412799,-654.79,-780.27,50.78,-0.49,-0.55,1.10,34.21
202,8416848,-648.93,-778.32,55.18,-0.73,-0.67,1.65,34.64
203,8420898,-653.32,-780.27,46.39,-0.85,-0.30,1.95,34.31
204,8424955,-657.23,-784.18,49.80,-0.67,-0.18,2.26,34.36
205,8429005,-652.34,-772.95,50.78,-0.61,-0.37,2.38,34.36
206,8433054,-653.32,-778.32,52.73,-0.73,-0.30,2.32,34.36
207,8438799,-662.11,-781.74,47.36,-0.49,-0.43,2.01,34.21
208,8442848,-653.32,-773.44,52.25,-0.79,-0.49,1.77,34.31
209,8446898,-654.30,-775.39,53.71,-0.98,-0.49,1.46,34.40
210,8450955,-656.74,-780.27,46.39,-0.85,-0.37,1.52,34.36
211,8456799,-655.76,-769.53,53.71,-0.61,-0.49,1.04,34.40
212,8460848,-653.32,-774.41,52.25,-0.67,-0.61,0.85,34.50
213,8464898,-666.02,-779.79,43.46,-0.67,-0.55,0.79,34.21
214,8468955,-657.23,-775.88,43.46,-0.73,-0.73,0.24,34.36
215,8473005,-650.39,-770.51,50.78,-0.91,-0.79,0.18,34.31
216,8478799,-659.67,-780.76,44.92,-0.85,-0.61,-0.12,34.36
217,8482848,-658.20,-775.88,50.29,-0.61,-0.85,0.06,34.31
218,8486898,-652.34,-772.95,49.80,-0.85,-0.61,-0.12,34.21
219,8490955,-655.27,-780.76,49.80,-0.85,-0.67,-0.12,34.50
220,8495005,-657.71,-779.79,46.87,-0.55,-0.61,-0.30,34.64
221,8500799,-649.90,-776.86,50.29,-0.79,-0.67,-0.06,34.50
222,8504848,-658.69,-777.34,47.36,-0.73,-0.73,-0.12,34.12
223,8508898,-658.20,-780.76,47.36,-0.49,-0.91,0.06,34.40
224,8512955,-651.86,-775.39,51.27,-0.73,-0.73,0.18,34.36
225,8517005,-658.20,-777.83,47.36,-0.98,-0.79,0.30,34.74
226,8522799,-660.64,-778.81,47.85,-0.67,-0.73,0.49,34.21
227,8526848,-651.37,-772.95,51.76,-0.61,-0.67,0.30,34.12
228,8530898,-653.32,-780.27,47.85,-0.91,-0.43,0.49,34.21
229,8534955,-659.67,-781.74,48.83,-0.67,-0.85,0.49,34.31
230,8539005,-649.90,-771.48,48.83,-0.67,-0.55,0.43,34.50
231,8544799,-653.81,-782.23,47.36,-0.73,-0.61,0.61,34.31
232,8548848,-657.23,-783.69,44.43,-0.67,-0.73,0.79,34.36
233,8552898,-651.37,-772.46,50.29,-0.55,-0.49,0.43,34.40
234,8556955,-654.79,-771.97,46.87,-0.79,-0.49,0.30,34.40
235,8561005,-658.20,-783.69,46.39,-0.98,-0.67,0.37,34.36
236,8566799,-654.30,-775.88,51.27,-0.85,-0.61,0.30,34.40
237,8570848,-651.37,-776.86,49.80,-0.91,-0.67,0.30,34.31
238,8574898,-659.18,-780.76,41.99,-0.85,-0.49,0.43,34.31
239,8578955,-659.18,-779.30,48.34,-0.61,-0.61,0.55,34.12
240,8583005,-655.27,-775.39,49.32,-0.85,-0.73,0.61,34.50
241,8588799,-657.71,-782.71,48.83,-0.67,-0.67,1.04,34.31
242,8592848,-653.81,-778.32,49.80,-0.67,-1.04,1.04,34.31
243,8596898,-655.27,-780.27,49.32,-0.98,-0.73,0.98,34.36
244,8600955,-660.64,-782.23,50.29,-0.55,-0.49,1.34,34.21
245,8605005,-653.81,-777.83,48.34,-0.73,-0.43,1.34,34.50
246,8610799,-656.25,-779.79,51.76,-0.91,-0.61,1.16,34.36
247,8614848,-662.11,-778.81,47.85,-0.85,-0.67,1.16,34.21
248,8618898,-657.71,-776.86,46.39,-0.73,-0.79,1.04,34.31
249,8622955,-660.64,-775.88,47.85,-0.98,-0.85,0.79,34.31
250,8627005,-658.69,-775.88,42.97,-0.85,-0.79,0.67,34.64
251,8632799,-658.69,-779.79,45.90,-0.67,-0.79,0.18,34.40
252,8636848,-655.27,-779.30,51.76,-0.85,-0.61,0.06,34.36
253,8640898,-659.18,-778.81,48.83,-0.55,-0.55,-0.18,34.21
254,8644955,-654.79,-782.71,45.90,-0.67,-0.67,-0.30,34.31
255,8650799,-649.90,-774.90,53.22,-0.85,-0.61,-0.61,34.21
256,8654848,-654.79,-781.25,49.32,-0.79,-0.79,-0.55,34.21
257,8658898,-653.32,-780.76,45.90,-0.67,-0.91,-0.49,34.12
258,8662955,-651.37,-774.41,48.34,-0.61,-0.91,-0.37,34.36
259,8667005,-651.37,-776.86,46.87,-1.04,-0.67,-0.37,34.40
260,8672799,-654.30,-781.25,44.92,-0.55,-0.79,0.00,34.55
261,8676848,-653.81,-776.86,48.83,-0.73,-0.79,0.18,34.50
262,8680898,-654.79,-779.30,49.80,-0.85,-0.49,0.49,34.36
263,8684955,-653.32,-780.76,43.95,-0.55,-0.61,0.61,34.40
264,8689005,-652.34,-776.86,52.25,-0.67,-0.73,0.73,34.31
265,8694799,-659.18,-782.23,49.32,-0.73,-0.55,0.73,34.50
266,8698848,-656.25,-778.32,51.27,-0.79,-0.61,1.22,34.50
267,8702898,-650.88,-777.83,48.83,-0.67,-0.49,1.10,34.21
268,8706955,-655.76,-775.88,47.36,-0.98,-0.49,1.16,34.50
269,8711005,-656.25,-780.27,45.90,-0.61,-0.61,1.04,34.40
270,8716799,-657.23,-771.48,48.83,-0.73,-0.79,0.98,34.36
271,8720848,-659.67,-778.81,43.46,-1.04,-0.55,0.98,34.40
272,8724898,-654.79,-776.86,45.90,-0.85,-0.49,0.79,34.40
273,8728955,-649.41,-771.97,50.78,-0.73,-0.61,0.85,34.31
274,8733005,-659.18,-775.39,44.92,-0.79,-0.55,0.61,34.31
275,8738799,-655.27,-773.44,50.78,-0.67,-0.61,0.55,34.36
276,8742848,-655.27,-776.37,46.87,-0.98,-0.55,0.43,34.36
277,8746898,-656.25,-779.79,44.43,-0.79,-0.61,0.49,34.31
278,8750955,-659.18,-777.34,49.80,-0.85,-0.73,0.55,34.31
279,8755005,-652.83,-774.41,52.73,-0.55,-0.73,0.49,34.36
280,8760799,-655.76,-781.74,53.22,-0.91,-0.55,0.61,34.36
281,8764848,-652.83,-778.81,46.87,-0.91,-0.55,0.55,34.36
282,8768898,-650.88,-777.83,48.34,-0.79,-0.85,0.67,34.55
283,8772955,-652.34,-775.39,50.78,-0.91,-0.98,0.73,34.31
284,8777005,-660.64,-784.67,49.80,-0.79,-0.55,0.85,34.50
285,8782799,-652.83,-776.86,48.34,-0.73,-0.73,0.67,34.40
286,8786848,-654.79,-779.30,51.76,-0.85,-0.55,0.67,34.64
287,8790898,-658.20,-779.30,46.87,-0.73,-0.73,0.43,34.55
288,8794955,-654.79,-775.88,49.32,-0.98,-0.67,0.30,34.12
289,8799005,-654.30,-776.86,49.80,-0.91,-0.79,0.43,34.55
290,8804799,-658.69,-781.74,44.92,-0.67,-0.49,0.06,34.50
291,8808848,-653.32,-771.48,49.80,-0.55,-0.79,0.06,34.12
292,8812898,-650.88,-777.34,47.85,-0.43,-0.85,0.24,34.21
293,8816955,-656.25,-784.18,49.80,-0.61,-0.61,0.00,34.36
294,8821005,-657.71,-779.79,43.95,-0.55,-0.61,0.00,34.31
295,8826799,-651.37,-777.83,51.76,-1.10,-0.67,0.00,34.50
296,8830848,-662.11,-778.81,50.29,-0.79,-0.61,0.30,34.31
297,8834898,-652.83,-778.81,50.29,-0.85,-0.61,0.18,34.50
298,8838955,-652.34,-775.39,51.76,-1.16,-0.79,0.24,34.31
299,8843005,-656.74,-777.83,47.85,-0.91,-0.73,0.37,34.36
300,8848799,-653.32,-778.81,45.41,-0.91,-0.67,0.37,34.21
301,8852848,-646.48,-775.88,47.85,-0.79,-0.55,0.67,33.97
302,8856898,-658.20,-781.74,42.97,-0.79,-0.49,0.61,34.40
303,8860955,-654.79,-781.25,47.85,-0.61,-0.55,0.55,34.31
304,8866799,-648.44,-770.02,51.76,-0.79,-0.79,0.98,34.40
305,8870848,-658.20,-772.95,46.87,-0.61,-0.61,0.91,34.21
306,8874898,-661.13,-777.34,46.87,-0.67,-0.79,0.73,34.64
307,8878955,-653.32,-775.88,47.85,-1.04,-0.55,1.04,34.31
308,8883005,-656.25,-780.76,49.32,-0.79,-0.55,0.91,34.21
309,8888799,-656.25,-780.76,46.39,-0.98,-0.55,0.85,34.31
310,8892848,-652.83,-773.44,50.29,-0.55,-0.67,0.85,34.31
311,8896898,-655.27,-776.37,49.32,-0.91,-0.55,0.73,34.21
312,8900955,-659.67,-782.71,46.39,-0.43,-0.85,0.73,34.50
313,8905005,-654.79,-775.88,50.29,-0.79,-0.55,0.49,34.21
314,8910799,-654.30,-774.41,50.29,-1.16,-0.67,0.73,34.31
315,8914848,-661.13,-781.25,44.92,-0.61,-0.67,0.55,34.50
316,8918898,-651.37,-773.93,50.29,-0.79,-0.61,0.49,34.36
317,8922955,-651.86,-775.39,47.85,-0.98,-0.61,0.30,34.50
318,8927005,-657.71,-786.13,48.34,-0.61,-0.43,0.43,34.40
319,8932799,-657.23,-772.46,48.83,-0.73,-0.73,0.49,34.21
320,8936848,-652.34,-772.46,49.80,-0.73,-0.67,0.06,34.21
321,8940898,-660.64,-780.76,48.83,-0.85,-0.67,0.37,34.36
322,8944955,-656.25,-778.81,49.32,-0.55,-0.67,0.24,34.36
323,8949005,-652.34,-771.48,51.27,-0.79,-0.67,0.18,34.50
324,8954799,-656.25,-780.76,44.92,-0.91,-0.61,0.30,34.50
325,8958848,-656.74,-776.86,47.85,-0.43,-0.79,0.43,34.40
326,8962898,-653.32,-776.37,52.25,-0.85,-0.67,0.30,34.40
327,8966955,-654.30,-777.34,42.97,-0.73,-0.61,0.18,34.31
328,8971005,-657.71,-780.27,44.43,-0.67,-0.79,0.43,34.21
329,8976799,-653.32,-774.90,52.73,-0.85,-0.61,0.43,34.40
330,8980848,-654.79,-780.76,49.32,-0.85,-0.67,0.61,34.40
331,8984898,-652.34,-779.30,47.85,-0.67,-0.61,0.55,34.55
332,8988955,-655.76,-776.86,46.39,-0.85,-0.73,0.61,34.31
333,8993005,-656.74,-779.79,49.80,-1.04,-0.55,0.67,34.36
334,8998799,-661.62,-778.81,46.87,-0.55,-0.85,0.67,34.21
335,9002848,-654.30,-771.48,48.34,-0.73,-0.49,0.67,34.50
336,9006898,-659.67,-775.88,48.34,-0.91,-0.67,0.79,34.40
337,9010955,-657.23,-779.30,45.41,-0.67,-0.43,0.67,34.21
338,9015005,-654.79,-773.44,50.78,-0.55,-0.79,0.91,34.21
339,9020799,-652.34,-777.83,48.34,-0.79,-0.67,0.67,34.40
340,9024848,-656.74,-777.83,44.92,-0.73,-0.73,0.49,34.36
341,9028898,-655.76,-774.90,51.27,-0.85,-0.61,0.55,34.31
342,9032955,-659.18,-774.90,49.32,-0.79,-0.61,0.49,34.16
343,9037005,-661.62,-779.30,49.32,-1.04,-0.73,0.49,34.31
344,9042799,-654.79,-779.30,48.83,-0.67,-0.91,0.37,34.40
345,9046848,-654.30,-771.48,48.34,-0.85,-0.43,0.24,34.31
346,9050898,-657.71,-774.41,48.83,-0.73,-0.55,0.37,34.31
347,9054955,-652.83,-775.88,50.78,-0.67,-0.73,0.18,34.50
348,9059005,-653.81,-778.81,46.87,-1.04,-0.67,0.30,34.40
349,9064799,-662.11,-778.32,47.36,-0.67,-0.67,0.30,34.40
350,9068848,-656.25,-777.83,47.36,-0.91,-0.73,0.43,34.50
351,9072898,-654.30,-779.30,46.87,-0.98,-0.73,0.06,34.40
352,9076955,-657.71,-780.27,49.80,-0.85,-0.61,0.43,34.36
353,9082799,-659.18,-781.74,45.90,-0.55,-0.67,0.24,34.31
354,9086848,-655.76,-776.86,50.29,-0.91,-0.73,0.30,34.40
355,9090898,-658.20,-777.83,48.83,-0.79,-0.79,0.49,34.36
356,9094955,-659.18,-779.79,48.34,-0.73,-0.73,0.43,34.40
357,9099005,-656.74,-775.39,47.85,-0.73,-0.85,0.43,34.36
358,9103054,-658.69,-780.76,45.90,-1.04,-0.79,0.30,34.31
359,9108799,-658.20,-780.76,47.36,-0.79,-0.55,0.37,34.64
360,9112848,-656.25,-776.86,48.83,-0.55,-0.61,0.67,34.21
361,9116898,-655.27,-777.83,47.85,-0.91,-0.24,0.61,34.31
362,9120955,-659.18,-777.34,45.90,-0.79,-0.73,0.43,34.40
363,9126799,-650.88,-774.90,48.34,-0.67,-0.67,0.43,34.50
364,9130848,-652.34,-779.79,45.90,-0.67,-0.61,0.37,34.50
365,9134898,-652.34,-776.37,45.90,-0.61,-0.79,0.49,34.21
366,9138955,-657.23,-774.90,45.90,-0.73,-0.85,0.43,34.40
367,9143005,-656.74,-775.88,46.39,-0.98,-0.67,0.37,34.40
368,9148799,-658.69,-773.93,39.55,-0.73,-0.67,0.79,34.31
369,9152848,-655.76,-776.86,45.41,-0.91,-0.73,0.91,34.40
370,9156898,-657.71,-776.37,43.46,-0.91,-0.79,0.98,34.21
371,9160955,-659.18,-777.83,44.43,-0.67,-0.73,1.04,34.31
372,9165005,-656.25,-771.97,46.87,-0.85,-0.91,1.16,34.40
373,9170799,-651.86,-777.83,45.41,-0.67,-0.49,0.98,34.21
374,9174848,-657.23,-774.90,51.27,-0.91,-0.98,0.91,34.36
375,9178898,-655.76,-771.48,47.36,-0.73,-0.73,0.79,34.21
376,9182955,-662.60,-777.34,52.25,-0.85,-0.61,0.79,34.36
377,9187005,-662.11,-775.88,50.78,-0.61,-0.91,0.67,34.40
378,9192799,-655.76,-771.48,55.18,-0.85,-0.79,0.30,34.31
379,9196848,-659.18,-773.93,52.25,-1.10,-0.79,0.43,34.40
380,9200898,-661.62,-773.93,49.80,-0.61,-0.98,0.37,34.40
381,9204955,-651.37,-771.00,52.25,-0.73,-1.10,0.30,34.21
382,9209005,-659.18,-778.81,51.27,-0.98,-0.73,0.30,34.31
383,9214799,-656.25,-777.34,51.76,-0.79,-0.73,0.55,34.55
384,9218848,-654.79,-771.48,57.13,-0.73,-0.67,0.67,34.21
385,9222898,-661.13,-776.86,55.66,-0.79,-0.61,0.61,34.12
386,9226955,-656.25,-774.90,52.25,-0.73,-0.55,0.98,34.31
387,9231005,-655.27,-773.44,57.13,-0.91,-0.79,0.79,34.40
388,9236799,-658.69,-773.93,54.69,-0.91,-0.55,0.98,34.36
389,9240848,-666.02,-777.34,51.76,-0.55,-0.55,0.79,34.36
390,9244898,-654.30,-771.00,54.20,-0.98,-0.55,0.73,34.40
391,9248955,-653.81,-772.46,48.34,-0.79,-0.55,0.55,34.21
392,9253005,-658.69,-780.27,45.41,-0.73,-0.79,0.24,34.50
393,9258799,-659.18,-773.44,48.83,-0.79,-0.98,0.06,34.31
394,9262848,-657.23,-775.39,48.34,-0.91,-0.61,0.18,34.21
395,9266898,-662.11,-782.71,41.50,-0.79,-0.73,-0.12,34.36
396,9270955,-658.69,-776.37,46.87,-0.73,-0.85,0.06,34.21
397,9275005,-650.88,-773.93,45.41,-0.98,-0.91,-0.49,34.40
398,9280799,-653.81,-777.34,42.97,-0.79,-0.67,-0.30,34.40
399,9284848,-656.74,-776.86,46.87,-0.61,-0.85,-0.79,34.50
400,9288898,-650.88,-776.37,51.27,-0.91,-1.10,-0.85,34.40
401,9292955,-653.81,-781.74,48.34,-1.04,-0.79,-0.73,34.21
402,9297005,-658.20,-782.71,47.36,-0.61,-0.73,-0.98,34.31
403,9302799,-646.97,-775.88,51.27,-1.16,-0.67,-1.22,34.02
404,9306848,-653.81,-788.09,48.83,-1.10,-0.67,-0.49,34.12
405,9310898,-652.34,-779.30,49.32,-0.55,-0.85,-0.61,34.40
406,9314955,-648.44,-774.41,55.66,-0.91,-0.67,-0.12,34.36
407,9320799,-653.32,-778.32,50.78,-0.98,-0.61,0.30,34.50
408,9324848,-654.30,-782.23,46.39,-0.61,-0.55,0.98,34.55
409,9328898,-650.39,-767.09,52.25,-0.91,-0.61,1.46,34.02
410,9332955,-655.27,-784.18,47.36,-0.91,-0.49,1.65,34.21
411,9337005,-658.20,-779.30,48.83,-0.67,-0.55,2.13,34.64
412,9342799,-651.37,-771.97,51.27,-0.61,-0.61,2.13,34.36
413,9346848,-654.79,-770.51,46.39,-0.85,-0.37,2.26,34.50
414,9350898,-664.06,-777.83,49.80,-0.49,-0.43,2.38,34.21
415,9354955,-654.79,-771.97,53.22,-0.91,-0.55,2.01,34.36
416,9359005,-657.23,-774.41,47.36,-0.79,-0.49,1.59,34.02
417,9364799,-659.18,-775.88,43.46,-0.79,-0.67,1.52,34.31
418,9368848,-656.74,-771.00,47.36,-0.73,-0.37,1.10,34.31
419,9372898,-655.76,-770.02,46.87,-0.98,-0.43,0.85,34.21
420,9376955,-660.64,-778.32,43.46,-0.91,-0.73,0.85,34.64
421,9381005,-659.67,-773.93,49.32,-0.73,-0.61,0.18,34.21
422,9386799,-658.20,-775.39,47.36,-0.61,-0.49,0.55,34.40
423,9390848,-666.99,-771.00,46.39,-0.79,-0.61,0.24,34.50
424,9394898,-657.71,-775.39,53.71,-0.43,-0.73,0.12,34.31
425,9398955,-656.25,-772.46,55.66,-0.79,-0.67,0.06,34.50
426,9403005,-663.57,-772.95,47.36,-0.98,-0.79,-0.12,34.36
427,9408799,-662.11,-775.39,52.25,-0.55,-0.61,-0.24,34.21
428,9412848,-653.32,-769.53,56.64,-1.04,-0.91,-0.30,34.31
429,9416898,-658.69,-776.86,52.25,-0.91,-0.91,-0.30,34.36
430,9420955,-660.16,-776.86,46.39,-0.67,-0.79,-0.43,34.36
431,9425005,-652.83,-772.46,49.32,-0.91,-1.10,-0.73,34.55
432,9430799,-651.86,-776.37,51.76,-0.91,-0.61,-0.91,34.31
433,9434848,-652.34,-775.39,51.27,-0.55,-0.79,-0.98,34.40
434,9438898,-648.44,-774.41,51.27,-0.85,-0.73,-0.91,34.50
435,9442955,-650.88,-775.88,52.25,-0.73,-0.61,-0.91,34.31
436,9447005,-657.71,-777.83,46.87,-0.91,-0.85,-0.67,34.21
437,9452799,-651.86,-775.88,51.76,-0.85,-0.85,-0.43,34.50
438,9456848,-653.81,-778.81,42.97,-1.10,-0.67,0.12,34.55
439,9460898,-655.76,-778.81,47.36,-0.85,-0.61,0.61,34.31
440,9464955,-650.88,-775.88,51.27,-0.67,-0.49,0.79,34.12
441,9469005,-649.90,-776.86,49.80,-1.04,-0.67,1.04,34.31
442,9474799,-650.88,-778.81,48.34,-0.91,-0.61,1.77,34.36
443,9478848,-650.88,-775.88,46.87,-0.61,-0.49,1.95,34.40
444,9482898,-656.74,-777.34,49.80,-1.10,-0.24,2.13,34.40
445,9486955,-660.16,-778.81,42.97,-0.61,-0.30,2.07,34.31
446,9491005,-661.13,-777.34,43.95,-0.55,-0.24,1.95,34.50
447,9496799,-659.18,-776.37,51.76,-0.79,-0.37,1.83,34.21
448,9500848,-659.67,-774.41,44.92,-0.61,-0.49,1.71,34.40
449,9504898,-662.11,-771.00,47.36,-0.43,-0.43,1.46,34.21
450,9508955,-657.71,-771.97,48.83,-0.91,-0.67,0.73,34.40
451,9513005,-657.71,-779.30,47.36,-0.55,-0.91,0.30,34.50
452,9518799,-661.62,-774.90,47.36,-0.85,-0.79,0.06,34.31
453,9522848,-654.30,-772.95,51.27,-0.85,-0.55,-0.24,34.50
454,9526898,-654.79,-777.83,43.46,-0.73,-0.67,-0.61,34.31
455,9530955,-658.20,-774.90,50.29,-0.61,-0.98,-0.24,34.36
456,9536799,-654.30,-772.95,51.27,-0.85,-0.73,-0.61,34.64
457,9540848,-656.25,-776.37,52.73,-0.85,-0.67,-0.73,34.36
458,9544898,-652.34,-772.95,48.34,-0.73,-0.79,-0.43,34.36
459,9548955,-656.74,-770.02,53.71,-0.79,-0.91,-0.30,34.21
460,9553005,-655.27,-776.86,51.27,-0.91,-0.79,-0.24,34.31
461,9558799,-655.76,-773.44,49.32,-0.73,-0.67,0.06,34.21
462,9562848,-653.32,-772.46,53.71,-0.85,-0.79,0.18,34.40
463,9566898,-657.23,-777.83,50.78,-0.91,-0.85,0.30,34.40
464,9570955,-655.27,-775.39,52.73,-0.79,-0.49,0.30,34.40
465,9575005,-659.18,-770.51,52.73,-0.85,-0.67,0.55,34.40
466,9580799,-653.32,-779.79,48.34,-1.04,-0.24,0.79,34.31
467,9584848,-653.81,-773.93,50.29,-0.67,-0.73,0.49,34.21
468,9588898,-655.27,-773.44,51.76,-0.79,-0.61,0.49,34.02
469,9592955,-654.30,-776.86,46.39,-0.73,-0.55,0.55,34.31
470,9597005,-655.27,-775.88,45.41,-0.98,-0.49,0.30,34.40
471,9602799,-652.34,-775.39,50.78,-0.85,-0.73,0.43,34.50
472,9606848,-653.81,-778.81,43.46,-0.98,-0.61,0.43,34.50
473,9610898,-662.11,-778.81,45.41,-0.73,-0.73,0.37,34.16
474,9614955,-658.20,-770.51,48.83,-0.61,-0.55,0.67,34.40
475,9619005,-653.81,-776.86,50.29,-0.79,-0.55,0.85,34.40
476,9624799,-658.20,-777.34,48.34,-0.61,-0.67,0.73,34.55
477,9628848,-653.81,-771.97,47.36,-0.79,-0.73,0.61,34.36
478,9632898,-656.74,-780.27,45.90,-0.79,-0.55,0.91,34.64
479,9636955,-661.62,-779.79,48.83,-0.91,-0.55,0.98,34.50
480,9641005,-654.79,-773.44,48.34,-0.55,-0.67,0.85,34.40
481,9646799,-655.76,-771.00,55.66,-0.67,-0.67,0.91,34.50
482,9650848,-659.67,-778.81,50.29,-1.04,-0.55,0.85,34.40
483,9654898,-657.23,-769.53,50.78,-0.67,-0.67,0.61,34.36
484,9658955,-654.30,-770.51,53.22,-0.91,-0.61,0.61,34.40
485,9663005,-660.64,-778.32,52.73,-0.85,-0.61,0.30,34.40
486,9668799,-657.71,-772.46,53.22,-0.55,-0.61,0.12,34.55
487,9672848,-654.30,-770.02,54.69,-1.04,-0.85,0.06,34.64
488,9676898,-658.20,-779.30,53.22,-0.85,-0.73,-0.18,34.40
489,9680955,-659.67,-776.37,49.80,-0.61,-0.85,-0.12,34.21
490,9685005,-652.83,-768.07,52.25,-0.79,-0.79,0.00,34.21
491,9690799,-656.74,-776.86,51.76,-1.04,-0.73,-0.06,34.55
492,9694848,-655.27,-771.97,49.32,-0.67,-0.91,0.12,34.36
493,9698898,-654.30,-768.07,50.29,-0.91,-0.79,0.37,34.88
494,9702955,-653.81,-768.55,48.34,-0.79,-0.91,0.24,34.31
495,9707005,-662.11,-773.44,46.87,-0.85,-0.73,0.55,34.31
496,9712799,-658.20,-772.95,49.80,-1.10,-0.85,0.43,34.40
497,9716848,-652.34,-775.39,47.36,-0.98,-0.37,0.30,34.02
498,9720898,-660.16,-777.34,44.43,-0.55,-0.73,0.67,34.31
499,9724955,-655.76,-773.93,50.29,-0.85,-0.73,0.67,34.64
500,9729005,-658.20,-771.48,46.87,-1.22,-0.67,0.61,34.40
501,9734799,-656.25,-778.32,43.95,-1.04,-0.67,0.49,34.02
502,9738848,-656.25,-771.00,48.83,-0.79,-0.67,0.18,34.36
503,9742898,-652.83,-774.41,48.34,-0.98,-0.73,-0.06,34.31
504,9746955,-657.71,-781.25,41.99,-0.79,-0.85,-0.12,34.50
505,9752799,-657.71,-780.27,50.29,-0.43,-0.91,-0.18,34.40
506,9756848,-647.95,-774.90,51.76,-1.16,-0.67,-0.30,34.36
507,9760898,-660.64,-778.81,49.80,-0.91,-0.73,-0.18,34.40
508,9764955,-653.81,-774.90,52.73,-0.55,-0.79,-0.06,34.31
509,9769005,-646.97,-773.44,52.25,-0.91,-0.85,0.30,34.36
510,9773054,-659.18,-774.90,53.71,-0.91,-0.61,0.37,34.36
511,9778799,-665.04,-777.83,49.80,-0.43,-0.73,0.91,34.31
512,9782848,-656.74,-769.53,51.27,-0.73,-0.55,1.16,34.12
513,9786898,-658.69,-772.95,51.27,-0.91,-0.24,1.34,34.40
514,9790955,-661.13,-778.32,48.83,-0.67,-0.67,1.95,34.40
515,9796799,-652.83,-770.51,51.27,-0.67,-0.43,1.77,34.21
516,9800848,-662.11,-776.37,50.78,-0.67,-0.49,2.20,34.36
517,9804898,-665.53,-780.76,54.69,-0.24,-0.73,1.89,34.02
518,9808955,-655.76,-771.97,52.73,-0.73,-0.67,1.40,34.40
519,9813005,-659.67,-766.11,45.90,-1.16,-0.37,1.22,34.31
520,9818799,-665.53,-771.00,45.41,-0.91,-0.67,0.91,34.31
521,9822848,-660.64,-769.53,49.32,-0.98,-0.67,0.06,34.31
522,9826898,-660.16,-770.02,46.87,-1.04,-0.79,0.18,34.31
523,9830955,-667.48,-780.27,49.32,-0.73,-0.79,-0.24,34.36
524,9835005,-666.99,-781.25,46.87,-0.30,-0.91,-0.61,34.50
525,9840799,-651.86,-769.53,49.32,-0.79,-0.85,-1.52,34.50
526,9844848,-656.74,-778.81,42.48,-0.85,-0.98,-1.95,34.21
527,9848898,-656.74,-779.30,48.83,-0.91,-1.16,-2.13,34.40
528,9852955,-651.37,-777.83,50.78,-1.04,-0.91,-2.20,34.40
529,9857005,-652.34,-779.30,49.80,-0.91,-1.04,-1.89,34.40
530,9862799,-652.34,-778.81,50.29,-0.61,-1.04,-1.77,34.40
531,9866848,-647.95,-775.88,51.76,-1.10,-0.91,-0.91,34.36
532,9870898,-652.83,-776.37,52.73,-1.16,-0.73,-0.55,34.31
533,9874955,-648.93,-778.32,50.29,-1.04,-0.67,0.00,34.55
534,9879005,-649.90,-775.39,50.78,-0.85,-0.61,0.79,34.55
535,9884799,-650.39,-784.18,47.85,-1.04,-0.55,1.52,34.40
536,9888848,-657.71,-783.20,47.85,-0.85,-0.55,1.89,34.40
537,9892898,-650.88,-774.41,51.27,-0.49,-0.61,2.32,34.64
538,9896955,-656.25,-771.97,47.85,-0.91,-0.37,2.38,34.31
539,9901005,-658.20,-782.23,47.85,-0.79,-0.61,2.38,34.40
540,9906799,-659.67,-776.86,48.83,-0.73,-0.61,2.20,34.50
541,9910848,-660.16,-772.46,43.95,-0.91,-0.61,2.20,34.31
542,9914898,-658.20,-772.95,51.76,-0.67,-0.37,2.07,34.55
543,9918955,-661.13,-768.55,50.29,-0.61,-0.79,2.01,34.12
544,9923005,-658.20,-768.55,49.32,-0.79,-0.24,1.59,34.21
545,9928799,-659.18,-767.58,43.95,-0.85,-0.37,1.10,34.21
546,9932848,-661.62,-771.48,52.73,-0.73,-0.55,1.04,34.50
547,9936898,-660.16,-773.44,51.76,-0.79,-0.61,0.79,34.31
548,9940955,-657.71,-772.95,51.27,-0.91,-0.49,0.85,34.40
549,9945005,-663.09,-767.58,49.80,-0.67,-0.67,0.30,34.50
550,9950799,-661.13,-770.02,50.29,-0.49,-0.67,-0.06,34.64
551,9954848,-664.55,-774.41,49.80,-0.85,-0.73,-0.30,34.31
552,9958898,-660.16,-773.93,54.69,-0.67,-0.91,-0.49,34.64
553,9962955,-659.67,-774.90,54.69,-1.04,-0.67,-0.79,34.50
554,9967005,-662.11,-773.44,54.69,-0.91,-0.98,-1.34,34.31
555,9972799,-657.71,-773.93,50.29,-0.85,-0.91,-1.40,34.12
556,9976848,-656.25,-771.97,53.22,-0.91,-0.98,-1.46,34.02
557,9980898,-657.71,-778.81,48.83,-0.98,-0.98,-1.59,34.12
558,9984955,-652.34,-780.27,50.78,-0.73,-0.91,-1.77,34.12
559,9990799,-652.83,-777.34,55.18,-0.67,-0.91,-1.46,34.12
560,9994848,-654.30,-777.34,44.43,-0.98,-0.61,-0.98,34.36
561,9998898,-648.44,-777.83,51.27,-0.85,-0.73,-0.85,34.21
562,10002955,-645.02,-772.95,46.39,-0.67,-1.10,-0.37,34.40
563,10007005,-648.93,-776.37,52.25,-1.10,-0.79,0.24,34.40
564,10012799,-652.83,-780.27,48.83,-0.73,-0.49,0.91,34.31
565,10016848,-653.32,-780.27,55.18,-0.91,-0.85,1.34,34.50
566,10020898,-657.23,-781.25,47.85,-0.85,-0.43,1.46,34.21
567,10024955,-657.71,-778.81,50.78,-0.67,-0.43,1.95,34.40
568,10029005,-655.76,-773.93,50.29,-0.61,-0.43,1.95,34.55
569,10034799,-658.20,-774.90,43.46,-0.73,-0.30,1.95,34.40
570,10038848,-663.09,-776.37,46.39,-0.55,-0.55,2.07,34.40
571,10042898,-653.32,-771.48,51.76,-0.85,-0.61,1.59,34.02
572,10046955,-654.79,-771.00,47.85,-0.91,-0.49,1.34,34.50
573,10051005,-660.64,-775.39,45.90,-0.85,-0.73,1.16,34.50
574,10056799,-654.79,-770.02,49.80,-0.79,-0.37,0.85,34.40
575,10060848,-665.53,-770.51,44.92,-0.73,-0.91,0.67,34.50
576,10064898,-662.60,-775.39,45.41,-0.67,-0.61,0.79,34.50
577,10068955,-661.13,-772.46,52.73,-0.85,-0.91,0.55,34.21
578,10073005,-660.16,-767.09,48.83,-1.10,-0.61,0.49,34.31
579,10078799,-662.60,-778.81,46.39,-0.73,-0.61,0.49,34.40
580,10082848,-663.57,-770.02,48.34,-0.98,-0.91,0.12,34.50
581,10086898,-661.62,-771.00,47.85,-1.04,-0.79,0.00,34.40
582,10090955,-662.11,-777.34,48.34,-0.67,-0.61,-0.18,34.40
583,10095005,-660.64,-776.86,46.39,-0.73,-0.85,-0.18,34.31
584,10100799,-657.71,-772.46,48.34,-0.85,-0.98,-0.61,34.64
585,10104848,-657.71,-775.88,45.90,-0.67,-0.91,-0.98,34.36
586,10108898,-657.71,-773.44,47.36,-0.73,-0.85,-0.91,34.40
587,10112955,-653.81,-770.02,50.78,-0.79,-1.04,-1.10,34.31
588,10117005,-654.30,-776.37,51.76,-0.98,-0.85,-1.34,34.36
589,10122799,-661.62,-781.25,51.27,-0.61,-0.98,-1.04,34.50
590,10126848,-647.95,-773.44,54.20,-1.04,-0.79,-0.73,34.21
591,10130898,-654.79,-779.79,52.73,-0.85,-0.85,-0.37,34.50
592,10134955,-659.67,-780.76,50.29,-0.55,-0.85,-0.06,34.16
593,10139005,-648.44,-778.32,53.22,-0.91,-0.79,0.24,34.31
594,10144799,-651.86,-772.46,51.76,-1.16,-0.55,0.73,34.40
595,10148848,-660.64,-778.81,48.34,-0.67,-0.61,0.91,34.16
596,10152898,-650.88,-773.44,52.73,-0.55,-0.49,1.28,34.21
597,10156955,-653.81,-774.41,53.22,-0.91,-0.49,1.52,34.31
598,10161005,-661.13,-778.32,45.90,-1.10,-0.49,1.59,34.50
599,10166799,-661.62,-780.27,48.34,-0.67,-0.55,1.46,34.36
600,10170848,-653.32,-768.55,50.78,-0.79,-0.30,1.28,34.31
601,10174898,-664.55,-779.79,42.97,-0.73,-0.37,1.52,34.50
602,10178955,-664.06,-773.93,49.32,-0.49,-0.61,1.46,34.36
603,10183005,-656.74,-769.53,55.18,-0.79,-0.49,1.04,34.40
604,10188799,-660.64,-774.41,47.85,-0.79,-0.85,1.10,34.31
605,10192848,-661.62,-775.39,46.39,-0.91,-0.61,0.79,34.21
606,10196898,-657.23,-766.11,44.92,-0.98,-0.55,0.79,34.69
607,10200955,-656.74,-771.97,45.41,-0.79,-0.61,0.55,34.31
608,10206799,-667.97,-778.32,47.85,-0.43,-0.43,0.18,34.21
609,10210848,-658.20,-769.53,51.27,-0.91,-0.43,0.30,34.36
610,10214898,-657.71,-775.39,46.87,-0.85,-0.85,-0.30,34.02
611,10218955,-658.69,-777.83,49.32,-0.79,-0.61,-0.37,34.31
612,10223005,-656.25,-773.44,51.76,-0.79,-0.73,-0.85,34.55
613,10228799,-652.83,-771.48,47.85,-1.04,-0.73,-1.22,34.21
614,10232848,-656.74,-781.25,48.83,-0.73,-0.98,-1.52,34.31
615,10236898,-649.90,-775.39,53.22,-0.61,-0.91,-1.16,34.21
616,10240955,-654.79,-772.95,54.69,-0.98,-0.67,-1.46,34.36
617,10245005,-653.32,-779.79,50.78,-0.98,-0.73,-0.91,34.50
618,10250799,-651.86,-780.76,55.18,-0.79,-0.85,-0.37,34.64
619,10254848,-655.76,-773.44,52.25,-0.85,-0.98,0.24,34.40
620,10258898,-662.11,-779.30,52.25,-0.67,-0.79,1.04,34.21
621,10262955,-657.23,-780.27,49.80,-0.61,-0.67,1.34,34.36
622,10267005,-650.39,-770.51,52.25,-0.67,-0.37,1.77,34.64
623,10272799,-658.20,-773.93,46.39,-0.98,-0.24,2.38,34.55
624,10276848,-664.06,-774.41,45.41,-0.79,-0.61,2.44,34.40
625,10280898,-655.27,-767.09,45.90,-0.73,-0.37,2.20,34.31
626,10284955,-664.55,-769.04,46.39,-1.22,-0.55,1.89,34.21
627,10289005,-665.53,-777.34,44.92,-0.79,-0.73,1.65,34.40
628,10294799,-661.13,-774.90,50.29,-0.61,-0.98,0.79,34.40
629,10298848,-659.67,-770.02,44.43,-0.85,-0.91,0.00,34.36
630,10302898,-665.53,-773.44,42.97,-0.98,-0.91,-0.43,34.12
631,10306955,-655.76,-771.00,50.29,-0.98,-1.04,-1.16,34.55
632,10311005,-651.86,-770.51,51.27,-0.85,-0.85,-1.52,34.40
633,10316799,-657.71,-779.79,50.29,-0.61,-0.91,-1.65,34.40
634,10320848,-659.67,-779.30,54.20,-0.55,-1.10,-1.04,34.16
635,10324898,-652.34,-776.37,52.73,-0.73,-0.98,-0.67,34.31
636,10328955,-655.76,-775.39,50.78,-0.79,-0.67,0.24,34.50
637,10333005,-652.34,-772.95,57.62,-0.73,-0.67,1.04,34.40
638,10338799,-652.83,-768.07,58.11,-0.73,-0.43,1.77,34.50
639,10342848,-665.04,-772.46,54.69,-0.73,-0.37,2.74,34.21
640,10346898,-660.64,-774.90,59.57,-0.43,-0.43,2.93,34.55
641,10350955,-662.11,-768.55,61.52,-0.37,-0.12,3.54,34.21
642,10355005,-666.02,-768.55,62.01,-0.73,0.00,3.35,34.50
643,10360799,-667.48,-770.51,55.66,-0.73,-0.24,3.29,34.36
644,10364848,-664.06,-770.51,59.57,-0.79,-0.30,2.32,34.31
645,10368898,-672.36,-768.55,56.15,-0.91,-0.37,1.59,34.40
646,10372955,-669.43,-768.07,56.15,-0.55,-0.43,0.91,34.21
647,10377005,-657.71,-767.09,47.36,-0.79,-0.61,-0.30,34.50
648,10382799,-666.02,-770.51,50.29,-0.79,-0.73,-1.04,34.02
649,10386848,-664.55,-769.53,46.87,-0.79,-0.55,-2.01,34.50
650,10390898,-658.69,-775.39,44.43,-0.85,-1.04,-2.32,34.40
651,10394955,-660.64,-777.83,48.34,-0.67,-0.85,-3.05,34.50
652,10399005,-658.69,-777.34,42.97,-0.85,-0.98,-3.35,34.40
653,10404799,-649.90,-780.76,47.36,-0.73,-0.91,-3.29,34.36
654,10408848,-651.37,-783.20,46.87,-0.79,-0.79,-2.87,34.64
655,10412898,-651.37,-778.81,41.50,-0.61,-1.10,-2.50,34.36
656,10416955,-653.32,-777.34,43.95,-0.61,-0.98,-1.77,34.36
657,10422799,-649.41,-778.81,36.62,-0.85,-0.79,-1.04,34.40
658,10426848,-650.88,-785.16,41.50,-0.61,-0.61,-0.06,34.50
659,10430898,-648.93,-779.30,42.48,-0.55,-0.67,0.61,34.21
660,10434955,-651.86,-777.83,40.53,-0.85,-0.55,1.10,34.36
661,10439005,-658.20,-783.69,38.57,-0.91,-0.55,1.52,34.31
662,10443054,-658.69,-779.79,40.53,-0.67,-0.79,1.83,34.21
663,10448799,-650.39,-774.41,41.02,-0.91,-0.43,1.95,34.21
664,10452848,-655.76,-783.20,41.02,-1.04,-0.73,2.01,34.02
665,10456898,-660.16,-775.88,44.92,-0.91,-0.67,1.71,34.50
666,10460955,-659.18,-772.46,46.39,-1.16,-0.55,1.65,34.40
667,10466799,-657.71,-777.34,44.92,-0.91,-0.79,1.22,34.40
668,10470848,-656.74,-775.39,46.87,-0.85,-0.79,0.85,34.40
669,10474898,-654.30,-774.90,46.87,-0.85,-1.10,0.73,34.21
670,10478955,-656.74,-774.41,49.32,-1.04,-0.73,0.61,34.64
671,10483005,-662.60,-777.34,51.27,-0.67,-0.55,0.67,34.55
672,10488799,-657.23,-770.02,49.32,-0.85,-0.85,0.73,34.36
673,10492848,-661.62,-775.39,50.29,-0.55,-0.79,1.46,34.64
674,10496898,-661.13,-776.86,51.27,-0.67,-0.49,1.77,34.12
675,10500955,-657.71,-770.51,50.78,-0.91,-0.55,1.95,34.31
676,10505005,-660.16,-768.07,50.29,-0.98,-0.73,2.20,34.50
677,10510799,-666.50,-774.41,48.83,-0.85,-0.49,2.50,34.31
678,10514848,-663.09,-763.67,53.22,-0.73,-0.79,2.26,34.36
679,10518898,-662.60,-770.02,52.73,-0.91,-0.67,1.46,34.36
680,10522955,-667.97,-776.37,46.39,-0.67,-0.73,1.28,34.31
681,10527005,-666.02,-769.04,46.87,-0.61,-0.61,0.24,34.31
682,10532799,-658.20,-767.58,49.32,-0.91,-0.79,-0.37,34.40
683,10536848,-666.02,-778.32,50.78,-0.98,-1.04,-1.52,34.40
684,10540898,-658.69,-775.88,46.39,-1.10,-1.04,-2.01,34.21
685,10544955,-657.71,-773.44,48.83,-0.98,-1.34,-2.93,34.40
686,10549005,-656.25,-780.76,48.34,-0.91,-1.34,-3.35,34.40
687,10554799,-653.81,-783.20,54.20,-1.10,-1.10,-3.60,34.31
688,10558848,-653.81,-771.00,55.18,-1.04,-1.34,-3.23,34.55
689,10562898,-657.71,-779.30,46.39,-1.10,-1.22,-2.74,34.50
690,10566955,-654.79,-781.74,52.73,-0.91,-1.16,-2.38,34.40
691,10571005,-645.51,-775.88,54.69,-0.85,-1.10,-1.65,34.55
692,10576799,-645.51,-777.83,54.69,-0.98,-0.79,-0.79,34.40
693,10580848,-650.39,-783.20,49.80,-0.79,-0.43,0.37,34.36
694,10584898,-646.00,-767.09,59.08,-0.79,-0.73,1.04,34.40
695,10588955,-645.51,-774.41,55.66,-1.28,-0.49,1.95,34.02
696,10593005,-655.27,-779.79,47.36,-0.91,-0.37,2.44,34.40
697,10598799,-652.83,-779.79,56.64,-0.73,-0.30,2.93,34.40
698,10602848,-656.74,-773.93,54.20,-0.73,-0.43,3.35,34.40
699,10606898,-662.11,-776.86,50.78,-0.73,-0.61,3.35,34.31
700,10610955,-659.67,-773.44,51.76,-0.73,-0.37,3.17,34.21
701,10615005,-656.25,-768.55,47.36,-1.10,-0.43,3.48,34.50
702,10620799,-663.09,-773.93,51.27,-0.91,-0.24,3.48,34.21
703,10624848,-670.41,-767.09,53.22,-0.55,-0.30,3.41,34.40
704,10628898,-659.18,-758.30,51.27,-0.85,-0.18,3.48,34.69
705,10632955,-668.46,-768.55,46.87,-0.98,0.06,3.35,34.50
706,10637005,-674.80,-767.58,47.36,-0.55,-0.37,3.17,34.40
707,10642799,-667.97,-759.77,48.34,-0.73,-0.49,2.93,34.21
708,10646848,-669.43,-769.04,45.90,-0.61,-0.24,2.32,34.16
709,10650898,-677.25,-768.07,50.29,-0.49,-0.43,1.89,34.36
710,10654955,-667.97,-765.62,50.29,-0.73,-0.61,0.98,34.21
711,10660799,-664.55,-761.23,52.73,-0.79,-0.55,0.12,34.50
712,10664848,-670.41,-770.02,46.87,-0.55,-0.55,-0.43,34.40
713,10668898,-669.92,-766.11,52.25,-0.73,-0.73,-1.22,34.31
714,10672955,-661.62,-764.16,50.78,-0.85,-0.61,-1.83,34.40
715,10677005,-665.53,-770.02,51.76,-0.49,-0.91,-2.50,34.40
716,10682799,-662.60,-772.46,49.32,-0.43,-0.85,-3.29,34.64
717,10686848,-658.20,-771.97,51.27,-0.91,-1.04,-3.96,34.31
718,10690898,-654.79,-782.71,48.34,-0.61,-1.22,-4.02,34.36
719,10694955,-656.74,-782.71,50.29,-0.61,-1.22,-4.27,34.55
720,10699005,-650.88,-775.88,49.80,-0.79,-0.98,-4.39,34.50
721,10704799,-649.90,-782.23,46.39,-0.85,-1.34,-3.96,34.40
722,10708848,-650.39,-784.18,50.29,-0.73,-0.98,-3.84,34.36
723,10712898,-643.07,-778.32,53.22,-1.10,-0.91,-3.48,34.12
724,10716955,-642.58,-780.76,48.83,-1.34,-0.91,-3.23,34.50
725,10721005,-644.04,-786.62,47.36,-0.98,-0.98,-2.13,34.40
726,10726799,-641.60,-783.69,47.85,-0.98,-0.98,-1.28,34.40
727,10730848,-645.51,-784.18,47.36,-0.98,-0.73,-0.12,34.64
728,10734898,-648.44,-787.11,43.46,-0.91,-0.91,0.91,34.36
729,10738955,-645.51,-780.27,44.92,-0.85,-0.67,1.59,34.36
730,10743005,-641.11,-780.76,41.02,-0.98,-0.55,2.56,34.55
731,10748799,-648.93,-786.13,42.97,-0.73,-0.49,3.66,34.40
732,10752848,-652.83,-775.88,40.53,-0.67,-0.37,4.39,34.36
733,10756898,-653.81,-771.48,40.53,-1.04,-0.24,4.76,34.40
734,10760955,-659.18,-769.04,39.06,-0.85,-0.18,5.49,34.40
735,10765005,-654.30,-771.48,42.97,-0.67,-0.30,5.73,34.21
736,10770799,-665.53,-773.93,39.55,-0.79,-0.43,5.18,34.40
737,10774848,-668.95,-768.55,39.06,-0.61,-0.18,4.82,34.50
738,10778898,-669.92,-769.53,46.87,-0.55,-0.55,4.09,34.40
739,10782955,-665.53,-764.16,48.83,-0.79,-0.67,3.17,34.02
740,10787005,-667.97,-764.16,44.92,-0.85,-0.73,2.32,34.16
741,10792799,-673.83,-768.07,50.29,-0.43,-0.79,0.91,34.31
742,10796848,-669.43,-761.23,50.29,-0.79,-1.16,0.00,34.21
743,10800898,-671.39,-768.07,56.15,-1.10,-0.91,-0.85,34.40
744,10804955,-671.39,-766.11,51.76,-0.73,-1.04,-1.65,34.50
745,10809005,-666.99,-768.55,57.13,-0.85,-1.22,-2.38,34.50
746,10814799,-662.11,-770.51,59.08,-0.91,-1.10,-3.11,34.36
747,10818848,-651.37,-768.07,59.08,-1.16,-1.22,-2.99,34.55
748,10822898,-655.76,-776.37,63.48,-0.85,-1.10,-3.05,34.21
749,10826955,-659.18,-775.39,57.62,-0.91,-0.98,-3.05,34.31
750,10831005,-658.20,-775.39,58.59,-1.04,-1.04,-2.38,34.31
751,10836799,-654.30,-774.90,62.99,-0.98,-1.10,-2.01,34.40
752,10840848,-651.86,-774.90,62.50,-0.67,-0.67,-1.40,34.50
753,10844898,-652.83,-776.86,56.64,-0.91,-0.79,-0.61,34.36
754,10848955,-654.79,-776.37,61.52,-0.61,-0.73,-0.06,34.36
755,10853005,-656.74,-775.88,56.15,-0.98,-0.67,0.55,34.40
756,10858799,-656.74,-778.32,54.69,-0.91,-0.49,1.46,34.12
757,10862848,-651.37,-778.32,55.66,-0.79,-0.18,2.07,34.21
758,10866898,-658.20,-775.88,56.64,-0.91,-0.37,2.44,34.31
759,10870955,-657.23,-775.88,50.78,-0.85,-0.24,2.68,34.36
760,10876799,-656.74,-771.97,48.83,-0.79,-0.30,2.87,34.50
761,10880848,-662.60,-773.44,49.80,-0.73,-0.30,3.17,34.40
762,10884898,-660.64,-774.90,47.85,-0.55,-0.18,2.99,34.40
763,10888955,-667.97,-773.44,49.32,-0.73,-0.37,2.68,34.40
764,10893005,-664.06,-765.14,45.90,-0.79,-0.43,2.38,34.31
765,10898799,-665.53,-770.02,43.95,-0.85,-0.37,1.77,34.36
766,10902848,-672.85,-771.00,42.97,-0.73,-0.67,0.85,34.21
767,10906898,-666.02,-771.00,44.92,-0.79,-0.79,0.43,34.36
768,10910955,-661.62,-770.02,41.99,-0.79,-0.79,0.18,34.55
769,10915005,-668.95,-768.55,45.41,-0.67,-0.37,-0.37,34.36
770,10920799,-666.99,-772.46,43.95,-0.79,-0.73,-0.85,34.31
771,10924848,-657.71,-770.51,41.99,-0.67,-0.79,-1.10,34.50
772,10928898,-659.67,-776.37,47.36,-0.67,-0.85,-1.40,34.31
773,10932955,-660.64,-768.55,44.92,-0.73,-0.73,-1.40,34.40
774,10937005,-658.69,-770.02,46.39,-0.79,-0.98,-1.40,34.31
775,10942799,-664.06,-776.37,45.90,-0.79,-0.98,-1.28,34.64
776,10946848,-652.34,-771.48,49.32,-0.67,-1.04,-1.65,34.50
777,10950898,-655.27,-771.00,46.87,-0.98,-0.91,-1.59,34.50
778,10954955,-654.30,-776.37,45.90,-0.79,-1.10,-1.28,34.64
779,10959005,-653.81,-779.79,47.36,-0.79,-1.04,-1.28,34.50
780,10964799,-653.81,-776.86,47.85,-1.28,-0.85,-0.79,34.40
781,10968848,-653.32,-783.20,48.34,-0.91,-0.98,-0.79,34.31
782,10972898,-653.32,-781.25,47.36,-0.67,-0.79,-0.98,34.40
783,10976955,-650.88,-775.88,52.25,-0.85,-0.85,-0.37,34.21
784,10981005,-656.74,-783.20,49.80,-1.16,-0.67,-0.06,34.50
785,10986799,-651.37,-783.20,48.83,-0.79,-0.73,0.37,34.36
786,10990848,-654.30,-769.53,52.25,-0.67,-0.79,0.85,34.21
787,10994898,-656.25,-777.34,50.29,-1.04,-0.67,1.10,34.55
788,10998955,-661.62,-779.79,52.73,-0.61,-0.55,1.77,34.40
789,11003005,-656.74,-772.95,50.29,-0.61,-0.61,1.89,34.64
790,11008799,-653.81,-767.58,51.76,-0.91,-0.30,2.68,34.40
791,11012848,-660.16,-774.90,48.83,-0.73,-0.49,3.29,34.36
792,11016898,-661.13,-770.51,55.18,-0.55,-0.55,3.48,34.40
793,11020955,-656.74,-765.14,52.25,-0.85,-0.37,3.41,34.21
794,11025005,-664.55,-774.41,53.22,-0.61,-0.18,3.54,34.64
795,11030799,-667.97,-769.53,50.78,-0.73,-0.06,3.35,34.40
796,11034848,-659.67,-763.18,54.20,-0.73,-0.43,2.93,34.50
797,11038898,-665.04,-771.97,46.87,-0.85,-0.24,2.38,34.40
798,11042955,-672.85,-769.53,51.27,-0.55,-0.55,1.77,34.21
799,11047005,-658.69,-765.62,54.69,-0.91,-0.85,0.67,34.40
800,11052799,-666.99,-762.21,55.18,-0.91,-0.67,-0.06,34.31
801,11056848,-670.41,-774.41,50.29,-0.91,-0.73,-0.73,34.21
802,11060898,-660.16,-768.07,54.20,-0.91,-1.04,-1.34,34.21
803,11064955,-663.57,-764.65,45.41,-0.98,-0.91,-1.89,34.50
804,11069005,-668.46,-774.90,44.43,-1.04,-1.10,-2.01,34.88
805,11074799,-665.04,-773.44,49.32,-0.55,-0.85,-2.38,34.50
806,11078848,-658.20,-767.09,50.29,-1.22,-0.98,-2.26,34.55
807,11082898,-663.57,-779.30,46.39,-1.10,-0.91,-2.13,34.50
808,11086955,-659.18,-778.81,48.83,-0.73,-1.16,-1.65,34.40
809,11092799,-652.34,-770.02,52.25,-0.85,-0.73,-1.59,34.40
810,11096848,-661.13,-774.90,45.90,-0.73,-0.61,-0.73,34.40
811,11100898,-657.71,-775.88,48.34,-0.79,-0.73,-0.85,34.31
812,11104955,-651.86,-771.48,45.90,-0.98,-0.67,-0.37,34.40
813,11109005,-652.83,-776.86,47.36,-0.85,-0.61,-0.55,34.50
814,11114799,-662.11,-784.18,44.92,-1.04,-0.85,-0.24,34.31
815,11118848,-646.97,-774.41,46.87,-0.79,-0.98,-0.18,34.50
816,11122898,-652.34,-777.34,43.46,-0.85,-0.91,-0.49,34.21
817,11126955,-657.23,-779.79,47.85,-0.85,-0.85,-0.43,34.50
818,11131005,-651.86,-778.32,53.71,-0.98,-0.67,-0.37,34.36
819,11136799,-647.46,-773.44,47.85,-1.10,-0.67,-0.24,34.40
820,11140848,-658.69,-781.25,47.85,-0.98,-0.67,0.37,34.36
821,11144898,-653.32,-780.27,48.83,-0.55,-0.91,0.79,34.02
822,11148955,-650.39,-777.83,47.36,-0.79,-0.55,1.52,34.50
823,11153005,-653.32,-778.32,49.80,-0.79,-0.49,1.83,34.50
824,11158799,-658.69,-773.93,45.41,-0.73,-0.79,2.38,34.36
825,11162848,-655.76,-766.60,49.32,-0.85,-0.61,3.05,34.40
826,11166898,-661.62,-771.48,43.46,-0.67,-0.61,3.29,34.12
827,11170955,-661.13,-771.00,46.39,-0.73,-0.43,3.29,34.31
828,11175005,-665.04,-770.51,50.78,-0.98,-0.43,3.23,34.50
829,11180799,-666.99,-768.55,42.97,-0.67,-0.43,3.05,34.64
830,11184848,-660.64,-769.04,51.27,-0.91,-0.79,2.32,34.50
831,11188898,-663.57,-763.18,48.83,-1.28,-0.61,2.07,34.36
832,11192955,-664.06,-766.60,46.39,-1.10,-0.67,1.34,34.50
833,11197005,-671.87,-769.04,46.39,-0.79,-0.43,1.10,34.36
834,11202799,-668.95,-767.58,47.36,-0.98,-0.98,0.73,34.31
835,11206848,-671.39,-767.58,46.87,-0.91,-0.98,0.12,34.55
836,11210898,-670.90,-768.55,46.39,-0.91,-1.04,-0.24,34.31
837,11214955,-667.48,-768.07,50.29,-0.98,-1.10,-0.61,34.31
838,11219005,-668.95,-768.07,51.27,-0.79,-1.10,-0.91,34.36
839,11224799,-663.57,-766.11,47.36,-0.98,-1.10,-1.34,34.31
840,11228848,-665.53,-771.48,47.85,-0.85,-1.10,-1.89,34.36
841,11232898,-657.23,-773.44,47.36,-1.04,-1.10,-2.32,34.31
842,11236955,-658.20,-774.41,50.29,-1.28,-1.22,-2.20,34.40
843,11241005,-654.79,-775.39,52.73,-0.85,-1.10,-2.32,34.50
844,11246799,-652.83,-775.88,55.18,-0.98,-1.28,-2.56,34.40
845,11250848,-653.81,-776.37,50.29,-0.98,-1.10,-2.50,34.55
846,11254898,-649.90,-778.81,50.78,-0.98,-1.22,-2.26,34.40
847,11258955,-652.83,-777.83,52.73,-0.79,-1.04,-2.07,34.36
848,11263005,-649.90,-780.27,49.80,-0.91,-1.04,-1.46,34.40
849,11268799,-656.25,-784.67,56.64,-0.79,-0.79,-1.04,34.40
850,11272848,-650.88,-778.81,53.71,-0.61,-0.98,-0.49,34.50
851,11276898,-653.81,-779.79,55.66,-1.10,-0.55,-0.12,34.50
852,11280955,-656.25,-777.34,57.13,-0.91,-0.79,0.30,34.21
853,11285005,-649.90,-781.25,57.13,-0.73,-0.61,1.04,34.64
854,11290799,-649.90,-774.41,55.18,-0.98,-0.73,1.40,34.64
855,11294848,-655.76,-775.39,50.78,-0.73,-0.37,1.83,34.21
856,11298898,-651.37,-773.93,52.73,-0.67,-0.67,2.07,34.40
857,11302955,-654.30,-776.37,48.83,-0.85,-0.43,2.44,34.36
858,11307005,-659.18,-776.37,52.25,-0.79,-0.37,2.56,34.55
859,11312799,-660.64,-774.90,55.18,-0.98,-0.73,2.68,34.21
860,11316848,-657.23,-771.00,56.15,-0.67,-0.61,2.62,34.21
861,11320898,-665.53,-774.41,47.36,-0.91,-0.55,2.20,34.40
862,11324955,-664.55,-771.97,49.32,-0.55,-0.55,1.83,34.31
863,11330799,-659.67,-769.53,52.73,-0.91,-0.61,1.59,34.36
864,11334848,-667.48,-770.02,48.83,-0.79,-0.73,1.46,34.55
865,11338898,-671.87,-768.55,49.80,-0.85,-0.43,0.73,34.02
866,11342955,-659.18,-767.09,51.27,-0.73,-0.73,0.73,34.40
867,11347005,-665.53,-775.39,51.76,-0.79,-0.55,0.79,34.50
868,11352799,-665.53,-769.04,50.78,-0.79,-0.61,0.24,34.36
869,11356848,-661.13,-762.21,48.83,-0.79,-0.49,0.73,34.36
870,11360898,-664.55,-770.02,48.34,-0.98,-0.85,0.91,34.40
871,11364955,-663.09,-771.97,49.32,-0.67,-0.49,1.22,34.50
872,11369005,-663.09,-767.09,47.85,-0.61,-0.79,0.79,34.36
873,11374799,-657.23,-765.14,53.22,-0.61,-0.73,0.30,34.31
874,11378848,-666.99,-775.88,47.36,-0.73,-0.67,-0.18,34.36
875,11382898,-659.67,-773.44,47.36,-0.79,-0.98,-0.61,34.12
876,11386955,-659.67,-764.65,48.34,-0.85,-0.85,-0.79,34.50
877,11391005,-662.60,-780.76,42.48,-0.98,-0.85,-1.34,34.50
878,11396799,-660.16,-773.93,44.43,-0.85,-0.98,-1.59,34.50
879,11400848,-654.30,-771.00,46.39,-0.79,-1.10,-1.95,34.50
880,11404898,-658.69,-781.25,46.39,-1.16,-1.10,-1.83,34.40
881,11408955,-658.69,-781.25,49.32,-0.73,-0.85,-2.32,34.40
882,11413005,-651.37,-773.93,46.87,-0.98,-0.98,-2.26,34.31
883,11418799,-652.34,-776.37,51.27,-1.22,-1.04,-2.20,34.21
884,11422848,-657.71,-781.25,47.36,-0.73,-1.16,-1.83,34.40
885,11426898,-644.04,-775.39,51.27,-0.79,-1.16,-1.77,34.16
886,11430955,-645.02,-776.37,49.80,-0.73,-0.98,-1.40,34.50
887,11435005,-648.93,-784.18,47.85,-0.91,-0.85,-0.43,34.55
888,11440799,-647.46,-777.34,51.76,-0.67,-0.79,0.06,34.40
889,11444848,-646.97,-783.20,51.76,-0.73,-0.73,0.98,34.21
890,11448898,-652.83,-784.18,52.25,-0.85,-0.49,1.83,34.40
891,11452955,-656.25,-779.30,59.08,-0.55,-0.37,2.56,34.31
892,11457005,-649.41,-770.02,57.13,-0.79,-0.37,3.29,34.55
893,11462799,-656.25,-775.39,55.66,-0.43,-0.24,4.02,34.31
894,11466848,-666.02,-773.44,52.73,-0.73,-0.06,4.33,34.40
895,11470898,-657.71,-765.14,55.66,-0.91,-0.18,4.63,34.21
896,11474955,-662.60,-764.65,50.78,-0.98,0.06,4.57,34.31
897,11479005,-674.80,-767.58,51.27,-0.55,-0.18,4.27,34.16
898,11484799,-666.02,-762.21,56.15,-0.55,-0.24,3.78,34.50
899,11488848,-667.97,-763.18,48.83,-0.98,-0.18,3.35,34.64
900,11492898,-674.80,-767.58,51.76,-0.79,-0.49,2.80,34.21
901,11496955,-667.48,-760.25,48.34,-0.43,-0.55,2.26,34.31
902,11501005,-667.48,-766.11,47.36,-0.98,-0.49,1.40,34.40
903,11506799,-677.25,-766.60,43.95,-0.79,-0.49,0.37,34.40
904,11510848,-667.48,-761.23,47.36,-0.73,-0.91,-0.73,34.64
905,11514898,-664.55,-764.65,39.55,-0.91,-0.91,-1.65,34.21
906,11518955,-669.43,-766.60,45.41,-0.98,-1.16,-2.07,34.50
907,11523005,-670.90,-769.04,48.34,-0.73,-1.10,-2.68,34.40
908,11528799,-663.57,-768.07,50.29,-0.73,-0.98,-3.23,34.55
909,11532848,-662.11,-773.93,41.99,-1.10,-0.98,-3.23,34.21
910,11536898,-661.62,-775.39,50.29,-0.67,-0.85,-3.29,34.55
911,11540955,-655.76,-769.53,57.13,-0.79,-1.28,-3.23,34.31
912,11546799,-653.81,-775.39,45.90,-0.79,-1.16,-2.56,34.16
913,11550848,-655.76,-782.23,45.41,-0.55,-0.98,-2.07,34.50
914,11554898,-649.90,-774.41,54.69,-0.61,-0.85,-1.22,34.21
915,11558955,-652.83,-772.95,50.78,-0.67,-0.73,-0.98,34.55
916,11563005,-656.25,-779.30,46.39,-0.67,-0.85,-0.30,34.50
917,11568799,-656.25,-783.20,55.18,-0.91,-0.79,0.06,34.40
918,11572848,-649.90,-777.34,50.29,-1.34,-0.73,0.30,34.55
919,11576898,-653.32,-782.23,51.27,-0.91,-0.55,0.55,34.02
920,11580955,-654.30,-781.25,49.32,-0.67,-0.67,1.04,34.50
921,11585005,-649.41,-778.81,50.29,-0.91,-0.49,1.16,34.31
922,11590799,-654.79,-777.83,52.25,-0.98,-0.30,0.85,34.21
923,11594848,-654.79,-780.27,54.69,-0.61,-0.79,0.79,34.64
924,11598898,-651.86,-771.00,51.76,-0.85,-0.73,0.91,34.31
925,11602955,-654.30,-775.88,46.87,-0.91,-0.55,1.04,34.31
926,11607005,-659.67,-776.37,44.92,-0.73,-0.49,1.65,34.21
927,11612799,-654.79,-771.48,48.34,-0.67,-0.30,1.95,34.36
928,11616848,-654.30,-771.97,45.90,-0.67,-0.37,2.74,34.40
929,11620898,-662.11,-772.95,43.95,-0.55,-0.24,3.05,34.31
930,11624955,-656.25,-768.07,46.39,-0.85,-0.24,3.54,34.64
931,11629005,-660.64,-767.58,46.87,-0.79,-0.12,3.41,34.64
932,11634799,-671.39,-765.62,44.92,-0.79,-0.18,3.66,34.55
933,11638848,-667.97,-763.18,45.41,-0.67,-0.24,3.41,34.64
934,11642898,-671.39,-765.62,52.73,-0.73,-0.24,3.23,34.50
935,11646955,-672.85,-765.14,47.36,-0.79,-0.55,2.38,34.40
936,11651005,-668.46,-765.14,50.29,-0.61,-0.67,1.71,34.36
937,11656799,-668.46,-763.67,48.34,-0.79,-0.79,0.73,34.40
938,11660848,-670.90,-763.67,45.41,-0.91,-0.98,-0.79,34.50
939,11664898,-667.97,-771.48,47.85,-0.73,-1.10,-1.77,34.36
940,11668955,-668.46,-770.51,47.85,-0.98,-1.28,-2.62,34.31
941,11673005,-666.99,-773.44,45.90,-1.04,-1.16,-3.66,34.31
942,11678799,-660.64,-774.41,44.92,-1.04,-1.28,-4.21,34.64
943,11682848,-656.25,-777.34,50.78,-1.10,-1.40,-4.51,34.50
944,11686898,-655.76,-776.37,47.85,-1.10,-1.46,-4.15,34.31
945,11690955,-655.27,-778.81,46.87,-0.73,-1.34,-3.66,34.21
946,11695005,-648.44,-773.44,50.78,-0.98,-1.28,-2.87,34.40
947,11700799,-648.44,-776.37,45.90,-1.16,-1.04,-1.83,34.21
948,11704848,-650.39,-778.32,47.36,-1.16,-0.91,-0.49,34.50
949,11708898,-648.44,-772.95,50.78,-0.98,-0.85,0.55,34.36
950,11712955,-648.93,-779.30,47.36,-1.10,-0.55,1.40,34.36
951,11717005,-654.79,-782.23,40.04,-0.85,-0.49,2.26,34.31
952,11722799,-654.79,-777.34,42.48,-0.79,-0.55,2.44,34.40
953,11726848,-657.23,-772.46,41.50,-1.04,-0.43,2.93,34.40
954,11730898,-664.06,-783.69,43.46,-1.04,-0.43,2.68,34.64
955,11734955,-664.06,-773.93,42.48,-1.04,-0.67,2.44,34.50
956,11739005,-658.20,-773.44,42.48,-1.40,-0.91,1.95,34.64
957,11744799,-661.62,-774.90,40.53,-1.28,-0.61,1.10,34.50
958,11748848,-660.16,-775.39,40.53,-1.22,-0.85,0.67,34.55
959,11752898,-654.30,-771.48,42.48,-1.46,-0.98,0.06,34.64
960,11756955,-661.62,-772.46,39.06,-1.16,-1.10,0.06,34.55
961,11762799,-661.62,-772.46,41.99,-0.98,-1.40,-0.30,34.40
962,11766848,-656.74,-769.04,46.87,-0.85,-1.28,-0.37,34.69
963,11770898,-662.11,-776.86,45.41,-1.16,-0.98,0.00,34.40
964,11774955,-660.16,-774.90,41.99,-1.10,-1.10,0.12,34.40
965,11779005,-660.16,-771.48,50.78,-0.98,-0.98,0.37,34.50
966,11784799,-654.30,-766.11,53.71,-1.16,-1.22,0.61,34.40
967,11788848,-661.13,-776.86,49.80,-0.98,-0.91,1.04,34.21
968,11792898,-657.71,-773.93,54.69,-0.85,-1.04,1.65,34.16
969,11796955,-657.71,-772.46,57.62,-0.73,-1.04,1.77,34.31
970,11801005,-660.64,-774.41,58.59,-0.98,-0.79,1.65,34.55
971,11806799,-662.11,-772.95,59.57,-0.79,-0.85,1.59,34.36
972,11810848,-659.18,-771.00,64.94,-0.85,-0.79,0.85,34.31
973,11814898,-662.11,-773.44,60.06,-0.85,-0.91,0.67,34.40
974,11818955,-663.57,-775.88,65.92,-0.79,-0.49,0.37,34.50
975,11823005,-663.09,-764.16,64.45,-0.67,-0.61,0.43,34.40
976,11828799,-661.13,-771.00,64.94,-0.43,-0.55,0.24,34.50
977,11832848,-668.46,-770.02,65.43,-0.49,-0.61,0.18,34.55
978,11836898,-662.60,-766.11,64.45,-0.73,-0.61,0.49,34.31
979,11840955,-657.71,-765.62,60.06,-0.91,-0.55,0.61,34.40
980,11845005,-663.09,-774.41,59.08,-0.91,-0.49,0.43,34.40
981,11850799,-665.53,-772.46,54.20,-0.98,-0.37,0.98,34.40
982,11854848,-657.71,-767.58,48.34,-0.85,-0.49,0.67,34.50
983,11858898,-664.55,-772.46,49.32,-0.85,-0.61,0.55,34.50
984,11862955,-664.06,-773.93,51.27,-0.61,-0.61,0.18,34.21
985,11867005,-658.20,-767.09,47.85,-1.04,-0.55,0.06,34.40
986,11872799,-660.16,-772.95,38.57,-1.04,-0.73,-0.43,34.31
987,11876848,-664.06,-775.88,42.48,-0.67,-0.79,-1.22,34.31
988,11880898,-656.25,-771.00,38.57,-0.85,-0.61,-1.52,34.50
989,11884955,-657.23,-776.37,37.11,-0.85,-0.85,-1.77,34.64
990,11889005,-661.13,-781.74,37.11,-0.91,-1.10,-1.77,34.40
991,11894799,-656.25,-777.34,41.02,-0.49,-0.79,-2.20,34.21
992,11898848,-651.86,-782.23,38.57,-0.98,-1.10,-2.07,34.64
993,11902898,-652.83,-784.18,39.55,-0.61,-1.04,-1.95,34.31
994,11906955,-653.81,-779.79,49.32,-0.61,-0.73,-1.77,34.31
995,11911005,-645.51,-776.37,43.46,-0.67,-0.49,-1.46,34.40
996,11916799,-648.44,-781.74,40.53,-0.85,-0.85,-0.67,34.50
997,11920848,-652.83,-779.30,49.80,-0.61,-0.73,0.00,34.64
998,11924898,-645.02,-773.44,49.32,-0.91,-0.73,0.61,34.36
999,11928955,-648.93,-782.71,49.80,-0.85,-0.61,1.40,34.12
1000,11933005,-660.64,-782.23,47.85,-0.61,-0.43,2.32,34.40
1001,11938799,-656.25,-774.90,50.29,-0.73,-0.43,2.93,34.36
1002,11942848,-661.13,-780.27,48.34,-0.85,-0.43,3.41,34.64
1003,11946898,-660.64,-778.81,46.39,-0.61,-0.67,3.48,34.31
1004,11950955,-662.60,-771.97,45.90,-0.85,-0.43,3.41,34.40
1005,11955005,-660.16,-769.04,48.83,-0.85,-0.55,2.99,34.40
1006,11960799,-665.53,-776.37,44.43,-0.91,-0.61,2.68,34.64
1007,11964848,-660.64,-767.09,45.90,-0.85,-0.67,1.77,34.40
1008,11968898,-663.09,-767.58,44.43,-1.04,-0.73,1.10,34.50
1009,11972955,-662.60,-772.46,43.46,-1.10,-1.16,0.43,34.40
1010,11977005,-669.92,-776.37,42.48,-0.85,-0.98,0.12,34.50
1011,11982799,-662.60,-768.55,48.34,-0.91,-0.91,-0.30,34.31
1012,11986848,-660.64,-773.44,44.43,-0.98,-1.04,-0.67,34.31
1013,11990898,-661.13,-769.53,46.39,-0.91,-0.85,-0.55,34.31
1014,11994955,-658.69,-772.95,47.85,-0.98,-0.98,-0.24,34.50
1015,12000799,-661.13,-771.48,44.43,-0.79,-0.67,0.43,34.50
1016,12004848,-667.48,-774.41,54.20,-0.49,-0.91,1.10,34.64
1017,12008898,-661.13,-765.62,51.76,-0.61,-0.55,1.22,34.21
1018,12012955,-664.55,-768.07,55.66,-0.91,-0.61,1.34,34.50
1019,12017005,-661.13,-765.62,56.64,-0.79,-0.61,1.71,34.55
1020,12022799,-666.99,-771.00,59.08,-0.73,-0.49,1.83,34.21
1021,12026848,-662.11,-762.70,57.13,-0.98,-0.55,1.46,34.40
1022,12030898,-665.04,-769.53,56.15,-0.73,-0.55,1.40,34.40
1023,12034955,-664.06,-770.51,56.15,-0.61,-0.67,1.04,34.36
1024,12039005,-664.06,-770.02,54.20,-0.98,-0.61,0.37,34.40
1025,12044799,-667.97,-771.00,56.64,-0.91,-0.79,-0.12,34.50
1026,12048848,-663.57,-773.44,51.27,-0.98,-0.91,-1.10,34.40
1027,12052898,-662.60,-768.55,51.76,-0.91,-0.98,-1.83,34.21
1028,12056955,-656.25,-769.04,51.76,-1.10,-1.04,-2.26,34.21
1029,12061005,-653.81,-772.95,50.29,-0.98,-0.98,-2.74,34.40
1030,12066799,-657.71,-774.41,47.85,-0.98,-0.85,-2.87,34.40
1031,12070848,-652.34,-776.86,42.48,-0.91,-0.98,-2.74,34.69
1032,12074898,-656.74,-780.27,41.02,-0.73,-0.85,-2.50,34.50
1033,12078955,-652.83,-779.30,43.46,-0.85,-0.79,-2.20,34.40
1034,12083005,-654.30,-777.83,39.55,-0.79,-0.85,-1.52,34.40
1035,12088799,-653.32,-779.30,41.02,-0.85,-0.73,-0.79,34.69
1036,12092848,-650.39,-778.32,46.87,-0.85,-0.49,0.37,34.64
1037,12096898,-651.86,-773.44,50.29,-0.49,-0.49,0.98,34.40
1038,12100955,-649.90,-780.76,50.29,-0.67,-0.61,1.71,34.40
1039,12105005,-655.76,-773.93,51.27,-0.61,-0.12,2.32,34.40
1040,12110799,-655.76,-772.46,51.76,-0.61,-0.12,3.05,34.40
1041,12114848,-661.13,-774.41,49.32,-0.67,-0.18,2.87,34.36
1042,12118898,-664.06,-771.00,50.29,-0.73,-0.24,2.87,34.50
1043,12122955,-659.67,-768.07,43.95,-0.67,-0.30,2.74,34.31
1044,12127005,-663.09,-775.88,48.34,-0.91,-0.43,2.38,34.50
1045,12132799,-668.95,-768.55,47.36,-0.67,-0.67,1.95,34.31
1046,12136848,-664.06,-773.44,48.34,-0.98,-0.61,1.28,34.55
1047,12140898,-660.64,-773.93,46.87,-0.73,-0.67,0.67,34.40
1048,12144955,-660.16,-773.44,41.50,-0.85,-0.79,-0.06,34.16
1049,12149005,-661.13,-769.53,45.90,-1.04,-0.91,-0.55,34.40
1050,12154799,-658.69,-770.51,41.02,-0.91,-1.22,-0.85,34.64
1051,12158848,-662.11,-776.37,47.85,-0.73,-1.04,-1.16,34.40
1052,12162898,-662.11,-772.46,44.92,-0.85,-1.04,-0.85,34.83
1053,12166955,-660.16,-771.48,45.90,-0.79,-1.04,-1.04,34.21
1054,12171005,-663.57,-778.32,52.25,-0.73,-0.67,-1.04,34.40
1055,12176799,-660.16,-771.48,50.29,-0.49,-0.85,-0.79,34.31
1056,12180848,-657.23,-773.44,49.32,-0.73,-0.85,-0.18,34.64
1057,12184898,-659.18,-778.81,46.87,-0.91,-0.73,0.24,34.50
1058,12188955,-659.67,-773.44,52.25,-0.79,-0.49,0.98,34.40
1059,12193005,-655.76,-773.44,52.25,-0.61,-0.49,1.65,34.36
1060,12198799,-654.79,-765.62,54.69,-0.79,-0.61,1.89,34.36
1061,12202848,-664.55,-773.44,49.32,-0.67,-0.55,2.07,34.02
1062,12206898,-661.62,-766.60,49.80,-0.79,-0.43,1.95,34.55
1063,12210955,-657.71,-767.58,46.39,-0.85,-0.61,1.83,34.36
1064,12216799,-666.50,-780.76,48.83,-0.79,-0.73,1.04,34.64
1065,12220848,-662.11,-770.02,47.85,-0.85,-0.67,0.43,34.40
1066,12224898,-661.62,-769.04,46.39,-0.85,-0.55,-0.43,34.21
1067,12228955,-666.99,-774.90,43.95,-0.98,-0.73,-0.79,34.55
1068,12233005,-660.64,-770.51,48.83,-1.10,-1.04,-1.16,34.40
1069,12238799,-657.71,-769.53,45.90,-0.98,-1.04,-1.46,34.31
1070,12242848,-657.71,-781.74,41.99,-0.98,-1.04,-1.46,34.21
1071,12246898,-662.60,-771.97,45.41,-0.73,-0.98,-1.34,34.31
1072,12250955,-654.79,-767.58,46.39,-0.67,-0.98,-1.10,34.40
1073,12255005,-653.81,-771.48,45.41,-0.98,-0.73,-0.73,34.31
1074,12260799,-662.11,-775.88,46.87,-0.55,-0.73,-0.24,34.50
1075,12264848,-654.30,-764.16,48.83,-0.85,-0.55,0.61,34.50
1076,12268898,-654.79,-771.00,47.36,-1.04,-0.67,1.10,34.36
1077,12272955,-659.18,-774.90,43.95,-0.67,-0.85,1.52,34.31
1078,12277005,-659.67,-771.48,47.36,-0.73,-0.43,1.71,34.50
1079,12282799,-655.76,-769.04,50.78,-0.79,-0.55,2.20,34.50
1080,12286848,-664.06,-771.97,51.27,-0.67,-0.55,1.59,34.50
1081,12290898,-660.16,-769.53,45.41,-0.43,-0.55,1.46,34.64
1082,12294955,-658.69,-769.53,58.11,-0.79,-0.67,1.04,34.40
1083,12299005,-660.64,-775.39,53.22,-0.91,-0.55,1.04,34.40
1084,12304799,-667.48,-772.95,55.18,-0.49,-0.67,0.49,34.21
1085,12308848,-657.23,-772.46,50.29,-0.73,-0.61,0.30,34.40
1086,12312898,-662.60,-772.46,48.34,-0.98,-0.67,-0.06,34.21
1087,12316955,-662.60,-778.32,51.76,-0.67,-0.79,0.12,34.40
1088,12321005,-664.55,-771.48,49.80,-0.79,-0.79,-0.30,34.31
1089,12326799,-659.67,-765.14,48.83,-1.10,-0.67,-0.43,34.50
1090,12330848,-663.57,-776.86,44.92,-0.85,-0.85,-0.37,34.36
1091,12334898,-662.11,-773.93,50.78,-0.98,-0.85,-0.55,34.31
1092,12338955,-657.71,-766.11,51.76,-0.98,-0.67,-0.43,34.12
1093,12343005,-658.20,-776.86,47.85,-0.79,-0.73,-0.37,34.64
1094,12348799,-654.30,-777.83,48.34,-0.55,-0.67,-0.30,34.31
1095,12352848,-663.57,-769.53,49.32,-0.79,-0.55,-0.24,34.40
1096,12356898,-662.11,-772.95,50.29,-0.85,-0.67,-0.24,34.50
1097,12360955,-664.55,-779.79,50.29,-0.98,-0.67,0.00,34.12
1098,12365005,-654.79,-768.55,48.83,-0.91,-0.73,0.37,34.50
1099,12370799,-654.79,-771.48,49.32,-0.98,-0.61,0.18,34.36
1100,12374848,-658.69,-778.81,52.25,-0.73,-0.61,0.55,34.64
1101,12378898,-653.81,-774.90,47.36,-0.55,-0.55,0.55,34.40
1102,12382955,-654.30,-769.53,48.34,-0.85,-0.61,0.61,34.36
1103,12387005,-663.09,-774.90,44.43,-0.85,-0.67,0.49,34.40
1104,12392799,-663.09,-778.32,48.34,-0.43,-0.85,0.55,34.36
1105,12396848,-654.30,-771.48,46.87,-0.91,-0.73,0.43,34.36
1106,12400898,-659.67,-774.41,44.92,-0.73,-0.73,0.55,34.31
1107,12404955,-666.99,-772.46,42.48,-0.85,-0.79,0.37,34.50
1108,12409005,-659.67,-771.48,50.78,-0.67,-0.73,0.43,34.31
1109,12414799,-659.67,-774.90,47.85,-0.98,-0.67,0.37,34.50
1110,12418848,-660.64,-776.86,45.90,-0.73,-0.67,0.67,34.50
1111,12422898,-658.20,-771.48,54.20,-0.73,-0.67,0.43,34.40
1112,12426955,-659.18,-773.44,45.90,-1.04,-0.67,0.18,34.50
1113,12432799,-662.60,-775.39,47.85,-1.04,-0.85,0.18,34.40
1114,12436848,-663.57,-769.04,49.32,-0.79,-0.79,0.43,34.50
1115,12440898,-659.67,-771.48,46.87,-0.91,-0.73,0.37,34.50
1116,12444955,-664.06,-776.86,43.95,-0.79,-0.73,0.24,34.36
1117,12449005,-663.57,-774.41,48.83,-0.79,-0.67,0.73,34.31
1118,12454799,-660.64,-772.95,50.29,-1.04,-0.73,0.73,34.36
1119,12458848,-666.50,-771.48,44.92,-0.85,-0.67,0.73,34.74
1120,12462898,-663.09,-775.88,47.36,-0.91,-0.61,0.43,34.21
1121,12466955,-658.20,-771.48,49.32,-1.10,-0.73,0.55,34.50
1122,12471005,-656.74,-767.58,49.32,-0.61,-0.61,0.73,34.21
1123,12476799,-664.06,-773.44,47.36,-0.67,-0.85,0.61,34.50
1124,12480848,-660.16,-776.86,52.25,-0.79,-0.73,0.06,34.31
1125,12484898,-657.23,-770.02,49.32,-1.10,-0.79,-0.12,34.21
1126,12488955,-660.64,-771.48,53.71,-0.79,-1.04,-0.37,34.50
1127,12493005,-659.18,-773.44,49.32,-0.85,-0.98,-0.43,34.64
1128,12498799,-661.13,-770.02,54.20,-0.79,-0.79,-0.61,34.74
1129,12502848,-662.60,-774.41,46.39,-1.16,-0.98,-0.43,34.40
1130,12506898,-661.62,-775.88,49.32,-0.61,-0.91,-0.49,34.12
1131,12510955,-659.18,-771.97,48.34,-0.67,-0.85,-0.49,34.40
1132,12515005,-659.67,-773.93,54.20,-0.85,-0.91,-0.30,34.36
1133,12520799,-659.18,-779.30,48.34,-0.73,-0.67,0.12,34.50
1134,12524848,-655.76,-769.53,50.29,-0.91,-0.85,0.30,34.64
1135,12528898,-661.13,-777.34,52.25,-0.91,-0.55,0.43,34.64
1136,12532955,-662.11,-776.37,45.90,-0.85,-0.61,1.10,34.50
1137,12537005,-661.13,-772.95,46.39,-0.73,-0.91,0.91,34.40
1138,12542799,-663.09,-776.86,48.34,-0.73,-0.67,1.04,34.36
1139,12546848,-660.16,-772.46,51.76,-1.04,-0.67,1.04,34.40
1140,12550898,-662.60,-773.93,51.76,-0.73,-0.61,1.10,34.50
1141,12554955,-661.62,-771.48,53.22,-0.55,-0.67,1.04,34.64
1142,12559005,-667.48,-776.37,45.90,-0.61,-0.85,1.22,34.50
1143,12564799,-660.16,-769.04,48.34,-0.67,-0.85,1.10,34.64
1144,12568848,-660.64,-770.51,47.36,-0.85,-0.61,0.98,34.50
1145,12572898,-664.55,-775.39,45.90,-0.85,-0.67,0.73,34.55
1146,12576955,-665.04,-769.04,48.34,-0.91,-0.61,0.61,34.31
1147,12581005,-666.50,-771.00,49.80,-0.98,-0.67,0.37,34.50
1148,12586799,-664.06,-770.02,44.92,-1.10,-0.55,0.24,34.36
1149,12590848,-661.62,-773.44,47.85,-0.73,-0.61,0.00,34.40
1150,12594898,-656.25,-770.02,53.22,-0.73,-0.67,-0.06,34.31
1151,12598955,-662.60,-771.48,43.46,-0.91,-0.73,-0.24,34.36
1152,12603005,-665.53,-773.44,47.36,-0.67,-0.79,-0.37,34.40
1153,12608799,-656.74,-771.97,52.73,-0.85,-0.73,-0.85,34.50
1154,12612848,-657.23,-774.90,46.87,-0.73,-0.73,-0.73,34.55
1155,12616898,-658.20,-777.34,50.29,-0.85,-0.98,-0.67,34.40
1156,12620955,-659.67,-773.44,50.29,-0.73,-0.91,-0.49,34.55
1157,12625005,-655.76,-776.37,53.71,-0.85,-0.85,-0.49,34.50
1158,12630799,-656.25,-776.86,54.20,-0.98,-0.73,-0.06,34.21
1159,12634848,-658.69,-774.41,52.25,-0.73,-0.85,0.06,34.21
1160,12638898,-653.81,-775.39,47.85,-0.91,-0.73,0.18,34.40
1161,12642955,-657.23,-775.39,52.25,-0.85,-0.61,0.49,34.69
1162,12648799,-659.67,-777.34,51.76,-0.55,-0.91,0.61,34.55
1163,12652848,-651.86,-769.04,52.25,-0.55,-0.79,0.85,34.40
1164,12656898,-661.13,-775.39,45.90,-0.79,-0.61,0.85,34.50
1165,12660955,-663.09,-774.41,49.32,-1.10,-0.91,0.67,34.31
1166,12665005,-657.23,-772.95,46.39,-0.91,-0.61,0.79,34.64
1167,12669054,-658.20,-775.39,46.39,-0.98,-0.85,0.85,34.40
1168,12674799,-663.09,-774.90,46.39,-0.55,-0.79,0.73,34.50
1169,12678848,-663.09,-769.53,50.78,-0.61,-0.55,0.67,34.31
1170,12682898,-657.71,-768.07,47.36,-0.98,-0.61,0.98,34.40
1171,12686955,-663.09,-778.81,43.95,-0.67,-0.55,0.79,34.69
1172,12692799,-665.04,-774.90,48.34,-0.73,-0.55,0.85,34.40
1173,12696848,-659.67,-768.07,43.95,-0.91,-0.73,0.85,34.88
1174,12700898,-662.60,-772.95,45.41,-1.04,-0.67,1.04,34.16
1175,12704955,-665.53,-781.25,48.83,-0.67,-0.55,0.98,34.40
1176,12709005,-662.60,-767.09,50.29,-0.67,-0.55,0.98,34.69
1177,12714799,-661.13,-767.09,45.41,-0.79,-0.79,0.79,34.55
1178,12718848,-669.43,-769.53,48.34,-0.91,-0.85,0.55,34.36
1179,12722898,-662.11,-774.41,46.39,-0.61,-0.67,0.30,34.40
1180,12726955,-659.18,-770.02,50.78,-0.79,-0.73,0.43,34.50
1181,12731005,-667.97,-775.39,50.78,-0.91,-1.10,0.18,34.36
1182,12736799,-665.04,-777.34,48.34,-0.73,-0.73,0.12,34.69
1183,12740848,-657.23,-770.51,51.27,-0.73,-0.79,-0.06,34.36
1184,12744898,-658.20,-773.44,43.46,-0.91,-0.79,-0.18,34.36
1185,12748955,-661.13,-773.93,46.39,-0.73,-0.73,-0.37,34.50
1186,12753005,-658.69,-772.95,55.66,-0.85,-0.91,-0.43,34.21
1187,12758799,-660.16,-769.53,51.76,-0.73,-1.04,-0.37,34.50
1188,12762848,-662.60,-772.46,49.80,-0.67,-0.98,-0.49,34.21
1189,12766898,-657.23,-772.95,52.25,-0.73,-0.91,-0.49,34.50
1190,12770955,-658.20,-772.46,51.27,-1.10,-0.61,-0.37,34.31
1191,12775005,-664.06,-773.93,44.43,-0.91,-0.79,-0.24,34.36
1192,12780799,-662.11,-779.79,45.90,-0.91,-0.73,-0.30,34.69
1193,12784848,-652.83,-770.51,49.32,-0.91,-0.67,0.30,34.50
1194,12788898,-661.62,-774.90,44.92,-0.85,-0.43,0.06,34.50
1195,12792955,-659.18,-776.86,51.27,-0.61,-0.67,0.30,34.21
1196,12797005,-657.71,-771.00,51.76,-0.91,-0.55,0.37,34.74
1197,12802799,-657.23,-772.46,46.87,-1.04,-0.67,0.55,34.40
1198,12806848,-660.64,-778.81,48.83,-0.73,-0.79,0.73,34.50
1199,12810898,-656.74,-770.51,53.22,-0.61,-0.55,0.67,34.12
1200,12814955,-663.09,-770.51,46.87,-1.16,-0.30,0.73,34.31
1201,12819005,-660.64,-775.39,44.43,-0.79,-0.55,0.55,34.36
1202,12824799,-661.13,-773.44,48.83,-0.67,-0.55,0.61,34.40
1203,12828848,-656.25,-771.00,47.85,-0.91,-0.79,0.37,34.50
1204,12832898,-666.50,-774.41,49.32,-0.79,-0.73,0.24,34.64
1205,12836955,-665.53,-777.83,53.71,-0.73,-0.43,0.24,34.31
1206,12841005,-661.13,-768.55,51.27,-0.91,-0.67,0.18,34.50
1207,12846799,-660.64,-767.58,52.25,-0.79,-0.79,0.30,34.40
1208,12850848,-667.97,-772.95,46.39,-0.79,-0.91,0.18,34.55
1209,12854898,-660.16,-769.04,51.76,-0.79,-0.67,0.24,34.40
1210,12858955,-654.30,-771.00,49.32,-0.98,-0.61,0.37,34.50
1211,12863005,-662.11,-769.53,48.34,-0.85,-0.67,0.30,34.31
1212,12868799,-662.11,-776.37,55.66,-0.73,-0.85,0.18,34.50
1213,12872848,-658.20,-771.00,51.27,-0.91,-0.73,0.12,34.21
1214,12876898,-660.64,-772.95,49.32,-1.04,-0.55,-0.06,34.50
1215,12880955,-663.57,-771.97,48.83,-0.67,-0.91,0.12,34.50
1216,12886799,-662.11,-774.90,46.87,-0.91,-0.85,0.18,34.50
1217,12890848,-660.64,-774.41,47.36,-0.91,-0.73,0.18,34.55
1218,12894898,-660.64,-770.02,45.90,-0.61,-0.85,0.18,34.31
1219,12898955,-656.25,-768.55,47.36,-0.79,-0.49,0.37,34.21
1220,12903005,-659.67,-768.07,47.36,-0.91,-0.55,0.30,34.50
1221,12908799,-665.53,-777.34,48.83,-0.98,-0.79,0.43,34.36
1222,12912848,-661.62,-779.30,49.80,-0.98,-0.61,0.61,34.50
1223,12916898,-657.71,-772.95,49.80,-0.61,-0.55,0.49,34.40
1224,12920955,-665.04,-774.90,48.34,-0.85,-0.67,0.55,34.40
1225,12925005,-663.09,-772.95,50.78,-0.61,-0.91,0.61,34.40
1226,12930799,-659.67,-770.51,45.90,-0.91,-0.79,0.49,34.36
1227,12934848,-661.13,-772.46,48.34,-0.91,-0.73,0.37,34.50
1228,12938898,-661.62,-771.00,48.83,-0.73,-1.10,-0.12,34.02
1229,12942955,-661.13,-769.04,54.20,-0.91,-0.85,0.00,34.36
1230,12947005,-658.69,-768.55,48.34,-0.79,-0.61,-0.30,34.40
1231,12952799,-661.13,-771.48,46.87,-0.73,-0.73,-0.24,34.55
1232,12956848,-662.60,-770.51,52.25,-0.67,-0.67,-0.12,34.36
1233,12960898,-655.76,-771.97,46.39,-0.79,-0.79,-0.37,34.50
1234,12964955,-662.11,-773.44,47.36,-0.73,-0.85,-0.30,34.69
1235,12969005,-659.18,-770.51,52.25,-0.85,-0.73,-0.12,34.31
1236,12974799,-658.69,-771.97,49.32,-1.22,-0.61,0.06,34.55
1237,12978848,-661.62,-770.02,49.32,-0.98,-0.79,0.24,34.50
1238,12982898,-659.18,-771.48,46.39,-0.73,-0.73,0.24,34.55
1239,12986955,-657.23,-770.51,49.32,-0.79,-0.79,0.43,34.40
1240,12991005,-658.20,-771.00,46.39,-0.67,-0.73,0.30,34.40
1241,12996799,-658.20,-773.44,48.83,-0.85,-0.61,0.43,34.40
1242,13000848,-657.23,-771.00,52.25,-0.98,-0.37,0.43,34.50
1243,13004898,-663.57,-774.41,47.85,-0.61,-0.79,0.55,34.50
1244,13008955,-658.20,-773.44,50.29,-0.37,-0.43,0.55,34.31
1245,13013005,-661.13,-768.07,48.83,-1.04,-0.49,0.67,34.21
1246,13018799,-661.62,-771.97,49.80,-0.79,-0.49,0.55,34.31
1247,13022848,-659.18,-775.88,44.43,-0.73,-0.73,0.37,34.55
1248,13026898,-660.16,-771.00,45.90,-0.85,-0.55,0.37,34.21
1249,13030955,-660.64,-768.07,48.34,-0.98,-0.61,0.18,34.21
1250,13035005,-662.11,-771.48,49.32,-0.67,-0.73,0.12,34.40
1251,13040799,-656.74,-770.02,54.20,-0.55,-0.73,-0.06,34.40
1252,13044848,-657.23,-769.53,51.27,-1.04,-0.79,0.00,34.50
1253,13048898,-660.64,-775.39,45.90,-0.85,-0.79,0.18,34.55
1254,13052955,-663.09,-774.41,46.87,-0.61,-0.49,0.12,34.40
1255,13057005,-656.74,-769.04,49.80,-0.85,-0.85,0.24,34.36
1256,13062799,-655.76,-771.97,54.20,-1.04,-0.79,0.49,34.50
1257,13066848,-663.57,-765.62,48.34,-0.79,-0.73,0.55,34.21
1258,13070898,-655.76,-767.58,48.34,-0.73,-0.73,0.85,34.31
1259,13074955,-655.27,-774.90,48.83,-0.79,-0.67,0.91,34.40
1260,13079005,-663.09,-777.34,44.43,-0.85,-0.73,0.98,34.40
1261,13084799,-657.23,-769.53,47.85,-0.98,-0.49,0.79,34.21
1262,13088848,-656.25,-772.46,49.80,-0.85,-0.67,0.55,34.21
1263,13092898,-662.11,-776.86,47.36,-0.91,-0.61,0.85,34.31
1264,13096955,-664.06,-774.41,47.36,-0.67,-0.79,0.43,34.50
1265,13102799,-655.27,-770.02,50.78,-0.79,-0.67,0.55,34.40
1266,13106848,-660.16,-775.88,51.27,-0.61,-0.61,0.43,34.21
1267,13110898,-662.60,-772.95,51.27,-0.73,-0.85,0.24,34.64
1268,13114955,-660.64,-769.04,43.95,-0.73,-0.61,0.37,34.69
1269,13119005,-659.67,-771.97,41.50,-0.91,-0.73,0.06,34.55
1270,13124799,-667.97,-773.44,45.41,-0.61,-0.67,0.24,34.50
1271,13128848,-660.16,-768.55,50.29,-0.67,-0.91,0.00,34.40
1272,13132898,-659.67,-771.00,47.85,-0.73,-0.98,-0.55,34.21
1273,13136955,-663.09,-774.41,51.27,-0.79,-0.91,-0.30,34.40
1274,13141005,-661.13,-770.51,51.27,-0.85,-0.98,-0.24,34.40
1275,13146799,-655.27,-770.02,47.85,-1.04,-0.85,-0.61,34.31
1276,13150848,-660.16,-777.83,49.32,-1.04,-0.91,-0.55,34.31
1277,13154898,-659.67,-772.95,47.85,-0.73,-1.16,-0.37,34.50
1278,13158955,-652.34,-768.07,46.87,-0.85,-1.04,-0.30,34.21
1279,13163005,-658.20,-776.37,45.90,-0.98,-0.91,0.12,34.40
1280,13168799,-659.67,-779.79,47.36,-0.98,-0.79,0.37,34.55
1281,13172848,-656.74,-769.04,51.27,-0.85,-0.43,0.79,34.55
1282,13176898,-658.69,-773.93,45.41,-0.79,-0.67,1.10,34.40
1283,13180955,-662.11,-776.37,46.39,-0.79,-0.55,1.04,34.50
1284,13185005,-665.04,-770.51,47.36,-0.79,-0.61,1.04,34.31
1285,13190799,-657.23,-768.07,51.27,-1.10,-0.55,1.04,34.31
1286,13194848,-664.55,-776.37,48.34,-0.67,-0.73,0.61,34.74
1287,13198898,-664.55,-773.44,47.85,-0.73,-0.61,0.37,34.40
1288,13202955,-660.64,-769.04,50.78,-0.98,-1.04,0.06,34.64
1289,13207005,-667.97,-775.88,51.27,-0.98,-0.67,0.37,34.40
1290,13212799,-662.11,-775.88,44.92,-0.73,-0.67,-0.18,34.55
1291,13216848,-659.67,-769.04,52.25,-0.67,-0.73,-0.24,34.50
1292,13220898,-660.64,-771.97,44.92,-0.98,-0.67,0.06,34.40
1293,13224955,-665.53,-776.37,50.78,-0.67,-0.79,0.18,34.50
1294,13229005,-663.09,-771.97,48.83,-0.79,-0.79,0.55,34.31
1295,13234799,-661.13,-772.95,49.80,-1.16,-0.85,0.73,34.64
1296,13238848,-663.09,-777.34,48.34,-0.91,-0.73,0.79,34.50
1297,13242898,-664.06,-775.88,54.20,-0.67,-0.61,0.98,34.40
1298,13246955,-657.23,-769.04,52.73,-0.67,-0.61,0.85,34.36
1299,13251005,-660.64,-772.46,49.32,-0.91,-0.55,0.73,34.64
1300,13256799,-666.99,-774.41,48.83,-0.67,-0.79,0.85,34.36
1301,13260848,-660.64,-775.39,47.36,-0.91,-0.67,0.37,34.21
1302,13264898,-663.57,-774.90,44.92,-0.79,-0.98,0.18,34.50
1303,13268955,-666.99,-770.02,46.39,-0.67,-0.61,0.18,34.31
1304,13273005,-661.13,-771.97,50.78,-0.79,-0.67,-0.12,34.55
1305,13278799,-658.69,-766.11,46.87,-0.98,-0.61,-0.24,34.21
1306,13282848,-663.09,-777.34,43.95,-0.79,-1.04,-0.37,34.31
1307,13286898,-657.71,-773.44,50.29,-0.55,-0.85,-0.55,34.64
1308,13290955,-661.13,-771.48,48.34,-1.16,-0.85,-0.55,34.36
1309,13295005,-662.60,-775.39,46.87,-1.04,-0.98,-0.30,34.40
1310,13300799,-663.57,-776.86,46.39,-0.67,-0.73,-0.12,34.40
1311,13304848,-657.23,-769.04,49.80,-0.91,-0.61,0.00,34.21
1312,13308898,-657.23,-774.41,46.87,-0.91,-0.79,0.30,34.64
1313,13312955,-663.09,-777.83,50.78,-1.04,-0.79,0.55,34.50
1314,13318799,-658.69,-772.46,49.32,-0.79,-0.85,0.73,34.31
1315,13322848,-659.18,-772.95,47.36,-0.91,-0.79,0.79,34.50
1316,13326898,-665.53,-777.34,46.87,-0.79,-0.73,0.73,34.50
1317,13330955,-666.50,-774.90,45.90,-0.61,-0.73,0.43,34.64
1318,13335005,-658.20,-772.46,49.80,-0.91,-0.73,0.49,34.40
1319,13339054,-661.62,-774.90,46.39,-0.79,-0.55,0.55,34.64
1320,13344799,-664.06,-773.44,47.85,-0.85,-0.91,0.30,34.55
1321,13348848,-660.16,-766.60,47.36,-0.73,-0.79,0.30,34.40
1322,13352898,-657.23,-769.04,49.80,-0.91,-0.79,0.18,34.21
1323,13356955,-662.60,-774.41,47.85,-0.85,-0.79,0.24,34.31
1324,13362799,-660.64,-771.00,48.83,-0.79,-0.85,0.24,34.40
1325,13366848,-657.71,-770.51,51.27,-0.85,-0.43,0.18,34.40
1326,13370898,-664.55,-771.97,51.76,-0.85,-0.61,0.67,34.12
1327,13374955,-662.60,-771.48,51.27,-0.73,-0.85,0.79,34.36
1328,13379005,-662.11,-769.53,50.78,-0.98,-0.55,0.67,34.40
1329,13384799,-660.64,-770.51,45.41,-0.91,-0.49,1.04,34.55
1330,13388848,-661.13,-769.53,50.29,-0.61,-0.30,1.04,34.50
1331,13392898,-660.16,-771.00,44.92,-0.85,-0.55,1.16,34.40
1332,13396955,-666.50,-772.46,50.29,-1.04,-0.61,1.16,34.83
1333,13401005,-668.46,-771.97,48.83,-0.67,-0.55,0.91,34.64
1334,13406799,-665.04,-774.90,50.29,-0.73,-0.67,0.79,34.55
1335,13410848,-663.57,-773.93,47.36,-1.10,-0.73,0.30,34.50
1336,13414898,-666.50,-772.95,46.87,-0.85,-0.85,-0.06,34.40
1337,13418955,-659.67,-771.00,49.32,-0.73,-0.73,-0.24,34.50
1338,13423005,-662.60,-770.51,48.83,-1.04,-0.91,-0.37,34.50
1339,13428799,-662.60,-767.58,47.36,-0.79,-0.73,-0.67,34.36
1340,13432848,-662.11,-771.97,48.83,-0.98,-0.85,-0.91,34.50
1341,13436898,-661.13,-776.86,49.80,-0.85,-0.79,-0.73,34.40
1342,13440955,-663.09,-774.41,47.85,-0.73,-0.91,-0.73,34.40
1343,13445005,-660.16,-771.00,44.92,-0.98,-0.79,-0.61,34.40
1344,13450799,-654.79,-768.55,43.95,-0.91,-0.73,-0.24,34.74
1345,13454848,-662.11,-770.51,43.46,-1.04,-0.61,0.67,34.40
1346,13458898,-663.09,-770.02,46.39,-0.79,-0.55,0.91,34.50
1347,13462955,-657.23,-769.53,44.92,-1.16,-0.55,1.34,34.21
1348,13467005,-663.57,-772.95,46.39,-0.79,-0.61,1.52,34.50
1349,13472799,-663.09,-775.39,45.41,-0.79,-0.91,1.77,34.40
1350,13476848,-660.16,-770.51,44.92,-0.91,-0.85,1.77,34.40
1351,13480898,-664.06,-769.53,41.50,-1.28,-0.85,1.52,34.64
1352,13484955,-666.99,-767.58,44.92,-0.85,-0.61,1.59,34.12
1353,13489005,-661.62,-766.60,43.46,-0.73,-0.85,1.10,34.50
1354,13494799,-654.30,-765.62,42.48,-1.04,-0.91,0.67,34.40
1355,13498848,-666.99,-772.46,44.43,-1.22,-1.04,0.37,34.40
1356,13502898,-661.62,-767.58,41.50,-1.10,-1.16,-0.24,34.50
1357,13506955,-659.67,-767.58,46.87,-1.16,-1.04,-0.30,34.12
1358,13511005,-663.57,-772.46,44.43,-1.04,-1.16,-0.49,34.40
1359,13516799,-661.13,-775.88,41.99,-0.91,-1.10,-0.67,34.36
1360,13520848,-655.27,-766.60,48.34,-0.91,-1.04,-0.55,34.40
1361,13524898,-659.18,-775.88,52.25,-0.98,-1.16,-0.85,34.50
1362,13528955,-665.04,-777.34,50.78,-0.85,-1.16,-0.37,34.40
1363,13533005,-655.76,-774.90,50.29,-0.91,-0.79,-0.06,34.50
1364,13538799,-651.86,-772.46,53.71,-0.73,-0.91,0.30,34.40
1365,13542848,-665.53,-776.86,53.71,-0.67,-0.55,0.91,34.36
1366,13546898,-664.06,-779.79,59.08,-0.67,-0.91,1.22,34.36
1367,13550955,-653.32,-768.55,61.04,-0.61,-0.73,1.40,34.31
1368,13556799,-655.76,-773.44,59.08,-0.67,-0.61,1.40,34.36
1369,13560848,-667.48,-773.44,61.04,-0.85,-0.67,1.34,34.21
1370,13564898,-659.67,-767.09,64.94,-0.73,-0.61,1.16,34.21
1371,13568955,-662.11,-771.48,62.50,-0.67,-0.55,0.79,34.64
1372,13573005,-666.02,-774.90,62.99,-0.55,-0.79,0.43,34.55
1373,13578799,-662.11,-771.00,62.01,-0.73,-0.37,0.06,34.55
1374,13582848,-659.67,-766.11,61.04,-0.79,-0.55,-0.12,34.50
1375,13586898,-667.97,-770.02,60.06,-0.91,-0.73,-0.30,34.21
1376,13590955,-666.50,-771.00,52.25,-0.79,-0.73,-0.55,34.55
1377,13595005,-660.16,-771.48,54.20,-1.10,-0.61,-0.85,34.50
1378,13600799,-660.64,-773.44,48.83,-0.91,-0.43,-1.22,34.64
1379,13604848,-663.57,-778.81,47.85,-0.79,-0.61,-1.34,34.40
1380,13608898,-652.34,-771.48,44.92,-1.10,-0.67,-1.40,34.36
1381,13612955,-655.27,-775.88,42.97,-1.16,-0.79,-1.46,34.64
1382,13617005,-659.18,-781.25,42.97,-0.67,-0.91,-1.46,34.31
1383,13622799,-657.23,-778.81,44.92,-0.79,-0.61,-1.16,34.36
1384,13626848,-655.27,-773.93,37.11,-0.85,-0.55,-0.79,34.50
1385,13630898,-657.23,-786.62,39.06,-0.79,-0.43,-0.61,34.50
1386,13634955,-657.71,-780.76,43.46,-0.43,-0.61,-0.06,34.50
1387,13639005,-650.39,-767.58,44.92,-0.67,-0.49,0.24,34.64
1388,13644799,-653.81,-776.37,43.46,-0.67,-0.49,0.91,34.36
1389,13648848,-656.25,-776.86,41.02,-0.49,-0.49,1.59,34.50
1390,13652898,-655.76,-771.00,45.41,-0.37,-0.24,2.13,34.40
1391,13656955,-653.32,-767.09,45.90,-0.49,-0.06,2.50,34.50
1392,13661005,-661.13,-774.90,45.41,-0.73,-0.30,2.87,34.64
1393,13666799,-663.09,-769.53,49.32,-0.73,-0.49,3.17,34.31
1394,13670848,-659.18,-766.60,44.43,-0.98,-0.30,3.11,34.50
1395,13674898,-669.43,-774.41,48.34,-0.73,-0.61,3.17,34.31
1396,13678955,-670.41,-767.58,44.43,-0.85,-0.73,2.74,34.12
1397,13683005,-668.95,-769.04,47.85,-1.04,-0.67,2.20,34.69
1398,13688799,-669.92,-764.65,45.41,-1.10,-0.73,1.28,34.55
1399,13692848,-671.87,-772.46,44.43,-0.91,-0.91,0.37,34.50
1400,13696898,-669.92,-764.65,43.95,-0.85,-0.85,-0.37,34.40
1401,13700955,-664.06,-768.07,42.97,-1.22,-1.10,-1.28,34.12
1402,13705005,-666.50,-775.39,41.50,-0.91,-1.16,-2.07,34.40
1403,13710799,-665.04,-776.86,41.02,-0.67,-1.16,-2.32,34.64
1404,13714848,-657.71,-768.55,45.41,-1.16,-1.10,-2.62,34.40
1405,13718898,-661.13,-774.90,48.83,-0.91,-1.04,-2.44,34.40
1406,13722955,-651.37,-777.34,47.85,-0.79,-1.10,-2.01,34.36
1407,13727005,-658.69,-768.55,53.22,-0.79,-1.28,-1.65,34.40
1408,13732799,-654.30,-771.00,54.20,-0.67,-0.73,-0.79,34.55
1409,13736848,-658.20,-773.93,53.22,-0.73,-0.73,0.43,34.31
1410,13740898,-652.83,-773.93,58.11,-0.55,-0.67,1.04,34.50
1411,13744955,-655.76,-768.55,58.11,-0.61,-0.55,1.95,34.50
1412,13749005,-660.64,-773.44,62.99,-0.55,-0.30,2.62,34.64
1413,13754799,-665.04,-771.00,62.01,-0.49,-0.55,3.05,34.40
1414,13758848,-661.13,-766.11,61.52,-0.73,-0.30,3.29,34.31
1415,13762898,-664.06,-771.48,59.08,-0.79,-0.06,3.23,34.55
1416,13766955,-664.06,-772.46,56.15,-0.79,-0.30,2.74,34.50
1417,13772799,-665.53,-765.62,56.64,-0.85,-0.06,2.32,34.64
1418,13776848,-668.46,-768.07,54.69,-0.98,-0.18,1.46,34.50
1419,13780898,-673.34,-772.46,51.76,-0.79,-0.49,0.49,34.40
1420,13784955,-659.18,-767.58,50.29,-0.67,-0.67,-0.37,34.50
1421,13789005,-671.39,-768.55,47.85,-0.79,-0.37,-1.16,34.40
1422,13794799,-666.02,-772.46,40.04,-1.10,-0.91,-1.28,34.40
1423,13798848,-661.62,-772.46,40.53,-0.79,-0.91,-2.01,34.64
1424,13802898,-662.60,-771.48,37.60,-0.67,-0.98,-2.20,34.21
1425,13806955,-660.16,-778.32,39.06,-0.79,-1.10,-2.26,34.64
1426,13811005,-659.18,-778.81,38.57,-0.79,-0.79,-2.07,34.50
1427,13816799,-654.30,-773.93,41.99,-0.79,-0.85,-1.71,34.40
1428,13820848,-655.76,-773.44,37.60,-0.91,-0.67,-0.98,34.64
1429,13824898,-660.64,-774.41,39.55,-0.73,-0.73,-0.49,34.36
1430,13828955,-654.30,-770.02,39.06,-0.61,-0.85,0.00,34.55
1431,13833005,-659.67,-771.00,42.97,-0.91,-0.55,0.79,34.50
1432,13838799,-657.71,-775.39,41.50,-0.55,-0.37,1.34,34.50
1433,13842848,-657.71,-772.95,44.92,-0.43,-0.61,1.89,34.50
1434,13846898,-658.20,-776.37,47.36,-0.61,-0.37,2.07,34.36
1435,13850955,-664.55,-773.93,50.78,-0.43,-0.55,2.01,34.40
1436,13855005,-665.04,-771.00,50.29,-0.49,-0.61,1.77,34.40
1437,13860799,-663.09,-771.00,49.32,-0.98,-0.61,1.28,34.64
1438,13864848,-665.53,-767.58,49.80,-0.79,-0.73,0.67,34.64
1439,13868898,-660.64,-773.93,44.92,-0.79,-0.79,0.12,34.31
1440,13872955,-662.60,-770.51,49.80,-0.98,-0.98,-0.49,34.55
1441,13877005,-660.16,-771.00,47.85,-0.91,-0.79,-1.04,34.31
1442,13882799,-660.16,-774.41,44.92,-0.91,-0.67,-0.79,34.36
1443,13886848,-659.18,-771.00,51.76,-1.10,-0.98,-1.04,34.69
1444,13890898,-661.62,-774.41,50.78,-0.61,-0.98,-1.04,34.40
1445,13894955,-665.53,-775.88,48.83,-0.85,-0.79,-0.98,34.50
1446,13899005,-661.13,-772.95,43.95,-1.04,-0.85,-0.55,34.40
1447,13904799,-659.67,-772.46,49.32,-0.79,-0.73,-0.12,34.50
1448,13908848,-663.09,-775.39,52.25,-0.85,-0.49,0.79,34.55
1449,13912898,-657.71,-773.44,50.29,-0.67,-0.49,1.40,34.55
1450,13916955,-660.64,-773.93,48.34,-1.10,-0.37,1.89,34.36
1451,13921005,-665.53,-772.46,48.34,-0.67,-0.43,2.32,34.40
1452,13926799,-666.02,-772.46,51.27,-0.61,-0.30,2.80,34.40
1453,13930848,-661.62,-766.11,58.59,-0.67,-0.67,2.87,34.64
1454,13934898,-665.53,-771.00,50.29,-1.10,-0.55,2.44,34.36
1455,13938955,-672.36,-770.02,52.25,-0.85,-0.49,2.32,34.12
1456,13943005,-671.87,-767.58,48.83,-0.79,-0.61,1.77,34.31
1457,13948799,-661.62,-763.18,49.32,-0.85,-0.55,1.16,34.64
1458,13952848,-673.34,-773.44,54.69,-0.67,-0.73,0.24,34.40
1459,13956898,-670.41,-769.53,50.29,-0.91,-0.73,-0.43,34.50
1460,13960955,-665.04,-767.58,45.90,-1.04,-0.79,-1.10,34.40
1461,13965005,-663.09,-770.51,48.34,-0.85,-0.91,-1.46,34.50
1462,13970799,-666.02,-774.90,49.32,-0.79,-0.85,-1.77,34.55
1463,13974848,-660.16,-770.51,46.39,-1.04,-0.85,-1.83,34.64
1464,13978898,-655.27,-772.95,48.34,-0.85,-0.73,-2.07,34.50
1465,13982955,-662.11,-774.90,50.29,-0.73,-1.10,-2.07,34.40
1466,13988799,-656.74,-772.46,49.80,-0.85,-0.73,-1.83,34.55
1467,13992848,-657.71,-774.41,45.90,-1.04,-0.98,-0.73,34.50
1468,13996898,-657.23,-773.93,45.41,-0.85,-0.79,-0.37,34.31
1469,14000955,-658.20,-775.39,47.85,-0.91,-0.79,0.06,34.64
1470,14005005,-651.86,-774.41,46.87,-0.79,-0.55,0.30,34.40
1471,14009054,-656.74,-772.95,46.39,-0.91,-0.67,0.85,34.40
1472,14014799,-660.16,-779.30,49.32,-0.73,-0.61,1.22,34.36
1473,14018848,-658.20,-770.02,50.78,-0.85,-0.49,1.40,34.02
1474,14022898,-655.27,-772.46,50.29,-0.79,-0.49,1.59,34.50
1475,14026955,-664.06,-771.97,44.43,-0.85,-0.18,1.59,34.50
1476,14032799,-662.60,-773.93,48.34,-1.04,-0.43,1.40,34.50
1477,14036848,-654.79,-772.46,47.85,-0.79,-0.49,1.34,34.40
1478,14040898,-660.16,-774.41,47.85,-0.85,-0.85,1.04,34.21
1479,14044955,-665.04,-776.37,44.92,-1.04,-0.91,0.91,34.69
1480,14049005,-655.27,-767.09,47.85,-0.91,-0.91,0.37,34.31
1481,14054799,-659.67,-772.95,46.39,-0.91,-0.73,0.24,34.40
1482,14058848,-664.06,-776.86,44.92,-0.79,-0.79,-0.49,34.36
1483,14062898,-661.62,-773.93,46.39,-0.79,-0.79,-0.43,34.16
1484,14066955,-654.79,-771.97,50.29,-0.98,-0.73,-0.24,34.40
1485,14071005,-659.18,-773.93,48.34,-0.73,-0.73,-0.43,34.40
1486,14076799,-661.62,-775.88,49.80,-0.79,-0.91,-0.49,34.50
1487,14080848,-656.25,-767.09,51.76,-0.85,-0.98,-0.37,34.36
1488,14084898,-662.11,-779.30,47.85,-0.91,-0.79,-0.18,34.40
1489,14088955,-663.57,-778.81,46.87,-0.67,-0.61,0.30,34.55
1490,14093005,-658.69,-770.51,53.22,-0.73,-0.30,0.43,34.50
1491,14098799,-660.16,-766.60,49.80,-0.91,-0.67,0.91,34.50
1492,14102848,-665.53,-773.44,48.83,-0.61,-0.98,1.10,34.64
1493,14106898,-661.62,-770.51,52.73,-0.67,-0.61,1.10,34.64
1494,14110955,-657.71,-771.97,52.25,-0.91,-0.61,1.22,34.40
1495,14115005,-666.02,-772.95,44.43,-0.79,-0.73,1.52,34.50
1496,14120799,-668.46,-770.02,53.22,-0.91,-0.79,1.28,34.64
1497,14124848,-662.11,-762.70,50.29,-0.91,-0.79,1.10,34.64
1498,14128898,-663.09,-771.97,48.34,-0.85,-0.61,0.67,34.55
1499,14132955,-668.95,-775.88,43.95,-0.79,-0.55,0.61,34.40
1500,14137005,-657.71,-769.53,50.78,-0.79,-0.55,0.37,34.50
1501,14142799,-658.20,-768.55,44.43,-1.10,-0.67,0.18,34.74
1502,14146848,-665.53,-774.41,49.32,-0.43,-0.98,0.18,34.50
1503,14150898,-660.16,-769.53,46.87,-0.61,-0.67,-0.06,34.40
1504,14154955,-659.67,-769.04,48.34,-0.98,-0.79,-0.30,34.31
1505,14159005,-664.55,-770.51,45.90,-0.73,-0.55,0.12,34.40
1506,14164799,-664.06,-772.46,45.41,-0.61,-0.91,0.06,34.31
1507,14168848,-657.23,-769.04,46.39,-0.73,-0.49,0.37,34.36
1508,14172898,-657.71,-769.04,46.39,-0.61,-0.98,0.55,34.50
1509,14176955,-666.99,-771.48,49.32,-0.61,-0.61,0.61,34.50
1510,14181005,-658.20,-767.58,48.34,-0.67,-0.37,1.04,34.40
1511,14186799,-655.76,-767.58,48.34,-0.79,-0.55,1.16,34.21
1512,14190848,-665.04,-773.93,49.32,-0.49,-0.61,1.16,34.36
1513,14194898,-664.06,-770.02,51.76,-0.67,-0.67,0.85,34.40
1514,14198955,-663.57,-767.58,49.80,-0.98,-0.67,0.43,34.31
1515,14203005,-662.11,-764.65,50.29,-0.91,-0.73,0.06,34.40
1516,14208799,-662.11,-768.07,52.25,-0.73,-0.73,-0.49,34.40
1517,14212848,-659.67,-770.02,53.22,-1.10,-0.79,-0.98,34.21
1518,14216898,-658.69,-770.51,50.78,-0.85,-0.73,-1.16,34.55
1519,14220955,-666.02,-775.39,50.78,-0.98,-0.98,-1.28,34.55
1520,14226799,-660.16,-772.95,52.25,-0.85,-0.85,-1.34,34.40
1521,14230848,-653.81,-769.53,51.27,-1.04,-0.79,-1.10,34.31
1522,14234898,-661.62,-773.44,47.36,-0.85,-0.79,-0.91,34.31
1523,14238955,-654.79,-772.46,50.78,-0.91,-0.73,-0.67,34.36
1524,14243005,-652.83,-770.02,50.78,-0.73,-0.67,-0.37,34.64
1525,14248799,-657.23,-771.97,51.27,-0.73,-0.73,0.06,34.40
1526,14252848,-661.13,-775.39,50.78,-0.91,-0.73,0.49,34.40
1527,14256898,-657.71,-771.00,47.85,-0.85,-0.61,1.04,34.12
1528,14260955,-659.67,-771.00,45.90,-0.79,-0.55,1.16,34.64
1529,14265005,-662.11,-774.41,42.97,-0.67,-0.61,1.52,34.31
1530,14270799,-658.69,-775.39,47.36,-0.79,-0.43,1.77,34.50
1531,14274848,-665.53,-770.51,50.29,-0.85,-0.37,1.59,34.50
1532,14278898,-666.50,-770.51,49.80,-0.79,-0.55,1.40,34.40
1533,14282955,-664.55,-767.58,48.83,-0.73,-0.55,1.16,34.55
1534,14287005,-664.06,-770.02,52.73,-0.79,-0.67,1.04,34.64
1535,14292799,-664.55,-768.07,46.39,-0.85,-0.61,0.79,34.64
1536,14296848,-665.53,-767.58,50.29,-0.79,-0.67,1.16,34.36
1537,14300898,-661.62,-765.62,50.29,-1.04,-0.67,0.61,34.64
1538,14304955,-669.92,-769.04,45.90,-0.73,-0.61,0.61,34.55
1539,14309005,-665.53,-769.04,49.80,-0.85,-0.49,0.79,34.31
1540,14314799,-660.16,-769.04,52.25,-0.73,-0.55,0.61,34.50
1541,14318848,-666.02,-764.65,44.92,-0.85,-0.61,0.18,34.64
1542,14322898,-668.46,-769.04,50.29,-0.91,-0.73,0.43,34.16
1543,14326955,-668.46,-772.46,47.36,-1.04,-0.79,0.24,34.31
1544,14331005,-663.09,-768.55,48.34,-0.85,-0.67,0.06,34.55
1545,14336799,-665.04,-772.46,47.36,-0.73,-0.98,-0.24,34.69
1546,14340848,-662.60,-772.46,50.29,-0.73,-0.91,-0.55,34.55
1547,14344898,-661.62,-769.53,50.29,-0.98,-0.67,-0.85,34.50
1548,14348955,-660.64,-772.46,45.41,-1.22,-0.67,-1.16,34.40
1549,14353005,-661.62,-772.46,46.39,-0.91,-0.79,-1.22,34.21
1550,14358799,-657.23,-771.00,47.36,-0.73,-0.85,-1.34,34.50
1551,14362848,-659.67,-773.44,46.39,-0.55,-0.98,-1.40,34.40
1552,14366898,-660.64,-776.37,53.22,-1.04,-0.73,-0.98,34.21
1553,14370955,-654.79,-771.48,49.80,-0.73,-0.79,-0.61,34.36
1554,14375005,-655.27,-771.00,45.41,-0.79,-0.79,-0.24,34.50
1555,14380799,-659.18,-775.39,46.39,-0.79,-0.85,0.30,34.40
1556,14384848,-656.25,-775.88,47.36,-0.85,-0.67,0.67,34.64
1557,14388898,-658.20,-768.07,49.80,-0.85,-0.67,0.85,34.36
1558,14392955,-658.69,-777.83,51.76,-0.85,-0.61,1.10,34.31
1559,14397005,-659.18,-773.44,49.80,-0.67,-0.49,1.40,34.50
1560,14402799,-657.23,-768.55,51.27,-0.79,-0.49,1.52,34.50
1561,14406848,-663.57,-772.95,46.87,-0.79,-0.61,1.65,34.50
1562,14410898,-666.50,-773.93,47.36,-0.79,-0.49,1.46,34.50
1563,14414955,-665.04,-771.97,52.73,-0.79,-0.49,1.40,34.64
1564,14419005,-665.04,-767.09,46.87,-1.04,-0.55,1.22,34.36
1565,14424799,-665.04,-769.04,46.39,-0.85,-0.61,0.85,34.64
1566,14428848,-667.48,-768.07,50.29,-0.98,-0.73,0.49,34.50
1567,14432898,-665.53,-766.60,46.39,-0.85,-0.61,0.00,34.50
1568,14436955,-665.53,-771.97,43.46,-0.98,-0.79,0.18,34.31
1569,14442799,-668.46,-773.93,41.50,-0.98,-0.85,0.12,34.36
1570,14446848,-665.04,-764.16,43.46,-0.85,-0.98,-0.30,34.40
1571,14450898,-664.06,-766.60,41.02,-0.98,-0.98,-0.18,34.50
1572,14454955,-668.46,-773.93,47.85,-0.85,-1.10,-0.37,34.31
1573,14459005,-660.64,-772.46,47.36,-0.49,-0.73,-0.67,34.40
1574,14464799,-657.23,-771.00,50.29,-0.98,-0.91,-0.37,34.55
1575,14468848,-667.97,-770.02,52.25,-0.67,-1.04,-0.24,34.40
1576,14472898,-663.57,-774.90,50.78,-0.79,-0.85,-0.30,34.31
1577,14476955,-654.30,-772.95,52.25,-0.98,-0.79,-0.37,34.50
1578,14481005,-660.64,-771.97,51.27,-0.91,-0.67,-0.24,34.64
1579,14486799,-666.02,-774.90,53.71,-0.67,-0.73,0.12,34.64
1580,14490848,-660.64,-771.48,52.25,-0.73,-0.61,0.12,34.31
1581,14494898,-659.67,-769.53,49.32,-0.85,-0.73,0.43,34.40
1582,14498955,-669.43,-772.46,55.66,-0.61,-0.55,0.91,34.74
1583,14503005,-664.55,-770.02,47.36,-0.79,-0.79,0.79,34.40
1584,14508799,-661.13,-768.55,56.15,-1.04,-0.79,1.10,34.40
1585,14512848,-666.99,-771.00,50.29,-0.98,-0.79,1.28,34.64
1586,14516898,-666.50,-773.93,52.25,-0.61,-0.61,1.22,34.21
1587,14520955,-659.18,-768.55,48.83,-0.55,-0.37,1.16,34.31
1588,14525005,-661.13,-771.00,50.29,-1.10,-0.61,0.67,34.31
1589,14530799,-667.48,-779.30,48.83,-0.73,-0.49,0.43,34.40
1590,14534848,-666.02,-771.00,48.83,-0.85,-0.73,0.49,34.69
1591,14538898,-660.16,-769.04,46.39,-1.10,-0.61,-0.06,34.40
1592,14542955,-664.06,-771.48,46.39,-0.79,-0.91,0.18,34.64
1593,14547005,-666.02,-772.95,47.36,-0.79,-0.73,-0.12,34.50
1594,14552799,-662.11,-771.48,40.53,-0.79,-0.85,-0.18,34.64
1595,14556848,-661.13,-774.41,41.50,-0.91,-0.91,-0.12,34.50
1596,14560898,-667.48,-771.97,43.46,-0.67,-0.85,-0.12,34.40
1597,14564955,-660.16,-771.48,44.92,-0.55,-0.79,-0.24,34.55
1598,14569005,-656.25,-767.58,47.36,-0.79,-0.73,-0.24,34.55
1599,14574799,-665.53,-774.41,42.48,-0.85,-0.85,-0.49,34.21
1600,14578848,-665.04,-772.95,42.97,-0.98,-0.85,-0.67,34.50
1601,14582898,-656.74,-772.46,48.83,-1.16,-0.85,-0.49,34.40
1602,14586955,-662.11,-777.34,44.92,-0.98,-0.67,-0.49,34.21
1603,14591005,-663.09,-780.27,51.27,-0.55,-0.67,-0.49,34.31
1604,14596799,-659.18,-771.00,49.32,-0.73,-0.85,-0.67,34.64
1605,14600848,-657.23,-771.00,50.29,-0.98,-0.91,-0.43,34.74
1606,14604898,-664.06,-781.25,51.76,-0.91,-0.73,-0.18,34.36
1607,14608955,-659.18,-771.48,51.27,-0.67,-0.61,0.00,34.21
1608,14613005,-657.71,-773.44,52.73,-0.98,-0.85,0.43,34.50
1609,14618799,-657.71,-768.55,49.80,-0.79,-0.79,0.61,34.50
1610,14622848,-656.74,-776.86,52.73,-0.55,-0.73,0.91,34.50
1611,14626898,-656.25,-770.02,49.32,-0.79,-0.49,1.16,34.36
1612,14630955,-659.67,-771.48,48.83,-0.85,-0.73,1.46,34.64
1613,14635005,-662.60,-774.41,51.76,-0.73,-0.61,1.71,34.36
1614,14640799,-660.64,-766.60,47.36,-0.79,-0.61,1.65,34.36
1615,14644848,-662.60,-765.62,49.80,-1.16,-0.55,1.65,34.50
1616,14648898,-662.60,-770.02,46.87,-0.61,-0.61,2.01,34.40
1617,14652955,-667.97,-764.16,47.85,-0.67,-0.79,1.83,34.69
1618,14658799,-666.50,-760.74,46.87,-0.73,-0.49,1.40,34.64
1619,14662848,-668.95,-773.93,48.34,-0.61,-0.43,1.59,34.40
1620,14666898,-665.53,-767.09,50.29,-0.49,-0.49,1.28,34.55
1621,14670955,-667.48,-761.72,48.83,-0.85,-0.67,0.85,34.31
1622,14675005,-666.99,-770.51,44.92,-0.79,-0.61,0.79,34.50
1623,14679054,-668.46,-768.55,46.87,-0.73,-0.79,0.30,34.50
1624,14684799,-664.06,-766.60,50.78,-0.79,-0.61,-0.37,34.31
1625,14688848,-666.99,-773.44,48.34,-0.73,-0.79,-0.49,34.16
1626,14692898,-663.09,-770.02,49.80,-0.79,-0.91,-0.79,34.55
1627,14696955,-665.04,-769.53,50.29,-0.79,-1.04,-1.10,34.40
1628,14702799,-660.16,-768.07,48.34,-0.79,-0.91,-1.52,34.55
1629,14706848,-657.23,-769.53,47.36,-0.79,-0.98,-1.71,34.40
1630,14710898,-655.76,-772.95,48.34,-0.73,-0.85,-1.65,34.21
1631,14714955,-655.76,-771.00,48.83,-0.98,-0.91,-1.71,34.64
1632,14719005,-660.16,-774.41,47.85,-1.04,-0.91,-2.13,34.21
1633,14724799,-652.83,-775.88,44.92,-0.79,-1.04,-1.77,34.50
1634,14728848,-658.20,-772.46,50.78,-0.85,-1.04,-1.59,34.40
1635,14732898,-656.74,-778.32,43.95,-0.85,-0.98,-1.16,34.36
1636,14736955,-651.86,-775.39,46.39,-0.79,-0.85,-0.98,34.40
1637,14741005,-650.39,-775.39,53.22,-0.73,-0.79,-0.30,34.36
1638,14746799,-650.88,-775.88,47.85,-0.85,-0.73,0.24,34.64
1639,14750848,-658.20,-775.88,47.85,-0.49,-0.73,0.73,34.69
1640,14754898,-655.76,-773.93,47.36,-0.73,-0.55,1.04,34.40
1641,14758955,-656.74,-777.34,47.36,-0.91,-0.61,1.71,34.50
1642,14763005,-659.67,-770.02,49.80,-0.73,-0.49,2.13,34.36
1643,14768799,-666.99,-774.41,45.41,-0.49,-0.67,2.62,34.40
1644,14772848,-660.64,-770.02,48.34,-0.55,-0.37,2.87,34.21
1645,14776898,-660.64,-769.53,48.83,-0.55,-0.37,2.93,34.40
1646,14780955,-671.39,-772.46,45.41,-0.73,-0.30,2.80,34.50
1647,14785005,-665.53,-766.11,51.76,-0.73,-0.49,2.50,34.50
1648,14790799,-664.55,-765.14,48.83,-0.73,-0.30,2.13,34.31
1649,14794848,-667.48,-768.55,52.25,-0.73,-0.37,1.83,34.55
1650,14798898,-667.48,-771.00,50.78,-0.67,-0.79,1.34,34.50
1651,14802955,-664.55,-767.09,47.36,-0.85,-0.49,0.85,34.21
1652,14807005,-669.92,-769.04,50.78,-0.61,-0.67,0.43,34.64
1653,14812799,-669.92,-771.00,49.32,-0.73,-0.61,0.12,34.50
1654,14816848,-663.57,-765.62,51.76,-0.98,-0.67,-0.37,34.40
1655,14820898,-666.99,-766.60,52.25,-0.85,-0.85,-0.49,34.69
1656,14824955,-664.06,-771.48,50.29,-0.61,-0.85,-0.61,34.40
1657,14829005,-663.09,-771.00,50.29,-0.98,-0.61,-1.10,34.50
1658,14834799,-662.11,-766.60,49.80,-0.98,-0.79,-1.16,34.31
1659,14838848,-666.50,-775.39,44.92,-0.85,-0.98,-1.28,34.36
1660,14842898,-662.11,-771.00,44.43,-0.67,-0.73,-1.22,34.50
1661,14846955,-655.27,-775.39,47.36,-0.85,-0.61,-1.16,34.40
1662,14851005,-660.64,-774.90,49.32,-1.10,-1.10,-0.98,34.69
1663,14856799,-665.04,-775.88,48.83,-0.73,-0.79,-0.85,34.40
1664,14860848,-657.23,-768.55,48.83,-0.67,-0.79,-1.04,34.50
1665,14864898,-654.79,-771.00,45.41,-0.85,-0.85,-0.85,34.50
1666,14868955,-661.13,-775.39,50.78,-0.91,-0.98,-0.61,34.40
1667,14873005,-656.74,-775.39,47.85,-0.73,-0.98,0.00,34.55
1668,14878799,-656.74,-769.53,44.92,-0.61,-0.79,0.00,34.36
1669,14882848,-659.18,-776.86,49.80,-0.85,-0.85,0.43,34.31
1670,14886898,-661.13,-774.41,48.83,-0.49,-0.73,0.85,34.31
1671,14890955,-656.74,-774.90,50.29,-0.67,-0.30,0.85,34.31
1672,14896799,-654.79,-776.37,50.78,-1.04,-0.49,1.28,34.64
1673,14900848,-665.53,-778.81,49.32,-0.61,-0.55,1.71,34.31
1674,14904898,-661.13,-770.02,52.25,-0.73,-0.61,1.59,34.21
1675,14908955,-662.60,-768.07,49.32,-0.79,-0.55,1.89,34.69
1676,14913005,-663.57,-772.95,49.32,-0.79,-0.55,1.65,34.40
1677,14918799,-664.06,-769.53,43.95,-0.55,-0.61,1.52,34.40
1678,14922848,-662.60,-767.58,45.90,-1.10,-0.43,1.59,34.50
1679,14926898,-668.95,-765.14,47.85,-0.91,-0.43,1.34,34.21
1680,14930955,-664.06,-771.48,48.34,-0.67,-0.67,1.10,34.64
1681,14935005,-665.04,-768.07,46.39,-0.55,-0.55,1.04,34.31
1682,14940799,-661.13,-763.18,49.32,-0.91,-0.49,0.67,34.55
1683,14944848,-668.46,-772.95,50.29,-0.67,-0.61,0.61,34.40
1684,14948898,-666.02,-767.58,51.76,-0.61,-0.55,0.37,34.31
1685,14952955,-665.53,-763.18,49.80,-0.98,-0.55,0.00,34.40
1686,14957005,-666.50,-768.07,51.27,-0.79,-0.91,-0.24,34.40
1687,14962799,-668.95,-777.34,49.32,-0.67,-0.85,-0.61,34.50
1688,14966848,-662.11,-770.02,48.34,-0.79,-0.61,-0.91,34.50
1689,14970898,-659.18,-769.04,50.78,-0.98,-0.79,-0.85,34.40
1690,14974955,-662.11,-773.93,45.41,-0.73,-1.04,-0.73,34.40
1691,14979005,-661.62,-774.90,49.32,-0.67,-0.79,-0.73,34.50
1692,14984799,-657.23,-771.48,49.80,-0.79,-0.98,-0.85,34.64
1693,14988848,-658.20,-773.44,48.34,-0.79,-0.85,-0.55,34.55
1694,14992898,-660.64,-775.88,52.73,-0.37,-0.67,-0.49,34.40
1695,14996955,-656.74,-767.58,50.29,-0.79,-0.55,-0.61,34.40
1696,15001005,-653.32,-770.02,47.36,-0.98,-0.67,-0.18,34.40
1697,15006799,-661.13,-777.34,45.90,-0.79,-0.91,-0.18,34.74
1698,15010848,-657.23,-773.93,49.80,-0.73,-0.61,0.24,34.64
1699,15014898,-651.37,-769.53,45.90,-0.79,-0.61,0.30,34.40
1700,15018955,-660.16,-776.37,45.41,-0.67,-0.79,0.55,34.36
1701,15023005,-663.57,-772.46,49.80,-0.73,-0.43,0.85,34.31
1702,15028799,-657.71,-768.55,45.90,-0.79,-0.61,1.10,34.31
1703,15032848,-665.53,-773.44,49.32,-1.04,-0.73,1.10,34.50
1704,15036898,-659.18,-774.90,51.76,-0.55,-0.67,1.16,34.31
1705,15040955,-662.11,-772.95,48.83,-0.85,-0.55,1.04,34.21
1706,15045005,-659.67,-767.09,41.50,-0.91,-0.67,1.04,34.64
1707,15050799,-661.62,-770.51,44.92,-0.67,-0.73,1.22,34.64
1708,15054848,-659.18,-769.04,48.83,-0.73,-0.67,0.91,34.74
1709,15058898,-658.69,-770.02,47.85,-0.73,-0.55,0.79,34.55
1710,15062955,-664.55,-767.58,49.80,-0.73,-0.61,0.91,34.36
1711,15067005,-666.02,-769.04,45.41,-0.67,-0.55,0.91,34.36
1712,15072799,-663.09,-766.60,50.29,-0.73,-0.49,1.22,34.40
1713,15076848,-668.46,-762.21,49.80,-0.98,-0.98,0.98,34.50
1714,15080898,-668.46,-773.44,50.29,-0.61,-0.67,0.79,34.64
1715,15084955,-660.64,-774.41,49.80,-0.61,-0.91,0.67,34.64
1716,15089005,-667.97,-768.55,48.34,-0.79,-0.37,0.24,34.50
1717,15094799,-666.99,-770.02,46.39,-0.79,-0.91,0.00,34.50
1718,15098848,-656.74,-771.00,54.20,-0.79,-0.91,-0.30,34.31
1719,15102898,-660.16,-771.97,47.36,-0.98,-1.04,-0.67,34.40
1720,15106955,-666.50,-772.95,48.83,-1.16,-0.85,-0.98,34.40
1721,15112799,-666.02,-774.90,49.32,-0.91,-0.79,-0.98,34.31
1722,15116848,-653.32,-770.51,52.25,-0.67,-0.91,-0.85,34.40
1723,15120898,-658.69,-771.48,52.73,-0.79,-0.91,-0.85,34.31
1724,15124955,-653.81,-779.30,51.76,-0.67,-0.79,-0.91,34.50
1725,15129005,-657.23,-776.37,50.78,-0.67,-0.85,-0.55,34.40
1726,15134799,-656.25,-777.83,45.90,-0.91,-0.61,-0.49,34.50
1727,15138848,-660.64,-770.02,51.76,-0.55,-0.73,-0.18,34.50
1728,15142898,-660.16,-771.00,49.80,-0.61,-0.73,0.12,34.21
1729,15146955,-652.34,-771.00,55.18,-0.85,-0.49,0.43,34.36
1730,15151005,-653.81,-771.48,48.34,-0.79,-0.79,0.91,34.55
1731,15156799,-658.69,-775.88,45.90,-0.55,-0.61,1.10,34.64
1732,15160848,-659.18,-769.04,50.29,-0.55,-0.55,1.40,34.40
1733,15164898,-657.71,-771.00,44.92,-0.91,-0.91,1.34,34.31
1734,15168955,-661.62,-773.44,43.46,-0.73,-0.61,1.34,34.40
1735,15173005,-665.53,-773.93,45.90,-0.67,-0.37,1.22,34.40
1736,15178799,-661.13,-768.07,42.97,-0.91,-0.79,1.22,34.40
1737,15182848,-667.48,-771.48,44.43,-0.79,-0.73,0.91,34.21
1738,15186898,-665.04,-771.97,45.41,-0.73,-0.61,0.73,34.55
1739,15190955,-664.55,-768.55,49.80,-0.85,-0.73,0.67,34.36
1740,15195005,-658.69,-771.00,47.85,-0.79,-0.73,0.49,34.55
1741,15200799,-667.97,-769.04,49.32,-0.73,-0.85,0.24,34.40
1742,15204848,-665.53,-770.51,50.78,-0.85,-0.73,0.06,34.50
1743,15208898,-661.62,-772.46,47.85,-0.55,-0.67,0.06,34.50
1744,15212955,-669.92,-772.95,51.27,-0.61,-0.91,-0.06,34.31
1745,15217005,-666.50,-771.48,46.39,-0.73,-0.79,0.00,34.36
1746,15222799,-661.62,-769.04,48.83,-0.98,-0.91,0.30,34.40
1747,15226848,-661.62,-770.51,50.78,-0.61,-0.61,0.49,34.50
1748,15230898,-670.41,-770.02,54.20,-0.79,-0.67,0.85,34.64
1749,15234955,-662.60,-768.55,50.78,-0.85,-0.37,0.98,34.50
1750,15239005,-666.99,-772.95,46.39,-0.85,-0.79,0.91,34.36
1751,15244799,-670.41,-774.41,49.32,-0.73,-0.24,1.10,34.40
1752,15248848,-660.16,-769.04,48.83,-0.61,-0.55,0.67,34.50
1753,15252898,-659.18,-765.14,51.27,-0.85,-0.67,0.79,34.50
1754,15256955,-666.02,-769.04,49.32,-0.85,-0.85,0.43,34.31
1755,15261005,-663.57,-771.97,51.76,-0.73,-0.79,-0.12,34.40
1756,15266799,-657.23,-767.58,51.27,-0.85,-0.73,-0.12,34.55
1757,15270848,-665.53,-771.97,49.80,-0.85,-0.85,-0.37,34.50
1758,15274898,-664.55,-776.37,49.32,-0.55,-0.98,-0.85,34.36
1759,15278955,-660.16,-774.90,49.32,-0.91,-0.73,-1.16,34.21
1760,15283005,-662.60,-772.95,52.25,-0.98,-0.73,-1.34,34.40
1761,15288799,-658.69,-775.88,49.32,-0.67,-0.79,-1.04,34.50
1762,15292848,-655.27,-771.97,50.29,-0.61,-0.85,-0.61,34.31
1763,15296898,-658.69,-769.04,45.90,-1.10,-0.98,-0.55,34.64
1764,15300955,-664.06,-769.53,52.25,-0.55,-0.85,-0.24,34.50
1765,15305005,-662.11,-774.90,51.76,-0.85,-0.73,0.24,34.50
1766,15310799,-656.74,-770.51,49.80,-0.67,-0.73,0.55,34.50
1767,15314848,-660.16,-773.44,45.90,-0.67,-0.73,0.98,34.64
1768,15318898,-665.04,-778.32,49.80,-0.98,-0.61,1.71,34.36
1769,15322955,-658.69,-771.48,50.29,-0.73,-0.43,1.71,34.40
1770,15328799,-664.06,-767.09,44.43,-0.73,-0.61,1.71,34.55
1771,15332848,-668.46,-773.93,47.36,-0.67,-0.55,1.77,34.40
1772,15336898,-665.53,-776.37,47.85,-0.85,-0.37,1.52,34.50
1773,15340955,-662.60,-769.04,44.92,-0.85,-0.73,1.34,34.40
1774,15345005,-663.09,-770.51,43.95,-0.67,-0.73,1.28,34.64
1775,15349054,-666.99,-772.95,47.36,-0.67,-0.55,0.91,34.64
1776,15354799,-665.53,-768.07,48.83,-0.67,-0.79,0.67,34.31
1777,15358848,-661.62,-771.48,48.83,-0.85,-0.67,0.43,34.31
1778,15362898,-665.53,-771.00,45.41,-0.73,-0.61,0.00,34.36
1779,15366955,-667.97,-768.07,49.32,-0.67,-0.85,0.24,34.40
1780,15372799,-666.02,-766.11,48.34,-0.91,-0.61,-0.49,34.50
1781,15376848,-663.09,-773.44,48.34,-1.04,-0.79,-0.12,34.40
1782,15380898,-664.06,-774.41,47.85,-0.98,-1.04,-0.30,34.21
1783,15384955,-664.55,-769.04,45.41,-0.55,-0.91,0.00,34.40
1784,15389005,-658.69,-765.14,53.22,-0.79,-0.67,-0.18,34.50
1785,15394799,-664.06,-775.88,46.39,-0.73,-0.85,-0.24,34.40
1786,15398848,-660.64,-773.44,53.71,-0.61,-0.73,-0.24,34.36
1787,15402898,-661.13,-772.46,47.36,-0.85,-0.67,-0.24,34.21
1788,15406955,-663.57,-772.46,45.41,-0.91,-0.85,-0.30,34.40
1789,15411005,-664.06,-773.93,50.78,-0.61,-0.91,-0.30,34.93
1790,15416799,-656.25,-771.00,50.29,-0.91,-0.67,-0.30,34.50
1791,15420848,-659.18,-775.39,46.39,-0.79,-0.85,-0.24,34.69
1792,15424898,-664.06,-776.37,48.83,-0.85,-0.85,0.00,34.40
1793,15428955,-659.18,-770.02,47.85,-0.79,-0.61,0.18,34.31
1794,15433005,-658.69,-770.02,47.85,-0.85,-0.49,0.18,34.64
1795,15438799,-666.50,-775.39,43.95,-0.79,-0.67,0.43,34.55
1796,15442848,-662.60,-773.44,46.39,-0.55,-0.79,0.73,34.40
1797,15446898,-661.13,-766.60,45.90,-0.79,-0.67,0.67,34.40
1798,15450955,-661.13,-770.02,45.90,-0.91,-0.55,0.85,34.36
1799,15455005,-664.06,-774.41,47.36,-0.67,-0.67,0.85,34.55
1800,15460799,-659.18,-772.95,50.29,-0.73,-0.49,0.91,34.40
1801,15464848,-662.60,-771.97,41.99,-0.85,-0.43,0.98,34.31
1802,15468898,-666.99,-779.79,47.85,-0.61,-0.61,1.16,34.40
1803,15472955,-663.57,-767.09,47.85,-0.67,-0.73,0.61,34.16
1804,15477005,-662.11,-767.58,48.34,-0.73,-0.79,0.98,34.55
1805,15482799,-664.55,-771.48,42.48,-0.55,-0.67,0.91,34.31
1806,15486848,-666.99,-770.02,53.71,-0.55,-0.73,0.85,34.50
1807,15490898,-663.57,-769.04,48.83,-0.79,-0.55,0.61,34.55
1808,15494955,-664.06,-771.00,50.78,-0.91,-0.91,0.43,34.36
1809,15499005,-668.46,-777.34,45.90,-0.79,-0.73,0.49,34.02
1810,15504799,-668.46,-767.09,45.41,-0.98,-0.79,0.43,34.69
1811,15508848,-663.09,-771.97,49.32,-0.79,-0.85,-0.06,34.55
1812,15512898,-666.02,-773.44,52.25,-0.73,-0.67,-0.24,34.40
1813,15516955,-663.09,-773.44,51.76,-0.79,-0.73,-0.24,34.12
1814,15521005,-661.13,-769.04,50.78,-0.85,-0.67,-0.37,34.50
1815,15526799,-662.11,-774.90,49.80,-0.73,-0.91,-0.61,34.40
1816,15530848,-662.11,-770.51,52.73,-0.85,-0.98,-0.43,34.50
1817,15534898,-663.09,-771.00,50.29,-1.10,-0.91,-0.67,34.21
1818,15538955,-657.71,-772.95,48.34,-0.91,-0.85,-0.61,34.50
1819,15543005,-663.09,-773.44,48.83,-0.85,-0.67,-0.67,34.40
1820,15548799,-664.06,-774.90,48.34,-0.73,-0.91,-0.43,34.50
1821,15552848,-658.69,-774.90,50.29,-0.91,-0.79,-0.24,34.36
1822,15556898,-660.16,-771.97,49.80,-0.91,-0.73,-0.06,34.50
1823,15560955,-659.67,-768.07,48.83,-0.79,-0.85,0.06,34.31
1824,15566799,-657.71,-771.00,44.43,-0.79,-0.49,0.12,34.31
1825,15570848,-661.62,-775.39,43.95,-0.91,-0.49,0.55,34.40
1826,15574898,-662.60,-770.51,49.32,-0.73,-0.55,0.61,34.36
1827,15578955,-657.23,-769.04,49.80,-0.91,-0.73,0.61,34.88
1828,15583005,-658.20,-770.51,48.83,-0.85,-0.79,0.85,34.36
1829,15588799,-665.53,-773.44,47.85,-0.61,-0.67,0.55,34.31
1830,15592848,-658.69,-767.58,46.87,-0.73,-0.61,0.85,34.50
1831,15596898,-663.09,-775.88,43.95,-0.98,-0.73,0.49,34.40
1832,15600955,-666.02,-774.41,46.39,-1.04,-0.55,0.61,34.36
1833,15605005,-660.64,-771.00,45.90,-0.85,-0.49,0.43,34.36
1834,15610799,-661.13,-768.07,52.25,-0.91,-0.67,0.61,34.36
1835,15614848,-663.57,-770.51,46.87,-0.73,-0.79,0.61,34.64
1836,15618898,-661.13,-769.04,50.29,-0.67,-0.49,0.73,34.36
1837,15622955,-660.64,-769.04,50.29,-0.98,-0.79,0.79,34.40
1838,15627005,-654.79,-769.04,45.41,-0.79,-0.67,0.85,34.55
1839,15632799,-663.57,-768.55,51.76,-0.61,-0.43,1.10,34.55
1840,15636848,-665.04,-767.09,46.39,-0.85,-0.55,1.22,34.40
1841,15640898,-666.02,-766.11,47.85,-1.04,-0.55,1.34,34.21
1842,15644955,-671.87,-766.60,44.92,-0.91,-0.67,1.40,34.31
1843,15649005,-667.97,-767.09,45.90,-0.61,-0.37,1.04,34.64
1844,15654799,-654.79,-763.18,45.90,-0.91,-0.49,0.79,34.50
1845,15658848,-666.99,-768.07,46.87,-0.73,-0.49,0.67,34.31
1846,15662898,-665.04,-774.41,47.36,-0.73,-0.91,0.24,34.50
1847,15666955,-665.04,-771.00,45.41,-0.79,-0.61,-0.06,34.36
1848,15671005,-659.67,-765.62,47.85,-0.79,-0.73,-0.37,34.31
1849,15676799,-666.99,-776.37,49.32,-0.79,-0.79,-0.61,34.64
1850,15680848,-661.13,-768.07,48.34,-0.98,-0.61,-0.85,34.50
1851,15684898,-660.64,-768.55,47.85,-1.04,-0.79,-1.34,34.50
1852,15688955,-660.64,-772.46,50.29,-0.91,-0.98,-1.46,34.21
1853,15693005,-661.13,-778.32,48.34,-0.55,-0.91,-1.40,34.50
1854,15698799,-656.25,-771.00,52.73,-0.79,-0.98,-1.28,34.55
1855,15702848,-662.60,-775.88,48.34,-0.91,-1.04,-1.28,34.50
1856,15706898,-659.18,-773.93,46.87,-0.79,-0.98,-0.98,34.64
1857,15710955,-655.76,-775.88,44.92,-0.98,-0.67,-0.73,34.31
1858,15715005,-653.81,-770.02,51.27,-1.04,-1.22,-0.43,34.40
1859,15720799,-653.81,-776.86,52.73,-0.85,-0.79,0.06,34.21
1860,15724848,-658.69,-774.90,44.43,-0.79,-0.55,0.24,34.50
1861,15728898,-657.71,-772.95,49.32,-1.04,-0.43,0.55,34.36
1862,15732955,-659.67,-778.32,44.43,-1.04,-0.85,0.98,34.31
1863,15737005,-658.20,-778.32,51.27,-0.79,-0.73,1.22,34.50
1864,15742799,-664.55,-771.97,47.85,-0.98,-0.49,1.04,34.31
1865,15746848,-659.18,-771.00,44.92,-1.04,-0.79,1.22,34.40
1866,15750898,-665.04,-772.46,45.41,-0.73,-0.73,0.98,34.64
1867,15754955,-666.02,-773.44,48.83,-0.67,-0.43,1.28,34.50
1868,15759005,-657.71,-770.02,48.34,-1.04,-0.61,1.10,34.64
1869,15764799,-662.11,-769.53,47.36,-0.67,-0.61,1.16,34.50
1870,15768848,-666.99,-775.39,50.29,-0.61,-0.73,1.04,34.31
1871,15772898,-668.95,-768.55,50.29,-0.85,-0.55,0.98,34.36
1872,15776955,-667.97,-763.18,52.25,-0.73,-0.61,1.16,34.36
1873,15782799,-670.90,-769.04,50.29,-0.61,-0.73,1.10,34.50
1874,15786848,-665.53,-767.58,54.20,-0.55,-0.73,1.16,34.40
1875,15790898,-659.67,-762.70,52.73,-0.67,-0.49,1.04,34.50
1876,15794955,-665.04,-771.97,53.22,-0.55,-0.67,0.85,34.36
1877,15799005,-667.48,-766.60,52.73,-0.67,-0.61,0.98,34.31
1878,15804799,-664.06,-770.02,51.27,-0.73,-0.79,0.98,34.69
1879,15808848,-668.95,-766.11,54.20,-0.79,-0.55,0.61,34.50
1880,15812898,-667.48,-775.88,51.76,-0.67,-0.85,0.24,34.21
1881,15816955,-662.60,-770.02,50.29,-0.67,-0.61,-0.24,34.31
1882,15821005,-666.99,-769.04,49.32,-0.91,-0.67,-0.37,34.40
1883,15826799,-666.02,-772.95,50.78,-1.10,-0.85,-0.73,34.50
1884,15830848,-662.11,-769.04,49.80,-0.79,-0.91,-0.98,34.40
1885,15834898,-659.18,-768.07,48.83,-0.67,-0.73,-1.22,34.21
1886,15838955,-659.18,-771.97,46.39,-0.85,-0.85,-1.40,34.31
1887,15843005,-666.02,-776.37,43.46,-0.79,-0.98,-1.59,34.40
1888,15848799,-659.18,-770.51,48.34,-0.79,-0.91,-1.46,34.36
1889,15852848,-659.18,-773.44,49.32,-0.73,-0.79,-1.34,34.40
1890,15856898,-657.71,-773.44,43.46,-0.91,-0.85,-1.04,34.40
1891,15860955,-656.25,-778.32,49.32,-0.79,-0.79,-0.98,34.50
1892,15865005,-655.76,-775.88,47.36,-1.04,-0.67,-0.43,34.50
1893,15870799,-662.60,-777.83,47.85,-0.43,-0.85,-0.49,34.36
1894,15874848,-653.32,-772.46,48.83,-0.67,-0.73,0.24,34.40
1895,15878898,-658.20,-774.90,45.90,-0.79,-0.61,0.49,34.40
1896,15882955,-657.23,-774.90,49.32,-0.67,-0.30,0.98,34.50
1897,15887005,-661.62,-777.83,47.85,-0.79,-0.73,1.22,34.55
1898,15892799,-658.20,-767.58,50.78,-0.91,-0.61,1.22,34.40
1899,15896848,-666.02,-771.00,48.83,-0.79,-0.43,1.77,34.36
1900,15900898,-658.69,-769.53,49.32,-0.85,-0.37,1.77,34.64
1901,15904955,-660.16,-765.62,52.25,-0.67,-0.55,2.01,34.40
1902,15909005,-660.64,-774.41,46.39,-0.67,-0.55,1.89,34.50
1903,15914799,-662.60,-772.46,44.43,-0.67,-0.55,1.95,34.12
1904,15918848,-660.16,-768.07,46.87,-0.91,-0.55,1.40,34.55
1905,15922898,-664.55,-765.62,43.46,-0.98,-0.67,1.46,34.40
1906,15926955,-668.95,-773.44,43.46,-0.61,-0.73,1.10,34.21
1907,15931005,-667.48,-768.07,47.36,-0.85,-0.55,0.61,34.55
1908,15936799,-665.04,-764.16,46.39,-1.04,-0.85,0.06,34.50
1909,15940848,-667.97,-768.07,49.80,-0.49,-0.67,-0.24,34.64
1910,15944898,-664.55,-771.48,49.80,-0.85,-0.98,-0.43,34.21
1911,15948955,-663.09,-766.60,46.39,-0.98,-0.73,-0.73,34.21
1912,15953005,-664.06,-770.02,47.85,-0.98,-0.79,-0.91,34.69
1913,15958799,-665.04,-771.00,43.46,-0.85,-0.98,-1.04,34.50
1914,15962848,-660.64,-773.93,52.73,-0.79,-0.91,-1.16,34.50
1915,15966898,-659.18,-768.55,48.83,-0.85,-0.85,-0.98,34.40
1916,15970955,-661.13,-777.34,49.32,-0.98,-0.67,-0.85,34.50
1917,15975005,-664.06,-774.41,53.22,-0.61,-0.49,-0.43,34.40
1918,15980799,-657.23,-767.09,51.76,-0.91,-0.79,-0.49,34.64
1919,15984848,-659.18,-775.39,47.85,-0.98,-0.67,0.06,34.40
1920,15988898,-661.13,-774.41,54.69,-0.79,-0.43,0.37,34.40
1921,15992955,-663.09,-771.00,53.71,-0.73,-0.79,0.43,34.69
1922,15998799,-653.32,-768.07,52.25,-0.79,-0.67,0.67,34.40
1923,16002848,-665.53,-775.88,51.27,-0.49,-0.55,0.98,34.40
1924,16006898,-656.25,-771.97,55.18,-0.43,-0.55,1.22,34.31
1925,16010955,-655.76,-768.55,50.78,-0.91,-0.43,1.22,34.40
1926,16015005,-660.64,-770.02,48.34,-0.73,-0.49,1.22,34.36
1927,16019054,-665.04,-771.97,53.22,-0.49,-0.55,1.34,34.40
1928,16024799,-659.18,-771.97,48.83,-0.67,-0.43,1.34,34.40
1929,16028848,-664.06,-765.62,48.83,-1.04,-0.61,1.22,34.64
1930,16032898,-669.92,-772.95,46.39,-0.67,-0.67,0.91,34.50
1931,16036955,-662.11,-775.39,51.27,-0.73,-0.55,0.79,34.31
1932,16042799,-666.50,-769.04,48.83,-0.73,-0.61,0.55,34.64
1933,16046848,-667.48,-772.95,46.39,-0.85,-0.55,0.30,34.50
1934,16050898,-666.50,-773.93,46.87,-0.67,-0.55,-0.06,34.12
1935,16054955,-660.16,-771.00,46.87,-1.04,-0.67,-0.18,34.36
1936,16059005,-659.67,-771.00,39.55,-0.98,-0.79,-0.43,34.55
1937,16064799,-666.02,-771.48,41.50,-0.91,-0.79,-0.37,34.40
1938,16068848,-661.62,-769.04,47.36,-0.85,-0.91,-0.61,34.36
1939,16072898,-661.13,-771.97,44.92,-1.04,-0.98,-0.61,34.31
1940,16076955,-661.62,-771.48,43.46,-0.73,-0.67,-0.55,34.40
1941,16081005,-665.04,-769.04,44.92,-0.79,-0.79,-0.24,34.40
1942,16086799,-658.20,-767.09,46.39,-0.79,-0.98,-0.18,34.55
1943,16090848,-664.55,-771.00,51.27,-0.98,-0.79,0.43,34.40
1944,16094898,-662.60,-773.44,48.34,-0.61,-0.37,0.79,34.31
1945,16098955,-659.67,-768.55,47.85,-0.73,-0.55,1.28,34.31
1946,16103005,-662.11,-769.53,48.34,-0.73,-0.37,1.28,34.50
1947,16108799,-667.97,-772.46,49.32,-0.85,-0.61,1.34,34.55
1948,16112848,-657.23,-764.65,49.32,-0.73,-0.55,1.46,34.50
1949,16116898,-664.06,-771.48,50.78,-0.73,-0.55,1.52,34.36
1950,16120955,-669.92,-771.00,48.83,-0.91,-0.85,1.52,34.64
1951,16125005,-666.50,-765.14,50.78,-0.85,-0.61,1.10,34.36
1952,16130799,-665.53,-764.65,55.66,-0.73,-0.55,0.67,34.40
1953,16134848,-670.41,-770.02,50.78,-0.98,-0.85,-0.12,34.50
1954,16138898,-665.53,-769.04,49.32,-0.85,-0.67,0.00,34.40
1955,16142955,-661.13,-767.58,54.20,-0.91,-0.79,-0.37,34.50
1956,16147005,-666.50,-769.04,48.83,-0.91,-0.73,-0.61,34.55
1957,16152799,-666.50,-771.97,49.80,-0.61,-0.61,-0.55,34.40
1958,16156848,-663.57,-767.09,50.29,-0.73,-0.79,-0.79,34.21
1959,16160898,-661.13,-771.97,45.90,-0.79,-0.85,-0.49,34.50
1960,16164955,-666.02,-771.48,49.32,-0.91,-0.85,-0.37,34.21
1961,16169005,-662.11,-768.07,48.83,-0.79,-0.67,-0.12,34.64
1962,16174799,-658.20,-769.04,47.85,-0.73,-0.79,-0.18,34.40
1963,16178848,-662.60,-770.51,49.80,-0.79,-0.91,-0.06,34.50
1964,16182898,-658.69,-767.09,51.76,-0.67,-0.49,0.24,34.50
1965,16186955,-658.20,-768.07,50.29,-1.04,-0.67,0.30,34.36
1966,16191005,-659.18,-770.51,48.34,-0.91,-0.67,0.55,34.50
1967,16196799,-661.62,-770.51,49.80,-0.85,-0.67,0.55,34.64
1968,16200848,-658.69,-767.09,48.34,-0.85,-0.73,0.67,34.50
1969,16204898,-664.06,-765.62,51.27,-0.79,-0.67,0.73,34.64
1970,16208955,-664.55,-773.44,48.34,-0.73,-0.67,0.61,34.21
1971,16213005,-666.02,-774.90,51.76,-0.67,-0.73,0.18,34.40
1972,16218799,-657.23,-768.07,46.39,-0.67,-0.55,0.18,34.12
1973,16222848,-660.16,-775.88,41.50,-0.67,-0.61,0.00,34.31
1974,16226898,-660.16,-773.44,46.87,-0.91,-0.67,-0.43,34.40
1975,16230955,-659.18,-771.00,45.90,-0.91,-0.91,-0.55,34.50
1976,16236799,-656.74,-776.37,49.32,-0.67,-0.85,-0.73,34.50
1977,16240848,-661.62,-775.39,45.41,-0.73,-0.98,-0.91,34.50
1978,16244898,-653.81,-772.95,44.43,-0.98,-0.79,-0.91,34.21
1979,16248955,-659.18,-775.39,43.95,-0.98,-0.91,-1.10,34.40
1980,16253005,-659.18,-780.27,46.39,-0.91,-0.91,-0.91,34.40
1981,16258799,-658.20,-776.37,47.36,-0.85,-0.79,-0.55,34.21
1982,16262848,-655.27,-774.41,48.34,-0.91,-0.91,-0.30,34.64
1983,16266898,-655.76,-776.37,46.87,-0.85,-0.79,0.37,34.40
1984,16270955,-662.60,-775.88,51.76,-0.73,-0.91,0.98,34.55
1985,16275005,-653.81,-771.97,50.29,-0.55,-0.43,1.34,34.55
1986,16280799,-655.76,-766.60,55.18,-0.79,-0.67,1.65,34.64
1987,16284848,-663.09,-772.46,54.20,-0.98,-0.61,2.26,34.40
1988,16288898,-660.64,-769.53,48.83,-0.61,-0.55,2.44,34.36
1989,16292955,-666.02,-766.11,50.78,-0.73,-0.24,2.38,34.50
1990,16297005,-670.41,-768.55,51.76,-0.73,-0.61,2.50,34.40
1991,16302799,-665.04,-767.58,53.22,-0.61,-0.67,2.01,34.55
1992,16306848,-663.57,-760.74,53.71,-0.67,-0.49,1.46,34.50
1993,16310898,-667.97,-770.51,52.25,-0.91,-0.61,1.04,34.36
1994,16314955,-666.02,-768.55,50.29,-0.67,-0.37,0.55,34.36
1995,16319005,-663.57,-763.67,47.36,-0.79,-0.61,0.37,34.50
1996,16324799,-662.60,-770.02,50.78,-0.67,-0.67,-0.24,34.69
1997,16328848,-666.50,-767.09,50.78,-0.98,-0.91,-0.49,34.40
1998,16332898,-664.55,-768.55,52.25,-0.85,-0.98,-0.67,34.31
1999,16336955,-659.18,-768.07,44.43,-0.85,-0.85,-0.91,34.36
2000,16341005,-665.04,-772.95,49.80,-0.67,-0.91,-0.98,34.40
2001,16346799,-661.62,-769.53,48.34,-0.73,-0.91,-0.67,34.55
2002,16350848,-655.27,-767.58,47.85,-0.79,-0.91,-0.49,34.40
2003,16354898,-664.06,-771.48,45.90,-0.98,-0.85,-0.49,34.40
2004,16358955,-666.02,-772.95,48.34,-0.85,-0.79,-0.12,34.31
2005,16363005,-658.69,-767.09,48.83,-0.98,-0.55,-0.24,34.64
2006,16368799,-661.62,-774.90,44.92,-0.61,-0.67,0.24,34.40
2007,16372848,-663.57,-772.95,50.29,-0.85,-0.73,0.12,34.64
2008,16376898,-658.20,-768.07,45.90,-1.04,-0.67,0.24,34.36
2009,16380955,-657.23,-769.04,47.36,-0.73,-0.55,0.00,34.02
2010,16385005,-660.64,-777.34,48.34,-0.67,-0.91,-0.12,34.40
2011,16390799,-659.67,-771.00,51.27,-0.79,-0.61,0.00,34.31
2012,16394848,-658.69,-767.09,49.80,-1.04,-0.67,0.06,34.40
2013,16398898,-665.53,-774.41,49.80,-0.91,-0.67,-0.06,34.31
2014,16402955,-663.09,-773.93,47.85,-0.67,-0.91,0.00,34.36
2015,16407005,-656.25,-767.58,50.29,-0.85,-0.67,0.12,34.55
2016,16412799,-658.69,-775.39,45.90,-0.79,-0.73,0.06,34.40
2017,16416848,-657.23,-771.00,47.85,-0.91,-0.73,0.49,34.21
2018,16420898,-657.23,-769.53,47.85,-0.91,-0.67,0.61,34.40
2019,16424955,-657.71,-771.48,50.29,-0.73,-0.73,0.85,34.55
2020,16429005,-667.48,-775.39,43.95,-0.79,-0.73,1.28,34.50
2021,16434799,-663.57,-772.95,45.90,-0.79,-0.73,1.34,34.50
2022,16438848,-660.16,-764.16,47.36,-0.79,-0.49,1.34,34.36
2023,16442898,-663.09,-771.00,47.36,-0.79,-0.67,1.34,34.74
2024,16446955,-670.90,-771.48,44.92,-0.61,-0.67,1.28,34.50
2025,16452799,-660.16,-771.97,46.87,-0.73,-0.61,1.28,34.50
2026,16456848,-666.50,-762.70,44.92,-0.67,-0.73,1.40,34.36
2027,16460898,-672.85,-768.07,41.99,-0.55,-0.73,0.91,34.31
2028,16464955,-666.99,-762.70,46.87,-0.73,-0.61,0.73,34.74
2029,16469005,-663.09,-764.65,43.95,-0.85,-0.73,0.30,34.64
2030,16474799,-665.04,-765.62,49.32,-0.73,-0.67,0.37,34.40
2031,16478848,-669.43,-771.00,46.39,-0.67,-0.91,0.24,34.50
2032,16482898,-665.53,-761.23,49.32,-0.85,-0.85,0.06,34.50
2033,16486955,-664.55,-762.70,46.87,-0.73,-1.04,-0.18,34.31
2034,16491005,-671.87,-768.55,51.27,-0.73,-0.91,-0.24,34.50
2035,16496799,-660.64,-768.07,52.73,-0.79,-0.73,-0.61,34.50
2036,16500848,-662.11,-764.16,48.83,-1.10,-0.85,-0.85,34.40
2037,16504898,-665.53,-772.95,52.25,-0.67,-0.91,-1.10,34.21
2038,16508955,-660.64,-772.95,48.34,-0.73,-1.04,-1.40,34.50
2039,16513005,-658.20,-773.44,53.22,-1.04,-0.98,-1.46,34.40
2040,16518799,-660.16,-775.39,44.92,-0.91,-0.98,-1.65,34.64
2041,16522848,-662.11,-770.51,53.22,-1.10,-0.85,-1.40,34.50
2042,16526898,-655.76,-772.95,51.27,-1.10,-0.98,-1.10,34.50
2043,16530955,-652.34,-771.48,49.32,-1.04,-1.04,-1.40,34.40
2044,16535005,-657.71,-777.83,48.34,-1.16,-1.10,-0.91,34.64
2045,16540799,-659.67,-773.93,47.85,-0.98,-1.04,-0.85,34.40
2046,16544848,-655.76,-775.88,46.87,-0.98,-0.73,-0.37,34.40
2047,16548898,-658.69,-776.86,49.80,-0.98,-0.79,0.06,34.50
2048,16552955,-657.23,-773.93,48.83,-0.85,-0.67,0.43,34.55
2049,16557005,-654.30,-772.95,45.41,-0.67,-0.79,0.37,34.40
2050,16562799,-659.67,-775.39,43.95,-0.98,-0.73,0.98,34.55
2051,16566848,-658.69,-774.90,46.87,-0.67,-0.79,1.16,34.50
2052,16570898,-659.67,-774.41,47.36,-0.91,-0.73,1.28,34.50
2053,16574955,-653.81,-769.04,49.80,-0.98,-0.43,1.40,34.16
2054,16579005,-664.06,-774.90,46.87,-0.55,-0.73,1.65,34.64
2055,16584799,-661.62,-771.48,51.76,-0.67,-0.30,2.26,34.40
2056,16588848,-660.64,-771.00,52.73,-0.79,-0.37,2.62,34.64
2057,16592898,-668.46,-768.55,50.29,-0.61,-0.24,2.74,34.40
2058,16596955,-665.04,-768.07,48.34,-0.61,-0.49,2.87,34.21
2059,16601005,-665.04,-768.55,53.22,-0.67,-0.43,3.17,34.40
2060,16606799,-666.50,-765.14,49.80,-0.61,-0.24,2.99,34.40
2061,16610848,-672.36,-763.18,54.20,-0.55,-0.55,2.44,34.40
2062,16614898,-666.99,-763.18,53.71,-0.73,-0.49,2.32,34.31
2063,16618955,-665.04,-762.21,52.25,-0.91,-0.24,1.65,34.31
2064,16623005,-672.85,-764.65,52.25,-0.91,-0.55,0.85,34.40
2065,16628799,-675.29,-764.16,52.73,-0.85,-0.73,-0.12,34.50
2066,16632848,-666.02,-769.53,51.27,-0.98,-0.55,-0.79,34.50
2067,16636898,-672.36,-767.09,54.69,-0.79,-0.91,-1.59,34.64
2068,16640955,-664.55,-767.09,48.83,-0.85,-0.98,-2.38,34.64
2069,16645005,-659.67,-767.09,48.83,-1.04,-1.22,-2.68,34.69
2070,16650799,-664.55,-775.88,50.29,-0.98,-0.98,-2.99,34.31
2071,16654848,-665.04,-773.44,46.87,-0.79,-0.98,-3.05,34.31
2072,16658898,-651.37,-766.60,49.80,-1.04,-1.16,-2.68,34.40
2073,16662955,-656.74,-771.97,46.87,-1.10,-0.79,-2.38,34.40
2074,16668799,-659.18,-777.34,47.36,-0.67,-0.98,-1.95,34.50
2075,16672848,-658.20,-777.83,51.76,-1.10,-0.79,-1.10,34.64
2076,16676898,-650.88,-773.44,47.36,-1.04,-0.79,-0.55,34.40
2077,16680955,-653.81,-773.44,49.32,-0.79,-0.79,-0.12,34.69
2078,16685005,-652.83,-779.79,52.73,-0.61,-0.73,0.06,34.40
2079,16690799,-655.76,-774.90,50.29,-0.61,-0.73,0.55,34.40
2080,16694848,-652.83,-777.34,49.80,-0.73,-0.49,0.67,34.55
2081,16698898,-658.69,-777.83,48.83,-0.61,-0.61,1.16,34.40
2082,16702955,-657.71,-777.34,47.85,-0.85,-0.37,1.40,34.64
2083,16707005,-658.69,-775.88,47.85,-0.67,-0.12,2.01,34.40
2084,16712799,-666.99,-776.37,47.36,-0.67,-0.55,2.07,34.50
2085,16716848,-656.74,-773.44,49.80,-0.67,-0.43,2.38,34.74
2086,16720898,-658.20,-763.67,41.99,-1.04,-0.55,2.50,34.21
2087,16724955,-665.04,-768.07,45.90,-0.85,-0.43,2.13,34.50
2088,16729005,-665.04,-773.44,44.43,-0.67,-0.67,1.89,34.50
2089,16734799,-662.60,-767.09,46.87,-0.98,-0.43,1.52,34.40
2090,16738848,-665.04,-771.00,47.36,-0.79,-0.55,0.73,34.40
2091,16742898,-668.95,-775.39,48.83,-0.67,-0.67,0.49,34.36
2092,16746955,-663.09,-771.00,42.48,-0.79,-0.91,0.12,34.64
2093,16751005,-662.60,-769.53,47.36,-0.91,-0.55,0.00,34.36
2094,16756799,-664.06,-771.48,44.92,-0.79,-0.98,0.00,34.50
2095,16760848,-667.48,-775.39,45.41,-0.67,-0.55,0.00,34.64
2096,16764898,-659.18,-768.55,46.87,-0.85,-0.67,-0.37,34.50
2097,16768955,-662.60,-770.51,45.41,-0.73,-0.61,0.00,34.55
2098,16773005,-667.48,-773.44,51.27,-0.61,-0.79,0.06,34.36
2099,16778799,-655.27,-766.60,54.69,-0.67,-0.79,0.30,34.40
2100,16782848,-656.25,-769.04,55.18,-0.91,-0.55,0.30,34.36
2101,16786898,-662.11,-772.95,53.71,-0.85,-0.67,0.49,34.40
2102,16790955,-663.57,-769.04,57.62,-0.61,-0.85,0.61,34.31
2103,16795005,-663.09,-766.60,58.59,-0.91,-0.79,0.30,34.21
2104,16800799,-663.57,-770.51,53.71,-0.85,-0.67,0.37,34.50
2105,16804848,-666.50,-771.48,56.64,-0.61,-0.43,0.12,34.31
2106,16808898,-660.16,-763.18,58.11,-0.73,-0.79,0.12,34.31
2107,16812955,-658.20,-763.67,55.66,-1.22,-0.85,0.06,34.40
2108,16817005,-664.55,-771.00,51.76,-1.04,-1.10,0.00,34.64
2109,16822799,-665.04,-771.00,53.71,-1.04,-0.73,0.18,34.50
2110,16826848,-658.20,-769.04,52.25,-0.98,-0.73,0.18,34.50
2111,16830898,-666.02,-770.02,49.32,-0.85,-0.61,0.37,34.36
2112,16834955,-663.57,-766.11,52.73,-0.61,-0.61,0.61,34.40
2113,16839005,-657.71,-768.55,45.41,-0.91,-0.49,0.61,34.55
2114,16844799,-664.55,-769.53,49.32,-1.10,-0.37,0.85,34.55
2115,16848848,-662.60,-773.93,46.87,-0.37,-0.49,0.91,34.50
2116,16852898,-664.06,-766.11,49.32,-0.85,-0.37,0.73,34.50
2117,16856955,-663.57,-766.11,42.97,-1.04,-0.43,0.85,34.40
2118,16861005,-670.90,-769.53,46.39,-0.67,-0.49,0.67,34.50
2119,16866799,-663.57,-771.97,45.41,-0.85,-0.61,0.55,34.36
2120,16870848,-663.09,-768.07,46.39,-0.73,-0.61,0.18,34.50
2121,16874898,-662.60,-772.46,47.85,-0.61,-0.91,0.12,34.50
2122,16878955,-666.99,-773.93,48.34,-0.73,-0.61,0.00,34.74
2123,16883005,-661.13,-767.09,48.83,-0.61,-0.91,-0.61,34.74
2124,16888799,-666.99,-767.09,50.78,-0.98,-0.79,-0.55,34.16
2125,16892848,-660.16,-770.51,48.34,-0.91,-0.79,-0.67,34.64
2126,16896898,-657.71,-771.00,49.80,-0.91,-0.85,-0.85,34.40
2127,16900955,-658.69,-772.95,49.32,-0.98,-1.04,-0.73,34.50
2128,16906799,-660.16,-779.30,49.32,-1.04,-0.85,-0.79,34.31
2129,16910848,-659.67,-774.41,54.20,-1.04,-0.85,-0.98,34.55
2130,16914898,-656.74,-771.48,51.76,-0.98,-0.98,-0.55,34.36
2131,16918955,-661.62,-772.95,50.29,-1.10,-0.91,-0.43,34.40
2132,16923005,-662.60,-772.46,45.90,-0.98,-0.73,-0.30,34.69
2133,16928799,-657.23,-768.55,52.25,-0.91,-0.79,0.06,34.31
2134,16932848,-658.69,-772.95,55.18,-0.91,-0.61,0.61,34.40
2135,16936898,-663.57,-772.46,51.76,-0.67,-0.85,0.85,34.12
2136,16940955,-660.16,-772.95,52.73,-0.73,-0.55,1.16,34.40
2137,16945005,-659.18,-766.60,48.34,-0.73,-0.67,1.59,34.36
2138,16950799,-664.06,-771.48,51.27,-0.55,-0.67,1.95,34.40
2139,16954848,-661.13,-770.02,49.32,-0.85,-0.43,2.01,34.64
2140,16958898,-664.06,-767.09,51.76,-0.61,-0.49,2.20,34.31
2141,16962955,-667.48,-770.51,52.25,-0.43,-0.30,2.26,34.40
2142,16967005,-669.92,-769.04,54.20,-0.49,-0.30,2.32,34.40
2143,16972799,-663.09,-762.21,54.69,-0.85,-0.61,2.07,34.50
2144,16976848,-669.43,-768.07,54.20,-0.91,-0.37,1.59,34.36
2145,16980898,-667.97,-769.53,51.27,-0.79,-0.43,1.46,34.64
2146,16984955,-666.50,-766.60,46.39,-0.73,-0.43,0.98,34.64
2147,16989005,-668.46,-766.60,52.25,-1.10,-0.49,0.43,34.50
2148,16994799,-669.92,-768.07,49.32,-0.98,-0.79,-0.06,34.40
2149,16998848,-663.57,-765.62,46.87,-0.85,-0.79,-0.79,34.69
2150,17002898,-663.09,-769.53,48.83,-0.79,-1.10,-1.28,34.40
2151,17006955,-662.11,-770.51,46.87,-1.04,-0.85,-1.77,34.55
2152,17011005,-664.55,-773.44,43.95,-0.79,-0.91,-2.01,34.50
2153,17016799,-659.18,-766.60,44.92,-1.16,-0.79,-2.32,34.40
2154,17020848,-663.09,-772.95,43.46,-0.73,-1.10,-1.83,34.40
2155,17024898,-665.04,-774.41,45.41,-0.85,-1.04,-2.26,34.36
2156,17028955,-656.74,-771.48,47.36,-0.79,-1.04,-2.01,34.16
2157,17033005,-657.71,-773.93,46.39,-0.98,-0.79,-1.52,34.40
2158,17038799,-656.25,-776.37,48.83,-0.91,-1.22,-0.98,34.40
2159,17042848,-659.67,-776.86,51.27,-0.73,-0.85,-0.43,34.64
2160,17046898,-653.32,-772.95,47.85,-0.91,-0.73,-0.06,34.40
2161,17050955,-653.32,-772.95,51.27,-0.79,-0.55,0.73,34.40
2162,17055005,-655.76,-775.88,53.22,-0.61,-0.85,0.91,34.40
2163,17060799,-657.71,-772.95,55.18,-0.73,-0.73,1.16,34.50
2164,17064848,-653.81,-770.02,52.25,-0.67,-0.61,1.83,34.40
2165,17068898,-658.69,-773.93,50.78,-0.67,-0.49,2.20,34.64
2166,17072955,-664.55,-774.41,48.34,-0.49,-0.43,2.62,34.36
2167,17077005,-662.11,-765.62,51.27,-0.91,-0.18,3.11,34.55
2168,17082799,-669.92,-768.55,46.87,-0.61,-0.55,2.87,34.64
2169,17086848,-669.43,-772.46,53.22,-0.61,-0.55,2.74,34.36
2170,17090898,-666.02,-765.14,53.22,-0.98,-0.37,2.56,34.36
2171,17094955,-664.06,-763.67,44.43,-0.85,-0.61,1.95,34.69
2172,17099005,-669.43,-772.46,44.92,-0.98,-0.73,1.46,34.69
2173,17104799,-671.87,-774.90,51.27,-0.67,-0.73,1.10,34.40
2174,17108848,-666.50,-761.23,43.95,-0.61,-0.91,-0.06,34.31
2175,17112898,-669.43,-770.02,46.87,-0.61,-1.04,-0.73,34.64
2176,17116955,-670.41,-771.00,51.27,-0.67,-0.91,-1.71,34.40
2177,17122799,-660.64,-762.21,46.87,-0.98,-0.67,-2.07,34.40
2178,17126848,-657.71,-771.97,45.90,-1.04,-0.91,-1.77,34.64
2179,17130898,-666.50,-774.90,45.41,-0.49,-0.91,-1.04,34.31
2180,17134955,-661.62,-771.48,54.20,-0.61,-0.79,-0.85,34.21
2181,17139005,-662.60,-765.62,52.73,-0.55,-0.67,-0.30,34.55
2182,17144799,-658.69,-773.44,53.22,-0.67,-0.73,-0.12,34.50
2183,17148848,-657.71,-764.65,54.69,-0.79,-0.79,-0.06,34.64
2184,17152898,-655.27,-763.67,54.20,-1.16,-0.55,0.43,34.21
2185,17156955,-666.99,-770.02,51.27,-1.10,-0.61,0.85,34.36
2186,17161005,-666.50,-779.30,53.71,-0.43,-0.55,0.98,34.50
2187,17166799,-667.48,-769.04,55.18,-0.67,-0.55,0.79,34.40
2188,17170848,-663.09,-770.02,52.25,-0.85,-0.49,0.79,34.50
2189,17174898,-664.06,-772.95,54.69,-0.79,-0.49,0.12,34.31
2190,17178955,-661.13,-773.93,49.80,-1.16,-0.73,-0.24,34.55
2191,17183005,-660.64,-769.53,48.83,-1.28,-1.04,-0.18,34.88
2192,17188799,-661.62,-775.39,49.32,-0.91,-1.16,-0.43,34.50
2193,17192848,-663.57,-774.90,47.36,-0.55,-0.91,-0.61,34.55
2194,17196898,-661.13,-773.44,48.34,-0.55,-0.91,-0.73,34.50
2195,17200955,-657.23,-770.51,44.92,-0.85,-1.22,-1.16,34.31
2196,17205005,-660.64,-772.46,45.41,-0.85,-0.91,-1.16,34.50
2197,17210799,-663.09,-776.37,44.92,-0.98,-0.67,-0.67,34.50
2198,17214848,-659.18,-770.02,44.43,-0.79,-0.67,-0.18,34.74
2199,17218898,-665.53,-778.32,45.41,-0.49,-0.55,0.37,34.36
2200,17222955,-664.06,-772.46,48.34,-0.43,-0.61,1.28,34.50
2201,17227005,-657.71,-767.09,45.90,-0.61,-0.61,1.89,34.64
2202,17232799,-661.62,-769.53,46.39,-0.73,-0.24,2.20,34.64
2203,17236848,-664.55,-771.48,45.90,-0.61,-0.61,2.93,34.40
2204,17240898,-660.64,-766.11,46.39,-0.67,-0.67,2.80,34.36
2205,17244955,-663.09,-764.16,50.78,-0.73,-0.61,2.80,34.02
2206,17249005,-668.46,-763.18,49.80,-0.55,-0.49,2.32,34.64
2207,17254799,-667.48,-771.00,51.27,-0.61,-0.79,1.34,34.50
2208,17258848,-663.57,-765.62,51.76,-0.67,-0.85,0.55,34.40
2209,17262898,-670.90,-771.00,51.27,-0.98,-0.79,-0.12,34.36
2210,17266955,-666.99,-772.46,55.18,-0.85,-1.04,-0.67,34.31
2211,17271005,-667.97,-767.09,54.69,-0.85,-0.79,-1.34,34.55
2212,17276799,-663.09,-766.60,50.78,-0.91,-1.10,-2.13,34.50
2213,17280848,-665.04,-771.00,51.76,-0.91,-1.10,-2.20,34.50
2214,17284898,-661.62,-772.95,51.27,-1.10,-1.10,-2.26,34.74
2215,17288955,-656.74,-768.55,51.76,-1.10,-1.04,-1.52,34.31
2216,17293005,-653.32,-770.51,49.32,-1.16,-0.91,-0.98,34.40
2217,17298799,-660.16,-771.48,51.27,-0.91,-0.91,-0.55,34.02
2218,17302848,-655.76,-773.93,45.41,-0.73,-0.55,0.24,34.55
2219,17306898,-660.16,-776.86,51.27,-0.73,-0.43,0.79,34.55
2220,17310955,-661.13,-772.95,55.66,-0.85,-0.49,1.28,34.40
2221,17315005,-658.20,-766.11,49.32,-0.79,-0.61,1.83,34.55
2222,17320799,-660.16,-765.62,52.73,-0.91,-0.67,2.01,34.40
2223,17324848,-666.02,-771.48,51.27,-0.79,-0.49,1.95,34.40
2224,17328898,-663.57,-768.07,48.83,-0.79,-0.24,1.89,34.50
2225,17332955,-662.60,-765.14,45.90,-0.61,-0.37,1.95,34.31
2226,17338799,-668.46,-765.62,50.29,-0.61,-0.49,1.46,34.40
2227,17342848,-667.97,-768.07,51.27,-0.67,-0.43,0.98,34.64
2228,17346898,-664.06,-763.18,48.83,-0.85,-0.49,0.30,34.64
2229,17350955,-668.46,-763.67,49.80,-0.91,-0.55,-0.06,34.64
2230,17355005,-668.46,-768.55,48.83,-0.73,-0.67,-0.37,34.50
2231,17360799,-663.09,-768.55,50.29,-0.73,-0.98,-1.04,34.64
2232,17364848,-668.95,-775.88,48.83,-0.73,-0.79,-1.16,34.55
2233,17368898,-668.46,-772.95,50.29,-0.91,-0.98,-1.40,34.40
2234,17372955,-661.62,-770.51,48.83,-0.79,-0.67,-1.40,34.64
2235,17377005,-662.60,-771.48,45.90,-0.85,-0.98,-1.34,34.55
2236,17382799,-661.62,-774.90,44.92,-0.73,-1.04,-1.22,34.40
2237,17386848,-659.67,-772.46,46.39,-1.04,-0.91,-0.73,34.69
2238,17390898,-657.71,-770.02,47.36,-0.79,-0.79,-0.06,34.31
2239,17394955,-658.69,-774.41,49.32,-0.98,-0.85,0.00,34.40
2240,17399005,-666.50,-771.48,48.34,-0.73,-0.79,0.37,34.21
2241,17404799,-656.74,-768.07,53.71,-0.85,-0.55,0.49,34.50
2242,17408848,-661.62,-771.00,50.29,-0.91,-0.61,0.61,34.40
2243,17412898,-666.50,-773.44,49.80,-0.79,-0.67,0.98,34.31
2244,17416955,-663.57,-773.44,49.32,-0.85,-0.43,1.22,34.36
2245,17421005,-660.16,-770.02,49.32,-0.79,-0.67,1.28,34.40
2246,17426799,-658.20,-772.95,52.73,-0.61,-0.43,1.28,34.64
2247,17430848,-672.36,-775.88,51.76,-0.61,-0.49,1.22,34.31
2248,17434898,-658.69,-764.65,57.13,-0.98,-0.55,1.16,34.50
2249,17438955,-664.06,-768.55,53.71,-1.04,-0.61,0.98,34.31
2250,17443005,-666.99,-774.90,49.32,-0.55,-0.85,0.73,34.64
2251,17448799,-661.62,-769.53,49.32,-0.67,-0.61,0.79,34.50
2252,17452848,-659.18,-766.11,52.25,-0.73,-0.85,0.67,34.36
2253,17456898,-668.95,-775.39,53.22,-0.55,-0.91,0.24,34.36
2254,17460955,-667.97,-769.04,51.27,-0.79,-0.55,0.24,34.50
2255,17465005,-663.09,-761.72,48.34,-1.04,-0.91,-0.18,34.50
2256,17470799,-662.11,-770.02,42.97,-1.10,-0.67,-0.12,34.64
2257,17474848,-664.55,-771.97,49.32,-0.98,-0.67,-0.30,34.64
2258,17478898,-664.06,-767.58,44.92,-0.85,-0.67,-0.06,34.55
2259,17482955,-658.20,-766.11,46.87,-1.10,-0.85,-0.24,34.21
2260,17487005,-666.50,-775.39,42.97,-0.98,-1.04,-0.37,34.40
2261,17492799,-667.97,-770.02,43.95,-0.79,-0.79,-0.43,34.50
2262,17496848,-657.71,-765.14,51.76,-0.85,-0.73,-0.49,34.31
2263,17500898,-663.09,-772.95,52.73,-0.85,-0.73,-0.49,34.50
2264,17504955,-664.06,-778.81,52.73,-0.67,-0.67,-0.30,34.21
2265,17509005,-660.64,-770.02,54.69,-0.91,-0.73,-0.18,34.50
2266,17514799,-659.18,-769.04,54.20,-1.10,-0.67,-0.12,34.64
2267,17518848,-666.99,-773.44,49.80,-0.49,-0.55,0.30,34.74
2268,17522898,-662.60,-768.07,54.20,-0.67,-0.49,0.73,34.21
