seq,timestamp_us,ax_mg,ay_mg,az_mg,gx_dps,gy_dps,gz_dps,temp_c
0,254899267,-711.91,-583.01,-441.41,1.71,-3.11,-1.59,34.64
1,254903329,-707.03,-577.64,-444.34,0.67,-0.91,-2.20,34.74
2,254907378,-700.68,-572.27,-446.29,0.49,0.30,-2.13,34.40
3,254911427,-707.52,-571.78,-447.75,0.30,1.46,-2.26,34.50
4,254917787,-705.08,-581.54,-447.27,0.43,2.07,-2.20,34.21
5,254921836,-702.64,-579.10,-446.78,0.30,2.20,-2.07,34.40
6,254925885,-703.12,-575.20,-442.87,-0.06,1.46,-1.83,34.69
7,254929944,-699.22,-574.22,-445.31,-0.43,0.12,-1.04,34.55
8,254933993,-693.85,-576.66,-452.64,0.24,-0.30,-0.55,34.16
9,254938042,-699.71,-577.64,-448.73,0.91,-0.55,0.12,34.40
10,254942091,-700.68,-580.08,-448.24,1.52,-1.71,0.79,34.40
11,254947787,-703.61,-579.10,-447.27,1.71,-1.52,1.16,34.55
12,254951836,-706.05,-585.45,-436.04,0.98,-1.71,0.91,34.74
13,254955885,-708.50,-579.59,-435.55,0.55,-1.52,0.85,34.40
14,254959944,-706.54,-578.12,-434.57,-0.12,-0.67,0.37,34.55
15,254965787,-702.64,-578.61,-431.64,-0.43,-0.06,0.37,34.50
16,254969836,-705.08,-583.01,-432.13,-0.24,0.98,0.30,34.55
17,254973885,-702.64,-585.45,-432.13,0.12,1.89,-0.06,34.64
18,254977944,-705.08,-587.40,-427.25,0.67,2.32,-0.67,34.74
19,254981993,-701.17,-578.61,-425.29,0.67,2.20,-0.85,34.69
20,254987787,-707.03,-579.10,-425.78,1.22,1.28,-0.98,34.50
21,254991836,-704.59,-579.59,-431.64,1.59,0.12,-1.16,34.21
22,254995885,-697.27,-579.10,-440.92,1.71,-1.16,-1.10,34.64
23,254999944,-703.61,-570.31,-435.55,2.20,-1.95,-0.79,34.64
24,255003993,-702.15,-572.75,-426.76,2.62,-1.59,0.12,34.40
25,255009787,-712.89,-579.59,-422.85,2.56,-2.01,0.00,34.50
26,255013836,-714.84,-582.52,-431.15,1.65,-2.68,-0.55,34.40
27,255017885,-704.59,-583.01,-437.01,1.34,-2.62,-0.30,34.40
28,255021944,-703.12,-583.98,-434.08,0.98,-2.13,-0.12,34.55
29,255025993,-708.50,-581.54,-429.20,0.24,-1.28,-0.30,34.21
30,255031787,-707.03,-581.05,-433.59,-0.67,0.06,-0.43,34.40
31,255035836,-703.61,-583.50,-443.85,-1.46,1.46,-0.73,34.40
32,255039885,-696.29,-587.40,-438.48,-1.77,2.07,-0.55,34.40
33,255043944,-700.20,-580.08,-443.85,-1.83,2.38,-0.61,34.50
34,255047993,-699.71,-578.12,-441.89,-1.65,2.13,-0.30,34.40
35,255053787,-697.75,-577.15,-443.85,-1.22,2.26,-0.43,34.64
36,255057836,-697.75,-584.47,-438.96,-0.49,1.34,-0.18,34.64
37,255061885,-697.27,-583.50,-439.94,0.06,0.79,-0.49,34.83
38,255065944,-696.78,-583.98,-444.82,0.30,0.37,-0.55,34.64
39,255069993,-692.87,-572.27,-447.27,1.28,-0.43,-0.43,34.50
40,255075787,-696.78,-580.57,-445.31,1.83,-0.91,-0.24,34.40
41,255079836,-701.17,-582.52,-441.41,2.56,-1.10,-0.43,34.40
42,255083885,-699.22,-589.84,-437.01,2.93,-1.46,-0.49,34.50
43,255087944,-696.78,-586.91,-438.48,3.05,-1.71,-0.61,34.69
44,255091993,-695.31,-577.15,-441.41,3.11,-1.46,-0.55,34.64
45,255097787,-692.87,-582.03,-439.45,2.93,-0.98,-0.43,34.64
46,255101836,-697.75,-584.47,-443.36,2.50,-0.73,0.00,34.40
47,255105885,-699.71,-588.38,-439.94,1.89,-0.85,-0.43,34.31
48,255109944,-698.24,-583.50,-437.01,0.91,-0.43,-0.24,34.64
49,255113993,-698.73,-587.40,-438.48,0.18,-0.12,-0.30,34.69
50,255119787,-700.20,-586.43,-440.43,-0.43,-0.06,-0.61,34.64
51,255123836,-700.20,-583.50,-442.87,-0.30,0.24,-1.04,34.64
52,255127885,-697.75,-582.03,-444.34,-0.30,0.37,-0.73,34.36
53,255131944,-698.24,-583.98,-447.27,0.61,0.67,-0.30,34.69
54,255135993,-700.20,-583.01,-440.43,1.04,0.49,-0.06,34.64
55,255141787,-702.15,-581.05,-438.96,1.04,0.43,0.12,34.40
56,255145836,-696.78,-583.01,-439.45,0.30,0.18,0.43,34.64
57,255149885,-702.64,-581.05,-440.43,-0.18,-0.30,0.30,34.21
58,255153944,-694.82,-580.57,-444.82,-0.43,-0.55,0.30,34.36
59,255159787,-696.78,-583.01,-444.82,-0.55,-0.12,-0.12,34.55
60,255163836,-699.71,-585.94,-448.24,-0.73,0.43,-0.49,34.50
61,255167885,-697.75,-584.47,-446.78,-0.06,0.91,-0.79,34.83
62,255171944,-699.22,-581.05,-442.38,0.67,1.46,-0.85,34.16
63,255175993,-695.31,-580.57,-431.15,1.22,1.77,-0.61,34.50
64,255181787,-697.75,-577.64,-429.69,1.77,1.04,-0.73,34.69
65,255185836,-691.41,-580.57,-435.06,2.20,-0.24,-0.49,34.55
66,255189885,-698.73,-583.01,-435.06,1.59,-0.67,-0.61,34.69
67,255193944,-692.38,-589.36,-442.87,1.59,-0.79,-0.91,34.50
68,255197993,-687.50,-576.17,-444.82,1.89,-0.98,-0.49,34.74
69,255203787,-686.52,-576.17,-437.01,1.10,-1.10,-0.43,34.64
70,255207836,-685.55,-579.59,-433.11,0.98,-1.89,-0.30,34.36
71,255211885,-683.11,-574.71,-432.13,1.71,-1.59,-0.67,34.64
72,255215944,-680.66,-565.43,-425.78,2.99,-1.10,-0.43,34.50
73,255219993,-690.43,-567.87,-429.20,5.18,0.00,0.67,34.64
74,255225787,-693.36,-614.26,-436.04,5.18,1.95,-2.07,34.31
75,255229836,-684.08,-571.29,-444.34,4.51,3.23,-1.77,34.40
76,255233885,-676.76,-562.01,-447.27,3.90,3.41,-0.98,34.88
77,255237944,-683.59,-573.73,-440.43,3.29,2.93,-0.12,34.55
78,255241993,-687.50,-574.22,-423.34,2.20,1.95,1.04,34.40
79,255247787,-702.15,-588.38,-423.34,1.28,0.79,1.16,34.21
80,255251836,-699.22,-580.57,-439.94,-0.06,0.24,0.91,34.40
81,255255885,-689.94,-576.17,-443.36,-0.73,0.18,0.98,34.69
82,255259944,-693.85,-576.66,-438.96,-1.16,-0.79,0.98,34.64
83,255263993,-699.71,-580.57,-439.45,-1.71,-2.20,1.71,34.31
84,255269787,-707.03,-577.15,-436.04,-1.59,-2.07,2.44,34.50
85,255273836,-709.47,-582.03,-443.85,-0.55,-0.43,2.07,34.69
86,255277885,-708.01,-586.43,-451.17,0.18,0.49,1.83,34.69
87,255281944,-712.89,-584.47,-447.75,0.30,0.61,2.13,34.64
88,255285993,-716.31,-589.36,-451.17,0.43,0.49,1.83,34.40
89,255291787,-723.14,-589.84,-446.78,0.24,1.16,1.59,34.64
90,255295836,-725.59,-588.87,-444.82,0.12,1.77,0.85,34.64
91,255299885,-719.24,-578.12,-444.82,-0.18,1.95,0.91,34.93
92,255303944,-718.75,-584.96,-448.73,-0.18,1.83,0.24,34.40
93,255307993,-716.31,-586.43,-456.54,0.61,1.77,-0.24,34.40
94,255313787,-712.89,-584.96,-459.47,1.40,1.59,-0.43,34.55
95,255317836,-720.70,-582.52,-450.20,2.56,1.40,-0.43,34.64
96,255321885,-719.24,-595.21,-445.80,2.87,1.04,-0.43,34.64
97,255325944,-712.89,-591.31,-444.34,2.62,0.30,-0.91,34.36
98,255329993,-708.50,-589.36,-443.36,2.50,-0.49,-0.85,34.64
99,255335787,-704.59,-585.45,-450.20,2.68,-0.37,-0.55,34.55
100,255339836,-701.17,-587.89,-448.24,3.11,-0.85,-0.24,34.64
101,255343885,-701.17,-587.89,-442.87,3.17,-0.67,-0.12,34.50
102,255347944,-698.73,-589.84,-440.92,3.11,-0.30,0.43,34.50
103,255351993,-706.05,-588.38,-434.08,2.99,0.12,0.55,34.69
104,255357787,-697.75,-589.84,-434.57,2.01,0.73,0.30,34.64
105,255361836,-699.71,-593.26,-429.20,1.71,1.52,0.30,34.83
106,255365885,-698.73,-594.24,-424.80,1.52,2.13,-0.24,34.36
107,255369944,-694.34,-590.33,-422.36,1.34,2.56,-0.30,34.64
108,255375787,-687.01,-596.19,-426.27,1.28,2.80,-0.37,34.88
109,255379836,-689.94,-585.45,-417.48,1.83,2.62,0.00,34.64
110,255383885,-687.01,-585.45,-423.83,1.77,1.89,-0.18,34.69
111,255387944,-689.45,-589.84,-423.83,1.65,0.91,0.06,34.64
112,255391993,-680.18,-594.73,-421.39,1.59,-0.18,0.00,34.40
113,255397787,-683.11,-587.89,-423.34,0.98,-1.10,0.67,34.50
114,255401836,-686.52,-587.40,-425.78,-0.18,-2.01,0.43,34.64
115,255405885,-688.96,-591.31,-427.25,-0.79,-2.44,0.43,34.36
116,255409944,-688.48,-593.26,-434.57,-0.55,-2.38,0.43,34.88
117,255413993,-686.04,-593.26,-433.11,-0.98,-1.71,0.37,34.69
118,255419787,-691.41,-590.82,-428.22,-1.04,-1.16,0.49,34.74
119,255423836,-693.36,-586.43,-437.99,-1.34,-0.73,0.49,34.50
120,255427885,-694.82,-587.40,-433.59,-1.10,-0.37,0.49,34.64
121,255431944,-693.85,-584.96,-435.55,-1.16,0.18,0.43,34.64
122,255435993,-694.34,-586.91,-433.59,-0.85,0.00,0.24,34.74
123,255441787,-694.82,-591.31,-432.13,-1.04,0.18,0.24,34.40
124,255445836,-696.29,-586.91,-442.38,-1.10,-0.55,0.43,34.50
125,255449885,-700.68,-583.98,-436.52,-1.22,-0.79,0.43,34.64
126,255453944,-706.05,-589.84,-437.01,-1.10,-1.34,0.61,34.64
127,255457993,-708.98,-586.43,-437.50,-0.55,-1.95,0.43,34.69
128,255463787,-709.47,-591.80,-439.94,-0.06,-2.20,0.12,34.36
129,255467836,-704.59,-584.96,-439.94,0.61,-2.44,0.30,34.31
130,255471885,-708.01,-584.47,-442.87,0.79,-2.74,0.67,34.50
131,255475944,-713.38,-586.91,-444.34,0.73,-2.74,0.43,34.50
132,255479993,-715.82,-585.94,-443.36,0.61,-2.38,0.61,34.31
133,255485787,-716.31,-587.89,-431.15,0.06,-2.01,0.85,34.31
134,255489836,-718.75,-584.96,-437.99,-1.10,-1.52,0.43,34.50
135,255493885,-712.40,-585.45,-441.89,-1.71,-0.91,0.49,34.64
136,255497944,-709.47,-581.54,-439.45,-2.13,0.12,0.18,34.64
137,255501993,-706.54,-583.98,-444.34,-2.44,1.22,0.12,34.31
138,255507787,-706.54,-583.50,-437.99,-2.50,1.83,0.12,34.69
139,255511836,-711.91,-590.82,-439.94,-2.07,2.32,-0.61,34.93
140,255515885,-707.52,-595.70,-436.52,-1.71,2.56,-0.67,34.64
141,255519944,-708.01,-584.96,-437.99,-1.46,2.80,-0.61,34.40
142,255523993,-704.10,-592.29,-437.50,-1.40,2.20,-0.73,34.64
143,255529787,-702.15,-588.87,-434.08,-1.28,1.83,-0.79,34.74
144,255533836,-694.82,-586.43,-433.59,-1.46,0.79,-0.67,34.74
145,255537885,-691.41,-583.01,-432.62,-1.34,0.67,-0.49,34.64
146,255541944,-692.38,-589.36,-436.04,-1.34,0.18,-0.43,34.69
147,255545993,-690.92,-583.01,-428.71,-1.10,0.18,-0.37,34.55
148,255551787,-693.36,-585.45,-431.64,-1.28,0.49,-0.91,34.69
149,255555836,-690.43,-591.80,-437.01,-1.22,0.61,-1.28,34.64
150,255559885,-688.96,-594.73,-437.50,-0.55,0.79,-1.34,34.64
151,255563944,-691.41,-592.29,-432.13,-0.06,1.04,-0.91,34.93
152,255567993,-687.99,-585.94,-428.71,0.18,0.91,-0.73,34.64
153,255573787,-689.45,-587.89,-430.18,0.06,0.91,-0.67,34.50
154,255577836,-688.48,-587.89,-437.01,-0.18,0.49,-0.67,34.74
155,255581885,-684.08,-590.33,-432.13,-0.43,-0.24,-0.37,34.64
156,255585944,-690.92,-591.31,-437.50,-0.61,-0.73,-0.06,34.55
157,255591787,-693.85,-593.75,-436.04,-0.79,-0.55,-0.12,34.74
158,255595836,-690.43,-593.26,-436.52,-1.46,-0.67,-0.37,34.55
159,255599885,-692.87,-588.87,-438.48,-1.95,-0.18,-0.43,34.64
160,255603944,-687.01,-588.87,-436.04,-2.13,0.43,-0.49,34.21
161,255607993,-691.41,-586.91,-436.04,-2.20,0.67,-0.18,34.64
162,255613787,-687.50,-588.87,-436.52,-1.83,1.04,0.12,34.55
163,255617836,-692.38,-587.40,-439.94,-1.71,0.73,0.06,34.50
164,255621885,-693.85,-591.80,-435.55,-2.20,0.85,-0.12,34.64
165,255625944,-696.29,-593.26,-437.01,-2.38,0.37,-0.18,34.36
166,255629993,-692.38,-590.33,-443.85,-2.68,0.00,0.12,34.50
167,255635787,-691.41,-593.75,-437.99,-2.62,-0.43,0.37,34.64
168,255639836,-697.75,-587.89,-436.04,-2.38,-0.30,0.37,34.69
169,255643885,-696.29,-593.26,-441.89,-2.50,-0.67,0.12,34.74
170,255647944,-699.22,-587.40,-446.78,-2.44,-0.55,-0.24,34.50
171,255651993,-696.78,-593.26,-446.29,-2.07,-0.67,-0.24,34.55
172,255657787,-696.29,-594.73,-444.34,-1.83,-0.98,-0.37,34.74
173,255661836,-690.92,-588.38,-447.27,-1.16,-0.79,-0.73,34.36
174,255665885,-694.82,-589.84,-447.75,-0.85,-0.73,-0.73,34.55
175,255669944,-693.36,-587.89,-449.71,-0.24,-0.73,-1.22,34.74
176,255673993,-687.50,-584.96,-453.61,-0.43,-0.85,-1.04,34.55
177,255679787,-686.52,-582.52,-453.12,0.30,-0.67,-1.16,34.50
178,255683836,-689.45,-585.45,-442.87,0.55,-0.79,-1.40,34.21
179,255687885,-690.92,-579.59,-444.34,0.24,-0.91,-1.52,34.74
180,255691944,-691.89,-572.75,-447.27,-0.24,-1.04,-1.65,34.69
181,255695993,-691.41,-569.82,-448.73,-0.85,-0.67,-1.65,34.50
182,255701787,-687.50,-572.75,-447.27,-1.04,-0.55,-1.46,34.40
183,255705836,-686.52,-569.82,-443.36,-0.43,-0.73,-1.04,34.31
184,255709885,-686.52,-569.82,-449.22,0.00,-0.91,-0.85,34.69
185,255713944,-690.43,-578.12,-456.05,-0.30,-0.67,-1.16,34.40
186,255717993,-680.66,-568.36,-463.38,-0.49,-1.71,-1.10,34.36
187,255723787,-675.78,-564.45,-461.43,0.00,-0.24,-0.24,34.64
188,255727836,-677.73,-568.36,-447.75,0.61,1.46,-0.67,34.64
189,255731885,-680.18,-569.82,-446.78,0.37,0.85,-1.52,34.50
190,255735944,-675.29,-571.78,-461.43,0.73,0.49,-1.59,34.64
191,255739993,-669.92,-566.89,-458.01,2.01,0.06,-1.65,34.50
192,255745787,-673.83,-563.48,-451.17,3.05,-0.30,-1.16,34.69
193,255749836,-675.29,-566.41,-444.34,4.39,-0.06,-1.10,34.55
194,255753885,-673.83,-571.78,-443.36,5.06,-0.61,-1.34,34.69
195,255757944,-670.41,-569.82,-442.87,5.37,-1.46,-2.01,34.69
196,255761993,-669.43,-568.85,-445.31,6.10,-2.62,-1.40,34.69
197,255767787,-669.43,-571.78,-446.78,6.77,-2.68,-1.04,34.64
198,255771836,-672.85,-568.85,-439.45,7.50,-2.07,-0.49,34.55
199,255775885,-678.22,-572.75,-430.66,7.56,-1.95,-0.55,34.40
200,255779944,-676.76,-576.17,-426.27,7.80,-1.83,-0.55,34.40
201,255783993,-666.50,-575.68,-427.25,7.50,-1.95,-0.55,34.64
202,255789787,-674.80,-582.52,-420.41,6.95,-2.32,-0.24,34.64
203,255793836,-674.32,-557.62,-416.50,8.17,-1.52,1.83,34.64
204,255797885,-692.38,-620.12,-434.08,9.21,-0.79,0.85,34.64
205,255801944,-680.18,-583.50,-424.32,8.78,0.06,0.00,34.64
206,255805993,-670.41,-567.38,-426.76,8.90,0.18,1.28,34.69
207,255811787,-686.04,-588.87,-418.46,10.37,-0.43,2.20,34.64
208,255815836,-691.41,-604.49,-403.81,11.83,-0.91,-0.18,34.64
209,255819885,-682.13,-581.54,-435.55,13.66,-1.46,-0.98,34.50
210,255823944,-673.34,-591.31,-417.97,15.24,-0.06,1.16,34.69
211,255829787,-698.73,-613.77,-399.41,15.61,0.24,0.73,34.93
212,255833836,-700.20,-610.35,-406.25,15.98,-1.10,-0.91,34.88
213,255837885,-696.29,-609.38,-415.04,18.05,-1.16,-0.43,34.69
214,255841944,-694.82,-622.56,-406.25,20.00,-1.59,-0.12,34.40
215,255845993,-707.03,-633.79,-382.81,21.22,-2.74,0.18,34.40
216,255851787,-724.61,-640.14,-372.07,21.34,-5.49,1.28,34.69
217,255855836,-715.82,-632.81,-407.71,17.07,-4.33,-1.34,34.74
218,255859885,-711.91,-627.44,-394.53,18.41,-5.37,1.10,34.64
219,255863944,-745.61,-653.32,-376.95,18.17,-6.40,2.87,34.64
220,255867993,-775.39,-659.18,-361.33,16.40,-7.38,3.11,34.88
221,255873787,-770.51,-660.16,-363.77,14.51,-8.54,2.38,34.50
222,255877836,-780.76,-663.57,-379.88,15.00,-7.50,2.74,34.50
223,255881885,-787.11,-683.59,-370.12,17.01,-6.34,4.02,34.64
224,255885944,-800.29,-687.99,-354.49,17.99,-6.34,3.96,34.64
225,255889993,-797.85,-687.99,-373.54,17.87,-5.37,2.87,34.64
226,255895787,-784.18,-688.48,-374.51,19.27,-3.23,2.56,34.40
227,255899836,-795.41,-715.33,-381.84,22.68,-1.95,2.32,34.40
228,255903885,-796.87,-728.52,-383.30,25.00,-1.71,0.61,34.55
229,255907944,-783.69,-738.28,-386.23,28.84,-2.87,-1.95,34.50
230,255911993,-773.44,-732.91,-376.46,32.93,-4.21,-2.32,34.50
231,255917787,-790.04,-737.30,-344.73,34.15,-6.83,-2.62,34.21
232,255921836,-786.62,-772.46,-342.77,32.80,-11.10,-6.95,34.50
233,255925885,-782.23,-772.95,-353.52,34.63,-12.44,-8.48,34.69
234,255929944,-775.39,-766.11,-355.47,38.78,-12.44,-11.04,34.74
235,255933993,-763.18,-768.07,-349.12,43.60,-12.01,-13.11,34.55
236,255939787,-765.14,-783.20,-342.77,46.89,-12.93,-15.06,34.40
237,255943836,-736.33,-789.06,-353.03,51.83,-14.94,-19.88,34.55
238,255947885,-728.03,-771.97,-338.38,53.84,-14.57,-20.37,34.74
239,255951944,-738.77,-763.67,-315.92,52.32,-14.82,-22.38,34.50
240,255955993,-744.14,-733.89,-276.86,44.09,-16.59,-27.99,34.21
241,255961787,-733.89,-816.41,-336.43,43.90,-17.74,-28.54,34.55
242,255965836,-719.24,-809.08,-362.30,48.54,-17.44,-25.67,34.69
243,255969885,-712.89,-782.71,-352.05,50.12,-17.32,-25.73,34.64
244,255973944,-706.05,-770.02,-335.45,49.88,-17.13,-25.85,34.93
245,255977993,-706.05,-761.72,-332.03,48.90,-17.20,-25.79,34.50
246,255983787,-709.47,-758.30,-343.26,47.87,-15.79,-26.83,34.55
247,255987836,-684.57,-742.19,-352.05,47.80,-13.84,-26.52,34.74
248,255991885,-679.69,-730.96,-338.38,46.65,-12.38,-25.43,34.40
249,255995944,-677.25,-737.79,-343.75,43.54,-12.07,-25.55,34.64
250,255999993,-667.97,-725.10,-340.33,41.22,-10.43,-25.00,34.50
251,256005787,-674.32,-725.10,-351.56,41.34,-7.87,-23.96,34.64
252,256009836,-658.69,-727.54,-363.77,44.02,-4.51,-22.74,34.64
253,256013885,-652.83,-730.47,-363.77,46.04,-3.35,-21.95,34.50
254,256017944,-639.65,-735.84,-364.75,47.99,-2.56,-21.59,34.50
255,256021993,-630.86,-726.56,-359.37,49.88,-1.10,-20.85,34.64
256,256027787,-620.12,-723.14,-350.59,52.26,0.06,-19.88,34.93
257,256031836,-617.19,-719.73,-347.66,54.45,0.79,-18.05,34.64
258,256035885,-605.47,-734.37,-342.77,55.37,0.43,-16.89,34.40
259,256039944,-605.47,-743.16,-328.12,56.59,-0.43,-14.70,34.74
260,256045787,-613.77,-753.42,-322.27,56.22,-0.85,-13.35,34.88
261,256049836,-615.72,-768.07,-298.83,55.37,-0.73,-12.62,34.64
262,256053885,-612.30,-773.93,-304.20,54.09,-0.18,-12.38,34.88
263,256057944,-594.24,-775.88,-309.08,52.74,0.85,-12.93,34.40
264,256061993,-587.89,-773.44,-303.71,51.65,2.20,-12.74,34.93
265,256067787,-587.40,-773.93,-295.41,51.77,3.05,-11.89,34.69
266,256071836,-597.17,-778.32,-272.46,51.77,2.74,-11.16,34.64
267,256075885,-600.59,-788.09,-268.07,51.65,3.05,-11.04,34.74
268,256079944,-604.49,-796.39,-270.51,51.40,3.66,-10.67,34.64
269,256083993,-604.00,-797.85,-272.95,51.04,4.21,-9.94,34.74
270,256089787,-606.93,-799.32,-271.00,50.24,4.45,-8.48,34.88
271,256093836,-610.35,-794.43,-261.23,48.11,4.02,-6.04,34.64
272,256097885,-622.07,-795.90,-259.28,45.06,4.02,-3.60,34.50
273,256101944,-641.11,-797.36,-261.23,41.77,3.78,-1.77,34.69
274,256105993,-658.20,-795.90,-255.37,35.24,4.15,0.55,34.50
275,256111787,-679.20,-793.95,-252.93,29.33,5.37,2.07,34.55
276,256115836,-681.64,-791.99,-258.30,20.43,5.73,3.29,34.64
277,256119885,-698.73,-788.57,-272.95,14.57,6.10,3.66,34.93
278,256123944,-703.12,-774.90,-276.86,7.80,7.20,2.80,34.64
279,256127993,-702.15,-772.95,-278.32,0.24,7.56,2.93,34.31
280,256133787,-725.59,-773.44,-288.57,-7.38,7.07,2.56,34.40
281,256137836,-733.40,-762.70,-312.50,-14.76,6.95,0.55,34.36
282,256141885,-728.52,-745.12,-323.24,-18.78,6.59,-0.61,34.88
283,256145944,-729.98,-726.56,-340.33,-22.62,5.30,-0.67,34.64
284,256149993,-741.21,-717.77,-368.16,-24.09,3.05,-2.26,34.40
285,256155787,-744.63,-700.68,-379.39,-26.22,0.73,-2.87,34.40
286,256159836,-754.39,-688.96,-402.83,-25.49,-2.62,-5.06,34.64
287,256163885,-761.72,-670.41,-409.18,-23.23,-5.24,-7.93,34.74
288,256167944,-746.58,-658.20,-407.71,-21.59,-8.41,-11.95,34.50
289,256171993,-749.51,-645.51,-432.13,-18.29,-11.16,-14.88,34.31
290,256177787,-731.45,-621.58,-434.08,-14.15,-11.71,-16.28,34.50
291,256181836,-733.40,-631.84,-467.29,-8.78,-10.91,-17.50,34.64
292,256185885,-732.42,-633.79,-474.61,-3.96,-10.12,-19.88,34.69
293,256189944,-704.59,-607.42,-459.47,2.38,-8.90,-22.56,34.88
294,256193993,-685.55,-595.70,-439.45,5.91,-8.11,-22.07,34.88
295,256199787,-669.92,-606.45,-445.80,6.83,-6.28,-21.34,34.69
296,256203836,-648.93,-594.24,-437.99,4.70,-2.50,-19.82,34.69
297,256207885,-638.18,-593.75,-420.41,2.20,0.67,-19.51,34.31
298,256211944,-639.65,-596.19,-412.11,-0.61,5.79,-18.78,34.64
299,256215993,-635.74,-568.36,-375.00,-8.11,10.67,-21.95,34.55
300,256221787,-603.03,-580.57,-386.23,-13.54,14.57,-21.59,34.64
301,256225836,-591.80,-606.45,-395.51,-15.79,19.45,-17.26,34.69
302,256229885,-582.52,-590.33,-386.23,-16.10,21.95,-13.96,34.40
303,256233944,-573.24,-579.10,-369.63,-17.20,24.02,-10.98,34.69
304,256237993,-571.29,-572.27,-356.45,-18.17,24.57,-7.62,34.64
305,256243787,-585.45,-603.03,-367.68,-16.77,23.35,-5.37,34.74
306,256247836,-584.96,-612.30,-375.49,-13.11,19.70,-4.15,34.69
307,256251885,-565.92,-601.07,-357.91,-11.52,16.65,-2.99,34.50
308,256255944,-577.15,-608.40,-358.40,-8.90,12.56,-1.04,34.88
309,256261787,-579.10,-618.65,-359.37,-4.57,9.88,-0.49,34.50
310,256265836,-583.98,-633.79,-350.59,0.55,6.71,-0.18,34.69
311,256269885,-588.38,-647.46,-342.77,4.51,4.15,0.12,34.55
312,256273944,-603.52,-657.71,-334.47,7.26,1.77,0.18,34.40
313,256277993,-608.40,-663.57,-340.33,9.88,-1.89,0.30,34.88
314,256283787,-609.86,-678.22,-356.45,11.95,-4.63,1.46,34.55
315,256287836,-591.31,-712.89,-393.55,13.23,-5.79,3.60,34.64
316,256291885,-594.24,-739.75,-404.79,15.30,-5.79,6.16,34.74
317,256295944,-608.89,-765.14,-416.99,16.16,-6.77,8.54,34.40
318,256299993,-639.65,-776.37,-412.60,16.10,-8.54,11.46,34.74
319,256305787,-675.78,-804.69,-415.04,19.21,-11.40,13.72,34.69
320,256309836,-686.52,-822.75,-410.64,26.52,-13.66,14.51,34.74
321,256313885,-708.50,-799.32,-386.23,33.11,-13.90,16.16,34.88
322,256317944,-757.81,-801.76,-364.26,38.17,-12.20,15.00,34.64
323,256321993,-797.85,-814.45,-338.38,42.20,-8.90,7.74,34.50
324,256327787,-796.39,-810.06,-325.68,44.15,-6.22,-2.13,34.64
325,256331836,-772.95,-805.18,-315.43,45.06,-2.07,-11.65,34.64
326,256335885,-757.32,-810.06,-305.66,45.61,0.61,-15.73,34.74
327,256339944,-744.63,-800.29,-286.62,45.18,4.70,-17.50,34.93
328,256343993,-736.82,-771.97,-277.34,42.56,8.84,-17.13,34.50
329,256349787,-737.79,-730.96,-252.93,37.68,12.01,-15.30,34.50
330,256353836,-756.84,-708.01,-235.84,30.00,14.51,-13.41,34.55
331,256357885,-762.70,-715.82,-229.49,24.70,15.85,-12.62,34.64
332,256361944,-760.25,-720.21,-228.03,19.94,17.38,-13.90,34.40
333,256365993,-739.26,-709.47,-236.82,16.65,18.78,-15.06,34.64
334,256371787,-719.24,-704.10,-260.25,16.04,20.06,-15.98,34.64
335,256375836,-690.92,-672.85,-261.72,19.27,21.04,-18.84,34.55
336,256379885,-673.83,-646.97,-250.49,22.20,21.16,-21.59,34.64
337,256383944,-654.79,-633.79,-232.91,23.66,20.49,-24.88,34.55
338,256387993,-653.81,-630.37,-233.40,23.96,17.93,-27.38,34.31
339,256393787,-633.30,-614.26,-237.30,25.79,14.45,-29.02,34.64
340,256397836,-629.88,-608.89,-249.02,28.23,11.28,-30.12,34.50
341,256401885,-618.65,-603.03,-263.18,31.52,6.71,-31.71,34.64
342,256405944,-606.45,-597.17,-274.90,37.32,0.85,-31.46,34.74
343,256409993,-588.87,-579.59,-274.41,42.93,-3.17,-29.70,34.64
344,256415787,-577.15,-563.96,-263.18,45.24,-6.77,-25.73,34.69
345,256419836,-584.47,-560.55,-248.54,44.21,-10.06,-20.00,34.64
346,256423885,-584.96,-571.29,-239.75,41.52,-12.13,-16.71,34.74
347,256427944,-582.52,-575.20,-241.21,35.61,-13.90,-14.27,34.64
348,256431993,-581.05,-571.29,-253.42,31.65,-13.17,-11.65,34.55
349,256437787,-587.89,-582.03,-269.04,28.90,-11.40,-10.61,34.74
350,256441836,-567.87,-571.78,-255.37,25.37,-6.16,-9.94,34.69
351,256445885,-554.69,-563.96,-226.56,20.37,-1.77,-7.80,34.40
352,256449944,-557.62,-584.47,-224.61,13.72,3.23,-4.57,34.50
353,256453993,-572.27,-599.12,-235.35,8.23,8.35,-3.41,34.64
354,256459787,-571.78,-610.84,-247.07,5.30,11.83,-4.21,34.74
355,256463836,-561.52,-603.03,-250.00,3.17,13.90,-4.09,34.64
356,256467885,-561.52,-609.86,-257.32,3.23,13.54,-3.78,34.55
357,256471944,-556.15,-618.65,-258.79,4.21,11.28,-3.05,34.64
358,256477787,-556.15,-622.56,-254.88,5.67,8.48,-2.38,34.64
359,256481836,-562.99,-634.28,-263.18,7.50,3.72,-1.40,34.74
360,256485885,-563.96,-648.93,-261.72,8.96,1.22,-0.43,34.74
361,256489944,-558.11,-654.79,-259.28,9.45,-1.04,0.00,34.64
362,256493993,-556.15,-672.85,-268.07,9.15,-2.74,0.67,34.88
363,256498042,-565.43,-687.01,-269.53,8.41,-4.51,1.52,34.64
364,256503787,-566.41,-695.31,-274.41,6.65,-5.73,2.68,34.69
365,256507836,-569.82,-700.68,-277.34,4.82,-6.10,3.66,34.50
366,256511885,-569.34,-698.24,-274.41,3.11,-5.91,4.02,34.69
367,256515944,-572.27,-707.52,-271.48,1.59,-4.57,5.00,34.64
368,256521787,-575.68,-729.00,-273.93,0.55,-3.05,5.67,34.40
369,256525836,-596.19,-754.39,-271.97,-0.67,-1.22,6.16,34.64
370,256529885,-604.00,-762.70,-271.00,-1.16,0.00,6.10,34.64
371,256533944,-616.21,-775.39,-265.62,-1.10,0.73,5.67,34.50
372,256537993,-626.95,-790.53,-263.67,-0.55,0.73,5.67,34.64
373,256543787,-627.93,-790.04,-267.58,-0.85,0.18,5.37,34.40
374,256547836,-646.48,-803.71,-285.64,-1.28,-1.28,5.12,34.50
375,256551885,-651.37,-812.50,-289.55,-0.61,-2.26,4.02,34.50
376,256555944,-646.97,-787.11,-273.44,1.16,-3.66,2.50,34.50
377,256559993,-652.34,-791.02,-261.72,-0.06,-5.55,1.22,34.64
378,256565787,-657.71,-792.97,-260.74,-1.52,-6.16,-1.04,34.64
379,256569836,-654.30,-791.02,-262.21,-3.84,-5.67,-4.45,34.40
380,256573885,-628.42,-786.62,-264.16,-6.52,-4.45,-3.29,34.69
381,256577944,-643.55,-801.27,-287.11,-9.09,-2.74,0.61,34.64
382,256581993,-665.53,-804.20,-295.90,-10.00,-1.04,0.43,34.55
383,256587787,-661.62,-803.22,-293.95,-10.37,0.49,-0.79,34.74
384,256591836,-652.34,-814.94,-297.85,-10.06,1.04,-1.77,34.55
385,256595885,-651.86,-812.99,-302.25,-9.94,1.04,-2.07,34.74
386,256599944,-650.88,-814.45,-306.64,-9.39,1.16,-2.38,34.74
387,256603993,-650.88,-818.36,-306.15,-9.02,1.77,-2.01,34.50
388,256609787,-646.97,-811.52,-306.15,-8.66,2.26,-2.20,34.69
389,256613836,-652.83,-812.01,-301.76,-8.54,3.17,-2.32,34.64
390,256617885,-655.27,-811.04,-302.25,-8.60,4.15,-2.44,34.64
391,256621944,-649.90,-804.20,-299.80,-8.66,4.27,-3.23,34.93
392,256625993,-645.02,-795.41,-291.02,-8.60,4.94,-3.48,34.50
393,256631787,-651.37,-799.80,-288.09,-8.41,5.91,-3.54,34.55
394,256635836,-653.32,-804.20,-287.11,-7.68,6.46,-4.63,34.64
395,256639885,-653.32,-797.85,-279.79,-7.50,6.77,-5.67,34.64
396,256643944,-645.51,-789.55,-282.71,-6.65,6.59,-6.65,34.50
397,256647993,-640.14,-786.62,-282.23,-5.12,5.98,-7.80,34.69
398,256653787,-633.79,-786.62,-281.74,-3.23,4.51,-7.87,34.83
399,256657836,-628.42,-779.30,-278.32,0.06,2.50,-7.99,34.88
400,256661885,-632.81,-774.90,-269.04,1.77,1.34,-7.68,34.36
401,256665944,-637.21,-771.48,-262.70,3.29,0.55,-7.20,35.03
402,256669993,-633.30,-768.55,-260.74,4.39,-0.06,-6.77,34.64
403,256675787,-632.81,-777.83,-263.67,6.22,0.49,-6.10,34.64
404,256679836,-635.25,-760.25,-244.14,5.79,1.59,-7.26,34.93
405,256683885,-625.00,-768.07,-240.23,4.45,2.50,-7.62,34.64
406,256687944,-618.65,-767.58,-235.84,3.78,3.23,-8.66,34.69
407,256691993,-617.19,-765.62,-231.45,2.44,3.72,-8.48,34.64
408,256697787,-615.23,-760.25,-235.35,1.77,4.15,-8.35,34.69
409,256701836,-606.93,-760.25,-234.86,1.10,4.39,-7.56,34.74
410,256705885,-607.42,-752.44,-237.30,0.43,4.21,-7.01,34.64
411,256709944,-607.42,-750.00,-241.70,-0.24,3.78,-5.79,34.64
412,256715787,-602.54,-746.09,-237.30,-0.43,3.66,-4.57,34.83
413,256719836,-600.10,-749.51,-236.33,-0.67,3.78,-4.27,34.83
414,256723885,-604.00,-750.00,-237.79,-0.61,4.33,-4.27,34.64
415,256727944,-596.68,-747.07,-236.33,-0.30,4.21,-4.09,34.64
416,256731993,-594.24,-747.56,-235.35,1.34,4.27,-4.82,34.69
417,256737787,-595.21,-746.09,-231.93,2.56,3.72,-5.61,34.69
418,256741836,-586.43,-743.65,-231.93,4.45,3.17,-5.67,34.55
419,256745885,-582.03,-751.46,-228.52,5.85,2.13,-6.28,34.64
420,256749944,-581.54,-752.44,-226.07,7.01,1.52,-6.77,34.83
421,256753993,-583.01,-752.93,-221.19,8.29,0.30,-6.89,34.64
422,256759787,-582.03,-750.49,-223.14,9.27,-0.73,-6.89,34.36
423,256763836,-572.27,-750.00,-223.14,10.55,-1.22,-6.22,34.64
424,256767885,-572.75,-754.39,-219.24,11.28,-2.32,-5.55,34.83
425,256771944,-570.80,-751.46,-218.26,11.34,-3.05,-4.63,34.50
426,256775993,-574.71,-750.49,-210.94,10.67,-3.78,-4.02,34.64
427,256781787,-574.71,-753.42,-209.47,9.33,-4.51,-3.54,34.50
428,256785836,-572.27,-755.37,-213.38,7.50,-4.15,-2.87,34.40
429,256789885,-583.01,-760.25,-222.66,6.40,-3.66,-2.20,34.64
430,256793944,-583.98,-763.18,-229.98,5.73,-2.68,-1.65,34.69
431,256797993,-577.64,-755.86,-216.80,5.12,-1.16,-1.40,34.64
432,256803787,-572.75,-758.30,-205.57,2.99,-0.37,-0.18,34.40
433,256807836,-581.54,-770.51,-214.84,0.79,0.73,0.73,34.40
434,256811885,-580.57,-764.16,-207.03,-0.37,1.04,0.98,34.50
435,256815944,-581.05,-762.70,-208.50,-2.01,2.32,0.98,34.64
436,256819993,-588.87,-770.51,-214.36,-3.72,2.56,1.40,34.40
437,256825787,-594.24,-771.97,-219.24,-4.70,2.62,0.79,34.36
438,256829836,-595.70,-767.09,-219.24,-5.91,2.13,0.61,34.50
439,256833885,-605.96,-769.53,-219.24,-6.22,1.40,0.49,34.50
440,256837944,-607.42,-768.55,-222.17,-6.34,0.24,0.06,34.64
441,256841993,-606.45,-767.58,-223.14,-6.34,-0.79,-1.22,34.40
442,256847787,-608.40,-756.35,-233.89,-6.28,-2.26,-1.89,34.64
443,256851836,-608.89,-748.54,-244.63,-5.98,-3.23,-2.44,34.50
444,256855885,-614.26,-745.61,-244.63,-5.24,-4.15,-2.74,34.83
445,256859944,-613.28,-738.77,-249.02,-4.70,-4.51,-2.68,34.64
446,256863993,-613.77,-729.98,-250.98,-4.33,-5.06,-2.74,34.69
447,256869787,-615.23,-721.19,-258.30,-4.09,-4.88,-2.80,34.83
448,256873836,-611.82,-715.82,-261.72,-4.27,-4.51,-2.93,34.83
449,256877885,-612.79,-703.61,-259.77,-4.57,-3.90,-2.87,34.64
450,256881944,-608.89,-696.29,-262.21,-5.00,-2.50,-2.62,34.64
451,256885993,-610.84,-687.01,-253.42,-5.49,-1.46,-2.32,34.74
452,256891787,-615.23,-678.71,-262.70,-6.77,-0.18,-2.38,34.69
453,256895836,-611.82,-667.48,-264.65,-7.56,0.67,-2.93,34.64
454,256899885,-600.59,-657.23,-267.58,-8.29,1.34,-3.05,34.36
455,256903944,-599.12,-645.02,-262.21,-8.72,1.40,-2.87,34.93
456,256907993,-604.98,-639.65,-261.23,-8.66,0.98,-2.80,34.64
457,256913787,-601.56,-621.09,-260.25,-9.09,0.12,-2.01,34.93
458,256917836,-598.63,-605.96,-256.84,-8.90,-0.18,-1.22,34.64
459,256921885,-588.38,-593.26,-249.02,-8.60,-0.12,-0.91,34.40
460,256925944,-600.10,-579.59,-258.30,-7.99,-0.98,-0.30,34.74
461,256931787,-597.66,-566.41,-254.88,-7.68,-1.77,-1.16,34.64
462,256935836,-591.80,-543.95,-252.93,-7.50,-2.99,-2.68,34.88
463,256939885,-587.40,-533.20,-245.12,-7.62,-3.60,-3.96,34.64
464,256943944,-590.82,-523.93,-246.58,-7.93,-4.09,-4.09,34.64
465,256947993,-583.98,-520.51,-241.21,-7.74,-5.24,-4.09,34.69
466,256953787,-578.61,-513.18,-241.21,-6.89,-5.49,-3.05,34.64
467,256957836,-566.89,-492.68,-227.05,-6.83,-5.43,-1.10,34.50
468,256961885,-568.85,-483.89,-226.07,-6.22,-4.57,1.04,34.64
469,256965944,-567.38,-473.14,-222.17,-5.98,-4.09,2.32,34.83
470,256969993,-566.89,-476.07,-212.89,-6.22,-3.60,3.11,34.50
471,256975787,-562.01,-470.21,-209.96,-6.83,-3.35,4.94,34.74
472,256979836,-562.01,-463.38,-195.80,-8.90,-4.33,6.22,34.74
473,256983885,-562.01,-466.31,-190.43,-10.30,-5.30,7.01,34.83
474,256987944,-550.29,-462.40,-188.96,-11.83,-6.28,7.20,34.74
475,256991993,-534.67,-461.43,-200.20,-13.54,-7.56,8.66,34.55
476,256997787,-525.88,-458.50,-196.78,-14.70,-8.41,10.79,34.40
477,257001836,-533.69,-471.68,-200.68,-16.83,-9.88,12.56,34.40
478,257005885,-530.76,-483.40,-196.78,-18.05,-10.37,13.66,34.64
479,257009944,-517.58,-489.75,-199.22,-19.88,-11.52,15.37,34.93
480,257013993,-514.16,-496.58,-204.10,-21.40,-12.56,17.32,34.64
481,257019787,-504.88,-508.30,-210.94,-23.29,-13.35,18.66,34.40
482,257023836,-500.49,-518.07,-224.12,-26.10,-14.82,20.12,34.36
483,257027885,-502.44,-526.86,-226.07,-27.93,-15.61,20.91,34.74
484,257031944,-485.84,-533.69,-234.86,-29.88,-16.28,21.77,34.83
485,257035993,-486.33,-550.78,-236.82,-31.65,-16.95,22.38,34.40
486,257041787,-491.21,-559.08,-232.42,-33.41,-17.44,23.23,34.50
487,257045836,-492.68,-571.29,-240.23,-35.37,-16.59,23.41,34.55
488,257049885,-496.58,-582.52,-254.88,-37.13,-15.12,23.05,34.88
489,257053944,-491.70,-599.61,-268.55,-38.96,-12.99,22.50,34.83
490,257057993,-486.33,-615.23,-271.97,-40.67,-9.51,22.13,34.69
491,257063787,-500.98,-643.55,-284.18,-41.46,-7.68,20.00,34.88
492,257067836,-491.70,-632.81,-269.53,-42.93,-6.40,14.82,34.64
493,257071885,-500.49,-639.16,-265.62,-46.95,-5.85,11.77,34.64
494,257075944,-506.35,-647.46,-244.14,-53.78,-3.35,7.87,34.64
495,257079993,-518.07,-665.53,-251.46,-59.82,-2.62,2.99,34.55
496,257085787,-532.71,-676.27,-260.74,-65.98,0.18,-3.90,34.55
497,257089836,-516.60,-694.82,-271.00,-72.93,5.06,-15.06,34.74
498,257093885,-479.98,-710.94,-302.25,-76.95,7.44,-19.63,34.74
499,257097944,-459.96,-713.87,-314.94,-79.82,9.21,-23.05,34.93
500,257101993,-459.96,-718.26,-310.55,-83.23,9.76,-25.73,34.55
501,257107787,-454.59,-700.20,-292.97,-86.34,9.02,-30.61,34.93
502,257111836,-404.79,-672.36,-294.92,-90.24,7.07,-26.77,34.93
503,257115885,-396.97,-654.79,-313.96,-89.70,5.49,-18.72,34.40
504,257119944,-435.55,-658.20,-338.87,-86.83,5.79,-11.89,34.93
505,257123993,-463.87,-683.59,-348.14,-80.30,5.37,-7.07,34.50
506,257129787,-473.14,-707.52,-372.07,-74.39,1.40,-1.16,34.69
507,257133836,-455.57,-712.40,-404.79,-66.83,-2.13,9.94,34.83
508,257137885,-474.12,-709.96,-404.30,-63.96,-4.33,18.66,34.88
509,257141944,-515.62,-746.58,-404.30,-62.38,-7.93,28.17,34.55
510,257147787,-550.29,-797.36,-413.57,-63.35,-12.74,34.88,34.74
511,257151836,-617.19,-831.05,-469.24,-67.56,-23.23,39.09,34.69
512,257155885,-630.37,-851.07,-516.11,-64.33,-30.06,37.13,34.69
513,257159944,-622.07,-836.91,-518.07,-59.94,-34.33,35.55,34.40
514,257163993,-636.23,-855.96,-510.74,-58.60,-36.40,36.40,34.69
515,257169787,-673.83,-887.70,-501.95,-59.09,-33.48,35.00,34.64
516,257173836,-751.46,-904.30,-480.96,-62.01,-26.22,28.41,34.64
517,257177885,-763.18,-907.23,-465.33,-70.24,-20.79,17.99,34.88
518,257181944,-727.05,-927.73,-480.96,-76.95,-17.20,14.45,34.64
519,257185993,-706.05,-952.64,-520.51,-82.62,-11.59,16.65,34.50
520,257191787,-707.03,-950.68,-534.18,-86.10,-3.90,21.28,34.55
521,257195836,-759.77,-965.33,-525.39,-87.56,4.15,25.12,34.55
522,257199885,-803.71,-966.80,-513.67,-88.11,8.78,23.35,34.74
523,257203944,-820.31,-946.29,-500.49,-88.11,11.89,19.51,34.64
524,257207993,-821.78,-918.95,-502.44,-85.55,14.39,12.13,34.64
525,257213787,-811.52,-909.67,-507.81,-79.63,15.67,5.98,34.40
526,257217836,-807.62,-887.21,-538.57,-68.78,15.49,-0.37,34.64
527,257221885,-800.78,-881.35,-546.39,-61.28,14.88,-4.76,34.64
528,257225944,-807.13,-899.90,-549.80,-50.00,13.41,-8.60,35.03
529,257229993,-809.57,-900.88,-552.73,-36.95,10.43,-11.89,34.64
530,257235787,-805.66,-878.42,-545.90,-24.39,6.10,-15.43,34.31
531,257239836,-757.81,-835.45,-509.28,-13.96,1.04,-16.59,34.69
532,257243885,-750.00,-829.10,-490.72,-9.88,-1.40,-15.30,34.64
533,257247944,-750.00,-831.05,-489.75,-7.01,-3.48,-14.39,34.93
534,257251993,-743.16,-835.94,-487.30,-5.49,-4.82,-15.12,34.50
535,257257787,-766.60,-851.56,-501.46,-3.90,-6.04,-19.33,34.69
536,257261836,-724.12,-793.95,-462.40,-1.83,-2.99,-22.87,34.40
537,257265885,-717.29,-786.62,-445.31,-2.99,-0.61,-23.66,34.64
538,257269944,-710.45,-789.55,-425.29,-7.01,2.80,-24.45,34.64
539,257273993,-694.34,-788.57,-407.71,-13.72,8.17,-23.54,34.21
540,257279787,-677.73,-781.25,-391.60,-21.34,13.35,-20.43,34.64
541,257283836,-649.90,-759.28,-391.60,-31.65,17.56,-13.23,34.64
542,257287885,-664.06,-753.91,-404.30,-37.38,19.45,-8.35,34.64
543,257291944,-671.87,-738.77,-420.90,-42.68,20.73,-7.13,35.03
544,257295993,-667.48,-727.05,-416.50,-44.15,22.20,-6.16,34.50
545,257301787,-657.23,-719.73,-404.79,-44.45,20.85,-5.12,34.74
546,257305836,-655.27,-720.21,-417.97,-43.96,17.80,-4.57,34.69
547,257309885,-673.83,-733.89,-442.87,-42.62,15.61,-3.96,34.88
548,257313944,-663.09,-712.89,-449.71,-37.01,12.13,-5.37,34.74
549,257317993,-661.13,-700.20,-448.73,-31.28,8.35,-5.30,34.74
550,257323787,-652.83,-701.17,-447.27,-25.37,3.90,-5.00,34.88
551,257327836,-661.62,-707.52,-454.59,-18.72,-2.20,-3.35,34.74
552,257331885,-665.04,-693.36,-467.77,-13.72,-5.73,-2.32,34.36
553,257335944,-667.97,-702.15,-477.54,-8.35,-9.45,-1.22,34.69
554,257339993,-672.36,-711.43,-483.40,-2.80,-12.80,0.06,34.74
555,257345787,-665.53,-708.01,-477.05,1.34,-14.94,1.95,34.69
556,257349836,-673.83,-701.17,-451.17,1.34,-15.98,4.94,34.88
557,257353885,-695.80,-711.91,-451.66,0.67,-14.70,7.01,34.50
558,257357944,-690.92,-708.50,-448.24,-1.52,-13.23,8.29,34.69
559,257363787,-689.45,-713.87,-450.68,-5.43,-11.10,9.09,34.74
560,257367836,-687.01,-712.40,-456.54,-10.43,-7.93,10.73,34.50
561,257371885,-690.43,-711.43,-449.71,-14.39,-5.55,11.89,34.88
562,257375944,-685.55,-714.36,-456.05,-17.13,-3.84,11.89,34.50
563,257379993,-681.15,-716.80,-464.36,-19.57,-2.56,11.77,34.69
564,257384042,-679.20,-716.31,-469.73,-20.55,-0.79,11.52,34.64
565,257389787,-673.83,-714.84,-478.52,-19.57,0.18,10.67,34.64
566,257393836,-666.02,-708.01,-490.23,-16.40,-0.43,10.85,34.93
567,257397885,-661.13,-711.43,-492.68,-13.60,-1.52,11.16,34.74
568,257401944,-649.90,-708.98,-496.09,-9.63,-3.96,10.85,34.50
569,257407787,-652.83,-708.98,-491.21,-4.45,-6.65,10.79,34.93
570,257411836,-650.88,-712.89,-489.75,1.40,-9.27,10.79,35.07
571,257415885,-648.44,-716.80,-487.79,5.55,-10.73,10.61,34.74
572,257419944,-639.65,-718.26,-489.26,8.54,-10.91,10.55,34.50
573,257423993,-645.02,-718.75,-488.28,10.85,-11.10,10.91,34.74
574,257429787,-646.48,-723.63,-480.47,12.07,-10.06,11.10,34.74
575,257433836,-648.93,-736.33,-467.29,10.98,-8.96,11.16,34.31
576,257437885,-644.53,-737.79,-460.45,8.23,-7.44,10.67,34.74
577,257441944,-644.53,-735.84,-457.03,5.73,-5.73,10.24,34.88
578,257445993,-642.09,-739.75,-456.05,2.01,-3.54,9.51,34.64
579,257451787,-638.67,-737.79,-458.01,-1.34,-1.10,9.21,34.31
580,257455836,-632.32,-743.16,-450.20,-4.51,1.04,8.78,34.74
581,257459885,-629.39,-739.75,-453.12,-5.49,1.71,8.29,34.93
582,257463944,-634.77,-739.75,-449.71,-6.16,2.32,8.11,34.55
583,257467993,-636.72,-741.21,-448.73,-5.73,2.56,7.87,34.64
584,257473787,-633.79,-740.72,-448.24,-4.70,0.98,7.13,34.40
585,257477836,-626.46,-750.00,-452.64,-2.50,-1.46,7.26,34.55
586,257481885,-626.46,-748.05,-451.66,-0.55,-3.11,7.93,34.88
587,257485944,-624.02,-741.70,-445.31,1.89,-5.24,7.80,34.69
588,257489993,-625.98,-739.75,-453.12,3.66,-7.74,7.01,34.64
589,257495787,-619.14,-741.70,-452.64,5.67,-9.82,6.71,34.74
590,257499836,-629.39,-733.40,-452.15,7.74,-10.98,6.16,34.74
591,257503885,-629.39,-730.47,-443.85,8.60,-11.65,5.55,34.88
592,257507944,-629.88,-733.89,-449.22,9.27,-12.32,4.57,34.83
593,257511993,-629.88,-727.54,-452.64,10.12,-12.68,4.27,34.50
594,257517787,-627.93,-722.66,-467.77,12.20,-12.80,3.60,34.93
595,257521836,-615.23,-690.43,-441.41,13.96,-12.74,6.28,34.64
596,257525885,-626.46,-692.38,-428.22,13.23,-13.90,7.26,34.69
597,257529944,-619.63,-694.34,-445.80,12.99,-16.04,7.62,34.64
598,257533993,-625.98,-681.64,-450.20,15.67,-17.01,10.12,34.40
599,257539787,-624.02,-660.16,-444.82,19.57,-17.44,12.74,34.88
600,257543836,-625.00,-653.81,-443.36,24.57,-19.15,15.67,34.40
601,257547885,-620.12,-658.20,-443.85,27.87,-21.95,18.17,34.55
602,257551944,-638.67,-656.74,-424.80,30.67,-24.57,20.79,34.93
603,257555993,-651.37,-662.11,-428.71,33.54,-26.16,21.83,34.64
604,257561787,-664.06,-672.36,-425.29,34.94,-27.74,22.20,34.93
605,257565836,-666.02,-676.76,-421.39,33.66,-29.88,23.05,34.64
606,257569885,-676.76,-693.36,-409.67,29.33,-31.52,23.54,34.40
607,257573944,-694.34,-708.98,-410.64,20.85,-32.32,22.56,34.74
608,257577993,-717.29,-759.77,-457.52,15.30,-32.50,21.65,34.74
609,257583787,-702.64,-750.49,-478.52,16.28,-32.20,19.02,34.83
610,257587836,-687.99,-691.41,-418.95,8.23,-30.06,18.17,34.88
611,257591885,-713.38,-669.43,-353.52,-3.41,-26.04,16.65,34.64
612,257595944,-747.56,-691.41,-365.72,-17.80,-20.30,12.26,34.74
613,257601787,-756.35,-715.82,-406.74,-26.89,-12.68,5.85,34.74
614,257605836,-725.59,-703.12,-465.33,-27.80,-2.26,0.18,34.64
615,257609885,-721.68,-682.13,-475.59,-21.65,4.27,-1.46,34.88
616,257613944,-726.56,-684.57,-474.61,-15.00,7.38,-1.89,34.50
617,257617993,-732.91,-695.31,-463.87,-7.32,7.74,-3.29,34.88
618,257623787,-734.37,-702.64,-456.54,-2.07,5.67,-5.00,34.88
619,257627836,-724.61,-686.52,-447.75,3.60,0.98,-6.22,34.40
620,257631885,-730.96,-682.13,-450.68,8.41,-4.51,-6.46,34.69
621,257635944,-726.07,-680.66,-450.20,11.10,-8.48,-6.52,34.64
622,257639993,-729.49,-678.22,-444.34,13.90,-13.29,-6.52,34.74
623,257645787,-730.47,-674.32,-441.41,15.55,-16.89,-6.22,34.74
624,257649836,-728.03,-666.02,-442.38,15.67,-19.45,-5.67,34.69
625,257653885,-729.49,-667.97,-443.36,14.45,-19.57,-5.06,34.69
626,257657944,-733.40,-673.83,-441.89,13.23,-18.60,-4.76,34.64
627,257661993,-734.86,-675.78,-440.43,11.34,-16.10,-4.02,34.69
628,257667787,-736.82,-673.83,-445.31,10.30,-13.60,-3.60,34.74
629,257671836,-737.79,-674.80,-455.57,7.99,-10.49,-2.38,34.64
630,257675885,-731.45,-679.20,-460.45,6.46,-9.21,-1.40,34.64
631,257679944,-734.86,-684.57,-455.08,5.12,-7.56,-0.49,34.93
632,257683993,-735.84,-685.55,-454.59,4.09,-6.40,0.49,34.55
633,257689787,-731.93,-684.08,-460.94,4.02,-5.43,1.65,34.50
634,257693836,-735.35,-689.45,-458.50,3.60,-4.63,2.99,34.40
635,257697885,-737.30,-690.43,-452.64,2.80,-4.76,3.23,34.74
636,257701944,-743.65,-697.75,-458.50,1.46,-5.06,3.60,34.88
637,257705993,-754.39,-700.68,-455.57,-0.18,-5.12,3.17,34.64
638,257711787,-755.37,-709.47,-451.66,-0.98,-4.39,2.20,34.40
639,257715836,-764.65,-715.82,-454.10,-1.16,-2.44,0.43,34.74
640,257719885,-762.21,-714.84,-461.43,-0.55,-0.91,-0.73,34.64
641,257723944,-760.25,-716.80,-462.40,1.16,0.91,-1.28,34.88
642,257727993,-760.25,-721.68,-465.33,3.66,1.52,-1.77,34.40
643,257733787,-763.18,-730.96,-466.80,6.28,0.91,-2.44,34.69
644,257737836,-757.32,-739.26,-465.33,9.02,-0.73,-2.87,34.74
645,257741885,-760.25,-740.23,-468.75,10.73,-2.38,-2.68,34.50
646,257745944,-758.30,-747.07,-464.84,12.32,-4.09,-2.32,34.74
647,257749993,-763.67,-756.84,-466.31,13.23,-5.49,-2.68,34.74
648,257755787,-761.23,-751.95,-463.87,13.78,-7.20,-2.32,34.93
649,257759836,-763.67,-758.30,-472.17,15.06,-7.50,-2.07,34.74
650,257763885,-764.65,-755.86,-474.61,15.85,-7.74,-1.65,34.64
651,257767944,-768.55,-761.23,-471.68,15.79,-6.46,-1.34,34.69
652,257771993,-776.37,-763.18,-476.07,15.85,-4.88,-0.98,34.93
653,257777787,-772.95,-776.86,-486.82,15.67,-2.56,-0.43,34.69
654,257781836,-778.32,-780.76,-478.03,14.82,0.18,-0.91,34.88
655,257785885,-776.86,-775.88,-473.63,13.48,1.04,-0.85,34.40
656,257789944,-777.34,-788.09,-478.52,11.16,0.79,-0.98,34.69
657,257793993,-789.55,-798.83,-488.77,10.06,1.89,-1.77,34.64
658,257799787,-786.62,-791.50,-489.26,9.39,1.77,-2.20,34.74
659,257803836,-792.48,-808.59,-492.19,8.78,1.89,-2.13,34.93
660,257807885,-806.15,-820.80,-493.16,9.21,2.74,-1.83,34.40
661,257811944,-815.43,-812.50,-486.33,8.78,3.41,-2.87,34.69
662,257817787,-816.41,-816.89,-489.75,8.29,5.00,-3.35,34.74
663,257821836,-819.82,-813.48,-486.82,10.00,6.71,-4.02,34.74
664,257825885,-825.20,-809.08,-476.07,10.18,8.90,-5.67,34.74
665,257829944,-838.38,-797.36,-467.29,9.33,11.83,-7.74,34.50
666,257833993,-835.45,-822.75,-479.00,8.72,15.37,-11.77,34.64
667,257839787,-826.17,-813.96,-483.40,8.90,17.56,-14.21,34.93
668,257843836,-806.64,-814.45,-486.82,10.06,18.90,-16.10,34.50
669,257847885,-802.25,-811.04,-481.93,11.89,19.27,-17.74,34.74
670,257851944,-795.41,-805.66,-465.33,13.96,19.70,-19.27,34.50
671,257855993,-798.83,-812.01,-471.19,16.65,20.12,-21.46,34.50
672,257861787,-781.74,-808.11,-471.19,19.63,20.91,-24.09,34.55
673,257865836,-753.42,-779.30,-472.17,24.82,23.90,-26.04,34.93
674,257869885,-753.42,-770.51,-458.01,30.06,26.59,-25.79,34.69
675,257873944,-739.75,-764.65,-435.55,33.17,27.87,-26.46,34.64
676,257877993,-740.23,-750.98,-420.41,32.74,28.11,-29.27,34.64
677,257883787,-729.98,-779.30,-437.99,32.38,26.71,-31.28,34.64
678,257887836,-704.10,-775.88,-438.96,34.33,26.52,-29.21,34.40
679,257891885,-692.87,-747.56,-428.71,34.33,26.95,-26.89,34.88
680,257895944,-692.38,-725.59,-410.16,31.34,28.41,-27.32,35.03
681,257899993,-693.36,-743.16,-380.86,29.82,27.62,-26.16,34.69
682,257905787,-685.06,-748.54,-369.14,27.87,25.61,-25.49,34.64
683,257909836,-656.74,-728.03,-379.39,23.66,25.37,-25.12,34.69
684,257913885,-644.04,-712.89,-380.37,20.91,26.83,-24.94,35.03
685,257917944,-646.48,-725.59,-358.89,18.11,26.95,-23.11,34.74
686,257921993,-658.69,-724.61,-354.49,16.16,26.59,-23.54,34.50
687,257927787,-658.69,-714.84,-351.07,14.21,27.01,-24.94,34.74
688,257931836,-637.21,-700.68,-356.93,12.68,25.67,-24.51,34.50
689,257935885,-630.37,-701.66,-355.96,12.13,23.84,-23.96,34.64
690,257939944,-631.84,-694.34,-346.19,12.62,21.22,-23.23,34.69
691,257943993,-641.60,-696.78,-344.73,14.21,17.07,-22.93,34.83
692,257949787,-637.70,-690.92,-358.40,16.52,13.35,-22.99,34.64
693,257953836,-631.84,-686.52,-375.00,22.07,11.34,-23.05,34.74
694,257957885,-620.61,-684.57,-375.49,25.30,10.24,-22.99,34.64
695,257961944,-619.14,-684.57,-374.02,28.23,8.23,-22.26,34.74
696,257965993,-614.75,-677.73,-369.14,30.85,6.71,-22.50,34.36
697,257971787,-604.49,-673.34,-364.75,31.34,5.24,-21.83,34.64
698,257975836,-619.14,-683.59,-364.75,30.61,3.90,-22.62,34.88
699,257979885,-612.79,-688.48,-375.49,30.61,4.76,-24.27,34.64
700,257983944,-598.14,-659.67,-375.00,30.67,6.89,-24.76,34.64
701,257987993,-592.77,-655.27,-366.70,27.50,9.21,-24.88,34.74
702,257993787,-592.77,-657.23,-358.89,23.05,11.71,-25.67,34.64
703,257997836,-586.91,-642.09,-339.36,17.62,15.12,-27.44,34.64
704,258001885,-576.17,-634.28,-339.36,14.15,17.80,-28.84,34.64
705,258005944,-575.20,-633.30,-341.80,12.07,21.52,-30.18,34.74
706,258009993,-567.38,-631.84,-345.70,11.28,24.88,-31.65,34.74
707,258015787,-551.27,-608.40,-337.40,13.41,27.50,-32.38,34.93
708,258019836,-567.38,-641.60,-330.08,10.12,24.76,-33.05,34.88
709,258023885,-512.70,-593.75,-384.77,15.85,20.06,-31.04,34.40
710,258027944,-503.42,-595.21,-378.42,21.16,16.83,-25.61,35.07
711,258033787,-537.11,-630.37,-365.23,22.50,14.09,-22.38,34.88
712,258037836,-533.69,-642.09,-333.01,18.35,10.67,-22.32,34.64
713,258041885,-526.86,-618.65,-322.27,15.98,7.44,-22.01,34.69
714,258045944,-520.02,-632.32,-342.29,14.94,4.82,-22.20,34.31
715,258049993,-506.84,-641.11,-363.28,14.51,3.35,-22.68,34.74
716,258054042,-510.25,-630.37,-362.30,15.37,5.91,-23.23,34.74
717,258059787,-511.72,-624.02,-337.89,15.73,10.24,-23.41,34.88
718,258063836,-518.07,-630.86,-324.71,13.66,15.49,-25.12,34.64
719,258067885,-504.39,-625.49,-332.52,12.56,18.84,-26.95,34.74
720,258071944,-485.35,-621.09,-345.70,14.33,21.22,-27.74,34.50
721,258077787,-466.31,-618.16,-346.19,16.89,20.91,-26.83,34.31
722,258081836,-461.43,-626.46,-348.63,18.29,19.39,-25.37,34.69
723,258085885,-458.98,-629.39,-338.87,19.51,18.35,-23.84,34.88
724,258089944,-462.40,-637.21,-324.22,19.63,17.01,-22.80,34.50
725,258093993,-459.96,-636.23,-319.34,19.21,15.30,-21.83,34.64
726,258099787,-457.52,-642.09,-322.75,17.74,13.72,-21.83,34.64
727,258103836,-447.75,-642.58,-314.45,14.15,12.01,-21.89,34.64
728,258107885,-444.82,-632.81,-311.52,12.20,11.83,-22.13,34.74
729,258111944,-443.36,-621.09,-313.96,9.45,12.80,-22.20,34.69
730,258115993,-443.36,-626.95,-314.45,8.17,14.09,-21.95,34.69
731,258121787,-439.45,-623.05,-317.38,7.38,15.98,-20.85,34.64
732,258125836,-451.17,-630.86,-307.13,6.77,18.48,-19.21,34.64
733,258129885,-451.17,-626.95,-298.34,6.04,18.60,-18.54,34.64
734,258133944,-449.22,-615.72,-296.39,3.96,17.26,-17.56,34.55
735,258137993,-443.85,-616.21,-301.76,3.17,15.00,-16.46,34.40
736,258143787,-445.31,-620.12,-301.27,3.29,12.87,-15.18,34.50
737,258147836,-446.29,-612.79,-298.83,3.29,10.43,-14.02,34.55
738,258151885,-453.61,-617.19,-307.62,3.17,8.84,-13.35,34.88
739,258155944,-448.73,-627.44,-315.92,3.84,7.56,-13.41,34.93
740,258159993,-450.68,-624.51,-307.13,4.94,6.46,-12.50,34.64
741,258165787,-439.94,-614.26,-308.11,6.52,5.18,-11.10,34.74
742,258169836,-450.68,-618.16,-305.66,7.38,3.78,-10.79,34.93
743,258173885,-453.61,-635.74,-311.52,8.35,3.05,-10.49,34.69
744,258177944,-453.61,-639.65,-311.04,8.54,3.84,-11.40,34.64
745,258181993,-440.43,-624.51,-313.96,8.41,2.26,-11.10,34.40
746,258187787,-435.06,-629.88,-324.22,9.15,2.50,-10.00,34.69
747,258191836,-444.34,-632.32,-313.48,9.39,2.62,-9.09,34.93
748,258195885,-440.43,-631.35,-322.75,9.76,2.74,-8.11,34.69
749,258199944,-450.20,-633.30,-322.75,10.30,5.73,-7.74,34.64
750,258203993,-443.36,-637.21,-313.48,8.72,6.34,-7.13,34.55
751,258209787,-444.34,-636.23,-305.66,6.83,6.77,-7.32,34.69
752,258213836,-455.08,-637.70,-297.36,6.04,6.95,-6.65,34.64
753,258217885,-458.50,-642.58,-294.92,5.85,7.13,-6.65,34.55
754,258221944,-463.38,-638.67,-290.04,6.77,7.44,-5.55,34.64
755,258225993,-468.26,-641.60,-296.88,7.20,7.44,-4.45,34.83
756,258231787,-466.31,-643.55,-292.97,7.38,7.01,-3.29,35.03
757,258235836,-469.73,-650.88,-292.48,6.46,5.98,-1.52,34.69
758,258239885,-465.82,-656.25,-287.60,5.85,4.51,-1.22,34.50
759,258243944,-469.24,-667.48,-291.02,5.37,2.07,-0.55,34.69
760,258247993,-475.59,-666.99,-287.11,5.30,-0.37,-0.24,34.69
761,258253787,-481.45,-679.20,-290.53,5.06,-2.07,-0.30,34.93
762,258257836,-482.91,-687.50,-292.48,5.85,-2.50,-0.12,34.64
763,258261885,-487.30,-682.62,-303.71,5.98,-2.44,0.24,34.64
764,258265944,-486.33,-686.52,-311.04,6.40,-2.20,1.40,34.74
765,258271787,-492.68,-690.43,-308.59,7.38,-2.99,2.44,34.64
766,258275836,-489.75,-680.18,-289.06,7.20,-4.09,2.87,34.64
767,258279885,-499.02,-682.13,-290.53,6.83,-5.37,2.74,34.74
768,258283944,-500.98,-692.38,-303.22,6.28,-5.73,3.05,34.40
769,258287993,-502.44,-687.01,-308.59,5.79,-6.40,3.54,34.64
770,258293787,-504.39,-691.89,-306.64,5.37,-5.91,4.09,34.88
771,258297836,-516.60,-714.84,-302.25,5.79,-5.85,4.21,34.69
772,258301885,-513.18,-708.98,-309.08,6.04,-6.04,4.57,34.74
773,258305944,-507.32,-692.87,-320.80,5.91,-5.49,5.06,34.55
774,258309993,-509.28,-700.20,-328.12,6.52,-4.57,6.28,34.93
775,258315787,-505.37,-684.57,-309.57,5.91,-3.23,7.07,34.93
776,258319836,-520.02,-707.52,-310.55,4.15,-2.13,6.95,34.83
777,258323885,-519.04,-694.34,-296.88,2.50,-1.59,6.65,34.83
778,258327944,-501.95,-689.94,-283.69,-0.18,-0.91,6.65,34.74
779,258331993,-513.67,-701.66,-294.92,-2.56,-0.30,7.07,34.64
780,258337787,-519.53,-708.50,-307.62,-3.17,0.73,6.71,34.50
781,258341836,-512.21,-707.03,-299.80,-2.26,1.40,6.04,34.36
782,258345885,-508.30,-708.50,-293.46,-1.77,0.98,5.91,34.69
783,258349944,-506.84,-702.64,-296.88,-0.79,0.12,5.30,34.93
784,258353993,-507.81,-698.73,-297.36,0.30,-0.55,5.37,34.36
785,258359787,-507.32,-699.22,-291.50,1.16,-1.59,5.67,34.64
786,258363836,-495.61,-687.99,-280.76,1.40,-3.11,6.10,34.74
787,258367885,-494.63,-684.57,-279.79,1.40,-3.96,6.04,35.03
788,258371944,-494.14,-679.20,-278.32,1.04,-4.88,6.34,34.74
789,258375993,-489.26,-673.34,-271.97,0.55,-5.73,6.40,34.50
790,258381787,-487.30,-666.99,-269.04,-0.37,-5.55,6.40,34.50
791,258385836,-483.40,-650.88,-259.77,-1.83,-5.18,6.34,34.74
792,258389885,-475.59,-641.11,-254.39,-2.20,-4.76,7.20,34.88
793,258393944,-481.45,-627.93,-250.98,-2.26,-4.70,7.80,34.69
794,258397993,-480.96,-624.51,-248.54,-1.77,-4.82,8.35,34.31
795,258403787,-480.47,-612.30,-229.98,-0.79,-5.30,8.66,34.74
796,258407836,-482.42,-584.96,-216.80,0.37,-6.10,9.39,34.64
797,258411885,-485.84,-577.64,-217.77,0.67,-6.89,10.61,34.64
798,258415944,-479.49,-557.13,-200.68,1.65,-7.74,12.26,34.74
799,258419993,-473.14,-541.50,-187.01,2.01,-10.67,14.76,34.69
800,258425787,-490.23,-560.55,-196.29,-0.12,-12.93,17.62,34.64
801,258429836,-493.16,-532.71,-181.64,0.06,-15.61,19.63,34.74
802,258433885,-489.75,-527.83,-161.62,0.12,-17.38,21.83,34.88
803,258437944,-483.89,-535.64,-163.57,-1.77,-20.49,24.82,34.88
804,258441993,-494.63,-537.60,-182.13,-3.72,-22.50,26.77,34.64
805,258447787,-480.96,-514.65,-181.15,-4.33,-21.65,28.17,34.93
806,258451836,-484.86,-516.11,-167.48,-7.32,-20.91,31.46,34.74
807,258455885,-490.23,-514.65,-170.90,-11.10,-20.55,32.74,34.64
808,258459944,-486.33,-515.62,-180.66,-14.88,-20.73,33.96,34.74
809,258463993,-483.89,-507.81,-183.11,-18.05,-22.26,35.43,35.03
810,258469787,-491.21,-502.44,-198.73,-20.43,-24.21,36.22,34.64
811,258473836,-494.14,-503.42,-206.54,-22.56,-26.52,37.38,34.69
812,258477885,-489.75,-490.72,-217.77,-23.29,-27.26,38.84,34.64
813,258481944,-496.58,-494.14,-230.47,-23.35,-27.68,40.37,34.83
814,258487787,-506.84,-487.30,-234.37,-22.56,-27.87,40.98,34.74
815,258491836,-508.79,-484.37,-243.65,-21.59,-29.15,40.18,34.83
816,258495885,-505.37,-481.45,-253.91,-20.98,-30.73,39.70,34.88
817,258499944,-512.70,-478.52,-252.44,-20.37,-32.38,39.88,34.64
818,258503993,-520.51,-480.96,-258.79,-20.00,-34.09,40.61,34.74
819,258509787,-523.93,-480.96,-265.14,-19.39,-35.06,40.98,35.07
820,258513836,-531.25,-489.75,-269.04,-18.23,-35.30,41.65,34.88
821,258517885,-530.27,-494.14,-269.04,-16.52,-35.61,42.07,34.74
822,258521944,-530.27,-487.79,-278.81,-15.06,-35.61,42.80,34.69
823,258525993,-532.23,-508.30,-287.60,-13.17,-35.55,43.48,34.55
824,258531787,-537.60,-509.28,-291.50,-10.79,-35.00,44.51,34.74
825,258535836,-540.04,-517.58,-280.27,-10.24,-34.51,45.73,34.88
826,258539885,-544.92,-527.34,-283.20,-10.61,-35.00,46.71,34.64
827,258543944,-555.66,-539.55,-293.46,-11.16,-34.88,47.87,34.93
828,258547993,-559.08,-553.22,-299.32,-11.46,-34.15,49.70,34.64
829,258553787,-563.48,-559.08,-300.78,-12.74,-32.44,51.40,34.50
830,258557836,-571.29,-577.15,-303.71,-16.10,-31.83,53.05,34.74
831,258561885,-575.20,-585.94,-306.15,-19.21,-31.95,53.90,34.74
832,258565944,-582.03,-598.14,-323.73,-21.95,-31.10,54.76,35.03
833,258569993,-588.87,-609.86,-327.15,-24.02,-29.57,55.18,34.69
834,258575787,-602.54,-626.46,-323.24,-25.98,-27.44,55.12,34.55
835,258579836,-615.23,-633.30,-334.47,-28.17,-25.61,54.70,34.40
836,258583885,-620.12,-648.44,-343.26,-28.96,-25.00,54.63,34.88
837,258587944,-625.00,-666.99,-356.45,-28.96,-24.57,54.70,34.64
838,258591993,-626.95,-673.34,-354.98,-28.29,-24.63,55.00,34.74
839,258597787,-641.60,-680.66,-354.98,-28.35,-24.57,55.73,34.69
840,258601836,-656.74,-708.01,-396.97,-29.94,-29.45,55.18,34.74
841,258605885,-654.79,-718.75,-420.90,-29.39,-31.04,55.91,34.88
842,258609944,-673.34,-729.49,-425.29,-26.71,-30.24,56.95,34.74
843,258613993,-698.24,-738.77,-414.55,-24.76,-29.45,57.32,34.40
844,258619787,-728.52,-755.86,-412.11,-24.09,-29.82,55.61,34.64
845,258623836,-742.19,-786.13,-436.04,-22.13,-29.70,53.48,34.93
846,258627885,-748.54,-787.11,-437.99,-20.98,-30.55,52.80,34.74
847,258631944,-760.74,-799.32,-451.66,-21.71,-32.44,52.32,34.88
848,258635993,-781.25,-813.48,-464.84,-19.57,-33.54,53.05,34.93
849,258641787,-815.92,-840.82,-470.70,-18.11,-33.48,53.35,34.88
850,258645836,-851.56,-882.32,-527.83,-10.98,-32.26,51.71,34.88
851,258649885,-871.09,-867.68,-502.93,-5.91,-29.09,49.39,34.69
852,258653944,-881.84,-826.66,-470.21,-3.90,-26.65,45.12,34.74
853,258657993,-867.68,-890.14,-420.41,-15.91,-25.85,41.71,34.55
854,258663787,-866.21,-885.74,-479.49,-16.95,-27.26,46.40,34.64
855,258667836,-885.25,-926.76,-538.09,-15.37,-28.90,48.05,34.69
856,258671885,-926.76,-911.62,-528.32,-9.70,-26.59,46.04,34.64
857,258675944,-928.22,-933.59,-476.07,-14.88,-24.33,40.98,34.74
858,258679993,-927.25,-912.11,-503.42,-12.26,-19.88,40.98,34.74
859,258685787,-946.29,-928.22,-484.37,-15.12,-12.74,38.78,35.03
860,258689836,-953.12,-942.38,-472.17,-21.16,-5.91,36.77,35.22
861,258693885,-966.31,-932.62,-494.14,-23.35,-3.84,35.37,34.69
862,258697944,-972.66,-938.96,-538.09,-22.93,-3.72,31.40,34.88
863,258703787,-963.38,-958.01,-535.16,-20.91,-0.12,28.29,34.83
864,258707836,-966.80,-942.87,-510.25,-19.94,3.96,27.01,34.74
865,258711885,-962.40,-936.04,-510.25,-20.91,4.45,24.51,34.69
866,258715944,-962.89,-945.31,-522.46,-21.34,3.96,22.07,34.40
867,258719993,-948.24,-945.80,-536.13,-18.41,3.11,19.27,34.88
868,258725787,-943.85,-939.94,-523.93,-15.18,4.02,16.65,34.64
869,258729836,-948.24,-945.80,-507.81,-12.20,3.90,13.84,34.40
870,258733885,-948.24,-945.31,-509.28,-9.70,3.78,10.30,34.88
871,258737944,-933.59,-932.13,-512.21,-7.74,3.66,7.07,34.40
872,258741993,-915.53,-918.46,-507.81,-5.37,3.78,4.02,34.69
873,258747787,-903.81,-907.71,-501.46,-2.74,5.61,1.83,34.50
874,258751836,-891.11,-887.70,-485.84,-1.46,7.01,-1.22,34.83
875,258755885,-880.37,-878.42,-477.54,-0.55,7.93,-3.35,34.64
876,258759944,-871.09,-872.07,-464.36,-0.49,8.41,-4.57,34.69
877,258763993,-871.09,-863.77,-448.73,-0.98,8.17,-6.77,34.74
878,258769787,-861.33,-850.10,-438.48,-1.52,8.54,-8.78,34.36
879,258773836,-845.70,-828.12,-431.64,-1.83,9.27,-10.85,34.74
880,258777885,-826.17,-810.55,-425.78,-1.46,9.82,-11.16,34.74
881,258781944,-812.50,-796.39,-408.69,-1.59,10.18,-9.94,34.64
882,258785993,-812.01,-790.53,-400.88,-1.77,10.61,-8.05,34.93
883,258791787,-812.01,-785.64,-403.81,-1.22,9.45,-7.62,34.69
884,258795836,-809.08,-771.00,-401.86,0.91,6.65,-9.63,34.64
885,258799885,-796.39,-755.37,-391.60,1.95,4.76,-9.57,34.64
886,258803944,-785.64,-753.91,-380.37,3.29,1.52,-8.90,34.74
887,258807993,-788.57,-747.07,-375.98,4.15,-1.22,-8.29,34.64
888,258813787,-778.81,-734.37,-376.95,4.45,-2.99,-7.87,34.64
889,258817836,-771.48,-737.30,-375.49,4.63,-4.09,-6.52,34.69
890,258821885,-772.46,-735.84,-371.09,5.67,-4.63,-5.91,34.88
891,258825944,-756.35,-721.19,-372.07,6.46,-5.06,-5.00,34.74
892,258829993,-758.79,-710.45,-366.70,6.22,-4.33,-3.78,34.55
893,258835787,-756.84,-692.87,-362.79,5.12,-3.72,-2.87,34.93
894,258839836,-753.42,-697.27,-345.21,3.78,-2.80,-2.68,34.74
895,258843885,-759.28,-689.94,-339.84,2.44,-2.26,-3.29,34.64
896,258847944,-761.72,-686.52,-342.77,0.55,-2.07,-4.76,34.88
897,258851993,-758.30,-675.29,-342.77,-0.06,-1.89,-6.95,34.69
898,258857787,-742.68,-666.50,-347.66,0.49,-2.07,-7.32,34.74
899,258861836,-741.21,-659.67,-345.21,3.17,-3.17,-7.56,34.74
900,258865885,-744.14,-659.67,-342.29,4.27,-4.76,-7.44,34.88
901,258869944,-747.56,-664.55,-345.21,5.61,-6.16,-7.87,34.64
902,258873993,-732.91,-663.57,-346.68,7.44,-8.05,-7.74,34.69
903,258879787,-732.91,-657.71,-341.80,9.51,-10.18,-7.32,34.88
904,258883836,-732.42,-652.83,-341.80,11.71,-12.80,-7.07,34.69
905,258887885,-733.89,-650.88,-338.38,14.21,-14.82,-6.65,34.50
906,258891944,-735.35,-658.69,-334.47,16.59,-16.95,-6.59,34.88
907,258895993,-735.84,-657.23,-333.01,19.63,-18.72,-7.01,34.93
908,258901787,-740.23,-655.27,-331.05,22.07,-19.21,-8.11,34.64
909,258905836,-740.72,-653.32,-326.66,24.94,-19.94,-10.30,34.64
910,258909885,-741.21,-659.67,-322.27,26.71,-20.24,-11.34,34.50
911,258913944,-753.42,-663.57,-319.34,29.33,-20.67,-13.11,34.88
912,258919787,-741.70,-658.69,-313.96,32.01,-21.89,-14.63,34.64
913,258923836,-741.21,-666.99,-318.85,36.46,-23.48,-15.73,34.64
914,258927885,-743.65,-669.92,-324.71,40.91,-25.43,-16.95,34.83
915,258931944,-743.16,-681.64,-324.22,44.51,-26.71,-17.99,34.36
916,258935993,-754.39,-694.34,-318.36,48.78,-27.87,-19.51,34.88
917,258940042,-753.42,-695.80,-313.96,53.35,-29.63,-22.38,34.88
918,258945787,-748.05,-701.17,-313.96,57.74,-31.95,-24.39,34.50
919,258949836,-741.21,-692.38,-307.13,65.18,-34.82,-27.13,34.93
920,258953885,-735.35,-685.55,-302.25,70.61,-36.83,-27.20,34.74
921,258957944,-749.51,-690.43,-277.83,75.79,-39.70,-27.68,34.74
922,258963787,-764.65,-727.05,-290.53,81.40,-40.43,-30.00,34.64
923,258967836,-791.50,-744.63,-287.60,90.30,-42.74,-35.61,34.69
924,258971885,-776.86,-741.21,-274.90,96.83,-45.98,-37.62,34.83
925,258975944,-769.53,-738.28,-269.53,101.28,-48.72,-38.48,34.88
926,258979993,-780.27,-745.12,-262.21,107.01,-51.65,-40.67,34.64
927,258985787,-776.86,-769.53,-259.28,111.83,-54.15,-44.02,34.93
928,258989836,-740.23,-791.02,-247.56,116.34,-56.52,-44.63,34.50
929,258993885,-760.25,-809.57,-242.68,120.61,-58.60,-44.39,34.64
930,258997944,-761.72,-812.50,-212.89,124.76,-59.76,-46.46,34.88
931,259001993,-755.37,-840.33,-200.20,129.82,-61.10,-46.22,34.88
932,259007787,-763.67,-809.57,-173.34,131.77,-61.52,-46.65,34.64
933,259011836,-790.53,-800.29,-157.23,130.06,-59.33,-55.18,34.88
934,259015885,-808.11,-807.62,-157.23,131.34,-57.20,-63.17,34.83
935,259019944,-807.13,-834.47,-156.25,135.61,-55.67,-74.88,34.64
936,259023993,-785.64,-852.05,-164.06,142.99,-55.37,-84.51,34.69
937,259029787,-765.62,-856.93,-162.60,153.17,-54.94,-88.41,34.83
938,259033836,-773.44,-866.70,-138.18,164.02,-56.52,-91.40,34.40
939,259037885,-778.81,-866.21,-131.35,170.37,-57.44,-93.48,34.93
940,259041944,-772.95,-853.03,-124.02,177.01,-58.96,-96.77,34.64
941,259045993,-767.58,-871.09,-129.88,185.30,-59.76,-97.74,34.50
942,259051787,-752.93,-903.32,-130.86,194.33,-62.01,-98.90,34.74
943,259055836,-776.37,-872.56,-100.10,205.00,-63.90,-102.74,34.93
944,259059885,-791.50,-866.70,-86.91,211.22,-65.00,-108.60,34.83
945,259063944,-783.20,-869.63,-35.64,214.09,-65.30,-119.33,34.93
946,259067993,-739.26,-852.54,21.48,209.51,-65.67,-127.87,34.64
947,259073787,-708.50,-894.53,34.18,199.45,-63.11,-128.84,34.64
948,259077836,-657.23,-908.69,6.35,187.38,-55.55,-129.27,34.64
949,259081885,-609.86,-877.93,55.66,182.20,-50.18,-125.06,35.03
950,259085944,-604.00,-884.28,120.61,172.99,-44.27,-117.56,34.69
951,259089993,-623.05,-919.92,142.09,160.06,-41.22,-114.39,34.93
952,259095787,-625.49,-919.92,116.70,148.17,-35.61,-115.06,34.74
953,259099836,-596.68,-890.14,112.30,139.33,-25.85,-115.67,34.64
954,259103885,-589.84,-869.63,101.07,135.24,-19.45,-116.34,34.64
955,259107944,-594.24,-879.88,87.89,133.78,-11.59,-117.99,34.64
956,259111993,-589.84,-889.65,77.64,138.05,-6.04,-122.44,34.74
957,259117787,-577.64,-887.21,94.24,146.22,-2.32,-126.46,34.74
958,259121836,-559.57,-881.84,111.82,155.24,-3.84,-127.62,34.93
959,259125885,-547.85,-877.44,78.61,163.48,-6.28,-126.77,34.88
960,259129944,-530.27,-871.09,55.18,176.40,-8.29,-125.06,34.88
961,259133993,-510.25,-853.52,61.52,190.49,-12.74,-122.07,34.64
962,259139787,-511.72,-833.98,67.87,205.30,-15.73,-120.37,34.64
963,259143836,-530.76,-819.34,111.33,219.09,-20.98,-123.72,34.74
964,259147885,-512.70,-809.57,151.86,225.43,-24.57,-127.32,34.69
965,259151944,-481.45,-787.60,194.82,228.29,-27.80,-128.60,34.40
966,259157787,-455.08,-769.04,222.66,225.61,-29.09,-126.16,34.50
967,259161836,-427.73,-767.09,272.95,216.22,-27.62,-120.00,34.64
968,259165885,-412.11,-773.44,306.15,203.05,-24.09,-113.78,34.88
969,259169944,-375.49,-760.25,330.57,190.24,-21.71,-107.38,34.64
970,259173993,-348.63,-755.86,337.89,172.50,-16.16,-96.22,34.88
971,259179787,-335.45,-742.68,320.31,155.24,-9.57,-82.50,34.93
972,259183836,-339.84,-723.14,311.04,137.13,0.43,-68.48,34.74
973,259187885,-358.89,-725.59,305.66,125.43,7.93,-59.70,34.64
974,259191944,-387.21,-744.63,290.04,119.88,13.60,-56.22,34.74
975,259195993,-400.39,-766.60,298.34,115.85,18.90,-55.12,34.93
976,259201787,-400.39,-755.37,292.48,115.61,21.83,-54.57,34.69
977,259205836,-385.25,-724.61,302.25,114.94,25.98,-53.78,34.64
978,259209885,-380.86,-727.05,306.64,113.23,27.13,-53.66,34.88
979,259213944,-377.93,-718.75,303.22,112.32,26.65,-53.29,34.93
980,259217993,-375.00,-709.96,295.41,112.80,23.78,-53.17,34.93
981,259223787,-364.26,-714.36,311.04,113.72,19.63,-52.93,34.50
982,259227836,-355.47,-734.86,354.00,114.02,12.74,-51.77,34.50
983,259231885,-351.56,-736.33,375.49,112.74,9.94,-48.78,34.74
984,259235944,-363.28,-730.96,399.90,107.93,8.05,-44.02,34.93
985,259239993,-360.35,-717.77,420.41,98.23,8.78,-40.24,34.55
986,259245787,-364.26,-711.43,424.80,86.52,10.61,-37.44,34.69
987,259249836,-357.42,-717.29,415.53,73.29,12.38,-34.51,34.64
988,259253885,-352.54,-726.07,414.55,66.46,13.41,-32.01,34.64
989,259257944,-354.49,-728.03,416.50,59.45,13.96,-28.23,34.88
990,259261993,-357.91,-735.84,424.32,52.80,13.66,-24.33,34.64
991,259267787,-356.93,-749.02,424.32,47.62,12.87,-19.82,34.50
992,259271836,-365.23,-759.28,422.36,44.27,10.61,-14.33,34.64
993,259275885,-378.42,-771.97,404.79,43.41,8.35,-11.52,34.93
994,259279944,-381.84,-767.09,379.88,45.18,3.60,-9.82,34.93
995,259283993,-388.18,-767.09,367.19,49.57,0.43,-8.60,34.64
996,259289787,-412.60,-780.76,360.35,55.55,-2.93,-8.78,34.88
997,259293836,-427.73,-794.92,384.28,62.68,-9.33,-12.80,34.93
998,259297885,-428.22,-781.74,397.46,66.34,-13.84,-15.18,34.50
999,259301944,-411.13,-780.76,404.30,67.99,-17.50,-17.62,34.74
1000,259305993,-407.71,-779.30,403.81,67.99,-18.96,-16.95,34.64
1001,259311787,-399.41,-774.41,410.64,66.04,-17.87,-14.51,34.64
1002,259315836,-413.57,-774.90,425.29,61.52,-14.15,-12.74,34.74
1003,259319885,-423.83,-778.81,454.10,56.71,-11.71,-13.60,34.55
1004,259323944,-425.78,-779.79,473.63,48.41,-7.50,-13.54,35.07
1005,259327993,-418.95,-766.11,479.00,37.20,-2.87,-13.23,34.88
1006,259333787,-403.81,-750.98,474.12,24.94,3.11,-12.87,34.74
1007,259337836,-396.48,-747.07,460.94,11.77,10.67,-11.16,34.64
1008,259341885,-394.04,-744.63,452.15,5.06,14.02,-9.76,34.64
1009,259345944,-400.39,-753.91,441.89,-0.49,16.59,-7.62,35.07
1010,259349993,-402.83,-759.28,437.99,-3.78,17.26,-6.59,35.03
1011,259355787,-405.76,-750.98,437.99,-6.34,17.87,-6.16,34.83
1012,259359836,-412.11,-759.77,436.04,-5.79,19.02,-4.70,34.64
1013,259363885,-406.25,-773.44,428.71,-5.06,17.62,-4.76,34.50
1014,259367944,-404.79,-771.97,412.60,-1.89,14.57,-4.51,34.88
1015,259373787,-405.76,-776.86,397.95,4.02,11.59,-4.39,34.74
1016,259377836,-408.20,-791.02,403.81,12.56,7.26,-5.73,34.93
1017,259381885,-402.34,-790.04,409.18,19.33,3.41,-8.11,34.88
1018,259385944,-402.34,-780.27,417.48,23.35,0.24,-9.21,34.64
1019,259389993,-404.79,-779.30,428.71,26.52,-2.99,-10.43,34.64
1020,259395787,-402.83,-787.60,436.52,27.62,-5.73,-11.28,34.64
1021,259399836,-392.09,-784.18,452.64,26.65,-7.20,-9.45,34.83
1022,259403885,-387.21,-778.81,462.40,24.21,-6.71,-7.62,34.64
1023,259407944,-386.72,-773.44,474.61,19.63,-5.12,-5.91,34.74
1024,259411993,-386.72,-763.67,477.05,12.74,-2.32,-4.76,34.64
1025,259417787,-388.18,-756.35,470.21,4.57,1.04,-4.09,34.64
1026,259421836,-377.44,-760.25,477.54,-2.93,5.00,-1.71,34.74
1027,259425885,-371.09,-755.37,473.63,-9.09,8.78,1.59,34.93
1028,259429944,-386.72,-755.37,454.10,-14.15,11.52,3.29,34.74
1029,259433993,-388.18,-754.88,434.08,-18.48,14.70,3.35,35.03
1030,259439787,-389.16,-753.91,426.76,-21.34,17.50,2.74,34.50
1031,259443836,-388.18,-749.02,436.04,-23.05,18.29,2.62,34.50
1032,259447885,-385.74,-749.02,445.80,-23.96,17.80,3.05,34.64
1033,259451944,-388.67,-753.91,447.75,-25.30,16.71,3.17,34.88
1034,259455993,-384.28,-765.14,440.43,-26.65,15.55,3.72,34.69
1035,259461787,-385.25,-771.97,432.62,-26.89,14.63,4.51,34.69
1036,259465836,-385.25,-772.95,419.43,-26.83,13.41,6.71,34.36
1037,259469885,-387.21,-776.37,416.02,-26.52,12.99,7.93,34.69
1038,259473944,-392.09,-773.44,411.62,-25.49,12.62,9.51,35.07
1039,259477993,-391.11,-767.09,416.02,-24.27,11.22,10.55,34.64
1040,259483787,-397.95,-763.67,412.60,-23.96,10.67,10.43,34.69
1041,259487836,-403.81,-771.97,401.86,-25.49,9.94,9.88,34.69
1042,259491885,-401.86,-772.46,399.41,-26.22,10.91,10.98,34.93
1043,259495944,-399.41,-771.48,399.90,-26.95,12.01,12.99,34.88
1044,259499993,-404.30,-766.60,406.25,-29.27,14.02,14.33,34.50
1045,259505787,-400.39,-750.00,405.76,-33.78,16.65,16.04,34.93
1046,259509836,-404.79,-739.75,389.65,-39.70,20.61,16.46,34.88
1047,259513885,-406.74,-747.07,394.53,-43.60,23.66,16.16,34.74
1048,259517944,-408.69,-753.91,399.41,-49.33,27.01,15.85,34.93
1049,259521993,-401.37,-750.49,403.81,-56.22,30.12,15.85,34.74
1050,259527787,-394.04,-747.07,394.53,-63.84,34.09,16.65,34.55
1051,259531836,-386.23,-738.77,382.32,-73.41,39.02,19.09,34.88
1052,259535885,-398.44,-755.86,369.63,-78.96,42.38,20.61,34.69
1053,259539944,-399.41,-763.18,363.28,-84.33,45.37,21.52,34.64
1054,259543993,-398.44,-759.28,360.84,-88.35,46.89,22.13,35.03
1055,259549787,-398.44,-747.07,353.03,-92.20,47.99,24.15,34.69
1056,259553836,-401.86,-734.37,344.73,-96.71,48.54,26.65,34.74
1057,259557885,-404.79,-744.63,344.73,-99.76,48.78,27.87,34.40
1058,259561944,-416.50,-752.93,328.61,-102.32,47.93,29.51,34.64
1059,259565993,-420.90,-766.60,328.12,-103.23,46.28,31.40,34.69
1060,259571787,-422.85,-765.62,319.82,-103.11,44.63,33.41,34.93
1061,259575836,-417.48,-761.72,299.32,-103.48,43.23,34.45,34.74
1062,259579885,-417.97,-753.42,281.25,-102.80,42.74,35.24,34.64
1063,259583944,-426.27,-753.42,280.27,-101.46,41.83,36.77,34.74
1064,259589787,-441.89,-758.79,283.69,-101.46,40.24,38.29,34.74
1065,259593836,-443.85,-757.81,285.64,-103.72,38.78,38.90,34.83
1066,259597885,-436.04,-757.81,281.74,-107.62,38.54,39.57,34.74
1067,259601944,-442.87,-760.25,271.97,-111.71,38.60,40.85,34.55
1068,259605993,-438.48,-755.37,270.02,-117.56,40.24,43.17,34.88
1069,259611787,-441.41,-750.49,265.14,-124.57,42.32,45.67,34.93
1070,259615836,-447.27,-751.46,244.63,-135.12,45.98,48.11,34.74
1071,259619885,-450.68,-750.49,233.40,-144.57,49.57,49.94,34.74
1072,259623944,-455.08,-757.32,224.12,-151.89,52.01,51.10,34.50
1073,259627993,-456.05,-765.62,209.96,-161.16,55.24,52.80,34.74
1074,259633787,-457.52,-761.23,200.20,-170.91,58.41,54.39,34.83
1075,259637836,-458.98,-749.51,182.13,-183.78,60.85,57.99,34.74
1076,259641885,-458.98,-751.95,167.97,-193.35,61.71,61.71,34.74
1077,259645944,-469.73,-754.39,141.11,-200.73,61.40,65.12,34.88
1078,259649993,-479.98,-762.21,106.93,-208.11,60.43,68.41,34.69
1079,259655787,-487.79,-753.42,88.38,-213.29,59.15,72.26,34.64
1080,259659836,-512.21,-762.21,58.11,-216.22,58.17,77.62,34.93
1081,259663885,-541.99,-783.20,35.64,-216.77,56.59,78.90,34.69
1082,259667944,-556.64,-768.55,7.32,-215.06,51.71,77.01,34.74
1083,259671993,-565.92,-776.37,-17.09,-214.21,47.62,74.21,34.93
1084,259677787,-574.71,-795.90,-40.04,-211.46,43.84,71.04,34.50
1085,259681836,-586.91,-826.17,-63.48,-205.85,38.17,67.74,34.50
1086,259685885,-588.87,-815.92,-62.99,-202.87,34.45,66.16,34.88
1087,259689944,-590.82,-800.29,-66.41,-201.22,30.73,65.67,34.83
1088,259693993,-608.40,-802.73,-62.99,-200.24,27.93,67.56,34.40
1089,259699787,-616.70,-801.27,-62.99,-200.49,25.37,68.11,34.50
1090,259703836,-633.79,-803.22,-74.71,-202.50,23.05,67.87,34.64
1091,259707885,-645.51,-802.73,-90.33,-203.96,22.32,66.59,34.64
1092,259711944,-659.18,-814.45,-121.09,-203.11,21.52,64.39,34.88
1093,259715993,-674.80,-820.31,-136.23,-200.73,21.04,60.98,34.64
1094,259721787,-675.78,-827.15,-146.97,-198.29,19.39,58.11,34.74
1095,259725836,-693.85,-835.94,-178.22,-193.48,16.89,55.37,34.74
1096,259729885,-716.31,-851.56,-204.10,-189.39,15.18,52.50,34.93
1097,259733944,-732.91,-865.72,-216.80,-183.35,11.40,47.32,34.55
1098,259737993,-736.33,-857.42,-221.68,-176.52,8.48,42.07,34.74
1099,259743787,-740.23,-852.05,-212.40,-169.63,6.52,35.67,34.88
1100,259747836,-756.35,-864.26,-201.66,-164.15,4.21,24.63,34.64
1101,259751885,-764.65,-887.21,-190.43,-163.35,3.23,16.16,34.74
1102,259755944,-738.28,-908.69,-184.08,-165.49,4.70,8.72,34.69
1103,259759993,-707.52,-882.32,-169.43,-171.95,8.66,3.90,34.93
1104,259765787,-662.11,-840.33,-151.86,-182.07,14.39,2.44,34.88
1105,259769836,-636.23,-813.48,-140.62,-197.26,23.05,5.24,34.74
1106,259773885,-634.28,-796.87,-150.88,-208.60,28.90,8.05,34.69
1107,259777944,-634.77,-789.55,-161.62,-221.46,35.55,9.63,34.74
1108,259781993,-638.67,-777.83,-173.83,-232.99,41.71,10.61,34.93
1109,259787787,-623.05,-762.70,-210.45,-242.20,47.50,12.68,34.88
1110,259791836,-595.70,-731.93,-249.51,-249.21,53.78,15.37,34.69
1111,259795885,-580.57,-719.73,-287.60,-251.65,56.28,16.77,34.40
1112,259799944,-574.71,-725.10,-320.31,-252.74,58.11,19.21,34.74
1113,259805787,-589.36,-716.80,-369.63,-246.16,54.76,19.45,34.88
1114,259809836,-599.61,-723.14,-407.71,-234.15,49.88,17.32,34.74
1115,259813885,-605.47,-710.94,-415.04,-224.51,43.23,12.44,34.93
1116,259817944,-609.86,-699.22,-421.39,-217.32,37.26,8.54,34.55
1117,259821993,-596.19,-695.80,-422.36,-209.21,29.57,2.93,34.88
1118,259826042,-584.47,-694.34,-418.46,-202.62,23.72,0.24,34.88
1119,259831787,-560.06,-690.43,-407.23,-199.51,19.57,0.79,34.83
1120,259835836,-545.41,-671.39,-402.34,-199.76,16.95,7.07,35.07
1121,259839885,-529.30,-652.83,-402.83,-201.52,17.87,12.38,34.64
1122,259843944,-530.76,-645.02,-397.95,-204.88,20.24,18.66,34.64
1123,259849787,-536.13,-643.07,-410.64,-208.66,23.90,24.09,34.93
1124,259853836,-558.59,-635.25,-446.78,-210.61,31.16,27.26,34.74
1125,259857885,-568.85,-633.79,-444.82,-212.07,36.95,26.04,34.69
1126,259861944,-560.55,-619.14,-435.55,-213.78,40.06,24.57,34.93
1127,259865993,-543.46,-607.91,-440.43,-216.95,42.38,25.06,34.50
1128,259871787,-537.11,-598.63,-457.52,-217.87,43.05,26.16,34.93
1129,259875836,-521.48,-575.20,-498.54,-215.00,40.91,28.17,34.64
1130,259879885,-522.46,-576.66,-522.46,-209.39,38.78,30.79,34.74
1131,259883944,-545.90,-583.01,-562.99,-201.16,37.74,31.46,34.74
1132,259887993,-568.36,-576.17,-565.43,-189.51,36.77,27.80,34.64
1133,259893787,-580.57,-571.29,-563.48,-179.82,32.50,20.18,34.55
1134,259897836,-556.64,-550.29,-572.75,-168.29,23.96,11.59,34.69
1135,259901885,-537.11,-545.90,-592.77,-160.61,17.93,8.17,34.64
1136,259905944,-518.55,-558.11,-623.54,-150.30,10.37,7.13,34.69
1137,259909993,-503.42,-566.41,-646.00,-138.72,4.39,9.51,34.50
1138,259915787,-500.00,-560.55,-669.43,-124.82,0.06,14.39,34.40
1139,259919836,-526.37,-569.34,-668.95,-109.21,-2.74,17.07,34.64
1140,259923885,-532.71,-575.20,-667.48,-101.46,-6.10,16.04,34.74
1141,259927944,-520.51,-574.71,-668.95,-93.11,-9.88,15.12,34.93
1142,259931993,-506.35,-579.59,-679.69,-85.06,-12.32,16.71,34.55
1143,259937787,-508.79,-583.50,-683.11,-77.01,-12.93,20.12,34.50
1144,259941836,-527.34,-608.40,-700.20,-67.99,-12.20,23.48,34.88
1145,259945885,-541.99,-612.30,-712.40,-62.26,-10.91,24.88,34.93
1146,259949944,-556.64,-624.51,-709.96,-56.40,-9.21,24.21,34.74
1147,259953993,-566.41,-629.88,-714.84,-51.22,-7.56,21.46,34.74
1148,259959787,-583.98,-647.46,-710.45,-46.65,-7.01,17.74,34.64
1149,259963836,-593.26,-676.27,-705.57,-42.13,-7.13,13.17,34.74
1150,259967885,-588.87,-673.34,-695.31,-39.57,-7.74,11.65,35.07
1151,259971944,-583.01,-669.43,-690.92,-36.95,-7.68,11.77,34.69
1152,259975993,-581.54,-672.36,-682.13,-34.94,-5.55,12.50,34.64
1153,259981787,-587.40,-677.73,-682.13,-33.05,-1.77,15.00,34.74
1154,259985836,-608.89,-678.71,-686.04,-28.48,3.54,17.32,34.64
1155,259989885,-632.32,-682.62,-700.68,-22.74,6.10,17.26,34.69
1156,259993944,-659.18,-681.64,-712.89,-13.41,9.09,14.15,34.93
1157,259997993,-675.78,-687.50,-712.89,-1.95,9.57,8.96,34.83
1158,260003787,-680.18,-691.41,-717.29,10.79,7.62,1.71,34.69
1159,260007836,-674.32,-682.62,-693.36,24.94,3.41,-5.00,34.64
1160,260011885,-673.83,-689.94,-683.11,32.50,-0.55,-6.71,34.50
1161,260015944,-673.34,-704.10,-668.95,41.22,-5.37,-6.89,34.74
1162,260019993,-681.64,-700.20,-657.23,47.44,-9.39,-4.76,34.88
1163,260025787,-680.18,-682.62,-639.16,50.61,-13.72,-1.16,34.88
1164,260029836,-692.38,-684.57,-639.65,52.68,-16.95,2.87,34.64
1165,260033885,-713.87,-697.27,-632.81,53.29,-19.02,4.09,34.64
1166,260037944,-717.29,-691.41,-621.58,52.93,-20.24,4.02,34.88
1167,260043787,-719.24,-680.66,-611.82,50.61,-20.43,4.33,34.88
1168,260047836,-724.12,-681.15,-609.86,46.22,-19.88,3.96,34.83
1169,260051885,-726.07,-673.83,-609.86,39.88,-18.84,2.74,34.69
1170,260055944,-725.10,-675.78,-607.42,35.06,-17.32,1.71,34.40
1171,260059993,-719.73,-661.13,-608.89,28.90,-15.24,0.24,35.03
1172,260065787,-717.29,-659.18,-599.61,21.52,-13.11,-0.43,34.93
1173,260069836,-710.94,-666.50,-610.35,14.21,-9.76,-0.24,34.88
1174,260073885,-705.57,-667.97,-618.65,9.33,-5.24,0.55,34.69
1175,260077944,-706.05,-649.41,-640.62,6.83,-1.71,0.30,34.64
1176,260081993,-714.36,-630.37,-655.76,6.65,1.22,-0.73,34.93
1177,260087787,-715.33,-623.05,-666.99,8.17,2.87,-4.57,34.64
1178,260091836,-723.63,-618.65,-668.95,12.01,3.23,-10.98,34.74
1179,260095885,-708.50,-611.33,-664.06,17.01,2.74,-16.10,35.03
1180,260099944,-684.57,-602.54,-657.23,21.10,1.52,-19.21,34.93
1181,260103993,-667.48,-609.38,-656.74,26.89,-0.37,-20.91,34.88
1182,260109787,-649.90,-605.47,-664.55,33.60,-1.89,-20.61,34.40
1183,260113836,-643.55,-597.66,-657.23,42.99,-3.72,-19.70,34.40
1184,260117885,-645.51,-595.21,-652.83,49.63,-5.18,-19.70,34.74
1185,260121944,-646.97,-594.73,-627.44,56.89,-7.56,-20.98,34.88
1186,260125993,-649.41,-592.29,-612.30,62.44,-10.61,-23.17,34.69
1187,260131787,-648.44,-601.07,-595.21,66.40,-12.74,-26.10,34.83
1188,260135836,-630.37,-602.05,-580.08,68.11,-14.09,-28.29,34.64
1189,260139885,-624.02,-598.14,-552.73,66.71,-14.39,-27.87,34.64
1190,260143944,-617.19,-595.70,-535.16,62.93,-14.63,-25.85,34.69
1191,260147993,-614.75,-599.12,-521.00,57.93,-15.00,-23.17,34.40
1192,260153787,-624.02,-598.63,-511.72,51.83,-15.67,-21.34,34.36
1193,260157836,-633.30,-617.68,-504.88,42.80,-18.96,-22.50,34.64
1194,260161885,-628.42,-613.28,-502.44,36.59,-20.73,-22.44,34.93
1195,260165944,-604.98,-618.65,-512.70,29.02,-21.52,-20.79,34.64
1196,260169993,-604.98,-622.56,-522.95,23.05,-20.67,-17.32,34.55
1197,260175787,-604.00,-629.39,-545.90,19.02,-18.54,-13.35,34.69
1198,260179836,-610.35,-622.56,-577.64,19.76,-16.10,-10.67,34.69
1199,260183885,-614.26,-610.35,-574.22,21.77,-15.30,-10.55,34.74
1200,260187944,-618.16,-612.79,-570.31,24.39,-14.70,-12.01,34.83
1201,260191993,-618.16,-615.23,-575.20,27.93,-14.15,-14.09,34.74
1202,260197787,-609.38,-617.68,-584.96,32.13,-13.78,-16.40,34.93
1203,260201836,-600.10,-611.82,-576.66,36.65,-12.93,-16.71,34.64
1204,260205885,-601.07,-607.91,-570.80,38.41,-13.05,-16.46,34.64
1205,260209944,-607.42,-606.45,-562.01,40.24,-13.66,-17.01,34.74
1206,260213993,-604.98,-604.00,-555.66,40.91,-13.72,-17.99,34.50
1207,260219787,-600.59,-613.28,-558.11,41.28,-14.02,-17.80,34.88
1208,260223836,-594.24,-608.89,-562.50,42.74,-12.87,-17.01,34.88
1209,260227885,-604.49,-615.72,-556.64,43.41,-11.34,-16.34,34.50
1210,260231944,-633.79,-617.19,-555.66,43.11,-9.57,-17.50,34.74
1211,260235993,-636.23,-618.16,-557.13,43.05,-7.32,-23.60,34.64
1212,260241787,-615.72,-632.32,-522.95,41.52,-4.76,-27.01,34.64
1213,260245836,-579.10,-626.95,-516.60,35.73,-2.68,-22.87,34.88
1214,260249885,-577.64,-621.58,-508.30,31.04,-1.83,-17.99,34.64
1215,260253944,-579.59,-625.49,-509.28,24.57,-0.55,-12.68,34.74
1216,260259787,-574.22,-622.07,-497.07,16.83,0.37,-6.40,34.93
1217,260263836,-592.29,-609.38,-508.30,7.32,2.01,0.06,34.74
1218,260267885,-604.00,-598.14,-514.16,0.61,2.99,1.10,34.69
1219,260271944,-595.70,-588.87,-518.07,-4.51,3.41,1.16,34.64
1220,260275993,-587.40,-585.94,-521.97,-10.43,3.23,2.01,34.93
1221,260281787,-577.64,-581.54,-523.93,-14.94,3.78,4.45,34.69
1222,260285836,-577.15,-569.82,-528.81,-19.51,5.73,7.87,34.74
1223,260289885,-581.05,-566.41,-539.06,-21.83,6.04,10.00,34.64
1224,260293944,-583.98,-567.38,-550.78,-22.44,6.40,11.10,34.93
1225,260297993,-594.24,-567.38,-565.92,-20.67,5.43,10.55,34.69
1226,260303787,-590.33,-560.06,-568.85,-17.68,4.39,9.02,34.74
1227,260307836,-594.24,-567.38,-574.71,-13.66,2.38,6.22,35.07
1228,260311885,-590.82,-561.04,-569.34,-9.39,0.43,3.90,34.88
1229,260315944,-585.94,-569.82,-566.41,-6.16,-0.91,2.74,34.74
1230,260319993,-590.33,-575.20,-565.92,-2.44,-3.60,1.71,34.74
1231,260325787,-593.26,-574.22,-557.13,1.40,-5.24,0.43,34.83
1232,260329836,-592.77,-562.99,-550.78,4.88,-5.61,-1.40,34.74
1233,260333885,-588.87,-560.55,-547.85,6.52,-5.79,-2.87,34.55
1234,260337944,-583.50,-561.52,-541.02,7.99,-5.91,-4.33,34.88
1235,260341993,-585.45,-567.87,-540.53,9.63,-5.18,-5.49,35.03
1236,260347787,-583.98,-567.87,-530.76,10.79,-4.02,-6.28,34.83
1237,260351836,-582.52,-564.94,-520.02,12.13,-2.07,-6.83,34.69
1238,260355885,-580.08,-568.36,-520.02,12.99,-0.06,-7.13,35.07
1239,260359944,-572.75,-566.89,-511.72,13.35,2.62,-6.28,34.69
1240,260363993,-565.43,-569.82,-506.35,12.93,4.15,-5.37,34.74
1241,260369787,-583.01,-572.27,-494.14,11.34,4.33,-5.49,34.74
1242,260373836,-570.80,-581.54,-476.07,8.41,3.72,-6.16,34.69
1243,260377885,-562.01,-581.05,-480.47,6.16,2.68,-5.55,34.74
1244,260381944,-562.01,-582.52,-489.26,4.45,1.89,-4.88,34.88
1245,260385993,-561.04,-570.80,-488.28,3.41,2.26,-4.63,34.50
1246,260391787,-559.08,-572.27,-487.79,2.99,2.38,-4.09,34.93
1247,260395836,-557.62,-589.36,-497.07,3.66,1.40,-3.72,34.69
1248,260399885,-560.55,-581.05,-493.16,4.76,0.30,-3.29,34.69
1249,260403944,-562.01,-588.38,-486.33,5.67,-1.71,-2.99,34.93
1250,260407993,-566.41,-587.89,-485.84,5.61,-3.17,-2.38,34.74
1251,260413787,-568.36,-590.33,-489.26,5.61,-3.48,-2.68,34.74
1252,260417836,-568.36,-593.26,-495.12,5.55,-3.84,-2.13,34.83
1253,260421885,-563.48,-584.47,-493.16,4.94,-4.02,-1.71,34.93
1254,260425944,-566.41,-577.15,-493.16,5.06,-4.27,-1.52,34.50
1255,260429993,-562.50,-586.43,-490.72,5.24,-4.33,-1.22,34.74
1256,260435787,-579.59,-585.45,-489.75,4.39,-4.45,-1.52,34.69
1257,260439836,-573.24,-580.57,-491.70,2.74,-4.33,-1.65,34.88
1258,260443885,-570.31,-583.98,-498.54,1.65,-3.84,-1.40,34.64
1259,260447944,-571.78,-577.15,-494.14,-0.12,-3.29,-0.67,34.88
1260,260451993,-572.27,-579.10,-495.12,-1.52,-3.05,-0.43,34.74
1261,260457787,-574.71,-577.64,-497.56,-2.74,-3.11,0.18,34.83
1262,260461836,-578.12,-577.64,-506.35,-3.96,-3.41,0.85,34.64
1263,260465885,-577.64,-577.64,-507.32,-4.15,-3.60,1.28,34.64
1264,260469944,-575.20,-579.10,-513.67,-4.70,-3.48,2.13,34.64
1265,260475787,-580.08,-579.59,-518.07,-4.76,-2.87,2.87,35.17
1266,260479836,-583.50,-588.87,-517.58,-4.39,-2.68,3.96,34.74
1267,260483885,-589.84,-585.94,-518.55,-3.78,-3.05,4.76,34.64
1268,260487944,-591.31,-589.84,-519.53,-3.23,-3.35,5.06,34.64
1269,260491993,-589.36,-594.73,-521.97,-2.87,-3.17,5.37,34.74
1270,260497787,-589.84,-598.63,-524.90,-2.44,-3.66,5.98,34.64
1271,260501836,-602.05,-607.91,-524.41,-2.80,-4.21,6.16,34.74
1272,260505885,-604.00,-607.91,-521.97,-2.56,-4.76,5.79,34.93
1273,260509944,-608.40,-609.86,-517.09,-2.26,-4.94,5.61,34.64
1274,260513993,-603.03,-613.28,-530.27,-1.65,-5.18,5.49,34.74
1275,260519787,-604.98,-618.16,-526.86,-0.43,-5.24,5.85,34.74
1276,260523836,-605.96,-621.09,-528.81,0.55,-5.67,6.77,34.74
1277,260527885,-614.26,-630.86,-525.88,0.61,-5.91,6.89,34.74
1278,260531944,-618.16,-633.79,-528.81,0.49,-6.04,6.65,35.03
1279,260535993,-608.40,-629.39,-527.34,0.73,-5.37,6.71,35.07
1280,260541787,-623.05,-635.25,-526.86,-0.37,-4.82,6.83,34.50
1281,260545836,-631.84,-646.97,-534.18,-0.79,-4.51,5.30,34.64
1282,260549885,-627.93,-642.58,-529.30,-0.24,-4.33,3.35,34.83
1283,260553944,-621.09,-641.60,-520.51,-0.98,-4.45,2.20,34.69
1284,260557993,-613.77,-641.11,-517.09,-4.09,-4.45,2.26,34.93
1285,260563787,-614.75,-647.46,-515.14,-6.16,-3.05,3.60,34.64
1286,260567836,-625.49,-648.44,-525.39,-8.23,-2.26,4.76,34.50
1287,260571885,-629.39,-653.32,-531.74,-8.41,-2.56,4.39,34.88
1288,260575944,-627.44,-655.27,-529.30,-7.93,-1.83,3.29,34.74
1289,260579993,-633.30,-653.32,-536.62,-6.59,-1.71,2.62,34.69
1290,260585787,-635.25,-652.83,-539.06,-5.18,-2.38,2.20,34.55
1291,260589836,-634.28,-647.46,-548.83,-2.99,-2.93,1.40,34.64
1292,260593885,-627.93,-647.46,-547.85,-1.46,-3.48,1.46,34.74
1293,260597944,-629.88,-650.88,-543.95,-0.06,-4.27,1.46,35.03
1294,260601993,-629.39,-649.90,-542.48,0.73,-4.88,1.10,34.88
1295,260607787,-634.77,-648.44,-542.48,0.98,-4.82,0.73,34.74
1296,260611836,-632.81,-643.07,-541.02,0.73,-4.70,0.43,34.74
1297,260615885,-634.77,-641.60,-540.53,0.43,-4.02,0.55,34.64
1298,260619944,-632.81,-637.70,-536.13,-0.06,-2.68,0.06,34.69
1299,260623993,-632.32,-644.04,-535.64,-0.73,-1.40,-0.30,34.55
1300,260629787,-628.42,-641.11,-535.64,-1.34,-0.85,-0.61,34.69
1301,260633836,-628.91,-631.84,-536.62,-1.34,-0.12,-0.61,34.93
1302,260637885,-622.56,-625.49,-537.11,-0.98,0.24,-0.24,34.93
1303,260641944,-614.75,-625.98,-539.06,-1.04,1.16,-0.49,34.83
1304,260645993,-617.19,-630.37,-529.79,-0.73,0.79,-0.61,34.93
1305,260651787,-615.23,-628.91,-529.30,-0.91,0.18,-0.85,34.74
1306,260655836,-611.33,-629.88,-522.95,-0.61,-0.18,-1.46,34.74
1307,260659885,-611.82,-624.51,-527.83,-0.24,-0.67,-1.89,34.64
1308,260663944,-606.45,-627.44,-525.39,0.55,-0.61,-2.26,34.93
1309,260667993,-600.59,-622.07,-529.79,1.46,-0.55,-2.38,34.93
1310,260673787,-604.98,-623.54,-519.04,2.74,-0.67,-2.38,34.88
1311,260677836,-600.59,-623.05,-519.53,3.23,-0.30,-2.56,34.74
1312,260681885,-603.03,-625.49,-513.18,3.84,-0.30,-2.87,34.55
1313,260685944,-601.56,-630.37,-516.11,3.72,-0.91,-2.87,34.88
1314,260691787,-597.66,-618.65,-513.67,3.11,-1.10,-2.26,34.64
1315,260695836,-602.05,-617.19,-505.86,2.44,-1.52,-1.52,34.93
1316,260699885,-607.42,-620.12,-501.46,1.40,-1.77,-1.89,35.17
1317,260703944,-606.93,-617.68,-503.42,0.00,-1.52,-2.13,34.55
1318,260707993,-600.10,-617.19,-504.88,-0.61,-1.71,-2.07,34.74
1319,260712042,-603.52,-611.33,-510.25,-1.22,-1.22,-1.95,34.74
1320,260717787,-607.42,-613.28,-517.58,-1.83,-1.22,-1.95,34.69
1321,260721836,-600.59,-614.75,-509.77,-1.77,-1.22,-2.07,34.93
1322,260725885,-602.54,-612.79,-512.21,-1.65,-1.28,-1.83,34.93
1323,260729944,-596.19,-611.33,-519.04,-1.22,-1.28,-1.71,34.69
1324,260735787,-594.73,-608.89,-518.55,-0.12,-1.16,-1.65,35.07
1325,260739836,-596.68,-612.79,-517.58,0.91,-0.55,-1.59,34.88
1326,260743885,-591.80,-605.47,-516.11,1.52,0.43,-1.28,34.93
1327,260747944,-599.61,-601.07,-510.74,1.52,0.49,-1.10,34.69
1328,260751993,-602.54,-601.07,-506.84,1.22,0.98,-1.46,34.74
1329,260757787,-600.59,-607.91,-506.35,0.67,0.37,-1.52,34.74
1330,260761836,-598.63,-609.38,-497.07,0.00,0.06,-1.46,34.88
1331,260765885,-598.14,-602.54,-502.93,-0.12,-0.55,-1.40,35.03
1332,260769944,-598.63,-601.07,-504.39,-0.49,-0.85,-1.40,35.07
1333,260773993,-601.07,-602.54,-507.81,-0.73,-1.22,-0.91,34.69
1334,260779787,-595.21,-604.98,-508.30,-1.16,-1.16,-0.61,34.69
1335,260783836,-593.75,-604.98,-514.16,-2.01,-1.40,0.49,34.50
1336,260787885,-596.68,-610.35,-508.30,-2.38,-1.65,0.49,34.88
1337,260791944,-597.17,-612.30,-504.88,-3.41,-1.65,1.10,34.88
1338,260795993,-606.45,-612.79,-505.86,-4.51,-1.46,1.16,34.50
1339,260801787,-601.07,-611.33,-511.23,-5.67,-0.91,1.28,34.74
1340,260805836,-603.03,-623.05,-515.62,-5.98,-0.18,1.65,34.64
1341,260809885,-608.40,-624.02,-521.97,-5.98,0.06,1.77,34.83
1342,260813944,-599.61,-612.30,-516.60,-5.91,-0.30,1.52,34.93
1343,260817993,-607.91,-617.19,-514.65,-6.22,-0.67,1.83,34.83
1344,260823787,-606.93,-622.56,-514.65,-5.73,-1.04,2.13,34.74
1345,260827836,-611.82,-620.12,-523.93,-5.00,-1.71,1.95,34.93
1346,260831885,-606.93,-627.44,-530.27,-4.02,-2.07,1.83,34.88
1347,260835944,-603.52,-628.42,-527.34,-2.74,-2.80,2.50,34.93
1348,260839993,-612.30,-623.05,-528.32,-0.85,-3.05,3.66,34.83
1349,260845787,-618.65,-623.05,-533.69,0.37,-2.38,3.29,35.03
1350,260849836,-616.70,-621.09,-522.95,-1.28,-3.54,3.23,34.88
1351,260853885,-606.93,-606.93,-525.88,-2.01,-3.78,3.60,35.17
1352,260857944,-617.19,-625.00,-538.57,-1.22,-3.72,4.76,34.88
1353,260861993,-618.16,-638.67,-536.62,-1.59,-2.20,3.41,34.93
1354,260867787,-621.58,-620.12,-527.83,-2.44,-0.91,3.48,34.50
1355,260871836,-623.05,-618.65,-531.25,-3.72,0.85,3.41,34.88
1356,260875885,-623.54,-625.49,-526.86,-4.94,1.04,3.41,34.40
1357,260879944,-621.09,-627.44,-534.18,-6.83,0.43,2.99,35.07
1358,260883993,-622.07,-619.14,-539.06,-7.87,0.49,2.38,34.93
1359,260889787,-617.68,-616.70,-531.25,-7.74,0.18,2.50,34.88
1360,260893836,-616.70,-616.70,-537.60,-7.50,0.43,2.07,34.88
1361,260897885,-615.23,-614.75,-542.48,-6.83,0.61,2.07,34.64
1362,260901944,-615.72,-617.68,-539.55,-5.79,0.98,2.38,35.07
1363,260905993,-613.28,-623.05,-533.69,-4.39,1.77,2.26,34.64
1364,260911787,-617.19,-623.05,-530.27,-3.05,1.95,2.07,34.83
1365,260915836,-615.23,-620.61,-526.86,-2.20,1.65,1.71,34.74
1366,260919885,-613.28,-628.42,-528.32,-2.07,1.52,1.28,34.88
1367,260923944,-610.35,-621.09,-524.90,-2.32,1.28,0.30,34.93
1368,260929787,-609.86,-630.37,-527.34,-2.26,1.04,0.24,34.64
1369,260933836,-610.35,-627.93,-520.02,-1.28,0.37,-0.24,34.88
1370,260937885,-609.38,-623.05,-520.02,-1.28,-0.06,-0.12,34.88
1371,260941944,-601.56,-629.39,-522.46,-0.49,-0.43,0.06,34.55
1372,260945993,-600.59,-623.54,-522.95,-0.61,-0.06,0.18,34.69
1373,260951787,-600.59,-624.51,-527.83,-1.04,-0.12,0.55,34.93
1374,260955836,-602.05,-622.56,-521.48,-1.28,0.30,1.34,34.83
1375,260959885,-598.63,-627.93,-521.00,-2.01,0.43,1.22,34.50
1376,260963944,-602.05,-621.58,-522.95,-2.44,0.43,1.34,34.74
1377,260967993,-604.00,-620.61,-530.76,-2.13,0.12,1.34,34.83
1378,260973787,-602.54,-626.46,-521.97,-1.83,0.55,1.34,34.93
1379,260977836,-610.35,-631.35,-518.07,-2.20,0.43,1.10,34.83
1380,260981885,-610.84,-624.02,-522.95,-2.74,0.91,0.67,34.74
1381,260985944,-606.93,-615.72,-523.93,-2.87,0.85,0.67,34.88
1382,260989993,-604.49,-615.23,-527.83,-3.54,1.22,0.98,35.03
1383,260995787,-598.63,-616.21,-523.44,-3.48,1.28,0.98,34.74
1384,260999836,-607.91,-617.19,-521.00,-3.84,1.04,0.61,34.83
1385,261003885,-607.91,-619.63,-521.48,-4.15,1.04,0.24,34.74
1386,261007944,-608.89,-628.42,-523.93,-3.84,0.73,-0.30,34.93
1387,261011993,-604.98,-622.07,-526.37,-3.17,1.28,-0.61,34.93
1388,261017787,-607.91,-612.30,-529.79,-1.77,1.28,-0.43,34.64
1389,261021836,-606.45,-622.56,-532.71,-0.24,1.04,-0.49,34.74
1390,261025885,-605.96,-628.42,-520.51,0.79,0.61,-0.12,34.74
1391,261029944,-604.98,-619.14,-516.11,1.40,-0.18,-0.12,34.93
1392,261033993,-603.52,-613.28,-516.60,1.34,-0.79,-0.43,34.69
1393,261039787,-603.52,-616.21,-526.37,1.77,-1.22,-0.61,34.64
1394,261043836,-594.24,-619.14,-523.44,1.95,-1.34,-0.43,34.69
1395,261047885,-597.17,-610.84,-529.79,2.62,-1.34,0.00,34.88
1396,261051944,-595.70,-612.79,-519.53,2.62,-1.10,0.30,34.74
1397,261055993,-599.12,-614.75,-517.58,2.50,-1.04,0.49,34.64
1398,261061787,-605.96,-613.77,-520.51,2.13,-0.79,0.06,34.88
1399,261065836,-608.89,-616.70,-517.58,1.34,0.06,-0.12,34.93
1400,261069885,-607.91,-624.51,-519.04,0.67,0.61,0.12,35.07
1401,261073944,-604.98,-621.58,-511.23,-0.24,1.40,0.06,34.64
1402,261077993,-607.42,-618.16,-512.21,-1.22,1.34,0.12,34.88
1403,261083787,-604.49,-618.16,-514.65,-2.20,1.10,0.37,34.83
1404,261087836,-611.33,-616.70,-519.53,-3.29,0.55,0.43,34.93
1405,261091885,-608.89,-610.84,-523.44,-3.84,0.49,1.04,34.69
1406,261095944,-606.45,-601.56,-526.37,-4.33,1.16,1.65,34.88
1407,261099993,-604.00,-606.93,-529.30,-5.12,0.85,2.20,34.93
1408,261105787,-609.86,-603.03,-530.76,-5.79,1.22,2.74,34.93
1409,261109836,-607.42,-599.61,-531.74,-6.52,1.89,3.11,34.93
1410,261113885,-608.89,-596.19,-539.06,-6.71,2.26,2.80,34.88
1411,261117944,-609.38,-595.70,-544.43,-6.83,2.87,2.56,34.88
1412,261121993,-610.84,-601.07,-541.50,-6.22,3.78,2.80,34.69
1413,261127787,-606.45,-603.52,-535.16,-5.06,3.72,2.56,34.93
1414,261131836,-610.35,-607.42,-540.04,-4.51,3.78,2.32,34.64
1415,261135885,-609.38,-603.52,-546.39,-4.15,3.54,2.50,34.64
1416,261139944,-603.52,-603.03,-543.95,-3.72,3.05,2.20,34.74
1417,261145787,-604.49,-603.03,-543.95,-2.74,2.50,2.62,35.07
1418,261149836,-601.07,-587.89,-542.97,-1.28,1.89,3.17,35.07
1419,261153885,-606.45,-597.17,-541.02,-1.04,1.59,3.35,34.74
1420,261157944,-606.45,-602.54,-538.57,-1.04,1.40,3.54,34.69
1421,261161993,-605.96,-600.59,-536.62,-1.10,2.01,3.41,34.88
1422,261167787,-614.26,-600.59,-534.18,-1.46,2.62,3.17,34.93
1423,261171836,-613.28,-598.63,-532.23,-2.80,2.44,2.44,34.74
1424,261175885,-605.47,-602.05,-535.16,-2.93,2.38,1.83,34.74
1425,261179944,-602.05,-590.33,-535.16,-3.29,2.01,1.52,34.88
1426,261183993,-599.12,-594.73,-537.60,-3.11,2.01,1.65,34.69
1427,261189787,-599.61,-591.80,-537.11,-2.26,1.52,1.83,34.93
1428,261193836,-604.00,-593.75,-539.06,-0.98,0.85,2.44,34.55
1429,261197885,-598.14,-597.66,-534.67,-0.55,0.18,2.80,34.88
1430,261201944,-598.14,-601.07,-536.62,0.00,-0.12,2.99,34.88
1431,261205993,-598.63,-611.33,-531.25,0.61,-0.37,3.23,34.93
1432,261211787,-597.17,-605.96,-532.71,1.46,-0.06,3.54,34.69
1433,261215836,-601.07,-612.30,-519.04,1.40,0.24,3.78,34.64
1434,261219885,-602.54,-606.93,-518.55,0.49,1.10,3.23,34.93
1435,261223944,-601.56,-615.23,-521.00,-0.91,1.65,2.87,35.07
1436,261227993,-602.05,-618.16,-519.04,-2.07,2.13,2.38,34.93
1437,261233787,-603.03,-612.79,-518.07,-3.29,2.93,1.71,34.64
1438,261237836,-594.24,-608.89,-520.02,-3.96,2.99,1.10,34.74
1439,261241885,-596.68,-606.45,-518.55,-4.21,2.38,1.04,34.64
1440,261245944,-599.61,-611.82,-522.95,-3.41,1.89,1.65,34.69
1441,261249993,-600.10,-615.23,-520.51,-2.56,1.40,1.71,34.83
1442,261255787,-598.63,-612.79,-526.86,-1.95,0.73,1.65,34.64
1443,261259836,-598.14,-611.82,-525.39,-1.16,0.00,2.13,34.55
1444,261263885,-598.14,-618.65,-522.95,-0.61,-1.10,2.50,34.74
1445,261267944,-603.52,-616.21,-516.11,-0.24,-1.28,2.50,35.07
1446,261271993,-604.98,-616.70,-523.93,-0.43,-1.59,2.13,34.55
1447,261277787,-604.00,-613.77,-518.55,-0.79,-1.77,1.95,34.93
1448,261281836,-600.10,-617.19,-527.83,-0.73,-1.59,1.95,34.64
1449,261285885,-601.07,-614.26,-522.95,-0.98,-1.34,2.01,34.93
1450,261289944,-601.56,-610.84,-533.20,-0.85,-1.04,2.32,34.88
1451,261293993,-604.49,-609.86,-530.27,-1.46,-0.79,2.74,34.93
1452,261299787,-607.42,-612.30,-525.88,-2.38,-0.98,2.56,35.03
1453,261303836,-601.56,-609.38,-532.23,-3.05,-0.67,1.95,34.69
1454,261307885,-607.42,-613.77,-535.64,-3.17,-0.12,1.89,34.88
1455,261311944,-608.40,-605.96,-533.69,-2.74,0.43,1.89,34.74
1456,261315993,-610.84,-610.84,-530.76,-2.01,0.73,2.20,35.03
1457,261321787,-609.38,-622.07,-529.30,-1.10,1.04,2.68,34.93
1458,261325836,-615.23,-625.98,-521.00,-0.73,0.55,2.74,34.74
1459,261329885,-622.56,-623.05,-521.00,-1.16,-0.06,2.32,34.64
1460,261333944,-619.63,-623.05,-521.48,-1.52,-0.55,2.26,35.03
1461,261337993,-611.82,-616.21,-520.02,-1.59,-0.91,2.20,34.88
1462,261343787,-609.86,-613.28,-523.93,-1.83,-0.91,2.20,34.93
1463,261347836,-605.96,-621.58,-528.32,-1.46,-1.10,2.13,34.69
1464,261351885,-610.35,-622.56,-524.41,-0.91,-1.52,2.32,34.74
1465,261355944,-612.30,-621.09,-530.76,-0.55,-1.71,2.32,34.74
1466,261361787,-610.84,-619.14,-529.30,-0.30,-1.34,2.01,34.74
1467,261365836,-613.28,-618.16,-526.86,-0.18,-0.85,1.83,34.93
1468,261369885,-613.28,-619.14,-522.46,-0.73,-0.43,1.71,34.93
1469,261373944,-620.12,-622.07,-522.46,-1.04,-0.85,1.71,34.74
1470,261377993,-613.28,-618.65,-529.79,-2.38,-0.43,1.46,34.88
1471,261383787,-617.19,-611.82,-528.81,-2.56,-0.24,1.04,34.88
1472,261387836,-604.49,-615.23,-530.76,-2.56,-0.06,0.91,35.07
1473,261391885,-605.47,-615.23,-531.25,-2.01,-0.24,0.98,35.07
1474,261395944,-611.82,-619.14,-536.62,-1.59,-0.18,0.85,34.55
1475,261399993,-611.82,-613.28,-533.20,-0.91,-0.43,0.67,35.03
1476,261405787,-609.86,-612.79,-535.64,0.00,-1.04,0.73,35.07
1477,261409836,-607.42,-613.77,-536.62,0.73,-1.22,1.16,35.07
1478,261413885,-604.00,-613.77,-541.50,0.61,-1.46,1.59,35.17
1479,261417944,-609.38,-619.63,-536.13,0.67,-1.52,1.77,34.93
1480,261421993,-614.75,-624.02,-533.20,0.12,-2.07,1.59,34.88
1481,261427787,-613.77,-627.93,-528.81,-0.67,-2.38,1.22,34.69
1482,261431836,-611.82,-621.09,-541.50,-0.67,-2.01,0.73,34.69
1483,261435885,-615.72,-623.54,-536.62,-0.18,-1.22,0.49,35.07
1484,261439944,-613.77,-623.05,-539.06,0.37,-0.49,0.24,35.07
1485,261443993,-612.79,-619.63,-536.13,0.43,-0.49,-0.12,34.74
1486,261449787,-612.30,-618.65,-532.71,0.24,-0.55,-0.55,34.36
1487,261453836,-613.28,-615.72,-537.11,0.00,-0.49,-1.04,34.69
1488,261457885,-615.72,-613.77,-538.09,0.06,-0.67,-1.10,34.74
1489,261461944,-615.72,-611.33,-533.20,0.18,-0.79,-1.28,35.07
1490,261465993,-612.30,-607.91,-536.62,0.24,-0.43,-1.16,34.55
1491,261471787,-610.35,-605.96,-534.67,0.06,-0.55,-0.61,34.64
1492,261475836,-616.70,-607.42,-528.32,0.30,-0.73,-0.67,34.74
1493,261479885,-616.70,-606.45,-527.34,-0.37,-0.79,-0.43,35.07
1494,261483944,-618.65,-604.98,-523.44,-1.46,-1.10,-0.73,34.69
1495,261487993,-617.68,-597.66,-523.93,-2.32,-1.10,-0.91,34.55
1496,261493787,-607.42,-599.61,-535.16,-2.68,-1.16,-0.73,34.88
1497,261497836,-615.23,-599.61,-536.13,-2.99,-1.40,-0.30,34.74
1498,261501885,-611.33,-602.05,-538.57,-2.62,-1.16,0.00,34.93
1499,261505944,-607.91,-600.59,-538.57,-2.56,-1.04,0.98,34.88
1500,261509993,-605.47,-602.05,-539.06,-2.07,-0.49,1.22,34.74
1501,261515787,-608.40,-601.07,-537.60,-1.77,0.00,1.10,34.93
1502,261519836,-605.47,-610.35,-536.13,-1.10,0.85,0.37,34.83
1503,261523885,-603.03,-604.98,-533.20,-1.10,1.22,-0.12,34.93
1504,261527944,-599.61,-603.52,-537.11,-0.73,1.28,-0.55,34.64
1505,261531993,-592.77,-600.10,-534.18,0.06,1.28,-1.04,34.88
1506,261537787,-595.21,-602.05,-528.81,0.98,1.16,-1.10,34.74
1507,261541836,-591.31,-599.12,-527.34,2.20,0.91,-1.04,34.88
1508,261545885,-590.33,-599.12,-526.37,2.80,0.30,-0.85,34.83
1509,261549944,-603.03,-600.10,-517.58,2.87,-0.49,-0.37,34.74
1510,261553993,-597.66,-601.07,-519.53,2.74,-1.34,0.06,34.88
1511,261559787,-598.14,-604.00,-516.11,2.07,-1.52,0.18,34.74
1512,261563836,-599.12,-611.33,-521.00,1.46,-2.20,0.85,34.88
1513,261567885,-598.63,-606.45,-518.07,0.91,-2.07,1.04,34.64
1514,261571944,-604.98,-607.42,-526.86,-0.24,-1.83,1.83,34.93
1515,261577787,-600.59,-611.33,-521.97,-1.52,-1.59,1.89,34.74
1516,261581836,-599.61,-608.40,-522.95,-2.80,-1.22,2.20,35.07
1517,261585885,-605.47,-605.96,-530.76,-3.17,-0.91,2.44,34.93
1518,261589944,-604.98,-594.24,-527.83,-3.29,-0.43,2.44,34.64
1519,261593993,-611.33,-610.84,-525.88,-2.93,-0.49,2.32,34.93
1520,261598042,-616.21,-617.68,-525.88,-2.50,-0.43,1.40,34.93
1521,261603787,-616.21,-612.30,-535.16,-2.32,0.00,0.55,34.69
1522,261607836,-604.49,-599.61,-541.02,-1.59,0.37,0.73,35.07
1523,261611885,-605.96,-597.17,-538.57,-0.43,0.00,1.77,34.74
1524,261615944,-612.79,-605.47,-525.88,0.37,-0.85,1.89,35.07
1525,261621787,-623.05,-609.86,-534.67,1.46,-2.32,1.71,34.74
1526,261625836,-623.05,-614.75,-532.71,2.50,-1.22,0.67,34.74
1527,261629885,-611.82,-606.93,-531.25,1.65,-2.62,0.85,35.07
1528,261633944,-612.30,-602.54,-533.20,1.46,-2.87,0.85,34.69
1529,261637993,-612.79,-608.40,-541.50,1.40,-2.87,0.91,34.50
1530,261643787,-605.47,-600.59,-542.48,1.40,-2.20,1.28,34.93
1531,261647836,-615.72,-612.79,-542.97,1.52,-1.10,2.26,34.69
1532,261651885,-615.72,-620.61,-521.97,1.40,0.12,2.13,34.88
1533,261655944,-611.82,-614.75,-520.51,-0.06,-0.18,1.46,34.74
1534,261659993,-607.91,-616.21,-530.76,-1.65,-0.49,1.65,35.07
1535,261665787,-611.33,-617.19,-532.23,-2.50,-0.24,1.40,34.64
1536,261669836,-614.26,-620.61,-525.39,-3.54,0.61,0.85,34.93
1537,261673885,-604.49,-615.72,-521.97,-4.15,0.67,0.18,35.07
1538,261677944,-604.98,-617.68,-525.88,-4.70,0.00,-0.12,34.93
1539,261681993,-603.03,-619.14,-528.32,-3.72,-0.24,-0.55,34.88
1540,261687787,-604.49,-616.21,-524.90,-2.26,-0.67,-0.61,34.64
1541,261691836,-608.40,-608.40,-529.30,-0.85,-0.73,0.00,34.74
1542,261695885,-607.91,-609.86,-525.88,-0.06,-0.73,0.24,34.69
1543,261699944,-615.23,-617.19,-525.39,0.30,-1.22,0.00,34.93
1544,261703993,-615.23,-614.75,-518.55,-0.24,-1.89,-0.18,34.64
1545,261709787,-614.75,-610.35,-520.51,-0.67,-2.32,-0.67,34.64
1546,261713836,-607.42,-610.84,-524.41,-0.91,-2.38,-0.73,35.07
1547,261717885,-606.45,-604.98,-527.83,-1.10,-2.07,-0.49,34.93
1548,261721944,-608.89,-606.93,-527.83,-0.67,-1.89,0.06,34.74
1549,261725993,-614.75,-606.45,-530.27,-0.73,-1.52,0.49,34.64
1550,261731787,-614.75,-609.86,-527.34,-1.04,-1.40,0.43,34.69
1551,261735836,-611.82,-605.47,-528.81,-1.71,-1.34,-0.49,34.83
1552,261739885,-608.40,-601.07,-536.13,-2.38,-1.71,-1.10,35.17
1553,261743944,-605.96,-596.68,-541.02,-2.32,-0.85,-1.16,35.07
1554,261747993,-602.54,-596.68,-538.09,-1.77,-0.37,-0.61,34.93
1555,261753787,-604.49,-599.12,-538.09,-0.43,-0.49,-0.43,34.93
1556,261757836,-608.89,-596.19,-539.06,0.61,-0.61,0.06,34.93
1557,261761885,-608.40,-598.14,-534.67,1.40,-0.98,0.49,34.64
1558,261765944,-613.77,-597.66,-531.25,1.83,-0.98,0.43,34.93
1559,261769993,-611.33,-607.42,-531.74,1.83,-1.28,0.79,34.88
1560,261775787,-612.30,-604.98,-528.81,1.40,-1.28,1.04,34.88
1561,261779836,-616.70,-595.70,-524.41,0.37,-1.59,0.98,34.74
1562,261783885,-616.21,-593.26,-528.32,-0.06,-1.46,1.04,34.64
1563,261787944,-611.33,-595.70,-528.81,-0.85,-1.16,0.67,34.93
1564,261791993,-610.35,-599.12,-527.83,-1.52,-0.43,1.10,34.88
1565,261797787,-605.47,-598.14,-525.39,-1.65,-0.24,0.43,34.74
1566,261801836,-609.38,-599.61,-525.88,-2.01,-0.06,0.37,34.74
1567,261805885,-604.49,-589.84,-526.37,-2.07,0.18,0.18,34.55
1568,261809944,-604.00,-596.19,-531.74,-1.46,0.30,0.61,34.83
1569,261815787,-600.10,-592.77,-534.18,-1.16,0.43,0.85,34.93
1570,261819836,-605.96,-593.26,-523.93,-0.37,-0.18,1.04,34.93
1571,261823885,-610.84,-596.19,-526.37,-0.43,-1.22,1.28,34.69
1572,261827944,-605.47,-593.75,-530.76,0.24,-1.46,1.65,34.74
1573,261831993,-605.96,-595.70,-534.18,0.85,-1.89,1.65,34.69
1574,261837787,-604.00,-593.75,-526.37,1.40,-2.20,1.89,34.93
1575,261841836,-613.77,-587.89,-527.83,1.04,-2.62,1.89,34.93
1576,261845885,-606.93,-589.84,-528.81,0.91,-2.32,2.07,34.93
1577,261849944,-603.03,-590.33,-527.83,0.98,-2.38,1.71,34.74
1578,261853993,-604.98,-595.70,-526.86,0.73,-2.80,2.07,34.93
1579,261859787,-605.47,-600.10,-528.32,0.61,-2.74,2.20,34.88
1580,261863836,-607.91,-595.70,-531.25,0.73,-2.87,2.44,34.93
1581,261867885,-612.30,-596.68,-528.81,0.49,-2.07,2.74,34.88
1582,261871944,-608.40,-599.12,-535.16,0.30,-1.65,2.87,35.03
1583,261875993,-604.00,-594.73,-534.67,0.00,-1.46,2.80,34.88
1584,261881787,-601.07,-595.21,-536.62,-0.30,-1.46,3.48,34.74
1585,261885836,-614.75,-607.42,-530.27,-0.49,-1.77,3.66,34.83
1586,261889885,-613.77,-604.98,-536.62,-0.61,-1.71,3.78,34.93
1587,261893944,-614.26,-608.40,-538.57,-0.73,-1.28,3.48,34.88
1588,261897993,-612.79,-608.89,-534.18,-0.91,-1.16,3.29,34.88
1589,261903787,-614.26,-612.30,-539.06,-1.28,-0.85,3.41,34.50
1590,261907836,-622.56,-609.38,-527.34,-1.71,-0.37,2.99,34.74
1591,261911885,-622.07,-615.72,-533.20,-2.01,-0.18,2.87,34.93
1592,261915944,-619.63,-617.68,-525.39,-1.77,-0.55,2.01,34.74
1593,261919993,-619.63,-614.26,-535.64,-1.89,-0.37,1.22,34.74
1594,261925787,-614.26,-608.40,-539.55,-1.16,0.12,1.59,34.50
1595,261929836,-619.14,-614.26,-533.20,-0.73,0.37,0.79,34.69
1596,261933885,-621.58,-623.05,-531.25,0.12,-0.24,0.55,34.93
1597,261937944,-614.26,-610.84,-530.76,0.91,-0.61,-0.12,34.93
1598,261941993,-606.45,-605.47,-536.62,1.89,-1.10,0.30,34.64
1599,261947787,-604.00,-605.47,-535.64,2.26,-1.22,0.73,34.93
1600,261951836,-614.26,-604.49,-531.74,2.38,-0.91,1.34,35.07
1601,261955885,-614.75,-611.33,-523.93,1.95,-0.85,1.65,34.55
1602,261959944,-619.63,-613.77,-523.93,0.67,-1.28,1.59,34.93
1603,261963993,-620.12,-610.84,-521.97,-0.67,-0.98,1.34,34.74
1604,261969787,-611.82,-613.28,-529.79,-1.10,-0.91,1.34,34.74
1605,261973836,-616.21,-608.40,-528.81,-1.89,-0.55,1.52,34.83
1606,261977885,-608.89,-606.45,-529.79,-2.38,0.06,1.77,34.74
1607,261981944,-609.86,-612.79,-534.67,-3.05,0.85,1.65,35.03
1608,261985993,-607.91,-613.77,-530.76,-3.11,0.98,1.52,34.88
1609,261991787,-608.89,-606.93,-537.60,-3.29,0.49,1.59,35.03
1610,261995836,-610.84,-610.35,-533.69,-2.62,0.06,1.83,35.22
1611,261999885,-617.19,-609.38,-527.83,-2.01,-0.18,1.65,34.55
1612,262003944,-616.21,-613.77,-526.86,-1.34,-0.30,1.28,34.64
1613,262007993,-614.75,-620.12,-530.27,-0.49,-0.79,0.67,34.74
1614,262013787,-615.72,-613.77,-530.27,0.55,-1.16,0.73,34.88
1615,262017836,-608.40,-615.72,-529.79,1.16,-1.65,0.67,34.74
1616,262021885,-616.70,-613.77,-534.67,1.46,-1.65,0.43,34.69
1617,262025944,-613.28,-611.33,-527.83,1.89,-2.38,0.30,34.88
1618,262031787,-612.79,-612.79,-527.83,1.77,-2.44,0.24,34.88
1619,262035836,-615.72,-612.30,-531.25,1.71,-2.20,0.24,34.93
1620,262039885,-617.19,-616.21,-527.34,1.10,-1.89,0.30,34.88
1621,262043944,-613.77,-611.82,-521.00,0.49,-1.83,0.30,34.69
1622,262047993,-610.84,-610.35,-527.34,-0.61,-1.71,0.30,34.83
1623,262053787,-610.35,-607.42,-531.74,-1.52,-1.16,0.85,34.74
1624,262057836,-613.28,-615.23,-526.37,-2.13,-0.85,0.67,34.69
1625,262061885,-618.16,-613.28,-521.48,-2.50,-0.37,0.61,34.88
1626,262065944,-615.23,-613.28,-521.97,-3.23,0.06,0.49,35.03
1627,262069993,-621.58,-613.77,-529.30,-3.72,0.24,-0.12,34.69
1628,262075787,-616.21,-606.45,-527.34,-3.72,-0.12,-0.43,35.41
1629,262079836,-613.28,-601.07,-533.69,-3.17,-0.37,-0.24,35.07
1630,262083885,-608.40,-609.38,-536.13,-2.62,-0.67,0.18,34.74
1631,262087944,-615.23,-607.91,-534.18,-2.13,-0.79,0.49,34.93
1632,262091993,-618.16,-609.38,-532.71,-1.34,-1.22,0.85,34.88
1633,262097787,-623.54,-609.38,-535.64,-1.46,-1.10,0.73,34.69
1634,262101836,-618.65,-602.54,-538.57,-1.59,-1.28,0.49,34.64
1635,262105885,-618.16,-606.93,-540.04,-0.98,-1.04,0.67,35.03
1636,262109944,-616.70,-604.98,-534.67,-0.49,-0.61,0.73,34.88
1637,262113993,-619.14,-606.93,-534.18,-0.06,-0.24,0.67,34.93
1638,262119787,-613.28,-612.79,-533.20,0.06,0.12,0.37,34.69
1639,262123836,-620.61,-608.89,-535.64,-0.06,0.12,0.55,34.74
1640,262127885,-621.58,-607.42,-526.86,0.37,0.43,0.18,34.93
1641,262131944,-619.14,-600.10,-528.81,0.00,0.55,0.06,34.93
1642,262135993,-616.21,-599.12,-530.76,-0.24,0.24,0.24,34.88
1643,262141787,-611.82,-599.61,-531.74,-0.24,0.30,1.04,34.64
1644,262145836,-617.19,-602.54,-531.25,-0.43,0.06,1.40,34.74
1645,262149885,-622.07,-608.89,-523.44,-1.04,0.24,1.40,34.74
1646,262153943,-619.14,-601.07,-526.86,-1.10,-0.30,1.34,34.74
1647,262157993,-611.82,-604.00,-532.23,-1.89,0.12,1.22,34.69
1648,262163787,-609.38,-596.19,-535.16,-1.89,0.61,1.59,34.93
1649,262167836,-611.33,-595.21,-530.27,-1.89,1.71,1.95,34.93
1650,262171885,-605.47,-605.96,-533.69,-1.89,1.95,2.44,34.93
1651,262175943,-612.79,-600.59,-525.88,-1.89,1.89,2.26,34.93
1652,262179993,-613.77,-606.45,-523.44,-2.07,1.22,2.13,35.03
1653,262185787,-613.77,-605.96,-531.74,-1.95,1.22,2.07,35.07
1654,262189836,-609.86,-600.10,-528.32,-1.22,1.46,2.38,35.07
1655,262193885,-607.91,-598.63,-528.32,-0.67,1.46,2.87,35.03
1656,262197943,-606.45,-597.17,-528.81,-0.24,0.79,3.23,34.93
1657,262201993,-612.30,-603.52,-521.97,-0.06,0.37,3.60,34.88
1658,262207787,-615.72,-606.45,-520.51,-0.12,0.61,3.54,34.83
1659,262211836,-620.12,-604.98,-522.95,-1.40,0.49,3.17,35.03
1660,262215885,-616.70,-602.05,-521.48,-1.95,0.73,3.17,34.88
1661,262219943,-615.23,-602.54,-521.48,-3.17,0.79,3.17,34.93
1662,262223993,-617.68,-607.42,-525.39,-3.96,0.67,2.56,34.88
1663,262229787,-616.70,-603.52,-524.41,-4.51,0.73,2.26,34.88
1664,262233836,-622.56,-604.00,-528.32,-4.09,0.85,1.65,35.22
1665,262237885,-616.21,-604.98,-530.76,-3.48,0.98,1.34,34.50
1666,262241943,-617.19,-605.96,-529.30,-2.68,0.49,1.22,34.93
1667,262247787,-617.19,-599.12,-532.71,-1.22,0.30,1.28,34.88
1668,262251836,-618.16,-603.03,-534.67,-0.55,0.12,1.22,34.93
1669,262255885,-618.16,-608.89,-534.67,0.12,-0.37,0.55,35.07
1670,262259943,-615.72,-609.86,-530.76,0.43,-1.04,0.67,34.74
1671,262263993,-613.77,-613.28,-527.34,1.10,-1.46,0.37,34.69
1672,262269787,-619.14,-606.93,-530.76,1.40,-1.04,0.24,34.88
1673,262273836,-619.63,-601.07,-529.30,1.22,-0.91,0.37,34.93
1674,262277885,-615.72,-606.93,-526.86,0.61,-0.24,0.67,34.69
1675,262281943,-616.70,-614.26,-527.83,-0.30,-0.12,0.98,34.69
1676,262285993,-617.68,-610.35,-523.93,-1.22,0.06,0.91,34.88
1677,262291787,-613.28,-605.96,-528.32,-2.80,0.55,0.24,35.17
1678,262295836,-612.79,-603.52,-529.79,-3.72,1.40,0.00,34.69
1679,262299885,-610.84,-604.49,-532.23,-4.45,1.95,0.00,34.74
1680,262303943,-613.77,-605.96,-529.79,-4.57,2.32,0.24,34.88
1681,262307993,-609.38,-601.56,-532.71,-4.45,2.56,0.00,34.93
1682,262313787,-611.82,-603.03,-530.76,-4.21,2.26,0.06,35.17
1683,262317836,-607.42,-601.07,-534.67,-3.96,1.59,0.43,34.69
1684,262321885,-608.89,-603.03,-530.76,-3.66,1.16,0.43,34.74
1685,262325943,-609.38,-602.54,-533.69,-3.29,0.12,0.12,34.88
1686,262329993,-611.33,-599.12,-535.64,-2.80,-0.37,0.18,34.93
1687,262335787,-609.38,-604.98,-535.64,-2.32,-0.55,-0.18,34.74
1688,262339836,-605.96,-599.12,-537.60,-1.65,-0.43,-0.30,34.64
1689,262343885,-608.89,-591.80,-537.60,-1.89,-0.43,-0.30,34.88
1690,262347943,-609.38,-597.17,-531.74,-1.52,-0.55,-0.06,34.93
1691,262351993,-608.40,-604.98,-527.83,-1.16,-0.73,-0.49,34.83
1692,262357787,-604.98,-600.59,-534.18,-1.40,-0.91,-0.67,34.64
1693,262361836,-609.38,-595.70,-540.53,-1.22,-0.85,-0.85,34.88
1694,262365885,-609.86,-602.54,-536.62,-0.79,-0.49,-0.67,35.03
1695,262369943,-611.33,-592.77,-531.25,-0.49,-0.49,-0.30,34.74
1696,262373993,-610.35,-597.17,-535.16,-1.16,-0.18,-0.12,34.74
1697,262379787,-610.35,-593.26,-538.57,-1.28,-0.37,0.12,35.07
1698,262383836,-607.91,-597.66,-539.55,-1.83,-0.30,0.24,34.88
1699,262387885,-614.75,-595.70,-537.11,-2.32,-0.61,0.37,35.07
1700,262391943,-612.30,-593.75,-537.60,-2.62,-0.73,0.30,35.03
1701,262395993,-612.79,-597.17,-532.23,-2.62,-0.55,0.12,34.74
1702,262401787,-613.77,-596.68,-539.06,-2.68,-0.30,0.06,34.93
1703,262405836,-609.86,-595.70,-540.04,-2.50,0.24,0.12,34.93
1704,262409885,-609.38,-590.33,-536.62,-2.68,0.18,0.30,34.74
1705,262413943,-612.79,-596.19,-535.64,-2.68,0.37,0.18,34.88
1706,262417993,-611.33,-599.12,-537.11,-2.74,0.49,-0.24,34.74
1707,262423787,-613.77,-597.17,-539.06,-2.93,0.61,-0.43,34.93
1708,262427836,-614.26,-590.82,-534.18,-2.68,0.61,-0.85,34.88
1709,262431885,-610.84,-588.87,-537.11,-2.32,0.24,-0.91,34.74
1710,262435944,-611.82,-591.31,-537.60,-1.65,-0.06,-0.85,34.88
1711,262439993,-609.38,-586.43,-536.13,-0.73,-0.85,-1.04,35.07
1712,262445787,-603.03,-585.94,-540.53,0.06,-1.34,-0.98,34.74
1713,262449836,-606.93,-586.43,-541.50,1.52,-2.32,-0.24,34.88
1714,262453885,-605.47,-585.94,-541.02,2.38,-2.32,0.43,34.69
1715,262457944,-607.91,-586.91,-537.11,2.62,-2.38,0.30,35.17
1716,262463787,-609.86,-582.03,-534.67,2.20,-2.38,0.49,34.88
1717,262467836,-609.86,-589.84,-526.86,1.77,-2.50,0.55,34.64
1718,262471885,-612.79,-593.75,-529.30,1.95,-2.26,0.85,35.17
1719,262475944,-613.77,-590.33,-525.88,1.34,-2.13,0.67,34.74
1720,262479993,-611.33,-590.82,-538.57,0.85,-2.01,0.30,35.07
1721,262484042,-611.82,-592.29,-536.13,0.67,-1.40,0.06,34.93
1722,262489787,-607.91,-594.24,-535.64,0.55,-1.04,0.30,34.74
1723,262493836,-604.00,-585.94,-542.48,1.34,-1.22,0.73,34.88
1724,262497885,-605.96,-585.94,-540.53,1.71,-1.22,0.79,34.93
1725,262501944,-610.84,-587.40,-536.62,2.26,-1.40,0.67,35.03
1726,262507787,-604.49,-590.82,-539.55,2.56,-1.65,0.79,34.93
1727,262511836,-606.93,-588.87,-535.64,3.23,-1.59,0.85,35.17
1728,262515885,-609.38,-591.31,-536.13,3.78,-1.77,1.22,35.03
1729,262519944,-604.98,-591.80,-541.50,4.09,-2.32,1.46,34.88
1730,262523993,-601.56,-592.29,-539.06,4.94,-2.56,2.13,34.88
1731,262529787,-605.96,-595.21,-539.06,5.67,-2.74,2.74,35.03
1732,262533836,-610.35,-603.03,-539.55,5.55,-2.87,3.35,34.64
1733,262537885,-612.79,-607.42,-536.62,5.24,-2.93,3.17,34.93
1734,262541944,-612.79,-603.03,-539.55,4.39,-3.05,2.93,35.03
1735,262545993,-612.79,-604.49,-540.53,4.09,-2.93,3.11,34.93
1736,262551787,-617.19,-609.86,-537.60,4.33,-2.80,3.23,35.03
1737,262555836,-618.16,-607.42,-540.53,4.39,-3.48,2.68,34.64
1738,262559885,-623.05,-608.89,-546.39,4.82,-3.05,2.56,34.64
1739,262563944,-621.09,-613.77,-543.46,4.51,-2.87,2.20,35.03
1740,262567993,-617.68,-613.28,-542.48,4.76,-3.17,2.07,34.93
1741,262573787,-620.61,-614.75,-536.62,4.33,-3.90,2.44,34.69
1742,262577836,-623.05,-616.70,-543.46,4.09,-4.70,2.20,34.74
1743,262581885,-626.46,-621.58,-541.50,3.66,-4.33,1.89,34.93
1744,262585944,-629.88,-616.70,-543.46,3.11,-3.66,1.65,35.07
1745,262589993,-630.37,-613.77,-537.11,2.44,-2.56,1.22,34.69
1746,262595787,-624.02,-614.26,-532.23,1.95,-1.77,0.85,34.50
1747,262599836,-622.07,-616.70,-537.11,1.65,-0.61,-0.06,35.07
1748,262603885,-623.54,-611.82,-533.69,1.83,0.00,-0.18,34.88
1749,262607944,-625.98,-612.30,-528.81,2.32,0.37,-0.30,34.93
1750,262611993,-627.44,-620.12,-527.34,2.32,0.55,-0.61,34.74
1751,262617787,-625.00,-620.12,-524.41,2.62,0.49,-1.46,34.88
1752,262621836,-622.56,-611.33,-521.00,3.11,0.30,-1.52,34.74
1753,262625885,-619.14,-608.89,-524.90,3.48,-0.12,-1.71,34.74
1754,262629944,-616.21,-608.89,-521.00,4.02,-0.37,-1.59,34.88
1755,262633993,-614.26,-604.98,-521.00,4.82,-1.16,-1.52,34.88
1756,262639787,-613.28,-602.54,-520.02,5.49,-1.52,-0.85,34.88
1757,262643836,-615.23,-604.98,-511.72,5.30,-1.83,-0.49,35.03
1758,262647885,-610.84,-613.28,-513.18,5.12,-1.40,-0.61,34.88
1759,262651944,-615.72,-607.91,-506.35,3.90,-0.85,-0.55,35.36
1760,262655993,-616.21,-609.38,-506.35,2.56,-0.18,-0.49,34.93
1761,262661787,-611.82,-604.00,-505.37,0.67,0.43,-0.98,34.93
1762,262665836,-608.40,-605.96,-501.46,-1.16,0.73,-0.98,35.07
1763,262669885,-609.38,-604.00,-502.44,-1.89,0.67,-0.85,34.69
1764,262673943,-603.52,-600.10,-504.88,-2.26,0.18,-0.67,35.03
1765,262677993,-603.52,-598.63,-510.74,-1.77,0.18,-0.30,35.07
1766,262683787,-602.54,-601.07,-511.23,-1.59,-0.24,0.00,34.88
1767,262687836,-604.98,-602.54,-516.11,-0.67,-0.91,1.04,34.93
1768,262691885,-611.33,-599.61,-513.67,-0.55,-1.22,1.40,34.74
1769,262695944,-614.75,-611.33,-517.58,-0.61,-2.01,1.52,34.93
1770,262701787,-609.86,-609.86,-513.67,-0.85,-2.38,1.46,34.74
1771,262705836,-610.35,-609.38,-521.00,-0.49,-2.80,1.28,35.22
1772,262709885,-606.93,-605.96,-521.48,-0.18,-2.68,1.10,34.93
1773,262713944,-618.16,-606.45,-522.46,0.61,-2.50,1.10,34.83
1774,262717993,-609.86,-604.49,-523.93,0.73,-2.01,1.10,35.03
1775,262723787,-616.21,-607.91,-518.07,0.85,-1.52,0.91,34.83
1776,262727836,-619.14,-608.40,-518.55,0.67,-1.16,1.04,35.17
1777,262731885,-619.14,-608.40,-518.55,-0.06,-0.61,0.73,34.93
1778,262735944,-625.00,-610.84,-518.07,-0.37,-0.79,0.61,35.07
1779,262739993,-623.05,-609.86,-521.97,-1.16,-0.85,0.55,34.93
1780,262745787,-619.14,-614.75,-519.53,-1.10,-0.73,0.55,35.07
1781,262749836,-625.00,-616.70,-523.44,-1.40,-0.49,0.61,35.17
1782,262753885,-620.12,-615.23,-520.51,-1.52,-0.43,0.43,35.07
1783,262757944,-625.98,-609.86,-520.51,-1.65,-0.61,0.30,34.93
1784,262761993,-621.09,-609.86,-522.95,-2.32,-0.37,-0.12,34.93
1785,262767787,-618.65,-610.35,-522.46,-2.62,-0.24,-0.30,34.69
1786,262771836,-614.75,-607.91,-519.04,-2.50,-0.30,-0.49,34.64
1787,262775885,-613.77,-604.98,-525.88,-2.44,0.00,-0.73,34.93
1788,262779944,-611.82,-603.03,-527.34,-1.83,0.00,-1.16,35.07
1789,262783993,-614.26,-602.05,-529.79,-1.10,-0.12,-1.04,34.55
1790,262789787,-614.26,-604.00,-527.83,-0.49,-0.49,-0.67,34.55
1791,262793836,-617.19,-615.23,-526.86,0.18,-0.85,-0.37,34.93
1792,262797885,-613.77,-607.91,-523.44,0.12,-1.46,-0.67,35.03
1793,262801944,-608.89,-601.56,-524.41,-0.43,-1.52,-0.91,34.69
1794,262805993,-607.91,-603.03,-528.32,-0.79,-1.52,0.00,34.74
1795,262811787,-613.28,-594.73,-531.25,-1.04,-1.04,-0.12,34.64
1796,262815836,-606.93,-599.12,-524.41,-1.34,-0.85,0.24,35.07
1797,262819885,-612.79,-600.59,-527.83,-1.52,-0.73,0.49,35.07
1798,262823944,-606.93,-600.10,-535.16,-1.65,-0.61,0.24,34.74
1799,262827993,-609.86,-600.10,-533.69,-1.46,-0.37,0.67,34.69
1800,262833787,-607.42,-601.56,-531.25,-1.16,-0.18,0.91,35.07
1801,262837836,-609.86,-600.10,-535.16,-1.46,-0.06,0.85,35.03
1802,262841885,-609.38,-607.91,-535.16,-1.28,-0.30,0.85,34.93
1803,262845944,-606.45,-608.89,-527.34,-1.46,-0.18,0.79,34.88
1804,262849993,-612.79,-614.26,-529.30,-1.22,-0.91,0.91,34.93
1805,262855787,-615.23,-608.89,-532.71,-0.30,-1.22,0.98,34.74
1806,262859836,-610.84,-602.54,-536.62,0.12,-0.79,0.67,35.07
1807,262863885,-607.91,-605.96,-529.79,0.61,-0.67,0.43,34.88
1808,262867944,-611.33,-603.52,-528.32,0.43,-0.55,0.73,34.93
1809,262871993,-616.70,-607.91,-531.25,0.24,-0.79,0.98,35.03
1810,262877787,-615.23,-604.98,-523.93,-0.37,-0.67,0.85,35.07
1811,262881836,-618.16,-613.77,-523.93,-0.98,-0.18,0.91,35.07
1812,262885885,-619.63,-604.98,-521.00,-1.28,0.06,0.85,34.93
1813,262889944,-618.16,-609.38,-525.39,-1.83,0.06,0.55,34.88
1814,262893993,-618.16,-604.00,-522.46,-2.44,0.55,0.67,34.93
1815,262899787,-620.61,-609.38,-522.46,-2.56,0.61,0.73,34.83
1816,262903836,-614.75,-609.86,-515.62,-2.87,0.00,0.37,34.88
1817,262907885,-619.14,-604.98,-521.97,-2.87,-0.43,0.37,34.83
1818,262911944,-617.19,-607.91,-529.79,-3.05,-0.79,0.24,34.93
1819,262917787,-613.77,-604.98,-529.79,-2.38,-0.67,0.67,35.07
1820,262921836,-616.70,-609.86,-523.44,-1.71,-0.91,0.85,35.07
1821,262925885,-619.63,-609.86,-523.44,-1.28,-1.28,0.67,35.03
1822,262929944,-617.68,-604.98,-532.23,-0.55,-1.83,0.67,34.88
1823,262933993,-617.19,-604.98,-534.67,0.00,-1.46,0.79,35.03
1824,262939787,-621.58,-603.52,-525.88,0.61,-1.40,0.79,34.93
1825,262943836,-623.54,-611.33,-521.97,0.91,-1.22,0.55,34.74
1826,262947885,-618.16,-610.35,-521.48,1.52,-1.16,0.55,34.88
1827,262951944,-619.63,-607.91,-518.55,1.22,-1.28,0.24,35.17
1828,262955993,-624.51,-611.33,-519.53,0.91,-0.91,0.24,34.74
1829,262961787,-619.63,-613.77,-526.37,0.49,-1.16,-0.18,34.83
1830,262965836,-613.28,-616.70,-521.97,0.24,-1.28,-0.06,34.93
1831,262969885,-615.23,-614.75,-517.09,0.43,-1.40,-0.06,35.03
1832,262973944,-619.14,-608.89,-518.55,0.12,-1.59,-0.37,34.88
1833,262977993,-620.61,-607.91,-525.88,0.24,-1.40,-0.55,34.88
1834,262983787,-619.14,-610.84,-525.88,-0.24,-0.98,-0.73,34.64
1835,262987836,-619.14,-609.38,-523.93,-0.24,-1.10,-0.30,34.64
1836,262991885,-620.61,-608.89,-521.97,0.00,-0.85,-0.37,35.17
1837,262995944,-614.26,-608.40,-523.44,0.30,-0.98,-0.37,34.74
1838,262999993,-614.75,-610.84,-523.44,0.12,-1.34,-0.24,34.88
1839,263005787,-619.14,-610.84,-526.37,0.55,-1.71,0.06,34.40
1840,263009836,-619.14,-607.42,-522.95,0.73,-2.01,0.12,34.55
1841,263013885,-622.56,-615.23,-521.00,0.67,-2.20,0.18,34.69
1842,263017944,-623.54,-611.33,-523.44,0.24,-2.50,-0.06,34.74
1843,263021993,-616.70,-609.38,-522.46,0.43,-2.26,-0.37,34.88
1844,263027787,-618.65,-611.82,-526.37,0.37,-2.20,-0.43,34.69
1845,263031836,-617.19,-611.82,-522.95,0.43,-1.52,-0.12,34.88
1846,263035885,-625.49,-607.91,-520.51,0.73,-1.59,-0.18,35.03
1847,263039944,-617.19,-611.82,-519.04,0.12,-1.34,-0.37,34.93
1848,263043993,-621.58,-609.38,-522.95,-0.30,-1.04,-0.49,34.74
1849,263049787,-623.54,-609.38,-518.55,-1.04,-0.79,-0.85,34.93
1850,263053836,-617.19,-607.91,-521.00,-1.65,-0.79,-1.46,35.07
1851,263057885,-620.12,-610.35,-520.51,-1.52,-0.67,-1.65,35.07
1852,263061944,-613.28,-612.30,-521.48,-1.34,-1.04,-2.01,35.07
1853,263065993,-616.70,-606.93,-523.93,-0.49,-1.10,-1.77,34.83
1854,263071787,-616.21,-605.96,-525.39,0.24,-1.34,-2.01,35.03
1855,263075836,-615.23,-605.47,-522.95,1.10,-2.07,-1.83,34.88
1856,263079885,-609.86,-605.47,-523.44,1.71,-2.32,-1.77,35.07
1857,263083944,-614.75,-604.49,-525.39,2.13,-2.44,-1.34,34.74
1858,263087993,-610.84,-604.49,-523.44,2.50,-2.50,-1.10,34.93
1859,263093787,-616.70,-599.12,-516.11,2.20,-2.68,-0.85,34.74
1860,263097836,-614.75,-599.12,-517.58,1.95,-2.32,-0.61,35.07
1861,263101885,-611.33,-602.05,-523.44,1.52,-2.01,-0.43,34.64
1862,263105944,-606.93,-602.54,-515.14,1.04,-1.22,-0.06,35.07
1863,263109993,-607.42,-601.07,-514.16,0.49,-0.61,0.06,35.03
1864,263115787,-615.72,-600.59,-509.28,-0.12,-0.79,0.24,34.93
1865,263119836,-622.07,-605.47,-513.18,-0.91,-0.79,-0.06,34.74
1866,263123885,-618.16,-605.47,-518.07,-1.10,-0.79,0.24,34.93
1867,263127944,-613.28,-609.86,-516.11,-1.46,-0.18,0.06,34.69
1868,263133787,-618.16,-608.89,-517.58,-1.65,-0.24,0.30,34.88
1869,263137836,-622.56,-613.77,-512.70,-1.34,-0.43,0.55,34.88
1870,263141885,-619.63,-612.79,-515.62,-1.59,-0.61,0.30,35.17
1871,263145944,-619.63,-610.84,-515.62,-1.77,-0.73,0.37,34.64
1872,263149993,-614.75,-605.47,-518.07,-2.13,-0.61,0.24,34.83
1873,263155787,-614.26,-602.54,-521.48,-2.01,-0.43,0.30,34.93
1874,263159836,-610.35,-606.45,-516.60,-1.89,-0.91,0.30,34.93
1875,263163885,-613.77,-610.84,-520.51,-1.40,-1.10,0.18,34.93
1876,263167944,-614.26,-607.42,-520.51,-1.40,-1.22,0.18,34.50
1877,263171993,-613.77,-615.72,-518.07,-1.04,-1.10,0.43,34.93
1878,263177787,-611.33,-613.28,-521.00,-0.79,-0.98,0.24,34.64
1879,263181836,-619.63,-611.82,-517.58,-0.37,-0.49,0.18,34.88
1880,263185885,-621.09,-613.77,-513.67,-0.61,-1.10,0.06,35.07
1881,263189944,-624.02,-613.28,-513.67,-1.16,-1.10,-0.12,35.07
1882,263193993,-614.26,-612.30,-521.97,-1.16,-1.71,-0.12,34.88
1883,263199787,-616.21,-604.98,-518.07,-0.98,-2.01,0.18,34.88
1884,263203836,-616.21,-605.47,-516.60,-0.79,-2.50,0.67,34.74
1885,263207885,-618.16,-608.89,-521.97,-0.67,-2.62,1.22,34.93
1886,263211944,-623.05,-613.77,-524.41,-0.61,-2.68,1.34,34.88
1887,263215993,-624.02,-612.30,-521.00,-0.85,-2.62,1.04,34.83
1888,263221787,-621.58,-617.68,-527.34,-1.04,-2.13,0.85,34.74
1889,263225836,-624.51,-611.33,-524.41,-1.28,-1.52,0.49,34.74
1890,263229885,-622.56,-610.84,-525.88,-1.40,-0.91,0.79,35.07
1891,263233944,-620.61,-614.75,-520.51,-1.40,-0.24,0.67,34.88
1892,263237993,-621.09,-612.30,-522.95,-1.28,-0.18,0.55,34.74
1893,263243787,-622.56,-612.79,-524.41,-1.22,0.00,0.37,34.69
1894,263247836,-620.12,-612.79,-522.95,-1.16,-0.18,0.00,34.83
1895,263251885,-612.79,-618.16,-524.90,-1.34,-0.73,0.18,35.07
1896,263255944,-622.56,-616.21,-527.83,-1.28,-1.46,0.12,35.17
1897,263259993,-619.63,-614.26,-532.23,-1.04,-1.71,0.43,34.74
1898,263265787,-623.54,-620.12,-529.79,-0.67,-1.65,0.37,35.22
1899,263269836,-618.65,-620.61,-526.37,-0.37,-1.40,0.18,34.74
1900,263273885,-623.05,-623.54,-524.41,-0.43,-1.10,-0.06,34.93
1901,263277944,-621.58,-616.21,-521.97,-0.61,-0.73,-0.18,35.03
1902,263281993,-622.07,-615.23,-525.88,-1.10,-0.91,-0.61,34.74
1903,263287787,-616.21,-614.26,-527.83,-1.59,-0.37,-0.98,34.93
1904,263291836,-613.28,-607.42,-529.79,-1.77,-0.06,-0.67,34.74
1905,263295885,-615.23,-615.23,-527.34,-2.01,0.06,-0.55,34.74
1906,263299944,-613.28,-610.84,-531.25,-2.07,-0.12,-0.73,35.07
1907,263303993,-617.19,-607.91,-530.27,-1.65,-0.37,-0.79,34.93
1908,263309787,-611.33,-609.86,-527.34,-1.40,-0.24,-0.91,35.07
1909,263313836,-610.35,-608.89,-527.83,-0.49,-0.24,-0.55,34.74
1910,263317885,-608.40,-609.38,-523.93,0.18,-0.30,-0.49,34.93
1911,263321944,-613.28,-610.35,-520.51,0.30,-0.37,-0.12,35.07
1912,263325993,-613.28,-607.91,-518.55,0.37,-0.79,-0.30,34.93
1913,263331787,-611.82,-612.30,-524.41,0.30,-0.98,-0.43,34.88
1914,263335836,-612.79,-607.91,-517.09,0.12,-1.10,-0.37,34.74
1915,263339885,-608.40,-605.96,-517.09,0.18,-1.40,-0.49,34.93
1916,263343944,-613.28,-607.91,-522.95,0.24,-1.34,-0.43,34.93
1917,263349787,-610.35,-604.98,-523.44,0.06,-1.46,-0.49,35.07
1918,263353836,-607.91,-612.79,-522.46,0.00,-1.28,-0.49,35.03
1919,263357885,-610.35,-606.93,-520.51,0.24,-1.16,-0.73,35.07
1920,263361944,-610.84,-608.89,-521.97,0.43,-0.98,-0.67,34.88
1921,263365993,-611.82,-606.45,-523.93,0.18,-0.67,-0.61,35.07
1922,263370042,-606.93,-608.40,-519.53,-0.06,-0.49,-0.61,34.93
1923,263375787,-607.91,-606.93,-515.62,-0.24,-0.91,-0.85,35.07
1924,263379836,-613.77,-604.49,-522.46,-0.24,-0.91,-0.73,35.03
1925,263383885,-611.33,-601.07,-516.60,-0.24,-1.16,-0.49,35.07
1926,263387944,-612.30,-602.05,-514.16,-0.55,-1.16,-0.67,34.88
1927,263393787,-613.28,-593.26,-514.16,-0.61,-1.16,-0.73,34.88
1928,263397836,-612.79,-596.19,-516.11,-1.10,-1.28,-0.55,34.93
1929,263401885,-608.89,-600.10,-516.60,-1.16,-1.28,-0.37,35.17
1930,263405944,-607.42,-593.26,-519.53,-0.98,-1.52,0.00,35.07
1931,263409993,-611.82,-592.77,-518.07,-1.22,-1.28,0.18,34.93
1932,263415787,-610.35,-596.19,-518.55,-1.71,-1.10,0.30,35.07
1933,263419836,-612.79,-601.07,-517.58,-1.95,-0.91,0.85,35.03
1934,263423885,-611.33,-596.68,-516.11,-2.20,-0.43,0.79,35.17
1935,263427944,-610.84,-595.70,-517.58,-2.38,0.00,1.04,34.74
1936,263431993,-613.77,-603.52,-518.55,-2.13,-0.18,1.46,34.74
1937,263437787,-608.89,-601.56,-524.90,-2.01,-0.43,1.40,34.93
1938,263441836,-610.35,-604.98,-521.00,-1.83,-0.49,1.59,34.93
1939,263445885,-611.82,-603.03,-525.88,-1.52,-0.67,1.71,34.93
1940,263449944,-611.33,-605.47,-521.00,-1.04,-0.91,1.65,35.22
1941,263453993,-619.14,-606.45,-519.04,-0.91,-0.67,1.89,34.74
1942,263459787,-621.58,-607.91,-519.04,-0.24,-1.28,1.59,34.69
1943,263463836,-613.77,-607.91,-522.46,-0.18,-1.46,1.04,34.64
1944,263467885,-618.65,-605.47,-521.97,-0.06,-1.65,1.16,34.88
1945,263471944,-618.65,-607.91,-521.97,0.24,-1.71,1.04,34.88
1946,263475993,-615.23,-608.40,-517.09,0.30,-1.34,1.22,34.69
1947,263481787,-617.68,-607.91,-521.48,0.18,-1.34,0.91,34.83
1948,263485836,-617.68,-611.82,-519.04,-0.67,-1.16,0.55,35.22
1949,263489885,-617.68,-613.28,-521.48,-1.16,-1.28,0.18,34.69
1950,263493944,-615.72,-607.42,-525.88,-1.10,-1.10,0.18,35.07
1951,263497993,-609.38,-607.91,-529.79,-1.16,-0.79,0.61,34.64
1952,263503787,-608.89,-608.40,-524.90,-0.73,-0.55,1.04,35.07
1953,263507836,-620.61,-612.79,-520.51,-1.16,-0.79,1.28,35.22
1954,263511885,-621.09,-609.86,-526.37,-1.65,-0.91,1.34,34.93
1955,263515944,-617.19,-610.84,-525.39,-2.01,-0.91,1.34,34.88
1956,263519993,-619.14,-609.86,-525.88,-2.62,-0.85,1.95,35.07
1957,263525787,-617.19,-608.40,-528.32,-3.11,-0.67,1.34,34.69
1958,263529836,-614.26,-614.26,-529.79,-3.23,-0.55,1.83,35.07
1959,263533885,-623.54,-610.35,-530.76,-3.05,-0.79,1.40,34.74
1960,263537944,-622.07,-616.21,-532.23,-3.05,-0.73,1.40,35.07
1961,263541993,-619.63,-615.23,-527.83,-2.87,-0.43,1.10,34.64
1962,263547787,-626.95,-610.84,-533.69,-2.74,-0.24,0.79,34.93
1963,263551836,-622.56,-609.86,-534.67,-2.50,-0.43,0.37,34.88
1964,263555885,-622.56,-610.84,-530.76,-1.77,-0.73,0.37,34.74
1965,263559944,-619.63,-611.33,-533.69,-0.79,-0.67,0.37,34.88
1966,263563993,-625.49,-610.84,-529.79,0.06,-0.79,0.55,34.88
1967,263569787,-625.49,-617.68,-532.23,0.24,-0.98,0.24,35.07
1968,263573836,-620.12,-612.30,-528.32,0.67,-1.04,-0.24,34.93
1969,263577885,-619.14,-613.77,-522.46,0.85,-0.85,-0.18,34.74
1970,263581944,-624.02,-612.30,-520.02,0.98,-0.79,-0.24,34.74
1971,263587787,-620.12,-611.82,-522.46,0.79,-0.73,0.00,34.83
1972,263591836,-623.54,-612.30,-516.60,0.43,-0.49,-0.18,35.07
1973,263595885,-618.65,-612.30,-517.09,0.00,-0.12,0.18,34.93
1974,263599944,-620.61,-607.91,-515.14,-0.24,0.12,0.24,34.83
1975,263603993,-610.35,-610.35,-516.60,-0.91,0.55,0.06,35.22
1976,263609787,-616.70,-614.26,-516.11,-1.77,0.55,-0.12,34.74
1977,263613836,-619.63,-613.77,-512.70,-2.13,0.49,-0.37,34.88
1978,263617885,-615.72,-614.75,-521.48,-2.20,0.73,-0.55,34.83
1979,263621944,-611.33,-613.28,-520.02,-2.38,0.85,-0.43,35.03
1980,263625993,-611.33,-615.72,-516.60,-2.87,0.43,-0.91,34.83
1981,263631787,-608.40,-605.96,-520.02,-3.23,0.43,-1.34,35.07
1982,263635836,-609.86,-607.91,-524.90,-2.87,0.24,-0.49,34.69
1983,263639885,-611.33,-605.96,-526.37,-2.87,0.00,-0.24,34.93
1984,263643944,-612.79,-608.40,-523.44,-2.62,0.00,-0.43,35.41
1985,263647993,-617.19,-612.30,-524.41,-2.74,-0.37,-0.49,34.93
1986,263653787,-614.75,-608.40,-520.51,-2.56,0.18,-0.55,34.93
1987,263657836,-611.33,-604.98,-522.95,-2.62,-0.06,-0.61,34.40
1988,263661885,-612.30,-604.00,-527.34,-2.87,0.18,-0.67,35.07
1989,263665944,-613.77,-604.98,-532.23,-2.38,0.37,-0.24,35.22
1990,263669993,-606.93,-602.54,-528.81,-1.95,0.12,0.06,34.69
1991,263675787,-612.79,-601.56,-527.34,-1.95,-0.49,-0.12,34.88
1992,263679836,-615.23,-602.54,-525.88,-1.83,-0.49,-0.18,34.93
1993,263683885,-613.28,-605.96,-527.34,-2.01,-0.79,-0.30,35.07
1994,263687944,-611.33,-599.12,-528.32,-1.95,-0.18,-0.37,35.22
1995,263691993,-615.23,-597.66,-531.74,-1.65,0.18,-0.61,34.64
1996,263697787,-607.42,-595.21,-534.67,-0.98,0.18,-0.73,34.74
1997,263701836,-606.45,-598.14,-529.79,0.30,0.24,-0.67,35.07
1998,263705885,-603.03,-597.66,-533.69,0.91,0.12,-0.24,35.17
1999,263709944,-604.49,-599.61,-526.86,1.40,0.30,-0.30,35.03
2000,263713993,-604.49,-599.12,-525.88,1.95,-0.43,-0.12,34.64
2001,263719787,-609.38,-607.42,-522.95,1.83,-0.67,0.06,35.07
2002,263723836,-611.33,-607.42,-519.53,1.28,-0.79,0.24,35.17
2003,263727885,-609.86,-606.93,-517.09,1.10,-0.67,0.18,35.07
2004,263731944,-610.84,-607.91,-511.72,0.67,-0.79,0.24,35.07
2005,263735993,-604.49,-601.56,-513.18,0.18,-0.30,0.30,34.93
2006,263741787,-606.45,-602.54,-513.18,-0.43,-0.12,0.37,34.93
2007,263745836,-605.96,-595.70,-513.67,-0.91,-0.55,0.79,34.74
2008,263749885,-606.45,-603.03,-509.28,-1.10,-0.61,1.10,34.64
2009,263753944,-608.40,-602.54,-513.18,-1.89,-0.61,0.85,35.03
2010,263757993,-610.35,-606.93,-514.16,-2.20,-0.55,0.79,35.17
2011,263763787,-612.79,-600.10,-519.53,-2.20,-0.30,1.04,34.74
2012,263767836,-610.84,-602.05,-517.09,-1.89,-0.18,1.34,35.07
2013,263771885,-606.93,-602.54,-517.09,-1.89,0.06,1.34,34.64
2014,263775944,-611.82,-599.12,-514.16,-1.59,-0.55,1.10,34.93
2015,263779993,-608.40,-602.05,-519.04,-1.52,-0.91,0.91,35.07
2016,263785787,-610.84,-600.59,-523.44,-0.79,-1.40,1.04,35.07
2017,263789836,-610.35,-601.07,-523.44,-0.43,-1.52,1.52,34.93
2018,263793885,-610.84,-608.40,-521.00,0.67,-1.83,1.83,34.93
2019,263797944,-616.70,-606.93,-516.11,0.85,-2.01,2.26,34.93
2020,263803787,-619.63,-612.30,-522.46,0.61,-2.07,2.01,34.93
2021,263807836,-621.58,-607.42,-521.00,0.12,-2.26,1.89,34.93
2022,263811885,-622.56,-610.35,-520.02,-0.43,-2.38,2.20,35.17
2023,263815944,-619.14,-609.38,-521.97,-0.73,-1.89,2.32,34.93
2024,263819993,-619.14,-613.77,-523.93,-1.40,-1.46,2.13,35.07
2025,263825787,-626.46,-611.82,-521.48,-1.71,-1.04,2.13,34.88
2026,263829836,-627.44,-616.70,-523.93,-2.01,-0.55,1.65,35.07
2027,263833885,-627.44,-614.75,-525.39,-2.93,-0.06,1.59,35.07
2028,263837944,-624.02,-609.38,-525.39,-3.11,0.12,1.28,34.93
2029,263841993,-623.05,-610.35,-524.90,-3.05,0.49,0.98,35.03
2030,263847787,-626.46,-609.86,-523.93,-2.56,0.37,0.67,34.88
2031,263851836,-623.54,-612.30,-528.32,-2.01,0.43,0.18,35.03
2032,263855885,-622.56,-608.40,-524.90,-1.34,-0.43,0.37,34.88
2033,263859943,-626.46,-608.89,-530.76,-0.85,-0.85,0.49,35.07
2034,263863993,-624.51,-610.84,-529.79,0.00,-0.91,0.55,35.22
2035,263869787,-623.05,-615.23,-526.37,0.61,-1.52,0.85,34.88
2036,263873836,-624.02,-613.28,-521.48,-0.06,-1.52,1.22,34.74
2037,263877885,-622.07,-611.33,-521.97,-0.61,-1.34,0.79,34.93
2038,263881944,-623.54,-611.82,-526.37,-1.22,-0.98,0.73,35.17
2039,263885993,-617.19,-612.30,-527.34,-2.20,-0.37,0.49,34.93
2040,263891787,-619.14,-604.00,-528.81,-2.62,0.30,0.37,34.93
2041,263895836,-617.68,-611.33,-527.34,-2.87,0.55,0.18,34.83
2042,263899885,-619.14,-610.84,-528.32,-2.68,0.73,0.18,34.93
2043,263903944,-614.75,-610.84,-526.37,-2.44,1.04,0.67,34.93
2044,263907993,-616.70,-606.45,-527.34,-1.77,0.43,0.79,35.07
2045,263913787,-617.68,-613.28,-530.76,-1.52,0.30,0.79,35.07
2046,263917836,-614.75,-610.84,-523.44,-1.28,-0.18,0.79,35.03
2047,263921885,-610.84,-613.77,-525.88,-1.28,-0.61,0.98,35.03
2048,263925944,-614.75,-611.82,-529.79,-1.46,-1.40,0.85,35.17
2049,263929993,-615.72,-610.35,-534.18,-1.10,-1.65,1.04,34.93
2050,263935787,-619.63,-612.30,-522.95,-0.73,-1.89,0.79,34.88
2051,263939836,-613.77,-610.35,-529.30,-0.24,-1.52,0.55,35.03
2052,263943885,-615.23,-616.21,-529.79,0.37,-1.16,0.61,35.17
2053,263947944,-616.70,-614.75,-527.34,0.37,-0.43,0.73,35.27
2054,263951993,-618.16,-616.70,-526.86,0.06,0.12,0.61,35.07
2055,263957787,-621.58,-617.68,-522.46,0.00,0.24,0.06,34.93
2056,263961836,-622.07,-610.84,-518.07,-0.67,0.24,-0.85,35.07
2057,263965885,-614.75,-612.30,-519.53,-1.34,0.55,-1.28,34.93
2058,263969944,-614.26,-608.40,-520.51,-1.71,0.61,-1.40,35.07
2059,263973993,-610.84,-612.30,-520.51,-1.59,0.43,-1.28,34.69
2060,263979787,-606.93,-608.89,-520.02,-1.10,0.12,-1.04,34.93
2061,263983836,-608.40,-601.56,-517.09,-0.55,-0.37,-0.61,35.07
2062,263987885,-606.45,-609.86,-520.02,-0.24,-0.37,-0.79,34.55
2063,263991944,-608.40,-604.98,-517.09,0.18,-0.61,-0.61,34.83
2064,263995993,-605.47,-606.45,-514.65,0.18,-0.18,-0.06,35.22
2065,264001787,-609.38,-605.47,-513.18,-0.18,-0.30,-0.30,35.22
2066,264005836,-605.47,-604.98,-514.16,-0.61,-0.12,-0.55,35.22
2067,264009885,-602.54,-604.49,-510.25,-0.85,-0.12,-0.43,34.55
2068,264013944,-604.98,-603.52,-516.11,-0.91,-0.49,0.12,35.07
2069,264019787,-604.49,-597.17,-514.16,-1.04,-0.55,0.12,35.41
2070,264023836,-608.89,-598.14,-511.23,-1.52,-0.55,0.37,34.93
2071,264027885,-611.82,-596.68,-515.14,-1.95,-0.49,0.24,35.03
2072,264031944,-609.38,-595.21,-516.11,-2.44,-0.91,0.37,34.74
2073,264035993,-610.84,-596.19,-518.07,-2.56,-0.91,0.55,35.17
2074,264041787,-611.33,-598.63,-516.60,-2.93,-0.91,0.79,35.17
2075,264045836,-616.21,-599.12,-518.07,-2.99,-1.10,0.91,34.88
2076,264049885,-615.23,-599.12,-516.60,-3.05,-1.16,1.10,35.07
2077,264053944,-616.70,-604.49,-519.53,-3.41,-1.22,0.98,34.93
2078,264057993,-615.72,-601.56,-522.46,-3.54,-1.22,1.22,35.03
2079,264063787,-612.79,-597.66,-528.32,-3.17,-1.10,1.16,34.93
2080,264067836,-615.23,-600.10,-525.39,-2.50,-0.49,1.40,35.07
2081,264071885,-611.82,-595.70,-524.41,-2.07,-0.67,1.28,35.03
2082,264075944,-616.21,-611.82,-526.37,-1.59,-0.73,1.16,35.22
2083,264079993,-621.58,-605.47,-529.30,-1.28,-0.43,0.98,35.07
2084,264085787,-615.72,-603.52,-526.86,-0.98,-0.18,0.98,34.93
2085,264089836,-618.65,-611.33,-522.46,-0.91,-0.67,0.55,34.88
2086,264093885,-622.56,-612.30,-516.11,-0.43,-0.49,0.43,35.17
2087,264097944,-620.61,-608.89,-522.95,-0.24,-0.91,0.43,35.07
2088,264101993,-624.51,-602.05,-523.44,-0.24,-1.22,0.37,35.07
2089,264107787,-617.68,-596.68,-527.83,-0.06,-1.34,0.55,35.07
2090,264111836,-612.79,-604.49,-528.81,-0.18,-1.16,0.85,34.74
2091,264115885,-615.23,-601.56,-526.37,-0.37,-1.40,0.98,35.03
2092,264119944,-620.12,-602.54,-521.00,-1.04,-1.83,1.10,35.07
2093,264123993,-621.58,-602.54,-523.93,-1.65,-2.07,1.16,34.88
2094,264129787,-615.23,-606.93,-526.86,-1.83,-1.71,1.16,34.69
2095,264133836,-614.26,-598.14,-534.67,-2.13,-1.22,1.22,34.74
2096,264137885,-616.70,-606.45,-532.71,-2.26,-0.91,1.34,34.88
2097,264141944,-618.16,-604.00,-532.71,-2.13,-0.91,1.28,35.07
2098,264145993,-622.07,-606.45,-533.69,-1.89,-0.79,1.59,34.64
2099,264151787,-621.09,-606.45,-535.64,-1.71,-0.73,1.34,34.93
2100,264155836,-615.23,-607.42,-537.60,-1.46,-0.49,1.22,34.88
2101,264159885,-616.21,-612.30,-533.20,-1.04,-0.91,0.98,35.17
2102,264163944,-616.70,-603.03,-536.13,-1.04,-0.49,0.61,35.03
2103,264167993,-614.26,-604.49,-531.25,-0.67,-0.55,0.61,34.74
2104,264173787,-623.05,-610.84,-527.34,-0.73,-0.67,0.18,35.07
2105,264177836,-620.12,-615.72,-530.27,-0.18,-0.79,-0.18,35.17
2106,264181885,-616.70,-609.38,-530.27,0.24,-0.67,-0.18,34.93
2107,264185944,-613.28,-612.79,-526.37,0.61,-0.67,0.37,35.36
2108,264189993,-614.26,-615.72,-523.93,0.91,-1.10,0.67,35.07
2109,264195787,-621.09,-618.65,-522.95,0.67,-1.89,0.55,35.07
2110,264199836,-623.54,-618.16,-525.39,-0.24,-2.26,0.37,34.93
2111,264203885,-616.70,-612.79,-528.81,-0.98,-2.44,0.12,34.93
2112,264207944,-615.23,-611.33,-529.30,-1.46,-2.56,0.49,35.07
2113,264211993,-619.14,-609.86,-529.79,-1.59,-2.13,0.67,34.74
2114,264217787,-621.58,-605.47,-528.81,-1.59,-1.59,0.43,35.07
2115,264221836,-622.56,-613.28,-534.18,-1.10,-0.85,0.00,34.83
2116,264225885,-619.63,-606.93,-527.83,-0.79,-0.12,0.12,34.88
2117,264229944,-622.56,-604.98,-526.37,-0.37,-0.12,0.61,34.93
2118,264235787,-622.07,-603.03,-523.44,-0.30,0.06,0.73,35.07
2119,264239836,-622.56,-610.35,-526.37,-1.10,0.37,0.37,34.93
2120,264243885,-619.63,-606.93,-526.86,-1.40,-0.18,-0.12,35.07
2121,264247944,-616.70,-605.96,-525.88,-1.34,-0.43,-0.12,34.74
2122,264251993,-616.70,-607.42,-526.86,-1.04,-0.91,0.30,35.22
2123,264256042,-614.26,-605.47,-534.18,-0.30,-1.10,0.55,34.88
2124,264261787,-621.58,-604.98,-526.86,0.12,-1.22,0.67,34.93
2125,264265836,-624.51,-612.79,-532.23,-0.12,-1.40,0.85,35.17
2126,264269885,-624.02,-611.82,-529.30,-0.30,-1.10,0.85,34.93
2127,264273944,-618.16,-604.00,-518.07,-0.55,-0.91,0.49,34.93
2128,264279787,-622.56,-599.12,-525.88,-0.61,-1.04,1.28,34.64
2129,264283836,-620.12,-614.75,-533.69,-1.28,-0.12,0.30,35.27
2130,264287885,-618.65,-604.00,-523.44,-0.98,0.00,0.00,35.22
2131,264291944,-613.28,-602.54,-519.04,-0.18,-0.49,0.18,35.07
2132,264295993,-621.58,-608.89,-527.34,0.30,-0.98,0.24,35.17
2133,264301787,-616.70,-611.33,-531.74,0.43,-0.98,-0.24,35.07
2134,264305836,-617.19,-606.45,-527.34,1.34,-0.49,-0.37,34.93
2135,264309885,-621.09,-606.93,-521.00,1.34,-0.61,-0.12,34.74
2136,264313944,-620.61,-609.86,-522.46,1.10,-1.77,-0.37,35.22
2137,264317993,-619.14,-610.84,-521.00,1.77,-2.13,-0.43,34.88
2138,264323787,-617.68,-604.98,-523.93,2.32,-2.01,-0.37,34.88
2139,264327836,-616.21,-609.38,-521.97,2.50,-0.85,-0.24,35.03
2140,264331885,-615.23,-606.93,-517.09,2.13,-0.61,-0.18,35.22
2141,264335944,-613.77,-611.33,-519.04,1.59,-0.55,-0.43,34.93
2142,264339993,-610.35,-609.86,-509.77,1.16,-0.61,-0.12,34.74
2143,264345787,-614.75,-604.00,-512.70,0.43,-0.67,-0.37,34.93
2144,264349836,-611.82,-602.54,-517.58,-0.49,-0.98,-0.37,34.64
2145,264353885,-611.33,-605.96,-519.04,-1.04,-0.91,-0.24,35.07
2146,264357944,-612.79,-600.59,-518.07,-1.59,-0.61,-0.12,35.07
2147,264361993,-608.40,-601.56,-520.51,-1.71,-0.37,0.06,34.74
2148,264367787,-607.42,-605.47,-520.02,-1.83,-0.49,0.30,35.22
2149,264371836,-609.86,-602.05,-520.51,-1.77,-0.55,0.67,35.07
2150,264375885,-611.82,-602.05,-523.93,-1.46,-0.79,0.43,34.93
2151,264379944,-612.30,-604.98,-520.51,-0.98,-1.04,0.24,35.07
2152,264383993,-619.14,-604.98,-523.93,-0.55,-1.22,0.49,35.03
2153,264389787,-615.23,-604.00,-524.41,0.30,-1.59,0.55,35.07
2154,264393836,-622.56,-604.98,-517.09,1.16,-1.89,0.85,34.93
2155,264397885,-623.54,-608.89,-522.46,1.46,-2.44,1.16,35.22
2156,264401944,-624.02,-608.40,-520.02,1.59,-3.05,1.34,35.03
2157,264405993,-624.51,-605.96,-522.46,1.22,-2.99,0.73,35.07
2158,264411787,-622.07,-603.03,-521.48,0.79,-2.74,0.79,35.03
2159,264415836,-627.93,-605.47,-530.27,0.37,-2.26,0.55,35.03
2160,264419885,-630.37,-608.89,-521.48,0.61,-2.26,0.30,34.93
2161,264423944,-627.93,-605.47,-521.97,0.91,-1.65,0.37,35.03
2162,264427993,-625.00,-607.42,-527.34,1.46,-1.46,0.43,35.07
2163,264433787,-627.44,-606.45,-526.37,1.65,-0.91,0.18,34.88
2164,264437836,-626.95,-608.89,-518.07,2.07,-0.67,0.06,34.93
2165,264441885,-624.02,-610.35,-524.41,1.83,-0.67,0.24,35.22
2166,264445944,-630.86,-611.33,-525.88,1.65,-1.22,0.18,35.22
2167,264449993,-625.49,-616.70,-525.39,2.13,-1.65,0.43,35.03
2168,264455787,-627.44,-611.82,-521.00,2.32,-1.71,0.18,35.07
2169,264459836,-624.02,-616.21,-521.97,1.89,-1.28,-0.18,35.07
2170,264463885,-620.61,-615.23,-523.44,2.26,-1.04,-0.30,34.93
2171,264467944,-616.21,-613.28,-520.02,1.83,-0.61,-0.43,34.83
2172,264473787,-614.75,-616.21,-515.62,1.89,-0.43,-0.43,35.41
2173,264477836,-620.12,-614.75,-513.18,1.59,-0.30,-0.61,34.93
2174,264481885,-619.14,-615.72,-513.67,0.91,-0.43,-0.61,35.07
2175,264485944,-614.75,-613.28,-515.62,0.30,-0.37,-0.55,34.64
2176,264489993,-614.26,-614.26,-511.72,-0.37,-0.43,-0.49,35.17
2177,264495787,-609.38,-610.35,-518.07,-0.61,-0.67,-0.43,35.07
2178,264499836,-613.28,-605.47,-514.16,-1.16,-1.28,-0.30,34.93
2179,264503885,-616.70,-607.42,-521.48,-0.98,-2.01,-0.30,35.41
2180,264507944,-619.63,-610.35,-522.95,-0.79,-2.50,-0.18,35.07
2181,264511993,-618.16,-607.91,-524.41,-0.61,-3.17,-0.12,35.07
2182,264517787,-616.21,-606.93,-529.79,-0.12,-3.05,0.00,35.22
2183,264521836,-618.16,-604.98,-533.20,0.37,-3.17,0.24,35.07
2184,264525885,-617.68,-604.98,-529.30,0.37,-2.87,0.43,34.74
2185,264529944,-624.51,-613.28,-531.74,0.67,-2.74,0.00,35.07
2186,264533993,-626.95,-606.45,-528.81,0.06,-2.74,0.12,35.07
2187,264539787,-624.02,-608.89,-531.25,-0.06,-2.56,-0.12,34.93
2188,264543836,-619.63,-615.23,-529.30,-0.06,-1.95,-0.30,34.93
2189,264547885,-623.54,-612.30,-526.86,0.06,-1.52,-0.30,34.74
2190,264551943,-627.93,-608.40,-531.25,-0.18,-1.16,-0.37,35.36
2191,264555993,-623.05,-606.93,-524.41,-0.18,-0.91,-0.37,34.93
2192,264561787,-627.93,-614.26,-523.93,-0.18,-0.98,-0.49,34.83
2193,264565836,-627.44,-612.30,-521.48,-0.12,-1.16,-0.49,34.74
2194,264569885,-622.56,-607.42,-525.88,-0.18,-0.98,-0.73,35.07
2195,264573944,-623.54,-606.45,-521.48,-0.43,-0.85,-0.79,34.93
2196,264577993,-625.49,-612.79,-520.51,-0.91,-1.22,-1.16,34.64
2197,264583787,-625.98,-607.91,-520.51,-1.04,-1.34,-1.22,34.64
2198,264587836,-620.12,-608.89,-528.81,-0.79,-1.34,-1.28,35.17
2199,264591885,-621.09,-608.89,-524.41,-0.55,-1.52,-1.16,34.93
2200,264595944,-620.12,-610.84,-524.90,-0.43,-1.22,-1.22,35.17
2201,264599993,-619.63,-605.96,-523.44,-0.06,-0.98,-0.98,35.07
2202,264605787,-618.65,-604.00,-524.90,0.12,-0.67,-1.22,35.17
2203,264609836,-614.26,-605.47,-526.86,0.12,-0.37,-1.04,34.93
2204,264613885,-617.68,-601.07,-523.44,0.06,-0.12,-0.73,34.93
2205,264617944,-615.23,-605.47,-521.48,-0.06,-0.49,-0.73,35.07
2206,264621993,-613.77,-604.98,-518.55,-0.37,-0.43,-0.43,34.93
2207,264627787,-611.82,-606.45,-522.95,-0.61,-0.18,-0.73,35.22
2208,264631836,-613.28,-602.54,-522.95,-0.91,-0.24,-0.43,35.07
2209,264635885,-613.77,-604.00,-521.97,-1.16,-0.73,-0.37,34.93
2210,264639944,-622.56,-601.56,-517.09,-1.34,-0.73,-0.18,34.88
2211,264643993,-622.07,-605.47,-519.04,-1.34,-0.73,-0.37,35.22
2212,264649787,-616.21,-602.05,-521.48,-1.77,-0.73,-0.55,34.93
2213,264653836,-609.38,-605.96,-521.00,-1.40,-0.85,-0.24,35.22
2214,264657885,-615.72,-611.82,-520.51,-0.91,-0.98,0.06,34.74
2215,264661944,-612.79,-602.05,-515.62,-1.04,-0.61,-0.18,35.07
2216,264665993,-614.26,-606.93,-517.09,-1.04,-0.61,-0.55,34.93
2217,264671787,-608.40,-608.40,-521.00,-1.04,-0.43,-0.79,34.83
2218,264675836,-609.38,-604.00,-519.53,-0.79,-0.37,-1.10,35.03
2219,264679885,-609.38,-603.52,-517.09,-0.43,0.12,-1.04,34.93
2220,264683944,-613.77,-603.03,-519.04,-0.06,0.12,-0.85,35.17
2221,264689787,-609.38,-603.03,-519.04,0.24,0.00,-1.16,35.22
2222,264693836,-608.40,-601.07,-521.00,0.43,0.37,-1.16,35.03
2223,264697885,-604.98,-601.07,-516.60,0.73,-0.06,-1.16,35.03
2224,264701944,-603.03,-597.66,-513.67,1.04,-0.37,-1.10,34.69
2225,264705993,-602.05,-597.17,-514.65,0.98,-0.61,-0.18,34.64
2226,264711787,-606.45,-601.07,-513.18,0.85,-1.04,0.06,35.22
2227,264715836,-607.91,-599.12,-511.72,0.30,-1.40,0.12,35.03
2228,264719885,-609.86,-605.47,-502.44,-0.18,-2.01,0.49,34.93
2229,264723944,-613.28,-605.96,-508.30,-0.85,-2.26,0.49,35.17
2230,264727993,-610.84,-601.56,-512.70,-1.28,-2.07,0.49,34.74
2231,264733787,-608.40,-604.00,-515.14,-1.89,-1.22,0.67,35.07
2232,264737836,-604.98,-604.98,-514.16,-2.20,-0.67,0.79,35.07
2233,264741885,-608.89,-608.89,-505.37,-2.20,-0.43,0.79,34.88
2234,264745944,-612.79,-612.79,-512.70,-2.44,-0.67,0.98,34.93
2235,264749993,-613.28,-608.40,-513.67,-2.68,-0.73,0.79,35.27
2236,264755787,-609.38,-607.91,-513.18,-2.38,-0.85,0.49,35.03
2237,264759836,-610.35,-608.40,-510.74,-2.38,-0.30,0.73,34.74
2238,264763885,-612.79,-609.38,-512.21,-2.62,-0.67,0.73,35.07
2239,264767944,-613.28,-605.47,-508.30,-2.13,-1.22,0.73,35.17
2240,264771993,-616.70,-602.05,-515.14,-2.20,-1.71,0.85,34.64
2241,264777787,-615.23,-607.42,-520.02,-1.52,-2.07,0.91,34.74
2242,264781836,-614.75,-603.52,-526.86,-1.22,-2.13,0.98,34.83
2243,264785885,-615.72,-608.40,-526.37,-0.61,-2.07,1.34,35.22
2244,264789944,-615.72,-603.52,-528.32,-0.49,-1.77,1.59,34.88
2245,264793993,-617.68,-602.05,-524.90,-0.49,-1.95,1.52,35.46
2246,264799787,-619.63,-608.89,-526.86,-0.85,-2.26,1.46,34.88
2247,264803836,-624.51,-611.33,-525.88,-0.73,-2.13,1.71,34.83
2248,264807885,-625.49,-604.98,-527.83,-0.61,-1.95,1.71,35.07
2249,264811944,-623.54,-607.91,-529.30,-0.85,-1.52,1.77,35.07
2250,264815993,-624.51,-610.35,-529.79,-1.22,-1.34,1.65,34.74
2251,264821787,-624.51,-612.30,-531.25,-1.28,-1.22,1.71,34.93
2252,264825836,-625.98,-614.75,-529.79,-0.79,-1.16,1.65,34.74
2253,264829885,-630.37,-613.28,-532.71,-0.85,-1.46,1.52,34.88
2254,264833944,-624.51,-613.28,-529.30,-0.67,-1.52,1.22,35.03
2255,264837993,-621.09,-617.19,-529.30,-0.37,-1.22,0.91,35.07
2256,264843787,-622.07,-615.23,-525.88,-0.12,-0.55,1.04,35.17
2257,264847836,-623.05,-617.68,-525.39,0.06,-0.37,0.79,35.22
2258,264851885,-625.98,-619.14,-526.86,0.61,0.00,0.79,34.93
2259,264855944,-628.91,-621.09,-527.83,0.79,-0.18,0.55,35.07
2260,264859993,-623.05,-624.51,-518.55,0.73,-0.73,0.18,35.07
2261,264865787,-625.49,-616.70,-516.60,0.55,-0.73,0.18,34.93
2262,264869836,-613.28,-615.23,-520.02,0.55,-0.55,0.49,35.22
2263,264873885,-615.23,-618.16,-516.60,0.06,-0.49,0.55,34.69
2264,264877944,-618.65,-618.16,-519.04,0.06,-0.43,0.55,35.07
2265,264881993,-620.12,-622.07,-512.70,-0.61,-0.49,0.49,35.07
2266,264887787,-618.65,-621.09,-519.04,-1.40,-0.61,0.24,35.07
2267,264891836,-616.70,-611.82,-521.48,-1.52,-0.43,0.06,35.03
2268,264895885,-616.70,-616.21,-519.04,-1.52,-0.37,0.24,34.93
