seq,timestamp_us,ax_mg,ay_mg,az_mg,gx_dps,gy_dps,gz_dps,temp_c
0,271133247,-617.68,-602.05,-524.41,-1.65,-0.79,1.77,35.46
1,271137309,-613.28,-602.05,-529.79,-1.77,-1.10,1.52,35.55
2,271141358,-616.21,-601.07,-533.20,-1.34,-0.79,1.65,35.07
3,271146787,-613.28,-597.17,-535.64,-0.85,-0.18,1.77,35.27
4,271150836,-624.51,-600.59,-529.79,-0.73,0.00,1.59,35.03
5,271154885,-627.44,-608.89,-527.83,-0.61,0.12,1.22,35.55
6,271160787,-626.46,-602.54,-523.44,-1.16,0.06,0.98,35.41
7,271164836,-625.49,-594.73,-528.32,-1.22,0.00,0.49,35.46
8,271168885,-622.56,-602.54,-529.30,-0.91,-0.24,0.91,35.27
9,271172944,-621.58,-591.80,-530.76,-0.61,-0.30,1.04,35.07
10,271176993,-622.56,-600.10,-530.76,-0.12,-0.85,1.52,35.17
11,271181042,-621.09,-607.91,-527.83,0.06,-1.34,1.59,35.22
12,271186787,-620.61,-609.38,-527.34,-0.18,-1.77,1.34,35.27
13,271190836,-623.54,-609.38,-526.86,-0.43,-1.65,0.91,35.07
14,271194885,-622.56,-605.47,-531.25,0.24,-1.22,0.79,35.22
15,271198944,-621.09,-602.05,-535.16,0.67,-1.04,0.37,35.55
16,271204787,-614.26,-602.05,-526.86,1.28,-0.49,0.49,35.46
17,271208836,-616.21,-609.86,-523.44,1.95,0.12,0.55,35.17
18,271212885,-621.58,-610.35,-525.88,1.95,0.12,0.06,35.27
19,271216944,-620.12,-608.89,-518.07,1.71,0.18,-0.30,35.07
20,271220993,-617.19,-607.91,-515.62,1.59,-0.37,-0.67,35.07
21,271226787,-616.21,-600.10,-514.16,1.46,-0.30,-0.55,35.36
22,271230836,-610.84,-601.56,-518.55,1.71,-0.55,-0.18,35.75
23,271234885,-609.86,-598.14,-520.51,1.34,-0.91,0.00,35.46
24,271238944,-610.35,-600.10,-520.51,0.98,-1.04,0.55,35.07
25,271242993,-612.30,-604.49,-517.58,0.79,-1.46,0.79,35.27
26,271248787,-610.84,-607.42,-518.07,0.37,-1.89,1.16,35.17
27,271252836,-616.21,-604.98,-526.86,-0.30,-1.89,0.98,35.46
28,271256885,-613.28,-608.89,-521.97,-0.61,-1.59,0.91,35.46
29,271260944,-615.23,-606.93,-526.37,-0.61,-0.98,1.04,35.55
30,271264993,-614.26,-605.96,-526.37,-0.61,-0.79,1.04,35.27
31,271270787,-608.40,-604.98,-530.27,-0.73,-0.61,0.85,35.07
32,271274836,-613.77,-611.82,-528.32,-0.43,-0.73,1.04,34.93
33,271278885,-612.30,-613.77,-530.76,-0.37,-0.79,0.85,35.17
34,271282944,-611.33,-614.75,-522.46,-0.24,-0.61,0.30,35.22
35,271286993,-618.16,-608.40,-527.83,-0.37,-0.49,-0.24,35.22
36,271292787,-619.63,-607.91,-532.71,-0.85,-0.85,-0.61,35.17
37,271296836,-612.79,-604.00,-538.09,-0.79,-0.73,-0.98,35.07
38,271300885,-608.89,-607.91,-537.60,-0.43,-0.79,-0.37,35.07
39,271304944,-612.30,-599.12,-528.32,-0.06,-0.91,-0.12,35.55
40,271308993,-616.70,-598.63,-531.74,0.00,-1.28,-0.18,35.22
41,271314787,-614.75,-603.03,-535.16,-0.55,-1.28,-0.06,35.46
42,271318836,-617.68,-597.66,-538.09,-1.10,-1.46,-0.37,35.27
43,271322885,-614.75,-595.21,-537.11,-1.65,-1.59,-0.12,34.93
44,271326944,-610.35,-593.75,-541.02,-1.83,-2.01,0.18,35.17
45,271330993,-612.30,-594.24,-543.46,-1.65,-1.65,0.79,34.93
46,271336787,-620.12,-597.17,-541.99,-1.10,-1.40,0.91,35.55
47,271340836,-625.49,-597.66,-542.48,-1.22,-1.71,0.85,35.46
48,271344885,-623.54,-600.10,-545.90,-1.71,-1.46,0.79,35.17
49,271348944,-628.42,-598.14,-542.97,-2.38,-1.16,0.37,35.17
50,271352993,-629.39,-600.59,-544.92,-2.44,-0.98,0.37,35.22
51,271358787,-628.91,-599.12,-545.90,-2.44,-0.73,0.00,35.22
52,271362836,-631.84,-594.73,-548.83,-2.07,-0.30,0.12,35.36
53,271366885,-628.42,-602.05,-550.29,-0.98,-0.30,-0.06,35.17
54,271370944,-627.44,-603.52,-542.48,-0.24,0.12,-0.37,35.41
55,271374993,-630.37,-601.07,-536.62,-0.06,0.30,-0.30,35.07
56,271380787,-628.91,-595.21,-540.04,0.12,0.37,-0.43,35.46
57,271384836,-621.09,-593.26,-541.50,0.79,0.12,-0.49,35.36
58,271388885,-623.54,-594.24,-536.62,0.79,-0.06,-0.37,35.03
59,271392944,-624.51,-596.19,-533.20,0.79,-0.30,-0.18,35.07
60,271396993,-625.00,-594.24,-532.71,0.67,-0.12,-0.37,35.46
61,271402787,-622.07,-591.80,-533.20,0.61,0.00,-0.43,35.55
62,271406836,-620.12,-592.29,-528.81,0.91,0.37,-0.55,35.07
63,271410885,-618.16,-590.33,-525.88,0.73,0.79,-0.37,34.93
64,271414944,-610.35,-588.87,-526.37,0.37,0.98,-0.24,35.46
65,271420787,-604.49,-594.24,-521.97,0.18,1.04,0.00,35.36
66,271424836,-604.00,-591.80,-515.62,-0.43,1.22,-0.43,35.27
67,271428885,-607.42,-593.75,-518.07,-0.49,1.16,-0.61,35.46
68,271432944,-603.03,-595.21,-515.62,-0.43,1.22,-0.55,35.03
69,271436993,-601.56,-590.82,-516.60,-0.18,0.98,-0.37,35.46
70,271442787,-599.61,-587.89,-520.02,0.18,0.79,-0.18,35.22
71,271446836,-601.07,-595.70,-520.02,0.91,0.00,0.67,35.22
72,271450885,-603.03,-593.75,-515.62,1.16,-0.85,1.10,34.93
73,271454944,-606.45,-594.24,-514.65,1.28,-1.16,1.40,35.07
74,271458993,-607.42,-599.61,-514.65,1.10,-1.59,1.89,35.22
75,271464787,-607.91,-597.66,-514.65,0.85,-1.89,1.83,35.17
76,271468836,-608.89,-605.96,-514.65,0.55,-1.83,2.32,35.07
77,271472885,-605.47,-599.12,-516.11,0.06,-1.59,2.68,35.36
78,271476944,-610.35,-607.91,-515.14,-0.37,-1.22,2.62,35.27
79,271480993,-615.23,-606.93,-517.58,-0.67,-0.79,2.50,35.22
80,271486787,-616.70,-612.30,-513.18,-1.28,-0.43,1.89,35.17
81,271490836,-619.14,-610.84,-513.18,-1.77,0.00,1.10,35.07
82,271494885,-620.12,-608.40,-520.02,-2.20,0.18,0.37,35.07
83,271498944,-612.79,-607.91,-519.04,-2.32,0.18,-0.12,35.17
84,271502993,-610.84,-606.93,-523.44,-1.46,0.55,-0.12,35.07
85,271508787,-614.26,-602.54,-519.53,-0.91,0.12,0.12,35.07
86,271512836,-619.14,-605.47,-522.95,-0.61,-0.98,0.12,35.07
87,271516885,-614.26,-608.89,-518.55,-0.18,-2.01,0.55,35.27
88,271520944,-615.72,-608.89,-524.41,-0.06,-2.44,0.61,35.55
89,271524993,-617.68,-604.98,-530.27,0.37,-2.44,0.85,35.17
90,271530787,-618.65,-604.00,-526.86,0.12,-2.01,1.16,35.17
91,271534836,-619.63,-609.38,-525.39,0.12,-1.77,1.22,35.36
92,271538885,-624.02,-609.38,-525.88,-0.30,-1.77,1.65,35.46
93,271542944,-622.56,-613.77,-525.39,-0.55,-1.52,1.34,35.22
94,271546993,-618.16,-611.33,-527.34,-0.91,-1.16,1.10,34.93
95,271552787,-622.07,-611.33,-531.74,-1.52,-0.61,0.73,35.60
96,271556836,-621.09,-611.33,-531.74,-2.07,0.18,0.61,35.07
97,271560885,-617.68,-605.96,-524.41,-2.20,0.18,0.37,35.22
98,271564944,-619.14,-608.89,-531.25,-2.13,0.49,0.12,35.36
99,271568993,-616.70,-610.35,-533.20,-2.07,-0.06,0.00,35.55
100,271574787,-616.70,-615.72,-539.55,-1.83,-0.30,-0.12,35.46
101,271578836,-621.58,-609.86,-533.69,-1.46,-0.49,-0.06,35.41
102,271582885,-621.09,-602.05,-534.18,-1.22,-0.91,0.06,35.03
103,271586944,-617.68,-604.98,-535.16,-1.10,-0.79,-0.18,35.36
104,271590993,-620.12,-602.54,-539.55,-0.98,-1.10,-0.12,35.03
105,271596787,-614.75,-599.12,-536.13,-0.79,-1.28,0.49,35.41
106,271600836,-614.26,-606.93,-540.53,-0.91,-1.34,0.67,35.22
107,271604885,-621.09,-612.79,-539.55,-0.91,-1.46,0.67,34.88
108,271608944,-622.56,-606.93,-539.55,-1.16,-1.22,0.55,35.22
109,271612993,-620.61,-606.93,-539.55,-1.46,-1.10,0.37,35.46
110,271618787,-621.58,-604.00,-544.43,-1.59,-1.22,0.18,35.70
111,271622836,-617.19,-609.86,-545.90,-1.71,-0.49,0.24,35.22
112,271626885,-619.14,-607.42,-546.88,-1.77,-0.49,0.18,35.07
113,271630944,-622.56,-610.35,-544.43,-1.89,-0.61,0.00,35.60
114,271636787,-629.88,-609.38,-543.95,-1.40,-0.67,0.12,35.22
115,271640836,-623.05,-601.56,-543.46,-0.91,-0.37,0.00,35.46
116,271644885,-621.58,-599.61,-541.02,-0.67,-0.37,-0.43,35.41
117,271648944,-625.49,-605.96,-540.53,-0.30,-0.24,-0.55,34.93
118,271652993,-626.95,-606.45,-539.55,0.37,-0.49,-0.91,35.46
119,271658787,-624.51,-601.07,-537.11,0.55,-0.67,-1.16,35.41
120,271662836,-625.00,-599.61,-537.60,0.98,-0.37,-1.16,35.70
121,271666885,-617.19,-604.98,-533.69,1.34,-0.55,-1.10,35.46
122,271670944,-621.09,-603.03,-536.13,1.28,-0.85,-1.04,35.36
123,271674993,-617.68,-600.59,-529.79,0.73,-0.24,-0.61,35.07
124,271680787,-617.68,-597.66,-528.81,-0.18,-0.18,-0.67,35.36
125,271684836,-611.82,-597.66,-525.88,-1.04,0.30,-0.67,35.55
126,271688885,-615.72,-595.70,-528.32,-1.65,0.55,-0.85,35.55
127,271692944,-612.30,-594.73,-527.83,-2.07,0.61,-0.67,35.07
128,271696993,-605.96,-592.29,-527.83,-2.80,0.79,-0.98,35.46
129,271702787,-608.89,-590.82,-527.34,-2.74,0.73,-0.43,35.17
130,271706836,-608.40,-594.24,-530.76,-2.26,0.73,-0.06,35.07
131,271710885,-607.91,-589.84,-534.67,-2.13,0.30,-0.37,35.41
132,271714944,-607.91,-590.82,-529.30,-1.71,0.06,-0.12,35.22
133,271718993,-604.98,-587.89,-530.27,-1.28,-0.18,-0.06,34.93
134,271724787,-608.40,-588.38,-527.34,-0.91,-0.61,-0.12,35.03
135,271728836,-608.89,-589.36,-524.90,-0.49,-0.85,0.18,35.22
136,271732885,-608.89,-585.45,-527.83,-0.18,-0.61,0.49,35.27
137,271736944,-612.30,-588.38,-533.69,0.12,-0.79,0.73,35.27
138,271740993,-615.72,-589.36,-528.81,0.43,-0.43,0.85,35.22
139,271746787,-613.28,-590.33,-520.51,0.24,-0.61,1.22,35.07
140,271750836,-616.21,-587.89,-523.93,-0.12,-0.91,0.98,35.27
141,271754885,-613.77,-594.73,-528.32,-0.37,-0.37,0.79,35.22
142,271758944,-613.28,-590.82,-524.90,-0.67,-0.30,0.98,35.36
143,271762993,-610.84,-591.80,-523.44,-0.91,0.06,0.85,35.07
144,271768787,-612.30,-589.84,-525.39,-1.10,0.30,0.98,35.07
145,271772836,-617.68,-593.26,-523.93,-1.10,0.73,0.91,35.27
146,271776885,-616.70,-597.66,-521.00,-1.04,0.18,0.55,35.07
147,271780944,-613.28,-591.31,-521.97,-0.49,0.18,0.06,35.07
148,271784993,-608.40,-590.33,-524.90,-0.67,0.00,0.43,35.55
149,271790787,-609.38,-590.33,-521.97,-0.24,0.00,0.30,35.36
150,271794836,-614.75,-601.07,-520.02,0.24,-0.49,0.61,35.17
151,271798885,-612.30,-597.66,-515.62,0.06,-1.10,0.43,34.93
152,271802944,-609.86,-595.21,-521.48,0.12,-1.16,0.37,34.93
153,271806993,-609.38,-596.19,-522.95,0.12,-1.46,0.79,35.22
154,271812787,-609.38,-598.63,-522.46,0.00,-1.22,0.85,35.60
155,271816836,-615.72,-596.68,-520.02,0.43,-1.04,0.85,35.17
156,271820885,-612.79,-602.54,-520.51,0.12,-1.04,0.98,35.07
157,271824944,-610.84,-598.63,-518.07,0.06,-1.22,1.22,35.46
158,271828993,-611.33,-596.68,-518.07,-0.43,-0.91,1.04,34.93
159,271834787,-611.33,-596.19,-519.53,-0.67,-1.04,1.04,35.55
160,271838836,-613.77,-596.19,-522.95,-0.98,-0.37,0.91,35.55
161,271842885,-606.45,-600.59,-521.48,-0.79,-0.18,1.22,35.07
162,271846944,-613.28,-597.66,-525.39,-1.04,-0.06,1.34,35.41
163,271852787,-614.26,-600.10,-521.00,-1.10,-0.61,1.16,35.27
164,271856836,-614.26,-604.00,-523.93,-1.16,-1.10,1.34,35.46
165,271860885,-611.82,-604.98,-523.44,-1.46,-1.52,1.34,35.55
166,271864944,-612.30,-599.61,-529.79,-1.46,-1.22,1.28,35.07
167,271868993,-614.75,-602.54,-532.71,-1.71,-1.46,1.16,35.36
168,271874787,-614.26,-609.38,-533.20,-2.01,-1.46,0.73,35.27
169,271878836,-617.19,-602.05,-538.09,-2.13,-1.10,0.43,35.07
170,271882885,-618.16,-597.66,-538.57,-2.26,-1.04,0.30,35.17
171,271886944,-617.19,-596.68,-538.09,-1.83,-1.04,0.06,35.17
172,271890993,-618.65,-597.66,-537.60,-1.28,-1.04,-0.18,35.07
173,271896787,-616.70,-600.10,-537.60,-0.91,-0.73,-0.12,35.46
174,271900836,-615.72,-592.29,-544.43,-0.73,-1.16,0.06,35.55
175,271904885,-611.33,-591.80,-542.48,-0.30,-1.28,0.06,35.60
176,271908944,-614.75,-588.87,-538.57,-0.43,-1.46,0.49,35.22
177,271912993,-612.30,-596.19,-540.04,-0.67,-1.89,0.49,35.17
178,271918787,-609.86,-602.54,-544.43,-0.61,-1.52,0.98,35.07
179,271922836,-614.26,-603.52,-536.62,-0.30,-0.98,1.04,35.07
180,271926885,-607.91,-598.14,-533.20,-0.12,-0.43,0.85,35.46
181,271930944,-613.28,-588.87,-533.69,-0.18,0.00,0.67,35.27
182,271934993,-608.40,-596.19,-535.16,-0.61,0.12,0.85,35.46
183,271940787,-604.98,-598.14,-537.11,-0.85,0.12,1.28,35.46
184,271944836,-612.30,-596.68,-529.30,-1.04,-0.37,1.95,35.07
185,271948885,-612.79,-601.07,-530.27,-1.52,-0.73,1.34,35.46
186,271952944,-614.26,-601.07,-533.69,-1.65,-1.34,1.34,35.55
187,271956993,-610.84,-606.45,-535.16,-1.95,-1.83,1.28,35.07
188,271962787,-611.33,-610.35,-536.62,-1.04,-2.01,1.59,34.93
189,271966836,-615.72,-602.05,-533.20,-0.37,-1.52,2.07,35.22
190,271970885,-620.61,-604.98,-535.64,0.06,-1.89,1.89,35.17
191,271974944,-621.09,-611.33,-530.27,0.00,-2.13,2.13,35.27
192,271978993,-624.51,-613.28,-530.76,-0.30,-2.07,1.89,34.93
193,271984787,-624.51,-610.35,-526.37,-0.73,-1.95,1.77,35.55
194,271988836,-628.91,-614.75,-529.30,-1.46,-1.46,1.65,35.60
195,271992885,-628.42,-613.77,-529.79,-1.95,-1.16,1.22,35.55
196,271996944,-625.49,-609.38,-533.69,-2.32,-0.55,1.10,35.27
197,272000993,-625.98,-611.82,-533.20,-2.20,-0.24,1.22,35.55
198,272006787,-625.98,-609.38,-528.32,-1.83,-0.06,0.98,35.55
199,272010836,-625.00,-613.28,-534.18,-2.01,0.00,0.49,35.75
200,272014885,-626.46,-611.33,-529.79,-1.83,-0.37,0.37,35.17
201,272018944,-627.93,-612.30,-535.16,-1.22,-0.43,0.49,35.17
202,272022993,-621.58,-607.42,-531.74,-1.16,-0.49,0.43,35.46
203,272028787,-625.00,-607.42,-535.16,-0.73,-0.61,0.49,35.46
204,272032836,-620.12,-615.23,-532.71,-0.24,-1.04,0.37,35.22
205,272036885,-625.00,-609.86,-532.71,-0.24,-1.10,0.37,34.93
206,272040944,-622.07,-602.05,-528.32,-0.30,-1.22,0.55,35.27
207,272044993,-626.95,-609.38,-527.34,-0.67,-1.28,0.24,35.22
208,272050787,-627.93,-613.77,-526.86,-0.73,-1.40,-0.06,35.22
209,272054836,-625.00,-610.35,-531.25,-0.61,-1.40,0.24,35.46
210,272058885,-618.16,-606.45,-533.69,-0.49,-1.52,0.55,35.27
211,272062944,-617.68,-609.38,-526.37,-0.55,-1.46,0.91,35.46
212,272068787,-624.51,-611.33,-527.83,-1.28,-1.52,0.85,35.60
213,272072836,-623.54,-619.14,-519.53,-1.71,-1.10,0.24,35.22
214,272076885,-619.63,-611.33,-524.41,-2.07,-0.67,0.18,35.17
215,272080944,-625.98,-613.77,-524.90,-2.44,0.12,0.00,34.93
216,272084993,-626.46,-610.35,-525.39,-2.44,0.00,-0.18,35.55
217,272090787,-628.42,-612.79,-527.83,-2.20,0.30,-0.49,35.55
218,272094836,-622.56,-603.52,-523.44,-1.52,0.12,-1.04,35.46
219,272098885,-625.98,-606.45,-522.95,-1.28,0.06,-1.28,35.46
220,272102944,-620.61,-605.47,-529.30,-0.98,-0.06,-0.98,35.22
221,272106993,-618.65,-600.59,-528.81,-0.67,-0.67,-0.91,35.46
222,272112787,-621.58,-601.56,-523.44,-0.61,-0.67,-1.40,35.41
223,272116836,-615.23,-602.54,-525.88,-0.67,-0.98,-1.59,35.07
224,272120885,-612.79,-600.59,-526.86,-0.91,-1.16,-1.52,35.22
225,272124944,-613.28,-594.73,-527.34,-0.91,-0.85,-1.46,35.22
226,272128993,-609.38,-595.70,-528.81,-0.61,-0.91,-0.98,35.27
227,272134787,-610.35,-587.40,-526.86,-0.55,-1.04,-0.85,35.17
228,272138836,-610.35,-591.31,-525.39,-0.67,-0.55,-0.85,34.93
229,272142885,-608.40,-599.12,-525.39,-1.04,-0.12,-0.55,35.46
230,272146944,-610.35,-598.14,-525.88,-1.34,0.00,-0.37,35.46
231,272150993,-612.30,-598.14,-525.88,-1.95,0.37,-0.12,35.36
232,272156787,-615.72,-600.59,-520.51,-2.93,0.24,-0.49,35.46
233,272160836,-610.35,-601.56,-522.95,-3.84,-0.24,-0.61,35.07
234,272164885,-607.91,-595.70,-529.30,-4.15,-0.55,-0.73,35.22
235,272168944,-611.82,-597.66,-525.88,-4.09,-0.61,-0.49,35.36
236,272172993,-608.40,-594.73,-536.13,-3.60,-0.61,-0.37,35.36
237,272178787,-610.35,-596.19,-528.81,-2.68,-0.98,-0.49,35.22
238,272182836,-614.26,-599.61,-533.69,-1.77,-1.04,-0.43,35.07
239,272186885,-621.09,-600.10,-530.27,-1.22,-1.34,-0.49,35.27
240,272190944,-611.82,-596.68,-532.23,-1.16,-1.28,-0.67,35.27
241,272194993,-614.75,-595.21,-535.64,-0.85,-1.34,-0.55,35.17
242,272200787,-616.21,-596.68,-528.32,-0.73,-1.34,-0.24,35.46
243,272204836,-614.75,-594.24,-529.79,-1.10,-0.98,-0.43,35.27
244,272208885,-614.75,-593.75,-528.32,-1.77,-1.22,-0.55,35.03
245,272212944,-612.79,-591.80,-523.93,-2.13,-1.10,-0.67,35.07
246,272216993,-612.79,-592.29,-525.39,-1.95,-0.55,-0.37,35.60
247,272222787,-608.89,-592.77,-530.76,-1.65,-0.30,-0.12,35.07
248,272226836,-610.84,-589.36,-531.25,-1.89,-0.37,-0.30,35.17
249,272230885,-613.28,-592.29,-528.81,-2.20,-0.55,-0.24,35.07
250,272234944,-609.38,-591.31,-527.34,-2.20,-1.10,-0.18,35.36
251,272238993,-614.26,-594.24,-525.39,-1.89,-1.40,0.12,35.27
252,272244787,-611.82,-588.87,-530.27,-1.16,-1.16,0.18,35.22
253,272248836,-613.28,-589.36,-526.86,-0.85,-1.52,0.49,35.07
254,272252885,-614.26,-591.31,-526.86,-0.85,-1.83,0.79,35.07
255,272256944,-615.23,-589.36,-528.81,-0.67,-2.20,0.79,35.27
256,272260993,-610.84,-587.40,-525.88,-0.85,-1.71,0.73,35.17
257,272266787,-608.40,-591.31,-529.30,-1.28,-2.01,0.30,35.46
258,272270836,-605.47,-587.40,-528.81,-1.46,-1.59,0.30,35.55
259,272274885,-614.26,-585.94,-526.37,-1.22,-1.34,0.43,35.03
260,272278944,-618.65,-594.24,-524.41,-1.10,-1.34,0.61,35.55
261,272284787,-623.05,-595.21,-527.83,-0.85,-1.52,0.55,35.27
262,272288836,-617.68,-591.31,-534.18,-0.85,-1.10,0.91,35.22
263,272292885,-615.72,-592.29,-530.27,-1.04,-0.85,1.46,35.22
264,272296944,-615.23,-586.91,-530.27,-1.10,-1.28,1.65,35.17
265,272300993,-618.16,-598.63,-530.76,-1.34,-2.13,2.13,35.41
266,272306787,-618.65,-599.61,-526.86,-1.77,-2.56,1.89,35.60
267,272310836,-619.63,-599.61,-532.71,-2.32,-2.56,1.16,35.55
268,272314885,-619.63,-597.66,-533.69,-2.13,-1.95,1.40,35.55
269,272318944,-618.16,-592.29,-534.67,-1.22,-0.98,1.46,34.93
270,272322993,-621.09,-600.10,-531.25,-0.30,0.37,1.28,35.27
271,272328787,-620.12,-595.70,-530.76,-0.24,0.79,1.04,35.36
272,272332836,-605.96,-597.66,-538.57,-0.37,1.10,0.12,35.07
273,272336885,-613.28,-599.12,-533.20,0.06,2.01,0.98,35.46
274,272340944,-622.56,-597.17,-530.27,-0.24,1.89,0.61,35.55
275,272344993,-616.70,-594.24,-528.81,-1.40,0.79,0.49,35.27
276,272350787,-615.72,-598.63,-523.93,-2.62,0.24,0.43,35.46
277,272354836,-605.47,-593.75,-530.27,-3.17,-0.61,0.49,35.07
278,272358885,-608.89,-593.75,-526.86,-2.74,-0.61,1.10,35.17
279,272362944,-609.38,-597.66,-524.90,-1.83,-0.49,1.34,35.27
280,272366993,-610.84,-601.56,-522.95,-2.07,0.24,1.71,35.46
281,272372787,-607.42,-604.98,-519.53,-2.56,0.49,1.77,35.07
282,272376836,-613.28,-609.86,-518.07,-3.60,0.91,1.89,35.22
283,272380885,-610.84,-613.77,-516.11,-4.70,1.04,1.83,35.46
284,272384944,-610.35,-606.45,-517.58,-5.91,1.10,1.77,35.22
285,272388993,-610.35,-613.28,-520.51,-7.01,0.98,1.40,35.07
286,272394787,-609.38,-616.21,-519.53,-7.26,1.59,1.65,35.03
287,272398836,-610.84,-620.12,-522.46,-7.93,1.77,1.83,35.27
288,272402885,-616.21,-625.49,-519.53,-8.48,1.65,1.65,35.27
289,272406944,-619.14,-631.35,-524.90,-9.39,1.34,0.67,35.22
290,272410993,-619.63,-633.79,-528.32,-9.39,1.22,0.61,35.17
291,272416787,-617.19,-635.74,-534.18,-8.96,1.34,0.12,35.17
292,272420836,-626.46,-639.16,-557.62,-6.71,0.91,-0.61,35.60
293,272424885,-613.28,-620.61,-545.90,-4.27,0.30,-1.04,35.22
294,272428944,-614.75,-613.77,-525.39,-4.63,-1.22,-0.37,35.46
295,272432993,-622.07,-629.39,-540.04,-4.76,-1.59,-0.12,35.17
296,272438787,-626.46,-639.16,-558.59,-2.74,-2.93,0.06,35.22
297,272442836,-629.88,-650.39,-556.64,-2.01,-4.15,0.06,35.46
298,272446885,-624.02,-649.41,-558.11,-1.77,-4.51,0.00,35.55
299,272450944,-635.74,-643.07,-559.08,-1.77,-4.33,0.06,35.46
300,272454993,-635.25,-646.00,-557.13,-2.74,-3.78,-0.12,35.22
301,272460787,-635.74,-651.37,-571.78,-3.41,-3.48,-0.18,35.46
302,272464836,-643.07,-661.13,-578.61,-2.62,-1.77,-0.06,35.22
303,272468885,-646.48,-653.81,-581.54,-2.32,-1.34,-0.24,35.17
304,272472944,-644.53,-660.16,-577.64,-2.74,-0.55,-0.37,35.46
305,272476993,-646.48,-665.04,-582.03,-3.90,0.12,-1.04,35.07
306,272482787,-642.09,-668.95,-581.54,-4.45,0.55,-1.22,35.22
307,272486836,-642.09,-667.97,-583.01,-5.06,0.43,-2.01,35.55
308,272490885,-645.51,-668.95,-584.96,-4.94,0.55,-2.56,35.17
309,272494944,-643.07,-668.95,-600.59,-4.57,0.79,-2.87,35.41
310,272500787,-646.97,-672.36,-604.00,-3.96,1.28,-2.74,35.55
311,272504836,-655.27,-677.25,-605.96,-3.90,1.04,-2.62,35.46
312,272508885,-654.30,-681.64,-604.49,-3.96,0.49,-2.80,35.60
313,272512944,-651.86,-686.04,-587.89,-4.02,-0.12,-2.74,35.03
314,272516993,-652.34,-667.97,-606.45,-4.51,-1.52,-2.20,35.17
315,272521042,-654.30,-687.99,-637.70,-5.91,-0.98,-2.68,35.55
316,272526787,-663.57,-699.22,-652.34,-6.65,0.55,-3.84,35.46
317,272530836,-666.50,-705.08,-628.91,-7.44,1.59,-3.72,35.46
318,272534885,-681.64,-697.75,-622.56,-5.85,2.62,-3.05,35.46
319,272538944,-678.71,-710.94,-627.44,-5.18,3.23,-3.78,35.46
320,272544787,-677.25,-712.89,-634.28,-5.67,3.66,-5.06,35.46
321,272548836,-690.92,-729.49,-629.88,-5.12,5.12,-4.51,35.27
322,272552885,-709.47,-745.12,-610.35,-2.99,6.22,-4.51,35.46
323,272556944,-713.87,-753.91,-604.00,-1.46,6.22,-5.00,35.46
324,272560993,-736.82,-773.93,-615.23,-0.06,7.26,-5.91,35.27
325,272566787,-745.12,-773.44,-645.02,4.88,7.68,-9.09,35.41
326,272570836,-743.65,-753.42,-603.03,9.09,8.23,-12.62,35.03
327,272574885,-766.11,-773.44,-591.80,10.37,7.74,-17.68,35.46
328,272578944,-742.68,-758.30,-562.50,8.35,7.87,-21.95,35.27
329,272582993,-733.89,-772.46,-571.29,3.23,8.29,-22.32,35.46
330,272588787,-708.01,-784.67,-595.70,-1.46,8.54,-20.37,35.22
331,272592836,-710.45,-775.88,-610.84,-6.83,8.05,-15.12,35.03
332,272596885,-725.59,-773.44,-625.49,-9.39,8.11,-13.90,35.27
333,272600944,-736.82,-771.97,-636.23,-11.52,7.74,-15.37,35.07
334,272604993,-730.96,-767.09,-648.44,-12.74,7.99,-18.05,35.22
335,272610787,-712.89,-763.18,-662.60,-12.56,9.57,-19.76,35.07
336,272614836,-703.61,-749.02,-676.27,-10.79,11.83,-22.01,35.03
337,272618885,-703.12,-749.02,-677.25,-9.39,13.72,-23.84,35.55
338,272622944,-693.85,-750.00,-670.41,-7.20,16.40,-25.61,35.60
339,272626993,-689.45,-740.72,-661.62,-5.67,18.54,-27.32,35.03
340,272632787,-685.06,-724.61,-657.71,-4.39,20.30,-28.66,35.46
341,272636836,-658.20,-703.61,-649.90,-2.99,21.28,-28.96,35.46
342,272640885,-658.20,-696.78,-647.46,-1.59,21.95,-29.33,34.93
343,272644944,-651.37,-687.99,-633.79,-0.12,21.40,-29.88,35.55
344,272648993,-653.32,-689.94,-638.67,2.74,21.22,-30.79,35.07
345,272654787,-649.90,-687.50,-604.98,2.93,19.57,-30.91,35.46
346,272658836,-634.77,-674.32,-610.84,3.05,15.85,-29.02,35.22
347,272662885,-623.05,-674.32,-611.33,5.30,14.15,-27.44,35.22
348,272666944,-624.02,-667.97,-608.40,8.35,12.13,-26.52,35.07
349,272670993,-639.16,-673.83,-597.66,12.56,10.06,-26.40,35.55
350,272676787,-637.21,-657.71,-583.98,16.22,8.11,-27.44,35.22
351,272680836,-621.58,-661.13,-581.54,17.62,5.61,-27.07,35.03
352,272684885,-615.23,-676.76,-586.43,16.83,3.72,-26.65,34.88
353,272688944,-613.28,-682.62,-600.59,16.46,1.10,-26.28,35.46
354,272692993,-611.33,-672.85,-595.21,16.40,-1.34,-26.52,35.46
355,272698787,-609.86,-643.07,-583.01,15.12,-3.54,-25.30,35.07
356,272702836,-582.52,-647.95,-586.91,8.96,-5.43,-24.76,35.41
357,272706885,-555.66,-661.62,-653.32,4.57,-6.04,-22.93,35.07
358,272710944,-544.92,-664.55,-684.08,2.07,-4.76,-18.41,35.55
359,272714993,-576.17,-702.15,-690.43,3.72,-6.59,-12.62,35.46
360,272720787,-614.26,-715.33,-675.78,4.88,-7.26,-9.27,35.17
361,272724836,-626.46,-697.27,-654.30,5.55,-9.15,-6.83,35.22
362,272728885,-611.82,-701.17,-655.76,9.21,-10.30,-4.02,35.17
363,272732944,-616.21,-726.56,-666.99,13.72,-10.55,-0.37,35.27
364,272738787,-635.25,-729.98,-667.97,20.18,-10.55,2.26,35.70
365,272742836,-674.32,-706.54,-642.09,30.00,-11.16,-1.52,35.46
366,272746885,-660.16,-713.38,-604.98,34.76,-11.83,-3.35,35.55
367,272750944,-658.69,-733.40,-591.31,36.77,-12.26,-4.45,35.46
368,272754993,-656.74,-729.00,-598.14,39.70,-12.07,-6.46,35.46
369,272760787,-649.41,-725.59,-587.89,43.11,-12.38,-8.35,35.46
370,272764836,-654.79,-718.26,-555.18,47.26,-13.05,-10.37,35.07
371,272768885,-647.46,-710.94,-519.04,48.05,-12.50,-13.66,35.55
372,272772944,-623.54,-677.25,-481.93,46.95,-10.85,-15.73,35.41
373,272776993,-602.05,-676.27,-459.96,44.88,-8.17,-16.04,35.41
374,272782787,-600.10,-686.52,-471.19,44.27,-6.28,-16.83,35.46
375,272786836,-579.59,-685.06,-467.77,45.37,-4.45,-22.99,35.27
376,272790885,-553.22,-678.71,-478.52,48.11,-4.39,-25.98,35.55
377,272794944,-535.64,-665.53,-479.98,50.37,-5.91,-27.44,35.07
378,272798993,-515.14,-647.46,-481.45,52.13,-6.71,-30.37,35.07
379,272804787,-486.33,-636.23,-476.07,54.57,-6.77,-33.35,35.22
380,272808836,-458.01,-604.98,-450.68,55.85,-7.38,-36.28,35.36
381,272812885,-439.45,-588.87,-447.75,55.85,-7.20,-38.17,35.55
382,272816944,-430.66,-566.41,-436.04,54.88,-5.49,-40.00,35.70
383,272820993,-420.90,-545.90,-426.76,52.80,-2.01,-40.79,35.07
384,272826787,-412.11,-528.81,-417.48,49.51,2.44,-42.01,35.07
385,272830836,-384.77,-491.21,-401.86,44.15,7.32,-42.44,35.07
386,272834885,-372.07,-486.82,-384.77,40.67,9.63,-42.38,35.46
387,272838944,-355.96,-453.61,-362.30,37.56,12.07,-41.40,35.27
388,272842993,-341.80,-431.64,-376.46,33.35,13.84,-37.99,35.27
389,272848787,-321.29,-416.50,-358.40,29.70,14.94,-32.50,35.22
390,272852836,-312.50,-410.64,-321.78,24.88,14.45,-23.05,35.07
391,272856885,-322.75,-413.09,-335.94,21.59,12.74,-16.22,35.41
392,272860944,-360.35,-429.20,-382.32,22.07,8.17,-13.48,35.27
393,272864993,-351.07,-383.30,-379.88,26.22,3.66,-15.98,35.03
394,272870787,-317.87,-367.68,-388.67,28.48,1.10,-11.89,35.60
395,272874836,-322.27,-408.20,-375.49,30.30,-1.46,-4.82,35.46
396,272878885,-330.57,-418.95,-359.86,31.04,-3.35,-0.91,35.55
397,272882944,-335.45,-425.78,-361.82,29.21,-7.38,2.93,35.46
398,272886993,-348.14,-432.13,-373.54,26.40,-9.63,7.26,35.27
399,272892787,-357.91,-434.08,-384.77,25.24,-10.55,11.22,35.22
400,272896836,-372.56,-464.36,-380.37,23.90,-10.91,15.55,35.22
401,272900885,-390.62,-466.31,-378.42,21.34,-9.33,16.77,35.03
402,272904944,-406.25,-471.19,-376.95,17.62,-6.46,17.56,35.27
403,272908993,-414.06,-478.03,-376.46,13.29,-3.41,16.46,35.55
404,272914787,-428.71,-492.68,-388.18,10.00,-0.06,15.12,35.07
405,272918836,-437.50,-509.28,-404.79,7.93,3.17,14.02,35.46
406,272922885,-447.27,-534.18,-410.16,7.13,3.84,13.84,35.07
407,272926944,-455.57,-557.62,-413.09,7.07,3.60,13.60,35.17
408,272930993,-469.24,-562.50,-412.11,7.13,2.44,12.68,35.46
409,272936787,-486.82,-567.87,-413.57,7.50,0.00,11.95,35.22
410,272940836,-489.75,-584.47,-429.69,8.72,-2.68,12.32,35.36
411,272944885,-500.49,-602.05,-439.45,10.73,-4.51,13.90,35.17
412,272948944,-505.86,-619.14,-444.82,13.60,-6.59,16.10,35.27
413,272954787,-521.00,-631.84,-447.75,16.16,-8.11,18.48,35.17
414,272958836,-535.16,-658.69,-459.47,19.63,-8.41,20.55,35.27
415,272962885,-557.13,-644.53,-437.99,22.44,-6.89,19.15,35.17
416,272966944,-562.01,-663.09,-416.99,22.80,-7.20,16.22,35.03
417,272970993,-561.04,-684.08,-409.67,21.40,-6.22,13.66,35.36
418,272976787,-562.99,-686.52,-415.04,19.76,-4.09,11.65,35.17
419,272980836,-576.17,-707.52,-415.04,19.09,-0.49,8.05,35.55
420,272984885,-577.15,-719.24,-406.25,19.51,2.01,5.55,35.46
421,272988944,-584.96,-696.78,-382.32,17.93,3.78,3.66,35.46
422,272992993,-596.19,-698.24,-363.77,14.27,5.91,0.12,35.22
423,272998787,-593.26,-710.94,-365.23,9.70,7.26,-3.23,35.46
424,273002836,-564.45,-704.59,-361.82,4.15,8.48,-3.41,35.46
425,273006885,-568.85,-713.87,-366.70,-0.12,9.27,-1.40,35.55
426,273010944,-582.03,-707.03,-371.58,-2.07,9.09,-2.13,35.46
427,273014993,-576.17,-701.66,-372.07,-3.29,8.66,-3.54,35.55
428,273020787,-565.43,-695.31,-380.86,-3.78,8.05,-4.27,35.07
429,273024836,-554.69,-690.92,-384.28,-3.78,7.93,-4.21,35.22
430,273028885,-555.18,-682.13,-378.42,-3.78,7.87,-4.33,35.27
431,273032944,-548.83,-675.78,-379.88,-2.74,7.50,-4.15,35.27
432,273036993,-544.92,-670.41,-376.46,-1.83,7.32,-4.39,35.70
433,273042787,-536.62,-659.67,-382.81,-2.07,7.32,-4.39,35.07
434,273046836,-527.34,-641.60,-373.05,-3.11,7.74,-4.15,35.17
435,273050885,-523.93,-638.67,-374.02,-4.39,8.29,-4.21,35.55
436,273054944,-513.18,-625.49,-371.58,-6.04,8.90,-4.21,35.60
437,273058993,-509.77,-617.68,-370.61,-7.20,9.21,-4.02,35.07
438,273064787,-500.98,-606.45,-368.65,-8.05,9.33,-3.84,34.93
439,273068836,-495.12,-593.75,-367.19,-9.88,9.15,-3.23,35.22
440,273072885,-500.00,-599.61,-370.61,-11.16,8.66,-3.35,35.46
441,273076944,-495.61,-592.29,-371.09,-11.89,7.62,-2.38,35.22
442,273080993,-495.12,-584.96,-374.02,-12.44,5.85,-2.07,35.07
443,273086787,-491.70,-571.78,-384.28,-11.71,4.63,-1.40,35.46
444,273090836,-479.00,-559.57,-384.77,-10.43,4.02,-0.12,35.46
445,273094885,-474.12,-554.20,-375.98,-9.51,3.78,1.28,35.22
446,273098944,-482.42,-553.22,-371.09,-8.90,3.48,1.95,35.46
447,273102993,-494.14,-557.13,-366.21,-8.96,2.74,2.13,35.36
448,273108787,-492.19,-548.83,-360.35,-9.39,2.01,1.34,35.60
449,273112836,-495.61,-529.30,-361.82,-9.94,2.13,1.04,35.55
450,273116885,-493.65,-512.21,-357.42,-10.55,2.62,1.04,35.22
451,273120944,-491.21,-505.86,-355.96,-10.73,2.80,0.98,35.22
452,273124993,-494.63,-487.79,-344.73,-10.91,2.74,1.71,35.46
453,273130787,-494.63,-477.05,-334.96,-11.10,2.56,2.01,35.07
454,273134836,-492.68,-454.59,-317.38,-11.22,2.50,2.99,35.46
455,273138885,-500.98,-458.98,-318.85,-11.71,2.32,3.96,34.93
456,273142944,-492.19,-456.05,-320.80,-11.34,2.68,3.60,35.46
457,273146993,-484.37,-437.01,-306.15,-11.16,3.78,3.60,35.22
458,273152787,-486.33,-431.15,-308.59,-10.85,4.09,4.21,35.46
459,273156836,-492.19,-430.18,-291.02,-11.34,3.96,4.70,35.55
460,273160885,-495.61,-429.20,-285.16,-11.77,3.54,4.76,35.22
461,273164944,-493.16,-424.32,-292.97,-13.11,2.99,4.63,35.55
462,273170787,-490.72,-412.60,-291.99,-15.06,2.93,3.90,35.46
463,273174836,-494.63,-373.05,-278.81,-20.30,3.96,0.24,35.55
464,273178885,-499.51,-402.83,-290.53,-25.85,5.00,-4.94,35.03
465,273182944,-492.68,-437.01,-311.04,-28.23,5.55,-10.12,34.88
466,273186993,-466.80,-421.87,-315.92,-31.71,6.28,-14.45,35.55
467,273192787,-436.52,-420.41,-316.41,-36.95,5.98,-14.33,35.22
468,273196836,-415.04,-455.08,-290.04,-42.20,4.33,-9.15,35.46
469,273200885,-395.51,-428.71,-271.97,-49.21,2.26,-3.54,35.55
470,273204944,-387.21,-448.73,-299.32,-55.73,0.67,2.13,35.22
471,273208993,-390.62,-472.17,-362.79,-55.79,-0.06,9.51,35.07
472,273214787,-393.07,-465.82,-377.93,-51.83,1.89,14.27,35.46
473,273218836,-370.61,-444.34,-363.28,-46.46,0.91,17.20,35.07
474,273222885,-375.00,-439.94,-375.98,-39.82,-1.65,21.46,35.60
475,273226944,-381.84,-446.78,-410.64,-33.17,-4.39,24.63,35.55
476,273230993,-376.46,-438.48,-408.69,-24.51,-8.84,26.89,35.17
477,273236787,-391.11,-463.38,-419.43,-15.98,-13.17,29.45,35.03
478,273240836,-398.44,-479.49,-422.85,-7.74,-17.62,33.41,34.93
479,273244885,-416.02,-486.82,-426.27,-4.33,-21.22,34.76,35.17
480,273248944,-439.45,-496.09,-441.89,-3.90,-25.24,34.94,34.93
481,273252993,-470.70,-517.58,-455.57,-2.13,-28.90,34.63,35.46
482,273258787,-483.89,-540.04,-443.85,1.77,-35.91,34.15,35.17
483,273262836,-463.38,-542.48,-385.74,-2.50,-41.83,39.76,35.22
484,273266885,-480.96,-541.02,-374.51,-8.05,-40.00,44.27,35.60
485,273270944,-493.16,-613.28,-358.89,-29.88,-37.01,50.67,35.27
486,273274993,-511.23,-611.82,-453.12,-35.73,-38.23,62.74,35.07
487,273280787,-547.85,-622.56,-513.18,-39.02,-37.44,68.48,34.93
488,273284836,-610.84,-686.52,-548.34,-37.20,-36.22,68.48,35.03
489,273288885,-628.91,-697.75,-540.04,-34.82,-35.24,66.83,35.46
490,273292944,-626.46,-688.48,-499.51,-36.52,-33.66,62.74,35.55
491,273296993,-645.51,-691.89,-525.39,-36.71,-34.57,59.33,35.22
492,273302787,-658.69,-728.03,-585.94,-32.87,-35.18,55.06,35.17
493,273306836,-665.53,-757.81,-601.07,-28.29,-35.91,53.11,35.22
494,273310885,-686.04,-759.28,-604.00,-24.94,-37.32,53.11,35.27
495,273314944,-706.05,-799.80,-634.28,-21.34,-40.43,51.52,35.22
496,273318993,-718.75,-833.98,-675.29,-15.37,-42.07,48.17,35.46
497,273324787,-709.47,-825.20,-683.11,-7.56,-42.38,45.91,35.46
498,273328836,-741.21,-864.75,-700.68,-1.52,-44.02,42.62,35.07
499,273332885,-783.69,-896.00,-736.82,5.30,-45.49,37.62,35.22
500,273336944,-782.23,-901.86,-726.07,14.45,-45.98,31.22,35.22
501,273340993,-783.69,-909.67,-704.10,20.98,-45.61,27.32,35.27
502,273346787,-769.04,-903.81,-681.15,21.34,-43.29,27.07,35.60
503,273350836,-755.37,-928.22,-678.22,14.70,-39.57,31.52,35.07
504,273354885,-774.41,-950.68,-692.38,12.32,-36.16,35.91,35.36
505,273358944,-810.55,-968.75,-726.07,10.18,-33.72,37.13,35.17
506,273362993,-819.82,-965.82,-709.96,8.11,-28.78,35.00,35.07
507,273368787,-817.38,-984.37,-662.60,-0.85,-24.51,34.33,35.46
508,273372836,-815.92,-982.42,-677.25,-9.45,-20.24,34.39,35.27
509,273376885,-821.29,-995.61,-704.10,-14.15,-16.95,33.60,35.46
510,273380944,-821.29,-1015.62,-721.68,-16.77,-14.15,32.56,35.46
511,273386787,-825.20,-1009.28,-730.47,-16.71,-11.71,33.84,35.55
512,273390836,-853.03,-1012.70,-739.75,-14.94,-9.15,34.27,35.46
513,273394885,-872.07,-1015.14,-751.46,-12.44,-8.66,29.88,35.17
514,273398944,-869.14,-1013.67,-750.98,-9.27,-9.02,24.76,35.07
515,273402993,-859.37,-1005.37,-753.91,-4.57,-10.00,18.54,35.22
516,273408787,-855.96,-996.58,-763.67,-0.73,-10.91,13.11,35.17
517,273412836,-851.07,-999.02,-754.88,4.09,-11.52,9.70,35.07
518,273416885,-846.19,-996.09,-736.82,7.68,-10.55,7.50,35.46
519,273420944,-845.21,-980.47,-708.50,8.96,-10.00,5.91,35.07
520,273424993,-841.80,-957.52,-695.80,8.23,-7.56,3.90,35.27
521,273430787,-839.84,-950.20,-685.55,6.83,-4.33,0.85,35.55
522,273434836,-823.73,-936.52,-665.04,4.57,-0.43,-2.93,35.22
523,273438885,-810.55,-916.02,-651.37,2.01,3.23,-5.43,35.17
524,273442944,-796.87,-900.39,-623.05,-2.44,6.28,-6.10,35.46
525,273446993,-789.55,-876.46,-651.37,-5.73,9.51,-4.76,35.46
526,273452787,-785.64,-865.23,-646.97,-4.76,12.01,-5.49,34.93
527,273456836,-781.74,-847.17,-596.19,-5.73,14.76,-7.32,35.07
528,273460885,-775.39,-832.52,-591.31,-5.12,15.37,-7.80,35.46
529,273464944,-761.23,-804.20,-585.94,-4.70,16.28,-8.60,35.27
530,273468993,-761.72,-785.64,-587.40,-3.66,17.01,-10.30,35.07
531,273474787,-750.98,-769.04,-576.17,-1.04,17.20,-13.17,35.46
532,273478836,-732.91,-751.46,-540.04,2.74,16.83,-16.46,35.46
533,273482885,-733.89,-745.12,-523.44,4.76,16.89,-17.44,35.60
534,273486944,-718.26,-735.84,-509.28,7.32,16.22,-18.54,35.55
535,273490993,-708.98,-717.29,-509.77,8.90,16.04,-19.21,35.46
536,273496787,-697.27,-706.05,-499.02,10.30,15.91,-19.21,35.07
537,273500836,-692.87,-680.66,-489.26,13.54,14.82,-20.30,35.36
538,273504885,-684.57,-666.02,-467.29,15.49,13.84,-20.30,35.03
539,273508944,-676.76,-666.99,-457.03,16.89,12.44,-20.06,35.60
540,273512993,-670.41,-657.71,-451.17,16.89,11.28,-20.30,35.07
541,273518787,-658.20,-643.07,-444.82,16.83,10.79,-20.55,35.46
542,273522836,-647.95,-624.02,-427.25,16.04,10.91,-19.76,35.17
543,273526885,-635.25,-618.16,-415.04,14.45,11.40,-19.09,35.60
544,273530944,-638.18,-608.40,-408.69,11.83,11.77,-18.96,35.36
545,273534993,-636.23,-601.07,-407.71,8.29,12.44,-18.96,35.22
546,273540787,-623.05,-592.29,-412.60,5.43,13.72,-18.72,35.55
547,273544836,-604.00,-578.61,-403.81,3.29,15.91,-17.44,35.55
548,273548885,-603.03,-575.68,-399.90,1.77,17.50,-15.67,35.46
549,273552944,-612.30,-585.94,-410.16,0.30,17.68,-13.66,35.55
550,273556993,-615.72,-582.52,-413.09,0.67,16.52,-13.66,35.46
551,273562787,-597.66,-570.31,-414.55,1.34,14.02,-14.33,35.07
552,273566836,-573.24,-570.31,-413.09,1.22,10.49,-12.56,35.27
553,273570885,-578.61,-574.22,-411.62,1.22,7.87,-10.49,35.03
554,273574944,-586.91,-570.31,-421.87,2.80,5.00,-8.35,35.46
555,273578993,-594.24,-564.45,-419.92,4.51,2.93,-8.35,35.41
556,273584787,-585.94,-556.64,-424.80,5.00,1.95,-7.93,35.55
557,273588836,-577.64,-554.69,-416.99,5.12,0.61,-6.95,35.46
558,273592885,-577.64,-556.15,-417.97,5.24,-0.79,-5.79,35.07
559,273596944,-581.05,-567.38,-418.46,4.63,-1.71,-4.82,35.36
560,273602787,-582.52,-569.34,-423.83,3.35,-1.59,-4.51,35.27
561,273606836,-585.94,-563.96,-433.11,0.43,-0.73,-4.09,35.17
562,273610885,-578.61,-564.94,-432.13,-1.16,0.24,-3.41,35.27
563,273614944,-580.08,-562.99,-433.11,-2.20,0.91,-2.32,35.07
564,273618993,-577.15,-569.82,-441.89,-3.17,1.40,-1.16,35.17
565,273623042,-578.61,-576.66,-446.78,-3.17,1.59,0.55,35.22
566,273628787,-583.01,-578.61,-444.34,-3.60,1.40,1.83,35.41
567,273632836,-583.98,-588.87,-448.73,-4.02,0.55,3.66,35.22
568,273636885,-586.43,-591.80,-451.66,-4.57,0.37,4.82,35.07
569,273640944,-585.45,-601.56,-458.01,-4.82,0.61,7.07,35.46
570,273646787,-586.43,-609.86,-457.03,-4.09,0.73,9.63,35.17
571,273650836,-598.63,-640.62,-448.73,-2.99,0.98,12.20,35.36
572,273654885,-606.93,-661.62,-462.89,-1.04,0.79,13.90,35.07
573,273658944,-605.47,-653.32,-459.47,0.61,1.16,15.00,35.41
574,273662993,-612.79,-649.41,-447.75,1.04,2.38,15.49,35.36
575,273668787,-620.61,-679.20,-446.29,1.04,2.50,15.98,35.36
576,273672836,-625.49,-699.22,-437.99,0.98,1.71,16.83,35.22
577,273676885,-629.88,-709.96,-443.36,1.28,1.04,17.99,35.46
578,273680944,-642.09,-734.37,-452.15,2.32,0.98,18.84,35.55
579,273684993,-649.41,-756.35,-454.10,4.51,0.79,19.57,35.27
580,273690787,-642.58,-759.77,-446.29,5.55,-0.55,19.51,35.17
581,273694836,-649.41,-782.71,-446.29,7.26,-0.67,19.45,35.17
582,273698885,-659.67,-803.71,-448.73,8.66,-1.28,18.54,35.22
583,273702944,-657.23,-826.66,-441.89,10.73,-1.77,17.50,35.55
584,273706993,-659.18,-834.47,-431.15,12.01,-1.59,17.13,35.07
585,273712787,-650.39,-858.40,-421.39,11.04,-1.40,17.68,35.03
586,273716836,-649.41,-890.14,-418.95,10.98,-0.67,19.82,35.07
587,273720885,-655.27,-905.27,-426.76,11.22,-0.30,20.98,35.55
588,273724944,-660.16,-920.90,-429.20,12.74,0.67,20.73,35.27
589,273728993,-658.69,-930.18,-439.45,14.70,2.20,19.88,35.46
590,273734787,-657.71,-946.29,-440.43,16.83,4.70,18.05,35.27
591,273738836,-657.23,-975.59,-428.71,19.02,6.34,15.06,35.46
592,273742885,-657.71,-982.91,-436.04,20.98,6.95,13.17,35.46
593,273746944,-658.20,-987.30,-437.99,23.17,8.23,10.18,35.55
594,273750993,-647.46,-991.70,-435.06,24.39,9.09,8.11,35.07
595,273756787,-638.18,-987.79,-431.15,25.61,10.37,6.46,35.55
596,273760836,-640.14,-989.26,-407.71,25.06,12.01,5.73,35.46
597,273764885,-633.79,-981.45,-389.16,22.56,11.83,5.91,35.36
598,273768944,-632.32,-973.14,-399.41,19.33,13.60,6.46,35.07
599,273772993,-633.79,-987.79,-411.13,18.66,16.34,5.85,35.46
600,273778787,-642.58,-984.37,-423.83,20.12,18.60,3.54,35.07
601,273782836,-649.41,-965.82,-422.36,21.77,22.07,-1.46,35.22
602,273786885,-650.39,-952.15,-410.64,22.20,24.94,-7.07,35.22
603,273790944,-635.25,-947.27,-382.81,22.07,27.20,-13.78,35.60
604,273794993,-610.35,-927.73,-355.96,19.88,29.15,-18.05,35.07
605,273800787,-584.96,-904.30,-353.03,14.94,32.07,-19.21,35.55
606,273804836,-569.34,-883.79,-360.84,8.66,36.65,-19.70,35.70
607,273808885,-555.66,-863.77,-370.61,4.63,40.06,-19.94,35.07
608,273812944,-537.60,-840.33,-378.42,0.49,44.45,-20.00,35.46
609,273816993,-527.34,-828.12,-379.39,-2.50,47.80,-19.88,35.46
610,273822787,-517.09,-810.06,-370.12,-4.02,50.30,-19.45,35.46
611,273826836,-492.68,-765.62,-375.49,-6.83,53.35,-18.60,35.36
612,273830885,-468.26,-723.63,-401.37,-8.54,55.85,-17.20,35.27
613,273834944,-448.73,-696.29,-414.55,-8.78,60.12,-14.94,35.41
614,273840787,-450.68,-680.18,-416.99,-7.01,62.62,-13.60,35.55
615,273844836,-425.29,-636.72,-413.09,-3.60,64.57,-14.09,35.22
616,273848885,-415.04,-624.02,-406.25,-1.95,65.61,-14.15,35.27
617,273852944,-392.58,-604.49,-412.11,-0.67,66.28,-13.23,35.17
618,273856993,-379.88,-597.17,-428.71,1.52,67.20,-11.16,35.27
619,273862787,-376.95,-577.15,-420.90,4.39,67.44,-8.48,35.46
620,273866836,-373.05,-550.78,-411.13,7.68,66.40,-6.04,35.22
621,273870885,-368.65,-528.81,-415.04,9.15,65.12,-5.18,35.55
622,273874944,-373.54,-503.91,-436.52,10.06,63.66,-5.37,35.22
623,273878993,-360.84,-498.05,-434.08,9.45,61.83,-4.70,35.55
624,273884787,-354.49,-498.05,-422.36,9.70,61.34,-7.32,35.07
625,273888836,-342.29,-469.73,-419.43,11.59,55.37,-5.00,35.07
626,273892885,-324.71,-430.66,-412.60,12.50,51.59,-1.95,35.22
627,273896944,-367.19,-447.27,-458.50,12.80,50.67,0.67,35.17
628,273900993,-394.53,-445.31,-481.45,16.89,48.66,-2.62,35.41
629,273906787,-406.25,-423.34,-474.12,20.06,45.98,-7.44,35.07
630,273910836,-403.81,-424.80,-466.80,20.98,41.04,-11.22,35.22
631,273914885,-390.62,-411.13,-466.31,20.91,38.11,-12.13,35.46
632,273918944,-384.77,-373.54,-457.03,19.21,34.33,-10.06,35.22
633,273922993,-404.30,-368.16,-470.70,16.34,29.88,-5.55,35.07
634,273928787,-430.18,-395.02,-488.28,14.02,25.49,-1.40,34.93
635,273932836,-458.98,-408.69,-499.02,11.77,20.73,2.62,35.46
636,273936885,-476.07,-404.30,-505.37,10.00,17.50,4.57,35.22
637,273940944,-490.23,-404.30,-513.67,6.89,12.87,7.74,35.41
638,273944993,-514.65,-418.95,-534.18,4.02,7.38,12.13,35.07
639,273950787,-546.39,-432.62,-565.43,2.56,2.38,17.13,35.07
640,273954836,-589.36,-460.94,-561.52,1.95,-2.99,21.46,35.55
641,273958885,-611.82,-470.70,-563.48,1.16,-7.01,22.87,35.55
642,273962944,-640.14,-487.30,-569.82,-0.24,-12.50,22.99,35.55
643,273966993,-656.25,-489.26,-579.59,-1.52,-17.44,23.54,35.17
644,273972787,-691.41,-495.61,-599.12,-4.76,-20.06,22.99,35.46
645,273976836,-708.01,-532.23,-636.23,-11.83,-21.83,25.85,35.27
646,273980885,-716.80,-539.55,-675.29,-10.12,-24.02,27.56,35.55
647,273984944,-741.70,-545.90,-677.73,-7.56,-25.00,26.22,35.17
648,273988993,-750.00,-545.41,-687.01,-6.65,-23.66,23.72,35.22
649,273994787,-759.28,-546.88,-698.24,-5.61,-20.79,22.56,35.55
650,273998836,-788.57,-534.18,-730.47,-0.85,-15.73,19.09,35.75
651,274002885,-801.27,-531.25,-732.91,0.49,-10.79,12.87,35.27
652,274006944,-808.59,-527.34,-727.54,0.49,-4.02,4.02,35.55
653,274010993,-797.36,-541.50,-721.19,-3.23,1.89,-2.74,35.22
654,274016787,-780.76,-525.88,-736.33,-4.15,6.16,-6.46,35.46
655,274020836,-752.44,-517.58,-726.56,-7.38,10.91,-8.17,35.27
656,274024885,-756.35,-528.32,-745.12,-10.00,13.48,-7.87,35.22
657,274028944,-726.07,-499.51,-744.63,-11.46,15.37,-6.65,35.55
658,274032993,-733.40,-493.16,-757.32,-13.96,18.23,-4.76,35.55
659,274038787,-748.54,-519.53,-792.48,-13.96,20.85,-5.00,35.46
660,274042836,-724.61,-500.98,-796.39,-10.55,24.15,-7.50,35.70
661,274046885,-707.03,-499.51,-794.92,-7.01,24.82,-8.17,35.41
662,274050944,-688.96,-505.37,-793.46,-2.01,24.82,-8.29,35.22
663,274056787,-666.99,-501.95,-796.39,4.21,25.00,-7.93,35.60
664,274060836,-648.44,-482.91,-771.00,12.13,26.16,-6.71,35.55
665,274064885,-641.11,-477.05,-763.67,17.01,27.44,-6.34,35.55
666,274068944,-635.74,-490.23,-746.09,20.06,28.23,-6.65,35.22
667,274072993,-625.98,-499.02,-735.84,24.02,30.00,-7.32,35.55
668,274078787,-621.58,-505.37,-713.87,28.05,32.13,-9.02,35.41
669,274082836,-602.54,-514.16,-678.71,30.37,32.56,-12.26,35.60
670,274086885,-587.89,-512.21,-671.87,30.98,31.95,-13.11,35.27
671,274090944,-578.61,-513.18,-650.88,31.59,31.52,-13.05,35.55
672,274094993,-566.89,-513.67,-635.25,31.40,30.00,-11.89,35.55
673,274100787,-571.29,-516.60,-625.98,31.10,28.17,-10.49,35.07
674,274104836,-567.38,-518.07,-601.07,29.02,25.43,-9.88,35.27
675,274108885,-567.87,-516.11,-596.19,27.20,22.99,-9.21,35.46
676,274112944,-562.01,-523.44,-590.82,26.16,21.16,-8.54,35.46
677,274116993,-561.04,-522.95,-587.89,24.88,19.02,-7.93,35.22
678,274122787,-561.04,-528.32,-583.50,23.05,17.38,-8.35,35.22
679,274126836,-549.80,-531.25,-564.94,20.49,14.88,-8.66,35.07
680,274130885,-543.46,-540.04,-551.76,18.17,13.48,-7.87,35.27
681,274134944,-531.74,-539.55,-549.80,14.45,11.16,-6.28,35.27
682,274138993,-532.23,-543.95,-545.90,10.49,8.66,-4.45,35.07
683,274144787,-523.93,-547.85,-546.39,7.01,7.01,-1.77,35.27
684,274148836,-519.53,-553.22,-542.97,3.96,5.18,0.24,35.03
685,274152885,-525.39,-545.90,-543.95,1.52,3.66,1.16,35.27
686,274156944,-530.76,-553.22,-548.83,-0.37,2.26,2.32,35.46
687,274160993,-538.09,-561.52,-555.18,-0.30,0.91,2.50,35.17
688,274166787,-545.90,-557.13,-558.59,0.30,-0.12,1.65,34.93
689,274170836,-553.22,-552.73,-569.34,0.98,-1.04,0.73,35.55
690,274174885,-562.99,-563.96,-564.94,2.13,-1.95,0.30,35.60
691,274178944,-559.57,-563.48,-557.62,3.66,-2.68,0.73,35.41
692,274182993,-564.94,-553.71,-549.32,4.02,-3.66,1.83,34.93
693,274188787,-573.73,-557.13,-550.29,4.09,-3.78,3.17,35.55
694,274192836,-585.94,-562.99,-550.29,3.72,-4.02,3.84,35.46
695,274196885,-590.82,-569.82,-550.29,4.09,-4.09,3.23,35.55
696,274200944,-596.19,-571.78,-548.83,3.60,-4.70,2.74,35.60
697,274204993,-593.75,-576.66,-542.97,3.05,-5.61,2.20,35.46
698,274210787,-596.68,-588.38,-540.53,2.38,-6.28,2.01,35.55
699,274214836,-599.61,-602.05,-539.55,1.04,-6.77,1.71,35.27
700,274218885,-599.12,-609.86,-541.02,0.12,-7.56,1.40,35.07
701,274222944,-590.33,-598.14,-541.02,-1.46,-7.74,1.34,35.22
702,274226993,-593.26,-601.07,-541.50,-3.17,-7.93,1.77,35.27
703,274232787,-591.31,-606.93,-540.53,-5.00,-7.68,1.71,35.55
704,274236836,-586.43,-602.54,-534.67,-5.98,-7.44,1.52,35.36
705,274240885,-585.94,-618.16,-532.23,-6.95,-5.91,0.61,35.41
706,274244944,-583.01,-625.49,-525.88,-7.74,-4.45,-0.67,35.46
707,274248993,-572.75,-626.95,-518.55,-9.02,-3.23,-0.24,35.07
708,274254787,-568.36,-631.35,-517.58,-9.39,-1.95,1.22,35.22
709,274258836,-563.96,-641.11,-519.53,-8.66,-1.28,1.83,35.41
710,274262885,-559.57,-627.93,-521.48,-7.50,-0.61,1.77,35.22
711,274266944,-566.41,-619.14,-526.86,-5.79,0.24,0.67,35.27
712,274272787,-557.62,-630.86,-528.81,-3.11,-0.43,-1.16,35.46
713,274276836,-558.59,-637.21,-514.65,0.18,-1.89,-2.01,35.46
714,274280885,-557.13,-633.79,-511.23,2.32,-3.11,-2.26,35.22
715,274284944,-556.15,-616.21,-507.32,2.74,-3.84,-1.34,35.22
716,274288993,-567.38,-611.33,-503.42,2.01,-4.27,-0.55,35.60
717,274294787,-578.12,-605.96,-505.86,0.43,-5.67,-0.61,35.46
718,274298836,-578.12,-600.59,-506.84,-2.68,-7.99,-1.04,35.55
719,274302885,-580.57,-605.47,-508.79,-5.49,-10.24,-1.04,35.60
720,274306944,-583.98,-614.26,-514.65,-7.99,-11.52,-0.43,35.22
721,274310993,-589.84,-600.10,-521.00,-12.01,-12.50,0.98,35.55
722,274316787,-593.26,-583.50,-521.48,-17.13,-12.38,2.50,35.75
723,274320836,-602.54,-569.34,-533.69,-24.51,-11.46,3.35,35.60
724,274324885,-609.38,-575.20,-539.55,-29.94,-11.34,2.99,35.55
725,274328944,-617.19,-584.47,-554.20,-33.84,-11.40,2.13,35.70
726,274332993,-616.21,-571.29,-560.06,-36.89,-11.95,1.04,35.55
727,274338787,-614.75,-565.43,-577.64,-39.88,-11.83,0.30,35.27
728,274342836,-620.12,-555.66,-603.03,-42.13,-11.65,0.61,35.22
729,274346885,-620.12,-551.76,-616.70,-42.26,-12.01,0.55,35.22
730,274350944,-616.70,-547.36,-614.75,-41.52,-13.05,0.00,35.55
731,274354993,-617.68,-541.99,-612.79,-40.37,-14.09,-0.98,35.55
732,274360787,-614.26,-533.20,-625.00,-38.60,-14.63,-1.95,35.07
733,274364836,-614.75,-526.37,-643.07,-36.34,-14.27,-3.66,35.55
734,274368885,-614.26,-518.07,-649.41,-34.39,-14.33,-4.76,35.60
735,274372944,-614.26,-507.81,-647.95,-31.83,-14.21,-6.34,35.27
736,274376993,-617.68,-503.91,-646.00,-29.45,-14.27,-7.20,35.07
737,274382787,-611.82,-498.05,-627.93,-28.17,-14.15,-8.48,35.27
738,274386836,-599.61,-480.96,-632.81,-29.27,-13.35,-9.63,35.22
739,274390885,-592.29,-474.12,-643.07,-30.49,-12.80,-10.37,35.70
740,274394944,-576.17,-466.31,-644.53,-31.22,-12.32,-10.98,35.75
741,274398993,-573.24,-473.63,-640.14,-32.13,-13.05,-11.16,35.22
742,274404787,-568.85,-469.73,-645.51,-33.72,-13.66,-11.95,35.60
743,274408836,-554.69,-447.27,-652.83,-36.10,-14.88,-11.65,35.27
744,274412885,-558.11,-463.38,-667.48,-37.44,-16.52,-11.65,35.60
745,274416944,-562.50,-490.72,-684.08,-39.39,-18.66,-13.66,35.46
746,274420993,-537.60,-469.24,-683.11,-39.27,-21.52,-14.15,35.46
747,274426787,-536.62,-463.87,-688.48,-38.84,-23.54,-12.13,35.55
748,274430836,-537.11,-491.21,-727.54,-38.35,-25.43,-11.28,35.55
749,274434885,-515.62,-482.42,-737.79,-36.65,-25.98,-10.06,35.22
750,274438944,-541.50,-485.35,-727.54,-34.51,-26.16,-8.78,35.55
751,274442993,-536.13,-491.21,-722.17,-33.60,-25.98,-10.30,35.17
752,274448787,-528.81,-489.26,-711.43,-35.73,-24.94,-11.83,35.17
753,274452836,-515.62,-497.07,-706.05,-43.41,-19.76,-11.52,35.46
754,274456885,-494.14,-490.23,-699.71,-48.54,-15.30,-10.18,35.55
755,274460944,-462.40,-467.77,-663.09,-57.80,-8.84,-5.12,35.60
756,274464993,-450.20,-463.38,-644.04,-70.91,-1.04,3.23,35.46
757,274470787,-449.71,-479.98,-661.13,-83.23,11.04,9.51,35.22
758,274474836,-456.54,-490.72,-676.76,-93.60,26.77,13.60,35.55
759,274478885,-468.75,-492.68,-664.06,-96.77,37.38,16.22,34.93
760,274482944,-487.79,-507.32,-643.07,-99.94,44.21,18.72,35.46
761,274488787,-471.19,-506.84,-649.90,-102.26,45.12,18.78,35.55
762,274492836,-441.89,-516.11,-698.73,-98.72,47.26,21.83,35.17
763,274496885,-441.41,-541.50,-728.52,-87.13,48.35,26.04,35.46
764,274500944,-473.63,-565.92,-752.44,-71.46,48.23,26.95,35.07
765,274504993,-490.72,-545.90,-702.15,-53.17,45.00,22.99,35.46
766,274510787,-507.81,-560.06,-673.34,-36.71,39.15,15.18,35.07
767,274514836,-452.64,-576.17,-626.95,-21.46,30.49,10.12,35.55
768,274518885,-442.38,-599.12,-605.96,-13.96,24.39,12.56,35.36
769,274522944,-493.65,-644.04,-616.21,-8.66,18.90,12.07,35.46
770,274526993,-503.91,-666.02,-631.84,2.20,11.46,5.06,35.55
771,274532787,-479.98,-670.90,-607.42,10.49,5.91,-0.79,35.46
772,274536836,-459.96,-700.68,-545.90,14.88,0.24,-4.63,35.55
773,274540885,-450.20,-725.10,-509.77,15.67,-4.57,-6.16,35.22
774,274544944,-441.89,-757.32,-486.82,13.48,-6.89,-5.98,35.46
775,274548993,-433.59,-772.46,-484.37,7.44,-8.72,-5.79,35.46
776,274554787,-421.39,-784.67,-497.07,0.67,-7.99,-5.06,35.22
777,274558836,-415.53,-812.01,-480.96,-5.73,-5.49,-3.54,35.22
778,274562885,-410.64,-825.68,-465.33,-10.85,-3.60,-1.89,35.55
779,274566944,-412.11,-837.40,-455.57,-18.54,-0.85,0.12,35.07
780,274570993,-411.62,-844.24,-464.84,-26.71,2.38,1.04,35.60
781,274576787,-429.69,-855.96,-476.07,-32.80,5.85,0.98,35.27
782,274580836,-434.57,-855.96,-481.93,-38.90,7.44,-1.40,35.46
783,274584885,-435.06,-854.49,-484.86,-43.05,7.20,-3.54,35.22
784,274588944,-437.01,-851.07,-488.77,-47.44,5.98,-5.67,35.46
785,274592993,-435.55,-858.89,-494.14,-51.95,3.78,-6.65,35.55
786,274598787,-440.92,-855.47,-507.81,-55.24,0.91,-7.13,35.46
787,274602836,-460.45,-828.12,-538.57,-56.83,-3.66,-8.35,35.36
788,274606885,-478.52,-812.99,-561.52,-56.34,-7.87,-9.45,35.75
789,274610944,-492.19,-794.43,-579.10,-54.27,-14.27,-11.71,35.46
790,274614993,-508.79,-780.76,-593.26,-50.37,-20.55,-15.18,35.07
791,274620787,-534.18,-782.71,-618.65,-44.45,-26.40,-18.54,35.27
792,274624836,-564.94,-752.44,-642.58,-36.59,-33.96,-23.35,35.22
793,274628885,-576.66,-728.03,-662.11,-31.71,-38.84,-27.32,35.55
794,274632944,-585.45,-708.50,-681.64,-26.28,-45.06,-32.62,35.36
795,274636993,-581.54,-690.43,-690.92,-21.59,-50.37,-36.28,35.46
796,274642787,-582.03,-667.48,-698.24,-19.70,-54.76,-38.60,35.22
797,274646836,-578.12,-646.00,-719.73,-19.09,-57.13,-38.72,35.46
798,274650885,-587.40,-629.39,-738.28,-20.49,-57.56,-38.35,35.07
799,274654944,-593.26,-606.45,-753.42,-22.44,-57.26,-37.44,35.46
800,274658993,-597.66,-591.80,-761.72,-24.94,-57.20,-36.22,35.55
801,274664787,-604.00,-562.50,-764.16,-29.27,-57.68,-34.51,35.60
802,274668836,-614.26,-530.27,-780.27,-36.52,-55.79,-32.13,35.46
803,274672885,-631.84,-507.81,-802.73,-42.01,-54.09,-30.67,35.17
804,274676944,-659.18,-487.79,-824.71,-47.80,-52.07,-30.30,35.55
805,274680993,-671.87,-470.21,-836.91,-52.38,-51.95,-31.34,35.55
806,274686787,-688.48,-444.34,-853.52,-55.12,-53.54,-33.60,35.27
807,274690836,-713.87,-404.30,-880.86,-56.10,-56.46,-37.07,35.46
808,274694885,-717.29,-371.09,-913.09,-55.30,-58.78,-39.51,35.46
809,274698944,-716.80,-344.73,-944.34,-50.55,-61.40,-42.20,35.60
810,274704787,-717.77,-336.43,-960.45,-44.33,-63.29,-44.76,35.70
811,274708836,-724.12,-334.47,-1013.67,-33.54,-64.39,-50.30,35.55
812,274712885,-721.68,-328.12,-1033.20,-19.45,-64.39,-57.32,35.22
813,274716944,-680.18,-303.71,-1030.76,-7.68,-63.05,-62.07,35.07
814,274720993,-634.28,-279.79,-1018.07,5.24,-60.98,-60.12,35.70
815,274726787,-626.95,-281.25,-1019.04,14.82,-57.74,-55.12,35.46
816,274730836,-640.14,-283.20,-1029.30,24.51,-49.27,-51.46,35.46
817,274734885,-658.20,-304.20,-1032.23,32.80,-42.26,-55.98,35.55
818,274738944,-624.02,-325.68,-1011.72,38.72,-37.07,-59.33,35.46
819,274742993,-570.80,-333.98,-992.68,44.02,-29.76,-56.22,35.60
820,274748787,-556.15,-348.63,-964.36,46.34,-20.98,-47.80,35.46
821,274752836,-547.36,-363.77,-893.07,42.07,-10.49,-36.52,35.36
822,274756885,-550.29,-382.32,-849.61,33.90,-3.11,-28.48,35.36
823,274760944,-536.62,-412.60,-813.48,25.79,2.01,-23.41,35.55
824,274764993,-516.60,-432.62,-787.11,16.04,6.28,-17.50,35.55
825,274770787,-507.32,-450.20,-773.93,7.50,9.63,-12.74,35.22
826,274774836,-500.98,-483.89,-731.93,-0.37,12.32,-7.68,35.60
827,274778885,-502.44,-510.25,-710.45,-4.21,13.23,-5.18,35.46
828,274782944,-505.37,-539.55,-698.73,-7.01,13.84,-3.23,35.27
829,274786993,-510.25,-561.52,-687.99,-8.05,14.09,-4.33,35.55
830,274792787,-499.51,-581.54,-670.90,-7.32,12.93,-8.05,35.03
831,274796836,-472.17,-606.45,-654.79,-3.11,8.35,-14.02,35.03
832,274800885,-454.10,-624.51,-649.90,0.24,3.78,-18.35,35.55
833,274804944,-430.18,-643.07,-635.74,5.37,-1.52,-21.22,35.55
834,274808993,-413.57,-645.02,-632.32,10.73,-5.00,-22.80,35.07
835,274814787,-402.83,-644.53,-631.35,16.59,-6.71,-22.62,35.07
836,274818836,-400.39,-670.90,-602.05,22.99,-6.22,-26.65,35.07
837,274822885,-386.72,-670.90,-575.68,25.24,-5.43,-30.43,35.07
838,274826944,-356.45,-660.64,-552.25,24.82,-4.33,-32.80,35.46
839,274830993,-328.12,-649.90,-546.88,21.95,-1.71,-31.40,35.46
840,274836787,-316.41,-649.90,-545.41,17.74,3.54,-27.87,35.22
841,274840836,-314.94,-659.67,-500.49,11.77,8.90,-23.54,35.46
842,274844885,-309.57,-665.53,-470.21,5.91,11.16,-21.28,35.46
843,274848944,-310.55,-687.50,-432.62,-2.74,12.93,-17.62,35.75
844,274852993,-308.11,-697.75,-418.46,-12.44,13.11,-13.48,35.22
845,274858787,-308.11,-674.80,-461.91,-14.21,12.38,-6.28,35.55
846,274862836,-341.31,-711.43,-406.74,-19.33,11.89,-7.68,35.46
847,274866885,-344.24,-709.47,-386.23,-22.74,9.45,-7.26,35.07
848,274870944,-331.54,-744.14,-367.68,-30.06,4.82,-7.87,35.36
849,274874993,-324.71,-740.23,-412.60,-32.20,-2.50,-4.57,35.55
850,274880787,-328.61,-760.25,-450.20,-29.09,-8.96,-2.68,35.60
851,274884836,-344.73,-776.86,-465.82,-22.07,-18.60,1.16,35.46
852,274888885,-371.09,-780.76,-468.26,-16.59,-24.27,1.89,35.22
853,274892944,-394.04,-792.48,-455.08,-12.99,-30.55,1.22,35.60
854,274896993,-393.55,-779.79,-456.54,-10.18,-35.43,1.04,35.70
855,274902787,-393.07,-765.14,-445.80,-8.78,-37.80,1.52,35.79
856,274906836,-410.16,-756.35,-441.41,-10.85,-36.77,2.87,35.60
857,274910885,-432.13,-753.42,-447.75,-12.50,-34.39,3.72,35.27
858,274914944,-450.20,-750.00,-445.31,-16.95,-31.40,3.54,35.46
859,274920787,-460.94,-748.54,-448.73,-23.78,-28.11,2.38,35.55
860,274924836,-452.15,-729.00,-459.96,-32.74,-24.63,3.29,35.27
861,274928885,-454.10,-723.63,-461.91,-40.30,-21.71,7.99,35.70
862,274932944,-460.45,-714.84,-468.75,-46.16,-18.48,13.11,35.03
863,274936993,-484.37,-721.68,-483.89,-51.71,-14.33,18.78,35.70
864,274941042,-499.51,-716.80,-493.16,-54.88,-11.10,22.07,35.60
865,274946787,-518.55,-715.33,-505.37,-55.43,-9.45,23.78,35.36
866,274950836,-541.50,-759.28,-533.69,-49.15,-10.24,24.27,35.60
867,274954885,-546.88,-769.53,-527.34,-42.07,-10.30,24.15,35.70
868,274958944,-554.69,-770.02,-523.44,-32.44,-10.30,24.76,35.22
869,274964787,-559.57,-772.95,-519.04,-23.29,-9.82,25.00,35.46
870,274968836,-577.15,-778.32,-495.61,-12.80,-10.61,22.87,35.60
871,274972885,-581.54,-785.16,-476.07,-5.85,-12.07,19.94,35.55
872,274976944,-584.47,-805.66,-458.50,-0.67,-13.78,17.26,35.22
873,274980993,-588.38,-822.27,-424.80,3.66,-15.49,14.15,35.46
874,274986787,-588.87,-830.08,-407.23,5.18,-16.40,12.50,35.79
875,274990836,-604.98,-841.31,-382.81,4.51,-15.61,11.77,35.27
876,274994885,-606.45,-838.38,-368.16,2.01,-14.88,11.46,35.46
877,274998944,-606.45,-826.17,-355.47,-3.11,-13.54,9.57,35.22
878,275002993,-605.96,-824.22,-345.21,-10.24,-12.07,7.13,35.75
879,275008787,-608.89,-837.40,-344.24,-15.91,-11.95,5.49,35.46
880,275012836,-597.66,-847.66,-348.63,-22.01,-10.49,5.18,35.17
881,275016885,-594.24,-850.59,-346.19,-25.79,-8.54,6.28,35.46
882,275020944,-604.00,-859.86,-359.37,-30.00,-5.73,8.11,35.27
883,275024993,-611.33,-855.96,-373.54,-31.16,-3.54,8.84,35.46
884,275030787,-618.16,-852.54,-382.81,-29.94,-2.13,7.74,35.07
885,275034836,-624.02,-854.98,-395.51,-26.28,-2.26,3.48,35.07
886,275038885,-617.19,-853.52,-398.44,-22.26,-3.17,0.37,35.41
887,275042944,-614.75,-862.30,-403.81,-17.32,-4.76,-1.95,35.27
888,275046993,-608.40,-870.12,-399.41,-11.59,-6.71,-2.44,35.07
889,275052787,-599.12,-874.02,-398.93,-5.55,-8.54,-1.65,35.70
890,275056836,-606.45,-875.00,-398.93,1.52,-10.30,0.91,35.27
891,275060885,-611.33,-859.86,-395.02,5.98,-11.22,1.10,35.17
892,275064944,-615.72,-842.77,-382.81,9.02,-12.01,0.18,35.75
893,275068993,-623.05,-844.24,-378.91,11.16,-12.44,-1.40,35.07
894,275074787,-627.93,-853.52,-379.39,13.54,-12.20,-4.09,35.22
895,275078836,-621.09,-863.77,-375.00,15.98,-10.91,-8.29,35.55
896,275082885,-615.72,-861.82,-371.09,17.13,-9.82,-10.30,35.22
897,275086944,-609.38,-859.86,-357.42,17.80,-7.50,-11.10,35.70
898,275090993,-602.05,-853.52,-347.66,16.28,-6.89,-11.77,35.60
899,275096787,-601.56,-836.91,-345.70,13.72,-5.91,-12.32,35.27
900,275100836,-603.03,-841.80,-360.84,11.16,-5.24,-13.11,35.46
901,275104885,-601.56,-857.91,-366.21,11.71,-4.94,-13.48,35.03
902,275108944,-598.14,-852.05,-361.33,13.23,-5.55,-14.21,35.79
903,275112993,-588.87,-850.10,-371.58,16.16,-5.98,-14.39,35.75
904,275118787,-591.80,-854.00,-390.14,21.10,-5.61,-14.33,35.55
905,275122836,-596.68,-851.07,-391.60,28.60,-5.73,-15.98,35.55
906,275126885,-590.82,-850.59,-395.51,33.60,-6.22,-17.38,35.55
907,275130944,-596.19,-854.49,-383.30,39.94,-7.32,-20.30,35.46
908,275134993,-588.87,-853.52,-383.79,45.79,-8.60,-23.23,35.55
909,275140787,-577.15,-844.73,-355.96,47.87,-9.76,-25.67,35.46
910,275144836,-555.18,-853.03,-377.93,47.50,-11.46,-26.52,35.55
911,275148885,-548.34,-851.07,-398.93,49.63,-9.02,-25.49,35.46
912,275152944,-555.66,-821.78,-372.56,50.67,-6.65,-24.39,35.41
913,275158787,-562.01,-798.83,-350.10,48.29,-5.67,-23.72,35.46
914,275162836,-566.41,-783.69,-355.96,42.62,-5.12,-23.78,35.79
915,275166885,-554.20,-768.55,-375.49,37.68,-5.24,-21.95,35.70
916,275170944,-539.55,-748.05,-387.21,34.88,-4.70,-17.56,34.93
917,275174993,-530.27,-721.68,-395.02,32.32,-3.84,-9.70,35.60
918,275180787,-542.48,-708.98,-401.37,30.18,-3.84,-0.67,35.60
919,275184836,-566.41,-682.13,-430.66,29.94,-5.12,7.68,35.22
920,275188885,-577.15,-674.32,-451.17,31.71,-6.28,11.77,35.60
921,275192944,-582.03,-664.06,-469.73,35.06,-7.68,14.21,35.07
922,275196993,-586.91,-646.48,-492.19,40.79,-9.27,16.89,35.46
923,275202787,-596.19,-643.55,-498.05,47.20,-11.28,18.90,35.60
924,275206836,-616.70,-641.11,-505.86,55.91,-12.93,19.57,35.22
925,275210885,-627.44,-626.95,-489.26,61.71,-15.98,17.68,35.46
926,275214944,-632.32,-613.77,-481.45,64.57,-18.60,14.21,35.55
927,275218993,-627.44,-603.03,-472.17,65.37,-20.43,9.15,35.17
928,275224787,-616.21,-598.14,-471.68,64.76,-20.55,5.30,35.22
929,275228836,-605.96,-578.61,-485.84,63.11,-18.84,1.04,35.22
930,275232885,-601.56,-572.75,-493.16,62.01,-17.07,-2.13,35.27
931,275236944,-606.93,-564.94,-506.35,61.52,-15.00,-5.85,35.46
932,275240993,-603.03,-541.50,-518.07,61.28,-12.74,-9.09,35.27
933,275246787,-599.61,-515.62,-535.16,61.16,-10.61,-13.05,35.55
934,275250836,-591.80,-498.54,-553.71,61.16,-9.21,-16.71,35.22
935,275254885,-575.20,-491.70,-553.22,61.46,-8.60,-18.29,35.55
936,275258944,-555.66,-474.12,-557.62,60.85,-8.48,-16.95,35.60
937,275262993,-546.88,-460.45,-564.45,57.87,-8.17,-14.39,35.17
938,275268787,-529.79,-448.24,-589.36,53.35,-6.04,-11.40,35.46
939,275272836,-545.90,-463.87,-582.52,46.83,-2.50,-6.22,35.70
940,275276885,-577.64,-474.12,-599.12,42.87,-1.65,-7.38,35.60
941,275280944,-563.48,-460.45,-599.12,38.17,-1.04,-13.90,35.27
942,275284993,-511.72,-458.98,-575.20,30.18,0.06,-15.73,35.46
943,275290787,-458.98,-458.98,-560.06,19.15,2.01,-8.78,35.55
944,275294836,-462.89,-481.45,-561.04,4.39,6.46,4.02,35.79
945,275298885,-484.37,-481.45,-572.27,-4.63,9.15,10.85,35.46
946,275302944,-489.26,-493.65,-596.68,-13.11,11.59,16.52,35.46
947,275306993,-497.56,-510.25,-630.37,-15.98,12.32,20.49,35.55
948,275312787,-509.28,-520.02,-671.87,-13.78,10.06,20.49,35.46
949,275316836,-486.33,-500.00,-679.69,-5.91,5.73,19.09,35.55
950,275320885,-467.77,-509.28,-682.62,-0.06,2.01,21.16,34.93
951,275324944,-503.91,-540.53,-705.08,6.71,-2.99,25.49,35.55
952,275328993,-540.04,-568.36,-747.07,19.15,-8.78,23.72,35.55
953,275334787,-546.39,-550.29,-743.65,32.38,-14.33,18.54,35.46
954,275338836,-510.74,-551.76,-735.35,45.00,-20.12,16.10,35.46
955,275342885,-512.21,-582.03,-735.35,50.85,-22.93,18.23,35.22
956,275346944,-523.93,-612.79,-733.89,55.06,-25.79,19.88,35.46
957,275350993,-554.69,-668.46,-792.48,60.98,-27.50,20.12,35.60
958,275356787,-557.13,-607.42,-776.37,68.66,-25.30,17.13,35.27
959,275360836,-573.24,-591.31,-713.87,68.35,-24.51,10.18,35.22
960,275364885,-582.52,-617.19,-688.96,63.17,-23.41,5.06,35.17
961,275368944,-558.11,-651.86,-645.02,51.59,-19.63,0.85,35.46
962,275374787,-524.90,-649.90,-657.23,37.07,-13.66,6.40,35.70
963,275378836,-511.23,-645.51,-740.72,27.44,-7.13,19.02,35.60
964,275382885,-545.41,-636.72,-757.32,27.13,-0.24,24.21,35.55
965,275386944,-576.66,-646.48,-710.94,23.96,6.46,23.54,35.22
966,275390993,-589.84,-651.86,-682.13,16.16,12.93,20.79,35.55
967,275396787,-586.43,-652.83,-708.98,11.46,18.11,18.78,35.75
968,275400836,-576.66,-668.95,-768.07,17.32,21.59,16.34,35.60
969,275404885,-568.36,-665.04,-777.83,27.80,21.22,16.04,35.70
970,275408944,-581.05,-666.50,-789.55,37.93,21.52,17.26,35.46
971,275412993,-597.17,-658.20,-795.90,52.56,23.41,15.91,35.60
972,275418787,-616.70,-654.30,-791.50,66.71,25.43,11.28,35.17
973,275422836,-610.84,-648.44,-774.41,81.83,24.02,3.84,35.07
974,275426885,-586.43,-662.11,-767.58,95.06,20.24,-0.18,35.75
975,275430944,-577.15,-706.05,-787.60,108.17,17.01,0.43,35.46
976,275434993,-587.89,-700.20,-790.53,128.29,13.84,1.77,35.46
977,275440787,-594.73,-664.06,-759.28,145.79,13.72,1.10,35.27
978,275444836,-635.25,-691.41,-706.05,162.13,15.00,-1.40,35.07
979,275448885,-646.00,-706.54,-681.64,170.30,16.16,-4.57,35.79
980,275452944,-627.93,-712.40,-661.13,177.56,17.93,-9.39,35.46
981,275456993,-588.38,-707.52,-608.89,180.61,22.68,-10.91,35.17
982,275462787,-594.73,-704.10,-599.61,187.56,27.56,-5.85,35.27
983,275466836,-609.38,-747.56,-604.98,191.77,30.91,-5.49,35.17
984,275470885,-615.23,-763.18,-584.47,193.05,35.61,-7.26,35.55
985,275474944,-604.00,-789.06,-557.13,192.01,39.39,-10.30,35.55
986,275478993,-582.03,-802.25,-536.13,193.78,45.24,-9.70,35.07
987,275484787,-573.73,-796.87,-485.35,196.22,53.23,-6.28,35.22
988,275488836,-622.56,-851.07,-456.54,196.77,61.34,-4.63,35.46
989,275492885,-650.39,-848.14,-456.05,195.12,69.33,-8.05,35.46
990,275496944,-649.41,-831.05,-433.59,188.11,70.73,-20.12,35.55
991,275500993,-604.98,-841.80,-427.25,181.22,69.51,-29.21,35.17
992,275506787,-553.22,-857.42,-375.98,172.26,71.65,-29.82,35.55
993,275510836,-540.53,-855.96,-387.70,164.09,77.68,-22.50,35.55
994,275514885,-568.85,-864.26,-441.89,166.22,83.96,-19.15,35.22
995,275518944,-605.96,-884.28,-463.38,174.09,93.11,-22.56,35.46
996,275522993,-605.96,-897.46,-453.12,187.99,99.27,-28.05,35.70
997,275528787,-595.21,-902.83,-427.25,209.57,100.12,-31.40,35.46
998,275532836,-604.00,-882.32,-413.57,238.29,98.35,-31.89,35.75
999,275536885,-616.21,-880.37,-390.62,254.88,97.32,-32.93,35.22
1000,275540944,-634.28,-862.30,-367.19,274.70,93.96,-35.18,35.70
1001,275544993,-630.86,-847.17,-343.75,295.18,91.10,-38.29,35.60
1002,275550787,-628.91,-830.57,-303.71,314.39,89.21,-40.79,35.55
1003,275554836,-634.77,-864.26,-237.79,331.71,84.45,-45.49,35.55
1004,275558885,-618.65,-853.52,-197.27,338.78,82.56,-48.35,35.55
1005,275562944,-620.61,-850.59,-145.51,340.06,84.70,-50.91,35.60
1006,275566993,-602.54,-840.33,-152.34,342.20,84.15,-53.90,35.22
1007,275572787,-580.08,-806.15,-62.99,340.85,89.70,-53.84,35.46
1008,275576836,-581.54,-795.90,22.46,328.54,91.46,-54.02,35.46
1009,275580885,-568.36,-791.50,16.11,317.68,92.26,-54.57,35.55
1010,275584944,-522.46,-780.76,64.94,302.38,94.02,-54.21,35.36
1011,275590787,-498.05,-775.39,71.78,286.89,98.96,-44.94,35.36
1012,275594836,-525.88,-809.08,57.62,281.34,103.66,-29.76,35.70
1013,275598885,-482.42,-809.57,20.51,288.05,98.35,-25.79,35.60
1014,275602944,-453.12,-801.76,130.37,286.71,98.66,-23.48,35.41
1015,275606993,-455.08,-816.89,181.15,275.12,98.41,-13.90,35.55
1016,275612787,-470.70,-831.05,162.60,265.37,95.79,-4.27,35.60
1017,275616836,-488.28,-850.10,190.43,256.04,87.56,-0.79,35.17
1018,275620885,-492.19,-867.68,204.59,251.59,72.01,-0.98,35.55
1019,275624944,-464.36,-911.13,187.50,249.33,58.84,-1.16,35.46
1020,275628993,-446.78,-880.86,194.34,262.80,42.44,1.46,35.55
1021,275634787,-482.42,-906.74,261.72,259.02,32.38,6.71,35.27
1022,275638836,-541.50,-898.44,282.23,240.18,22.87,6.40,35.46
1023,275642885,-537.60,-886.72,267.58,228.35,12.44,-0.30,35.55
1024,275646944,-518.07,-891.11,260.25,221.52,3.35,-6.77,35.55
1025,275650993,-495.12,-906.74,261.23,216.10,-5.85,-9.33,35.07
1026,275656787,-463.38,-883.30,283.69,212.56,-11.16,-5.98,35.17
1027,275660836,-507.32,-900.39,274.41,202.26,-12.32,-1.65,35.55
1028,275664885,-519.04,-901.86,284.18,196.71,-11.22,0.06,35.89
1029,275668944,-519.53,-851.56,316.89,186.04,-10.43,-0.67,35.22
1030,275672993,-518.55,-829.10,321.29,170.49,-10.85,-5.24,35.27
1031,275678787,-498.54,-827.15,301.76,154.63,-9.27,-10.55,35.17
1032,275682836,-468.75,-819.82,292.48,136.83,-6.28,-12.38,35.07
1033,275686885,-459.47,-822.75,292.97,126.83,-4.33,-8.29,35.55
1034,275690944,-458.01,-841.31,327.64,116.59,-1.40,-0.98,35.60
1035,275694993,-471.19,-834.96,331.54,102.87,-1.28,5.12,35.07
1036,275700787,-471.68,-808.11,281.74,87.99,-0.18,9.51,35.17
1037,275704836,-497.07,-821.78,238.77,72.62,1.71,8.66,35.55
1038,275708885,-490.23,-829.59,244.14,66.16,1.52,7.56,35.75
1039,275712944,-473.14,-799.80,273.44,59.45,-0.73,8.17,35.17
1040,275716993,-467.77,-785.16,265.62,49.94,-2.74,10.00,35.46
1041,275722787,-491.70,-791.02,239.26,39.33,-2.26,9.15,35.46
1042,275726836,-513.18,-809.08,226.07,29.21,-1.65,5.43,35.36
1043,275730885,-507.81,-800.29,236.82,23.66,-1.28,2.99,35.55
1044,275734944,-501.95,-779.30,245.12,13.41,-0.24,-0.43,35.46
1045,275738993,-498.54,-771.48,238.77,1.16,1.59,-3.84,35.22
1046,275744787,-494.63,-773.93,226.56,-11.16,4.51,-6.59,35.46
1047,275748836,-493.16,-774.41,230.47,-24.33,8.05,-7.74,35.70
1048,275752885,-488.28,-759.77,224.61,-33.41,10.12,-8.23,35.22
1049,275756944,-477.54,-741.21,202.64,-45.37,13.78,-9.27,35.46
1050,275760993,-479.49,-738.28,187.99,-55.79,17.50,-8.54,35.60
1051,275766787,-476.07,-754.39,197.75,-64.09,21.40,-5.55,35.60
1052,275770836,-479.00,-728.03,178.22,-75.49,25.18,-1.28,35.22
1053,275774885,-492.68,-726.56,152.83,-81.89,28.41,-1.04,35.07
1054,275778944,-485.35,-712.89,152.34,-89.45,32.44,-3.66,35.55
1055,275782993,-474.12,-700.68,148.44,-97.13,35.55,-6.83,35.60
1056,275788787,-466.31,-718.75,152.83,-104.02,37.74,-7.56,35.46
1057,275792836,-462.40,-728.52,160.64,-113.05,40.00,-7.07,35.27
1058,275796885,-461.91,-712.89,141.60,-121.16,41.59,-7.50,35.22
1059,275800944,-463.87,-711.91,116.70,-131.46,44.15,-9.94,35.27
1060,275806787,-463.38,-721.19,111.82,-140.49,44.57,-12.56,35.46
1061,275810836,-446.29,-710.45,109.37,-149.76,43.72,-13.29,35.55
1062,275814885,-451.17,-724.12,96.68,-156.71,42.13,-11.46,35.60
1063,275818944,-452.64,-737.30,90.33,-160.91,41.22,-9.57,35.46
1064,275822993,-458.01,-730.47,93.26,-165.24,39.39,-8.17,35.60
1065,275828787,-450.68,-715.82,86.91,-170.00,38.48,-8.54,35.60
1066,275832836,-473.63,-711.43,35.64,-176.59,39.39,-11.10,35.27
1067,275836885,-457.52,-716.80,16.60,-180.61,36.40,-16.46,35.07
1068,275840944,-439.94,-711.91,6.35,-181.83,32.13,-17.07,34.93
1069,275844993,-423.34,-711.43,17.09,-183.78,25.73,-14.45,35.60
1070,275850787,-424.32,-708.01,11.23,-186.83,18.29,-12.07,35.46
1071,275854836,-434.57,-694.82,-17.58,-191.59,11.22,-9.45,35.46
1072,275858885,-445.80,-697.27,-34.67,-194.76,6.65,-8.35,35.55
1073,275862944,-458.98,-700.68,-47.85,-195.91,2.32,-8.96,35.55
1074,275866993,-464.36,-696.78,-65.43,-196.40,-3.90,-9.88,35.46
1075,275872787,-464.36,-713.87,-82.03,-194.57,-9.82,-10.85,35.22
1076,275876836,-457.03,-708.98,-94.24,-193.48,-15.49,-12.20,35.27
1077,275880885,-453.61,-708.01,-99.12,-193.29,-18.84,-11.04,35.60
1078,275884944,-461.43,-706.05,-108.89,-193.96,-22.26,-8.78,35.22
1079,275888993,-463.38,-700.20,-116.21,-195.91,-24.82,-6.89,35.60
1080,275894787,-473.14,-696.78,-133.79,-198.90,-26.89,-7.26,35.46
1081,275898836,-468.26,-690.43,-138.18,-203.72,-27.74,-8.60,35.17
1082,275902885,-458.01,-690.43,-125.98,-207.80,-28.60,-8.11,35.60
1083,275906944,-461.91,-696.29,-121.09,-214.76,-28.17,-4.45,35.60
1084,275910993,-463.87,-692.87,-131.35,-222.99,-26.16,0.00,35.46
1085,275916787,-486.33,-693.85,-148.44,-233.48,-23.72,1.59,35.07
1086,275920836,-500.00,-701.66,-190.43,-244.88,-20.24,2.50,35.07
1087,275924885,-507.81,-699.71,-202.64,-252.07,-17.74,0.91,35.46
1088,275928944,-512.70,-697.75,-224.12,-262.38,-16.28,-0.98,35.46
1089,275932993,-511.23,-708.01,-242.19,-272.68,-16.16,-1.95,35.36
1090,275938787,-498.05,-711.43,-265.62,-282.56,-17.20,-0.18,35.70
1091,275942836,-484.86,-697.27,-294.92,-294.39,-18.96,3.29,35.79
1092,275946885,-489.75,-698.24,-333.50,-301.89,-21.04,6.46,35.60
1093,275950944,-499.02,-707.03,-372.56,-308.90,-22.26,10.24,35.46
1094,275954993,-512.70,-712.89,-391.60,-313.35,-23.29,13.29,35.55
1095,275960787,-528.32,-706.05,-418.46,-316.16,-24.33,14.94,35.27
1096,275964836,-551.76,-708.98,-442.38,-316.28,-26.34,15.79,35.46
1097,275968885,-567.38,-740.23,-447.27,-315.67,-27.26,15.12,35.60
1098,275972944,-559.57,-747.07,-447.27,-314.39,-28.84,11.71,35.89
1099,275976993,-555.18,-740.72,-455.08,-315.06,-28.17,9.02,35.60
1100,275982787,-549.80,-732.91,-483.40,-317.32,-26.34,7.32,35.55
1101,275986836,-528.32,-718.75,-502.44,-318.78,-23.35,6.59,35.55
1102,275990885,-525.88,-709.47,-496.09,-320.18,-21.95,6.65,35.17
1103,275994944,-529.30,-708.98,-508.30,-322.26,-21.04,7.38,35.60
1104,275998993,-529.79,-687.99,-527.83,-323.29,-20.00,7.80,35.36
1105,276004787,-538.09,-675.29,-572.27,-324.88,-19.09,7.32,35.41
1106,276008836,-545.90,-689.94,-630.37,-322.20,-19.15,6.16,35.46
1107,276012885,-547.85,-687.99,-659.67,-318.05,-19.70,4.15,35.22
1108,276016944,-525.88,-670.41,-678.22,-311.40,-21.34,2.80,35.60
1109,276022787,-515.62,-663.57,-688.48,-304.39,-24.45,4.33,35.70
1110,276026836,-511.72,-652.83,-723.14,-295.30,-27.20,8.23,35.60
1111,276030885,-508.30,-641.60,-745.61,-286.04,-27.01,10.12,35.46
1112,276034944,-510.74,-628.91,-758.79,-279.09,-25.37,10.67,35.07
1113,276038993,-501.46,-629.88,-770.51,-272.56,-22.50,10.43,35.55
1114,276044787,-500.98,-629.39,-786.62,-265.79,-18.90,10.55,35.27
1115,276048836,-503.42,-632.32,-792.48,-258.41,-12.87,10.61,35.17
1116,276052885,-503.91,-632.32,-784.67,-255.55,-7.68,9.21,35.55
1117,276056944,-484.37,-630.86,-778.32,-255.49,-3.60,7.80,35.22
1118,276060993,-468.75,-629.39,-771.00,-257.99,2.01,8.11,35.46
1119,276066787,-465.82,-621.58,-771.48,-262.50,8.17,9.76,35.55
1120,276070836,-467.29,-613.28,-771.97,-269.02,13.35,11.28,35.55
1121,276074885,-466.31,-616.70,-774.41,-274.02,18.23,12.99,35.70
1122,276078944,-465.82,-617.68,-778.81,-276.40,22.99,14.82,35.46
1123,276082993,-468.75,-616.21,-779.79,-276.89,29.70,16.59,35.27
1124,276088787,-470.21,-614.75,-775.88,-276.52,34.88,16.34,35.27
1125,276092836,-473.63,-626.95,-791.50,-272.32,38.11,15.06,35.22
1126,276096885,-464.84,-622.07,-795.90,-267.62,38.60,14.82,35.55
1127,276100944,-453.61,-616.21,-805.66,-260.49,37.26,15.37,35.79
1128,276104993,-456.05,-615.23,-809.08,-250.85,34.45,15.85,35.55
1129,276110787,-466.31,-600.59,-793.95,-240.24,28.84,17.32,35.17
1130,276114836,-480.96,-562.50,-750.00,-228.66,20.91,17.01,35.22
1131,276118885,-495.12,-541.02,-733.40,-223.78,15.18,16.28,35.36
1132,276122944,-512.21,-554.69,-743.16,-218.72,7.99,14.02,35.55
1133,276126993,-511.72,-549.32,-751.95,-212.87,0.67,11.46,35.55
1134,276132787,-498.54,-530.76,-750.98,-207.01,-6.22,9.33,35.46
1135,276136836,-493.16,-488.28,-747.07,-201.89,-14.15,3.72,35.17
1136,276140885,-485.35,-469.24,-737.79,-201.22,-17.38,0.55,35.60
1137,276144944,-483.89,-445.31,-734.86,-201.89,-21.95,-1.77,35.17
1138,276148993,-469.24,-428.22,-741.21,-206.65,-24.09,-1.77,35.17
1139,276154787,-454.59,-405.27,-752.44,-213.11,-22.99,0.37,35.70
1140,276158836,-437.99,-374.51,-762.21,-223.66,-17.74,6.22,35.55
1141,276162885,-430.18,-363.77,-777.83,-231.59,-15.06,12.26,35.46
1142,276166944,-432.13,-346.19,-797.36,-239.33,-9.88,21.65,35.46
1143,276170993,-447.75,-322.75,-823.73,-245.37,-5.37,30.43,35.27
1144,276176787,-466.31,-299.80,-863.28,-250.06,-3.60,35.37,35.46
1145,276180836,-490.23,-288.57,-906.74,-249.33,-4.09,36.95,35.36
1146,276184885,-514.16,-279.79,-912.60,-246.22,-7.44,36.40,35.55
1147,276188944,-530.76,-246.09,-903.32,-242.62,-14.76,35.24,35.70
1148,276192993,-542.48,-247.07,-912.11,-238.78,-23.78,34.09,35.75
1149,276198787,-554.69,-257.32,-922.36,-234.21,-31.77,33.54,35.07
1150,276202836,-557.13,-253.91,-926.27,-227.38,-40.12,35.55,35.46
1151,276206885,-557.62,-241.70,-950.20,-222.44,-45.06,37.32,35.36
1152,276210944,-572.27,-220.21,-986.82,-215.24,-49.51,38.72,35.60
1153,276214993,-581.54,-207.52,-1029.30,-206.95,-52.50,37.50,35.70
1154,276220787,-593.75,-200.68,-1072.75,-197.62,-51.95,31.77,35.55
1155,276224836,-582.52,-231.45,-1015.14,-197.68,-51.40,21.65,35.60
1156,276228885,-558.11,-189.94,-1079.10,-192.50,-49.82,22.50,35.22
1157,276232944,-541.02,-184.57,-1121.58,-186.65,-45.79,22.87,35.60
1158,276238787,-523.44,-170.41,-1142.09,-179.76,-38.90,25.00,35.60
1159,276242836,-521.48,-146.97,-1096.68,-175.30,-23.90,31.04,35.27
1160,276246885,-537.11,-119.63,-1094.73,-169.57,-10.06,36.89,35.17
1161,276250944,-567.38,-126.95,-1092.77,-164.76,1.10,37.62,35.17
1162,276254993,-590.82,-112.30,-1092.77,-156.83,16.04,34.70,35.55
1163,276259042,-602.54,-96.68,-1090.33,-148.90,29.02,28.84,35.27
1164,276264787,-612.79,-92.29,-1060.06,-140.73,38.66,20.98,35.46
1165,276268836,-613.77,-78.12,-1001.46,-131.77,44.09,11.16,35.36
1166,276272885,-597.66,-54.69,-945.31,-128.54,44.88,5.43,35.75
1167,276276944,-580.08,-41.50,-908.69,-126.83,43.48,2.32,35.27
1168,276282787,-568.36,-54.20,-899.41,-123.17,42.01,2.07,35.07
1169,276286836,-563.96,-76.17,-903.81,-113.35,39.51,1.89,35.46
1170,276290885,-545.90,-56.15,-889.65,-103.78,36.71,0.67,35.55
1171,276294944,-517.58,-20.02,-875.98,-96.46,35.18,0.55,35.46
1172,276298993,-504.88,5.37,-887.70,-87.44,34.39,-0.12,35.75
1173,276304787,-502.93,16.60,-905.27,-74.63,32.93,-1.59,35.55
1174,276308836,-513.18,41.50,-882.81,-57.13,30.49,-4.70,35.55
1175,276312885,-508.79,72.75,-854.98,-47.74,29.02,-7.44,35.70
1176,276316944,-495.12,103.03,-812.50,-41.71,28.17,-12.01,35.89
1177,276320993,-477.54,127.93,-786.62,-40.37,30.43,-13.84,35.70
1178,276326787,-465.82,158.69,-767.58,-42.07,35.30,-11.89,35.17
1179,276330836,-484.86,194.34,-764.65,-45.24,42.44,-7.87,35.07
1180,276334885,-498.05,215.33,-742.68,-47.20,45.91,-7.80,35.79
1181,276338944,-524.90,231.45,-708.50,-52.20,47.56,-11.52,35.27
1182,276342993,-527.83,219.73,-698.73,-60.61,46.77,-17.80,35.36
1183,276348787,-486.82,248.54,-651.37,-69.76,45.06,-21.71,35.22
1184,276352836,-432.13,226.07,-660.16,-82.26,40.37,-17.26,35.22
1185,276356885,-416.99,210.45,-710.45,-87.80,38.66,-11.77,35.46
1186,276360944,-406.25,238.28,-761.23,-88.90,37.68,-4.57,35.22
1187,276364993,-408.69,254.39,-793.46,-83.96,34.88,0.91,35.22
1188,276370787,-417.48,239.26,-818.36,-75.67,30.24,2.50,35.55
1189,276374836,-421.39,238.28,-841.31,-62.74,27.01,1.40,35.46
1190,276378885,-421.87,250.00,-860.35,-52.07,26.46,0.79,35.22
1191,276382944,-423.83,269.04,-870.61,-36.89,25.24,-1.34,35.55
1192,276386993,-428.22,291.99,-881.84,-22.01,22.38,-6.04,35.22
1193,276392787,-421.39,322.75,-897.46,-8.84,19.76,-10.73,35.27
1194,276396836,-408.69,334.96,-895.51,4.70,17.13,-14.45,35.70
1195,276400885,-397.95,336.43,-880.37,13.05,15.55,-14.63,35.55
1196,276404944,-371.58,344.73,-882.81,21.34,14.21,-10.49,35.46
1197,276408993,-367.19,359.86,-895.02,28.96,13.41,-4.82,35.46
1198,276414787,-369.63,358.40,-928.71,37.50,13.23,-0.24,35.46
1199,276418836,-372.56,355.47,-937.50,49.15,13.54,3.60,35.46
1200,276422885,-380.37,336.43,-933.11,56.71,13.17,4.88,35.60
1201,276426944,-385.25,317.87,-944.82,66.16,12.56,4.82,35.55
1202,276430993,-367.68,278.32,-945.31,78.72,14.57,5.85,35.17
1203,276436787,-377.44,261.23,-948.24,91.52,16.77,9.51,35.46
1204,276440836,-405.27,233.89,-942.87,105.73,13.17,5.79,35.46
1205,276444885,-416.02,203.12,-937.99,115.73,10.61,0.79,35.22
1206,276448944,-420.41,174.32,-921.39,128.72,7.44,-5.06,35.55
1207,276454787,-417.97,154.79,-920.90,141.59,4.76,-9.70,35.27
1208,276458836,-406.74,123.05,-924.80,158.05,-0.18,-15.98,35.55
1209,276462885,-407.23,113.28,-927.73,172.44,-4.70,-20.98,35.36
1210,276466944,-398.44,97.66,-923.83,183.41,-8.54,-24.21,35.22
1211,276470993,-399.90,90.33,-933.59,198.60,-12.07,-25.06,35.60
1212,276475042,-416.99,89.36,-942.38,215.00,-15.61,-25.49,35.22
1213,276480787,-439.45,74.22,-970.70,231.95,-17.80,-26.65,35.41
1214,276484836,-483.40,62.01,-978.03,251.16,-19.63,-30.43,35.46
1215,276488885,-500.00,55.18,-974.12,261.89,-21.77,-34.63,35.70
1216,276492944,-513.18,57.62,-952.64,272.07,-25.06,-39.76,35.46
1217,276498787,-516.11,57.13,-952.64,278.35,-28.78,-43.90,35.36
1218,276502836,-491.70,34.18,-916.50,277.38,-27.26,-43.90,35.70
1219,276506885,-500.49,20.51,-896.48,272.80,-24.39,-35.91,35.55
1220,276510944,-495.61,0.00,-895.51,268.48,-22.50,-28.29,35.27
1221,276514993,-511.72,-13.67,-874.02,260.98,-19.82,-16.28,35.46
1222,276520787,-535.64,-21.00,-876.95,251.16,-16.65,-5.49,35.27
1223,276524836,-563.48,-56.64,-903.81,240.49,-12.44,-0.06,35.22
1224,276528885,-572.75,-95.70,-910.64,234.76,-8.11,0.24,35.46
1225,276532944,-578.61,-124.02,-906.25,231.65,-5.43,0.24,35.94
1226,276536993,-576.17,-146.00,-912.60,229.51,-4.57,0.98,35.46
1227,276542787,-576.17,-153.81,-935.06,229.39,-5.79,2.62,35.07
1228,276546836,-577.64,-173.34,-987.79,235.30,-7.74,4.82,35.55
1229,276550885,-592.77,-173.83,-1011.23,242.74,-9.45,5.12,35.75
1230,276554944,-603.52,-180.18,-1037.11,254.57,-12.62,1.83,35.70
1231,276558993,-621.58,-188.96,-1036.62,267.26,-16.16,-6.28,35.22
1232,276564787,-637.21,-204.10,-1032.23,279.33,-19.57,-17.93,35.55
1233,276568836,-654.79,-218.75,-1036.62,291.59,-23.17,-33.72,35.22
1234,276572885,-638.18,-216.80,-1023.44,295.61,-23.29,-45.30,35.70
1235,276576944,-611.33,-221.19,-969.24,294.39,-18.72,-57.56,35.55
1236,276580993,-600.59,-235.35,-925.29,290.12,-13.96,-65.79,34.93
1237,276586787,-581.54,-255.86,-864.26,279.39,-9.51,-71.16,35.07
1238,276590836,-550.78,-279.30,-772.46,255.61,-3.11,-70.43,35.60
1239,276594885,-524.41,-303.71,-729.98,235.37,3.05,-68.54,35.75
1240,276598944,-477.05,-328.61,-681.15,207.56,14.15,-63.90,35.27
1241,276602993,-437.99,-353.03,-651.86,179.88,27.20,-53.48,35.22
1242,276608787,-405.76,-395.02,-654.79,154.94,41.28,-37.93,35.55
1243,276612836,-408.69,-429.20,-676.76,134.39,56.65,-18.11,35.36
1244,276616885,-423.34,-448.24,-682.62,125.85,63.78,-7.62,35.55
1245,276620944,-451.17,-476.56,-681.64,119.39,69.39,-0.98,35.27
1246,276624993,-465.82,-502.93,-678.71,115.67,70.55,0.79,35.46
1247,276630787,-462.40,-530.76,-691.89,116.40,66.16,-1.28,35.36
1248,276634836,-440.43,-566.89,-672.85,119.76,56.46,-2.99,35.60
1249,276638885,-437.01,-540.04,-768.55,136.04,50.85,0.06,35.55
1250,276642944,-454.59,-588.87,-663.09,145.18,43.35,-5.18,35.36
1251,276646993,-457.52,-603.52,-600.59,146.04,33.72,-8.35,35.70
1252,276652787,-447.27,-619.63,-570.80,141.10,23.84,-9.02,35.07
1253,276656836,-419.43,-628.91,-579.59,133.78,10.30,-9.39,35.36
1254,276660885,-405.27,-633.79,-587.89,130.30,2.32,-8.29,35.55
1255,276664944,-393.07,-637.21,-576.17,126.46,-9.02,-7.01,35.27
1256,276668993,-385.25,-640.14,-556.15,120.24,-15.67,-5.00,35.46
1257,276674787,-399.90,-651.37,-534.18,111.22,-18.84,-3.96,35.36
1258,276678836,-415.53,-662.60,-521.97,97.62,-17.13,-4.94,35.27
1259,276682885,-416.50,-658.20,-529.79,87.87,-15.00,-6.65,35.41
1260,276686944,-399.41,-652.34,-544.92,77.74,-11.04,-9.70,35.41
1261,276692787,-390.14,-660.64,-556.64,68.78,-7.07,-11.89,35.60
1262,276696836,-368.16,-667.97,-564.45,59.45,-4.76,-13.23,35.36
1263,276700885,-351.07,-662.60,-564.45,51.22,-3.05,-11.95,35.55
1264,276704944,-337.40,-653.81,-560.06,44.21,-1.77,-9.76,35.46
1265,276708993,-335.94,-651.86,-555.66,34.94,-0.37,-5.55,35.46
1266,276714787,-344.73,-646.48,-558.59,25.49,0.43,-2.01,35.22
1267,276718836,-341.80,-621.58,-571.29,13.84,0.12,1.83,35.55
1268,276722885,-337.89,-611.82,-573.24,5.79,0.06,4.51,35.55
1269,276726944,-339.36,-600.59,-571.29,-0.24,-0.43,7.32,35.55
1270,276730993,-353.52,-602.05,-577.64,-7.20,-1.65,10.91,35.75
1271,276736787,-360.35,-597.66,-578.12,-13.11,-1.95,14.27,35.60
1272,276740836,-389.16,-600.10,-581.54,-19.27,-4.45,16.40,35.46
1273,276744885,-404.30,-589.84,-578.61,-24.70,-7.26,16.71,35.55
1274,276748944,-406.74,-578.12,-579.10,-29.70,-9.51,16.40,35.27
1275,276752993,-409.18,-567.87,-596.19,-36.22,-12.13,16.16,35.27
1276,276758787,-412.60,-576.66,-609.38,-40.73,-15.12,16.04,35.22
1277,276762836,-423.34,-576.17,-639.65,-42.74,-19.21,16.89,35.55
1278,276766885,-429.69,-568.36,-655.27,-42.93,-22.01,17.07,35.55
1279,276770944,-433.59,-565.43,-689.45,-40.00,-26.16,16.46,35.70
1280,276774993,-437.99,-566.41,-708.50,-34.39,-28.78,14.63,35.46
1281,276780787,-447.27,-556.15,-740.23,-26.65,-31.46,12.38,35.46
1282,276784836,-469.24,-539.06,-779.30,-14.39,-34.63,8.11,35.22
1283,276788885,-475.59,-541.50,-801.76,-4.88,-36.52,3.90,35.70
1284,276792944,-481.93,-555.18,-800.29,8.78,-38.54,-2.20,35.60
1285,276796993,-484.37,-543.95,-775.39,21.04,-40.00,-6.95,35.27
1286,276802787,-474.61,-520.02,-790.04,27.68,-38.48,-11.28,35.27
1287,276806836,-467.29,-530.27,-814.94,35.37,-33.96,-14.57,35.60
1288,276810885,-470.70,-532.23,-800.78,40.61,-30.49,-15.12,35.22
1289,276814944,-458.98,-515.14,-770.02,44.02,-26.28,-15.06,35.27
1290,276818993,-463.38,-503.91,-757.81,43.66,-22.13,-13.96,35.60
1291,276824787,-463.87,-508.30,-751.46,41.34,-17.62,-12.99,35.55
1292,276828836,-456.54,-525.39,-719.24,36.28,-11.22,-11.46,35.79
1293,276832885,-438.96,-520.02,-707.03,31.52,-6.59,-9.51,35.55
1294,276836944,-440.43,-520.51,-701.17,25.06,-0.61,-6.59,35.60
1295,276840993,-434.57,-522.46,-703.61,19.15,4.15,-4.33,35.55
1296,276846787,-427.73,-531.25,-694.34,14.27,7.99,-1.77,35.55
1297,276850836,-431.64,-529.30,-674.80,9.09,11.46,0.43,35.46
1298,276854885,-440.43,-538.09,-672.85,6.40,11.77,1.77,35.22
1299,276858944,-444.82,-538.09,-679.69,3.54,11.04,1.95,35.75
1300,276862993,-447.27,-543.46,-670.90,2.32,8.84,1.16,35.60
1301,276868787,-437.50,-540.04,-660.64,1.28,6.46,-0.18,35.75
1302,276872836,-437.01,-550.78,-662.11,1.59,2.87,-1.16,35.36
1303,276876885,-434.57,-556.15,-673.83,2.56,0.61,-1.46,35.22
1304,276880944,-430.66,-554.20,-687.99,4.94,-2.01,-1.46,35.27
1305,276884993,-423.83,-546.88,-699.71,8.54,-4.70,-1.22,35.46
1306,276890787,-432.13,-556.64,-705.57,13.29,-6.95,-1.10,35.36
1307,276894836,-436.04,-560.06,-712.89,21.16,-9.51,-1.95,35.55
1308,276898885,-439.94,-550.78,-709.47,26.10,-10.79,-3.23,35.07
1309,276902944,-444.34,-549.80,-704.10,30.98,-11.71,-4.33,35.70
1310,276908787,-442.87,-563.96,-700.20,34.33,-11.10,-6.59,35.27
1311,276912836,-430.18,-553.22,-650.88,36.16,-8.41,-8.17,35.75
1312,276916885,-420.41,-547.36,-649.90,34.02,-6.46,-8.60,35.46
1313,276920944,-421.87,-556.15,-648.93,31.10,-4.57,-8.78,35.07
1314,276924993,-427.73,-571.29,-637.70,27.56,-1.65,-7.44,35.60
1315,276930787,-413.57,-577.64,-627.93,22.32,1.46,-5.30,35.60
1316,276934836,-416.50,-580.57,-613.28,14.70,5.24,-2.26,35.46
1317,276938885,-415.53,-582.03,-609.38,9.15,7.44,-0.98,35.55
1318,276942944,-410.64,-581.54,-596.68,5.06,8.35,-0.24,35.60
1319,276946993,-409.67,-575.20,-591.80,-0.18,8.48,2.32,35.70
1320,276952787,-416.99,-581.05,-588.38,-4.09,8.96,4.76,35.55
1321,276956836,-425.78,-586.43,-599.12,-7.68,9.09,6.10,35.60
1322,276960885,-433.11,-585.45,-599.12,-8.72,8.35,5.18,35.55
1323,276964944,-433.11,-581.05,-600.59,-8.96,6.77,4.02,35.60
1324,276968993,-433.59,-587.89,-606.93,-7.99,3.78,2.32,35.55
1325,276974787,-432.13,-592.29,-616.21,-6.52,-0.24,0.67,35.27
1326,276978836,-423.83,-589.84,-632.32,-3.41,-4.39,-1.71,35.46
1327,276982885,-422.36,-590.82,-635.74,-1.04,-7.44,-2.68,35.60
1328,276986944,-409.67,-588.38,-636.23,1.83,-11.10,-3.66,35.55
1329,276990993,-409.18,-581.05,-644.53,4.02,-13.23,-3.48,35.46
1330,276996787,-415.53,-577.15,-647.46,4.39,-14.09,-3.48,35.22
1331,277000836,-420.90,-584.47,-646.97,4.27,-13.66,-4.09,35.22
1332,277004885,-415.04,-587.40,-635.74,2.87,-12.68,-4.21,35.55
1333,277008944,-413.57,-586.91,-641.11,0.43,-12.56,-3.66,35.36
1334,277012993,-408.20,-589.36,-647.46,-2.74,-10.98,-2.87,35.55
1335,277018787,-405.27,-595.70,-649.90,-6.52,-8.66,-1.95,35.07
1336,277022836,-403.81,-585.94,-665.04,-10.37,-6.46,-0.61,35.89
1337,277026885,-404.30,-584.96,-666.99,-12.50,-4.94,0.30,35.55
1338,277030944,-403.81,-578.12,-662.60,-15.00,-3.60,1.40,35.70
1339,277034993,-408.20,-579.10,-672.85,-17.87,-2.07,2.87,35.07
1340,277040787,-413.57,-583.50,-672.85,-20.37,-0.61,4.33,35.60
1341,277044836,-403.81,-569.34,-667.48,-22.80,1.65,6.59,35.70
1342,277048885,-413.57,-564.45,-672.85,-25.12,3.90,9.02,35.55
1343,277052944,-431.64,-591.31,-670.90,-25.43,5.85,10.98,35.46
1344,277056993,-438.48,-583.98,-655.27,-24.63,5.06,11.40,35.60
1345,277062787,-437.50,-578.61,-665.04,-26.10,4.09,11.59,35.60
1346,277066836,-446.78,-585.45,-689.94,-25.67,2.74,11.52,35.79
1347,277070885,-449.71,-597.17,-690.43,-23.48,1.77,12.32,35.17
1348,277074944,-454.59,-589.36,-674.32,-21.40,-0.85,13.35,35.41
1349,277078993,-462.40,-581.05,-683.11,-20.00,-3.96,15.49,35.46
1350,277084787,-477.05,-589.84,-700.68,-17.74,-6.46,15.98,35.27
1351,277088836,-488.77,-599.12,-717.77,-12.32,-8.54,14.63,35.36
1352,277092885,-505.86,-596.19,-724.12,-8.41,-9.82,12.68,35.55
1353,277096944,-521.00,-610.84,-721.19,-4.02,-11.16,9.21,35.60
1354,277100993,-521.48,-611.33,-717.77,-1.16,-11.59,5.12,35.70
1355,277106787,-520.02,-607.91,-692.87,-1.40,-10.61,2.20,35.55
1356,277110836,-510.74,-604.98,-688.48,-3.78,-9.70,0.18,35.55
1357,277114885,-496.09,-612.79,-679.69,-6.95,-8.35,-0.06,35.46
1358,277118944,-491.70,-618.65,-680.66,-11.10,-5.85,1.59,35.79
1359,277124787,-483.89,-613.28,-675.29,-15.91,-2.68,4.21,35.60
1360,277128836,-493.65,-602.05,-687.99,-21.83,1.40,7.07,35.75
1361,277132885,-494.14,-607.91,-694.34,-25.30,4.09,8.05,35.46
1362,277136944,-505.37,-615.72,-701.17,-26.04,6.16,7.62,35.55
1363,277140993,-506.35,-609.86,-700.20,-25.12,5.79,7.20,35.55
1364,277146787,-498.05,-598.63,-705.57,-24.63,5.30,6.71,35.60
1365,277150836,-495.61,-604.98,-730.47,-21.46,5.24,6.40,35.55
1366,277154885,-497.07,-601.07,-731.93,-17.13,5.30,6.46,35.60
1367,277158944,-491.21,-597.17,-723.63,-13.54,4.76,6.34,35.75
1368,277162993,-494.63,-596.19,-713.38,-9.02,3.23,6.22,35.46
1369,277168787,-489.75,-603.03,-717.77,-5.12,1.71,5.43,35.46
1370,277172836,-491.70,-607.42,-716.80,0.00,0.43,3.66,35.36
1371,277176885,-492.19,-606.93,-714.36,3.48,-0.06,2.62,35.55
1372,277180944,-489.26,-604.49,-709.47,4.88,-0.73,2.50,35.60
1373,277184993,-482.91,-597.17,-692.87,5.43,-1.83,2.26,35.70
1374,277190787,-476.56,-596.19,-691.41,4.94,-2.56,2.01,35.22
1375,277194836,-467.77,-593.26,-688.96,3.96,-2.38,2.68,35.46
1376,277198885,-473.63,-593.26,-698.73,2.68,-1.40,3.11,35.55
1377,277202944,-481.45,-599.61,-707.52,1.22,0.18,3.35,35.60
1378,277206993,-476.07,-606.45,-703.12,0.06,1.46,3.11,35.70
1379,277212787,-470.70,-594.73,-689.45,-1.10,2.50,2.99,35.17
1380,277216836,-469.24,-587.40,-684.57,-4.51,3.84,4.33,35.55
1381,277220885,-470.21,-592.77,-690.92,-7.07,4.33,4.63,35.55
1382,277224944,-471.19,-598.63,-691.89,-8.48,5.12,4.63,35.70
1383,277228993,-469.73,-597.66,-684.57,-8.90,5.12,5.00,35.46
1384,277234787,-467.29,-596.68,-689.45,-8.17,4.88,5.61,35.27
1385,277238836,-481.93,-603.03,-699.71,-6.52,4.63,5.37,35.60
1386,277242885,-484.86,-604.49,-702.64,-4.82,4.39,4.94,35.60
1387,277246944,-491.21,-615.72,-702.15,-1.04,3.90,3.35,35.55
1388,277250993,-494.63,-621.09,-695.80,2.80,2.80,1.34,35.22
1389,277256787,-491.21,-605.96,-686.04,4.45,2.07,-1.34,35.55
1390,277260836,-478.52,-595.21,-663.57,4.27,1.34,-4.57,35.55
1391,277264885,-466.80,-593.75,-666.99,3.35,0.91,-5.18,35.55
1392,277268944,-458.01,-601.07,-665.53,1.95,0.61,-3.54,35.46
1393,277272993,-458.50,-608.40,-671.39,1.89,0.12,-1.04,35.27
1394,277278787,-464.84,-600.10,-683.11,1.65,0.30,0.24,35.46
1395,277282836,-467.29,-591.80,-687.50,1.77,0.30,0.37,35.55
1396,277286885,-468.75,-582.03,-686.04,1.46,0.73,-0.24,35.46
1397,277290944,-465.82,-581.05,-681.64,0.49,0.79,-1.22,35.70
1398,277294993,-460.94,-588.38,-679.69,-0.91,1.40,-1.59,35.55
1399,277300787,-451.66,-601.56,-681.15,-2.62,2.62,-1.04,35.60
1400,277304836,-444.82,-588.38,-688.96,-4.45,5.18,2.01,35.46
1401,277308885,-444.34,-581.54,-683.11,-5.73,6.89,4.02,35.55
1402,277312944,-456.54,-571.78,-684.08,-8.17,9.21,5.37,35.46
1403,277316993,-456.05,-571.78,-673.34,-10.67,9.21,5.85,35.75
1404,277322787,-463.87,-573.24,-670.41,-12.56,8.35,6.34,35.70
1405,277326836,-464.84,-578.61,-679.69,-13.72,8.05,6.40,35.70
1406,277330885,-465.33,-579.59,-680.18,-14.09,7.80,6.65,35.07
1407,277334944,-472.66,-586.91,-677.73,-13.72,7.44,6.10,35.70
1408,277340787,-471.68,-585.94,-672.85,-12.50,6.04,5.61,35.60
1409,277344836,-471.68,-581.05,-680.18,-10.67,3.72,5.18,35.46
1410,277348885,-470.70,-583.50,-683.59,-8.17,1.46,4.27,35.79
1411,277352944,-477.54,-583.01,-680.18,-5.43,-0.73,3.84,35.07
1412,277356993,-481.45,-585.94,-681.15,-2.20,-2.74,3.35,35.17
1413,277362787,-482.42,-591.31,-683.59,1.10,-4.27,2.99,35.79
1414,277366836,-488.28,-586.91,-677.25,4.21,-6.04,1.71,35.60
1415,277370885,-491.21,-578.12,-670.41,4.76,-6.89,0.24,35.60
1416,277374944,-480.47,-583.50,-665.04,4.82,-7.62,-0.37,35.27
1417,277378993,-480.96,-589.84,-666.02,3.84,-8.05,-0.91,35.46
1418,277384787,-473.63,-583.01,-667.48,2.13,-7.68,-0.43,35.70
1419,277388836,-475.59,-586.91,-669.43,-1.22,-6.71,1.16,35.60
1420,277392885,-478.03,-591.31,-672.85,-3.96,-4.70,2.93,35.60
1421,277396944,-481.45,-589.84,-660.16,-5.61,-3.84,3.90,35.60
1422,277400993,-484.86,-585.45,-660.64,-9.51,-2.20,4.33,35.46
1423,277406787,-486.33,-572.75,-662.11,-13.54,-0.85,4.15,35.46
1424,277410836,-474.61,-570.31,-682.13,-17.50,1.71,4.70,35.46
1425,277414885,-469.24,-571.29,-686.52,-19.27,3.05,4.45,35.17
1426,277418944,-465.82,-574.22,-693.85,-20.55,4.02,4.70,35.55
1427,277422993,-467.29,-572.75,-696.78,-20.98,4.09,4.88,35.46
1428,277428787,-464.84,-565.43,-702.64,-20.49,4.51,4.57,35.55
1429,277432836,-461.43,-561.04,-703.61,-18.84,4.82,4.45,35.79
1430,277436885,-462.89,-561.52,-700.68,-17.93,4.27,4.51,35.46
1431,277440944,-459.47,-558.11,-705.57,-16.22,3.96,4.45,35.75
1432,277444993,-461.43,-556.64,-708.01,-14.57,3.48,4.21,35.07
1433,277450787,-460.94,-561.52,-714.36,-12.50,3.41,3.60,35.46
1434,277454836,-459.47,-559.08,-714.84,-8.78,1.95,2.50,35.46
1435,277458885,-449.71,-558.11,-708.50,-6.89,0.67,2.32,35.07
1436,277462944,-449.71,-563.96,-701.17,-4.94,-1.22,2.93,35.70
1437,277466993,-455.57,-562.50,-704.59,-2.80,-1.71,3.48,35.27
1438,277472787,-463.38,-574.71,-705.08,-1.77,-1.22,2.68,35.55
1439,277476836,-464.84,-572.27,-697.27,-1.10,-1.16,0.79,35.60
1440,277480885,-459.47,-565.92,-684.57,-1.34,-1.34,0.00,35.55
1441,277484944,-462.40,-563.48,-684.08,-1.95,-1.46,0.55,35.55
1442,277488993,-460.45,-565.43,-691.89,-3.05,-1.59,1.59,35.75
1443,277494787,-474.61,-579.59,-694.34,-3.72,-1.22,1.83,35.60
1444,277498836,-479.00,-578.61,-698.24,-4.63,-0.37,0.73,35.70
1445,277502885,-478.03,-574.71,-693.85,-5.00,0.55,-0.30,35.70
1446,277506944,-477.54,-566.89,-686.52,-6.89,1.04,-1.89,35.75
1447,277510993,-471.68,-563.48,-679.69,-9.70,1.65,-2.93,35.55
1448,277516787,-458.50,-564.45,-675.29,-12.56,2.56,-2.50,35.60
1449,277520836,-461.43,-558.11,-680.18,-15.43,3.90,-1.04,35.70
1450,277524885,-463.38,-563.96,-687.99,-16.52,4.51,-0.37,35.17
1451,277528944,-465.33,-572.75,-708.50,-16.16,5.06,-0.30,35.27
1452,277532993,-470.70,-575.68,-708.98,-13.84,5.00,-1.04,35.60
1453,277538787,-467.77,-557.62,-710.45,-11.59,4.57,-2.74,35.46
1454,277542836,-458.98,-550.29,-715.82,-9.51,3.96,-4.70,35.22
1455,277546885,-451.66,-551.27,-722.17,-7.99,2.74,-5.85,35.27
1456,277550944,-439.45,-553.22,-710.45,-5.79,1.40,-5.98,35.60
1457,277556787,-436.52,-556.64,-718.26,-4.63,-0.37,-4.76,35.46
1458,277560836,-439.94,-545.90,-714.84,-3.54,-1.34,-3.23,35.60
1459,277564885,-442.38,-541.99,-715.82,-2.74,-1.77,-2.13,35.55
1460,277568944,-453.61,-548.34,-712.40,-2.32,-1.65,-2.07,35.17
1461,277572993,-455.08,-547.85,-712.40,-1.40,-1.89,-2.93,35.75
1462,277578787,-456.54,-542.97,-711.43,-1.16,-1.83,-3.84,35.46
1463,277582836,-444.82,-551.76,-707.03,-1.59,-1.22,-4.70,35.60
1464,277586885,-436.04,-543.95,-710.45,-2.68,-0.30,-3.84,35.60
1465,277590944,-435.06,-535.64,-715.82,-3.84,1.04,-1.95,35.27
1466,277594993,-441.89,-532.23,-711.91,-5.67,2.80,-0.37,35.46
1467,277600787,-436.52,-525.88,-711.91,-7.44,3.66,0.18,35.70
1468,277604836,-441.89,-528.81,-709.96,-9.45,3.66,0.85,35.89
1469,277608885,-451.17,-528.81,-712.89,-10.91,3.78,1.83,35.60
1470,277612944,-451.66,-534.67,-716.80,-11.52,3.96,2.13,35.60
1471,277616993,-453.12,-537.11,-714.84,-12.07,4.33,1.83,35.60
1472,277622787,-457.03,-534.67,-711.43,-12.50,4.63,2.01,35.79
1473,277626836,-454.59,-525.88,-712.89,-12.74,3.78,1.83,35.46
1474,277630885,-457.52,-539.55,-718.75,-12.38,3.66,1.89,35.70
1475,277634944,-459.47,-548.34,-728.03,-10.06,2.32,1.52,35.17
1476,277638993,-459.47,-535.64,-722.66,-6.71,1.16,0.79,35.70
1477,277644787,-460.94,-533.20,-726.07,-4.02,0.30,0.43,35.55
1478,277648836,-463.38,-541.50,-731.45,-0.24,-0.49,-1.10,35.46
1479,277652885,-467.77,-541.99,-728.03,2.26,-0.98,-1.65,35.46
1480,277656944,-467.29,-546.88,-723.63,5.00,-2.50,-1.77,35.60
1481,277660993,-473.63,-543.46,-721.68,7.07,-3.17,-2.32,35.22
1482,277666787,-467.77,-542.48,-720.21,8.17,-3.29,-2.68,35.46
1483,277670836,-461.91,-539.55,-711.91,8.66,-3.11,-3.54,35.46
1484,277674885,-465.82,-543.95,-709.96,8.17,-3.11,-3.90,35.70
1485,277678944,-463.87,-542.97,-700.20,6.16,-2.32,-4.27,35.46
1486,277682993,-463.87,-552.25,-697.27,3.60,-1.46,-4.15,35.55
1487,277688787,-459.47,-544.92,-692.87,0.61,-0.24,-2.93,35.70
1488,277692836,-446.78,-538.57,-704.10,-2.74,0.61,-1.59,35.70
1489,277696885,-452.15,-540.53,-713.38,-4.27,1.22,-0.55,35.70
1490,277700944,-447.75,-542.48,-721.19,-4.57,1.46,0.00,35.55
1491,277704993,-451.17,-541.99,-727.54,-4.02,1.28,0.00,35.55
1492,277710787,-456.54,-546.39,-729.49,-2.93,1.10,-0.73,35.79
1493,277714836,-451.66,-544.43,-721.68,-1.77,0.73,-2.01,35.46
1494,277718885,-441.89,-540.04,-717.29,-1.22,0.49,-1.65,35.27
1495,277722944,-438.48,-545.90,-714.84,-0.85,1.04,-0.73,35.70
1496,277726993,-437.50,-548.83,-715.33,0.00,1.10,0.18,35.36
1497,277732787,-441.41,-543.46,-710.45,0.73,1.16,1.10,35.55
1498,277736836,-445.80,-543.46,-712.89,2.50,0.37,1.59,35.55
1499,277740885,-451.66,-541.99,-716.80,3.78,-0.12,1.40,35.27
1500,277744944,-453.61,-545.90,-716.80,5.43,-0.67,0.43,35.75
1501,277748993,-450.20,-555.18,-708.98,6.71,-1.52,-0.85,35.55
1502,277754787,-450.20,-554.69,-711.91,7.50,-2.07,-1.71,35.55
1503,277758836,-444.82,-553.22,-705.08,7.13,-2.44,-1.83,35.75
1504,277762885,-442.38,-561.04,-696.29,6.59,-1.95,-0.85,35.22
1505,277766944,-441.89,-559.08,-683.59,4.82,-0.43,0.18,35.60
1506,277772787,-442.38,-551.76,-688.48,3.11,0.55,1.16,35.36
1507,277776836,-445.31,-566.41,-689.94,1.04,1.10,1.59,35.60
1508,277780885,-448.24,-566.41,-687.99,-0.49,1.95,1.46,35.75
1509,277784944,-457.52,-564.94,-688.96,-1.34,2.20,1.34,35.60
1510,277788993,-457.03,-555.66,-693.36,-2.87,1.77,0.91,35.89
1511,277793042,-446.29,-560.55,-694.34,-3.60,1.10,0.91,35.27
1512,277798787,-450.20,-560.55,-696.29,-3.60,0.61,1.28,35.55
1513,277802836,-451.17,-556.15,-705.57,-2.74,0.12,1.52,35.70
1514,277806885,-453.61,-556.64,-707.03,-1.71,-0.37,0.85,35.55
1515,277810944,-456.05,-560.55,-715.33,-1.16,-0.30,-0.43,35.60
1516,277816787,-452.64,-560.55,-713.38,0.43,0.00,-1.59,35.46
1517,277820836,-443.85,-541.99,-688.48,-0.79,0.43,-1.46,35.55
1518,277824885,-452.15,-550.78,-693.36,-2.38,-0.43,-1.28,35.75
1519,277828944,-449.22,-560.55,-704.10,-2.62,-0.43,-1.40,35.55
1520,277832993,-445.80,-548.83,-708.01,-1.77,0.18,-0.91,35.60
1521,277838787,-449.71,-541.50,-715.82,-0.67,0.79,-0.37,35.46
1522,277842836,-459.96,-542.48,-708.98,0.49,0.98,-0.91,35.27
1523,277846885,-458.98,-549.32,-707.03,0.85,-0.18,-0.85,35.55
1524,277850944,-457.52,-550.78,-708.98,0.49,-0.79,-0.61,35.79
1525,277854993,-455.57,-552.25,-708.98,-0.30,-0.67,-0.18,35.55
1526,277860787,-447.27,-545.41,-713.87,-0.12,-0.43,0.79,35.46
1527,277864836,-453.61,-541.02,-705.57,-0.18,0.30,2.01,35.22
1528,277868885,-463.87,-543.46,-701.66,-0.91,0.30,1.40,35.79
1529,277872944,-469.24,-551.27,-697.75,-0.73,0.43,0.06,35.70
1530,277876993,-463.87,-553.22,-697.75,-0.30,0.43,-0.37,35.46
1531,277882787,-457.03,-547.85,-706.05,-0.06,0.61,-0.55,35.27
1532,277886836,-452.64,-545.41,-707.03,0.91,0.49,-0.67,35.17
1533,277890885,-453.12,-549.80,-704.10,1.52,-0.18,-0.67,35.46
1534,277894944,-450.20,-552.73,-699.71,1.95,-1.16,-0.61,35.46
1535,277898993,-449.22,-550.78,-706.54,1.83,-1.83,-0.24,35.60
1536,277904787,-448.24,-549.32,-709.47,1.71,-1.71,0.18,35.46
1537,277908836,-446.29,-549.80,-706.54,1.52,-1.52,0.49,35.79
1538,277912885,-447.27,-547.85,-698.73,1.04,-1.16,1.04,35.46
1539,277916944,-446.78,-546.39,-698.24,0.91,-0.49,1.65,35.36
1540,277920993,-446.29,-552.73,-698.73,0.37,0.37,1.77,35.60
1541,277926787,-448.73,-552.25,-699.71,-0.24,1.59,1.34,35.22
1542,277930836,-443.85,-551.76,-694.82,-1.59,2.38,0.73,35.79
1543,277934885,-441.89,-554.69,-692.87,-2.80,2.26,0.67,35.55
1544,277938944,-442.87,-556.15,-694.82,-3.72,1.71,0.37,35.55
1545,277942993,-439.94,-554.69,-699.22,-4.27,0.98,0.30,35.55
1546,277948787,-437.50,-551.76,-701.66,-4.45,0.30,0.24,35.89
1547,277952836,-437.01,-549.80,-711.91,-3.05,0.06,0.61,35.55
1548,277956885,-440.43,-554.69,-702.64,-2.13,-0.67,0.79,35.55
1549,277960944,-443.85,-561.04,-704.59,-0.61,-1.28,1.04,35.55
1550,277964993,-446.78,-564.94,-708.01,0.73,-1.71,1.28,35.75
1551,277970787,-448.24,-560.55,-709.96,1.46,-2.20,0.98,35.70
1552,277974836,-444.82,-559.57,-702.64,1.83,-3.11,0.73,35.60
1553,277978885,-447.27,-557.62,-703.12,1.89,-3.72,0.55,35.22
1554,277982944,-449.22,-559.08,-712.40,1.10,-4.02,0.61,35.70
1555,277986993,-446.29,-559.08,-713.87,1.34,-4.57,1.04,35.79
1556,277992787,-451.17,-555.18,-716.80,1.16,-3.90,1.40,35.46
1557,277996836,-451.66,-554.20,-710.45,1.10,-3.29,1.71,35.89
1558,278000885,-458.98,-572.27,-722.66,0.91,-2.56,2.20,35.46
1559,278004944,-450.20,-554.20,-713.38,0.49,-1.89,2.38,35.55
1560,278010787,-458.50,-555.18,-707.03,-0.73,-1.52,1.95,35.60
1561,278014836,-457.03,-562.99,-710.45,-1.89,-1.34,0.98,35.27
1562,278018885,-456.05,-557.62,-717.77,-2.13,-1.10,0.61,35.60
1563,278022944,-457.52,-561.52,-728.52,-1.95,-0.85,0.61,35.27
1564,278026993,-458.98,-566.41,-713.87,-0.79,-0.73,0.61,35.55
1565,278032787,-466.31,-562.50,-706.05,-0.49,-1.10,0.43,35.70
1566,278036836,-444.34,-549.80,-722.17,-0.61,-0.24,0.18,35.55
1567,278040885,-446.78,-558.11,-736.33,-0.61,0.98,1.16,35.60
1568,278044944,-455.08,-571.29,-704.59,-0.06,0.67,1.59,35.55
1569,278048993,-475.10,-565.92,-675.78,0.49,-0.85,1.77,35.46
1570,278054787,-470.70,-564.94,-707.52,-1.16,-1.83,0.24,35.55
1571,278058836,-447.27,-558.59,-719.24,-0.73,-0.43,-0.12,35.17
1572,278062885,-456.54,-564.94,-710.45,1.10,0.24,0.98,35.55
1573,278066944,-470.70,-564.94,-700.20,1.40,-0.18,0.98,35.60
1574,278070993,-470.70,-564.94,-700.68,0.91,-0.98,-0.30,35.55
1575,278076787,-462.89,-565.92,-703.61,0.73,-2.13,-1.16,35.55
1576,278080836,-459.96,-562.01,-711.91,1.89,-3.41,-0.18,35.55
1577,278084885,-459.47,-566.41,-710.94,2.20,-3.35,0.12,35.46
1578,278088944,-464.36,-562.01,-711.43,2.74,-3.35,0.06,35.60
1579,278092993,-457.52,-569.82,-705.57,2.80,-2.44,0.30,35.46
1580,278098787,-460.45,-565.92,-700.68,2.13,-1.34,0.24,35.27
1581,278102836,-455.57,-561.52,-699.22,1.04,0.12,-0.18,35.60
1582,278106885,-455.08,-562.50,-698.73,0.55,0.98,-0.43,35.79
1583,278110944,-447.27,-553.71,-692.38,0.06,1.71,-0.43,35.55
1584,278114993,-454.59,-559.57,-688.96,-0.37,1.65,-1.04,35.60
1585,278120787,-452.64,-561.52,-689.45,-0.79,1.22,-1.65,35.36
1586,278124836,-447.75,-563.48,-691.89,-0.18,0.49,-1.71,35.60
1587,278128885,-447.27,-558.11,-694.34,0.61,-0.18,-1.22,35.79
1588,278132944,-446.29,-553.71,-697.75,1.16,-0.79,-0.73,35.36
1589,278136993,-444.34,-557.62,-695.80,1.40,-2.20,0.00,35.55
1590,278142787,-451.17,-552.73,-686.52,1.10,-3.05,-0.24,35.46
1591,278146836,-451.17,-557.13,-696.78,0.37,-3.54,-0.06,35.55
1592,278150885,-451.66,-551.76,-697.75,0.37,-3.96,-0.06,35.75
1593,278154944,-449.71,-550.78,-695.31,0.37,-4.02,-0.43,35.55
1594,278158993,-448.24,-550.29,-697.75,0.37,-4.51,-0.30,35.79
1595,278164787,-443.85,-551.27,-700.20,0.43,-4.94,-0.24,35.46
1596,278168836,-447.75,-555.66,-700.68,0.49,-4.88,0.12,35.75
1597,278172885,-450.20,-549.32,-708.50,0.12,-4.88,0.18,35.55
1598,278176944,-449.71,-548.34,-708.01,-0.79,-4.57,0.30,35.55
1599,278180993,-452.64,-549.32,-705.08,-1.52,-4.76,0.73,35.60
1600,278186787,-453.12,-552.25,-709.47,-1.95,-4.63,0.61,35.46
1601,278190836,-452.64,-556.15,-716.31,-1.59,-4.39,0.67,35.70
1602,278194885,-450.68,-553.71,-717.77,-0.98,-3.96,0.43,35.46
1603,278198944,-449.71,-549.32,-715.82,-0.49,-3.78,0.67,35.07
1604,278202993,-454.10,-553.71,-711.91,0.73,-4.15,1.40,35.55
1605,278208787,-455.57,-556.15,-711.43,1.10,-4.33,1.22,35.75
1606,278212836,-457.03,-554.20,-713.38,1.22,-4.33,0.91,35.55
1607,278216885,-458.98,-549.80,-716.31,0.79,-3.96,0.67,35.75
1608,278220944,-458.98,-552.73,-713.38,1.16,-3.90,1.04,35.55
1609,278226787,-456.54,-555.18,-712.40,0.98,-3.54,0.79,35.60
1610,278230836,-459.96,-555.66,-713.38,0.55,-2.50,0.30,35.55
1611,278234885,-457.52,-552.73,-710.94,0.49,-2.07,-0.12,35.79
1612,278238944,-459.47,-556.15,-711.91,0.37,-2.01,-0.24,35.46
1613,278242993,-452.64,-551.27,-710.94,0.06,-1.83,-0.18,35.60
1614,278248787,-452.15,-548.34,-719.73,-0.61,-1.46,0.12,35.46
1615,278252836,-450.20,-560.55,-706.05,-1.22,-2.07,0.12,35.79
1616,278256885,-457.03,-558.59,-696.78,-1.40,-3.05,0.49,35.46
1617,278260944,-455.57,-548.34,-721.19,-2.07,-2.93,0.24,35.55
1618,278264993,-443.36,-541.99,-732.42,-1.83,-1.16,-0.06,35.55
1619,278270787,-445.80,-547.36,-723.14,-1.16,-0.18,1.04,35.79
1620,278274836,-452.64,-561.52,-713.87,-0.43,0.00,1.34,35.55
1621,278278885,-458.98,-552.25,-708.50,-0.12,0.55,1.04,35.55
1622,278282944,-457.52,-551.76,-716.31,0.24,0.37,0.67,35.55
1623,278286993,-455.57,-554.20,-717.29,0.85,0.00,1.16,35.60
1624,278292787,-456.05,-554.69,-718.75,1.40,-0.12,1.46,35.07
1625,278296836,-458.50,-560.06,-711.91,1.71,-0.49,1.89,35.55
1626,278300885,-460.45,-562.50,-705.08,1.77,-1.10,1.89,35.70
1627,278304944,-463.38,-562.50,-709.96,2.38,-2.07,2.07,35.60
1628,278308993,-461.91,-559.57,-708.98,2.32,-2.56,2.07,35.07
1629,278314787,-461.43,-564.45,-709.96,2.68,-2.50,2.07,35.46
1630,278318836,-466.31,-563.96,-704.10,2.93,-2.07,1.59,35.27
1631,278322885,-468.75,-570.31,-698.73,2.62,-1.52,1.40,35.70
1632,278326944,-469.24,-574.71,-704.10,2.13,-0.79,1.10,35.75
1633,278330993,-471.68,-568.85,-705.08,1.83,-0.30,0.30,35.22
1634,278336787,-466.80,-564.45,-703.12,1.77,0.49,0.55,35.46
1635,278340836,-471.19,-567.87,-707.03,1.46,1.10,0.67,35.70
1636,278344885,-471.19,-567.38,-697.27,0.91,1.34,0.67,35.36
1637,278348944,-473.14,-565.92,-696.78,0.37,0.73,0.12,35.55
1638,278352993,-468.26,-569.82,-696.78,0.06,0.37,-0.06,35.22
1639,278358787,-460.94,-566.89,-694.34,0.06,0.30,-0.43,35.75
1640,278362836,-457.52,-562.50,-701.66,0.49,0.79,0.00,35.79
1641,278366885,-457.52,-559.57,-697.27,0.85,0.98,-0.06,35.46
1642,278370944,-458.98,-567.87,-698.24,0.91,1.71,0.00,35.46
1643,278374993,-457.03,-565.92,-694.82,1.46,1.59,0.30,35.36
1644,278380787,-456.05,-562.01,-689.94,1.16,1.59,0.67,35.79
1645,278384836,-450.68,-553.71,-691.41,0.91,1.28,0.79,35.70
1646,278388885,-453.12,-557.62,-691.41,0.43,1.10,0.49,35.36
1647,278392944,-451.66,-564.94,-693.36,0.12,0.49,0.55,35.55
1648,278396993,-454.10,-569.34,-688.48,0.00,-0.06,0.73,35.79
1649,278402787,-451.66,-568.85,-688.48,0.30,-0.85,0.61,35.55
1650,278406836,-454.59,-565.92,-688.96,0.91,-1.28,0.61,35.07
1651,278410885,-449.22,-565.92,-694.82,1.52,-1.52,0.55,35.46
1652,278414944,-451.66,-577.64,-699.22,2.38,-1.34,1.04,35.55
1653,278418993,-448.24,-566.89,-694.34,3.84,-1.83,1.95,35.55
1654,278424787,-454.10,-563.96,-689.94,3.90,-2.13,1.89,35.60
1655,278428836,-453.61,-567.38,-680.18,3.84,-2.50,1.65,35.46
1656,278432885,-456.05,-574.22,-689.45,3.72,-2.44,1.52,35.55
1657,278436944,-454.10,-572.27,-688.48,3.48,-1.83,1.16,35.60
1658,278442787,-461.43,-576.17,-680.66,3.11,-1.59,1.16,35.79
1659,278446836,-463.87,-577.64,-674.80,1.40,-1.59,0.85,35.36
1660,278450885,-462.89,-571.29,-672.36,-0.06,-1.83,0.49,35.46
1661,278454944,-460.45,-576.17,-677.25,-0.91,-1.46,0.55,35.27
1662,278458993,-458.01,-580.57,-680.66,-2.20,-1.28,0.55,35.46
1663,278464787,-458.01,-582.03,-685.55,-3.17,-0.85,0.61,35.75
1664,278468836,-460.45,-583.98,-680.18,-4.63,-0.61,-0.06,35.17
1665,278472885,-457.52,-579.59,-679.69,-5.49,0.24,-0.30,35.60
1666,278476944,-457.52,-572.75,-682.13,-6.34,0.55,-0.06,35.75
1667,278480993,-461.91,-575.68,-689.45,-6.77,1.16,-0.12,35.70
1668,278486787,-458.98,-571.29,-690.43,-7.13,1.52,-0.37,35.75
1669,278490836,-457.52,-563.48,-692.38,-7.01,1.16,-0.12,35.55
1670,278494885,-458.98,-559.08,-697.27,-6.16,1.16,0.18,35.79
1671,278498944,-454.10,-563.48,-698.73,-5.37,0.67,0.73,35.55
1672,278502993,-457.52,-559.57,-697.27,-4.76,-0.30,1.04,35.70
1673,278508787,-455.57,-558.59,-700.68,-4.94,-0.91,1.40,35.07
1674,278512836,-460.45,-562.01,-700.68,-4.39,-1.34,1.59,35.41
1675,278516885,-463.87,-562.01,-695.80,-4.45,-1.59,1.77,35.46
1676,278520944,-467.77,-564.45,-703.61,-4.21,-1.71,1.04,35.75
1677,278524993,-469.73,-560.55,-708.01,-3.41,-1.46,0.98,35.46
1678,278530787,-469.24,-563.48,-704.59,-2.62,-0.61,0.79,35.46
1679,278534836,-471.68,-562.01,-709.47,-2.01,-0.43,0.12,35.07
1680,278538885,-466.80,-559.57,-707.52,-1.28,-0.49,-0.43,35.70
1681,278542944,-466.80,-558.59,-705.57,-0.85,-0.49,-0.73,35.89
1682,278546993,-468.75,-558.11,-703.12,-0.18,-1.04,-0.24,35.27
1683,278552787,-470.70,-561.04,-704.59,0.43,-1.52,-0.55,35.46
1684,278556836,-467.77,-562.99,-708.50,0.67,-1.28,-1.16,35.55
1685,278560885,-462.89,-554.69,-705.08,0.67,-0.91,-1.16,35.79
1686,278564944,-459.47,-552.73,-704.59,0.79,-0.73,-1.04,35.60
1687,278568993,-457.52,-552.25,-703.61,0.43,-0.98,-0.98,35.55
1688,278574787,-458.50,-558.59,-706.05,0.30,-0.73,-0.79,35.75
1689,278578836,-462.40,-564.94,-718.26,1.40,-0.30,-1.04,35.36
1690,278582885,-455.57,-542.48,-700.20,2.26,0.18,-0.61,35.70
1691,278586944,-460.94,-542.48,-689.94,-0.24,0.67,0.55,35.46
1692,278590993,-465.33,-546.88,-695.80,-3.54,0.37,-0.24,35.60
1693,278596787,-458.50,-557.13,-706.05,-5.00,0.24,-0.67,35.46
1694,278600836,-455.08,-550.78,-711.43,-4.51,0.30,0.24,35.79
1695,278604885,-455.08,-545.90,-710.94,-3.96,1.04,0.37,35.46
1696,278608944,-458.01,-548.83,-705.08,-3.29,0.73,1.16,35.55
1697,278612993,-454.10,-552.25,-705.57,-3.29,0.06,2.13,35.75
1698,278618787,-460.45,-551.27,-701.17,-3.29,0.55,2.07,35.55
1699,278622836,-458.50,-554.20,-707.03,-3.48,0.98,1.65,35.55
1700,278626885,-452.64,-554.69,-705.57,-3.11,0.85,1.71,35.17
1701,278630944,-458.01,-551.76,-703.12,-2.62,0.12,1.83,35.36
1702,278634993,-466.31,-558.59,-704.59,-2.26,0.06,1.04,35.46
1703,278640787,-463.38,-559.08,-705.08,-1.59,-0.30,0.37,35.60
1704,278644836,-454.10,-555.66,-712.40,-0.67,-0.61,0.18,35.55
1705,278648885,-450.20,-552.25,-709.96,0.18,-1.22,0.55,35.27
1706,278652944,-455.08,-556.64,-708.50,0.98,-1.52,0.67,35.55
1707,278658787,-456.05,-555.18,-708.50,0.98,-1.52,0.67,35.79
1708,278662836,-454.10,-557.13,-702.15,0.55,-1.52,0.06,35.70
1709,278666885,-454.59,-558.11,-705.08,0.55,-0.98,0.00,35.75
1710,278670944,-448.24,-552.25,-709.47,1.04,-0.61,0.00,35.22
1711,278674993,-454.59,-553.71,-704.10,1.40,-0.24,-0.30,35.55
1712,278680787,-451.17,-559.57,-700.68,1.46,-0.37,-0.30,35.75
1713,278684836,-450.68,-550.29,-702.64,1.40,-0.30,-0.30,35.55
1714,278688885,-447.75,-558.59,-702.64,1.04,-0.24,0.43,35.70
1715,278692944,-442.87,-553.71,-704.10,0.73,0.30,0.49,35.46
1716,278696993,-443.36,-552.73,-699.22,0.06,0.55,0.91,35.70
1717,278702787,-447.27,-556.64,-700.20,-0.91,0.67,1.10,35.36
1718,278706836,-444.82,-563.96,-698.24,-1.77,0.67,0.79,35.55
1719,278710885,-442.87,-565.43,-695.31,-2.38,0.98,0.37,35.79
1720,278714944,-439.94,-560.55,-699.71,-2.13,1.10,0.73,35.46
1721,278718993,-437.50,-564.45,-699.71,-1.59,1.10,0.73,35.60
1722,278724787,-440.92,-565.43,-699.22,-1.28,1.04,0.49,35.55
1723,278728836,-439.45,-571.78,-703.12,-0.49,0.12,0.79,35.60
1724,278732885,-444.34,-572.27,-698.24,-0.18,-0.49,0.61,35.55
1725,278736944,-443.85,-572.27,-694.34,-0.37,-0.85,1.04,35.55
1726,278740993,-445.80,-568.36,-697.75,-0.85,-0.98,1.22,35.70
1727,278746787,-444.82,-571.78,-695.31,-0.85,-1.16,1.16,35.46
1728,278750836,-451.17,-574.22,-691.89,-1.77,-1.52,1.10,35.41
1729,278754885,-453.61,-572.75,-692.87,-1.95,-1.52,0.73,35.46
1730,278758944,-452.15,-572.75,-690.92,-2.56,-1.28,0.37,35.55
1731,278762993,-456.54,-571.29,-691.41,-2.50,-1.46,0.55,35.60
1732,278768787,-454.59,-569.34,-687.99,-1.95,-1.40,0.18,35.27
1733,278772836,-458.50,-570.31,-694.82,-1.65,-2.07,-0.30,35.07
1734,278776885,-452.15,-569.34,-701.66,-1.22,-2.93,-0.61,35.70
1735,278780944,-455.57,-565.43,-697.75,-0.43,-3.35,-0.73,35.55
1736,278784993,-456.54,-566.41,-695.31,-0.06,-3.90,-0.67,35.60
1737,278790787,-453.61,-566.41,-702.64,0.49,-4.27,-0.12,35.55
1738,278794836,-458.98,-569.34,-703.12,0.00,-4.15,-0.24,35.60
1739,278798885,-462.40,-567.38,-705.57,-0.12,-3.66,-0.49,35.79
1740,278802944,-453.61,-567.38,-700.68,-0.37,-3.54,-0.73,35.55
1741,278806993,-457.52,-562.99,-708.01,-0.73,-2.44,-0.67,35.70
1742,278812787,-463.38,-565.43,-703.61,-1.16,-1.40,-0.49,35.60
1743,278816836,-463.87,-558.11,-695.31,-2.07,-0.61,-0.85,35.55
1744,278820885,-468.26,-556.15,-695.31,-3.17,-0.37,-1.28,35.46
1745,278824944,-461.43,-554.69,-703.12,-3.84,0.06,-1.40,35.55
1746,278828993,-454.59,-552.25,-705.08,-4.33,0.61,-0.91,35.27
1747,278834787,-455.57,-551.76,-702.15,-4.33,0.24,-0.73,35.60
1748,278838836,-455.08,-545.41,-707.52,-4.39,0.18,-0.55,35.27
1749,278842885,-458.50,-547.36,-704.59,-4.27,-0.12,-0.12,35.07
1750,278846944,-455.08,-546.39,-714.36,-3.41,-0.49,-0.18,35.79
1751,278850993,-448.73,-543.95,-712.89,-2.56,-0.73,0.24,35.46
1752,278856787,-453.61,-542.48,-711.43,-1.89,-1.10,0.67,35.75
1753,278860836,-455.57,-547.85,-708.98,-0.91,-1.34,0.79,35.70
1754,278864885,-458.01,-546.88,-709.47,-0.37,-1.59,0.98,35.46
1755,278868944,-454.59,-553.71,-716.80,-0.49,-1.65,0.79,35.79
1756,278874787,-458.01,-546.39,-713.87,-0.67,-1.59,0.67,35.55
1757,278878836,-463.87,-550.78,-712.40,-1.16,-1.16,0.91,35.46
1758,278882885,-463.38,-553.71,-710.45,-1.46,-1.52,0.55,35.46
1759,278886944,-466.80,-550.78,-710.94,-1.22,-1.22,0.61,35.60
1760,278890993,-459.96,-549.32,-709.47,-0.79,-1.22,0.91,35.75
1761,278896787,-464.84,-548.34,-712.89,-0.37,-1.22,0.73,35.55
1762,278900836,-464.84,-549.80,-712.40,-0.55,-1.04,1.10,35.27
1763,278904885,-462.40,-556.15,-714.36,-0.73,-1.10,0.91,35.70
1764,278908944,-463.87,-550.78,-717.29,-0.98,-1.28,0.73,35.46
1765,278912993,-458.50,-551.76,-720.21,-0.67,-1.59,0.61,35.60
1766,278918787,-461.91,-545.90,-718.26,-0.30,-1.40,0.67,35.55
1767,278922836,-458.50,-544.43,-719.73,0.73,-0.67,0.91,35.60
1768,278926885,-456.54,-548.83,-716.80,1.40,-0.06,1.34,35.79
1769,278930944,-460.94,-553.71,-710.94,1.77,0.18,1.40,35.70
1770,278934993,-457.52,-553.22,-707.03,1.16,0.18,1.10,35.46
1771,278940787,-457.03,-552.25,-706.54,0.85,0.18,0.73,35.27
1772,278944836,-461.91,-554.69,-707.52,0.30,-0.06,0.24,35.17
1773,278948885,-460.94,-554.69,-706.05,-0.18,-0.55,0.18,35.60
1774,278952944,-455.57,-553.71,-711.43,-0.24,-0.98,-0.12,35.60
1775,278956993,-444.34,-548.83,-715.33,0.18,-0.98,0.06,35.27
1776,278962787,-450.20,-548.83,-709.96,0.43,-1.28,0.61,35.27
1777,278966836,-450.20,-549.80,-709.47,0.55,-1.95,0.85,35.22
1778,278970885,-452.15,-551.76,-704.59,0.43,-1.95,1.34,35.55
1779,278974944,-463.38,-549.80,-705.08,-0.18,-2.32,1.40,35.70
1780,278978993,-461.91,-554.69,-706.05,-0.49,-2.07,1.34,35.22
1781,278984787,-464.36,-559.57,-704.59,-0.85,-1.77,1.04,35.60
1782,278988836,-458.98,-553.71,-713.38,-0.67,-1.16,1.10,35.55
1783,278992885,-464.84,-555.66,-707.52,-0.61,-1.04,0.79,35.60
1784,278996944,-461.43,-549.32,-708.01,-0.24,-0.91,0.67,35.60
1785,279000993,-463.38,-558.11,-709.47,0.06,-1.16,0.79,35.46
1786,279006787,-463.87,-561.04,-711.91,0.24,-1.22,0.67,35.60
1787,279010836,-457.52,-560.55,-712.89,1.28,-1.04,0.43,35.55
1788,279014885,-456.05,-565.43,-714.84,1.46,-0.73,0.67,35.75
1789,279018944,-458.50,-563.48,-712.89,1.77,-0.24,0.43,35.75
1790,279022993,-452.64,-562.50,-702.64,1.89,0.37,0.91,35.22
1791,279028787,-453.61,-560.06,-704.59,1.52,0.85,0.98,35.79
1792,279032836,-451.66,-564.45,-701.17,1.28,1.16,1.16,35.55
1793,279036885,-451.66,-565.92,-694.34,1.28,1.28,0.98,35.55
1794,279040944,-447.27,-570.31,-697.27,0.18,1.59,0.43,35.75
1795,279044993,-449.71,-567.38,-699.22,0.06,1.46,-0.30,35.60
1796,279050787,-448.24,-562.99,-695.80,-0.30,0.91,-0.18,35.70
1797,279054836,-439.94,-568.36,-693.36,0.24,0.12,0.06,35.55
1798,279058885,-446.78,-568.36,-696.29,0.43,-0.55,0.00,35.55
1799,279062944,-452.15,-572.27,-694.34,1.22,-1.65,0.18,35.60
1800,279066993,-456.54,-570.80,-690.92,1.34,-2.07,0.00,35.46
1801,279072787,-449.71,-571.78,-695.80,1.52,-2.56,-0.18,35.55
1802,279076836,-446.78,-563.48,-692.87,1.28,-2.62,0.18,35.46
1803,279080885,-453.12,-565.92,-699.71,0.73,-2.87,0.37,35.55
1804,279084944,-456.05,-568.36,-697.75,0.55,-3.29,0.24,35.79
1805,279090787,-458.98,-567.38,-697.27,0.49,-3.90,0.43,35.60
1806,279094836,-464.84,-564.94,-698.24,-0.12,-3.66,0.43,35.75
1807,279098885,-465.82,-562.01,-706.54,-0.43,-2.56,0.12,35.60
1808,279102944,-461.43,-559.08,-708.01,-0.73,-1.71,0.00,35.55
1809,279106993,-461.91,-562.99,-707.03,-1.10,-1.46,0.06,35.94
1810,279111042,-469.73,-561.04,-708.01,-1.28,-1.04,-0.06,35.60
1811,279116787,-465.33,-561.04,-707.52,-1.65,-0.49,-0.30,35.75
1812,279120836,-471.68,-564.94,-720.21,-1.77,0.18,-0.61,35.60
1813,279124885,-466.80,-562.50,-711.91,-1.04,0.67,-0.79,35.70
1814,279128944,-469.73,-557.62,-712.40,0.06,0.98,-0.79,35.55
1815,279134787,-466.31,-561.52,-711.43,0.61,0.85,-1.04,35.46
1816,279138836,-455.57,-543.46,-712.40,1.28,0.61,-0.91,35.55
1817,279142885,-464.36,-559.57,-724.12,0.67,0.67,-0.37,35.70
1818,279146944,-455.57,-570.80,-696.29,0.61,0.79,-1.52,35.46
1819,279150993,-472.66,-550.29,-666.99,1.16,-1.04,0.30,35.70
1820,279156787,-479.00,-558.59,-696.29,0.24,-2.32,-0.06,35.94
1821,279160836,-455.57,-548.83,-712.89,0.18,0.24,-1.77,35.07
1822,279164885,-460.94,-546.88,-693.85,1.04,1.59,-1.04,35.75
1823,279168944,-455.08,-549.80,-684.57,1.89,1.65,-0.12,35.79
1824,279172993,-458.50,-554.69,-681.64,1.59,1.40,-0.43,35.46
1825,279178787,-455.57,-553.71,-689.45,1.22,0.24,-0.85,35.55
1826,279182836,-451.17,-547.85,-693.36,1.04,-0.61,-0.30,35.36
1827,279186885,-456.54,-553.22,-685.55,1.04,-0.79,0.12,35.70
1828,279190944,-456.54,-552.25,-686.52,0.67,-0.73,0.30,35.70
1829,279194993,-457.03,-551.27,-690.43,0.18,-0.98,0.00,35.17
1830,279200787,-450.20,-542.97,-690.92,0.06,-1.65,0.55,35.17
1831,279204836,-450.20,-543.46,-700.68,0.12,-1.89,0.98,35.55
1832,279208885,-452.64,-548.83,-702.15,0.61,-2.20,1.34,35.75
1833,279212944,-449.71,-546.88,-697.27,0.73,-2.13,1.52,35.46
1834,279216993,-455.08,-550.78,-698.73,0.79,-2.07,1.83,35.07
1835,279222787,-461.43,-553.71,-696.29,0.43,-1.77,1.65,35.70
1836,279226836,-461.91,-555.66,-698.24,0.18,-1.16,1.52,35.70
1837,279230885,-461.91,-554.69,-696.29,-0.18,-0.79,1.40,35.60
1838,279234944,-458.98,-557.13,-707.03,0.12,-0.24,1.04,35.55
1839,279238993,-452.64,-555.18,-706.54,0.00,0.49,0.79,35.55
1840,279244787,-454.59,-557.62,-703.61,0.37,0.79,0.79,35.75
1841,279248836,-456.54,-553.22,-700.20,0.91,0.24,1.04,35.55
1842,279252885,-462.40,-555.66,-699.71,1.10,0.55,1.10,35.60
1843,279256944,-455.08,-550.78,-700.68,1.16,0.37,0.37,35.60
1844,279260993,-456.54,-555.66,-700.68,0.91,0.61,0.43,35.41
1845,279266787,-455.08,-552.73,-701.66,0.67,0.49,0.67,35.46
1846,279270836,-453.61,-549.80,-702.15,0.06,0.30,1.16,35.55
1847,279274885,-459.47,-546.39,-703.61,-0.24,-0.12,1.40,35.46
1848,279278944,-454.10,-550.29,-705.57,-0.30,-0.24,1.52,35.79
1849,279282993,-458.50,-552.25,-711.43,-0.67,-0.55,2.01,35.70
1850,279288787,-457.03,-559.57,-705.08,-0.37,-0.91,1.83,35.60
1851,279292836,-461.43,-557.13,-702.64,-0.49,-1.28,1.83,35.79
1852,279296885,-453.12,-550.78,-710.94,-0.61,-1.59,1.83,35.46
1853,279300944,-449.71,-555.66,-711.43,0.06,-1.22,2.44,35.60
1854,279306787,-457.03,-560.55,-710.45,0.73,-0.98,3.23,35.75
1855,279310836,-462.40,-562.01,-704.10,0.73,-0.85,3.29,35.70
1856,279314885,-463.38,-565.92,-703.61,0.24,-0.18,2.87,35.60
1857,279318944,-459.47,-567.87,-701.17,-0.06,-0.12,2.56,35.55
1858,279322993,-463.87,-565.92,-697.27,-0.43,0.18,2.26,35.79
1859,279327042,-464.84,-570.80,-692.38,-0.43,-0.12,1.65,35.55
1860,279332787,-468.26,-574.71,-700.68,-0.24,-0.55,1.46,35.75
1861,279336836,-461.43,-572.75,-704.10,0.37,-0.49,0.73,35.94
1862,279340885,-460.45,-567.87,-705.08,1.04,-1.10,0.73,35.60
1863,279344944,-456.54,-566.41,-707.52,1.28,-1.10,0.73,35.55
1864,279350787,-463.87,-571.29,-704.59,1.40,-1.28,0.98,35.22
1865,279354836,-461.43,-567.87,-701.66,0.73,-1.65,0.91,35.46
1866,279358885,-464.84,-565.92,-705.57,0.18,-1.28,0.91,35.89
1867,279362944,-460.94,-568.85,-707.03,0.18,-0.73,0.91,35.70
1868,279366993,-459.96,-565.92,-697.27,0.00,-0.24,0.79,35.75
1869,279372787,-464.36,-568.85,-701.17,0.49,-0.37,0.30,35.60
1870,279376836,-463.38,-562.50,-701.17,1.04,-0.30,0.37,35.55
1871,279380885,-458.50,-564.45,-700.68,1.28,-0.30,0.49,35.60
1872,279384944,-457.52,-561.52,-699.71,1.16,-0.67,0.61,35.79
1873,279388993,-459.96,-563.96,-698.73,1.34,-0.67,1.34,35.55
1874,279394787,-456.05,-561.04,-695.80,0.79,-0.79,1.40,35.55
1875,279398836,-458.50,-564.45,-697.27,0.30,-0.73,2.01,35.07
1876,279402885,-458.98,-566.89,-697.75,-0.06,-0.37,2.26,35.75
1877,279406944,-459.96,-567.38,-687.50,-0.30,-0.12,2.56,35.46
1878,279410993,-466.80,-571.29,-687.99,-0.49,0.12,2.62,35.27
1879,279416787,-467.29,-577.15,-679.69,-0.73,-0.30,2.01,35.55
1880,279420836,-467.77,-572.27,-688.48,-0.91,-0.43,1.22,35.22
1881,279424885,-467.29,-573.24,-689.94,-0.79,-0.37,0.85,35.70
1882,279428944,-468.26,-573.73,-689.45,-0.85,-0.49,0.12,35.79
1883,279432993,-468.75,-576.66,-689.94,-0.24,-0.79,0.00,35.46
1884,279438787,-465.33,-574.22,-688.48,0.12,-1.16,0.12,35.70
1885,279442836,-464.36,-574.22,-694.82,1.10,-1.59,-0.30,35.60
1886,279446885,-464.36,-567.87,-694.34,1.59,-1.89,-0.06,35.55
1887,279450944,-462.40,-564.45,-690.92,2.26,-1.95,0.30,35.79
1888,279454993,-467.77,-569.82,-688.48,2.26,-1.52,0.12,35.46
1889,279460787,-465.33,-565.43,-683.59,1.59,-1.46,-0.55,35.79
1890,279464836,-463.87,-561.52,-690.43,1.40,-1.10,-0.12,35.46
1891,279468885,-463.38,-572.27,-687.99,1.34,-0.73,-0.37,35.89
1892,279472944,-467.29,-569.82,-674.80,1.46,-1.34,-0.12,35.60
1893,279476993,-458.98,-562.01,-688.96,0.73,-1.40,-0.06,35.60
1894,279482787,-450.68,-558.59,-697.75,-0.06,-1.22,0.00,35.60
1895,279486836,-455.08,-560.06,-701.17,-0.49,-0.73,1.10,35.60
1896,279490885,-452.64,-569.82,-690.43,-1.10,-0.12,1.34,35.55
1897,279494944,-458.98,-560.55,-690.92,-2.38,-0.12,1.10,35.55
1898,279498993,-460.45,-565.92,-700.68,-2.62,-0.61,0.91,35.75
1899,279504787,-459.96,-567.38,-701.66,-2.62,-0.55,0.91,35.79
1900,279508836,-456.05,-562.99,-699.71,-1.77,-0.24,0.73,35.60
1901,279512885,-457.03,-564.94,-700.68,-0.98,-0.30,0.98,35.55
1902,279516944,-457.03,-565.43,-699.71,-0.24,-0.73,1.10,35.55
1903,279520993,-458.98,-564.94,-693.85,0.06,-1.10,1.10,35.55
1904,279526787,-460.45,-567.87,-693.85,0.06,-1.52,1.04,35.55
1905,279530836,-457.03,-564.45,-702.64,-0.18,-1.83,0.61,35.79
1906,279534885,-457.52,-561.04,-703.12,-0.06,-1.77,0.91,35.46
1907,279538944,-457.52,-562.01,-695.31,-0.06,-1.52,1.28,35.60
1908,279544787,-459.47,-561.04,-694.82,-0.12,-1.10,0.98,35.60
1909,279548836,-464.84,-561.04,-699.22,-0.61,-0.61,0.61,35.55
1910,279552885,-466.31,-562.01,-700.68,-0.55,-0.24,0.06,35.89
1911,279556944,-457.52,-561.52,-700.68,-0.49,0.00,-0.18,35.55
1912,279560993,-458.50,-558.59,-696.29,-0.24,-0.30,-0.12,35.55
1913,279566787,-458.01,-558.59,-696.78,0.12,-0.55,0.30,35.55
1914,279570836,-461.43,-566.89,-701.66,0.43,-1.22,0.43,35.55
1915,279574885,-460.94,-569.34,-703.12,0.67,-1.89,0.30,35.94
1916,279578944,-458.98,-564.94,-705.08,0.67,-2.13,0.30,35.55
1917,279582993,-461.91,-563.96,-697.75,0.61,-2.20,0.61,35.36
1918,279588787,-455.08,-562.01,-696.29,1.04,-2.01,0.79,35.55
1919,279592836,-459.96,-561.52,-700.20,1.52,-1.71,0.73,35.55
1920,279596885,-460.94,-562.99,-699.22,1.89,-0.85,0.79,35.89
1921,279600944,-468.26,-569.34,-694.82,1.83,-0.24,0.61,35.70
1922,279604993,-460.45,-564.45,-699.71,1.28,-0.12,0.24,35.55
1923,279610787,-457.03,-562.99,-691.89,0.24,0.24,0.00,35.46
1924,279614836,-453.12,-560.06,-693.85,-0.73,0.43,0.37,35.55
1925,279618885,-458.01,-560.06,-694.34,-1.28,0.12,0.73,35.55
1926,279622944,-458.98,-563.96,-693.36,-1.83,-0.37,0.61,35.70
1927,279626993,-461.91,-563.96,-693.85,-1.77,-0.18,0.43,35.27
1928,279632787,-461.91,-562.01,-696.78,-1.65,-0.06,0.55,35.60
1929,279636836,-458.98,-560.06,-698.73,-0.85,0.00,0.79,35.70
1930,279640885,-457.03,-562.50,-701.66,-0.55,0.06,0.98,35.55
1931,279644944,-457.52,-567.87,-700.20,-0.37,-0.30,0.98,35.46
1932,279648993,-451.17,-562.50,-697.75,0.06,-0.61,0.98,35.46
1933,279654787,-453.12,-569.82,-698.24,0.30,-0.79,0.79,35.17
1934,279658836,-455.08,-567.38,-696.29,0.43,-0.55,0.55,35.70
1935,279662885,-454.59,-570.31,-693.85,0.91,-0.37,0.18,35.07
1936,279666944,-454.10,-568.36,-696.29,1.16,0.37,0.37,35.70
1937,279670993,-457.03,-568.36,-691.89,1.40,0.49,0.00,35.46
1938,279676787,-463.87,-571.78,-694.34,1.95,0.43,0.06,35.60
1939,279680836,-458.98,-568.85,-684.08,2.01,-0.24,-0.37,35.70
1940,279684885,-459.47,-566.41,-688.96,1.83,-0.55,0.00,35.55
1941,279688944,-454.59,-566.41,-692.38,1.95,-0.49,-0.12,35.70
1942,279692993,-458.98,-567.38,-691.41,1.71,-0.37,-0.06,35.46
1943,279698787,-458.01,-572.27,-687.50,1.34,-0.49,0.06,35.27
1944,279702836,-460.94,-564.94,-685.55,0.91,-0.30,-0.12,35.75
1945,279706885,-459.96,-570.80,-689.45,0.98,-0.55,-0.18,35.36
1946,279710944,-463.87,-569.34,-689.94,0.73,-0.79,0.12,35.55
1947,279714993,-464.84,-570.80,-694.82,0.61,-0.85,0.12,35.60
1948,279720787,-458.01,-570.80,-694.34,0.49,-0.79,-0.12,35.46
1949,279724836,-454.59,-570.80,-691.89,0.37,-0.61,0.18,35.60
1950,279728885,-453.61,-565.92,-694.34,0.12,-0.91,0.73,35.55
1951,279732944,-461.43,-569.82,-691.89,0.18,-1.22,0.98,35.70
1952,279736993,-461.43,-572.27,-687.01,0.00,-1.46,0.55,35.46
1953,279742787,-459.96,-564.45,-694.34,0.00,-1.34,0.55,35.75
1954,279746836,-451.17,-564.94,-695.80,-0.37,-1.04,1.40,35.60
1955,279750885,-459.47,-564.94,-691.89,-0.30,-0.98,1.40,35.36
1956,279754944,-454.10,-566.89,-696.29,-0.61,-0.73,1.34,35.79
1957,279760787,-459.47,-570.31,-694.34,-1.40,-0.79,1.52,35.55
1958,279764836,-463.38,-567.38,-688.48,-2.01,-0.91,1.22,35.60
1959,279768885,-462.40,-567.38,-691.89,-2.56,-0.98,0.91,35.70
1960,279772944,-458.01,-563.96,-694.34,-2.38,-0.73,0.91,35.27
1961,279776993,-467.77,-570.31,-697.27,-2.01,-0.55,1.22,35.75
1962,279782787,-472.66,-571.29,-698.73,-1.28,-0.61,1.46,35.70
1963,279786836,-465.82,-568.85,-697.75,-0.73,-0.43,0.73,35.55
1964,279790885,-466.80,-563.48,-696.29,-0.12,-0.67,0.73,35.60
1965,279794944,-464.84,-570.31,-697.27,0.12,-1.10,0.67,35.55
1966,279798993,-467.77,-570.31,-694.34,0.12,-1.52,0.98,35.60
1967,279804787,-472.66,-566.89,-695.31,-0.18,-2.20,0.49,35.79
1968,279808836,-472.17,-574.22,-698.73,-0.43,-2.56,-0.18,35.55
1969,279812885,-466.80,-569.34,-697.75,0.06,-2.62,-0.49,35.60
1970,279816944,-461.91,-568.36,-700.20,0.85,-2.38,-0.43,35.60
1971,279820993,-464.84,-565.43,-703.12,1.40,-2.07,0.06,35.55
1972,279826787,-463.87,-562.50,-701.17,1.65,-1.71,-0.18,35.60
1973,279830836,-457.52,-568.36,-697.75,1.28,-1.22,-0.18,35.36
1974,279834885,-459.47,-567.38,-700.68,0.79,-0.43,-0.12,35.70
1975,279838944,-467.29,-562.99,-697.75,-0.30,-0.24,-0.18,35.70
1976,279842993,-456.54,-565.92,-691.89,-1.10,0.06,-0.18,35.22
1977,279848787,-459.96,-563.48,-694.82,-1.95,0.30,-0.30,35.46
1978,279852836,-458.50,-561.04,-703.61,-1.77,0.91,-0.43,35.60
1979,279856885,-453.12,-563.48,-698.24,-1.65,0.91,-0.67,35.60
1980,279860944,-454.10,-556.64,-697.75,-0.98,0.43,-0.24,35.79
1981,279864993,-456.54,-558.59,-704.10,-0.61,-0.37,0.24,35.55
1982,279870787,-458.01,-563.96,-700.20,-0.18,-0.73,0.24,35.55
1983,279874836,-460.94,-558.11,-702.15,-0.12,-1.28,0.30,35.60
1984,279878885,-454.59,-563.48,-702.15,0.24,-1.16,0.73,35.60
1985,279882944,-459.96,-560.06,-701.66,0.00,-0.73,0.43,35.55
1986,279886993,-461.43,-562.01,-696.29,-0.12,-0.73,0.24,35.46
1987,279892787,-459.47,-564.45,-700.68,-0.18,-0.43,0.06,36.08
1988,279896836,-457.52,-555.66,-703.61,0.06,-0.06,0.18,35.60
1989,279900885,-457.52,-559.08,-702.15,0.06,0.00,0.37,35.70
1990,279904944,-458.01,-562.50,-699.22,0.37,0.30,0.67,35.22
1991,279908993,-462.40,-562.01,-695.31,-0.24,0.18,0.67,35.55
1992,279914787,-458.01,-558.11,-695.31,-0.43,0.12,0.43,35.46
1993,279918836,-456.54,-553.71,-699.22,-0.91,0.12,0.67,35.55
1994,279922885,-460.94,-557.13,-697.27,-0.85,0.06,0.98,35.60
1995,279926944,-470.70,-558.59,-690.92,-0.98,-0.18,1.28,35.94
1996,279930993,-466.80,-563.48,-693.36,-1.16,0.00,1.22,35.70
1997,279936787,-467.29,-560.06,-694.34,-1.83,-0.06,0.98,35.89
1998,279940836,-461.91,-558.11,-694.34,-1.89,0.06,1.16,35.75
1999,279944885,-464.84,-560.55,-695.80,-1.95,-0.06,1.22,35.22
2000,279948944,-456.05,-559.57,-695.80,-1.65,0.00,1.04,35.55
2001,279952993,-460.94,-561.52,-702.15,-1.16,-0.24,0.98,35.79
2002,279958787,-464.84,-565.92,-696.29,-0.85,-0.24,0.85,35.60
2003,279962836,-459.96,-575.20,-700.68,-0.18,-0.37,0.61,35.60
2004,279966885,-460.94,-566.89,-698.73,-0.18,0.12,0.37,35.55
2005,279970944,-456.05,-563.48,-696.29,0.06,0.79,0.79,35.75
2006,279976787,-460.45,-564.45,-695.80,0.12,0.73,0.73,35.75
2007,279980836,-457.52,-562.99,-700.68,0.06,0.61,0.55,35.70
2008,279984885,-456.05,-563.48,-692.38,0.24,0.24,0.67,35.70
2009,279988944,-454.59,-565.92,-693.36,0.55,-0.06,0.37,35.55
2010,279992993,-452.15,-564.94,-695.31,1.04,-0.61,0.85,35.89
2011,279998787,-453.12,-564.94,-691.89,1.71,-1.16,1.10,35.60
2012,280002836,-460.45,-572.27,-691.41,1.89,-1.34,1.83,35.60
2013,280006885,-459.47,-569.34,-692.87,1.10,-1.46,1.83,35.89
2014,280010944,-455.57,-574.22,-696.29,0.61,-1.65,1.46,35.79
2015,280014993,-458.50,-577.15,-693.85,-0.18,-1.52,1.71,35.27
2016,280020787,-457.03,-575.68,-692.87,-0.67,-1.77,1.28,35.79
2017,280024836,-460.94,-571.78,-691.41,-1.10,-1.59,0.85,35.89
2018,280028885,-461.43,-571.78,-694.34,-0.61,-0.67,0.73,35.46
2019,280032944,-458.50,-568.85,-693.36,-0.73,-0.49,1.10,35.79
2020,280036993,-461.43,-566.89,-688.96,-0.49,0.18,1.22,35.55
2021,280042787,-459.47,-574.71,-694.82,-0.98,0.12,0.67,35.55
2022,280046836,-458.01,-566.41,-692.87,-1.71,-0.06,0.61,35.46
2023,280050885,-456.54,-575.68,-703.12,-2.32,0.06,0.55,35.60
2024,280054944,-460.45,-572.27,-701.66,-2.01,0.12,0.30,35.75
2025,280058993,-458.01,-569.34,-699.22,-1.71,0.24,0.30,35.70
2026,280064787,-462.89,-562.50,-700.68,-1.22,0.37,0.79,35.46
2027,280068836,-458.50,-570.31,-702.15,-0.79,0.00,0.67,35.55
2028,280072885,-458.01,-569.34,-697.27,-0.43,-0.24,1.04,35.70
2029,280076944,-461.43,-566.41,-699.71,-0.06,-0.55,1.22,35.27
2030,280080993,-458.98,-569.34,-699.22,0.12,-0.73,1.22,35.07
2031,280086787,-461.91,-565.43,-699.22,-0.37,-1.10,0.79,35.55
2032,280090836,-461.43,-569.82,-705.08,-0.55,-1.10,0.73,35.60
2033,280094885,-456.05,-570.80,-701.66,-0.06,-0.98,0.18,35.60
2034,280098944,-458.50,-571.29,-699.22,0.98,-1.59,0.55,35.55
2035,280102993,-460.45,-569.34,-695.80,2.01,-1.95,0.18,35.27
2036,280108787,-458.01,-563.48,-702.64,2.74,-1.77,0.55,35.60
2037,280112836,-457.52,-565.92,-694.82,3.90,-1.71,0.43,35.60
2038,280116885,-462.89,-569.34,-688.48,3.84,-1.65,0.79,35.36
2039,280120944,-464.84,-571.29,-685.06,3.54,-2.20,0.79,35.79
2040,280124993,-465.82,-570.80,-686.04,2.99,-2.26,0.55,35.94
2041,280130787,-460.94,-568.36,-686.52,2.13,-2.07,0.37,35.79
2042,280134836,-462.40,-583.98,-695.31,0.67,-1.22,-0.73,35.70
2043,280138885,-446.29,-534.18,-687.01,-0.37,-0.30,-0.73,35.60
2044,280142944,-464.84,-569.82,-682.13,-0.79,-0.37,0.98,35.79
2045,280146993,-475.10,-588.38,-656.74,-0.37,-2.56,0.85,35.60
2046,280152787,-469.24,-578.61,-673.83,-1.34,-3.66,-0.37,35.60
2047,280156836,-440.92,-555.18,-713.38,-2.56,-1.52,-1.28,35.75
2048,280160885,-448.73,-556.64,-691.41,-1.04,-0.37,0.79,35.36
2049,280164944,-466.31,-576.66,-685.55,-1.16,-0.85,1.71,35.98
2050,280168993,-463.38,-584.96,-689.45,-1.71,-0.18,0.30,35.60
2051,280174787,-461.43,-567.87,-683.11,-2.56,0.12,-0.06,35.79
2052,280178836,-453.61,-575.20,-690.43,-3.05,-1.46,0.00,35.89
2053,280182885,-455.57,-563.96,-690.43,-2.13,-1.65,0.43,35.27
2054,280186944,-455.57,-565.43,-692.38,-2.32,-1.89,0.43,35.55
2055,280192787,-457.03,-561.52,-695.31,-1.89,-1.10,0.24,35.70
2056,280196836,-468.26,-559.57,-690.92,-1.40,0.24,0.12,35.46
2057,280200885,-462.40,-555.18,-690.92,-2.50,0.18,-0.91,35.60
2058,280204944,-460.45,-568.36,-686.04,-2.74,-0.30,-1.40,35.60
2059,280208993,-453.12,-567.38,-694.34,-1.59,-1.52,0.12,35.55
2060,280214787,-453.61,-561.52,-699.22,-1.28,-2.26,0.67,35.70
2061,280218836,-455.57,-562.99,-704.10,-1.28,-2.07,1.10,35.94
2062,280222885,-458.50,-561.52,-696.78,-0.91,-2.32,1.59,35.46
2063,280226944,-464.36,-565.43,-696.78,-1.04,-2.44,1.59,35.79
2064,280230993,-465.33,-564.94,-698.73,-0.49,-1.71,1.40,35.79
2065,280236787,-465.33,-567.38,-699.22,0.06,-1.59,1.28,35.70
2066,280240836,-470.21,-571.29,-700.68,0.43,-1.28,1.28,35.70
2067,280244885,-473.14,-574.71,-694.82,0.55,-0.55,1.10,35.55
2068,280248944,-472.66,-570.80,-693.85,0.91,-0.55,0.79,35.79
2069,280252993,-468.26,-569.34,-697.27,0.55,-0.37,0.61,35.46
2070,280258787,-464.84,-577.64,-695.80,0.30,-0.30,0.55,35.55
2071,280262836,-462.40,-579.10,-689.94,0.79,-0.24,0.73,35.55
2072,280266885,-467.29,-574.71,-695.31,0.55,-0.67,0.79,35.60
2073,280270944,-469.73,-580.57,-692.38,-0.06,-0.73,0.67,35.79
2074,280274993,-470.70,-569.82,-686.52,-0.18,-0.49,0.98,35.55
2075,280280787,-467.77,-570.31,-689.94,-0.79,-0.24,1.16,35.60
2076,280284836,-467.77,-576.17,-690.92,-1.16,0.37,0.79,35.55
2077,280288885,-469.73,-576.66,-687.01,-1.22,0.85,0.61,35.79
2078,280292944,-469.73,-571.29,-683.59,-1.77,0.79,0.43,35.55
2079,280296993,-462.40,-573.24,-685.55,-1.95,0.73,0.43,35.55
2080,280302787,-462.89,-573.24,-687.99,-2.01,0.49,0.61,35.70
2081,280306836,-463.38,-574.22,-688.48,-2.20,0.24,0.37,35.60
2082,280310885,-463.38,-572.75,-688.48,-2.07,-0.37,0.06,35.94
2083,280314944,-462.89,-574.22,-687.50,-1.77,-0.67,0.18,35.36
2084,280318993,-458.98,-570.31,-695.80,-1.10,-0.79,-0.06,35.75
2085,280324787,-464.36,-566.41,-690.43,0.24,-0.98,0.18,35.60
2086,280328836,-461.43,-575.20,-686.04,1.10,-1.28,0.67,35.60
2087,280332885,-465.33,-573.24,-688.48,1.28,-1.34,0.73,35.79
2088,280336944,-468.26,-570.80,-686.04,1.10,-1.65,0.55,35.55
2089,280340993,-463.38,-575.20,-687.01,0.79,-1.46,0.24,35.55
2090,280346787,-458.01,-566.41,-685.55,0.18,-1.40,0.06,35.46
2091,280350836,-459.47,-567.87,-687.50,-0.30,-1.10,0.18,35.75
2092,280354885,-461.43,-569.82,-687.50,-0.67,-1.28,0.00,35.46
2093,280358944,-461.43,-573.24,-688.96,-0.73,-1.40,-0.37,35.70
2094,280362993,-458.50,-570.31,-689.45,-0.98,-1.34,-0.18,35.55
2095,280368787,-460.45,-570.80,-693.36,-0.79,-1.46,-0.18,35.89
2096,280372836,-463.38,-562.01,-689.94,-0.67,-1.04,-0.12,35.60
2097,280376885,-458.98,-566.41,-691.89,-0.49,-1.04,0.06,35.70
2098,280380944,-462.89,-572.27,-690.43,-0.12,-0.98,0.24,35.46
2099,280384993,-460.45,-568.85,-692.87,-0.43,-1.22,0.67,35.60
2100,280390787,-465.33,-567.87,-695.31,-0.67,-1.40,0.79,35.46
2101,280394836,-462.89,-574.22,-696.29,-1.04,-1.28,0.73,35.75
2102,280398885,-466.31,-571.78,-691.89,-1.16,-1.40,0.49,35.46
2103,280402944,-469.24,-571.29,-688.96,-1.59,-1.28,0.49,35.75
2104,280408787,-468.26,-570.80,-697.75,-1.71,-0.67,0.37,35.55
2105,280412836,-467.29,-564.45,-694.82,-1.89,-0.30,0.06,35.46
2106,280416885,-466.80,-562.99,-693.36,-2.01,0.12,-0.24,35.79
2107,280420944,-459.47,-565.43,-687.01,-2.07,0.43,-0.24,35.46
2108,280424993,-470.21,-560.55,-677.73,-3.05,0.06,-0.55,35.89
2109,280430787,-468.75,-572.27,-692.38,-3.78,-0.49,-1.22,35.60
2110,280434836,-461.91,-574.71,-691.89,-2.62,-0.43,-0.67,35.79
2111,280438885,-468.26,-562.01,-690.43,-2.01,-1.04,-0.61,35.55
2112,280442944,-470.21,-565.92,-690.92,-1.77,-1.22,-0.55,35.60
2113,280446993,-459.47,-570.31,-683.59,-1.83,-2.07,-1.16,35.60
2114,280452787,-456.05,-566.41,-684.57,-1.77,-3.66,-0.55,35.55
2115,280456836,-462.40,-564.94,-695.80,-0.98,-4.09,0.06,35.75
2116,280460885,-464.84,-567.38,-698.24,-0.06,-3.60,-0.18,35.75
2117,280464944,-461.91,-568.36,-699.22,0.06,-2.50,-0.37,35.89
2118,280468993,-457.52,-567.87,-689.94,0.06,-1.77,-0.49,35.36
2119,280474787,-457.52,-566.41,-683.11,-0.67,-1.59,0.00,35.46
2120,280478836,-461.91,-569.82,-692.38,-0.85,-1.71,-0.18,35.46
2121,280482885,-461.43,-565.92,-693.85,-1.22,-1.52,-0.24,35.79
2122,280486944,-458.01,-564.94,-692.38,-1.77,-1.46,-0.06,35.55
2123,280490993,-460.45,-564.94,-691.41,-1.40,-1.34,0.24,35.60
2124,280496787,-466.31,-567.87,-686.52,-1.83,-1.22,0.61,35.55
2125,280500836,-460.45,-563.96,-684.57,-2.38,-1.16,-0.24,35.60
2126,280504885,-450.68,-559.57,-690.43,-2.20,-1.16,-0.18,35.55
2127,280508944,-462.89,-565.92,-692.87,-2.26,-1.46,0.61,35.89
2128,280512993,-466.80,-573.24,-692.87,-2.01,-1.77,0.30,35.75
2129,280518787,-464.84,-563.48,-695.31,-1.95,-1.52,-0.12,35.41
2130,280522836,-458.50,-563.48,-694.82,-1.71,-1.65,0.24,35.27
2131,280526885,-456.54,-567.87,-686.04,-1.28,-1.77,1.04,35.46
2132,280530944,-457.52,-563.48,-690.43,-1.10,-1.71,1.34,35.36
2133,280534993,-468.75,-564.45,-693.85,-1.52,-2.20,1.59,35.60
2134,280540787,-470.21,-568.85,-690.92,-2.01,-1.83,1.34,35.70
2135,280544836,-468.26,-563.96,-688.48,-2.74,-1.16,0.49,35.94
2136,280548885,-458.98,-563.48,-688.48,-3.29,-0.85,0.43,35.94
2137,280552944,-460.94,-569.82,-687.99,-3.23,-0.85,0.55,35.89
2138,280556993,-461.91,-570.31,-691.89,-3.29,-0.61,0.37,35.46
2139,280562787,-461.43,-567.38,-699.22,-3.05,-0.85,-0.06,35.60
2140,280566836,-460.45,-565.43,-692.87,-2.38,-0.85,-0.12,35.60
2141,280570885,-459.96,-562.50,-695.80,-2.07,-1.22,-0.06,35.98
2142,280574944,-458.01,-565.43,-698.24,-1.65,-1.34,0.24,35.60
2143,280578993,-459.96,-562.50,-699.22,-1.28,-1.40,0.67,35.60
2144,280584787,-459.96,-566.89,-698.73,-0.85,-1.28,0.43,35.94
2145,280588836,-459.47,-564.45,-695.80,-0.67,-1.65,0.67,35.75
2146,280592885,-462.89,-564.45,-696.78,-0.73,-1.34,0.55,35.79
2147,280596944,-460.94,-568.36,-694.34,-0.91,-1.52,0.55,35.60
2148,280600993,-461.43,-567.87,-697.75,-0.85,-1.22,0.12,35.75
2149,280606787,-462.89,-559.08,-701.17,-0.91,-1.28,0.00,35.79
2150,280610836,-458.98,-559.08,-695.80,-0.43,-1.16,0.30,35.79
2151,280614885,-459.47,-562.50,-698.24,-0.24,-1.34,0.30,35.60
2152,280618944,-464.84,-564.45,-697.27,0.12,-1.22,0.91,35.89
2153,280624787,-460.94,-566.41,-697.75,-0.06,-1.83,0.91,35.46
2154,280628836,-463.87,-564.94,-696.29,-0.43,-1.59,0.98,35.94
2155,280632885,-461.43,-564.94,-693.85,-0.49,-1.52,0.79,35.89
2156,280636944,-467.77,-568.85,-696.29,-0.61,-1.46,0.61,35.46
2157,280640993,-468.75,-565.92,-694.34,-0.37,-1.10,0.18,35.46
2158,280646787,-463.38,-562.99,-692.87,-0.37,-1.16,0.18,35.70
2159,280650836,-464.36,-565.43,-702.64,0.18,-0.85,0.12,35.60
2160,280654885,-463.38,-565.92,-697.75,0.49,-0.79,0.37,35.55
2161,280658944,-463.87,-566.41,-689.94,0.55,-0.85,0.49,35.55
2162,280662993,-469.24,-566.41,-689.94,0.79,-1.04,0.43,35.79
2163,280668787,-465.33,-565.43,-687.01,0.00,-1.40,0.18,35.79
2164,280672836,-468.75,-564.45,-690.43,-0.49,-1.46,0.30,35.60
2165,280676885,-466.31,-563.96,-689.45,-0.49,-1.16,0.12,35.60
2166,280680944,-456.54,-562.99,-693.36,-0.37,-1.22,0.67,35.46
2167,280684993,-459.47,-562.50,-686.52,-0.85,-1.28,1.04,35.89
2168,280690787,-463.87,-562.50,-690.92,-0.98,-1.22,1.04,35.55
2169,280694836,-472.17,-571.29,-688.96,-1.52,-1.10,0.67,35.36
2170,280698885,-469.24,-578.61,-687.01,-1.52,-0.61,-0.12,35.46
2171,280702944,-465.82,-564.45,-692.38,-1.34,-0.30,0.00,35.75
2172,280706993,-458.01,-562.50,-695.31,-0.98,0.30,-0.37,35.55
2173,280712787,-466.80,-565.43,-690.43,-0.37,0.49,-0.24,35.46
2174,280716836,-466.80,-571.29,-688.96,-0.12,-0.49,-0.37,35.55
2175,280720885,-468.26,-564.45,-687.99,0.06,-0.79,-0.55,35.79
2176,280724944,-462.89,-571.29,-692.87,0.30,-1.65,-0.61,35.75
2177,280728993,-462.89,-564.94,-695.31,1.34,-1.77,-0.24,35.55
2178,280734787,-463.87,-572.27,-692.38,1.95,-1.52,-0.24,35.36
2179,280738836,-465.82,-566.89,-687.50,1.89,-1.65,0.12,35.55
2180,280742885,-460.45,-564.45,-684.08,1.65,-1.65,0.30,35.89
2181,280746944,-459.47,-561.52,-687.99,0.24,-1.77,0.61,35.70
2182,280750993,-458.98,-568.36,-685.06,-0.55,-1.77,0.91,35.27
2183,280756787,-466.80,-566.89,-686.04,-1.46,-1.04,1.04,35.70
2184,280760836,-465.82,-567.87,-689.45,-2.32,-0.55,0.61,35.60
2185,280764885,-464.36,-566.89,-685.06,-2.20,-0.61,0.43,35.70
2186,280768944,-466.80,-567.87,-686.04,-2.26,-0.43,0.43,35.60
2187,280772993,-465.33,-567.38,-691.41,-1.65,-0.73,0.37,35.75
2188,280778787,-464.84,-561.04,-693.85,-1.34,-1.16,0.12,35.94
2189,280782836,-459.47,-562.50,-693.36,-0.37,-1.95,0.49,35.79
2190,280786885,-463.38,-563.96,-690.92,-0.12,-2.38,0.67,35.70
2191,280790944,-467.29,-569.34,-692.87,0.12,-2.56,0.85,35.98
2192,280794993,-469.24,-564.94,-695.31,0.06,-2.50,0.67,35.55
2193,280800787,-464.84,-566.89,-691.89,-0.24,-2.07,0.18,35.75
2194,280804836,-465.82,-569.34,-693.85,-0.67,-1.40,0.43,35.70
2195,280808885,-463.87,-562.01,-693.85,-1.10,-0.79,0.43,35.36
2196,280812944,-467.77,-564.94,-692.87,-1.59,-0.06,0.24,35.79
2197,280816993,-466.31,-562.50,-688.96,-2.20,0.55,0.37,35.60
2198,280822787,-466.80,-559.57,-689.45,-2.99,0.85,-0.24,35.89
2199,280826836,-463.87,-559.08,-695.80,-3.41,0.30,-0.30,35.55
2200,280830885,-464.36,-557.13,-697.27,-3.17,0.06,-0.30,35.22
2201,280834944,-459.96,-560.06,-693.85,-3.23,-0.49,-0.06,35.46
2202,280840787,-462.40,-566.41,-706.05,-2.87,-1.16,0.00,35.60
2203,280844836,-466.80,-573.24,-708.01,-0.91,-1.52,0.30,35.55
2204,280848885,-467.29,-569.82,-706.05,-0.06,-1.71,0.18,35.89
2205,280852944,-461.91,-567.87,-698.24,0.37,-1.52,0.18,35.75
2206,280856993,-462.40,-562.50,-697.27,0.49,-1.59,0.24,35.75
2207,280861042,-460.94,-562.99,-695.31,0.85,-1.40,0.49,35.60
2208,280866787,-465.82,-561.52,-688.96,0.30,-1.46,0.67,35.79
2209,280870836,-466.80,-564.94,-695.31,0.24,-1.52,0.73,35.79
2210,280874885,-468.26,-568.85,-695.31,-0.18,-1.71,0.49,35.70
2211,280878944,-468.26,-567.38,-688.48,-0.49,-1.34,0.06,35.55
2212,280884787,-467.77,-566.89,-686.04,-0.67,-0.85,0.12,35.55
2213,280888836,-460.94,-565.43,-694.34,-0.98,-0.43,0.24,35.75
2214,280892885,-462.40,-569.34,-690.92,-0.79,0.24,0.43,35.94
2215,280896944,-466.80,-570.31,-690.43,-0.85,0.00,0.55,35.89
2216,280900993,-463.87,-567.87,-693.36,-0.91,-0.30,0.24,35.79
2217,280906787,-466.80,-567.87,-690.43,-0.30,-0.37,0.55,35.79
2218,280910836,-459.47,-564.94,-688.48,0.30,-0.49,0.43,35.55
2219,280914885,-468.26,-565.92,-686.04,0.61,-0.61,0.30,35.89
2220,280918944,-467.77,-564.45,-686.52,0.85,-0.91,0.06,35.70
2221,280922993,-470.21,-566.41,-687.99,1.04,-0.67,0.43,35.60
2222,280928787,-466.80,-570.31,-685.55,0.79,-0.73,0.49,35.46
2223,280932836,-462.40,-567.87,-687.01,0.30,-0.91,0.61,35.60
2224,280936885,-466.31,-561.52,-683.11,-0.06,-0.98,0.98,35.70
2225,280940944,-467.77,-562.50,-682.62,-0.61,-1.04,0.91,35.60
2226,280944993,-467.29,-571.29,-685.06,-1.28,-1.16,0.61,35.27
2227,280950787,-464.84,-570.31,-686.04,-1.77,-0.73,0.43,35.70
2228,280954836,-462.40,-563.48,-682.62,-1.83,-0.79,-0.06,35.55
2229,280958885,-460.94,-567.87,-681.64,-1.65,-1.10,-0.06,35.79
2230,280962944,-465.33,-564.45,-687.01,-0.98,-1.65,0.24,35.75
2231,280966993,-467.29,-567.87,-692.87,0.00,-2.38,0.37,35.55
2232,280972787,-468.75,-568.36,-697.27,0.49,-2.44,0.30,35.55
2233,280976836,-461.91,-571.29,-693.85,1.10,-2.01,0.00,35.75
2234,280980885,-459.47,-570.31,-686.52,1.16,-1.89,0.00,35.98
2235,280984944,-458.50,-574.22,-687.50,1.16,-1.59,0.37,35.94
2236,280988993,-460.45,-573.73,-688.96,0.79,-1.77,0.37,35.46
2237,280994787,-466.80,-574.71,-686.52,0.37,-1.65,0.24,35.60
2238,280998836,-468.26,-572.27,-692.38,-0.55,-1.10,-0.49,35.79
2239,281002885,-465.82,-568.85,-688.96,-1.16,-0.43,-0.30,35.75
2240,281006944,-462.89,-561.04,-693.36,-1.16,-0.37,-0.12,35.94
2241,281010993,-464.84,-565.92,-689.94,-1.10,-1.10,-0.30,35.75
2242,281016787,-469.24,-569.82,-688.96,-1.16,-1.89,-0.67,35.60
2243,281020836,-465.33,-569.82,-693.85,-0.37,-2.56,-0.79,35.75
2244,281024885,-469.73,-566.89,-699.22,0.18,-2.99,-1.04,35.60
2245,281028944,-469.24,-569.34,-693.85,1.10,-3.54,-0.67,35.75
2246,281032993,-465.33,-571.29,-696.29,1.34,-3.54,-0.55,35.55
2247,281038787,-467.29,-570.31,-696.78,1.46,-3.48,-0.61,35.89
2248,281042836,-460.45,-562.01,-695.31,0.91,-2.87,0.18,35.94
2249,281046885,-464.36,-562.99,-697.75,0.67,-2.01,0.18,35.55
2250,281050944,-467.77,-565.92,-698.24,-0.30,-1.40,-0.24,35.79
2251,281054993,-470.70,-566.89,-693.85,-0.73,-0.67,-0.55,35.46
2252,281060787,-471.68,-568.85,-688.96,-0.79,-0.43,-0.73,35.55
2253,281064836,-464.36,-560.55,-692.38,-1.04,0.49,-0.91,35.94
2254,281068885,-465.33,-563.48,-694.82,-1.04,0.85,-0.61,35.55
2255,281072944,-465.82,-565.43,-698.24,-0.61,0.67,-0.37,35.55
2256,281078787,-464.84,-566.89,-696.78,-0.55,0.24,0.00,35.75
2257,281082836,-464.36,-571.78,-694.34,-0.30,-0.49,0.61,35.22
2258,281086885,-464.36,-570.80,-693.85,-0.30,-0.91,0.79,35.75
2259,281090944,-458.50,-567.87,-691.41,0.00,-0.79,0.37,35.55
2260,281094993,-465.33,-566.89,-687.01,-0.18,-1.28,0.79,35.79
2261,281100787,-463.87,-568.36,-688.48,0.37,-1.34,0.91,35.55
2262,281104836,-463.87,-568.85,-685.06,0.18,-1.34,0.61,35.94
2263,281108885,-466.80,-566.89,-685.55,0.30,-1.65,0.06,35.75
2264,281112944,-469.24,-572.27,-684.57,0.49,-0.85,-0.37,35.70
2265,281116993,-463.38,-570.80,-689.94,0.67,-0.91,-0.55,35.55
2266,281122787,-464.36,-573.24,-683.11,0.98,-1.16,-0.30,35.55
2267,281126836,-469.73,-575.20,-683.59,1.04,-0.98,-0.06,35.55
2268,281130885,-467.77,-567.38,-682.13,0.49,-1.10,-0.49,35.70
