seq,timestamp_us,ax_mg,ay_mg,az_mg,gx_dps,gy_dps,gz_dps,temp_c
0,29729557,-339.84,-960.45,29.79,-1.10,-0.85,-0.73,34.40
1,29733620,-316.41,-967.77,19.53,-3.29,-1.28,-4.33,34.64
2,29737670,-316.41,-967.77,19.53,-2.87,-0.79,-3.11,34.40
3,29741719,-295.90,-978.52,9.28,-0.49,-0.79,0.18,34.36
4,29745773,-305.66,-970.70,21.97,1.34,0.49,4.51,34.40
5,29749826,-334.47,-963.38,22.95,1.34,0.61,5.49,34.50
6,29753876,-354.98,-952.15,36.13,0.30,-1.52,2.01,34.40
7,29757925,-351.56,-950.20,35.64,-2.80,-2.50,-3.17,34.21
8,29763803,-326.17,-963.38,19.53,-4.02,-1.46,-4.88,34.64
9,29767852,-304.20,-975.59,13.18,-2.13,-1.16,-2.26,34.31
10,29771901,-313.48,-971.68,14.16,-0.61,-0.55,1.22,34.55
11,29775959,-322.75,-964.36,15.14,-0.12,-1.10,2.68,34.50
12,29780008,-326.17,-963.87,19.53,0.73,-0.12,2.93,34.40
13,29785803,-331.54,-957.52,28.81,0.00,-0.18,1.77,34.12
14,29789852,-339.84,-958.50,28.32,-1.10,-0.49,-0.30,34.50
15,29793901,-325.68,-962.40,32.71,-1.40,-0.91,-1.95,34.40
16,29797959,-319.34,-962.89,23.44,-1.89,-0.61,-1.71,34.50
17,29802008,-317.38,-970.21,19.53,-1.16,-0.61,-0.30,34.40
18,29807803,-319.34,-967.77,25.88,-0.18,-0.67,0.98,34.64
19,29811852,-329.59,-968.26,24.90,-0.49,-0.37,1.46,34.50
20,29815901,-328.12,-959.96,22.46,-0.49,-0.61,0.73,34.50
21,29819959,-329.10,-960.94,31.25,-1.40,-0.98,-0.85,34.69
22,29825803,-328.12,-961.91,25.39,-2.32,-1.16,-1.71,34.88
23,29829852,-321.29,-968.26,25.39,-1.77,-1.46,-2.13,34.55
24,29833901,-322.27,-969.24,30.27,-1.65,-1.28,-0.98,34.64
25,29837959,-314.45,-976.07,16.60,-0.49,-0.37,0.18,34.50
26,29842008,-320.31,-967.29,23.44,0.43,-0.43,2.44,34.50
27,29846057,-307.13,-974.61,20.02,2.38,1.71,3.78,34.36
28,29851803,-309.08,-977.05,17.09,3.96,2.93,7.74,34.50
29,29855852,-325.20,-964.36,26.86,5.30,2.87,9.39,34.64
30,29859901,-342.77,-960.94,31.25,4.39,3.54,8.05,34.31
31,29863959,-342.77,-960.45,31.25,2.38,2.44,5.18,34.50
32,29869803,-333.50,-962.40,29.30,1.71,1.65,2.99,34.69
33,29873852,-332.03,-965.82,1.46,0.37,1.65,2.32,34.64
34,29877901,-330.57,-963.87,24.41,-4.09,-5.73,1.77,34.50
35,29881959,-324.71,-972.17,20.51,2.44,6.95,-0.37,34.36
36,29886008,-273.44,-998.54,-6.84,3.35,1.95,6.83,34.64
37,29891803,-353.52,-953.12,25.39,4.21,0.85,10.85,34.55
38,29895852,-370.12,-940.43,44.92,1.59,0.12,3.78,34.40
39,29899901,-357.42,-947.27,38.57,-3.29,-0.91,-3.72,34.50
40,29903959,-338.38,-956.54,22.95,-5.18,-1.65,-7.74,34.31
41,29908008,-303.22,-976.56,16.11,-4.02,-2.01,-5.98,34.50
42,29913803,-297.85,-981.45,23.44,-1.04,-0.73,0.49,34.50
43,29917852,-335.94,-957.52,25.88,0.37,-1.16,3.29,34.40
44,29921901,-356.93,-941.41,46.87,-0.49,-1.65,0.55,34.64
45,29925959,-351.07,-946.78,37.11,-4.76,-1.83,-5.30,34.36
46,29930008,-334.47,-960.45,25.39,-6.04,-2.68,-8.90,34.50
47,29935803,-305.18,-972.17,14.65,-4.57,-2.50,-7.38,34.69
48,29939852,-314.45,-977.05,20.51,-2.99,-1.16,-2.74,34.40
49,29943901,-316.41,-974.12,9.28,-1.89,-1.16,-0.85,34.55
50,29947959,-318.85,-967.77,31.25,-0.67,-1.10,0.06,34.64
51,29952008,-333.01,-961.91,35.16,-1.52,-0.67,0.24,34.21
52,29957803,-359.37,-949.71,29.30,-4.33,-3.23,-4.45,34.64
53,29961852,-349.61,-946.29,30.76,-8.35,-6.28,-12.74,34.31
54,29965901,-324.71,-966.80,33.20,-10.12,-5.79,-15.61,34.36
55,29969959,-295.90,-980.47,3.42,-8.72,-4.09,-14.27,34.40
56,29974008,-281.25,-986.82,9.77,-5.67,-2.80,-8.23,34.55
57,29979803,-286.13,-985.84,5.37,-2.32,-1.46,-1.59,34.36
58,29983852,-317.87,-966.80,19.04,0.24,-0.49,2.20,34.21
59,29987901,-324.71,-963.38,29.30,0.49,-0.67,2.56,34.69
60,29991959,-336.91,-962.89,24.41,-0.67,-1.10,0.67,34.40
61,29996008,-332.03,-961.91,21.48,-2.01,-1.40,-1.89,34.50
62,30001803,-320.31,-963.38,23.44,-2.50,-1.46,-2.74,34.36
63,30005852,-309.08,-975.59,12.70,-1.95,-0.91,-1.52,34.31
64,30009901,-307.62,-971.68,11.72,-0.85,-0.85,-0.24,34.36
65,30013959,-315.43,-971.68,19.53,-0.30,-0.67,0.85,34.55
66,30018008,-321.78,-968.26,16.60,-0.49,-0.73,1.16,34.40
67,30023803,-327.15,-964.84,20.02,-0.43,-0.85,0.06,34.50
68,30027852,-322.75,-964.84,29.30,-1.52,-0.79,-0.67,34.64
69,30031901,-321.78,-968.26,11.72,-1.40,-0.49,-0.91,34.40
70,30035959,-315.92,-966.80,20.51,-0.98,-0.91,-0.43,34.50
71,30040008,-319.34,-968.26,20.51,-0.61,-0.49,0.73,34.50
72,30045803,-318.36,-969.24,20.02,-0.49,-0.67,1.04,34.40
73,30049852,-321.29,-970.21,25.39,-0.30,-0.61,0.79,34.50
74,30053901,-321.78,-965.33,25.88,-0.79,-0.73,0.55,34.64
75,30057959,-326.17,-968.26,18.07,-1.10,-0.55,0.06,34.64
76,30063803,-319.82,-969.24,22.95,-0.79,-0.91,-0.37,34.40
77,30067852,-317.38,-966.31,27.34,-1.10,-0.67,0.00,34.55
78,30071901,-327.64,-971.19,21.00,-1.28,-1.52,0.00,34.31
79,30075959,-315.43,-968.26,31.74,-0.98,-1.10,-0.43,34.21
80,30080008,-318.85,-962.40,17.58,-1.46,-0.85,-0.06,34.50
81,30085803,-322.75,-959.96,23.93,-1.28,-1.22,-0.37,34.55
82,30089852,-323.73,-969.24,26.37,-1.65,-0.98,-1.28,34.88
83,30093901,-322.75,-971.19,21.48,-1.65,-0.49,-1.46,34.64
84,30097959,-308.11,-975.10,17.09,-0.98,-0.55,-0.91,34.64
85,30102008,-312.50,-978.52,18.07,-0.30,-0.37,0.91,34.40
86,30107803,-316.89,-972.66,19.04,0.00,-0.18,1.95,34.50
87,30111852,-327.64,-958.98,20.02,-0.24,-0.61,1.52,34.50
88,30115901,-327.64,-960.45,24.41,-0.98,-0.61,0.24,34.31
89,30119959,-327.15,-968.26,20.02,-1.59,-0.85,-0.67,34.40
90,30124008,-325.20,-968.75,16.11,-1.22,-0.98,-1.22,34.69
91,30129803,-317.87,-972.66,27.34,-0.98,-0.98,-0.24,34.40
92,30133852,-319.82,-967.77,13.18,-0.49,-0.67,0.79,34.31
93,30137901,-317.38,-967.29,18.55,0.00,-0.61,1.04,34.50
94,30141959,-319.82,-963.38,27.34,-0.24,-0.24,0.98,34.40
95,30146008,-327.64,-971.68,21.97,-0.85,-0.43,0.61,34.50
96,30151803,-325.20,-969.24,26.37,-0.79,-1.22,-0.37,34.50
97,30155852,-319.82,-970.70,20.51,-1.46,-0.98,-0.61,34.64
98,30159901,-316.89,-970.70,17.58,-0.98,-0.55,0.00,34.21
99,30163959,-314.94,-963.38,29.30,-0.43,-0.85,0.37,34.50
100,30168008,-321.29,-959.47,33.20,-0.91,-0.49,0.49,34.64
101,30173803,-325.68,-964.36,22.46,-1.65,-0.91,-0.79,34.55
102,30177852,-333.50,-958.01,28.81,-3.72,-2.44,-4.09,34.21
103,30181901,-330.57,-960.45,31.74,-4.57,-2.26,-6.10,34.50
104,30185959,-318.36,-971.68,10.25,-5.37,-2.74,-7.01,34.55
105,30190008,-310.06,-970.21,21.48,-4.15,-3.05,-6.59,34.40
106,30195803,-311.04,-965.33,26.86,-4.51,-2.20,-4.88,34.40
107,30199852,-358.40,-951.17,28.32,-5.55,-2.93,-7.01,34.36
108,30203901,-358.89,-944.82,40.53,-9.63,-7.38,-13.29,34.40
109,30207959,-336.43,-950.68,30.76,-14.27,-8.66,-20.30,34.69
110,30212008,-301.76,-977.54,14.16,-14.57,-7.99,-22.32,34.50
111,30217803,-266.60,-985.84,-6.35,-10.24,-6.16,-16.71,34.31
112,30221852,-248.54,-1001.95,-11.23,-3.41,-2.01,-3.29,34.40
113,30225901,-270.51,-987.79,-7.32,1.28,0.12,4.57,34.64
114,30229959,-310.55,-972.17,17.58,4.21,0.91,9.27,34.55
115,30234008,-337.89,-962.89,33.20,3.23,1.65,7.93,34.55
116,30239803,-348.63,-951.66,29.79,0.06,-0.18,2.20,34.40
117,30243852,-332.52,-960.45,29.79,-3.05,-1.22,-4.63,34.50
118,30247901,-312.50,-975.59,16.11,-3.90,-1.52,-5.85,34.50
119,30251959,-295.41,-986.33,11.23,-2.74,-1.40,-4.02,34.55
120,30256008,-292.48,-981.45,9.28,-0.98,-0.67,-0.30,34.50
121,30261803,-305.66,-977.05,18.07,-0.18,-0.49,2.13,34.74
122,30265852,-327.64,-964.36,23.44,-0.43,-1.59,1.10,34.40
123,30269901,-332.03,-959.96,25.88,-1.71,-1.89,-1.40,34.55
124,30273959,-324.22,-963.87,24.41,-4.70,-3.23,-5.24,34.36
125,30279803,-320.80,-968.75,16.60,-4.51,-2.50,-6.83,34.40
126,30283852,-294.92,-976.56,17.09,-4.15,-2.50,-5.79,34.40
127,30287901,-291.02,-979.49,11.23,-2.93,-1.65,-2.99,34.69
128,30291959,-295.41,-981.45,8.79,-0.91,-0.85,-0.55,34.50
129,30296008,-305.18,-972.66,17.09,0.00,-0.73,1.59,34.31
130,30301803,-312.50,-969.73,16.60,0.49,-0.24,2.50,34.64
131,30305852,-320.31,-962.40,21.97,0.06,-0.55,1.46,34.69
132,30309901,-318.36,-964.84,18.55,-0.91,-1.04,-0.24,34.64
133,30313959,-316.41,-968.75,15.62,-1.28,-0.67,-0.79,34.55
134,30318008,-310.06,-968.26,21.00,-1.22,-0.85,-0.85,34.64
135,30323803,-308.11,-974.61,18.55,-1.22,-0.73,-0.49,34.74
136,30327852,-312.50,-973.63,10.74,-0.73,-0.73,0.37,34.55
137,30331901,-312.50,-968.26,15.62,-0.55,-0.61,0.67,34.64
138,30335959,-312.50,-968.75,19.53,-0.67,-0.49,0.61,34.21
139,30340008,-309.57,-972.66,10.25,-1.04,-0.91,0.30,34.50
140,30345803,-309.57,-969.73,14.16,-0.73,-0.79,0.00,34.21
141,30349852,-310.55,-973.63,17.09,-1.40,-0.91,-0.43,34.40
142,30353901,-310.55,-971.68,6.84,-0.98,-0.85,-0.24,34.50
143,30357959,-304.69,-972.66,20.02,-0.67,-0.67,0.37,34.31
144,30362008,-309.57,-974.12,15.62,-0.85,-0.67,0.49,34.31
145,30367803,-310.55,-966.80,14.16,-0.61,-0.67,0.73,34.64
146,30371852,-316.89,-971.19,22.95,-0.43,-0.67,0.24,34.55
147,30375901,-316.89,-972.17,16.11,-0.98,-0.73,0.12,34.69
148,30379959,-312.99,-971.19,16.11,-1.28,-0.73,-0.55,34.40
149,30384008,-309.57,-969.73,21.97,-1.10,-1.04,-0.55,34.50
150,30389803,-305.18,-974.61,11.72,-1.16,-0.67,-0.18,34.64
151,30393852,-312.99,-972.66,12.21,-0.37,-0.61,0.37,34.69
152,30397901,-312.01,-970.70,20.02,-0.43,-0.37,0.49,34.64
153,30401959,-318.36,-970.70,14.65,-1.16,-0.73,0.49,34.31
154,30406008,-314.45,-973.63,14.16,-0.79,-0.67,0.18,34.50
155,30411803,-310.55,-972.17,21.97,-0.79,-0.73,-0.06,34.50
156,30415852,-314.45,-970.70,13.18,-1.22,-0.73,0.12,34.40
157,30419901,-306.15,-969.24,13.67,-0.67,-0.79,0.06,34.55
158,30423959,-307.13,-973.14,21.00,-0.73,-0.73,0.18,34.50
159,30428008,-311.04,-972.17,17.09,-1.04,-0.73,0.43,34.40
160,30433803,-312.99,-970.70,13.18,-0.61,-0.85,0.18,34.40
161,30437852,-312.01,-967.77,18.55,-0.98,-0.67,0.18,34.36
162,30441901,-310.55,-975.10,9.77,-1.16,-0.67,0.18,34.50
163,30445959,-312.01,-967.29,12.21,-0.67,-0.91,0.00,34.31
164,30450008,-307.62,-973.14,17.58,-0.79,-0.85,0.12,34.40
165,30455803,-315.92,-969.24,13.18,-1.16,-0.67,0.06,34.12
166,30459852,-313.96,-969.73,14.16,-1.04,-0.79,-0.37,34.40
167,30463901,-314.45,-967.29,16.60,-1.16,-0.85,-0.18,34.55
168,30467959,-310.06,-970.70,10.25,-1.65,-0.79,-0.49,34.40
169,30472008,-313.48,-972.17,15.62,-1.16,-1.89,-0.61,34.50
170,30477803,-324.71,-962.40,20.51,-2.20,-2.80,-1.65,34.40
171,30481852,-309.08,-975.10,10.74,-2.20,-1.10,-2.74,34.50
172,30485901,-303.22,-974.61,12.70,-2.13,-1.65,-2.38,34.50
173,30489959,-304.69,-971.68,13.67,-1.46,-0.98,-1.34,34.55
174,30495803,-303.22,-976.07,11.23,-1.46,-1.04,-0.30,34.36
175,30499852,-303.71,-969.73,18.07,-0.30,-0.67,0.37,34.64
176,30503901,-307.62,-971.68,20.02,-0.49,-0.73,1.16,34.50
177,30507959,-308.11,-972.66,12.21,-0.55,-0.67,1.10,34.64
178,30512008,-313.96,-970.21,19.04,-0.37,-0.73,0.73,34.31
179,30516057,-307.13,-966.31,24.41,-0.98,-0.49,0.00,34.31
180,30521803,-306.15,-967.29,18.07,-1.16,-0.79,0.06,34.55
181,30525852,-307.13,-971.19,21.97,-0.73,-0.73,0.06,34.69
182,30529901,-305.66,-970.70,21.97,-0.91,-0.79,0.37,34.36
183,30533959,-310.55,-971.19,9.77,-0.98,-0.85,0.30,34.74
184,30539803,-310.06,-966.31,16.60,-0.37,-1.10,0.30,34.64
185,30543852,-307.62,-968.26,16.11,-1.28,-0.98,0.06,34.55
186,30547901,-309.08,-974.12,13.18,-1.04,-1.04,-0.12,34.40
187,30551959,-305.66,-970.70,16.11,-0.67,-0.61,0.00,34.31
188,30556008,-305.66,-969.24,17.58,-0.91,-0.85,0.18,34.69
189,30561803,-308.11,-970.70,12.70,-0.85,-0.79,0.24,34.50
190,30565852,-310.55,-971.19,20.02,-0.37,-0.73,0.61,34.74
191,30569901,-313.48,-970.70,14.16,-0.85,-0.79,0.55,34.40
192,30573959,-306.64,-968.75,9.77,-0.79,-0.61,0.49,34.21
193,30578008,-314.94,-965.82,17.58,-0.61,-0.67,0.12,34.50
194,30583803,-312.50,-966.80,18.07,-1.16,-0.73,0.06,34.64
195,30587852,-310.06,-972.66,15.62,-0.67,-0.79,0.06,34.31
196,30591901,-313.48,-974.61,21.00,-1.04,-0.67,0.24,34.31
197,30595959,-312.99,-975.10,12.21,-1.10,-0.67,0.06,34.50
198,30600008,-312.99,-969.73,18.55,-0.61,-0.73,0.30,34.36
199,30605803,-310.55,-969.73,16.11,-0.37,-0.73,0.30,34.50
200,30609852,-313.48,-968.26,14.65,-1.04,-0.73,0.18,34.50
201,30613901,-314.94,-971.19,18.07,-0.43,-0.85,0.18,34.69
202,30617959,-316.89,-973.14,23.93,-0.79,-0.67,0.24,34.64
203,30622008,-317.38,-974.61,18.07,-0.98,-0.79,0.12,34.31
204,30627803,-310.55,-970.21,16.11,-0.73,-0.79,0.24,34.55
205,30631852,-311.52,-971.68,19.53,-0.98,-0.85,0.18,34.64
206,30635901,-312.01,-967.29,19.04,-1.04,-0.73,0.30,34.40
207,30639959,-312.99,-971.19,21.48,-0.67,-0.55,0.06,34.55
208,30644008,-313.48,-973.14,25.88,-0.79,-0.73,0.30,34.50
209,30649803,-312.01,-972.66,17.09,-1.10,-0.79,-0.06,34.50
210,30653852,-307.13,-970.21,14.16,-0.49,-0.79,-0.12,34.31
211,30657901,-306.15,-973.14,21.48,-0.91,-0.98,-0.06,34.50
212,30661959,-307.62,-978.52,9.28,-1.16,-0.79,-0.12,34.64
213,30666008,-310.06,-969.73,14.16,-0.67,-0.79,0.06,34.12
214,30671803,-306.15,-975.10,14.16,-1.10,-0.67,-0.06,34.36
215,30675852,-306.64,-975.59,2.44,-0.85,-0.79,-0.37,34.36
216,30679901,-296.39,-966.31,11.72,-0.73,-0.73,-0.49,34.40
217,30683959,-294.43,-972.66,3.91,-1.65,-0.67,-1.52,34.31
218,30688008,-286.62,-972.66,-2.93,-1.71,-0.73,-1.22,34.36
219,30693803,-292.97,-982.91,-5.37,-0.55,-0.43,-0.55,34.21
220,30697852,-294.43,-977.05,8.30,-0.43,-0.61,0.73,34.21
221,30701901,-297.85,-975.10,-1.95,-0.49,-0.55,1.28,34.64
222,30705959,-302.73,-972.66,11.23,0.30,-0.30,1.95,34.74
223,30710008,-305.66,-971.19,16.11,0.18,-0.37,1.83,34.50
224,30715803,-309.57,-970.21,14.16,-0.43,-0.49,1.04,34.40
225,30719852,-316.41,-967.77,25.39,-0.18,-0.61,0.43,34.40
226,30723901,-311.04,-974.12,21.48,-0.79,-0.55,0.24,34.50
227,30727959,-312.01,-976.56,19.53,-1.16,-0.91,0.12,34.50
228,30733803,-308.11,-965.82,23.93,-0.30,-0.98,0.24,34.64
229,30737852,-316.89,-967.77,25.39,-1.10,-0.85,0.49,34.40
230,30741901,-317.87,-967.29,19.04,-0.61,-0.98,0.06,34.64
231,30745959,-313.48,-964.36,29.79,-0.24,-1.22,0.00,34.40
232,30750008,-315.92,-966.31,26.37,-0.91,-0.91,0.12,34.36
233,30755803,-316.41,-973.14,24.41,-1.10,-0.55,-0.18,34.50
234,30759852,-310.55,-968.75,29.30,-0.55,-0.79,-0.18,34.64
235,30763901,-310.06,-968.26,27.83,-1.10,-0.91,0.43,34.50
236,30767959,-315.43,-967.77,20.51,-0.61,-0.49,1.04,34.36
237,30772008,-320.31,-962.40,25.39,-0.30,-0.67,0.91,34.40
238,30777803,-321.29,-965.82,25.88,-0.91,-0.55,0.67,34.40
239,30781852,-324.22,-969.24,16.60,-0.73,-0.43,0.18,34.40
240,30785901,-321.29,-963.87,21.48,-0.67,-0.43,0.06,34.64
241,30789959,-318.36,-962.40,14.16,-1.10,-0.43,0.30,34.36
242,30794008,-319.34,-969.73,11.72,-0.67,-0.30,0.43,34.64
243,30799803,-318.85,-962.89,14.65,-0.49,-0.43,0.61,34.40
244,30803852,-324.22,-970.21,11.23,-1.28,-0.37,0.55,34.40
245,30807901,-324.71,-970.21,7.81,-0.79,-0.55,-0.24,34.55
246,30811959,-315.92,-964.36,16.11,-1.10,-0.73,-0.43,34.69
247,30816008,-313.96,-968.75,13.67,-1.59,-0.98,-0.67,34.83
248,30821803,-305.18,-971.19,2.44,-1.04,-0.85,-0.49,34.40
249,30825852,-303.22,-967.29,13.18,-0.91,-0.73,-0.18,34.50
250,30829901,-302.25,-970.70,11.72,-1.16,-0.55,-0.06,34.55
251,30833959,-303.22,-978.03,10.25,-0.91,-0.67,-0.24,34.64
252,30838008,-301.27,-976.07,11.72,-0.98,-0.85,-0.49,34.55
253,30843803,-292.97,-976.56,13.18,-1.22,-0.91,-0.30,34.69
254,30847852,-293.46,-979.98,13.67,-0.67,-0.67,-0.12,34.36
255,30851901,-290.04,-974.61,19.53,-0.61,-0.79,0.12,34.74
256,30855959,-294.92,-973.14,12.70,-0.85,-0.55,0.91,34.64
257,30860008,-302.25,-974.12,19.04,-0.18,-0.73,1.10,34.40
258,30865803,-303.71,-971.19,21.48,-0.61,-0.55,0.73,34.36
259,30869852,-304.20,-973.14,12.70,-0.79,-0.67,0.49,34.31
260,30873901,-303.22,-970.70,17.58,-0.55,-0.85,0.24,34.50
261,30877959,-306.15,-966.31,21.00,-0.79,-0.85,0.61,34.55
262,30882008,-304.69,-968.26,15.62,-0.85,-0.73,0.37,34.31
263,30887803,-310.55,-970.21,18.07,-0.49,-1.10,0.49,34.12
264,30891852,-312.99,-966.31,16.11,-0.91,-0.73,0.43,34.40
265,30895901,-317.38,-968.75,16.11,-1.34,-1.04,0.12,34.50
266,30899959,-315.92,-974.12,10.74,-0.85,-0.79,0.06,34.64
267,30904008,-313.96,-969.24,17.58,-1.46,-0.61,-0.18,34.36
268,30909803,-315.43,-970.21,8.79,-1.10,-0.85,0.18,34.64
269,30913852,-313.48,-965.82,10.74,-0.67,-0.49,0.67,34.64
270,30917901,-315.92,-967.77,11.23,-0.55,-0.49,0.37,34.69
271,30921959,-319.82,-967.77,5.86,-0.85,-0.79,0.43,34.64
272,30926008,-314.94,-966.31,12.70,-0.55,-0.61,0.49,34.31
273,30931803,-311.52,-971.68,12.70,-0.79,-0.79,0.43,34.31
274,30935852,-315.92,-964.84,11.23,-0.37,-0.55,0.43,34.64
275,30939901,-314.94,-965.33,16.60,-0.30,-0.43,0.37,34.36
276,30943959,-315.92,-963.38,15.14,-0.61,-0.43,0.49,34.55
277,30949803,-322.27,-967.77,14.65,-0.61,-0.49,0.37,34.64
278,30953852,-324.71,-966.80,25.88,-1.46,-1.65,-0.55,34.40
279,30957901,-321.78,-964.84,20.51,-2.32,-1.71,-1.59,34.36
280,30961959,-315.92,-972.17,19.53,-1.77,-0.79,-1.89,34.50
281,30966008,-303.71,-968.75,22.95,-1.28,-1.04,-1.59,34.55
282,30971803,-300.78,-977.05,21.48,-1.28,-0.73,-0.06,34.64
283,30975852,-302.73,-968.26,23.93,-0.43,-0.67,0.61,34.55
284,30979901,-310.06,-971.68,31.25,-0.73,-0.61,0.30,34.69
285,30983959,-317.38,-974.12,23.44,-1.52,-0.85,-0.24,34.50
286,30988008,-307.62,-971.19,16.11,-1.59,-1.16,-1.34,34.50
287,30993803,-299.80,-973.14,16.11,-1.40,-0.85,-1.65,34.50
288,30997852,-297.85,-981.45,13.67,-1.89,-1.04,-0.98,34.64
289,31001901,-295.90,-979.00,7.81,-0.98,-0.79,0.24,34.50
290,31005959,-296.39,-974.12,19.04,-0.37,-0.55,0.91,34.21
291,31010008,-304.20,-971.19,14.65,-1.10,-0.73,1.04,34.36
292,31015803,-304.20,-969.73,9.28,-0.61,-0.43,0.49,34.64
293,31019852,-302.73,-969.24,14.65,-1.16,-0.91,0.00,34.55
294,31023901,-309.57,-972.66,0.00,-1.52,-0.73,-0.18,34.64
295,31027959,-309.08,-974.61,7.81,-0.43,-0.73,0.49,34.31
296,31032008,-308.11,-969.24,10.25,-0.43,-0.49,0.91,34.40
297,31037803,-313.96,-973.63,10.25,-0.79,-0.61,1.04,34.40
298,31041852,-312.50,-968.26,10.74,-0.12,-0.73,0.43,34.40
299,31045901,-314.45,-965.33,15.14,-0.67,-0.79,0.30,34.55
300,31049959,-315.43,-972.66,5.86,-1.34,-0.98,-0.06,34.50
301,31054008,-311.52,-972.17,6.35,-0.79,-0.67,-0.43,34.21
302,31059803,-310.06,-970.21,17.09,-0.61,-0.85,-0.12,34.36
303,31063852,-316.89,-974.61,9.28,-1.04,-0.67,0.24,34.69
304,31067901,-312.01,-969.24,9.28,-0.37,-0.79,0.37,34.64
305,31071959,-309.08,-967.29,16.11,-0.49,-0.49,0.24,34.55
306,31076008,-313.48,-972.66,15.14,-0.85,-0.67,0.55,34.40
307,31081803,-313.96,-967.77,15.62,-0.37,-0.55,-0.06,34.55
308,31085852,-312.50,-967.77,27.83,-0.73,-0.67,0.49,34.16
309,31089901,-312.50,-972.17,19.53,-1.04,-0.49,0.43,34.40
310,31093959,-314.45,-971.68,23.93,-0.43,-0.85,0.43,34.50
311,31098008,-311.04,-965.33,28.32,-0.49,-0.73,0.49,34.40
312,31103803,-311.52,-975.10,21.97,-1.04,-0.79,0.49,34.40
313,31107852,-311.52,-967.77,21.97,-0.67,-0.55,-0.06,34.40
314,31111901,-311.52,-969.73,24.90,-0.73,-0.79,0.12,34.40
315,31115959,-314.45,-970.70,15.62,-1.10,-0.67,0.06,34.64
316,31120008,-312.99,-973.63,14.65,-0.73,-0.61,-0.18,34.50
317,31125803,-304.20,-970.70,26.37,-0.73,-0.79,0.00,34.50
318,31129852,-308.59,-974.61,13.18,-1.16,-0.55,0.24,34.64
319,31133901,-308.59,-970.70,16.11,-0.61,-0.85,0.00,34.55
320,31137959,-309.08,-970.70,17.58,-0.98,-0.73,-0.06,34.50
321,31142008,-309.57,-975.59,12.70,-1.22,-0.67,0.24,34.36
322,31147803,-305.18,-975.10,11.23,-0.79,-0.85,-0.18,34.31
323,31151852,-302.73,-970.21,13.18,-0.98,-0.55,0.12,34.64
324,31155901,-308.59,-971.68,4.88,-1.04,-0.55,0.12,34.36
325,31159959,-305.18,-970.70,8.79,-0.49,-0.61,0.49,34.74
326,31165803,-303.22,-971.68,14.65,-0.79,-0.98,0.55,34.40
327,31169852,-309.08,-972.66,7.32,-0.79,-0.43,0.73,34.50
328,31173901,-311.04,-973.14,10.74,-0.49,-0.79,0.67,34.50
329,31177959,-312.99,-972.17,9.28,-0.67,-0.30,0.73,34.40
330,31182008,-310.06,-968.75,9.28,-0.73,-0.55,0.49,34.64
331,31187803,-306.15,-972.17,14.16,-0.49,-0.73,0.18,34.55
332,31191852,-312.01,-966.31,14.65,-0.98,-0.61,0.12,34.64
333,31195901,-312.50,-972.66,11.23,-0.73,-0.73,0.30,34.50
334,31199959,-310.55,-969.73,19.53,-0.43,-0.67,0.30,34.21
335,31204008,-308.11,-967.77,18.55,-0.91,-0.73,0.18,34.50
336,31209803,-312.50,-967.77,15.62,-0.91,-0.85,0.24,34.64
337,31213852,-306.15,-971.68,24.90,-0.79,-0.55,0.18,34.64
338,31217901,-307.62,-971.68,21.00,-0.91,-0.98,0.30,34.31
339,31221959,-307.13,-972.17,15.14,-0.85,-0.67,0.24,34.36
340,31226008,-308.11,-973.63,17.58,-0.67,-0.55,0.06,34.55
341,31231803,-311.04,-963.87,20.51,-0.98,-0.73,0.00,34.69
342,31235852,-311.52,-971.68,18.07,-0.79,-0.61,0.12,34.50
343,31239901,-308.11,-965.82,21.00,-0.43,-0.67,0.43,34.36
344,31243959,-307.13,-973.14,17.09,-0.85,-0.61,0.37,34.50
345,31248008,-310.55,-969.24,11.23,-0.85,-0.67,0.43,34.50
346,31253803,-310.55,-972.17,20.02,-0.55,-0.55,0.18,34.40
347,31257852,-312.99,-969.73,13.18,-0.85,-0.67,0.18,34.40
348,31261901,-304.69,-971.19,12.21,-0.55,-0.73,0.00,34.21
349,31265959,-308.59,-968.75,17.58,-0.67,-0.91,0.24,34.31
350,31270008,-312.99,-972.66,17.09,-1.04,-0.98,0.12,34.50
351,31275803,-311.04,-973.14,13.67,-0.43,-0.61,0.06,34.40
352,31279852,-310.06,-966.31,17.58,-0.85,-0.79,0.30,34.64
353,31283901,-310.06,-971.19,11.72,-0.91,-0.73,0.18,34.40
354,31287959,-310.06,-970.70,14.16,-0.79,-0.73,0.06,34.64
355,31292008,-308.11,-971.68,19.04,-0.67,-0.67,0.37,34.55
356,31297803,-313.96,-972.17,11.72,-1.04,-0.61,0.18,34.31
357,31301852,-310.06,-974.12,15.14,-0.61,-0.67,0.49,34.55
358,31305901,-308.59,-974.12,19.04,-0.61,-0.49,0.30,34.64
359,31309959,-309.57,-968.26,10.74,-1.04,-0.55,0.30,34.55
360,31314008,-306.64,-971.19,12.70,-0.30,-0.73,0.43,34.50
361,31319803,-306.15,-970.21,21.00,-0.67,-0.67,0.49,34.21
362,31323852,-310.55,-968.75,9.28,-1.16,-0.73,0.24,34.55
363,31327901,-304.20,-964.36,17.58,-0.61,-0.67,0.49,34.64
364,31331959,-309.08,-971.19,18.55,-0.79,-0.55,0.55,34.64
365,31336008,-312.01,-975.59,11.72,-0.85,-0.61,0.37,34.21
366,31341803,-308.11,-966.80,13.18,-0.37,-0.67,0.37,34.31
367,31345852,-310.06,-970.70,17.58,-0.85,-0.79,0.37,34.50
368,31349901,-312.01,-969.73,11.72,-1.16,-0.67,0.00,34.40
369,31353959,-308.11,-969.24,9.28,-0.30,-0.61,0.12,34.50
370,31358008,-306.15,-966.31,15.62,-0.67,-0.43,0.37,34.21
371,31363803,-313.96,-970.70,8.30,-0.85,-0.67,0.18,34.55
372,31367852,-308.11,-969.24,15.62,-0.55,-0.67,0.00,34.40
373,31371901,-306.64,-967.77,20.51,-1.04,-0.43,0.24,34.64
374,31375959,-310.06,-970.21,12.70,-1.04,-0.85,0.12,34.69
375,31380008,-307.62,-968.75,12.70,-0.24,-0.79,0.06,34.40
376,31385803,-303.22,-966.31,19.04,-0.67,-0.85,0.49,34.55
377,31389852,-311.04,-976.56,12.70,-0.98,-0.67,0.43,34.64
378,31393901,-308.11,-970.70,19.53,-0.55,-0.61,0.37,34.50
379,31397959,-309.57,-968.26,18.07,-0.79,-0.55,0.43,34.64
380,31403803,-308.11,-970.21,14.16,-1.16,-0.67,0.30,34.50
381,31407852,-311.04,-971.19,19.53,-0.30,-0.85,0.18,34.69
382,31411901,-309.57,-973.14,22.46,-0.91,-0.67,0.30,34.50
383,31415959,-312.50,-976.56,12.70,-1.10,-0.67,0.18,34.69
384,31420008,-312.01,-968.26,18.55,-0.30,-0.85,0.30,34.50
385,31425803,-307.62,-971.68,23.93,-0.91,-0.61,0.37,34.83
386,31429852,-314.45,-975.10,17.58,-0.79,-0.73,0.12,34.55
387,31433901,-309.08,-971.19,22.46,-0.61,-0.98,0.18,34.50
388,31437959,-308.11,-973.63,18.07,-1.04,-0.67,0.00,34.31
389,31442008,-315.43,-972.66,13.18,-1.10,-0.85,0.12,34.50
390,31447803,-308.11,-969.73,13.67,-0.67,-0.79,0.12,34.64
391,31451852,-313.96,-973.14,19.04,-1.34,-0.67,0.12,34.69
392,31455901,-310.06,-972.66,8.79,-0.79,-0.85,0.18,34.50
393,31459959,-306.15,-967.77,14.65,-0.37,-0.49,0.06,34.31
394,31464008,-307.62,-965.33,20.02,-1.04,-0.61,0.24,34.74
395,31469803,-312.01,-974.61,7.32,-1.10,-0.49,0.00,34.50
396,31473852,-307.62,-966.80,18.07,-0.49,-0.79,0.24,34.64
397,31477901,-310.55,-967.29,12.21,-1.16,-0.85,0.37,34.40
398,31481959,-311.04,-979.00,3.42,-0.91,-0.67,0.30,34.50
399,31486008,-307.62,-971.19,14.16,-0.37,-0.91,-0.18,34.55
400,31491803,-308.11,-973.14,17.09,-0.91,-0.43,0.30,34.31
401,31495852,-307.13,-971.68,8.79,-0.55,-0.73,0.18,34.50
402,31499901,-306.15,-974.12,15.14,-0.37,-0.73,0.00,34.40
403,31503959,-305.18,-970.70,11.23,-0.49,-0.67,0.30,34.74
404,31508008,-307.62,-975.10,7.32,-0.79,-0.91,0.30,34.50
405,31513803,-303.71,-966.80,17.09,-0.61,-0.61,0.24,34.64
406,31517852,-307.62,-966.31,16.60,-0.98,-0.55,0.55,34.31
407,31521901,-306.15,-970.21,9.77,-0.98,-0.61,0.12,34.55
408,31525959,-309.08,-971.19,19.04,-0.55,-0.49,0.37,34.74
409,31530008,-309.08,-967.77,16.11,-0.79,-0.85,0.49,34.50
410,31535803,-312.01,-975.10,12.21,-0.55,-0.61,0.37,34.31
411,31539852,-308.11,-965.82,25.88,-0.49,-0.79,0.37,34.21
412,31543901,-308.11,-967.29,21.97,-0.85,-0.73,0.24,34.55
413,31547959,-306.64,-969.73,14.65,-0.85,-0.73,0.49,34.64
414,31552008,-306.64,-969.24,20.02,-0.37,-0.55,0.24,34.40
415,31557803,-312.99,-971.19,18.55,-1.10,-0.61,0.30,34.31
416,31561852,-313.48,-968.75,18.07,-0.49,-0.61,0.18,34.36
417,31565901,-306.15,-970.21,19.04,-0.91,-0.73,0.18,34.69
418,31569959,-311.04,-973.14,16.11,-0.98,-0.67,0.18,34.55
419,31574008,-311.04,-968.26,13.67,-0.73,-0.55,0.37,34.40
420,31579803,-309.08,-970.21,25.39,-0.79,-0.73,0.00,34.31
421,31583852,-311.04,-968.75,13.18,-1.04,-0.67,0.37,34.64
422,31587901,-307.62,-967.29,12.21,-0.61,-0.61,0.24,34.50
423,31591959,-309.57,-973.63,17.09,-0.85,-0.43,0.18,34.36
424,31596008,-313.48,-972.66,13.67,-0.73,-0.85,0.18,34.40
425,31601803,-311.04,-971.68,12.70,-0.49,-0.73,0.30,34.64
426,31605852,-305.66,-971.19,14.65,-0.61,-0.49,0.24,34.64
427,31609901,-309.08,-972.66,8.79,-1.04,-0.61,0.37,34.50
428,31613959,-312.50,-976.56,11.23,-0.37,-0.49,0.18,34.64
429,31619803,-310.06,-970.70,19.04,-0.91,-0.61,0.37,34.40
430,31623852,-311.04,-971.68,11.72,-0.91,-0.43,0.37,34.40
431,31627901,-308.11,-970.70,15.62,-0.43,-0.67,0.55,34.50
432,31631959,-303.22,-971.68,12.21,-0.79,-0.67,0.24,34.74
433,31636008,-307.62,-969.73,11.23,-1.04,-0.67,0.24,34.31
434,31641803,-306.15,-970.21,18.55,-0.61,-0.91,0.55,34.64
435,31645852,-308.59,-972.66,17.09,-0.98,-0.67,0.37,34.55
436,31649901,-305.18,-970.21,14.65,-0.67,-0.67,0.24,34.69
437,31653959,-307.62,-970.70,21.00,-0.61,-0.73,0.37,34.40
438,31658008,-304.20,-973.63,22.46,-0.85,-0.73,0.24,34.50
439,31663803,-311.04,-973.63,14.65,-0.98,-0.67,0.30,34.50
440,31667852,-312.01,-968.26,23.44,-0.73,-0.73,0.12,34.69
441,31671901,-306.15,-974.12,20.02,-1.10,-0.61,0.00,34.50
442,31675959,-307.13,-969.24,9.77,-0.91,-0.79,0.43,34.40
443,31680008,-306.64,-971.68,18.07,-0.30,-0.67,0.06,34.69
444,31685803,-308.11,-971.68,21.48,-0.98,-0.49,0.37,34.40
445,31689852,-308.11,-970.21,11.23,-0.79,-0.61,0.55,34.50
446,31693901,-309.08,-966.31,19.53,-0.49,-0.73,0.18,34.40
447,31697959,-314.94,-971.68,19.04,-0.91,-0.61,0.43,34.64
448,31702008,-312.99,-974.12,15.14,-0.98,-0.67,0.24,34.55
449,31707803,-313.48,-969.73,21.48,-0.18,-0.91,0.18,34.55
450,31711852,-311.04,-974.12,16.11,-1.28,-0.61,0.18,34.50
451,31715901,-306.15,-967.77,11.23,-0.98,-0.55,0.24,34.50
452,31719959,-308.59,-970.21,16.60,-0.55,-0.67,0.30,34.16
453,31724008,-310.55,-967.29,18.07,-1.04,-0.79,0.24,34.64
454,31729803,-312.99,-970.70,9.28,-0.79,-0.73,0.00,34.21
455,31733852,-311.52,-965.33,20.51,-0.49,-0.91,0.24,34.31
456,31737901,-311.52,-974.61,13.18,-1.22,-0.61,0.37,34.50
457,31741959,-312.99,-969.73,10.25,-0.98,-0.91,0.06,34.64
458,31746008,-304.69,-969.24,21.00,-0.67,-0.79,0.06,34.31
459,31751803,-306.64,-968.26,17.58,-1.16,-0.67,0.30,34.31
460,31755852,-306.15,-974.61,14.65,-0.61,-0.37,0.30,34.36
461,31759901,-310.55,-969.24,21.00,-0.49,-0.49,0.18,34.64
462,31763959,-306.64,-968.75,15.14,-1.04,-0.91,0.24,34.64
463,31768008,-308.11,-977.54,14.16,-0.79,-0.73,0.24,34.40
464,31773803,-306.64,-973.14,21.00,-0.67,-0.85,-0.06,34.50
465,31777852,-305.66,-970.70,14.16,-1.22,-0.43,0.12,34.40
466,31781901,-309.08,-973.63,13.18,-0.67,-0.61,0.06,34.50
467,31785959,-306.64,-965.82,19.53,-0.55,-0.43,0.12,34.40
468,31790008,-308.11,-971.68,17.58,-1.34,-0.55,0.30,34.50
469,31795803,-309.08,-977.05,9.28,-0.73,-0.67,0.24,34.50
470,31799852,-305.18,-975.10,19.04,-0.61,-0.91,0.37,34.40
471,31803901,-308.59,-974.12,11.23,-1.10,-0.73,0.24,34.64
472,31807959,-311.52,-972.17,11.72,-0.55,-0.79,0.37,34.50
473,31812008,-305.66,-969.24,19.53,-0.79,-0.55,0.00,34.40
474,31817803,-311.04,-970.70,14.65,-1.10,-0.55,0.37,34.40
475,31821852,-308.11,-978.52,12.70,-0.30,-0.73,0.24,34.40
476,31825901,-306.15,-969.24,14.16,-0.79,-0.79,0.18,34.36
477,31829959,-311.52,-970.21,15.14,-1.16,-0.67,0.61,34.50
478,31835803,-306.15,-976.07,10.74,-0.73,-0.85,0.55,34.74
479,31839852,-306.15,-971.68,19.53,-0.85,-0.98,0.24,34.69
480,31843901,-312.50,-969.73,15.14,-1.16,-0.79,0.67,34.64
481,31847959,-308.59,-972.66,14.65,-0.55,-0.79,0.37,34.12
482,31852008,-309.57,-969.73,19.04,-0.49,-0.49,0.24,34.64
483,31857803,-312.99,-970.70,16.11,-1.34,-0.85,0.43,34.88
484,31861852,-309.57,-967.77,15.62,-0.30,-0.67,0.12,34.50
485,31865901,-307.13,-971.68,18.55,-0.98,-0.85,0.24,34.50
486,31869959,-308.59,-969.73,19.04,-0.98,-0.61,0.49,34.50
487,31874008,-312.50,-970.70,13.67,-0.79,-0.61,0.18,34.55
488,31879803,-311.52,-969.24,19.53,-0.98,-0.85,0.24,34.64
489,31883852,-310.55,-968.26,14.65,-1.16,-0.85,0.06,34.64
490,31887901,-312.01,-972.17,19.53,-0.55,-1.04,-0.24,34.64
491,31891959,-308.59,-966.31,21.00,-0.79,-0.85,0.00,34.31
492,31896008,-308.11,-968.75,13.18,-0.85,-0.73,0.30,34.64
493,31901803,-311.52,-970.21,16.11,-0.55,-0.61,0.37,34.93
494,31905852,-311.52,-972.66,13.67,-1.22,-0.91,0.12,34.50
495,31909901,-309.08,-971.19,12.70,-0.79,-0.67,0.30,34.69
496,31913959,-306.15,-963.38,18.55,-0.61,-0.79,0.06,34.21
497,31918008,-305.66,-971.19,18.55,-0.91,-0.73,0.18,34.40
498,31923803,-307.62,-974.12,11.23,-0.73,-0.61,0.06,34.12
499,31927852,-306.64,-968.75,18.07,-0.43,-0.73,0.24,34.64
500,31931901,-310.06,-972.17,11.72,-0.85,-0.79,0.43,34.50
501,31935959,-306.15,-972.66,11.23,-0.98,-0.91,0.30,34.50
502,31940008,-309.57,-973.63,16.11,-0.73,-0.73,0.37,34.50
503,31945803,-308.59,-971.19,14.65,-1.10,-0.73,0.30,34.55
504,31949852,-308.11,-969.24,12.70,-0.67,-0.85,0.12,34.55
505,31953901,-304.69,-969.24,19.53,-0.49,-0.55,0.06,34.74
506,31957959,-314.45,-970.70,12.70,-0.98,-0.61,0.30,34.21
507,31962008,-306.64,-972.17,9.77,-0.67,-0.43,0.24,34.50
508,31967803,-310.06,-967.29,20.51,-0.61,-0.67,0.18,34.40
509,31971852,-312.01,-971.68,14.65,-1.16,-0.49,0.30,34.31
510,31975901,-309.57,-973.14,13.18,-0.43,-0.61,0.49,34.64
511,31979959,-306.15,-971.68,17.58,-0.67,-0.49,0.55,34.64
512,31984008,-307.13,-972.17,13.18,-1.04,-0.67,0.37,34.40
513,31989803,-308.11,-973.14,15.14,-0.61,-0.67,0.24,34.40
514,31993852,-311.52,-968.26,20.51,-0.73,-0.73,0.12,34.40
515,31997901,-311.04,-975.59,13.18,-1.28,-0.55,0.43,34.50
516,32001959,-312.50,-968.75,16.11,-0.98,-0.79,-0.06,34.50
517,32006008,-307.62,-967.77,20.51,-0.85,-0.67,0.06,34.31
518,32011803,-311.52,-971.68,18.55,-1.04,-0.79,0.18,34.40
519,32015852,-310.06,-972.66,16.60,-0.30,-0.85,0.18,34.40
520,32019901,-306.15,-965.33,20.51,-0.67,-0.85,0.18,34.64
521,32023959,-313.96,-976.07,9.28,-1.16,-0.61,0.30,34.50
522,32028008,-308.59,-973.63,15.14,-0.67,-0.67,0.18,34.21
523,32033803,-307.13,-966.80,22.46,-0.79,-0.85,0.30,34.64
524,32037852,-312.99,-972.17,10.74,-1.22,-0.61,0.06,34.64
525,32041901,-308.59,-971.68,15.62,-0.61,-0.67,0.00,34.74
526,32045959,-310.55,-971.68,20.02,-0.73,-0.67,0.24,34.69
527,32051803,-312.50,-975.10,10.25,-1.16,-0.85,0.30,34.64
528,32055852,-306.15,-971.68,16.60,-0.49,-0.67,0.12,34.36
529,32059901,-306.64,-968.75,15.14,-0.91,-0.67,0.24,34.21
530,32063959,-311.52,-971.19,9.28,-0.98,-0.55,0.06,34.50
531,32068008,-309.08,-971.68,11.72,-0.43,-0.85,0.18,34.40
532,32072057,-305.18,-971.19,17.09,-0.91,-0.79,0.49,34.36
533,32077803,-308.59,-976.07,12.21,-1.22,-0.61,0.18,34.69
534,32081852,-306.15,-973.14,14.16,-0.43,-0.67,0.00,34.64
535,32085901,-306.64,-971.68,21.00,-0.73,-0.98,0.24,34.02
536,32089959,-308.11,-972.17,9.28,-0.67,-0.61,0.00,34.50
537,32095803,-311.04,-968.26,14.16,-0.24,-0.85,0.00,34.50
538,32099852,-307.13,-970.21,18.07,-0.91,-0.67,0.37,34.50
539,32103901,-309.57,-970.21,13.18,-0.73,-0.79,0.37,34.55
540,32107959,-308.11,-969.24,16.11,-0.24,-0.67,0.30,34.36
541,32112008,-310.55,-969.24,21.48,-1.16,-0.91,0.55,34.55
542,32117803,-313.48,-971.19,10.25,-0.91,-0.55,0.55,34.55
543,32121852,-308.59,-970.70,18.55,-0.61,-0.91,0.24,34.55
544,32125901,-308.59,-966.31,14.65,-1.04,-0.79,0.49,34.50
545,32129959,-309.57,-978.03,10.74,-0.67,-0.49,0.37,34.40
546,32134008,-309.08,-974.12,16.60,-0.49,-0.61,0.43,34.74
547,32139803,-307.13,-969.73,18.55,-0.98,-0.79,0.24,34.55
548,32143852,-312.01,-975.10,11.72,-0.55,-0.67,0.24,34.55
549,32147901,-303.71,-971.19,19.53,-0.49,-0.61,0.30,34.36
550,32151959,-311.52,-970.70,17.58,-1.16,-0.49,0.49,34.31
551,32156008,-308.59,-973.63,8.79,-0.91,-0.79,0.18,34.40
552,32161803,-308.11,-970.70,18.07,-0.55,-0.67,0.24,34.64
553,32165852,-310.55,-972.17,13.67,-1.10,-0.67,0.12,34.40
554,32169901,-311.52,-973.63,14.16,-1.04,-0.67,0.37,34.36
555,32173959,-309.57,-969.73,22.95,-0.37,-0.43,0.24,34.64
556,32178008,-302.73,-967.77,12.21,-1.04,-0.67,0.12,34.64
557,32183803,-309.57,-967.77,12.21,-0.85,-0.55,0.24,34.74
558,32187852,-307.62,-965.33,17.09,-0.67,-0.91,0.24,34.21
559,32191901,-309.08,-970.21,16.11,-0.98,-0.85,0.24,34.88
560,32195959,-308.11,-971.68,18.07,-0.91,-0.49,0.18,34.50
561,32200008,-308.11,-974.61,20.51,-0.73,-0.67,0.12,34.50
562,32205803,-307.62,-971.68,13.18,-0.85,-0.73,0.30,34.36
563,32209852,-309.57,-965.33,13.18,-0.55,-0.55,0.37,34.40
564,32213901,-305.66,-972.17,17.58,-0.67,-0.67,0.18,34.69
565,32217959,-307.62,-973.14,17.09,-1.04,-0.61,0.18,34.36
566,32222008,-307.13,-969.73,15.62,-0.43,-0.85,0.30,34.50
567,32227803,-309.57,-971.19,18.07,-0.79,-1.04,0.30,34.31
568,32231852,-305.66,-971.19,10.74,-1.10,-0.85,0.24,34.36
569,32235901,-307.13,-969.24,13.18,-0.67,-0.67,0.37,34.69
570,32239959,-310.06,-971.68,17.09,-0.67,-0.61,0.37,34.74
571,32244008,-308.59,-973.63,10.25,-0.91,-0.73,0.37,34.31
572,32249803,-306.15,-971.19,14.16,-0.49,-0.85,0.24,34.64
573,32253852,-310.55,-968.26,16.60,-1.16,-0.49,0.37,34.50
574,32257901,-305.18,-969.73,9.28,-0.61,-0.55,0.43,34.88
575,32261959,-307.13,-968.75,11.23,-0.37,-0.73,0.18,34.50
576,32266008,-311.52,-971.68,14.16,-1.04,-0.73,0.12,34.21
577,32271803,-314.45,-971.19,12.70,-0.98,-0.91,0.30,34.55
578,32275852,-304.69,-967.77,22.46,-0.43,-0.49,0.55,34.40
579,32279901,-310.55,-971.19,18.07,-0.91,-0.61,0.30,34.55
580,32283959,-310.06,-969.73,9.28,-0.79,-0.79,0.18,34.50
581,32289803,-306.15,-969.24,17.58,-0.43,-0.55,0.30,34.64
582,32293852,-310.06,-971.19,14.65,-1.04,-0.61,0.30,34.40
583,32297901,-307.62,-972.17,16.11,-0.73,-0.61,0.18,34.55
584,32301959,-302.25,-969.24,20.51,-0.67,-0.67,0.18,34.50
585,32306008,-315.92,-974.61,16.11,-1.10,-0.49,0.43,34.64
586,32311803,-315.92,-974.61,9.28,-0.67,-0.79,-0.18,34.55
587,32315852,-310.55,-971.19,21.97,-0.67,-0.43,0.12,34.40
588,32319901,-310.06,-973.63,14.65,-1.10,-0.61,0.06,34.40
589,32323959,-312.50,-971.68,12.70,-0.67,-0.85,0.06,34.31
590,32328008,-309.08,-964.36,23.44,-0.73,-0.79,0.18,34.36
591,32333803,-311.04,-969.24,18.55,-1.22,-0.73,0.12,34.50
592,32337852,-306.15,-972.17,17.09,-0.79,-0.85,0.06,34.55
593,32341901,-302.73,-968.26,20.51,-0.43,-0.49,0.30,34.50
594,32345959,-308.59,-974.12,11.72,-1.04,-0.73,0.24,34.36
595,32350008,-307.13,-973.63,10.74,-0.61,-0.79,0.30,34.40
596,32355803,-307.62,-966.80,24.90,-0.79,-0.85,0.12,34.64
597,32359852,-309.57,-974.61,6.84,-1.22,-0.55,0.18,34.31
598,32363901,-310.55,-970.70,11.23,-0.61,-0.67,0.12,34.50
599,32367959,-309.57,-967.77,18.55,-0.73,-0.67,0.06,34.12
600,32372008,-311.04,-970.70,10.25,-1.28,-0.73,0.61,34.31
601,32377803,-307.62,-976.07,13.18,-0.61,-0.91,0.37,34.69
602,32381852,-305.18,-970.70,23.44,-0.67,-0.67,0.37,34.50
603,32385901,-307.62,-971.68,12.70,-1.22,-0.73,0.43,34.64
604,32389959,-309.57,-970.70,10.25,-0.61,-0.67,0.30,34.55
605,32394008,-303.22,-967.77,22.46,-0.49,-0.79,0.30,34.69
606,32399803,-306.64,-972.17,14.65,-1.16,-0.79,0.43,34.74
607,32403852,-309.57,-969.73,17.09,-0.55,-0.79,0.18,34.31
608,32407901,-311.52,-969.73,21.00,-0.73,-0.73,0.18,34.55
609,32411959,-312.99,-972.66,7.32,-1.10,-0.73,0.18,34.40
610,32416008,-307.62,-975.10,10.74,-0.43,-0.91,0.30,34.64
611,32421803,-306.64,-970.70,21.48,-0.55,-0.85,0.43,34.31
612,32425852,-306.64,-969.24,15.14,-1.16,-0.49,0.49,34.31
613,32429901,-307.13,-966.80,18.07,-0.49,-0.67,0.18,34.40
614,32433959,-309.08,-970.21,20.51,-1.10,-0.73,0.18,34.64
615,32438008,-307.62,-971.19,12.21,-1.16,-0.73,0.12,34.12
616,32443803,-307.13,-971.19,18.07,-0.49,-0.61,0.24,34.64
617,32447852,-305.66,-969.24,19.53,-1.16,-0.73,0.00,34.31
618,32451901,-307.13,-974.61,16.60,-0.98,-0.67,0.18,34.50
619,32455959,-308.59,-970.70,20.51,-0.49,-0.67,0.24,34.69
620,32460008,-309.08,-972.17,19.04,-1.04,-0.73,0.24,34.16
621,32465803,-310.06,-973.63,14.16,-0.79,-0.85,0.43,34.40
622,32469852,-310.06,-972.66,17.09,-0.61,-0.91,0.24,34.55
623,32473901,-312.01,-968.26,9.28,-0.98,-0.73,0.24,34.50
624,32477959,-306.15,-972.66,17.58,-0.85,-0.67,0.30,34.40
625,32482008,-307.62,-971.19,21.00,-0.61,-0.67,0.12,34.31
626,32487803,-304.20,-974.61,13.18,-1.04,-0.85,0.37,34.64
627,32491852,-303.22,-970.21,12.21,-0.73,-0.67,0.37,34.40
628,32495901,-306.64,-968.75,15.14,-0.73,-0.61,0.24,34.50
629,32499959,-308.11,-970.21,14.16,-0.85,-0.73,0.06,34.64
630,32505803,-307.62,-967.77,16.60,-0.55,-0.55,0.37,34.50
631,32509852,-310.06,-967.77,22.46,-0.79,-0.61,0.18,34.50
632,32513901,-310.55,-967.77,15.14,-0.98,-0.79,0.12,34.50
633,32517959,-306.15,-967.29,19.04,-0.85,-0.85,0.12,34.40
634,32522008,-305.66,-969.24,15.62,-0.91,-0.49,0.18,34.50
635,32527803,-312.01,-972.17,13.67,-0.98,-0.61,0.18,34.50
636,32531852,-305.18,-970.70,17.09,-0.49,-0.73,0.30,34.64
637,32535901,-309.57,-975.10,18.55,-0.98,-0.73,0.24,34.40
638,32539959,-306.64,-973.14,13.67,-1.16,-0.79,0.24,34.40
639,32544008,-309.08,-968.75,12.21,-0.55,-0.85,0.24,34.50
640,32549803,-312.99,-975.10,21.97,-0.98,-0.73,0.12,34.64
641,32553852,-312.50,-971.19,8.79,-1.16,-0.61,0.06,34.50
642,32557901,-309.08,-967.77,17.09,-0.55,-0.73,0.24,34.40
643,32561959,-308.59,-968.26,15.14,-0.85,-0.55,0.24,34.40
644,32566008,-305.66,-971.19,10.74,-1.22,-0.79,0.43,34.64
645,32571803,-306.64,-973.14,15.62,-0.30,-0.73,0.18,34.64
646,32575852,-308.11,-977.05,16.60,-0.98,-0.55,0.30,34.40
647,32579901,-310.06,-972.17,11.72,-1.22,-0.67,0.24,34.50
648,32583959,-307.62,-970.21,14.65,-0.49,-0.79,0.37,34.36
649,32588008,-303.22,-973.63,20.51,-0.79,-0.79,0.30,34.50
650,32593803,-309.08,-973.63,10.74,-0.98,-0.67,0.18,34.88
651,32597852,-306.15,-969.73,23.93,-0.18,-0.67,0.18,34.40
652,32601901,-306.64,-973.63,17.58,-1.28,-0.49,0.43,34.74
653,32605959,-311.04,-972.17,9.77,-0.98,-0.49,0.37,34.64
654,32610008,-307.62,-967.77,17.58,-0.43,-0.67,0.18,34.55
655,32615803,-307.13,-974.12,18.07,-1.04,-0.98,0.30,34.40
656,32619852,-312.99,-972.66,8.30,-0.85,-0.85,0.24,34.64
657,32623901,-306.15,-968.75,20.51,-0.43,-0.67,0.37,34.64
658,32627959,-310.55,-970.70,14.65,-0.98,-0.55,0.24,34.74
659,32632008,-309.57,-974.12,11.72,-1.16,-0.55,0.18,34.64
660,32637803,-307.13,-973.14,19.53,-0.49,-0.61,0.00,34.50
661,32641852,-312.01,-969.73,10.25,-1.10,-0.79,0.43,34.21
662,32645901,-310.06,-974.12,11.72,-1.10,-0.79,0.24,34.40
663,32649959,-303.22,-968.26,19.04,-0.55,-0.98,0.37,34.40
664,32654008,-311.04,-970.70,17.58,-1.34,-0.61,0.06,34.50
665,32659803,-309.57,-978.03,8.79,-1.04,-0.85,0.06,34.21
666,32663852,-303.22,-972.66,16.60,-0.73,-0.55,0.06,34.36
667,32667901,-312.01,-971.19,13.18,-1.28,-0.61,0.30,34.64
668,32671959,-312.99,-975.59,6.35,-0.85,-0.73,0.37,34.55
669,32676008,-302.25,-971.68,20.51,-0.49,-0.61,0.43,34.40
670,32681803,-307.13,-968.75,15.62,-1.10,-0.79,0.37,34.40
671,32685852,-312.99,-971.68,16.11,-0.67,-0.73,0.12,34.64
672,32689901,-306.15,-974.12,16.60,-0.79,-0.67,0.12,34.64
673,32693959,-312.50,-968.75,15.14,-1.40,-0.67,0.43,34.55
674,32698008,-312.99,-968.26,5.86,-0.85,-0.67,0.37,34.40
675,32703803,-304.69,-971.68,19.04,-0.49,-0.91,0.06,34.31
676,32707852,-307.62,-970.21,16.11,-1.16,-0.73,0.18,34.36
677,32711901,-308.11,-969.73,15.62,-0.67,-0.67,0.24,34.36
678,32715959,-311.52,-969.24,20.02,-0.73,-0.67,0.06,34.55
679,32721803,-314.94,-974.61,13.67,-1.16,-0.79,0.18,34.50
680,32725852,-309.08,-971.68,10.25,-0.55,-0.55,0.43,34.50
681,32729901,-306.64,-967.77,17.58,-0.85,-0.67,0.24,34.50
682,32733959,-310.55,-973.14,14.65,-0.98,-0.55,0.30,34.40
683,32738008,-305.18,-973.14,12.21,-0.73,-0.67,0.30,34.40
684,32742057,-310.06,-969.73,17.09,-0.73,-0.73,0.18,34.40
685,32747803,-310.06,-970.21,13.67,-0.98,-0.67,0.24,34.64
686,32751852,-305.66,-977.05,17.09,-0.85,-0.67,0.00,34.64
687,32755901,-307.13,-969.24,12.21,-0.67,-0.67,0.18,34.12
688,32759959,-311.52,-975.10,8.79,-1.16,-0.73,0.12,34.55
689,32765803,-307.62,-968.75,17.58,-0.55,-0.55,0.24,34.64
690,32769852,-312.99,-968.26,16.60,-0.98,-0.49,0.18,34.64
691,32773901,-310.06,-971.68,12.70,-0.55,-0.61,0.24,34.40
692,32777959,-307.62,-969.73,13.18,-0.49,-0.73,0.24,34.36
693,32782008,-308.11,-971.19,19.04,-0.79,-0.61,0.24,34.55
694,32787803,-308.59,-970.21,10.74,-1.04,-0.73,0.18,34.40
695,32791852,-309.08,-970.70,17.09,-0.73,-0.55,0.00,34.40
696,32795901,-313.48,-971.19,16.11,-0.85,-0.55,0.06,34.55
697,32799959,-308.11,-970.70,11.23,-0.85,-0.73,0.37,34.21
698,32804008,-311.04,-966.31,10.74,-0.43,-0.67,0.06,34.50
699,32809803,-313.96,-970.70,14.65,-0.85,-0.73,0.18,34.55
700,32813852,-310.06,-968.75,13.18,-0.79,-0.73,0.18,34.40
701,32817901,-307.62,-967.29,14.65,-0.91,-0.67,0.37,34.64
702,32821959,-311.04,-974.12,18.55,-1.16,-0.61,0.24,34.50
703,32826008,-313.48,-973.14,11.72,-0.49,-0.85,0.24,34.64
704,32831803,-310.55,-968.75,18.07,-0.67,-0.61,0.12,34.88
705,32835852,-306.64,-979.49,12.21,-1.34,-0.67,0.18,34.36
706,32839901,-307.13,-972.66,10.74,-0.61,-0.85,0.24,34.64
707,32843959,-305.18,-968.26,20.51,-0.49,-0.67,0.24,34.40
708,32848008,-310.06,-976.56,14.65,-1.16,-0.73,0.24,34.50
709,32853803,-310.55,-969.73,9.77,-0.85,-0.73,0.43,34.74
710,32857852,-307.62,-972.66,21.97,-0.55,-0.73,0.43,34.21
711,32861901,-309.57,-972.17,15.14,-0.85,-0.79,0.12,34.50
712,32865959,-309.57,-966.31,15.14,-0.18,-0.67,0.30,34.64
713,32870008,-309.08,-969.24,19.04,-0.61,-0.49,0.18,34.50
714,32875803,-310.06,-972.66,14.65,-1.16,-0.79,0.12,34.40
715,32879852,-307.13,-975.59,17.09,-0.43,-0.91,0.24,34.40
716,32883901,-308.11,-971.19,17.58,-0.37,-0.55,0.30,34.55
717,32887959,-311.52,-969.24,16.60,-1.34,-0.67,0.49,34.64
718,32892008,-313.48,-972.17,6.84,-0.49,-0.67,0.12,34.36
719,32897803,-306.64,-963.38,19.04,-0.73,-0.73,0.30,34.21
720,32901852,-310.06,-972.17,5.37,-0.91,-0.73,0.37,34.21
721,32905901,-310.06,-969.24,15.62,-0.49,-0.73,0.12,34.50
722,32909959,-307.13,-970.21,19.53,-0.67,-0.49,0.12,34.64
723,32914008,-305.18,-971.19,14.65,-1.10,-0.55,0.24,34.40
724,32919803,-306.64,-970.21,10.74,-0.49,-0.73,0.37,34.64
725,32923852,-305.18,-971.19,19.53,-0.91,-0.91,0.24,34.40
726,32927901,-308.59,-971.19,9.28,-1.16,-0.61,0.37,34.55
727,32931959,-309.57,-971.68,11.72,-0.55,-0.61,0.37,34.31
728,32936008,-308.11,-966.80,19.04,-0.73,-0.73,0.18,34.50
729,32941803,-307.62,-978.03,8.30,-1.16,-0.73,0.18,34.21
730,32945852,-310.55,-975.10,11.23,-0.49,-0.67,0.06,34.40
731,32949901,-309.08,-970.70,19.53,-0.55,-0.67,0.06,34.74
732,32953959,-312.50,-970.21,12.21,-1.10,-0.67,0.24,34.55
733,32959803,-310.55,-972.17,12.70,-0.49,-0.73,0.18,34.64
734,32963852,-305.18,-973.63,20.51,-1.04,-0.61,0.30,34.55
735,32967901,-308.59,-970.70,13.18,-0.85,-0.73,0.37,34.64
736,32971959,-309.57,-972.66,15.14,-0.61,-0.79,0.00,34.50
737,32976008,-306.15,-967.77,15.14,-0.73,-0.55,0.06,34.55
738,32981803,-310.06,-972.17,11.72,-0.91,-0.79,0.24,34.50
739,32985852,-310.55,-971.68,16.60,-0.67,-0.79,-0.06,34.55
740,32989901,-303.71,-971.68,17.58,-0.98,-0.67,0.43,34.50
741,32993959,-307.62,-976.07,7.32,-0.85,-0.67,0.37,34.64
742,32998008,-312.50,-969.24,16.11,-0.43,-0.73,0.12,34.64
743,33003803,-311.04,-974.61,18.07,-0.79,-0.73,0.43,34.64
744,33007852,-310.55,-974.12,9.77,-0.85,-0.61,0.49,34.74
745,33011901,-313.48,-969.24,17.09,-0.73,-0.73,0.24,34.55
746,33015959,-309.08,-971.19,15.62,-1.10,-0.55,0.30,34.40
747,33020008,-307.13,-970.21,16.11,-1.04,-0.67,0.43,34.50
748,33025803,-309.57,-969.73,16.60,-0.49,-0.67,0.18,34.50
749,33029852,-312.01,-969.24,17.58,-1.04,-0.67,0.00,34.40
750,33033901,-308.59,-974.61,11.72,-0.79,-0.67,0.30,34.64
751,33037959,-306.64,-971.68,13.18,-0.37,-0.67,0.18,34.31
752,33042008,-309.57,-968.26,18.55,-1.10,-0.37,0.30,34.40
753,33047803,-306.15,-974.12,12.21,-0.85,-0.73,0.30,34.83
754,33051852,-310.06,-969.24,19.04,-0.37,-1.04,0.18,34.50
755,33055901,-314.45,-972.17,12.21,-0.79,-0.61,0.12,34.74
756,33059959,-308.59,-968.75,12.70,-0.73,-0.49,0.37,34.64
757,33064008,-311.52,-970.21,18.07,-0.61,-0.67,0.24,34.69
758,33069803,-309.08,-969.73,19.04,-1.22,-0.49,0.00,34.64
759,33073852,-303.22,-972.66,15.62,-0.67,-0.98,0.30,34.21
760,33077901,-306.15,-971.68,16.60,-0.91,-0.55,0.06,34.55
761,33081959,-311.52,-970.70,16.11,-1.22,-0.61,0.30,34.64
762,33086008,-312.01,-972.66,12.21,-0.73,-0.67,0.30,34.50
763,33091803,-303.71,-971.19,19.04,-0.85,-0.79,0.37,34.31
764,33095852,-310.06,-972.17,8.30,-1.16,-0.61,0.06,34.31
765,33099901,-308.11,-965.33,10.74,-0.67,-0.61,0.18,34.69
766,33103959,-312.01,-970.21,19.04,-0.49,-0.79,0.24,34.50
767,33108008,-310.55,-971.68,9.28,-0.98,-0.79,0.12,34.02
768,33113803,-307.62,-973.63,12.70,-0.61,-0.73,0.24,34.36
769,33117852,-305.18,-974.61,21.00,-1.04,-0.98,0.24,34.21
770,33121901,-309.57,-974.12,13.67,-0.98,-0.85,0.18,34.64
771,33125959,-307.62,-970.21,12.70,-0.43,-0.61,0.37,34.55
772,33130008,-306.64,-968.26,21.00,-0.67,-0.73,0.37,34.50
773,33135803,-306.15,-974.12,10.25,-0.91,-0.91,0.06,34.40
774,33139852,-303.71,-971.68,15.62,-0.37,-0.67,0.18,34.36
775,33143901,-309.57,-974.12,17.58,-0.67,-0.61,0.37,34.69
776,33147959,-309.08,-968.26,13.18,-0.98,-0.61,0.24,34.74
777,33152008,-307.62,-969.24,16.11,-0.55,-0.73,0.30,34.31
778,33157803,-302.25,-969.73,21.48,-0.73,-0.73,0.30,34.64
779,33161852,-311.04,-969.73,13.18,-0.98,-0.98,0.12,34.50
780,33165901,-312.50,-970.70,17.58,-0.73,-0.91,0.12,34.36
781,33169959,-307.62,-971.68,19.04,-0.85,-0.67,0.49,34.40
782,33175803,-312.99,-973.14,12.70,-0.91,-0.61,0.24,34.50
783,33179852,-312.99,-963.87,19.04,-0.24,-0.98,0.18,34.64
784,33183901,-306.15,-971.19,19.53,-0.79,-0.91,0.37,34.21
785,33187959,-309.57,-972.66,12.70,-1.46,-0.55,0.37,34.55
786,33192008,-310.06,-965.82,17.09,-0.37,-0.98,0.18,34.64
787,33197803,-310.06,-967.29,19.04,-0.85,-0.73,0.43,34.50
788,33201852,-311.52,-972.66,4.88,-1.04,-0.85,0.30,34.64
789,33205901,-305.66,-970.70,18.07,-0.43,-0.91,0.18,34.64
790,33209959,-307.62,-965.33,19.04,-0.98,-0.73,0.18,34.31
791,33214008,-305.66,-972.17,10.74,-1.28,-0.79,0.24,34.50
792,33219803,-306.64,-969.24,13.18,-0.61,-0.67,0.12,34.64
793,33223852,-312.01,-975.59,14.65,-1.16,-0.91,0.43,34.50
794,33227901,-308.59,-973.14,11.23,-0.67,-0.79,0.12,34.64
795,33231959,-305.66,-969.24,21.00,-0.49,-0.85,0.12,34.21
796,33236008,-303.71,-968.75,19.04,-0.91,-0.91,0.24,34.64
797,33241803,-310.55,-968.75,10.25,-0.85,-0.61,0.24,34.64
798,33245852,-307.13,-966.80,20.51,-0.30,-0.73,0.24,34.50
799,33249901,-309.57,-970.21,20.51,-0.85,-0.67,0.24,34.55
800,33253959,-309.08,-973.63,11.23,-0.79,-0.73,0.49,34.50
801,33258008,-303.71,-969.24,14.16,-0.43,-0.55,0.24,34.50
802,33263803,-308.11,-974.12,17.09,-0.91,-0.61,0.30,34.64
803,33267852,-307.62,-972.17,9.77,-0.61,-0.91,0.18,34.64
804,33271901,-308.59,-967.77,17.58,-0.49,-0.85,0.12,34.88
805,33275959,-304.20,-972.17,19.53,-0.91,-0.79,0.37,34.40
806,33280008,-309.57,-971.68,9.28,-0.91,-0.67,0.30,34.40
807,33285803,-306.15,-969.24,14.65,-0.18,-0.73,0.18,34.50
808,33289852,-312.01,-969.24,15.14,-1.10,-0.73,0.37,34.50
809,33293901,-311.04,-970.70,7.32,-0.73,-0.67,0.49,34.74
810,33297959,-306.15,-970.21,20.02,-0.37,-0.79,0.24,34.64
811,33302008,-307.62,-969.24,18.07,-1.10,-0.85,0.24,34.50
812,33307803,-310.06,-973.14,9.77,-0.91,-0.79,0.06,34.50
813,33311852,-307.62,-967.29,19.53,-0.49,-0.67,0.00,34.16
814,33315901,-306.64,-968.26,22.95,-1.16,-0.67,0.37,34.69
815,33319959,-312.01,-972.17,12.21,-0.91,-0.73,0.30,34.64
816,33324008,-305.18,-970.70,14.16,-0.49,-0.79,0.24,34.50
817,33329803,-309.08,-970.21,17.09,-0.91,-0.67,0.43,34.16
818,33333852,-311.52,-973.63,14.16,-0.61,-0.79,0.06,34.50
819,33337901,-309.08,-969.73,19.04,-0.43,-0.61,0.30,34.69
820,33341959,-311.04,-970.21,16.60,-0.91,-0.61,0.30,34.31
821,33346008,-310.06,-971.19,14.16,-0.55,-0.55,0.24,34.21
822,33351803,-309.57,-971.68,19.04,-0.55,-0.67,0.06,34.21
823,33355852,-307.62,-972.66,16.60,-1.28,-0.49,0.30,34.55
824,33359901,-307.62,-969.73,14.16,-0.55,-0.55,0.37,34.50
825,33363959,-304.69,-972.66,22.95,-0.67,-0.61,0.00,34.50
826,33368008,-308.11,-970.21,10.25,-1.22,-0.61,0.24,34.31
827,33373803,-308.59,-972.17,12.21,-0.85,-0.98,0.12,34.50
828,33377852,-309.57,-975.10,19.53,-0.85,-0.67,0.24,34.50
829,33381901,-308.59,-974.61,14.16,-1.22,-0.61,0.24,34.50
830,33385959,-308.59,-974.61,15.62,-0.91,-0.67,0.43,34.40
831,33391803,-308.11,-970.21,18.55,-0.49,-0.55,0.24,34.64
832,33395852,-308.59,-973.63,13.67,-0.98,-0.85,0.43,34.50
833,33399901,-310.06,-973.14,21.48,-0.73,-0.61,0.30,34.40
834,33403959,-308.59,-971.68,18.07,-0.79,-0.85,0.18,34.50
835,33408008,-308.11,-972.17,15.62,-1.04,-0.55,0.37,34.40
836,33412057,-308.59,-968.75,12.70,-0.73,-0.61,0.24,34.40
837,33417803,-304.20,-973.63,16.60,-0.73,-0.79,0.00,34.64
838,33421852,-312.50,-970.70,11.23,-0.91,-0.55,0.30,34.64
839,33425901,-308.11,-973.63,11.23,-0.49,-0.67,0.37,34.31
840,33429959,-307.13,-971.19,17.09,-1.04,-0.61,0.43,34.50
841,33435803,-312.99,-968.75,13.67,-0.91,-0.61,0.30,34.40
842,33439852,-308.59,-969.24,14.65,-0.37,-0.61,0.12,34.64
843,33443901,-313.96,-970.21,17.58,-0.91,-0.85,0.18,34.64
844,33447959,-309.57,-969.73,12.21,-0.85,-0.73,0.12,34.36
845,33452008,-308.59,-971.68,13.67,-0.49,-0.73,0.12,34.31
846,33457803,-304.20,-969.24,20.02,-0.79,-0.73,0.24,34.88
847,33461852,-307.13,-968.75,11.72,-0.85,-1.04,0.18,34.40
848,33465901,-310.06,-970.21,16.11,-0.67,-0.43,0.43,34.40
849,33469959,-306.15,-967.77,19.04,-0.91,-0.73,0.30,34.31
850,33474008,-312.01,-974.12,10.74,-0.85,-0.55,0.24,34.50
851,33479803,-309.08,-970.70,16.60,-0.55,-0.79,0.24,34.50
852,33483852,-309.08,-970.70,17.09,-0.98,-0.85,0.49,34.64
853,33487901,-307.62,-974.12,10.74,-0.98,-0.67,0.24,34.50
854,33491959,-310.06,-970.21,17.09,-0.37,-0.61,0.37,34.21
855,33496008,-310.55,-970.21,23.93,-0.91,-0.61,0.18,34.64
856,33501803,-310.06,-971.19,13.67,-0.98,-0.79,0.18,34.64
857,33505852,-310.55,-967.77,21.00,-0.61,-0.91,0.12,34.36
858,33509901,-308.59,-973.14,19.04,-1.04,-0.73,0.18,34.64
859,33513959,-310.06,-972.66,10.25,-1.10,-0.79,0.06,34.55
860,33518008,-307.13,-972.17,19.04,-0.37,-0.73,0.12,34.31
861,33523803,-311.52,-975.59,20.51,-1.22,-0.73,0.30,34.55
862,33527852,-309.08,-969.24,11.23,-0.67,-0.79,0.06,34.50
863,33531901,-304.20,-968.26,17.58,-0.30,-0.61,0.24,34.50
864,33535959,-309.08,-974.12,14.16,-0.91,-0.67,0.24,34.64
865,33540008,-310.06,-972.66,16.11,-0.85,-0.67,0.24,34.64
866,33545803,-308.11,-970.21,20.51,-0.67,-0.85,0.43,34.21
867,33549852,-314.94,-972.66,11.72,-1.04,-0.30,0.24,34.21
868,33553901,-308.11,-972.66,7.32,-0.79,-0.67,0.37,34.69
869,33557959,-309.57,-975.59,17.09,-0.49,-0.67,0.18,34.50
870,33562008,-308.59,-971.19,15.14,-1.10,-0.37,0.18,34.36
871,33567803,-310.06,-977.05,12.70,-0.79,-0.55,0.00,34.31
872,33571852,-307.13,-972.17,19.04,-0.24,-0.67,0.24,34.16
873,33575901,-307.13,-976.56,14.65,-1.16,-0.67,0.18,34.55
874,33579959,-308.59,-972.17,8.79,-0.79,-0.67,0.37,34.40
875,33584008,-309.57,-967.77,15.14,-0.30,-0.98,0.43,34.31
876,33589803,-309.57,-970.70,17.58,-1.16,-0.85,0.06,34.55
877,33593852,-312.50,-972.66,10.74,-0.91,-0.79,0.00,34.36
878,33597901,-305.66,-968.75,23.93,-0.79,-0.61,0.18,34.55
879,33601959,-311.52,-973.14,16.11,-0.91,-0.67,0.00,34.36
880,33606008,-310.06,-972.66,13.18,-0.85,-0.79,0.30,34.21
881,33611803,-305.66,-966.31,21.48,-0.49,-0.61,0.18,34.64
882,33615852,-306.15,-970.21,17.09,-1.28,-0.61,0.43,34.55
883,33619901,-306.15,-972.66,9.28,-0.73,-0.73,0.43,34.50
884,33623959,-306.15,-967.29,20.51,-0.43,-0.79,0.43,34.64
885,33629803,-306.15,-969.73,20.51,-1.22,-0.79,0.24,34.31
886,33633852,-308.11,-970.70,13.18,-0.73,-0.61,0.12,34.64
887,33637901,-306.64,-967.29,22.95,-0.61,-0.67,0.24,34.88
888,33641959,-311.04,-972.66,12.21,-1.10,-0.61,0.24,34.55
889,33646008,-306.15,-972.17,13.67,-0.67,-0.73,0.24,34.64
890,33651803,-307.62,-970.21,14.65,-0.30,-0.61,0.24,34.69
891,33655852,-310.06,-973.14,14.65,-1.22,-0.61,0.37,34.50
892,33659901,-309.08,-968.75,6.84,-0.49,-0.73,0.12,34.50
893,33663959,-303.22,-970.21,21.97,-0.61,-0.91,0.00,34.36
894,33668008,-311.52,-972.66,12.21,-1.16,-0.73,0.55,34.69
895,33673803,-309.08,-973.63,5.86,-0.49,-0.79,0.24,34.50
896,33677852,-306.64,-965.82,19.04,-0.73,-0.67,0.30,34.74
897,33681901,-312.01,-968.75,16.11,-1.10,-0.61,0.24,34.40
898,33685959,-314.45,-974.12,10.25,-0.49,-0.55,0.12,34.16
899,33690008,-305.18,-970.21,16.60,-0.85,-0.61,0.24,34.40
900,33695803,-312.01,-971.68,16.11,-1.10,-0.67,0.37,34.50
901,33699852,-309.08,-968.75,12.21,-0.61,-0.79,0.18,34.69
902,33703901,-306.15,-968.75,18.07,-0.73,-0.79,0.12,34.64
903,33707959,-308.59,-968.75,7.32,-1.04,-0.67,0.37,34.55
904,33712008,-311.04,-969.24,13.18,-0.61,-0.85,0.24,34.64
905,33717803,-307.13,-968.26,15.14,-0.73,-0.67,0.30,34.69
906,33721852,-309.08,-973.63,8.79,-1.04,-0.67,0.49,34.40
907,33725901,-318.36,-971.68,12.21,-0.49,-0.49,0.43,34.74
908,33729959,-311.04,-969.24,18.07,-0.55,-0.61,0.24,34.50
909,33734008,-307.62,-969.24,11.72,-0.98,-0.85,0.37,34.64
910,33739803,-311.52,-971.68,10.74,-0.67,-0.49,0.49,34.64
911,33743852,-311.52,-968.26,15.62,-1.22,-0.61,0.24,34.50
912,33747901,-310.06,-969.73,13.67,-0.91,-0.55,0.24,34.64
913,33751959,-305.66,-972.66,18.07,-0.49,-0.91,0.49,34.50
914,33756008,-306.15,-969.24,13.67,-0.91,-0.61,0.12,34.40
915,33761803,-312.50,-973.63,17.09,-1.16,-0.67,0.18,34.36
916,33765852,-308.59,-966.80,16.60,-0.85,-0.79,0.24,34.21
917,33769901,-309.08,-971.19,14.16,-0.73,-0.79,0.06,34.40
918,33773959,-309.08,-972.17,12.21,-1.10,-0.67,0.24,34.69
919,33778008,-306.64,-970.21,17.09,-0.67,-0.55,0.18,34.40
920,33783803,-307.62,-971.68,20.02,-0.91,-0.91,0.43,34.64
921,33787852,-303.22,-971.19,17.58,-0.61,-0.61,0.37,34.40
922,33791901,-304.20,-969.73,20.02,-0.73,-0.55,0.12,34.50
923,33795959,-309.57,-973.63,18.07,-0.85,-0.67,0.30,34.50
924,33800008,-311.52,-968.75,14.16,-0.79,-0.67,0.18,34.36
925,33805803,-305.66,-967.29,17.09,-0.73,-0.79,0.24,34.31
926,33809852,-307.62,-967.77,15.62,-0.98,-0.73,0.24,34.55
927,33813901,-312.01,-970.70,8.79,-0.85,-0.79,0.06,34.50
928,33817959,-306.64,-968.75,18.55,-0.55,-0.73,0.30,34.40
929,33822008,-309.08,-974.12,18.07,-0.91,-0.79,0.18,34.50
930,33827803,-306.15,-971.19,8.30,-0.73,-0.61,0.24,34.64
931,33831852,-311.52,-971.19,21.48,-0.91,-0.73,0.12,34.64
932,33835901,-312.99,-971.19,13.18,-1.22,-0.67,0.30,34.40
933,33839959,-307.13,-968.26,13.18,-0.61,-0.91,0.06,34.55
934,33845803,-310.55,-967.29,18.55,-0.55,-0.79,0.18,34.74
935,33849852,-309.57,-967.77,9.28,-1.04,-0.91,0.18,34.50
936,33853901,-306.64,-968.26,12.21,-0.55,-0.85,0.18,34.64
937,33857959,-309.08,-969.24,21.00,-0.61,-0.73,0.24,34.40
938,33862008,-308.59,-973.14,17.58,-0.98,-0.61,0.18,34.36
939,33867803,-308.59,-972.17,14.16,-0.91,-0.67,0.18,34.36
940,33871852,-306.64,-972.17,19.04,-0.85,-0.67,0.24,34.50
941,33875901,-312.99,-972.66,14.16,-1.04,-0.67,0.18,34.74
942,33879959,-306.64,-967.77,14.65,-0.55,-0.98,0.30,34.40
943,33884008,-307.13,-969.73,19.04,-0.73,-0.79,0.30,34.36
944,33889803,-303.71,-973.14,14.16,-0.85,-0.67,0.43,34.50
945,33893852,-310.55,-972.66,10.74,-0.37,-0.67,0.24,34.31
946,33897901,-305.66,-968.75,20.02,-0.85,-0.73,0.30,34.64
947,33901959,-308.11,-973.14,10.74,-1.10,-0.91,0.24,34.31
948,33906008,-305.18,-971.19,14.65,-0.49,-0.55,0.24,34.69
949,33911803,-311.52,-966.31,19.53,-0.79,-0.43,0.12,34.50
950,33915852,-312.50,-972.17,9.28,-1.22,-0.61,0.49,34.64
951,33919901,-307.13,-969.73,15.62,-0.43,-0.61,0.30,34.64
952,33923959,-306.64,-968.75,18.07,-0.79,-0.67,0.18,34.40
953,33928008,-306.64,-972.17,12.21,-1.34,-0.79,0.37,34.50
954,33933803,-306.15,-971.19,14.16,-0.43,-0.55,0.18,34.50
955,33937852,-303.71,-971.68,20.51,-0.98,-0.73,0.37,34.55
956,33941901,-312.01,-970.21,10.74,-0.98,-0.73,0.55,34.69
957,33945959,-306.15,-968.26,19.04,-0.79,-0.79,0.24,34.40
958,33950008,-303.71,-968.75,18.55,-0.91,-0.67,0.37,34.64
959,33955803,-310.06,-973.63,11.72,-1.22,-0.61,0.24,34.40
960,33959852,-305.66,-964.84,18.55,-0.49,-0.79,0.12,34.64
961,33963901,-309.08,-970.21,18.55,-0.91,-0.85,0.24,34.69
962,33967959,-311.04,-972.66,15.62,-1.04,-0.67,0.30,34.74
963,33972008,-308.59,-968.26,13.18,-0.55,-0.55,0.18,34.36
964,33977803,-307.62,-970.21,20.02,-0.91,-0.43,0.55,34.55
965,33981852,-312.01,-973.14,13.67,-0.61,-0.73,0.18,34.31
966,33985901,-309.57,-970.21,17.09,-0.43,-0.61,0.18,34.55
967,33989959,-312.01,-966.31,17.58,-0.98,-0.73,0.24,34.40
968,33994008,-308.11,-973.14,13.18,-0.79,-0.79,0.18,34.36
969,33999803,-308.11,-971.19,14.65,-0.49,-0.73,0.37,34.31
970,34003852,-309.08,-968.75,21.00,-0.85,-0.61,0.30,34.02
971,34007901,-306.64,-975.59,9.77,-0.98,-0.55,0.30,34.64
972,34011959,-307.62,-969.73,21.48,-0.61,-0.85,0.18,34.50
973,34016008,-309.57,-972.17,22.95,-1.04,-0.85,0.43,34.31
974,34021803,-306.64,-970.70,11.23,-1.04,-0.67,0.49,34.36
975,34025852,-307.13,-971.68,12.70,-0.49,-0.55,0.30,34.50
976,34029901,-306.15,-971.19,19.04,-1.16,-0.49,0.43,34.36
977,34033959,-311.52,-975.59,10.25,-0.79,-0.61,0.30,34.40
978,34038008,-313.48,-971.68,13.67,-0.43,-1.04,0.24,34.21
979,34043803,-310.55,-972.17,21.00,-0.85,-0.61,0.43,34.50
980,34047852,-308.59,-969.73,13.67,-0.79,-0.85,0.18,34.40
981,34051901,-309.57,-974.61,16.11,-0.73,-0.67,0.12,34.64
982,34055959,-307.62,-968.26,16.60,-0.61,-0.85,0.24,34.55
983,34061803,-309.08,-970.21,12.70,-0.73,-0.79,0.24,34.69
984,34065852,-310.06,-975.10,19.53,-0.55,-0.61,0.37,34.40
985,34069901,-315.92,-972.17,15.62,-1.16,-0.91,0.06,34.50
986,34073959,-311.04,-967.77,13.18,-0.73,-0.73,0.24,34.50
987,34078008,-309.08,-964.84,21.97,-0.55,-0.55,0.18,34.69
988,34083803,-310.06,-972.17,20.51,-1.10,-0.73,0.37,34.64
989,34087852,-307.62,-970.70,15.14,-0.61,-0.67,0.30,34.55
990,34091901,-307.13,-970.21,16.11,-0.73,-0.73,0.24,34.50
991,34095959,-304.20,-973.63,15.62,-1.34,-0.79,0.24,34.50
992,34100008,-304.69,-970.70,16.11,-0.43,-0.85,0.24,34.69
993,34105803,-306.15,-972.66,18.07,-0.85,-0.79,0.30,34.64
994,34109852,-308.59,-971.68,13.18,-0.91,-0.73,0.30,34.64
995,34113901,-307.13,-970.70,16.11,-0.67,-0.61,0.37,34.50
996,34117959,-306.64,-974.61,17.09,-0.85,-0.49,0.30,34.31
997,34122008,-309.08,-972.17,13.18,-0.98,-0.79,0.18,34.50
998,34127803,-309.57,-972.17,14.65,-0.49,-0.61,0.30,34.50
999,34131852,-307.62,-973.63,19.53,-1.10,-0.55,0.06,34.74
1000,34135901,-311.04,-971.19,8.79,-1.10,-0.67,0.12,34.50
1001,34139959,-305.18,-968.75,19.53,-0.37,-0.73,0.37,34.12
1002,34144008,-305.18,-973.63,19.04,-1.10,-0.67,0.18,34.69
1003,34149803,-308.11,-970.21,10.74,-0.98,-0.67,0.24,34.50
1004,34153852,-307.62,-966.31,22.95,-0.49,-0.91,0.24,34.64
1005,34157901,-307.62,-971.68,20.51,-0.98,-0.55,0.37,34.55
1006,34161959,-307.62,-975.10,12.21,-0.79,-0.73,0.00,34.31
1007,34166008,-304.20,-970.21,16.11,-0.30,-0.91,0.18,34.55
1008,34171803,-310.06,-967.29,17.09,-1.22,-0.79,0.30,34.64
1009,34175852,-310.55,-970.70,10.74,-0.55,-0.79,0.30,34.55
1010,34179901,-303.71,-963.87,23.44,-0.55,-0.91,0.30,34.64
1011,34183959,-310.06,-968.75,19.53,-1.04,-0.73,0.49,34.40
1012,34188008,-311.04,-974.12,10.74,-0.73,-0.55,0.18,34.64
1013,34193803,-306.15,-964.84,18.55,-0.49,-0.67,0.18,34.21
1014,34197852,-307.62,-972.66,15.62,-1.10,-0.55,0.06,34.31
1015,34201901,-306.15,-975.10,10.25,-1.10,-0.61,0.30,34.64
1016,34205959,-308.59,-965.33,21.48,-0.43,-0.79,0.12,34.40
1017,34210008,-310.55,-970.21,16.60,-1.16,-0.61,0.06,34.55
1018,34215803,-314.45,-972.17,10.74,-0.67,-0.73,0.24,34.40
1019,34219852,-305.66,-969.73,17.58,-0.49,-1.04,0.30,34.31
1020,34223901,-309.57,-970.70,15.62,-1.04,-0.73,0.18,34.36
1021,34227959,-309.57,-971.68,9.77,-0.79,-0.73,0.24,34.21
1022,34232008,-308.11,-966.31,21.97,-0.55,-0.49,0.30,34.64
1023,34237803,-304.20,-972.17,19.04,-1.28,-0.85,0.43,34.40
1024,34241852,-308.11,-974.61,15.14,-0.55,-0.79,0.24,34.31
1025,34245901,-305.66,-970.21,22.46,-0.49,-0.55,0.24,34.64
1026,34249959,-311.52,-975.59,14.16,-1.04,-0.61,0.18,34.64
1027,34254008,-310.55,-972.17,8.30,-0.61,-0.67,0.00,34.12
1028,34259803,-306.64,-964.36,19.53,-0.55,-0.73,0.30,34.31
1029,34263852,-310.06,-971.68,17.58,-0.98,-0.79,0.18,34.55
1030,34267901,-315.92,-973.63,11.72,-0.67,-0.79,0.12,34.40
1031,34271959,-308.11,-964.36,23.44,-0.67,-0.67,0.00,34.55
1032,34276008,-312.50,-969.73,17.09,-0.98,-0.73,0.30,34.36
1033,34281803,-307.62,-972.17,12.70,-0.67,-0.85,0.00,34.64
1034,34285852,-305.18,-968.75,23.44,-0.79,-0.85,0.30,34.55
1035,34289901,-310.06,-972.17,9.77,-1.22,-0.55,0.37,34.40
1036,34293959,-305.66,-974.12,16.60,-0.55,-0.85,0.30,34.40
1037,34299803,-303.22,-968.26,21.97,-0.79,-0.85,0.24,34.64
1038,34303852,-311.52,-974.12,10.74,-1.28,-0.73,0.18,34.64
1039,34307901,-307.62,-969.24,14.65,-0.67,-0.98,0.24,34.64
1040,34311959,-309.57,-969.73,21.00,-0.79,-0.61,0.24,34.50
1041,34316008,-310.06,-973.14,11.72,-0.91,-0.73,0.37,34.64
1042,34321803,-307.13,-970.21,13.67,-0.43,-0.85,0.18,34.50
1043,34325852,-305.66,-968.75,19.04,-0.85,-0.61,0.18,34.50
1044,34329901,-308.59,-970.21,12.21,-1.04,-0.79,0.37,34.40
1045,34333959,-310.06,-971.19,18.55,-0.55,-0.61,0.37,34.40
1046,34338008,-307.62,-971.68,15.14,-0.98,-0.73,0.24,34.50
1047,34343803,-310.06,-971.19,11.23,-1.22,-0.61,0.30,34.50
1048,34347852,-309.08,-972.17,15.62,-0.55,-0.55,0.24,34.40
1049,34351901,-306.64,-968.26,19.04,-0.98,-0.61,0.24,34.40
1050,34355959,-312.99,-969.24,12.21,-0.79,-0.73,0.18,34.40
1051,34360008,-312.99,-970.21,15.62,-0.73,-0.73,0.24,34.64
1052,34365803,-304.69,-968.26,17.58,-1.04,-0.79,0.43,34.50
1053,34369852,-305.66,-970.21,14.16,-0.85,-0.61,0.37,34.64
1054,34373901,-311.52,-970.21,16.11,-0.55,-0.85,0.37,34.40
1055,34377959,-309.57,-971.68,12.70,-0.79,-0.79,0.18,34.31
1056,34382008,-310.55,-972.66,11.23,-0.91,-0.79,0.18,34.40
1057,34387803,-307.62,-971.19,20.02,-0.49,-0.79,0.43,34.50
1058,34391852,-307.13,-974.61,13.67,-0.91,-0.61,0.12,34.50
1059,34395901,-311.04,-974.61,12.70,-0.85,-0.79,0.37,34.64
1060,34399959,-306.15,-968.75,18.07,-0.67,-0.49,0.12,34.50
1061,34404008,-311.04,-974.61,13.67,-1.10,-0.73,0.37,34.50
1062,34409803,-309.08,-969.73,18.55,-0.49,-0.61,0.43,34.64
1063,34413852,-310.55,-972.17,19.53,-0.79,-0.61,0.18,34.31
1064,34417901,-307.62,-974.12,11.23,-1.04,-0.67,0.37,34.36
1065,34421959,-302.25,-971.68,10.25,-0.61,-0.61,0.30,34.64
1066,34426008,-305.66,-974.61,18.55,-0.67,-0.73,0.49,34.74
1067,34431803,-308.11,-975.10,12.70,-1.16,-0.55,0.18,34.31
1068,34435852,-310.55,-969.24,18.07,-0.49,-0.49,0.00,34.50
1069,34439901,-300.78,-973.14,22.46,-0.55,-0.61,0.30,34.40
1070,34443959,-306.15,-972.66,14.16,-1.04,-0.67,0.12,34.50
1071,34448008,-306.15,-970.70,10.74,-0.67,-0.61,0.12,34.36
1072,34453803,-308.11,-971.19,19.04,-0.79,-0.55,0.43,34.40
1073,34457852,-308.59,-969.24,9.77,-1.16,-0.85,0.30,34.12
1074,34461901,-310.55,-972.66,19.53,-0.37,-0.67,0.24,34.64
1075,34465959,-305.66,-970.70,21.48,-0.79,-0.73,0.37,34.36
1076,34470008,-311.04,-975.59,12.70,-0.98,-0.55,0.18,34.31
1077,34475803,-310.06,-967.29,12.70,-0.37,-0.61,0.12,34.64
1078,34479852,-308.59,-968.75,18.55,-1.04,-0.61,0.30,34.69
1079,34483901,-309.08,-970.70,9.28,-1.04,-0.79,0.37,34.64
1080,34487959,-308.11,-973.14,20.51,-0.37,-0.85,0.00,34.40
1081,34492008,-308.11,-966.80,17.09,-0.85,-0.61,0.37,34.12
1082,34497803,-305.66,-975.10,10.25,-1.10,-0.61,0.37,34.50
1083,34501852,-307.62,-970.21,14.65,-0.06,-0.73,0.37,34.50
1084,34505901,-311.04,-970.21,17.09,-1.10,-0.61,0.30,34.69
1085,34509959,-310.06,-975.10,6.84,-1.10,-0.55,0.24,34.50
1086,34515803,-306.64,-969.24,17.58,-0.49,-0.85,0.30,34.69
1087,34519852,-307.13,-970.21,18.55,-1.04,-0.55,0.18,34.40
1088,34523901,-309.08,-972.17,9.28,-0.73,-0.98,0.12,34.40
1089,34527959,-306.15,-967.29,18.07,-0.30,-0.85,0.24,34.40
1090,34532008,-307.62,-973.14,17.58,-1.10,-0.61,0.30,34.88
1091,34537803,-312.50,-974.12,10.74,-0.91,-0.61,0.30,34.74
1092,34541852,-306.64,-965.82,18.55,-0.49,-0.67,0.30,34.64
1093,34545901,-306.64,-971.68,16.60,-1.10,-0.61,0.30,34.40
1094,34549959,-310.06,-979.49,12.21,-0.73,-0.61,0.37,34.02
1095,34554008,-307.62,-967.29,19.53,-0.49,-0.55,0.37,34.64
1096,34559803,-307.13,-971.19,19.53,-1.04,-0.61,0.30,34.64
1097,34563852,-312.50,-971.19,15.62,-0.85,-0.67,0.30,34.64
1098,34567901,-308.11,-971.19,21.48,-0.73,-0.85,0.12,34.64
1099,34571959,-309.08,-970.21,16.11,-1.04,-0.55,0.37,34.21
1100,34576008,-309.57,-973.14,11.72,-0.61,-0.73,0.18,34.36
1101,34581803,-310.06,-971.68,17.09,-0.61,-0.43,0.00,34.64
1102,34585852,-302.73,-974.61,13.18,-0.98,-0.91,0.37,34.74
1103,34589901,-309.08,-973.63,16.11,-0.55,-0.61,0.18,34.40
1104,34593959,-306.64,-975.10,17.58,-0.67,-0.61,0.12,34.31
1105,34598008,-312.50,-970.21,19.04,-0.98,-0.73,0.12,34.64
1106,34603803,-310.55,-970.70,9.77,-0.43,-0.43,0.18,34.64
1107,34607852,-306.64,-968.75,18.07,-0.67,-0.67,0.06,34.64
1108,34611901,-306.64,-975.59,11.72,-0.91,-0.55,0.24,34.40
1109,34615959,-306.64,-971.68,9.77,-0.67,-0.73,0.12,34.64
1110,34620008,-309.57,-974.12,15.62,-0.67,-0.67,0.18,34.64
1111,34625803,-310.06,-975.59,12.21,-1.04,-0.67,0.30,34.64
1112,34629852,-311.52,-970.70,14.65,-0.49,-0.67,0.06,34.36
1113,34633901,-312.50,-970.70,22.46,-0.67,-0.85,0.00,34.40
1114,34637959,-310.55,-972.17,14.65,-0.98,-0.91,0.30,34.50
1115,34642008,-308.59,-977.54,16.11,-0.43,-0.73,0.43,34.64
1116,34647803,-305.66,-971.68,18.55,-0.55,-0.73,0.49,34.40
1117,34651852,-310.06,-972.17,11.23,-1.10,-0.85,0.30,34.36
1118,34655901,-311.52,-971.19,16.60,-0.55,-0.85,0.18,34.40
1119,34659959,-307.62,-971.68,14.65,-0.73,-0.67,0.30,34.64
1120,34664008,-310.06,-971.68,17.09,-0.79,-0.85,0.18,34.50
1121,34669803,-308.59,-969.24,11.72,-0.61,-0.79,0.49,34.31
1122,34673852,-310.55,-973.63,15.62,-1.04,-0.91,0.12,34.31
1123,34677901,-306.64,-972.66,11.23,-0.85,-0.61,0.18,34.64
1124,34681959,-309.57,-969.24,20.02,-0.43,-0.67,0.30,34.50
1125,34686008,-307.62,-974.12,17.58,-1.10,-0.61,0.30,34.31
1126,34691803,-310.55,-971.68,9.77,-1.10,-0.61,0.24,34.21
1127,34695852,-308.11,-971.19,16.60,-0.43,-0.73,0.43,34.50
1128,34699901,-309.08,-969.73,13.67,-1.10,-0.67,0.43,34.40
1129,34703959,-306.15,-968.26,10.25,-0.55,-0.73,0.06,34.55
1130,34708008,-304.69,-968.26,19.53,-0.37,-0.73,0.18,34.31
1131,34713803,-309.57,-971.68,21.00,-1.16,-0.79,0.24,34.69
1132,34717852,-305.18,-974.61,14.65,-0.49,-0.85,0.30,34.64
1133,34721901,-310.55,-971.68,18.55,-0.55,-0.37,0.43,34.40
1134,34725959,-309.57,-975.10,16.60,-0.85,-0.55,0.12,34.55
1135,34731803,-308.59,-974.12,10.74,-0.73,-0.73,0.18,34.40
1136,34735852,-307.13,-970.21,19.53,-0.79,-0.61,0.37,34.40
1137,34739901,-311.04,-974.61,15.14,-1.10,-0.67,0.43,34.50
1138,34743959,-308.59,-976.07,14.65,-0.67,-0.91,0.24,34.40
1139,34748008,-306.15,-966.80,15.14,-0.61,-0.91,0.24,34.64
1140,34753803,-310.06,-970.21,11.72,-1.28,-0.55,0.37,34.40
1141,34757852,-309.57,-970.21,17.09,-0.61,-0.91,0.00,34.50
1142,34761901,-309.57,-968.26,23.93,-0.91,-0.61,0.06,34.31
1143,34765959,-310.06,-975.59,16.11,-1.04,-0.67,0.37,34.40
1144,34770008,-309.08,-970.21,17.58,-0.73,-0.85,0.12,34.40
1145,34775803,-308.11,-971.19,20.51,-0.73,-0.67,0.12,34.50
1146,34779852,-307.13,-970.70,11.72,-1.10,-0.55,0.30,34.40
1147,34783901,-310.06,-972.66,10.25,-0.49,-0.73,0.24,34.36
1148,34787959,-309.08,-961.91,18.55,-0.67,-0.61,0.18,34.31
1149,34792008,-309.08,-974.12,11.72,-1.28,-0.55,0.37,34.40
1150,34797803,-308.59,-968.75,10.74,-0.43,-0.85,0.24,34.40
1151,34801852,-306.15,-969.73,20.02,-0.73,-0.61,0.43,34.50
1152,34805901,-309.08,-971.19,11.23,-0.85,-0.67,0.37,34.31
1153,34809959,-309.08,-974.12,9.77,-0.43,-0.79,0.18,34.12
1154,34814008,-304.69,-970.70,18.55,-0.67,-0.37,0.30,34.64
1155,34819803,-312.50,-973.14,11.72,-1.16,-0.85,0.30,34.40
1156,34823852,-308.59,-971.19,17.58,-0.37,-0.61,0.18,34.50
1157,34827901,-305.66,-964.84,23.93,-0.91,-0.61,0.12,34.21
1158,34831959,-308.59,-972.17,10.74,-1.10,-0.73,-0.06,34.36
1159,34836008,-305.66,-972.17,11.23,-0.67,-0.73,-0.37,34.64
1160,34841803,-309.08,-967.77,22.95,-0.85,-0.98,0.00,34.64
1161,34845852,-311.04,-972.17,14.65,-1.04,-0.73,0.37,34.74
1162,34849901,-305.66,-972.17,17.58,-0.43,-0.61,0.18,34.50
1163,34853959,-304.20,-972.17,18.55,-0.67,-0.85,0.61,34.36
1164,34858008,-305.66,-973.63,9.28,-0.85,-0.61,0.49,34.55
1165,34863803,-312.99,-972.66,12.21,-0.49,-0.91,0.30,34.21
1166,34867852,-308.11,-972.66,18.55,-0.85,-0.91,0.43,34.31
1167,34871901,-309.57,-972.66,13.67,-1.04,-0.85,0.55,34.40
1168,34875959,-308.11,-973.14,13.67,-0.61,-0.73,0.18,34.55
1169,34880008,-307.13,-967.77,17.58,-0.85,-0.73,-0.06,34.55
1170,34885803,-310.55,-977.54,16.60,-1.10,-0.55,0.24,34.40
1171,34889852,-307.62,-972.66,14.16,-0.37,-0.61,0.37,34.64
1172,34893901,-308.59,-970.70,17.58,-0.67,-0.73,0.49,34.50
1173,34897959,-312.50,-971.68,11.23,-0.85,-0.49,0.24,34.50
1174,34902008,-310.55,-971.68,8.79,-0.67,-0.85,0.24,34.21
1175,34907803,-303.71,-972.66,16.11,-0.91,-0.73,0.18,34.50
1176,34911852,-312.50,-971.68,10.25,-0.98,-0.49,0.30,34.21
1177,34915901,-307.62,-971.68,18.55,-0.67,-0.67,0.06,34.40
1178,34919959,-306.15,-971.19,17.58,-0.85,-0.79,0.37,34.69
1179,34924008,-303.71,-971.19,13.18,-1.10,-0.79,0.43,34.36
1180,34929803,-307.62,-970.70,17.58,-0.67,-0.98,0.49,34.40
1181,34933852,-309.08,-971.68,16.11,-1.04,-0.67,0.30,34.64
1182,34937901,-308.59,-973.14,14.65,-0.91,-0.79,0.43,34.21
1183,34941959,-307.13,-971.68,17.58,-0.55,-0.79,0.24,34.69
1184,34947803,-310.55,-969.73,17.09,-1.10,-0.61,0.18,34.55
1185,34951852,-306.15,-970.70,11.23,-0.67,-0.85,0.43,34.69
1186,34955901,-310.55,-972.66,18.55,-0.73,-0.61,0.30,34.64
1187,34959959,-308.59,-972.17,12.70,-1.10,-0.49,0.06,34.69
1188,34964008,-308.59,-974.61,13.18,-0.79,-0.67,0.24,34.64
1189,34968057,-308.59,-971.19,20.02,-0.49,-0.61,0.12,34.31
1190,34973803,-303.71,-972.17,14.16,-0.79,-0.55,0.00,34.31
1191,34977852,-307.62,-974.12,15.62,-0.49,-0.61,0.24,34.64
1192,34981901,-309.08,-971.19,16.11,-0.61,-0.85,0.30,34.31
1193,34985959,-308.59,-974.61,12.21,-0.73,-0.73,0.30,34.40
1194,34991803,-308.11,-971.19,10.25,-0.43,-0.61,0.37,34.55
1195,34995852,-311.52,-973.63,16.11,-0.91,-0.37,0.37,34.50
1196,34999901,-305.18,-970.21,16.11,-1.10,-0.73,0.43,34.69
1197,35003959,-308.11,-967.77,16.11,-0.43,-0.73,0.18,34.31
1198,35008008,-307.13,-974.12,19.53,-0.79,-0.61,0.43,34.83
1199,35013803,-302.73,-972.17,15.14,-0.98,-0.91,0.37,34.50
1200,35017852,-308.59,-971.68,20.51,-0.37,-0.67,0.37,34.64
1201,35021901,-312.99,-973.63,20.02,-0.85,-0.73,0.24,34.50
1202,35025959,-312.99,-972.66,13.18,-1.04,-0.55,0.37,34.36
1203,35030008,-310.55,-972.17,17.58,-0.43,-0.79,0.06,34.50
1204,35035803,-310.06,-971.19,16.11,-1.04,-0.67,0.30,34.40
1205,35039852,-312.50,-973.14,9.77,-0.85,-0.61,0.18,34.31
1206,35043901,-307.62,-964.36,12.70,-0.37,-0.49,0.24,34.69
1207,35047959,-309.57,-967.29,18.07,-0.91,-0.85,0.18,34.21
1208,35052008,-312.01,-973.14,13.18,-0.98,-0.73,0.18,34.36
1209,35057803,-307.62,-969.73,19.04,-0.30,-0.43,0.30,34.36
1210,35061852,-309.57,-973.14,14.65,-0.98,-0.61,0.43,34.55
1211,35065901,-310.55,-974.61,8.30,-0.79,-0.85,0.37,34.55
1212,35069959,-307.13,-965.82,19.53,-0.49,-0.67,0.24,34.31
1213,35074008,-306.15,-968.75,20.02,-0.91,-0.67,0.24,34.64
1214,35079803,-306.64,-973.14,13.18,-1.10,-0.49,0.12,34.64
1215,35083852,-305.66,-975.10,16.60,-0.55,-0.61,0.12,34.21
1216,35087901,-305.66,-972.17,20.51,-1.04,-0.61,0.37,34.50
1217,35091959,-316.41,-971.19,11.23,-1.10,-0.91,0.37,34.64
1218,35096008,-307.62,-974.61,17.09,-0.61,-0.55,0.06,34.64
1219,35101803,-310.06,-967.77,22.46,-1.04,-0.67,0.06,34.50
1220,35105852,-308.11,-975.59,12.70,-0.98,-0.67,0.00,34.16
1221,35109901,-304.20,-964.84,19.04,-0.37,-0.55,0.37,34.64
1222,35113959,-310.06,-970.21,12.70,-1.04,-0.91,0.24,34.55
1223,35118008,-311.52,-976.07,8.79,-0.79,-0.79,0.30,34.55
1224,35123803,-307.13,-966.31,17.58,-0.49,-0.85,0.30,34.40
1225,35127852,-304.20,-973.63,17.58,-1.22,-0.55,0.37,34.36
1226,35131901,-312.01,-977.05,7.32,-0.61,-0.67,0.43,34.40
1227,35135959,-308.11,-966.80,18.07,-0.30,-0.73,0.24,34.64
1228,35140008,-305.66,-974.12,21.00,-0.91,-0.67,0.49,34.21
1229,35145803,-305.66,-975.59,10.74,-1.04,-0.85,0.12,34.31
1230,35149852,-305.66,-973.14,15.14,-0.55,-0.91,0.30,34.64
1231,35153901,-311.04,-972.66,14.16,-1.10,-0.61,0.49,34.40
1232,35157959,-308.59,-973.63,11.72,-0.73,-0.85,0.24,34.50
1233,35162008,-304.20,-970.70,17.58,-0.37,-0.67,-0.06,34.21
1234,35167803,-309.08,-970.70,19.04,-1.04,-0.67,0.37,34.40
1235,35171852,-310.06,-971.19,12.21,-0.73,-0.79,0.24,34.40
1236,35175901,-304.20,-972.17,21.48,-0.67,-0.55,0.24,34.64
1237,35179959,-311.52,-972.17,12.70,-1.28,-0.73,0.24,34.64
1238,35185803,-312.01,-975.10,6.84,-0.73,-0.61,0.30,34.50
1239,35189852,-305.18,-971.19,20.51,-0.73,-0.73,0.18,34.50
1240,35193901,-310.06,-971.19,15.14,-1.22,-0.61,0.43,34.88
1241,35197959,-308.11,-976.07,8.30,-0.61,-0.73,0.24,34.55
1242,35202008,-309.57,-972.17,22.46,-0.55,-0.79,0.24,34.36
1243,35207803,-312.01,-970.21,20.02,-1.04,-0.73,0.18,34.50
1244,35211852,-305.66,-976.07,11.72,-0.55,-0.55,0.37,34.50
1245,35215901,-309.08,-971.68,19.04,-0.91,-0.37,0.18,34.40
1246,35219959,-308.11,-969.24,17.09,-0.98,-0.61,0.37,34.55
1247,35224008,-306.15,-967.77,14.65,-0.73,-0.55,0.18,34.50
1248,35229803,-307.13,-968.26,19.04,-0.98,-0.73,0.12,34.50
1249,35233852,-305.66,-974.12,16.60,-0.98,-0.67,0.30,34.64
1250,35237901,-309.57,-969.24,12.70,-0.67,-0.61,0.43,34.64
1251,35241959,-307.62,-971.68,17.09,-0.98,-0.91,0.12,34.31
1252,35246008,-307.13,-971.68,9.77,-1.04,-0.85,0.12,34.64
1253,35251803,-309.08,-967.29,13.18,-0.67,-0.67,0.37,34.40
1254,35255852,-308.11,-967.77,20.51,-0.55,-0.73,0.37,34.50
1255,35259901,-310.55,-966.31,13.67,-1.22,-0.55,0.18,34.21
1256,35263959,-308.59,-973.14,18.55,-0.55,-0.67,0.12,34.40
1257,35268008,-307.13,-970.70,18.55,-0.73,-0.55,0.30,34.64
1258,35273803,-310.55,-969.73,14.16,-0.98,-0.61,0.12,34.50
1259,35277852,-311.04,-973.63,14.65,-0.55,-0.67,0.30,34.36
1260,35281901,-309.08,-969.73,22.95,-0.85,-0.79,0.18,34.64
1261,35285959,-305.66,-973.14,13.18,-0.91,-0.91,0.12,34.40
1262,35290008,-305.66,-973.14,14.65,-0.43,-0.67,0.24,34.40
1263,35295803,-310.06,-970.21,22.46,-0.98,-0.98,0.30,34.55
1264,35299852,-312.01,-972.66,13.67,-0.85,-0.79,0.30,34.36
1265,35303901,-308.59,-971.68,19.53,-0.61,-0.61,0.30,34.64
1266,35307959,-306.15,-974.12,17.09,-1.04,-0.55,0.24,34.40
1267,35312008,-306.64,-972.66,12.70,-0.91,-0.79,0.24,34.69
1268,35317803,-311.52,-969.73,16.11,-0.73,-0.67,0.30,34.21
1269,35321852,-308.11,-976.07,14.65,-1.04,-0.61,0.49,34.50
1270,35325901,-308.59,-973.63,11.23,-0.73,-0.73,0.12,34.64
1271,35329959,-309.57,-971.19,20.02,-0.49,-0.61,0.30,34.40
1272,35334008,-305.18,-970.70,22.46,-0.85,-0.67,0.30,34.40
1273,35339803,-306.15,-972.66,9.28,-1.04,-0.79,0.06,34.31
1274,35343852,-307.62,-971.19,15.62,-0.30,-0.37,0.37,34.40
1275,35347901,-306.64,-971.68,13.67,-0.85,-0.67,0.49,34.40
1276,35351959,-304.20,-970.21,9.77,-0.73,-0.73,0.30,34.50
1277,35356008,-306.64,-971.68,19.04,-0.73,-0.67,0.18,34.40
1278,35361803,-307.62,-973.63,15.14,-1.04,-0.85,0.00,34.50
1279,35365852,-306.64,-973.63,8.30,-0.67,-0.55,0.30,34.40
1280,35369901,-306.15,-970.21,16.11,-0.49,-0.79,0.24,34.40
1281,35373959,-312.99,-975.10,16.11,-1.22,-0.67,0.49,34.40
1282,35378008,-315.43,-972.66,8.79,-0.79,-0.67,0.18,34.50
1283,35383803,-303.71,-966.80,18.07,-0.49,-0.85,0.24,34.36
1284,35387852,-310.55,-965.82,18.07,-1.28,-0.61,0.30,34.64
1285,35391901,-305.18,-972.17,11.23,-0.73,-0.85,0.12,34.50
1286,35395959,-305.18,-974.61,18.55,-0.49,-0.85,0.37,34.64
1287,35401803,-310.55,-972.17,12.21,-0.98,-0.79,0.49,34.64
1288,35405852,-311.04,-971.68,12.21,-0.55,-0.55,0.43,34.50
1289,35409901,-307.13,-969.24,23.44,-0.79,-0.43,0.37,34.64
1290,35413959,-313.96,-973.63,12.70,-1.16,-0.67,0.30,34.64
1291,35418008,-308.59,-971.19,13.67,-0.91,-0.73,0.37,34.88
1292,35423803,-307.13,-968.75,20.02,-0.24,-0.91,0.18,34.64
1293,35427852,-307.13,-977.05,9.77,-1.10,-0.79,0.12,34.64
1294,35431901,-305.18,-972.17,11.23,-0.61,-0.85,0.06,34.40
1295,35435959,-308.59,-967.29,21.00,-0.49,-0.55,0.30,34.31
1296,35440008,-313.96,-971.19,15.62,-1.04,-0.24,0.30,34.64
1297,35445803,-312.50,-975.10,8.30,-0.85,-0.61,0.12,34.74
1298,35449852,-308.59,-969.24,19.53,-0.79,-0.55,0.24,34.55
1299,35453901,-310.06,-975.59,16.11,-1.22,-0.79,0.30,34.69
1300,35457959,-305.18,-973.14,13.18,-0.79,-0.61,0.18,34.36
1301,35462008,-309.57,-972.17,13.67,-0.43,-0.79,0.24,34.69
1302,35467803,-315.92,-968.75,17.09,-1.22,-0.55,0.43,34.40
1303,35471852,-308.11,-969.24,12.70,-0.61,-0.55,0.12,34.50
1304,35475901,-304.69,-970.21,22.46,-0.61,-0.61,0.43,34.64
1305,35479959,-307.13,-971.19,14.65,-0.91,-0.67,0.61,34.36
1306,35484008,-309.57,-974.61,11.72,-0.49,-0.61,0.06,34.36
1307,35489803,-305.66,-968.75,17.58,-0.67,-0.67,0.18,34.40
1308,35493852,-311.04,-968.26,8.79,-0.98,-0.61,0.00,34.40
1309,35497901,-313.48,-971.19,11.23,-0.61,-0.61,0.49,34.50
1310,35501959,-304.69,-970.21,20.51,-0.61,-0.91,0.30,34.31
1311,35506008,-311.04,-971.19,15.62,-1.16,-0.67,0.37,34.40
1312,35511803,-310.55,-974.61,7.81,-0.67,-0.91,0.43,34.69
1313,35515852,-311.52,-967.29,15.14,-0.73,-0.61,0.43,34.50
1314,35519901,-311.52,-974.12,13.18,-1.16,-0.67,0.55,34.40
1315,35523959,-307.62,-971.19,8.79,-0.79,-1.04,0.37,34.64
1316,35528008,-307.62,-971.19,20.02,-0.73,-0.98,0.30,34.50
1317,35533803,-311.52,-972.17,16.11,-0.98,-0.73,0.30,34.55
1318,35537852,-312.50,-972.17,16.11,-0.55,-0.73,0.37,34.12
1319,35541901,-312.01,-970.21,18.55,-0.85,-0.98,0.06,34.50
1320,35545959,-305.18,-973.63,12.21,-1.10,-0.85,0.30,34.40
1321,35550008,-305.66,-973.63,8.79,-0.55,-0.98,0.12,34.64
1322,35555803,-307.62,-967.29,22.95,-0.49,-0.67,0.43,34.36
1323,35559852,-307.62,-971.19,8.79,-1.10,-0.91,0.00,34.36
1324,35563901,-310.55,-975.10,13.18,-0.67,-0.85,0.12,34.50
1325,35567959,-304.69,-967.77,16.60,-0.85,-0.73,0.43,34.64
1326,35572008,-307.62,-972.17,11.72,-1.16,-0.85,0.30,34.36
1327,35577803,-305.66,-975.59,12.70,-0.61,-0.73,0.24,34.31
1328,35581852,-306.15,-968.26,20.02,-0.85,-0.85,0.18,34.40
1329,35585901,-309.08,-967.77,10.25,-1.10,-0.61,0.30,34.50
1330,35589959,-311.04,-973.14,15.62,-0.49,-0.43,0.43,34.50
1331,35594008,-311.04,-968.75,19.04,-0.91,-0.67,0.06,34.40
1332,35599803,-312.99,-970.70,9.28,-0.79,-0.67,0.24,34.69
1333,35603852,-305.18,-974.61,17.58,-0.30,-0.61,0.24,34.36
1334,35607901,-308.59,-968.26,19.53,-0.98,-0.79,0.00,34.50
1335,35611959,-312.50,-973.14,12.70,-1.10,-0.79,0.12,34.40
1336,35617803,-309.57,-974.12,18.07,-0.61,-0.79,0.37,34.50
1337,35621852,-309.57,-974.12,19.04,-1.04,-0.55,0.43,34.74
1338,35625901,-309.57,-973.14,14.65,-0.91,-0.85,0.37,34.88
1339,35629959,-308.11,-970.70,13.18,-0.67,-0.61,0.24,34.40
1340,35634008,-307.13,-968.26,18.55,-0.85,-0.55,0.30,34.64
1341,35638057,-306.64,-970.21,14.16,-1.10,-0.85,0.24,34.40
1342,35643803,-307.62,-974.61,18.55,-0.73,-0.67,0.18,34.50
1343,35647852,-314.94,-972.66,15.62,-1.04,-0.79,0.06,34.83
1344,35651901,-307.62,-970.70,8.30,-0.55,-0.67,0.24,34.31
1345,35655959,-309.08,-967.77,17.09,-0.49,-0.55,0.06,34.64
1346,35661803,-306.64,-977.54,15.14,-0.85,-0.61,0.37,34.55
1347,35665852,-311.04,-973.63,13.18,-0.55,-0.73,0.12,34.55
1348,35669901,-307.13,-974.12,18.55,-0.79,-0.73,0.37,34.64
1349,35673959,-309.57,-974.12,13.18,-0.91,-0.49,0.30,34.31
1350,35678008,-309.08,-972.17,12.70,-0.67,-0.55,0.37,34.40
1351,35683803,-309.57,-969.24,18.55,-0.55,-0.73,0.24,34.64
1352,35687852,-305.66,-971.68,11.72,-1.16,-0.67,0.12,34.40
1353,35691901,-307.13,-970.21,13.67,-0.49,-0.85,0.12,34.36
1354,35695959,-308.59,-972.66,18.55,-0.73,-0.79,0.12,34.40
1355,35700008,-312.99,-977.05,13.18,-0.91,-0.85,0.18,34.40
1356,35705803,-310.55,-970.70,11.72,-0.61,-0.61,0.30,34.55
1357,35709852,-307.13,-968.26,18.07,-0.67,-0.61,0.30,34.40
1358,35713901,-311.52,-976.56,12.21,-1.10,-0.37,0.37,34.55
1359,35717959,-305.66,-971.68,16.11,-0.55,-0.55,0.37,34.31
1360,35722008,-311.04,-967.77,17.58,-0.49,-0.73,0.30,34.64
1361,35727803,-311.04,-974.61,15.14,-1.10,-0.91,0.30,34.50
1362,35731852,-306.64,-972.66,12.70,-0.24,-0.61,0.00,34.50
1363,35735901,-305.66,-969.24,19.53,-0.85,-0.67,0.24,34.64
1364,35739959,-310.55,-973.63,11.23,-1.22,-0.73,0.30,34.31
1365,35744008,-307.62,-974.12,5.86,-0.37,-0.98,0.18,34.50
1366,35749803,-307.62,-968.26,20.51,-0.67,-0.79,0.43,34.74
1367,35753852,-312.50,-971.68,6.84,-1.16,-0.73,0.37,34.31
1368,35757901,-308.59,-971.68,13.18,-0.67,-0.67,0.24,34.69
1369,35761959,-309.08,-974.61,22.95,-0.73,-0.73,0.24,34.69
1370,35766008,-306.64,-978.03,17.09,-1.22,-0.55,0.24,34.64
1371,35771803,-310.06,-973.63,11.72,-0.61,-0.49,0.06,34.31
1372,35775852,-308.11,-972.66,18.07,-0.85,-0.67,0.49,34.50
1373,35779901,-307.62,-973.14,8.79,-1.10,-0.61,0.24,34.40
1374,35783959,-308.11,-973.63,12.21,-0.61,-0.67,-0.06,34.50
1375,35788008,-309.08,-970.21,19.53,-0.73,-0.73,0.24,34.36
1376,35793803,-310.55,-979.49,9.77,-0.98,-0.67,0.12,34.50
1377,35797852,-308.59,-970.21,10.74,-0.37,-0.67,0.24,34.40
1378,35801901,-304.69,-968.26,21.48,-0.73,-0.49,0.37,34.40
1379,35805959,-309.08,-967.29,15.62,-1.22,-0.61,0.30,34.69
1380,35810008,-309.57,-974.12,12.70,-0.61,-0.49,0.00,34.21
1381,35815803,-306.15,-969.73,20.51,-0.67,-0.49,0.37,34.36
1382,35819852,-310.55,-973.14,9.77,-0.98,-0.67,0.30,34.69
1383,35823901,-310.55,-969.73,18.07,-0.30,-0.73,0.00,34.50
1384,35827959,-306.15,-971.68,19.53,-0.61,-0.85,0.12,34.55
1385,35832008,-307.13,-977.05,7.32,-0.91,-0.79,0.30,34.36
1386,35837803,-311.04,-972.17,12.21,-0.43,-0.79,0.18,34.64
1387,35841852,-307.62,-970.21,18.55,-1.04,-0.61,0.55,34.55
1388,35845901,-309.57,-973.63,9.77,-0.91,-0.67,0.55,34.69
1389,35849959,-310.06,-969.73,14.65,-0.73,-0.73,0.12,34.40
1390,35855803,-307.62,-966.31,18.55,-0.67,-0.98,0.37,34.55
1391,35859852,-305.66,-972.66,8.30,-0.79,-0.79,0.43,34.74
1392,35863901,-308.59,-971.19,14.65,-0.37,-0.73,0.12,34.31
1393,35867959,-309.08,-970.70,21.48,-0.91,-0.49,0.06,34.50
1394,35872008,-308.59,-970.21,10.74,-1.16,-0.67,0.30,34.50
1395,35877803,-310.55,-976.07,11.23,-0.61,-1.04,0.18,34.74
1396,35881852,-311.04,-971.68,20.51,-0.67,-0.67,0.30,34.64
1397,35885901,-306.64,-969.73,11.23,-0.85,-0.67,0.06,34.50
1398,35889959,-309.57,-971.68,13.18,-0.55,-0.61,0.24,34.31
1399,35894008,-304.69,-970.21,21.00,-1.04,-0.85,0.30,34.40
1400,35899803,-308.11,-974.61,10.25,-0.79,-0.49,0.24,34.64
1401,35903852,-308.59,-969.73,22.95,-0.43,-0.67,0.37,34.64
1402,35907901,-312.50,-971.68,17.58,-1.10,-0.85,0.37,34.74
1403,35911959,-311.04,-972.66,12.21,-0.91,-0.67,0.18,34.36
1404,35916008,-307.62,-970.21,19.04,-0.61,-0.61,0.06,34.50
1405,35921803,-311.52,-969.24,12.70,-0.91,-0.55,0.12,34.69
1406,35925852,-309.57,-967.29,12.70,-0.55,-0.55,0.12,34.40
1407,35929901,-306.64,-970.70,17.09,-0.55,-0.61,0.37,34.64
1408,35933959,-309.57,-971.19,16.60,-1.10,-0.67,0.24,34.31
1409,35938008,-312.99,-971.68,12.70,-0.55,-0.79,0.37,34.69
1410,35943803,-304.69,-970.70,15.14,-0.55,-0.91,0.49,34.69
1411,35947852,-308.59,-972.66,11.72,-0.85,-0.79,0.37,34.55
1412,35951901,-306.64,-973.14,16.60,-0.85,-1.04,0.30,34.50
1413,35955959,-309.08,-974.61,18.07,-0.91,-0.79,0.18,34.40
1414,35960008,-311.52,-970.21,13.18,-0.85,-0.79,0.12,34.31
1415,35965803,-308.59,-966.80,11.72,-0.55,-0.91,0.37,34.55
1416,35969852,-309.08,-974.12,16.11,-1.04,-0.67,0.24,34.40
1417,35973901,-307.62,-974.12,9.77,-1.10,-0.73,0.61,34.64
1418,35977959,-310.55,-967.77,16.11,-0.61,-0.55,0.43,34.31
1419,35982008,-306.64,-967.29,17.09,-0.73,-0.61,0.24,34.64
1420,35987803,-306.64,-971.68,10.74,-1.10,-0.79,0.12,34.50
1421,35991852,-308.59,-967.29,15.14,-0.43,-0.73,0.12,34.31
1422,35995901,-308.59,-971.68,19.53,-0.73,-0.55,0.30,34.40
1423,35999959,-309.08,-974.61,12.21,-1.10,-0.49,0.30,34.64
1424,36004008,-307.62,-969.24,15.14,-0.55,-0.91,0.30,34.31
1425,36009803,-313.96,-969.24,15.62,-1.04,-0.49,0.43,34.50
1426,36013852,-311.04,-967.29,9.77,-0.98,-0.73,0.18,34.21
1427,36017901,-304.20,-969.73,15.14,-0.67,-0.85,0.06,34.64
1428,36021959,-307.62,-973.14,18.55,-0.79,-0.55,0.49,34.64
1429,36026008,-308.59,-975.10,8.79,-1.10,-0.61,0.37,34.02
1430,36031803,-310.06,-972.17,12.70,-0.24,-0.91,0.43,34.36
1431,36035852,-315.92,-971.19,14.65,-0.91,-0.79,0.43,34.50
1432,36039901,-312.50,-974.61,12.21,-0.91,-0.73,0.18,34.55
1433,36043959,-311.04,-969.24,16.60,-0.24,-0.98,0.49,34.50
1434,36048008,-308.59,-970.21,19.04,-0.73,-0.55,0.18,34.16
1435,36053803,-309.57,-974.12,9.28,-1.10,-0.67,0.37,34.64
1436,36057852,-310.06,-968.26,18.55,-0.43,-0.67,-0.06,34.40
1437,36061901,-310.06,-970.70,16.11,-0.85,-0.79,0.49,34.50
1438,36065959,-307.62,-974.12,11.23,-1.04,-0.79,0.37,34.55
1439,36071803,-305.18,-970.21,14.65,-0.49,-0.79,0.30,34.69
1440,36075852,-311.52,-973.14,10.25,-0.98,-1.04,0.37,34.74
1441,36079901,-313.48,-976.56,13.67,-0.79,-0.91,0.06,34.64
1442,36083959,-307.62,-969.73,16.11,-0.37,-0.91,0.18,34.55
1443,36088008,-309.57,-969.73,14.65,-0.85,-0.43,0.24,34.74
1444,36093803,-310.55,-975.59,7.32,-0.98,-0.55,0.30,34.40
1445,36097852,-307.13,-970.70,19.53,-0.49,-0.67,0.06,34.31
1446,36101901,-308.11,-972.17,18.55,-1.10,-0.85,0.43,34.40
1447,36105959,-308.59,-974.61,9.28,-0.85,-0.61,0.30,34.40
1448,36110008,-306.64,-974.12,15.14,-0.55,-0.61,0.24,34.69
1449,36115803,-308.11,-970.70,14.16,-1.04,-0.55,0.24,34.50
1450,36119852,-311.52,-971.68,9.77,-0.67,-0.67,0.37,34.88
1451,36123901,-307.62,-971.68,16.11,-0.67,-0.73,0.18,34.64
1452,36127959,-305.18,-969.73,15.14,-0.98,-0.91,0.12,34.50
1453,36132008,-309.08,-969.73,12.21,-0.85,-0.61,0.18,34.69
1454,36137803,-305.66,-971.68,21.00,-0.37,-0.49,0.00,34.74
1455,36141852,-312.01,-976.07,18.55,-1.22,-1.04,0.30,34.50
1456,36145901,-309.08,-976.07,13.18,-0.98,-0.67,0.24,34.88
1457,36149959,-309.08,-967.77,18.07,-0.55,-0.61,0.37,34.69
1458,36154008,-307.13,-972.17,15.62,-1.04,-0.85,0.43,34.64
1459,36159803,-305.66,-972.66,12.70,-0.73,-0.91,0.43,34.40
1460,36163852,-306.15,-969.73,19.53,-0.61,-0.67,0.43,34.40
1461,36167901,-313.48,-967.77,16.11,-0.85,-0.67,0.12,34.64
1462,36171959,-311.04,-973.14,14.16,-0.61,-0.79,0.30,34.40
1463,36176008,-310.06,-974.12,24.41,-0.73,-0.79,0.24,34.50
1464,36181803,-311.52,-972.66,12.70,-1.10,-0.79,0.18,34.40
1465,36185852,-308.11,-969.73,15.62,-0.55,-0.79,0.18,34.64
1466,36189901,-309.08,-975.59,21.00,-0.55,-0.61,0.18,34.36
1467,36193959,-311.04,-973.63,14.65,-1.10,-0.85,0.49,34.50
1468,36198008,-307.13,-971.68,11.72,-0.67,-0.79,0.12,34.55
1469,36203803,-305.66,-972.17,17.58,-0.79,-0.73,0.37,34.36
1470,36207852,-307.13,-967.77,10.74,-0.73,-0.67,0.24,34.31
1471,36211901,-308.59,-971.19,10.74,-0.67,-0.67,0.37,34.74
1472,36215959,-314.45,-975.10,16.11,-0.67,-0.61,0.24,34.55
1473,36220008,-308.59,-973.14,11.23,-1.10,-0.61,0.06,34.64
1474,36225803,-309.57,-972.66,15.62,-0.67,-0.73,0.30,34.31
1475,36229852,-311.52,-974.61,21.48,-1.10,-0.67,0.30,34.50
1476,36233901,-302.25,-970.70,9.77,-0.85,-0.79,0.18,34.40
1477,36237959,-307.62,-968.26,16.11,-0.55,-0.73,0.30,34.64
1478,36242008,-306.64,-969.24,14.65,-0.91,-0.61,0.06,34.36
1479,36247803,-308.11,-976.56,8.79,-0.91,-0.73,0.24,34.55
1480,36251852,-306.15,-971.19,17.09,-0.43,-0.91,0.30,34.40
1481,36255901,-306.64,-973.14,18.55,-0.79,-0.67,0.24,34.36
1482,36259959,-309.08,-975.10,6.84,-0.85,-0.67,0.30,34.50
1483,36264008,-306.64,-967.29,13.67,-0.37,-0.73,0.30,34.31
1484,36269803,-308.59,-966.80,12.70,-1.10,-0.49,0.24,34.88
1485,36273852,-309.08,-975.59,15.14,-0.85,-0.37,0.43,34.40
1486,36277901,-307.62,-971.68,16.60,-0.37,-0.85,0.49,34.64
1487,36281959,-305.66,-973.63,21.00,-0.91,-0.55,0.49,34.40
1488,36287803,-310.06,-970.21,10.25,-1.04,-0.61,0.24,34.64
1489,36291852,-304.69,-970.21,24.41,-0.30,-0.85,0.37,34.40
1490,36295901,-309.57,-974.12,11.72,-1.28,-0.61,0.12,34.69
1491,36299959,-311.04,-973.63,9.28,-0.67,-0.79,0.06,34.40
1492,36304008,-307.62,-970.70,23.93,-0.37,-0.67,0.24,34.64
1493,36308057,-311.52,-970.70,18.55,-1.04,-0.55,0.00,34.40
1494,36313803,-311.04,-974.61,11.72,-0.67,-0.73,0.06,34.50
1495,36317852,-307.62,-966.31,24.90,-0.55,-0.67,0.12,34.69
1496,36321901,-309.08,-972.66,17.09,-1.22,-0.49,0.30,34.21
1497,36325959,-314.45,-975.10,11.72,-0.43,-0.73,0.06,34.50
1498,36331803,-304.69,-972.17,21.00,-0.49,-0.67,-0.06,34.40
1499,36335852,-310.06,-973.63,11.23,-1.04,-0.55,0.55,34.50
1500,36339901,-312.01,-971.68,11.23,-0.79,-0.73,0.30,34.64
1501,36343959,-306.15,-973.14,22.95,-0.73,-0.85,0.37,34.31
1502,36348008,-307.62,-973.63,15.14,-1.22,-0.61,0.37,34.55
1503,36353803,-306.15,-980.47,8.30,-0.67,-0.67,0.24,34.64
1504,36357852,-308.11,-971.19,19.53,-0.91,-0.61,0.30,34.50
1505,36361901,-311.04,-968.75,12.21,-0.91,-0.73,0.43,34.40
1506,36365959,-314.94,-972.66,15.62,-0.67,-0.43,0.43,34.21
1507,36370008,-312.50,-968.75,21.00,-1.04,-0.67,0.18,34.83
1508,36375803,-307.62,-973.63,13.18,-1.16,-0.67,0.18,34.64
1509,36379852,-310.06,-967.77,19.04,-0.37,-0.73,0.30,34.64
1510,36383901,-306.64,-968.75,21.97,-0.37,-0.85,0.24,34.69
1511,36387959,-312.01,-972.17,11.23,-1.04,-0.73,0.30,34.40
1512,36392008,-312.01,-974.12,11.23,-0.67,-0.61,0.12,34.64
1513,36397803,-309.57,-974.61,15.62,-0.73,-0.67,0.37,34.31
1514,36401852,-307.13,-971.19,9.28,-0.61,-0.37,0.30,34.40
1515,36405901,-308.59,-972.17,11.23,-0.55,-0.67,0.06,34.55
1516,36409959,-306.15,-971.68,20.02,-0.98,-0.55,0.18,34.36
1517,36414008,-307.62,-970.70,13.18,-0.98,-0.91,0.18,34.40
1518,36419803,-310.55,-971.68,13.67,-0.61,-0.85,0.18,34.31
1519,36423852,-309.08,-972.66,15.14,-1.16,-0.73,0.12,34.50
1520,36427901,-309.57,-970.70,14.65,-0.79,-0.67,0.24,34.64
1521,36431959,-305.66,-970.21,18.55,-0.49,-0.67,0.37,34.64
1522,36436008,-309.08,-973.14,17.09,-0.73,-0.85,0.24,34.50
1523,36441803,-306.64,-971.19,11.23,-1.10,-0.61,0.30,34.12
1524,36445852,-308.59,-973.14,15.14,-0.55,-0.61,0.49,34.50
1525,36449901,-311.52,-967.77,16.60,-1.22,-0.79,0.37,34.64
1526,36453959,-306.15,-971.19,14.65,-0.85,-0.85,0.49,34.50
1527,36458008,-307.62,-970.70,15.62,-0.61,-0.61,0.30,34.36
1528,36463803,-312.01,-975.10,21.00,-1.04,-0.49,0.37,34.21
1529,36467852,-308.59,-969.24,12.21,-0.73,-0.73,0.18,34.21
1530,36471901,-305.66,-968.26,17.09,-0.61,-0.61,0.06,34.50
1531,36475959,-310.06,-973.63,15.62,-1.16,-0.61,0.37,34.55
1532,36480008,-313.96,-975.10,9.77,-0.55,-0.85,0.24,34.50
1533,36485803,-307.62,-967.77,18.55,-0.73,-0.67,0.30,34.50
1534,36489852,-308.59,-972.66,11.23,-1.10,-0.73,0.37,34.50
1535,36493901,-307.62,-968.75,15.62,-0.61,-0.91,0.30,34.55
1536,36497959,-305.18,-967.77,16.60,-0.67,-0.73,0.24,34.36
1537,36502008,-308.59,-976.56,10.25,-1.10,-0.67,0.30,34.40
1538,36507803,-310.06,-969.73,14.16,-0.55,-0.85,0.43,34.50
1539,36511852,-308.11,-966.80,22.95,-0.73,-0.98,0.43,34.40
1540,36515901,-309.08,-968.75,19.04,-1.28,-1.10,0.37,34.12
1541,36519959,-307.13,-969.73,15.14,-0.49,-0.79,0.18,34.31
1542,36525803,-310.06,-968.26,21.97,-0.98,-0.61,0.30,34.40
1543,36529852,-312.50,-972.17,6.35,-0.98,-0.49,0.49,34.36
1544,36533901,-313.48,-971.68,13.67,-0.55,-0.61,0.24,34.74
1545,36537959,-306.15,-969.24,15.62,-0.79,-0.55,0.49,34.36
1546,36542008,-308.11,-970.21,10.74,-1.22,-0.61,0.43,34.36
1547,36547803,-309.57,-970.21,12.70,-0.55,-0.85,0.24,34.50
1548,36551852,-307.13,-972.66,17.58,-0.91,-0.73,0.30,34.64
1549,36555901,-304.20,-976.07,9.77,-0.91,-0.67,0.06,34.40
1550,36559959,-303.22,-971.68,17.09,-0.43,-0.73,0.12,34.36
1551,36564008,-304.69,-971.19,19.53,-0.43,-0.61,0.49,34.40
1552,36569803,-310.55,-970.21,12.70,-1.16,-0.67,0.37,34.40
1553,36573852,-311.52,-969.24,18.55,-0.49,-0.67,0.30,34.64
1554,36577901,-306.15,-972.66,20.51,-1.34,-0.43,0.18,34.69
1555,36581959,-306.15,-977.05,12.70,-1.04,-0.79,0.12,34.21
1556,36586008,-306.15,-975.10,14.16,-0.37,-0.61,-0.06,34.69
1557,36591803,-305.66,-968.75,23.44,-0.98,-1.04,0.24,34.64
1558,36595852,-310.06,-974.61,10.25,-1.04,-0.55,0.55,34.50
1559,36599901,-305.18,-971.68,21.97,-0.49,-0.43,0.37,34.40
1560,36603959,-307.62,-973.63,20.51,-1.16,-0.55,0.18,34.50
1561,36608008,-312.99,-977.05,10.25,-0.91,-0.61,0.18,34.50
1562,36613803,-307.62,-968.75,19.53,-0.18,-0.79,0.24,34.64
1563,36617852,-305.18,-971.19,14.16,-1.10,-0.55,0.18,34.74
1564,36621901,-308.11,-970.70,11.72,-1.16,-0.91,0.30,34.50
1565,36625959,-305.18,-970.21,18.07,-0.49,-0.79,0.37,34.50
1566,36630008,-308.11,-971.19,20.51,-1.10,-0.73,0.30,34.40
1567,36635803,-304.69,-975.59,10.25,-0.91,-0.30,0.49,34.69
1568,36639852,-310.06,-974.12,20.02,-0.67,-0.79,0.00,34.21
1569,36643901,-303.22,-971.68,14.16,-1.10,-0.73,0.24,34.64
1570,36647959,-306.64,-967.77,17.58,-0.85,-0.79,0.43,34.50
1571,36652008,-309.08,-970.21,14.16,-0.61,-0.79,0.18,34.40
1572,36657803,-306.64,-973.14,14.16,-0.85,-0.67,0.00,34.31
1573,36661852,-307.62,-974.12,14.65,-0.67,-0.73,0.24,34.40
1574,36665901,-308.59,-972.66,16.11,-0.98,-0.61,0.49,34.69
1575,36669959,-312.01,-971.68,13.67,-0.98,-0.67,0.12,34.50
1576,36674008,-308.59,-973.14,9.77,-0.61,-0.67,0.30,34.31
1577,36679803,-312.01,-972.17,17.58,-0.79,-0.85,0.12,34.16
1578,36683852,-309.08,-970.21,11.72,-0.85,-0.73,0.12,34.12
1579,36687901,-309.57,-970.70,14.65,-0.79,-0.79,0.30,34.40
1580,36691959,-305.66,-972.66,17.09,-0.85,-0.79,0.37,34.40
1581,36696008,-311.04,-973.14,10.74,-0.85,-0.73,0.12,34.40
1582,36701803,-306.64,-969.24,11.23,-0.61,-0.73,0.18,34.21
1583,36705852,-313.48,-975.59,14.65,-0.85,-0.61,0.37,34.64
1584,36709901,-308.11,-974.61,13.67,-0.79,-0.73,0.12,34.50
1585,36713959,-308.59,-969.73,10.74,-0.55,-0.61,0.06,34.64
1586,36718008,-309.08,-974.12,19.04,-1.04,-0.73,0.24,34.31
1587,36723803,-311.52,-972.66,9.28,-1.04,-0.67,0.30,34.64
1588,36727852,-311.04,-970.21,19.04,-0.43,-0.61,0.18,34.40
1589,36731901,-308.59,-975.10,18.07,-0.85,-0.49,0.30,34.40
1590,36735959,-310.55,-973.63,11.72,-0.79,-0.91,0.12,34.74
1591,36741803,-304.20,-974.61,15.62,-0.55,-0.85,0.06,34.55
1592,36745852,-308.11,-970.70,14.65,-0.98,-0.85,0.12,34.69
1593,36749901,-307.62,-973.14,11.23,-0.67,-0.85,0.12,34.50
1594,36753959,-308.59,-970.21,19.53,-0.43,-0.67,0.24,34.64
1595,36758008,-306.64,-974.12,20.02,-1.10,-0.73,0.30,34.64
1596,36763803,-312.01,-974.12,7.32,-0.91,-0.85,0.24,34.64
1597,36767852,-306.15,-968.26,23.44,-0.49,-0.67,-0.06,34.40
1598,36771901,-306.64,-972.17,19.04,-1.04,-0.85,0.43,34.64
1599,36775959,-312.99,-975.10,12.21,-0.91,-0.85,0.30,34.40
1600,36780008,-306.64,-970.21,20.51,-0.49,-0.67,0.18,34.50
1601,36785803,-306.15,-971.68,17.58,-0.91,-0.43,0.61,34.40
1602,36789852,-312.99,-975.59,13.18,-0.61,-0.85,0.00,34.40
1603,36793901,-311.04,-973.63,16.11,-0.67,-0.91,-0.06,34.50
1604,36797959,-311.52,-968.26,13.67,-0.91,-0.67,0.18,34.36
1605,36802008,-309.08,-973.63,6.35,-0.91,-0.85,0.12,34.69
1606,36807803,-308.59,-967.77,19.53,-0.43,-0.67,0.18,34.31
1607,36811852,-307.13,-973.14,8.30,-0.98,-0.73,0.55,34.50
1608,36815901,-310.55,-972.66,6.84,-0.91,-0.37,0.24,34.36
1609,36819959,-308.11,-970.70,20.02,-0.49,-0.85,0.24,34.31
1610,36824008,-310.06,-968.75,17.58,-0.73,-0.73,0.30,34.50
1611,36829803,-315.92,-973.63,9.77,-0.85,-0.73,0.49,34.50
1612,36833852,-302.73,-970.70,18.55,-0.73,-0.79,0.12,34.64
1613,36837901,-305.18,-973.63,13.18,-1.22,-0.85,0.18,34.74
1614,36841959,-309.08,-974.61,11.23,-0.85,-0.73,0.24,34.64
1615,36846008,-308.59,-969.24,21.00,-0.24,-0.61,0.00,34.64
1616,36851803,-311.52,-970.70,15.14,-1.04,-0.73,0.24,34.21
1617,36855852,-310.55,-972.66,13.18,-0.79,-0.79,0.49,34.74
1618,36859901,-311.52,-970.70,21.48,-0.55,-0.73,0.24,34.69
1619,36863959,-311.52,-971.68,14.65,-1.04,-0.73,0.18,34.40
1620,36868008,-309.57,-976.07,11.72,-0.55,-0.67,0.24,34.55
1621,36873803,-305.18,-975.10,20.51,-0.43,-0.73,0.37,34.31
1622,36877852,-306.15,-971.19,11.72,-0.91,-0.73,0.37,34.40
1623,36881901,-311.04,-970.70,14.16,-0.43,-0.61,0.43,34.40
1624,36885959,-309.08,-968.75,18.07,-0.55,-0.61,0.37,34.50
1625,36890008,-307.62,-972.66,19.04,-1.10,-0.67,0.30,34.40
1626,36895803,-312.50,-973.14,16.11,-0.55,-0.79,0.30,34.31
1627,36899852,-306.64,-969.73,17.09,-1.04,-0.61,0.24,34.21
1628,36903901,-312.99,-973.14,14.65,-0.98,-0.73,0.24,34.50
1629,36907959,-310.06,-973.14,16.60,-0.49,-0.73,0.49,34.50
1630,36912008,-310.55,-976.56,16.11,-0.79,-0.67,0.43,34.21
1631,36917803,-311.52,-971.68,9.77,-1.22,-0.55,0.12,34.02
1632,36921852,-306.64,-971.19,21.48,-0.37,-0.79,0.06,34.64
1633,36925901,-306.64,-970.21,16.60,-0.79,-0.85,0.18,34.36
1634,36929959,-309.57,-970.70,14.16,-1.04,-0.79,0.24,34.50
1635,36934008,-306.64,-972.17,18.55,-0.61,-0.67,0.37,34.31
1636,36939803,-310.55,-970.21,19.04,-0.98,-0.85,0.18,34.36
1637,36943852,-312.01,-973.63,9.77,-0.85,-0.67,0.37,34.21
1638,36947901,-308.11,-972.17,14.16,-0.49,-0.55,0.18,34.64
1639,36951959,-303.71,-972.66,19.04,-0.98,-0.79,0.24,34.40
1640,36957803,-308.11,-976.56,10.74,-0.98,-0.73,0.06,34.64
1641,36961852,-306.64,-968.75,19.04,-1.10,-0.85,0.00,34.55
1642,36965901,-312.50,-973.63,16.60,-1.22,-0.61,0.37,34.74
1643,36969959,-306.64,-975.59,10.74,-0.98,-0.73,0.37,34.50
1644,36974008,-310.55,-973.14,18.55,-0.67,-0.67,0.37,34.40
1645,36979803,-309.57,-970.70,12.21,-0.98,-0.85,0.30,34.55
1646,36983852,-309.08,-971.19,11.72,-0.61,-0.67,0.12,34.74
1647,36987901,-306.64,-971.19,17.58,-0.73,-0.73,0.24,34.50
1648,36991959,-313.48,-975.59,12.21,-1.16,-0.73,-0.06,34.55
1649,36996008,-306.15,-966.31,10.25,-0.67,-0.85,0.00,34.50
1650,37001803,-304.69,-973.63,23.44,-0.55,-0.79,0.30,34.40
1651,37005852,-310.06,-974.61,10.25,-0.98,-0.61,0.37,34.36
1652,37009901,-309.57,-970.21,9.77,-0.73,-0.91,0.24,34.31
1653,37013959,-306.64,-968.26,20.02,-0.67,-0.67,0.30,34.55
1654,37018008,-310.55,-972.17,15.14,-0.98,-0.49,0.30,34.64
1655,37023803,-306.15,-976.56,11.72,-0.61,-0.85,0.24,34.69
1656,37027852,-310.06,-969.24,23.44,-0.61,-0.67,0.30,34.64
1657,37031901,-314.45,-973.63,17.58,-0.98,-0.91,0.37,34.40
1658,37035959,-309.08,-971.68,9.77,-0.55,-0.61,0.06,34.40
1659,37040008,-306.15,-969.73,18.07,-0.61,-0.67,0.18,34.50
1660,37045803,-311.52,-971.68,10.25,-1.10,-0.61,0.06,34.55
1661,37049852,-308.59,-972.17,13.18,-0.55,-0.85,0.18,34.64
1662,37053901,-307.13,-971.68,19.04,-0.37,-0.55,0.18,34.88
1663,37057959,-310.06,-976.56,12.70,-1.16,-0.55,0.24,34.50
1664,37062008,-309.57,-968.26,11.72,-0.55,-0.67,0.24,34.50
1665,37067803,-309.08,-970.70,18.55,-0.67,-0.67,0.30,34.69
1666,37071852,-311.52,-973.63,7.32,-1.04,-0.49,0.18,34.64
1667,37075901,-311.52,-970.21,13.67,-0.55,-0.67,0.37,34.50
1668,37079959,-307.62,-969.73,19.04,-0.55,-0.73,0.24,34.50
1669,37084008,-316.41,-974.12,13.67,-1.28,-0.67,0.12,34.55
1670,37089803,-304.69,-974.12,13.67,-0.79,-0.67,-0.12,34.31
1671,37093852,-306.64,-973.63,19.53,-0.67,-0.37,0.37,34.16
1672,37097901,-307.13,-976.56,11.23,-1.10,-0.49,0.55,34.50
1673,37101959,-310.06,-972.66,14.65,-0.55,-0.67,0.18,34.64
1674,37106008,-307.13,-971.19,19.04,-0.79,-0.67,0.12,34.64
1675,37111803,-312.01,-974.61,9.77,-1.16,-0.55,0.43,34.40
1676,37115852,-308.11,-970.70,18.55,-0.61,-0.73,0.06,34.31
1677,37119901,-308.11,-973.63,21.97,-0.79,-0.98,0.06,34.50
1678,37123959,-307.62,-970.70,15.14,-1.22,-0.55,0.24,34.64
1679,37128008,-312.50,-975.10,13.18,-0.55,-0.61,0.24,34.50
1680,37133803,-310.06,-966.80,14.65,-0.55,-0.73,0.12,34.31
1681,37137852,-314.45,-969.24,11.72,-0.67,-0.61,0.30,34.40
1682,37141901,-312.01,-975.59,14.65,-0.49,-0.79,0.12,34.64
1683,37145959,-308.59,-970.70,17.09,-0.67,-0.91,0.06,34.50
1684,37150008,-307.62,-971.68,12.21,-0.91,-0.61,0.24,34.21
1685,37155803,-306.15,-974.12,16.11,-0.73,-0.73,-0.06,34.36
1686,37159852,-306.64,-971.68,9.77,-0.91,-0.91,0.12,34.36
1687,37163901,-305.66,-967.77,10.25,-1.04,-0.61,0.12,34.55
1688,37167959,-309.57,-974.12,15.14,-0.55,-0.73,0.06,34.88
1689,37173803,-308.59,-972.17,18.07,-1.04,-0.61,0.30,34.36
1690,37177852,-307.13,-972.17,12.70,-0.79,-0.43,0.43,34.64
1691,37181901,-312.01,-969.73,20.02,-0.55,-0.61,0.30,34.50
1692,37185959,-310.06,-969.73,13.67,-0.98,-0.49,0.18,34.50
1693,37190008,-307.62,-970.70,13.18,-0.79,-0.91,0.06,34.50
1694,37194057,-303.71,-969.73,16.60,-0.55,-0.73,0.24,34.36
1695,37199803,-306.15,-971.68,14.16,-1.16,-0.79,0.18,34.31
1696,37203852,-310.55,-970.21,14.65,-0.49,-0.73,0.24,34.88
1697,37207901,-307.62,-969.24,13.18,-0.85,-0.18,0.43,34.50
1698,37211959,-311.04,-969.73,14.16,-1.16,-0.49,0.18,34.69
1699,37217803,-309.08,-970.70,15.62,-0.67,-0.55,0.18,34.64
1700,37221852,-308.59,-971.68,19.53,-0.73,-0.55,0.24,34.69
1701,37225901,-308.11,-973.14,17.09,-1.10,-0.67,0.06,34.50
1702,37229959,-308.59,-969.24,11.72,-0.79,-0.67,0.37,34.36
1703,37234008,-312.01,-972.17,17.09,-0.61,-0.67,0.37,34.55
1704,37239803,-311.04,-970.70,17.09,-1.10,-0.79,0.30,34.50
1705,37243852,-310.55,-977.05,12.70,-0.49,-0.73,0.12,34.55
1706,37247901,-310.06,-971.19,15.14,-0.67,-0.67,0.49,34.55
1707,37251959,-309.57,-973.63,14.65,-0.85,-0.91,0.18,34.36
1708,37256008,-310.55,-972.66,9.28,-0.49,-0.67,0.37,34.40
1709,37261803,-309.08,-972.17,19.04,-0.73,-0.49,0.43,34.69
1710,37265852,-311.04,-971.68,8.30,-0.79,-0.55,0.37,34.64
1711,37269901,-315.43,-976.07,11.72,-0.43,-0.85,0.30,34.64
1712,37273959,-309.57,-974.12,14.65,-0.85,-0.79,0.37,34.31
1713,37278008,-302.73,-976.07,9.28,-1.34,-0.61,0.12,34.50
1714,37283803,-312.01,-977.05,12.21,-0.37,-0.85,0.24,34.36
1715,37287852,-311.04,-974.61,19.04,-0.85,-0.85,0.18,34.40
1716,37291901,-310.06,-970.21,14.65,-1.10,-0.67,0.61,34.64
1717,37295959,-308.11,-969.73,14.16,-0.49,-0.43,0.30,34.64
1718,37300008,-310.55,-968.26,20.02,-0.85,-0.79,0.06,34.55
1719,37305803,-312.50,-972.66,15.14,-1.28,-0.85,0.24,34.31
1720,37309852,-305.18,-967.77,13.67,-0.30,-0.55,0.06,34.21
1721,37313901,-302.25,-969.73,19.53,-0.61,-0.73,0.37,34.69
1722,37317959,-311.52,-973.14,10.25,-1.16,-0.73,0.43,34.50
1723,37322008,-311.52,-971.68,13.18,-0.49,-0.91,0.06,34.50
1724,37327803,-308.11,-970.21,19.04,-0.73,-0.67,0.24,34.36
1725,37331852,-310.55,-976.07,8.30,-0.91,-0.67,0.00,34.02
1726,37335901,-304.69,-971.68,12.21,-0.43,-0.67,0.12,34.40
1727,37339959,-308.59,-972.66,18.07,-0.73,-0.79,0.37,34.55
1728,37344008,-312.01,-973.14,11.23,-0.98,-0.79,0.55,34.21
1729,37349803,-311.52,-968.75,17.58,-0.30,-0.91,0.18,34.31
1730,37353852,-303.71,-969.24,17.09,-0.79,-0.79,0.24,34.31
1731,37357901,-306.15,-973.14,7.81,-1.16,-0.67,0.12,34.64
1732,37361959,-306.15,-968.26,13.67,-0.49,-0.79,0.00,34.69
1733,37366008,-306.15,-964.36,19.04,-0.85,-0.79,0.12,34.55
1734,37371803,-307.13,-974.12,9.77,-1.10,-0.37,0.49,34.50
1735,37375852,-309.08,-970.21,16.11,-0.37,-0.67,0.43,34.40
1736,37379901,-308.11,-973.14,18.55,-0.85,-0.49,0.24,34.93
1737,37383959,-308.11,-972.17,12.70,-0.73,-0.79,0.43,34.40
1738,37388008,-305.18,-971.68,17.58,-0.37,-0.85,0.18,34.50
1739,37393803,-303.22,-967.29,16.11,-0.91,-0.73,0.18,34.64
1740,37397852,-307.62,-974.61,9.77,-0.91,-0.55,0.18,34.50
1741,37401901,-310.06,-969.24,10.25,-0.49,-0.73,0.12,34.50
1742,37405959,-304.69,-968.26,18.55,-0.91,-0.73,0.06,34.50
1743,37411803,-311.04,-972.66,9.77,-0.79,-0.61,0.24,34.40
1744,37415852,-307.13,-969.73,19.04,-0.61,-0.85,0.18,34.55
1745,37419901,-309.08,-969.24,17.09,-1.22,-0.79,0.30,34.64
1746,37423959,-309.57,-974.61,9.28,-0.91,-0.79,0.30,34.31
1747,37428008,-309.08,-973.14,20.02,-0.61,-0.61,0.12,34.50
1748,37433803,-308.59,-973.63,17.58,-0.73,-0.79,0.43,34.64
1749,37437852,-310.55,-971.19,10.25,-0.98,-0.43,0.55,34.64
1750,37441901,-310.06,-970.21,17.09,-0.61,-0.91,0.49,34.40
1751,37445959,-305.66,-971.19,15.62,-0.91,-0.55,0.06,34.31
1752,37450008,-311.04,-972.17,11.72,-0.79,-0.55,0.18,34.74
1753,37455803,-309.57,-967.29,13.18,-0.43,-0.67,0.12,34.88
1754,37459852,-308.59,-970.70,19.04,-1.10,-0.73,0.30,34.93
1755,37463901,-312.01,-973.14,13.18,-0.67,-0.73,0.49,34.64
1756,37467959,-304.69,-973.14,20.02,-0.49,-0.85,0.18,34.40
1757,37472008,-310.06,-967.77,14.16,-0.85,-0.91,0.43,34.50
1758,37477803,-310.06,-971.19,11.23,-0.73,-0.61,0.43,34.50
1759,37481852,-306.15,-970.70,18.07,-0.91,-0.37,0.18,34.64
1760,37485901,-308.11,-970.21,18.07,-1.16,-0.61,0.06,34.40
1761,37489959,-310.06,-971.19,14.16,-0.73,-0.61,0.37,34.36
1762,37494008,-307.13,-974.12,14.16,-0.61,-0.67,0.00,34.69
1763,37499803,-305.18,-968.75,17.09,-0.91,-0.73,0.12,34.64
1764,37503852,-311.04,-973.14,12.21,-0.67,-0.73,0.67,34.50
1765,37507901,-306.64,-966.80,19.04,-0.37,-0.73,0.37,34.64
1766,37511959,-310.55,-969.73,15.14,-0.98,-0.79,0.24,34.55
1767,37516008,-310.06,-972.17,9.77,-0.73,-0.61,0.24,34.64
1768,37521803,-308.59,-976.56,18.07,-0.79,-0.79,0.06,34.50
1769,37525852,-305.18,-968.75,17.09,-0.85,-0.67,0.18,34.31
1770,37529901,-310.55,-972.66,13.67,-0.79,-0.73,0.18,34.64
1771,37533959,-308.59,-969.24,16.11,-0.91,-0.43,0.12,34.50
1772,37538008,-309.57,-973.14,16.11,-0.98,-0.85,0.00,34.50
1773,37543803,-312.01,-972.66,12.70,-0.55,-0.91,0.24,34.21
1774,37547852,-309.08,-971.19,15.62,-0.85,-0.73,0.18,34.64
1775,37551901,-306.64,-973.14,14.65,-1.04,-0.73,0.18,34.64
1776,37555959,-306.64,-971.19,15.14,-0.49,-0.91,0.30,34.50
1777,37560008,-306.64,-975.10,15.62,-0.79,-0.49,0.24,34.31
1778,37565803,-313.48,-969.24,14.16,-0.98,-0.85,0.12,34.31
1779,37569852,-305.18,-973.63,13.18,-0.55,-0.49,0.30,34.36
1780,37573901,-310.06,-971.68,19.04,-0.55,-0.61,0.49,34.93
1781,37577959,-309.57,-975.59,9.28,-1.16,-0.55,0.18,34.93
1782,37582008,-305.18,-972.66,12.70,-0.24,-0.79,0.18,34.02
1783,37587803,-310.55,-965.33,16.11,-0.73,-0.67,0.18,34.50
1784,37591852,-312.99,-970.21,11.23,-1.04,-0.55,0.24,34.55
1785,37595901,-309.08,-969.24,13.67,-0.67,-0.73,0.00,34.50
1786,37599959,-309.08,-972.17,15.62,-1.04,-0.55,0.43,34.55
1787,37604008,-315.43,-973.63,13.67,-0.85,-0.61,0.37,34.40
1788,37609803,-305.66,-968.75,12.21,-0.49,-0.67,0.00,34.69
1789,37613852,-313.48,-972.66,18.07,-0.79,-0.61,0.43,34.50
1790,37617901,-310.06,-974.61,12.21,-1.04,-0.73,0.37,34.64
1791,37621959,-308.11,-970.21,18.07,-0.30,-0.67,0.18,34.50
1792,37627803,-303.71,-968.26,19.53,-0.67,-0.67,0.00,34.64
1793,37631852,-311.52,-975.10,9.77,-0.85,-0.79,-0.06,34.69
1794,37635901,-307.62,-970.21,15.14,-0.30,-0.67,0.37,34.50
1795,37639959,-306.15,-972.17,21.00,-1.16,-0.43,0.37,34.50
1796,37644008,-309.57,-973.14,10.74,-0.73,-0.67,0.49,34.64
1797,37649803,-306.64,-971.19,17.09,-0.49,-0.67,0.30,34.64
1798,37653852,-308.11,-972.66,12.70,-1.04,-0.43,0.37,34.64
1799,37657901,-312.99,-974.12,5.37,-0.85,-0.79,0.18,34.40
1800,37661959,-307.62,-972.66,20.02,-0.43,-0.73,0.18,34.50
1801,37666008,-307.13,-972.17,18.07,-0.61,-0.61,0.43,34.50
1802,37671803,-312.01,-973.63,8.30,-1.10,-0.98,0.00,34.64
1803,37675852,-304.20,-971.68,21.97,-0.55,-0.67,0.12,34.64
1804,37679901,-306.15,-973.63,21.00,-1.04,-0.61,0.37,34.55
1805,37683959,-304.69,-972.17,9.28,-0.91,-0.61,0.37,34.21
1806,37688008,-307.13,-972.17,18.07,-0.37,-0.91,0.24,34.40
1807,37693803,-310.55,-972.17,21.48,-0.91,-0.73,0.30,34.40
1808,37697852,-311.04,-969.24,12.21,-0.73,-0.67,0.24,34.31
1809,37701901,-310.06,-972.17,20.51,-0.37,-0.37,0.00,34.55
1810,37705959,-310.55,-968.26,14.16,-1.04,-0.67,0.37,34.31
1811,37710008,-309.57,-974.12,11.23,-0.98,-0.55,0.30,34.50
1812,37715803,-306.15,-969.24,13.67,-0.18,-0.79,0.37,34.55
1813,37719852,-311.04,-973.63,17.09,-1.04,-0.79,0.49,34.40
1814,37723901,-312.01,-970.70,13.18,-0.73,-0.85,0.43,34.40
1815,37727959,-306.64,-970.21,20.51,-0.43,-0.91,0.18,34.40
1816,37732008,-308.59,-968.26,14.65,-1.10,-0.67,0.12,34.50
1817,37737803,-307.13,-975.59,8.79,-0.91,-0.61,0.18,34.64
1818,37741852,-307.62,-967.77,18.55,-0.37,-0.79,0.30,34.50
1819,37745901,-309.08,-970.70,15.62,-0.91,-0.67,0.43,34.31
1820,37749959,-311.04,-970.70,10.25,-1.04,-0.85,0.30,34.40
1821,37754008,-307.62,-972.66,14.65,-0.49,-0.85,0.06,34.36
1822,37759803,-304.20,-970.21,20.02,-0.85,-0.91,0.49,34.64
1823,37763852,-312.01,-975.10,12.70,-0.73,-0.79,0.18,34.36
1824,37767901,-305.18,-967.77,19.53,-0.49,-0.55,0.00,34.69
1825,37771959,-309.08,-970.70,14.65,-1.04,-0.61,0.49,34.64
1826,37776008,-313.48,-971.19,10.74,-0.73,-0.67,0.24,34.64
1827,37781803,-309.57,-971.68,17.09,-0.43,-0.79,0.24,34.50
1828,37785852,-312.01,-972.17,17.09,-1.04,-0.73,0.43,34.21
1829,37789901,-311.04,-975.10,8.79,-0.85,-0.91,0.24,34.21
1830,37793959,-303.71,-970.21,17.58,-0.49,-0.91,0.12,34.55
1831,37798008,-312.99,-971.68,20.02,-1.22,-0.61,0.43,34.36
1832,37803803,-311.04,-970.70,14.65,-0.91,-0.73,0.18,34.31
1833,37807852,-306.64,-972.66,20.02,-0.73,-0.61,0.00,34.40
1834,37811901,-311.52,-971.68,18.55,-0.98,-0.49,0.37,34.40
1835,37815959,-312.01,-975.10,15.14,-0.73,-0.55,0.37,34.40
1836,37820008,-307.62,-971.19,19.53,-0.61,-0.61,0.00,34.21
1837,37825803,-310.06,-968.26,12.70,-1.04,-0.79,0.24,34.69
1838,37829852,-311.52,-976.07,14.65,-0.73,-0.55,0.18,34.50
1839,37833901,-307.13,-971.68,22.95,-0.67,-0.61,0.06,34.31
1840,37837959,-309.08,-973.14,16.11,-1.16,-0.85,0.30,34.50
1841,37843803,-313.48,-973.14,16.60,-0.55,-0.98,0.18,34.69
1842,37847852,-310.06,-976.07,17.09,-0.73,-0.79,0.30,34.50
1843,37851901,-312.99,-969.73,9.77,-0.85,-0.67,0.30,34.55
1844,37855959,-313.96,-973.14,13.18,-0.79,-0.43,0.00,34.50
1845,37860008,-307.13,-971.68,17.09,-0.73,-0.79,0.24,34.36
1846,37864057,-309.57,-966.31,15.14,-0.98,-0.79,0.12,34.40
1847,37869803,-310.06,-975.59,17.09,-0.73,-0.73,0.30,34.50
1848,37873852,-308.59,-977.54,14.16,-1.04,-0.67,0.18,34.64
1849,37877901,-308.59,-969.73,10.25,-1.16,-0.79,0.18,34.50
1850,37881959,-306.64,-970.70,17.58,-0.73,-0.85,0.37,34.31
1851,37887803,-309.57,-972.17,21.48,-1.04,-0.73,0.30,34.69
1852,37891852,-308.59,-969.24,16.60,-0.85,-0.61,0.37,34.88
1853,37895901,-308.59,-971.68,19.53,-0.49,-0.73,0.06,34.69
1854,37899959,-306.15,-974.61,20.51,-0.91,-0.98,0.00,34.40
1855,37904008,-310.55,-971.19,8.30,-0.73,-0.79,0.30,34.55
1856,37909803,-310.06,-968.26,13.67,-0.49,-0.79,0.18,34.50
1857,37913852,-310.06,-974.61,13.18,-1.22,-0.61,0.24,34.50
1858,37917901,-309.08,-974.61,10.74,-0.67,-0.79,0.30,34.40
1859,37921959,-310.06,-966.80,16.60,-0.61,-0.91,0.37,34.36
1860,37926008,-310.06,-971.68,19.04,-0.85,-0.91,0.37,34.50
1861,37931803,-307.62,-974.12,9.77,-0.91,-1.04,0.24,34.69
1862,37935852,-307.62,-970.70,19.53,-0.55,-0.73,0.18,34.21
1863,37939901,-310.55,-971.68,15.14,-0.91,-0.61,0.18,34.40
1864,37943959,-312.50,-973.63,10.25,-0.61,-0.55,0.18,34.31
1865,37948008,-308.59,-971.19,20.51,-0.67,-0.73,0.24,34.64
1866,37953803,-311.52,-974.12,14.16,-0.91,-0.61,0.30,34.69
1867,37957852,-311.52,-972.17,14.16,-0.55,-0.61,0.24,34.50
1868,37961901,-311.04,-962.89,19.53,-0.43,-0.61,0.37,34.69
1869,37965959,-309.08,-970.70,13.67,-1.04,-0.61,0.18,34.64
1870,37970008,-309.08,-974.12,9.77,-0.73,-0.73,0.12,34.50
1871,37975803,-307.62,-971.19,18.07,-0.49,-0.73,0.06,34.64
1872,37979852,-306.64,-972.66,9.77,-1.28,-0.49,0.12,34.36
1873,37983901,-307.62,-973.63,9.28,-0.91,-0.61,0.18,34.50
1874,37987959,-307.62,-967.29,21.48,-0.67,-0.61,0.30,34.74
1875,37992008,-309.08,-969.73,18.55,-1.22,-0.67,0.37,34.50
1876,37997803,-313.96,-975.59,6.84,-0.67,-0.73,0.06,34.31
1877,38001852,-309.08,-969.73,19.04,-0.61,-0.67,0.30,34.36
1878,38005901,-311.52,-974.61,15.14,-1.16,-0.73,0.37,34.64
1879,38009959,-309.57,-974.12,13.18,-0.61,-0.73,0.00,34.64
1880,38014008,-304.69,-968.75,14.16,-0.43,-0.73,0.18,34.31
1881,38019803,-307.13,-972.66,15.62,-1.16,-0.79,0.30,34.36
1882,38023852,-305.18,-970.21,12.21,-0.30,-0.85,0.24,34.40
1883,38027901,-307.62,-966.80,19.53,-0.55,-0.61,0.55,34.69
1884,38031959,-310.06,-976.56,8.79,-1.28,-0.67,0.43,34.40
1885,38036008,-312.01,-977.54,11.23,-0.49,-0.30,0.24,34.40
1886,38041803,-307.13,-974.12,20.51,-0.67,-0.73,0.24,34.50
1887,38045852,-313.48,-973.14,13.67,-1.28,-0.55,0.43,34.55
1888,38049901,-305.66,-969.73,15.14,-0.73,-0.61,0.24,34.50
1889,38053959,-308.11,-970.70,17.58,-0.55,-0.73,0.37,34.55
1890,38058008,-309.57,-967.77,17.09,-1.28,-0.73,0.18,34.36
1891,38063803,-311.04,-970.21,14.65,-0.55,-0.73,0.24,34.69
1892,38067852,-308.11,-969.24,23.93,-0.55,-0.49,0.24,34.64
1893,38071901,-308.59,-972.66,10.74,-1.04,-0.73,0.30,34.64
1894,38075959,-310.06,-971.19,7.32,-0.55,-0.73,0.37,34.50
1895,38081803,-309.57,-972.17,20.02,-0.79,-0.85,0.30,34.55
1896,38085852,-312.99,-971.68,10.74,-0.91,-0.61,0.55,34.40
1897,38089901,-310.06,-973.63,12.21,-0.49,-0.67,0.06,34.40
1898,38093959,-315.43,-973.14,21.48,-0.73,-0.73,0.37,34.40
1899,38098008,-312.99,-971.19,13.67,-0.98,-0.73,0.37,34.69
1900,38103803,-311.52,-973.63,10.74,-0.61,-0.61,0.18,34.40
1901,38107852,-310.55,-974.61,16.60,-0.91,-0.61,0.12,34.50
1902,38111901,-307.62,-976.07,12.70,-0.98,-0.73,0.37,34.40
1903,38115959,-306.64,-974.61,15.14,-0.61,-0.55,0.30,34.40
1904,38120008,-312.01,-970.21,15.62,-0.79,-0.55,0.06,34.50
1905,38125803,-309.57,-968.75,14.16,-1.04,-0.73,0.30,34.64
1906,38129852,-307.62,-972.66,20.02,-0.55,-0.61,0.37,34.50
1907,38133901,-305.66,-973.14,17.09,-1.04,-0.49,0.55,34.36
1908,38137959,-310.55,-969.24,9.77,-0.91,-0.49,0.24,34.40
1909,38142008,-309.08,-970.21,16.11,-0.55,-0.55,0.06,34.55
1910,38147803,-307.62,-969.24,18.07,-0.91,-0.73,0.30,34.69
1911,38151852,-308.11,-968.26,13.67,-0.98,-0.79,0.24,34.64
1912,38155901,-307.62,-973.63,15.62,-0.85,-0.67,0.00,34.40
1913,38159959,-310.55,-970.21,15.62,-0.85,-0.73,0.24,34.36
1914,38164008,-307.62,-974.61,8.79,-0.79,-0.61,0.30,34.64
1915,38169803,-309.57,-970.21,13.67,-0.49,-0.55,0.24,34.40
1916,38173852,-309.57,-973.14,16.60,-1.04,-0.85,0.37,34.64
1917,38177901,-304.69,-970.70,13.67,-0.73,-0.55,0.18,34.64
1918,38181959,-309.57,-969.24,17.09,-0.61,-0.67,0.18,34.50
1919,38186008,-309.57,-974.61,19.53,-1.10,-0.49,0.24,34.50
1920,38191803,-307.62,-972.66,10.25,-0.61,-0.67,0.24,34.40
1921,38195852,-306.15,-974.12,17.58,-0.55,-0.55,0.30,34.31
1922,38199901,-312.50,-970.21,14.65,-0.85,-0.85,0.43,34.55
1923,38203959,-309.57,-971.19,15.14,-0.73,-0.91,0.30,34.31
1924,38208008,-309.08,-969.73,20.51,-0.37,-0.79,0.12,34.21
1925,38213803,-309.57,-969.24,18.07,-1.16,-0.73,0.18,34.21
1926,38217852,-307.13,-971.19,18.55,-0.55,-0.79,0.24,34.21
1927,38221901,-307.13,-973.63,21.00,-0.61,-0.67,0.24,34.64
1928,38225959,-312.01,-970.70,9.28,-0.91,-0.98,0.30,34.36
1929,38230008,-307.13,-973.63,11.23,-0.67,-0.49,0.18,34.31
1930,38235803,-308.59,-970.70,21.97,-0.73,-0.73,0.43,34.12
1931,38239852,-311.04,-971.68,10.74,-1.10,-0.67,0.30,34.50
1932,38243901,-307.13,-972.17,12.70,-0.43,-1.04,0.06,34.40
1933,38247959,-312.01,-973.14,18.55,-0.85,-0.61,0.06,34.55
1934,38252008,-313.96,-975.10,15.14,-1.10,-0.67,0.30,34.40
1935,38257803,-310.06,-970.70,10.25,-0.49,-0.67,0.30,34.31
1936,38261852,-305.66,-975.10,22.46,-0.85,-0.61,0.30,34.64
1937,38265901,-310.06,-977.05,10.74,-0.85,-0.61,0.24,34.50
1938,38269959,-306.15,-970.70,17.58,-0.61,-0.79,0.24,34.64
1939,38274008,-306.15,-970.21,23.93,-0.85,-0.73,0.37,34.69
1940,38279803,-307.62,-976.07,18.07,-0.79,-0.73,0.24,34.40
1941,38283852,-305.66,-972.17,15.14,-0.43,-0.98,0.00,34.64
1942,38287901,-306.64,-974.12,15.62,-0.79,-0.67,0.24,34.50
1943,38291959,-310.06,-974.61,8.30,-1.10,-0.55,0.37,34.40
1944,38297803,-310.06,-973.14,16.60,-0.49,-0.85,0.43,34.55
1945,38301852,-311.04,-971.68,19.04,-0.91,-0.67,0.37,34.69
1946,38305901,-312.50,-971.68,12.70,-0.91,-0.79,0.30,34.64
1947,38309959,-308.59,-969.73,13.67,-0.43,-0.85,0.12,34.64
1948,38314008,-306.15,-971.68,17.58,-0.73,-0.85,0.24,34.64
1949,38319803,-310.06,-975.10,10.74,-1.10,-0.55,0.24,34.50
1950,38323852,-304.69,-972.17,16.11,-0.43,-0.73,0.12,34.64
1951,38327901,-312.50,-969.24,20.51,-0.98,-0.61,0.18,34.50
1952,38331959,-309.08,-973.14,13.67,-1.28,-0.67,0.24,34.69
1953,38336008,-310.55,-969.73,13.18,-0.30,-0.91,0.18,34.69
1954,38341803,-308.59,-971.19,19.04,-1.28,-0.55,0.37,34.69
1955,38345852,-309.57,-974.61,9.77,-0.85,-0.79,0.24,34.50
1956,38349901,-303.71,-971.68,19.04,-0.30,-0.67,0.06,34.64
1957,38353959,-306.15,-967.29,14.65,-1.10,-0.67,0.49,34.50
1958,38358008,-304.69,-972.66,13.67,-0.85,-0.79,0.37,34.64
1959,38363803,-305.66,-969.24,15.14,-0.49,-0.67,0.06,34.50
1960,38367852,-307.13,-976.56,15.14,-1.28,-0.61,0.06,34.64
1961,38371901,-310.06,-975.10,12.70,-0.91,-0.79,0.18,34.55
1962,38375959,-303.71,-967.77,19.53,-0.43,-0.91,0.12,34.31
1963,38380008,-307.13,-970.70,18.07,-1.10,-0.67,0.12,34.88
1964,38385803,-306.64,-976.56,10.74,-0.91,-0.55,0.18,34.55
1965,38389852,-308.11,-969.73,22.95,-0.61,-0.61,0.18,34.50
1966,38393901,-308.59,-973.14,13.67,-0.98,-0.67,0.43,34.64
1967,38397959,-310.55,-970.70,10.25,-0.55,-0.79,0.55,34.40
1968,38402008,-308.59,-973.14,17.58,-0.43,-0.55,0.18,34.40
1969,38407803,-304.20,-971.19,16.60,-1.04,-0.79,0.24,34.21
1970,38411852,-309.08,-974.61,10.25,-0.67,-0.73,0.06,34.40
1971,38415901,-310.06,-976.07,19.04,-0.85,-0.79,0.06,34.64
1972,38419959,-306.15,-969.73,12.70,-0.79,-0.61,0.43,34.31
1973,38424008,-307.62,-974.12,16.60,-0.55,-0.85,0.30,34.55
1974,38429803,-308.59,-970.70,21.48,-0.61,-0.85,0.37,34.40
1975,38433852,-311.04,-972.17,12.70,-1.10,-0.55,0.12,34.40
1976,38437901,-315.43,-970.21,11.72,-0.85,-0.49,0.37,34.55
1977,38441959,-308.11,-972.66,17.09,-0.79,-0.43,0.18,34.64
1978,38446008,-305.66,-976.56,16.11,-0.98,-0.67,0.30,34.50
1979,38451803,-309.57,-975.10,13.18,-0.49,-0.91,0.30,34.50
1980,38455852,-312.01,-971.19,18.07,-0.79,-0.61,0.24,34.55
1981,38459901,-309.08,-972.66,11.23,-0.98,-0.67,0.30,34.40
1982,38463959,-313.48,-971.19,18.55,-0.67,-0.67,0.49,34.50
1983,38468008,-310.55,-971.68,17.09,-1.10,-0.73,0.30,34.40
1984,38473803,-310.55,-970.21,12.21,-0.98,-0.61,0.49,34.36
1985,38477852,-309.08,-970.70,16.60,-0.55,-0.61,0.18,34.74
1986,38481901,-307.62,-974.12,18.07,-0.91,-0.98,0.49,34.21
1987,38485959,-311.04,-972.66,15.14,-0.85,-0.85,0.30,34.64
1988,38490008,-307.62,-969.24,18.55,-0.61,-0.91,0.49,34.31
1989,38495803,-309.08,-972.17,20.02,-0.91,-0.43,0.24,34.64
1990,38499852,-307.62,-973.14,6.35,-0.49,-0.73,0.30,34.74
1991,38503901,-304.20,-971.68,19.53,-0.37,-0.55,0.24,34.69
1992,38507959,-309.08,-976.56,15.62,-1.10,-0.61,0.37,34.21
1993,38513803,-306.64,-974.61,11.23,-0.91,-0.91,0.24,34.55
1994,38517852,-308.59,-971.68,20.02,-0.79,-0.61,0.37,34.69
1995,38521901,-310.55,-975.10,17.09,-1.28,-0.61,0.37,34.50
1996,38525959,-306.15,-971.19,12.21,-0.61,-0.79,0.37,34.64
1997,38530008,-308.59,-969.24,20.02,-0.24,-0.61,0.43,34.64
1998,38534057,-310.06,-971.68,14.65,-1.16,-0.61,0.37,34.40
1999,38539803,-311.04,-974.61,13.67,-0.55,-0.55,0.24,34.64
2000,38543852,-309.08,-973.14,19.04,-0.55,-0.85,0.24,34.40
2001,38547901,-310.55,-974.12,11.23,-1.34,-0.55,0.30,34.21
2002,38551959,-309.08,-971.19,14.65,-0.55,-0.55,0.18,34.64
2003,38557803,-310.06,-972.66,18.55,-0.85,-0.61,0.43,34.40
2004,38561852,-316.41,-971.19,10.25,-1.16,-0.30,0.24,34.55
2005,38565901,-309.57,-975.59,14.16,-0.61,-0.61,-0.06,34.50
2006,38569959,-303.71,-964.84,24.90,-0.43,-0.79,0.12,34.31
2007,38574008,-309.57,-972.17,14.65,-1.16,-0.55,0.49,34.69
2008,38579803,-301.27,-969.73,12.21,-0.55,-0.85,0.18,34.55
2009,38583852,-305.66,-961.91,17.58,-0.85,-0.49,0.37,34.74
2010,38587901,-311.04,-971.19,14.16,-1.22,-0.61,0.18,34.64
2011,38591959,-308.11,-970.70,14.65,-0.61,-0.98,0.30,34.31
2012,38596008,-307.62,-973.14,18.55,-0.61,-0.49,0.37,34.50
2013,38601803,-306.64,-974.61,13.67,-1.28,-0.73,0.43,34.55
2014,38605852,-306.64,-966.31,16.11,-0.55,-0.79,0.12,34.40
2015,38609901,-306.64,-967.29,21.00,-0.73,-0.61,0.06,34.55
2016,38613959,-309.57,-968.75,11.72,-1.04,-0.79,0.43,34.55
2017,38618008,-310.06,-975.59,16.60,-0.24,-0.67,0.00,34.69
2018,38623803,-309.08,-968.26,21.00,-0.61,-0.91,-0.06,34.50
2019,38627852,-309.57,-968.75,11.72,-0.85,-0.85,-0.12,34.64
2020,38631901,-305.66,-968.75,15.14,-0.49,-0.91,0.06,34.40
2021,38635959,-307.13,-970.21,19.04,-0.73,-0.73,0.30,34.64
2022,38640008,-308.59,-976.56,14.65,-0.98,-0.49,0.37,34.50
2023,38645803,-309.57,-973.63,13.18,-0.67,-0.49,0.43,34.36
2024,38649852,-303.71,-971.19,20.51,-1.04,-0.55,0.24,34.21
2025,38653901,-306.15,-972.17,14.65,-1.22,-0.85,0.30,34.55
2026,38657959,-311.04,-972.66,12.21,-0.43,-0.67,0.18,34.40
2027,38662008,-304.69,-970.21,15.62,-0.85,-0.73,0.30,34.55
2028,38667803,-308.11,-977.05,10.25,-1.10,-0.85,0.30,34.36
2029,38671852,-308.11,-969.73,18.55,-0.73,-0.73,0.24,34.64
2030,38675901,-308.11,-971.19,15.62,-0.85,-0.67,0.49,34.64
2031,38679959,-310.55,-973.63,12.70,-0.79,-0.55,0.30,34.31
2032,38684008,-307.62,-974.61,18.55,-0.43,-0.79,0.00,34.21
2033,38689803,-304.20,-966.80,22.95,-0.73,-0.61,0.12,34.31
2034,38693852,-313.48,-971.19,14.16,-0.85,-0.30,0.37,34.50
2035,38697901,-310.55,-966.31,18.07,-0.61,-0.73,0.18,34.55
2036,38701959,-306.15,-971.68,14.16,-0.85,-0.67,0.18,34.36
2037,38706008,-306.64,-972.66,15.14,-0.85,-0.91,0.30,34.40
2038,38711803,-307.13,-972.66,18.55,-0.67,-0.67,0.30,34.69
2039,38715852,-310.55,-977.54,14.16,-1.22,-0.79,0.18,34.50
2040,38719901,-309.57,-969.24,9.77,-0.73,-0.61,0.12,34.40
2041,38723959,-307.62,-968.26,17.09,-0.79,-0.73,0.37,34.55
2042,38728008,-310.55,-968.75,13.67,-0.98,-0.67,0.43,34.40
2043,38733803,-308.11,-970.70,10.25,-0.61,-0.49,0.24,34.64
2044,38737852,-309.08,-971.68,22.95,-0.79,-0.67,0.00,34.40
2045,38741901,-310.55,-971.19,13.67,-0.85,-0.49,0.18,34.36
2046,38745959,-313.96,-965.82,19.04,-0.73,-0.67,0.30,34.74
2047,38751803,-311.52,-970.21,18.55,-0.43,-0.67,0.30,34.64
2048,38755852,-308.11,-969.24,9.77,-1.10,-0.55,0.18,34.36
2049,38759901,-307.62,-967.29,14.65,-0.61,-0.79,0.24,34.36
2050,38763959,-307.13,-970.70,19.04,-0.79,-0.85,0.24,34.55
2051,38768008,-307.62,-971.19,11.23,-0.91,-0.67,0.12,34.40
2052,38773803,-310.55,-974.12,10.74,-0.55,-0.79,0.12,34.50
2053,38777852,-309.57,-969.73,15.62,-0.91,-0.67,0.06,34.83
2054,38781901,-311.04,-972.66,10.74,-1.04,-0.61,0.24,34.50
2055,38785959,-306.64,-968.26,19.04,-0.67,-0.73,0.37,34.31
2056,38790008,-305.66,-971.68,20.02,-1.04,-0.49,0.18,34.69
2057,38795803,-305.18,-967.29,14.65,-0.85,-0.61,0.24,34.55
2058,38799852,-308.59,-969.73,16.11,-0.43,-0.79,0.06,34.64
2059,38803901,-309.08,-974.61,17.09,-0.98,-0.67,0.37,34.40
2060,38807959,-307.13,-975.10,8.79,-1.10,-0.67,0.30,34.50
2061,38812008,-308.11,-970.21,15.14,-0.49,-0.73,0.18,34.64
2062,38817803,-311.04,-968.75,21.97,-0.91,-0.73,0.49,34.64
2063,38821852,-309.08,-974.12,9.28,-0.67,-0.67,0.37,34.64
2064,38825901,-307.62,-967.77,14.16,-0.30,-0.98,0.18,34.88
2065,38829959,-305.18,-975.59,16.60,-1.10,-0.55,0.30,34.50
2066,38834008,-312.50,-974.12,8.30,-0.85,-0.79,0.24,34.55
2067,38839803,-308.11,-967.77,11.72,-0.55,-0.85,0.24,34.64
2068,38843852,-309.08,-970.21,15.62,-1.16,-0.73,0.18,34.40
2069,38847901,-311.04,-973.14,7.81,-0.85,-0.79,0.24,34.50
2070,38851959,-308.11,-969.24,18.07,-0.49,-0.85,0.30,34.50
2071,38856008,-307.13,-972.66,14.65,-1.10,-0.85,0.24,34.69
2072,38861803,-308.11,-975.10,9.77,-0.79,-0.61,0.24,34.55
2073,38865852,-304.20,-968.26,20.02,-0.43,-0.85,0.12,34.31
2074,38869901,-308.11,-968.75,17.58,-0.98,-0.79,0.49,34.64
2075,38873959,-312.50,-974.12,11.23,-0.91,-0.61,0.30,34.64
2076,38878008,-309.08,-969.24,17.09,-0.55,-0.67,0.43,34.50
2077,38883803,-307.62,-973.63,13.18,-1.04,-0.73,0.37,34.36
2078,38887852,-313.48,-970.70,11.72,-0.61,-0.79,0.06,34.31
2079,38891901,-308.11,-971.19,21.00,-0.43,-0.55,0.12,34.64
2080,38895959,-310.06,-972.17,18.55,-1.22,-0.67,0.37,34.50
2081,38900008,-311.52,-972.17,11.72,-1.04,-0.73,0.06,34.31
2082,38905803,-302.73,-970.70,19.04,-0.43,-0.79,0.30,34.55
2083,38909852,-308.11,-969.24,11.72,-0.91,-0.67,0.18,34.36
2084,38913901,-309.57,-972.66,8.79,-0.79,-0.55,0.30,34.40
2085,38917959,-308.59,-967.77,19.53,-0.61,-0.61,0.37,34.36
2086,38922008,-309.08,-970.70,16.11,-1.28,-0.49,0.24,34.40
2087,38927803,-310.55,-972.66,7.32,-0.85,-0.67,0.06,34.21
2088,38931852,-303.71,-965.33,22.95,-0.73,-0.61,0.18,34.64
2089,38935901,-310.55,-972.17,16.60,-1.34,-0.49,0.37,34.55
2090,38939959,-310.06,-974.61,14.16,-0.49,-0.79,0.12,34.40
2091,38944008,-306.15,-972.17,17.58,-0.67,-0.91,0.30,34.36
2092,38949803,-310.06,-976.07,17.09,-1.34,-0.91,0.43,34.64
2093,38953852,-309.08,-975.10,10.25,-0.67,-0.61,0.24,34.50
2094,38957901,-308.59,-972.17,21.97,-0.91,-0.61,0.43,34.36
2095,38961959,-311.04,-972.17,12.70,-0.85,-0.91,0.24,34.36
2096,38967803,-308.59,-967.77,14.16,-0.67,-0.67,0.24,34.69
2097,38971852,-308.11,-971.19,18.07,-0.98,-0.67,0.24,34.55
2098,38975901,-306.64,-971.68,13.18,-1.10,-0.55,0.30,34.21
2099,38979959,-309.57,-975.59,19.04,-0.73,-0.73,0.18,34.40
2100,38984008,-307.13,-968.26,14.65,-0.55,-0.37,0.24,34.69
2101,38989803,-308.59,-969.24,16.11,-0.79,-0.55,0.37,34.88
2102,38993852,-308.59,-966.80,18.55,-0.49,-0.49,0.06,34.74
2103,38997901,-311.04,-967.29,17.09,-0.98,-0.73,0.43,34.64
2104,39001959,-308.59,-975.10,11.72,-1.04,-0.98,0.37,34.21
2105,39006008,-308.11,-972.17,13.67,-0.67,-0.85,0.18,34.64
2106,39011803,-307.13,-971.68,20.02,-1.04,-0.91,0.24,34.55
2107,39015852,-314.94,-973.63,13.67,-0.79,-0.91,0.24,34.40
2108,39019901,-308.11,-969.73,16.60,-0.49,-0.79,0.49,34.50
2109,39023959,-306.64,-970.21,19.53,-1.04,-0.85,0.24,34.55
2110,39028008,-308.11,-970.21,13.67,-0.79,-0.55,0.37,34.50
2111,39033803,-305.18,-973.63,16.11,-0.67,-0.85,0.06,34.31
2112,39037852,-310.06,-971.19,13.67,-0.98,-0.67,0.30,34.50
2113,39041901,-310.06,-972.17,15.62,-0.91,-0.61,0.18,34.55
2114,39045959,-304.20,-970.70,19.04,-0.43,-0.91,0.06,34.21
2115,39050008,-305.66,-973.63,13.18,-0.85,-0.79,0.12,34.64
2116,39055803,-311.04,-970.21,13.18,-0.85,-0.79,0.37,34.50
2117,39059852,-307.13,-970.70,19.53,-0.67,-0.73,0.37,34.40
2118,39063901,-309.08,-969.73,15.14,-1.04,-0.43,0.37,34.69
2119,39067959,-307.13,-967.29,13.18,-0.98,-0.98,0.06,34.64
2120,39072008,-304.69,-968.75,19.04,-0.61,-0.73,0.12,34.50
2121,39077803,-310.55,-974.61,15.14,-0.85,-0.73,0.37,34.64
2122,39081852,-305.66,-970.21,16.60,-0.43,-0.85,0.24,34.31
2123,39085901,-312.50,-969.24,22.95,-0.73,-0.79,0.18,34.64
2124,39089959,-308.59,-974.61,15.62,-1.28,-0.67,0.37,34.40
2125,39094008,-310.55,-971.19,9.28,-0.85,-0.67,0.37,34.50
2126,39099803,-304.20,-971.68,19.04,-0.67,-0.67,0.30,34.40
2127,39103852,-308.11,-973.14,11.23,-1.16,-0.55,0.18,34.40
2128,39107901,-307.13,-971.19,12.21,-0.73,-0.61,0.18,34.55
2129,39111959,-307.13,-971.19,20.51,-0.79,-0.79,0.18,34.55
2130,39116008,-312.01,-970.70,14.16,-1.28,-0.55,0.37,34.31
2131,39121803,-308.59,-976.07,7.81,-0.61,-0.49,0.43,34.21
2132,39125852,-304.20,-972.17,18.07,-1.04,-0.67,0.24,34.36
2133,39129901,-308.11,-976.07,13.18,-1.10,-0.73,0.18,34.50
2134,39133959,-310.55,-973.14,13.67,-0.55,-0.91,0.18,34.50
2135,39138008,-307.62,-973.14,19.53,-0.67,-0.55,0.24,34.21
2136,39143803,-308.11,-971.68,16.11,-1.10,-0.79,0.18,34.31
2137,39147852,-310.06,-974.12,13.67,-0.37,-0.55,0.00,34.88
2138,39151901,-309.08,-969.24,21.97,-0.43,-0.67,0.30,34.83
2139,39155959,-304.69,-975.59,13.18,-1.04,-0.67,0.37,34.40
2140,39160008,-307.13,-973.14,13.18,-0.49,-0.49,0.24,34.50
2141,39165803,-307.62,-972.17,18.07,-0.79,-0.85,0.18,34.40
2142,39169852,-312.50,-973.63,15.14,-0.85,-0.73,0.12,34.40
2143,39173901,-308.59,-970.21,13.67,-0.55,-0.73,0.24,34.50
2144,39177959,-305.66,-972.17,21.97,-0.98,-0.67,0.24,34.64
2145,39183803,-303.22,-973.14,12.21,-1.28,-0.79,0.30,34.50
2146,39187852,-309.08,-971.19,17.09,-0.61,-0.61,0.18,34.64
2147,39191901,-303.71,-970.70,21.97,-0.98,-0.61,0.24,34.64
2148,39195959,-309.08,-977.05,12.70,-0.91,-0.79,0.18,34.64
2149,39200008,-305.66,-972.66,14.16,-0.55,-0.55,0.00,34.36
2150,39205803,-309.08,-971.19,21.97,-1.10,-0.49,0.12,34.50
2151,39209852,-309.08,-972.66,6.35,-0.79,-0.73,0.30,34.88
2152,39213901,-308.59,-971.68,17.09,-0.49,-0.79,0.06,34.50
2153,39217959,-309.57,-966.80,21.00,-0.85,-0.73,0.37,34.50
2154,39222008,-312.01,-975.10,8.79,-1.34,-0.67,0.37,34.64
2155,39227803,-310.06,-975.10,13.67,-0.24,-0.73,0.00,34.74
2156,39231852,-307.62,-972.66,20.51,-0.91,-0.55,0.37,34.69
2157,39235901,-310.55,-972.17,9.28,-0.73,-0.55,0.30,34.64
2158,39239959,-308.11,-970.70,19.04,-0.67,-0.49,0.18,34.40
2159,39244008,-308.11,-969.73,14.65,-0.73,-0.61,0.30,34.50
2160,39249803,-307.62,-971.68,6.35,-1.04,-0.79,0.37,34.40
2161,39253852,-312.01,-968.75,15.62,-0.67,-0.85,0.30,34.40
2162,39257901,-305.66,-970.21,20.51,-0.85,-0.67,0.49,34.64
2163,39261959,-308.59,-974.12,10.74,-0.98,-0.85,0.18,34.36
2164,39266008,-304.20,-973.63,13.18,-0.61,-0.73,0.06,34.74
2165,39271803,-310.06,-971.68,15.62,-0.79,-0.67,0.12,34.69
2166,39275852,-310.55,-970.21,11.72,-0.85,-0.49,0.12,34.69
2167,39279901,-309.08,-968.26,20.51,-0.49,-0.79,0.00,34.55
2168,39283959,-306.15,-970.21,14.65,-1.04,-0.73,0.12,34.50
2169,39288008,-309.08,-974.12,12.70,-1.10,-0.79,0.30,34.50
2170,39293803,-304.20,-970.70,16.11,-0.43,-0.67,0.12,34.55
2171,39297852,-306.64,-973.14,15.62,-1.22,-0.73,0.37,34.50
2172,39301901,-308.11,-973.63,9.77,-0.98,-0.67,0.24,34.40
2173,39305959,-309.57,-971.19,17.09,-0.55,-0.98,0.00,34.40
2174,39310008,-309.08,-969.24,16.60,-1.10,-0.79,0.37,34.40
2175,39315803,-306.64,-968.26,12.70,-0.91,-0.85,0.24,34.50
2176,39319852,-308.59,-970.21,13.67,-0.79,-0.67,0.18,34.40
2177,39323901,-305.66,-972.66,12.21,-0.73,-0.73,0.24,34.40
2178,39327959,-310.06,-973.63,10.25,-0.61,-0.91,0.18,34.64
2179,39332008,-310.06,-969.73,13.18,-0.49,-0.49,0.12,34.69
2180,39337803,-308.59,-969.24,14.65,-1.04,-0.73,0.30,34.40
2181,39341852,-308.59,-970.70,11.72,-0.49,-0.73,0.37,34.31
2182,39345901,-309.08,-968.26,19.53,-0.85,-0.67,0.37,34.31
2183,39349959,-308.11,-975.59,12.70,-1.10,-0.79,0.43,34.69
2184,39354008,-309.08,-975.10,14.65,-0.79,-0.61,0.37,34.21
2185,39359803,-305.66,-967.77,20.51,-0.79,-0.67,0.12,34.31
2186,39363852,-310.55,-978.03,12.70,-0.91,-0.79,0.24,34.64
2187,39367901,-305.66,-973.14,20.51,-0.79,-0.73,0.30,34.64
2188,39371959,-307.62,-974.61,17.09,-1.04,-0.67,0.30,34.50
2189,39376008,-311.52,-972.17,13.18,-1.04,-0.85,0.30,34.31
2190,39381803,-303.71,-972.17,11.23,-0.49,-0.85,0.30,34.64
2191,39385852,-309.57,-971.19,14.16,-0.98,-0.55,0.12,34.55
2192,39389901,-313.48,-971.68,13.18,-1.34,-0.67,0.06,34.50
2193,39393959,-308.59,-971.19,13.67,-0.67,-0.61,0.00,34.64
2194,39398008,-310.55,-967.29,18.55,-1.10,-0.43,0.37,34.21
2195,39403803,-309.08,-976.07,8.79,-1.16,-0.61,0.12,34.64
2196,39407852,-306.64,-967.77,17.58,-0.37,-0.55,0.12,34.93
2197,39411901,-311.04,-969.73,15.62,-0.85,-0.85,0.12,34.64
2198,39415959,-308.11,-974.61,13.67,-1.04,-0.85,0.18,34.64
2199,39421803,-306.15,-970.70,14.65,-0.49,-0.79,0.24,34.88
2200,39425852,-306.15,-968.75,16.11,-0.91,-0.79,0.12,34.64
2201,39429901,-307.13,-972.66,10.74,-0.98,-0.73,0.30,34.55
2202,39433959,-309.57,-967.77,16.60,-0.24,-0.85,0.43,34.40
2203,39438008,-308.11,-972.66,18.55,-0.79,-0.55,0.49,34.74
2204,39443803,-311.04,-974.61,10.74,-0.85,-0.73,0.24,34.40
2205,39447852,-306.64,-970.21,20.02,-0.43,-0.67,0.24,34.64
2206,39451901,-308.11,-970.21,18.55,-1.10,-0.67,0.00,34.40
2207,39455959,-309.08,-978.03,11.72,-1.10,-0.67,-0.06,34.50
2208,39460008,-306.15,-967.77,16.11,-0.37,-0.79,0.24,34.40
2209,39465803,-306.15,-968.75,17.58,-1.16,-0.67,0.18,34.69
2210,39469852,-312.01,-976.07,4.88,-0.98,-0.73,0.00,34.55
2211,39473901,-312.50,-968.26,13.67,-0.49,-0.73,0.00,34.40
2212,39477959,-304.20,-973.63,16.11,-1.22,-0.43,0.24,34.40
2213,39482008,-312.01,-976.56,8.30,-0.98,-0.73,-0.12,34.50
2214,39487803,-305.18,-971.68,17.09,-0.67,-0.79,0.00,34.64
2215,39491852,-313.48,-973.63,18.07,-1.16,-0.67,0.37,34.55
2216,39495901,-314.94,-971.68,11.23,-0.79,-0.49,0.30,34.69
2217,39499959,-310.55,-965.82,21.00,-0.24,-0.91,0.18,34.31
2218,39504008,-311.52,-969.24,18.07,-0.85,-0.61,0.37,34.74
2219,39509803,-311.52,-972.66,8.79,-0.98,-0.61,0.30,34.40
2220,39513852,-309.57,-969.24,21.97,-0.43,-0.43,0.18,34.88
2221,39517901,-309.57,-971.68,15.62,-1.04,-0.91,0.61,34.64
2222,39521959,-306.64,-977.54,11.72,-0.67,-0.73,0.37,34.74
2223,39526008,-307.62,-970.21,13.67,-0.30,-0.61,0.12,34.16
2224,39531803,-307.62,-972.17,19.04,-0.91,-0.67,0.24,34.55
2225,39535852,-311.04,-969.73,7.32,-0.73,-0.85,0.37,34.16
2226,39539901,-307.62,-972.17,21.00,-0.55,-0.55,0.18,34.50
2227,39543959,-312.01,-970.21,13.67,-1.04,-0.61,0.30,34.64
2228,39548008,-312.50,-977.54,11.23,-1.16,-0.67,0.37,34.64
2229,39553803,-305.66,-971.68,16.11,-0.49,-0.79,0.18,34.21
2230,39557852,-307.13,-974.12,14.65,-0.91,-0.67,0.24,34.40
2231,39561901,-311.04,-971.68,12.70,-0.67,-0.67,0.49,34.40
2232,39565959,-306.15,-971.19,17.09,-0.37,-0.67,0.30,34.55
2233,39570008,-311.04,-970.21,18.07,-1.04,-0.67,0.30,34.40
2234,39575803,-312.50,-977.05,10.25,-0.73,-0.55,0.18,34.21
2235,39579852,-308.11,-968.26,16.11,-0.55,-0.85,0.43,34.31
2236,39583901,-310.55,-975.10,15.14,-1.22,-0.85,0.12,34.50
2237,39587959,-305.66,-973.63,8.30,-0.85,-0.85,0.12,34.40
2238,39592008,-308.11,-972.66,15.62,-0.61,-0.85,0.18,34.64
2239,39597803,-308.11,-973.14,12.21,-0.98,-0.55,0.24,34.36
2240,39601852,-308.11,-974.61,13.67,-0.55,-0.55,0.18,34.64
2241,39605901,-305.18,-967.29,21.48,-0.49,-0.61,0.43,34.74
2242,39609959,-305.18,-968.75,19.04,-1.10,-0.67,0.37,34.64
2243,39614008,-312.01,-971.68,9.77,-0.55,-0.49,0.06,34.21
2244,39619803,-307.62,-972.17,20.02,-0.49,-0.85,0.49,34.50
2245,39623852,-309.57,-974.12,9.28,-0.98,-0.79,0.24,34.64
2246,39627901,-309.08,-978.03,19.53,-0.73,-0.55,0.43,34.64
2247,39631959,-308.11,-968.75,17.09,-0.61,-0.55,0.37,34.50
2248,39637803,-306.15,-976.56,14.16,-0.85,-0.85,0.49,34.36
2249,39641852,-310.06,-972.66,15.14,-0.67,-0.91,0.30,34.40
2250,39645901,-311.04,-971.68,18.55,-0.61,-0.55,0.24,34.40
2251,39649959,-309.57,-969.24,16.11,-0.91,-0.61,0.12,34.64
2252,39654008,-313.96,-973.63,8.30,-0.49,-0.67,0.43,34.36
2253,39659803,-309.08,-969.73,12.21,-0.79,-0.67,0.18,34.64
2254,39663852,-313.96,-972.66,8.30,-0.91,-0.73,0.12,34.40
2255,39667901,-312.99,-968.75,14.65,-0.49,-0.67,0.49,34.50
2256,39671959,-308.11,-969.73,20.51,-0.49,-0.79,0.30,34.21
2257,39676008,-311.52,-972.66,15.14,-0.98,-0.85,0.30,34.64
2258,39681803,-306.15,-974.61,13.67,-0.73,-0.49,0.00,34.64
2259,39685852,-307.13,-972.66,14.16,-0.91,-0.91,0.12,34.50
2260,39689901,-311.52,-974.12,11.72,-0.98,-0.61,0.24,34.36
2261,39693959,-306.64,-970.70,14.16,-0.55,-0.61,0.55,34.31
2262,39698008,-308.11,-974.12,13.67,-0.79,-0.85,0.43,34.69
2263,39703803,-309.08,-970.70,15.14,-0.73,-0.49,0.37,34.31
2264,39707852,-312.99,-973.14,20.51,-0.55,-0.91,0.37,34.40
2265,39711901,-309.08,-974.61,17.58,-0.79,-0.67,0.30,34.83
2266,39715959,-308.59,-972.17,10.25,-0.91,-0.67,0.18,34.21
2267,39720008,-309.57,-968.26,8.79,-0.49,-0.91,0.12,34.55
2268,39725803,-306.64,-970.21,17.09,-0.73,-0.91,0.49,34.88
