seq,timestamp_us,ax_mg,ay_mg,az_mg,gx_dps,gy_dps,gz_dps,temp_c
0,29668204,-244.63,-994.14,101.07,-1.22,-0.12,-4.15,33.68
1,29672267,-252.44,-998.54,43.95,-0.49,-1.40,3.35,33.97
2,29677787,-283.20,-976.56,72.75,2.99,0.30,7.99,33.83
3,29681836,-303.71,-962.89,78.12,0.67,0.12,7.20,33.88
4,29685885,-316.41,-962.40,73.24,-0.43,-0.06,3.90,33.97
5,29689943,-308.11,-967.29,68.85,-1.40,-0.61,0.49,33.83
6,29695787,-301.76,-968.75,68.36,-1.40,-0.43,-1.46,34.12
7,29699836,-295.41,-970.70,71.29,-0.98,-0.43,-2.32,34.02
8,29703885,-289.55,-978.52,70.80,-1.22,-0.55,-2.32,33.88
9,29707943,-285.16,-980.96,66.41,-1.34,-0.79,-1.10,33.97
10,29711992,-280.76,-979.00,60.06,-0.85,-0.85,0.61,33.78
11,29717787,-286.13,-971.68,65.92,-0.49,-0.85,1.95,34.02
12,29721836,-294.92,-977.54,70.80,0.06,-0.67,2.26,33.64
13,29725885,-297.36,-974.61,74.71,-0.18,-0.73,1.16,33.64
14,29729943,-298.34,-970.70,71.29,-0.79,-0.61,-0.12,33.97
15,29733992,-291.99,-975.59,71.29,-0.98,-0.67,-0.30,33.78
16,29739787,-288.57,-972.66,67.38,-0.98,-0.67,-0.24,33.78
17,29743836,-280.76,-975.59,69.82,-0.91,-0.79,0.55,33.78
18,29747885,-288.09,-977.54,69.34,-0.61,-0.79,0.67,33.88
19,29751943,-289.06,-980.47,73.24,-0.73,-0.43,0.67,33.88
20,29755992,-294.92,-977.54,76.66,-0.67,-0.67,0.85,33.49
21,29761787,-286.13,-973.14,73.24,-0.67,-0.61,0.98,33.97
22,29765836,-292.48,-973.63,67.38,-0.55,-0.98,1.10,33.59
23,29769885,-291.02,-975.59,70.31,-0.73,-0.61,1.22,33.88
24,29773943,-286.62,-970.21,70.31,-0.85,-0.85,1.16,33.88
25,29777992,-290.04,-972.17,71.78,-0.73,-1.22,1.40,33.97
26,29783787,-292.97,-980.47,74.22,-0.67,-1.16,1.16,33.83
27,29787836,-286.62,-973.63,74.71,-0.98,-1.16,1.10,33.83
28,29791885,-285.64,-977.05,69.34,-0.79,-0.98,1.59,33.68
29,29795943,-288.57,-976.56,66.41,-0.06,-1.04,2.32,33.78
30,29799992,-299.32,-974.61,69.34,0.06,-0.67,2.80,33.64
31,29805787,-297.36,-974.12,71.29,0.00,-0.79,2.44,33.88
32,29809836,-297.36,-967.77,72.27,0.06,-0.67,1.77,33.83
33,29813885,-293.95,-970.70,66.89,0.06,-0.49,1.16,33.83
34,29817943,-290.53,-978.52,69.82,0.49,-0.67,1.28,33.97
35,29823787,-312.99,-963.87,86.91,-0.43,-2.74,0.73,33.97
36,29827836,-320.31,-935.55,98.14,-7.01,-4.82,-3.35,34.02
37,29831885,-281.25,-982.91,107.91,-14.88,-8.60,-5.37,33.64
38,29835943,-236.82,-1030.76,-45.41,-1.10,-5.06,-2.44,33.83
39,29839992,-255.37,-979.98,143.55,10.79,-4.33,6.71,33.64
40,29844042,-284.18,-964.36,98.63,-7.32,-11.22,7.68,33.78
41,29849787,-286.62,-985.84,12.70,0.67,-9.39,8.66,33.83
42,29853836,-336.43,-943.85,127.93,3.35,-9.45,3.96,34.02
43,29857885,-302.73,-961.43,99.12,-8.35,-17.68,-1.28,33.68
44,29861943,-267.09,-990.23,47.85,-7.93,-15.49,-1.04,33.78
45,29867787,-260.74,-1000.00,69.34,-1.22,-9.39,3.23,33.88
46,29871836,-261.72,-988.77,87.89,-1.71,-2.01,9.63,33.83
47,29875885,-280.27,-980.96,48.83,0.24,-0.06,14.21,34.02
48,29879943,-294.43,-980.47,49.32,3.48,-0.37,15.61,33.35
49,29883992,-298.34,-968.75,75.20,5.49,-1.34,16.04,33.88
50,29889787,-295.90,-961.43,73.24,4.09,-2.50,16.22,33.83
51,29893836,-332.52,-957.52,78.12,5.55,0.18,13.96,33.68
52,29897885,-351.56,-956.05,105.96,-0.12,-2.01,6.04,33.83
53,29901943,-334.96,-953.12,73.73,-3.29,-2.44,0.12,33.68
54,29905992,-321.78,-956.05,66.89,-3.17,-1.52,-5.30,33.97
55,29911787,-302.73,-972.17,70.31,-2.62,-2.32,-7.26,33.88
56,29915836,-304.20,-974.61,68.36,-1.40,-1.40,-7.26,33.88
57,29919885,-297.36,-972.17,71.29,-2.20,-2.62,-7.07,33.88
58,29923943,-291.02,-977.54,74.22,-2.44,-2.32,-6.40,33.59
59,29927992,-284.67,-979.49,69.34,-2.13,-1.40,-3.72,33.88
60,29933787,-276.86,-974.12,67.38,-1.52,-1.28,0.61,33.88
61,29937836,-283.20,-987.30,62.99,0.49,-0.43,5.30,33.83
62,29941885,-299.32,-975.59,70.80,1.95,-0.24,6.89,33.88
63,29945943,-312.01,-968.75,85.45,0.18,-1.04,5.98,33.88
64,29949992,-313.48,-962.89,79.10,-2.01,-1.28,3.29,33.97
65,29955787,-308.11,-971.19,72.75,-1.34,-0.55,1.22,33.78
66,29959836,-300.29,-976.07,76.17,-1.16,-0.73,-0.61,33.64
67,29963885,-297.85,-971.19,75.20,-1.89,-1.16,-0.91,34.02
68,29967943,-295.41,-970.70,67.38,-1.77,-0.85,-0.24,33.83
69,29971992,-293.46,-968.75,71.78,-1.40,-0.85,0.37,33.83
70,29977787,-291.50,-972.17,74.22,-1.65,-0.98,1.10,33.78
71,29981836,-291.99,-979.98,72.75,-2.26,-1.16,2.07,33.83
72,29985885,-292.97,-978.03,64.94,-2.13,-1.10,3.29,33.88
73,29989943,-280.27,-981.45,62.01,-0.18,-1.10,5.18,33.97
74,29993992,-293.46,-974.12,58.11,2.13,-0.12,7.26,33.59
75,29999787,-307.62,-965.82,74.71,3.23,0.12,6.71,33.44
76,30003836,-323.24,-958.98,82.52,1.52,0.12,2.99,33.64
77,30007885,-327.64,-959.96,75.68,1.52,0.61,-0.37,33.68
78,30011943,-332.03,-956.05,79.10,1.10,0.18,-5.85,34.02
79,30015992,-321.29,-962.89,83.01,-1.46,-1.52,-11.04,33.59
80,30021787,-306.64,-967.29,75.20,-2.99,-2.56,-14.27,33.88
81,30025836,-288.09,-972.17,76.66,-4.63,-3.23,-14.09,33.83
82,30029885,-264.16,-987.79,68.36,-4.15,-2.20,-11.34,33.88
83,30033943,-253.42,-996.09,54.20,-2.20,-1.59,-5.00,33.83
84,30037992,-267.09,-988.77,55.66,1.59,-0.49,2.01,33.83
85,30043787,-303.71,-979.00,65.92,4.45,0.61,4.70,33.83
86,30047836,-340.82,-956.05,83.98,3.05,-1.83,-0.06,33.83
87,30051885,-372.56,-934.57,101.07,-0.49,-5.24,-7.44,33.88
88,30055943,-377.93,-927.25,101.56,-7.44,-9.15,-21.28,34.12
89,30061787,-381.35,-928.71,92.29,-19.94,-22.20,-36.16,33.97
90,30065836,-355.47,-942.38,67.87,-26.77,-34.15,-52.62,34.16
91,30069885,-327.64,-957.03,44.43,-27.20,-38.41,-62.99,33.83
92,30073943,-270.51,-986.82,44.92,-24.51,-41.22,-66.04,33.83
93,30077992,-233.40,-993.65,64.94,-20.06,-37.13,-61.77,33.83
94,30083787,-223.63,-1000.00,79.10,-19.15,-32.07,-53.90,33.83
95,30087836,-197.27,-1019.04,39.55,-16.71,-30.00,-40.79,33.88
96,30091885,-181.64,-1026.37,49.80,-10.98,-26.16,-26.22,33.88
97,30095943,-189.94,-1027.34,62.01,-8.41,-23.60,-14.39,33.78
98,30099992,-192.87,-1021.48,63.96,-5.12,-17.93,-0.55,33.68
99,30105787,-208.50,-1007.81,60.06,-0.24,-10.30,10.24,34.02
100,30109836,-238.77,-998.54,67.87,3.66,-2.01,18.29,33.83
101,30113885,-260.25,-979.00,86.43,4.02,1.95,20.30,33.88
102,30117943,-272.46,-975.10,72.27,2.50,2.68,20.18,33.64
103,30121992,-279.30,-978.03,68.36,2.13,2.50,17.99,33.88
104,30127787,-275.39,-976.56,64.45,2.13,2.26,15.79,33.97
105,30131836,-271.97,-976.56,67.38,3.11,2.62,13.90,33.68
106,30135885,-276.86,-978.03,65.92,3.23,2.80,12.87,33.88
107,30139943,-287.11,-967.77,72.75,3.23,2.01,10.98,33.64
108,30143992,-293.95,-970.70,71.29,2.07,-0.06,7.07,33.83
109,30149787,-292.48,-966.31,81.54,0.91,-0.43,3.23,33.88
110,30153836,-287.11,-967.29,73.73,-0.61,-0.49,-1.71,33.83
111,30157885,-283.69,-975.59,69.82,-0.85,-0.55,-3.96,33.83
112,30161943,-281.25,-972.66,69.34,-1.28,-1.10,-6.22,33.83
113,30165992,-283.69,-972.66,77.64,-2.13,-1.95,-8.60,33.97
114,30171787,-275.88,-975.59,73.73,-3.41,-2.26,-10.06,33.83
115,30175836,-270.02,-978.52,65.92,-4.27,-2.13,-11.28,33.83
116,30179885,-260.25,-988.28,63.96,-3.66,-1.46,-10.18,34.16
117,30183943,-251.46,-993.16,58.11,-2.99,-1.34,-7.26,33.64
118,30187992,-248.54,-994.14,59.08,-1.65,-1.04,-3.11,33.83
119,30193787,-249.51,-990.72,62.99,-0.30,-0.85,0.98,33.64
120,30197836,-264.65,-983.40,65.92,-0.12,-0.67,4.33,33.64
121,30201885,-268.55,-980.96,73.73,-0.06,-0.91,4.76,33.97
122,30205943,-274.41,-978.52,71.29,-0.24,-0.43,4.45,33.97
123,30209992,-274.90,-977.54,72.75,-0.30,-0.49,3.35,33.68
124,30215787,-278.81,-976.56,69.34,-0.49,-0.49,2.01,33.78
125,30219836,-273.93,-978.03,70.31,-0.49,-0.43,0.37,33.49
126,30223885,-275.88,-979.00,72.27,-0.61,-0.24,-0.73,33.88
127,30227943,-267.58,-979.49,70.31,-0.73,-0.67,-1.52,33.83
128,30231992,-270.02,-977.05,73.24,-0.85,-0.43,-2.01,33.68
129,30237787,-266.11,-980.47,71.29,-0.85,-0.61,-1.34,33.68
130,30241836,-264.16,-983.40,64.94,-0.61,-0.61,-0.49,33.97
131,30245885,-262.70,-985.84,67.87,-0.73,-0.73,0.06,34.02
132,30249943,-264.16,-984.86,71.29,-0.79,-0.85,0.37,33.68
133,30253992,-265.62,-983.40,68.36,-0.67,-0.43,1.04,33.59
134,30259787,-269.04,-979.00,69.34,-0.73,-0.79,1.40,33.88
135,30263836,-269.04,-975.59,73.24,-0.85,-0.73,1.22,34.21
136,30267885,-269.04,-981.93,69.34,-0.55,-0.67,0.55,33.97
137,30271943,-272.95,-979.00,68.36,-0.61,-0.73,0.30,33.88
138,30277787,-269.04,-979.49,63.96,-0.79,-0.61,-0.24,34.02
139,30281836,-273.93,-979.49,68.36,-0.85,-0.67,-0.24,33.83
140,30285885,-271.00,-981.93,64.45,-0.61,-0.49,0.00,34.16
141,30289943,-267.09,-981.45,65.43,-0.79,-0.61,0.18,33.88
142,30293992,-268.55,-977.54,71.78,-0.61,-0.67,0.00,33.83
143,30299787,-267.09,-978.52,66.89,-0.79,-0.55,0.12,34.12
144,30303836,-273.44,-981.93,67.87,-0.79,-0.67,0.06,34.02
145,30307885,-269.53,-978.52,66.41,-0.85,-0.79,0.12,33.88
146,30311943,-268.07,-978.52,66.89,-1.04,-0.67,0.12,33.88
147,30315992,-267.09,-980.47,68.36,-0.43,-0.67,0.37,33.68
148,30321787,-269.53,-981.93,73.24,-0.49,-0.85,0.79,33.78
149,30325836,-270.51,-981.45,71.78,-0.79,-0.85,0.73,33.83
150,30329885,-271.97,-979.98,69.82,-0.67,-0.49,0.49,34.02
151,30333943,-269.04,-981.45,68.85,-0.79,-1.16,0.55,33.68
152,30337992,-268.55,-979.98,66.89,-0.85,-0.73,0.49,33.88
153,30343787,-267.58,-980.96,73.73,-0.67,-0.43,-0.06,33.78
154,30347836,-272.95,-981.45,66.89,-0.98,-0.67,0.18,33.83
155,30351885,-269.04,-979.98,70.80,-0.43,-0.43,0.24,33.78
156,30355943,-269.53,-981.93,70.31,-0.85,-0.49,0.00,33.78
157,30359992,-270.51,-983.89,69.34,-0.61,-0.73,0.00,34.02
158,30365787,-268.55,-982.42,69.34,-0.85,-0.73,0.18,33.83
159,30369836,-270.02,-981.45,69.82,-0.73,-0.61,0.30,33.64
160,30373885,-269.04,-982.91,70.31,-0.85,-0.79,0.24,33.97
161,30377943,-270.51,-981.45,66.41,-0.79,-0.61,0.18,33.88
162,30381992,-266.60,-981.93,62.01,-0.55,-0.73,0.24,33.83
163,30387787,-267.09,-985.84,68.85,-0.79,-0.67,0.37,33.83
164,30391836,-268.07,-983.89,70.31,-0.91,-0.61,0.37,33.88
165,30395885,-272.46,-978.52,68.85,-0.91,-0.61,0.12,33.78
166,30399943,-268.07,-980.47,70.80,-0.73,-0.61,0.06,33.97
167,30403992,-269.04,-979.98,66.41,-0.73,-0.79,0.18,34.02
168,30409787,-270.02,-979.49,68.85,-0.85,-0.49,0.18,33.64
169,30413836,-273.44,-980.47,70.80,-0.79,-0.67,0.30,33.59
170,30417885,-267.09,-980.47,65.92,-0.55,-0.67,0.24,33.97
171,30421943,-265.62,-978.52,70.31,-0.73,-0.85,0.18,33.88
172,30425992,-265.14,-980.96,69.82,-0.55,-0.67,-0.12,33.68
173,30431787,-269.04,-976.56,68.85,-0.73,-0.61,-0.06,33.78
174,30435836,-265.14,-981.45,65.43,-0.91,-0.61,0.24,33.59
175,30439885,-270.02,-982.42,72.27,-0.43,-0.98,0.24,33.97
176,30443943,-266.60,-980.47,67.87,-0.73,-0.79,0.12,33.78
177,30447992,-264.65,-981.45,75.20,-0.67,-0.67,0.12,33.83
178,30453787,-270.02,-982.42,68.36,-0.79,-0.67,0.24,33.83
179,30457836,-272.46,-979.98,70.31,-0.73,-0.73,0.30,33.83
180,30461885,-270.51,-980.96,67.38,-0.79,-0.79,0.24,33.83
181,30465943,-266.60,-980.47,68.85,-0.67,-0.61,0.24,34.12
182,30469992,-268.07,-982.42,69.82,-0.85,-0.85,0.30,33.64
183,30475787,-269.53,-979.00,74.22,-1.10,-0.55,0.12,33.88
184,30479836,-269.04,-981.93,69.82,-0.67,-0.73,-0.06,33.83
185,30483885,-269.53,-978.52,69.34,-0.79,-0.79,0.06,33.88
186,30487943,-269.04,-983.40,74.22,-0.61,-0.67,0.37,33.83
187,30491992,-270.51,-985.84,68.85,-0.85,-0.55,0.43,33.64
188,30497787,-261.72,-977.54,74.22,-0.85,-0.61,0.06,33.97
189,30501836,-272.95,-981.45,65.92,-0.91,-0.49,0.30,34.12
190,30505885,-270.51,-979.49,67.38,-0.85,-0.55,-0.18,33.88
191,30509943,-268.07,-983.89,67.87,-0.67,-0.85,-0.30,33.88
192,30515787,-269.53,-981.45,68.85,-0.85,-1.16,-0.30,34.02
193,30519836,-269.53,-976.56,65.92,-0.79,-0.79,-0.18,34.02
194,30523885,-266.60,-980.96,66.89,-0.91,-0.79,-0.37,33.97
195,30527943,-269.04,-980.47,65.92,-1.04,-0.67,-0.37,34.12
196,30531992,-272.95,-980.47,62.99,-0.98,-1.22,-0.49,33.88
197,30537787,-269.04,-979.98,68.36,-0.79,-1.04,-0.43,33.97
198,30541836,-266.60,-981.93,64.94,-0.91,-1.04,-0.67,33.97
199,30545885,-272.46,-984.37,64.94,-0.85,-0.91,-0.37,33.88
200,30549943,-271.00,-978.03,67.38,-0.85,-0.79,-0.43,33.83
201,30553992,-269.53,-976.07,62.99,-0.85,-0.91,-0.37,33.88
202,30559787,-266.60,-979.49,63.48,-0.91,-0.73,-0.37,33.78
203,30563836,-271.48,-980.96,66.41,-0.91,-0.73,-0.37,33.83
204,30567885,-271.97,-981.93,70.31,-1.04,-0.49,-0.18,33.78
205,30571943,-267.58,-983.89,69.82,-0.73,-0.67,-0.49,33.64
206,30575992,-265.14,-982.42,66.89,-0.85,-0.91,-0.06,33.97
207,30581787,-266.11,-981.45,66.89,-0.73,-0.73,0.00,33.83
208,30585836,-271.00,-981.45,71.29,-0.61,-0.91,0.00,34.02
209,30589885,-265.14,-983.89,69.82,-0.55,-0.91,0.06,33.83
210,30593943,-268.07,-981.93,70.31,-1.04,-0.91,0.06,33.64
211,30597992,-268.55,-980.96,67.38,-0.73,-0.91,-0.37,33.78
212,30603787,-269.53,-982.91,69.82,-1.04,-0.98,-0.24,33.88
213,30607836,-269.04,-980.96,66.89,-0.79,-0.79,0.00,33.59
214,30611885,-269.04,-982.42,72.27,-0.79,-0.73,0.06,33.88
215,30615943,-266.60,-980.96,66.89,-0.73,-0.98,0.18,33.97
216,30619992,-268.07,-982.42,70.80,-0.91,-0.79,0.06,33.88
217,30625787,-268.07,-981.45,65.92,-1.22,-0.73,-0.18,33.83
218,30629836,-272.46,-980.47,67.38,-1.04,-0.91,-0.18,33.78
219,30633885,-274.41,-981.45,74.22,-1.28,-1.22,-0.30,34.16
220,30637943,-276.86,-981.93,70.80,-2.38,-1.77,-0.98,33.68
221,30641992,-270.02,-984.37,66.41,-2.38,-1.95,-1.46,34.02
222,30647787,-267.58,-980.96,63.96,-2.13,-1.95,-1.46,33.59
223,30651836,-265.62,-983.40,62.99,-1.40,-0.85,-1.22,33.78
224,30655885,-271.97,-980.47,66.89,-0.67,-0.61,-0.91,34.21
225,30659943,-264.65,-979.00,68.85,-0.55,-0.67,-0.30,34.21
226,30663992,-269.04,-979.98,73.73,-0.79,-0.73,-0.43,33.44
227,30669787,-268.55,-979.98,64.94,-0.98,-0.55,-0.24,33.64
228,30673836,-270.51,-986.33,65.92,-1.16,-0.79,-0.12,33.68
229,30677885,-268.07,-983.89,67.38,-0.91,-0.61,-0.24,34.02
230,30681943,-269.04,-978.03,66.41,-0.91,-0.73,0.24,33.88
231,30685992,-263.67,-982.42,67.87,-0.67,-0.73,0.61,33.83
232,30691787,-264.65,-983.89,66.41,-0.67,-0.73,0.79,33.78
233,30695836,-266.60,-982.42,62.01,-0.67,-0.61,0.49,33.97
234,30699885,-268.55,-984.37,70.31,-0.85,-0.55,0.43,34.02
235,30703943,-269.53,-981.45,68.85,-0.85,-0.49,0.24,33.88
236,30707992,-267.09,-979.49,66.41,-0.79,-0.30,0.18,33.83
237,30713787,-264.65,-982.42,68.36,-0.91,-0.55,0.06,34.12
238,30717836,-268.07,-984.37,69.82,-0.79,-0.61,-0.06,33.83
239,30721885,-265.14,-983.40,68.85,-0.91,-0.85,0.12,33.68
240,30725943,-269.53,-979.98,69.82,-0.85,-0.73,0.18,33.88
241,30731787,-268.07,-981.45,66.41,-0.67,-0.73,0.37,33.78
242,30735836,-267.09,-976.56,65.43,-0.55,-0.49,0.61,33.83
243,30739885,-271.48,-985.35,62.99,-0.85,-0.73,0.43,34.02
244,30743943,-262.21,-982.91,67.38,-0.67,-0.85,0.24,34.12
245,30747992,-267.58,-984.86,72.27,-0.79,-0.79,0.06,33.64
246,30753787,-265.14,-982.91,69.82,-0.91,-0.61,0.43,34.12
247,30757836,-265.14,-979.49,68.85,-0.98,-0.55,0.37,34.12
248,30761885,-265.14,-977.05,66.41,-0.73,-0.79,0.18,33.97
249,30765943,-270.51,-983.89,70.31,-0.91,-0.73,0.12,33.64
250,30769992,-268.07,-980.96,74.22,-0.67,-0.67,0.43,34.16
251,30775787,-267.58,-982.42,64.45,-0.61,-0.79,0.37,34.02
252,30779836,-264.16,-979.49,66.89,-0.91,-0.91,0.18,33.88
253,30783885,-269.04,-979.49,68.85,-0.61,-0.61,-0.12,33.88
254,30787943,-268.07,-980.96,72.75,-0.73,-0.73,0.12,33.68
255,30791992,-271.00,-982.91,63.48,-1.10,-0.79,-0.18,33.88
256,30797787,-266.60,-982.91,67.87,-0.91,-0.43,0.24,34.02
257,30801836,-270.51,-978.03,65.92,-0.73,-0.61,0.12,33.97
258,30805885,-266.60,-980.47,69.82,-0.61,-0.85,0.12,34.02
259,30809943,-270.51,-983.40,67.87,-0.79,-0.55,0.24,33.64
260,30813992,-267.09,-978.03,64.45,-0.85,-0.79,0.30,33.83
261,30819787,-270.51,-980.47,64.94,-0.79,-0.55,0.24,34.31
262,30823836,-263.67,-982.42,67.38,-0.73,-0.61,-0.06,33.78
263,30827885,-263.67,-982.42,67.38,-0.98,-0.79,0.18,34.02
264,30831943,-265.14,-981.93,67.38,-0.98,-0.73,0.12,33.64
265,30835992,-266.60,-977.05,69.82,-0.67,-0.43,0.12,33.78
266,30841787,-266.60,-981.45,68.36,-0.91,-0.49,0.37,33.88
267,30845836,-268.07,-979.49,68.85,-0.98,-0.61,0.00,33.97
268,30849885,-265.62,-980.47,64.94,-0.85,-0.67,0.12,33.88
269,30853943,-273.93,-981.93,74.22,-0.79,-0.61,0.18,33.97
270,30857992,-268.55,-980.47,73.24,-0.91,-0.73,0.12,33.83
271,30863787,-270.51,-983.89,66.41,-0.67,-0.49,0.30,33.64
272,30867836,-266.11,-974.61,65.92,-0.67,-0.61,0.43,33.83
273,30871885,-267.09,-979.49,67.87,-0.85,-0.73,0.37,33.97
274,30875943,-269.04,-983.40,67.87,-0.67,-0.55,0.30,33.68
275,30879992,-265.62,-979.98,66.41,-0.67,-0.43,0.06,33.59
276,30885787,-270.51,-983.89,67.87,-0.67,-0.55,0.12,33.68
277,30889836,-270.02,-980.96,64.94,-0.79,-0.79,0.06,33.49
278,30893885,-271.97,-982.91,66.41,-0.67,-0.85,0.24,33.88
279,30897943,-269.04,-984.37,67.87,-0.73,-0.61,0.00,33.88
280,30901992,-266.60,-980.96,66.41,-0.79,-0.67,0.12,33.68
281,30907787,-267.58,-978.52,70.80,-0.73,-0.98,0.00,33.59
282,30911836,-266.60,-982.42,72.27,-0.85,-0.73,0.30,34.02
283,30915885,-267.09,-981.93,75.20,-0.79,-0.73,0.37,33.78
284,30919943,-267.09,-983.40,67.38,-0.91,-0.55,0.43,34.02
285,30923992,-265.14,-983.89,70.80,-0.67,-0.67,0.61,33.78
286,30929787,-266.11,-977.54,63.48,-0.79,-0.61,0.49,33.83
287,30933836,-265.62,-980.47,69.82,-0.79,-0.55,0.18,33.88
288,30937885,-263.67,-981.45,64.94,-0.73,-0.67,0.24,33.83
289,30941943,-266.11,-983.89,69.82,-0.91,-0.49,0.37,33.97
290,30947787,-265.62,-981.93,68.85,-0.49,-0.49,0.18,34.12
291,30951836,-269.53,-986.33,71.78,-0.73,-0.91,0.37,33.88
292,30955885,-269.53,-983.40,67.38,-0.79,-0.49,0.43,33.88
293,30959943,-268.07,-981.93,69.82,-0.67,-0.73,0.24,33.83
294,30963992,-264.65,-977.54,64.94,-0.91,-0.85,0.12,33.88
295,30968042,-268.55,-981.93,64.94,-1.04,-0.67,0.18,33.64
296,30973787,-262.70,-982.42,66.41,-0.98,-0.91,0.12,33.78
297,30977836,-268.55,-980.47,67.87,-1.10,-0.85,-0.06,33.83
298,30981885,-262.70,-980.96,67.38,-0.61,-0.55,0.12,33.44
299,30985943,-268.07,-987.79,64.94,-0.67,-0.73,0.30,33.97
300,30991787,-270.02,-983.40,64.45,-0.91,-0.91,0.61,33.97
301,30995836,-268.55,-978.03,68.36,-0.73,-0.67,0.73,33.78
302,30999885,-274.90,-982.91,72.27,-0.73,-0.61,0.73,33.83
303,31003943,-268.07,-981.45,68.85,-0.61,-0.91,0.24,33.88
304,31007992,-272.46,-981.45,74.22,-0.79,-0.79,0.24,33.97
305,31013787,-273.44,-980.47,69.34,-0.98,-0.55,0.30,33.83
306,31017836,-271.48,-981.93,68.36,-0.85,-0.73,0.24,33.83
307,31021885,-270.51,-981.45,70.80,-0.79,-0.61,0.00,34.02
308,31025943,-269.04,-983.40,60.55,-1.10,-0.61,0.00,33.64
309,31029992,-265.62,-981.45,69.82,-0.79,-0.43,0.06,33.88
310,31035787,-264.65,-977.54,66.89,-0.61,-0.79,0.49,33.78
311,31039836,-271.48,-979.00,71.78,-0.91,-0.98,0.43,33.88
312,31043885,-269.53,-981.93,66.89,-0.91,-0.79,0.06,33.78
313,31047943,-268.07,-980.96,68.85,-0.79,-0.67,-0.12,33.68
314,31051992,-269.53,-981.93,69.34,-0.43,-0.61,0.00,34.02
315,31057787,-269.53,-981.45,66.41,-1.04,-0.79,-0.30,33.88
316,31061836,-267.58,-982.42,69.34,-0.85,-0.49,0.00,33.97
317,31065885,-261.72,-981.93,66.41,-0.55,-0.61,0.24,33.88
318,31069943,-270.51,-983.40,69.34,-0.85,-0.55,0.12,33.83
319,31073992,-268.07,-981.93,64.45,-0.79,-0.61,0.06,33.78
320,31079787,-270.51,-983.89,67.87,-0.91,-0.67,0.06,33.64
321,31083836,-266.60,-979.98,63.48,-0.91,-0.55,0.00,33.78
322,31087885,-267.09,-984.86,69.34,-0.85,-0.67,0.12,33.83
323,31091943,-267.58,-982.42,70.31,-0.98,-0.73,-0.06,33.88
324,31095992,-265.14,-985.35,66.41,-0.85,-0.67,-0.12,33.88
325,31101787,-266.11,-983.89,72.75,-0.73,-0.73,0.12,33.68
326,31105836,-263.67,-985.84,64.45,-0.91,-0.61,0.37,33.64
327,31109885,-269.53,-981.45,65.92,-0.98,-0.91,0.43,33.88
328,31113943,-269.04,-982.91,66.41,-0.67,-0.61,0.12,33.49
329,31117992,-270.51,-978.52,69.34,-0.67,-0.67,0.06,33.97
330,31123787,-268.07,-979.49,68.85,-0.85,-0.79,0.06,33.68
331,31127836,-267.09,-980.96,66.89,-0.85,-0.61,-0.06,33.49
332,31131885,-267.58,-985.35,68.36,-0.85,-0.79,0.18,34.02
333,31135943,-264.16,-979.49,73.24,-0.85,-0.67,0.49,33.83
334,31139992,-266.11,-983.40,67.87,-0.79,-0.73,0.00,33.59
335,31145787,-267.09,-979.49,71.29,-0.85,-0.61,0.37,33.78
336,31149836,-268.55,-984.37,71.29,-0.91,-0.67,0.30,33.97
337,31153885,-272.46,-982.91,72.75,-0.85,-0.73,0.30,33.83
338,31157943,-269.53,-984.37,69.34,-0.98,-0.67,0.18,33.78
339,31161992,-267.09,-979.00,68.36,-0.91,-0.67,0.06,33.59
340,31167787,-264.16,-982.42,71.29,-0.85,-0.79,0.00,33.78
341,31171836,-267.09,-981.45,71.78,-0.85,-0.79,0.06,33.78
342,31175885,-266.11,-981.93,70.80,-0.91,-0.79,0.06,33.83
343,31179943,-267.58,-980.96,68.85,-1.04,-0.73,0.18,33.78
344,31185787,-271.48,-981.93,68.36,-0.61,-0.91,0.12,33.88
345,31189836,-268.55,-979.98,64.94,-1.04,-0.55,0.06,33.83
346,31193885,-268.55,-979.98,71.29,-0.73,-0.79,0.30,33.88
347,31197943,-270.02,-982.91,65.92,-0.98,-0.85,0.06,33.88
348,31201992,-269.53,-981.45,69.82,-0.91,-0.79,-0.24,33.64
349,31207787,-269.53,-980.47,66.89,-0.98,-0.67,0.06,33.88
350,31211836,-264.65,-983.89,68.85,-0.98,-0.73,-0.06,33.88
351,31215885,-265.14,-979.00,72.27,-0.61,-0.61,0.18,33.83
352,31219943,-262.70,-980.47,63.96,-0.67,-0.49,0.30,33.68
353,31223992,-268.55,-981.93,67.38,-0.79,-0.79,0.18,34.02
354,31229787,-271.97,-979.98,69.34,-0.79,-0.79,0.49,33.88
355,31233836,-270.51,-985.35,72.27,-0.67,-0.79,0.06,34.02
356,31237885,-271.48,-983.89,70.80,-0.73,-0.73,0.18,33.83
357,31241943,-266.60,-982.42,65.43,-0.67,-0.73,0.06,33.78
358,31245992,-267.58,-981.93,67.87,-0.61,-0.73,0.18,34.02
359,31251787,-265.62,-982.91,67.38,-0.73,-0.55,0.12,33.88
360,31255836,-268.55,-981.45,67.87,-0.73,-0.79,0.00,33.83
361,31259885,-265.62,-982.91,73.73,-0.85,-0.85,0.30,34.12
362,31263943,-268.07,-983.89,70.31,-0.79,-0.61,0.24,33.83
363,31267992,-264.16,-984.37,69.34,-0.85,-0.61,0.18,33.83
364,31273787,-263.18,-981.45,71.29,-0.67,-0.67,-0.06,33.59
365,31277836,-265.62,-978.52,66.41,-0.55,-0.79,0.37,33.83
366,31281885,-266.11,-979.49,68.85,-0.73,-0.73,0.43,33.83
367,31285943,-269.04,-982.91,69.34,-0.67,-0.79,0.43,33.83
368,31289992,-265.14,-981.93,60.06,-0.91,-0.61,-0.06,33.97
369,31295787,-269.04,-982.42,68.36,-0.73,-0.67,0.12,33.97
370,31299836,-268.07,-983.89,66.89,-0.73,-0.67,0.06,33.68
371,31303885,-266.11,-982.42,64.45,-0.91,-0.79,0.24,33.88
372,31307943,-270.51,-979.98,69.34,-0.55,-0.61,0.18,33.97
373,31311992,-270.51,-984.37,68.85,-0.67,-0.61,0.12,33.83
374,31317787,-264.65,-982.42,66.41,-0.61,-0.73,0.18,33.83
375,31321836,-264.16,-983.89,65.43,-0.91,-0.85,0.00,33.97
376,31325885,-266.60,-979.98,65.92,-0.43,-0.91,0.30,33.78
377,31329943,-265.62,-980.96,71.78,-0.85,-0.55,0.37,34.02
378,31333992,-269.04,-983.89,69.34,-0.79,-0.73,0.37,33.64
379,31339787,-269.04,-983.89,68.36,-0.73,-0.67,0.12,33.68
380,31343836,-264.16,-975.10,66.41,-0.73,-0.73,0.18,33.78
381,31347885,-270.02,-982.91,66.41,-0.91,-0.73,0.43,33.88
382,31351943,-269.04,-982.42,66.41,-0.91,-0.61,0.30,33.78
383,31355992,-266.11,-979.98,65.92,-0.91,-0.73,0.18,33.88
384,31361787,-265.62,-984.37,71.29,-0.73,-0.61,0.30,33.78
385,31365836,-266.60,-981.93,67.87,-0.73,-0.61,0.18,33.88
386,31369885,-266.60,-980.47,67.38,-0.98,-0.61,0.43,33.68
387,31373943,-267.09,-984.37,70.80,-1.04,-0.73,0.00,33.64
388,31377992,-266.60,-981.45,68.36,-0.85,-0.49,0.30,33.49
389,31383787,-267.09,-983.40,66.41,-0.73,-0.49,0.37,34.02
390,31387836,-270.51,-982.42,69.82,-0.98,-0.49,0.00,33.88
391,31391885,-265.14,-980.47,69.82,-0.91,-0.73,0.06,33.83
392,31395943,-267.58,-983.40,70.80,-0.79,-0.85,0.37,33.88
393,31401787,-267.09,-984.37,72.75,-0.61,-0.43,0.18,33.59
394,31405836,-267.09,-978.52,65.92,-0.91,-0.55,0.24,33.83
395,31409885,-268.07,-983.89,70.31,-0.73,-0.67,0.37,33.78
396,31413943,-264.65,-981.93,68.36,-0.61,-0.67,0.43,33.83
397,31417992,-271.00,-979.49,70.31,-0.73,-0.61,0.18,33.83
398,31422042,-268.07,-983.89,66.41,-0.79,-0.55,0.24,33.78
399,31427787,-264.65,-977.54,71.78,-0.79,-0.73,0.43,34.02
400,31431836,-267.58,-979.00,67.38,-1.16,-0.91,0.24,33.88
401,31435885,-267.58,-981.93,64.45,-0.98,-0.61,0.37,33.59
402,31439943,-270.02,-982.91,67.38,-0.91,-0.67,0.30,33.83
403,31445787,-262.70,-982.42,65.43,-0.79,-0.73,0.37,34.12
404,31449836,-267.58,-984.37,66.89,-0.67,-0.85,0.30,34.02
405,31453885,-266.11,-982.91,67.38,-0.79,-0.49,0.30,33.83
406,31457943,-266.60,-982.91,63.96,-0.79,-0.43,0.18,33.68
407,31461992,-269.53,-983.89,65.92,-0.79,-0.61,0.24,33.78
408,31467787,-270.02,-979.98,68.36,-1.04,-0.43,0.30,33.78
409,31471836,-266.60,-983.89,67.38,-0.79,-0.79,0.00,33.88
410,31475885,-268.07,-981.93,66.89,-0.91,-0.67,0.30,33.97
411,31479943,-268.07,-984.86,69.34,-0.49,-0.67,0.37,33.59
412,31483992,-266.11,-979.98,68.85,-0.61,-0.79,0.24,33.88
413,31489787,-274.41,-987.30,66.89,-0.73,-0.73,0.24,33.68
414,31493836,-265.62,-980.96,67.87,-0.79,-0.55,0.06,33.88
415,31497885,-265.14,-981.93,72.75,-0.73,-0.61,0.18,34.02
416,31501943,-268.55,-986.33,73.73,-0.67,-0.67,0.43,33.88
417,31505992,-266.11,-983.89,68.36,-0.91,-0.91,0.18,33.88
418,31511787,-264.65,-979.00,74.22,-0.91,-0.79,0.37,33.64
419,31515836,-264.16,-981.45,68.36,-0.85,-0.73,0.24,33.97
420,31519885,-267.58,-981.45,71.29,-0.79,-0.73,0.18,33.88
421,31523943,-269.53,-982.42,73.73,-0.73,-0.61,0.12,33.88
422,31527992,-268.07,-978.03,70.80,-0.49,-0.91,0.37,33.88
423,31533787,-263.67,-983.40,67.87,-0.91,-0.73,0.18,33.68
424,31537836,-269.04,-983.40,66.41,-0.61,-0.55,0.12,33.68
425,31541885,-265.14,-980.47,71.29,-0.98,-0.67,0.12,34.02
426,31545943,-271.97,-983.40,67.87,-0.79,-0.67,0.37,33.88
427,31549992,-267.58,-982.42,70.31,-0.61,-0.55,0.12,33.97
428,31555787,-264.65,-979.98,67.87,-0.67,-0.67,0.24,33.64
429,31559836,-269.53,-983.89,67.38,-0.85,-0.61,0.00,33.68
430,31563885,-268.55,-981.93,67.87,-0.61,-0.55,0.24,33.83
431,31567943,-269.53,-981.45,67.87,-0.91,-0.49,0.18,33.88
432,31571992,-268.07,-982.91,70.31,-0.98,-0.67,0.61,33.59
433,31577787,-272.46,-979.00,73.73,-0.67,-0.61,0.43,33.49
434,31581836,-266.11,-979.00,71.29,-0.79,-0.55,0.12,33.83
435,31585885,-264.16,-984.37,65.92,-0.67,-0.79,0.37,34.02
436,31589943,-263.67,-981.45,67.87,-0.98,-0.67,0.30,33.97
437,31593992,-263.67,-984.37,70.31,-0.79,-0.67,0.43,33.59
438,31599787,-262.70,-980.47,67.38,-0.98,-0.79,-0.30,33.97
439,31603836,-265.14,-980.96,71.78,-0.91,-1.04,0.06,33.83
440,31607885,-265.14,-981.45,66.89,-0.73,-0.73,0.24,33.83
441,31611943,-267.09,-979.49,66.41,-0.73,-0.55,0.67,33.97
442,31615992,-262.70,-984.37,63.96,-0.73,-0.55,0.30,33.64
443,31621787,-262.70,-979.00,68.85,-0.61,-0.67,0.37,33.97
444,31625836,-262.70,-983.40,70.31,-0.85,-0.55,0.18,34.02
445,31629885,-268.55,-977.54,69.82,-0.91,-0.85,0.18,33.88
446,31633943,-271.00,-982.91,68.36,-0.91,-0.85,0.12,34.02
447,31639787,-266.60,-973.63,65.92,-0.91,-0.73,0.06,33.97
448,31643836,-266.60,-982.91,67.38,-0.85,-0.49,0.06,33.88
449,31647885,-266.60,-984.37,67.38,-0.55,-0.55,0.24,33.97
450,31651943,-268.55,-981.45,71.29,-0.73,-0.67,0.30,33.83
451,31655992,-271.48,-983.89,67.38,-0.73,-0.55,0.37,33.83
452,31661787,-269.53,-983.40,70.31,-0.55,-0.61,0.30,34.02
453,31665836,-271.00,-979.49,71.29,-0.85,-0.55,0.18,34.21
454,31669885,-270.51,-980.96,69.34,-0.73,-0.79,0.30,33.88
455,31673943,-267.09,-982.42,66.41,-0.85,-0.73,0.43,33.88
456,31677992,-268.07,-984.37,70.31,-0.61,-0.61,0.30,33.64
457,31683787,-267.09,-980.96,67.38,-0.85,-0.85,0.43,33.83
458,31687836,-263.67,-981.93,69.82,-0.73,-0.61,0.12,33.88
459,31691885,-264.65,-985.84,69.82,-0.73,-0.79,0.55,33.83
460,31695943,-266.60,-988.28,67.38,-0.67,-0.73,0.73,33.88
461,31699992,-268.07,-983.40,67.87,-0.61,-0.73,0.55,34.02
462,31705787,-266.60,-975.59,64.45,-0.67,-0.73,0.61,33.88
463,31709836,-269.53,-984.37,67.38,-0.98,-0.55,0.18,34.12
464,31713885,-271.48,-981.45,69.82,-0.91,-0.67,0.12,33.83
465,31717943,-266.11,-983.89,68.85,-0.73,-0.67,0.12,33.83
466,31721992,-267.09,-981.93,64.94,-1.04,-0.61,-0.06,33.97
467,31727787,-270.02,-984.37,65.92,-0.79,-0.85,0.43,33.88
468,31731836,-272.46,-980.96,63.48,-0.73,-0.67,0.30,33.97
469,31735885,-269.53,-979.49,62.99,-0.79,-0.61,0.18,33.88
470,31739943,-269.04,-979.00,76.17,-0.98,-0.67,0.24,34.21
471,31743992,-263.18,-980.47,69.82,-0.85,-0.79,-0.06,34.12
472,31749787,-268.55,-981.45,63.48,-0.91,-0.61,0.12,33.68
473,31753836,-263.67,-982.42,65.43,-0.61,-0.61,0.12,33.88
474,31757885,-267.09,-977.05,73.73,-0.73,-0.73,0.18,33.83
475,31761943,-271.48,-982.42,67.87,-0.79,-0.67,0.12,33.97
476,31765992,-269.04,-982.42,68.36,-0.61,-0.67,0.18,34.02
477,31771787,-265.14,-981.45,67.38,-0.85,-0.43,0.18,33.59
478,31775836,-266.60,-980.96,65.43,-0.85,-0.55,0.24,33.78
479,31779885,-271.48,-982.42,71.29,-0.61,-0.61,0.12,33.83
480,31783943,-268.07,-980.96,65.92,-0.91,-0.55,0.06,33.83
481,31787992,-267.58,-982.91,69.82,-0.55,-0.79,0.30,33.44
482,31793787,-265.62,-984.86,68.36,-0.98,-0.67,0.18,33.83
483,31797836,-269.04,-983.40,70.80,-0.55,-0.67,0.30,33.88
484,31801885,-269.04,-978.03,68.36,-0.91,-0.61,0.18,33.78
485,31805943,-266.11,-981.93,68.85,-0.67,-0.67,0.18,33.88
486,31809992,-267.09,-981.93,71.78,-0.73,-0.61,0.37,33.59
487,31815787,-265.14,-978.52,66.89,-0.98,-0.67,0.18,33.64
488,31819836,-269.04,-985.84,69.34,-0.85,-0.61,0.49,33.88
489,31823885,-269.04,-986.82,70.80,-0.91,-0.55,0.30,33.83
490,31827943,-270.02,-983.40,72.75,-0.73,-0.49,-0.06,33.64
491,31831992,-266.11,-981.45,66.89,-0.61,-0.79,0.24,33.78
492,31837787,-260.25,-984.86,67.87,-0.91,-0.85,0.18,33.78
493,31841836,-266.11,-985.35,63.48,-0.79,-0.85,0.37,33.88
494,31845885,-266.60,-979.98,69.34,-0.73,-0.73,0.37,33.88
495,31849943,-262.70,-985.35,68.36,-0.79,-0.91,0.24,33.64
496,31855787,-262.21,-980.47,69.34,-0.85,-0.85,0.37,33.88
497,31859836,-263.67,-982.42,71.78,-0.85,-0.85,0.30,33.83
498,31863885,-261.72,-982.42,68.36,-0.61,-0.67,0.06,33.97
499,31867943,-264.65,-980.96,66.41,-0.37,-0.73,0.30,34.02
500,31871992,-269.04,-983.40,68.85,-0.61,-0.61,0.37,33.78
501,31877787,-265.62,-984.37,69.82,-0.98,-0.55,0.24,33.97
502,31881836,-261.23,-981.93,68.85,-0.91,-0.49,0.18,33.78
503,31885885,-264.16,-982.91,69.82,-0.85,-0.55,0.24,33.83
504,31889943,-262.70,-981.45,65.43,-0.79,-0.67,0.37,33.64
505,31893992,-266.60,-986.33,66.89,-0.85,-0.67,0.06,34.02
506,31899787,-270.51,-988.77,69.34,-0.79,-0.67,0.12,33.83
507,31903836,-268.55,-980.96,71.29,-0.67,-0.61,0.24,34.02
508,31907885,-268.55,-983.89,67.87,-0.49,-0.61,0.00,33.83
509,31911943,-271.48,-979.00,70.31,-0.73,-0.67,-0.12,33.68
510,31915992,-265.14,-986.82,68.36,-0.85,-0.61,0.18,34.21
511,31921787,-269.04,-980.96,70.31,-0.79,-0.43,0.43,33.83
512,31925836,-269.04,-984.86,67.87,-0.91,-0.61,-0.06,33.83
513,31929885,-263.18,-979.98,72.27,-0.91,-0.73,0.12,33.78
514,31933943,-268.55,-983.40,66.89,-0.79,-0.61,0.30,33.83
515,31937992,-271.00,-980.96,67.38,-0.79,-0.43,0.61,33.64
516,31943787,-269.53,-977.54,68.36,-0.67,-0.61,0.24,33.97
517,31947836,-267.09,-981.45,68.36,-0.73,-0.85,0.37,33.83
518,31951885,-268.07,-982.42,67.87,-0.85,-0.67,0.12,33.83
519,31955943,-267.58,-986.33,66.89,-0.98,-0.67,0.12,33.68
520,31959992,-270.51,-981.93,68.36,-0.98,-0.49,0.06,33.88
521,31965787,-264.65,-979.49,65.43,-0.67,-0.79,0.18,33.97
522,31969836,-262.70,-983.89,69.82,-0.98,-0.61,0.18,33.83
523,31973885,-265.14,-980.96,66.89,-0.85,-0.55,0.12,33.78
524,31977943,-271.00,-981.45,70.31,-0.73,-0.67,0.18,33.97
525,31981992,-268.55,-980.47,73.73,-0.73,-0.79,0.30,34.02
526,31987787,-266.11,-981.93,69.34,-0.79,-0.61,0.37,33.78
527,31991836,-273.44,-978.52,67.87,-0.91,-0.61,-0.06,33.64
528,31995885,-268.07,-981.45,66.41,-0.67,-0.55,0.24,34.16
529,31999943,-264.65,-975.10,66.89,-0.91,-0.49,-0.18,34.02
530,32003992,-268.07,-981.93,72.27,-0.67,-0.73,0.00,33.64
531,32009787,-268.07,-980.47,70.31,-0.67,-0.61,0.12,33.83
532,32013836,-267.09,-981.45,69.34,-0.55,-0.67,0.24,33.78
533,32017885,-266.11,-983.89,69.82,-0.73,-0.55,0.24,33.97
534,32021943,-270.02,-983.89,66.89,-0.73,-0.55,0.37,33.88
535,32025992,-268.55,-983.40,66.89,-0.67,-0.85,0.30,33.64
536,32031787,-268.55,-979.49,69.34,-0.67,-0.67,0.43,33.59
537,32035836,-268.55,-985.84,67.87,-0.79,-0.55,0.30,33.83
538,32039885,-266.11,-985.35,68.36,-0.67,-0.67,0.37,33.97
539,32043943,-268.55,-985.84,67.87,-0.73,-0.79,0.30,33.88
540,32047992,-267.58,-980.47,70.80,-0.79,-0.67,0.18,33.64
541,32053787,-269.53,-983.89,70.31,-0.79,-0.61,0.12,33.59
542,32057836,-265.14,-983.89,71.78,-0.79,-0.55,0.18,33.97
543,32061885,-267.58,-986.33,65.92,-0.91,-0.67,0.12,33.88
544,32065943,-264.16,-979.00,71.78,-0.73,-0.61,0.24,33.68
545,32069992,-266.11,-982.42,69.82,-0.73,-0.61,0.43,33.64
546,32075787,-268.07,-980.47,72.27,-0.67,-0.37,0.24,33.88
547,32079836,-259.28,-979.49,69.82,-0.67,-0.55,0.37,33.68
548,32083885,-269.53,-983.89,69.34,-0.79,-0.55,0.30,34.02
549,32087943,-269.04,-983.89,70.80,-1.10,-0.49,0.24,33.78
550,32093787,-271.00,-984.37,70.80,-0.85,-0.91,0.24,33.97
551,32097836,-267.09,-981.45,70.31,-0.67,-0.79,0.18,33.83
552,32101885,-271.48,-980.47,69.34,-0.67,-0.61,0.24,33.88
553,32105943,-268.07,-982.91,71.78,-0.67,-0.55,0.06,34.02
554,32109992,-271.48,-980.96,70.80,-0.61,-0.91,0.30,34.02
555,32115787,-269.04,-976.07,69.34,-0.79,-0.61,0.49,33.78
556,32119836,-264.16,-980.96,66.41,-0.73,-0.85,0.24,33.64
557,32123885,-268.55,-980.96,66.41,-0.49,-0.73,0.30,34.02
558,32127943,-267.09,-982.91,68.85,-0.79,-0.67,0.06,33.68
559,32131992,-266.60,-986.33,63.48,-0.67,-0.61,0.24,34.16
560,32137787,-269.53,-983.89,67.38,-0.67,-0.49,0.24,33.88
561,32141836,-264.16,-980.47,66.89,-0.91,-0.67,0.18,33.88
562,32145885,-267.09,-982.42,64.94,-0.73,-0.85,0.24,33.83
563,32149943,-268.07,-984.86,68.85,-0.73,-0.67,0.06,33.78
564,32153992,-267.58,-981.93,67.87,-0.79,-0.73,0.30,33.83
565,32159787,-268.07,-979.98,68.85,-0.73,-0.73,0.18,33.78
566,32163836,-271.00,-980.96,68.85,-0.79,-0.67,0.18,33.97
567,32167885,-267.58,-979.49,66.41,-0.85,-0.85,0.12,33.78
568,32171943,-264.16,-981.93,72.27,-0.73,-0.79,0.12,33.88
569,32175992,-267.58,-980.96,68.85,-0.79,-0.79,0.12,33.97
570,32181787,-264.65,-984.37,68.85,-0.55,-0.55,0.30,33.78
571,32185836,-268.07,-979.98,69.34,-0.85,-0.67,0.00,33.88
572,32189885,-270.02,-983.89,67.87,-0.73,-0.73,0.06,33.97
573,32193943,-267.09,-981.93,64.94,-0.79,-0.49,0.24,33.97
574,32197992,-266.11,-982.42,67.38,-1.04,-0.67,0.37,33.83
575,32203787,-267.58,-985.84,68.36,-0.85,-0.79,0.00,33.88
576,32207836,-266.60,-980.47,64.94,-1.04,-0.85,0.00,33.64
577,32211885,-267.09,-982.91,66.89,-0.98,-0.67,0.12,34.02
578,32215943,-271.00,-983.40,65.43,-0.67,-0.98,-0.24,34.02
579,32219992,-269.04,-985.84,63.96,-0.91,-0.85,-0.43,33.64
580,32225787,-273.44,-982.42,58.59,-0.85,-1.04,-1.04,33.64
581,32229836,-278.32,-973.14,71.29,-2.62,-2.87,-1.71,33.78
582,32233885,-272.95,-983.40,56.15,-3.54,-2.74,-3.17,34.12
583,32237943,-270.02,-978.52,62.99,-3.84,-3.17,-3.96,33.68
584,32241992,-261.23,-979.98,54.20,-2.80,-2.38,-3.41,33.78
585,32247787,-256.84,-986.33,57.62,-1.71,-1.10,-2.50,33.83
586,32251836,-254.39,-988.77,62.50,-0.79,-0.79,-1.16,33.64
587,32255885,-259.77,-981.45,66.89,-0.37,-0.61,-0.24,33.88
588,32259943,-263.67,-984.86,67.38,-0.79,-0.91,0.06,33.83
589,32263992,-259.28,-983.89,70.80,-0.73,-0.98,0.24,33.78
590,32269787,-262.21,-982.42,67.87,-1.04,-0.91,0.37,33.88
591,32273836,-262.70,-981.45,71.29,-1.10,-0.85,0.98,34.02
592,32277885,-263.67,-979.49,72.27,-0.79,-0.85,1.28,34.02
593,32281943,-262.21,-975.10,74.71,-0.61,-0.85,1.40,33.83
594,32285992,-264.16,-978.52,74.22,-0.67,-0.91,1.22,33.88
595,32291787,-265.62,-981.45,75.20,-0.67,-0.91,1.16,34.02
596,32295836,-264.16,-983.40,75.20,-0.73,-0.67,0.79,33.97
597,32299885,-270.02,-982.91,75.20,-0.73,-0.85,0.49,33.88
598,32303943,-269.04,-981.45,74.71,-0.85,-0.85,-0.06,33.68
599,32309787,-267.09,-975.59,75.68,-0.79,-0.61,-0.18,34.12
600,32313836,-269.53,-982.42,73.24,-0.91,-0.61,-0.30,33.97
601,32317885,-270.51,-984.86,76.17,-1.04,-0.61,-0.37,33.88
602,32321943,-264.65,-980.96,71.29,-0.91,-0.61,0.06,34.02
603,32325992,-268.07,-982.42,72.27,-0.85,-0.67,0.43,33.64
604,32331787,-268.55,-983.40,72.27,-0.30,-0.55,0.79,34.21
605,32335836,-269.53,-980.96,73.24,-0.49,-0.55,0.43,34.02
606,32339885,-271.97,-979.98,73.24,-0.73,-0.43,0.37,33.88
607,32343943,-268.07,-977.54,71.29,-0.73,-0.49,0.43,33.64
608,32347992,-270.02,-980.47,70.80,-0.79,-0.55,0.24,33.88
609,32353787,-267.58,-980.96,65.92,-0.55,-0.79,-0.06,33.88
610,32357836,-265.62,-981.93,68.36,-0.98,-0.73,0.00,33.97
611,32361885,-268.07,-980.96,68.36,-0.91,-0.61,0.06,33.68
612,32365943,-271.00,-984.37,66.89,-0.61,-0.24,0.12,33.88
613,32369992,-266.11,-982.91,69.82,-0.79,-0.73,0.12,33.88
614,32375787,-267.58,-979.49,65.92,-0.85,-0.55,-0.12,33.88
615,32379836,-264.16,-981.93,64.45,-0.85,-0.37,-0.24,34.02
616,32383885,-265.14,-983.40,62.99,-0.91,-0.43,-0.06,34.16
617,32387943,-260.25,-981.45,64.94,-0.91,-0.30,-0.24,33.78
618,32391992,-263.67,-984.86,61.04,-0.91,-0.73,0.18,33.97
619,32397787,-257.81,-981.45,68.36,-0.73,-0.49,0.12,33.97
620,32401836,-259.28,-982.91,65.43,-0.55,-0.61,0.18,34.02
621,32405885,-261.72,-988.28,66.41,-0.85,-0.79,0.06,34.02
622,32409943,-263.67,-984.37,64.45,-0.79,-0.73,0.18,33.88
623,32413992,-264.16,-981.93,65.43,-1.04,-0.79,0.30,34.02
624,32419787,-262.21,-986.82,64.94,-0.79,-0.79,0.18,34.02
625,32423836,-261.72,-981.45,64.45,-0.61,-0.67,0.24,33.64
626,32427885,-264.65,-986.33,60.55,-0.73,-0.67,0.18,34.02
627,32431943,-271.97,-980.96,60.06,-0.67,-0.55,0.55,33.83
628,32435992,-266.11,-985.35,67.38,-0.55,-0.79,0.55,34.02
629,32441787,-266.11,-981.93,66.89,-0.55,-0.67,0.67,33.83
630,32445836,-266.60,-985.84,68.36,-0.79,-0.61,0.85,33.78
631,32449885,-266.11,-978.52,66.41,-0.43,-0.85,0.30,33.68
632,32453943,-270.51,-982.42,70.31,-0.61,-0.91,0.61,33.97
633,32457992,-266.11,-982.42,68.36,-0.61,-0.73,0.55,33.64
634,32463787,-267.09,-980.96,66.41,-0.91,-0.55,0.79,33.78
635,32467836,-271.97,-979.98,69.34,-0.73,-0.91,0.24,33.88
636,32471885,-263.67,-979.00,70.31,-1.04,-0.85,0.24,34.16
637,32475943,-265.14,-980.47,70.80,-0.73,-0.73,0.43,33.68
638,32479992,-269.04,-974.61,69.82,-0.67,-0.79,0.37,33.59
639,32485787,-268.07,-981.93,74.22,-0.73,-0.73,0.30,33.68
640,32489836,-265.14,-980.47,72.27,-0.79,-0.43,0.24,33.64
641,32493885,-267.58,-980.47,69.82,-0.73,-0.67,0.18,33.64
642,32497943,-268.55,-983.89,70.31,-0.73,-0.43,0.12,33.97
643,32501992,-269.04,-983.40,70.80,-0.91,-0.61,-0.12,33.64
644,32507787,-264.65,-983.40,68.36,-0.85,-0.30,0.06,34.02
645,32511836,-264.65,-983.89,71.78,-1.16,-0.79,-0.06,33.88
646,32515885,-267.09,-989.26,68.36,-0.85,-0.55,0.06,34.12
647,32519943,-260.25,-984.86,68.36,-0.91,-0.49,0.06,34.02
648,32525787,-265.14,-981.93,69.34,-0.55,-0.61,0.30,33.83
649,32529836,-265.14,-983.89,67.38,-0.85,-0.67,0.37,33.88
650,32533885,-265.62,-982.42,68.36,-0.91,-0.67,0.06,33.88
651,32537943,-261.72,-982.91,66.41,-0.98,-0.67,0.12,33.88
652,32541992,-260.74,-981.45,68.85,-0.61,-0.55,0.12,34.02
653,32546042,-263.18,-981.93,67.38,-0.73,-0.49,-0.12,33.64
654,32551787,-261.72,-982.91,65.43,-0.67,-0.73,0.00,33.83
655,32555836,-261.23,-985.84,63.48,-0.67,-0.67,0.06,33.97
656,32559885,-264.65,-983.89,67.87,-0.85,-0.79,0.37,33.78
657,32563943,-266.60,-984.86,67.38,-0.79,-0.67,0.37,33.97
658,32569787,-263.67,-984.86,59.08,-0.85,-0.67,0.43,33.88
659,32573836,-265.14,-984.37,68.36,-0.79,-0.55,0.37,34.12
660,32577885,-265.62,-984.86,69.34,-0.85,-0.61,0.43,34.12
661,32581943,-268.07,-982.91,66.41,-0.55,-0.79,0.43,33.59
662,32585992,-265.14,-983.40,63.96,-0.73,-0.61,0.43,34.21
663,32591787,-264.16,-980.96,70.80,-0.67,-0.55,0.30,33.88
664,32595836,-263.67,-977.05,66.89,-0.91,-0.73,0.37,33.88
665,32599885,-268.55,-986.82,66.89,-0.67,-0.67,0.37,33.59
666,32603943,-267.09,-983.89,67.87,-0.98,-0.67,0.24,33.64
667,32607992,-263.67,-982.42,69.34,-1.10,-0.79,0.43,33.88
668,32613787,-267.58,-982.42,65.92,-0.98,-0.73,0.49,33.97
669,32617836,-266.11,-983.89,68.85,-0.98,-0.73,0.06,34.02
670,32621885,-267.09,-978.03,66.41,-0.61,-0.55,0.24,33.68
671,32625943,-265.62,-979.49,67.38,-0.79,-0.61,0.12,33.68
672,32629992,-263.67,-981.93,72.75,-0.79,-0.79,0.24,34.02
673,32635787,-261.23,-982.42,68.36,-0.91,-0.61,0.18,34.02
674,32639836,-261.23,-982.91,71.78,-0.85,-0.61,0.43,34.02
675,32643885,-265.14,-983.40,69.82,-0.67,-0.30,0.24,33.97
676,32647943,-267.58,-979.98,72.27,-0.55,-0.43,0.43,33.88
677,32651992,-261.72,-984.86,69.34,-0.98,-0.73,0.30,33.97
678,32657787,-266.60,-982.42,68.85,-0.79,-0.49,0.37,33.83
679,32661836,-266.11,-981.93,66.89,-0.85,-0.49,0.37,33.88
680,32665885,-264.65,-985.35,68.85,-0.85,-0.73,-0.06,34.12
681,32669943,-264.16,-980.47,66.89,-1.04,-0.30,0.00,33.78
682,32673992,-265.62,-979.00,67.87,-0.91,-0.55,0.43,33.83
683,32679787,-268.55,-980.96,69.82,-0.79,-0.61,0.24,33.64
684,32683836,-263.67,-981.93,68.36,-0.91,-0.55,-0.06,33.68
685,32687885,-266.60,-980.96,65.43,-0.79,-0.67,0.00,33.83
686,32691943,-263.67,-982.42,64.94,-1.10,-0.79,0.30,33.78
687,32695992,-264.16,-985.35,67.38,-0.61,-0.61,0.30,33.83
688,32701787,-266.60,-984.37,69.34,-0.79,-0.61,0.43,33.68
689,32705836,-265.62,-984.37,71.29,-0.43,-0.67,0.37,33.68
690,32709885,-272.95,-979.00,66.89,-0.73,-0.55,0.37,34.02
691,32713943,-265.14,-984.86,68.36,-0.67,-0.43,0.43,34.02
692,32717992,-266.11,-981.93,67.38,-0.79,-0.49,0.24,33.64
693,32723787,-266.11,-981.93,70.31,-0.67,-0.61,0.30,33.78
694,32727836,-266.11,-980.96,68.85,-0.79,-0.49,0.18,33.83
695,32731885,-271.00,-985.84,68.85,-0.67,-0.67,0.12,33.83
696,32735943,-265.62,-980.47,65.92,-0.73,-0.73,0.43,33.97
697,32739992,-263.18,-984.37,66.89,-0.85,-0.67,0.30,33.64
698,32745787,-263.67,-983.89,68.36,-0.61,-0.79,0.24,34.02
699,32749836,-265.14,-982.42,65.92,-0.98,-0.91,0.24,34.02
700,32753885,-263.18,-981.45,67.38,-0.85,-0.85,0.43,33.83
701,32757943,-261.23,-979.00,69.82,-0.85,-0.55,0.30,33.83
702,32763787,-267.09,-985.84,65.92,-0.98,-0.79,0.18,34.02
703,32767836,-260.25,-982.91,66.89,-0.98,-0.67,-0.06,33.78
704,32771885,-256.84,-979.98,63.96,-0.73,-0.67,0.37,34.02
705,32775943,-265.14,-985.84,67.87,-0.73,-0.73,0.43,33.83
706,32779992,-267.09,-983.89,63.48,-0.73,-0.61,0.49,34.12
707,32785787,-262.70,-981.45,72.27,-0.67,-0.85,0.24,33.97
708,32789836,-264.65,-980.96,69.34,-0.85,-0.91,0.55,34.02
709,32793885,-262.21,-983.40,73.24,-0.73,-0.61,0.43,33.88
710,32797943,-263.18,-982.91,69.82,-0.73,-0.55,0.30,33.49
711,32801992,-269.04,-985.35,72.27,-0.98,-0.55,0.30,33.88
712,32807787,-266.11,-982.91,71.78,-0.85,-0.61,0.43,34.02
713,32811836,-266.11,-985.35,70.80,-0.91,-0.67,0.30,34.21
714,32815885,-265.14,-981.45,68.36,-1.10,-0.43,0.06,33.68
715,32819943,-264.16,-980.96,70.80,-1.10,-0.61,0.18,33.78
716,32823992,-267.58,-982.42,71.78,-0.73,-0.67,0.06,34.12
717,32829787,-270.51,-978.52,67.38,-0.98,-0.43,0.37,34.02
718,32833836,-266.60,-981.93,68.36,-1.04,-1.10,0.12,34.02
719,32837885,-267.09,-981.45,65.43,-0.73,-0.49,0.43,33.88
720,32841943,-267.09,-985.84,71.29,-0.67,-0.67,0.00,33.83
721,32845992,-263.67,-980.47,64.94,-0.67,-0.73,0.30,33.83
722,32851787,-266.60,-980.96,67.38,-0.73,-0.67,0.18,34.02
723,32855836,-264.16,-980.47,66.89,-0.49,-0.85,0.49,33.88
724,32859885,-262.70,-980.96,60.55,-0.61,-0.55,0.55,33.83
725,32863943,-267.09,-982.42,67.38,-0.61,-0.67,0.37,33.83
726,32867992,-259.77,-980.96,65.92,-0.79,-0.79,0.43,33.97
727,32873787,-265.62,-980.47,67.87,-0.49,-0.55,0.55,33.78
728,32877836,-263.67,-979.49,67.87,-0.67,-0.61,0.49,33.49
729,32881885,-269.04,-978.52,66.89,-0.55,-0.67,0.43,34.12
730,32885943,-265.62,-982.42,65.43,-0.79,-0.67,0.30,33.97
731,32889992,-260.74,-980.47,72.75,-0.79,-0.85,0.49,33.97
732,32895787,-264.16,-977.54,71.29,-0.79,-0.79,0.49,33.88
733,32899836,-266.60,-983.40,66.89,-0.98,-0.91,0.24,33.64
734,32903885,-260.25,-979.98,69.82,-0.73,-0.67,0.18,33.88
735,32907943,-261.23,-979.00,65.43,-0.85,-0.43,0.00,34.02
736,32911992,-266.60,-983.89,67.38,-0.79,-0.67,0.00,33.44
737,32917787,-268.07,-985.84,72.75,-0.73,-0.85,0.18,33.64
738,32921836,-264.65,-986.33,64.94,-0.91,-0.55,0.30,33.49
739,32925885,-263.67,-979.98,65.43,-0.61,-0.73,0.37,33.78
740,32929943,-263.67,-983.40,69.34,-0.85,-0.61,0.18,33.97
741,32933992,-268.07,-979.98,70.31,-0.61,-0.79,0.43,33.78
742,32939787,-265.14,-979.49,68.85,-0.73,-0.55,0.37,33.68
743,32943836,-266.11,-980.96,71.29,-0.98,-0.85,0.18,33.78
744,32947885,-268.07,-985.84,68.85,-0.91,-0.67,0.06,33.83
745,32951943,-266.11,-983.40,68.85,-0.85,-0.91,0.30,33.83
746,32955992,-267.58,-979.49,68.36,-0.85,-0.55,0.00,33.83
747,32961787,-264.65,-982.42,69.34,-1.04,-0.55,0.06,33.78
748,32965836,-269.04,-980.96,70.31,-0.91,-0.67,0.18,33.68
749,32969885,-266.11,-981.93,69.34,-0.85,-0.73,0.49,33.59
750,32973943,-269.53,-979.98,68.85,-0.91,-0.67,0.49,33.83
751,32979787,-266.11,-979.98,69.34,-1.04,-0.55,0.43,34.02
752,32983836,-265.14,-983.40,65.92,-0.79,-0.67,0.00,34.16
753,32987885,-266.11,-981.93,64.94,-0.79,-0.79,0.12,34.12
754,32991943,-262.21,-983.89,69.82,-0.79,-0.79,0.00,33.83
755,32995992,-265.62,-984.86,69.34,-0.67,-0.61,-0.12,34.02
756,33001787,-262.70,-979.98,68.36,-0.85,-0.91,0.12,33.83
757,33005836,-265.62,-981.45,65.92,-0.85,-0.49,0.18,33.88
758,33009885,-261.72,-979.98,68.36,-0.98,-0.55,0.43,34.21
759,33013943,-267.58,-978.52,64.94,-0.67,-0.43,0.49,33.64
760,33017992,-263.18,-981.45,67.87,-0.67,-0.67,0.18,33.78
761,33023787,-260.25,-984.37,64.94,-0.55,-0.85,0.18,34.12
762,33027836,-263.18,-980.96,66.89,-0.91,-0.73,0.24,34.02
763,33031885,-263.18,-983.89,66.89,-0.61,-0.79,0.24,33.88
764,33035943,-263.18,-982.91,66.89,-0.73,-0.61,0.37,33.78
765,33039992,-264.16,-980.96,67.87,-0.73,-0.61,0.37,33.97
766,33045787,-269.53,-979.49,67.87,-0.85,-0.73,0.06,33.88
767,33049836,-257.81,-979.00,64.94,-0.85,-0.91,0.12,33.88
768,33053885,-265.14,-984.37,65.43,-0.73,-0.73,0.18,33.83
769,33057943,-258.30,-984.37,72.27,-0.61,-0.73,0.24,33.88
770,33061992,-265.14,-981.45,67.38,-0.73,-0.67,0.43,34.02
771,33067787,-263.18,-982.42,69.34,-0.85,-0.49,0.30,33.83
772,33071836,-262.70,-982.42,68.36,-0.98,-0.67,0.30,33.88
773,33075885,-260.25,-981.45,72.27,-0.79,-0.67,0.12,33.97
774,33079943,-260.74,-979.49,67.87,-0.85,-0.55,0.18,34.02
775,33083992,-260.25,-986.82,68.36,-0.91,-0.55,0.06,33.83
776,33089787,-267.58,-980.96,70.80,-0.98,-0.79,0.55,33.83
777,33093836,-264.16,-980.96,66.41,-0.73,-0.61,0.49,33.97
778,33097885,-266.11,-983.40,67.87,-0.79,-0.61,0.37,33.83
779,33101943,-266.11,-984.37,68.36,-0.73,-0.67,0.24,33.83
780,33105992,-265.14,-980.47,73.73,-0.67,-0.55,0.30,33.88
781,33111787,-264.65,-984.86,70.80,-1.04,-0.79,0.43,33.97
782,33115836,-260.74,-980.47,69.82,-1.16,-0.61,0.12,33.83
783,33119885,-264.16,-981.45,65.43,-0.61,-0.73,0.37,33.64
784,33123943,-266.11,-980.96,69.82,-0.79,-0.79,0.12,33.59
785,33127992,-263.67,-987.79,69.34,-1.04,-0.73,0.18,33.68
786,33133787,-265.62,-981.45,69.34,-0.79,-0.67,0.06,33.68
787,33137836,-262.70,-983.40,70.31,-0.61,-0.61,-0.06,33.83
788,33141885,-263.18,-984.37,71.29,-1.04,-0.61,0.06,33.88
789,33145943,-264.16,-990.23,64.94,-1.04,-0.73,0.30,34.21
790,33149992,-266.11,-984.37,68.36,-0.98,-0.67,0.37,33.68
791,33155787,-264.16,-982.91,65.92,-0.61,-0.61,0.37,33.88
792,33159836,-262.21,-983.40,69.34,-0.85,-0.79,0.06,33.83
793,33163885,-267.09,-984.37,65.92,-0.79,-0.79,0.24,33.88
794,33167943,-262.70,-979.49,66.89,-0.85,-0.61,0.12,33.88
795,33171992,-266.11,-979.98,64.45,-0.67,-0.61,0.49,33.59
796,33177787,-263.18,-983.40,67.38,-0.73,-0.61,0.55,33.88
797,33181836,-270.02,-982.42,64.94,-0.73,-0.73,0.24,33.78
798,33185885,-264.65,-980.96,65.43,-0.79,-0.55,0.24,33.88
799,33189943,-262.21,-986.33,62.50,-1.16,-0.61,0.30,34.12
800,33193992,-260.74,-984.37,64.94,-0.67,-0.55,0.30,33.88
801,33199787,-265.14,-980.96,63.48,-0.67,-0.67,0.37,34.02
802,33203836,-257.81,-981.45,64.45,-0.79,-0.61,0.30,33.97
803,33207885,-265.14,-979.49,63.96,-0.73,-0.67,0.30,34.02
804,33211943,-260.74,-984.86,70.31,-0.98,-0.85,-0.06,33.83
805,33217787,-267.09,-983.89,64.45,-0.67,-0.24,0.43,33.97
806,33221836,-263.18,-979.98,68.85,-0.98,-0.79,0.12,34.12
807,33225885,-262.70,-979.98,68.85,-0.79,-0.37,0.12,34.02
808,33229943,-263.18,-982.42,67.38,-0.98,-0.85,0.24,33.88
809,33233992,-260.74,-980.47,69.34,-0.79,-0.79,0.18,34.02
810,33239787,-264.65,-979.00,70.80,-0.73,-0.91,0.30,34.02
811,33243836,-260.74,-980.96,69.82,-0.91,-0.49,0.49,34.12
812,33247885,-261.23,-981.45,65.92,-0.79,-0.67,0.43,34.02
813,33251943,-263.18,-979.49,69.82,-0.79,-0.61,0.49,33.97
814,33255992,-260.74,-979.49,69.82,-0.67,-0.85,0.55,33.88
815,33261787,-265.14,-981.93,71.29,-0.79,-0.67,0.43,34.16
816,33265836,-259.28,-980.47,69.82,-0.73,-0.61,0.30,33.83
817,33269885,-264.65,-980.96,69.82,-0.73,-0.79,0.06,33.68
818,33273943,-266.60,-983.40,72.27,-0.67,-0.49,0.24,33.68
819,33277992,-263.18,-981.45,70.80,-0.73,-0.61,0.30,33.97
820,33283787,-264.65,-982.91,73.24,-0.79,-0.61,0.18,34.02
821,33287836,-267.09,-979.49,75.20,-0.67,-0.85,0.24,33.83
822,33291885,-270.51,-985.84,68.36,-0.85,-0.61,0.24,33.83
823,33295943,-271.48,-980.96,71.29,-0.91,-0.67,0.30,33.78
824,33299992,-268.55,-981.93,77.64,-0.85,-0.73,0.30,34.02
825,33305787,-264.16,-977.54,67.38,-0.67,-0.61,0.37,33.83
826,33309836,-267.09,-978.03,72.27,-0.85,-0.73,0.37,34.02
827,33313885,-269.04,-981.45,69.34,-0.61,-0.73,0.18,33.83
828,33317943,-266.60,-981.93,73.73,-0.98,-0.55,0.12,33.78
829,33321992,-266.60,-982.42,69.34,-0.73,-0.61,-0.12,33.83
830,33327787,-265.62,-979.98,70.31,-0.98,-0.43,-0.06,34.12
831,33331836,-263.67,-980.96,67.87,-0.73,-0.49,0.00,33.68
832,33335885,-264.65,-980.47,69.82,-0.61,-0.67,0.18,33.88
833,33339943,-267.09,-980.96,65.43,-0.73,-0.73,0.06,33.88
834,33343992,-270.51,-985.35,66.89,-0.73,-0.37,0.24,33.88
835,33349787,-264.16,-979.98,67.87,-1.04,-0.49,0.24,33.88
836,33353836,-265.14,-981.45,65.43,-0.79,-0.55,0.00,33.78
837,33357885,-268.07,-979.98,67.38,-0.73,-0.55,0.18,33.97
838,33361943,-265.62,-981.45,63.96,-0.55,-0.67,0.18,33.83
839,33365992,-257.81,-981.45,66.89,-0.85,-0.43,0.24,33.83
840,33371787,-260.74,-980.47,65.43,-0.73,-0.61,0.37,33.88
841,33375836,-266.60,-982.91,67.87,-0.73,-0.43,0.55,33.64
842,33379885,-266.11,-980.96,65.43,-0.98,-0.61,0.12,33.83
843,33383943,-263.18,-986.33,68.36,-0.91,-0.91,0.55,34.02
844,33387992,-263.18,-986.82,69.82,-0.85,-0.61,0.12,33.78
845,33393787,-268.55,-986.33,65.43,-0.85,-0.91,0.30,33.68
846,33397836,-264.65,-983.89,66.41,-0.79,-0.61,0.43,33.88
847,33401885,-267.58,-978.52,65.43,-0.79,-0.91,0.55,33.97
848,33405943,-264.16,-982.42,68.36,-0.73,-0.85,0.37,34.12
849,33409992,-271.97,-978.03,68.36,-0.73,-0.73,0.30,33.64
850,33415787,-268.07,-980.47,69.34,-0.67,-0.85,0.67,33.78
851,33419836,-268.07,-983.40,66.89,-0.73,-0.73,0.55,33.88
852,33423885,-269.04,-982.42,65.92,-0.73,-0.61,0.43,33.97
853,33427943,-269.04,-976.56,69.82,-0.91,-0.98,0.18,34.16
854,33433787,-268.07,-979.49,66.41,-0.67,-0.79,0.30,34.21
855,33437836,-265.62,-980.96,69.34,-1.16,-0.55,0.49,33.88
856,33441885,-264.16,-982.42,70.80,-0.98,-0.67,0.30,34.02
857,33445943,-268.07,-979.00,69.34,-0.85,-0.67,0.43,33.78
858,33449992,-268.55,-976.56,67.87,-0.73,-0.55,0.30,34.16
859,33455787,-269.04,-981.45,69.34,-0.79,-0.61,0.37,33.88
860,33459836,-265.14,-982.42,68.36,-0.67,-0.55,0.37,34.12
861,33463885,-264.16,-979.49,72.75,-0.85,-0.61,0.12,34.02
862,33467943,-259.77,-983.40,67.87,-0.91,-0.73,0.18,33.88
863,33471992,-267.58,-984.37,67.87,-0.91,-0.79,0.37,33.88
864,33477787,-269.53,-983.89,65.43,-0.55,-0.85,0.18,33.83
865,33481836,-265.14,-980.47,70.31,-0.73,-0.61,0.30,33.97
866,33485885,-263.18,-983.89,65.43,-0.67,-0.49,0.37,34.02
867,33489943,-266.60,-982.91,67.87,-0.85,-0.55,0.37,33.44
868,33493992,-264.16,-984.37,65.43,-0.98,-0.49,0.37,33.78
869,33499787,-263.67,-982.42,67.38,-0.91,-0.79,0.18,33.83
870,33503836,-268.55,-980.96,68.85,-0.85,-0.49,0.12,33.68
871,33507885,-264.16,-983.40,65.43,-0.85,-0.85,0.12,33.88
872,33511943,-263.67,-982.42,70.31,-0.98,-0.55,0.43,33.68
873,33515992,-262.70,-983.40,70.31,-0.79,-0.67,0.12,33.88
874,33521787,-262.21,-980.47,70.31,-0.67,-0.67,0.43,34.02
875,33525836,-265.62,-982.91,61.52,-0.73,-0.55,0.00,33.83
876,33529885,-263.18,-982.42,67.87,-0.79,-0.55,0.00,33.97
877,33533943,-260.74,-982.42,70.31,-0.67,-0.61,0.18,34.02
878,33537992,-267.58,-982.91,67.87,-0.67,-0.43,0.49,34.02
879,33543787,-265.14,-980.96,64.94,-0.73,-0.79,0.30,34.21
880,33547836,-266.11,-982.91,62.01,-0.91,-0.67,0.37,33.64
881,33551885,-261.23,-981.45,70.80,-0.73,-0.73,0.12,34.02
882,33555943,-266.11,-985.35,63.48,-0.79,-0.67,0.30,33.88
883,33559992,-270.02,-980.47,65.92,-0.73,-0.79,0.06,33.78
884,33565787,-264.16,-985.35,64.45,-0.67,-0.55,0.43,33.68
885,33569836,-264.16,-981.93,68.36,-0.79,-0.67,0.43,33.78
886,33573885,-263.18,-982.42,64.94,-0.73,-0.49,0.30,34.12
887,33577943,-265.14,-979.98,65.92,-0.79,-0.79,0.18,34.12
888,33581992,-266.11,-980.47,67.38,-0.98,-0.61,0.49,33.68
889,33587787,-265.62,-981.93,71.29,-0.73,-0.85,0.24,33.78
890,33591836,-269.53,-982.91,69.34,-0.61,-0.73,0.18,33.97
891,33595885,-271.00,-977.05,67.38,-0.67,-0.79,0.24,34.16
892,33599943,-266.11,-979.49,69.34,-0.91,-0.79,0.24,33.83
893,33603992,-267.58,-983.40,66.89,-0.73,-0.61,-0.06,33.64
894,33609787,-263.18,-984.86,67.87,-0.67,-0.55,0.24,33.68
895,33613836,-264.65,-978.52,63.48,-0.85,-0.43,0.18,33.83
896,33617885,-262.21,-985.35,69.34,-0.98,-0.37,0.00,34.02
897,33621943,-261.23,-981.93,67.87,-0.91,-0.73,0.12,33.83
898,33625992,-260.25,-982.91,65.92,-0.98,-0.55,0.18,33.68
899,33631787,-263.18,-981.93,70.31,-0.91,-0.67,0.18,33.78
900,33635836,-263.18,-981.45,66.41,-0.79,-0.49,0.55,33.83
901,33639885,-264.16,-984.86,67.87,-0.79,-0.61,0.43,33.88
902,33643943,-266.60,-979.98,65.92,-0.91,-0.61,0.49,33.88
903,33649787,-265.14,-979.00,68.36,-0.67,-0.79,0.18,33.83
904,33653836,-261.23,-980.47,64.45,-0.67,-0.55,0.18,33.83
905,33657885,-268.55,-982.91,66.89,-0.85,-0.79,0.06,33.97
906,33661943,-264.16,-980.96,68.85,-1.04,-0.55,0.67,33.78
907,33665992,-261.72,-983.89,66.89,-0.61,-0.49,0.30,33.83
908,33670042,-266.11,-984.86,64.45,-0.73,-0.49,0.12,33.59
909,33675787,-265.62,-982.91,65.92,-0.79,-0.73,0.18,33.88
910,33679836,-265.14,-979.98,68.85,-0.85,-0.61,0.24,34.02
911,33683885,-262.21,-980.96,66.89,-0.98,-0.73,0.18,33.88
912,33687943,-264.16,-979.98,68.36,-0.85,-0.43,0.30,33.78
913,33693787,-270.51,-982.42,64.45,-0.61,-0.61,0.30,33.64
914,33697836,-268.07,-981.45,67.87,-0.61,-0.61,0.37,34.02
915,33701885,-263.67,-982.42,64.94,-0.79,-0.67,0.37,33.83
916,33705943,-265.14,-981.45,69.34,-0.67,-0.61,0.30,33.83
917,33709992,-264.65,-978.03,68.36,-0.85,-0.73,0.12,34.02
918,33715787,-265.14,-984.37,68.85,-0.85,-0.73,0.30,34.02
919,33719836,-268.55,-981.93,66.89,-0.73,-0.91,0.30,34.16
920,33723885,-266.60,-979.49,73.24,-0.91,-0.49,0.61,34.02
921,33727943,-268.07,-980.47,70.31,-0.85,-0.61,0.61,33.78
922,33731992,-270.02,-980.96,70.31,-0.61,-0.49,0.43,33.97
923,33737787,-271.97,-983.40,67.87,-0.85,-0.67,0.24,33.78
924,33741836,-265.62,-979.00,71.29,-0.79,-0.49,0.12,33.83
925,33745885,-264.65,-979.00,66.41,-0.98,-0.85,0.12,33.83
926,33749943,-266.11,-982.91,70.80,-0.98,-0.79,0.06,33.49
927,33753992,-261.72,-989.26,68.36,-0.91,-0.73,-0.06,33.88
928,33759787,-261.23,-984.86,68.36,-0.91,-0.49,0.12,34.12
929,33763836,-263.67,-981.45,65.92,-0.55,-0.55,0.12,33.83
930,33767885,-266.11,-982.91,68.36,-0.73,-0.43,0.18,33.88
931,33771943,-263.18,-980.96,68.85,-1.10,-0.61,0.18,33.97
932,33775992,-261.23,-985.84,68.85,-0.85,-0.73,0.30,34.16
933,33781787,-263.18,-983.40,68.36,-0.73,-0.67,0.30,33.49
934,33785836,-268.55,-983.89,65.92,-0.67,-0.67,0.43,33.68
935,33789885,-266.11,-979.00,68.85,-0.67,-0.73,0.30,34.12
936,33793943,-261.72,-978.52,65.92,-0.85,-0.85,0.43,33.97
937,33797992,-266.11,-981.93,66.89,-0.61,-0.67,0.43,34.02
938,33803787,-265.62,-980.47,67.87,-0.79,-0.55,0.30,33.68
939,33807836,-268.55,-982.42,61.52,-0.98,-0.91,0.30,33.68
940,33811885,-268.07,-981.45,67.38,-0.73,-0.79,0.37,33.88
941,33815943,-265.14,-981.93,69.34,-0.91,-0.61,0.67,33.88
942,33819992,-270.02,-979.00,71.29,-0.98,-0.79,0.49,33.68
943,33825787,-266.60,-979.98,67.87,-0.73,-0.85,0.43,33.88
944,33829836,-264.65,-980.96,68.36,-0.79,-0.67,0.49,33.64
945,33833885,-267.09,-985.84,74.71,-0.67,-0.49,0.30,34.02
946,33837943,-263.18,-977.54,70.80,-0.91,-0.61,0.30,33.88
947,33841992,-264.16,-981.93,71.78,-0.91,-0.67,0.18,33.78
948,33847787,-265.62,-983.40,73.24,-0.61,-0.43,0.18,33.97
949,33851836,-266.11,-980.96,67.87,-0.49,-0.37,0.18,33.97
950,33855885,-268.55,-981.93,70.31,-0.98,-0.43,0.24,33.78
951,33859943,-264.65,-983.89,72.27,-0.79,-0.67,0.18,33.88
952,33863992,-264.16,-983.89,72.27,-0.85,-0.55,0.30,33.78
953,33869787,-267.09,-983.40,67.87,-0.55,-0.67,0.18,33.64
954,33873836,-271.97,-986.82,69.82,-1.04,-0.61,0.18,34.02
955,33877885,-265.62,-981.45,68.36,-0.61,-0.67,0.06,34.12
956,33881943,-265.62,-983.40,68.36,-1.04,-0.61,0.37,33.78
957,33887787,-269.04,-983.89,70.31,-0.73,-0.61,0.06,33.97
958,33891836,-266.60,-975.59,69.34,-0.85,-0.67,0.06,33.68
959,33895885,-260.74,-975.59,66.41,-0.79,-0.73,0.12,33.83
960,33899943,-261.72,-985.35,64.94,-0.67,-0.55,-0.06,33.88
961,33903992,-265.14,-984.86,65.43,-0.91,-0.67,0.00,33.97
962,33909787,-267.09,-982.91,66.41,-0.73,-0.73,0.55,34.02
963,33913836,-262.70,-983.40,67.38,-0.73,-0.49,0.30,33.78
964,33917885,-265.14,-984.37,68.36,-0.61,-0.67,0.06,33.88
965,33921943,-266.60,-983.40,65.92,-0.85,-0.55,0.06,33.49
966,33925992,-264.16,-980.47,68.36,-0.79,-0.67,0.12,33.97
967,33931787,-267.09,-984.86,69.82,-0.79,-0.49,0.18,34.02
968,33935836,-261.72,-981.93,70.80,-0.67,-0.55,0.37,33.83
969,33939885,-264.16,-981.45,71.29,-1.10,-0.61,0.37,34.12
970,33943943,-266.60,-981.45,69.82,-0.79,-0.85,0.43,34.12
971,33947992,-262.70,-985.84,69.34,-0.55,-0.73,0.24,33.83
972,33953787,-266.60,-985.35,66.89,-0.79,-0.61,0.49,34.02
973,33957836,-265.62,-982.42,73.73,-0.73,-0.49,0.43,34.12
974,33961885,-266.11,-982.42,71.78,-0.85,-0.79,0.24,33.97
975,33965943,-267.09,-983.89,71.78,-0.79,-0.67,0.55,33.68
976,33969992,-269.53,-979.49,69.34,-0.98,-0.61,0.30,34.02
977,33975787,-269.04,-984.37,69.34,-0.67,-0.49,0.49,33.88
978,33979836,-264.65,-982.42,70.80,-0.67,-0.61,0.30,33.83
979,33983885,-267.58,-982.42,67.87,-0.73,-0.85,0.24,33.83
980,33987943,-266.11,-976.56,72.75,-0.79,-0.61,0.43,34.12
981,33991992,-267.58,-980.47,68.85,-0.73,-0.85,0.37,33.97
982,33997787,-265.14,-985.35,74.71,-1.04,-0.61,0.18,33.97
983,34001836,-265.62,-980.96,68.85,-0.79,-0.91,0.12,33.78
984,34005885,-264.65,-983.40,68.36,-0.79,-0.73,0.18,34.12
985,34009943,-262.70,-979.49,68.85,-0.73,-0.79,0.43,33.83
986,34013992,-266.11,-979.98,67.38,-0.91,-0.49,0.55,33.88
987,34019787,-263.18,-977.54,72.27,-0.67,-0.43,0.55,33.78
988,34023836,-261.72,-980.47,70.31,-0.85,-0.67,0.55,33.49
989,34027885,-268.55,-979.49,73.73,-0.79,-0.61,0.37,34.02
990,34031943,-266.11,-981.93,65.43,-0.67,-0.49,0.49,33.83
991,34035992,-266.11,-983.40,65.92,-0.79,-0.73,0.30,33.83
992,34041787,-264.16,-979.98,69.82,-0.85,-0.37,0.30,33.68
993,34045836,-265.14,-979.00,72.27,-0.91,-0.61,-0.18,33.88
994,34049885,-265.62,-981.45,72.27,-0.91,-0.61,0.06,33.78
995,34053943,-261.72,-982.42,65.43,-0.79,-0.55,0.30,33.97
996,34057992,-262.21,-979.98,67.38,-0.73,-0.67,0.18,33.78
997,34063787,-263.67,-979.49,63.96,-0.67,-0.67,0.12,33.83
998,34067836,-265.14,-978.52,64.94,-0.98,-0.61,0.37,34.12
999,34071885,-263.18,-976.56,68.85,-0.61,-0.61,0.37,33.88
1000,34075943,-262.21,-986.82,70.31,-0.61,-0.61,0.37,34.02
1001,34079992,-263.67,-983.40,68.85,-0.85,-0.49,0.24,33.78
1002,34085787,-260.74,-983.89,67.38,-0.91,-0.79,0.37,34.02
1003,34089836,-264.16,-979.98,66.41,-0.73,-0.67,0.49,34.16
1004,34093885,-263.67,-979.98,71.78,-0.67,-0.55,0.49,33.97
1005,34097943,-267.09,-983.89,70.80,-0.91,-0.79,0.12,33.83
1006,34103787,-265.14,-984.86,68.36,-0.98,-0.55,0.49,33.97
1007,34107836,-268.55,-978.03,73.24,-0.73,-0.73,0.67,34.02
1008,34111885,-264.16,-982.42,67.87,-0.73,-0.73,0.67,34.02
1009,34115943,-270.02,-982.42,70.80,-0.85,-0.61,0.43,33.88
1010,34119992,-263.67,-982.91,67.87,-0.98,-0.85,0.55,33.83
1011,34125787,-270.51,-982.42,74.22,-0.79,-0.61,0.37,34.12
1012,34129836,-268.55,-982.42,68.85,-0.61,-0.49,-0.18,33.88
1013,34133885,-263.18,-980.47,66.41,-0.91,-0.67,-0.18,33.88
1014,34137943,-269.53,-982.91,66.41,-1.22,-0.67,-0.24,34.02
1015,34141992,-264.65,-981.45,68.36,-0.91,-0.79,-0.06,33.83
1016,34147787,-265.62,-982.42,66.89,-1.04,-0.67,0.12,34.02
1017,34151836,-266.11,-985.35,70.31,-0.91,-0.67,0.30,33.97
1018,34155885,-268.55,-985.35,65.43,-0.79,-0.67,0.30,34.12
1019,34159943,-267.58,-978.52,69.34,-0.91,-0.85,0.24,33.83
1020,34163992,-265.14,-980.47,66.89,-0.85,-0.49,0.30,34.02
1021,34169787,-263.67,-981.45,66.89,-0.55,-0.67,0.49,33.97
1022,34173836,-261.72,-982.91,71.78,-0.98,-0.85,0.37,33.97
1023,34177885,-269.04,-981.45,67.38,-0.98,-0.73,0.43,33.97
1024,34181943,-264.16,-984.86,65.92,-0.91,-0.67,0.49,33.78
1025,34185992,-266.60,-983.40,68.36,-0.85,-0.73,0.30,33.59
1026,34191787,-264.65,-984.37,69.34,-0.91,-0.67,0.37,33.97
1027,34195836,-265.62,-981.93,65.92,-0.85,-0.55,0.06,33.83
1028,34199885,-267.58,-983.89,65.43,-0.61,-0.61,0.24,33.88
1029,34203943,-266.60,-982.91,64.94,-0.67,-0.55,0.30,33.88
1030,34207992,-266.11,-980.96,64.45,-0.73,-0.67,0.18,33.97
1031,34213787,-266.60,-986.82,68.36,-0.91,-0.61,0.30,33.83
1032,34217836,-263.18,-983.40,67.87,-0.79,-0.49,0.00,33.88
1033,34221885,-268.07,-980.47,67.87,-1.04,-0.79,0.24,33.88
1034,34225943,-262.21,-980.96,66.41,-0.91,-0.73,0.24,34.02
1035,34229992,-261.72,-978.03,67.38,-0.98,-0.85,0.43,33.97
1036,34235787,-263.18,-980.96,68.36,-0.67,-0.85,0.37,33.83
1037,34239836,-269.53,-982.91,68.85,-0.79,-0.61,0.43,33.88
1038,34243885,-267.09,-981.45,70.80,-0.85,-0.79,0.24,34.02
1039,34247943,-263.18,-983.40,68.36,-0.79,-0.67,0.67,33.88
1040,34251992,-261.23,-985.35,69.82,-0.91,-0.73,0.37,34.02
1041,34257787,-266.11,-982.42,67.87,-0.67,-0.85,0.37,33.68
1042,34261836,-262.21,-984.86,65.43,-0.67,-0.61,0.30,33.44
1043,34265885,-268.55,-981.93,75.68,-0.79,-0.91,0.24,33.83
1044,34269943,-260.25,-981.93,66.89,-0.91,-0.73,0.30,33.88
1045,34273992,-265.14,-983.89,70.31,-0.98,-0.98,0.24,33.83
1046,34279787,-266.11,-980.47,73.24,-0.91,-0.85,0.30,33.78
1047,34283836,-267.58,-981.93,68.36,-0.79,-0.73,0.24,33.83
1048,34287885,-260.74,-983.89,66.41,-0.85,-0.67,0.30,33.78
1049,34291943,-267.09,-981.45,67.38,-0.91,-0.91,0.18,33.83
1050,34295992,-259.77,-986.82,67.87,-0.85,-1.04,0.12,33.68
1051,34301787,-266.11,-982.91,68.85,-0.98,-0.67,0.43,34.02
1052,34305836,-265.14,-982.42,70.80,-0.79,-0.67,0.67,34.02
1053,34309885,-261.72,-982.91,70.31,-0.91,-0.61,0.43,33.97
1054,34313943,-269.04,-981.93,71.78,-0.73,-0.91,0.30,33.83
1055,34317992,-264.65,-980.47,70.31,-0.67,-0.73,0.30,33.88
1056,34323787,-267.58,-986.82,68.85,-0.85,-0.67,0.55,33.88
1057,34327836,-267.58,-982.42,71.78,-0.91,-0.79,0.12,34.02
1058,34331885,-264.65,-979.98,66.89,-0.85,-0.79,0.30,34.02
1059,34335943,-267.09,-983.89,69.34,-0.73,-0.61,0.24,33.88
1060,34341787,-267.58,-979.98,70.80,-0.79,-0.61,0.37,33.97
1061,34345836,-267.09,-981.45,64.94,-0.85,-0.61,0.55,34.02
1062,34349885,-266.11,-981.45,70.31,-0.61,-0.55,0.61,33.78
1063,34353943,-266.11,-979.98,68.36,-0.49,-0.67,0.49,33.83
1064,34357992,-266.11,-982.91,69.82,-0.91,-0.55,0.37,33.88
1065,34363787,-265.14,-979.00,68.85,-0.85,-0.61,0.24,33.97
1066,34367836,-266.60,-982.91,72.75,-0.73,-0.55,0.37,34.02
1067,34371885,-267.58,-981.93,70.80,-0.73,-0.67,0.12,33.68
1068,34375943,-268.55,-985.35,74.71,-0.61,-0.85,0.18,33.49
1069,34379992,-265.62,-982.42,67.87,-0.98,-0.55,0.24,33.97
1070,34385787,-263.18,-980.96,70.31,-0.73,-0.73,0.30,33.97
1071,34389836,-262.70,-978.03,67.87,-1.04,-0.61,0.49,33.88
1072,34393885,-266.60,-984.86,64.94,-0.73,-0.85,0.18,34.02
1073,34397943,-267.09,-978.03,71.78,-0.73,-0.85,0.06,33.78
1074,34401992,-261.23,-979.00,68.36,-0.91,-0.61,0.18,34.02
1075,34407787,-264.65,-986.33,68.85,-0.79,-0.79,0.06,34.02
1076,34411836,-267.58,-980.96,63.96,-0.98,-0.61,0.12,33.83
1077,34415885,-262.21,-982.91,66.89,-0.98,-0.49,0.24,34.02
1078,34419943,-267.09,-980.47,67.87,-0.79,-0.43,0.30,33.83
1079,34423992,-269.04,-983.40,66.89,-0.91,-0.61,0.43,34.02
1080,34429787,-264.65,-983.89,62.50,-0.67,-0.79,0.18,33.88
1081,34433836,-265.62,-978.03,71.29,-0.79,-0.61,0.12,33.83
1082,34437885,-264.65,-979.49,69.34,-0.73,-0.61,0.18,33.88
1083,34441943,-266.11,-984.37,68.36,-0.73,-0.73,0.12,33.88
1084,34445992,-268.55,-978.52,63.48,-0.67,-0.67,0.00,33.88
1085,34451787,-267.09,-980.47,68.36,-0.85,-0.43,0.24,33.97
1086,34455836,-264.16,-985.35,67.38,-0.49,-0.73,0.18,33.68
1087,34459885,-267.58,-984.86,68.85,-0.61,-0.61,0.18,33.97
1088,34463943,-264.16,-980.47,70.31,-0.73,-0.79,-0.12,33.83
1089,34467992,-261.23,-980.96,67.38,-0.61,-0.55,0.18,33.97
1090,34473787,-262.70,-982.91,68.36,-0.67,-0.79,0.30,33.97
1091,34477836,-265.62,-987.30,66.89,-0.79,-0.73,0.30,33.88
1092,34481885,-263.67,-985.35,68.85,-0.79,-0.67,0.30,34.16
1093,34485943,-267.09,-985.35,68.36,-0.61,-0.55,0.37,33.78
1094,34489992,-264.16,-982.91,67.38,-0.91,-0.61,0.49,33.68
1095,34495787,-264.16,-984.37,69.82,-0.85,-0.79,0.37,33.49
1096,34499836,-266.11,-978.52,68.85,-0.73,-0.37,0.37,33.64
1097,34503885,-264.65,-984.86,68.36,-0.61,-0.43,0.43,34.02
1098,34507943,-266.60,-983.89,68.36,-0.73,-0.18,0.24,33.83
1099,34511992,-267.58,-977.05,69.34,-0.85,-0.61,0.18,33.44
1100,34517787,-271.48,-982.42,67.38,-0.79,-0.61,0.12,33.97
1101,34521836,-265.14,-979.98,64.94,-0.91,-0.49,-0.18,33.97
1102,34525885,-266.60,-988.28,68.36,-0.73,-0.73,0.06,33.97
1103,34529943,-266.60,-979.98,69.82,-0.85,-0.43,0.00,33.97
1104,34533992,-267.09,-985.35,65.92,-0.67,-0.73,0.24,34.02
1105,34539787,-268.07,-984.37,65.43,-0.91,-0.55,0.24,33.83
1106,34543836,-264.16,-983.89,65.92,-0.67,-0.55,0.12,34.02
1107,34547885,-267.58,-982.91,68.85,-0.79,-0.37,0.06,33.97
1108,34551943,-267.58,-985.84,66.41,-0.79,-0.24,0.12,34.12
1109,34557787,-264.16,-985.84,68.85,-0.98,-0.43,0.37,33.88
1110,34561836,-266.60,-984.86,66.41,-0.61,-0.61,0.24,33.88
1111,34565885,-267.58,-982.91,65.92,-0.61,-0.79,0.49,33.97
1112,34569943,-267.09,-984.37,70.31,-0.79,-0.55,0.43,33.68
1113,34573992,-266.11,-984.37,68.85,-0.73,-0.61,0.12,34.02
1114,34579787,-266.11,-981.45,63.96,-0.98,-0.49,0.37,34.12
1115,34583836,-268.07,-980.96,64.45,-0.79,-0.67,0.24,33.83
1116,34587885,-267.58,-980.47,64.45,-0.73,-0.67,0.12,34.12
1117,34591943,-263.67,-983.40,66.89,-0.98,-0.67,0.12,33.88
1118,34595992,-257.81,-982.91,62.99,-1.10,-0.55,-0.18,34.02
1119,34601787,-259.77,-986.82,66.89,-1.04,-0.73,-0.30,33.83
1120,34605836,-259.28,-987.79,66.89,-0.85,-0.79,-0.24,34.02
1121,34609885,-256.35,-982.42,64.94,-0.85,-0.79,0.18,33.64
1122,34613943,-260.25,-985.35,63.96,-0.61,-0.55,0.67,33.64
1123,34617992,-263.67,-981.45,64.45,-0.61,-0.61,0.91,33.88
1124,34623787,-266.11,-981.93,64.45,-0.73,-0.49,0.85,34.02
1125,34627836,-269.53,-983.40,64.45,-0.79,-0.79,0.85,33.78
1126,34631885,-271.48,-981.93,68.85,-0.67,-0.55,0.67,33.88
1127,34635943,-269.53,-982.91,68.85,-0.61,-0.85,0.67,33.44
1128,34639992,-263.18,-980.47,68.36,-0.98,-0.85,0.00,33.88
1129,34645787,-271.00,-981.45,68.36,-0.73,-0.73,0.18,33.68
1130,34649836,-262.21,-983.89,68.36,-0.98,-0.73,0.43,33.88
1131,34653885,-268.55,-983.89,69.82,-0.85,-0.79,0.43,34.02
1132,34657943,-273.44,-979.49,66.89,-0.79,-0.55,0.12,33.83
1133,34661992,-266.11,-981.93,69.82,-0.73,-0.67,0.12,34.02
1134,34667787,-265.14,-981.93,66.41,-0.79,-0.79,-0.06,34.02
1135,34671836,-268.55,-981.93,65.43,-0.67,-0.73,0.00,34.02
1136,34675885,-263.67,-980.96,69.34,-0.91,-0.67,0.00,34.02
1137,34679943,-269.04,-979.00,66.41,-0.67,-0.55,0.37,34.02
1138,34683992,-267.58,-982.42,71.78,-0.67,-0.43,0.18,33.83
1139,34689787,-267.09,-983.40,67.87,-0.61,-0.49,0.37,33.97
1140,34693836,-266.60,-981.45,73.24,-1.04,-0.79,0.30,33.88
1141,34697885,-265.14,-978.52,68.36,-0.79,-0.61,0.61,33.97
1142,34701943,-266.60,-979.98,69.34,-0.73,-0.61,0.55,33.97
1143,34705992,-268.07,-985.84,69.34,-0.85,-0.55,0.24,33.83
1144,34711787,-263.18,-981.93,67.87,-1.04,-0.79,0.24,33.68
1145,34715836,-263.18,-979.49,72.75,-0.91,-0.49,0.37,33.78
1146,34719885,-266.60,-988.77,67.87,-0.79,-0.61,0.24,34.02
1147,34723943,-265.14,-983.89,69.34,-0.91,-0.43,0.12,33.68
1148,34727992,-261.23,-981.93,66.41,-1.04,-0.49,0.12,33.49
1149,34733787,-262.70,-979.98,71.78,-0.85,-0.67,0.00,33.64
1150,34737836,-263.18,-980.96,70.31,-0.49,-0.67,0.06,33.88
1151,34741885,-259.77,-981.93,66.41,-1.10,-0.49,0.06,33.78
1152,34745943,-264.16,-983.40,64.45,-0.85,-0.67,0.43,34.12
1153,34749992,-264.16,-985.35,62.99,-0.98,-0.85,0.24,33.64
1154,34755787,-264.16,-986.82,63.96,-0.67,-0.61,0.18,33.83
1155,34759836,-265.62,-985.84,62.50,-0.79,-0.73,0.43,34.02
1156,34763885,-260.74,-981.93,62.01,-0.67,-0.61,0.43,33.83
1157,34767943,-262.21,-983.89,64.45,-0.61,-0.61,0.49,33.83
1158,34773787,-269.53,-981.93,68.36,-0.85,-0.67,0.37,33.88
1159,34777836,-270.02,-979.00,63.96,-0.79,-0.73,0.43,34.02
1160,34781885,-264.16,-978.52,65.92,-0.73,-0.61,0.55,34.02
1161,34785943,-262.70,-985.35,67.38,-0.61,-0.67,0.24,33.68
1162,34789992,-270.02,-983.89,66.89,-0.85,-0.49,0.61,34.21
1163,34794042,-267.58,-981.93,66.89,-0.98,-0.61,0.55,33.83
1164,34799787,-267.09,-984.86,71.78,-0.79,-0.67,0.30,34.02
1165,34803836,-268.55,-985.35,72.27,-0.79,-0.67,0.37,33.78
1166,34807885,-267.58,-979.00,71.78,-0.79,-0.61,0.24,33.68
1167,34811943,-271.48,-980.96,72.27,-0.91,-0.73,0.18,33.97
1168,34817787,-264.16,-979.98,69.34,-0.91,-0.43,0.18,33.78
1169,34821836,-265.14,-984.86,70.80,-0.91,-0.67,0.06,33.88
1170,34825885,-266.11,-981.45,69.34,-0.67,-0.55,0.00,34.02
1171,34829943,-264.16,-982.91,72.27,-0.67,-0.91,0.12,33.78
1172,34833992,-269.04,-980.96,66.41,-0.98,-0.73,0.43,33.97
1173,34839787,-267.58,-982.42,65.43,-0.73,-0.79,0.30,33.97
1174,34843836,-261.23,-982.42,65.92,-0.79,-0.73,0.43,34.02
1175,34847885,-265.62,-981.93,69.34,-0.85,-0.24,0.49,34.12
1176,34851943,-273.44,-981.93,65.92,-0.67,-0.73,0.55,33.88
1177,34855992,-267.58,-983.89,67.87,-0.61,-0.79,0.43,33.88
1178,34861787,-267.09,-981.93,68.85,-0.61,-0.49,0.37,33.88
1179,34865836,-268.07,-979.00,64.45,-0.73,-0.79,0.18,33.97
1180,34869885,-266.11,-981.45,68.36,-0.79,-0.61,0.18,33.97
1181,34873943,-263.18,-985.84,67.38,-0.85,-0.49,0.06,33.68
1182,34877992,-264.16,-981.93,66.41,-0.79,-0.49,0.00,34.02
1183,34883787,-263.18,-980.96,63.48,-0.91,-0.67,0.37,33.78
1184,34887836,-265.14,-981.45,73.24,-0.85,-0.85,0.18,33.78
1185,34891885,-262.21,-980.96,61.52,-0.79,-0.67,0.43,33.88
1186,34895943,-261.23,-985.84,67.87,-0.73,-0.61,0.30,34.16
1187,34899992,-263.18,-980.96,65.43,-0.73,-0.55,0.12,33.97
1188,34905787,-263.67,-983.40,62.99,-0.67,-0.67,0.12,33.44
1189,34909836,-264.16,-981.93,68.36,-0.73,-0.55,0.12,33.68
1190,34913885,-265.62,-986.82,63.96,-0.67,-0.37,0.37,33.83
1191,34917943,-260.25,-979.98,66.41,-0.73,-0.55,0.12,34.02
1192,34921992,-269.04,-987.79,63.48,-0.67,-0.79,0.49,33.88
1193,34927787,-265.62,-982.42,70.80,-0.73,-0.79,0.49,33.64
1194,34931836,-264.65,-979.49,69.82,-0.79,-0.73,0.43,33.64
1195,34935885,-270.51,-982.42,72.75,-0.67,-0.79,0.43,33.83
1196,34939943,-270.51,-981.93,65.92,-0.91,-0.79,0.43,34.02
1197,34943992,-269.04,-981.45,69.82,-0.61,-0.73,0.30,33.88
1198,34949787,-268.07,-981.45,75.20,-0.79,-0.91,0.18,33.68
1199,34953836,-265.14,-987.79,68.85,-0.73,-0.73,0.12,33.78
1200,34957885,-270.51,-984.86,67.38,-0.73,-0.85,0.06,34.02
1201,34961943,-265.62,-980.96,70.80,-0.91,-0.79,0.12,33.88
1202,34965992,-267.58,-983.89,69.82,-1.10,-0.67,0.24,34.02
1203,34971787,-265.14,-984.86,68.36,-1.04,-0.91,-0.06,34.21
1204,34975836,-264.16,-978.52,71.29,-0.79,-0.67,0.24,33.97
1205,34979885,-266.11,-980.96,69.82,-0.79,-0.73,0.12,33.88
1206,34983943,-265.62,-978.52,71.78,-0.79,-0.55,0.30,33.88
1207,34987992,-268.07,-982.91,67.87,-0.91,-0.55,0.18,33.64
1208,34993787,-266.60,-985.84,68.36,-1.16,-0.43,0.06,33.88
1209,34997836,-268.07,-978.52,65.43,-0.85,-0.73,0.12,33.88
1210,35001885,-266.60,-984.37,68.85,-0.91,-0.55,0.37,34.02
1211,35005943,-269.04,-979.98,67.87,-0.91,-0.61,0.37,33.88
1212,35011787,-263.18,-978.03,65.43,-0.91,-0.43,0.37,33.88
1213,35015836,-269.04,-982.42,73.73,-0.79,-0.67,0.00,34.12
1214,35019885,-265.62,-981.45,64.45,-0.79,-0.85,0.12,33.83
1215,35023943,-261.72,-981.93,67.87,-0.85,-0.43,0.18,33.88
1216,35027992,-263.18,-982.42,65.92,-0.67,-0.61,0.24,33.88
1217,35033787,-266.11,-983.89,67.38,-0.67,-0.67,0.43,34.21
1218,35037836,-265.62,-984.37,66.89,-0.98,-0.91,0.18,33.88
1219,35041885,-265.14,-984.86,64.94,-0.73,-0.43,0.49,33.88
1220,35045943,-262.21,-979.49,66.41,-0.61,-0.73,0.24,33.59
1221,35049992,-261.72,-979.49,62.99,-0.98,-0.79,0.24,33.97
1222,35055787,-265.14,-982.91,65.92,-0.73,-0.91,0.30,33.88
1223,35059836,-264.65,-984.86,65.92,-0.79,-0.55,0.55,33.78
1224,35063885,-263.18,-982.42,65.43,-0.91,-0.79,0.43,33.97
1225,35067943,-266.11,-982.42,70.31,-0.67,-0.79,0.61,33.88
1226,35071992,-263.18,-981.45,69.34,-0.91,-0.91,0.37,34.12
1227,35077787,-269.53,-979.98,67.38,-0.79,-0.79,0.61,34.12
1228,35081836,-267.58,-978.03,70.80,-0.85,-0.55,0.37,34.02
1229,35085885,-264.16,-980.47,74.22,-1.10,-0.61,0.49,33.83
1230,35089943,-268.55,-987.30,63.48,-0.85,-0.73,0.30,33.78
1231,35093992,-269.04,-980.96,68.85,-0.79,-0.73,0.55,33.97
1232,35099787,-267.09,-979.98,66.89,-0.98,-0.43,0.24,33.97
1233,35103836,-268.07,-981.93,68.85,-0.85,-0.79,0.43,34.02
1234,35107885,-267.09,-980.47,69.82,-0.85,-0.79,0.43,33.88
1235,35111943,-267.58,-979.98,69.82,-0.79,-0.67,0.24,33.88
1236,35115992,-265.62,-979.98,67.38,-0.98,-0.49,0.49,33.88
1237,35121787,-261.72,-981.93,71.78,-0.98,-0.49,-0.06,33.83
1238,35125836,-262.70,-978.52,64.94,-0.73,-0.67,0.00,33.83
1239,35129885,-260.25,-985.35,66.41,-0.79,-0.73,0.30,33.88
1240,35133943,-264.65,-981.45,67.87,-0.91,-0.61,0.12,33.78
1241,35137992,-264.16,-981.45,64.94,-0.85,-0.67,-0.12,34.12
1242,35143787,-267.58,-981.93,64.94,-0.73,-0.73,0.24,33.78
1243,35147836,-264.16,-983.40,66.41,-0.91,-0.85,0.61,33.78
1244,35151885,-262.21,-980.47,71.29,-0.85,-0.85,0.24,34.12
1245,35155943,-261.72,-979.00,65.43,-0.85,-0.79,0.49,33.97
1246,35159992,-265.62,-980.96,67.87,-0.67,-0.61,0.43,33.78
1247,35165787,-266.11,-985.35,65.43,-0.67,-0.67,0.61,33.88
1248,35169836,-265.14,-979.00,66.41,-1.04,-0.79,0.37,33.49
1249,35173885,-265.62,-980.96,64.45,-0.85,-0.67,0.49,33.68
1250,35177943,-267.58,-982.42,66.41,-0.91,-0.91,0.24,33.97
1251,35181992,-267.58,-983.89,66.41,-0.79,-0.49,0.06,33.83
1252,35187787,-264.65,-982.91,67.87,-0.73,-0.73,0.00,33.97
1253,35191836,-264.16,-979.00,66.89,-0.73,-0.85,0.18,33.49
1254,35195885,-267.58,-981.93,70.80,-0.61,-0.67,0.43,34.02
1255,35199943,-266.11,-987.30,67.38,-0.73,-0.67,0.37,33.88
1256,35203992,-268.07,-981.93,66.89,-0.98,-0.61,0.06,33.68
1257,35209787,-263.67,-980.47,66.41,-0.85,-0.55,0.30,33.83
1258,35213836,-266.60,-983.89,62.01,-0.67,-0.73,0.43,34.02
1259,35217885,-263.67,-981.93,69.82,-0.67,-1.04,0.30,34.02
1260,35221943,-265.14,-981.93,64.45,-0.73,-0.79,0.18,33.97
1261,35227787,-264.16,-979.98,66.89,-0.73,-0.55,0.30,33.88
1262,35231836,-265.62,-984.86,66.41,-0.61,-0.79,0.24,33.88
1263,35235885,-262.70,-982.91,71.78,-0.79,-0.61,0.06,33.88
1264,35239943,-268.07,-981.93,70.31,-0.55,-0.91,0.43,33.59
1265,35243992,-262.21,-982.91,70.80,-0.79,-0.73,0.61,33.97
1266,35248042,-266.11,-980.96,70.31,-0.85,-0.55,0.43,33.88
1267,35253787,-264.16,-985.84,66.41,-0.73,-0.73,0.24,33.83
1268,35257836,-265.62,-985.35,71.78,-0.98,-0.67,0.24,33.83
1269,35261885,-261.23,-983.89,70.80,-0.67,-0.91,0.30,33.83
1270,35265943,-259.77,-982.42,73.24,-0.73,-0.73,0.37,34.02
1271,35271787,-266.60,-981.45,65.43,-1.10,-0.85,0.00,33.97
1272,35275836,-263.67,-976.07,70.80,-0.67,-0.49,0.24,34.12
1273,35279885,-261.72,-983.40,70.31,-0.79,-0.67,0.30,33.83
1274,35283943,-262.21,-987.30,70.31,-0.73,-0.61,0.24,33.78
1275,35287992,-263.67,-985.35,66.89,-0.67,-0.49,0.18,33.88
1276,35293787,-261.23,-980.47,65.92,-0.85,-0.61,0.18,34.02
1277,35297836,-262.70,-982.42,67.38,-0.73,-0.73,0.12,33.83
1278,35301885,-261.72,-980.47,66.89,-0.73,-0.61,0.18,34.02
1279,35305943,-264.65,-979.49,65.92,-0.73,-0.61,0.24,33.49
1280,35309992,-259.77,-982.42,62.99,-0.79,-0.79,0.37,33.88
1281,35315787,-262.70,-980.96,71.78,-0.73,-0.61,0.24,34.02
1282,35319836,-268.07,-982.91,68.85,-0.85,-0.43,0.24,33.83
1283,35323885,-262.70,-975.10,68.85,-0.73,-0.91,0.30,33.88
1284,35327943,-264.16,-979.98,65.43,-0.73,-0.61,0.49,33.88
1285,35331992,-266.60,-982.91,68.85,-0.67,-0.67,0.30,34.02
1286,35337787,-263.67,-982.91,66.89,-0.79,-0.61,0.43,33.78
1287,35341836,-261.72,-980.47,69.82,-0.79,-0.73,0.18,33.83
1288,35345885,-262.70,-980.47,66.89,-0.85,-0.67,0.37,34.02
1289,35349943,-266.60,-989.75,64.94,-0.85,-0.67,0.18,34.02
1290,35353992,-270.02,-983.40,65.43,-0.79,-0.67,0.06,34.16
1291,35359787,-260.74,-979.98,64.45,-0.79,-0.49,0.06,33.68
1292,35363836,-263.18,-982.91,67.87,-0.73,-0.73,0.30,33.88
1293,35367885,-269.04,-982.91,69.82,-0.55,-0.91,0.37,33.68
1294,35371943,-264.16,-982.42,69.82,-0.91,-0.61,0.30,34.02
1295,35375992,-267.09,-979.49,66.41,-0.73,-0.49,0.24,33.88
1296,35381787,-265.62,-984.37,68.85,-0.79,-0.73,0.43,33.68
1297,35385836,-264.65,-983.40,70.31,-0.73,-0.55,0.37,33.68
1298,35389885,-260.74,-982.91,68.85,-0.67,-0.61,0.30,33.88
1299,35393943,-266.11,-983.40,68.85,-0.85,-0.49,0.49,34.02
1300,35397992,-261.23,-983.89,68.36,-0.98,-0.61,0.30,33.59
1301,35403787,-265.62,-983.89,69.82,-0.73,-0.61,0.37,33.83
1302,35407836,-267.58,-985.35,72.27,-0.55,-0.85,0.12,33.68
1303,35411885,-269.04,-977.54,69.82,-0.73,-0.91,0.43,33.97
1304,35415943,-261.72,-983.89,67.38,-0.73,-0.73,0.24,33.88
1305,35419992,-264.16,-979.98,71.29,-1.04,-0.85,0.18,33.83
1306,35425787,-261.72,-984.37,66.41,-0.79,-0.61,0.18,33.88
1307,35429836,-263.67,-980.47,69.34,-0.49,-0.79,0.37,34.02
1308,35433885,-267.09,-985.35,66.41,-0.61,-0.85,0.24,33.97
1309,35437943,-265.62,-985.84,64.45,-0.91,-0.73,0.18,34.02
1310,35441992,-264.16,-984.37,64.45,-0.67,-0.55,0.49,33.68
1311,35447787,-267.58,-981.45,67.38,-0.85,-0.67,0.61,34.02
1312,35451836,-263.18,-986.82,71.78,-0.98,-0.67,0.18,34.02
1313,35455885,-264.16,-983.89,67.38,-0.79,-0.49,0.06,33.83
1314,35459943,-261.72,-985.35,68.36,-0.55,-0.61,0.18,33.97
1315,35465787,-268.07,-987.79,65.43,-0.79,-0.73,0.37,33.88
1316,35469836,-261.23,-979.98,69.82,-0.91,-0.61,0.37,33.83
1317,35473885,-271.48,-981.45,63.96,-0.85,-0.91,0.43,33.88
1318,35477943,-265.62,-982.91,71.78,-0.61,-0.73,0.43,33.88
1319,35481992,-266.60,-982.42,68.36,-0.85,-0.49,0.43,34.12
1320,35487787,-264.65,-979.00,64.45,-0.85,-0.67,0.12,34.02
1321,35491836,-269.53,-985.35,68.36,-0.91,-0.61,0.37,33.68
1322,35495885,-263.18,-981.45,69.82,-0.98,-0.67,0.24,33.97
1323,35499943,-265.14,-983.89,71.29,-1.10,-0.61,0.12,33.78
1324,35503992,-263.67,-984.37,63.96,-0.79,-0.67,0.24,33.88
1325,35509787,-263.18,-984.86,69.82,-0.67,-0.67,0.18,33.88
1326,35513836,-265.14,-976.07,67.87,-0.67,-0.67,0.18,33.88
1327,35517885,-268.07,-983.40,66.89,-1.04,-0.55,0.00,33.88
1328,35521943,-263.67,-981.45,68.85,-0.98,-0.55,0.18,33.83
1329,35525992,-261.72,-982.42,65.43,-1.04,-0.91,0.12,34.02
1330,35531787,-262.70,-983.89,67.87,-0.61,-0.61,0.24,33.78
1331,35535836,-269.04,-978.52,67.87,-0.73,-0.73,0.18,33.97
1332,35539885,-262.70,-981.45,66.41,-0.85,-0.67,0.12,33.88
1333,35543943,-264.65,-984.37,71.29,-0.61,-0.73,0.18,33.83
1334,35547992,-259.28,-980.96,72.75,-0.85,-0.73,0.30,34.02
1335,35553787,-264.16,-982.91,72.27,-0.85,-0.43,0.24,34.16
1336,35557836,-263.18,-980.47,68.85,-0.91,-0.61,0.24,34.12
1337,35561885,-268.55,-979.98,67.87,-0.79,-0.67,0.37,34.02
1338,35565943,-260.74,-984.37,72.75,-0.73,-0.79,0.37,34.02
1339,35569992,-262.70,-979.00,68.36,-0.55,-0.55,0.18,33.83
1340,35575787,-265.14,-977.05,70.80,-0.85,-0.55,-0.18,33.78
1341,35579836,-263.67,-981.45,75.68,-0.85,-0.55,0.06,33.68
1342,35583885,-262.70,-985.35,66.89,-1.16,-0.55,-0.37,34.12
1343,35587943,-259.77,-980.96,62.01,-0.91,-0.61,-0.37,33.83
1344,35591992,-260.74,-983.89,63.96,-0.67,-0.67,0.00,34.02
1345,35597787,-261.72,-984.37,66.41,-0.79,-0.79,0.00,33.68
1346,35601836,-262.21,-985.35,65.43,-0.91,-0.91,0.30,33.64
1347,35605885,-267.58,-980.47,66.89,-0.73,-0.55,0.49,33.83
1348,35609943,-266.60,-984.37,68.85,-0.67,-0.55,0.55,33.88
1349,35613992,-267.58,-980.47,67.38,-0.67,-0.85,0.49,33.83
1350,35619787,-265.62,-981.93,68.85,-0.79,-0.85,0.43,33.68
1351,35623836,-260.25,-980.47,66.41,-0.91,-0.67,0.55,33.88
1352,35627885,-265.62,-982.91,67.87,-0.91,-0.61,0.49,33.97
1353,35631943,-261.72,-985.84,69.34,-0.67,-0.30,0.37,34.02
1354,35635992,-268.07,-978.52,69.82,-0.73,-0.61,0.18,34.02
1355,35641787,-264.65,-979.98,66.89,-1.10,-0.85,0.12,33.68
1356,35645836,-265.14,-980.47,66.41,-0.67,-0.55,0.00,34.02
1357,35649885,-267.58,-982.42,62.99,-0.91,-0.73,-0.06,33.88
1358,35653943,-261.23,-983.89,70.31,-0.73,-0.85,0.12,33.97
1359,35657992,-269.04,-979.49,68.85,-0.61,-0.67,0.43,33.83
1360,35663787,-259.77,-979.98,66.89,-0.85,-0.67,0.24,33.97
1361,35667836,-266.11,-984.86,63.96,-0.79,-0.79,0.24,33.78
1362,35671885,-266.60,-979.49,64.45,-0.91,-0.73,0.24,34.12
1363,35675943,-263.18,-980.47,68.85,-0.55,-0.43,0.37,33.97
1364,35681787,-265.62,-983.40,61.52,-0.67,-0.73,0.18,34.02
1365,35685836,-264.16,-980.47,63.96,-1.04,-0.49,0.12,33.83
1366,35689885,-260.74,-982.42,67.87,-0.91,-0.49,0.24,33.88
1367,35693943,-261.72,-978.52,70.80,-0.67,-0.61,0.30,33.78
1368,35697992,-265.62,-981.45,66.41,-0.73,-0.43,0.67,33.88
1369,35703787,-262.21,-984.37,70.80,-0.79,-0.55,0.49,34.12
1370,35707836,-266.11,-985.35,70.80,-0.79,-0.79,0.37,33.97
1371,35711885,-266.11,-982.91,71.78,-0.61,-0.79,0.55,33.83
1372,35715943,-264.65,-984.37,67.38,-0.91,-0.49,0.24,33.83
1373,35719992,-265.62,-984.37,65.43,-0.61,-0.61,0.30,34.12
1374,35725787,-267.09,-977.54,69.34,-0.55,-0.61,0.30,33.83
1375,35729836,-263.18,-979.49,64.45,-0.49,-0.79,0.00,34.02
1376,35733885,-269.53,-984.37,65.92,-0.67,-0.85,-0.12,33.97
1377,35737943,-261.23,-985.84,63.96,-0.73,-0.85,-0.24,33.64
1378,35741992,-264.65,-984.37,70.31,-0.79,-0.67,-0.12,33.78
1379,35747787,-266.11,-986.82,69.34,-0.79,-0.55,0.18,33.97
1380,35751836,-264.65,-983.89,66.89,-0.79,-0.73,0.43,33.68
1381,35755885,-262.21,-983.89,63.96,-0.61,-0.49,0.73,34.02
1382,35759943,-266.11,-985.35,69.82,-0.67,-0.67,0.61,33.64
1383,35763992,-269.04,-980.96,68.36,-0.85,-0.79,0.49,33.88
1384,35769787,-265.62,-980.47,66.89,-0.85,-0.30,0.30,33.83
1385,35773836,-263.18,-984.37,64.45,-0.79,-0.61,0.37,33.88
1386,35777885,-265.62,-983.40,64.94,-0.67,-0.37,0.30,33.78
1387,35781943,-265.14,-979.49,65.92,-0.67,-0.73,0.43,34.12
1388,35785992,-267.58,-976.56,69.82,-0.67,-0.61,0.37,33.97
1389,35791787,-260.25,-984.86,69.34,-0.91,-0.49,0.18,33.88
1390,35795836,-268.07,-981.93,65.92,-0.73,-0.43,0.24,33.83
1391,35799885,-266.60,-979.00,67.87,-0.85,-0.43,0.24,33.83
1392,35803943,-269.53,-982.42,66.89,-0.79,-0.49,0.43,34.12
1393,35807992,-270.02,-983.89,68.36,-0.61,-0.67,-0.24,33.78
1394,35813787,-264.16,-977.54,66.41,-0.79,-0.61,-0.30,33.68
1395,35817836,-265.14,-981.93,69.34,-0.85,-0.67,-0.06,33.97
1396,35821885,-264.65,-985.35,69.34,-0.55,-0.73,0.30,33.97
1397,35825943,-264.65,-981.93,66.41,-0.61,-0.79,0.18,34.02
1398,35829992,-265.14,-987.30,68.36,-0.73,-0.79,0.37,33.83
1399,35835787,-263.18,-984.37,66.89,-0.91,-0.30,0.30,33.64
1400,35839836,-265.62,-983.40,67.38,-0.98,-0.73,0.49,33.97
1401,35843885,-263.67,-983.40,63.48,-0.85,-0.67,0.37,33.97
1402,35847943,-261.72,-975.10,67.38,-0.98,-0.67,0.37,33.78
1403,35851992,-261.23,-978.52,65.43,-0.85,-0.73,0.37,33.88
1404,35857787,-267.58,-982.42,70.80,-0.98,-0.61,0.24,33.68
1405,35861836,-266.11,-981.45,70.80,-0.85,-0.73,0.18,33.97
1406,35865885,-267.09,-983.40,65.92,-0.79,-0.43,0.55,33.88
1407,35869943,-261.23,-984.86,66.89,-0.85,-0.30,0.37,34.02
1408,35873992,-267.09,-982.91,73.24,-0.73,-0.73,0.43,33.68
1409,35879787,-266.60,-979.00,68.85,-0.85,-0.67,0.43,33.88
1410,35883836,-265.62,-986.33,68.85,-0.79,-0.67,0.30,33.83
1411,35887885,-268.55,-978.03,67.38,-0.73,-0.61,0.12,33.88
1412,35891943,-264.65,-980.96,62.01,-0.91,-0.61,0.18,33.78
1413,35895992,-268.55,-980.47,65.43,-1.04,-0.61,0.12,33.88
1414,35901787,-264.16,-981.93,66.41,-0.49,-0.49,0.12,33.83
1415,35905836,-268.55,-981.45,64.45,-0.79,-0.73,0.18,33.78
1416,35909885,-267.09,-984.37,70.80,-0.98,-0.67,0.00,33.97
1417,35913943,-263.67,-983.89,63.96,-0.85,-0.67,0.24,33.64
1418,35919787,-266.11,-981.93,66.41,-0.73,-0.67,0.55,33.83
1419,35923836,-268.07,-982.42,65.92,-0.98,-0.61,0.43,33.88
1420,35927885,-266.60,-981.45,69.34,-0.73,-0.67,0.37,34.12
1421,35931943,-259.28,-979.49,68.36,-1.16,-0.79,0.49,34.16
1422,35935992,-262.70,-982.42,68.85,-0.61,-0.73,0.49,33.88
1423,35941787,-263.18,-979.98,63.96,-0.61,-0.67,0.12,33.83
1424,35945836,-263.67,-985.84,70.31,-0.73,-0.98,0.37,33.78
1425,35949885,-261.72,-977.05,62.50,-0.91,-0.55,0.24,34.21
1426,35953943,-263.18,-983.89,67.38,-0.85,-0.61,0.24,33.64
1427,35957992,-265.14,-987.30,67.38,-0.79,-0.98,0.37,33.97
1428,35963787,-263.67,-980.96,65.43,-0.79,-0.85,0.43,34.02
1429,35967836,-259.28,-985.35,71.29,-0.73,-0.67,0.18,34.21
1430,35971885,-267.09,-985.84,63.96,-0.98,-0.91,0.37,34.02
1431,35975943,-265.62,-982.42,62.01,-1.04,-0.73,0.30,33.83
1432,35979992,-265.62,-982.91,65.92,-0.91,-0.61,0.30,33.97
1433,35985787,-262.21,-983.40,66.89,-0.79,-0.37,0.43,34.16
1434,35989836,-267.09,-983.40,68.36,-0.79,-0.85,0.37,33.88
1435,35993885,-266.60,-980.47,68.36,-0.91,-0.67,0.30,33.88
1436,35997943,-267.58,-979.00,67.38,-0.61,-0.55,0.24,33.49
1437,36001992,-262.21,-979.00,70.31,-0.91,-0.55,0.18,33.97
1438,36007787,-263.18,-985.84,68.85,-0.91,-0.55,0.37,33.83
1439,36011836,-263.67,-986.82,72.27,-0.79,-0.67,0.24,34.02
1440,36015885,-268.55,-983.89,72.75,-0.91,-0.61,0.43,34.02
1441,36019943,-262.70,-987.30,67.87,-0.67,-0.49,0.37,33.88
1442,36023992,-263.18,-986.33,68.36,-0.91,-0.79,0.00,33.97
1443,36029787,-267.09,-981.93,63.96,-0.73,-0.91,0.06,33.78
1444,36033836,-266.11,-980.96,68.36,-0.61,-0.67,0.00,33.68
1445,36037885,-270.02,-981.93,67.38,-1.04,-0.49,0.18,34.02
1446,36041943,-266.11,-983.89,72.27,-0.79,-0.61,0.18,33.97
1447,36045992,-260.25,-981.93,67.38,-0.55,-0.61,0.18,33.88
1448,36051787,-263.67,-979.98,66.89,-0.79,-0.67,0.18,33.68
1449,36055836,-262.21,-986.33,69.34,-0.67,-0.67,0.18,33.68
1450,36059885,-262.21,-983.40,66.41,-0.67,-0.43,0.18,33.97
1451,36063943,-261.23,-981.93,66.41,-0.73,-0.55,0.24,33.97
1452,36067992,-266.11,-984.37,67.38,-0.79,-0.79,0.00,33.78
1453,36073787,-265.14,-980.47,74.22,-1.10,-0.67,0.37,33.68
1454,36077836,-263.67,-984.86,65.92,-0.79,-0.55,0.24,33.59
1455,36081885,-265.62,-980.96,67.87,-0.85,-0.85,0.37,34.02
1456,36085943,-265.62,-979.98,71.78,-0.79,-0.79,0.43,33.97
1457,36089992,-269.53,-983.89,64.94,-0.73,-0.79,0.24,33.68
1458,36095787,-263.18,-978.52,70.31,-0.98,-0.61,0.30,34.12
1459,36099836,-262.70,-980.47,68.85,-0.61,-0.73,0.18,33.88
1460,36103885,-268.55,-985.84,70.80,-0.85,-0.79,0.24,33.97
1461,36107943,-263.67,-981.93,67.87,-0.67,-0.49,0.06,33.83
1462,36111992,-263.18,-981.93,71.78,-0.73,-0.73,0.30,33.83
1463,36117787,-265.14,-981.93,65.92,-0.79,-0.67,0.43,34.02
1464,36121836,-268.55,-984.37,66.89,-0.73,-0.43,-0.12,33.88
1465,36125885,-263.67,-983.40,66.89,-0.85,-0.55,0.00,33.68
1466,36129943,-262.70,-983.89,64.94,-0.67,-0.98,0.37,34.02
1467,36135787,-266.11,-978.52,66.41,-0.67,-0.73,0.24,33.97
1468,36139836,-265.62,-980.47,69.82,-0.85,-0.73,0.43,33.97
1469,36143885,-262.70,-980.96,67.38,-0.73,-0.79,0.49,33.88
1470,36147943,-263.67,-979.49,67.87,-0.85,-0.67,0.24,33.97
1471,36151992,-264.65,-985.35,67.38,-0.67,-0.55,0.06,33.88
1472,36157787,-263.67,-980.47,69.34,-0.73,-0.67,0.37,33.78
1473,36161836,-264.16,-982.42,65.43,-0.85,-0.61,0.43,33.88
1474,36165885,-269.04,-985.35,72.75,-0.61,-0.55,0.18,34.02
1475,36169943,-265.14,-986.82,68.85,-0.98,-0.73,0.30,33.68
1476,36173992,-265.62,-981.45,71.29,-0.67,-0.73,0.30,33.78
1477,36179787,-271.00,-979.98,67.38,-0.67,-0.61,0.37,33.78
1478,36183836,-263.67,-985.35,63.48,-0.61,-0.61,0.24,33.83
1479,36187885,-262.70,-984.86,70.31,-1.04,-0.61,-0.18,34.02
1480,36191943,-261.72,-982.42,65.92,-0.73,-0.43,0.00,33.68
1481,36195992,-265.14,-978.52,69.34,-1.04,-0.61,0.00,33.97
1482,36201787,-265.14,-983.40,67.87,-0.67,-0.55,0.12,33.97
1483,36205836,-261.23,-984.37,63.96,-0.73,-0.61,0.06,33.97
1484,36209885,-266.60,-982.42,69.82,-0.85,-0.67,0.12,34.21
1485,36213943,-262.70,-983.40,68.85,-0.98,-0.79,0.43,33.68
1486,36217992,-268.55,-983.40,69.82,-0.67,-0.67,0.37,34.12
1487,36223787,-267.09,-982.91,62.50,-0.79,-0.61,0.00,33.83
1488,36227836,-265.14,-982.42,70.31,-0.79,-0.73,0.37,33.97
1489,36231885,-263.18,-986.82,66.41,-0.91,-0.85,0.18,34.02
1490,36235943,-265.62,-987.30,62.50,-0.98,-0.67,0.06,33.88
1491,36239992,-262.21,-980.47,62.50,-0.98,-0.43,0.00,34.02
1492,36245787,-267.09,-982.91,67.87,-0.91,-0.67,0.30,34.12
1493,36249836,-261.72,-980.47,65.92,-0.91,-0.73,0.18,33.78
1494,36253885,-268.55,-983.40,64.45,-1.10,-0.98,0.49,33.78
1495,36257943,-267.09,-984.37,64.45,-0.85,-0.61,0.37,33.83
1496,36261992,-264.16,-977.54,66.41,-0.85,-0.67,0.49,34.12
1497,36267787,-264.65,-986.82,66.41,-0.85,-0.49,0.30,33.49
1498,36271836,-260.25,-981.93,63.96,-0.91,-0.79,0.43,33.68
1499,36275885,-266.60,-983.89,63.96,-0.79,-0.91,0.30,34.02
1500,36279943,-264.16,-985.35,63.48,-0.67,-0.79,0.37,33.83
1501,36283992,-264.16,-982.91,66.41,-0.73,-0.67,0.43,33.64
1502,36289787,-262.21,-983.89,66.89,-0.73,-0.67,0.00,33.97
1503,36293836,-264.16,-979.49,65.43,-0.61,-0.61,0.49,33.78
1504,36297885,-263.67,-979.98,67.87,-0.67,-0.61,0.49,33.68
1505,36301943,-266.60,-984.86,68.36,-0.67,-0.73,0.37,33.97
1506,36305992,-265.14,-982.42,65.43,-0.79,-0.79,0.12,33.64
1507,36311787,-266.60,-980.47,62.99,-0.85,-0.85,0.49,33.88
1508,36315836,-267.58,-984.37,69.82,-0.67,-0.85,0.24,34.02
1509,36319885,-266.60,-984.37,66.41,-0.79,-0.67,0.55,33.97
1510,36323943,-266.11,-986.82,69.82,-0.79,-0.67,0.30,34.02
1511,36327992,-265.62,-984.37,66.89,-0.55,-0.79,0.49,33.64
1512,36333787,-263.18,-982.91,69.82,-0.67,-0.73,0.55,33.97
1513,36337836,-269.53,-981.93,68.36,-0.73,-0.79,0.06,33.97
1514,36341885,-263.67,-979.98,64.94,-1.22,-1.04,0.00,33.97
1515,36345943,-264.16,-979.98,64.94,-0.73,-0.73,0.18,34.02
1516,36351787,-262.70,-984.37,65.92,-0.91,-0.61,0.00,33.78
1517,36355836,-264.16,-984.37,68.36,-0.73,-0.67,0.30,34.02
1518,36359885,-264.65,-984.37,69.82,-0.85,-0.73,0.30,34.12
1519,36363943,-270.51,-986.33,66.89,-0.49,-0.55,0.37,33.83
1520,36367992,-264.16,-990.23,64.94,-0.67,-0.55,0.18,33.88
1521,36372042,-265.14,-982.91,67.38,-0.98,-0.55,0.49,33.83
1522,36377787,-265.62,-980.47,69.82,-0.79,-0.61,0.37,33.35
1523,36381836,-266.60,-984.86,64.94,-0.91,-0.55,0.18,34.12
1524,36385885,-265.14,-977.54,67.38,-0.79,-0.61,0.00,33.78
1525,36389943,-267.58,-980.96,63.96,-0.73,-0.49,0.43,34.12
1526,36395787,-264.65,-983.40,65.43,-0.73,-0.79,0.30,33.88
1527,36399836,-263.67,-982.91,65.92,-0.73,-0.67,0.24,34.12
1528,36403885,-265.62,-982.91,59.57,-0.43,-0.55,0.18,34.02
1529,36407943,-266.11,-981.93,67.87,-1.10,-0.61,0.43,33.49
1530,36411992,-264.16,-982.42,70.31,-0.61,-0.67,0.55,34.02
1531,36417787,-266.11,-981.45,65.43,-0.85,-0.85,0.37,34.02
1532,36421836,-264.16,-983.40,66.89,-0.91,-0.91,0.30,33.83
1533,36425885,-267.09,-980.96,68.36,-0.79,-0.73,0.18,34.02
1534,36429943,-264.16,-984.86,68.36,-0.73,-0.73,0.06,33.59
1535,36433992,-264.16,-990.72,66.89,-0.85,-0.67,0.18,33.64
1536,36439787,-270.02,-982.42,66.41,-0.98,-0.73,0.43,33.78
1537,36443836,-264.16,-982.42,68.85,-0.85,-0.61,0.55,34.02
1538,36447885,-264.65,-983.89,66.41,-0.73,-0.43,0.37,34.02
1539,36451943,-260.74,-984.37,65.92,-0.55,-0.79,0.37,33.68
1540,36455992,-267.58,-984.37,68.36,-0.79,-0.49,0.43,34.02
1541,36461787,-265.14,-982.42,67.87,-0.79,-0.61,0.30,33.97
1542,36465836,-267.58,-982.91,65.92,-0.79,-0.79,0.37,34.02
1543,36469885,-268.07,-979.49,66.41,-0.73,-0.85,0.43,34.12
1544,36473943,-267.09,-981.45,69.34,-0.67,-0.79,0.24,33.83
1545,36477992,-268.07,-979.49,72.27,-0.67,-0.49,0.24,34.12
1546,36483787,-267.09,-986.33,63.96,-0.79,-0.55,0.30,33.49
1547,36487836,-263.18,-980.96,68.85,-0.91,-0.98,0.37,33.88
1548,36491885,-264.65,-981.45,65.43,-0.55,-0.79,0.24,34.02
1549,36495943,-264.16,-985.35,64.94,-0.98,-0.73,0.12,33.88
1550,36499992,-263.18,-980.47,67.38,-0.98,-0.79,0.24,33.78
1551,36505787,-264.65,-983.40,67.87,-0.73,-0.61,0.30,33.83
1552,36509836,-264.16,-980.96,68.36,-0.98,-0.67,0.49,33.88
1553,36513885,-264.65,-980.96,72.75,-0.91,-0.37,0.12,33.83
1554,36517943,-265.62,-981.45,65.43,-0.98,-0.55,0.06,34.02
1555,36521992,-257.32,-979.49,64.45,-0.91,-0.30,0.18,33.64
1556,36527787,-269.04,-984.37,70.31,-0.98,-0.67,0.49,33.64
1557,36531836,-262.21,-982.91,67.38,-0.79,-0.73,0.30,33.83
1558,36535885,-264.16,-984.86,70.31,-0.79,-0.61,0.24,34.12
1559,36539943,-269.53,-983.89,69.34,-0.79,-0.61,0.37,34.02
1560,36543992,-261.23,-985.35,63.96,-0.85,-0.49,0.24,33.83
1561,36549787,-268.07,-983.40,69.34,-0.73,-0.61,0.49,33.88
1562,36553836,-265.14,-982.91,67.87,-0.98,-0.61,0.06,33.97
1563,36557885,-264.65,-979.49,65.92,-0.67,-0.79,0.43,33.83
1564,36561943,-264.65,-979.98,64.94,-0.73,-0.67,0.30,33.78
1565,36565992,-264.16,-986.33,67.87,-0.67,-0.73,0.06,33.68
1566,36571787,-264.16,-984.86,64.94,-0.91,-0.61,0.00,33.83
1567,36575836,-267.09,-983.40,65.43,-0.67,-0.30,0.06,34.02
1568,36579885,-264.16,-980.96,72.27,-0.73,-0.55,0.37,34.12
1569,36583943,-265.62,-982.42,67.38,-0.91,-0.79,0.24,34.12
1570,36589787,-260.74,-981.45,67.38,-1.04,-0.91,0.37,34.12
1571,36593836,-263.18,-983.40,66.41,-0.73,-0.67,0.18,34.12
1572,36597885,-267.09,-987.79,67.38,-0.79,-0.67,0.43,33.88
1573,36601943,-266.60,-980.96,66.41,-0.79,-0.61,0.24,34.02
1574,36605992,-265.14,-980.96,68.36,-0.67,-0.55,0.24,34.02
1575,36611787,-265.14,-979.00,68.85,-0.79,-0.67,0.06,33.88
1576,36615836,-269.53,-983.89,70.80,-0.67,-0.91,0.18,34.02
1577,36619885,-267.09,-983.40,68.36,-0.67,-0.73,0.18,33.97
1578,36623943,-260.74,-980.96,68.85,-0.79,-0.43,0.30,33.88
1579,36627992,-264.16,-982.91,66.41,-0.91,-0.79,0.18,33.68
1580,36633787,-265.62,-980.96,69.34,-0.85,-0.55,-0.06,34.12
1581,36637836,-264.65,-984.37,67.87,-0.85,-0.73,0.37,33.88
1582,36641885,-267.09,-986.33,71.29,-0.85,-0.55,0.43,33.83
1583,36645943,-266.60,-984.37,65.92,-0.73,-0.55,0.12,33.49
1584,36649992,-268.55,-985.35,66.89,-0.85,-0.55,0.06,33.97
1585,36655787,-264.16,-979.98,63.96,-0.85,-0.85,0.30,34.12
1586,36659836,-265.62,-980.47,68.85,-0.67,-0.67,0.30,33.88
1587,36663885,-264.16,-985.84,65.43,-0.79,-0.73,0.37,33.97
1588,36667943,-268.55,-986.82,65.92,-0.85,-0.61,0.06,33.78
1589,36671992,-265.62,-982.42,67.87,-0.61,-0.85,0.24,34.02
1590,36677787,-265.14,-982.91,65.92,-0.98,-0.61,0.12,34.16
1591,36681836,-265.62,-985.84,66.41,-0.85,-0.67,0.12,33.88
1592,36685885,-260.25,-983.40,67.38,-0.85,-0.61,0.30,34.02
1593,36689943,-263.67,-979.98,65.43,-0.91,-0.61,0.24,34.02
1594,36693992,-264.16,-982.91,68.36,-0.67,-0.73,0.18,34.12
1595,36699787,-268.55,-978.52,68.85,-1.04,-0.55,0.30,33.68
1596,36703836,-268.55,-980.47,69.82,-0.79,-0.37,0.37,33.59
1597,36707885,-266.11,-981.93,65.92,-0.91,-0.73,0.30,34.02
1598,36711943,-266.60,-985.35,66.89,-0.67,-0.85,0.37,34.02
1599,36715992,-266.60,-981.45,63.48,-0.85,-0.49,0.37,34.02
1600,36721787,-263.18,-981.45,66.89,-0.91,-0.91,0.30,34.02
1601,36725836,-266.60,-981.45,67.38,-0.73,-0.67,0.30,33.59
1602,36729885,-263.67,-984.86,65.92,-0.91,-0.43,0.30,34.02
1603,36733943,-264.65,-978.52,65.43,-0.73,-0.85,0.00,33.83
1604,36737992,-266.11,-980.47,68.85,-1.04,-0.61,0.18,33.64
1605,36743787,-267.09,-986.33,70.31,-0.91,-0.85,0.18,33.78
1606,36747836,-264.65,-982.42,67.38,-0.85,-0.85,0.06,33.83
1607,36751885,-259.77,-979.98,70.31,-0.67,-1.10,0.37,34.02
1608,36755943,-263.67,-983.40,70.31,-0.49,-0.91,0.24,33.97
1609,36759992,-266.11,-980.96,70.31,-0.85,-0.43,0.24,33.78
1610,36765787,-262.70,-982.42,63.96,-0.79,-0.37,0.30,33.83
1611,36769836,-261.23,-985.35,65.43,-0.61,-0.73,0.73,33.83
1612,36773885,-264.16,-983.89,68.85,-0.67,-0.73,0.18,33.83
1613,36777943,-268.07,-982.91,70.80,-0.85,-0.55,0.12,33.97
1614,36781992,-263.18,-981.45,66.89,-0.61,-0.73,0.00,33.68
1615,36787787,-263.67,-979.49,67.87,-0.73,-0.49,0.43,33.97
1616,36791836,-269.04,-981.93,67.87,-0.67,-0.61,0.24,33.88
1617,36795885,-263.67,-986.82,67.87,-0.91,-0.73,0.18,34.02
1618,36799943,-263.18,-981.45,69.82,-0.73,-0.61,0.12,33.68
1619,36805787,-264.65,-977.54,68.85,-0.55,-0.55,0.43,33.78
1620,36809836,-267.09,-978.03,72.27,-0.67,-0.61,0.43,34.16
1621,36813885,-262.21,-979.49,64.94,-0.85,-0.61,0.37,34.02
1622,36817943,-264.65,-979.98,69.82,-0.85,-0.67,0.37,33.97
1623,36821992,-264.65,-981.93,68.36,-0.85,-0.55,0.24,34.12
1624,36827787,-268.55,-982.42,65.43,-0.79,-0.61,0.18,33.78
1625,36831836,-265.62,-985.84,69.82,-1.04,-0.55,0.37,33.97
1626,36835885,-260.25,-983.40,66.41,-0.85,-0.85,0.18,34.12
1627,36839943,-259.28,-984.86,68.85,-0.67,-0.73,0.37,33.78
1628,36843992,-261.23,-985.35,69.34,-0.73,-0.85,0.18,34.02
1629,36849787,-258.30,-981.93,65.92,-0.91,-0.73,0.18,33.88
1630,36853836,-264.65,-980.96,68.85,-0.67,-0.85,0.06,34.12
1631,36857885,-266.60,-982.42,69.34,-0.67,-0.61,0.37,33.88
1632,36861943,-261.72,-983.89,66.41,-0.79,-0.61,0.18,33.64
1633,36865992,-263.67,-984.37,62.50,-0.91,-0.49,0.12,33.88
1634,36871787,-262.21,-981.93,66.41,-0.73,-0.55,0.24,33.97
1635,36875836,-264.65,-983.89,70.31,-0.91,-0.61,0.43,33.88
1636,36879885,-266.60,-980.96,68.36,-0.67,-0.73,0.24,34.02
1637,36883943,-262.70,-984.86,69.34,-0.67,-0.61,0.24,34.02
1638,36887992,-262.70,-981.93,69.82,-0.73,-0.55,0.43,33.83
1639,36893787,-267.58,-980.47,67.38,-0.73,-0.55,0.18,33.68
1640,36897836,-267.58,-982.91,69.34,-0.79,-0.73,0.43,34.12
1641,36901885,-260.74,-983.89,66.41,-0.98,-0.55,0.00,34.16
1642,36905943,-264.65,-982.91,69.34,-0.85,-0.98,0.12,33.88
1643,36909992,-263.18,-982.42,66.41,-0.79,-0.79,0.24,33.88
1644,36915787,-268.07,-984.37,65.92,-0.67,-0.79,0.18,33.83
1645,36919836,-263.67,-983.40,70.80,-0.67,-0.67,0.06,34.02
1646,36923885,-264.65,-987.79,68.36,-0.79,-0.61,0.18,33.78
1647,36927943,-266.11,-979.49,65.43,-0.85,-0.55,0.24,33.97
1648,36931992,-264.65,-984.86,65.92,-0.85,-0.55,0.18,33.97
1649,36937787,-264.65,-980.96,69.34,-0.73,-0.73,0.12,33.78
1650,36941836,-263.18,-985.35,67.38,-0.79,-0.67,0.30,33.83
1651,36945885,-264.65,-982.42,69.82,-0.79,-0.73,0.24,34.02
1652,36949943,-262.21,-979.98,65.92,-0.79,-0.85,0.18,33.78
1653,36953992,-265.14,-985.35,66.89,-0.85,-0.79,0.24,33.97
1654,36959787,-267.58,-980.47,66.89,-1.10,-0.67,0.30,33.78
1655,36963836,-264.65,-981.45,69.34,-0.67,-0.73,0.24,33.64
1656,36967885,-264.65,-985.84,65.92,-0.61,-0.67,0.43,33.83
1657,36971943,-265.62,-980.96,65.43,-0.98,-0.67,0.18,33.88
1658,36975992,-268.07,-984.37,64.94,-0.85,-0.91,0.18,33.64
1659,36981787,-268.55,-983.89,68.36,-0.73,-0.61,0.24,33.68
1660,36985836,-268.07,-985.35,69.34,-0.67,-0.55,0.43,33.78
1661,36989885,-263.67,-987.30,69.82,-0.98,-0.67,0.30,33.88
1662,36993943,-265.14,-981.93,71.78,-0.98,-0.85,0.30,34.02
1663,36997992,-265.14,-979.00,64.45,-0.91,-0.73,0.18,33.68
1664,37003787,-265.62,-986.33,69.82,-0.79,-0.98,0.49,34.02
1665,37007836,-269.53,-982.91,68.36,-0.67,-0.67,0.12,34.16
1666,37011885,-259.77,-982.91,66.89,-0.67,-0.67,0.24,33.97
1667,37015943,-264.65,-982.91,68.85,-0.85,-0.67,0.24,34.12
1668,37019992,-268.55,-980.96,67.87,-0.98,-0.61,0.00,33.49
1669,37025787,-265.62,-979.49,70.80,-0.73,-0.61,0.37,33.97
1670,37029836,-267.58,-986.33,60.55,-0.73,-0.85,0.12,33.88
1671,37033885,-271.00,-982.42,66.89,-0.85,-0.79,0.18,33.97
1672,37037943,-266.11,-981.45,65.43,-0.79,-0.61,0.43,34.21
1673,37043787,-265.14,-985.35,67.38,-1.16,-0.55,0.24,33.97
1674,37047836,-261.72,-978.03,62.99,-0.67,-0.55,0.12,34.21
1675,37051885,-266.11,-983.89,67.38,-0.91,-0.49,0.30,33.88
1676,37055943,-263.18,-983.40,65.92,-0.61,-0.67,0.24,33.68
1677,37059992,-267.09,-982.91,71.78,-0.85,-0.55,0.24,34.02
1678,37065787,-265.14,-983.40,65.92,-0.79,-0.85,0.24,33.83
1679,37069836,-263.18,-984.37,68.36,-0.79,-0.61,0.37,34.02
1680,37073885,-265.14,-984.37,67.87,-0.91,-0.73,0.06,33.78
1681,37077943,-264.16,-979.49,69.34,-0.73,-0.67,0.12,33.68
1682,37081992,-265.14,-982.91,71.78,-0.61,-0.73,0.00,33.88
1683,37087787,-262.70,-985.84,69.82,-0.85,-0.67,0.18,33.88
1684,37091836,-263.67,-980.96,66.41,-0.79,-0.55,0.43,34.16
1685,37095885,-263.18,-985.35,67.38,-0.79,-0.73,0.12,33.64
1686,37099943,-262.70,-982.91,69.82,-0.91,-0.61,0.18,33.88
1687,37103992,-261.23,-982.42,67.87,-0.67,-0.49,0.37,34.02
1688,37109787,-267.58,-984.37,66.89,-0.91,-0.67,0.37,34.02
1689,37113836,-266.11,-981.93,63.96,-0.73,-0.55,0.43,34.21
1690,37117885,-267.58,-982.42,63.96,-0.79,-0.49,0.12,34.02
1691,37121943,-262.70,-986.33,64.45,-1.04,-0.61,0.43,33.97
1692,37125992,-267.58,-984.86,70.80,-0.73,-0.73,0.24,33.78
1693,37131787,-265.14,-980.96,66.89,-1.10,-0.85,0.30,34.02
1694,37135836,-267.09,-977.54,69.82,-0.98,-0.73,0.24,34.02
1695,37139885,-262.70,-984.86,69.34,-0.79,-0.98,0.55,34.02
1696,37143943,-266.11,-981.93,67.38,-0.85,-0.79,0.12,33.88
1697,37147992,-265.62,-978.52,68.36,-0.79,-0.67,0.18,33.83
1698,37153787,-265.62,-984.37,64.94,-0.79,-0.55,0.12,33.88
1699,37157836,-268.07,-984.86,67.87,-0.61,-0.61,0.24,33.78
1700,37161885,-265.62,-986.33,65.92,-0.91,-0.79,0.37,33.83
1701,37165943,-264.65,-980.96,65.43,-0.73,-0.61,0.12,33.88
1702,37169992,-261.72,-986.82,65.92,-0.79,-0.49,0.18,33.88
1703,37175787,-267.09,-978.52,66.41,-0.91,-0.79,0.37,33.78
1704,37179836,-267.58,-981.45,71.29,-0.79,-0.73,0.18,33.59
1705,37183885,-265.62,-977.54,69.82,-0.67,-0.55,0.24,33.88
1706,37187943,-262.70,-978.52,68.85,-0.67,-0.85,0.18,34.02
1707,37191992,-264.65,-981.45,65.92,-0.98,-0.91,0.06,33.97
1708,37197787,-264.65,-982.91,71.78,-0.79,-0.55,0.18,34.02
1709,37201836,-264.16,-981.45,64.94,-0.79,-0.79,0.30,33.83
1710,37205885,-264.16,-982.91,67.38,-0.73,-0.67,0.37,34.02
1711,37209943,-265.62,-985.84,68.36,-0.79,-0.67,0.43,33.97
1712,37213992,-263.18,-984.86,63.96,-0.79,-0.79,0.12,33.83
1713,37219787,-264.16,-984.86,67.87,-0.67,-0.55,0.43,33.88
1714,37223836,-264.65,-980.47,68.85,-0.67,-0.67,0.37,34.12
1715,37227885,-265.14,-983.89,70.80,-0.79,-0.73,0.43,33.83
1716,37231943,-263.67,-980.96,63.48,-0.79,-0.43,0.00,33.83
1717,37235992,-267.09,-979.49,66.89,-1.04,-0.79,0.30,33.97
1718,37241787,-263.18,-979.49,68.85,-0.67,-0.79,0.18,34.12
1719,37245836,-267.09,-985.35,67.38,-0.85,-0.79,0.24,34.02
1720,37249885,-262.21,-986.33,67.87,-0.85,-0.49,0.30,34.12
1721,37253943,-262.21,-980.47,71.29,-0.98,-0.61,0.37,34.12
1722,37259787,-268.07,-984.86,64.45,-0.91,-0.67,0.43,33.88
1723,37263836,-265.62,-983.40,71.78,-0.79,-0.73,0.06,33.68
1724,37267885,-262.70,-979.98,67.87,-0.67,-0.49,0.30,33.97
1725,37271943,-264.65,-979.00,70.80,-0.61,-0.37,0.12,33.97
1726,37275992,-262.70,-986.33,65.92,-0.98,-0.79,0.24,34.12
1727,37281787,-267.58,-982.91,63.96,-0.67,-0.67,0.61,33.88
1728,37285836,-263.67,-984.37,66.41,-0.73,-0.79,0.37,33.88
1729,37289885,-262.70,-980.96,62.99,-0.73,-0.49,0.30,33.88
1730,37293943,-265.62,-982.91,65.92,-0.67,-0.37,0.30,33.68
1731,37297992,-262.21,-983.89,68.85,-0.73,-0.49,0.00,33.78
1732,37303787,-265.62,-983.89,69.82,-0.55,-0.67,0.43,33.97
1733,37307836,-265.62,-980.47,68.36,-0.73,-0.67,0.37,33.97
1734,37311885,-270.02,-985.84,69.82,-0.67,-0.61,0.24,33.97
1735,37315943,-265.14,-979.98,67.87,-0.91,-0.79,0.37,33.88
1736,37319992,-268.07,-986.82,66.89,-0.79,-0.55,0.24,34.12
1737,37325787,-263.67,-984.86,69.82,-0.61,-0.85,0.30,34.02
1738,37329836,-263.67,-982.42,70.31,-0.67,-0.79,0.06,34.02
1739,37333885,-267.09,-985.35,64.45,-0.85,-0.61,0.43,33.88
1740,37337943,-266.11,-980.96,69.82,-0.67,-0.55,0.49,33.83
1741,37341992,-265.14,-980.47,67.87,-0.91,-0.79,0.18,34.02
1742,37347787,-262.70,-982.42,66.41,-0.79,-0.79,0.00,33.83
1743,37351836,-264.65,-982.42,66.89,-0.73,-0.85,0.24,34.12
1744,37355885,-267.09,-984.37,61.52,-0.61,-0.85,0.30,34.21
1745,37359943,-264.16,-981.45,69.34,-0.73,-0.67,0.37,33.88
1746,37363992,-263.67,-981.45,68.36,-0.79,-0.43,0.24,33.88
1747,37369787,-264.16,-980.96,68.85,-0.85,-0.55,0.24,33.78
1748,37373836,-265.14,-981.45,65.43,-0.67,-0.73,0.30,33.88
1749,37377885,-262.70,-985.84,61.04,-0.73,-0.73,0.18,34.12
1750,37381943,-261.23,-986.82,70.80,-0.61,-0.73,0.37,33.83
1751,37385992,-263.67,-982.91,67.38,-0.98,-0.49,0.37,33.88
1752,37391787,-269.04,-984.86,71.78,-0.73,-0.73,0.12,33.68
1753,37395836,-265.14,-984.37,70.80,-0.67,-0.49,0.43,33.64
1754,37399885,-262.70,-980.96,70.31,-0.79,-0.67,0.18,33.97
1755,37403943,-267.58,-982.91,64.45,-0.91,-0.79,0.18,33.88
1756,37407992,-267.58,-982.42,67.38,-1.04,-0.67,0.30,33.64
1757,37413787,-263.67,-984.37,67.38,-0.73,-0.61,0.55,33.49
1758,37417836,-263.67,-979.49,70.80,-0.67,-0.73,0.06,33.83
1759,37421885,-264.16,-984.86,68.85,-0.73,-0.73,0.37,34.02
1760,37425943,-264.65,-985.35,66.41,-0.73,-0.67,-0.06,34.02
1761,37429992,-261.72,-980.96,68.85,-0.85,-0.61,0.24,33.83
1762,37435787,-264.65,-979.98,66.89,-1.04,-0.73,0.30,33.59
1763,37439836,-267.09,-984.37,67.87,-0.49,-0.67,0.30,33.78
1764,37443885,-264.16,-980.47,69.34,-0.73,-0.67,0.30,33.59
1765,37447943,-267.09,-980.47,69.82,-0.85,-0.67,0.37,34.02
1766,37451992,-265.14,-987.79,62.99,-0.61,-0.61,0.37,33.88
1767,37457787,-261.72,-982.91,72.27,-0.61,-0.67,0.12,33.88
1768,37461836,-267.09,-980.96,67.38,-0.73,-0.67,0.06,33.68
1769,37465885,-266.11,-979.49,68.36,-1.04,-0.55,0.37,34.02
1770,37469943,-265.62,-983.89,68.36,-0.85,-0.61,0.30,33.88
1771,37475787,-263.67,-980.96,70.31,-0.98,-0.67,0.43,33.88
1772,37479836,-266.60,-978.03,65.92,-1.04,-0.73,0.18,33.88
1773,37483885,-265.14,-977.05,65.92,-0.91,-0.73,0.49,34.12
1774,37487943,-266.60,-981.93,70.80,-1.04,-0.73,0.43,33.97
1775,37491992,-267.58,-984.37,65.43,-0.79,-0.55,0.30,34.12
1776,37496042,-268.07,-987.30,68.85,-0.73,-0.79,0.12,33.64
1777,37501787,-262.70,-984.37,67.38,-0.73,-0.49,0.30,34.12
1778,37505836,-266.11,-985.35,66.89,-0.85,-0.55,0.24,33.97
1779,37509885,-266.60,-981.93,63.96,-0.98,-0.55,0.18,33.59
1780,37513943,-268.55,-983.40,67.38,-1.16,-0.79,0.37,33.64
1781,37519787,-263.67,-983.40,65.43,-0.98,-0.61,0.24,33.83
1782,37523836,-267.09,-986.33,66.89,-0.85,-0.61,0.37,33.83
1783,37527885,-264.65,-984.37,70.31,-0.79,-0.79,0.43,33.97
1784,37531943,-261.72,-982.42,72.27,-0.98,-0.55,0.12,33.44
1785,37535992,-259.77,-985.35,70.80,-0.85,-0.61,0.12,33.78
1786,37541787,-264.65,-981.45,69.34,-0.67,-0.79,0.00,33.88
1787,37545836,-267.09,-981.45,63.96,-1.16,-0.73,0.49,33.78
1788,37549885,-266.11,-982.91,67.38,-0.73,-0.49,0.30,33.88
1789,37553943,-266.60,-984.37,69.82,-0.67,-0.55,0.24,33.78
1790,37557992,-266.11,-977.54,66.89,-0.55,-0.61,0.30,34.02
1791,37563787,-261.23,-983.89,62.50,-0.98,-0.91,0.43,34.16
1792,37567836,-260.74,-981.45,67.38,-0.67,-0.79,0.18,33.88
1793,37571885,-265.62,-987.79,67.87,-0.79,-0.55,0.06,33.78
1794,37575943,-268.55,-982.42,70.31,-0.79,-0.61,0.37,33.64
1795,37579992,-260.74,-986.82,66.41,-0.61,-0.67,0.43,33.68
1796,37585787,-264.65,-979.98,64.94,-0.85,-0.55,0.43,33.83
1797,37589836,-265.14,-980.47,68.36,-1.04,-0.67,0.18,33.88
1798,37593885,-268.55,-982.91,72.75,-1.04,-0.67,0.30,34.12
1799,37597943,-265.62,-981.45,67.38,-0.91,-0.73,0.30,33.88
1800,37601992,-265.62,-984.86,69.34,-0.67,-0.55,0.49,34.02
1801,37607787,-262.21,-980.96,68.85,-0.98,-0.55,0.06,33.88
1802,37611836,-261.72,-978.03,69.34,-0.49,-0.37,0.18,33.68
1803,37615885,-264.65,-979.98,65.43,-0.67,-0.49,0.24,33.78
1804,37619943,-268.55,-983.40,66.41,-0.67,-0.67,0.18,33.88
1805,37623992,-267.09,-984.86,65.43,-0.61,-0.67,0.18,33.88
1806,37629787,-264.65,-982.42,63.48,-0.85,-0.79,0.18,33.78
1807,37633836,-264.16,-981.93,69.34,-0.73,-0.91,0.12,33.68
1808,37637885,-267.58,-985.35,71.78,-0.73,-0.61,0.30,33.88
1809,37641943,-263.18,-983.40,68.85,-0.91,-0.67,0.00,34.16
1810,37645992,-262.70,-985.35,63.96,-0.85,-0.49,0.24,33.88
1811,37651787,-268.55,-984.86,72.27,-0.67,-0.49,0.43,33.78
1812,37655836,-262.70,-980.96,65.43,-0.61,-0.43,0.24,33.88
1813,37659885,-264.65,-983.89,65.43,-0.79,-0.49,0.12,34.02
1814,37663943,-264.65,-981.93,64.45,-0.73,-0.61,0.06,33.88
1815,37667992,-263.67,-983.40,68.85,-0.91,-0.55,0.37,33.88
1816,37673787,-261.72,-986.82,70.31,-0.67,-0.61,0.18,34.12
1817,37677836,-263.67,-981.45,63.96,-1.04,-0.79,0.43,33.88
1818,37681885,-265.62,-980.96,65.43,-0.67,-0.73,0.37,33.64
1819,37685943,-261.72,-984.37,67.87,-0.67,-0.43,0.43,33.97
1820,37689992,-264.65,-983.40,70.80,-0.85,-0.55,0.24,33.78
1821,37695787,-265.14,-980.96,68.36,-0.67,-0.55,0.24,33.88
1822,37699836,-267.58,-986.33,63.96,-0.61,-0.37,0.55,33.88
1823,37703885,-268.07,-983.40,66.89,-0.85,-0.73,0.43,33.88
1824,37707943,-265.14,-980.47,61.04,-1.04,-0.61,0.12,33.97
1825,37713787,-262.21,-983.40,69.34,-0.61,-0.61,0.30,33.88
1826,37717836,-264.65,-980.47,67.87,-0.85,-0.85,0.43,33.83
1827,37721885,-265.62,-982.91,67.38,-0.67,-0.67,0.24,34.02
1828,37725943,-261.72,-980.47,67.38,-0.79,-0.85,0.30,34.12
1829,37729992,-262.70,-980.47,66.41,-0.85,-0.55,0.06,34.02
1830,37735787,-264.65,-985.35,71.78,-0.79,-0.37,0.30,34.12
1831,37739836,-267.58,-983.40,66.89,-0.73,-0.67,0.18,34.02
1832,37743885,-260.74,-980.96,66.89,-0.67,-0.49,0.30,33.88
1833,37747943,-264.65,-985.84,65.92,-0.73,-0.73,0.30,33.64
1834,37751992,-265.62,-982.91,69.82,-0.79,-0.67,0.30,34.12
1835,37757787,-266.60,-981.93,68.36,-0.67,-0.67,0.30,33.83
1836,37761836,-269.04,-982.91,68.36,-0.98,-0.61,0.00,33.83
1837,37765885,-267.09,-984.37,66.89,-0.85,-0.55,0.37,33.97
1838,37769943,-270.02,-978.52,64.94,-0.73,-0.61,0.18,33.68
1839,37773992,-266.60,-980.96,66.89,-0.91,-0.55,0.24,34.02
1840,37779787,-264.16,-982.42,70.31,-0.79,-0.49,0.24,34.02
1841,37783836,-268.07,-982.91,68.36,-0.61,-0.61,0.43,33.78
1842,37787885,-268.55,-986.33,66.89,-0.79,-0.73,0.12,34.02
1843,37791943,-271.00,-980.96,65.92,-0.79,-0.98,0.49,33.78
1844,37795992,-263.67,-983.40,71.78,-0.73,-0.85,0.24,34.02
1845,37801787,-262.21,-983.89,66.89,-0.91,-0.79,0.18,33.83
1846,37805836,-264.16,-981.93,70.31,-0.73,-0.85,0.30,34.12
1847,37809885,-260.74,-979.49,65.43,-0.79,-0.79,0.24,33.83
1848,37813943,-269.53,-980.47,66.41,-0.91,-0.61,0.49,33.88
1849,37817992,-266.60,-980.47,68.36,-0.85,-0.73,0.37,34.02
1850,37823787,-263.67,-979.49,65.92,-0.98,-0.67,0.24,33.88
1851,37827836,-263.67,-984.86,63.96,-0.55,-0.79,0.12,33.35
1852,37831885,-260.74,-980.96,65.92,-0.73,-0.43,0.24,33.97
1853,37835943,-263.67,-985.84,69.34,-0.98,-0.79,0.24,33.97
1854,37839992,-264.65,-983.40,65.92,-0.79,-0.43,0.37,33.88
1855,37845787,-264.65,-981.45,67.38,-0.79,-0.55,0.55,33.97
1856,37849836,-266.11,-980.96,69.82,-0.73,-0.67,0.12,33.88
1857,37853885,-265.62,-982.42,69.82,-0.79,-0.67,0.37,33.78
1858,37857943,-270.02,-984.37,68.36,-0.55,-0.55,0.55,33.83
1859,37861992,-267.09,-986.33,67.38,-0.98,-0.67,0.55,33.88
1860,37867787,-262.21,-983.40,72.27,-0.49,-0.61,0.18,33.49
1861,37871836,-264.65,-981.45,68.85,-0.79,-0.85,0.24,33.83
1862,37875885,-264.16,-979.49,70.31,-0.79,-0.85,0.30,34.02
1863,37879943,-267.09,-981.45,67.38,-0.67,-0.67,0.24,34.02
1864,37883992,-265.14,-983.89,67.87,-0.73,-0.79,0.43,33.78
1865,37889787,-259.77,-981.93,71.78,-0.73,-0.61,0.24,33.78
1866,37893836,-267.09,-982.91,71.78,-0.85,-0.85,0.37,34.12
1867,37897885,-267.09,-983.40,67.38,-0.91,-0.67,0.24,34.02
1868,37901943,-267.09,-982.42,69.82,-0.98,-0.73,0.55,34.02
1869,37905992,-260.25,-986.82,67.87,-0.67,-0.91,0.30,33.78
1870,37911787,-264.65,-984.86,67.38,-0.67,-0.85,0.43,33.88
1871,37915836,-262.21,-985.35,69.82,-0.91,-0.61,0.43,33.88
1872,37919885,-266.60,-984.86,68.36,-0.79,-0.79,0.24,33.88
1873,37923943,-267.58,-983.40,70.31,-0.79,-0.91,0.37,33.88
1874,37929787,-264.16,-982.91,64.45,-0.91,-0.73,0.37,33.97
1875,37933836,-267.58,-988.28,63.96,-0.85,-0.91,0.00,34.02
1876,37937885,-268.55,-983.40,62.99,-0.98,-0.85,0.12,33.88
1877,37941943,-266.60,-982.91,66.41,-0.73,-0.73,0.06,33.68
1878,37945992,-261.72,-984.86,68.36,-0.91,-0.79,0.06,33.88
1879,37951787,-260.74,-984.37,67.87,-0.91,-0.49,0.30,33.83
1880,37955836,-268.07,-980.96,68.36,-0.55,-0.55,0.37,33.97
1881,37959885,-265.62,-981.45,64.45,-0.49,-0.79,0.37,34.31
1882,37963943,-261.72,-979.49,66.41,-0.79,-0.73,0.12,34.02
1883,37967992,-264.16,-980.47,70.31,-0.55,-0.49,0.24,33.78
1884,37973787,-264.65,-982.91,65.92,-0.85,-0.73,0.24,33.88
1885,37977836,-268.07,-984.86,67.38,-1.10,-0.49,0.30,34.02
1886,37981885,-265.62,-982.42,72.27,-0.91,-0.67,0.18,34.12
1887,37985943,-267.58,-980.96,66.89,-0.73,-0.79,0.00,33.44
1888,37989992,-261.72,-982.42,67.87,-0.79,-0.73,0.43,33.97
1889,37995787,-265.14,-985.84,68.85,-0.37,-0.61,0.49,33.83
1890,37999836,-265.62,-985.35,70.31,-0.61,-0.91,0.55,33.83
1891,38003885,-261.72,-983.40,64.45,-0.85,-0.61,0.67,33.88
1892,38007943,-269.53,-984.37,66.89,-0.43,-0.79,0.85,33.68
1893,38011992,-264.16,-982.91,66.89,-0.73,-0.67,0.43,33.97
1894,38017787,-260.74,-983.89,70.31,-0.67,-0.55,0.30,34.02
1895,38021836,-265.14,-983.40,68.85,-0.98,-0.61,0.12,33.83
1896,38025885,-264.16,-981.93,66.41,-0.67,-0.85,0.24,33.97
1897,38029943,-264.65,-986.82,72.27,-0.79,-0.55,0.06,33.88
1898,38033992,-261.23,-979.98,66.41,-0.67,-0.37,0.12,34.12
1899,38039787,-261.72,-980.96,69.34,-0.79,-0.67,0.06,33.97
1900,38043836,-266.11,-983.89,68.36,-0.73,-0.85,0.43,33.88
1901,38047885,-262.70,-979.98,67.87,-0.91,-0.85,0.12,34.12
1902,38051943,-266.11,-982.91,69.34,-1.04,-0.73,0.12,33.97
1903,38055992,-259.28,-979.00,69.82,-0.85,-0.91,0.18,33.88
1904,38061787,-265.14,-984.86,70.31,-0.91,-0.61,0.24,33.88
1905,38065836,-264.16,-987.30,67.87,-1.10,-0.61,0.00,33.68
1906,38069885,-263.18,-979.98,63.96,-0.85,-0.55,0.24,34.16
1907,38073943,-258.79,-979.49,63.48,-0.61,-0.73,0.37,33.97
1908,38077992,-266.11,-984.37,71.29,-0.73,-0.73,0.18,33.83
1909,38083787,-264.65,-979.98,66.41,-0.98,-0.73,-0.18,33.78
1910,38087836,-266.11,-984.37,65.92,-0.79,-0.43,0.12,33.83
1911,38091885,-260.74,-982.42,63.96,-0.85,-0.55,-0.12,34.12
1912,38095943,-265.62,-987.79,66.41,-0.67,-0.79,0.24,33.83
1913,38099992,-263.18,-985.84,65.92,-0.85,-0.73,0.61,33.83
1914,38105787,-260.74,-983.89,68.36,-0.67,-0.67,0.55,33.64
1915,38109836,-271.48,-983.40,66.41,-0.61,-0.43,0.73,33.88
1916,38113885,-268.55,-982.91,68.36,-0.91,-0.61,0.37,33.97
1917,38117943,-265.62,-983.40,67.87,-0.91,-0.67,0.00,33.88
1918,38121992,-269.04,-981.93,68.36,-1.10,-0.61,0.18,33.88
1919,38127787,-266.11,-981.45,68.36,-0.67,-0.73,-0.18,34.21
1920,38131836,-260.74,-982.42,68.36,-0.91,-0.85,0.18,33.68
1921,38135885,-261.72,-980.96,64.45,-0.85,-0.91,0.30,33.78
1922,38139943,-265.14,-983.40,65.43,-0.79,-0.67,0.49,33.88
1923,38143992,-268.55,-982.42,67.38,-0.55,-0.67,0.67,33.78
1924,38149787,-267.58,-981.45,69.82,-0.61,-0.55,0.49,33.88
1925,38153836,-264.65,-980.96,68.85,-0.79,-0.67,0.37,33.97
1926,38157885,-260.74,-982.42,69.34,-0.79,-0.79,0.37,33.97
1927,38161943,-269.04,-981.93,72.27,-0.85,-0.49,0.12,33.59
1928,38167787,-265.14,-981.93,69.82,-0.85,-0.49,0.18,33.88
1929,38171836,-263.18,-979.00,66.89,-0.98,-0.49,0.37,33.88
1930,38175885,-268.07,-980.96,70.80,-0.85,-0.55,0.18,34.02
1931,38179943,-265.62,-983.89,64.45,-0.85,-0.43,0.12,34.02
1932,38183992,-264.65,-984.37,59.57,-0.73,-0.67,0.24,33.64
1933,38189787,-264.65,-986.33,68.85,-0.79,-0.61,0.18,33.83
1934,38193836,-266.11,-982.42,69.82,-0.61,-0.61,0.30,34.02
1935,38197885,-266.60,-982.91,62.99,-0.98,-0.55,0.12,33.97
1936,38201943,-267.58,-980.96,66.41,-0.79,-0.67,0.30,33.78
1937,38205992,-262.70,-981.45,69.82,-0.85,-0.73,-0.06,33.97
1938,38211787,-264.16,-979.49,66.89,-0.67,-0.49,0.30,34.16
1939,38215836,-264.16,-983.89,68.85,-0.73,-0.85,0.24,34.02
1940,38219885,-261.72,-979.49,70.80,-0.85,-0.49,0.24,33.78
1941,38223943,-265.14,-981.45,68.85,-0.79,-0.67,0.30,33.68
1942,38227992,-271.97,-985.35,66.89,-0.91,-0.85,0.18,33.97
1943,38233787,-264.16,-981.45,67.87,-0.61,-0.73,0.00,33.97
1944,38237836,-262.21,-982.42,67.87,-0.85,-0.67,0.06,33.97
1945,38241885,-265.62,-985.84,68.36,-0.55,-0.67,0.30,34.12
1946,38245943,-267.58,-982.42,67.87,-0.85,-0.61,0.12,33.68
1947,38249992,-265.14,-979.00,64.94,-0.79,-0.73,0.37,33.97
1948,38255787,-264.16,-979.49,70.31,-0.73,-0.55,0.37,34.02
1949,38259836,-264.65,-980.47,67.87,-0.61,-0.49,0.37,34.02
1950,38263885,-264.65,-980.96,66.89,-0.73,-0.67,0.30,34.02
1951,38267943,-263.18,-979.49,64.94,-0.73,-0.49,0.30,34.02
1952,38271992,-263.67,-980.47,69.82,-0.85,-0.49,0.06,33.97
1953,38277787,-269.53,-981.93,66.89,-0.67,-0.73,0.24,33.83
1954,38281836,-261.23,-981.93,68.36,-0.79,-0.79,0.12,33.83
1955,38285885,-263.67,-980.96,68.36,-0.98,-0.79,0.24,33.88
1956,38289943,-264.16,-979.00,70.80,-0.61,-0.73,0.43,34.02
1957,38293992,-266.60,-983.89,67.38,-0.79,-0.43,0.06,33.88
1958,38299787,-265.14,-982.91,66.89,-1.04,-0.61,0.24,33.83
1959,38303836,-259.77,-983.89,66.89,-0.61,-0.30,0.24,33.64
1960,38307885,-264.65,-984.86,64.45,-0.98,-0.67,0.30,34.12
1961,38311943,-268.55,-980.47,68.36,-0.73,-0.67,0.30,34.12
1962,38315992,-263.67,-980.96,65.92,-0.79,-0.73,0.37,33.83
1963,38321787,-261.72,-980.96,66.41,-0.85,-0.79,0.30,33.78
1964,38325836,-264.65,-981.45,65.43,-0.79,-0.49,-0.06,33.83
1965,38329885,-263.18,-980.96,70.80,-0.85,-0.67,-0.06,33.97
1966,38333943,-260.25,-981.93,65.92,-0.55,-0.49,0.24,33.78
1967,38337992,-264.16,-984.86,69.82,-0.91,-0.79,0.30,33.49
1968,38343787,-266.60,-984.37,70.80,-0.73,-0.79,0.06,33.88
1969,38347836,-257.81,-978.03,68.85,-0.85,-0.61,0.12,34.12
1970,38351885,-261.72,-980.96,67.38,-0.79,-0.85,0.30,33.97
1971,38355943,-262.21,-980.96,69.34,-0.85,-0.49,0.37,33.88
1972,38359992,-267.09,-985.35,68.36,-0.85,-0.85,0.18,33.78
1973,38365787,-264.16,-983.40,66.41,-0.73,-0.61,0.18,33.88
1974,38369836,-265.62,-983.40,64.45,-0.61,-0.67,0.30,33.78
1975,38373885,-268.07,-983.40,67.87,-0.73,-0.79,0.06,33.97
1976,38377943,-269.53,-984.86,66.41,-1.04,-0.55,0.37,33.97
1977,38383787,-267.09,-983.40,65.92,-0.79,-0.55,0.37,33.68
1978,38387836,-265.62,-983.89,70.31,-0.73,-0.85,0.18,33.83
1979,38391885,-264.16,-981.45,69.34,-0.73,-0.67,0.00,33.97
1980,38395943,-265.62,-987.79,70.80,-0.67,-0.61,0.00,33.88
1981,38399992,-264.16,-983.40,70.80,-0.85,-0.79,0.18,34.02
1982,38405787,-264.16,-978.52,68.85,-0.61,-0.79,0.12,34.02
1983,38409836,-266.11,-982.91,66.41,-0.79,-0.67,0.24,33.97
1984,38413885,-268.07,-985.84,67.87,-0.55,-0.61,0.24,33.83
1985,38417943,-264.65,-983.40,69.82,-0.79,-0.67,0.37,33.78
1986,38421992,-269.53,-985.84,64.45,-0.67,-0.73,0.24,33.88
1987,38427787,-265.62,-982.91,65.92,-0.73,-0.79,0.06,33.97
1988,38431836,-265.62,-983.40,68.36,-0.85,-0.61,0.43,33.68
1989,38435885,-264.16,-977.54,69.34,-0.98,-0.73,0.55,33.97
1990,38439943,-266.11,-979.49,67.38,-0.79,-0.61,0.00,33.78
1991,38443992,-264.65,-982.91,70.80,-0.85,-0.61,0.00,33.88
1992,38449787,-263.18,-982.91,67.87,-0.73,-0.91,0.00,34.02
1993,38453836,-265.14,-981.45,65.92,-0.85,-0.79,0.37,34.31
1994,38457885,-261.72,-984.86,68.85,-0.67,-0.73,0.37,34.16
1995,38461943,-265.62,-982.91,68.36,-0.79,-0.55,0.18,33.78
1996,38465992,-266.11,-982.91,64.94,-0.67,-0.49,0.30,33.97
1997,38471787,-269.04,-980.96,68.85,-0.79,-0.61,0.61,33.78
1998,38475836,-264.16,-980.47,71.78,-0.79,-0.49,0.18,33.88
1999,38479885,-262.21,-980.96,67.38,-0.91,-0.55,0.30,33.88
2000,38483943,-263.18,-979.00,67.38,-0.79,-0.73,0.00,33.88
2001,38487992,-263.18,-984.86,68.36,-0.85,-0.61,0.12,33.83
2002,38493787,-265.14,-980.47,71.29,-0.91,-0.43,0.49,33.97
2003,38497836,-261.23,-978.03,71.78,-0.73,-0.73,0.30,34.21
2004,38501885,-268.07,-982.42,64.94,-0.55,-0.73,0.30,34.12
2005,38505943,-258.30,-987.30,68.36,-0.91,-0.55,0.24,33.59
2006,38509992,-264.16,-980.96,65.92,-0.98,-0.61,0.18,33.88
2007,38515787,-266.60,-983.40,64.94,-0.73,-0.91,0.55,33.83
2008,38519836,-265.14,-982.91,65.43,-0.67,-0.85,0.30,33.78
2009,38523885,-269.04,-984.86,67.38,-0.91,-0.61,0.30,33.88
2010,38527943,-267.58,-983.89,67.38,-0.91,-0.61,0.18,33.97
2011,38531992,-266.60,-981.93,68.36,-0.85,-0.55,0.12,33.88
2012,38537787,-261.23,-985.35,68.36,-0.67,-0.61,0.49,33.78
2013,38541836,-265.14,-982.42,68.85,-0.79,-0.67,0.24,33.78
2014,38545885,-263.67,-984.37,70.31,-0.73,-0.43,0.37,34.02
2015,38549943,-264.16,-982.42,70.31,-0.79,-0.49,0.37,33.88
2016,38553992,-263.67,-983.89,68.85,-0.85,-0.91,0.43,33.83
2017,38559787,-266.60,-981.93,66.41,-0.98,-0.49,0.30,33.78
2018,38563836,-264.65,-975.10,68.85,-0.85,-0.61,0.49,34.02
2019,38567885,-268.55,-979.49,71.29,-0.67,-0.61,0.30,33.88
2020,38571943,-261.72,-982.91,69.82,-0.98,-0.55,0.18,33.83
2021,38575992,-265.62,-979.98,69.82,-0.55,-0.61,0.12,33.88
2022,38581787,-261.72,-979.00,72.27,-0.61,-0.73,0.18,33.97
2023,38585836,-263.67,-979.98,69.34,-0.67,-0.73,0.37,34.12
2024,38589885,-265.14,-984.37,68.36,-0.73,-0.79,0.30,33.97
2025,38593943,-264.65,-983.89,70.31,-1.10,-0.79,0.67,34.02
2026,38599787,-264.16,-982.91,70.31,-0.79,-0.79,0.30,33.83
2027,38603836,-264.65,-982.42,68.36,-0.79,-0.79,0.37,34.02
2028,38607885,-268.07,-980.47,65.92,-1.04,-0.91,0.06,34.02
2029,38611943,-266.60,-984.37,73.73,-0.85,-0.67,0.43,33.68
2030,38615992,-264.16,-982.91,68.36,-0.73,-0.49,0.06,33.88
2031,38620042,-262.70,-983.89,68.85,-0.85,-0.73,0.06,33.64
2032,38625787,-265.62,-982.42,66.89,-0.79,-0.67,0.00,34.02
2033,38629836,-265.62,-982.91,69.34,-0.73,-0.61,0.55,33.97
2034,38633885,-264.16,-981.45,64.94,-0.55,-0.55,0.49,33.68
2035,38637943,-261.72,-983.40,69.82,-0.73,-0.61,0.49,33.83
2036,38643787,-265.14,-979.49,68.85,-0.98,-0.98,0.49,34.02
2037,38647836,-262.21,-980.96,70.80,-0.55,-0.67,0.55,34.02
2038,38651885,-266.60,-980.96,69.34,-0.55,-0.61,0.61,34.21
2039,38655943,-266.11,-983.89,68.85,-0.61,-0.73,0.67,33.59
2040,38659992,-264.16,-981.45,66.41,-0.85,-0.61,0.24,33.88
2041,38665787,-262.70,-980.96,67.87,-0.79,-0.91,0.24,34.12
2042,38669836,-265.14,-982.42,70.80,-0.61,-0.55,0.06,33.97
2043,38673885,-265.14,-983.40,67.87,-0.79,-0.73,0.12,33.64
2044,38677943,-263.18,-979.00,65.92,-0.91,-0.61,0.24,33.78
2045,38681992,-262.70,-987.30,66.89,-0.91,-0.73,0.43,34.02
2046,38687787,-266.60,-986.33,71.29,-0.61,-0.85,0.55,34.12
2047,38691836,-262.21,-978.03,68.36,-0.73,-0.79,0.49,34.16
2048,38695885,-264.65,-983.89,67.38,-0.67,-0.79,0.73,34.02
2049,38699943,-263.18,-984.86,68.36,-0.49,-0.67,0.55,33.78
2050,38703992,-264.16,-980.96,68.85,-0.85,-0.61,0.24,33.97
2051,38709787,-262.70,-982.91,74.22,-0.85,-0.61,0.00,33.83
2052,38713836,-262.70,-980.96,69.82,-0.73,-0.79,0.24,34.02
2053,38717885,-264.16,-982.42,69.34,-0.61,-0.61,0.00,33.64
2054,38721943,-263.67,-986.82,64.94,-0.85,-0.91,0.12,33.88
2055,38725992,-262.21,-984.37,65.92,-0.85,-0.73,0.12,33.68
2056,38731787,-264.16,-979.00,67.87,-0.85,-0.55,0.49,33.83
2057,38735836,-262.70,-981.45,68.36,-0.79,-0.55,0.18,33.78
2058,38739885,-263.18,-983.40,66.89,-0.85,-0.79,0.12,33.97
2059,38743943,-263.67,-978.52,65.92,-1.10,-0.67,0.24,33.83
2060,38747992,-262.21,-981.45,70.31,-1.04,-0.49,0.37,33.68
2061,38753787,-263.67,-981.93,65.92,-0.79,-0.30,0.49,33.68
2062,38757836,-262.21,-981.45,67.38,-0.91,-0.79,0.00,33.97
2063,38761885,-261.23,-979.98,69.82,-0.91,-0.67,0.12,33.97
2064,38765943,-262.70,-979.98,71.78,-0.85,-0.67,0.24,33.88
2065,38769992,-259.77,-978.03,69.82,-0.85,-0.67,0.18,33.64
2066,38775787,-265.62,-983.40,64.45,-0.67,-0.85,-0.06,33.78
2067,38779836,-262.70,-984.37,64.94,-0.85,-0.67,0.06,33.78
2068,38783885,-265.62,-981.45,70.31,-0.79,-0.67,0.00,34.16
2069,38787943,-266.60,-986.33,69.82,-0.85,-0.37,0.18,33.88
2070,38791992,-263.67,-982.91,65.43,-0.85,-0.79,0.24,33.78
2071,38797787,-260.25,-986.82,68.36,-0.79,-0.55,0.30,33.78
2072,38801836,-272.95,-983.40,67.38,-0.79,-0.49,0.30,33.68
2073,38805885,-263.67,-981.93,65.43,-1.04,-0.67,0.37,33.88
2074,38809943,-264.65,-983.89,70.31,-0.67,-0.79,0.00,34.12
2075,38813992,-258.79,-983.40,66.41,-0.79,-0.79,0.30,33.78
2076,38819787,-262.70,-984.86,68.36,-0.79,-0.49,0.18,33.88
2077,38823836,-263.67,-980.96,65.43,-0.79,-0.79,0.24,33.97
2078,38827885,-263.67,-982.42,64.45,-0.67,-0.67,0.43,34.02
2079,38831943,-264.16,-979.00,67.87,-0.91,-0.55,0.30,34.12
2080,38837787,-266.11,-980.96,68.36,-0.79,-0.61,0.43,34.16
2081,38841836,-264.16,-981.45,69.34,-1.10,-0.67,-0.06,33.78
2082,38845885,-261.72,-980.96,67.87,-0.98,-0.79,-0.06,34.02
2083,38849943,-261.72,-981.93,66.41,-0.98,-0.37,0.24,34.12
2084,38853992,-261.23,-986.33,65.92,-0.61,-0.49,0.12,34.02
2085,38859787,-264.16,-982.42,69.34,-0.67,-0.85,0.37,33.83
2086,38863836,-261.23,-975.59,69.34,-0.67,-0.79,0.49,34.02
2087,38867885,-267.58,-982.91,69.82,-0.73,-0.49,0.18,33.97
2088,38871943,-261.72,-977.05,62.50,-0.91,-0.79,0.18,33.68
2089,38875992,-267.09,-980.96,67.87,-0.61,-0.37,0.37,34.02
2090,38881787,-268.07,-982.91,63.48,-0.55,-0.49,0.43,34.12
2091,38885836,-265.14,-984.86,70.31,-0.98,-0.61,0.12,33.83
2092,38889885,-264.65,-980.47,67.38,-1.10,-0.55,0.18,34.12
2093,38893943,-263.67,-981.93,66.89,-0.73,-0.67,0.06,33.64
2094,38897992,-263.18,-980.96,63.96,-0.91,-0.67,0.30,33.88
2095,38903787,-266.60,-982.42,67.38,-0.85,-0.61,-0.06,33.88
2096,38907836,-261.23,-981.45,64.94,-0.85,-0.79,0.37,33.83
2097,38911885,-262.21,-982.42,67.38,-0.61,-0.61,0.06,33.88
2098,38915943,-264.16,-982.91,64.45,-0.91,-0.43,0.37,33.49
2099,38919992,-266.60,-976.56,59.57,-1.04,-0.49,0.37,34.12
2100,38925787,-267.09,-979.98,67.38,-0.55,-0.91,0.18,33.88
2101,38929836,-263.18,-983.40,65.92,-0.85,-0.67,0.49,33.97
2102,38933885,-266.60,-981.93,66.41,-0.98,-0.91,0.18,33.88
2103,38937943,-263.18,-983.40,71.78,-0.67,-0.73,0.00,34.12
2104,38941992,-263.18,-983.89,68.85,-1.10,-0.98,0.61,33.97
2105,38947787,-266.60,-981.45,66.89,-0.79,-0.61,0.37,33.88
2106,38951836,-268.07,-982.42,69.34,-0.79,-0.67,0.43,33.88
2107,38955885,-266.11,-985.35,66.89,-0.85,-0.67,0.30,34.02
2108,38959943,-264.65,-978.52,65.92,-0.91,-0.49,0.61,33.88
2109,38963992,-266.60,-978.52,64.45,-0.73,-0.43,0.49,34.02
2110,38969787,-267.09,-985.35,65.43,-0.79,-0.79,0.00,33.68
2111,38973836,-266.11,-983.89,67.87,-0.98,-0.73,0.37,33.88
2112,38977885,-263.18,-981.93,67.38,-0.73,-0.55,0.24,34.02
2113,38981943,-264.65,-981.45,67.38,-0.79,-0.49,0.43,34.02
2114,38985992,-264.65,-978.52,65.43,-0.79,-0.49,0.30,33.64
2115,38991787,-263.67,-983.40,68.36,-0.67,-0.55,0.18,33.83
2116,38995836,-264.65,-979.98,66.41,-0.98,-0.55,0.43,33.78
2117,38999885,-267.58,-985.35,68.85,-0.67,-0.55,0.30,33.88
2118,39003943,-266.60,-984.86,62.99,-0.73,-0.55,0.24,34.02
2119,39007992,-266.11,-984.37,70.80,-0.79,-0.55,0.30,33.78
2120,39013787,-262.70,-984.86,66.89,-0.85,-0.55,0.12,33.88
2121,39017836,-267.09,-982.91,70.31,-0.98,-0.55,0.37,33.88
2122,39021885,-266.11,-983.40,66.89,-0.91,-0.67,0.18,33.78
2123,39025943,-262.21,-981.45,68.85,-0.91,-1.10,0.24,34.12
2124,39029992,-263.67,-981.93,69.34,-0.79,-0.49,0.37,33.83
2125,39035787,-262.70,-984.37,66.89,-0.61,-0.37,0.12,33.78
2126,39039836,-264.65,-985.84,65.92,-0.79,-0.79,0.00,34.02
2127,39043885,-263.67,-981.45,64.94,-0.91,-0.67,0.49,34.21
2128,39047943,-264.65,-981.93,65.92,-1.04,-0.61,0.43,34.02
2129,39053787,-264.16,-985.35,69.82,-0.79,-0.85,0.00,33.83
2130,39057836,-264.16,-979.98,68.36,-0.85,-0.67,0.24,33.83
2131,39061885,-262.70,-983.40,63.48,-0.67,-0.73,0.18,33.78
2132,39065943,-261.72,-986.33,68.85,-0.61,-0.73,0.12,34.02
2133,39069992,-263.67,-985.35,67.87,-0.79,-0.55,0.12,33.83
2134,39075787,-265.14,-985.35,70.31,-0.67,-0.61,0.30,33.88
2135,39079836,-265.62,-984.37,64.94,-0.98,-0.73,0.37,34.21
2136,39083885,-258.30,-981.93,68.36,-0.79,-0.61,0.06,34.02
2137,39087943,-260.74,-981.93,66.41,-0.85,-0.73,0.06,33.88
2138,39091992,-267.09,-981.45,67.87,-1.16,-0.55,0.06,33.97
2139,39097787,-265.14,-982.91,66.89,-0.73,-0.67,0.37,33.88
2140,39101836,-260.74,-981.93,69.82,-0.79,-0.61,0.06,33.97
2141,39105885,-266.11,-981.45,68.36,-0.73,-0.79,0.12,33.88
2142,39109943,-264.16,-983.89,70.31,-0.91,-0.73,0.18,33.78
2143,39113992,-266.11,-980.96,68.36,-0.79,-0.55,0.37,34.21
2144,39119787,-264.65,-984.37,68.85,-0.49,-0.67,0.12,34.02
2145,39123836,-262.70,-981.93,67.87,-0.67,-0.85,0.43,34.12
2146,39127885,-261.72,-982.42,66.89,-0.85,-0.49,0.24,34.02
2147,39131943,-266.11,-983.40,68.85,-0.79,-0.73,0.24,33.68
2148,39135992,-261.72,-983.40,71.78,-0.98,-0.73,0.12,34.02
2149,39141787,-265.62,-981.93,68.36,-0.91,-0.73,0.12,33.97
2150,39145836,-266.60,-985.35,63.96,-0.98,-0.61,0.00,33.68
2151,39149885,-269.04,-984.86,68.85,-0.91,-0.49,0.30,33.97
2152,39153943,-269.04,-982.42,71.29,-0.61,-0.55,0.30,33.88
2153,39157992,-268.55,-980.47,68.85,-0.85,-0.43,0.30,34.02
2154,39163787,-265.14,-983.89,63.48,-0.91,-0.67,0.55,34.02
2155,39167836,-264.16,-980.47,68.85,-0.85,-0.55,0.18,34.02
2156,39171885,-262.70,-985.35,67.38,-0.98,-0.37,0.00,33.97
2157,39175943,-262.70,-982.91,71.29,-0.55,-0.79,0.24,33.88
2158,39179992,-264.65,-984.37,66.89,-0.79,-0.79,0.30,34.21
2159,39185787,-263.18,-980.47,67.38,-0.98,-0.67,0.30,33.64
2160,39189836,-263.67,-985.35,71.29,-0.67,-0.79,0.24,33.88
2161,39193885,-266.60,-981.45,66.41,-0.85,-0.67,0.18,34.02
2162,39197943,-264.65,-982.42,68.85,-0.85,-0.73,0.24,34.02
2163,39201992,-264.16,-984.37,69.34,-0.85,-0.49,0.18,34.02
2164,39207787,-265.14,-979.49,67.87,-0.91,-0.85,0.06,33.68
2165,39211836,-266.11,-986.82,65.43,-0.73,-0.61,0.24,33.83
2166,39215885,-262.70,-983.40,68.36,-0.91,-0.73,0.00,34.02
2167,39219943,-264.16,-983.40,70.31,-0.79,-0.85,0.18,33.97
2168,39223992,-266.11,-980.47,70.31,-0.85,-0.91,0.30,33.88
2169,39229787,-263.18,-984.86,63.96,-0.91,-0.91,0.37,33.59
2170,39233836,-264.65,-983.40,70.80,-0.73,-0.43,0.24,33.78
2171,39237885,-262.21,-980.96,65.92,-0.79,-0.49,0.06,33.88
2172,39241943,-261.23,-980.96,66.41,-0.79,-0.73,0.61,33.83
2173,39245992,-270.51,-979.49,64.94,-1.04,-0.61,0.43,33.78
2174,39251787,-266.60,-979.98,65.43,-0.79,-0.37,0.12,34.12
2175,39255836,-265.14,-984.37,71.29,-0.85,-0.61,0.30,34.12
2176,39259885,-260.74,-980.47,69.82,-0.73,-0.79,0.43,34.21
2177,39263943,-262.70,-981.93,64.94,-0.79,-0.79,0.18,34.02
2178,39267992,-265.62,-982.42,65.43,-0.98,-0.55,0.43,34.02
2179,39273787,-264.16,-983.89,70.80,-0.73,-0.91,0.18,33.68
2180,39277836,-265.14,-979.98,68.85,-0.61,-0.73,0.30,34.16
2181,39281885,-261.72,-979.98,69.82,-0.73,-0.73,0.24,34.02
2182,39285943,-261.72,-983.40,69.34,-1.04,-0.73,0.00,34.02
2183,39291787,-263.67,-978.03,66.89,-0.67,-0.55,0.37,33.97
2184,39295836,-266.60,-980.96,67.87,-0.73,-0.73,0.30,33.83
2185,39299885,-264.16,-981.45,68.36,-0.67,-0.61,0.06,33.78
2186,39303943,-263.18,-978.52,66.89,-0.67,-0.79,-0.06,33.49
2187,39307992,-259.28,-980.96,71.29,-0.85,-0.85,0.24,33.83
2188,39313787,-264.65,-980.96,66.41,-0.67,-0.61,0.37,33.83
2189,39317836,-263.18,-980.47,70.80,-0.85,-0.55,0.18,33.88
2190,39321885,-264.16,-983.89,67.87,-0.91,-0.85,0.18,33.97
2191,39325943,-259.77,-981.45,69.34,-0.91,-0.67,0.37,33.49
2192,39329992,-267.09,-980.96,73.73,-0.73,-0.55,0.30,33.83
2193,39335787,-264.65,-981.45,67.87,-0.67,-0.49,0.30,33.68
2194,39339836,-265.62,-977.05,65.92,-0.67,-0.61,0.30,33.97
2195,39343885,-262.21,-981.93,64.45,-0.79,-0.67,0.24,33.97
2196,39347943,-262.70,-984.37,68.36,-0.79,-0.61,0.06,33.78
2197,39351992,-264.65,-982.42,67.87,-0.73,-0.55,0.06,33.88
2198,39357787,-264.16,-979.98,66.89,-0.73,-0.73,0.06,33.64
2199,39361836,-266.60,-982.91,67.38,-0.85,-0.73,0.24,33.68
2200,39365885,-267.58,-984.37,70.80,-0.79,-0.79,0.18,33.83
2201,39369943,-266.11,-980.47,67.87,-0.91,-0.67,0.30,33.68
2202,39373992,-264.16,-984.86,66.89,-0.91,-0.43,0.37,34.21
2203,39379787,-264.16,-980.96,64.94,-0.79,-0.67,0.30,33.97
2204,39383836,-264.65,-981.93,66.41,-0.91,-0.79,0.43,34.02
2205,39387885,-266.11,-983.89,66.89,-0.73,-0.91,0.18,33.97
2206,39391943,-260.25,-978.03,66.41,-0.73,-0.49,0.49,33.83
2207,39395992,-264.65,-981.45,70.80,-0.73,-0.73,0.30,33.83
2208,39401787,-263.18,-982.91,68.36,-0.49,-0.67,0.12,33.78
2209,39405836,-261.72,-979.49,64.45,-0.85,-0.55,0.24,33.83
2210,39409885,-263.18,-976.56,65.92,-0.91,-0.61,0.37,34.12
2211,39413943,-267.09,-983.89,68.36,-0.79,-0.67,0.30,33.97
2212,39417992,-266.60,-984.37,65.43,-0.91,-0.79,0.18,33.88
2213,39423787,-263.18,-978.03,70.80,-0.79,-0.73,0.30,33.78
2214,39427836,-262.70,-979.49,67.38,-0.85,-0.55,0.00,33.64
2215,39431885,-261.72,-981.45,65.43,-0.91,-0.67,0.18,33.97
2216,39435943,-265.62,-979.98,71.78,-1.10,-0.98,0.18,33.88
2217,39439992,-266.11,-986.33,70.80,-0.73,-0.73,0.12,33.78
2218,39445787,-264.16,-983.40,69.82,-0.67,-0.73,0.24,33.83
2219,39449836,-261.72,-981.45,70.31,-0.85,-0.55,0.12,33.83
2220,39453885,-266.60,-979.49,67.38,-1.16,-0.55,0.43,33.97
2221,39457943,-261.72,-979.00,65.92,-0.67,-0.98,0.37,33.83
2222,39461992,-264.65,-984.37,67.38,-0.73,-0.61,0.12,33.83
2223,39467787,-262.70,-979.49,69.82,-0.61,-0.85,0.06,34.12
2224,39471836,-261.72,-977.54,74.71,-0.85,-0.67,0.18,34.02
2225,39475885,-262.21,-982.42,69.82,-0.91,-0.61,0.24,34.02
2226,39479943,-263.67,-983.89,68.85,-0.91,-0.55,0.12,33.88
2227,39483992,-263.67,-984.86,70.31,-0.79,-0.73,0.24,33.97
2228,39489787,-263.67,-982.42,68.85,-0.85,-0.55,0.24,33.88
2229,39493836,-265.62,-986.33,71.29,-0.67,-0.73,0.37,34.02
2230,39497885,-264.65,-986.82,67.87,-0.55,-0.49,0.12,33.88
2231,39501943,-262.21,-982.91,64.94,-1.10,-0.61,-0.06,33.97
2232,39507787,-265.62,-980.96,66.89,-0.91,-0.55,-0.06,34.12
2233,39511836,-264.16,-983.89,68.36,-0.98,-0.85,-0.06,33.97
2234,39515885,-263.18,-981.45,68.36,-0.91,-0.30,0.06,34.02
2235,39519943,-260.74,-983.40,66.41,-0.98,-0.73,0.30,33.88
2236,39523992,-262.21,-979.98,67.87,-0.98,-0.67,0.00,34.02
2237,39529787,-270.02,-982.42,69.34,-0.85,-0.73,0.24,34.16
2238,39533836,-260.25,-980.96,68.36,-0.85,-0.67,0.06,34.31
2239,39537885,-260.74,-980.47,63.96,-0.85,-0.73,0.24,33.88
2240,39541943,-266.11,-980.96,67.87,-0.85,-0.49,0.49,33.68
2241,39545992,-266.60,-985.35,73.24,-0.91,-0.79,0.18,33.88
2242,39551787,-264.65,-984.86,65.43,-0.61,-0.79,0.18,33.97
2243,39555836,-269.04,-977.54,69.34,-0.85,-0.55,0.49,34.02
2244,39559885,-264.65,-980.96,67.87,-0.85,-0.67,-0.06,34.02
2245,39563943,-262.70,-979.49,66.41,-0.79,-0.61,0.30,33.78
2246,39567992,-260.74,-979.98,65.92,-0.85,-0.67,0.30,33.83
2247,39573787,-257.81,-980.96,66.41,-0.73,-0.73,0.49,34.02
2248,39577836,-261.23,-983.40,66.89,-0.61,-0.79,0.18,33.78
2249,39581885,-262.70,-982.91,66.89,-0.85,-0.55,0.24,33.88
2250,39585943,-260.25,-975.59,70.80,-0.73,-0.43,0.30,34.02
2251,39589992,-264.16,-979.49,67.38,-1.04,-0.61,0.37,34.12
2252,39595787,-265.62,-980.96,70.80,-0.79,-0.73,0.30,33.83
2253,39599836,-263.67,-982.42,64.94,-0.85,-0.61,0.24,33.97
2254,39603885,-261.23,-982.42,67.87,-0.73,-0.79,0.00,34.02
2255,39607943,-267.09,-983.40,70.31,-0.85,-0.67,0.30,33.97
2256,39611992,-265.14,-983.40,70.80,-0.61,-0.67,0.37,34.02
2257,39617787,-266.11,-981.93,73.24,-1.04,-0.61,0.24,34.12
2258,39621836,-258.30,-983.89,67.38,-0.85,-0.55,0.06,33.78
2259,39625885,-265.14,-984.37,68.85,-0.91,-0.67,0.24,33.83
2260,39629943,-265.14,-985.35,64.45,-0.73,-0.79,0.18,33.88
2261,39633992,-267.09,-984.37,65.92,-0.67,-0.73,0.43,33.88
2262,39639787,-262.70,-981.45,70.80,-0.91,-0.55,0.18,33.83
2263,39643836,-266.11,-981.45,68.85,-0.61,-0.73,0.30,33.88
2264,39647885,-262.70,-979.98,68.36,-0.79,-0.55,0.18,33.88
2265,39651943,-262.70,-983.89,69.34,-0.85,-0.61,0.24,34.12
2266,39655992,-263.67,-983.89,68.85,-0.73,-0.61,0.06,33.78
2267,39661787,-265.62,-977.05,70.31,-0.73,-0.55,0.12,33.83
2268,39665836,-265.62,-982.42,64.94,-0.79,-0.67,0.12,33.78
