seq,timestamp_us,ax_mg,ay_mg,az_mg,gx_dps,gy_dps,gz_dps,temp_c
0,46674517,-249.51,-985.84,53.22,-2.80,-2.56,-5.79,33.88
1,46678578,-251.46,-990.72,65.43,-1.52,-0.73,-2.80,33.88
2,46682628,-245.61,-995.12,51.27,-2.01,-1.10,-1.10,33.78
3,46686677,-244.63,-989.26,50.29,0.12,-0.18,1.16,34.02
4,46692787,-257.81,-986.82,59.57,0.49,-0.30,2.87,33.83
5,46696836,-265.14,-979.98,62.50,-0.18,-0.67,2.44,34.12
6,46700885,-268.55,-979.00,61.52,-0.49,-0.43,0.61,34.02
7,46704943,-265.62,-980.96,63.96,-1.16,-0.61,-0.73,33.88
8,46708992,-257.32,-986.33,59.57,-1.34,-0.49,-1.77,33.78
9,46713042,-257.32,-981.45,62.99,-1.16,-0.55,-2.20,34.12
10,46718787,-256.35,-980.47,63.48,-1.22,-0.49,-2.32,33.64
11,46722836,-264.16,-987.79,61.52,-1.40,-0.55,-3.11,33.78
12,46726885,-263.67,-987.79,65.43,-1.65,-0.67,-4.33,34.02
13,46730943,-251.46,-973.63,63.96,-1.77,0.24,-5.37,34.02
14,46734992,-271.00,-971.19,64.94,-1.89,0.18,-6.71,33.88
15,46740787,-277.83,-979.49,60.06,-3.17,-2.13,-10.85,33.88
16,46744836,-255.86,-978.52,65.43,-4.09,-2.56,-13.41,33.97
17,46748885,-240.23,-986.33,63.96,-3.84,-1.46,-13.41,33.88
18,46752943,-242.68,-989.75,65.92,-5.43,-4.39,-13.05,33.83
19,46756992,-228.03,-991.21,63.96,-4.33,-2.80,-9.94,33.64
20,46762787,-219.73,-997.07,56.64,-2.74,-2.01,-5.85,33.88
21,46766836,-223.63,-999.51,54.20,-0.85,-0.98,-0.12,33.68
22,46770885,-227.05,-993.16,53.71,0.43,-0.67,3.90,33.78
23,46774943,-230.47,-992.68,59.57,1.46,-0.79,7.44,33.88
24,46778992,-233.40,-989.26,65.43,1.71,-0.67,9.94,33.83
25,46784787,-248.54,-990.72,68.85,0.91,-0.30,11.22,33.88
26,46788836,-253.91,-993.65,61.04,0.61,-0.49,11.34,33.97
27,46792885,-248.54,-988.77,59.08,0.98,-0.61,11.95,34.12
28,46796943,-248.05,-982.42,59.08,0.98,-1.10,13.05,33.83
29,46800992,-253.91,-987.30,45.90,1.34,-4.09,13.23,33.88
30,46806787,-247.56,-990.23,52.73,2.74,-4.76,14.82,34.02
31,46810836,-270.02,-981.45,70.31,1.59,-4.63,15.30,33.97
32,46814885,-278.81,-976.07,60.55,-0.79,-6.71,12.93,33.88
33,46818943,-276.37,-982.42,53.22,-0.30,-8.72,9.76,34.02
34,46824787,-268.55,-979.49,69.34,-0.18,-7.99,7.13,33.83
35,46828836,-282.71,-971.19,75.68,0.61,-4.76,5.85,34.12
36,46832885,-285.16,-970.21,74.71,-2.74,-7.56,1.89,33.97
37,46836943,-262.21,-986.82,33.20,-3.11,-8.54,-0.37,33.59
38,46840992,-295.90,-961.43,66.41,0.55,-10.85,-2.32,34.12
39,46846787,-267.09,-971.19,99.12,-14.70,-30.37,-6.89,33.97
40,46850836,-253.91,-994.63,-0.49,-9.15,-36.16,-8.11,33.83
41,46854885,-224.61,-996.09,87.40,-2.68,-31.89,-4.02,34.02
42,46858943,-242.68,-979.98,100.59,-5.24,-26.40,-0.91,33.88
43,46862992,-271.97,-980.47,59.08,-12.50,-33.60,-0.67,33.97
44,46868787,-250.00,-993.16,68.85,-6.65,-38.11,0.67,33.97
45,46872836,-137.21,-1034.67,91.80,4.57,-49.09,5.00,33.83
46,46876885,-194.82,-993.16,171.39,-0.24,-24.27,22.38,33.88
47,46880943,-222.17,-1004.88,29.79,-9.76,-28.11,27.56,33.68
48,46884992,-236.82,-1007.32,-13.67,-1.59,-32.44,32.93,33.88
49,46890787,-225.10,-1002.93,43.95,12.44,-26.59,40.06,33.88
50,46894836,-251.95,-983.40,101.56,9.76,-24.02,44.39,33.78
51,46898885,-283.69,-975.59,112.79,4.88,-15.73,46.89,33.78
52,46902943,-290.53,-972.17,24.90,1.40,-18.41,43.84,33.97
53,46906992,-276.86,-976.07,79.10,9.21,-10.37,41.77,34.16
54,46912787,-320.31,-952.64,106.45,5.49,-7.44,38.66,34.21
55,46916836,-296.88,-969.24,62.01,4.88,-1.95,33.17,33.59
56,46920885,-319.82,-950.68,91.31,7.26,5.06,30.61,34.21
57,46924943,-316.41,-962.40,67.87,3.11,2.50,25.30,33.88
58,46928992,-321.78,-967.77,68.85,5.37,5.61,21.10,33.83
59,46934787,-340.82,-952.64,75.20,2.26,0.85,13.96,34.02
60,46938836,-311.04,-958.98,76.17,0.00,-1.40,7.56,33.88
61,46942885,-306.64,-966.80,66.41,0.61,-0.61,4.88,34.16
62,46946943,-306.15,-970.21,83.01,0.61,-0.61,2.68,34.12
63,46950992,-298.34,-969.24,78.12,-0.91,-0.55,1.28,34.02
64,46956787,-297.36,-975.10,68.36,0.12,-0.24,0.37,33.83
65,46960836,-288.57,-977.05,67.38,1.10,0.30,-0.30,33.88
66,46964885,-287.11,-978.03,65.92,3.41,1.28,-0.06,33.78
67,46968943,-315.43,-958.50,68.36,4.88,0.49,-1.65,33.97
68,46972992,-345.70,-949.71,111.82,0.37,-4.82,-10.00,33.78
69,46978787,-349.61,-941.41,105.47,-6.83,-5.79,-20.73,33.68
70,46982836,-333.01,-948.24,96.19,-13.29,-8.60,-34.45,33.83
71,46986885,-296.39,-968.75,75.20,-13.78,-5.85,-40.37,33.83
72,46990943,-282.71,-976.07,73.24,-11.34,-0.12,-42.74,34.02
73,46994992,-281.74,-977.54,77.15,-10.12,2.87,-43.29,33.59
74,47000787,-290.04,-968.26,84.96,-12.20,1.52,-45.24,33.68
75,47004836,-273.44,-963.87,47.36,-10.91,-3.48,-48.05,33.97
76,47008885,-246.09,-1003.91,120.12,-12.74,-2.74,-47.20,34.12
77,47012943,-334.96,-937.01,244.14,-26.28,-0.73,-45.61,34.16
78,47016992,-342.77,-953.12,-31.25,-76.22,-68.35,-59.82,33.68
79,47022787,-283.20,-987.79,-200.68,-50.67,-105.49,-69.15,34.16
80,47026836,-167.48,-1017.58,217.29,-39.27,-93.11,-61.10,34.02
81,47030885,-91.80,-1044.43,184.08,-62.68,-72.80,-48.17,34.02
82,47034943,-55.18,-1085.94,19.53,-53.48,-33.66,-19.27,34.12
83,47040787,-100.59,-1076.17,-115.72,-14.82,-2.32,12.93,33.97
84,47044836,-171.87,-1033.69,32.23,18.35,8.23,37.07,34.02
85,47048885,-247.07,-989.75,32.23,27.20,18.78,45.91,33.88
86,47052943,-322.75,-944.34,81.05,27.26,19.76,40.85,33.88
87,47056992,-341.31,-945.31,80.08,21.59,17.26,26.71,33.83
88,47062787,-298.83,-967.29,68.36,18.17,18.84,14.45,33.88
89,47066836,-246.58,-989.75,22.95,22.80,25.91,9.88,33.88
90,47070885,-241.21,-993.65,68.85,31.34,27.38,12.01,34.02
91,47074943,-229.98,-1010.74,0.00,32.20,27.56,17.44,33.78
92,47078992,-228.03,-993.16,68.85,37.50,22.74,22.93,33.83
93,47084787,-278.81,-972.17,166.02,32.74,26.04,29.76,34.02
94,47088836,-232.91,-987.79,84.47,13.72,8.11,33.90,33.88
95,47092885,-199.71,-1014.16,67.87,4.21,2.80,43.35,33.78
96,47096943,-224.12,-1004.88,35.64,7.38,4.21,52.56,33.35
97,47100992,-268.55,-981.93,62.99,14.02,5.49,58.23,34.21
98,47106787,-327.64,-956.54,72.27,16.46,10.24,54.82,33.88
99,47110836,-418.95,-906.25,102.05,13.35,6.65,33.54,33.83
100,47114885,-432.62,-899.90,125.00,5.37,2.38,12.26,33.83
101,47118943,-414.55,-906.74,127.93,-5.61,0.30,-14.39,33.49
102,47122992,-407.71,-916.02,119.63,-17.93,-2.13,-38.11,34.02
103,47128787,-349.61,-939.94,52.25,-24.39,-6.59,-56.59,34.12
104,47132836,-290.04,-976.07,20.51,-20.37,-12.01,-67.20,34.02
105,47136885,-233.40,-1003.91,35.16,-16.22,-14.27,-66.52,33.97
106,47140943,-186.52,-1019.53,49.80,-12.07,-13.66,-57.44,33.97
107,47144992,-172.36,-1026.37,56.64,-9.21,-12.32,-42.68,34.12
108,47150787,-154.79,-1041.50,53.71,-6.52,-9.09,-24.33,33.88
109,47154836,-153.32,-1039.55,46.87,-1.04,-3.11,-0.67,34.02
110,47158885,-176.27,-1026.37,49.80,2.07,-0.67,14.33,33.88
111,47162943,-199.71,-1010.74,62.99,5.55,1.83,29.09,33.83
112,47166992,-229.00,-1000.00,61.04,8.54,3.41,39.21,34.21
113,47172787,-273.44,-976.56,83.01,7.87,2.74,41.46,33.64
114,47176836,-301.27,-961.91,85.94,7.62,4.33,38.05,33.68
115,47180885,-312.50,-958.50,78.12,5.55,3.96,32.62,33.83
116,47184943,-325.68,-958.50,72.27,3.78,2.50,24.51,34.12
117,47188992,-324.71,-953.12,76.66,2.99,0.98,14.51,33.88
118,47194787,-328.61,-950.68,82.03,0.91,-0.43,4.39,33.97
119,47198836,-313.48,-959.96,77.64,-2.01,-1.16,-6.46,33.88
120,47202885,-296.39,-971.68,75.20,-2.87,-2.26,-12.26,33.49
121,47206943,-285.64,-973.14,75.68,-2.74,-2.50,-16.22,33.97
122,47210992,-273.44,-979.98,78.12,-4.33,-2.38,-18.17,33.64
123,47216787,-263.67,-984.86,71.29,-5.37,-2.26,-18.29,33.64
124,47220836,-251.46,-990.23,65.92,-4.21,-2.44,-15.49,33.83
125,47224885,-248.05,-994.14,75.68,-3.54,-1.65,-12.68,33.88
126,47228943,-245.12,-996.58,67.38,-3.05,-1.28,-8.60,34.02
127,47232992,-242.19,-997.07,64.45,-1.77,-0.85,-3.23,33.49
128,47238787,-244.63,-990.23,64.45,-0.61,-0.61,2.07,34.12
129,47242836,-256.84,-984.37,67.38,0.55,-0.79,6.04,33.88
130,47246885,-268.07,-982.91,66.41,0.98,-0.49,7.20,34.02
131,47250943,-268.55,-980.96,65.43,1.22,-0.12,7.99,34.02
132,47254992,-274.90,-979.00,69.34,0.91,0.12,7.99,33.88
133,47260787,-281.25,-977.05,63.48,0.43,-0.18,6.89,33.97
134,47264836,-280.27,-977.54,64.94,-0.06,-0.55,4.45,33.88
135,47268885,-279.30,-975.59,64.45,-0.67,-0.55,2.93,34.02
136,47272943,-274.41,-978.03,62.50,-0.85,-0.49,0.73,33.97
137,47278787,-278.81,-976.56,65.43,-0.85,-0.61,-1.34,34.02
138,47282836,-268.07,-979.00,63.96,-1.10,-0.30,-2.87,34.21
139,47286885,-264.16,-981.45,67.87,-1.77,-0.67,-3.05,34.02
140,47290943,-264.16,-984.37,62.99,-1.77,-0.61,-2.99,33.83
141,47294992,-260.25,-985.35,62.99,-1.34,-0.85,-2.26,34.02
142,47300787,-254.88,-987.79,63.96,-1.40,-0.85,-1.22,33.88
143,47304836,-260.74,-986.82,69.34,-0.67,-0.73,0.61,34.12
144,47308885,-257.81,-982.42,71.29,-0.18,-0.49,2.07,33.97
145,47312943,-268.55,-985.35,71.29,-0.12,-0.67,2.56,33.68
146,47316992,-271.97,-980.47,72.75,-0.12,-0.61,2.87,34.02
147,47322787,-268.55,-978.03,73.73,-0.24,-1.10,2.50,33.97
148,47326836,-272.95,-980.96,73.73,-0.43,-0.85,2.20,34.02
149,47330885,-270.51,-984.37,67.38,-0.73,-0.91,1.89,33.88
150,47334943,-274.90,-979.00,74.71,-0.49,-0.98,1.71,33.88
151,47338992,-274.41,-977.05,68.85,-0.37,-0.49,1.04,34.02
152,47344787,-277.34,-977.54,68.85,-0.55,-0.55,0.06,33.88
153,47348836,-275.39,-976.07,68.36,-0.73,-0.61,-0.85,33.97
154,47352885,-270.02,-982.42,68.85,-0.98,-0.67,-1.04,34.21
155,47356943,-269.04,-985.84,66.41,-1.34,-0.67,-0.73,33.78
156,47360992,-267.58,-980.47,62.50,-0.98,-0.73,-0.30,34.02
157,47366787,-270.02,-981.93,66.41,-0.61,-0.49,0.37,34.12
158,47370836,-266.60,-979.49,68.36,-0.30,-0.49,0.67,34.12
159,47374885,-274.41,-984.86,65.92,-0.55,-0.49,1.16,33.88
160,47378943,-277.83,-981.45,66.89,-0.49,-0.61,0.79,33.88
161,47382992,-272.46,-979.98,67.38,-0.49,-0.67,0.61,33.88
162,47388787,-277.34,-979.98,67.87,-0.85,-0.49,0.61,34.21
163,47392836,-271.00,-979.00,72.75,-0.98,-0.49,0.30,33.97
164,47396885,-271.48,-985.35,67.38,-0.91,-0.37,0.37,34.02
165,47400943,-270.02,-984.37,73.24,-0.85,-0.61,0.37,33.88
166,47404992,-268.55,-978.03,69.34,-1.22,-0.91,0.37,34.21
167,47410787,-272.46,-980.96,72.27,-0.73,-0.73,0.43,33.78
168,47414836,-268.55,-980.47,71.78,-0.73,-0.73,0.37,33.97
169,47418885,-269.53,-984.37,68.85,-0.79,-0.73,-0.12,33.83
170,47422943,-264.65,-983.40,70.31,-0.67,-0.49,-0.43,34.12
171,47426992,-265.62,-980.96,70.80,-0.79,-0.18,-0.55,33.64
172,47432787,-264.16,-986.82,67.87,-0.91,-0.61,-0.49,33.88
173,47436836,-259.28,-984.37,62.01,-0.73,-0.43,0.12,33.64
174,47440885,-260.25,-983.89,66.89,-0.85,-0.73,0.49,34.21
175,47444943,-262.21,-981.93,63.96,-0.67,-0.73,0.91,33.97
176,47448992,-266.60,-982.91,68.36,-0.61,-0.67,1.10,33.88
177,47454787,-273.44,-980.47,65.43,-0.30,-0.67,1.22,34.12
178,47458836,-273.93,-979.98,68.36,-0.67,-0.73,0.98,34.02
179,47462885,-272.95,-985.35,68.85,-0.55,-0.73,0.73,34.02
180,47466943,-271.97,-980.47,67.87,-0.55,-0.49,0.85,34.12
181,47470992,-273.44,-978.03,67.87,-0.43,-0.61,0.73,33.83
182,47476787,-276.86,-980.47,70.80,-0.67,-0.67,0.67,33.83
183,47480836,-276.86,-979.49,65.92,-0.67,-0.73,0.24,33.97
184,47484885,-274.41,-982.91,65.92,-0.73,-0.67,0.37,33.97
185,47488943,-273.93,-984.37,67.38,-0.91,-0.79,0.06,34.02
186,47494787,-274.90,-980.47,67.38,-0.73,-0.67,-0.12,34.12
187,47498836,-272.46,-982.91,67.87,-0.55,-0.73,-0.12,33.97
188,47502885,-271.00,-983.40,71.29,-0.79,-0.67,0.00,34.12
189,47506943,-270.02,-979.98,62.99,-1.04,-0.61,0.00,33.83
190,47510992,-267.09,-981.93,68.36,-1.22,-0.85,-0.18,33.83
191,47516787,-266.11,-980.96,69.82,-1.04,-0.67,-0.06,33.83
192,47520836,-270.51,-984.86,68.36,-0.85,-0.98,0.49,34.02
193,47524885,-265.62,-981.93,66.89,-0.85,-0.85,0.73,34.16
194,47528943,-263.67,-981.93,75.20,-1.04,-0.55,0.85,33.83
195,47532992,-269.53,-982.91,71.29,-0.85,-0.67,0.91,33.88
196,47538787,-266.60,-982.91,72.27,-0.91,-0.67,0.73,34.12
197,47542836,-267.58,-977.05,71.78,-0.73,-0.49,0.18,33.97
198,47546885,-268.07,-977.54,75.68,-0.79,-0.43,0.43,34.12
199,47550943,-263.18,-980.96,68.85,-0.79,-0.61,0.43,33.97
200,47554992,-265.62,-977.54,68.36,-1.04,-0.55,0.24,34.12
201,47560787,-276.86,-978.52,74.22,-0.55,-0.61,0.18,33.83
202,47564836,-270.02,-980.96,66.41,-0.91,-0.67,-0.12,33.64
203,47568885,-267.09,-979.49,65.92,-0.91,-0.91,-0.06,34.16
204,47572943,-270.02,-980.96,63.96,-0.67,-0.55,-0.06,33.64
205,47576992,-263.18,-984.37,66.41,-0.67,-0.73,0.00,33.88
206,47582787,-268.07,-980.96,66.41,-0.85,-0.73,0.18,33.88
207,47586836,-268.55,-979.00,64.45,-0.49,-0.67,0.49,33.97
208,47590885,-269.04,-979.00,64.45,-0.49,-0.43,0.49,34.02
209,47594943,-271.48,-978.03,62.01,-0.49,-0.67,0.37,33.83
210,47598992,-270.51,-981.93,64.45,-0.73,-0.49,0.30,34.02
211,47604787,-272.46,-977.54,64.94,-0.67,-0.49,-0.12,34.02
212,47608836,-271.97,-983.40,64.94,-0.67,-0.67,0.55,33.83
213,47612885,-274.90,-978.52,69.82,-0.79,-0.61,0.49,34.12
214,47616943,-271.48,-981.45,70.31,-0.85,-0.79,0.61,33.88
215,47620992,-273.44,-985.84,64.45,-0.91,-0.55,0.49,33.88
216,47626787,-273.44,-982.42,69.82,-0.67,-0.67,0.06,33.88
217,47630836,-272.95,-980.96,66.41,-1.04,-0.73,0.30,33.49
218,47634885,-272.46,-979.00,66.41,-0.85,-0.67,0.12,34.12
219,47638943,-273.93,-979.49,68.85,-1.04,-0.85,0.00,33.83
220,47642992,-269.53,-979.98,71.78,-0.85,-0.91,-0.12,33.68
221,47648787,-270.51,-977.05,71.29,-1.22,-0.91,-0.37,33.68
222,47652836,-261.23,-979.49,67.87,-0.79,-0.55,-0.06,33.88
223,47656885,-265.14,-981.45,70.80,-0.79,-0.79,-0.12,33.88
224,47660943,-268.55,-978.52,69.34,-0.61,-0.43,0.24,33.83
225,47664992,-267.58,-978.52,64.94,-0.55,-0.49,0.30,33.88
226,47670787,-265.14,-982.42,70.31,-0.49,-0.67,0.00,33.83
227,47674836,-266.11,-982.42,68.85,-0.55,-0.67,-0.06,34.02
228,47678885,-267.09,-982.91,69.34,-0.49,-0.43,-0.06,33.88
229,47682943,-265.14,-985.84,63.48,-0.85,-0.67,0.00,33.97
230,47686992,-265.62,-979.98,66.89,-0.37,-0.43,0.30,33.68
231,47692787,-268.55,-983.40,71.29,-1.16,-0.67,0.67,33.78
232,47696836,-269.53,-983.40,62.01,-0.43,-0.61,0.85,33.97
233,47700885,-268.07,-983.89,70.31,-0.43,-0.73,0.85,34.02
234,47704943,-275.88,-979.00,63.96,-1.10,-0.79,1.16,33.78
235,47710787,-276.86,-981.45,65.92,-0.61,-0.67,1.04,33.97
236,47714836,-272.95,-979.98,65.43,-0.43,-0.55,0.37,34.12
237,47718885,-273.44,-978.52,70.80,-0.85,-0.91,0.18,34.12
238,47722943,-268.55,-982.91,65.43,-0.85,-0.98,-0.12,34.16
239,47726992,-269.53,-983.89,67.87,-0.91,-0.79,-0.30,34.02
240,47731042,-270.02,-980.47,68.36,-0.98,-0.85,0.06,33.83
241,47736787,-273.44,-983.40,61.52,-0.98,-0.85,-0.06,34.02
242,47740836,-267.58,-982.42,68.36,-0.55,-0.67,0.30,33.64
243,47744885,-265.62,-980.47,69.82,-0.67,-0.67,0.37,33.49
244,47748943,-264.65,-982.42,60.06,-0.79,-0.49,0.61,33.97
245,47754787,-270.02,-981.93,68.36,-0.85,-0.61,0.49,33.78
246,47758836,-269.04,-977.54,70.80,-0.79,-0.91,0.30,33.88
247,47762885,-267.09,-981.45,68.36,-0.55,-0.49,0.49,34.16
248,47766943,-270.02,-981.93,70.80,-0.61,-0.79,0.43,33.68
249,47770992,-269.04,-984.86,67.87,-0.61,-0.85,0.73,33.83
250,47776787,-268.55,-982.91,69.34,-0.61,-0.67,0.12,33.88
251,47780836,-268.55,-979.00,68.85,-0.85,-0.49,0.61,33.97
252,47784885,-271.48,-979.00,73.73,-0.73,-0.73,0.43,33.97
253,47788943,-268.07,-980.47,69.34,-0.73,-0.67,0.55,33.78
254,47792992,-275.88,-982.91,70.31,-0.79,-0.61,0.24,33.78
255,47798787,-267.58,-984.37,69.34,-0.79,-0.79,0.00,34.21
256,47802836,-270.02,-982.91,68.36,-0.67,-0.61,0.00,33.88
257,47806885,-269.53,-980.96,67.87,-0.73,-0.61,-0.06,34.02
258,47810943,-270.51,-983.40,66.41,-0.85,-0.67,0.18,33.78
259,47814992,-271.00,-981.93,65.43,-1.10,-0.37,0.43,33.83
260,47820787,-260.74,-979.49,64.45,-0.85,-0.55,0.24,34.02
261,47824836,-265.14,-983.40,69.34,-0.73,-0.61,0.49,34.02
262,47828885,-267.09,-978.03,63.96,-0.73,-0.67,0.30,34.12
263,47832943,-270.02,-981.45,67.87,-0.73,-0.79,0.61,34.02
264,47836992,-269.04,-983.89,67.87,-0.85,-0.67,0.30,34.02
265,47842787,-272.95,-981.93,67.87,-0.91,-0.79,0.43,33.88
266,47846836,-269.04,-983.40,66.41,-0.79,-0.85,0.24,33.64
267,47850885,-269.53,-977.05,68.85,-0.85,-0.73,0.49,33.78
268,47854943,-273.93,-979.00,69.82,-0.85,-0.61,0.37,33.83
269,47858992,-274.90,-981.45,71.78,-0.73,-0.49,0.49,34.12
270,47864787,-267.09,-981.45,70.31,-0.85,-0.73,0.30,33.78
271,47868836,-266.60,-978.52,65.92,-0.79,-0.61,0.24,33.78
272,47872885,-268.55,-978.52,70.31,-0.61,-0.61,0.12,33.97
273,47876943,-271.00,-983.89,68.85,-0.61,-0.91,0.00,34.02
274,47880992,-266.60,-980.47,72.75,-0.98,-0.79,0.12,33.88
275,47886787,-268.55,-979.49,68.85,-0.67,-0.61,0.30,33.59
276,47890836,-272.46,-984.86,68.36,-0.91,-0.61,0.12,33.64
277,47894885,-268.55,-985.84,67.38,-0.85,-0.61,0.30,33.88
278,47898943,-266.60,-978.03,75.20,-1.04,-0.79,0.12,33.97
279,47902992,-272.46,-983.40,61.52,-0.73,-0.55,0.49,33.64
280,47908787,-268.07,-980.96,68.85,-0.85,-0.49,0.43,34.02
281,47912836,-271.97,-980.47,62.50,-0.79,-0.85,0.30,34.02
282,47916885,-273.93,-980.96,68.85,-0.79,-0.79,0.37,33.97
283,47920943,-269.04,-978.03,68.36,-0.73,-0.61,0.43,33.97
284,47924992,-271.00,-979.00,65.43,-0.91,-0.79,0.06,33.59
285,47930787,-268.55,-982.42,67.38,-0.79,-0.67,0.18,33.83
286,47934836,-274.41,-980.96,67.87,-0.85,-0.67,0.18,33.97
287,47938885,-273.44,-981.93,71.78,-0.67,-0.55,0.00,34.02
288,47942943,-268.07,-982.91,66.41,-0.98,-0.79,-0.06,34.12
289,47948787,-269.04,-978.52,67.38,-0.91,-0.73,0.30,33.88
290,47952836,-271.48,-979.49,64.94,-0.79,-0.67,0.12,34.02
291,47956885,-269.04,-982.91,63.96,-0.91,-0.79,0.12,34.02
292,47960943,-268.55,-982.42,62.99,-0.67,-0.79,0.00,33.97
293,47964992,-265.62,-978.03,70.80,-0.73,-0.73,0.06,34.21
294,47970787,-268.07,-979.49,67.38,-0.85,-0.67,0.00,34.02
295,47974836,-266.60,-982.42,67.87,-0.79,-0.79,0.18,33.97
296,47978885,-270.51,-981.45,68.85,-0.79,-0.67,0.37,33.88
297,47982943,-272.46,-981.45,64.94,-0.79,-0.73,0.12,33.83
298,47986992,-270.51,-983.40,68.85,-0.67,-0.98,0.37,34.02
299,47992787,-268.55,-981.93,68.36,-0.67,-0.85,0.37,33.83
300,47996836,-271.00,-979.49,67.38,-0.73,-0.85,0.30,33.88
301,48000885,-265.62,-981.45,67.38,-0.67,-0.49,0.24,33.78
302,48004943,-270.51,-980.47,70.31,-0.43,-0.61,0.67,33.78
303,48008992,-271.97,-979.98,70.31,-0.91,-0.55,0.49,34.02
304,48014787,-272.46,-978.52,70.31,-0.43,-0.61,0.24,34.12
305,48018836,-269.04,-979.00,69.34,-0.91,-0.85,0.30,33.83
306,48022885,-272.95,-977.54,64.94,-0.73,-0.67,0.24,33.78
307,48026943,-269.04,-978.03,65.43,-0.91,-0.61,0.37,33.88
308,48030992,-269.04,-980.96,67.87,-0.79,-0.67,0.06,34.16
309,48036787,-269.53,-982.91,70.31,-0.91,-0.55,0.18,34.12
310,48040836,-272.46,-983.89,63.48,-0.67,-0.73,0.18,33.88
311,48044885,-269.04,-985.84,65.43,-0.85,-0.73,0.30,33.88
312,48048943,-271.97,-981.93,67.87,-0.91,-0.85,0.37,33.88
313,48052992,-271.00,-982.91,67.38,-0.55,-0.61,0.24,33.88
314,48058787,-269.04,-982.91,69.82,-0.85,-0.73,0.30,33.78
315,48062836,-267.58,-979.98,69.34,-0.79,-0.79,0.61,33.78
316,48066885,-270.02,-979.49,66.41,-0.79,-0.61,0.43,33.97
317,48070943,-272.95,-980.96,66.89,-0.79,-0.67,0.37,33.83
318,48074992,-268.55,-983.40,69.34,-0.98,-0.79,0.43,34.12
319,48080787,-272.46,-983.89,69.34,-0.91,-1.10,0.30,33.83
320,48084836,-268.55,-980.47,67.87,-0.85,-0.91,0.24,33.78
321,48088885,-267.09,-981.45,72.27,-0.61,-0.67,0.37,34.02
322,48092943,-268.55,-980.47,69.82,-0.85,-0.79,0.43,34.02
323,48096992,-265.62,-979.98,70.31,-0.79,-0.61,0.24,33.88
324,48102787,-269.53,-976.56,72.27,-0.73,-0.79,0.43,33.59
325,48106836,-269.04,-982.42,73.73,-0.73,-0.73,0.49,33.68
326,48110885,-269.04,-979.98,68.36,-0.73,-0.85,0.30,34.02
327,48114943,-269.53,-976.07,68.36,-0.61,-0.79,0.18,34.21
328,48118992,-272.46,-979.49,69.82,-0.79,-0.55,0.12,33.78
329,48124787,-269.04,-982.42,68.85,-0.67,-0.67,0.18,33.64
330,48128836,-265.14,-983.89,71.78,-0.67,-0.73,0.37,33.88
331,48132885,-274.90,-980.47,69.82,-0.67,-0.79,0.49,34.02
332,48136943,-271.97,-979.49,68.85,-0.73,-0.79,0.37,33.88
333,48140992,-269.53,-981.93,70.80,-0.79,-0.49,0.49,33.83
334,48146787,-271.48,-978.03,69.82,-0.79,-0.55,0.43,33.88
335,48150836,-271.48,-977.54,67.38,-0.79,-0.91,0.49,33.97
336,48154885,-270.51,-980.47,70.80,-0.73,-0.67,0.30,33.78
337,48158943,-273.93,-981.93,67.38,-0.79,-0.98,0.37,33.97
338,48164787,-267.58,-978.52,67.87,-0.73,-0.61,0.49,33.83
339,48168836,-274.41,-976.56,72.27,-0.85,-0.61,0.00,33.97
340,48172885,-271.00,-979.49,66.89,-0.98,-0.85,0.06,33.97
341,48176943,-271.97,-979.00,69.34,-0.73,-0.73,0.18,33.83
342,48180992,-271.97,-980.96,71.78,-0.79,-0.79,0.30,33.97
343,48186787,-272.95,-985.35,71.29,-0.79,-1.10,0.37,34.12
344,48190836,-271.00,-978.03,71.78,-0.91,-0.73,0.00,33.83
345,48194885,-269.04,-981.45,64.94,-1.04,-0.61,0.24,33.88
346,48198943,-270.02,-981.93,67.38,-0.91,-0.67,0.06,33.97
347,48202992,-271.00,-979.49,66.89,-0.85,-0.61,0.18,33.88
348,48208787,-270.02,-982.42,69.82,-0.67,-0.73,0.24,33.97
349,48212836,-268.07,-979.98,68.36,-0.85,-0.55,0.30,34.12
350,48216885,-269.53,-976.56,67.87,-0.85,-0.79,0.18,34.02
351,48220943,-264.16,-982.91,71.78,-0.79,-0.85,0.30,33.64
352,48224992,-273.93,-981.93,66.41,-0.79,-0.79,0.24,34.02
353,48230787,-268.07,-983.40,67.87,-0.85,-0.55,0.49,34.12
354,48234836,-268.55,-979.49,69.34,-0.85,-0.79,0.67,33.97
355,48238885,-266.60,-984.37,70.31,-1.04,-0.73,0.55,33.78
356,48242943,-267.09,-981.93,65.43,-0.61,-0.67,0.30,33.64
357,48246992,-266.60,-977.05,68.85,-0.73,-0.85,0.24,34.12
358,48252787,-269.04,-981.93,68.85,-0.79,-0.67,0.18,34.02
359,48256836,-271.48,-981.45,69.34,-0.73,-0.61,-0.06,33.78
360,48260885,-266.11,-983.40,66.41,-0.85,-0.67,0.24,34.02
361,48264943,-272.46,-983.40,70.80,-0.73,-0.55,0.18,33.88
362,48268992,-269.53,-983.40,69.34,-0.73,-0.61,0.24,33.88
363,48274787,-269.53,-977.54,69.82,-0.61,-0.73,0.37,34.12
364,48278836,-273.93,-976.07,71.29,-0.85,-0.67,0.43,34.02
365,48282885,-271.00,-979.00,65.92,-0.91,-0.85,0.30,33.97
366,48286943,-272.46,-976.56,71.78,-0.85,-0.55,0.30,34.02
367,48290992,-264.65,-979.98,67.38,-0.91,-0.73,0.06,34.02
368,48296787,-268.55,-985.35,68.36,-0.55,-0.79,0.37,33.78
369,48300836,-268.07,-978.52,67.87,-0.79,-0.73,0.37,33.68
370,48304885,-270.51,-982.42,71.29,-0.91,-0.79,0.18,34.12
371,48308943,-270.02,-980.96,71.29,-0.91,-0.43,0.43,33.83
372,48312992,-271.00,-979.49,66.41,-0.67,-0.67,0.37,34.02
373,48318787,-268.07,-981.93,73.24,-0.85,-0.49,0.24,33.44
374,48322836,-271.00,-984.37,67.38,-0.55,-0.67,0.37,33.88
375,48326885,-268.55,-981.93,71.29,-0.73,-0.55,0.37,33.88
376,48330943,-265.62,-984.86,65.92,-0.79,-0.49,0.43,33.88
377,48334992,-271.48,-983.40,69.34,-0.85,-0.55,0.24,33.64
378,48340787,-266.11,-980.96,66.41,-0.85,-0.67,0.00,33.68
379,48344836,-267.58,-982.42,69.82,-0.79,-0.55,0.30,33.97
380,48348885,-266.11,-979.49,69.34,-0.73,-0.67,0.30,33.88
381,48352943,-272.95,-981.93,65.43,-1.04,-0.18,0.00,34.12
382,48356992,-269.04,-977.05,68.36,-0.85,-0.61,0.37,33.88
383,48362787,-274.90,-983.89,68.85,-0.85,-0.49,0.49,33.78
384,48366836,-267.58,-982.91,68.85,-0.67,-0.98,0.30,34.21
385,48370885,-266.60,-977.54,69.34,-0.61,-0.73,0.37,34.12
386,48374943,-268.07,-983.40,68.85,-0.73,-0.91,0.43,33.78
387,48378992,-270.02,-979.49,67.38,-0.91,-0.67,0.37,33.78
388,48384787,-270.02,-986.33,71.29,-0.73,-0.85,0.30,33.88
389,48388836,-272.95,-979.00,64.94,-0.79,-0.61,0.61,33.83
390,48392885,-268.07,-979.49,73.73,-0.98,-0.67,0.61,33.97
391,48396943,-273.93,-980.47,70.80,-0.98,-0.85,0.18,34.02
392,48402787,-270.51,-982.42,70.80,-0.73,-0.49,0.30,34.31
393,48406836,-271.00,-978.03,67.87,-0.61,-0.61,0.37,33.97
394,48410885,-267.58,-980.47,69.34,-0.61,-0.49,0.30,33.88
395,48414943,-273.93,-979.49,71.29,-0.73,-0.67,0.37,33.78
396,48418992,-274.41,-979.49,68.85,-0.79,-0.61,0.06,34.21
397,48424787,-273.44,-982.91,66.41,-0.98,-0.49,0.49,33.88
398,48428836,-268.55,-979.49,74.22,-0.85,-0.91,0.49,34.16
399,48432885,-272.95,-978.52,67.87,-0.98,-0.55,0.30,34.02
400,48436943,-271.00,-982.91,69.82,-0.73,-0.85,0.30,33.88
401,48440992,-269.04,-979.98,70.31,-0.85,-0.67,0.55,33.88
402,48446787,-273.44,-981.45,65.92,-0.73,-0.61,0.37,33.97
403,48450836,-273.93,-979.49,70.31,-1.04,-0.73,0.18,34.02
404,48454885,-271.48,-977.54,68.36,-0.79,-0.61,0.43,33.78
405,48458943,-268.55,-980.96,68.85,-0.85,-0.67,0.43,33.68
406,48462992,-271.48,-982.91,67.38,-0.79,-0.67,0.49,33.88
407,48468787,-270.02,-978.52,68.36,-0.67,-0.55,0.18,33.97
408,48472836,-267.09,-977.54,71.78,-0.67,-0.37,0.43,33.97
409,48476885,-272.46,-980.96,72.75,-1.04,-0.49,0.24,34.02
410,48480943,-270.02,-977.05,67.38,-0.79,-0.43,0.30,33.78
411,48484992,-271.00,-980.96,70.80,-0.98,-0.67,0.12,33.88
412,48490787,-267.09,-979.00,68.85,-0.73,-0.49,0.37,33.97
413,48494836,-271.48,-981.93,66.41,-0.61,-0.79,0.30,33.88
414,48498885,-266.11,-985.35,64.94,-0.67,-0.91,0.30,34.02
415,48502943,-269.04,-985.35,64.45,-0.61,-0.67,0.30,33.83
416,48506992,-268.55,-979.98,65.43,-0.79,-0.79,0.24,33.97
417,48512787,-268.07,-981.93,67.38,-0.61,-0.79,0.24,34.16
418,48516836,-266.11,-978.52,70.80,-0.85,-0.67,0.37,33.83
419,48520885,-272.46,-978.03,68.36,-0.67,-0.79,0.30,33.83
420,48524943,-267.58,-982.42,70.31,-0.55,-0.73,0.37,33.88
421,48528992,-269.53,-982.91,67.87,-0.91,-0.67,0.30,33.88
422,48534787,-272.95,-981.93,64.45,-0.61,-0.79,0.30,34.02
423,48538836,-269.04,-976.56,69.82,-0.73,-0.49,0.30,34.02
424,48542885,-271.48,-984.37,66.89,-0.73,-0.67,0.37,34.02
425,48546943,-271.48,-980.96,69.82,-0.67,-0.61,0.61,34.02
426,48550992,-269.53,-980.96,65.92,-0.61,-0.55,0.43,33.78
427,48556787,-267.09,-980.47,72.75,-0.61,-0.73,0.12,33.64
428,48560836,-272.46,-982.91,72.27,-0.73,-0.91,0.37,34.16
429,48564885,-271.00,-981.45,67.38,-0.79,-0.91,0.12,34.12
430,48568943,-272.95,-980.47,67.87,-0.73,-0.30,0.24,33.78
431,48572992,-269.04,-982.42,70.80,-0.67,-0.73,0.24,33.68
432,48578787,-270.02,-981.93,70.31,-0.79,-0.73,0.24,33.97
433,48582836,-270.02,-977.54,68.36,-0.85,-0.73,0.24,34.12
434,48586885,-271.00,-978.03,70.80,-1.04,-0.79,0.43,33.88
435,48590943,-267.09,-982.42,70.31,-0.85,-0.61,0.30,34.21
436,48594992,-270.51,-983.89,66.41,-0.49,-0.73,0.12,33.83
437,48600787,-272.46,-983.40,68.36,-0.79,-0.55,0.30,34.21
438,48604836,-268.55,-979.00,68.36,-0.67,-0.61,0.24,33.83
439,48608885,-267.58,-979.49,69.34,-0.91,-0.55,0.12,33.88
440,48612943,-267.09,-984.37,68.36,-0.73,-0.55,0.12,33.83
441,48618787,-271.48,-983.89,65.43,-0.85,-0.55,0.18,33.97
442,48622836,-269.53,-978.52,69.82,-0.85,-0.67,0.30,33.88
443,48626885,-271.00,-985.35,69.82,-0.85,-0.73,0.00,33.88
444,48630943,-266.60,-983.89,70.31,-0.73,-0.61,0.24,34.12
445,48634992,-271.48,-980.96,68.36,-0.91,-0.79,0.24,33.88
446,48640787,-271.97,-984.86,70.80,-0.91,-0.61,0.18,33.88
447,48644836,-272.95,-981.45,68.36,-0.73,-0.55,0.37,34.02
448,48648885,-274.90,-979.00,69.34,-0.67,-0.67,0.49,33.78
449,48652943,-269.53,-980.96,64.94,-0.61,-0.61,0.55,34.02
450,48656992,-270.51,-978.52,71.29,-0.61,-0.61,0.30,33.97
451,48662787,-271.97,-980.47,67.38,-0.85,-0.79,0.37,34.12
452,48666836,-272.95,-976.07,67.38,-0.73,-0.67,0.30,33.83
453,48670885,-269.04,-981.45,67.38,-0.55,-0.55,0.43,34.02
454,48674943,-271.97,-982.42,68.85,-0.67,-0.61,0.55,33.97
455,48678992,-272.46,-981.93,71.78,-0.85,-0.79,0.43,33.97
456,48684787,-266.11,-982.42,68.36,-0.79,-0.79,0.37,33.97
457,48688836,-269.04,-979.98,69.82,-0.61,-0.61,0.37,33.88
458,48692885,-271.48,-982.91,73.73,-0.79,-0.67,0.18,33.97
459,48696943,-267.58,-980.47,67.87,-0.85,-0.43,0.06,33.68
460,48700992,-269.04,-980.96,65.92,-0.79,-0.79,0.24,33.88
461,48706787,-265.62,-980.47,71.78,-0.79,-0.73,0.30,34.12
462,48710836,-271.48,-979.00,73.24,-0.85,-0.67,0.24,33.88
463,48714885,-274.90,-979.98,73.24,-0.98,-0.55,0.24,34.02
464,48718943,-266.11,-979.98,68.36,-0.85,-0.73,0.37,33.97
465,48722992,-265.62,-977.54,64.94,-0.67,-0.43,0.18,34.02
466,48728787,-269.04,-981.93,67.87,-0.79,-0.61,0.30,34.02
467,48732836,-270.02,-979.49,67.87,-0.73,-0.43,0.37,33.97
468,48736885,-270.02,-980.96,70.31,-0.79,-0.73,0.24,34.02
469,48740943,-272.46,-979.00,68.85,-0.67,-0.61,0.24,34.02
470,48744992,-273.44,-977.05,68.36,-0.73,-0.67,0.43,33.78
471,48750787,-268.07,-981.45,70.31,-0.85,-0.91,0.43,33.68
472,48754836,-269.04,-980.47,69.82,-0.91,-0.67,0.24,33.78
473,48758885,-262.70,-979.49,71.29,-0.73,-0.79,0.24,33.97
474,48762943,-268.07,-981.93,68.36,-1.04,-0.67,0.49,33.97
475,48766992,-266.11,-981.45,66.89,-0.73,-0.55,0.37,33.64
476,48772787,-266.60,-984.37,64.45,-0.79,-0.55,0.24,33.68
477,48776836,-267.09,-979.98,64.94,-0.79,-0.37,0.12,33.83
478,48780885,-268.07,-979.49,72.75,-0.85,-0.91,0.18,34.02
479,48784943,-265.14,-985.35,70.31,-0.79,-0.73,0.24,33.83
480,48788992,-271.48,-981.45,69.82,-0.91,-0.73,0.24,33.78
481,48794787,-271.00,-980.47,69.34,-0.98,-0.91,0.24,34.16
482,48798836,-270.02,-980.47,65.92,-0.49,-0.79,0.30,34.02
483,48802885,-272.95,-983.89,74.22,-0.67,-0.61,0.37,34.02
484,48806943,-270.51,-980.96,67.87,-0.61,-0.79,0.18,34.16
485,48810992,-271.00,-982.42,69.82,-0.73,-0.67,0.30,33.97
486,48816787,-269.53,-981.93,67.38,-0.73,-0.67,0.30,33.88
487,48820836,-271.48,-979.98,72.27,-0.61,-0.73,0.43,33.97
488,48824885,-273.93,-979.00,66.41,-0.85,-0.49,0.24,33.68
489,48828943,-273.93,-983.40,64.45,-0.73,-0.85,0.18,33.88
490,48834787,-266.60,-979.00,70.31,-0.73,-0.67,0.30,34.02
491,48838836,-271.48,-979.00,66.89,-0.79,-0.55,0.00,33.83
492,48842885,-275.39,-983.89,68.36,-0.85,-0.61,0.30,33.78
493,48846943,-273.93,-979.00,68.85,-0.98,-0.67,0.12,34.02
494,48850992,-272.46,-979.49,67.38,-0.91,-0.67,0.12,34.02
495,48855042,-274.41,-981.45,65.92,-0.67,-0.91,0.18,33.88
496,48860787,-269.53,-979.98,70.31,-0.85,-0.91,0.06,33.88
497,48864836,-271.97,-985.84,65.92,-0.98,-0.61,0.06,34.02
498,48868885,-269.04,-981.45,69.82,-0.73,-0.79,0.24,33.88
499,48872943,-272.95,-981.93,69.82,-0.85,-0.61,0.37,34.12
500,48878787,-266.11,-982.91,68.85,-0.98,-0.67,0.30,33.83
501,48882836,-264.65,-979.00,67.87,-0.91,-0.61,0.30,34.02
502,48886885,-268.55,-979.98,69.82,-0.73,-0.79,0.30,34.16
503,48890943,-267.09,-981.45,69.82,-0.98,-0.79,0.24,33.78
504,48894992,-266.11,-976.56,69.34,-0.91,-0.73,0.24,34.02
505,48900787,-267.58,-980.47,75.68,-0.73,-1.10,0.49,33.97
506,48904836,-270.02,-980.47,74.22,-0.73,-0.73,0.61,33.88
507,48908885,-270.02,-984.86,73.73,-0.91,-0.67,0.37,33.83
508,48912943,-268.55,-979.98,72.27,-0.85,-0.79,0.55,34.02
509,48916992,-265.62,-980.96,74.22,-0.85,-0.55,0.49,34.02
510,48922787,-269.04,-975.10,70.31,-0.67,-0.91,0.24,34.02
511,48926836,-272.46,-980.96,76.17,-0.85,-0.61,0.18,33.97
512,48930885,-271.48,-979.98,68.85,-0.55,-0.61,0.18,34.02
513,48934943,-270.02,-978.03,73.73,-0.73,-0.67,0.43,33.64
514,48938992,-272.95,-980.47,72.75,-0.91,-0.43,0.37,33.97
515,48944787,-274.90,-985.35,69.82,-0.55,-0.61,0.49,34.12
516,48948836,-272.95,-979.98,71.29,-0.79,-0.43,0.55,33.88
517,48952885,-274.41,-976.07,71.78,-0.61,-0.67,0.37,33.78
518,48956943,-270.02,-979.00,70.80,-0.85,-0.73,0.37,34.02
519,48960992,-276.86,-982.42,69.82,-1.04,-0.49,0.00,34.02
520,48966787,-269.53,-981.45,68.85,-0.67,-0.91,-0.12,33.83
521,48970836,-269.53,-980.47,66.89,-0.55,-0.55,0.12,33.88
522,48974885,-272.95,-978.03,68.85,-0.98,-0.55,0.12,33.88
523,48978943,-272.95,-979.98,69.82,-0.79,-0.67,0.37,33.97
524,48982992,-272.95,-980.96,67.38,-0.61,-0.73,0.30,34.21
525,48988787,-273.93,-978.52,67.87,-0.67,-0.30,0.30,33.88
526,48992836,-269.04,-980.96,62.01,-0.73,-0.91,0.18,33.88
527,48996885,-267.58,-982.42,65.92,-1.04,-0.67,0.24,33.97
528,49000943,-263.67,-979.98,67.87,-0.91,-0.85,0.18,34.12
529,49004992,-266.60,-981.45,68.36,-0.91,-0.43,0.12,33.88
530,49010787,-271.97,-981.93,66.89,-0.91,-0.73,0.12,33.68
531,49014836,-264.65,-980.96,69.82,-0.79,-0.79,0.00,33.64
532,49018885,-268.07,-981.93,68.85,-0.85,-0.85,0.24,34.02
533,49022943,-266.60,-984.37,69.34,-0.79,-0.79,0.06,33.88
534,49026992,-270.02,-985.35,65.92,-0.79,-0.79,0.18,33.68
535,49032787,-267.09,-979.98,66.41,-0.61,-0.79,0.43,34.12
536,49036836,-266.60,-982.42,67.38,-0.73,-0.73,0.30,33.83
537,49040885,-269.53,-981.45,69.82,-0.79,-0.67,0.24,33.97
538,49044943,-269.53,-982.91,66.89,-0.73,-0.79,0.18,33.97
539,49048992,-269.04,-984.86,67.38,-0.73,-0.73,0.43,33.83
540,49054787,-270.02,-979.98,66.89,-0.91,-0.91,0.67,34.16
541,49058836,-275.88,-982.42,65.92,-0.91,-0.61,0.49,33.97
542,49062885,-267.58,-980.47,69.34,-0.98,-0.55,0.37,34.02
543,49066943,-276.86,-978.52,70.80,-0.61,-0.61,0.43,33.88
544,49072787,-273.44,-978.52,70.31,-0.79,-0.79,0.43,34.16
545,49076836,-273.44,-979.49,69.82,-0.73,-0.67,0.43,34.02
546,49080885,-270.51,-980.96,72.75,-0.67,-1.04,0.49,34.02
547,49084943,-268.55,-980.47,72.27,-0.79,-0.79,0.37,34.12
548,49088992,-269.53,-978.03,72.27,-0.79,-0.73,0.43,33.97
549,49094787,-271.48,-980.47,69.82,-0.73,-0.85,0.12,34.12
550,49098836,-270.51,-977.54,72.27,-0.79,-0.79,-0.06,34.12
551,49102885,-271.97,-982.91,70.31,-0.91,-0.49,0.24,33.83
552,49106943,-273.93,-984.86,69.82,-0.61,-0.43,0.18,33.88
553,49110992,-271.97,-981.45,72.27,-0.85,-0.61,0.12,34.02
554,49116787,-270.02,-980.47,74.22,-0.85,-0.61,-0.18,33.78
555,49120836,-271.97,-984.86,69.82,-0.91,-0.73,0.30,33.83
556,49124885,-268.55,-979.49,69.82,-0.79,-0.79,0.06,33.97
557,49128943,-271.48,-980.47,67.38,-0.85,-0.85,0.18,33.83
558,49132992,-267.58,-975.59,67.87,-0.67,-0.79,0.18,34.12
559,49138787,-276.37,-980.47,68.85,-0.91,-0.67,0.18,34.02
560,49142836,-267.09,-979.00,67.38,-0.98,-0.55,0.24,34.02
561,49146885,-269.04,-977.05,74.22,-0.73,-0.73,0.12,34.02
562,49150943,-267.58,-981.93,73.73,-0.91,-0.61,0.00,33.83
563,49154992,-268.07,-981.45,75.68,-0.79,-0.55,0.12,33.88
564,49160787,-267.09,-975.59,73.24,-0.91,-0.61,0.06,34.31
565,49164836,-267.09,-979.98,70.31,-0.67,-0.61,0.24,34.21
566,49168885,-271.48,-981.45,65.92,-0.79,-0.85,0.24,33.64
567,49172943,-271.48,-982.42,64.94,-0.55,-0.61,0.30,33.97
568,49176992,-271.00,-977.54,68.85,-0.79,-0.73,0.30,34.21
569,49182787,-271.00,-979.98,62.99,-0.61,-0.67,0.24,33.83
570,49186836,-271.00,-979.49,70.80,-0.73,-0.73,0.43,33.78
571,49190885,-274.90,-977.54,68.36,-0.67,-0.61,0.49,34.12
572,49194943,-273.93,-977.54,64.45,-0.85,-0.73,0.18,33.68
573,49198992,-270.51,-980.47,69.34,-0.91,-0.49,0.37,33.88
574,49204787,-272.46,-982.91,67.38,-0.43,-0.85,0.18,33.64
575,49208836,-271.48,-983.40,65.92,-0.79,-0.79,0.30,33.78
576,49212885,-276.86,-979.00,66.41,-0.91,-0.73,0.43,33.97
577,49216943,-269.53,-980.96,70.80,-0.73,-0.30,0.49,33.88
578,49220992,-265.62,-983.40,67.38,-0.73,-0.61,0.55,33.78
579,49226787,-272.46,-981.93,67.38,-0.91,-0.98,0.30,33.64
580,49230836,-273.44,-977.05,66.89,-0.79,-0.98,0.24,33.64
581,49234885,-271.97,-979.00,70.80,-0.85,-0.67,0.43,34.02
582,49238943,-272.95,-980.47,71.29,-0.91,-0.49,0.37,34.12
583,49242992,-271.97,-980.47,71.78,-0.91,-0.61,0.06,33.88
584,49248787,-270.02,-976.56,74.71,-0.55,-0.67,0.30,33.83
585,49252836,-266.60,-978.03,71.29,-0.73,-0.61,0.30,33.88
586,49256885,-270.02,-978.52,72.75,-0.85,-0.79,0.06,34.02
587,49260943,-271.00,-982.42,70.80,-0.79,-0.98,0.24,33.64
588,49264992,-271.97,-982.91,72.27,-0.79,-0.61,0.18,33.88
589,49270787,-268.07,-983.89,73.73,-0.91,-0.85,0.18,34.02
590,49274836,-270.02,-983.40,69.82,-0.79,-0.67,0.37,33.83
591,49278885,-262.70,-983.40,68.85,-0.98,-0.98,0.30,34.21
592,49282943,-265.14,-978.03,65.92,-0.91,-0.73,0.37,34.21
593,49288787,-270.51,-980.47,69.34,-0.98,-0.61,0.12,34.21
594,49292836,-268.07,-978.52,67.38,-0.79,-0.98,0.49,34.16
595,49296885,-272.46,-977.05,67.87,-0.61,-0.61,0.24,33.88
596,49300943,-268.07,-981.45,67.38,-0.55,-0.49,0.30,34.02
597,49304992,-270.51,-979.98,66.89,-0.91,-0.61,0.55,34.12
598,49310787,-271.48,-980.47,65.43,-0.85,-0.67,0.37,33.83
599,49314836,-269.04,-981.45,73.73,-0.85,-0.67,0.30,33.88
600,49318885,-266.11,-983.40,69.82,-0.91,-0.67,0.37,34.12
601,49322943,-273.93,-981.93,65.92,-0.61,-0.85,0.37,33.88
602,49326992,-271.00,-979.98,65.43,-0.79,-0.55,0.30,33.88
603,49332787,-272.46,-980.96,67.38,-0.85,-0.49,0.55,34.02
604,49336836,-271.00,-981.45,67.87,-0.79,-0.67,0.37,34.21
605,49340885,-271.48,-982.42,64.94,-0.79,-0.55,0.24,34.02
606,49344943,-268.07,-978.52,68.36,-0.85,-0.67,0.43,33.68
607,49348992,-266.60,-977.05,67.38,-0.61,-0.91,0.61,34.12
608,49354787,-272.95,-976.07,68.36,-0.67,-0.79,0.18,34.02
609,49358836,-267.58,-981.45,71.78,-0.79,-0.91,0.24,34.12
610,49362885,-265.62,-980.47,64.94,-0.55,-0.67,0.55,34.21
611,49366943,-270.02,-982.91,69.34,-0.79,-0.55,0.30,33.88
612,49370992,-271.48,-980.47,69.82,-0.91,-0.79,0.24,33.97
613,49376787,-270.02,-982.42,70.80,-0.79,-0.55,0.24,34.02
614,49380836,-271.97,-979.49,71.78,-0.91,-0.55,0.37,33.97
615,49384885,-271.48,-983.89,72.27,-0.73,-0.79,0.30,34.12
616,49388943,-274.41,-982.42,70.31,-0.79,-0.91,0.37,34.02
617,49392992,-270.51,-979.00,69.34,-0.79,-0.67,0.12,34.02
618,49398787,-268.55,-976.56,69.82,-0.91,-0.55,0.18,33.97
619,49402836,-268.07,-982.91,73.73,-1.04,-0.91,0.37,34.02
620,49406885,-273.44,-982.42,67.87,-0.91,-0.67,0.30,34.12
621,49410943,-268.07,-978.52,71.78,-0.79,-0.79,0.24,34.21
622,49414992,-270.02,-979.98,69.34,-0.73,-0.43,0.18,33.88
623,49420787,-269.53,-977.05,68.36,-0.67,-0.49,0.55,33.78
624,49424836,-272.46,-982.91,70.31,-0.61,-0.73,0.12,33.97
625,49428885,-265.62,-981.45,68.36,-0.91,-0.67,0.37,34.12
626,49432943,-272.95,-979.98,67.38,-0.91,-0.61,0.30,34.12
627,49436992,-272.46,-982.91,69.34,-0.73,-0.79,0.30,33.97
628,49442787,-269.53,-979.00,68.85,-0.73,-0.85,0.37,33.68
629,49446836,-273.93,-976.56,67.38,-0.85,-0.91,0.12,33.78
630,49450885,-271.97,-982.42,70.80,-0.85,-0.85,0.12,34.02
631,49454943,-270.51,-981.93,66.89,-0.85,-0.61,0.12,33.88
632,49458992,-266.60,-978.52,67.38,-0.79,-0.67,0.18,33.78
633,49464787,-270.02,-974.61,66.89,-0.73,-0.55,0.37,33.78
634,49468836,-271.97,-982.91,69.34,-0.67,-0.79,0.49,33.78
635,49472885,-271.97,-984.37,70.31,-0.79,-0.55,0.18,33.83
636,49476943,-274.90,-979.98,69.34,-0.61,-0.85,0.18,33.88
637,49480992,-270.02,-979.98,68.85,-0.79,-0.73,0.30,33.88
638,49486787,-269.04,-979.98,68.36,-0.91,-0.79,0.43,34.12
639,49490836,-269.04,-979.00,70.31,-0.98,-0.67,0.12,34.02
640,49494885,-267.58,-980.47,69.34,-0.98,-0.85,0.30,33.88
641,49498943,-271.00,-976.56,69.82,-0.85,-0.85,0.37,33.83
642,49502992,-273.44,-980.47,68.36,-0.79,-0.73,0.61,33.59
643,49508787,-269.53,-979.98,70.31,-0.61,-0.61,0.43,34.12
644,49512836,-269.04,-980.96,66.89,-0.67,-0.67,0.24,33.97
645,49516885,-271.00,-982.42,69.82,-0.67,-0.55,0.18,34.12
646,49520943,-270.51,-983.89,68.85,-0.55,-0.49,0.43,33.88
647,49526787,-269.53,-979.00,67.87,-0.85,-0.85,0.24,34.02
648,49530836,-267.58,-981.93,69.82,-0.61,-0.55,0.24,33.97
649,49534885,-271.00,-984.37,70.31,-0.85,-0.67,0.43,33.88
650,49538943,-270.02,-982.42,70.31,-0.73,-0.79,0.30,33.88
651,49542992,-272.95,-981.45,69.82,-0.85,-0.43,0.24,34.12
652,49548787,-271.48,-983.89,72.75,-0.85,-0.61,0.12,34.21
653,49552836,-270.51,-979.49,62.99,-1.16,-0.67,0.12,33.88
654,49556885,-269.53,-982.42,67.38,-0.98,-0.67,0.37,33.97
655,49560943,-266.60,-980.47,71.29,-0.73,-0.91,0.30,34.02
656,49564992,-271.48,-979.49,69.34,-0.67,-0.55,0.24,34.02
657,49570787,-266.60,-979.49,73.73,-0.91,-0.73,0.37,34.02
658,49574836,-268.55,-976.56,71.29,-0.85,-0.67,0.18,33.97
659,49578885,-268.07,-975.59,70.80,-0.73,-0.79,0.43,33.88
660,49582943,-270.51,-979.98,74.22,-0.79,-0.67,0.30,33.64
661,49586992,-267.58,-978.52,71.78,-0.79,-0.61,0.37,33.88
662,49592787,-269.04,-983.40,73.73,-0.79,-0.79,0.12,33.97
663,49596836,-273.44,-983.89,70.31,-0.98,-0.67,0.37,33.88
664,49600885,-271.00,-987.79,69.34,-0.85,-0.67,0.24,34.21
665,49604943,-267.09,-980.96,69.82,-0.73,-0.79,0.18,33.68
666,49608992,-268.55,-979.49,68.36,-0.67,-0.79,0.37,34.02
667,49614787,-275.39,-979.49,71.78,-0.67,-0.43,0.30,33.88
668,49618836,-271.00,-977.54,68.36,-0.98,-0.73,0.18,33.88
669,49622885,-271.00,-980.47,67.87,-0.79,-0.55,0.06,34.02
670,49626943,-268.07,-982.91,69.82,-0.85,-0.67,0.24,33.88
671,49630992,-272.46,-975.59,69.82,-0.79,-0.73,0.49,34.21
672,49636787,-273.93,-982.42,67.87,-0.73,-0.85,0.18,33.97
673,49640836,-272.95,-981.45,66.89,-0.73,-0.61,0.49,33.68
674,49644885,-270.51,-980.96,69.34,-0.79,-0.55,0.24,33.78
675,49648943,-263.18,-976.56,69.34,-0.91,-0.73,0.37,34.16
676,49652992,-264.65,-977.05,76.66,-0.67,-0.85,0.43,34.02
677,49658787,-270.02,-979.98,64.45,-0.61,-0.73,0.24,34.02
678,49662836,-269.04,-981.93,69.34,-0.91,-0.73,0.06,33.68
679,49666885,-270.51,-977.54,68.85,-0.79,-0.73,0.24,34.12
680,49670943,-269.53,-983.40,68.36,-0.73,-0.91,0.12,34.02
681,49674992,-265.14,-981.93,71.29,-0.79,-0.61,0.06,33.97
682,49680787,-271.00,-982.42,69.82,-1.22,-0.73,0.06,33.64
683,49684836,-267.09,-983.40,67.38,-0.55,-0.61,0.06,33.64
684,49688885,-270.02,-980.47,69.34,-0.67,-0.73,0.43,33.68
685,49692943,-272.46,-983.40,67.87,-0.79,-0.61,0.37,33.88
686,49696992,-271.00,-974.61,69.82,-0.61,-0.61,0.49,33.78
687,49702787,-270.02,-977.05,71.29,-0.67,-0.67,0.12,33.97
688,49706836,-267.58,-976.56,66.89,-0.91,-0.61,0.12,34.02
689,49710885,-269.53,-978.03,72.27,-0.79,-0.79,0.24,33.88
690,49714943,-270.02,-981.93,69.82,-0.73,-0.67,0.37,34.12
691,49718992,-274.90,-981.93,72.75,-0.79,-0.55,0.00,33.88
692,49724787,-269.04,-977.54,73.24,-0.61,-0.73,0.30,33.83
693,49728836,-272.46,-980.47,72.75,-0.73,-0.61,0.30,33.97
694,49732885,-271.97,-981.45,65.92,-0.79,-0.55,0.43,34.02
695,49736943,-271.00,-977.54,69.34,-1.04,-0.49,0.24,34.12
696,49742787,-268.07,-983.89,72.75,-0.73,-0.43,0.37,34.02
697,49746836,-267.09,-981.45,67.38,-0.49,-0.55,0.12,34.02
698,49750885,-271.00,-984.37,70.31,-0.67,-0.73,0.06,34.16
699,49754943,-271.97,-983.40,70.31,-0.91,-0.61,0.18,33.97
700,49758992,-269.53,-976.07,69.34,-0.79,-0.67,0.30,34.02
701,49764787,-271.00,-982.42,70.31,-0.79,-0.85,0.24,33.97
702,49768836,-269.53,-984.37,67.38,-0.67,-0.67,0.18,34.02
703,49772885,-272.46,-982.91,65.43,-0.91,-0.37,0.12,34.02
704,49776943,-271.97,-978.52,72.75,-0.73,-0.49,0.12,33.64
705,49780992,-271.48,-985.35,73.24,-0.91,-0.73,0.24,33.88
706,49786787,-272.95,-979.00,68.85,-0.85,-0.67,0.49,34.02
707,49790836,-271.48,-980.96,72.27,-0.73,-0.49,0.24,34.12
708,49794885,-268.07,-974.61,74.22,-0.67,-0.55,0.49,33.97
709,49798943,-269.53,-980.47,73.24,-0.49,-0.73,0.24,33.64
710,49802992,-266.11,-981.45,71.78,-0.73,-0.85,0.37,34.12
711,49808787,-271.48,-980.47,70.31,-0.98,-0.61,0.24,34.02
712,49812836,-263.67,-979.00,65.92,-0.85,-0.73,0.24,33.88
713,49816885,-268.55,-978.03,69.82,-0.98,-0.79,0.12,33.88
714,49820943,-271.48,-982.42,70.80,-0.98,-0.67,0.24,33.88
715,49824992,-269.04,-979.98,68.85,-0.91,-0.61,0.24,34.12
716,49830787,-265.14,-982.42,72.27,-0.98,-0.55,0.18,34.21
717,49834836,-269.53,-981.45,70.80,-0.85,-0.67,0.24,34.12
718,49838885,-269.04,-980.47,69.82,-0.55,-0.73,0.30,34.36
719,49842943,-267.58,-979.00,67.87,-0.67,-0.79,0.30,33.97
720,49846992,-270.51,-981.93,73.24,-0.98,-0.91,0.37,34.02
721,49852787,-269.53,-982.42,71.78,-0.85,-0.91,0.37,34.02
722,49856836,-270.02,-981.93,69.82,-0.85,-0.73,0.24,33.88
723,49860885,-268.55,-978.52,70.31,-0.79,-0.61,0.24,33.97
724,49864943,-272.46,-982.91,67.87,-0.98,-0.67,0.24,34.12
725,49868992,-269.04,-977.54,70.80,-0.73,-0.79,0.55,34.02
726,49874787,-271.00,-982.42,70.80,-0.91,-0.55,0.12,33.68
727,49878836,-269.04,-981.45,71.29,-0.79,-0.61,0.12,33.97
728,49882885,-269.04,-975.59,71.78,-0.79,-0.43,0.06,33.88
729,49886943,-270.51,-981.93,70.31,-0.79,-0.73,0.12,34.21
730,49890992,-271.00,-981.93,71.78,-0.67,-0.55,0.61,34.02
731,49896787,-266.11,-984.37,69.82,-0.98,-0.67,0.37,33.83
732,49900836,-272.95,-980.47,66.41,-0.55,-0.73,0.37,33.64
733,49904885,-271.48,-979.98,70.31,-0.73,-0.73,0.37,34.02
734,49908943,-267.58,-979.00,65.92,-0.79,-0.85,0.12,33.97
735,49912992,-266.60,-979.00,65.92,-0.61,-0.67,0.30,33.78
736,49918787,-268.55,-979.98,68.36,-0.91,-0.55,0.00,33.88
737,49922836,-266.11,-977.05,70.80,-0.79,-1.04,0.24,34.12
738,49926885,-271.97,-983.89,71.29,-0.61,-0.61,0.18,33.88
739,49930943,-275.39,-979.00,68.85,-0.61,-0.73,0.49,33.68
740,49934992,-269.53,-984.37,67.38,-0.91,-0.61,0.06,33.83
741,49940787,-266.60,-977.54,67.87,-0.79,-0.79,0.24,33.97
742,49944836,-271.00,-984.37,66.89,-0.79,-0.67,0.06,33.88
743,49948885,-269.53,-980.47,65.43,-1.04,-0.67,0.18,34.02
744,49952943,-268.55,-979.00,69.34,-0.67,-0.67,0.06,34.02
745,49958787,-271.00,-981.93,65.43,-0.85,-0.55,0.00,33.83
746,49962836,-271.48,-980.96,69.34,-0.91,-0.61,0.12,33.68
747,49966885,-265.62,-978.03,68.36,-0.61,-0.73,0.18,34.02
748,49970943,-264.65,-976.07,69.34,-0.73,-0.85,0.43,33.83
749,49974992,-271.00,-986.33,71.29,-0.67,-0.61,0.37,33.88
750,49979042,-269.04,-979.98,67.38,-0.73,-0.55,0.37,33.83
751,49984787,-268.07,-980.47,68.36,-0.73,-0.55,0.12,33.88
752,49988836,-266.60,-977.54,71.29,-0.73,-0.43,0.30,34.21
753,49992885,-271.00,-978.52,73.24,-0.67,-0.79,0.30,33.88
754,49996943,-268.55,-980.96,74.22,-0.98,-0.67,0.43,33.78
755,50002787,-269.04,-979.00,69.34,-0.79,-0.79,0.18,34.12
756,50006836,-268.07,-984.86,69.82,-0.73,-0.79,0.37,34.02
757,50010885,-270.51,-979.98,71.78,-0.79,-0.73,0.43,34.21
758,50014943,-271.00,-981.93,73.24,-0.67,-0.67,0.30,33.88
759,50018992,-271.97,-978.52,66.89,-0.79,-0.73,0.24,34.12
760,50024787,-270.51,-980.47,72.27,-0.91,-0.85,0.43,34.21
761,50028836,-271.48,-982.42,73.24,-0.67,-0.79,0.06,34.02
762,50032885,-270.02,-982.91,67.87,-0.85,-0.61,0.24,34.02
763,50036943,-267.58,-980.47,64.94,-0.85,-0.67,0.12,33.83
764,50040992,-270.51,-980.47,70.80,-0.61,-0.67,0.24,34.02
765,50046787,-271.48,-985.84,68.36,-0.49,-0.67,0.06,34.12
766,50050836,-271.00,-982.91,73.73,-0.85,-0.85,0.18,33.88
767,50054885,-268.55,-978.03,72.75,-0.85,-0.61,0.49,34.21
768,50058943,-270.51,-980.47,65.92,-0.98,-0.55,0.18,33.88
769,50062992,-271.00,-981.93,67.38,-0.91,-0.49,0.37,34.02
770,50068787,-272.46,-985.35,64.94,-0.98,-0.55,0.00,34.16
771,50072836,-274.90,-979.98,71.78,-0.67,-0.73,0.12,33.83
772,50076885,-268.55,-978.52,70.31,-0.79,-0.61,0.12,34.02
773,50080943,-270.51,-982.91,67.38,-0.98,-0.91,0.24,34.12
774,50084992,-275.88,-985.35,64.94,-0.85,-0.73,0.06,34.02
775,50090787,-268.55,-984.37,67.38,-0.85,-0.73,0.30,33.88
776,50094836,-271.97,-981.93,70.80,-0.73,-0.73,0.24,33.88
777,50098885,-268.55,-981.45,69.82,-0.85,-0.85,0.24,33.97
778,50102943,-270.02,-978.52,68.85,-0.79,-0.49,0.43,33.88
779,50106992,-266.11,-979.49,67.38,-0.55,-0.67,0.43,33.97
780,50112787,-270.02,-980.96,69.34,-0.61,-0.49,0.43,33.78
781,50116836,-271.00,-985.35,72.27,-0.91,-0.85,0.24,33.88
782,50120885,-269.53,-977.54,69.34,-0.79,-0.61,0.24,33.97
783,50124943,-267.09,-979.98,72.75,-0.79,-0.73,0.24,33.88
784,50128992,-270.02,-981.45,70.31,-0.73,-0.55,0.18,33.68
785,50134787,-266.60,-987.30,66.89,-0.79,-0.43,0.37,33.88
786,50138836,-269.04,-979.98,71.29,-0.67,-0.73,0.37,33.78
787,50142885,-271.97,-984.37,70.31,-0.55,-0.67,0.18,33.59
788,50146943,-270.02,-978.03,71.29,-0.85,-0.73,0.30,33.68
789,50150992,-267.58,-979.98,65.43,-0.91,-0.55,0.12,33.64
790,50156787,-264.16,-974.61,74.71,-0.67,-0.61,0.37,34.12
791,50160836,-269.04,-981.45,76.17,-0.98,-0.79,0.30,34.02
792,50164885,-269.53,-986.33,69.34,-0.79,-0.73,0.55,34.12
793,50168943,-271.97,-983.40,70.31,-0.91,-0.79,0.18,33.97
794,50172992,-270.51,-982.42,68.36,-0.73,-0.73,0.30,33.68
795,50178787,-269.53,-980.96,69.34,-0.61,-0.55,0.24,33.83
796,50182836,-272.46,-979.49,64.94,-0.91,-0.73,0.24,34.02
797,50186885,-267.09,-979.00,67.38,-0.79,-0.61,0.30,33.88
798,50190943,-271.00,-980.96,71.78,-0.67,-0.67,0.24,34.12
799,50196787,-272.95,-982.42,65.43,-0.79,-0.73,0.18,34.02
800,50200836,-273.44,-982.91,69.34,-0.85,-0.61,0.24,34.12
801,50204885,-267.09,-980.47,70.80,-0.91,-0.67,0.18,33.97
802,50208943,-271.97,-976.56,72.27,-0.91,-0.61,0.06,33.88
803,50212992,-265.62,-982.91,73.73,-0.85,-0.79,0.18,34.02
804,50218787,-266.60,-981.93,70.80,-0.79,-0.73,0.24,33.88
805,50222836,-270.02,-977.05,70.80,-0.61,-0.79,0.30,34.02
806,50226885,-271.00,-980.47,69.34,-0.91,-0.67,0.49,33.97
807,50230943,-266.60,-978.03,72.75,-0.49,-0.79,0.30,33.78
808,50234992,-267.58,-978.03,71.29,-0.79,-0.67,0.24,33.83
809,50240787,-268.55,-979.98,71.29,-1.10,-0.67,0.12,34.02
810,50244836,-272.95,-978.52,68.85,-0.67,-0.55,0.43,34.21
811,50248885,-271.00,-980.96,73.24,-0.67,-0.61,0.61,34.16
812,50252943,-267.58,-982.42,72.75,-0.43,-0.67,0.43,33.78
813,50256992,-270.51,-981.45,68.85,-0.91,-0.79,0.18,34.02
814,50262787,-272.46,-980.96,67.38,-0.98,-0.55,0.30,34.12
815,50266836,-268.07,-981.45,71.78,-0.73,-0.55,0.37,33.97
816,50270885,-271.00,-985.84,66.89,-0.85,-0.85,0.49,33.97
817,50274943,-272.95,-982.42,69.34,-0.73,-0.73,0.37,34.02
818,50278992,-268.07,-982.42,68.36,-0.85,-0.49,0.30,33.88
819,50284787,-270.51,-975.10,70.31,-0.85,-0.67,0.30,34.21
820,50288836,-268.55,-979.49,72.27,-0.73,-0.49,0.37,34.12
821,50292885,-271.00,-981.45,73.73,-0.79,-0.67,0.37,33.88
822,50296943,-272.95,-982.42,65.43,-1.04,-0.43,0.24,33.88
823,50300992,-269.53,-978.52,70.31,-0.85,-0.79,0.37,34.02
824,50306787,-274.41,-983.40,69.82,-0.91,-0.49,0.24,33.83
825,50310836,-270.51,-979.00,70.31,-0.98,-0.91,0.49,33.78
826,50314885,-271.97,-978.52,72.27,-0.98,-0.79,0.06,33.88
827,50318943,-273.44,-978.52,70.31,-0.79,-0.91,-0.06,34.21
828,50322992,-266.11,-981.45,73.24,-0.73,-0.79,0.12,34.12
829,50328787,-273.44,-981.45,68.36,-0.85,-0.67,0.18,33.78
830,50332836,-272.46,-980.47,69.82,-0.85,-0.91,0.24,33.83
831,50336885,-270.02,-976.56,67.87,-0.79,-0.73,0.37,34.21
832,50340943,-267.58,-980.96,74.22,-0.61,-0.55,0.37,34.12
833,50344992,-267.09,-979.98,69.34,-1.04,-0.98,0.18,33.88
834,50350787,-265.62,-978.52,70.80,-0.91,-0.79,0.24,33.68
835,50354836,-267.58,-982.91,66.41,-1.04,-0.67,0.30,33.83
836,50358885,-262.70,-978.52,65.92,-0.79,-0.73,0.12,34.12
837,50362943,-272.46,-980.96,68.85,-0.79,-0.49,0.37,34.21
838,50366992,-268.55,-981.93,67.38,-0.73,-0.73,0.30,33.88
839,50372787,-272.95,-982.91,71.29,-0.79,-0.73,0.55,33.78
840,50376836,-266.11,-983.40,70.80,-0.79,-0.73,0.18,33.78
841,50380885,-264.16,-978.52,67.87,-0.67,-0.79,-0.06,34.12
842,50384943,-266.60,-983.40,69.34,-1.10,-0.61,0.37,34.02
843,50388992,-271.00,-979.98,66.89,-0.79,-0.85,-0.06,33.83
844,50394787,-273.93,-981.93,67.38,-0.98,-0.73,0.06,33.97
845,50398836,-269.53,-980.47,67.87,-0.61,-0.61,0.18,33.97
846,50402885,-269.53,-981.93,65.43,-0.67,-0.49,0.24,34.21
847,50406943,-264.65,-980.96,73.73,-1.04,-0.91,0.55,33.83
848,50412787,-269.53,-977.54,70.31,-0.91,-0.61,0.18,34.12
849,50416836,-268.55,-982.91,67.87,-0.67,-0.55,0.49,34.12
850,50420885,-271.48,-979.49,69.82,-0.85,-0.73,0.24,34.02
851,50424943,-271.97,-979.49,71.78,-0.98,-0.55,0.24,34.02
852,50428992,-267.09,-981.45,69.34,-0.73,-0.67,0.24,34.12
853,50434787,-270.51,-979.98,67.87,-0.67,-0.49,0.24,34.02
854,50438836,-271.97,-981.45,73.73,-0.73,-0.85,0.12,33.88
855,50442885,-272.46,-982.91,68.85,-0.98,-0.79,0.06,34.31
856,50446943,-266.60,-982.91,68.85,-0.85,-0.61,0.24,33.83
857,50450992,-268.07,-976.56,68.36,-0.98,-0.79,0.37,34.12
858,50456787,-262.70,-982.42,71.29,-0.73,-0.79,0.37,33.83
859,50460836,-268.07,-979.49,68.36,-0.85,-0.73,-0.18,33.78
860,50464885,-270.51,-978.03,67.38,-0.73,-0.67,0.30,34.12
861,50468943,-270.02,-977.05,74.71,-0.79,-0.61,0.37,33.97
862,50472992,-270.51,-980.47,71.78,-0.61,-0.67,0.24,33.88
863,50478787,-270.51,-979.00,71.78,-1.10,-0.67,0.30,33.97
864,50482836,-269.53,-976.07,71.78,-0.85,-0.49,0.12,34.02
865,50486885,-269.53,-978.03,72.27,-0.73,-0.49,0.30,33.97
866,50490943,-271.48,-982.42,70.80,-0.79,-0.79,0.00,33.78
867,50494992,-270.02,-979.49,65.43,-0.79,-0.79,0.43,33.97
868,50500787,-268.07,-980.96,72.27,-0.98,-0.67,0.24,34.12
869,50504836,-269.53,-982.42,71.78,-0.73,-0.49,0.06,34.02
870,50508885,-266.60,-982.91,67.38,-0.79,-0.73,0.06,34.02
871,50512943,-272.46,-980.96,64.45,-0.91,-0.67,0.43,34.12
872,50516992,-268.55,-977.54,70.31,-0.67,-0.79,0.18,34.02
873,50522787,-267.09,-981.93,72.75,-0.85,-0.79,0.18,34.16
874,50526836,-272.46,-983.40,68.36,-0.79,-0.55,0.18,34.21
875,50530885,-266.11,-979.49,73.73,-0.73,-0.73,0.12,34.21
876,50534943,-271.97,-979.00,67.87,-0.91,-0.73,0.24,33.88
877,50538992,-270.51,-976.56,68.85,-0.85,-0.61,0.12,33.88
878,50544787,-273.93,-980.47,67.38,-0.79,-0.61,0.43,33.83
879,50548836,-267.58,-979.98,66.89,-0.79,-0.55,0.24,33.64
880,50552885,-268.55,-984.37,70.31,-0.91,-0.67,0.18,33.88
881,50556943,-269.04,-980.47,66.89,-0.49,-0.55,0.00,34.02
882,50560992,-266.11,-980.47,65.92,-0.73,-0.67,0.61,34.02
883,50566787,-271.00,-982.42,65.43,-0.73,-0.49,0.55,33.78
884,50570836,-268.07,-987.30,69.34,-0.85,-0.73,0.30,33.88
885,50574885,-275.88,-982.91,69.82,-0.55,-0.79,0.43,33.83
886,50578943,-270.02,-978.03,68.36,-0.61,-0.85,0.49,33.83
887,50582992,-271.48,-984.37,69.82,-0.73,-0.73,0.24,33.88
888,50588787,-271.97,-979.98,69.82,-0.79,-0.67,0.18,33.68
889,50592836,-269.53,-982.42,67.87,-0.85,-0.79,0.37,33.88
890,50596885,-271.97,-979.98,71.78,-0.67,-0.79,0.43,34.02
891,50600943,-271.97,-982.91,72.27,-0.91,-0.43,0.49,34.21
892,50604992,-273.44,-981.45,68.85,-0.73,-0.67,-0.06,33.68
893,50610787,-270.02,-980.96,73.24,-0.85,-0.73,0.24,33.88
894,50614836,-270.02,-977.05,72.27,-0.61,-0.61,0.37,34.02
895,50618885,-269.53,-982.91,69.82,-0.79,-0.67,0.24,34.02
896,50622943,-267.09,-978.52,69.82,-0.61,-0.79,0.12,34.02
897,50626992,-269.04,-979.49,69.34,-0.79,-0.98,0.24,33.83
898,50632787,-263.67,-976.07,72.27,-0.85,-0.79,0.30,34.02
899,50636836,-272.46,-977.54,71.78,-0.85,-0.73,0.30,33.97
900,50640885,-267.58,-979.98,67.38,-0.85,-0.73,0.24,34.21
901,50644943,-271.00,-981.93,74.22,-0.91,-0.61,0.24,33.88
902,50650787,-269.04,-984.86,74.22,-0.85,-0.61,0.18,33.83
903,50654836,-269.53,-984.37,69.82,-0.91,-0.67,0.37,33.97
904,50658885,-269.04,-975.10,71.78,-0.73,-0.49,0.37,34.21
905,50662943,-272.95,-979.49,69.82,-0.85,-0.73,0.55,33.88
906,50666992,-268.55,-978.52,74.22,-0.79,-0.61,0.43,34.02
907,50672787,-266.60,-981.45,70.31,-0.85,-0.61,0.12,34.02
908,50676836,-272.95,-981.45,64.45,-0.91,-0.67,0.30,33.97
909,50680885,-269.53,-985.35,71.29,-0.67,-0.73,0.24,34.02
910,50684943,-268.07,-981.93,71.29,-0.73,-0.67,0.18,33.68
911,50688992,-268.55,-979.98,71.29,-0.85,-0.73,0.24,34.02
912,50694787,-272.46,-982.91,69.82,-0.85,-0.85,0.30,33.88
913,50698836,-263.67,-980.47,72.75,-0.79,-0.49,0.49,34.02
914,50702885,-275.39,-980.96,73.73,-0.67,-0.79,0.30,33.97
915,50706943,-268.07,-982.91,67.87,-0.67,-0.43,0.30,33.78
916,50710992,-270.51,-984.86,70.80,-0.85,-0.61,0.61,33.88
917,50716787,-269.04,-981.93,71.78,-0.67,-0.85,0.43,34.12
918,50720836,-271.97,-974.61,66.89,-0.73,-0.79,0.55,33.97
919,50724885,-274.41,-980.47,69.82,-0.79,-0.73,0.30,33.83
920,50728943,-268.07,-978.03,71.29,-0.61,-0.37,0.43,33.78
921,50732992,-267.58,-981.93,71.78,-0.85,-0.73,0.49,33.97
922,50738787,-271.48,-984.37,70.80,-0.79,-0.61,0.12,34.12
923,50742836,-268.55,-980.47,75.20,-0.79,-0.61,0.24,34.12
924,50746885,-267.09,-983.89,72.75,-0.67,-0.79,0.43,33.97
925,50750943,-271.00,-984.37,68.36,-0.73,-0.37,0.30,33.78
926,50754992,-275.39,-978.03,66.41,-0.73,-0.67,0.06,34.02
927,50760787,-268.55,-979.49,71.78,-0.67,-0.73,0.43,34.02
928,50764836,-267.09,-983.89,71.78,-0.55,-0.61,0.18,33.78
929,50768885,-270.51,-985.35,69.34,-0.67,-0.85,0.24,34.12
930,50772943,-275.39,-981.45,70.31,-0.61,-0.73,0.43,34.02
931,50776992,-264.65,-975.59,67.38,-0.73,-0.79,0.37,33.97
932,50782787,-269.53,-980.96,71.29,-0.67,-0.79,0.18,33.83
933,50786836,-270.02,-981.93,67.38,-0.73,-0.79,0.43,33.78
934,50790885,-269.04,-983.89,68.85,-0.79,-0.67,0.24,33.97
935,50794943,-269.53,-978.52,70.31,-0.91,-0.73,0.24,34.16
936,50798992,-269.04,-983.40,70.31,-0.61,-0.55,0.49,33.97
937,50804787,-271.48,-978.03,67.38,-1.04,-0.61,0.30,33.88
938,50808836,-271.97,-981.45,71.78,-0.55,-0.79,0.24,33.78
939,50812885,-271.97,-982.42,69.82,-1.10,-0.43,0.12,34.02
940,50816943,-273.93,-982.42,70.80,-0.67,-0.79,0.18,33.68
941,50820992,-267.58,-982.91,72.27,-0.91,-0.73,0.30,33.49
942,50826787,-268.55,-982.42,69.34,-0.73,-0.67,0.30,33.88
943,50830836,-271.00,-982.91,70.31,-0.55,-0.79,0.49,33.88
944,50834885,-270.51,-974.61,70.31,-0.85,-0.67,0.18,33.78
945,50838943,-273.93,-979.49,66.41,-0.91,-0.73,0.24,34.21
946,50842992,-270.51,-979.98,70.80,-0.79,-0.79,0.24,33.68
947,50848787,-268.55,-979.98,71.29,-0.91,-0.67,0.12,34.02
948,50852836,-269.04,-979.98,73.73,-0.79,-0.73,0.30,33.83
949,50856885,-268.07,-980.47,70.31,-0.55,-0.61,0.24,33.78
950,50860943,-276.37,-981.93,69.82,-0.61,-0.49,0.37,34.02
951,50866787,-271.48,-980.96,74.22,-0.85,-0.79,0.49,33.97
952,50870836,-271.48,-980.96,70.31,-0.91,-0.73,0.55,34.21
953,50874885,-268.55,-978.52,68.85,-0.73,-0.67,0.43,33.68
954,50878943,-273.44,-978.52,66.41,-0.79,-0.73,0.06,34.16
955,50882992,-267.09,-979.00,68.85,-0.79,-0.73,0.18,34.12
956,50888787,-272.95,-978.52,71.78,-0.61,-0.79,0.12,34.16
957,50892836,-273.44,-980.47,67.38,-0.85,-0.85,0.37,33.88
958,50896885,-271.97,-984.37,71.78,-0.91,-0.73,0.30,33.88
959,50900943,-272.95,-981.93,70.80,-0.85,-0.79,0.43,33.68
960,50904992,-269.53,-979.98,70.31,-0.79,-0.49,0.43,34.21
961,50910787,-268.55,-979.49,65.92,-0.79,-0.67,0.37,34.02
962,50914836,-270.02,-982.42,65.92,-0.85,-0.73,-0.06,34.12
963,50918885,-272.95,-983.40,72.75,-0.61,-0.55,0.06,34.16
964,50922943,-269.53,-979.49,68.85,-0.91,-0.61,0.30,33.68
965,50926992,-266.60,-977.05,74.71,-0.73,-0.67,0.18,34.02
966,50932787,-271.97,-978.52,70.80,-0.91,-0.73,-0.12,34.16
967,50936836,-268.55,-981.45,73.24,-0.79,-0.79,0.06,33.88
968,50940885,-269.04,-976.56,71.29,-0.85,-0.43,0.24,34.21
969,50944943,-272.95,-980.47,69.34,-0.61,-0.79,0.24,33.78
970,50948992,-270.51,-977.54,69.82,-0.98,-0.79,0.12,34.02
971,50954787,-270.51,-978.52,72.27,-0.91,-0.55,0.00,34.21
972,50958836,-266.60,-976.56,69.82,-0.79,-0.79,0.24,33.97
973,50962885,-271.97,-981.45,69.34,-0.49,-0.67,0.37,33.83
974,50966943,-268.55,-986.82,69.82,-0.91,-0.85,0.06,34.12
975,50970992,-268.55,-982.42,67.87,-0.79,-0.85,0.12,34.02
976,50976787,-273.93,-982.42,70.31,-0.73,-0.67,0.61,33.97
977,50980836,-272.95,-980.96,69.82,-0.73,-0.91,0.24,34.12
978,50984885,-271.48,-979.00,68.85,-0.79,-0.91,0.37,34.02
979,50988943,-264.65,-979.49,70.80,-0.73,-0.79,0.30,34.02
980,50992992,-268.55,-983.40,71.78,-0.67,-0.73,0.37,33.97
981,50998787,-278.32,-983.40,64.94,-0.98,-0.67,0.37,33.68
982,51002836,-269.04,-979.49,71.29,-0.61,-0.73,0.30,33.68
983,51006885,-266.11,-982.42,71.29,-0.85,-0.79,0.24,34.02
984,51010943,-270.51,-979.49,76.66,-0.91,-0.85,0.49,34.16
985,51014992,-271.97,-981.45,70.31,-0.91,-0.73,0.30,33.88
986,51020787,-266.60,-984.86,65.43,-0.79,-0.79,0.37,33.78
987,51024836,-270.02,-980.96,66.89,-0.79,-0.73,0.30,33.78
988,51028885,-271.00,-982.42,72.27,-0.79,-0.67,0.37,34.02
989,51032943,-270.02,-981.45,69.82,-0.85,-0.79,0.37,33.88
990,51036992,-270.02,-980.47,70.80,-0.91,-0.67,0.49,33.83
991,51042787,-272.46,-981.45,74.22,-0.98,-0.73,0.37,33.49
992,51046836,-269.04,-978.03,67.87,-0.98,-0.67,0.12,34.02
993,51050885,-274.41,-980.47,68.85,-0.85,-0.85,0.18,33.88
994,51054943,-271.00,-979.98,66.89,-0.85,-0.91,0.06,33.97
995,51058992,-267.58,-979.49,69.34,-0.85,-0.55,0.37,33.88
996,51064787,-269.04,-984.86,64.94,-0.61,-0.61,0.24,33.83
997,51068836,-268.55,-979.00,70.31,-0.79,-0.91,0.12,34.12
998,51072885,-268.07,-984.86,72.27,-0.67,-0.67,0.30,34.12
999,51076943,-272.95,-982.42,73.24,-0.79,-0.61,0.30,34.12
1000,51082787,-270.51,-984.86,70.80,-0.79,-0.85,0.55,33.83
1001,51086836,-271.48,-977.54,69.82,-0.61,-0.91,0.49,34.02
1002,51090885,-271.00,-981.45,70.31,-0.49,-0.79,0.55,34.02
1003,51094943,-273.93,-983.40,71.29,-0.91,-0.73,0.49,34.12
1004,51098992,-270.51,-979.98,73.24,-0.73,-0.79,-0.06,34.12
1005,51103042,-269.04,-979.49,71.29,-0.85,-0.49,0.18,33.97
1006,51108787,-273.44,-980.96,68.85,-0.55,-0.73,0.24,33.83
1007,51112836,-268.07,-979.49,67.38,-0.79,-0.79,0.24,34.02
1008,51116885,-270.51,-977.54,67.87,-0.79,-0.61,0.49,33.97
1009,51120943,-270.02,-979.98,70.31,-0.55,-0.61,0.18,34.12
1010,51126787,-268.55,-981.45,71.78,-0.91,-0.79,0.30,34.02
1011,51130836,-272.46,-981.93,67.87,-0.85,-0.55,0.18,33.88
1012,51134885,-268.07,-981.45,68.36,-0.85,-0.79,0.06,34.21
1013,51138943,-272.46,-980.96,69.82,-0.79,-0.73,0.18,34.02
1014,51142992,-269.04,-982.42,68.85,-1.04,-0.61,0.12,33.88
1015,51148787,-269.04,-985.35,68.85,-0.73,-0.49,0.37,34.02
1016,51152836,-269.04,-979.49,71.78,-0.55,-0.79,0.37,33.97
1017,51156885,-268.07,-976.56,71.78,-0.91,-0.79,0.37,34.02
1018,51160943,-271.48,-982.91,71.78,-0.85,-0.73,0.30,33.68
1019,51164992,-271.48,-978.03,67.38,-0.85,-0.73,0.24,33.83
1020,51170787,-269.53,-979.98,63.48,-0.79,-0.67,0.37,33.97
1021,51174836,-274.90,-980.47,71.78,-0.67,-0.61,0.37,34.16
1022,51178885,-271.97,-983.40,71.78,-0.91,-0.73,0.30,33.88
1023,51182943,-269.53,-980.96,66.89,-0.98,-0.55,0.12,33.68
1024,51186992,-272.46,-981.93,68.36,-0.91,-0.79,0.24,34.02
1025,51192787,-267.58,-979.49,64.45,-0.85,-0.79,0.18,33.88
1026,51196836,-268.55,-978.52,71.78,-0.55,-0.61,0.00,33.88
1027,51200885,-274.41,-977.05,69.82,-0.79,-0.55,0.18,33.88
1028,51204943,-272.95,-981.93,68.36,-0.91,-0.67,0.12,34.21
1029,51208992,-270.02,-980.47,69.82,-1.04,-0.67,0.30,33.97
1030,51214787,-274.90,-980.96,66.41,-0.85,-0.91,0.37,33.97
1031,51218836,-275.39,-977.54,69.82,-0.85,-0.79,0.18,33.88
1032,51222885,-270.51,-978.03,69.82,-0.91,-0.61,0.18,34.02
1033,51226943,-267.58,-981.45,69.82,-0.73,-0.85,0.00,34.02
1034,51230992,-270.02,-981.93,67.87,-0.98,-0.43,0.12,34.02
1035,51236787,-265.14,-983.40,66.89,-0.67,-0.67,0.24,33.78
1036,51240836,-273.44,-979.49,69.82,-0.91,-0.73,0.24,33.88
1037,51244885,-268.07,-980.47,66.89,-0.61,-0.67,0.30,34.16
1038,51248943,-273.44,-980.47,67.38,-0.91,-0.73,0.00,34.02
1039,51252992,-271.48,-978.03,63.96,-0.85,-0.79,0.30,33.64
1040,51258787,-272.46,-974.61,67.87,-0.85,-0.43,0.00,33.68
1041,51262836,-268.07,-980.47,69.34,-0.98,-0.79,0.00,33.68
1042,51266885,-271.00,-982.91,67.38,-0.98,-0.79,0.00,33.97
1043,51270943,-268.55,-979.00,69.82,-0.61,-0.79,0.00,33.97
1044,51274992,-269.53,-981.93,69.82,-0.85,-0.73,0.24,33.78
1045,51280787,-270.02,-979.98,71.29,-0.55,-0.67,0.37,33.88
1046,51284836,-271.00,-979.00,67.38,-0.85,-0.73,0.37,34.12
1047,51288885,-273.93,-981.45,68.85,-0.73,-0.49,0.49,34.02
1048,51292943,-272.95,-981.45,71.29,-0.79,-0.67,0.49,33.78
1049,51296992,-266.60,-983.89,67.38,-1.04,-0.61,0.00,33.88
1050,51302787,-268.55,-977.54,71.78,-0.98,-0.85,0.18,33.88
1051,51306836,-271.00,-981.45,69.34,-0.91,-0.67,0.00,33.88
1052,51310885,-272.46,-983.40,72.75,-0.61,-0.85,0.00,33.97
1053,51314943,-272.46,-984.86,69.82,-0.98,-0.37,0.30,33.88
1054,51320787,-270.51,-975.59,66.89,-1.04,-0.73,0.18,33.88
1055,51324836,-269.04,-979.49,76.17,-0.85,-0.55,0.37,33.88
1056,51328885,-274.90,-980.47,69.34,-0.67,-0.67,0.49,33.88
1057,51332943,-268.07,-976.56,71.29,-0.91,-0.79,0.30,33.97
1058,51336992,-272.95,-976.07,70.80,-0.85,-0.73,0.24,34.02
1059,51342787,-270.51,-979.00,72.27,-0.85,-0.61,0.18,34.02
1060,51346836,-271.97,-980.47,72.27,-0.73,-0.85,0.00,33.83
1061,51350885,-273.44,-984.86,68.85,-0.79,-0.61,0.30,34.02
1062,51354943,-273.44,-980.47,70.31,-0.55,-0.49,0.37,33.88
1063,51358992,-267.58,-980.47,69.34,-0.91,-0.85,0.61,34.02
1064,51364787,-272.46,-978.52,66.89,-0.73,-0.49,0.30,33.88
1065,51368836,-271.48,-982.42,67.87,-0.79,-0.49,0.43,34.02
1066,51372885,-271.00,-983.40,68.85,-0.91,-0.67,0.06,34.02
1067,51376943,-267.58,-979.00,67.38,-0.67,-0.67,0.18,33.83
1068,51380992,-268.07,-979.98,71.78,-0.91,-0.73,0.37,34.12
1069,51386787,-271.48,-979.98,70.31,-0.85,-0.61,0.67,34.02
1070,51390836,-271.48,-980.96,68.36,-0.91,-0.67,0.37,33.88
1071,51394885,-272.46,-986.33,69.82,-0.67,-0.55,0.18,33.83
1072,51398943,-274.41,-982.42,67.87,-0.79,-0.85,0.18,33.88
1073,51402992,-271.00,-979.49,64.45,-0.98,-0.37,0.43,34.02
1074,51408787,-270.51,-981.45,69.82,-0.73,-0.49,-0.06,34.12
1075,51412836,-270.51,-983.40,69.82,-0.91,-0.79,-0.06,34.02
1076,51416885,-273.44,-980.47,66.89,-0.91,-0.79,0.24,34.12
1077,51420943,-271.00,-977.05,67.87,-0.85,-0.91,0.24,34.02
1078,51424992,-271.48,-977.05,65.92,-0.85,-0.61,0.24,33.97
1079,51430787,-271.97,-982.91,68.36,-0.67,-0.79,0.24,33.88
1080,51434836,-270.02,-979.00,70.31,-0.67,-0.85,0.73,33.88
1081,51438885,-267.09,-980.47,66.89,-0.61,-0.43,0.67,34.21
1082,51442943,-272.46,-983.40,68.36,-0.73,-0.49,0.30,34.16
1083,51446992,-272.46,-980.96,71.29,-0.91,-0.73,0.55,33.68
1084,51452787,-268.55,-980.47,68.85,-0.79,-0.73,0.37,33.88
1085,51456836,-270.02,-981.93,69.82,-0.43,-0.61,0.12,33.78
1086,51460885,-271.48,-981.45,70.80,-0.73,-0.55,0.37,33.97
1087,51464943,-271.97,-986.82,68.36,-0.85,-0.85,0.24,34.12
1088,51468992,-267.58,-983.40,71.78,-0.73,-0.91,0.37,33.83
1089,51474787,-268.07,-979.49,70.80,-0.79,-0.79,0.49,33.59
1090,51478836,-267.58,-978.52,68.85,-0.55,-0.61,0.18,33.88
1091,51482885,-269.04,-984.37,70.80,-0.73,-0.61,0.12,33.78
1092,51486943,-271.97,-978.52,67.87,-0.91,-0.67,0.43,34.02
1093,51490992,-271.00,-983.89,66.41,-0.67,-0.91,0.55,33.88
1094,51496787,-267.09,-980.96,69.34,-0.73,-0.67,0.06,33.78
1095,51500836,-271.48,-981.45,66.89,-0.79,-0.91,0.24,34.31
1096,51504885,-274.41,-980.47,71.29,-0.67,-0.67,0.18,34.12
1097,51508943,-271.48,-981.93,68.85,-0.73,-0.85,-0.06,34.31
1098,51512992,-272.95,-978.52,70.31,-0.85,-0.73,0.06,33.88
1099,51518787,-269.53,-982.42,72.27,-0.79,-0.98,0.06,34.21
1100,51522836,-268.07,-979.98,71.78,-0.91,-0.67,0.18,33.97
1101,51526885,-269.04,-984.86,69.82,-0.91,-0.49,0.18,33.88
1102,51530943,-268.55,-979.98,69.34,-0.85,-0.79,0.24,34.02
1103,51536787,-274.41,-982.91,72.75,-0.67,-0.55,0.18,34.02
1104,51540836,-274.41,-982.91,67.38,-0.98,-0.73,0.06,33.68
1105,51544885,-271.97,-985.35,64.45,-0.61,-0.79,0.18,33.97
1106,51548943,-270.51,-984.37,65.92,-0.61,-0.55,0.43,34.02
1107,51552992,-267.58,-980.47,70.80,-0.67,-0.55,0.30,34.12
1108,51558787,-269.53,-982.42,68.36,-1.04,-0.91,0.24,34.02
1109,51562836,-272.46,-980.47,70.80,-0.67,-0.67,0.18,34.02
1110,51566885,-270.02,-982.42,65.43,-0.67,-0.79,-0.06,34.16
1111,51570943,-269.53,-979.00,69.34,-0.85,-0.67,0.12,34.21
1112,51574992,-269.04,-978.03,68.36,-0.61,-0.79,0.37,34.21
1113,51580787,-269.53,-979.98,68.36,-0.91,-0.67,0.24,34.31
1114,51584836,-270.02,-981.45,70.31,-0.79,-0.73,0.37,34.21
1115,51588885,-273.93,-982.42,68.36,-0.91,-0.79,0.24,33.97
1116,51592943,-268.07,-983.89,69.34,-0.67,-0.67,0.37,33.83
1117,51596992,-271.48,-980.96,73.73,-0.61,-0.85,0.00,34.02
1118,51602787,-266.60,-980.47,68.85,-0.98,-0.79,0.00,34.12
1119,51606836,-269.04,-979.98,71.78,-0.79,-0.91,0.06,33.88
1120,51610885,-274.90,-980.47,72.27,-0.91,-0.61,0.24,34.16
1121,51614943,-272.95,-978.03,66.41,-0.91,-0.73,0.12,33.97
1122,51618992,-265.14,-979.00,65.92,-0.98,-0.91,0.30,34.12
1123,51624787,-271.48,-982.42,73.73,-0.61,-0.67,0.43,34.02
1124,51628836,-269.53,-981.93,70.31,-0.79,-0.55,0.55,34.02
1125,51632885,-269.53,-979.00,66.41,-0.85,-0.79,0.24,33.88
1126,51636943,-266.11,-980.96,67.87,-0.61,-0.73,0.30,33.88
1127,51640992,-271.97,-978.03,66.89,-0.79,-0.49,0.37,34.12
1128,51646787,-270.02,-983.40,71.78,-0.67,-0.61,0.30,34.12
1129,51650836,-267.09,-981.93,71.29,-0.67,-0.79,0.12,34.12
1130,51654885,-270.51,-979.49,75.68,-0.73,-0.85,0.49,33.97
1131,51658943,-273.44,-981.93,70.31,-0.79,-0.91,0.30,33.97
1132,51662992,-271.48,-980.96,71.78,-0.79,-0.79,0.24,34.02
1133,51668787,-270.02,-979.49,71.29,-0.73,-0.79,0.24,33.78
1134,51672836,-268.55,-981.93,76.17,-0.67,-0.67,0.30,33.68
1135,51676885,-272.46,-979.49,70.80,-0.73,-0.49,0.30,34.02
1136,51680943,-271.97,-980.96,73.73,-0.91,-0.73,0.24,33.97
1137,51684992,-274.41,-979.49,70.31,-0.67,-0.91,0.37,34.12
1138,51690787,-272.46,-979.49,72.75,-0.91,-0.85,0.18,33.78
1139,51694836,-266.60,-980.96,70.31,-0.91,-0.73,0.24,33.59
1140,51698885,-266.11,-979.00,72.27,-0.85,-0.73,0.18,34.21
1141,51702943,-271.97,-982.91,71.78,-0.49,-0.73,0.43,33.88
1142,51706992,-270.51,-978.52,67.87,-0.73,-0.73,0.43,33.68
1143,51712787,-268.55,-982.42,73.24,-0.91,-0.85,0.12,33.88
1144,51716836,-270.51,-984.37,68.36,-0.61,-0.73,0.37,33.83
1145,51720885,-271.97,-983.40,71.29,-0.73,-0.49,0.37,34.12
1146,51724943,-273.93,-981.93,68.36,-0.98,-0.67,0.30,33.88
1147,51728992,-270.02,-978.03,71.29,-0.55,-0.55,0.24,33.88
1148,51734787,-269.53,-981.93,67.87,-0.61,-0.79,0.30,33.88
1149,51738836,-271.97,-980.96,73.24,-0.98,-0.73,0.18,34.12
1150,51742885,-268.07,-982.42,70.31,-0.98,-0.49,0.06,33.83
1151,51746943,-269.53,-980.47,70.80,-0.79,-0.55,0.12,34.02
1152,51750992,-272.46,-984.86,70.31,-0.79,-0.49,0.37,33.68
1153,51756787,-270.02,-982.91,65.92,-0.85,-0.61,0.24,33.78
1154,51760836,-271.00,-980.96,70.31,-0.91,-0.79,0.49,34.02
1155,51764885,-269.04,-979.00,70.31,-0.73,-0.85,0.43,34.02
1156,51768943,-267.09,-978.03,70.80,-0.85,-0.55,0.37,34.02
1157,51774787,-272.95,-976.56,68.85,-0.61,-0.37,0.24,33.97
1158,51778836,-267.09,-983.40,65.92,-0.73,-0.91,0.24,34.02
1159,51782885,-268.07,-982.42,68.85,-0.91,-0.73,0.30,33.83
1160,51786943,-271.48,-976.56,73.24,-0.79,-0.79,0.30,33.68
1161,51790992,-271.48,-983.40,73.24,-0.79,-0.91,0.49,34.12
1162,51796787,-271.00,-982.42,69.34,-0.61,-0.55,0.24,34.12
1163,51800836,-268.07,-982.91,75.68,-0.67,-0.79,0.55,34.02
1164,51804885,-273.93,-982.91,70.31,-0.55,-0.61,0.30,34.12
1165,51808943,-272.95,-982.91,68.36,-0.91,-0.79,0.18,33.68
1166,51812992,-269.53,-981.93,73.73,-0.79,-0.79,0.18,34.12
1167,51818787,-271.48,-983.89,68.36,-0.73,-0.61,0.24,33.78
1168,51822836,-271.97,-985.84,70.31,-0.67,-0.55,0.30,34.02
1169,51826885,-272.95,-981.45,70.31,-0.98,-0.67,0.24,33.83
1170,51830943,-269.53,-978.52,70.80,-0.73,-0.49,0.12,33.88
1171,51834992,-269.53,-980.96,70.31,-0.85,-0.73,0.24,34.36
1172,51840787,-273.44,-982.42,75.68,-0.73,-0.49,0.12,34.02
1173,51844836,-271.97,-981.93,68.36,-0.98,-0.67,0.12,34.02
1174,51848885,-268.55,-980.47,66.89,-0.79,-0.67,0.06,34.02
1175,51852943,-266.11,-978.52,68.36,-0.61,-0.67,0.18,33.88
1176,51856992,-269.04,-983.40,66.89,-0.91,-0.85,0.18,34.02
1177,51862787,-267.09,-982.42,70.80,-0.73,-0.61,0.37,34.02
1178,51866836,-271.48,-982.42,64.94,-0.73,-0.73,0.30,33.88
1179,51870885,-269.53,-980.47,69.34,-0.55,-0.79,0.43,34.12
1180,51874943,-270.02,-982.91,67.38,-0.79,-0.67,0.24,33.88
1181,51878992,-270.51,-981.93,69.34,-0.61,-0.85,-0.06,34.16
1182,51884787,-268.07,-981.93,70.80,-0.85,-0.61,0.24,34.12
1183,51888836,-270.51,-979.00,71.29,-0.98,-0.55,0.24,33.83
1184,51892885,-269.04,-977.05,68.85,-0.91,-0.67,0.06,33.88
1185,51896943,-269.53,-983.89,69.34,-0.79,-0.73,0.37,33.83
1186,51900992,-269.53,-980.96,68.36,-0.85,-0.79,0.43,33.88
1187,51906787,-264.16,-982.42,69.34,-0.85,-0.73,0.37,33.68
1188,51910836,-270.51,-979.00,69.82,-0.79,-0.73,0.24,33.68
1189,51914885,-269.04,-982.91,67.87,-0.73,-0.67,0.30,33.88
1190,51918943,-268.55,-982.42,67.38,-0.91,-0.85,0.49,33.97
1191,51922992,-268.07,-979.00,70.80,-0.85,-0.79,0.24,33.68
1192,51928787,-275.88,-983.89,66.89,-1.04,-0.37,0.24,33.68
1193,51932836,-273.93,-974.61,71.78,-0.79,-0.91,0.30,33.64
1194,51936885,-267.09,-980.47,66.89,-0.79,-0.67,0.37,34.16
1195,51940943,-278.32,-984.86,72.27,-0.98,-0.85,-0.12,33.83
1196,51944992,-272.46,-980.47,70.80,-0.79,-0.61,0.12,33.88
1197,51950787,-269.04,-977.54,65.92,-0.73,-0.61,0.06,34.12
1198,51954836,-271.48,-983.89,69.34,-0.49,-0.49,0.24,33.88
1199,51958885,-271.00,-984.86,69.82,-0.61,-0.67,0.12,34.02
1200,51962943,-272.95,-977.54,69.82,-0.67,-0.61,0.30,33.97
1201,51966992,-270.02,-979.49,72.75,-0.67,-0.98,0.49,33.88
1202,51972787,-270.02,-981.45,71.29,-0.98,-0.98,0.55,33.83
1203,51976836,-271.48,-979.49,69.34,-0.91,-0.67,0.18,33.88
1204,51980885,-269.04,-980.47,70.31,-0.91,-0.73,0.12,34.02
1205,51984943,-269.53,-976.07,69.82,-0.67,-0.79,0.43,34.21
1206,51990787,-269.04,-981.45,67.87,-0.67,-0.85,0.24,34.16
1207,51994836,-272.46,-981.45,71.29,-0.79,-0.91,0.12,33.88
1208,51998885,-266.11,-977.54,66.41,-0.79,-0.67,0.30,34.12
1209,52002943,-270.02,-978.03,67.38,-0.85,-0.79,0.30,33.97
1210,52006992,-271.48,-979.00,71.29,-0.73,-0.73,0.30,33.97
1211,52012787,-271.97,-975.59,69.82,-0.98,-0.61,0.37,33.97
1212,52016836,-271.97,-977.54,68.36,-0.67,-0.61,0.30,34.02
1213,52020885,-269.53,-980.47,70.80,-0.85,-0.67,0.30,34.12
1214,52024943,-266.11,-982.42,67.38,-0.61,-0.55,0.30,33.83
1215,52028992,-276.37,-980.47,69.34,-0.67,-0.61,0.43,33.83
1216,52034787,-271.97,-981.45,70.80,-0.79,-0.67,0.06,34.02
1217,52038836,-271.00,-979.98,67.38,-0.79,-0.49,0.43,34.12
1218,52042885,-273.93,-978.52,68.85,-0.79,-0.67,0.12,34.12
1219,52046943,-267.58,-979.00,70.31,-0.67,-0.73,0.24,33.78
1220,52050992,-270.51,-978.52,70.80,-0.73,-0.61,0.18,34.31
1221,52056787,-270.02,-982.42,65.92,-1.04,-0.67,0.12,34.21
1222,52060836,-268.07,-979.00,69.34,-0.85,-0.55,0.43,34.12
1223,52064885,-266.60,-981.45,66.89,-0.61,-0.79,0.61,34.21
1224,52068943,-267.09,-981.45,70.31,-0.73,-0.79,0.55,33.64
1225,52072992,-269.04,-979.98,71.78,-0.85,-0.73,0.55,33.88
1226,52078787,-262.70,-978.52,71.78,-0.55,-0.73,0.49,34.02
1227,52082836,-267.09,-977.05,67.87,-0.85,-0.79,0.30,33.83
1228,52086885,-272.46,-979.98,74.22,-0.61,-0.67,0.06,34.02
1229,52090943,-267.58,-981.45,68.36,-0.91,-0.79,0.06,33.83
1230,52094992,-271.48,-980.96,71.78,-0.67,-0.67,0.12,34.02
1231,52100787,-265.62,-980.96,71.78,-0.91,-0.79,0.06,34.12
1232,52104836,-268.07,-979.98,70.31,-0.55,-0.49,0.06,33.68
1233,52108885,-268.55,-980.96,71.29,-0.73,-0.49,0.24,34.12
1234,52112943,-270.51,-979.49,67.38,-0.73,-0.61,0.67,34.21
1235,52116992,-271.00,-981.45,68.36,-0.67,-0.61,0.61,34.02
1236,52122787,-268.55,-982.91,72.75,-0.73,-0.79,0.49,33.83
1237,52126836,-268.55,-980.47,72.27,-1.22,-0.55,0.18,33.83
1238,52130885,-270.51,-978.52,69.82,-0.91,-0.55,0.49,33.78
1239,52134943,-271.00,-976.07,72.75,-0.67,-0.49,0.24,34.12
1240,52138992,-271.48,-979.49,68.85,-0.98,-0.30,0.06,33.97
1241,52144787,-269.04,-977.54,71.29,-0.67,-0.61,-0.06,34.02
1242,52148836,-270.02,-978.03,63.96,-0.98,-0.55,0.49,33.88
1243,52152885,-273.93,-978.52,70.80,-0.73,-0.67,0.18,33.97
1244,52156943,-270.02,-982.42,72.75,-0.73,-0.49,0.24,33.88
1245,52160992,-276.37,-977.54,67.87,-0.85,-0.55,0.18,33.83
1246,52166787,-268.55,-982.91,72.27,-0.79,-0.67,0.30,33.88
1247,52170836,-271.00,-981.93,69.82,-0.73,-0.61,0.06,34.12
1248,52174885,-270.02,-982.91,70.80,-0.73,-0.73,0.12,34.12
1249,52178943,-271.48,-979.00,67.87,-0.85,-0.61,0.30,33.88
1250,52182992,-269.04,-975.59,69.34,-0.73,-0.73,0.24,33.64
1251,52188787,-272.46,-979.00,68.85,-0.79,-0.73,0.12,33.83
1252,52192836,-272.95,-986.33,71.29,-0.73,-0.67,0.37,34.21
1253,52196885,-266.11,-984.37,70.31,-0.73,-0.67,0.43,33.88
1254,52200943,-271.97,-981.93,68.36,-0.85,-0.85,0.24,34.12
1255,52206787,-271.00,-982.91,71.78,-0.91,-0.55,0.00,33.88
1256,52210836,-265.62,-979.49,68.36,-1.04,-0.85,0.06,34.02
1257,52214885,-266.60,-980.47,72.75,-0.85,-0.55,-0.18,34.02
1258,52218943,-269.53,-976.56,68.85,-1.10,-0.79,-0.12,34.12
1259,52222992,-266.60,-980.47,72.27,-0.73,-0.61,0.12,34.16
1260,52227042,-270.51,-979.98,64.94,-0.67,-0.85,0.18,33.68
1261,52232787,-269.04,-980.47,75.20,-0.73,-0.61,0.43,34.02
1262,52236836,-272.46,-979.00,74.22,-0.91,-0.61,0.18,33.78
1263,52240885,-270.51,-981.93,72.75,-0.79,-0.79,0.24,33.83
1264,52244943,-271.00,-978.03,71.78,-0.91,-0.79,0.24,34.12
1265,52250787,-270.02,-981.45,69.82,-0.55,-0.79,0.43,33.88
1266,52254836,-271.48,-982.42,70.31,-0.73,-0.79,0.43,34.02
1267,52258885,-272.95,-983.40,68.85,-0.73,-0.79,0.37,34.02
1268,52262943,-272.46,-980.96,70.31,-0.91,-0.55,0.12,33.68
1269,52266992,-272.95,-981.45,71.29,-0.91,-0.61,-0.06,33.97
1270,52272787,-266.11,-983.40,71.78,-0.79,-0.67,0.00,33.97
1271,52276836,-271.00,-978.03,71.29,-0.67,-0.73,0.12,33.88
1272,52280885,-273.93,-979.49,72.75,-0.79,-0.55,0.79,33.64
1273,52284943,-269.53,-981.93,74.71,-0.61,-0.67,0.67,33.78
1274,52288992,-267.58,-980.96,71.78,-1.04,-0.61,0.30,34.02
1275,52294787,-273.44,-978.52,70.31,-1.10,-0.55,0.24,33.88
1276,52298836,-267.58,-979.00,71.78,-0.91,-0.49,-0.06,34.02
1277,52302885,-265.62,-979.49,68.36,-0.91,-0.79,-0.30,33.83
1278,52306943,-265.14,-982.91,65.43,-0.91,-0.85,0.06,33.97
1279,52310992,-264.65,-982.91,69.34,-0.61,-0.61,0.55,33.97
1280,52316787,-267.09,-977.54,68.36,-0.73,-0.67,0.55,33.97
1281,52320836,-270.51,-982.91,72.75,-0.73,-0.61,0.73,33.97
1282,52324885,-272.46,-980.47,68.36,-0.79,-0.73,0.43,34.21
1283,52328943,-270.02,-979.00,71.29,-0.79,-0.67,0.06,34.02
1284,52332992,-273.93,-979.00,69.82,-0.91,-0.61,0.06,33.97
1285,52338787,-271.48,-982.42,67.38,-0.85,-0.55,-0.43,33.78
1286,52342836,-268.07,-982.42,67.38,-1.10,-0.67,-0.37,33.78
1287,52346885,-269.53,-986.33,67.87,-0.67,-0.61,0.00,33.88
1288,52350943,-267.58,-986.33,68.36,-0.91,-0.61,0.30,33.97
1289,52354992,-267.09,-977.54,67.87,-0.61,-0.67,0.24,33.83
1290,52360787,-269.04,-980.96,69.82,-0.67,-0.61,0.49,33.68
1291,52364836,-271.48,-978.03,70.80,-0.61,-0.79,0.30,33.49
1292,52368885,-269.53,-979.98,72.75,-0.91,-0.61,0.12,34.12
1293,52372943,-270.02,-977.54,69.82,-1.04,-0.55,0.24,34.02
1294,52376992,-271.00,-982.42,70.31,-0.79,-0.61,0.24,33.68
1295,52382787,-269.53,-980.47,67.87,-0.79,-0.67,0.06,33.88
1296,52386836,-271.97,-975.59,70.80,-0.73,-0.67,0.06,33.68
1297,52390885,-270.51,-979.00,72.27,-0.61,-0.67,0.18,33.97
1298,52394943,-271.97,-977.05,73.24,-0.85,-0.73,0.43,33.83
1299,52398992,-265.62,-981.93,68.36,-0.73,-1.04,0.55,33.68
1300,52404787,-266.60,-979.00,65.92,-0.73,-0.55,0.37,34.02
1301,52408836,-269.53,-986.82,65.43,-0.73,-0.30,0.49,33.83
1302,52412885,-273.93,-982.91,71.29,-0.73,-0.61,0.37,34.02
1303,52416943,-268.55,-980.96,70.31,-0.73,-0.79,0.06,33.88
1304,52420992,-269.04,-977.54,66.89,-0.91,-0.37,0.18,34.02
1305,52426787,-268.55,-978.03,71.29,-0.67,-0.49,0.18,34.02
1306,52430836,-270.02,-981.93,71.29,-0.67,-0.37,0.30,33.88
1307,52434885,-270.02,-980.47,68.85,-1.04,-0.49,0.24,34.21
1308,52438943,-270.51,-976.56,67.38,-1.04,-0.55,0.37,34.12
1309,52444787,-265.14,-981.45,72.27,-0.61,-0.73,0.37,33.88
1310,52448836,-266.60,-979.49,69.82,-0.98,-0.79,0.30,34.02
1311,52452885,-271.48,-982.91,72.75,-0.55,-1.04,0.18,34.02
1312,52456943,-268.55,-978.03,72.75,-0.91,-0.67,-0.12,34.02
1313,52460992,-267.09,-981.45,69.82,-0.61,-0.55,0.30,34.21
1314,52466787,-268.55,-984.37,66.89,-0.67,-0.73,0.06,34.36
1315,52470836,-265.62,-983.40,68.85,-0.73,-0.67,0.43,34.12
1316,52474885,-272.95,-978.52,72.27,-0.79,-0.67,0.24,33.88
1317,52478943,-268.07,-978.03,69.34,-0.79,-0.37,0.37,33.83
1318,52482992,-265.14,-980.47,66.89,-0.67,-0.67,0.37,34.12
1319,52488787,-268.55,-979.98,71.29,-0.79,-0.55,0.18,34.02
1320,52492836,-271.97,-980.96,69.82,-0.79,-0.85,0.12,34.02
1321,52496885,-267.58,-985.35,69.34,-0.85,-0.55,0.24,34.12
1322,52500943,-270.02,-979.49,65.43,-0.79,-0.55,0.18,33.78
1323,52504992,-271.00,-978.52,68.85,-0.91,-0.73,0.06,33.68
1324,52510787,-266.60,-982.91,73.24,-0.79,-0.49,0.24,34.12
1325,52514836,-269.53,-981.93,68.85,-0.91,-0.79,0.18,33.97
1326,52518885,-269.53,-980.96,68.36,-0.85,-0.55,0.12,33.83
1327,52522943,-270.02,-977.05,69.34,-0.67,-0.55,0.00,33.83
1328,52526992,-271.97,-983.40,75.68,-0.73,-0.79,0.55,34.16
1329,52532787,-270.02,-977.54,71.29,-0.61,-0.79,0.73,34.02
1330,52536836,-274.41,-981.93,64.94,-0.85,-0.79,0.79,34.31
1331,52540885,-273.44,-975.59,72.27,-0.67,-0.49,0.79,33.97
1332,52544943,-280.76,-978.03,73.73,-0.67,-0.73,0.55,33.83
1333,52548992,-281.25,-978.03,73.73,-0.79,-0.73,0.00,34.12
1334,52554787,-275.39,-979.98,72.75,-0.73,-0.79,-0.12,33.88
1335,52558836,-272.95,-978.03,70.80,-0.85,-0.91,0.18,33.83
1336,52562885,-272.95,-980.47,73.24,-0.98,-0.79,0.12,34.02
1337,52566943,-270.02,-979.00,69.82,-0.91,-0.91,-0.18,34.02
1338,52570992,-270.02,-982.42,71.78,-0.79,-0.73,0.18,34.12
1339,52576787,-267.09,-981.93,74.22,-0.73,-0.43,0.06,33.83
1340,52580836,-273.93,-982.91,71.78,-1.16,-0.61,-0.12,33.64
1341,52584885,-271.48,-977.54,63.96,-0.67,-0.43,0.12,34.12
1342,52588943,-268.07,-983.40,68.36,-0.67,-0.49,0.06,33.83
1343,52592992,-269.04,-980.96,71.29,-0.85,-0.61,0.18,33.44
1344,52598787,-270.51,-980.47,66.41,-0.79,-0.49,0.37,33.83
1345,52602836,-271.48,-982.42,68.36,-0.73,-0.61,0.37,33.83
1346,52606885,-273.44,-978.52,69.34,-0.67,-0.79,0.43,33.88
1347,52610943,-269.04,-979.00,67.87,-0.91,-0.73,0.49,34.02
1348,52614992,-271.48,-983.89,68.36,-0.67,-0.43,0.06,33.88
1349,52620787,-269.53,-983.40,66.41,-0.79,-0.79,0.06,33.83
1350,52624836,-267.58,-983.40,65.92,-0.73,-0.79,0.18,33.83
1351,52628885,-270.51,-986.82,72.75,-0.79,-0.61,0.24,34.02
1352,52632943,-271.00,-984.86,62.99,-0.85,-0.73,0.12,34.02
1353,52636992,-268.07,-979.49,69.34,-0.67,-1.04,0.49,33.88
1354,52642787,-269.53,-983.40,64.45,-0.61,-0.61,0.24,34.02
1355,52646836,-269.04,-980.47,68.85,-0.79,-0.43,0.55,34.02
1356,52650885,-269.04,-982.42,64.45,-0.85,-0.73,0.24,34.02
1357,52654943,-266.60,-978.52,70.80,-0.49,-0.61,0.67,34.02
1358,52660787,-267.58,-983.89,68.85,-0.91,-0.73,0.37,33.88
1359,52664836,-273.44,-980.96,66.89,-0.73,-0.67,0.24,33.97
1360,52668885,-272.95,-981.45,63.96,-0.73,-0.73,0.61,34.12
1361,52672943,-272.95,-981.45,64.94,-0.79,-0.61,0.55,34.02
1362,52676992,-272.46,-981.45,70.80,-0.85,-1.04,0.67,34.21
1363,52682787,-275.88,-978.03,67.87,-0.79,-0.55,0.67,34.21
1364,52686836,-271.48,-977.54,71.78,-0.85,-0.79,1.10,34.02
1365,52690885,-275.88,-979.98,74.71,-0.55,-0.91,0.85,34.02
1366,52694943,-277.34,-977.54,72.75,-0.67,-0.79,0.61,33.88
1367,52698992,-269.53,-980.96,73.73,-0.91,-0.49,0.12,34.02
1368,52704787,-271.48,-977.54,68.36,-0.85,-0.85,0.12,33.88
1369,52708836,-275.88,-982.42,73.24,-0.91,-0.49,0.06,34.02
1370,52712885,-271.00,-980.47,71.29,-1.04,-0.67,-0.06,34.02
1371,52716943,-264.16,-980.47,74.71,-0.91,-0.67,0.30,33.83
1372,52720992,-266.60,-977.54,68.36,-0.73,-0.85,0.06,34.02
1373,52726787,-269.53,-982.42,66.89,-0.61,-0.43,0.18,33.83
1374,52730836,-266.11,-979.98,68.85,-0.73,-0.73,0.30,34.12
1375,52734885,-264.16,-975.59,71.78,-0.91,-0.67,0.43,34.12
1376,52738943,-270.51,-984.86,72.27,-0.55,-0.61,0.73,33.88
1377,52742992,-268.55,-982.42,75.68,-0.98,-0.61,0.37,33.88
1378,52748787,-270.02,-980.47,68.85,-0.98,-0.67,0.00,34.12
1379,52752836,-270.02,-981.45,72.27,-0.98,-0.91,0.06,33.83
1380,52756885,-267.58,-979.00,71.29,-1.04,-1.04,0.30,34.02
1381,52760943,-264.16,-979.49,68.36,-1.10,-0.49,0.00,33.88
1382,52764992,-265.14,-977.05,65.92,-0.85,-0.79,0.30,33.88
1383,52770787,-270.02,-980.47,67.87,-0.67,-0.73,0.55,33.97
1384,52774836,-270.02,-982.42,68.36,-0.85,-0.43,0.67,33.97
1385,52778885,-271.48,-983.89,68.85,-0.67,-0.30,0.67,34.02
1386,52782943,-272.46,-979.00,71.29,-0.61,-0.55,0.61,33.83
1387,52786992,-270.51,-983.89,68.85,-0.67,-0.67,0.67,34.12
1388,52792787,-274.90,-977.54,68.36,-0.67,-0.85,0.18,33.83
1389,52796836,-267.58,-979.00,69.34,-1.10,-0.49,-0.06,33.59
1390,52800885,-269.53,-979.49,63.96,-0.91,-0.73,-0.06,34.12
1391,52804943,-269.53,-976.07,69.34,-0.67,-0.55,0.00,34.02
1392,52808992,-271.00,-983.40,72.27,-0.91,-0.73,0.06,33.88
1393,52814787,-268.07,-982.91,67.38,-0.67,-0.79,0.61,33.83
1394,52818836,-265.62,-980.47,65.92,-0.49,-0.61,0.73,33.97
1395,52822885,-270.02,-981.93,69.34,-0.67,-0.67,0.85,34.21
1396,52826943,-272.46,-979.98,68.85,-0.73,-0.67,0.79,33.88
1397,52830992,-271.48,-979.98,70.31,-0.91,-0.79,0.61,33.83
1398,52836787,-271.97,-982.42,69.82,-0.79,-0.55,0.30,33.64
1399,52840836,-278.32,-977.05,72.75,-0.73,-0.61,-0.12,33.68
1400,52844885,-271.97,-978.03,72.75,-0.98,-0.67,0.06,34.12
1401,52848943,-271.48,-979.49,73.24,-0.73,-0.67,0.06,34.02
1402,52852992,-267.58,-981.93,70.31,-0.49,-0.61,0.12,33.78
1403,52858787,-271.00,-975.10,72.27,-0.73,-0.49,0.18,33.88
1404,52862836,-271.00,-982.91,66.41,-0.91,-0.61,0.18,34.02
1405,52866885,-275.39,-980.96,68.36,-0.85,-0.67,0.12,33.88
1406,52870943,-270.02,-978.03,71.78,-0.91,-0.79,-0.12,33.88
1407,52874992,-270.02,-980.47,71.29,-0.79,-0.49,0.06,33.49
1408,52880787,-272.46,-983.89,73.73,-0.79,-0.61,0.06,33.88
1409,52884836,-267.58,-979.49,69.34,-0.73,-0.67,-0.18,34.02
1410,52888885,-267.58,-979.49,72.75,-0.91,-0.73,-0.06,34.16
1411,52892943,-266.60,-977.54,68.36,-0.91,-0.79,0.00,34.02
1412,52898787,-270.51,-979.49,66.41,-0.67,-0.61,0.18,33.88
1413,52902836,-269.04,-979.00,68.85,-0.67,-0.61,0.37,33.88
1414,52906885,-269.04,-979.98,70.80,-0.85,-0.49,0.30,34.12
1415,52910943,-270.51,-982.91,68.36,-0.98,-0.67,0.30,33.97
1416,52914992,-268.07,-979.49,67.38,-0.67,-0.61,0.43,34.02
1417,52920787,-269.04,-978.52,68.36,-0.73,-0.98,0.37,33.97
1418,52924836,-274.90,-984.37,65.43,-0.91,-0.73,0.55,33.97
1419,52928885,-266.11,-979.00,70.31,-0.61,-0.61,0.24,34.02
1420,52932943,-270.51,-979.49,67.87,-0.79,-0.73,0.18,33.97
1421,52936992,-271.97,-977.05,70.80,-0.67,-0.30,0.37,34.12
1422,52942787,-272.95,-978.03,71.29,-0.98,-0.79,0.06,34.02
1423,52946836,-271.48,-981.45,67.87,-0.79,-0.91,0.30,34.02
1424,52950885,-268.55,-983.89,69.82,-0.67,-0.85,0.67,33.88
1425,52954943,-266.60,-980.47,66.41,-0.98,-0.55,0.61,33.78
1426,52958992,-269.53,-979.00,67.38,-0.91,-0.73,0.18,34.12
1427,52964787,-270.02,-983.40,68.36,-0.79,-0.73,0.24,34.02
1428,52968836,-271.00,-981.93,70.31,-0.61,-0.73,0.24,34.12
1429,52972885,-274.41,-984.86,68.36,-0.67,-0.49,0.06,34.02
1430,52976943,-271.00,-977.05,75.68,-0.55,-0.61,0.30,33.83
1431,52980992,-271.48,-982.42,69.82,-0.79,-0.67,0.37,33.68
1432,52986787,-274.41,-980.96,71.29,-0.85,-0.61,0.24,34.21
1433,52990836,-269.04,-984.86,76.66,-0.85,-0.49,-0.12,33.97
1434,52994885,-276.86,-984.37,67.38,-0.85,-0.73,0.00,34.12
1435,52998943,-272.95,-981.93,74.71,-0.73,-0.61,0.12,34.02
1436,53002992,-270.51,-981.93,73.24,-0.85,-0.61,0.12,33.97
1437,53008787,-268.55,-982.42,69.34,-0.98,-0.55,0.00,34.21
1438,53012836,-270.02,-980.96,73.24,-0.98,-0.55,0.12,33.78
1439,53016885,-270.51,-979.98,65.43,-0.79,-0.73,0.30,34.02
1440,53020943,-267.58,-982.42,66.89,-0.79,-0.61,0.30,34.21
1441,53024992,-267.58,-983.89,71.29,-0.73,-0.67,0.00,33.83
1442,53030787,-267.58,-981.45,76.17,-0.73,-0.85,0.30,33.83
1443,53034836,-268.07,-984.37,68.36,-0.61,-0.61,0.06,33.83
1444,53038885,-264.16,-983.40,70.31,-0.73,-0.79,0.00,33.97
1445,53042943,-265.62,-986.33,68.85,-0.73,-0.43,0.24,34.02
1446,53046992,-272.95,-986.82,72.75,-0.61,-0.85,0.61,33.78
1447,53052787,-271.97,-980.47,67.87,-1.04,-0.61,0.24,33.88
1448,53056836,-272.46,-983.40,70.80,-0.98,-0.67,0.24,33.59
1449,53060885,-270.02,-979.98,62.01,-0.67,-0.67,0.24,34.16
1450,53064943,-275.39,-979.98,69.34,-0.79,-0.67,0.37,33.88
1451,53068992,-272.95,-979.00,71.78,-0.79,-0.79,0.30,33.59
1452,53074787,-266.60,-984.86,73.73,-0.61,-0.55,0.12,33.88
1453,53078836,-269.04,-982.42,69.34,-0.55,-0.67,0.30,34.12
1454,53082885,-276.86,-980.96,69.34,-0.49,-0.79,0.55,33.88
1455,53086943,-277.34,-980.96,69.34,-0.73,-0.79,0.43,33.88
1456,53090992,-277.34,-977.05,68.36,-0.79,-0.55,0.30,33.88
1457,53096787,-268.07,-979.98,70.31,-0.85,-0.79,0.24,33.97
1458,53100836,-272.95,-983.40,68.36,-0.67,-0.61,0.18,34.12
1459,53104885,-268.07,-985.35,69.34,-0.73,-0.91,0.37,34.12
1460,53108943,-273.93,-981.45,68.85,-0.79,-0.61,0.37,34.02
1461,53114787,-268.55,-979.98,66.89,-0.61,-0.37,0.30,34.12
1462,53118836,-268.55,-985.84,67.87,-0.85,-0.67,0.24,34.12
1463,53122885,-266.60,-980.96,68.36,-0.79,-0.43,0.00,33.88
1464,53126943,-268.55,-978.52,69.34,-0.79,-0.79,-0.12,34.31
1465,53130992,-268.55,-980.96,68.85,-0.85,-0.49,0.00,34.02
1466,53136787,-273.93,-982.91,70.80,-0.98,-0.49,0.49,34.16
1467,53140836,-272.46,-981.93,66.89,-0.85,-0.61,0.24,34.02
1468,53144885,-269.04,-978.52,68.85,-0.85,-0.85,0.49,34.02
1469,53148943,-271.00,-977.05,70.31,-0.49,-0.85,0.37,33.78
1470,53152992,-272.95,-978.52,74.22,-0.79,-0.73,0.30,34.02
1471,53158787,-269.04,-979.00,68.36,-0.85,-0.61,0.37,34.02
1472,53162836,-268.55,-978.03,69.82,-0.55,-0.67,0.12,34.02
1473,53166885,-270.51,-981.93,71.29,-0.73,-0.67,0.18,33.88
1474,53170943,-270.51,-977.54,74.71,-1.10,-0.73,-0.06,33.78
1475,53174992,-269.53,-981.45,72.75,-0.79,-0.49,-0.18,33.88
1476,53180787,-270.02,-978.52,74.22,-0.98,-0.37,0.12,33.88
1477,53184836,-271.97,-982.91,72.27,-0.85,-0.49,0.18,33.88
1478,53188885,-270.02,-976.07,71.29,-0.67,-0.30,0.06,34.12
1479,53192943,-268.55,-982.42,73.24,-0.85,-0.73,0.73,33.59
1480,53196992,-272.95,-980.47,68.36,-0.73,-0.61,0.67,34.02
1481,53202787,-271.00,-983.89,69.34,-0.67,-0.55,0.67,34.12
1482,53206836,-273.93,-982.91,71.29,-0.79,-0.61,0.49,34.02
1483,53210885,-271.00,-980.96,69.82,-0.67,-0.55,0.37,34.40
1484,53214943,-271.00,-982.91,67.38,-0.67,-0.67,0.24,34.02
1485,53218992,-268.55,-984.86,70.80,-0.73,-0.79,0.30,33.97
1486,53224787,-271.48,-979.00,68.36,-0.79,-0.67,0.30,34.12
1487,53228836,-272.46,-978.52,66.41,-0.55,-0.73,0.43,33.97
1488,53232885,-275.88,-981.45,69.82,-0.73,-0.67,0.24,34.02
1489,53236943,-269.04,-986.33,67.38,-0.79,-0.67,0.18,33.83
1490,53240992,-272.46,-986.33,69.34,-0.73,-0.67,0.12,34.12
1491,53246787,-270.51,-979.00,66.41,-0.85,-0.67,0.12,33.83
1492,53250836,-273.93,-978.03,64.94,-0.79,-0.67,0.18,33.88
1493,53254885,-269.04,-977.05,67.38,-0.98,-0.67,-0.06,34.02
1494,53258943,-268.55,-984.86,67.38,-0.67,-0.73,0.24,34.21
1495,53262992,-269.04,-980.47,66.89,-0.61,-0.67,0.24,33.88
1496,53268787,-271.97,-983.89,73.73,-0.98,-0.73,0.00,33.78
1497,53272836,-269.53,-975.10,70.31,-0.67,-0.67,0.00,33.78
1498,53276885,-276.37,-981.93,69.34,-0.73,-0.67,0.30,34.31
1499,53280943,-273.93,-984.86,71.78,-0.67,-0.61,0.24,34.02
1500,53284992,-274.90,-981.45,73.73,-0.67,-0.73,0.12,34.02
1501,53290787,-269.53,-980.47,73.73,-0.73,-0.55,0.24,34.16
1502,53294836,-265.62,-980.47,64.94,-0.91,-0.85,0.24,34.02
1503,53298885,-270.51,-979.49,73.73,-0.85,-0.73,0.30,34.02
1504,53302943,-268.07,-979.00,70.80,-0.67,-0.79,0.18,34.02
1505,53306992,-268.55,-976.56,66.89,-0.79,-0.67,0.06,33.68
1506,53312787,-270.51,-978.03,72.27,-0.73,-0.79,0.49,33.97
1507,53316836,-271.48,-985.84,73.73,-0.73,-0.73,0.12,33.97
1508,53320885,-270.51,-983.40,70.31,-0.67,-0.55,0.37,33.97
1509,53324943,-270.02,-979.49,68.36,-0.91,-0.61,0.37,34.12
1510,53330787,-268.55,-979.98,67.38,-0.55,-0.67,0.30,34.31
1511,53334836,-268.07,-981.45,69.82,-0.98,-0.55,0.18,34.21
1512,53338885,-271.97,-980.96,73.73,-0.73,-0.67,0.37,33.97
1513,53342943,-265.14,-978.52,70.31,-0.79,-0.67,0.37,33.88
1514,53346992,-270.51,-985.84,75.20,-0.61,-0.55,0.18,33.97
1515,53351042,-274.41,-979.98,69.82,-0.85,-0.85,0.06,33.83
1516,53356787,-273.44,-983.89,67.87,-0.61,-0.55,0.18,33.83
1517,53360836,-274.41,-979.98,67.38,-0.85,-0.73,0.24,34.02
1518,53364885,-273.93,-985.84,66.41,-0.79,-0.67,0.24,33.88
1519,53368943,-272.95,-982.42,68.36,-0.79,-0.55,0.30,34.02
1520,53374787,-272.95,-982.42,68.36,-0.73,-0.85,0.30,34.12
1521,53378836,-271.00,-978.03,70.80,-0.73,-0.55,0.43,33.88
1522,53382885,-276.37,-978.52,71.29,-0.43,-0.73,0.43,34.12
1523,53386943,-271.48,-983.89,70.80,-1.04,-0.49,0.18,33.78
1524,53390992,-266.60,-978.52,72.27,-0.85,-0.55,0.06,34.02
1525,53396787,-271.48,-980.47,72.27,-0.91,-0.73,-0.06,33.97
1526,53400836,-271.97,-980.47,71.29,-0.91,-0.67,0.12,33.88
1527,53404885,-266.60,-977.05,71.78,-0.79,-0.61,0.00,34.02
1528,53408943,-271.00,-981.45,71.78,-0.61,-0.79,0.18,33.68
1529,53412992,-267.09,-980.47,68.36,-0.73,-0.61,0.18,33.88
1530,53418787,-271.48,-981.45,70.80,-0.73,-0.55,0.30,33.88
1531,53422836,-270.02,-979.49,68.85,-0.79,-0.61,0.18,33.97
1532,53426885,-269.04,-981.93,68.85,-0.98,-0.55,0.37,33.88
1533,53430943,-267.58,-984.86,69.82,-0.85,-0.55,0.43,34.02
1534,53434992,-274.90,-979.00,70.80,-0.98,-0.91,0.61,34.02
1535,53440787,-270.02,-983.89,67.87,-0.98,-0.85,0.30,34.12
1536,53444836,-267.58,-978.03,69.34,-0.79,-0.79,0.43,33.83
1537,53448885,-268.07,-982.91,68.85,-0.79,-0.85,0.43,34.02
1538,53452943,-272.46,-982.42,69.82,-0.85,-0.79,0.18,33.88
1539,53456992,-269.04,-982.91,70.31,-0.98,-0.73,0.12,34.02
1540,53462787,-261.72,-978.52,70.80,-0.67,-0.61,0.12,33.88
1541,53466836,-273.44,-980.96,67.87,-0.73,-0.67,0.37,33.78
1542,53470885,-269.53,-979.00,71.78,-0.85,-0.67,0.43,34.12
1543,53474943,-271.00,-981.93,70.80,-0.73,-0.43,0.43,34.12
1544,53478992,-270.51,-974.12,65.92,-0.85,-0.55,0.37,33.88
1545,53484787,-269.04,-982.91,68.85,-0.85,-0.61,0.61,33.83
1546,53488836,-271.97,-979.00,66.41,-0.73,-0.67,0.37,33.88
1547,53492885,-272.95,-976.07,66.89,-0.85,-0.91,0.18,33.97
1548,53496943,-271.48,-981.93,66.89,-0.67,-0.79,0.30,34.02
1549,53500992,-270.02,-979.00,69.82,-0.73,-0.79,0.24,33.64
1550,53506787,-272.95,-978.52,71.29,-0.85,-1.04,0.30,34.12
1551,53510836,-271.48,-976.07,68.85,-0.91,-0.73,0.24,33.88
1552,53514885,-270.51,-978.03,67.38,-0.79,-0.49,0.12,33.88
1553,53518943,-269.53,-980.96,68.85,-0.91,-0.85,0.61,33.97
1554,53522992,-271.48,-980.47,73.73,-0.91,-0.67,0.12,33.83
1555,53528787,-269.53,-981.45,72.27,-0.98,-0.73,0.55,34.02
1556,53532836,-269.53,-976.07,72.27,-0.91,-0.49,0.30,34.02
1557,53536885,-266.11,-985.84,69.34,-0.85,-0.61,0.24,33.97
1558,53540943,-268.55,-981.45,71.78,-0.61,-0.49,0.30,34.21
1559,53544992,-271.97,-980.47,74.71,-0.55,-0.73,0.12,33.88
1560,53550787,-270.02,-982.91,73.24,-0.98,-0.61,0.12,33.83
1561,53554836,-268.07,-981.45,69.82,-0.61,-0.61,0.37,34.12
1562,53558885,-269.04,-982.91,70.31,-0.61,-0.73,0.12,33.68
1563,53562943,-267.09,-978.52,71.29,-0.98,-0.73,0.30,33.97
1564,53568787,-267.58,-979.49,70.80,-0.73,-0.79,0.37,33.97
1565,53572836,-271.48,-975.59,70.31,-0.91,-0.67,0.37,33.88
1566,53576885,-272.46,-979.00,72.27,-0.79,-0.73,0.30,34.12
1567,53580943,-272.95,-979.98,70.80,-1.16,-0.67,0.00,34.31
1568,53584992,-274.41,-982.42,70.31,-0.73,-0.79,0.12,33.88
1569,53590787,-271.97,-978.03,70.80,-1.04,-0.55,0.30,33.88
1570,53594836,-267.09,-979.98,64.94,-0.91,-0.55,0.49,33.88
1571,53598885,-268.55,-981.93,72.27,-0.73,-0.73,0.18,33.97
1572,53602943,-273.44,-978.03,63.48,-0.61,-0.61,0.37,33.97
1573,53606992,-274.90,-977.05,64.45,-0.79,-0.61,0.12,34.31
1574,53612787,-271.48,-980.47,68.36,-0.67,-0.55,0.37,33.78
1575,53616836,-273.44,-981.93,68.36,-0.91,-0.73,0.18,34.12
1576,53620885,-270.02,-984.37,72.27,-0.73,-0.73,0.24,33.68
1577,53624943,-270.02,-978.52,74.71,-0.55,-0.85,0.55,33.88
1578,53628992,-269.04,-979.98,72.27,-0.67,-0.55,0.37,34.12
1579,53634787,-276.86,-977.54,68.85,-0.79,-0.73,0.18,34.02
1580,53638836,-272.46,-984.86,72.75,-0.79,-0.61,0.00,34.02
1581,53642885,-276.37,-982.91,69.34,-1.04,-0.55,0.37,34.12
1582,53646943,-271.97,-981.93,68.85,-0.98,-0.67,0.30,33.83
1583,53650992,-273.44,-979.49,69.82,-0.91,-0.37,0.00,34.16
1584,53656787,-265.14,-979.00,69.82,-0.91,-0.73,0.24,34.12
1585,53660836,-261.72,-979.98,73.24,-0.79,-0.73,0.43,33.78
1586,53664885,-269.04,-985.84,72.27,-0.73,-0.79,0.30,33.83
1587,53668943,-267.58,-982.42,70.80,-0.79,-0.79,0.24,34.12
1588,53672992,-265.14,-977.54,67.87,-0.98,-0.79,0.18,34.12
1589,53678787,-267.58,-979.00,73.24,-0.79,-0.61,0.55,33.97
1590,53682836,-271.00,-982.91,67.87,-0.79,-0.67,0.24,33.64
1591,53686885,-273.44,-977.05,70.31,-0.73,-0.67,-0.06,34.02
1592,53690943,-271.00,-979.00,68.85,-0.85,-0.79,0.18,34.02
1593,53694992,-269.04,-981.45,70.31,-1.04,-0.49,0.12,34.16
1594,53700787,-271.48,-979.49,63.96,-0.79,-0.55,0.18,34.02
1595,53704836,-270.02,-981.45,67.38,-0.98,-0.85,0.37,33.88
1596,53708885,-271.48,-980.47,70.31,-0.85,-0.85,0.24,33.97
1597,53712943,-267.09,-987.30,67.87,-0.85,-0.73,0.24,33.97
1598,53716992,-274.41,-982.91,70.80,-1.16,-0.61,0.06,33.78
1599,53722787,-267.09,-980.47,71.29,-0.73,-0.67,0.30,33.78
1600,53726836,-266.11,-978.03,68.85,-0.61,-0.49,0.43,34.12
1601,53730885,-271.97,-981.93,68.85,-0.85,-0.55,0.30,34.02
1602,53734943,-271.97,-979.98,71.29,-1.04,-0.79,0.37,34.12
1603,53738992,-273.44,-982.91,71.29,-0.73,-0.61,0.49,33.88
1604,53744787,-270.02,-981.93,70.31,-0.91,-0.91,0.43,34.02
1605,53748836,-269.04,-981.45,69.82,-0.85,-0.55,0.67,34.02
1606,53752885,-267.58,-986.33,72.27,-0.61,-0.85,0.49,34.02
1607,53756943,-269.53,-979.98,68.85,-0.61,-0.61,0.30,33.97
1608,53760992,-271.48,-977.54,70.31,-0.67,-0.67,0.30,33.88
1609,53766787,-268.55,-984.37,71.29,-0.55,-0.49,0.30,33.97
1610,53770836,-276.86,-979.98,71.29,-0.85,-0.61,0.18,34.02
1611,53774885,-269.04,-979.98,71.29,-0.73,-0.85,0.12,34.16
1612,53778943,-267.09,-977.05,68.85,-0.79,-0.55,0.24,33.83
1613,53784787,-265.62,-984.86,67.38,-0.61,-0.67,0.49,34.02
1614,53788836,-270.51,-980.47,68.85,-0.73,-0.73,0.49,34.02
1615,53792885,-270.51,-982.42,74.22,-0.79,-0.67,0.61,33.97
1616,53796943,-269.53,-981.45,70.31,-0.98,-0.61,0.55,33.78
1617,53800992,-272.95,-979.49,70.80,-0.55,-0.73,0.67,34.16
1618,53806787,-268.55,-979.98,70.80,-0.73,-0.61,0.37,34.12
1619,53810836,-271.97,-981.45,66.89,-0.67,-0.79,0.37,34.02
1620,53814885,-270.02,-983.40,67.38,-0.91,-0.55,0.12,34.12
1621,53818943,-271.00,-979.00,68.85,-0.79,-0.85,0.43,33.83
1622,53822992,-271.00,-978.03,69.34,-0.55,-0.73,0.37,34.12
1623,53828787,-270.02,-979.49,66.89,-0.67,-0.79,0.24,34.02
1624,53832836,-271.00,-975.59,69.82,-0.79,-0.67,0.12,34.02
1625,53836885,-271.48,-980.96,66.41,-1.16,-0.73,0.24,34.21
1626,53840943,-269.53,-982.42,67.38,-0.79,-0.55,0.12,33.88
1627,53844992,-273.93,-979.49,60.55,-0.98,-0.73,0.18,34.21
1628,53850787,-270.51,-979.98,67.87,-0.73,-0.73,0.37,33.83
1629,53854836,-270.02,-982.42,66.89,-0.73,-0.61,0.30,34.12
1630,53858885,-270.02,-983.40,67.38,-0.61,-0.61,0.37,34.02
1631,53862943,-272.95,-983.89,71.29,-0.85,-0.79,0.30,33.83
1632,53866992,-272.46,-983.89,69.82,-0.79,-0.73,0.00,33.97
1633,53872787,-268.55,-981.93,69.34,-0.98,-0.85,0.12,33.97
1634,53876836,-267.09,-982.42,69.82,-0.67,-0.61,0.30,33.83
1635,53880885,-271.97,-975.59,72.75,-0.61,-0.49,0.30,34.12
1636,53884943,-269.04,-982.42,69.34,-0.73,-0.67,0.49,33.88
1637,53888992,-265.14,-977.54,73.24,-0.73,-0.91,0.37,34.02
1638,53894787,-268.55,-982.91,68.85,-0.85,-0.67,0.30,34.02
1639,53898836,-270.51,-981.45,71.29,-1.04,-0.91,0.18,33.83
1640,53902885,-275.39,-981.45,69.82,-0.67,-0.85,-0.06,34.12
1641,53906943,-267.58,-982.42,72.27,-0.79,-0.79,0.18,33.78
1642,53910992,-272.95,-979.00,69.34,-0.79,-0.67,0.18,34.12
1643,53916787,-272.95,-983.40,67.87,-0.73,-0.61,0.49,33.83
1644,53920836,-268.55,-977.05,67.87,-0.79,-0.73,0.49,33.88
1645,53924885,-270.51,-982.42,69.82,-0.49,-0.67,0.61,33.88
1646,53928943,-272.95,-981.93,72.75,-0.79,-0.67,0.30,33.97
1647,53932992,-271.97,-978.52,70.31,-0.91,-0.49,0.00,33.88
1648,53938787,-268.55,-980.96,70.80,-0.79,-0.55,0.18,33.97
1649,53942836,-273.44,-977.54,67.87,-0.85,-0.67,0.43,33.68
1650,53946885,-271.97,-983.89,69.34,-0.91,-0.67,0.24,34.02
1651,53950943,-272.95,-982.42,66.41,-0.67,-0.49,0.49,34.02
1652,53954992,-264.65,-979.49,69.82,-0.61,-0.67,0.67,33.59
1653,53960787,-267.09,-978.52,70.31,-0.61,-0.85,0.43,33.68
1654,53964836,-271.48,-979.49,69.34,-0.79,-0.61,0.49,33.88
1655,53968885,-267.09,-982.91,72.27,-0.67,-0.55,0.30,33.83
1656,53972943,-267.58,-983.40,69.34,-0.67,-0.67,0.12,34.02
1657,53976992,-265.62,-983.89,72.75,-0.98,-0.55,0.06,33.88
1658,53982787,-273.93,-980.96,67.38,-0.73,-0.67,0.12,33.83
1659,53986836,-271.00,-978.03,70.80,-1.04,-0.73,0.12,34.12
1660,53990885,-266.11,-983.89,68.36,-0.61,-0.67,0.37,33.97
1661,53994943,-269.04,-983.40,69.34,-0.67,-0.73,0.12,34.02
1662,53998992,-271.97,-980.47,71.78,-0.73,-0.12,0.30,33.78
1663,54004787,-271.00,-979.98,69.82,-0.73,-0.67,0.12,34.12
1664,54008836,-268.55,-981.93,66.41,-0.79,-1.22,0.18,34.16
1665,54012885,-273.93,-982.91,68.36,-0.85,-0.73,0.24,34.02
1666,54016943,-271.97,-981.93,74.22,-0.67,-0.79,0.55,34.02
1667,54022787,-268.55,-977.05,68.85,-0.67,-0.67,0.37,33.97
1668,54026836,-267.58,-980.47,69.34,-0.61,-0.67,0.49,33.88
1669,54030885,-270.02,-982.42,69.82,-1.16,-0.98,0.43,33.83
1670,54034943,-271.48,-981.93,69.82,-0.61,-0.79,0.06,34.02
1671,54038992,-272.46,-981.45,72.27,-0.73,-0.61,0.18,34.02
1672,54044787,-271.97,-976.56,66.41,-0.91,-0.49,0.24,34.12
1673,54048836,-272.46,-980.47,68.36,-0.67,-0.67,0.30,34.02
1674,54052885,-269.04,-979.49,64.94,-0.79,-0.73,0.43,34.02
1675,54056943,-271.97,-982.91,71.78,-0.85,-0.91,0.43,33.88
1676,54060992,-271.00,-978.52,71.78,-0.73,-0.73,0.43,34.12
1677,54066787,-271.97,-981.93,69.82,-0.91,-0.43,0.12,34.12
1678,54070836,-272.46,-979.98,69.82,-0.55,-0.55,0.43,33.97
1679,54074885,-276.86,-976.56,66.89,-0.98,-0.55,0.18,34.16
1680,54078943,-271.00,-983.40,71.78,-0.85,-0.73,0.37,33.88
1681,54082992,-271.48,-981.93,67.38,-0.73,-0.67,0.24,34.02
1682,54088787,-270.02,-972.66,72.75,-0.91,-0.61,0.12,33.83
1683,54092836,-272.46,-982.42,66.41,-0.73,-0.67,0.12,34.02
1684,54096885,-266.11,-982.91,70.31,-0.85,-0.79,0.12,34.12
1685,54100943,-264.16,-979.00,71.29,-0.73,-0.55,0.18,33.68
1686,54104992,-268.55,-981.45,68.85,-0.85,-0.61,0.18,34.12
1687,54110787,-269.04,-982.42,71.29,-0.91,-0.91,0.61,34.12
1688,54114836,-273.44,-977.05,69.82,-0.61,-0.85,0.24,34.02
1689,54118885,-272.46,-979.00,69.82,-0.73,-0.67,0.24,33.97
1690,54122943,-271.00,-979.98,68.85,-0.85,-0.49,0.18,34.02
1691,54126992,-269.53,-979.49,70.80,-0.98,-0.73,0.24,34.02
1692,54132787,-268.07,-979.00,67.87,-0.85,-0.73,0.30,33.97
1693,54136836,-268.55,-979.49,69.82,-0.79,-0.49,0.24,33.97
1694,54140885,-270.51,-976.56,71.78,-0.85,-0.67,0.24,34.16
1695,54144943,-273.44,-976.07,65.43,-0.67,-0.61,0.18,33.97
1696,54148992,-268.07,-977.54,70.80,-0.67,-0.37,0.37,34.12
1697,54154787,-270.02,-979.00,67.38,-0.85,-0.37,0.30,33.68
1698,54158836,-269.53,-980.47,68.85,-0.79,-0.55,0.37,33.88
1699,54162885,-274.41,-980.47,68.85,-0.91,-0.73,0.30,33.97
1700,54166943,-269.53,-979.49,71.29,-0.67,-0.55,0.24,33.97
1701,54170992,-271.97,-980.96,71.29,-0.67,-0.79,0.43,33.68
1702,54176787,-273.93,-982.91,70.31,-0.61,-0.67,0.30,33.64
1703,54180836,-270.02,-979.98,67.38,-0.91,-0.79,0.49,33.88
1704,54184885,-273.44,-982.42,65.43,-0.79,-0.55,0.43,34.02
1705,54188943,-271.97,-975.59,68.85,-0.79,-0.67,0.55,34.21
1706,54192992,-271.97,-988.28,71.29,-0.79,-0.61,0.18,33.88
1707,54198787,-271.48,-979.49,69.82,-0.91,-0.91,0.24,34.02
1708,54202836,-267.09,-979.00,72.27,-0.85,-0.49,0.49,33.97
1709,54206885,-268.07,-985.35,66.89,-0.79,-0.49,0.49,33.88
1710,54210943,-271.48,-981.93,74.22,-0.61,-0.55,0.49,34.02
1711,54214992,-273.44,-977.05,73.24,-0.73,-0.73,0.37,33.78
1712,54220787,-268.55,-983.40,75.20,-0.61,-0.85,0.43,33.83
1713,54224836,-270.51,-978.03,73.73,-1.04,-0.43,0.24,33.97
1714,54228885,-269.04,-980.47,67.38,-0.73,-0.55,0.12,33.97
1715,54232943,-270.02,-979.98,66.89,-0.98,-0.67,0.12,33.97
1716,54238787,-264.16,-982.42,70.31,-0.79,-0.67,0.18,33.97
1717,54242836,-270.02,-984.37,70.31,-0.79,-0.67,0.49,34.02
1718,54246885,-271.97,-982.91,68.36,-0.91,-0.73,0.43,33.68
1719,54250943,-266.60,-980.96,66.41,-0.85,-0.67,0.30,34.16
1720,54254992,-272.46,-982.91,65.43,-0.85,-0.49,0.43,33.97
1721,54260787,-263.18,-977.05,76.17,-0.79,-0.79,0.43,34.02
1722,54264836,-269.04,-980.96,67.38,-0.73,-0.61,0.24,34.02
1723,54268885,-271.48,-979.49,68.85,-0.67,-0.61,0.12,34.16
1724,54272943,-268.55,-979.49,74.71,-0.73,-0.43,0.18,33.88
1725,54276992,-269.53,-987.30,70.80,-0.79,-0.73,0.37,33.88
1726,54282787,-269.04,-976.07,69.34,-0.73,-0.79,0.30,34.02
1727,54286836,-269.04,-978.03,72.75,-0.67,-0.67,0.12,33.88
1728,54290885,-270.51,-981.93,75.20,-0.73,-0.79,0.18,33.97
1729,54294943,-269.53,-982.91,67.87,-0.91,-0.67,-0.06,33.88
1730,54298992,-269.04,-979.00,67.38,-0.91,-0.91,0.18,34.31
1731,54304787,-270.51,-978.03,64.45,-0.73,-0.91,0.55,34.02
1732,54308836,-271.97,-979.00,70.31,-0.49,-0.61,0.91,33.97
1733,54312885,-271.48,-979.49,72.27,-0.79,-0.73,0.79,34.21
1734,54316943,-273.44,-978.52,67.38,-0.73,-0.73,0.37,33.88
1735,54320992,-271.00,-980.47,72.27,-0.85,-0.55,0.18,34.16
1736,54326787,-272.95,-981.93,67.38,-1.04,-0.73,0.00,34.02
1737,54330836,-269.04,-979.49,70.31,-0.85,-0.49,0.12,33.97
1738,54334885,-269.04,-982.42,70.80,-0.85,-0.67,0.00,34.12
1739,54338943,-270.02,-980.96,69.34,-0.67,-0.61,0.30,34.02
1740,54342992,-274.90,-979.00,70.80,-0.98,-0.79,0.24,33.83
1741,54348787,-269.53,-978.52,69.82,-0.67,-0.55,0.43,34.02
1742,54352836,-268.07,-979.98,70.80,-0.73,-0.79,0.06,33.88
1743,54356885,-270.51,-979.49,69.34,-0.79,-0.79,0.24,33.97
1744,54360943,-267.58,-982.42,66.41,-1.22,-0.55,0.24,34.02
1745,54364992,-263.67,-982.42,71.29,-0.91,-0.79,0.06,34.16
1746,54370787,-268.55,-979.00,69.34,-0.73,-0.67,0.24,33.78
1747,54374836,-266.60,-980.96,66.89,-0.98,-0.55,0.37,33.68
1748,54378885,-266.60,-981.45,70.80,-1.04,-0.61,0.43,34.02
1749,54382943,-266.60,-979.49,69.34,-0.79,-0.91,0.49,33.97
1750,54386992,-270.02,-975.10,64.94,-0.49,-0.55,0.43,33.83
1751,54392787,-269.53,-981.93,67.38,-0.79,-0.61,0.37,33.88
1752,54396836,-271.48,-980.96,68.85,-0.79,-0.49,0.24,33.49
1753,54400885,-264.16,-979.00,69.34,-0.73,-0.67,0.18,33.88
1754,54404943,-269.53,-984.37,67.87,-0.61,-0.79,0.12,34.12
1755,54408992,-269.53,-979.49,67.87,-0.79,-0.73,0.49,34.02
1756,54414787,-272.46,-981.93,69.82,-0.85,-0.73,-0.06,33.68
1757,54418836,-272.46,-979.49,70.80,-0.61,-0.79,0.30,34.02
1758,54422885,-270.51,-980.47,70.31,-0.73,-0.91,0.49,33.68
1759,54426943,-269.04,-980.47,69.34,-0.91,-0.79,0.61,33.88
1760,54430992,-273.44,-980.96,70.80,-0.98,-0.79,0.30,33.83
1761,54436787,-267.58,-979.49,69.34,-0.91,-0.73,0.49,33.88
1762,54440836,-269.04,-982.91,69.34,-0.91,-0.73,0.30,33.88
1763,54444885,-271.00,-981.93,68.85,-0.79,-0.49,0.30,33.83
1764,54448943,-270.51,-977.05,65.92,-0.67,-0.79,0.30,34.12
1765,54454787,-265.62,-977.54,69.34,-0.85,-0.55,0.18,33.88
1766,54458836,-266.11,-977.54,66.41,-0.91,-0.61,0.12,34.12
1767,54462885,-268.55,-980.47,73.24,-0.91,-0.49,-0.12,34.02
1768,54466943,-265.62,-980.47,69.82,-0.91,-0.61,0.12,33.88
1769,54470992,-273.44,-984.37,69.82,-1.10,-0.61,0.18,33.78
1770,54475042,-271.48,-982.91,70.31,-0.98,-0.73,0.24,33.88
1771,54480787,-268.55,-981.93,68.36,-0.79,-0.79,0.67,33.88
1772,54484836,-267.58,-981.45,70.80,-0.73,-0.67,0.49,33.88
1773,54488885,-267.58,-980.47,69.82,-0.79,-0.85,0.24,33.68
1774,54492943,-271.48,-980.47,70.31,-0.79,-0.49,0.12,33.88
1775,54498787,-272.46,-980.47,68.85,-0.91,-0.67,0.43,34.02
1776,54502836,-272.46,-974.61,69.82,-0.91,-0.85,0.18,34.02
1777,54506885,-271.00,-981.45,71.78,-0.79,-0.79,0.00,34.12
1778,54510943,-264.65,-980.96,67.87,-0.85,-0.61,0.06,34.12
1779,54514992,-268.07,-975.59,68.36,-0.67,-0.49,0.61,34.02
1780,54520787,-271.97,-982.42,66.89,-0.37,-0.73,0.67,33.88
1781,54524836,-271.48,-979.49,67.87,-0.61,-0.61,0.61,34.02
1782,54528885,-271.00,-979.98,68.36,-0.73,-0.43,0.49,34.02
1783,54532943,-271.00,-977.54,71.78,-0.85,-0.67,0.73,33.68
1784,54536992,-271.97,-979.00,69.34,-1.10,-0.49,0.18,34.16
1785,54542787,-269.53,-979.49,68.85,-0.85,-0.85,-0.12,34.12
1786,54546836,-272.95,-973.63,72.27,-0.85,-0.67,0.00,34.12
1787,54550885,-265.62,-981.45,69.82,-1.04,-0.55,0.12,34.02
1788,54554943,-266.60,-980.96,69.82,-0.85,-0.85,0.30,33.83
1789,54558992,-271.00,-983.40,66.41,-1.04,-0.49,0.12,33.97
1790,54564787,-271.97,-980.96,72.27,-0.79,-0.67,0.49,33.88
1791,54568836,-266.60,-978.52,68.85,-0.79,-0.73,0.37,34.02
1792,54572885,-270.51,-983.89,66.89,-0.55,-0.91,0.18,34.16
1793,54576943,-271.48,-975.59,69.34,-0.67,-0.61,0.18,33.88
1794,54580992,-270.51,-977.05,65.92,-0.79,-0.55,-0.18,34.02
1795,54586787,-268.55,-980.47,67.38,-0.91,-0.73,0.06,33.88
1796,54590836,-271.48,-979.98,67.38,-0.79,-0.67,0.06,34.21
1797,54594885,-270.51,-980.47,72.27,-0.73,-0.73,0.43,34.12
1798,54598943,-271.48,-978.03,72.75,-0.43,-0.85,0.55,33.97
1799,54602992,-271.00,-977.05,69.82,-0.79,-0.67,0.43,33.97
1800,54608787,-271.48,-982.42,68.85,-0.85,-0.67,0.06,33.78
1801,54612836,-270.02,-981.45,70.31,-0.85,-0.61,0.30,33.64
1802,54616885,-270.51,-980.96,67.87,-0.85,-0.67,0.67,34.12
1803,54620943,-274.90,-983.89,71.78,-0.85,-0.43,0.30,34.02
1804,54624992,-274.41,-983.89,69.34,-0.79,-0.85,0.30,33.64
1805,54630787,-269.04,-979.49,66.41,-0.79,-0.67,0.30,33.59
1806,54634836,-270.51,-979.00,67.38,-0.79,-0.61,0.30,33.88
1807,54638885,-273.93,-978.03,68.36,-0.61,-0.55,0.55,34.02
1808,54642943,-267.09,-981.93,68.36,-0.55,-0.61,0.43,34.16
1809,54646992,-267.09,-979.00,70.80,-0.67,-0.73,0.24,33.83
1810,54652787,-270.51,-980.96,69.34,-1.10,-0.61,0.06,33.88
1811,54656836,-269.53,-983.40,68.36,-0.73,-0.67,0.12,33.88
1812,54660885,-269.04,-977.54,68.85,-0.91,-0.79,0.12,34.12
1813,54664943,-266.11,-976.56,70.31,-0.91,-0.61,0.24,34.02
1814,54668992,-271.97,-981.93,72.27,-0.67,-0.79,0.24,33.97
1815,54674787,-272.46,-979.00,70.31,-0.67,-0.98,0.18,34.02
1816,54678836,-266.60,-978.52,65.92,-0.73,-0.67,0.61,33.88
1817,54682885,-271.00,-979.49,70.80,-0.61,-0.61,0.55,33.88
1818,54686943,-270.02,-979.98,72.27,-1.22,-0.67,0.24,33.83
1819,54692787,-271.00,-981.45,64.45,-0.91,-0.55,0.30,33.68
1820,54696836,-267.58,-980.47,67.87,-0.85,-0.73,0.37,34.21
1821,54700885,-274.41,-980.47,68.85,-1.10,-0.85,0.18,33.97
1822,54704943,-271.00,-980.47,73.24,-0.85,-0.61,0.06,34.12
1823,54708992,-269.53,-980.96,69.82,-0.98,-0.67,0.30,34.02
1824,54714787,-272.95,-981.93,69.82,-0.85,-0.79,0.37,34.02
1825,54718836,-271.00,-983.40,70.31,-0.79,-0.55,0.30,34.12
1826,54722885,-271.97,-982.91,71.78,-0.79,-0.79,0.30,33.97
1827,54726943,-267.09,-977.54,67.38,-0.85,-0.67,0.30,33.68
1828,54730992,-270.51,-975.59,68.85,-0.85,-0.67,0.49,34.12
1829,54736787,-266.11,-982.42,73.24,-0.98,-0.79,0.00,34.21
1830,54740836,-269.04,-981.45,63.96,-0.49,-0.55,0.18,33.97
1831,54744885,-269.53,-979.98,69.82,-0.85,-0.67,0.37,34.16
1832,54748943,-273.44,-981.45,65.43,-0.91,-0.49,0.43,33.88
1833,54752992,-272.95,-981.45,69.34,-0.98,-0.85,0.43,34.12
1834,54758787,-268.55,-979.49,66.89,-0.73,-0.49,0.24,33.88
1835,54762836,-271.48,-979.98,67.38,-0.79,-0.61,0.12,33.88
1836,54766885,-267.58,-980.47,71.78,-0.73,-0.61,0.49,33.97
1837,54770943,-270.51,-976.07,71.29,-0.85,-0.67,0.00,33.78
1838,54774992,-269.04,-978.03,69.82,-0.98,-0.85,0.24,34.02
1839,54780787,-269.53,-980.96,69.34,-0.73,-0.43,-0.06,34.12
1840,54784836,-265.62,-983.89,66.41,-1.04,-0.61,0.06,33.83
1841,54788885,-272.46,-979.00,64.94,-0.91,-0.79,0.06,34.02
1842,54792943,-268.07,-982.91,73.73,-0.73,-0.73,0.30,34.02
1843,54796992,-267.58,-978.03,69.82,-0.55,-0.73,0.43,33.78
1844,54802787,-270.02,-975.59,69.34,-0.98,-0.55,0.43,33.88
1845,54806836,-269.53,-979.49,69.82,-0.85,-0.61,0.12,33.97
1846,54810885,-269.53,-983.89,69.34,-0.85,-0.79,0.37,34.02
1847,54814943,-271.97,-987.79,69.34,-0.79,-0.43,0.18,34.31
1848,54818992,-271.00,-981.45,66.89,-0.73,-0.43,0.30,33.83
1849,54824787,-269.53,-977.54,70.31,-0.67,-0.67,0.06,33.83
1850,54828836,-269.04,-981.93,70.80,-0.79,-0.73,0.37,33.78
1851,54832885,-269.53,-980.47,70.31,-0.98,-0.79,0.30,34.02
1852,54836943,-271.00,-977.54,62.99,-0.98,-0.73,0.24,34.12
1853,54840992,-270.02,-974.61,69.34,-0.73,-0.73,0.06,33.78
1854,54846787,-267.58,-979.49,73.24,-0.98,-0.61,0.18,33.78
1855,54850836,-269.53,-981.93,70.80,-0.91,-0.73,0.12,33.68
1856,54854885,-270.02,-978.03,64.45,-0.73,-0.79,-0.06,33.97
1857,54858943,-269.53,-977.54,70.80,-0.61,-0.67,0.43,34.12
1858,54862992,-275.39,-984.37,64.94,-0.98,-0.61,0.43,33.97
1859,54868787,-271.00,-982.42,71.29,-0.55,-0.55,0.37,33.88
1860,54872836,-267.58,-976.56,67.38,-0.49,-0.49,0.06,33.97
1861,54876885,-271.97,-980.47,69.34,-0.79,-0.61,0.00,34.12
1862,54880943,-268.07,-978.52,68.85,-1.04,-0.55,0.00,34.02
1863,54884992,-267.58,-983.40,68.36,-0.73,-0.55,0.00,33.64
1864,54890787,-267.58,-976.07,69.34,-0.67,-0.67,-0.18,33.88
1865,54894836,-270.51,-980.96,70.31,-0.67,-0.73,0.30,33.88
1866,54898885,-273.44,-980.96,70.80,-0.85,-0.67,0.37,34.21
1867,54902943,-268.55,-987.30,66.89,-0.55,-0.73,0.61,34.02
1868,54908787,-270.02,-976.07,74.71,-0.79,-0.79,0.49,34.21
1869,54912836,-272.46,-983.89,67.38,-0.85,-0.85,0.18,34.12
1870,54916885,-270.51,-980.96,71.29,-0.91,-0.73,0.06,33.97
1871,54920943,-271.00,-979.49,70.80,-0.79,-0.49,-0.06,33.83
1872,54924992,-271.00,-981.45,69.34,-0.85,-0.43,0.06,34.02
1873,54930787,-275.39,-983.40,72.27,-0.61,-0.79,0.00,34.02
1874,54934836,-269.04,-982.91,68.36,-0.91,-0.91,0.00,33.97
1875,54938885,-270.51,-983.89,64.94,-0.79,-0.91,0.06,34.02
1876,54942943,-269.53,-980.47,66.89,-0.79,-0.79,0.30,33.88
1877,54946992,-269.53,-983.40,69.82,-0.73,-0.73,0.37,34.02
1878,54952787,-270.02,-982.91,66.89,-0.91,-0.55,0.12,34.12
1879,54956836,-271.48,-983.40,69.34,-0.61,-0.67,-0.12,34.12
1880,54960885,-269.53,-980.47,73.24,-0.85,-0.85,0.37,33.68
1881,54964943,-272.46,-981.45,70.31,-0.67,-0.73,0.18,33.64
1882,54968992,-270.02,-979.00,68.85,-0.98,-0.43,0.43,34.02
1883,54974787,-271.48,-981.93,66.41,-0.79,-0.67,0.24,33.97
1884,54978836,-271.48,-980.96,63.96,-0.67,-0.67,0.37,33.97
1885,54982885,-271.48,-977.54,67.87,-0.73,-0.61,0.18,33.68
1886,54986943,-266.11,-980.96,70.80,-0.61,-0.61,0.12,33.68
1887,54990992,-267.09,-983.40,73.24,-0.73,-0.73,0.24,34.16
1888,54996787,-270.02,-980.47,70.31,-0.98,-0.67,0.24,34.12
1889,55000836,-270.51,-980.96,68.36,-0.91,-0.79,0.12,34.21
1890,55004885,-268.07,-979.00,69.82,-0.61,-0.79,0.18,33.78
1891,55008943,-270.02,-979.49,65.43,-0.61,-0.67,0.43,33.97
1892,55012992,-270.02,-981.93,66.89,-0.79,-0.79,0.43,34.12
1893,55018787,-270.02,-979.00,70.80,-0.91,-0.67,0.24,33.97
1894,55022836,-270.02,-979.49,71.29,-0.98,-0.73,0.24,34.12
1895,55026885,-275.88,-980.47,66.89,-0.73,-0.61,-0.12,33.88
1896,55030943,-269.04,-983.40,73.73,-1.10,-0.55,-0.06,33.97
1897,55034992,-270.51,-981.93,68.85,-0.61,-0.49,0.12,34.12
1898,55040787,-267.58,-978.52,68.85,-0.61,-0.61,0.30,33.83
1899,55044836,-268.07,-981.45,70.31,-0.73,-0.67,0.67,34.02
1900,55048885,-274.41,-984.86,67.87,-0.85,-0.67,0.49,33.97
1901,55052943,-270.02,-976.56,68.85,-0.85,-0.91,0.49,33.83
1902,55056992,-272.46,-981.45,71.29,-0.85,-0.55,0.49,34.02
1903,55062787,-273.44,-979.00,70.31,-0.85,-0.67,0.24,33.88
1904,55066836,-272.46,-979.00,68.85,-0.79,-0.91,0.00,33.83
1905,55070885,-271.00,-973.14,69.34,-0.79,-0.67,0.06,34.12
1906,55074943,-265.62,-979.00,72.27,-0.67,-0.85,0.24,34.21
1907,55078992,-268.07,-979.49,68.36,-0.98,-0.49,0.06,33.64
1908,55084787,-273.93,-979.98,71.78,-0.85,-0.67,0.24,33.97
1909,55088836,-273.44,-979.98,71.29,-0.73,-0.73,0.30,34.31
1910,55092885,-274.41,-976.07,72.27,-0.79,-0.79,0.49,34.02
1911,55096943,-269.04,-979.49,69.34,-0.61,-0.67,0.30,33.97
1912,55100992,-269.53,-982.42,69.82,-0.79,-0.61,0.37,33.83
1913,55106787,-272.46,-979.98,68.85,-0.55,-0.73,0.24,34.12
1914,55110836,-270.51,-981.93,70.31,-0.85,-0.61,0.30,33.88
1915,55114885,-271.97,-973.63,68.85,-0.61,-0.73,0.12,33.88
1916,55118943,-268.55,-973.14,70.31,-1.10,-0.67,0.12,33.83
1917,55122992,-271.00,-978.03,68.85,-0.73,-0.85,0.37,33.83
1918,55128787,-273.93,-980.96,68.85,-0.85,-0.79,0.18,33.88
1919,55132836,-268.07,-981.93,70.80,-0.85,-0.73,0.24,34.02
1920,55136885,-269.53,-982.91,68.36,-0.91,-0.61,0.37,34.02
1921,55140943,-267.09,-979.49,72.27,-0.85,-0.73,0.61,33.83
1922,55146787,-271.00,-979.98,69.82,-0.79,-0.55,0.24,34.12
1923,55150836,-269.53,-979.98,70.31,-0.85,-0.79,0.00,34.16
1924,55154885,-269.53,-977.54,69.34,-0.85,-0.61,-0.18,34.02
1925,55158943,-268.55,-978.03,72.27,-0.73,-0.61,0.06,34.02
1926,55162992,-271.48,-981.93,69.82,-0.85,-0.61,-0.24,34.02
1927,55168787,-267.58,-985.35,70.80,-0.85,-0.61,0.00,33.88
1928,55172836,-270.51,-982.42,71.29,-0.79,-0.61,0.24,33.88
1929,55176885,-267.09,-986.33,71.29,-0.79,-0.73,0.49,33.88
1930,55180943,-269.53,-981.93,74.22,-0.67,-0.73,0.67,33.88
1931,55184992,-267.09,-981.93,66.89,-0.61,-0.79,0.73,33.88
1932,55190787,-270.02,-981.45,68.85,-0.73,-0.79,0.79,33.83
1933,55194836,-271.48,-984.37,66.41,-0.85,-0.91,0.43,34.21
1934,55198885,-269.04,-979.98,67.38,-0.98,-0.67,0.43,34.02
1935,55202943,-271.48,-977.05,72.27,-0.91,-0.55,0.00,33.68
1936,55206992,-270.02,-984.37,72.27,-1.04,-0.79,0.18,34.02
1937,55212787,-272.46,-979.49,68.85,-0.91,-0.98,0.49,33.83
1938,55216836,-267.58,-981.45,73.24,-0.67,-0.61,0.55,33.88
1939,55220885,-272.46,-978.03,70.31,-0.79,-0.55,0.37,34.21
1940,55224943,-271.00,-982.42,71.78,-0.79,-0.85,0.37,33.88
1941,55228992,-269.04,-980.47,75.20,-0.79,-0.79,0.49,34.02
1942,55234787,-269.53,-979.00,69.82,-0.85,-0.73,0.12,34.12
1943,55238836,-271.00,-977.05,72.75,-0.73,-0.43,-0.24,34.02
1944,55242885,-268.07,-978.52,70.31,-0.91,-0.55,-0.12,34.12
1945,55246943,-270.02,-979.00,68.85,-0.79,-0.67,0.00,33.83
1946,55250992,-268.55,-982.42,72.27,-0.55,-0.49,0.18,33.88
1947,55256787,-271.48,-979.98,73.73,-0.61,-0.67,0.37,34.12
1948,55260836,-266.60,-977.05,67.38,-0.67,-0.49,0.49,33.97
1949,55264885,-272.46,-976.07,73.24,-0.79,-0.55,0.37,34.02
1950,55268943,-270.51,-978.52,69.34,-0.85,-0.73,0.49,33.88
1951,55272992,-269.04,-981.45,67.87,-0.61,-0.55,0.49,33.78
1952,55278787,-270.51,-980.96,71.29,-0.61,-0.55,0.37,33.88
1953,55282836,-268.55,-980.96,67.38,-0.61,-0.73,0.43,33.68
1954,55286885,-270.51,-975.10,68.36,-0.61,-1.16,0.67,33.88
1955,55290943,-269.53,-978.03,72.75,-0.79,-0.67,0.18,33.78
1956,55294992,-271.97,-979.00,66.89,-0.98,-0.79,0.00,34.02
1957,55300787,-268.55,-981.45,67.87,-1.10,-0.55,-0.06,33.97
1958,55304836,-271.00,-975.59,70.80,-0.91,-0.67,0.00,33.83
1959,55308885,-272.46,-983.89,70.31,-1.04,-0.61,0.06,33.97
1960,55312943,-269.04,-984.86,72.75,-0.91,-0.61,0.30,33.97
1961,55316992,-270.51,-976.07,72.27,-0.85,-0.73,0.30,33.64
1962,55322787,-270.02,-985.84,67.87,-0.67,-0.61,0.24,34.12
1963,55326836,-272.95,-976.07,66.89,-0.91,-0.43,0.24,34.12
1964,55330885,-269.53,-978.03,65.92,-0.85,-0.61,0.37,34.12
1965,55334943,-271.00,-978.52,71.29,-0.85,-0.61,0.49,33.88
1966,55338992,-270.51,-980.47,69.82,-0.73,-0.91,0.12,33.83
1967,55344787,-270.51,-978.03,68.85,-0.73,-0.73,0.12,34.12
1968,55348836,-269.04,-981.93,69.82,-0.79,-0.61,0.18,34.12
1969,55352885,-275.39,-981.45,72.27,-0.79,-0.55,0.18,34.12
1970,55356943,-273.44,-981.45,70.80,-0.85,-0.61,0.18,33.83
1971,55362787,-270.02,-987.30,69.34,-0.85,-0.61,0.18,33.97
1972,55366836,-267.58,-979.49,71.78,-0.98,-0.55,0.18,33.88
1973,55370885,-264.16,-977.54,72.27,-0.61,-0.55,0.12,34.02
1974,55374943,-271.00,-982.91,74.71,-0.91,-0.91,0.43,34.21
1975,55378992,-266.11,-981.93,66.89,-0.61,-0.55,0.30,33.68
1976,55384787,-271.00,-983.89,72.75,-0.85,-0.67,0.30,34.12
1977,55388836,-274.90,-983.89,70.31,-0.55,-0.55,0.37,33.83
1978,55392885,-273.93,-980.96,68.36,-0.73,-0.67,0.24,34.02
1979,55396943,-268.07,-978.03,69.34,-0.85,-0.61,0.49,33.78
1980,55400992,-268.55,-978.03,68.36,-0.61,-0.61,0.61,34.02
1981,55406787,-270.51,-977.54,69.34,-0.98,-0.61,0.12,34.02
1982,55410836,-267.09,-980.96,68.36,-0.67,-0.55,0.12,34.16
1983,55414885,-268.55,-980.96,66.89,-1.04,-0.55,0.06,34.16
1984,55418943,-274.41,-976.07,70.31,-0.73,-0.43,0.49,33.78
1985,55422992,-273.44,-983.40,69.82,-0.73,-0.91,0.37,34.16
1986,55428787,-272.46,-982.91,66.89,-0.91,-0.85,0.30,34.02
1987,55432836,-268.07,-982.42,67.38,-0.61,-0.67,0.49,34.02
1988,55436885,-271.48,-979.00,69.82,-0.91,-0.85,0.37,34.21
1989,55440943,-271.97,-979.00,66.89,-0.91,-0.79,0.18,33.83
1990,55444992,-273.93,-982.91,69.82,-0.98,-0.85,-0.06,34.02
1991,55450787,-271.97,-981.93,67.38,-0.61,-0.61,0.24,34.02
1992,55454836,-266.11,-984.86,64.94,-0.85,-0.67,0.24,33.83
1993,55458885,-269.53,-976.56,70.31,-0.61,-0.73,0.49,34.02
1994,55462943,-274.41,-978.52,67.38,-0.67,-0.61,0.18,33.97
1995,55466992,-271.00,-980.47,68.36,-0.61,-0.67,0.49,34.02
1996,55472787,-273.44,-979.98,71.78,-0.91,-0.79,0.30,33.97
1997,55476836,-271.00,-984.37,68.36,-0.73,-0.85,0.12,33.83
1998,55480885,-270.51,-979.49,67.87,-0.85,-0.73,0.00,34.02
1999,55484943,-269.53,-981.45,69.82,-1.04,-0.67,0.06,33.97
2000,55488992,-265.62,-976.07,69.34,-0.73,-0.61,0.18,34.21
2001,55494787,-273.44,-980.96,68.36,-0.91,-0.67,0.18,33.64
2002,55498836,-271.48,-981.93,71.29,-0.73,-0.79,0.61,33.83
2003,55502885,-269.04,-979.49,67.87,-0.79,-0.73,0.43,34.12
2004,55506943,-272.46,-980.96,70.80,-0.85,-0.55,0.37,33.97
2005,55510992,-274.41,-980.47,72.75,-0.49,-0.67,0.18,33.64
2006,55516787,-270.02,-979.98,68.36,-0.73,-0.61,0.18,33.88
2007,55520836,-271.48,-979.49,72.75,-0.73,-0.30,0.18,33.88
2008,55524885,-273.93,-982.42,67.38,-0.79,-0.43,0.18,34.02
2009,55528943,-271.48,-982.42,69.34,-0.91,-0.67,0.12,34.16
2010,55532992,-271.97,-978.52,67.87,-0.85,-0.55,0.43,33.68
2011,55538787,-273.44,-978.03,70.31,-0.79,-0.73,0.06,33.78
2012,55542836,-268.55,-979.98,72.27,-1.04,-0.73,0.18,33.88
2013,55546885,-271.00,-982.42,67.38,-0.73,-0.67,0.24,33.88
2014,55550943,-270.51,-979.98,72.27,-0.79,-0.49,0.37,34.02
2015,55554992,-266.11,-981.45,71.78,-0.73,-0.67,0.37,33.83
2016,55560787,-274.41,-979.98,70.31,-0.98,-0.49,0.24,34.02
2017,55564836,-271.97,-980.47,66.41,-0.79,-0.73,0.37,33.97
2018,55568885,-271.48,-979.98,68.85,-0.85,-0.49,0.30,33.83
2019,55572943,-268.55,-982.42,71.78,-0.85,-0.73,0.43,34.02
2020,55578787,-269.04,-981.93,72.75,-0.85,-0.91,0.49,33.97
2021,55582836,-268.55,-981.45,69.34,-0.67,-0.61,0.49,34.02
2022,55586885,-265.62,-981.93,65.43,-0.61,-0.30,0.12,33.97
2023,55590943,-268.55,-979.00,63.48,-0.67,-0.73,0.43,33.88
2024,55594992,-272.46,-981.93,65.43,-0.85,-0.61,0.43,34.02
2025,55599042,-272.95,-979.49,68.85,-0.79,-0.49,0.49,33.88
2026,55604787,-268.55,-981.93,69.82,-0.79,-0.49,0.61,34.12
2027,55608836,-269.53,-979.98,74.71,-0.85,-1.04,0.18,34.02
2028,55612885,-270.51,-978.52,67.87,-0.73,-0.85,0.37,34.02
2029,55616943,-266.11,-979.00,70.80,-0.73,-0.61,0.24,34.02
2030,55622787,-268.07,-976.56,66.89,-0.98,-0.55,0.18,33.78
2031,55626836,-270.51,-977.54,70.80,-1.16,-0.43,0.24,33.97
2032,55630885,-276.86,-982.42,66.41,-0.79,-0.73,0.30,34.12
2033,55634943,-268.55,-979.00,70.80,-0.85,-0.79,0.30,33.59
2034,55638992,-274.90,-981.45,68.85,-1.04,-0.91,0.49,34.12
2035,55644787,-269.53,-979.49,71.29,-0.73,-0.61,0.18,33.97
2036,55648836,-267.09,-980.47,71.29,-1.04,-0.49,0.24,34.02
2037,55652885,-268.55,-982.42,69.34,-0.85,-0.73,0.18,34.21
2038,55656943,-273.93,-978.52,68.85,-0.85,-0.67,0.30,33.83
2039,55660992,-269.53,-983.40,70.31,-0.79,-0.49,0.43,34.21
2040,55666787,-271.48,-977.05,69.82,-0.85,-0.73,0.37,34.02
2041,55670836,-268.55,-983.89,65.92,-0.67,-0.79,0.06,34.02
2042,55674885,-269.04,-984.37,65.43,-0.98,-0.61,0.18,34.02
2043,55678943,-269.53,-975.59,65.92,-0.79,-0.55,0.12,33.68
2044,55682992,-269.04,-978.52,70.31,-0.67,-0.67,0.30,34.21
2045,55688787,-274.41,-983.40,71.78,-0.79,-0.85,0.43,34.02
2046,55692836,-268.55,-978.03,72.27,-0.85,-0.79,0.18,34.02
2047,55696885,-268.07,-979.49,71.29,-0.79,-0.61,0.06,33.83
2048,55700943,-271.00,-981.45,71.29,-0.73,-0.61,0.30,34.16
2049,55704992,-268.55,-979.49,71.29,-0.85,-0.61,0.06,33.83
2050,55710787,-269.04,-979.98,65.92,-0.79,-0.73,0.18,33.88
2051,55714836,-272.95,-980.96,65.43,-0.98,-0.61,0.30,33.83
2052,55718885,-270.51,-982.91,66.41,-0.67,-0.73,0.49,33.88
2053,55722943,-272.46,-984.86,67.38,-0.91,-0.67,0.43,34.02
2054,55726992,-269.04,-977.54,67.87,-0.79,-0.67,0.24,34.31
2055,55732787,-266.60,-977.05,66.89,-0.55,-0.49,0.43,33.78
2056,55736836,-273.44,-981.93,69.34,-0.85,-0.67,0.06,33.78
2057,55740885,-270.51,-982.91,65.92,-0.79,-0.91,0.12,34.21
2058,55744943,-264.65,-979.00,64.45,-0.85,-0.55,0.18,34.02
2059,55748992,-268.55,-984.37,67.87,-0.85,-0.73,0.06,33.83
2060,55754787,-269.04,-979.00,67.87,-0.61,-0.85,0.30,33.88
2061,55758836,-271.97,-981.45,69.34,-0.91,-0.61,0.55,33.78
2062,55762885,-271.97,-982.91,69.82,-1.04,-0.73,0.30,34.02
2063,55766943,-276.37,-981.93,69.82,-0.67,-0.67,0.30,34.02
2064,55770992,-273.44,-981.45,72.27,-1.10,-0.73,0.49,33.83
2065,55776787,-273.93,-979.98,69.34,-0.79,-0.67,0.24,33.78
2066,55780836,-270.02,-978.03,67.38,-0.73,-0.61,0.00,34.02
2067,55784885,-270.02,-978.03,64.45,-1.04,-0.85,0.06,34.21
2068,55788943,-274.90,-986.33,66.41,-0.91,-0.55,0.18,34.02
2069,55792992,-270.02,-983.40,66.89,-0.73,-0.73,0.30,33.88
2070,55798787,-269.04,-981.93,69.34,-0.67,-0.61,0.18,34.12
2071,55802836,-267.58,-982.42,71.78,-0.91,-0.67,0.24,34.02
2072,55806885,-268.55,-980.47,69.82,-0.85,-0.85,0.24,33.97
2073,55810943,-265.14,-982.42,71.29,-0.61,-0.67,0.30,33.97
2074,55816787,-268.55,-974.61,71.29,-0.85,-0.49,0.30,34.02
2075,55820836,-273.93,-983.89,66.89,-0.67,-0.73,0.18,33.83
2076,55824885,-273.44,-980.96,67.87,-0.79,-0.91,0.18,34.12
2077,55828943,-269.53,-977.54,71.29,-0.79,-0.67,0.18,33.88
2078,55832992,-270.02,-977.05,70.80,-0.79,-0.67,0.30,33.83
2079,55838787,-269.53,-984.37,71.78,-0.73,-0.85,0.24,34.02
2080,55842836,-269.04,-982.42,68.85,-0.55,-0.85,0.37,33.88
2081,55846885,-271.48,-981.93,67.38,-0.91,-0.67,0.24,33.97
2082,55850943,-271.00,-982.91,66.89,-0.73,-0.79,0.37,33.83
2083,55854992,-270.51,-984.86,67.87,-0.61,-0.67,0.18,34.02
2084,55860787,-268.55,-980.96,69.34,-0.55,-0.73,0.43,34.12
2085,55864836,-269.04,-980.96,67.87,-0.91,-0.85,0.18,33.88
2086,55868885,-268.55,-979.49,70.31,-1.10,-0.79,0.37,34.21
2087,55872943,-272.95,-983.40,67.87,-0.67,-0.73,0.12,33.68
2088,55876992,-271.48,-983.89,69.34,-0.79,-0.55,0.18,34.02
2089,55882787,-263.67,-983.89,73.24,-0.85,-0.67,0.43,33.88
2090,55886836,-270.51,-982.42,75.68,-0.79,-0.61,0.18,33.97
2091,55890885,-270.51,-980.96,67.87,-0.98,-0.73,0.30,33.97
2092,55894943,-271.97,-981.45,71.78,-0.98,-0.61,0.37,33.83
2093,55898992,-272.46,-982.91,69.34,-0.73,-0.73,0.37,34.02
2094,55904787,-266.60,-983.40,72.75,-1.16,-0.55,0.37,34.02
2095,55908836,-272.46,-976.07,65.92,-0.85,-0.79,0.30,34.02
2096,55912885,-269.53,-983.89,70.31,-0.61,-0.55,0.43,33.97
2097,55916943,-268.55,-979.00,71.78,-0.85,-0.49,0.12,34.02
2098,55920992,-273.44,-980.47,67.87,-0.85,-0.67,0.55,34.12
2099,55926787,-268.07,-984.86,71.29,-0.67,-0.91,0.37,34.12
2100,55930836,-270.02,-984.37,66.41,-0.73,-0.73,0.30,33.88
2101,55934885,-270.51,-980.96,68.36,-0.61,-0.67,0.30,34.16
2102,55938943,-269.53,-979.98,71.78,-0.67,-0.73,0.24,34.12
2103,55942992,-270.02,-980.96,68.85,-0.79,-0.85,0.30,34.02
2104,55948787,-273.93,-977.05,71.29,-0.61,-0.85,0.06,33.59
2105,55952836,-270.02,-980.47,68.36,-0.79,-0.79,0.24,33.83
2106,55956885,-272.46,-978.03,68.85,-0.91,-0.55,0.24,34.21
2107,55960943,-271.97,-981.93,70.31,-0.67,-0.67,0.12,33.83
2108,55964992,-271.48,-981.45,71.29,-0.67,-0.67,0.24,33.78
2109,55970787,-273.44,-981.45,67.87,-0.67,-0.79,0.18,34.02
2110,55974836,-273.44,-986.82,69.82,-0.73,-0.79,0.49,33.78
2111,55978885,-275.88,-986.33,69.34,-0.67,-0.37,0.37,34.12
2112,55982943,-268.55,-982.91,73.24,-0.67,-0.91,0.67,33.88
2113,55986992,-268.55,-983.89,68.85,-0.85,-0.73,0.49,34.02
2114,55992787,-270.02,-982.42,68.85,-0.67,-0.73,0.12,33.78
2115,55996836,-271.00,-980.47,69.34,-0.91,-0.85,0.55,33.97
2116,56000885,-269.53,-979.98,67.87,-0.55,-0.30,0.24,34.12
2117,56004943,-270.02,-981.93,69.82,-0.79,-0.73,0.24,33.88
2118,56008992,-273.44,-979.49,66.41,-0.91,-0.49,0.18,33.68
2119,56014787,-271.48,-976.56,67.38,-0.61,-0.61,0.18,33.83
2120,56018836,-271.97,-981.93,66.41,-0.85,-0.61,0.30,33.97
2121,56022885,-266.11,-979.98,69.34,-1.04,-0.79,0.30,34.02
2122,56026943,-268.07,-977.05,71.29,-0.67,-0.61,0.24,33.88
2123,56032787,-269.53,-975.59,67.87,-1.04,-0.43,0.18,34.16
2124,56036836,-274.41,-978.52,72.27,-0.79,-0.85,0.18,34.12
2125,56040885,-272.95,-981.45,67.38,-0.79,-0.85,0.18,33.83
2126,56044943,-267.58,-983.89,70.31,-0.85,-0.67,0.12,34.12
2127,56048992,-268.07,-982.91,71.78,-0.79,-0.79,0.55,34.02
2128,56054787,-269.04,-983.40,68.85,-0.67,-0.73,0.30,34.12
2129,56058836,-271.48,-978.52,68.36,-0.98,-0.55,0.18,33.97
2130,56062885,-271.97,-979.49,68.85,-1.16,-0.73,0.24,34.02
2131,56066943,-271.00,-980.96,68.36,-0.91,-0.73,0.43,33.97
2132,56070992,-269.04,-985.35,68.85,-0.85,-0.67,0.61,33.88
2133,56076787,-277.83,-979.00,67.38,-0.91,-0.73,0.37,34.16
2134,56080836,-265.62,-981.45,71.29,-0.85,-0.43,0.18,33.88
2135,56084885,-272.95,-982.42,73.73,-0.55,-0.67,0.37,34.16
2136,56088943,-270.02,-980.96,70.31,-0.85,-0.67,0.30,33.59
2137,56092992,-270.02,-981.45,68.85,-0.79,-0.85,0.30,34.16
2138,56098787,-271.00,-979.49,72.75,-0.73,-0.67,0.30,34.21
2139,56102836,-271.48,-978.03,68.36,-0.79,-0.61,0.24,33.88
2140,56106885,-270.51,-980.96,70.31,-0.73,-0.67,0.24,33.83
2141,56110943,-274.90,-978.03,66.89,-0.91,-0.55,0.37,33.83
2142,56114992,-270.02,-978.52,68.85,-0.91,-0.79,0.49,33.97
2143,56120787,-271.97,-977.05,72.75,-0.85,-0.55,0.12,33.88
2144,56124836,-271.97,-980.47,69.82,-0.91,-0.49,-0.18,34.02
2145,56128885,-268.07,-980.96,68.36,-0.73,-0.73,0.24,34.02
2146,56132943,-271.00,-977.54,66.89,-0.61,-0.67,0.37,34.02
2147,56136992,-268.07,-981.93,71.78,-0.73,-0.61,0.18,33.83
2148,56142787,-271.48,-981.93,72.27,-0.79,-0.67,-0.12,34.12
2149,56146836,-271.00,-975.59,71.29,-0.61,-0.61,0.37,34.21
2150,56150885,-268.07,-978.03,71.29,-1.10,-0.61,0.24,34.02
2151,56154943,-268.55,-981.93,71.29,-0.79,-0.55,0.30,34.12
2152,56158992,-269.53,-982.91,73.73,-0.79,-0.79,0.30,34.02
2153,56164787,-271.48,-980.47,68.85,-0.91,-0.85,0.12,33.68
2154,56168836,-273.93,-978.52,71.78,-0.98,-1.04,0.37,33.83
2155,56172885,-270.02,-982.42,69.34,-0.73,-0.85,0.43,34.02
2156,56176943,-273.44,-981.45,75.68,-0.79,-0.79,0.49,34.02
2157,56180992,-266.60,-976.07,69.34,-0.91,-0.61,0.18,33.97
2158,56186787,-272.46,-982.42,73.24,-0.61,-0.49,0.43,33.78
2159,56190836,-271.00,-986.33,69.34,-0.85,-0.67,0.12,33.83
2160,56194885,-268.55,-981.93,74.71,-0.85,-0.55,0.30,34.02
2161,56198943,-273.93,-982.42,71.29,-1.04,-0.55,0.24,33.97
2162,56202992,-275.39,-979.49,66.41,-0.73,-0.85,0.30,33.78
2163,56208787,-271.00,-980.96,70.31,-0.61,-0.49,0.43,33.68
2164,56212836,-271.97,-979.00,69.82,-0.67,-0.79,0.30,33.88
2165,56216885,-269.04,-981.45,71.29,-0.79,-0.67,0.43,33.88
2166,56220943,-269.53,-979.00,70.31,-0.85,-0.55,0.18,34.16
2167,56224992,-269.04,-982.42,71.78,-0.79,-0.67,-0.06,33.88
2168,56230787,-269.04,-980.47,68.85,-0.73,-0.85,0.18,34.02
2169,56234836,-273.44,-977.54,70.31,-0.61,-0.79,0.24,34.02
2170,56238885,-267.58,-984.37,69.34,-0.67,-0.73,0.18,34.02
2171,56242943,-268.55,-983.40,69.34,-0.73,-0.73,0.24,33.97
2172,56246992,-270.02,-978.03,72.27,-0.79,-0.73,0.18,34.02
2173,56252787,-272.46,-982.91,68.85,-0.91,-0.61,0.37,34.12
2174,56256836,-272.46,-979.49,65.43,-0.61,-0.49,0.49,33.88
2175,56260885,-268.55,-978.03,67.38,-1.10,-0.49,0.24,34.12
2176,56264943,-270.02,-979.00,70.31,-0.73,-0.49,0.43,34.02
2177,56270787,-273.93,-983.89,68.85,-0.98,-0.43,0.24,34.02
2178,56274836,-270.51,-979.49,69.34,-0.73,-0.55,0.43,33.97
2179,56278885,-269.53,-979.00,67.87,-0.91,-0.67,0.30,33.88
2180,56282943,-273.44,-983.40,66.41,-0.79,-0.79,0.37,34.02
2181,56286992,-268.55,-981.93,68.36,-0.61,-0.73,0.24,33.88
2182,56292787,-269.04,-980.96,67.38,-0.79,-0.55,0.49,34.02
2183,56296836,-269.04,-982.42,67.38,-0.79,-0.67,0.37,33.88
2184,56300885,-269.53,-979.49,66.89,-0.79,-0.43,0.30,33.68
2185,56304943,-267.09,-975.59,64.94,-0.91,-0.61,0.30,33.78
2186,56308992,-266.11,-979.49,69.34,-0.85,-0.79,0.06,34.21
2187,56314787,-270.02,-983.89,70.80,-0.73,-0.55,0.30,34.02
2188,56318836,-270.51,-979.00,67.87,-0.73,-0.61,0.49,34.02
2189,56322885,-269.53,-980.47,71.78,-0.73,-0.67,0.24,34.12
2190,56326943,-268.07,-983.89,70.31,-0.98,-0.67,0.18,33.83
2191,56330992,-271.97,-981.45,72.27,-0.73,-0.85,0.30,33.97
2192,56336787,-266.11,-979.98,72.27,-0.85,-0.61,0.06,34.02
2193,56340836,-268.55,-976.56,70.31,-0.85,-0.67,0.12,34.02
2194,56344885,-268.07,-974.61,64.94,-0.85,-0.61,0.30,33.83
2195,56348943,-271.00,-979.98,72.27,-0.73,-0.43,0.24,33.83
2196,56352992,-270.51,-979.00,68.85,-0.73,-0.67,-0.12,34.12
2197,56358787,-269.53,-981.45,70.31,-0.67,-0.61,0.18,33.83
2198,56362836,-269.04,-982.91,74.22,-0.67,-0.73,0.18,34.02
2199,56366885,-270.51,-982.91,69.34,-0.73,-0.55,0.30,34.16
2200,56370943,-270.51,-979.00,71.29,-0.85,-0.55,0.18,33.88
2201,56374992,-268.07,-978.52,69.82,-0.91,-0.61,0.37,33.88
2202,56380787,-268.55,-978.03,68.36,-0.67,-0.67,0.43,34.02
2203,56384836,-271.00,-981.45,76.17,-0.73,-0.85,0.24,33.97
2204,56388885,-269.53,-981.45,68.36,-0.73,-0.73,0.24,33.97
2205,56392943,-268.55,-978.03,70.80,-0.79,-0.79,0.18,34.12
2206,56396992,-268.55,-982.91,71.29,-0.98,-0.61,0.49,34.12
2207,56402787,-273.44,-977.05,70.80,-0.79,-0.73,0.49,33.49
2208,56406836,-268.55,-986.33,72.27,-0.79,-0.79,0.24,34.16
2209,56410885,-267.58,-977.54,73.73,-0.85,-0.55,0.24,34.21
2210,56414943,-275.39,-980.96,71.29,-0.85,-0.67,0.37,33.88
2211,56418992,-272.95,-980.47,73.73,-0.67,-0.79,0.49,33.88
2212,56424787,-270.02,-975.59,68.85,-0.85,-0.43,0.30,33.78
2213,56428836,-273.44,-979.00,71.78,-0.67,-0.55,0.18,33.97
2214,56432885,-266.60,-982.42,66.89,-0.73,-0.73,0.18,34.16
2215,56436943,-269.04,-980.47,67.38,-0.91,-0.67,0.24,34.02
2216,56440992,-270.02,-981.93,69.82,-0.73,-0.79,0.37,33.64
2217,56446787,-270.51,-982.42,72.27,-0.55,-0.61,0.30,33.68
2218,56450836,-271.00,-981.45,71.29,-0.79,-0.61,0.06,33.83
2219,56454885,-271.48,-979.00,69.34,-0.91,-0.49,0.37,34.16
2220,56458943,-267.58,-979.49,72.27,-0.49,-0.61,0.30,34.16
2221,56462992,-269.04,-985.35,70.80,-0.43,-0.85,0.37,33.88
2222,56468787,-268.55,-981.93,68.36,-0.91,-0.73,0.24,34.02
2223,56472836,-269.04,-979.98,71.78,-0.85,-0.55,0.24,33.78
2224,56476885,-272.95,-979.98,71.29,-0.55,-0.67,0.37,33.97
2225,56480943,-272.46,-983.89,70.31,-0.73,-0.73,0.12,34.16
2226,56486787,-268.07,-979.49,71.29,-0.67,-0.73,0.37,34.02
2227,56490836,-270.51,-980.47,73.73,-0.79,-0.67,0.43,34.02
2228,56494885,-267.09,-979.98,69.34,-0.91,-0.73,0.43,34.31
2229,56498943,-271.00,-981.93,71.29,-0.55,-0.79,0.30,34.12
2230,56502992,-270.02,-976.56,71.29,-0.67,-0.73,0.24,34.16
2231,56508787,-267.09,-982.91,71.29,-0.98,-0.67,0.06,33.88
2232,56512836,-272.46,-975.10,73.24,-0.85,-0.67,0.43,33.97
2233,56516885,-267.58,-980.47,69.34,-0.98,-0.55,0.49,34.02
2234,56520943,-272.95,-977.54,71.29,-0.67,-0.73,0.37,33.78
2235,56524992,-266.60,-977.54,68.36,-0.85,-0.49,0.12,34.02
2236,56530787,-268.07,-977.54,68.36,-0.91,-0.67,0.24,34.31
2237,56534836,-271.48,-979.00,70.31,-0.73,-0.79,0.24,34.02
2238,56538885,-266.60,-978.52,68.85,-0.67,-0.73,0.18,33.88
2239,56542943,-272.46,-983.40,72.75,-0.98,-0.55,0.37,33.83
2240,56546992,-270.51,-982.91,72.27,-0.55,-0.73,0.30,34.12
2241,56552787,-267.09,-978.52,70.31,-0.85,-0.55,0.18,34.02
2242,56556836,-271.00,-978.52,70.80,-0.98,-0.61,0.24,34.16
2243,56560885,-270.02,-980.47,66.89,-0.85,-0.49,0.37,34.21
2244,56564943,-271.48,-979.00,72.27,-0.73,-0.79,0.37,33.88
2245,56568992,-269.53,-982.42,66.89,-0.79,-0.73,0.24,34.02
2246,56574787,-268.55,-981.45,69.34,-0.67,-0.55,0.30,34.12
2247,56578836,-268.55,-979.98,69.82,-0.61,-0.73,0.30,33.83
2248,56582885,-266.60,-983.89,68.36,-0.79,-0.55,0.49,34.12
2249,56586943,-270.51,-980.47,70.80,-0.73,-0.55,0.49,33.83
2250,56590992,-268.55,-979.49,70.80,-0.61,-0.61,0.24,33.88
2251,56596787,-272.46,-977.05,71.29,-0.61,-0.55,0.30,34.16
2252,56600836,-268.55,-979.00,67.87,-0.79,-0.67,0.30,33.83
2253,56604885,-269.53,-978.52,74.22,-0.61,-0.73,0.24,33.78
2254,56608943,-270.02,-979.98,66.41,-0.85,-0.55,0.06,33.88
2255,56612992,-271.48,-982.91,69.34,-0.98,-0.55,0.00,33.88
2256,56618787,-269.53,-980.47,69.82,-1.10,-0.79,0.49,33.83
2257,56622836,-270.51,-980.47,70.80,-0.30,-0.79,0.55,33.78
2258,56626885,-273.93,-979.98,72.27,-0.67,-0.61,0.55,34.02
2259,56630943,-270.02,-981.93,67.38,-0.55,-0.61,0.55,34.12
2260,56634992,-272.46,-979.98,72.27,-0.79,-0.67,0.49,33.83
2261,56640787,-268.07,-977.54,70.80,-1.04,-0.73,0.55,33.64
2262,56644836,-271.48,-982.91,68.36,-0.73,-0.67,0.37,33.68
2263,56648885,-272.46,-979.49,70.31,-0.85,-0.67,0.12,34.02
2264,56652943,-269.53,-982.42,71.29,-0.61,-0.61,0.49,34.21
2265,56656992,-269.53,-975.10,70.80,-0.79,-0.55,0.06,34.31
2266,56662787,-270.02,-978.52,68.36,-1.16,-0.73,0.06,33.64
2267,56666836,-269.53,-979.98,69.34,-0.91,-0.67,0.00,33.97
2268,56670885,-269.04,-980.47,73.73,-0.79,-0.49,0.06,34.12
