seq,timestamp_us,ax_mg,ay_mg,az_mg,gx_dps,gy_dps,gz_dps,temp_c
0,8818879,-311.04,-966.80,80.08,-7.20,-0.30,-8.90,33.35
1,8824787,-265.14,-993.16,62.01,-0.98,0.24,-8.41,33.30
2,8828836,-246.58,-994.63,62.99,-2.68,-1.46,-2.62,33.49
3,8832885,-257.32,-994.14,51.27,0.98,-0.43,2.68,33.68
4,8836943,-289.55,-974.12,81.05,2.20,0.30,5.73,33.30
5,8840992,-300.29,-966.31,79.59,0.00,-0.61,4.21,33.11
6,8846787,-302.73,-967.77,75.68,0.06,-0.12,1.46,33.44
7,8850836,-295.90,-965.82,81.05,-1.22,-0.43,-1.95,33.35
8,8854885,-293.95,-979.00,65.92,-1.40,-0.61,-2.87,33.59
9,8858943,-285.64,-976.07,67.38,-0.67,-0.55,-2.93,33.44
10,8862992,-277.83,-975.10,71.29,-0.43,-0.49,-1.83,33.44
11,8868787,-290.53,-980.47,72.27,-0.49,-0.91,-0.79,33.11
12,8872836,-288.57,-973.63,77.15,-0.73,-1.10,-0.98,33.49
13,8876885,-288.09,-973.63,69.82,-1.16,-1.16,-0.91,33.30
14,8880943,-287.11,-973.63,78.61,-0.79,-1.10,-1.46,33.68
15,8884992,-300.29,-976.56,73.73,-0.79,-1.04,-2.38,33.25
16,8890787,-290.04,-977.05,71.78,-0.79,-0.85,-3.23,33.30
17,8894836,-285.16,-975.59,65.92,0.30,-0.18,-3.35,33.16
18,8898885,-309.08,-958.98,97.66,-1.40,0.67,-5.18,33.25
19,8902943,-298.83,-966.80,76.66,-5.30,-1.52,-9.76,33.49
20,8906992,-280.27,-978.03,67.87,-4.15,-0.37,-11.28,33.44
21,8912787,-295.41,-973.14,76.66,-4.63,0.37,-12.50,33.30
22,8916836,-279.79,-975.59,70.80,-5.55,-0.06,-14.82,33.35
23,8920885,-282.71,-977.05,74.22,-1.95,1.89,-14.39,33.44
24,8924943,-254.88,-991.21,64.45,-5.06,-0.73,-13.23,33.49
25,8928992,-241.21,-995.12,57.13,-1.83,-0.18,-6.59,33.16
26,8934787,-249.51,-988.28,72.75,-1.65,-0.67,-1.10,33.59
27,8938836,-270.02,-988.77,65.43,-0.24,-0.98,3.84,33.35
28,8942885,-281.25,-973.63,69.82,-0.30,-0.85,5.12,33.59
29,8946943,-292.97,-975.10,78.12,0.00,-0.67,5.18,33.64
30,8952787,-296.39,-973.14,77.64,-0.49,-0.43,3.84,33.35
31,8956836,-281.25,-973.14,71.29,-1.83,-0.73,2.13,33.49
32,8960885,-281.25,-976.56,70.31,-1.77,-1.10,1.77,33.44
33,8964943,-281.74,-975.59,70.31,-1.59,-0.67,2.20,33.64
34,8968992,-278.32,-982.91,69.82,-1.34,0.12,2.99,33.59
35,8974787,-274.90,-980.96,65.92,-0.73,0.49,4.63,33.49
36,8978836,-271.97,-983.89,61.52,-0.43,1.10,6.46,33.44
37,8982885,-284.18,-982.42,65.43,0.18,0.24,8.05,33.59
38,8986943,-284.67,-977.05,70.31,0.00,0.61,8.35,33.30
39,8990992,-292.97,-974.12,72.27,-0.18,-0.37,7.13,33.35
40,8996787,-292.48,-969.24,68.36,-0.24,-0.24,5.55,33.35
41,9000836,-300.78,-967.29,74.71,-0.79,-0.37,2.87,33.64
42,9004885,-282.71,-989.26,85.94,-7.01,0.73,3.60,33.64
43,9008943,-267.09,-994.14,5.86,8.96,6.40,7.74,33.16
44,9012992,-283.20,-967.77,160.16,5.30,-0.98,12.20,33.49
45,9018787,-279.30,-982.91,55.66,-4.15,-3.35,10.49,33.35
46,9022836,-299.32,-970.70,72.75,3.05,0.18,8.84,33.44
47,9026885,-305.18,-960.94,79.10,2.32,-0.12,6.59,33.68
48,9030943,-321.78,-958.50,84.96,-1.83,-4.02,2.87,33.35
49,9034992,-334.96,-954.10,67.38,-4.57,-6.52,-4.33,33.44
50,9040787,-350.10,-939.94,77.15,-6.10,-9.88,-14.33,33.59
51,9044836,-330.08,-953.12,45.41,-9.02,-13.54,-27.44,33.59
52,9048885,-375.00,-925.78,117.68,-7.56,-17.13,-35.43,33.59
53,9052943,-374.02,-928.71,69.82,-29.27,-45.30,-52.93,33.35
54,9056992,-268.07,-981.93,-10.74,-28.60,-58.84,-62.99,33.64
55,9062787,-251.95,-979.98,98.63,-20.43,-55.12,-60.12,33.44
56,9066836,-277.83,-976.56,88.38,-36.40,-69.94,-61.04,33.44
57,9070885,-160.64,-1042.48,4.39,-31.34,-69.94,-56.40,33.49
58,9074943,-114.75,-1049.32,103.52,-17.74,-48.54,-34.51,33.49
59,9078992,-150.88,-1034.18,56.15,-17.01,-37.07,-12.93,33.68
60,9084787,-138.67,-1051.76,-21.00,-3.72,-30.98,7.26,33.44
61,9088836,-182.62,-1016.60,85.45,18.72,-8.54,29.45,33.30
62,9092885,-278.32,-966.31,141.60,14.33,-0.43,35.00,33.44
63,9096943,-320.31,-953.61,116.21,5.00,2.50,28.60,33.35
64,9100992,-363.77,-935.55,93.26,-1.16,1.10,14.63,33.25
65,9106787,-365.72,-925.78,97.17,-7.38,-4.09,-3.78,33.11
66,9110836,-333.98,-945.80,73.73,-12.74,-5.85,-22.44,33.35
67,9114885,-306.15,-962.89,58.59,-13.60,-5.24,-31.16,33.49
68,9118943,-280.76,-974.61,62.50,-12.01,-3.78,-37.20,33.49
69,9122992,-245.12,-988.77,65.43,-12.74,-3.84,-38.41,33.35
70,9128787,-200.68,-1005.37,45.41,-11.59,-2.68,-32.50,33.16
71,9132836,-167.97,-1033.20,23.44,-5.98,-0.49,-16.59,33.59
72,9136885,-167.97,-1031.25,15.62,1.22,1.04,-3.72,33.49
73,9140943,-176.27,-1020.02,36.13,7.56,2.07,11.46,33.59
74,9144992,-205.57,-1011.72,59.08,9.82,1.34,21.77,33.16
75,9150787,-252.44,-992.68,73.73,8.29,-0.67,26.16,33.35
76,9154836,-269.04,-979.49,66.89,3.60,-3.72,23.78,33.59
77,9158885,-256.35,-983.89,68.36,1.71,-5.24,22.56,33.64
78,9162943,-258.79,-988.28,60.06,3.96,-2.38,22.56,33.64
79,9168787,-271.00,-972.66,73.24,4.82,-0.67,20.91,33.44
80,9172836,-283.69,-967.77,83.01,3.05,1.16,16.04,33.44
81,9176885,-286.62,-968.75,83.98,0.67,1.46,11.10,33.44
82,9180943,-284.18,-978.03,73.73,-0.67,1.16,7.26,33.35
83,9184992,-276.37,-978.52,72.75,-1.40,0.61,4.33,33.35
84,9189042,-261.72,-982.91,62.01,-1.28,0.00,3.41,33.44
85,9194787,-255.86,-988.77,60.55,-0.24,-0.73,4.33,33.44
86,9198836,-250.00,-992.19,64.94,0.79,-0.85,6.46,33.44
87,9202885,-243.16,-992.19,66.89,0.12,-2.07,8.84,33.35
88,9206943,-243.65,-990.23,64.45,1.28,-2.20,12.80,33.49
89,9212787,-253.91,-988.77,74.71,2.32,-1.71,16.65,33.64
90,9216836,-256.35,-990.72,74.22,6.77,0.91,18.84,33.59
91,9220885,-237.30,-986.33,229.49,-0.12,4.33,23.66,33.49
92,9224943,-396.97,-931.64,-46.39,-26.04,-25.73,19.51,33.16
93,9228992,-374.51,-950.68,-128.42,-12.44,-63.11,1.28,33.35
94,9234787,-308.11,-961.91,89.36,2.99,-65.43,-8.23,33.11
95,9238836,-283.20,-956.05,223.63,-16.71,-48.17,-15.98,33.64
96,9242885,-250.98,-987.79,86.91,-19.02,-19.70,-16.71,33.35
97,9246943,-243.65,-1002.93,24.41,-11.10,-4.57,-14.02,33.30
98,9250992,-236.33,-999.51,24.90,0.06,1.04,-8.90,33.59
99,9256787,-255.37,-985.84,67.38,5.18,3.17,-3.11,33.59
100,9260836,-256.35,-987.30,82.03,1.22,1.34,-1.10,33.44
101,9264885,-258.30,-990.23,54.69,1.71,4.21,-0.37,33.49
102,9268943,-253.42,-986.82,74.22,4.45,7.13,1.46,33.44
103,9272992,-244.14,-992.19,74.22,2.93,6.34,4.21,33.44
104,9278787,-247.07,-994.63,54.20,4.02,5.49,8.60,33.49
105,9282836,-257.81,-989.75,68.85,3.41,1.22,12.87,33.68
106,9286885,-275.39,-976.07,77.64,2.20,0.00,12.62,33.44
107,9290943,-283.20,-969.73,74.22,0.55,-1.52,10.12,33.49
108,9294992,-289.55,-969.24,71.78,-0.43,-1.34,5.91,33.30
109,9300787,-289.55,-969.24,72.27,-0.91,-0.85,0.67,33.49
110,9304836,-286.62,-971.19,70.31,-0.79,-0.55,-4.88,33.11
111,9308885,-274.90,-975.59,72.75,-0.85,-0.98,-6.83,33.59
112,9312943,-267.09,-981.93,66.89,-1.77,-2.01,-8.23,33.68
113,9316992,-263.18,-981.45,76.66,-2.26,-2.20,-8.17,33.44
114,9322787,-260.74,-984.86,74.22,-3.23,-1.95,-7.56,33.35
115,9326836,-253.91,-988.77,62.99,-3.35,-1.34,-6.04,33.30
116,9330885,-255.37,-988.77,61.04,-2.38,-0.91,-3.90,33.35
117,9334943,-256.84,-988.28,61.52,-1.04,-0.67,-1.83,33.68
118,9338992,-262.70,-985.35,64.94,-0.37,-0.61,0.12,33.25
119,9344787,-265.62,-983.89,71.78,-0.30,-0.43,0.98,33.25
120,9348836,-269.53,-978.52,71.29,-0.30,-0.61,1.10,33.44
121,9352885,-272.46,-981.93,69.34,-0.43,-0.73,0.91,33.49
122,9356943,-269.53,-979.49,69.34,-0.55,-0.85,0.73,33.49
123,9360992,-269.04,-981.93,69.82,-0.73,-0.61,0.30,33.25
124,9366787,-266.60,-979.00,74.22,-0.61,-0.67,0.49,33.59
125,9370836,-268.55,-979.00,72.27,-0.73,-0.73,0.73,33.59
126,9374885,-271.00,-985.35,74.71,-0.91,-0.67,0.85,33.49
127,9378943,-270.02,-986.33,72.75,-0.91,-0.67,0.67,33.35
128,9382992,-270.51,-979.49,68.85,-1.04,-0.67,0.73,33.49
129,9388787,-266.11,-980.47,75.20,-0.67,-0.67,0.30,33.35
130,9392836,-268.07,-975.59,72.75,-0.55,-0.43,0.06,33.64
131,9396885,-268.07,-980.47,71.29,-0.55,-0.67,-0.24,33.44
132,9400943,-267.58,-979.49,70.31,-0.79,-0.73,-0.49,33.68
133,9406787,-268.07,-980.96,71.29,-0.91,-0.67,-0.55,33.44
134,9410836,-264.16,-986.33,69.34,-0.91,-0.61,-0.49,33.49
135,9414885,-261.72,-978.52,69.34,-0.61,-0.37,-0.18,33.59
136,9418943,-266.60,-982.42,68.36,-0.67,-0.49,0.18,33.68
137,9422992,-258.79,-982.91,71.29,-0.91,-0.55,0.24,33.78
138,9428787,-265.62,-982.91,68.85,-0.85,-0.43,0.43,33.49
139,9432836,-264.16,-983.89,68.85,-0.79,-0.67,0.49,33.83
140,9436885,-266.60,-980.47,65.43,-0.73,-0.73,0.67,33.64
141,9440943,-264.65,-981.93,66.89,-0.55,-0.49,0.55,33.44
142,9444992,-267.58,-981.93,65.92,-0.61,-0.79,0.24,33.35
143,9450787,-266.60,-977.54,65.43,-0.85,-0.67,0.00,33.64
144,9454836,-265.62,-982.91,66.89,-0.79,-0.73,0.18,33.59
145,9458885,-267.09,-981.93,64.45,-0.79,-0.73,0.18,33.35
146,9462943,-268.07,-982.91,65.43,-0.98,-0.67,0.00,33.30
147,9466992,-264.16,-981.45,65.43,-0.73,-0.85,0.12,33.68
148,9472787,-264.16,-981.93,66.89,-0.98,-0.73,0.24,33.64
149,9476836,-266.11,-983.89,67.38,-0.91,-0.67,0.18,33.64
150,9480885,-261.72,-979.98,66.41,-0.67,-0.73,0.12,33.78
151,9484943,-268.07,-977.05,65.92,-0.73,-0.73,0.49,33.44
152,9488992,-266.11,-984.37,68.85,-0.73,-0.73,0.61,33.49
153,9494787,-268.07,-984.86,74.71,-0.49,-0.85,0.61,33.49
154,9498836,-272.46,-979.98,69.34,-0.85,-0.61,0.61,33.49
155,9502885,-270.02,-979.49,68.85,-0.67,-0.79,0.49,33.35
156,9506943,-267.09,-983.89,76.17,-0.73,-0.55,0.43,33.49
157,9510992,-270.51,-978.03,69.82,-0.98,-0.91,-0.12,33.49
158,9516787,-270.02,-975.10,71.78,-0.79,-0.73,0.24,33.49
159,9520836,-265.62,-981.93,72.27,-0.73,-0.91,0.06,33.44
160,9524885,-269.53,-977.54,71.29,-0.79,-0.73,0.18,33.59
161,9528943,-266.11,-982.42,72.27,-0.79,-0.79,0.30,33.44
162,9532992,-266.60,-983.40,68.36,-0.61,-0.61,0.37,33.30
163,9538787,-268.55,-978.03,71.29,-0.73,-0.37,0.30,33.35
164,9542836,-265.62,-981.93,69.82,-0.85,-0.79,0.18,33.35
165,9546885,-267.09,-982.91,70.31,-0.73,-0.73,0.37,33.30
166,9550943,-263.67,-982.42,70.80,-0.43,-0.61,0.30,33.78
167,9554992,-270.02,-982.91,72.27,-0.73,-0.61,0.24,33.49
168,9560787,-263.18,-984.37,69.82,-0.67,-0.61,0.30,33.30
169,9564836,-269.04,-978.03,69.34,-0.98,-0.61,0.24,33.35
170,9568885,-267.58,-982.91,65.92,-0.79,-0.61,0.12,33.44
171,9572943,-270.02,-983.40,63.96,-0.79,-0.55,0.18,33.78
172,9576992,-267.09,-979.98,65.43,-0.79,-0.73,-0.30,33.35
173,9582787,-264.65,-979.00,68.85,-0.85,-0.73,0.18,33.25
174,9586836,-265.62,-982.42,65.43,-0.61,-0.73,0.12,33.59
175,9590885,-269.53,-984.37,67.38,-0.67,-0.73,-0.06,33.59
176,9594943,-267.09,-986.33,65.43,-0.79,-0.73,0.06,33.68
177,9598992,-269.53,-978.03,71.29,-0.85,-0.49,0.18,33.35
178,9604787,-262.21,-983.40,70.80,-0.91,-0.55,0.06,33.68
179,9608836,-266.11,-983.40,66.41,-0.73,-0.37,0.18,33.49
180,9612885,-262.70,-985.35,62.99,-0.79,-0.61,0.24,33.35
181,9616943,-263.18,-976.56,67.38,-0.61,-0.73,0.00,33.35
182,9622787,-260.25,-979.49,63.48,-0.91,-0.67,0.30,33.59
183,9626836,-268.07,-980.47,66.41,-0.55,-0.67,0.67,33.59
184,9630885,-269.04,-983.40,68.85,-0.79,-0.67,0.30,33.49
185,9634943,-270.02,-982.42,70.80,-0.85,-0.73,0.12,33.49
186,9638992,-264.16,-982.42,71.29,-0.85,-0.79,0.06,33.68
187,9643042,-265.62,-981.45,72.27,-0.85,-0.85,0.18,33.16
188,9648787,-262.70,-981.93,72.75,-0.61,-0.73,0.24,33.68
189,9652836,-267.58,-979.98,72.27,-0.85,-0.91,0.18,33.78
190,9656885,-270.02,-981.93,78.12,-0.98,-0.67,0.06,33.30
191,9660943,-270.51,-982.42,69.82,-0.73,-0.67,0.12,33.35
192,9666787,-261.72,-977.54,75.20,-0.98,-0.67,0.06,33.49
193,9670836,-270.02,-984.86,74.22,-0.85,-0.61,0.06,33.64
194,9674885,-270.51,-981.45,70.31,-0.91,-0.73,-0.12,33.44
195,9678943,-267.09,-980.47,66.41,-0.79,-0.43,-0.24,33.49
196,9682992,-263.67,-982.91,63.96,-1.04,-0.73,-0.18,33.49
197,9688787,-264.65,-979.49,64.94,-0.49,-0.43,0.12,33.59
198,9692836,-270.51,-985.84,64.94,-0.98,-0.67,0.12,33.49
199,9696885,-269.04,-979.49,62.50,-0.85,-0.79,-0.12,33.44
200,9700943,-272.95,-974.12,69.34,-0.98,-1.46,-0.79,33.30
201,9704992,-277.34,-981.45,77.15,-3.35,-2.56,-2.01,33.68
202,9710787,-273.44,-976.07,68.85,-3.72,-2.87,-2.99,33.64
203,9714836,-263.18,-982.42,62.50,-2.38,-1.95,-2.80,33.30
204,9718885,-258.79,-983.40,65.43,-1.04,-0.85,-1.77,33.64
205,9722943,-263.67,-983.89,67.38,-0.49,-0.67,-0.49,33.35
206,9726992,-264.16,-981.93,70.80,-0.24,-0.30,0.79,33.64
207,9732787,-261.23,-977.05,75.68,-0.18,-0.49,1.22,33.44
208,9736836,-270.02,-979.49,75.68,-0.61,-0.73,1.22,33.44
209,9740885,-268.07,-983.89,72.27,-0.98,-0.91,0.30,33.49
210,9744943,-260.74,-979.98,70.31,-1.28,-0.98,-0.49,33.35
211,9748992,-259.28,-983.40,68.85,-0.98,-0.67,-0.67,33.64
212,9754787,-253.91,-982.42,74.22,-0.79,-0.61,-0.73,33.49
213,9758836,-251.95,-985.84,68.85,-0.61,-0.55,-0.43,33.25
214,9762885,-255.37,-988.28,71.78,-0.55,-0.61,0.12,33.44
215,9766943,-252.93,-985.84,69.34,-0.55,-0.55,0.67,33.59
216,9770992,-258.79,-981.45,72.27,-0.79,-0.55,0.73,33.64
217,9776787,-265.62,-981.93,68.85,-0.61,-0.61,0.79,33.35
218,9780836,-268.55,-980.47,68.85,-0.43,-0.73,1.16,33.35
219,9784885,-265.62,-979.00,66.41,-0.43,-0.61,0.79,33.68
220,9788943,-270.51,-979.49,65.43,-0.79,-0.79,0.67,33.35
221,9792992,-270.51,-977.05,66.41,-0.79,-0.67,0.79,33.44
222,9798787,-272.46,-980.96,68.85,-0.67,-0.73,0.67,33.35
223,9802836,-276.37,-979.00,67.87,-0.85,-0.85,0.43,33.30
224,9806885,-271.48,-980.96,65.92,-0.79,-0.61,0.30,33.68
225,9810943,-269.53,-979.98,64.45,-0.85,-0.55,0.18,33.64
226,9814992,-272.95,-976.56,68.36,-0.79,-0.55,0.06,33.35
227,9820787,-268.07,-983.40,63.96,-0.73,-0.67,-0.55,33.44
228,9824836,-266.60,-977.05,62.99,-0.91,-0.67,-0.49,33.64
229,9828885,-260.74,-980.96,70.31,-1.04,-0.49,-0.37,33.44
230,9832943,-259.28,-984.86,66.89,-0.79,-0.67,-0.37,33.59
231,9836992,-262.70,-981.93,63.96,-0.91,-0.67,-0.43,33.59
232,9842787,-260.25,-984.86,69.82,-1.28,-0.67,-0.24,33.25
233,9846836,-264.65,-986.82,70.31,-0.91,-0.73,0.06,33.49
234,9850885,-256.84,-980.96,72.75,-0.61,-0.43,0.06,33.68
235,9854943,-264.65,-982.91,71.78,-0.85,-0.37,0.30,33.59
236,9860787,-256.84,-979.49,71.29,-0.67,-0.67,0.49,33.49
237,9864836,-261.72,-977.05,73.73,-0.43,-0.55,0.73,33.49
238,9868885,-266.11,-981.45,79.59,-0.73,-0.37,0.49,33.59
239,9872943,-262.21,-981.45,75.20,-0.55,-0.55,0.67,33.68
240,9876992,-263.67,-979.49,72.27,-0.43,-0.67,0.30,33.78
241,9882787,-262.70,-980.47,72.27,-0.73,-0.73,0.49,33.78
242,9886836,-267.58,-978.52,68.85,-0.67,-0.91,0.30,33.59
243,9890885,-258.30,-981.93,71.29,-0.55,-0.79,0.00,33.30
244,9894943,-262.21,-985.35,67.87,-0.85,-0.67,-0.12,33.35
245,9898992,-264.65,-982.91,69.82,-0.91,-0.73,-0.30,33.64
246,9904787,-267.58,-981.45,68.36,-1.04,-0.43,0.12,33.49
247,9908836,-261.72,-982.91,62.01,-1.04,-0.61,-0.12,33.78
248,9912885,-259.28,-978.03,61.52,-0.85,-0.73,-0.18,33.59
249,9916943,-262.21,-983.40,62.01,-0.85,-0.73,-0.12,33.44
250,9920992,-262.21,-983.40,62.50,-0.98,-0.67,0.12,33.44
251,9926787,-267.58,-980.96,61.04,-0.85,-0.49,0.30,33.59
252,9930836,-266.11,-979.98,67.38,-0.91,-0.73,0.30,33.64
253,9934885,-265.14,-977.54,63.48,-0.61,-0.73,0.49,33.59
254,9938943,-269.53,-982.91,64.94,-0.73,-0.61,0.37,33.59
255,9942992,-271.48,-980.47,66.41,-0.61,-0.73,0.37,33.59
256,9948787,-264.16,-981.45,68.36,-0.85,-0.67,0.37,33.59
257,9952836,-266.11,-985.84,70.31,-0.79,-0.67,0.18,33.49
258,9956885,-265.14,-985.35,73.24,-0.79,-0.79,0.24,33.59
259,9960943,-264.65,-981.45,68.85,-0.85,-0.61,-0.24,33.64
260,9964992,-266.11,-981.93,72.75,-0.85,-0.73,-0.30,33.68
261,9970787,-267.09,-979.49,71.29,-0.91,-0.91,0.06,33.64
262,9974836,-264.16,-983.40,73.24,-0.98,-0.85,-0.18,33.35
263,9978885,-261.23,-981.93,65.43,-0.91,-0.73,-0.30,33.16
264,9982943,-259.28,-983.89,69.34,-0.73,-0.49,-0.12,33.59
265,9986992,-259.28,-986.33,68.85,-0.85,-0.67,-0.24,33.35
266,9992787,-260.25,-985.35,73.24,-0.79,-0.91,0.06,33.30
267,9996836,-259.28,-984.86,73.73,-0.79,-0.61,0.06,33.59
268,10000885,-261.23,-982.42,70.31,-0.98,-0.73,0.00,33.68
269,10004943,-258.79,-978.03,70.31,-0.98,-0.67,-0.06,33.64
270,10008992,-259.77,-981.45,66.41,-0.79,-0.79,0.18,33.49
271,10014787,-264.65,-979.00,67.87,-0.79,-0.61,0.37,33.11
272,10018836,-265.62,-977.54,70.31,-0.61,-0.67,0.49,33.25
273,10022885,-267.58,-982.42,69.34,-0.61,-0.61,0.73,33.59
274,10026943,-269.04,-982.42,68.85,-0.73,-0.55,0.79,33.59
275,10030992,-263.67,-981.45,63.48,-0.67,-0.67,0.37,33.11
276,10036787,-271.48,-980.96,66.89,-0.61,-0.91,0.49,33.35
277,10040836,-270.02,-980.96,65.43,-0.85,-0.73,0.37,33.59
278,10044885,-268.07,-980.47,62.50,-0.73,-0.37,0.06,33.44
279,10048943,-266.60,-980.96,63.96,-0.85,-1.16,-0.06,33.30
280,10052992,-263.67,-984.37,67.38,-0.91,-0.67,-0.30,33.16
281,10058787,-262.70,-985.35,68.36,-0.91,-0.73,-0.30,33.35
282,10062836,-263.67,-984.86,66.41,-0.85,-0.79,0.00,33.59
283,10066885,-261.23,-985.35,64.94,-0.73,-0.79,0.12,33.59
284,10070943,-265.62,-983.40,67.87,-0.73,-0.73,-0.06,33.49
285,10076787,-262.21,-981.45,69.82,-0.85,-0.73,-0.30,33.49
286,10080836,-263.18,-983.89,70.31,-1.10,-0.85,0.00,33.78
287,10084885,-260.74,-980.47,71.78,-0.91,-0.73,-0.30,33.49
288,10088943,-259.77,-983.89,70.80,-0.91,-0.79,0.00,33.64
289,10092992,-259.77,-982.91,72.75,-0.73,-0.30,0.30,33.49
290,10097042,-260.74,-982.42,73.24,-0.55,-0.61,0.49,33.35
291,10102787,-265.62,-982.91,74.22,-0.37,-0.30,0.43,33.49
292,10106836,-268.55,-984.37,72.75,-1.04,-0.49,0.24,33.44
293,10110885,-266.60,-976.07,74.71,-0.91,-0.55,0.30,33.35
294,10114943,-263.67,-979.98,69.82,-0.85,-0.61,0.24,33.64
295,10120787,-261.72,-979.49,72.75,-1.10,-0.79,0.06,33.59
296,10124836,-264.16,-982.91,69.82,-0.79,-0.61,0.12,33.49
297,10128885,-260.25,-986.33,69.34,-0.61,-0.61,0.30,33.68
298,10132943,-267.58,-984.37,67.87,-0.91,-0.91,0.24,33.25
299,10136992,-266.11,-978.03,69.82,-0.73,-0.67,0.30,33.49
300,10142787,-262.70,-983.89,64.94,-0.85,-0.73,0.18,33.64
301,10146836,-263.18,-982.91,65.43,-1.10,-0.73,0.12,33.44
302,10150885,-266.11,-983.89,67.87,-1.10,-0.73,0.06,33.64
303,10154943,-270.51,-981.93,62.99,-0.67,-0.73,-0.30,33.30
304,10158992,-266.60,-982.42,65.43,-0.55,-0.85,-0.24,33.35
305,10164787,-268.55,-981.45,63.96,-0.67,-0.79,-0.12,33.49
306,10168836,-268.55,-980.96,66.89,-0.91,-0.67,0.00,33.68
307,10172885,-264.65,-981.45,65.43,-0.98,-0.85,0.12,33.64
308,10176943,-260.74,-980.47,68.36,-0.85,-0.91,0.43,33.64
309,10180992,-264.65,-983.89,68.85,-0.73,-0.67,0.30,33.44
310,10186787,-266.60,-979.98,71.29,-0.73,-0.79,0.43,33.59
311,10190836,-265.62,-979.00,69.82,-0.91,-0.55,0.00,33.16
312,10194885,-263.18,-978.03,67.87,-0.85,-0.49,0.06,33.16
313,10198943,-261.72,-982.91,69.34,-0.91,-0.79,-0.18,33.59
314,10202992,-262.70,-981.45,69.34,-0.98,-0.55,-0.18,33.78
315,10208787,-263.18,-982.42,68.85,-0.79,-0.79,-0.12,33.35
316,10212836,-260.25,-981.45,69.82,-0.98,-1.04,-0.18,33.49
317,10216885,-262.21,-982.91,69.82,-0.73,-0.55,-0.18,33.44
318,10220943,-257.32,-980.47,67.87,-0.79,-0.49,0.00,33.49
319,10224992,-263.18,-982.42,73.24,-0.85,-0.73,-0.06,33.59
320,10230787,-262.21,-980.96,69.34,-0.91,-0.67,0.00,33.35
321,10234836,-267.58,-984.86,66.89,-0.79,-0.91,0.24,33.35
322,10238885,-264.65,-979.98,66.41,-0.98,-0.67,0.12,33.68
323,10242943,-262.70,-980.47,62.99,-0.85,-0.79,0.00,33.59
324,10246992,-262.70,-982.42,66.41,-0.67,-0.67,0.37,33.35
325,10252787,-268.07,-983.89,66.89,-0.61,-0.67,0.67,33.49
326,10256836,-267.58,-985.35,64.94,-0.49,-0.61,0.61,33.44
327,10260885,-268.07,-982.91,68.36,-0.61,-0.55,0.98,33.35
328,10264943,-266.11,-979.00,64.45,-0.55,-0.61,0.79,33.49
329,10268992,-264.16,-979.00,71.78,-0.43,-0.85,0.73,33.35
330,10274787,-267.58,-979.00,69.34,-0.55,-0.67,0.55,33.59
331,10278836,-264.65,-985.35,70.80,-0.61,-0.61,0.24,33.44
332,10282885,-265.62,-983.89,69.82,-0.55,-0.61,0.18,33.64
333,10286943,-264.16,-980.47,69.34,-0.91,-0.61,0.06,33.68
334,10290992,-262.70,-979.00,65.43,-0.73,-0.73,0.30,33.49
335,10296787,-264.16,-981.93,65.92,-0.85,-0.85,0.18,33.59
336,10300836,-262.70,-983.89,66.89,-0.67,-0.49,-0.06,33.49
337,10304885,-263.18,-980.96,67.87,-0.73,-0.55,0.18,33.59
338,10308943,-264.65,-985.35,68.36,-0.73,-0.61,0.24,33.68
339,10314787,-262.70,-982.42,71.29,-1.04,-0.67,0.30,33.49
340,10318836,-260.74,-984.37,69.82,-0.61,-0.61,0.49,33.78
341,10322885,-263.67,-985.84,70.31,-0.61,-0.49,0.37,33.59
342,10326943,-265.62,-979.49,65.92,-0.91,-0.43,0.24,33.68
343,10330992,-263.67,-979.98,67.38,-0.98,-0.61,0.06,33.49
344,10336787,-262.21,-984.37,65.92,-0.55,-0.49,0.18,33.49
345,10340836,-263.18,-981.45,70.31,-0.79,-0.79,0.06,33.59
346,10344885,-263.67,-979.98,68.36,-0.79,-0.55,0.06,33.49
347,10348943,-264.65,-979.98,67.87,-0.85,-0.67,-0.30,33.30
348,10352992,-265.62,-984.37,67.38,-0.55,-0.55,0.06,33.44
349,10358787,-264.16,-983.40,70.31,-1.04,-0.67,0.00,33.44
350,10362836,-262.21,-976.56,67.38,-1.04,-1.04,-0.12,33.49
351,10366885,-260.25,-980.47,66.89,-1.04,-0.67,-0.24,33.88
352,10370943,-266.60,-982.91,62.99,-0.98,-0.67,0.00,33.30
353,10374992,-268.07,-984.86,63.96,-0.85,-0.73,0.30,33.64
354,10380787,-264.16,-982.91,65.43,-0.85,-0.61,0.18,33.49
355,10384836,-264.65,-984.37,68.36,-0.85,-0.67,0.18,33.59
356,10388885,-258.79,-980.96,67.38,-0.79,-0.73,0.06,33.88
357,10392943,-263.67,-979.98,69.34,-0.67,-0.85,-0.06,33.35
358,10396992,-267.09,-980.96,68.36,-0.61,-0.85,0.55,33.59
359,10402787,-264.65,-983.89,67.87,-0.67,-0.73,0.37,33.64
360,10406836,-264.65,-980.47,66.41,-0.79,-0.67,0.43,33.35
361,10410885,-265.14,-979.49,71.29,-0.61,-0.61,0.49,33.64
362,10414943,-261.72,-980.96,67.87,-0.49,-0.55,0.18,33.49
363,10418992,-266.11,-982.42,70.80,-0.67,-0.43,0.00,33.64
364,10424787,-271.00,-985.35,68.85,-0.85,-0.49,-0.12,33.44
365,10428836,-263.67,-978.52,67.38,-1.16,-0.67,-0.18,33.49
366,10432885,-263.67,-981.93,71.29,-0.98,-0.73,0.06,33.59
367,10436943,-263.67,-984.86,72.75,-0.85,-0.98,-0.30,33.64
368,10440992,-261.23,-983.89,69.34,-1.04,-0.79,-0.06,33.59
369,10446787,-260.25,-980.96,71.29,-0.91,-0.55,0.18,33.30
370,10450836,-265.14,-984.86,69.34,-0.85,-0.85,0.37,33.59
371,10454885,-268.55,-982.91,66.41,-0.91,-0.67,0.55,33.64
372,10458943,-261.72,-985.35,67.87,-0.79,-0.61,0.55,33.59
373,10462992,-264.16,-983.40,67.87,-0.49,-0.43,0.61,33.25
374,10468787,-267.58,-984.37,67.38,-0.73,-0.85,0.12,33.35
375,10472836,-263.67,-977.54,69.82,-0.85,-0.49,0.30,33.35
376,10476885,-268.55,-980.96,66.41,-0.85,-0.55,0.37,33.35
377,10480943,-263.67,-980.96,70.80,-0.85,-0.73,0.18,33.88
378,10484992,-265.62,-986.33,65.43,-1.04,-0.61,0.24,33.35
379,10490787,-266.11,-983.89,70.80,-0.85,-0.61,0.37,33.25
380,10494836,-260.25,-978.52,64.45,-0.73,-0.49,0.18,33.49
381,10498885,-266.60,-980.96,71.78,-0.67,-0.91,0.49,33.59
382,10502943,-264.65,-980.47,67.38,-0.61,-0.73,0.37,33.64
383,10506992,-269.04,-977.54,67.38,-0.73,-0.73,0.55,33.44
384,10512787,-262.70,-980.47,69.34,-0.61,-0.61,0.06,33.49
385,10516836,-265.14,-981.93,69.82,-0.85,-0.67,-0.06,33.68
386,10520885,-262.21,-981.93,67.87,-0.79,-0.55,-0.30,33.78
387,10524943,-264.16,-979.00,70.31,-0.98,-0.55,0.12,33.64
388,10530787,-267.09,-980.96,70.80,-0.91,-0.43,0.12,33.49
389,10534836,-264.16,-979.00,66.89,-0.61,-0.55,0.18,33.68
390,10538885,-256.35,-986.33,72.75,-0.79,-0.67,0.49,33.59
391,10542943,-260.74,-979.98,69.34,-0.79,-0.55,0.30,33.78
392,10546992,-261.23,-982.91,72.27,-0.67,-0.49,0.55,33.59
393,10552787,-262.21,-984.37,70.80,-0.85,-0.61,0.30,33.35
394,10556836,-259.28,-982.91,71.29,-0.85,-0.55,0.30,33.64
395,10560885,-264.65,-984.37,69.34,-0.79,-0.55,0.30,33.59
396,10564943,-261.72,-982.42,76.17,-0.67,-0.55,0.18,33.49
397,10568992,-262.70,-978.52,71.29,-0.85,-0.49,0.43,33.59
398,10574787,-266.11,-979.49,65.92,-0.85,-0.73,0.24,33.64
399,10578836,-264.16,-978.03,65.43,-0.98,-0.91,0.30,33.64
400,10582885,-263.18,-980.47,70.31,-0.67,-0.79,0.37,33.64
401,10586943,-263.18,-982.91,67.87,-0.85,-0.67,0.43,33.35
402,10590992,-265.62,-978.03,69.34,-0.73,-0.73,0.30,33.64
403,10596787,-260.25,-981.93,68.36,-0.67,-0.61,0.49,33.59
404,10600836,-269.04,-985.35,64.94,-0.61,-0.49,0.24,33.59
405,10604885,-260.74,-981.45,62.50,-0.85,-0.73,0.12,33.49
406,10608943,-265.14,-981.45,69.34,-0.73,-0.49,0.24,33.25
407,10612992,-265.14,-982.42,70.31,-0.85,-0.61,0.12,33.30
408,10618787,-261.23,-981.45,66.41,-0.55,-0.79,0.18,33.35
409,10622836,-261.23,-980.47,62.01,-0.79,-0.98,0.49,33.49
410,10626885,-263.18,-979.00,65.43,-0.55,-0.61,0.30,33.49
411,10630943,-265.14,-982.91,65.92,-1.04,-0.67,0.30,33.49
412,10634992,-264.65,-979.98,72.27,-0.91,-0.67,0.00,33.64
413,10640787,-265.62,-976.56,67.87,-0.85,-0.43,0.30,33.64
414,10644836,-261.23,-980.96,72.75,-0.79,-0.43,0.43,33.64
415,10648885,-267.09,-982.42,71.29,-0.61,-0.61,0.30,33.49
416,10652943,-265.62,-984.37,71.29,-0.67,-0.73,0.24,33.49
417,10656992,-264.65,-980.47,68.36,-0.91,-0.79,0.37,33.35
418,10662787,-267.09,-983.40,65.92,-0.55,-0.49,0.12,33.35
419,10666836,-263.67,-983.40,66.89,-0.55,-0.49,0.18,33.16
420,10670885,-261.72,-981.93,70.31,-0.61,-0.67,0.43,33.49
421,10674943,-260.74,-985.35,67.38,-0.73,-0.55,0.61,33.44
422,10678992,-263.67,-980.47,64.94,-0.67,-0.73,0.67,33.44
423,10684787,-267.09,-979.49,68.36,-0.73,-0.73,0.43,33.25
424,10688836,-263.67,-983.89,69.34,-0.85,-0.55,0.24,33.59
425,10692885,-261.72,-979.49,68.36,-0.85,-0.49,0.24,33.59
426,10696943,-262.70,-981.45,68.36,-0.73,-0.61,0.37,33.64
427,10700992,-261.72,-986.82,69.34,-0.91,-0.98,0.00,33.35
428,10706787,-262.70,-981.45,66.89,-1.10,-0.49,0.43,33.16
429,10710836,-263.18,-983.40,67.38,-0.73,-0.55,0.37,33.64
430,10714885,-261.72,-983.40,65.43,-0.79,-0.61,0.37,33.44
431,10718943,-265.62,-981.93,68.85,-0.67,-0.49,0.24,33.83
432,10722992,-264.16,-983.89,67.87,-0.67,-0.79,0.49,33.35
433,10728787,-268.55,-979.00,65.43,-0.67,-0.61,0.06,33.30
434,10732836,-263.18,-983.40,68.36,-0.73,-0.61,0.18,33.68
435,10736885,-265.14,-982.42,71.78,-0.85,-0.79,0.12,33.64
436,10740943,-266.11,-984.86,67.87,-0.79,-0.73,0.49,33.25
437,10744992,-265.62,-983.89,71.29,-0.67,-0.79,0.18,33.49
438,10750787,-269.53,-981.45,68.85,-0.79,-0.73,0.12,33.59
439,10754836,-271.00,-981.93,67.38,-0.85,-0.79,0.06,33.64
440,10758885,-263.67,-983.89,71.29,-0.85,-0.73,0.06,33.49
441,10762943,-264.16,-986.82,72.27,-0.98,-0.61,0.12,33.64
442,10768787,-260.74,-979.49,64.45,-0.85,-0.49,0.30,33.88
443,10772836,-258.79,-984.86,65.92,-0.85,-0.55,0.12,33.68
444,10776885,-263.67,-984.37,67.87,-0.85,-0.37,0.55,33.44
445,10780943,-266.11,-986.33,68.36,-0.98,-0.61,0.43,33.35
446,10784992,-265.14,-983.40,75.20,-0.79,-0.55,0.24,33.59
447,10790787,-264.65,-981.45,71.29,-0.85,-0.61,0.24,33.68
448,10794836,-262.70,-982.91,68.36,-0.79,-0.73,0.18,33.35
449,10798885,-266.60,-981.45,71.78,-0.67,-0.61,0.00,33.64
450,10802943,-263.18,-980.47,64.94,-0.98,-0.73,0.18,33.49
451,10806992,-264.16,-978.03,67.87,-0.85,-0.79,0.43,33.64
452,10812787,-261.72,-981.45,71.29,-0.73,-0.67,0.12,33.59
453,10816836,-261.72,-978.52,70.80,-0.85,-0.61,0.18,33.59
454,10820885,-265.14,-980.47,64.94,-0.67,-0.79,0.06,33.64
455,10824943,-266.60,-981.93,64.94,-0.73,-0.67,0.37,33.25
456,10828992,-264.16,-984.37,68.36,-0.85,-0.79,0.12,33.25
457,10834787,-263.18,-982.42,65.43,-0.67,-0.43,0.24,33.68
458,10838836,-264.16,-980.96,66.89,-0.73,-0.61,0.18,33.35
459,10842885,-270.51,-980.47,67.87,-0.91,-0.67,0.67,33.49
460,10846943,-265.14,-981.93,69.34,-0.73,-0.49,0.49,33.44
461,10850992,-269.04,-981.93,63.96,-0.73,-0.61,0.37,33.59
462,10856787,-264.65,-977.05,64.94,-0.67,-0.73,0.55,33.49
463,10860836,-261.23,-984.86,67.38,-0.79,-0.67,0.24,33.44
464,10864885,-261.72,-980.96,68.36,-0.61,-0.49,0.00,33.49
465,10868943,-267.09,-980.47,68.85,-0.79,-0.43,0.30,33.44
466,10872992,-262.70,-979.49,68.36,-0.85,-0.85,0.18,33.64
467,10878787,-262.70,-983.40,71.29,-0.79,-0.73,0.18,33.44
468,10882836,-263.18,-978.03,72.75,-0.85,-0.73,0.30,33.16
469,10886885,-264.16,-983.40,68.36,-1.04,-0.79,0.18,33.49
470,10890943,-264.65,-981.93,68.85,-0.67,-0.73,0.18,33.68
471,10894992,-267.09,-984.86,70.80,-0.98,-0.67,0.00,33.49
472,10900787,-262.21,-984.37,69.82,-0.79,-0.43,0.12,33.11
473,10904836,-263.18,-982.42,67.38,-0.67,-0.61,0.61,33.30
474,10908885,-266.11,-985.84,62.99,-0.79,-0.73,0.37,33.64
475,10912943,-266.11,-979.98,65.92,-0.85,-0.61,0.12,33.68
476,10916992,-263.67,-983.40,69.34,-0.67,-0.55,0.30,33.44
477,10922787,-260.25,-987.30,67.38,-0.67,-0.61,0.24,33.35
478,10926836,-262.70,-983.89,67.87,-0.73,-0.85,0.12,33.25
479,10930885,-265.62,-979.98,68.85,-0.67,-0.61,-0.06,33.59
480,10934943,-265.62,-980.47,67.38,-0.85,-0.91,0.12,33.64
481,10938992,-267.58,-983.40,65.92,-0.98,-0.61,0.18,33.30
482,10944787,-266.11,-984.86,67.38,-0.85,-0.85,0.49,33.35
483,10948836,-265.14,-985.35,70.31,-0.79,-0.49,0.24,33.64
484,10952885,-266.11,-980.96,68.85,-0.67,-0.79,0.43,33.11
485,10956943,-268.07,-980.47,67.87,-0.85,-0.73,0.24,33.78
486,10960992,-261.23,-983.40,64.45,-0.79,-0.73,-0.06,33.35
487,10966787,-259.77,-980.47,70.31,-0.85,-0.67,0.00,33.59
488,10970836,-262.70,-978.03,67.87,-0.91,-0.67,0.12,33.49
489,10974885,-263.67,-983.40,74.22,-0.55,-0.43,0.55,33.49
490,10978943,-266.60,-981.45,67.87,-0.73,-1.16,0.55,33.64
491,10984787,-264.65,-984.86,70.31,-0.91,-0.61,0.18,33.68
492,10988836,-267.09,-979.98,67.38,-0.73,-0.49,0.18,33.68
493,10992885,-268.07,-985.84,72.27,-1.04,-0.67,-0.24,33.59
494,10996943,-264.16,-986.33,70.31,-0.85,-0.55,0.18,33.64
495,11000992,-261.23,-981.45,64.94,-0.85,-0.61,0.37,33.35
496,11006787,-260.74,-982.42,70.80,-0.91,-0.37,0.61,33.59
497,11010836,-265.62,-985.35,67.87,-0.67,-0.98,0.67,33.64
498,11014885,-265.62,-980.96,66.41,-0.79,-0.67,0.85,33.35
499,11018943,-270.02,-981.45,68.85,-0.55,-0.67,0.43,33.44
500,11022992,-267.58,-980.96,70.80,-0.73,-0.43,0.37,33.59
501,11028787,-264.16,-980.47,71.78,-1.10,-0.91,-0.06,33.25
502,11032836,-266.60,-984.37,65.92,-0.91,-0.79,0.00,33.44
503,11036885,-263.67,-983.89,66.89,-0.85,-0.49,0.24,33.49
504,11040943,-266.60,-983.40,69.82,-0.73,-0.49,0.18,33.44
505,11044992,-266.60,-985.84,67.87,-1.10,-0.55,0.37,33.64
506,11050787,-265.14,-983.40,68.85,-0.91,-0.79,0.24,33.64
507,11054836,-263.18,-985.84,70.31,-0.79,-0.67,0.18,33.59
508,11058885,-265.62,-987.30,70.80,-0.73,-0.61,0.12,33.68
509,11062943,-267.58,-983.89,66.89,-0.73,-0.79,0.12,33.49
510,11066992,-269.04,-976.56,66.89,-0.61,-0.61,0.24,33.64
511,11072787,-267.58,-980.96,65.92,-0.79,-0.61,0.12,33.49
512,11076836,-265.14,-980.47,69.34,-0.73,-0.73,-0.06,33.78
513,11080885,-264.65,-979.00,64.45,-0.79,-0.43,0.18,33.64
514,11084943,-264.16,-978.03,67.87,-0.55,-0.67,0.43,33.78
515,11088992,-269.04,-986.82,71.29,-0.67,-0.73,0.24,33.35
516,11094787,-268.55,-981.93,68.36,-0.73,-0.61,0.24,33.59
517,11098836,-263.67,-978.03,66.89,-0.73,-0.85,0.12,33.83
518,11102885,-259.28,-984.86,67.38,-0.67,-0.67,0.12,33.64
519,11106943,-264.65,-984.86,74.71,-0.49,-0.37,0.24,33.64
520,11110992,-263.18,-979.98,67.38,-0.73,-0.67,0.37,33.49
521,11116787,-264.65,-983.89,67.87,-0.73,-0.61,0.18,33.35
522,11120836,-264.16,-983.89,69.82,-0.73,-0.79,0.37,33.16
523,11124885,-267.09,-982.42,70.31,-0.73,-0.55,0.37,33.49
524,11128943,-265.62,-982.42,70.31,-0.98,-0.91,0.12,33.59
525,11132992,-264.16,-983.40,68.85,-0.85,-0.73,0.24,33.49
526,11138787,-263.18,-983.89,69.34,-0.73,-0.73,0.37,33.11
527,11142836,-263.18,-984.86,65.43,-0.79,-0.73,0.06,33.35
528,11146885,-263.18,-980.47,69.34,-0.79,-0.55,0.43,33.68
529,11150943,-258.30,-982.42,67.87,-0.67,-0.61,0.06,33.59
530,11154992,-264.16,-984.86,69.82,-0.85,-0.49,0.37,33.35
531,11160787,-267.09,-985.84,63.96,-0.85,-0.55,0.24,33.44
532,11164836,-266.11,-981.45,66.41,-0.79,-0.37,0.12,33.35
533,11168885,-267.58,-987.30,68.36,-0.91,-0.55,0.30,33.64
534,11172943,-261.23,-985.35,68.85,-0.85,-0.67,0.18,33.64
535,11176992,-263.18,-982.42,67.87,-0.85,-0.49,0.12,33.30
536,11182787,-266.60,-978.03,69.34,-1.04,-0.49,0.24,33.35
537,11186836,-269.53,-983.40,62.99,-0.73,-0.79,0.37,33.68
538,11190885,-261.72,-981.45,64.45,-0.85,-0.55,0.18,33.83
539,11194943,-265.14,-986.33,64.94,-0.73,-0.61,0.30,33.49
540,11198992,-262.70,-980.96,67.87,-0.67,-0.67,0.12,33.30
541,11204787,-262.21,-979.98,73.24,-0.85,-0.67,0.12,33.68
542,11208836,-264.65,-982.42,72.27,-0.91,-0.49,0.30,33.78
543,11212885,-265.62,-978.52,70.31,-0.79,-0.61,0.06,33.49
544,11216943,-264.65,-979.00,71.78,-0.67,-0.61,0.43,33.59
545,11222787,-266.60,-983.40,65.92,-0.61,-0.73,0.37,33.64
546,11226836,-267.58,-983.89,71.78,-0.79,-0.73,0.18,33.49
547,11230885,-265.62,-980.96,68.85,-0.67,-0.91,0.12,33.64
548,11234943,-267.09,-979.49,69.82,-0.67,-0.55,-0.06,33.59
549,11238992,-262.21,-981.93,66.89,-0.73,-0.73,0.12,33.78
550,11244787,-262.70,-982.91,68.36,-0.91,-0.73,0.43,33.64
551,11248836,-266.60,-980.96,68.85,-0.67,-0.61,0.37,33.83
552,11252885,-263.67,-981.93,72.27,-0.79,-0.49,0.37,33.64
553,11256943,-267.09,-985.35,66.89,-0.67,-0.79,0.49,33.35
554,11260992,-264.65,-980.47,67.87,-0.85,-0.85,0.30,33.44
555,11266787,-262.70,-981.45,68.85,-0.67,-0.73,0.24,33.59
556,11270836,-260.25,-982.91,70.80,-0.73,-0.91,0.12,33.64
557,11274885,-260.74,-979.98,67.87,-0.79,-0.73,0.18,33.64
558,11278943,-264.65,-981.93,66.89,-0.79,-0.61,0.18,33.44
559,11282992,-261.23,-979.98,67.38,-0.85,-0.85,0.30,33.49
560,11288787,-262.70,-981.45,69.82,-0.85,-0.67,0.49,33.68
561,11292836,-260.74,-980.47,67.38,-0.91,-0.61,0.24,33.59
562,11296885,-261.72,-980.96,67.87,-0.79,-0.73,0.37,33.49
563,11300943,-265.14,-986.33,70.80,-0.98,-0.67,0.30,33.59
564,11304992,-264.16,-981.93,69.82,-0.67,-0.79,0.12,33.49
565,11310787,-265.62,-980.47,70.31,-0.73,-0.73,0.24,33.59
566,11314836,-271.00,-981.93,72.27,-0.85,-0.73,0.55,33.49
567,11318885,-264.16,-983.89,67.87,-0.85,-0.73,0.37,33.64
568,11322943,-262.70,-983.89,69.34,-0.91,-0.73,0.12,33.59
569,11326992,-263.18,-979.98,71.78,-0.91,-0.91,0.12,33.49
570,11332787,-261.23,-981.45,68.85,-0.79,-0.55,0.49,33.59
571,11336836,-261.23,-980.47,69.82,-0.98,-0.73,0.43,33.49
572,11340885,-260.74,-981.45,67.38,-0.85,-0.73,0.37,33.64
573,11344943,-263.18,-977.54,71.78,-0.55,-0.61,0.24,33.44
574,11348992,-262.70,-983.40,69.82,-0.61,-0.49,-0.06,33.35
575,11354787,-265.14,-981.45,67.38,-0.85,-0.61,0.18,33.25
576,11358836,-261.23,-980.96,72.27,-0.73,-0.85,0.37,33.49
577,11362885,-258.79,-978.52,69.34,-0.67,-0.49,0.43,33.78
578,11366943,-259.77,-983.40,67.38,-0.79,-0.73,0.06,33.64
579,11370992,-265.14,-984.86,68.85,-0.67,-0.61,0.12,33.35
580,11376787,-264.16,-984.86,67.87,-0.73,-0.61,0.18,33.25
581,11380836,-264.16,-984.86,70.80,-0.73,-0.67,0.37,33.49
582,11384885,-265.14,-984.37,68.85,-0.73,-0.79,0.30,33.35
583,11388943,-265.62,-979.98,64.45,-0.79,-0.67,0.12,33.44
584,11392992,-258.79,-980.96,65.92,-0.91,-0.37,0.24,33.35
585,11398787,-260.74,-984.86,68.85,-0.85,-0.49,0.49,33.30
586,11402836,-263.67,-981.93,68.85,-0.91,-0.55,0.18,33.59
587,11406885,-264.16,-982.91,68.36,-1.04,-0.67,0.18,33.49
588,11410943,-264.16,-981.93,66.89,-0.91,-0.55,0.00,33.44
589,11414992,-270.02,-978.03,62.99,-0.67,-0.61,0.24,33.35
590,11420787,-262.70,-983.89,68.85,-0.67,-0.73,0.18,33.64
591,11424836,-262.21,-981.45,66.41,-0.85,-0.79,0.43,33.64
592,11428885,-260.25,-982.42,68.85,-0.61,-0.79,0.30,33.64
593,11432943,-266.11,-981.93,70.80,-0.79,-0.55,0.24,33.49
594,11438787,-261.23,-978.52,64.94,-0.79,-0.73,0.12,33.78
595,11442836,-264.16,-981.93,67.38,-0.73,-0.49,0.37,33.68
596,11446885,-264.16,-979.00,64.45,-0.73,-0.73,0.37,33.49
597,11450943,-261.23,-982.91,66.89,-0.61,-0.61,0.43,33.44
598,11454992,-263.67,-982.42,69.34,-0.67,-0.73,0.30,33.59
599,11460787,-263.67,-981.45,67.87,-0.91,-0.61,0.24,33.64
600,11464836,-262.21,-979.49,71.29,-0.73,-0.79,0.30,33.49
601,11468885,-266.60,-982.91,69.34,-0.79,-0.85,0.30,33.68
602,11472943,-261.72,-979.98,61.52,-0.85,-0.61,0.18,33.35
603,11476992,-261.72,-979.49,66.89,-0.73,-0.61,0.37,33.64
604,11482787,-265.14,-977.54,67.38,-0.79,-0.61,0.43,33.49
605,11486836,-262.70,-982.91,70.80,-0.67,-0.79,0.18,33.59
606,11490885,-261.23,-986.33,65.43,-0.85,-0.79,0.18,33.78
607,11494943,-262.70,-980.47,66.89,-1.10,-0.61,0.43,33.44
608,11498992,-265.14,-982.91,68.85,-0.73,-0.73,0.24,33.64
609,11504787,-262.70,-982.42,70.31,-0.79,-0.79,0.43,33.49
610,11508836,-261.72,-980.96,67.87,-0.85,-0.61,0.24,33.59
611,11512885,-260.74,-983.40,70.80,-0.73,-0.61,0.37,33.64
612,11516943,-261.72,-980.96,71.78,-0.85,-0.61,0.30,33.35
613,11520992,-261.23,-983.89,68.85,-0.85,-0.67,0.43,33.64
614,11526787,-262.70,-982.42,69.34,-0.73,-0.37,0.12,33.68
615,11530836,-264.16,-980.96,67.38,-0.73,-0.61,0.49,33.64
616,11534885,-265.62,-982.91,72.27,-0.67,-0.91,0.49,33.49
617,11538943,-262.21,-983.40,69.34,-0.73,-0.61,0.06,33.83
618,11542992,-262.70,-987.79,74.71,-0.98,-0.30,0.37,33.64
619,11548787,-269.04,-983.40,70.80,-0.98,-0.79,0.24,33.59
620,11552836,-264.65,-982.91,68.36,-0.73,-0.79,0.24,33.59
621,11556885,-263.18,-981.93,71.78,-0.73,-0.73,0.43,33.78
622,11560943,-264.65,-982.42,66.89,-0.61,-0.43,0.12,33.49
623,11564992,-263.18,-980.47,71.29,-0.91,-0.79,0.24,33.78
624,11570787,-264.65,-983.40,68.85,-0.85,-0.73,0.00,33.35
625,11574836,-261.72,-983.40,70.80,-0.73,-0.55,0.30,33.44
626,11578885,-263.18,-979.49,70.31,-0.73,-0.61,0.30,33.64
627,11582943,-261.72,-983.40,67.87,-0.85,-0.73,-0.18,33.44
628,11586992,-265.14,-983.40,66.89,-0.79,-0.79,0.37,33.49
629,11592787,-261.23,-978.03,66.89,-0.85,-0.79,0.43,33.44
630,11596836,-263.67,-981.93,68.85,-0.79,-0.55,0.30,33.35
631,11600885,-264.16,-984.86,66.89,-0.55,-0.61,0.30,33.68
632,11604943,-262.21,-983.40,71.78,-0.98,-0.85,0.30,33.78
633,11608992,-263.18,-982.42,68.36,-0.67,-0.73,0.43,33.35
634,11614787,-267.09,-984.37,66.41,-0.98,-0.79,0.06,33.35
635,11618836,-262.70,-983.40,68.36,-0.85,-0.73,0.18,33.64
636,11622885,-263.18,-983.40,67.38,-0.79,-0.85,0.18,33.49
637,11626943,-261.23,-986.33,70.31,-0.79,-0.61,0.43,33.68
638,11630992,-262.21,-980.47,68.36,-0.91,-0.67,0.24,33.59
639,11636787,-261.72,-982.42,68.85,-0.98,-0.61,0.55,33.59
640,11640836,-262.21,-978.03,72.75,-0.55,-0.85,0.61,33.59
641,11644885,-265.14,-986.82,72.75,-0.67,-0.73,0.85,33.35
642,11648943,-260.74,-983.89,68.85,-0.73,-0.49,0.37,33.68
643,11652992,-267.09,-983.89,68.85,-0.67,-0.79,0.06,33.35
644,11658787,-265.14,-979.49,67.38,-0.85,-0.67,0.06,33.64
645,11662836,-265.62,-981.45,73.24,-0.79,-0.73,0.06,33.49
646,11666885,-266.60,-980.47,68.36,-0.85,-0.67,0.24,33.78
647,11670943,-259.77,-984.86,70.31,-0.79,-0.73,0.18,33.35
648,11676787,-262.21,-980.47,68.85,-0.73,-0.67,0.55,33.83
649,11680836,-270.02,-983.89,69.34,-0.55,-0.55,0.43,33.59
650,11684885,-268.07,-980.96,64.45,-0.98,-0.61,0.49,33.64
651,11688943,-263.18,-978.52,69.34,-0.79,-0.61,0.37,33.78
652,11692992,-266.11,-982.42,68.85,-0.79,-0.67,0.43,33.64
653,11698787,-268.55,-979.49,73.24,-0.85,-0.55,0.37,33.68
654,11702836,-265.62,-984.86,70.80,-0.98,-0.61,0.37,33.64
655,11706885,-264.65,-984.86,64.94,-1.10,-0.61,-0.12,33.59
656,11710943,-261.23,-979.98,70.31,-0.79,-0.55,0.06,33.30
657,11714992,-262.70,-978.52,67.87,-0.91,-0.61,-0.37,33.64
658,11720787,-266.60,-988.28,70.80,-0.85,-0.67,0.00,33.44
659,11724836,-259.28,-984.37,65.43,-0.79,-0.49,0.37,33.59
660,11728885,-263.18,-980.47,71.29,-0.73,-0.79,0.61,33.68
661,11732943,-260.74,-977.54,68.36,-0.85,-0.67,0.61,33.35
662,11736992,-267.09,-983.40,68.85,-0.73,-0.79,0.12,33.49
663,11742787,-264.16,-985.84,69.82,-0.91,-0.67,0.24,33.78
664,11746836,-262.70,-979.49,69.34,-0.91,-0.67,0.24,33.78
665,11750885,-261.72,-982.42,67.38,-0.98,-0.73,0.06,33.44
666,11754943,-264.16,-981.45,66.41,-0.73,-0.49,0.00,33.35
667,11758992,-263.18,-982.91,68.85,-0.73,-0.61,0.30,33.64
668,11764787,-260.74,-985.35,69.82,-0.67,-0.67,0.30,33.68
669,11768836,-265.62,-981.45,64.45,-0.61,-0.67,0.18,33.78
670,11772885,-262.70,-977.05,65.43,-0.55,-0.61,0.18,33.64
671,11776943,-260.25,-981.45,67.38,-0.79,-0.73,0.43,33.68
672,11780992,-265.62,-986.82,71.29,-0.79,-0.61,0.43,33.64
673,11786787,-265.14,-979.98,69.82,-0.73,-0.73,0.37,33.59
674,11790836,-259.77,-983.40,69.34,-0.91,-0.73,0.30,33.35
675,11794885,-266.11,-984.86,69.34,-0.79,-0.73,-0.12,33.64
676,11798943,-265.14,-979.98,70.80,-0.85,-0.55,0.12,33.68
677,11802992,-263.67,-985.84,68.36,-0.79,-0.67,0.06,33.88
678,11808787,-262.70,-980.96,69.34,-0.79,-0.49,0.24,33.35
679,11812836,-262.21,-981.93,68.36,-0.61,-0.85,0.24,33.44
680,11816885,-267.58,-984.37,69.34,-0.79,-0.67,0.18,33.68
681,11820943,-265.14,-980.47,69.34,-0.73,-0.61,0.37,33.64
682,11824992,-259.77,-981.93,67.38,-0.61,-0.61,0.24,33.35
683,11830787,-267.09,-983.89,67.38,-0.73,-0.85,0.18,33.16
684,11834836,-267.09,-983.40,63.96,-0.91,-0.85,0.12,33.44
685,11838885,-265.14,-982.42,69.82,-0.55,-0.73,0.12,33.59
686,11842943,-264.65,-980.47,67.87,-0.91,-0.79,-0.06,33.68
687,11846992,-266.60,-982.91,68.36,-0.85,-0.73,0.18,33.35
688,11852787,-263.18,-980.96,71.29,-0.67,-0.49,0.12,33.68
689,11856836,-258.79,-981.45,64.94,-0.79,-0.73,0.43,33.59
690,11860885,-262.21,-979.49,73.24,-0.98,-0.79,0.18,33.59
691,11864943,-262.21,-981.45,70.80,-0.73,-0.73,0.06,33.59
692,11868992,-263.18,-984.37,70.80,-0.79,-0.73,0.37,33.44
693,11874787,-266.60,-980.96,68.85,-0.98,-0.55,0.30,33.64
694,11878836,-255.86,-981.45,69.34,-0.85,-0.55,0.18,33.49
695,11882885,-269.04,-981.45,69.82,-0.73,-0.55,0.18,33.78
696,11886943,-263.18,-980.47,71.78,-0.73,-0.67,0.43,33.59
697,11892787,-261.72,-980.47,69.34,-0.73,-0.61,0.43,33.64
698,11896836,-263.67,-981.93,71.29,-0.91,-0.61,0.24,33.49
699,11900885,-266.11,-980.47,70.31,-0.98,-0.73,0.43,33.44
700,11904943,-261.72,-979.00,70.80,-0.73,-0.61,0.12,33.49
701,11908992,-263.67,-980.47,69.82,-0.79,-0.49,0.37,33.49
702,11914787,-263.67,-980.96,68.85,-0.67,-0.79,0.24,33.64
703,11918836,-263.67,-980.47,66.89,-0.73,-0.61,0.12,33.25
704,11922885,-266.11,-983.89,69.82,-0.91,-0.61,0.24,33.83
705,11926943,-266.11,-981.45,70.31,-0.79,-0.91,0.49,33.35
706,11930992,-263.18,-981.93,67.38,-0.85,-0.67,0.30,33.68
707,11936787,-263.67,-978.03,72.75,-0.73,-0.67,0.06,33.49
708,11940836,-264.16,-981.93,71.29,-0.85,-0.73,0.18,33.64
709,11944885,-267.09,-982.91,70.80,-0.73,-0.49,0.24,33.78
710,11948943,-261.23,-978.52,68.36,-0.91,-0.79,0.30,33.59
711,11952992,-260.74,-981.45,70.80,-0.61,-0.67,0.12,33.68
712,11958787,-264.65,-982.91,72.27,-0.67,-0.43,0.30,33.49
713,11962836,-264.65,-978.52,68.36,-0.79,-0.73,0.18,33.64
714,11966885,-259.77,-977.05,68.36,-0.85,-0.61,0.43,33.78
715,11970943,-266.11,-981.45,67.38,-0.55,-0.73,0.43,33.35
716,11974992,-266.60,-979.98,64.45,-0.73,-0.55,0.49,33.49
717,11980787,-265.62,-982.91,67.87,-0.73,-0.37,0.24,33.49
718,11984836,-265.14,-983.40,72.27,-0.85,-0.55,0.06,33.44
719,11988885,-262.70,-981.93,69.82,-0.85,-0.73,0.06,33.49
720,11992943,-269.04,-982.42,71.78,-0.91,-0.67,0.12,33.44
721,11996992,-266.60,-979.00,68.36,-0.73,-0.85,-0.06,33.88
722,12002787,-267.09,-982.42,70.80,-0.61,-0.61,0.24,33.64
723,12006836,-263.67,-978.52,67.38,-0.85,-0.85,0.18,33.68
724,12010885,-266.11,-986.33,72.27,-0.79,-0.73,0.24,33.68
725,12014943,-263.67,-979.98,68.85,-0.85,-0.73,0.06,33.64
726,12018992,-264.16,-984.37,67.87,-0.85,-0.67,0.24,33.59
727,12024787,-260.25,-986.33,72.27,-0.98,-0.61,0.24,33.25
728,12028836,-264.65,-984.86,67.87,-0.61,-0.79,0.06,33.16
729,12032885,-266.11,-981.93,62.99,-1.04,-0.61,0.00,33.59
730,12036943,-266.11,-980.47,64.94,-1.04,-0.49,0.30,33.49
731,12040992,-265.62,-980.47,74.71,-0.67,-0.79,0.30,33.49
732,12046787,-260.74,-981.45,67.87,-0.73,-0.73,0.24,33.30
733,12050836,-268.07,-982.42,70.80,-0.91,-0.49,0.37,33.59
734,12054885,-260.25,-981.93,63.96,-0.67,-0.73,0.37,33.83
735,12058943,-266.60,-981.93,69.82,-1.04,-0.61,-0.06,33.83
736,12062992,-264.16,-986.33,67.87,-0.79,-0.67,0.43,33.59
737,12068787,-265.62,-980.96,67.38,-0.73,-0.49,0.12,33.44
738,12072836,-264.16,-981.93,70.80,-0.91,-0.85,0.06,33.44
739,12076885,-262.70,-983.89,67.38,-0.91,-0.98,0.18,33.64
740,12080943,-263.18,-983.40,68.85,-0.98,-0.67,0.18,33.64
741,12084992,-262.70,-980.47,68.85,-0.61,-0.55,0.18,33.49
742,12090787,-268.07,-980.47,71.29,-0.79,-0.73,0.30,33.49
743,12094836,-263.18,-981.45,67.87,-0.91,-0.67,0.30,33.59
744,12098885,-264.16,-983.89,74.71,-0.61,-0.55,0.24,33.83
745,12102943,-263.67,-980.96,69.82,-0.79,-0.79,-0.06,33.88
746,12106992,-264.16,-980.47,69.82,-0.55,-0.73,-0.06,33.35
747,12112787,-263.67,-981.93,68.85,-0.85,-0.55,0.24,33.59
748,12116836,-262.70,-979.49,67.38,-0.79,-0.55,0.24,33.44
749,12120885,-261.72,-981.93,66.89,-0.73,-0.49,0.24,33.64
750,12124943,-260.74,-982.91,66.41,-1.04,-0.79,0.37,33.49
751,12130787,-265.62,-980.96,72.75,-0.67,-0.73,0.49,33.64
752,12134836,-264.16,-986.33,68.85,-0.79,-0.55,0.30,33.59
753,12138885,-261.72,-984.37,65.92,-0.67,-0.67,0.24,33.35
754,12142943,-266.11,-982.42,68.85,-0.85,-0.85,0.18,33.64
755,12146992,-261.23,-980.96,68.85,-1.04,-0.73,0.30,33.68
756,12152787,-263.18,-983.40,66.41,-0.79,-0.61,0.18,33.35
757,12156836,-262.70,-981.45,68.85,-0.67,-0.73,0.30,33.59
758,12160885,-262.21,-979.98,69.82,-0.91,-0.73,0.24,33.64
759,12164943,-258.79,-982.91,67.38,-1.04,-0.55,0.18,33.35
760,12168992,-264.65,-981.45,70.31,-0.85,-0.73,0.43,33.49
761,12174787,-263.67,-979.00,71.29,-0.67,-0.85,0.12,33.83
762,12178836,-262.21,-978.52,71.29,-0.61,-0.61,0.55,33.59
763,12182885,-261.72,-977.54,68.85,-0.67,-0.61,0.06,33.97
764,12186943,-262.21,-982.42,67.87,-0.79,-0.55,0.24,33.78
765,12190992,-265.14,-981.45,68.36,-0.79,-0.79,0.30,33.68
766,12196787,-264.65,-982.42,66.89,-0.85,-0.55,0.55,33.64
767,12200836,-264.16,-983.40,65.92,-0.61,-0.67,0.49,33.49
768,12204885,-263.18,-984.37,68.36,-0.79,-0.67,0.55,33.64
769,12208943,-260.25,-980.47,65.43,-0.91,-0.61,0.12,33.49
770,12212992,-264.65,-977.54,69.34,-0.85,-0.61,0.30,33.68
771,12218787,-266.60,-979.98,69.34,-0.79,-0.43,0.30,33.68
772,12222836,-266.11,-980.96,66.89,-0.91,-0.61,0.55,33.49
773,12226885,-265.14,-981.93,67.87,-1.10,-0.73,0.43,33.64
774,12230943,-265.14,-979.49,68.85,-0.79,-0.49,0.12,33.59
775,12234992,-262.70,-981.45,69.34,-0.67,-0.67,0.30,33.68
776,12240787,-265.62,-986.82,68.36,-0.91,-0.55,0.30,33.64
777,12244836,-258.79,-984.86,69.34,-1.04,-0.61,0.55,33.35
778,12248885,-266.11,-984.37,66.41,-0.73,-0.67,0.67,33.68
779,12252943,-263.67,-982.91,69.82,-0.61,-0.43,0.55,33.49
780,12256992,-266.60,-985.35,72.27,-0.73,-0.61,0.49,33.59
781,12262787,-264.16,-980.96,68.36,-0.73,-0.61,0.18,33.35
782,12266836,-260.74,-981.93,69.34,-1.04,-0.67,0.18,33.44
783,12270885,-264.16,-980.47,70.80,-0.73,-0.67,0.37,33.64
784,12274943,-264.65,-979.49,69.82,-0.79,-0.61,0.37,33.44
785,12278992,-257.81,-981.93,66.89,-0.61,-0.55,0.43,33.35
786,12284787,-266.11,-980.47,67.87,-0.61,-0.67,0.49,33.44
787,12288836,-260.25,-982.91,70.80,-0.85,-0.43,0.30,33.35
788,12292885,-260.74,-982.91,70.80,-0.79,-0.55,0.06,33.64
789,12296943,-267.58,-983.89,69.82,-1.10,-0.67,0.18,33.68
790,12300992,-263.67,-986.82,70.80,-0.98,-0.79,0.30,33.35
791,12306787,-263.18,-980.96,67.87,-0.67,-0.67,0.12,33.59
792,12310836,-265.62,-984.37,72.27,-0.98,-0.43,0.30,33.35
793,12314885,-264.65,-983.40,66.89,-0.79,-0.67,0.24,33.68
794,12318943,-263.67,-980.47,68.85,-0.85,-0.61,0.18,33.44
795,12322992,-262.21,-983.89,72.27,-0.61,-0.67,0.12,33.44
796,12328787,-263.67,-981.93,70.31,-0.79,-0.79,0.24,33.68
797,12332836,-258.79,-981.93,69.82,-0.67,-0.61,0.24,33.64
798,12336885,-263.67,-980.96,68.85,-0.73,-0.55,0.43,33.44
799,12340943,-261.23,-979.49,73.24,-0.61,-0.67,0.43,33.35
800,12346787,-264.65,-984.86,68.36,-0.67,-0.67,0.49,33.49
801,12350836,-262.70,-979.98,74.22,-0.91,-0.61,0.49,33.64
802,12354885,-262.21,-982.42,71.29,-0.91,-0.49,0.37,33.68
803,12358943,-264.16,-982.42,69.34,-0.61,-0.55,-0.06,33.44
804,12362992,-267.58,-978.52,69.82,-0.79,-0.67,0.18,33.64
805,12368787,-260.25,-982.42,69.82,-0.61,-0.85,0.37,33.64
806,12372836,-263.18,-980.96,70.80,-0.61,-0.67,0.18,33.83
807,12376885,-266.60,-983.40,68.85,-0.91,-0.55,0.18,33.68
808,12380943,-265.14,-985.84,68.36,-0.79,-0.73,0.18,33.44
809,12384992,-260.74,-975.59,68.85,-0.73,-0.85,0.37,33.68
810,12390787,-262.21,-980.96,68.85,-0.98,-0.61,0.18,33.64
811,12394836,-267.09,-984.37,68.36,-0.91,-0.67,-0.06,33.49
812,12398885,-261.72,-977.54,70.80,-0.49,-0.79,0.00,33.49
813,12402943,-267.09,-983.40,67.87,-0.79,-0.73,0.37,33.49
814,12406992,-262.21,-982.42,68.36,-0.91,-0.55,0.30,33.78
815,12412787,-263.18,-982.91,68.85,-0.91,-0.67,0.30,33.68
816,12416836,-263.67,-979.00,68.85,-0.79,-0.67,0.37,33.83
817,12420885,-266.60,-984.86,74.22,-0.67,-0.61,0.30,33.68
818,12424943,-267.09,-979.49,71.29,-1.04,-0.49,0.37,33.30
819,12428992,-265.62,-982.91,67.38,-0.91,-0.67,0.30,33.78
820,12434787,-267.58,-984.37,70.80,-0.79,-0.55,0.37,33.78
821,12438836,-261.72,-982.42,72.27,-0.91,-0.67,0.24,33.49
822,12442885,-266.11,-987.79,65.43,-0.85,-0.61,0.24,33.59
823,12446943,-267.58,-984.86,68.36,-1.04,-0.67,0.24,33.68
824,12450992,-263.18,-984.37,67.38,-0.61,-0.49,0.30,33.35
825,12456787,-263.18,-983.40,69.34,-0.79,-0.73,0.43,33.49
826,12460836,-262.70,-981.93,68.36,-0.67,-0.73,0.30,33.49
827,12464885,-259.77,-981.45,66.41,-0.85,-0.73,0.30,33.78
828,12468943,-265.14,-983.40,69.82,-0.73,-0.61,0.55,33.64
829,12472992,-263.18,-979.00,69.34,-0.73,-0.43,0.30,33.64
830,12478787,-264.16,-979.49,70.31,-0.98,-0.61,0.12,33.35
831,12482836,-260.25,-981.45,65.92,-0.67,-0.55,0.30,33.49
832,12486885,-262.70,-983.40,68.85,-0.85,-0.61,0.24,33.68
833,12490943,-260.74,-979.98,68.85,-0.67,-0.55,0.43,33.83
834,12494992,-264.65,-980.96,69.82,-0.98,-0.73,0.24,33.44
835,12500787,-258.79,-982.91,71.78,-0.73,-0.67,0.43,33.64
836,12504836,-260.74,-983.40,69.34,-0.91,-0.67,0.06,33.35
837,12508885,-263.18,-985.84,69.34,-0.79,-0.85,-0.06,33.83
838,12512943,-259.77,-987.30,67.38,-0.91,-0.49,0.06,33.59
839,12516992,-266.60,-978.52,69.82,-0.67,-0.43,0.30,33.30
840,12522787,-265.62,-982.91,66.89,-0.73,-0.55,0.37,33.35
841,12526836,-264.65,-984.86,67.87,-0.91,-0.67,0.06,33.83
842,12530885,-263.18,-982.42,63.96,-0.91,-0.43,0.30,33.64
843,12534943,-264.65,-978.52,70.80,-0.91,-0.55,0.43,33.44
844,12538992,-259.77,-981.45,68.36,-1.04,-0.67,0.30,33.30
845,12544787,-264.16,-983.40,68.85,-0.79,-0.67,0.24,33.59
846,12548836,-262.21,-978.03,71.29,-0.85,-0.61,0.30,33.64
847,12552885,-261.72,-979.49,66.89,-0.91,-0.73,0.37,33.68
848,12556943,-266.60,-977.54,69.34,-0.85,-0.85,0.18,33.64
849,12562787,-265.62,-982.91,70.31,-0.91,-0.73,-0.24,33.59
850,12566836,-266.11,-981.93,69.34,-0.49,-0.85,0.37,33.35
851,12570885,-260.74,-985.84,65.43,-0.67,-0.43,0.30,33.49
852,12574943,-265.14,-980.47,69.82,-0.85,-0.43,0.12,33.59
853,12578992,-265.62,-981.93,68.85,-0.73,-0.67,0.24,33.64
854,12583042,-259.77,-977.05,70.80,-0.98,-0.73,0.49,33.49
855,12588787,-265.14,-984.86,64.94,-0.85,-0.79,0.37,33.64
856,12592836,-264.65,-981.93,71.29,-0.79,-0.49,0.37,33.64
857,12596885,-265.62,-981.45,67.87,-0.61,-0.61,0.37,33.59
858,12600943,-260.25,-977.54,70.31,-0.67,-0.85,0.37,33.49
859,12606787,-262.21,-980.96,71.78,-0.91,-0.73,0.43,33.64
860,12610836,-268.07,-983.40,66.41,-0.73,-0.55,0.00,33.68
861,12614885,-263.18,-984.86,68.36,-0.67,-0.61,0.24,33.64
862,12618943,-265.62,-984.37,69.82,-0.67,-0.61,0.12,33.44
863,12622992,-264.16,-984.86,70.31,-0.67,-0.61,0.43,34.02
864,12628787,-265.62,-982.91,67.38,-0.85,-0.43,0.43,33.44
865,12632836,-262.70,-979.49,66.89,-1.04,-0.37,0.24,33.64
866,12636885,-259.77,-982.91,66.41,-0.73,-0.55,0.24,33.59
867,12640943,-265.62,-979.00,67.38,-0.67,-0.79,0.43,33.44
868,12644992,-265.14,-982.91,69.82,-0.67,-0.67,0.37,33.64
869,12650787,-262.70,-984.37,68.85,-0.91,-0.67,0.06,33.68
870,12654836,-267.58,-980.47,70.80,-0.91,-0.24,0.24,33.59
871,12658885,-261.72,-983.89,66.89,-0.85,-0.73,0.24,33.64
872,12662943,-260.74,-982.91,72.27,-0.73,-0.73,0.43,33.44
873,12666992,-262.21,-982.42,70.80,-0.85,-0.73,0.00,33.68
874,12672787,-265.14,-983.40,68.36,-0.73,-0.61,0.18,33.44
875,12676836,-260.25,-980.96,68.85,-0.79,-0.85,0.30,33.64
876,12680885,-260.25,-979.00,69.82,-0.73,-0.79,0.24,33.68
877,12684943,-264.65,-979.49,68.85,-0.73,-0.55,0.24,33.78
878,12688992,-261.72,-979.00,68.85,-0.85,-0.49,0.30,33.59
879,12694787,-265.14,-983.40,70.31,-0.67,-0.73,0.18,33.35
880,12698836,-261.72,-982.91,65.92,-0.73,-0.55,0.30,33.44
881,12702885,-263.67,-983.89,65.92,-0.67,-0.49,0.43,33.59
882,12706943,-265.62,-986.33,67.87,-0.73,-0.55,0.24,33.64
883,12710992,-265.62,-982.42,70.31,-0.91,-0.67,0.30,33.83
884,12716787,-262.70,-985.35,70.31,-0.91,-0.73,0.49,33.35
885,12720836,-262.21,-981.93,67.38,-0.73,-0.55,0.18,33.35
886,12724885,-265.62,-980.96,64.45,-1.04,-0.73,0.12,33.68
887,12728943,-262.70,-983.40,67.87,-0.79,-0.98,0.30,33.64
888,12732992,-263.67,-977.54,69.82,-0.61,-0.79,0.18,33.35
889,12738787,-265.14,-983.40,66.89,-0.79,-0.67,0.30,33.49
890,12742836,-267.09,-983.40,64.94,-0.73,-0.55,0.37,33.35
891,12746885,-263.18,-979.00,73.24,-0.67,-0.55,0.24,33.64
892,12750943,-267.58,-982.42,69.34,-0.85,-0.85,0.55,33.59
893,12754992,-264.16,-985.84,69.82,-0.79,-0.67,0.37,33.44
894,12760787,-264.65,-982.91,68.36,-0.85,-0.61,0.18,33.59
895,12764836,-268.07,-980.96,69.82,-0.61,-0.79,0.12,33.68
896,12768885,-266.11,-981.93,68.85,-0.67,-0.79,0.30,33.49
897,12772943,-262.70,-980.47,69.82,-0.91,-0.49,0.06,33.78
898,12776992,-266.60,-985.35,66.41,-0.61,-0.43,0.24,33.35
899,12782787,-266.11,-980.47,70.80,-0.73,-0.67,0.37,33.83
900,12786836,-264.16,-981.93,69.34,-0.67,-0.73,0.37,33.49
901,12790885,-261.23,-982.91,72.27,-0.67,-0.73,0.24,33.78
902,12794943,-263.18,-982.91,67.87,-0.85,-0.55,0.30,33.97
903,12800787,-266.11,-983.89,66.41,-0.73,-0.91,0.30,33.64
904,12804836,-265.14,-984.37,68.85,-0.79,-0.55,0.18,33.64
905,12808885,-263.67,-987.30,67.87,-0.79,-0.73,0.24,33.49
906,12812943,-262.21,-980.96,67.38,-0.91,-0.61,0.30,33.64
907,12816992,-264.16,-976.56,70.31,-0.79,-0.67,0.30,33.49
908,12822787,-264.16,-985.35,69.34,-0.79,-0.67,-0.06,33.44
909,12826836,-263.18,-983.89,64.94,-0.91,-0.61,0.24,33.64
910,12830885,-261.72,-979.49,65.92,-0.43,-0.61,0.18,33.49
911,12834943,-267.58,-980.47,72.75,-0.85,-0.73,0.24,33.59
912,12838992,-263.67,-983.40,73.24,-0.98,-0.85,0.18,33.83
913,12844787,-259.77,-980.47,69.82,-0.49,-0.79,0.37,33.83
914,12848836,-264.16,-986.33,65.43,-0.55,-0.61,0.55,33.78
915,12852885,-265.62,-983.40,66.41,-0.67,-0.61,0.12,33.49
916,12856943,-267.58,-985.35,70.31,-0.98,-0.73,0.43,33.35
917,12860992,-265.14,-978.03,73.73,-0.91,-0.55,0.49,33.59
918,12866787,-263.67,-981.93,68.85,-0.98,-0.55,0.18,33.64
919,12870836,-260.74,-983.89,69.34,-0.85,-0.73,0.18,33.59
920,12874885,-266.11,-981.45,70.80,-0.61,-0.49,0.30,33.49
921,12878943,-264.65,-979.98,67.87,-0.98,-0.55,0.24,33.35
922,12882992,-265.62,-985.35,67.87,-0.85,-0.61,0.43,33.44
923,12888787,-262.21,-986.82,66.89,-0.73,-0.67,0.06,33.64
924,12892836,-262.21,-980.47,68.85,-0.98,-0.85,0.06,33.59
925,12896885,-259.77,-983.40,66.89,-0.98,-0.37,0.18,33.64
926,12900943,-266.11,-982.42,68.85,-0.79,-0.55,0.18,33.83
927,12904992,-266.11,-985.35,73.73,-0.73,-0.73,0.18,33.64
928,12910787,-258.79,-983.89,69.34,-0.79,-0.67,0.18,33.68
929,12914836,-260.74,-980.96,67.87,-0.98,-0.79,0.43,33.64
930,12918885,-263.67,-981.45,66.41,-0.79,-0.43,0.24,33.68
931,12922943,-265.14,-982.91,73.24,-0.91,-0.61,0.49,33.88
932,12926992,-265.62,-984.86,65.92,-0.67,-0.37,0.30,33.44
933,12932787,-261.23,-983.40,67.38,-0.73,-0.67,0.49,33.49
934,12936836,-263.67,-981.93,68.36,-0.85,-0.55,0.24,33.25
935,12940885,-266.11,-983.89,69.34,-1.04,-0.67,0.12,33.49
936,12944943,-263.18,-982.91,67.87,-0.85,-0.67,0.37,33.49
937,12948992,-265.14,-987.30,69.82,-0.73,-0.73,0.12,33.49
938,12954787,-260.74,-979.98,66.89,-0.98,-0.79,0.18,33.30
939,12958836,-262.21,-979.98,65.43,-0.85,-0.67,0.37,33.35
940,12962885,-265.14,-983.40,71.29,-0.55,-0.61,0.18,33.49
941,12966943,-263.18,-984.86,69.34,-0.61,-0.55,0.24,33.64
942,12970992,-263.18,-981.45,66.41,-0.85,-0.43,0.18,33.64
943,12976787,-262.21,-981.45,66.41,-0.73,-0.67,0.24,33.44
944,12980836,-265.62,-987.30,72.27,-0.85,-0.49,0.49,33.83
945,12984885,-263.67,-980.47,63.96,-0.91,-0.85,0.18,33.68
946,12988943,-262.70,-979.98,68.36,-0.79,-0.61,0.06,33.49
947,12992992,-260.25,-978.52,69.34,-0.85,-0.55,0.30,33.64
948,12998787,-264.65,-979.98,68.85,-0.55,-0.79,0.37,33.49
949,13002836,-262.70,-983.89,71.78,-0.79,-0.73,0.06,33.59
950,13006885,-260.25,-982.42,70.80,-0.85,-0.55,0.12,33.68
951,13010943,-263.67,-978.52,70.31,-0.49,-0.61,0.24,33.64
952,13016787,-265.14,-982.42,67.38,-0.98,-0.67,0.24,33.68
953,13020836,-264.16,-982.91,69.82,-0.85,-0.73,0.30,33.78
954,13024885,-266.60,-980.47,59.57,-0.91,-0.79,0.43,33.64
955,13028943,-266.11,-984.37,71.78,-0.67,-0.67,0.55,33.64
956,13032992,-266.11,-984.86,71.29,-0.91,-0.37,0.55,33.59
957,13037042,-261.23,-983.40,68.36,-0.85,-0.73,0.73,33.35
958,13042787,-267.09,-980.47,71.29,-0.67,-0.79,0.55,33.49
959,13046836,-266.11,-981.93,69.34,-0.61,-0.91,0.30,33.68
960,13050885,-266.11,-987.79,68.85,-0.61,-0.61,0.06,33.59
961,13054943,-265.62,-979.49,66.89,-0.79,-0.55,-0.12,33.64
962,13060787,-261.72,-982.91,67.38,-0.85,-0.73,0.30,33.49
963,13064836,-260.25,-982.91,70.31,-0.73,-0.67,0.37,33.68
964,13068885,-268.07,-986.82,71.29,-0.61,-0.67,0.49,33.83
965,13072943,-260.74,-982.42,67.38,-0.91,-0.79,0.49,33.44
966,13076992,-263.18,-980.96,67.38,-0.79,-0.67,0.30,33.78
967,13082787,-269.53,-981.45,69.82,-0.73,-0.91,0.06,33.59
968,13086836,-267.58,-983.89,67.38,-0.55,-0.61,0.43,33.68
969,13090885,-259.28,-979.98,65.43,-0.61,-0.73,0.79,33.44
970,13094943,-259.77,-979.49,69.34,-0.73,-0.49,0.49,33.35
971,13098992,-266.60,-979.98,66.89,-0.85,-0.85,0.37,33.35
972,13104787,-266.11,-980.47,69.34,-0.73,-0.67,0.18,33.68
973,13108836,-263.18,-983.89,69.34,-0.67,-0.79,0.12,33.78
974,13112885,-262.70,-982.91,66.89,-0.85,-0.67,0.06,33.44
975,13116943,-263.67,-987.30,69.34,-0.91,-0.67,0.06,33.35
976,13120992,-263.18,-985.35,69.82,-0.79,-0.67,0.18,33.68
977,13126787,-261.72,-980.47,70.31,-0.55,-0.30,0.37,33.49
978,13130836,-266.60,-985.84,69.82,-0.73,-0.55,0.37,33.68
979,13134885,-271.48,-981.45,64.45,-1.04,-0.67,0.12,33.59
980,13138943,-263.67,-979.98,69.82,-0.67,-0.37,0.12,33.59
981,13142992,-261.23,-983.40,68.36,-0.85,-0.55,0.37,33.68
982,13148787,-269.04,-984.86,65.43,-0.85,-0.85,0.12,33.35
983,13152836,-268.07,-984.86,66.89,-0.55,-0.61,0.24,33.35
984,13156885,-265.14,-983.40,64.94,-0.67,-0.85,0.43,33.68
985,13160943,-265.14,-982.42,67.87,-0.79,-0.85,0.12,33.83
986,13164992,-268.07,-983.89,68.85,-0.98,-0.73,0.24,33.83
987,13170787,-260.74,-985.35,64.45,-0.91,-0.67,0.12,33.44
988,13174836,-262.70,-981.45,71.78,-0.67,-0.73,0.12,33.59
989,13178885,-260.25,-983.89,70.31,-0.73,-0.67,0.12,33.59
990,13182943,-262.21,-979.49,69.82,-0.98,-0.43,0.24,33.59
991,13186992,-265.62,-983.40,64.94,-0.61,-0.61,0.49,33.44
992,13192787,-262.70,-981.93,73.73,-0.79,-0.91,0.30,33.35
993,13196836,-263.67,-981.93,71.78,-0.98,-0.91,0.24,33.44
994,13200885,-265.62,-978.52,69.82,-1.04,-0.67,0.06,33.64
995,13204943,-261.72,-983.89,68.36,-1.10,-0.98,0.00,33.88
996,13208992,-264.65,-980.96,69.34,-0.73,-0.55,0.12,33.35
997,13214787,-264.65,-983.40,72.27,-0.73,-0.61,0.06,33.68
998,13218836,-263.18,-977.05,65.92,-0.79,-0.61,0.06,33.49
999,13222885,-261.23,-978.52,71.29,-0.73,-0.55,0.67,33.59
1000,13226943,-266.60,-977.54,70.80,-0.43,-0.55,0.12,33.68
1001,13230992,-264.16,-980.47,69.82,-0.67,-0.67,0.30,33.49
1002,13236787,-264.65,-983.89,70.31,-0.85,-0.67,0.12,33.78
1003,13240836,-263.67,-983.89,70.80,-0.73,-0.67,0.30,33.83
1004,13244885,-267.09,-985.35,72.27,-0.79,-0.37,0.18,33.83
1005,13248943,-263.67,-980.47,67.38,-0.91,-0.79,0.06,33.68
1006,13254787,-263.67,-983.89,66.89,-0.79,-0.98,0.30,33.64
1007,13258836,-258.30,-979.98,68.85,-0.67,-0.73,0.06,33.59
1008,13262885,-261.23,-981.45,69.34,-1.04,-0.67,0.30,33.64
1009,13266943,-266.11,-980.47,69.34,-0.73,-0.73,0.30,33.68
1010,13270992,-263.67,-984.86,67.87,-0.67,-0.61,0.30,33.78
1011,13276787,-263.67,-982.91,69.82,-0.67,-0.67,0.12,33.68
1012,13280836,-259.77,-980.96,68.85,-0.79,-0.61,-0.18,33.78
1013,13284885,-266.11,-984.37,66.41,-0.85,-0.67,0.00,33.35
1014,13288943,-262.70,-985.35,67.38,-0.67,-0.49,0.49,33.59
1015,13292992,-261.23,-985.35,69.34,-1.10,-0.55,0.24,33.49
1016,13298787,-265.62,-986.33,66.41,-0.85,-0.55,0.18,33.64
1017,13302836,-264.65,-982.42,70.31,-0.79,-0.61,0.12,33.64
1018,13306885,-264.16,-979.98,68.85,-0.91,-0.55,0.24,33.68
1019,13310943,-265.62,-981.45,72.27,-0.91,-0.55,0.06,33.59
1020,13314992,-262.70,-982.42,69.82,-0.91,-0.67,-0.06,33.64
1021,13320787,-262.21,-982.91,64.94,-0.91,-0.55,0.24,33.44
1022,13324836,-264.65,-985.35,63.48,-0.67,-0.61,0.24,33.64
1023,13328885,-263.67,-984.86,66.41,-0.85,-0.61,0.30,33.68
1024,13332943,-265.14,-981.45,65.43,-0.67,-0.79,0.43,33.49
1025,13336992,-265.14,-981.45,67.87,-0.55,-0.55,0.43,33.68
1026,13342787,-263.67,-985.84,68.36,-0.73,-0.67,0.24,33.59
1027,13346836,-267.09,-982.42,68.85,-0.98,-0.67,0.37,33.49
1028,13350885,-264.65,-985.84,67.87,-0.85,-0.91,0.49,33.64
1029,13354943,-260.74,-980.96,69.82,-0.61,-0.61,0.30,33.64
1030,13358992,-265.62,-985.35,67.87,-1.16,-0.67,0.24,33.44
1031,13364787,-263.18,-983.40,66.89,-0.91,-0.61,-0.12,33.88
1032,13368836,-265.14,-979.98,64.94,-0.98,-0.61,0.18,33.49
1033,13372885,-262.70,-981.93,66.41,-0.79,-0.55,0.43,33.88
1034,13376943,-264.16,-982.91,71.29,-0.73,-0.49,0.37,33.68
1035,13380992,-260.25,-982.91,66.89,-0.85,-0.55,0.24,33.44
1036,13386787,-257.81,-983.40,66.89,-0.43,-0.61,0.24,33.49
1037,13390836,-262.70,-979.00,70.31,-0.73,-0.49,0.43,33.25
1038,13394885,-261.23,-986.82,71.78,-1.04,-0.73,0.18,33.78
1039,13398943,-267.09,-980.96,68.85,-0.91,-0.55,0.24,33.88
1040,13402992,-261.72,-979.00,68.36,-0.73,-0.49,0.24,33.49
1041,13408787,-266.60,-982.91,69.82,-0.79,-0.79,0.18,33.44
1042,13412836,-267.09,-984.37,67.87,-0.79,-0.91,-0.18,33.35
1043,13416885,-261.72,-979.98,68.85,-0.85,-0.73,0.55,33.83
1044,13420943,-262.70,-980.96,64.45,-0.85,-0.73,0.49,33.78
1045,13424992,-265.62,-983.40,64.45,-0.55,-0.61,0.37,33.49
1046,13430787,-265.14,-981.45,66.89,-0.61,-0.85,0.61,33.35
1047,13434836,-263.67,-982.42,67.87,-0.61,-0.67,0.12,33.64
1048,13438885,-261.23,-980.96,65.43,-0.79,-0.49,0.06,33.49
1049,13442943,-261.72,-979.00,66.89,-0.85,-0.85,0.12,33.49
1050,13446992,-260.74,-982.91,68.36,-0.67,-0.49,0.18,33.44
1051,13452787,-264.16,-981.45,66.89,-0.79,-0.85,0.00,33.64
1052,13456836,-257.81,-982.42,67.87,-0.73,-0.79,0.43,33.49
1053,13460885,-262.70,-982.91,65.92,-0.79,-0.55,0.18,33.64
1054,13464943,-261.23,-983.40,68.36,-0.98,-0.73,0.49,33.68
1055,13470787,-257.81,-980.96,66.89,-0.73,-0.73,0.67,33.59
1056,13474836,-261.72,-980.96,68.36,-0.67,-0.61,0.37,33.59
1057,13478885,-267.09,-983.40,64.45,-0.73,-0.73,0.06,33.44
1058,13482943,-264.65,-983.89,67.87,-0.67,-0.79,0.49,33.44
1059,13486992,-263.18,-985.35,66.41,-0.73,-0.73,0.12,33.59
1060,13491042,-267.09,-980.47,65.43,-0.98,-0.79,0.30,33.49
1061,13496787,-264.65,-982.42,69.82,-0.79,-0.61,0.24,33.68
1062,13500836,-263.67,-984.37,64.45,-0.73,-0.79,0.49,33.88
1063,13504885,-265.62,-982.42,70.31,-0.79,-0.67,0.43,33.44
1064,13508943,-266.60,-984.37,69.34,-0.67,-0.55,0.12,33.49
1065,13514787,-258.79,-980.47,67.87,-0.73,-0.85,0.30,33.59
1066,13518836,-263.18,-983.40,68.36,-0.49,-0.61,0.49,33.49
1067,13522885,-266.60,-985.84,69.82,-0.79,-0.49,0.06,33.59
1068,13526943,-263.18,-979.98,70.80,-0.91,-0.55,0.18,33.44
1069,13530992,-262.70,-978.03,68.85,-0.79,-0.67,0.24,33.49
1070,13536787,-256.84,-979.49,71.78,-0.61,-0.61,0.18,33.44
1071,13540836,-261.72,-984.86,71.29,-0.67,-0.73,0.30,33.59
1072,13544885,-264.16,-982.91,70.31,-0.79,-0.55,0.06,33.68
1073,13548943,-264.16,-979.00,67.87,-0.67,-0.55,0.43,33.35
1074,13552992,-266.11,-982.42,74.71,-0.55,-0.55,0.49,33.68
1075,13558787,-262.70,-988.28,72.75,-0.61,-0.73,0.43,33.64
1076,13562836,-262.70,-981.93,71.78,-0.73,-0.43,0.43,33.59
1077,13566885,-263.67,-983.89,69.82,-0.73,-0.61,0.30,33.83
1078,13570943,-268.07,-981.93,70.31,-0.61,-0.73,0.30,33.59
1079,13574992,-263.18,-982.91,67.38,-0.73,-0.79,0.18,33.44
1080,13580787,-263.18,-979.49,70.80,-0.98,-0.67,0.24,33.88
1081,13584836,-264.65,-983.89,67.38,-0.61,-0.67,0.24,33.59
1082,13588885,-266.11,-983.40,68.36,-0.73,-0.61,0.24,33.44
1083,13592943,-261.23,-984.86,66.89,-0.79,-0.67,0.00,33.64
1084,13596992,-262.70,-984.37,67.87,-0.73,-0.73,-0.12,33.59
1085,13602787,-258.30,-981.93,67.38,-0.85,-0.91,0.18,33.49
1086,13606836,-262.70,-982.42,67.38,-0.85,-0.49,0.06,33.49
1087,13610885,-266.60,-985.35,70.31,-0.73,-0.79,0.43,33.88
1088,13614943,-264.65,-979.98,70.31,-0.79,-0.55,0.30,33.49
1089,13618992,-263.18,-981.93,67.38,-0.73,-0.79,0.30,33.59
1090,13624787,-264.65,-981.93,67.87,-0.98,-0.61,0.24,33.59
1091,13628836,-264.65,-981.45,70.31,-0.79,-0.67,0.12,33.49
1092,13632885,-263.67,-982.91,67.38,-0.79,-0.55,0.30,33.44
1093,13636943,-263.67,-983.40,65.43,-0.79,-0.61,0.00,33.64
1094,13640992,-261.72,-988.28,69.82,-0.67,-0.73,0.18,33.35
1095,13646787,-265.14,-982.42,64.94,-0.73,-0.67,0.18,33.44
1096,13650836,-263.18,-979.49,68.36,-0.79,-0.67,-0.06,33.49
1097,13654885,-259.28,-981.45,70.31,-0.79,-0.73,0.37,33.59
1098,13658943,-265.14,-981.93,69.82,-0.49,-0.55,0.55,33.64
1099,13662992,-266.60,-978.03,68.85,-0.73,-0.98,0.43,33.59
1100,13668787,-262.21,-979.49,70.31,-0.79,-0.67,0.30,33.64
1101,13672836,-267.09,-980.47,66.89,-0.73,-0.73,0.43,33.44
1102,13676885,-265.14,-981.45,68.85,-0.85,-0.49,0.06,33.49
1103,13680943,-265.14,-984.86,67.38,-0.91,-0.55,0.06,33.68
1104,13684992,-262.70,-982.91,69.82,-0.79,-0.49,0.24,33.30
1105,13690787,-264.16,-984.86,68.85,-0.61,-0.61,0.06,33.83
1106,13694836,-261.72,-985.84,72.75,-0.61,-0.55,0.12,33.68
1107,13698885,-262.21,-983.89,70.80,-0.67,-0.49,0.24,33.78
1108,13702943,-263.67,-985.84,70.80,-0.79,-0.73,0.12,33.83
1109,13708787,-266.11,-984.37,71.78,-0.98,-0.67,0.06,33.88
1110,13712836,-260.25,-980.47,66.41,-0.91,-0.73,0.37,33.78
1111,13716885,-260.74,-982.91,65.43,-0.85,-0.73,0.43,33.59
1112,13720943,-263.67,-982.91,66.41,-0.73,-0.85,0.43,33.59
1113,13724992,-264.16,-982.91,68.36,-0.91,-0.79,0.18,33.88
1114,13730787,-260.25,-979.98,70.80,-0.91,-0.73,0.18,34.02
1115,13734836,-264.65,-984.37,67.38,-0.98,-0.55,0.18,33.78
1116,13738885,-266.60,-980.96,67.38,-0.85,-0.61,0.18,33.64
1117,13742943,-260.25,-979.00,67.38,-0.85,-0.61,0.37,33.35
1118,13746992,-263.18,-983.89,66.89,-0.61,-0.55,0.43,33.49
1119,13752787,-264.65,-979.00,67.38,-0.55,-0.43,0.12,33.59
1120,13756836,-265.62,-984.37,68.36,-0.73,-0.61,0.12,33.59
1121,13760885,-266.11,-982.42,69.82,-0.73,-0.61,-0.06,33.64
1122,13764943,-264.65,-978.52,71.78,-0.67,-0.43,0.30,33.49
1123,13768992,-266.11,-984.86,70.31,-0.85,-0.61,0.24,33.59
1124,13774787,-265.62,-984.37,66.41,-0.91,-0.61,0.06,33.49
1125,13778836,-265.62,-979.49,64.94,-0.91,-0.67,0.00,33.83
1126,13782885,-264.65,-980.47,71.29,-0.73,-0.61,0.24,33.68
1127,13786943,-259.77,-985.84,68.85,-0.98,-0.61,0.12,33.44
1128,13790992,-262.70,-980.47,62.99,-0.85,-0.67,0.12,33.35
1129,13796787,-263.67,-979.49,72.27,-0.73,-0.43,0.18,33.59
1130,13800836,-260.25,-979.00,70.80,-0.67,-0.91,0.06,33.64
1131,13804885,-264.65,-982.91,68.36,-0.73,-0.79,0.18,33.68
1132,13808943,-264.65,-980.47,67.87,-1.04,-0.73,0.43,33.49
1133,13812992,-261.23,-975.10,71.78,-0.85,-0.79,0.43,33.68
1134,13818787,-261.23,-979.98,70.31,-0.73,-0.61,0.43,33.68
1135,13822836,-258.79,-982.91,69.34,-0.55,-0.67,0.49,33.49
1136,13826885,-269.04,-979.49,64.94,-0.79,-0.67,0.30,33.59
1137,13830943,-267.09,-980.47,69.34,-0.85,-0.43,0.43,33.59
1138,13834992,-261.23,-983.40,70.31,-1.04,-0.55,0.06,33.78
1139,13840787,-259.28,-982.91,66.89,-0.91,-0.67,-0.12,33.59
1140,13844836,-261.72,-983.40,69.82,-0.73,-0.61,0.18,33.59
1141,13848885,-267.09,-979.49,70.80,-0.61,-0.85,0.12,33.97
1142,13852943,-263.18,-979.98,70.31,-0.67,-0.49,0.30,33.49
1143,13856992,-264.65,-977.05,71.29,-0.79,-0.43,0.18,33.35
1144,13862787,-262.70,-979.00,66.89,-0.73,-0.43,0.37,33.35
1145,13866836,-262.70,-981.93,69.34,-0.85,-0.73,0.06,33.49
1146,13870885,-262.70,-980.47,71.29,-0.67,-0.85,0.18,33.64
1147,13874943,-264.16,-983.89,65.92,-0.98,-0.61,0.24,33.83
1148,13878992,-263.18,-980.96,71.29,-0.61,-0.91,0.37,33.59
1149,13884787,-262.21,-982.42,70.80,-0.79,-0.55,0.06,33.35
1150,13888836,-264.65,-979.98,70.31,-0.91,-0.73,0.12,33.59
1151,13892885,-264.16,-981.45,66.89,-0.79,-0.67,0.24,33.64
1152,13896943,-264.16,-979.49,70.80,-0.67,-1.04,0.37,33.64
1153,13900992,-263.18,-984.86,68.36,-0.67,-0.85,0.06,33.49
1154,13906787,-264.65,-983.40,66.41,-0.98,-0.67,0.12,33.59
1155,13910836,-264.16,-980.96,65.92,-0.85,-0.79,0.30,33.68
1156,13914885,-264.65,-986.33,65.43,-0.61,-0.73,0.12,33.68
1157,13918943,-268.07,-982.42,66.41,-0.61,-0.30,0.06,33.35
1158,13924787,-261.72,-982.91,66.89,-0.98,-0.79,0.24,33.78
1159,13928836,-257.81,-982.91,67.87,-0.73,-0.61,0.55,33.49
1160,13932885,-260.25,-981.93,69.34,-0.85,-0.85,0.30,33.64
1161,13936943,-261.23,-980.96,66.41,-0.61,-0.67,0.30,33.83
1162,13940992,-258.79,-977.54,64.94,-0.91,-0.91,0.18,33.68
1163,13946787,-258.79,-979.49,69.34,-0.85,-0.55,0.37,33.64
1164,13950836,-263.67,-977.54,69.82,-0.85,-0.73,0.30,33.49
1165,13954885,-261.72,-980.47,67.87,-0.85,-0.67,0.30,33.78
1166,13958943,-263.18,-980.96,71.78,-0.67,-0.79,0.24,33.68
1167,13962992,-258.30,-982.42,66.41,-0.98,-0.67,0.18,33.49
1168,13968787,-260.25,-981.45,72.27,-0.61,-0.91,0.24,33.83
1169,13972836,-267.09,-981.93,65.92,-0.85,-0.67,0.18,33.83
1170,13976885,-262.21,-979.98,68.85,-0.61,-0.67,0.43,33.83
1171,13980943,-265.14,-982.42,72.75,-0.73,-0.49,0.12,33.59
1172,13984992,-263.67,-983.40,70.31,-0.79,-0.79,0.67,33.35
1173,13990787,-263.67,-986.82,69.82,-0.79,-0.79,0.12,33.78
1174,13994836,-265.62,-982.91,67.38,-0.67,-0.67,0.24,33.68
1175,13998885,-261.23,-983.89,68.85,-0.98,-0.43,0.06,33.49
1176,14002943,-267.58,-982.42,65.43,-0.67,-0.73,0.18,33.49
1177,14006992,-263.67,-984.86,71.29,-0.73,-0.67,-0.06,33.83
1178,14012787,-266.11,-978.52,69.34,-0.91,-0.67,0.37,33.68
1179,14016836,-264.65,-984.37,72.27,-0.91,-0.73,0.12,33.49
1180,14020885,-264.65,-981.45,65.92,-0.85,-0.73,-0.06,33.49
1181,14024943,-263.18,-981.93,66.89,-0.73,-0.55,0.49,33.88
1182,14028992,-261.72,-982.42,68.85,-0.73,-0.67,0.61,33.68
1183,14034787,-260.25,-981.45,67.87,-0.67,-0.61,0.30,33.64
1184,14038836,-263.18,-981.93,65.92,-0.73,-0.91,0.43,33.78
1185,14042885,-263.18,-979.98,64.94,-0.79,-0.79,0.37,33.68
1186,14046943,-263.18,-982.42,68.85,-0.79,-0.73,0.67,33.68
1187,14050992,-263.67,-988.77,68.85,-0.79,-0.85,0.37,33.78
1188,14056787,-264.65,-981.93,64.94,-0.73,-0.79,0.18,33.59
1189,14060836,-257.81,-980.96,63.96,-0.67,-0.55,0.06,33.44
1190,14064885,-263.18,-982.91,66.89,-0.85,-0.91,0.24,33.68
1191,14068943,-265.62,-986.33,73.73,-0.85,-0.30,0.06,33.64
1192,14072992,-261.72,-981.45,65.43,-0.91,-0.61,0.30,33.78
1193,14078787,-265.14,-981.45,67.38,-0.73,-0.61,0.43,33.59
1194,14082836,-260.74,-984.37,64.94,-0.67,-0.67,0.61,33.59
1195,14086885,-266.11,-981.93,68.85,-0.43,-0.61,0.43,33.64
1196,14090943,-266.11,-981.45,68.85,-0.85,-0.67,0.18,33.68
1197,14094992,-259.28,-979.49,73.24,-0.61,-0.67,0.24,33.44
1198,14100787,-263.67,-983.40,67.38,-0.61,-0.55,0.06,33.59
1199,14104836,-264.65,-983.40,67.87,-0.85,-0.61,0.00,33.49
1200,14108885,-261.23,-981.45,70.80,-0.79,-0.79,0.24,33.64
1201,14112943,-257.81,-976.56,71.78,-0.98,-0.61,0.55,33.49
1202,14116992,-262.70,-983.89,70.31,-0.49,-0.67,0.79,33.49
1203,14122787,-266.60,-980.96,69.82,-0.67,-0.49,0.61,33.64
1204,14126836,-263.18,-985.35,67.38,-0.79,-0.55,0.61,33.64
1205,14130885,-264.65,-980.96,71.29,-0.67,-0.67,0.06,33.78
1206,14134943,-257.81,-984.37,71.29,-0.79,-0.55,0.24,33.64
1207,14138992,-260.74,-983.40,67.87,-0.91,-0.67,0.12,33.49
1208,14144787,-261.23,-985.84,70.31,-1.04,-0.67,0.18,33.64
1209,14148836,-265.14,-981.93,66.89,-0.79,-0.67,0.43,33.64
1210,14152885,-264.65,-981.45,69.34,-0.79,-0.73,0.18,33.68
1211,14156943,-266.11,-979.00,65.92,-0.67,-0.73,0.43,33.64
1212,14162787,-265.62,-980.47,68.85,-0.85,-0.73,0.43,33.64
1213,14166836,-266.11,-983.89,66.89,-0.98,-0.55,0.37,33.49
1214,14170885,-264.16,-982.42,65.43,-0.73,-0.73,0.30,33.68
1215,14174943,-263.67,-980.96,72.75,-0.73,-0.67,0.30,33.68
1216,14178992,-260.74,-985.35,70.80,-0.79,-0.61,0.12,33.78
1217,14184787,-261.23,-983.89,69.82,-0.91,-0.91,0.24,33.68
1218,14188836,-263.67,-981.93,68.85,-1.04,-0.55,-0.06,33.78
1219,14192885,-266.11,-977.05,71.29,-0.61,-0.61,0.18,33.59
1220,14196943,-266.60,-981.93,67.87,-0.79,-0.67,0.37,33.44
1221,14200992,-267.09,-976.07,68.36,-0.91,-0.79,0.18,33.78
1222,14206787,-262.21,-984.86,70.80,-0.98,-0.67,0.24,33.88
1223,14210836,-259.77,-985.84,67.87,-0.91,-0.67,0.18,33.68
1224,14214885,-264.65,-976.56,66.41,-0.85,-0.67,0.37,33.78
1225,14218943,-267.58,-979.98,70.31,-0.91,-0.61,0.12,33.35
1226,14222992,-268.55,-983.89,67.38,-0.79,-0.61,0.18,33.68
1227,14228787,-260.74,-982.91,71.29,-0.91,-0.67,0.24,33.78
1228,14232836,-265.14,-983.40,67.38,-0.73,-0.79,-0.06,33.64
1229,14236885,-262.70,-981.45,69.82,-1.04,-0.67,0.12,33.68
1230,14240943,-265.62,-982.42,68.36,-0.98,-0.43,0.43,33.49
1231,14244992,-261.72,-980.47,65.92,-1.04,-0.73,0.61,33.97
1232,14250787,-268.07,-980.47,66.41,-0.67,-0.67,0.37,33.59
1233,14254836,-265.14,-982.91,66.89,-0.91,-0.79,0.18,33.83
1234,14258885,-263.18,-978.52,65.92,-0.73,-0.37,0.30,33.49
1235,14262943,-260.25,-985.35,71.29,-0.73,-0.61,0.30,33.68
1236,14266992,-262.70,-984.37,68.36,-0.73,-0.67,0.24,33.59
1237,14272787,-264.65,-979.00,65.43,-0.73,-0.91,0.18,33.83
1238,14276836,-269.04,-979.98,68.85,-0.79,-0.73,0.24,33.35
1239,14280885,-264.65,-984.37,69.82,-0.79,-0.79,0.06,33.68
1240,14284943,-265.62,-981.45,62.01,-0.98,-0.55,0.12,33.88
1241,14288992,-259.28,-983.89,70.31,-1.10,-0.73,0.43,33.59
1242,14294787,-264.65,-979.00,72.27,-0.73,-0.61,0.18,33.64
1243,14298836,-265.14,-979.98,69.34,-0.91,-0.67,0.12,33.35
1244,14302885,-260.74,-983.89,63.96,-0.98,-0.61,0.30,34.02
1245,14306943,-263.18,-980.47,71.29,-0.85,-0.55,0.12,33.97
1246,14310992,-259.28,-979.49,66.89,-0.91,-0.61,0.06,33.49
1247,14316787,-263.67,-979.98,66.89,-0.85,-0.67,-0.12,33.59
1248,14320836,-259.28,-984.37,64.94,-0.91,-0.61,-0.18,33.44
1249,14324885,-263.67,-984.37,65.92,-0.98,-0.67,0.24,33.83
1250,14328943,-265.14,-986.33,67.87,-0.85,-0.67,0.18,33.68
1251,14332992,-263.67,-983.40,66.89,-0.61,-0.67,0.18,33.35
1252,14338787,-264.16,-981.93,65.43,-0.91,-0.67,0.12,33.64
1253,14342836,-261.72,-982.42,67.38,-0.79,-0.43,0.43,33.64
1254,14346885,-265.62,-979.98,68.36,-0.79,-0.73,0.18,33.59
1255,14350943,-266.11,-983.40,68.36,-0.85,-0.73,0.18,33.83
1256,14354992,-263.18,-985.35,66.89,-0.85,-0.85,0.18,33.44
1257,14360787,-262.70,-980.47,69.34,-0.73,-0.67,0.18,33.49
1258,14364836,-258.79,-982.91,68.36,-0.91,-0.67,0.49,33.59
1259,14368885,-261.23,-983.89,68.85,-0.61,-0.67,0.12,33.68
1260,14372943,-262.70,-981.45,69.34,-0.79,-0.85,0.30,33.64
1261,14378787,-260.74,-985.35,67.38,-0.98,-0.67,0.24,33.49
1262,14382836,-262.21,-984.37,68.85,-0.91,-0.49,0.30,33.78
1263,14386885,-262.70,-985.84,69.82,-1.04,-0.49,0.24,33.49
1264,14390943,-262.21,-983.89,68.85,-0.61,-0.61,0.30,33.64
1265,14394992,-265.62,-980.96,69.34,-0.73,-0.67,0.37,33.68
1266,14400787,-266.11,-982.42,67.38,-0.55,-0.85,0.61,33.64
1267,14404836,-259.77,-979.00,69.34,-0.85,-0.49,0.18,33.64
1268,14408885,-263.67,-980.96,71.78,-0.73,-0.67,0.30,33.78
1269,14412943,-270.02,-983.89,67.38,-0.85,-0.85,0.12,33.59
1270,14416992,-266.11,-982.42,68.36,-0.55,-0.79,0.12,34.02
1271,14422787,-264.65,-981.45,69.34,-0.49,-0.79,0.24,33.68
1272,14426836,-261.23,-979.98,68.85,-1.04,-0.61,0.30,33.49
1273,14430885,-261.72,-979.98,62.50,-0.61,-0.37,0.30,33.35
1274,14434943,-261.23,-982.91,69.34,-0.67,-0.37,0.18,33.68
1275,14438992,-262.70,-982.91,74.71,-0.91,-0.67,0.06,33.83
1276,14444787,-258.79,-984.37,68.85,-0.61,-0.61,0.18,33.68
1277,14448836,-260.74,-982.42,62.50,-0.79,-0.55,0.43,33.68
1278,14452885,-262.70,-980.47,69.82,-1.04,-0.73,0.18,33.83
1279,14456943,-262.70,-983.40,70.80,-0.67,-0.67,0.12,33.49
1280,14460992,-261.72,-980.47,66.41,-0.91,-0.37,0.24,33.68
1281,14466787,-260.25,-983.89,70.80,-0.73,-0.67,0.06,33.88
1282,14470836,-261.72,-983.40,70.80,-0.79,-0.73,0.24,33.64
1283,14474885,-263.18,-984.37,69.34,-0.91,-0.73,0.12,33.64
1284,14478943,-262.21,-982.42,69.82,-0.85,-0.55,0.12,33.78
1285,14482992,-266.60,-984.37,70.31,-0.79,-0.61,0.30,33.83
1286,14488787,-262.70,-977.54,67.87,-0.85,-0.43,0.37,33.59
1287,14492836,-262.70,-983.40,68.36,-0.85,-0.73,0.24,33.68
1288,14496885,-261.23,-980.96,70.31,-0.91,-0.67,0.37,33.64
1289,14500943,-261.23,-977.54,63.96,-0.79,-0.67,0.30,33.68
1290,14504992,-261.23,-982.91,63.96,-0.79,-0.85,0.43,33.59
1291,14510787,-261.72,-979.00,67.87,-0.61,-0.85,0.30,33.59
1292,14514836,-262.21,-980.96,70.31,-0.73,-0.55,0.61,33.30
1293,14518885,-263.18,-981.93,67.38,-0.79,-0.79,0.49,33.44
1294,14522943,-260.74,-977.54,69.82,-0.73,-0.61,0.18,33.44
1295,14526992,-265.14,-978.52,69.34,-0.49,-0.61,0.30,33.68
1296,14532787,-265.14,-984.86,66.89,-0.91,-0.61,0.12,33.64
1297,14536836,-261.72,-979.49,63.48,-0.79,-0.79,0.30,33.35
1298,14540885,-261.72,-983.40,67.87,-0.55,-1.04,0.24,33.68
1299,14544943,-265.62,-983.89,70.80,-0.73,-0.67,0.55,33.68
1300,14548992,-259.28,-985.84,67.87,-0.79,-0.61,0.30,33.30
1301,14554787,-265.14,-982.91,69.34,-0.98,-0.98,0.37,33.44
1302,14558836,-266.60,-980.96,70.31,-0.98,-0.55,0.37,33.64
1303,14562885,-266.11,-979.00,70.80,-0.91,-0.55,0.30,33.64
1304,14566943,-265.14,-982.91,62.99,-0.67,-0.49,0.06,33.68
1305,14570992,-262.21,-981.93,65.43,-0.73,-0.43,0.00,33.49
1306,14576787,-262.70,-975.10,68.36,-0.73,-0.67,0.18,33.78
1307,14580836,-260.25,-980.96,68.36,-0.73,-0.67,0.30,33.49
1308,14584885,-262.21,-982.91,69.82,-0.91,-0.67,0.30,33.78
1309,14588943,-261.72,-983.40,66.89,-0.79,-0.55,0.24,33.49
1310,14592992,-265.62,-983.40,68.36,-0.61,-0.61,0.30,33.35
1311,14598787,-261.72,-981.45,65.43,-0.91,-0.67,0.12,33.68
1312,14602836,-260.74,-978.52,69.34,-0.79,-0.61,0.37,33.64
1313,14606885,-261.23,-978.03,68.36,-0.67,-0.73,0.30,33.59
1314,14610943,-265.14,-979.98,72.27,-0.79,-0.79,0.43,33.78
1315,14616787,-267.09,-982.42,68.85,-0.85,-0.91,0.37,33.49
1316,14620836,-267.09,-982.91,69.34,-0.79,-0.61,0.24,33.78
1317,14624885,-260.25,-981.93,66.41,-0.79,-0.61,0.30,33.59
1318,14628943,-261.72,-984.37,67.38,-0.85,-0.73,0.18,33.64
1319,14632992,-258.79,-984.86,67.38,-1.04,-0.85,0.30,33.68
1320,14638787,-262.21,-987.79,68.36,-0.67,-0.91,0.37,33.35
1321,14642836,-264.65,-979.00,66.89,-0.67,-0.55,0.61,33.83
1322,14646885,-263.67,-984.86,72.75,-0.79,-0.61,0.37,33.78
1323,14650943,-261.72,-983.89,67.38,-0.91,-0.55,0.12,33.49
1324,14654992,-259.77,-979.49,69.34,-0.85,-0.79,0.49,33.68
1325,14660787,-259.77,-981.45,67.87,-0.43,-0.85,0.61,33.78
1326,14664836,-267.09,-986.33,64.94,-0.73,-0.73,0.61,33.88
1327,14668885,-260.25,-981.45,65.43,-0.73,-0.61,0.18,33.68
1328,14672943,-261.23,-979.00,69.34,-0.85,-0.55,0.43,33.49
1329,14676992,-261.23,-982.91,70.31,-0.67,-0.73,0.43,33.49
1330,14682787,-259.28,-988.77,64.45,-0.79,-0.61,0.00,33.83
1331,14686836,-261.23,-984.37,66.89,-0.79,-0.73,0.12,33.64
1332,14690885,-262.21,-979.98,68.85,-0.73,-0.73,0.37,33.68
1333,14694943,-264.65,-982.42,68.36,-0.73,-0.73,0.43,33.49
1334,14698992,-265.14,-983.40,68.36,-0.85,-0.61,0.30,33.78
1335,14704787,-266.60,-979.98,68.36,-0.79,-0.91,0.18,33.59
1336,14708836,-266.60,-980.96,64.45,-0.67,-0.43,0.30,33.59
1337,14712885,-261.23,-979.98,68.85,-0.85,-0.49,0.12,33.78
1338,14716943,-260.74,-984.37,64.45,-0.67,-0.67,-0.06,34.02
1339,14720992,-263.18,-984.86,67.87,-0.85,-0.67,0.00,33.59
1340,14726787,-263.18,-979.49,70.31,-0.91,-0.73,0.24,33.64
1341,14730836,-265.14,-979.49,65.43,-0.91,-0.79,0.18,33.25
1342,14734885,-263.67,-980.96,65.92,-0.98,-0.79,0.37,33.68
1343,14738943,-261.72,-983.89,69.34,-0.73,-0.79,0.37,33.78
1344,14742992,-261.23,-981.45,64.45,-0.55,-0.55,0.30,33.78
1345,14748787,-263.67,-981.45,70.31,-0.67,-0.55,0.24,33.49
1346,14752836,-266.11,-980.96,68.36,-1.04,-0.55,0.24,33.59
1347,14756885,-264.16,-981.45,66.41,-0.79,-0.73,0.30,33.49
1348,14760943,-260.74,-982.42,71.29,-0.73,-0.73,0.24,33.44
1349,14764992,-264.65,-985.84,74.71,-0.85,-0.79,0.18,33.78
1350,14770787,-262.70,-981.93,64.45,-0.61,-0.91,0.30,33.59
1351,14774836,-263.67,-986.33,72.75,-0.67,-0.37,0.24,33.49
1352,14778885,-263.67,-984.86,67.38,-0.98,-0.91,0.55,33.78
1353,14782943,-265.62,-979.98,62.99,-0.91,-0.55,0.12,33.59
1354,14786992,-267.09,-982.91,67.38,-0.61,-0.79,0.49,33.44
1355,14792787,-265.62,-982.42,71.29,-0.67,-0.67,0.37,33.64
1356,14796836,-265.14,-983.89,66.89,-0.67,-0.67,0.12,33.44
1357,14800885,-263.67,-982.42,65.92,-0.91,-0.79,0.06,33.78
1358,14804943,-261.72,-985.84,69.82,-0.67,-1.10,0.24,33.68
1359,14808992,-261.23,-981.93,69.34,-0.85,-0.85,0.43,33.59
1360,14814787,-265.62,-980.96,66.89,-0.73,-0.79,0.18,33.64
1361,14818836,-266.11,-980.47,72.27,-0.73,-0.79,0.24,33.59
1362,14822885,-262.21,-979.98,71.29,-0.55,-0.67,0.49,33.83
1363,14826943,-260.74,-980.96,71.29,-0.91,-0.67,0.37,33.68
1364,14832787,-265.14,-980.96,70.31,-1.10,-0.79,0.30,33.83
1365,14836836,-263.67,-980.47,69.34,-0.79,-0.73,0.49,33.59
1366,14840885,-260.74,-983.40,70.80,-0.73,-0.79,0.18,33.64
1367,14844943,-264.65,-978.03,64.45,-0.85,-0.67,0.49,33.83
1368,14848992,-269.04,-984.86,67.87,-0.85,-0.49,0.30,34.02
1369,14854787,-262.70,-980.47,67.87,-0.79,-0.67,0.24,33.83
1370,14858836,-264.65,-983.40,71.29,-0.73,-0.49,0.18,33.49
1371,14862885,-260.25,-985.84,67.38,-0.85,-0.67,0.18,33.64
1372,14866943,-261.23,-980.47,65.43,-0.85,-0.79,0.18,33.35
1373,14870992,-261.72,-980.96,68.36,-0.79,-0.37,0.12,33.49
1374,14876787,-261.23,-982.91,67.87,-0.55,-0.49,0.24,33.49
1375,14880836,-267.58,-982.42,69.34,-0.91,-0.67,0.12,33.78
1376,14884885,-256.35,-979.00,66.89,-0.98,-0.73,0.00,33.59
1377,14888943,-258.79,-978.52,68.36,-0.73,-0.61,0.37,33.59
1378,14892992,-259.77,-983.40,67.87,-0.73,-0.37,0.06,33.68
1379,14898787,-262.21,-986.82,67.38,-0.98,-0.43,0.12,33.64
1380,14902836,-263.18,-982.42,66.41,-0.73,-0.67,0.37,33.78
1381,14906885,-262.70,-980.96,69.34,-0.79,-0.49,0.37,33.64
1382,14910943,-265.62,-986.33,69.34,-0.73,-0.49,0.37,33.64
1383,14914992,-265.14,-983.40,71.29,-0.73,-0.49,0.49,33.64
1384,14920787,-264.16,-982.42,70.31,-0.67,-0.85,0.37,33.49
1385,14924836,-264.65,-982.42,71.78,-0.61,-0.55,0.37,33.78
1386,14928885,-264.16,-981.93,66.89,-0.91,-0.55,0.18,33.83
1387,14932943,-264.16,-981.45,65.92,-0.85,-0.67,0.37,33.83
1388,14936992,-261.72,-982.42,67.38,-0.79,-0.49,0.24,33.78
1389,14942787,-265.14,-976.56,69.34,-0.91,-0.49,0.24,33.83
1390,14946836,-266.60,-983.40,65.92,-1.04,-0.67,0.06,33.88
1391,14950885,-264.16,-983.40,68.85,-0.79,-0.61,0.37,33.59
1392,14954943,-264.65,-981.93,67.38,-0.79,-0.61,0.37,33.78
1393,14958992,-260.74,-986.82,64.45,-0.79,-0.67,0.06,33.44
1394,14964787,-257.32,-984.86,69.34,-0.73,-0.49,0.12,33.35
1395,14968836,-263.67,-985.35,70.80,-0.67,-0.85,0.12,33.35
1396,14972885,-259.28,-983.89,70.31,-0.67,-0.73,0.30,33.25
1397,14976943,-262.21,-986.82,74.71,-0.79,-0.61,0.06,33.83
1398,14980992,-264.65,-985.35,65.43,-0.98,-0.67,0.30,33.59
1399,14986787,-264.16,-977.05,65.43,-0.73,-0.49,0.24,33.59
1400,14990836,-263.67,-982.91,68.85,-0.67,-0.43,0.43,33.30
1401,14994885,-262.21,-982.42,71.78,-0.67,-0.49,0.30,33.68
1402,14998943,-262.70,-980.47,68.85,-0.91,-0.49,0.18,33.59
1403,15002992,-257.81,-979.00,71.29,-0.79,-0.61,0.06,33.59
1404,15008787,-262.21,-980.96,71.29,-0.91,-0.79,0.30,33.35
1405,15012836,-261.72,-982.42,69.82,-1.10,-0.73,0.18,33.49
1406,15016885,-269.04,-980.96,72.27,-0.85,-0.73,0.18,33.59
1407,15020943,-264.16,-982.42,66.41,-0.73,-0.55,0.24,33.83
1408,15024992,-260.25,-985.84,70.31,-0.67,-0.43,0.30,33.49
1409,15030787,-260.74,-981.45,69.34,-0.91,-0.67,0.06,33.68
1410,15034836,-263.67,-979.98,71.29,-0.61,-0.55,-0.18,33.49
1411,15038885,-257.32,-981.93,68.36,-0.85,-0.67,0.18,33.68
1412,15042943,-262.70,-980.96,69.82,-0.85,-0.79,0.18,33.88
1413,15048787,-262.70,-982.42,67.38,-0.98,-0.73,0.06,33.64
1414,15052836,-264.16,-979.98,69.82,-0.91,-0.91,0.30,33.59
1415,15056885,-263.67,-982.91,69.82,-0.91,-0.61,0.18,33.83
1416,15060943,-268.55,-983.40,63.96,-0.61,-0.61,0.30,33.68
1417,15064992,-263.67,-982.91,69.82,-0.85,-0.61,0.43,33.64
1418,15069042,-260.25,-982.91,70.31,-0.73,-0.67,0.12,33.49
1419,15074787,-263.18,-982.42,69.34,-0.73,-0.85,0.37,33.64
1420,15078836,-267.58,-979.98,69.82,-0.85,-0.67,0.24,33.68
1421,15082885,-265.14,-981.93,66.41,-0.85,-0.49,0.18,33.44
1422,15086943,-258.79,-979.98,65.92,-0.79,-0.61,0.18,33.78
1423,15092787,-267.09,-982.42,68.85,-0.91,-0.73,0.18,33.78
1424,15096836,-259.28,-983.40,69.34,-0.91,-0.73,0.24,33.78
1425,15100885,-261.72,-983.89,67.38,-0.67,-0.43,0.18,33.78
1426,15104943,-265.14,-980.47,68.85,-0.73,-0.49,0.18,33.59
1427,15108992,-259.28,-985.35,69.34,-0.91,-0.67,0.24,33.83
1428,15114787,-263.18,-982.42,69.34,-0.55,-0.55,0.30,33.68
1429,15118836,-265.14,-978.52,67.87,-0.85,-0.55,0.30,33.88
1430,15122885,-267.58,-985.35,72.27,-0.73,-0.67,0.00,33.49
1431,15126943,-263.18,-982.91,67.87,-0.79,-0.91,0.06,33.64
1432,15130992,-260.74,-979.98,68.36,-0.85,-0.67,0.18,33.83
1433,15136787,-256.84,-979.98,68.36,-0.79,-0.49,0.24,33.59
1434,15140836,-262.70,-979.98,70.31,-0.73,-0.73,0.30,34.02
1435,15144885,-267.09,-979.49,70.31,-0.98,-0.43,0.06,33.83
1436,15148943,-263.67,-977.05,69.34,-0.79,-0.91,0.18,33.11
1437,15152992,-259.28,-982.91,66.89,-0.55,-0.73,0.30,33.78
1438,15158787,-263.67,-984.37,66.41,-0.85,-0.55,0.18,33.64
1439,15162836,-265.14,-983.89,68.85,-0.91,-0.79,0.18,33.59
1440,15166885,-264.65,-980.47,67.87,-0.61,-0.98,0.24,33.59
1441,15170943,-262.70,-988.28,65.43,-0.85,-0.43,0.12,33.64
1442,15174992,-264.65,-980.96,67.38,-0.67,-0.67,0.12,33.68
1443,15180787,-261.72,-980.96,68.36,-0.91,-0.61,0.49,33.59
1444,15184836,-261.72,-983.40,67.38,-0.55,-0.91,0.61,33.68
1445,15188885,-268.07,-983.89,69.34,-0.73,-0.67,0.37,33.68
1446,15192943,-271.97,-982.91,65.92,-0.79,-0.61,0.12,33.83
1447,15196992,-259.77,-982.42,69.34,-0.91,-0.61,0.18,33.44
1448,15202787,-259.77,-979.98,67.38,-0.91,-0.61,0.12,33.64
1449,15206836,-263.18,-983.89,62.01,-0.79,-0.61,-0.06,33.44
1450,15210885,-260.25,-980.96,64.45,-0.91,-0.85,0.06,33.78
1451,15214943,-259.28,-981.93,61.04,-0.73,-0.67,0.06,33.59
1452,15218992,-260.25,-983.40,67.38,-0.61,-0.67,0.30,33.59
1453,15224787,-262.21,-980.96,69.34,-0.67,-0.61,0.43,33.49
1454,15228836,-263.67,-980.47,65.43,-0.79,-0.67,0.61,33.59
1455,15232885,-263.18,-982.91,66.41,-0.73,-0.73,0.61,33.68
1456,15236943,-263.18,-985.84,68.85,-0.91,-0.37,0.37,33.64
1457,15240992,-265.14,-983.89,65.43,-0.85,-0.79,0.24,33.64
1458,15246787,-264.65,-983.89,63.96,-0.73,-0.73,0.30,33.64
1459,15250836,-258.79,-979.49,71.29,-0.67,-0.73,0.24,34.02
1460,15254885,-267.58,-980.96,62.99,-0.73,-0.73,0.12,33.25
1461,15258943,-262.70,-982.42,70.31,-0.91,-0.49,0.18,33.64
1462,15262992,-260.25,-977.05,64.94,-0.67,-0.79,0.06,33.49
1463,15268787,-267.09,-985.35,68.85,-0.67,-0.67,0.37,33.78
1464,15272836,-263.67,-980.47,65.43,-0.85,-0.49,0.30,33.68
1465,15276885,-264.65,-980.47,64.94,-0.98,-0.67,0.18,33.68
1466,15280943,-266.11,-983.40,69.34,-0.61,-0.79,0.43,33.64
1467,15286787,-269.04,-981.45,70.31,-0.91,-0.73,0.49,33.68
1468,15290836,-261.72,-980.96,65.43,-0.98,-0.85,0.49,33.64
1469,15294885,-265.14,-979.00,66.89,-0.98,-0.67,0.30,33.64
1470,15298943,-262.70,-986.33,64.45,-0.67,-0.91,0.37,33.59
1471,15302992,-265.62,-981.45,67.87,-0.67,-0.67,0.37,33.64
1472,15308787,-260.25,-984.37,68.36,-0.79,-0.67,0.24,33.78
1473,15312836,-263.67,-979.00,66.89,-0.85,-0.67,0.37,33.68
1474,15316885,-264.65,-981.93,67.87,-0.73,-0.73,0.37,33.68
1475,15320943,-268.07,-980.47,68.36,-0.73,-0.79,0.30,33.30
1476,15324992,-265.14,-982.91,67.87,-0.79,-0.79,0.18,33.88
1477,15330787,-266.60,-987.79,69.82,-0.67,-0.85,0.43,33.68
1478,15334836,-265.62,-986.82,70.80,-0.67,-0.79,0.18,33.78
1479,15338885,-263.18,-983.89,70.31,-0.91,-0.85,0.12,33.35
1480,15342943,-262.21,-980.47,64.45,-0.73,-0.55,0.30,33.59
1481,15346992,-265.14,-980.96,63.48,-0.67,-0.49,0.24,33.78
1482,15352787,-263.18,-982.42,68.36,-0.79,-0.49,0.12,33.78
1483,15356836,-266.11,-983.89,67.87,-0.79,-0.73,0.12,33.35
1484,15360885,-263.18,-984.37,66.89,-0.79,-0.61,0.12,33.83
1485,15364943,-261.23,-981.93,65.92,-0.91,-0.49,0.00,33.59
1486,15368992,-265.62,-985.35,66.89,-0.79,-0.73,0.18,33.78
1487,15374787,-258.79,-985.84,69.34,-0.67,-0.67,0.12,33.64
1488,15378836,-266.11,-981.93,65.43,-0.73,-0.61,0.43,33.78
1489,15382885,-264.16,-980.96,67.38,-0.67,-0.61,0.06,33.88
1490,15386943,-259.77,-982.42,68.36,-0.67,-0.85,0.12,33.59
1491,15390992,-259.77,-981.93,66.41,-0.85,-0.61,0.06,33.88
1492,15396787,-265.62,-978.03,71.29,-0.85,-0.73,0.43,33.78
1493,15400836,-261.23,-985.35,65.43,-0.67,-0.79,0.24,33.49
1494,15404885,-263.67,-976.07,69.82,-0.79,-0.67,0.43,33.68
1495,15408943,-261.23,-979.49,68.36,-0.73,-0.55,0.30,33.49
1496,15412992,-262.70,-982.42,67.38,-0.61,-0.55,0.73,33.64
1497,15418787,-264.16,-979.49,68.85,-0.73,-0.61,0.12,33.49
1498,15422836,-266.60,-984.37,67.87,-0.61,-0.55,0.30,33.49
1499,15426885,-263.67,-979.49,68.36,-0.49,-0.73,0.55,33.59
1500,15430943,-262.21,-984.37,70.31,-0.79,-0.61,0.55,33.78
1501,15434992,-262.70,-981.93,66.41,-0.37,-0.61,0.18,33.35
1502,15440787,-262.70,-983.89,70.80,-0.79,-0.67,0.30,33.68
1503,15444836,-267.09,-981.45,69.34,-0.67,-0.61,0.12,33.49
1504,15448885,-265.14,-983.40,71.78,-0.79,-0.49,0.00,33.59
1505,15452943,-269.53,-982.91,64.94,-0.73,-0.67,0.06,33.88
1506,15456992,-267.58,-978.03,65.92,-0.79,-0.49,0.37,33.64
1507,15462787,-263.18,-985.84,67.87,-0.73,-0.67,-0.06,33.59
1508,15466836,-260.74,-983.89,65.43,-0.79,-0.73,0.43,33.88
1509,15470885,-262.21,-985.84,66.89,-0.79,-0.67,0.43,33.78
1510,15474943,-262.21,-980.96,66.89,-0.73,-0.79,0.30,33.64
1511,15478992,-264.65,-979.49,69.34,-0.61,-0.49,0.37,33.64
1512,15484787,-269.04,-984.37,67.87,-0.73,-0.67,0.43,33.64
1513,15488836,-263.67,-983.40,66.41,-0.61,-0.55,0.37,33.78
1514,15492885,-261.23,-980.47,74.22,-0.73,-0.49,0.06,33.49
1515,15496943,-263.18,-983.40,68.36,-0.85,-0.73,0.18,33.64
1516,15502787,-263.67,-982.91,68.36,-1.04,-0.85,-0.24,33.49
1517,15506836,-263.67,-979.98,64.94,-0.67,-0.73,0.18,33.83
1518,15510885,-258.79,-983.89,67.87,-0.67,-0.73,0.37,33.64
1519,15514943,-270.02,-986.33,65.92,-0.73,-0.67,0.37,33.88
1520,15518992,-262.70,-985.84,66.89,-0.91,-0.61,0.43,33.68
1521,15523042,-260.25,-979.49,68.36,-0.79,-0.79,0.37,33.78
1522,15528787,-265.14,-983.89,69.82,-0.61,-0.61,0.30,33.64
1523,15532836,-265.62,-980.96,67.87,-0.91,-0.61,0.24,33.68
1524,15536885,-261.23,-988.77,68.85,-0.79,-0.61,0.24,33.83
1525,15540943,-263.18,-983.40,66.41,-0.79,-0.73,0.49,33.49
1526,15546787,-262.21,-985.35,69.82,-0.79,-0.67,0.30,33.68
1527,15550836,-261.23,-983.89,67.87,-0.91,-0.67,0.30,33.78
1528,15554885,-268.07,-980.47,64.94,-0.67,-0.67,0.18,33.68
1529,15558943,-262.70,-981.45,70.31,-0.85,-0.61,0.49,33.68
1530,15562992,-264.16,-977.54,69.82,-0.73,-0.73,0.24,33.88
1531,15568787,-262.21,-981.45,66.89,-1.10,-0.73,0.12,33.88
1532,15572836,-265.62,-978.52,65.92,-1.04,-0.55,0.18,33.64
1533,15576885,-265.14,-983.89,69.82,-0.79,-0.79,0.37,33.78
1534,15580943,-263.67,-983.40,63.96,-0.73,-0.67,0.24,33.49
1535,15584992,-260.25,-985.35,65.92,-0.67,-0.49,0.18,33.64
1536,15590787,-263.67,-982.91,64.45,-0.55,-0.79,0.06,33.49
1537,15594836,-259.77,-979.98,72.27,-0.79,-0.61,0.43,33.83
1538,15598885,-266.11,-979.49,69.34,-0.98,-0.55,0.18,33.78
1539,15602943,-264.16,-979.00,67.87,-0.67,-0.49,0.18,33.64
1540,15606992,-268.07,-979.98,69.34,-0.85,-0.67,0.24,33.59
1541,15612787,-263.67,-979.49,71.78,-0.79,-0.61,0.06,33.83
1542,15616836,-261.72,-982.91,69.82,-0.85,-0.79,0.43,33.88
1543,15620885,-261.72,-982.42,63.48,-0.79,-0.67,0.12,33.83
1544,15624943,-259.77,-985.35,66.41,-0.67,-0.67,0.24,33.59
1545,15628992,-267.09,-981.93,65.92,-0.98,-0.49,0.24,33.83
1546,15634787,-266.60,-976.07,66.41,-0.85,-0.49,0.24,33.35
1547,15638836,-266.11,-984.86,68.85,-0.91,-0.67,0.30,33.59
1548,15642885,-265.62,-980.96,69.34,-0.67,-0.61,0.24,33.83
1549,15646943,-262.70,-979.98,64.94,-0.91,-0.55,0.43,33.78
1550,15650992,-262.70,-984.86,63.96,-0.85,-0.73,0.24,33.83
1551,15656787,-262.70,-981.93,71.29,-0.85,-0.55,0.43,33.59
1552,15660836,-262.70,-985.35,69.34,-0.79,-0.79,0.24,33.44
1553,15664885,-263.18,-981.45,64.45,-0.85,-0.67,0.24,33.68
1554,15668943,-267.09,-980.96,67.38,-0.85,-0.61,0.24,33.83
1555,15672992,-269.04,-982.42,65.43,-0.79,-0.85,0.49,33.35
1556,15678787,-269.04,-985.35,67.38,-0.73,-0.67,0.24,33.44
1557,15682836,-264.65,-980.96,68.85,-0.91,-0.61,0.06,33.35
1558,15686885,-263.67,-982.91,68.36,-0.85,-0.73,0.30,33.49
1559,15690943,-261.23,-983.40,67.38,-0.73,-0.67,0.49,33.68
1560,15694992,-257.32,-985.35,65.43,-0.85,-0.79,0.30,33.64
1561,15700787,-261.72,-989.75,68.36,-0.91,-0.67,0.43,33.64
1562,15704836,-266.60,-982.42,65.43,-0.91,-0.73,0.30,33.78
1563,15708885,-265.62,-984.86,71.29,-0.85,-0.61,0.30,33.78
1564,15712943,-264.65,-985.84,69.34,-0.55,-0.43,0.43,33.68
1565,15716992,-264.16,-983.40,64.94,-0.67,-0.67,0.12,33.49
1566,15722787,-262.21,-981.93,68.36,-0.67,-0.79,0.24,33.64
1567,15726836,-256.35,-979.98,70.80,-0.67,-0.79,0.12,33.68
1568,15730885,-258.79,-983.40,70.80,-0.91,-0.61,0.24,33.78
1569,15734943,-266.60,-981.45,67.87,-0.67,-0.79,0.37,33.78
1570,15740787,-267.09,-981.93,66.41,-0.73,-0.85,0.18,33.83
1571,15744836,-265.62,-981.45,71.29,-0.98,-0.73,0.49,33.88
1572,15748885,-266.11,-984.37,72.27,-0.91,-0.73,0.24,33.78
1573,15752943,-264.65,-980.47,70.80,-0.67,-0.61,0.30,33.83
1574,15756992,-263.18,-980.96,70.31,-0.67,-0.49,0.43,33.78
1575,15762787,-260.25,-983.40,71.29,-0.85,-0.73,0.37,33.49
1576,15766836,-262.21,-981.45,64.94,-0.73,-0.61,0.37,33.64
1577,15770885,-263.67,-984.86,68.36,-0.73,-0.73,0.24,33.59
1578,15774943,-267.09,-983.40,69.34,-0.67,-0.91,0.30,33.35
1579,15778992,-261.23,-982.42,66.89,-0.55,-0.55,0.12,33.83
1580,15784787,-262.70,-980.96,69.34,-0.85,-0.61,0.30,33.64
1581,15788836,-260.74,-979.00,69.82,-0.85,-0.43,0.37,33.59
1582,15792885,-267.09,-983.40,68.85,-0.79,-0.85,0.24,33.68
1583,15796943,-262.70,-984.37,69.82,-0.98,-0.67,0.30,33.64
1584,15800992,-265.14,-981.93,67.87,-0.85,-0.67,0.30,33.68
1585,15806787,-266.60,-980.47,64.45,-0.79,-0.73,0.49,33.83
1586,15810836,-269.53,-984.86,71.78,-0.67,-0.61,0.06,33.59
1587,15814885,-263.18,-980.96,70.31,-0.85,-0.67,0.18,33.78
1588,15818943,-262.21,-981.93,65.92,-1.10,-0.73,0.37,33.59
1589,15822992,-260.74,-983.40,68.36,-0.73,-0.67,0.37,33.64
1590,15828787,-264.16,-982.91,68.85,-0.73,-0.67,0.37,33.44
1591,15832836,-263.67,-980.47,68.85,-0.79,-0.79,0.37,33.59
1592,15836885,-265.62,-979.98,67.38,-0.61,-0.73,0.43,33.68
1593,15840943,-267.09,-983.40,65.43,-0.73,-0.73,0.49,33.88
1594,15844992,-262.21,-984.86,65.43,-0.91,-0.67,0.12,33.83
1595,15850787,-261.72,-982.42,66.89,-0.73,-0.67,0.24,33.64
1596,15854836,-263.67,-980.47,67.87,-0.98,-0.79,0.18,33.49
1597,15858885,-260.74,-984.37,71.78,-0.61,-0.37,0.55,33.68
1598,15862943,-266.60,-988.77,68.36,-0.55,-0.67,0.43,33.83
1599,15866992,-262.70,-986.33,63.96,-0.61,-0.67,0.61,33.78
1600,15872787,-261.72,-981.45,69.82,-0.79,-0.61,0.30,33.49
1601,15876836,-269.04,-982.91,67.38,-0.85,-0.91,0.12,33.30
1602,15880885,-266.11,-980.47,69.34,-1.10,-0.61,0.00,33.78
1603,15884943,-255.37,-983.89,69.82,-1.04,-0.67,-0.06,33.88
1604,15888992,-262.21,-982.42,67.38,-0.55,-0.79,0.24,33.44
1605,15894787,-263.18,-985.35,69.34,-0.67,-0.61,0.30,33.78
1606,15898836,-258.79,-975.10,68.85,-0.91,-0.73,0.37,33.64
1607,15902885,-258.30,-979.49,64.45,-0.55,-0.85,0.43,33.83
1608,15906943,-259.77,-981.45,72.27,-0.79,-0.67,0.49,33.59
1609,15910992,-267.09,-986.82,68.85,-1.04,-0.49,0.37,33.49
1610,15916787,-264.65,-981.45,69.82,-0.85,-0.98,0.24,33.49
1611,15920836,-266.11,-985.35,65.92,-0.85,-0.55,0.06,33.68
1612,15924885,-262.21,-983.89,68.85,-0.85,-0.79,0.18,33.64
1613,15928943,-261.72,-982.91,69.34,-0.67,-0.61,0.30,33.68
1614,15932992,-263.67,-981.45,66.41,-0.79,-0.79,0.30,33.49
1615,15938787,-261.23,-981.45,67.38,-0.49,-0.73,0.37,33.68
1616,15942836,-264.16,-982.91,64.45,-0.55,-0.49,0.24,33.88
1617,15946885,-265.14,-983.40,62.99,-0.91,-0.61,0.37,33.88
1618,15950943,-267.58,-979.00,68.85,-0.55,-0.67,0.30,33.64
1619,15956787,-261.72,-983.40,65.92,-0.55,-0.67,0.24,33.78
1620,15960836,-262.70,-980.96,66.41,-0.79,-0.73,0.12,33.49
1621,15964885,-262.70,-981.93,64.94,-0.79,-0.55,0.24,33.68
1622,15968943,-264.16,-983.40,69.34,-0.79,-0.67,0.24,33.88
1623,15972992,-263.67,-979.49,66.89,-0.73,-0.61,0.30,33.88
1624,15977042,-264.16,-982.42,68.85,-0.73,-0.49,0.37,33.11
1625,15982787,-266.60,-980.96,62.50,-0.91,-0.79,0.43,33.64
1626,15986836,-262.21,-987.79,70.31,-0.67,-0.91,0.30,33.88
1627,15990885,-261.72,-983.89,68.36,-0.67,-0.67,0.49,33.64
1628,15994943,-266.11,-986.33,66.89,-1.16,-0.55,0.30,33.83
1629,16000787,-265.62,-985.35,65.43,-0.85,-0.73,0.24,33.97
1630,16004836,-267.09,-982.42,66.89,-0.61,-0.61,0.30,33.49
1631,16008885,-264.65,-982.91,66.89,-0.85,-0.61,0.43,33.68
1632,16012943,-263.18,-982.91,65.92,-0.85,-0.61,0.30,33.49
1633,16016992,-258.30,-982.91,66.89,-0.98,-0.85,0.37,33.68
1634,16022787,-261.72,-981.45,67.38,-0.73,-0.67,0.49,33.64
1635,16026836,-260.25,-981.93,72.27,-0.85,-0.79,0.55,33.83
1636,16030885,-262.21,-980.47,67.38,-0.79,-0.79,0.37,33.83
1637,16034943,-264.16,-982.42,68.85,-0.61,-0.67,0.79,33.49
1638,16038992,-273.93,-981.93,71.29,-0.85,-0.61,0.49,33.68
1639,16044787,-271.00,-979.49,67.87,-0.85,-0.30,0.30,33.49
1640,16048836,-263.18,-977.54,69.82,-0.98,-0.61,0.00,33.78
1641,16052885,-264.16,-986.33,67.87,-0.91,-0.49,0.00,33.78
1642,16056943,-268.07,-983.40,70.80,-0.91,-0.67,0.18,33.78
1643,16060992,-266.11,-985.35,72.75,-0.85,-0.55,0.30,33.64
1644,16066787,-264.16,-983.40,68.85,-0.79,-0.67,0.18,33.49
1645,16070836,-264.65,-987.30,69.82,-0.67,-0.61,0.43,33.83
1646,16074885,-258.79,-982.42,67.87,-0.73,-0.67,0.12,33.64
1647,16078943,-259.77,-985.35,66.89,-0.67,-0.85,0.24,33.83
1648,16082992,-264.16,-986.33,68.36,-0.67,-0.91,0.06,33.64
1649,16088787,-266.60,-981.93,66.89,-0.67,-0.61,0.18,33.49
1650,16092836,-264.65,-984.86,69.82,-0.98,-0.79,0.18,33.59
1651,16096885,-263.67,-981.93,65.92,-0.79,-0.73,0.12,33.97
1652,16100943,-262.21,-981.93,63.48,-0.67,-0.55,0.18,33.78
1653,16104992,-261.72,-984.37,67.87,-0.79,-0.61,0.24,33.44
1654,16110787,-264.16,-983.40,64.94,-0.98,-0.49,0.24,33.68
1655,16114836,-262.21,-984.37,67.38,-0.91,-0.73,0.30,33.64
1656,16118885,-260.74,-979.00,66.41,-0.91,-0.73,0.49,33.68
1657,16122943,-262.70,-982.42,70.31,-0.61,-0.55,0.18,33.83
1658,16126992,-265.62,-981.93,70.80,-0.67,-0.61,0.49,33.44
1659,16132787,-263.18,-981.45,67.38,-0.67,-0.55,0.18,33.35
1660,16136836,-263.67,-982.42,61.52,-0.79,-0.55,0.06,33.88
1661,16140885,-262.70,-985.35,69.82,-0.85,-0.55,0.24,33.64
1662,16144943,-262.70,-982.42,66.89,-1.10,-0.61,0.37,33.64
1663,16148992,-263.18,-982.91,71.78,-0.91,-0.55,0.18,33.59
1664,16154787,-264.16,-984.86,74.22,-0.79,-0.37,0.24,33.64
1665,16158836,-266.11,-983.40,69.82,-0.49,-0.67,0.30,33.78
1666,16162885,-258.79,-983.89,62.99,-0.79,-0.67,0.43,33.83
1667,16166943,-265.62,-980.96,69.34,-0.79,-0.67,0.24,33.83
1668,16170992,-263.67,-981.45,67.87,-0.67,-0.67,0.06,33.35
1669,16176787,-261.23,-986.33,68.36,-0.73,-0.67,0.18,33.78
1670,16180836,-265.62,-983.89,64.94,-0.91,-0.61,0.18,33.88
1671,16184885,-268.55,-980.47,70.31,-0.67,-0.61,0.00,33.59
1672,16188943,-261.23,-977.54,71.78,-0.55,-0.67,0.18,33.78
1673,16194787,-258.79,-979.00,68.36,-0.79,-0.49,0.06,33.97
1674,16198836,-262.70,-983.89,71.78,-1.04,-0.43,0.18,33.64
1675,16202885,-262.70,-979.98,68.36,-0.85,-0.67,0.37,33.97
1676,16206943,-267.09,-983.40,68.85,-0.91,-0.73,0.18,33.83
1677,16210992,-264.16,-983.89,67.38,-0.67,-0.79,0.30,33.68
1678,16216787,-263.18,-981.93,65.92,-0.73,-0.79,0.18,33.64
1679,16220836,-265.62,-981.93,67.87,-0.43,-0.67,0.18,33.64
1680,16224885,-266.11,-980.96,69.34,-0.73,-0.55,0.24,33.68
1681,16228943,-264.65,-984.37,68.36,-1.10,-0.61,0.12,33.35
1682,16232992,-262.70,-982.42,68.36,-0.55,-0.73,0.18,33.83
1683,16238787,-261.23,-978.52,68.36,-0.67,-0.67,0.30,33.68
1684,16242836,-261.23,-984.37,64.45,-0.67,-0.73,0.24,33.64
1685,16246885,-263.67,-982.91,68.85,-0.91,-0.49,0.43,33.83
1686,16250943,-264.16,-983.89,66.41,-0.79,-0.85,0.37,33.64
1687,16254992,-260.74,-985.35,65.92,-0.67,-0.55,0.18,33.68
1688,16260787,-264.65,-983.40,68.36,-0.61,-0.67,0.18,33.83
1689,16264836,-265.14,-980.96,67.87,-0.91,-0.67,0.43,33.78
1690,16268885,-258.30,-983.40,70.31,-0.85,-0.79,0.24,33.64
1691,16272943,-263.67,-982.91,66.89,-0.91,-0.67,0.12,33.44
1692,16276992,-260.25,-981.93,66.41,-0.79,-0.43,0.18,33.78
1693,16282787,-264.16,-980.96,67.38,-0.85,-0.67,0.37,33.64
1694,16286836,-256.35,-981.45,63.96,-0.43,-0.61,0.49,33.35
1695,16290885,-260.74,-984.86,68.36,-0.49,-0.61,0.49,33.83
1696,16294943,-262.70,-986.82,67.87,-0.79,-0.61,0.24,33.78
1697,16298992,-266.11,-985.84,67.38,-0.91,-0.61,0.43,33.64
1698,16304787,-261.72,-984.86,64.94,-0.61,-0.67,0.49,33.83
1699,16308836,-265.62,-983.40,63.96,-0.61,-0.67,0.37,33.25
1700,16312885,-261.72,-979.98,69.82,-0.79,-0.79,0.30,33.59
1701,16316943,-260.74,-983.89,74.22,-0.85,-0.73,0.30,33.83
1702,16320992,-264.16,-981.93,68.36,-0.98,-0.55,0.12,33.68
1703,16326787,-265.14,-982.91,69.82,-0.67,-0.61,0.43,33.35
1704,16330836,-263.18,-984.37,70.31,-0.73,-0.73,0.12,33.59
1705,16334885,-269.53,-981.93,69.34,-0.91,-0.37,0.49,33.68
1706,16338943,-266.11,-985.35,68.36,-0.67,-0.85,0.43,33.49
1707,16342992,-265.14,-984.37,69.34,-0.91,-0.79,0.30,33.49
1708,16348787,-266.60,-983.40,70.80,-0.73,-0.43,0.18,33.68
1709,16352836,-266.60,-986.82,73.24,-0.67,-0.73,0.24,33.59
1710,16356885,-260.25,-981.93,70.31,-0.85,-0.67,0.00,33.68
1711,16360943,-265.62,-981.45,68.36,-0.91,-0.79,0.06,33.64
1712,16364992,-264.65,-982.42,71.29,-0.85,-0.67,0.06,33.64
1713,16370787,-261.72,-982.42,67.87,-0.43,-0.67,0.24,33.49
1714,16374836,-266.11,-984.37,70.31,-0.61,-0.61,0.24,33.78
1715,16378885,-266.60,-979.00,67.38,-0.61,-0.67,0.30,33.78
1716,16382943,-264.65,-981.45,71.78,-0.67,-0.55,0.18,33.83
1717,16386992,-262.21,-981.45,70.31,-0.67,-0.79,0.24,33.49
1718,16392787,-262.70,-985.84,67.87,-0.67,-0.61,0.18,33.49
1719,16396836,-260.25,-985.35,66.41,-0.91,-0.73,0.18,33.44
1720,16400885,-264.65,-983.40,69.34,-0.91,-0.55,0.24,33.78
1721,16404943,-259.77,-981.93,69.34,-0.91,-0.85,0.00,33.64
1722,16410787,-260.74,-983.89,65.43,-0.73,-0.91,0.18,33.78
1723,16414836,-262.70,-976.56,64.45,-0.43,-0.61,0.24,33.97
1724,16418885,-263.18,-981.45,65.43,-0.73,-0.61,0.18,33.78
1725,16422943,-264.16,-985.84,68.36,-0.98,-0.61,0.55,33.68
1726,16426992,-262.70,-981.93,66.89,-1.22,-0.55,0.30,33.64
1727,16432787,-267.58,-987.30,70.31,-0.85,-0.85,0.30,33.83
1728,16436836,-262.21,-981.45,65.92,-0.73,-0.61,0.61,33.88
1729,16440885,-260.74,-985.84,65.43,-0.85,-0.73,-0.06,33.68
1730,16444943,-261.72,-980.96,68.85,-0.85,-0.61,0.00,33.78
1731,16448992,-266.60,-981.93,70.31,-0.91,-0.61,0.49,33.88
1732,16454787,-261.72,-980.96,68.85,-1.10,-0.73,0.24,33.78
1733,16458836,-265.62,-980.47,67.38,-0.67,-0.49,0.24,33.59
1734,16462885,-260.25,-982.91,67.38,-0.91,-0.55,0.37,33.64
1735,16466943,-264.65,-981.93,67.87,-0.98,-0.61,0.24,33.44
1736,16470992,-267.58,-980.96,69.82,-1.04,-0.79,0.37,33.64
1737,16476787,-271.00,-981.45,69.34,-0.79,-0.85,0.30,33.64
1738,16480836,-266.11,-980.47,70.80,-0.73,-0.61,0.06,33.78
1739,16484885,-263.67,-984.86,63.48,-0.79,-0.49,0.24,33.78
1740,16488943,-259.28,-986.82,71.78,-0.91,-0.73,0.49,33.49
1741,16492992,-261.72,-984.37,66.41,-0.91,-0.79,0.30,33.88
1742,16498787,-265.62,-978.03,70.31,-0.79,-0.79,0.30,33.68
1743,16502836,-268.55,-976.07,67.87,-0.55,-0.49,0.30,33.88
1744,16506885,-268.55,-982.91,69.82,-0.91,-0.55,0.24,33.68
1745,16510943,-259.28,-981.93,67.87,-0.85,-0.55,0.06,33.88
1746,16514992,-261.72,-982.91,69.34,-0.85,-0.55,0.24,33.64
1747,16520787,-259.77,-979.00,68.85,-0.79,-0.79,0.30,33.64
1748,16524836,-261.72,-978.52,70.80,-0.85,-0.79,0.12,33.68
1749,16528885,-261.72,-979.00,67.87,-0.73,-0.67,0.30,33.64
1750,16532943,-263.67,-982.91,67.87,-0.73,-0.61,0.43,33.64
1751,16536992,-265.14,-987.30,67.38,-0.79,-0.55,0.12,33.78
1752,16542787,-263.18,-984.86,66.89,-0.85,-0.73,0.18,33.44
1753,16546836,-262.21,-983.40,67.38,-0.91,-0.85,0.24,33.44
1754,16550885,-264.65,-982.42,70.31,-1.04,-0.67,-0.06,33.44
1755,16554943,-263.18,-982.91,68.85,-0.73,-0.43,0.24,33.97
1756,16558992,-261.72,-979.49,71.78,-0.98,-0.61,0.12,33.49
1757,16564787,-260.25,-978.52,67.38,-0.79,-0.30,0.30,33.64
1758,16568836,-262.21,-981.93,70.80,-0.85,-0.49,0.06,33.49
1759,16572885,-263.18,-987.30,68.85,-0.67,-0.55,0.30,33.83
1760,16576943,-265.62,-986.33,70.80,-0.73,-0.61,0.49,33.49
1761,16580992,-265.62,-982.42,64.94,-0.67,-0.67,0.24,33.59
1762,16586787,-264.65,-978.52,70.80,-0.61,-0.61,0.30,33.35
1763,16590836,-265.62,-981.93,69.34,-0.85,-0.37,0.00,33.83
1764,16594885,-264.65,-982.91,65.43,-0.67,-0.85,0.30,33.88
1765,16598943,-262.21,-980.96,66.89,-0.67,-0.79,0.12,33.59
1766,16602992,-265.62,-980.47,69.82,-0.91,-0.43,0.18,33.49
1767,16608787,-264.16,-982.91,68.85,-0.61,-0.73,0.43,33.78
1768,16612836,-264.16,-979.00,66.41,-0.91,-0.67,0.43,33.64
1769,16616885,-265.14,-982.42,67.87,-0.73,-0.73,0.24,33.59
1770,16620943,-267.09,-981.45,65.43,-0.79,-0.91,0.24,33.88
1771,16624992,-267.58,-983.40,70.80,-0.73,-0.67,0.12,33.49
1772,16630787,-259.77,-979.98,65.92,-0.73,-0.85,0.12,33.78
1773,16634836,-265.14,-981.45,70.31,-0.67,-0.98,0.24,33.35
1774,16638885,-264.16,-983.40,68.36,-0.55,-0.79,0.30,33.49
1775,16642943,-258.30,-983.89,68.36,-0.73,-0.55,0.43,33.59
1776,16648787,-265.14,-985.35,67.38,-0.85,-0.67,0.24,33.49
1777,16652836,-266.11,-984.37,67.38,-0.79,-0.55,0.24,33.64
1778,16656885,-263.67,-984.37,66.41,-0.98,-0.49,0.43,33.88
1779,16660943,-262.70,-980.96,68.36,-0.49,-0.49,0.24,33.68
1780,16664992,-262.70,-985.35,65.92,-0.79,-0.73,0.37,33.88
1781,16670787,-265.14,-984.37,65.43,-0.73,-0.43,0.37,33.88
1782,16674836,-261.72,-983.40,69.82,-0.79,-0.67,0.12,33.49
1783,16678885,-260.74,-978.52,66.41,-0.79,-0.67,0.43,33.68
1784,16682943,-261.23,-979.49,64.45,-0.85,-0.67,0.37,33.59
1785,16686992,-263.67,-984.86,68.85,-0.79,-0.67,0.30,33.83
1786,16692787,-260.74,-980.96,66.41,-0.61,-0.98,0.49,33.97
1787,16696836,-263.67,-985.84,72.75,-0.85,-0.61,0.24,33.64
1788,16700885,-267.09,-982.91,66.89,-0.79,-0.61,0.37,33.59
1789,16704943,-260.74,-981.93,71.29,-0.91,-0.61,0.37,33.78
1790,16708992,-269.53,-980.96,63.96,-0.98,-0.67,0.06,33.83
1791,16714787,-261.23,-980.47,66.41,-0.67,-0.49,0.18,33.88
1792,16718836,-264.16,-986.33,69.82,-0.79,-0.49,0.06,33.78
1793,16722885,-268.07,-983.89,66.41,-0.73,-0.61,0.24,33.68
1794,16726943,-259.77,-979.49,64.94,-0.79,-0.73,0.37,33.64
1795,16730992,-267.09,-982.91,64.94,-0.61,-0.73,0.43,33.78
1796,16736787,-258.30,-985.35,65.92,-0.85,-0.67,0.49,33.68
1797,16740836,-262.70,-983.89,65.92,-0.49,-0.67,0.30,33.83
1798,16744885,-265.14,-982.42,67.87,-0.73,-0.67,0.37,33.97
1799,16748943,-261.72,-985.35,67.38,-0.61,-0.61,0.18,33.49
1800,16752992,-263.67,-982.91,64.94,-0.91,-0.49,0.37,33.83
1801,16758787,-260.74,-984.37,69.34,-0.67,-0.55,0.37,33.83
1802,16762836,-261.72,-986.33,67.87,-0.61,-0.61,0.30,33.44
1803,16766885,-264.16,-984.37,68.85,-0.61,-0.61,0.06,33.83
1804,16770943,-261.23,-984.37,67.87,-0.55,-0.61,0.12,33.64
1805,16774992,-262.70,-983.40,69.82,-1.10,-0.61,0.06,33.83
1806,16780787,-261.72,-983.89,69.82,-0.67,-0.73,0.37,33.35
1807,16784836,-261.23,-981.93,69.82,-0.79,-0.85,0.18,33.64
1808,16788885,-263.67,-983.89,67.87,-0.73,-0.55,0.24,33.78
1809,16792943,-267.09,-983.40,63.96,-0.98,-0.67,0.43,33.59
1810,16796992,-266.60,-984.86,67.38,-0.91,-0.79,0.24,33.78
1811,16802787,-263.18,-984.37,72.27,-0.73,-0.67,0.18,33.44
1812,16806836,-258.30,-984.37,65.43,-0.79,-0.67,0.37,33.49
1813,16810885,-261.72,-981.93,69.82,-0.85,-0.73,0.37,33.59
1814,16814943,-258.79,-986.82,73.24,-0.73,-0.61,0.49,33.88
1815,16818992,-264.16,-983.40,70.31,-0.85,-0.73,0.06,33.35
1816,16824787,-267.09,-985.84,64.45,-1.04,-0.73,0.18,33.78
1817,16828836,-265.62,-983.89,67.38,-0.79,-0.67,0.30,33.88
1818,16832885,-263.18,-979.98,65.43,-0.98,-0.61,0.73,33.83
1819,16836943,-261.23,-979.49,63.96,-0.79,-1.04,0.30,33.88
1820,16840992,-267.09,-987.79,64.94,-0.85,-0.55,0.18,33.59
1821,16846787,-271.97,-981.45,65.43,-0.85,-0.67,0.24,33.64
1822,16850836,-267.58,-982.91,69.82,-0.73,-0.79,0.43,33.78
1823,16854885,-262.21,-982.91,68.85,-0.98,-0.67,0.18,33.59
1824,16858943,-267.09,-982.42,68.36,-0.67,-0.85,0.24,33.88
1825,16864787,-261.72,-982.42,63.48,-0.91,-0.67,0.06,33.88
1826,16868836,-260.25,-983.89,66.89,-0.73,-0.61,0.18,33.64
1827,16872885,-262.21,-976.56,62.99,-0.85,-0.67,0.30,34.12
1828,16876943,-265.14,-982.42,67.38,-0.79,-0.73,0.06,33.64
1829,16880992,-263.18,-983.89,67.38,-0.85,-0.61,0.24,33.88
1830,16886787,-261.72,-982.91,70.31,-0.61,-0.55,0.30,33.68
1831,16890836,-264.65,-982.42,66.41,-0.55,-0.79,0.37,33.68
1832,16894885,-261.72,-980.96,69.82,-0.67,-0.73,0.12,33.59
1833,16898943,-265.62,-982.91,67.87,-0.79,-0.79,0.12,33.49
1834,16902992,-258.79,-986.33,69.34,-0.98,-0.61,0.18,33.68
1835,16908787,-263.67,-983.40,63.96,-0.73,-0.73,0.24,33.88
1836,16912836,-262.21,-980.96,66.89,-0.73,-0.55,0.18,33.68
1837,16916885,-265.62,-982.42,70.31,-0.67,-0.55,0.43,33.44
1838,16920943,-262.70,-981.93,63.48,-0.67,-0.61,0.18,33.49
1839,16924992,-265.14,-985.35,69.82,-0.79,-0.61,0.06,33.68
1840,16930787,-260.25,-984.37,65.92,-0.67,-0.49,0.18,33.83
1841,16934836,-268.55,-984.37,69.34,-1.16,-0.67,0.18,33.64
1842,16938885,-263.18,-983.89,69.82,-0.79,-0.73,0.18,33.88
1843,16942943,-267.09,-982.42,68.85,-0.79,-0.61,0.12,33.49
1844,16946992,-252.93,-985.84,69.82,-0.67,-0.49,0.30,33.49
1845,16952787,-264.65,-984.86,69.34,-0.79,-0.55,0.30,33.35
1846,16956836,-266.11,-984.37,68.85,-0.79,-0.79,0.37,33.78
1847,16960885,-264.16,-980.96,69.82,-0.43,-0.61,0.24,33.49
1848,16964943,-263.18,-983.89,67.38,-0.37,-0.67,0.18,33.78
1849,16968992,-261.72,-977.05,65.92,-0.91,-0.73,0.12,33.49
1850,16974787,-265.62,-984.86,64.45,-0.91,-0.73,0.18,33.68
1851,16978836,-263.67,-980.96,66.89,-0.67,-0.37,0.30,33.97
1852,16982885,-266.11,-983.89,68.85,-0.79,-0.49,0.12,33.68
1853,16986943,-261.72,-980.96,69.34,-0.73,-0.43,0.18,33.68
1854,16990992,-264.16,-982.91,64.45,-0.61,-0.61,0.43,33.97
1855,16996787,-263.67,-983.40,69.82,-0.67,-0.55,0.18,33.59
1856,17000836,-264.65,-982.91,67.38,-0.61,-0.67,0.30,33.64
1857,17004885,-265.62,-981.45,67.38,-0.91,-0.49,0.30,33.78
1858,17008943,-261.23,-985.35,67.38,-1.04,-0.37,0.43,33.68
1859,17012992,-261.72,-983.40,69.82,-0.61,-0.73,0.37,33.35
1860,17018787,-264.65,-983.89,68.36,-0.61,-0.79,0.00,33.49
1861,17022836,-259.77,-984.86,69.82,-0.73,-0.61,0.06,33.49
1862,17026885,-265.62,-980.96,64.94,-0.91,-0.73,0.37,33.68
1863,17030943,-264.16,-983.40,67.87,-0.79,-0.49,0.37,33.59
1864,17034992,-263.67,-983.89,67.38,-0.79,-0.61,0.24,33.35
1865,17040787,-264.16,-982.42,69.82,-0.91,-0.73,0.24,33.49
1866,17044836,-266.11,-981.45,66.41,-0.79,-0.98,0.30,33.83
1867,17048885,-265.14,-980.96,67.38,-0.79,-0.79,0.30,33.59
1868,17052943,-264.16,-983.89,65.92,-0.85,-0.73,0.37,33.64
1869,17056992,-261.23,-985.35,65.43,-0.73,-0.61,0.00,33.49
1870,17062787,-262.70,-980.96,65.43,-0.67,-0.73,0.37,33.68
1871,17066836,-265.62,-986.33,65.43,-0.91,-0.85,0.24,33.68
1872,17070885,-264.16,-988.28,65.92,-0.85,-0.49,0.24,33.49
1873,17074943,-260.25,-985.35,71.29,-0.79,-0.79,0.30,33.68
1874,17080787,-262.70,-985.35,65.43,-0.73,-0.73,0.30,33.64
1875,17084836,-262.21,-978.03,68.36,-1.10,-0.73,0.12,33.59
1876,17088885,-261.23,-981.93,71.78,-0.85,-0.67,0.30,33.64
1877,17092943,-262.70,-984.86,67.87,-0.67,-0.61,0.24,33.83
1878,17096992,-265.62,-987.30,69.34,-0.67,-0.55,0.43,33.64
1879,17101042,-265.14,-985.35,68.85,-0.79,-0.61,0.43,33.44
1880,17106787,-265.62,-983.40,63.48,-0.61,-0.61,0.43,33.83
1881,17110836,-265.14,-984.86,71.78,-0.67,-0.67,0.37,33.88
1882,17114885,-264.16,-982.91,65.43,-0.98,-0.55,0.30,33.49
1883,17118943,-259.28,-979.98,66.41,-0.79,-0.55,0.37,33.88
1884,17124787,-266.11,-982.42,67.87,-0.91,-0.79,0.18,33.64
1885,17128836,-266.60,-987.30,68.85,-0.91,-0.61,0.00,33.49
1886,17132885,-258.79,-982.91,65.43,-0.91,-0.61,0.24,33.83
1887,17136943,-265.62,-985.84,68.36,-0.85,-0.43,0.18,33.64
1888,17140992,-265.14,-984.37,68.85,-0.79,-0.73,0.43,33.68
1889,17146787,-259.28,-984.86,64.94,-0.79,-0.61,0.43,33.68
1890,17150836,-262.70,-984.37,66.89,-0.55,-0.43,0.06,33.78
1891,17154885,-264.65,-980.47,69.82,-0.67,-0.67,0.18,33.83
1892,17158943,-265.62,-984.37,70.31,-0.61,-0.73,0.49,33.59
1893,17162992,-268.55,-985.84,69.82,-0.55,-0.43,0.37,33.64
1894,17168787,-260.74,-985.84,67.87,-0.61,-0.79,0.24,33.68
1895,17172836,-264.16,-986.82,65.43,-0.79,-0.61,0.24,33.68
1896,17176885,-261.72,-983.40,70.31,-0.67,-0.67,0.37,33.83
1897,17180943,-263.18,-983.40,68.36,-0.73,-0.73,0.18,33.44
1898,17184992,-265.14,-981.93,66.89,-0.85,-0.67,0.30,33.64
1899,17190787,-261.72,-978.03,63.48,-0.79,-0.73,0.43,33.68
1900,17194836,-264.16,-979.98,65.43,-0.73,-0.67,0.37,33.83
1901,17198885,-263.18,-984.37,72.27,-0.79,-0.73,0.24,33.88
1902,17202943,-267.58,-984.37,63.96,-0.91,-0.49,0.12,33.49
1903,17206992,-259.77,-980.47,65.92,-0.73,-0.49,0.30,33.68
1904,17212787,-263.67,-985.35,64.94,-1.04,-0.67,0.37,33.97
1905,17216836,-264.16,-980.47,68.85,-0.73,-0.67,0.24,33.64
1906,17220885,-261.72,-981.45,68.85,-0.85,-0.85,0.30,33.88
1907,17224943,-264.16,-980.47,67.38,-0.73,-0.67,0.43,33.68
1908,17228992,-266.60,-984.86,69.82,-0.67,-0.85,0.37,33.64
1909,17234787,-263.67,-982.42,66.89,-0.79,-0.79,0.43,33.68
1910,17238836,-266.11,-983.40,63.48,-0.91,-0.79,0.37,33.49
1911,17242885,-265.62,-981.93,66.41,-0.91,-0.61,0.12,33.64
1912,17246943,-269.53,-985.35,71.29,-0.49,-0.73,0.18,33.64
1913,17250992,-263.67,-986.33,70.80,-0.79,-0.85,0.37,33.49
1914,17256787,-264.65,-981.93,71.29,-0.79,-0.55,0.00,33.64
1915,17260836,-260.74,-983.89,73.24,-0.91,-0.79,0.24,33.68
1916,17264885,-262.70,-980.96,66.89,-0.79,-0.67,0.00,33.83
1917,17268943,-265.14,-980.96,66.41,-0.67,-0.91,0.06,33.59
1918,17272992,-261.72,-985.84,67.38,-0.85,-0.67,0.24,33.59
1919,17278787,-266.60,-985.35,69.82,-0.98,-0.61,0.12,33.64
1920,17282836,-267.58,-982.91,69.34,-0.73,-0.67,0.06,33.64
1921,17286885,-262.70,-983.89,66.41,-0.73,-0.67,0.24,33.68
1922,17290943,-263.67,-981.93,67.38,-0.85,-0.37,0.18,33.83
1923,17294992,-263.67,-982.91,68.36,-0.91,-0.67,0.18,33.64
1924,17300787,-259.28,-982.42,67.87,-0.98,-0.67,0.06,33.68
1925,17304836,-261.23,-983.89,67.87,-0.79,-0.73,0.43,33.78
1926,17308885,-265.14,-979.98,68.85,-0.73,-0.67,0.00,33.83
1927,17312943,-266.11,-980.96,69.34,-0.67,-0.61,0.30,33.97
1928,17318787,-261.72,-984.86,66.89,-0.91,-0.55,0.06,33.64
1929,17322836,-267.09,-979.98,67.87,-0.73,-0.85,0.18,33.83
1930,17326885,-267.09,-988.77,69.34,-0.98,-0.67,0.12,33.64
1931,17330943,-263.18,-979.00,67.38,-0.79,-0.79,0.18,33.78
1932,17334992,-264.65,-977.54,64.94,-0.67,-0.67,0.12,33.83
1933,17340787,-262.21,-982.42,67.38,-0.73,-0.61,0.24,33.83
1934,17344836,-261.72,-983.89,64.94,-0.98,-0.43,0.12,33.83
1935,17348885,-262.21,-984.37,65.43,-0.79,-0.79,0.37,33.64
1936,17352943,-264.65,-981.93,69.82,-0.85,-0.73,0.30,33.16
1937,17356992,-262.21,-981.93,70.31,-0.91,-0.85,0.12,33.78
1938,17362787,-263.18,-982.42,62.50,-0.73,-0.55,0.30,33.64
1939,17366836,-261.72,-986.33,65.92,-0.85,-0.73,0.18,33.83
1940,17370885,-262.70,-979.00,63.96,-0.85,-0.43,0.30,33.83
1941,17374943,-267.58,-983.40,66.89,-0.73,-0.49,0.37,33.16
1942,17378992,-267.09,-984.86,68.36,-0.79,-0.67,0.37,33.64
1943,17384787,-262.70,-982.42,67.87,-0.85,-0.85,0.30,33.68
1944,17388836,-262.70,-981.45,70.80,-0.79,-0.61,0.49,33.97
1945,17392885,-264.16,-976.07,70.80,-0.85,-0.49,0.30,33.68
1946,17396943,-265.62,-977.54,65.92,-0.85,-0.73,0.12,33.35
1947,17400992,-267.58,-981.45,68.85,-1.04,-0.79,0.24,33.83
1948,17406787,-262.70,-982.42,71.78,-0.91,-0.67,0.37,33.78
1949,17410836,-262.70,-984.37,70.80,-0.79,-0.73,0.00,33.68
1950,17414885,-262.21,-982.91,64.94,-0.85,-0.67,0.06,33.78
1951,17418943,-260.74,-979.98,67.87,-0.79,-0.61,0.24,33.64
1952,17422992,-262.70,-978.52,68.36,-0.79,-0.79,0.55,33.49
1953,17428787,-266.11,-982.42,62.99,-1.04,-0.61,0.18,33.88
1954,17432836,-266.11,-981.93,67.38,-0.79,-0.61,0.24,33.64
1955,17436885,-260.74,-981.45,73.73,-0.61,-0.67,0.55,33.83
1956,17440943,-261.72,-984.37,68.36,-0.67,-0.73,0.24,33.64
1957,17444992,-263.67,-982.91,68.36,-0.79,-0.24,0.24,33.59
1958,17450787,-260.74,-982.91,69.34,-0.73,-0.91,0.24,33.35
1959,17454836,-262.21,-983.89,68.85,-0.98,-0.61,0.37,33.44
1960,17458885,-267.09,-982.91,66.89,-0.85,-0.49,0.12,33.68
1961,17462943,-266.11,-983.89,66.89,-0.73,-0.73,0.00,33.68
1962,17466992,-261.72,-981.45,66.41,-0.85,-0.73,0.37,33.35
1963,17472787,-263.18,-985.35,66.41,-0.73,-0.55,0.18,33.59
1964,17476836,-263.67,-982.91,67.87,-0.79,-0.98,0.18,33.30
1965,17480885,-264.65,-976.56,67.38,-0.67,-0.55,0.12,33.64
1966,17484943,-263.18,-983.40,68.85,-0.98,-0.55,-0.12,33.68
1967,17488992,-267.09,-977.54,67.87,-0.61,-0.61,0.43,33.49
1968,17494787,-265.62,-985.84,68.36,-0.79,-0.79,0.24,33.78
1969,17498836,-261.23,-983.89,69.82,-0.79,-0.61,0.18,33.64
1970,17502885,-261.23,-984.37,63.96,-0.49,-0.49,0.24,33.68
1971,17506943,-263.67,-980.96,69.34,-0.91,-0.55,0.37,33.78
1972,17510992,-265.62,-982.91,66.89,-0.85,-0.73,0.18,33.59
1973,17516787,-262.21,-983.89,71.29,-0.55,-0.55,0.55,33.78
1974,17520836,-259.77,-981.93,72.27,-0.79,-0.61,0.18,33.64
1975,17524885,-261.72,-983.89,70.80,-0.79,-0.61,0.43,33.83
1976,17528943,-263.67,-980.96,67.87,-0.91,-0.85,0.30,33.78
1977,17534787,-261.72,-981.93,63.96,-0.67,-0.55,0.30,33.88
1978,17538836,-263.67,-985.35,66.89,-0.85,-0.55,0.24,33.64
1979,17542885,-264.16,-982.42,66.41,-0.67,-0.67,0.67,33.88
1980,17546943,-265.14,-978.52,69.82,-0.79,-0.55,0.24,33.78
1981,17550992,-267.09,-983.89,67.38,-0.73,-0.55,0.18,33.49
1982,17555042,-263.18,-982.42,70.31,-0.91,-0.67,0.24,33.49
1983,17560787,-265.62,-980.96,63.96,-0.91,-0.85,0.24,33.59
1984,17564836,-261.23,-978.52,66.41,-0.67,-0.61,0.30,33.59
1985,17568885,-264.16,-987.30,71.29,-0.73,-0.55,0.18,33.59
1986,17572943,-262.21,-978.52,67.87,-0.85,-0.79,0.18,33.68
1987,17578787,-263.18,-983.89,71.78,-0.85,-0.55,0.30,33.68
1988,17582836,-263.67,-983.89,69.34,-0.67,-0.73,0.30,33.97
1989,17586885,-262.70,-983.40,69.34,-0.79,-0.85,0.24,33.64
1990,17590943,-266.60,-983.40,70.31,-0.85,-0.67,-0.06,33.49
1991,17594992,-261.23,-983.40,67.38,-0.98,-0.37,0.18,33.68
1992,17600787,-261.72,-979.00,62.99,-0.79,-0.49,0.55,33.64
1993,17604836,-265.62,-982.42,69.34,-0.91,-0.85,0.18,33.83
1994,17608885,-262.21,-984.86,69.82,-0.98,-0.61,0.18,33.68
1995,17612943,-258.30,-979.49,66.89,-0.67,-0.73,0.24,33.64
1996,17616992,-268.55,-981.45,66.89,-0.85,-0.67,0.30,33.97
1997,17622787,-264.16,-979.98,68.36,-1.04,-0.49,0.00,33.88
1998,17626836,-259.77,-977.54,65.92,-0.91,-0.91,0.24,33.88
1999,17630885,-262.70,-979.98,66.89,-0.85,-0.73,0.37,33.97
2000,17634943,-265.14,-980.96,68.85,-0.79,-0.73,0.30,33.78
2001,17638992,-264.65,-984.86,64.94,-0.85,-0.73,0.43,33.59
2002,17644787,-264.16,-981.45,66.41,-0.91,-0.37,0.24,33.78
2003,17648836,-267.58,-980.96,67.87,-0.85,-0.67,0.06,33.68
2004,17652885,-265.62,-979.98,63.96,-0.79,-0.73,0.30,33.78
2005,17656943,-268.55,-981.93,68.85,-0.91,-0.61,0.12,33.68
2006,17660992,-265.14,-982.42,66.41,-0.79,-0.85,0.49,33.78
2007,17666787,-263.18,-986.82,63.96,-0.79,-0.67,0.37,33.35
2008,17670836,-260.25,-981.93,67.87,-0.79,-0.61,0.18,33.44
2009,17674885,-261.72,-983.89,70.31,-0.79,-0.55,0.12,33.78
2010,17678943,-266.60,-981.93,70.31,-0.85,-0.85,0.00,33.78
2011,17682992,-259.28,-980.47,70.80,-0.73,-0.67,0.24,33.97
2012,17688787,-266.60,-983.40,67.38,-0.98,-0.43,0.00,33.35
2013,17692836,-263.18,-982.42,67.38,-0.98,-0.67,0.06,33.64
2014,17696885,-259.77,-978.52,66.41,-0.67,-0.67,0.18,33.83
2015,17700943,-261.23,-982.91,74.22,-0.85,-0.73,0.12,33.64
2016,17704992,-263.67,-986.82,68.85,-0.73,-0.61,0.24,33.78
2017,17710787,-261.23,-981.93,71.78,-0.85,-0.55,0.12,33.64
2018,17714836,-265.62,-979.00,66.41,-0.73,-0.49,0.43,33.59
2019,17718885,-264.16,-985.84,66.41,-0.91,-0.61,0.43,33.78
2020,17722943,-263.67,-980.47,68.85,-0.85,-0.67,0.12,33.64
2021,17726992,-262.70,-981.93,68.85,-0.79,-0.91,0.18,33.44
2022,17732787,-262.70,-989.26,71.78,-0.79,-0.55,0.24,33.64
2023,17736836,-263.18,-980.47,67.87,-0.91,-0.85,0.30,33.83
2024,17740885,-263.67,-981.93,68.85,-0.49,-0.49,0.37,33.83
2025,17744943,-261.23,-985.35,67.38,-0.73,-0.61,0.12,33.64
2026,17748992,-260.74,-980.96,68.36,-0.67,-0.61,0.24,33.64
2027,17754787,-264.16,-981.93,64.94,-0.61,-0.85,0.12,33.68
2028,17758836,-266.11,-982.91,70.31,-0.79,-0.79,0.49,33.78
2029,17762885,-269.04,-980.96,68.85,-0.67,-0.55,0.24,33.68
2030,17766943,-259.28,-982.91,66.41,-0.61,-0.79,0.43,33.68
2031,17772787,-265.14,-984.86,68.85,-0.79,-0.73,0.30,33.97
2032,17776836,-254.88,-987.30,66.41,-0.79,-0.55,0.37,33.64
2033,17780885,-262.70,-984.86,67.87,-0.67,-0.55,0.30,33.68
2034,17784943,-262.70,-982.42,65.43,-0.85,-0.73,0.12,33.64
2035,17788992,-264.65,-985.35,70.31,-0.61,-0.55,-0.06,33.88
2036,17794787,-262.70,-982.91,68.85,-0.73,-0.67,0.30,33.78
2037,17798836,-258.30,-982.42,70.31,-0.67,-0.79,0.12,34.02
2038,17802885,-259.28,-980.47,68.85,-0.85,-0.98,0.37,33.68
2039,17806943,-258.79,-983.89,71.29,-0.98,-0.67,0.18,33.59
2040,17810992,-263.18,-980.47,70.31,-0.61,-0.67,0.24,33.64
2041,17816787,-263.18,-979.49,70.31,-0.85,-0.67,0.18,33.64
2042,17820836,-264.16,-979.49,71.29,-0.73,-0.79,0.24,33.59
2043,17824885,-264.65,-984.37,72.27,-0.85,-0.73,0.24,33.97
2044,17828943,-261.72,-978.52,67.38,-1.04,-0.73,0.30,33.35
2045,17832992,-263.18,-981.93,68.36,-0.85,-0.37,0.24,33.64
2046,17838787,-264.65,-983.89,65.92,-0.91,-0.73,0.30,33.68
2047,17842836,-262.21,-984.37,69.82,-0.73,-0.61,0.24,33.64
2048,17846885,-262.21,-981.93,69.34,-0.67,-0.67,0.43,33.83
2049,17850943,-261.72,-984.86,70.31,-0.61,-0.73,0.24,33.64
2050,17854992,-267.58,-984.86,66.89,-0.98,-0.55,0.12,33.68
2051,17860787,-261.72,-979.98,72.27,-0.73,-0.61,0.30,33.68
2052,17864836,-259.77,-982.42,65.92,-0.98,-0.67,0.12,33.68
2053,17868885,-262.70,-979.00,67.38,-0.79,-0.67,0.00,33.49
2054,17872943,-258.30,-978.52,69.34,-0.79,-0.91,0.37,33.88
2055,17876992,-260.74,-982.42,69.82,-0.67,-0.61,0.30,33.59
2056,17882787,-262.70,-983.40,64.94,-0.67,-0.67,0.43,33.68
2057,17886836,-262.70,-979.00,74.22,-0.67,-0.67,0.55,33.49
2058,17890885,-265.14,-984.37,68.36,-0.79,-0.73,0.37,33.83
2059,17894943,-262.70,-981.45,70.80,-0.55,-0.67,0.06,33.68
2060,17898992,-265.62,-979.00,67.38,-0.79,-0.91,0.24,33.88
2061,17904787,-265.14,-977.54,69.34,-0.98,-0.73,0.00,33.59
2062,17908836,-258.30,-979.98,69.34,-0.79,-0.98,0.06,33.78
2063,17912885,-264.65,-981.45,67.87,-0.73,-0.37,0.30,33.59
2064,17916943,-263.18,-985.84,71.78,-0.91,-0.67,-0.12,33.68
2065,17920992,-261.23,-982.42,67.38,-0.73,-0.61,0.12,33.59
2066,17926787,-266.60,-984.37,64.45,-0.67,-0.49,0.30,33.49
2067,17930836,-261.72,-980.47,66.89,-0.67,-0.61,0.24,33.64
2068,17934885,-266.60,-979.49,71.78,-0.85,-0.61,0.43,33.68
2069,17938943,-263.67,-979.98,67.38,-0.67,-0.85,0.49,33.78
2070,17942992,-263.18,-981.93,63.96,-0.61,-0.67,0.24,33.59
2071,17948787,-258.79,-982.91,67.38,-0.85,-0.49,0.30,33.49
2072,17952836,-264.16,-978.03,67.87,-1.10,-0.43,0.55,33.78
2073,17956885,-263.67,-982.42,69.82,-0.85,-0.49,0.61,33.78
2074,17960943,-261.72,-980.47,70.31,-0.67,-0.85,0.30,33.83
2075,17964992,-265.14,-983.89,69.34,-0.98,-0.61,0.12,33.49
2076,17970787,-263.18,-988.28,66.41,-0.73,-0.79,0.06,33.83
2077,17974836,-262.21,-980.47,69.34,-0.79,-0.61,0.12,33.59
2078,17978885,-263.67,-985.84,69.82,-0.85,-0.37,0.18,33.64
2079,17982943,-263.18,-982.91,64.45,-0.85,-0.67,0.06,33.68
2080,17988787,-265.14,-980.96,64.94,-0.67,-0.67,0.06,33.88
2081,17992836,-260.74,-985.35,66.89,-0.73,-0.73,0.12,33.64
2082,17996885,-262.21,-982.42,63.48,-0.85,-0.73,0.18,33.68
2083,18000943,-265.14,-981.45,74.22,-0.73,-0.55,0.30,33.83
2084,18004992,-264.65,-983.89,66.41,-0.91,-0.73,0.30,33.64
2085,18009042,-260.74,-983.89,70.31,-0.73,-0.67,0.37,33.25
2086,18014787,-266.11,-985.35,67.38,-0.67,-0.67,0.24,33.78
2087,18018836,-263.67,-984.37,66.41,-0.55,-0.43,0.18,33.49
2088,18022885,-260.25,-981.45,67.38,-0.73,-0.67,0.12,33.78
2089,18026943,-257.32,-984.86,64.45,-0.79,-0.55,0.06,33.64
2090,18032787,-262.70,-982.42,70.80,-0.67,-0.85,0.24,33.78
2091,18036836,-265.14,-981.45,69.34,-0.67,-0.55,0.12,33.68
2092,18040885,-263.67,-979.00,69.82,-0.79,-0.79,0.30,33.59
2093,18044943,-268.07,-981.93,66.41,-0.61,-0.61,0.37,33.64
2094,18048992,-262.70,-983.89,71.78,-0.67,-0.73,0.43,33.83
2095,18054787,-263.18,-981.93,68.36,-1.04,-0.79,0.12,33.68
2096,18058836,-260.25,-985.84,63.96,-0.85,-0.67,0.18,33.68
2097,18062885,-264.16,-979.98,65.92,-0.49,-0.85,0.30,33.88
2098,18066943,-263.18,-980.96,67.87,-0.85,-0.61,0.30,33.68
2099,18070992,-261.23,-978.52,68.85,-0.91,-0.55,0.49,33.83
2100,18076787,-261.23,-982.42,66.41,-0.98,-0.73,0.12,33.83
2101,18080836,-264.16,-985.84,65.92,-0.79,-0.61,0.06,33.64
2102,18084885,-261.23,-985.84,69.82,-0.79,-0.61,0.30,33.78
2103,18088943,-266.60,-980.96,67.38,-0.61,-0.61,0.49,33.83
2104,18092992,-261.72,-982.91,72.75,-0.85,-0.85,0.43,33.78
2105,18098787,-263.18,-981.45,66.41,-0.91,-0.30,0.30,33.78
2106,18102836,-268.07,-985.84,64.94,-0.73,-0.61,0.12,33.88
2107,18106885,-267.09,-983.40,68.36,-0.61,-0.85,0.24,33.97
2108,18110943,-261.23,-984.37,69.82,-0.67,-0.67,0.00,33.78
2109,18114992,-266.60,-984.37,65.92,-0.79,-0.67,0.00,33.49
2110,18120787,-265.14,-984.37,66.41,-0.67,-0.67,0.18,33.59
2111,18124836,-263.67,-982.42,68.36,-0.85,-0.79,0.24,33.59
2112,18128885,-264.65,-983.89,70.80,-0.85,-0.61,0.18,33.68
2113,18132943,-262.21,-981.93,65.92,-0.79,-0.55,0.43,33.64
2114,18136992,-261.72,-983.89,67.87,-0.73,-0.79,0.06,33.68
2115,18142787,-262.70,-977.05,68.36,-0.79,-0.85,0.18,33.49
2116,18146836,-262.70,-983.40,68.36,-0.79,-0.73,0.24,33.59
2117,18150885,-266.11,-982.42,67.38,-0.79,-0.73,0.30,33.97
2118,18154943,-263.18,-979.49,66.41,-0.73,-0.67,0.43,33.83
2119,18158992,-261.72,-979.00,63.96,-0.98,-0.73,0.30,33.59
2120,18164787,-265.14,-979.98,67.87,-1.16,-0.85,0.37,33.44
2121,18168836,-263.18,-983.89,68.36,-0.91,-0.43,0.18,33.49
2122,18172885,-265.62,-982.91,63.96,-0.73,-0.61,0.43,33.49
2123,18176943,-264.65,-984.37,69.34,-1.04,-0.73,0.24,33.68
2124,18180992,-263.18,-983.40,74.22,-0.85,-0.85,0.18,33.83
2125,18186787,-262.21,-979.00,66.41,-0.91,-0.49,0.30,33.88
2126,18190836,-263.18,-980.96,68.85,-0.73,-0.49,0.18,33.64
2127,18194885,-260.25,-981.93,66.89,-0.73,-0.55,0.43,33.83
2128,18198943,-261.72,-979.00,73.24,-0.91,-0.37,-0.06,33.64
2129,18202992,-262.21,-982.42,62.99,-0.98,-0.67,-0.06,33.44
2130,18208787,-263.18,-979.49,72.75,-0.79,-0.67,0.24,33.68
2131,18212836,-262.21,-984.37,69.34,-0.85,-0.67,0.24,33.49
2132,18216885,-260.74,-983.40,68.36,-0.61,-0.37,0.30,33.68
2133,18220943,-262.21,-981.93,67.87,-0.85,-0.30,0.24,33.78
2134,18226787,-262.21,-977.54,69.34,-0.61,-0.67,0.18,33.83
2135,18230836,-261.23,-983.89,65.43,-0.85,-0.61,0.30,33.88
2136,18234885,-260.25,-985.35,69.82,-0.79,-0.73,0.37,33.78
2137,18238943,-261.23,-981.45,70.80,-0.61,-0.55,0.30,33.59
2138,18242992,-261.72,-979.98,68.85,-0.61,-0.55,0.30,34.02
2139,18248787,-264.16,-980.47,70.31,-0.73,-0.61,0.30,33.68
2140,18252836,-260.74,-983.89,70.31,-1.10,-0.67,0.24,33.64
2141,18256885,-260.25,-979.00,68.85,-0.73,-0.79,0.24,33.68
2142,18260943,-261.23,-980.96,69.34,-0.67,-0.55,0.18,33.83
2143,18264992,-266.11,-979.49,67.38,-0.79,-0.61,0.00,33.64
2144,18270787,-262.70,-983.40,69.34,-0.85,-0.73,0.24,33.68
2145,18274836,-260.74,-981.45,63.48,-0.91,-0.61,0.12,33.88
2146,18278885,-264.65,-980.96,65.92,-0.67,-0.61,0.30,33.97
2147,18282943,-262.21,-985.35,68.36,-0.67,-0.61,0.49,33.35
2148,18286992,-264.16,-981.93,71.29,-0.98,-0.73,0.12,33.68
2149,18292787,-263.18,-979.98,69.82,-0.67,-0.61,0.55,33.83
2150,18296836,-263.67,-982.91,69.82,-1.04,-0.55,0.24,33.68
2151,18300885,-266.11,-984.37,63.96,-0.79,-0.61,0.12,33.88
2152,18304943,-263.18,-982.91,62.50,-0.91,-0.49,0.06,33.49
2153,18308992,-266.60,-979.98,67.87,-1.04,-0.85,0.30,33.64
2154,18314787,-264.16,-982.42,68.36,-0.91,-0.67,0.06,33.83
2155,18318836,-259.28,-983.40,68.36,-0.91,-0.37,0.30,33.78
2156,18322885,-258.30,-981.45,72.27,-1.10,-0.67,0.30,33.78
2157,18326943,-265.14,-981.45,66.89,-0.85,-0.85,0.18,33.68
2158,18330992,-265.14,-980.96,71.29,-0.67,-0.43,0.30,33.88
2159,18336787,-266.11,-983.40,65.43,-0.79,-0.79,0.18,33.83
2160,18340836,-261.72,-982.91,69.34,-0.98,-0.91,0.30,33.78
2161,18344885,-264.65,-986.82,67.87,-0.79,-0.55,0.30,33.78
2162,18348943,-265.62,-987.30,65.43,-0.85,-0.49,0.24,33.97
2163,18352992,-261.23,-982.91,72.75,-0.91,-0.91,0.12,33.97
2164,18358787,-261.23,-984.86,70.31,-0.91,-0.73,0.12,33.59
2165,18362836,-265.14,-980.47,67.38,-0.85,-0.37,0.30,33.59
2166,18366885,-268.55,-984.37,66.89,-0.85,-0.91,0.18,33.83
2167,18370943,-262.21,-982.91,65.92,-0.98,-0.67,0.24,33.68
2168,18374992,-258.79,-979.98,66.41,-0.85,-0.61,0.43,33.78
2169,18380787,-262.21,-979.49,69.82,-0.85,-0.61,0.00,33.59
2170,18384836,-261.23,-982.42,68.36,-0.91,-0.61,0.37,33.68
2171,18388885,-262.70,-981.45,64.94,-0.79,-0.67,0.18,34.02
2172,18392943,-263.67,-980.47,64.94,-0.85,-0.73,0.24,33.78
2173,18396992,-263.67,-983.40,65.43,-0.61,-0.67,0.30,33.49
2174,18402787,-265.62,-978.52,67.38,-0.79,-0.61,0.37,33.44
2175,18406836,-260.25,-979.98,65.43,-0.85,-0.73,0.37,33.88
2176,18410885,-264.65,-978.52,67.87,-0.67,-0.73,0.49,33.64
2177,18414943,-265.62,-984.86,68.36,-0.85,-0.73,0.18,33.78
2178,18418992,-262.21,-983.89,68.85,-0.73,-0.67,0.61,33.49
2179,18424787,-257.81,-981.45,67.87,-0.79,-0.67,0.37,33.97
2180,18428836,-262.70,-981.93,71.78,-0.73,-0.79,0.30,33.64
2181,18432885,-265.62,-981.45,65.43,-0.73,-0.85,0.30,33.78
2182,18436943,-261.23,-984.37,65.43,-0.73,-0.85,0.12,33.78
2183,18442787,-262.70,-980.96,69.82,-0.79,-0.49,0.30,33.64
2184,18446836,-259.28,-977.54,68.85,-0.79,-0.91,0.30,33.88
2185,18450885,-262.21,-982.91,66.89,-0.85,-0.67,0.30,33.49
2186,18454943,-262.70,-980.47,70.80,-0.73,-0.43,0.37,33.83
2187,18458992,-262.21,-980.96,69.34,-0.61,-0.61,0.55,33.68
2188,18464787,-262.70,-980.96,68.36,-0.79,-0.85,0.30,33.88
2189,18468836,-264.65,-983.40,70.80,-0.67,-0.79,0.55,33.83
2190,18472885,-262.70,-979.00,66.41,-0.73,-0.55,0.37,33.78
2191,18476943,-264.65,-981.45,71.29,-0.85,-0.67,0.24,33.83
2192,18480992,-261.23,-981.45,65.43,-0.85,-0.79,0.30,33.78
2193,18486787,-263.18,-982.91,71.29,-0.85,-0.79,0.06,34.02
2194,18490836,-260.74,-983.89,66.89,-0.67,-0.55,0.37,33.68
2195,18494885,-262.70,-985.35,66.41,-0.67,-0.85,0.30,33.83
2196,18498943,-266.11,-981.45,66.89,-0.98,-0.67,0.49,33.49
2197,18502992,-266.60,-981.45,67.38,-0.85,-0.55,0.06,33.68
2198,18508787,-263.67,-978.52,72.27,-0.67,-0.73,0.49,33.68
2199,18512836,-263.67,-984.37,68.85,-0.85,-0.55,0.24,33.78
2200,18516885,-260.74,-982.91,66.41,-0.79,-0.43,0.18,33.88
2201,18520943,-265.14,-981.45,66.41,-0.79,-0.55,0.43,33.35
2202,18524992,-264.16,-981.93,69.34,-0.61,-0.73,0.37,33.68
2203,18530787,-266.60,-983.40,67.38,-0.73,-0.61,0.37,33.68
2204,18534836,-263.18,-979.98,64.94,-0.91,-0.67,0.30,33.78
2205,18538885,-261.72,-984.37,66.89,-0.67,-0.67,0.30,33.83
2206,18542943,-264.65,-983.40,70.31,-0.91,-0.49,0.24,33.83
2207,18546992,-266.60,-984.86,69.34,-0.85,-0.67,0.24,33.68
2208,18552787,-262.70,-982.42,68.85,-0.91,-0.67,0.24,33.97
2209,18556836,-262.21,-979.49,65.43,-0.79,-0.61,0.37,34.02
2210,18560885,-263.67,-981.45,69.34,-0.91,-0.61,0.30,33.78
2211,18564943,-257.32,-984.37,67.87,-0.73,-0.79,0.06,33.44
2212,18568992,-265.14,-984.86,68.36,-0.79,-0.73,0.00,33.44
2213,18574787,-262.21,-979.00,67.87,-1.04,-0.91,0.30,33.49
2214,18578836,-265.62,-984.37,65.92,-0.61,-0.73,0.55,33.68
2215,18582885,-262.70,-984.86,67.38,-0.73,-0.43,0.18,33.78
2216,18586943,-260.25,-983.89,66.89,-0.73,-0.55,0.24,33.83
2217,18590992,-261.23,-982.91,67.87,-0.73,-0.73,0.24,33.64
2218,18596787,-260.25,-979.49,72.27,-0.73,-0.73,0.43,33.44
2219,18600836,-263.18,-984.37,67.38,-0.98,-0.67,0.30,33.44
2220,18604885,-266.60,-980.47,71.29,-0.85,-0.79,0.24,33.64
2221,18608943,-263.18,-980.96,67.87,-0.85,-0.73,0.30,33.64
2222,18612992,-264.65,-981.93,70.31,-0.85,-0.67,0.30,33.49
2223,18618787,-261.72,-984.86,68.36,-1.04,-0.61,0.06,33.59
2224,18622836,-262.70,-982.42,67.87,-0.85,-0.49,0.37,33.64
2225,18626885,-264.65,-984.37,69.34,-0.85,-0.55,0.30,33.83
2226,18630943,-267.58,-982.91,67.87,-0.79,-0.55,0.24,33.88
2227,18634992,-264.16,-983.89,65.92,-0.79,-0.61,0.00,33.49
2228,18640787,-258.79,-982.42,66.89,-0.79,-0.73,0.24,33.83
2229,18644836,-265.14,-983.89,71.29,-0.67,-0.55,0.37,33.64
2230,18648885,-258.30,-983.89,69.82,-0.79,-0.73,0.37,33.78
2231,18652943,-264.65,-981.45,65.43,-0.73,-0.91,0.30,33.83
2232,18656992,-259.28,-982.91,72.27,-0.61,-0.67,0.12,33.59
2233,18662787,-263.67,-985.35,69.82,-1.04,-0.49,0.24,33.83
2234,18666836,-261.23,-979.49,66.41,-0.67,-0.73,0.18,33.88
2235,18670885,-260.74,-984.86,70.80,-0.91,-0.73,0.24,33.64
2236,18674943,-264.16,-980.96,70.80,-0.85,-0.61,0.12,33.88
2237,18680787,-265.14,-984.37,69.82,-0.85,-0.61,0.12,33.83
2238,18684836,-264.16,-980.96,64.45,-0.67,-0.73,0.00,34.02
2239,18688885,-264.16,-978.52,68.36,-0.67,-0.73,0.24,33.83
2240,18692943,-257.81,-980.96,71.78,-0.67,-0.73,0.24,33.64
2241,18696992,-261.23,-985.35,66.41,-0.85,-0.79,0.30,33.97
2242,18702787,-261.23,-982.42,73.24,-0.98,-0.67,0.24,33.78
2243,18706836,-261.72,-984.37,65.43,-0.73,-0.67,0.18,33.78
2244,18710885,-266.60,-979.49,68.36,-0.85,-0.67,0.12,33.78
2245,18714943,-264.16,-984.86,67.87,-0.73,-0.73,0.30,33.25
2246,18718992,-260.25,-981.45,66.89,-0.73,-0.79,0.30,33.83
2247,18724787,-261.72,-983.89,69.34,-0.73,-0.67,0.18,33.64
2248,18728836,-261.23,-983.40,68.36,-0.98,-0.85,0.18,33.97
2249,18732885,-263.67,-981.45,69.34,-0.91,-0.55,0.18,33.78
2250,18736943,-263.18,-983.40,67.87,-0.85,-0.61,0.24,33.59
2251,18740992,-265.62,-980.47,65.92,-0.67,-0.55,0.24,33.64
2252,18746787,-262.21,-980.96,70.31,-0.91,-0.67,0.37,33.59
2253,18750836,-262.21,-983.89,64.45,-0.61,-0.67,0.18,33.97
2254,18754885,-263.18,-979.00,69.82,-0.85,-0.79,0.24,33.97
2255,18758943,-263.67,-978.52,63.48,-0.91,-0.61,0.37,33.49
2256,18762992,-265.14,-980.96,63.96,-0.55,-0.61,0.24,33.88
2257,18768787,-263.67,-980.47,69.82,-0.79,-0.73,0.37,33.59
2258,18772836,-263.18,-983.40,68.85,-0.91,-0.55,0.18,33.78
2259,18776885,-263.67,-983.89,69.34,-1.10,-0.85,0.43,33.83
2260,18780943,-257.81,-982.91,66.41,-0.79,-0.67,0.43,33.78
2261,18784992,-261.23,-979.98,68.85,-0.79,-0.67,0.37,33.59
2262,18790787,-260.74,-986.82,74.71,-0.49,-0.55,0.24,33.83
2263,18794836,-263.18,-979.98,67.38,-0.73,-0.49,0.18,33.49
2264,18798885,-261.72,-985.35,68.85,-0.98,-0.43,0.18,33.64
2265,18802943,-259.77,-980.47,67.38,-0.67,-0.49,0.18,33.59
2266,18806992,-264.16,-979.00,72.75,-0.98,-0.79,0.37,33.97
2267,18812787,-263.18,-979.49,69.82,-0.73,-0.61,0.12,33.78
2268,18816836,-262.21,-982.91,65.43,-0.79,-0.49,0.30,33.68
