seq,timestamp_us,ax_mg,ay_mg,az_mg,gx_dps,gy_dps,gz_dps,temp_c
0,73294722,-541.50,-854.98,65.92,-0.49,-0.37,3.54,34.64
1,73298790,-543.46,-859.37,68.36,-0.49,-0.37,3.54,34.64
2,73302839,-542.97,-859.86,60.06,-1.83,-0.91,1.40,34.40
3,73306889,-542.97,-865.72,57.13,-1.22,-0.55,0.98,34.40
4,73310938,-542.97,-865.72,57.13,-0.67,-0.49,0.61,34.55
5,73314992,-541.50,-855.96,64.94,-1.04,-1.10,0.30,34.31
6,73319041,-544.43,-859.37,63.96,-1.22,-0.98,0.43,34.40
7,73323091,-536.62,-865.23,58.11,-1.22,-1.04,0.85,34.64
8,73327140,-532.23,-858.40,60.55,-1.40,-0.55,1.10,34.50
9,73331190,-533.69,-865.72,58.11,-1.28,-0.61,2.07,34.21
10,73335239,-534.18,-870.12,59.57,-0.91,-0.73,2.93,34.50
11,73340799,-536.62,-863.28,64.94,-1.10,-0.61,3.48,34.50
12,73344848,-536.13,-858.89,57.62,-1.52,-0.49,4.15,34.50
13,73348898,-535.16,-861.33,61.52,-1.65,-0.37,4.57,34.36
14,73352955,-541.50,-863.28,60.06,-1.34,-0.24,4.45,34.50
15,73358799,-540.04,-855.96,58.59,-1.28,-0.49,4.82,34.40
16,73362848,-544.43,-861.82,54.69,-1.22,-0.43,4.33,34.55
17,73366898,-545.41,-864.26,60.06,-0.98,-0.24,3.90,34.69
18,73370955,-539.55,-854.00,58.11,-0.98,-0.55,3.11,34.50
19,73375005,-539.06,-860.35,55.18,-1.10,-0.55,2.44,34.64
20,73380799,-546.88,-860.84,59.08,-0.85,-0.49,2.07,34.36
21,73384848,-547.85,-856.45,62.01,-0.91,-0.85,0.79,34.69
22,73388898,-542.97,-856.45,61.04,-1.22,-0.79,0.61,34.64
23,73392955,-545.90,-859.86,62.01,-1.46,-0.61,0.43,34.36
24,73397005,-541.02,-861.33,60.06,-1.59,-0.49,0.18,34.64
25,73402799,-538.57,-860.84,57.62,-1.83,-0.73,0.37,34.40
26,73406848,-534.67,-862.30,42.97,-0.61,0.12,1.52,34.40
27,73410898,-563.96,-855.96,44.43,2.07,0.24,1.16,34.69
28,73414955,-562.01,-851.07,64.94,2.68,-1.77,-2.01,34.40
29,73419005,-563.96,-842.29,78.61,0.06,-1.52,-6.83,34.50
30,73424799,-556.64,-852.54,70.80,-2.62,-2.32,-10.49,34.64
31,73428848,-534.18,-862.79,53.22,-2.93,-1.83,-11.28,34.55
32,73432898,-527.83,-866.21,47.85,-1.22,-1.34,-9.82,34.64
33,73436955,-531.74,-868.65,51.76,0.24,-2.38,-8.29,34.36
34,73441005,-536.13,-863.77,66.41,0.67,-1.89,-7.01,34.55
35,73446799,-545.41,-859.86,72.27,-1.40,-1.59,-7.13,34.64
36,73450848,-530.27,-861.82,63.96,-3.29,-1.71,-6.71,34.40
37,73454898,-518.07,-877.93,64.45,-4.21,-1.83,-4.21,34.40
38,73458955,-519.04,-874.51,58.59,-5.67,-0.85,-1.52,34.55
39,73464799,-520.02,-867.68,55.18,-3.41,0.98,1.83,34.64
40,73468848,-523.44,-873.54,45.90,-4.45,-0.91,5.24,34.64
41,73472898,-526.86,-875.49,75.68,-1.89,0.61,8.29,34.31
42,73476955,-527.83,-853.03,56.64,-2.99,3.35,10.73,34.64
43,73481005,-528.32,-863.28,104.98,-6.16,-0.67,11.40,34.36
44,73486799,-587.40,-838.38,96.68,-6.59,2.20,11.95,34.31
45,73490848,-494.63,-881.35,55.18,-7.26,2.20,15.55,34.50
46,73494898,-529.79,-867.19,9.28,-3.84,0.18,19.45,34.40
47,73498955,-532.23,-863.28,82.03,-1.40,-0.37,20.49,34.50
48,73503005,-547.85,-854.98,51.27,-2.32,4.51,21.04,34.64
49,73508799,-554.69,-844.73,47.85,-1.59,1.22,19.57,34.50
50,73512848,-557.62,-848.63,83.50,-2.68,2.62,17.32,34.64
51,73516898,-567.87,-850.10,70.31,-6.71,1.83,13.29,34.31
52,73520955,-556.15,-851.07,70.80,-9.02,2.56,11.22,34.64
53,73525005,-530.76,-860.84,44.43,-11.10,0.85,11.65,34.74
54,73530799,-523.93,-869.14,16.11,-8.54,0.91,15.55,34.64
55,73534848,-536.62,-867.68,26.86,0.30,2.87,20.30,34.36
56,73538898,-552.73,-848.14,11.23,2.68,0.91,21.95,34.36
57,73542955,-572.27,-845.70,28.32,8.11,-1.83,21.65,34.64
58,73547005,-598.14,-832.52,71.29,8.60,-1.59,17.20,34.64
59,73552799,-614.75,-816.41,90.82,3.78,0.85,7.68,34.50
60,73556848,-602.54,-824.71,60.06,-1.52,-1.71,-5.49,34.64
61,73560898,-596.19,-837.40,51.76,-2.07,-2.32,-11.95,34.64
62,73564955,-584.47,-836.43,55.18,-2.13,-2.99,-18.23,34.64
63,73569005,-573.24,-840.33,52.73,-1.83,-4.09,-22.62,34.40
64,73574799,-549.80,-854.49,39.55,0.24,-3.90,-24.88,34.64
65,73578848,-538.09,-867.68,30.27,2.01,-3.35,-24.70,34.50
66,73582898,-553.22,-853.52,41.50,5.85,-3.11,-24.21,34.74
67,73586955,-543.95,-856.45,71.29,6.71,-4.88,-24.57,34.36
68,73591005,-547.85,-860.35,89.36,2.20,-4.02,-25.00,34.64
69,73596799,-527.83,-864.75,56.15,0.06,-3.29,-24.70,34.40
70,73600848,-513.67,-876.46,64.94,-0.61,-3.84,-19.82,34.69
71,73604898,-503.42,-885.74,52.25,0.67,-2.62,-15.43,34.50
72,73608955,-509.28,-880.37,69.34,1.65,-0.98,-9.33,34.36
73,73613005,-507.81,-879.39,68.36,-0.37,-1.22,-4.02,34.64
74,73618799,-503.42,-880.37,57.62,-0.79,0.61,2.01,34.50
75,73622848,-515.14,-870.61,47.36,0.91,0.55,8.54,34.55
76,73626898,-523.93,-869.63,63.48,1.10,0.85,11.65,34.64
77,73630955,-532.23,-870.61,60.55,0.12,1.95,14.39,34.21
78,73635005,-539.55,-860.84,56.15,0.24,1.59,15.43,34.55
79,73640799,-540.04,-856.93,65.92,-0.79,1.83,15.61,34.55
80,73644848,-552.73,-852.54,49.32,-0.06,1.46,15.30,34.64
81,73648898,-561.52,-852.05,53.71,-0.12,-0.24,13.11,34.50
82,73652955,-565.92,-848.14,51.27,0.67,0.85,9.45,34.40
83,73657005,-571.29,-843.75,72.75,-0.79,0.49,5.06,34.64
84,73662799,-572.27,-845.21,63.48,-3.35,-1.83,1.22,34.31
85,73666848,-562.50,-853.03,56.15,-0.55,0.06,-1.34,34.40
86,73670898,-549.32,-852.54,46.39,-1.77,-1.89,-2.87,34.64
87,73674955,-550.29,-854.49,58.59,-0.37,-1.22,-3.48,34.69
88,73680799,-555.18,-856.93,68.36,-1.28,-1.28,-4.27,34.69
89,73684848,-539.06,-862.30,52.25,-1.95,-1.22,-4.27,34.40
90,73688898,-539.55,-858.40,61.04,-1.77,-1.59,-3.29,34.50
91,73692955,-540.53,-867.19,53.22,-1.71,-1.16,-1.71,34.74
92,73697005,-538.09,-862.79,57.62,-0.49,-0.61,0.06,34.40
93,73702799,-539.55,-855.47,66.41,-2.74,-2.62,0.12,34.55
94,73706848,-559.57,-856.45,40.53,2.13,0.06,0.67,34.69
95,73710898,-565.43,-855.96,56.15,3.17,-3.23,-2.32,34.55
96,73714955,-565.92,-846.19,83.01,2.32,-2.44,-5.06,34.64
97,73719005,-568.36,-841.80,72.27,-0.85,-2.44,-10.06,34.69
98,73724799,-562.99,-852.54,54.20,-2.50,-4.76,-14.45,34.64
99,73728848,-539.55,-855.96,63.96,-1.59,-3.23,-16.83,34.69
100,73732898,-534.18,-863.77,67.38,-2.01,-2.32,-16.89,34.64
101,73736955,-529.79,-872.07,69.34,-4.57,-3.41,-16.40,34.55
102,73741005,-515.62,-877.44,48.83,-4.15,-2.80,-13.23,34.55
103,73746799,-501.46,-874.02,58.11,-3.11,-1.52,-7.93,34.64
104,73750848,-503.91,-884.28,27.34,-0.37,-0.79,-0.37,34.64
105,73754898,-520.02,-878.42,43.46,1.34,-2.38,3.48,34.55
106,73758955,-524.41,-865.23,62.01,2.44,-0.12,6.71,34.64
107,73763005,-540.04,-859.86,59.57,0.55,-0.12,7.20,34.64
108,73768799,-550.29,-857.91,62.50,-0.55,-0.37,5.98,34.69
109,73772848,-546.88,-861.82,50.29,-1.34,-0.37,4.51,34.64
110,73776898,-544.43,-859.37,44.92,-0.85,-0.98,3.48,34.55
111,73780955,-552.25,-853.52,45.90,1.34,-0.98,2.13,34.21
112,73785005,-568.85,-856.45,57.13,2.20,-1.28,-1.04,34.50
113,73790799,-567.87,-844.73,68.36,0.85,-1.34,-5.37,34.55
114,73794848,-556.64,-854.00,68.36,-1.28,-1.89,-9.63,34.40
115,73798898,-542.48,-862.79,58.11,-2.26,-2.07,-10.79,34.64
116,73802955,-533.69,-862.79,61.52,-2.44,-1.95,-10.98,34.64
117,73807005,-524.90,-865.23,55.18,-2.50,-2.07,-9.21,34.93
118,73812799,-516.60,-870.12,58.59,-1.89,-1.71,-6.10,34.50
119,73816848,-516.11,-876.46,57.13,-0.37,-0.98,-1.77,34.55
120,73820898,-518.07,-862.79,60.55,0.24,-0.43,0.67,34.50
121,73824955,-524.41,-867.68,62.50,0.55,-0.37,3.11,34.55
122,73829005,-536.62,-871.09,62.01,0.12,-0.24,4.33,34.64
123,73834799,-539.55,-864.75,66.41,-0.37,-0.37,4.39,34.55
124,73838848,-537.11,-857.91,68.36,-1.10,-0.49,3.54,34.40
125,73842898,-544.43,-861.33,56.64,-1.10,-0.61,2.93,34.64
126,73846955,-546.39,-862.30,56.15,-1.16,-0.61,2.07,34.55
127,73851005,-539.06,-854.49,58.11,-1.40,-0.49,1.65,34.55
128,73856799,-539.06,-856.93,60.06,-1.46,-0.67,1.16,34.50
129,73860848,-539.06,-866.21,58.11,-1.16,-0.85,0.85,34.69
130,73864898,-535.64,-858.89,56.15,-1.34,-0.67,0.12,34.50
131,73868955,-531.25,-860.84,55.18,-1.34,-0.49,0.55,34.55
132,73873005,-537.11,-863.77,55.18,-0.37,-0.49,0.67,34.40
133,73878799,-540.53,-865.23,53.71,0.00,-0.79,0.91,34.50
134,73882848,-536.62,-857.91,59.57,-0.18,-0.67,0.18,34.88
135,73886898,-539.06,-861.82,60.06,-0.12,-0.98,-0.30,34.83
136,73890955,-544.43,-867.19,61.04,-0.30,-0.85,-1.34,34.40
137,73896799,-535.16,-863.77,61.04,-0.73,-1.22,-2.26,34.50
138,73900848,-533.69,-859.86,60.06,-1.10,-1.10,-2.50,34.50
139,73904898,-538.09,-869.63,63.48,-1.16,-0.85,-2.62,34.50
140,73908955,-530.76,-865.23,61.52,-1.22,-1.04,-2.50,34.64
141,73913005,-527.34,-863.77,60.06,-1.10,-1.04,-1.65,34.64
142,73917054,-531.25,-867.68,65.92,-1.04,-1.04,-0.61,34.40
143,73922799,-536.13,-867.19,62.50,-0.85,-0.85,0.30,34.31
144,73926848,-530.27,-862.30,65.43,-0.98,-0.73,1.28,34.40
145,73930898,-535.16,-858.89,62.50,-0.73,-0.43,2.01,34.64
146,73934955,-540.04,-863.77,61.52,-0.43,-0.18,2.56,34.74
147,73940799,-536.13,-860.84,62.50,-0.37,-0.49,2.99,34.64
148,73944848,-540.53,-858.40,63.48,-0.91,-0.55,2.87,34.55
149,73948898,-541.50,-864.26,60.06,-0.79,-0.37,2.56,34.50
150,73952955,-541.99,-864.26,59.57,-0.73,-0.43,2.44,34.55
151,73957005,-543.95,-857.42,59.57,-1.16,-0.61,2.01,34.40
152,73962799,-541.50,-861.82,58.59,-1.04,-0.61,1.77,34.64
153,73966848,-546.88,-862.79,57.62,-1.04,-0.49,0.85,34.50
154,73970898,-542.97,-859.86,56.64,-0.55,-0.79,0.18,34.40
155,73974955,-541.99,-860.35,54.20,-0.98,-0.67,-0.18,34.55
156,73979005,-546.39,-862.79,53.22,-0.85,-0.73,-0.79,34.55
157,73984799,-541.02,-869.63,53.22,-0.67,-1.04,-1.16,34.40
158,73988848,-536.13,-860.35,54.20,-0.73,-1.04,-1.77,34.55
159,73992898,-540.04,-861.33,54.69,-0.61,-1.10,-2.20,34.74
160,73996955,-536.13,-865.72,58.11,-0.91,-1.10,-1.95,34.40
161,74001005,-535.16,-859.37,56.64,-0.91,-0.85,-1.71,34.50
162,74006799,-536.13,-867.19,59.08,-0.85,-1.04,-1.40,34.50
163,74010848,-534.18,-868.16,60.06,-0.61,-0.79,-0.85,34.40
164,74014898,-530.27,-860.35,56.15,-0.67,-0.85,-0.30,34.55
165,74018955,-528.81,-860.35,59.08,-0.67,-0.55,0.06,34.64
166,74023005,-537.60,-867.68,60.55,-0.67,-0.61,0.61,34.74
167,74028799,-535.16,-864.75,61.52,-0.67,-0.85,0.67,34.50
168,74032848,-533.20,-860.35,60.55,-0.98,-0.85,0.91,34.69
169,74036898,-538.57,-862.79,62.01,-0.49,-0.61,0.79,34.50
170,74040955,-537.60,-861.82,61.04,-0.73,-0.73,0.73,34.36
171,74045005,-534.18,-864.26,60.06,-0.91,-0.67,0.49,34.64
172,74050799,-534.18,-864.26,65.43,-0.98,-0.67,0.24,34.69
173,74054848,-538.09,-864.26,58.59,-1.04,-0.73,0.24,34.50
174,74058898,-535.16,-863.28,59.57,-0.98,-0.85,0.61,34.50
175,74062955,-536.13,-861.82,58.11,-0.91,-0.49,0.67,34.55
176,74067005,-535.64,-868.65,56.15,-1.10,-0.49,1.04,34.74
177,74072799,-540.53,-866.21,59.57,-0.98,-0.30,0.98,34.64
178,74076848,-539.06,-864.75,57.13,-0.98,-0.49,1.46,34.40
179,74080898,-542.97,-862.79,54.69,-0.55,-0.55,1.89,34.50
180,74084955,-539.55,-862.30,60.06,-0.61,-0.30,1.52,34.50
181,74089005,-536.13,-856.93,60.06,-0.91,-0.55,1.52,34.50
182,74094799,-538.09,-861.33,57.13,-0.79,-0.67,1.40,34.74
183,74098848,-541.99,-858.89,55.18,-0.85,-0.73,0.85,34.50
184,74102898,-541.02,-854.49,60.55,-0.85,-0.37,0.67,34.69
185,74106955,-538.09,-857.42,58.59,-0.79,-0.79,0.43,34.36
186,74111005,-543.95,-866.70,54.69,-0.73,-1.10,-0.49,34.64
187,74116799,-542.48,-864.26,60.06,-0.98,-0.79,-0.85,34.36
188,74120848,-535.64,-861.33,56.15,-0.98,-0.91,-1.16,34.40
189,74124898,-542.48,-866.21,55.18,-0.79,-0.61,-1.52,34.64
190,74128955,-538.09,-873.54,58.59,-0.85,-0.91,-1.65,34.88
191,74134799,-537.60,-863.77,61.04,-0.49,-0.85,-1.83,34.64
192,74138848,-533.20,-866.70,59.57,-0.85,-1.10,-1.65,34.50
193,74142898,-534.18,-866.70,58.59,-0.67,-1.10,-1.28,34.16
194,74146955,-532.71,-862.30,62.01,-0.67,-0.91,-1.34,34.69
195,74151005,-528.81,-859.86,60.06,-0.79,-0.73,-0.67,34.40
196,74156799,-535.16,-865.72,60.55,-0.79,-0.79,-0.30,34.50
197,74160848,-539.06,-866.70,59.08,-0.73,-1.04,0.00,34.50
198,74164898,-529.79,-862.30,60.06,-0.91,-0.61,0.67,34.55
199,74168955,-533.20,-861.82,54.69,-0.98,-0.61,0.98,34.50
200,74173005,-535.64,-868.16,58.59,-0.91,-0.49,1.16,34.55
201,74178799,-529.79,-860.84,58.11,-0.73,-0.61,1.28,34.69
202,74182848,-536.13,-859.86,58.59,-1.16,-0.43,1.77,34.50
203,74186898,-540.04,-863.28,52.25,-0.79,-0.49,1.77,34.31
204,74190955,-540.53,-867.68,56.64,-0.79,-0.43,1.65,34.50
205,74195005,-540.53,-865.23,54.69,-0.67,-0.55,1.59,34.40
206,74200799,-543.95,-865.23,53.22,-0.79,-0.61,1.40,34.64
207,74204848,-544.92,-860.84,55.66,-0.98,-0.61,0.85,34.55
208,74208898,-536.13,-860.84,54.20,-0.67,-0.67,0.79,34.69
209,74212955,-540.53,-865.72,55.18,-1.10,-0.55,0.73,34.50
210,74217005,-538.57,-867.68,54.69,-1.04,-0.73,0.55,34.40
211,74222799,-540.53,-864.75,56.15,-0.73,-0.79,0.18,34.50
212,74226848,-536.62,-861.33,57.62,-0.73,-0.98,0.30,34.64
213,74230898,-541.50,-864.75,60.55,-1.04,-0.85,0.30,34.50
214,74234955,-541.99,-863.77,58.59,-0.67,-0.79,0.12,34.64
215,74239005,-539.06,-855.96,61.52,-0.79,-0.67,-0.06,34.40
216,74244799,-536.13,-861.82,59.57,-0.85,-0.85,-0.18,34.40
217,74248848,-544.92,-867.19,58.59,-1.04,-0.67,-0.18,34.83
218,74252898,-542.97,-861.33,58.59,-0.85,-0.67,-0.61,34.40
219,74256955,-535.16,-859.86,59.08,-0.85,-0.79,-0.37,34.40
220,74261005,-540.04,-868.65,56.15,-0.85,-0.67,-0.43,34.55
221,74266799,-526.37,-849.12,59.08,-0.49,-0.85,-0.12,34.64
222,74270848,-557.13,-883.79,50.78,-1.46,-0.37,-0.12,34.50
223,74274898,-546.88,-870.12,57.13,-0.06,-1.16,-0.30,34.36
224,74278955,-531.74,-856.45,69.82,-0.37,-0.67,-0.49,34.21
225,74283005,-537.60,-856.93,51.27,-1.10,-0.43,-0.55,34.55
226,74288799,-539.06,-863.28,51.27,-1.04,-0.73,-0.61,34.64
227,74292848,-529.30,-862.30,61.52,-0.98,-0.49,-0.18,34.50
228,74296898,-535.64,-864.75,49.32,-1.10,-0.55,0.61,34.55
229,74300955,-539.06,-875.49,54.20,-0.55,-0.98,1.10,34.40
230,74305005,-540.53,-870.12,60.55,-0.49,-0.67,1.16,34.40
231,74310799,-537.11,-863.77,61.52,-0.79,-0.67,1.04,34.50
232,74314848,-532.23,-854.98,57.62,-1.34,-0.43,0.24,34.50
233,74318898,-538.57,-867.19,52.73,-1.10,-0.61,0.00,34.64
234,74322955,-536.62,-867.68,49.32,-0.91,-0.85,0.06,34.64
235,74327005,-528.32,-862.30,55.18,-0.85,-0.79,-0.30,34.69
236,74332799,-536.62,-868.65,56.64,-0.43,-0.55,-0.49,34.50
237,74336848,-542.48,-873.05,59.57,-0.30,-0.91,-1.34,34.21
238,74340898,-529.30,-854.49,58.59,-0.73,-1.04,-1.46,34.50
239,74344955,-527.34,-857.42,58.11,-1.34,-0.79,-1.04,34.64
240,74350799,-533.69,-865.23,53.22,-1.22,-0.91,0.12,34.69
241,74354848,-532.23,-870.61,51.27,-0.55,-0.79,0.98,34.64
242,74358898,-533.69,-863.77,61.04,-0.49,-0.37,1.83,34.31
243,74362955,-539.55,-871.09,59.08,-0.67,-0.24,2.26,34.40
244,74367005,-541.99,-866.21,61.04,-0.55,-0.55,2.38,34.40
245,74372799,-539.06,-856.93,62.01,-0.85,-0.67,2.80,34.69
246,74376848,-534.67,-864.26,61.04,-1.16,-0.18,2.87,34.55
247,74380898,-548.34,-865.72,55.66,-0.73,-0.37,2.93,34.40
248,74384955,-547.36,-861.82,63.96,-0.61,-0.73,2.26,34.50
249,74389005,-539.06,-854.49,60.55,-1.04,-0.37,1.65,34.88
250,74394799,-548.83,-865.72,55.66,-0.79,-0.30,1.40,34.64
251,74398848,-541.99,-856.93,60.06,-0.61,-0.79,0.55,34.64
252,74402898,-538.57,-854.00,55.18,-1.10,-0.61,0.37,34.50
253,74406955,-548.34,-865.23,56.15,-1.10,-0.91,0.12,34.50
254,74411005,-540.04,-858.40,58.11,-0.98,-0.61,0.43,34.55
255,74416799,-545.90,-864.75,55.66,-1.04,-0.24,0.79,34.69
256,74420848,-548.34,-863.77,57.62,-0.49,-0.79,1.10,34.69
257,74424898,-551.76,-858.40,57.62,-0.73,-0.91,1.40,34.40
258,74428955,-544.92,-861.82,59.57,-0.85,-0.43,1.52,34.55
259,74433005,-539.06,-854.49,61.04,-1.10,-0.67,1.52,34.40
260,74438799,-543.46,-867.19,57.13,-1.10,-0.61,0.43,34.50
261,74442848,-539.55,-861.33,61.04,-0.49,-1.34,-0.73,34.69
262,74446898,-540.53,-855.47,67.87,-0.43,-1.34,-2.32,34.50
263,74450955,-535.16,-855.96,69.34,-0.43,-1.59,-3.41,34.50
264,74455005,-538.09,-864.75,68.85,-0.55,-1.16,-4.51,34.40
265,74460799,-533.69,-866.21,65.92,-0.73,-1.52,-5.85,34.74
266,74464848,-524.90,-861.82,68.85,-0.91,-1.40,-6.65,34.21
267,74468898,-530.76,-873.54,62.50,-1.28,-1.65,-6.65,34.74
268,74472955,-528.32,-875.98,62.01,-0.98,-1.46,-6.52,34.36
269,74477005,-517.09,-868.65,61.04,-1.40,-1.28,-5.79,34.88
270,74482799,-518.55,-871.58,59.57,-1.46,-1.10,-4.09,34.36
271,74486848,-532.23,-898.93,52.73,-1.34,-0.79,-1.71,34.40
272,74490898,-513.18,-866.70,56.64,-0.85,-0.73,-0.55,34.50
273,74494955,-511.23,-868.16,48.83,-1.34,-0.43,1.65,34.40
274,74499005,-533.20,-888.18,43.95,-0.85,-0.12,4.02,34.55
275,74504799,-531.25,-882.32,49.32,-0.18,-0.37,5.67,34.55
276,74508848,-527.83,-853.03,53.71,-0.98,0.30,7.38,34.64
277,74512898,-540.04,-867.68,44.92,-1.16,0.06,7.99,34.69
278,74516955,-544.43,-870.61,54.69,-0.55,0.30,8.23,34.31
279,74521005,-539.55,-855.47,53.22,-1.16,0.37,8.17,34.69
280,74526799,-542.97,-857.91,44.43,-0.98,0.30,8.05,34.55
281,74530848,-558.11,-865.72,56.15,-0.73,-0.12,6.89,34.50
282,74534898,-543.46,-851.07,60.06,-0.91,-0.18,5.67,34.50
283,74538955,-546.39,-849.12,51.76,-1.28,-0.24,4.94,34.40
284,74543005,-561.04,-860.84,52.25,-0.73,-0.55,3.41,34.69
285,74548799,-562.01,-854.98,57.62,-0.30,-0.49,1.89,34.64
286,74552848,-556.15,-853.03,59.57,-0.43,-0.91,-0.85,34.55
287,74556898,-557.13,-852.54,67.38,-0.37,-1.34,-2.26,34.50
288,74560955,-550.78,-854.98,68.85,-0.30,-1.34,-4.02,34.64
289,74566799,-546.39,-851.56,68.36,-0.91,-1.16,-5.30,34.50
290,74570848,-542.48,-861.82,61.04,-1.10,-1.46,-5.98,34.16
291,74574898,-541.02,-859.86,65.43,-0.85,-1.52,-5.98,34.50
292,74578955,-531.74,-864.75,67.38,-0.79,-1.28,-5.91,34.50
293,74583005,-532.71,-868.65,65.43,-0.79,-1.28,-5.24,34.50
294,74587054,-531.25,-863.28,66.89,-0.91,-1.16,-4.27,34.64
295,74592799,-527.34,-865.72,66.89,-0.91,-0.85,-3.29,34.36
296,74596848,-526.37,-868.65,62.50,-1.04,-0.67,-1.95,34.40
297,74600898,-522.46,-861.33,60.55,-1.28,-0.73,-0.73,34.40
298,74604955,-526.37,-871.58,59.08,-0.85,-0.61,0.61,34.55
299,74610799,-528.81,-863.77,61.04,-0.98,-0.55,1.10,34.50
300,74614848,-538.57,-868.65,56.64,-0.98,-0.37,2.38,34.50
301,74618898,-533.20,-863.28,53.22,-1.04,-0.12,2.80,34.64
302,74622955,-533.20,-869.63,53.22,-1.34,-0.55,2.80,34.64
303,74627005,-536.13,-866.70,51.76,-0.91,-0.55,2.74,34.64
304,74632799,-528.32,-865.72,59.08,-0.85,-0.67,1.83,34.55
305,74636848,-543.46,-871.09,48.34,-0.79,-0.61,0.85,34.40
306,74640898,-535.16,-859.37,53.22,-0.91,-0.85,0.24,34.31
307,74644955,-535.16,-858.89,52.73,-0.79,-0.73,0.00,34.64
308,74649005,-537.60,-868.16,49.80,-0.85,-0.85,-0.43,34.64
309,74654799,-538.57,-870.61,56.15,-0.73,-1.10,-0.12,34.69
310,74658848,-539.06,-867.19,57.13,-0.61,-0.73,-0.12,34.31
311,74662898,-543.46,-861.82,59.57,-0.85,-0.85,0.24,34.64
312,74666955,-535.16,-864.26,60.55,-0.67,-0.79,0.73,34.50
313,74671005,-531.25,-858.89,62.99,-0.91,-0.49,1.59,34.31
314,74676799,-541.02,-864.26,59.57,-0.91,-0.55,2.32,34.55
315,74680848,-538.09,-857.42,63.48,-0.73,-0.43,3.23,34.40
316,74684898,-541.02,-859.86,63.96,-0.79,-0.55,3.35,34.50
317,74688955,-544.43,-864.75,63.48,-0.79,-0.30,3.23,34.50
318,74693005,-546.39,-861.82,60.55,-0.67,-0.43,2.99,34.40
319,74698799,-539.06,-853.03,64.94,-1.28,-0.61,2.32,34.40
320,74702848,-546.39,-858.89,53.71,-1.04,-0.55,1.59,34.64
321,74706898,-548.83,-861.33,56.15,-0.91,-0.73,1.04,34.50
322,74710955,-544.92,-856.93,59.08,-0.61,-0.79,0.00,34.21
323,74715005,-545.90,-860.84,54.20,-0.79,-0.67,-1.10,34.40
324,74720799,-551.27,-864.26,52.73,-0.91,-1.04,-1.83,34.40
325,74724848,-537.11,-857.91,54.69,-1.10,-1.04,-2.99,34.55
326,74728898,-531.25,-862.79,56.15,-1.10,-0.98,-2.99,34.40
327,74732955,-540.04,-867.19,57.62,-1.04,-1.34,-2.74,34.50
328,74737005,-541.02,-868.16,53.22,-0.79,-0.98,-2.38,34.55
329,74742799,-538.09,-859.86,58.11,-0.43,-0.79,-2.01,34.74
330,74746848,-533.20,-868.65,55.66,-0.73,-0.98,-1.16,34.50
331,74750898,-532.23,-868.65,58.59,-0.67,-0.98,-0.85,34.50
332,74754955,-528.32,-862.30,54.69,-0.79,-0.91,-0.24,34.21
333,74759005,-530.76,-867.68,54.69,-0.79,-0.79,0.00,34.55
334,74764799,-536.13,-872.07,56.64,-0.67,-0.98,0.55,34.64
335,74768848,-536.13,-865.72,58.59,-0.30,-0.61,0.55,34.74
336,74772898,-528.81,-866.70,63.96,-1.04,-0.67,0.24,34.40
337,74776955,-533.20,-870.61,60.06,-0.98,-0.67,0.06,34.40
338,74781005,-536.13,-865.72,60.06,-0.91,-0.73,-0.24,34.40
339,74786799,-526.37,-865.23,65.43,-0.91,-0.79,-0.24,34.50
340,74790848,-534.18,-870.12,58.59,-0.91,-0.67,0.30,34.55
341,74794898,-534.18,-873.54,62.50,-0.49,-0.73,0.12,34.40
342,74798955,-535.64,-866.21,64.94,-0.73,-0.85,0.43,34.50
343,74804799,-527.83,-863.28,65.92,-1.10,-0.73,0.67,34.50
344,74808848,-537.60,-867.68,58.59,-1.22,-0.37,1.28,34.69
345,74812898,-534.67,-863.28,56.64,-0.91,-0.30,2.32,34.36
346,74816955,-534.67,-861.82,54.20,-1.04,-0.18,2.68,34.64
347,74821005,-541.99,-861.33,56.15,-1.16,-0.37,3.54,34.31
348,74826799,-542.97,-863.77,52.25,-0.91,-0.30,3.96,34.64
349,74830848,-536.13,-854.49,58.59,-1.04,-0.06,4.39,34.55
350,74834898,-548.83,-859.37,52.73,-0.85,-0.24,3.78,34.40
351,74838955,-548.34,-854.00,53.71,-0.91,-0.30,2.99,34.40
352,74843005,-543.95,-854.00,49.32,-1.04,-0.73,1.95,34.69
353,74848799,-548.34,-855.47,48.83,-1.04,-0.91,0.73,34.64
354,74852848,-549.80,-864.75,53.22,-0.79,-1.04,-0.98,34.50
355,74856898,-543.46,-867.68,54.20,-0.67,-1.16,-2.07,34.74
356,74860955,-538.57,-855.47,53.22,-0.73,-1.28,-3.05,34.64
357,74865005,-540.04,-862.30,53.71,-0.73,-1.16,-3.78,34.31
358,74870799,-540.53,-865.23,54.69,-0.67,-1.16,-3.78,34.55
359,74874848,-529.79,-860.84,59.57,-0.79,-1.28,-3.84,34.36
360,74878898,-532.23,-869.63,60.06,-0.43,-1.34,-3.48,34.36
361,74882955,-535.64,-871.58,57.62,-0.67,-0.91,-2.93,34.40
362,74887005,-527.34,-864.75,63.96,-0.85,-0.98,-2.07,34.74
363,74892799,-530.76,-863.28,63.48,-0.91,-1.22,-1.83,34.74
364,74896848,-532.71,-869.14,63.96,-0.91,-0.98,-0.43,34.64
365,74900898,-528.81,-867.68,68.36,-1.04,-0.85,-0.12,34.40
366,74904955,-532.71,-866.21,67.38,-1.10,-0.85,0.55,34.64
367,74909005,-535.64,-870.61,62.50,-0.85,-0.61,1.40,34.69
368,74914799,-537.11,-869.14,63.48,-0.79,-0.30,1.77,34.64
369,74918848,-538.09,-861.33,59.57,-0.98,-0.37,2.01,34.64
370,74922898,-535.64,-868.16,58.59,-1.10,-0.61,2.26,34.40
371,74926955,-538.09,-868.16,63.48,-0.79,-0.37,2.07,34.31
372,74931005,-534.18,-863.77,56.64,-0.73,-0.55,1.77,34.50
373,74936799,-535.16,-862.30,57.13,-1.10,-0.43,1.65,34.50
374,74940848,-538.57,-871.09,52.73,-0.79,-0.37,1.77,34.50
375,74944898,-536.13,-863.77,53.71,-1.04,-0.73,1.83,34.64
376,74948955,-532.23,-863.28,59.08,-0.98,-0.43,1.89,34.50
377,74953005,-541.50,-868.65,46.87,-0.79,-0.12,2.32,34.40
378,74958799,-540.53,-866.21,51.76,-0.67,-0.43,2.38,34.50
379,74962848,-538.09,-855.96,54.20,-0.79,-0.37,2.62,34.64
380,74966898,-537.60,-859.86,52.25,-0.85,-0.55,2.68,34.69
381,74970955,-545.90,-864.75,48.34,-0.85,-0.55,2.44,34.31
382,74975005,-544.92,-859.86,56.64,-0.61,-0.30,1.77,34.40
383,74980799,-541.50,-859.86,54.20,-0.67,-0.61,1.34,34.64
384,74984848,-545.41,-865.23,54.20,-0.67,-1.04,0.73,34.74
385,74988898,-550.78,-861.33,55.18,-0.73,-0.73,0.00,34.40
386,74992955,-544.92,-857.91,55.66,-0.85,-0.79,-0.98,34.55
387,74997005,-540.53,-857.42,55.66,-0.73,-1.22,-1.59,34.21
388,75002799,-541.02,-865.72,60.06,-0.79,-1.04,-2.07,34.69
389,75006848,-537.11,-858.89,63.96,-0.73,-1.22,-2.80,34.31
390,75010898,-532.71,-859.86,57.62,-0.49,-1.16,-2.87,34.64
391,75014955,-533.20,-869.14,64.45,-0.79,-1.28,-3.05,34.50
392,75020799,-536.62,-866.21,63.96,-0.37,-1.40,-3.29,34.36
393,75024848,-529.79,-864.26,63.48,-0.79,-1.10,-2.74,34.64
394,75028898,-532.71,-864.75,63.96,-1.10,-0.91,-2.13,34.02
395,75032955,-531.25,-867.68,68.36,-0.61,-0.98,-1.71,34.55
396,75037005,-529.30,-867.19,65.92,-0.79,-0.79,-0.79,34.64
397,75042799,-527.83,-864.75,60.06,-0.91,-0.67,0.12,34.64
398,75046848,-539.55,-872.07,62.99,-0.85,-0.49,1.22,34.69
399,75050898,-531.74,-864.75,64.45,-0.85,-0.43,2.26,34.50
400,75054955,-531.25,-862.30,62.01,-0.91,-0.12,2.44,34.74
401,75059005,-536.62,-865.72,59.57,-0.79,-0.43,2.99,34.55
402,75064799,-535.16,-862.79,56.64,-0.91,-0.24,3.29,34.64
403,75068848,-535.64,-858.40,57.13,-1.10,-0.43,2.99,34.64
404,75072898,-544.92,-867.19,50.29,-0.91,-0.43,2.80,34.21
405,75076955,-542.97,-862.79,55.66,-1.04,-0.43,2.50,34.50
406,75081005,-539.06,-856.93,51.27,-0.98,-0.67,1.83,34.55
407,75086799,-538.57,-861.82,53.71,-0.85,-0.55,1.46,34.74
408,75090848,-542.48,-863.77,52.25,-0.79,-0.55,0.98,34.69
409,75094898,-542.48,-861.33,56.15,-0.85,-0.49,0.30,34.40
410,75098955,-542.48,-856.45,60.06,-0.61,-0.73,-0.06,34.36
411,75103005,-543.95,-863.77,52.25,-0.67,-0.73,-0.18,34.64
412,75108799,-541.50,-860.35,58.59,-0.49,-0.85,-0.30,34.69
413,75112848,-536.62,-856.45,62.01,-0.79,-0.85,-0.61,34.64
414,75116898,-537.60,-862.79,58.59,-0.91,-0.85,-0.61,34.55
415,75120955,-537.11,-856.45,56.64,-0.61,-0.98,-0.85,34.50
416,75125005,-539.06,-856.45,55.66,-0.73,-0.98,-0.79,34.31
417,75130799,-537.11,-860.35,60.55,-0.98,-1.16,-0.91,34.50
418,75134848,-538.57,-870.61,58.59,-0.91,-0.85,-0.98,34.64
419,75138898,-534.67,-860.35,59.08,-0.67,-0.79,-0.98,34.55
420,75142955,-533.69,-866.21,61.04,-0.79,-0.91,-0.85,34.40
421,75147005,-534.67,-869.63,58.11,-0.73,-0.91,-0.79,34.64
422,75152799,-535.64,-865.72,60.55,-0.79,-0.79,-1.10,34.64
423,75156848,-535.64,-864.75,60.06,-0.98,-0.91,-0.79,34.64
424,75160898,-535.16,-867.68,58.11,-0.91,-0.91,-0.85,34.40
425,75164955,-539.06,-867.68,58.59,-0.67,-1.10,-0.43,34.31
426,75169005,-534.18,-866.21,58.59,-0.98,-0.98,-0.37,34.50
427,75174799,-531.74,-863.77,59.08,-0.98,-0.85,0.00,34.50
428,75178848,-538.09,-871.09,56.64,-0.49,-0.61,0.55,34.69
429,75182898,-529.79,-866.70,54.69,-0.67,-0.67,0.91,34.50
430,75186955,-533.69,-859.37,60.06,-0.91,-0.79,1.04,34.64
431,75191005,-537.60,-866.21,61.04,-0.79,-0.67,1.28,34.50
432,75196799,-543.95,-869.63,55.18,-0.67,-0.55,1.77,34.64
433,75200848,-534.18,-860.84,59.08,-1.10,-0.30,1.89,34.64
434,75204898,-543.46,-863.77,61.04,-0.85,-0.61,2.20,34.40
435,75208955,-542.97,-864.75,57.62,-0.73,-0.55,2.20,34.64
436,75213005,-541.50,-862.79,59.57,-0.79,-0.55,1.83,34.40
437,75218799,-538.57,-863.28,55.66,-0.98,-0.30,2.01,34.40
438,75222848,-547.36,-865.23,54.20,-0.85,-0.79,1.77,34.36
439,75226898,-544.92,-862.79,57.13,-0.79,-0.49,1.40,34.64
440,75230955,-540.53,-859.86,59.57,-0.98,-0.55,0.79,34.50
441,75236799,-542.48,-863.77,52.25,-0.85,-0.43,0.55,34.36
442,75240848,-545.90,-857.91,58.59,-0.73,-0.85,-0.12,34.50
443,75244898,-543.46,-857.42,60.55,-0.85,-0.91,-0.43,34.50
444,75248955,-543.46,-859.86,59.08,-0.98,-0.85,-0.85,34.40
445,75253005,-541.99,-870.12,56.64,-0.67,-0.67,-1.16,34.64
446,75257054,-533.20,-862.79,58.59,-0.67,-0.73,-1.28,34.64
447,75262799,-528.32,-858.89,58.11,-1.04,-0.79,-1.52,34.50
448,75266848,-535.64,-864.75,58.59,-0.73,-0.73,-1.10,34.40
449,75270898,-538.57,-867.68,61.04,-0.67,-0.91,-1.10,34.64
450,75274955,-529.79,-862.30,55.66,-0.85,-0.85,-0.98,34.69
451,75280799,-533.69,-863.28,57.13,-0.85,-0.98,-0.61,34.50
452,75284848,-539.06,-865.23,57.13,-0.79,-0.73,-0.61,34.88
453,75288898,-536.13,-859.86,58.59,-1.10,-0.61,-0.37,34.40
454,75292955,-532.23,-861.82,58.59,-0.98,-0.79,-0.24,34.40
455,75297005,-538.09,-866.21,57.13,-0.79,-0.67,0.06,34.40
456,75302799,-533.69,-865.23,58.11,-0.79,-0.73,0.12,34.40
457,75306848,-529.30,-866.21,57.62,-0.73,-0.67,0.12,34.64
458,75310898,-534.67,-864.75,55.66,-0.91,-0.67,0.06,34.31
459,75314955,-531.74,-866.70,56.64,-0.91,-0.67,0.37,34.40
460,75319005,-532.71,-863.28,58.11,-0.61,-1.10,0.37,34.40
461,75324799,-537.60,-864.26,58.11,-0.61,-0.91,0.43,34.64
462,75328848,-535.64,-865.23,57.62,-0.79,-0.98,0.67,34.50
463,75332898,-535.16,-862.30,60.06,-0.79,-0.85,0.98,34.50
464,75336955,-533.69,-860.35,57.13,-0.61,-0.73,1.16,34.50
465,75341005,-541.02,-868.16,57.62,-0.61,-0.67,1.28,34.50
466,75346799,-539.06,-862.30,60.55,-0.79,-0.73,1.28,34.40
467,75350848,-541.02,-861.33,57.62,-0.79,-0.61,1.59,34.64
468,75354898,-540.04,-860.84,60.55,-0.79,-0.67,1.52,34.21
469,75358955,-545.41,-861.82,64.45,-0.73,-0.61,1.46,34.55
470,75363005,-542.97,-861.82,62.01,-0.85,-0.61,1.04,34.40
471,75368799,-544.43,-858.40,61.52,-1.04,-0.73,1.16,34.50
472,75372848,-547.85,-862.30,62.99,-0.98,-0.61,0.67,34.40
473,75376898,-541.50,-857.91,62.99,-0.79,-0.61,0.37,34.64
474,75380955,-540.04,-859.86,62.01,-1.10,-0.49,0.30,34.36
475,75385005,-544.43,-860.84,58.59,-0.79,-0.61,0.00,34.50
476,75390799,-542.97,-866.70,57.13,-0.73,-0.61,-0.24,34.55
477,75394848,-539.55,-859.37,62.50,-1.04,-0.67,-0.55,34.55
478,75398898,-542.48,-864.26,52.73,-0.91,-0.79,-0.55,34.36
479,75402955,-537.60,-865.72,53.71,-0.67,-0.91,-0.85,34.31
480,75407005,-530.27,-862.30,59.57,-1.10,-1.04,-0.73,34.64
481,75412799,-532.23,-865.23,53.71,-0.85,-0.73,-0.73,34.55
482,75416848,-536.13,-868.16,54.20,-0.98,-0.91,-0.79,34.31
483,75420898,-534.67,-861.82,56.15,-0.67,-0.85,-0.67,34.64
484,75424955,-536.62,-865.23,57.13,-0.67,-0.73,-0.61,34.21
485,75429005,-538.09,-868.16,49.80,-0.85,-0.91,-0.49,34.50
486,75434799,-536.13,-864.26,54.20,-0.61,-0.55,-0.18,34.50
487,75438848,-535.16,-860.84,58.11,-0.79,-0.98,-0.12,34.69
488,75442898,-537.60,-870.12,57.62,-0.85,-0.98,-0.12,34.31
489,75446955,-539.06,-875.00,59.57,-0.67,-0.43,-0.18,34.64
490,75451005,-529.30,-864.26,59.57,-1.04,-0.61,0.12,34.50
491,75456799,-535.16,-864.75,55.18,-0.85,-0.67,0.30,34.31
492,75460848,-540.53,-869.63,62.01,-0.73,-0.85,0.24,34.36
493,75464898,-534.67,-862.30,60.06,-0.49,-0.67,0.61,34.50
494,75468955,-537.11,-860.35,61.52,-0.85,-0.79,0.61,34.64
495,75474799,-541.50,-862.79,61.04,-0.85,-0.67,0.91,34.40
496,75478848,-540.04,-859.86,60.06,-0.79,-0.79,0.91,34.64
497,75482898,-533.20,-862.30,60.55,-0.73,-0.49,1.34,34.21
498,75486955,-540.04,-870.12,60.06,-0.91,-0.55,1.46,34.40
499,75491005,-541.02,-865.23,58.11,-0.67,-0.73,1.46,34.88
500,75496799,-534.67,-858.89,60.55,-0.98,-0.37,1.59,34.55
501,75500848,-537.11,-860.84,63.48,-0.98,-0.55,1.59,34.21
502,75504898,-545.41,-863.77,57.62,-0.73,-0.49,1.89,34.40
503,75508955,-544.43,-861.82,62.50,-0.79,-0.55,1.52,34.69
504,75513005,-538.57,-857.91,63.96,-0.91,-0.55,1.10,34.50
505,75518799,-544.43,-860.84,58.11,-0.79,-0.55,0.85,34.40
506,75522848,-543.95,-859.86,57.62,-0.73,-0.61,0.67,34.50
507,75526898,-538.09,-854.98,53.71,-0.98,-0.67,0.00,34.50
508,75530955,-539.55,-861.82,54.69,-0.85,-0.79,-0.06,34.55
509,75535005,-543.46,-866.70,55.66,-0.73,-0.85,-0.73,34.50
510,75540799,-540.53,-863.28,58.59,-0.55,-0.79,-1.16,34.40
511,75544848,-540.53,-858.40,56.64,-0.91,-1.04,-1.46,34.36
512,75548898,-543.46,-871.58,58.11,-0.67,-0.85,-1.16,34.64
513,75552955,-542.97,-865.23,56.64,-0.85,-0.79,-1.46,34.21
514,75557005,-531.25,-857.42,61.04,-0.91,-0.98,-1.22,34.40
515,75562799,-533.69,-860.84,56.64,-0.91,-1.04,-1.04,34.55
516,75566848,-537.11,-867.68,60.06,-0.79,-0.85,-1.04,34.64
517,75570898,-529.79,-859.86,57.62,-0.73,-0.79,-1.10,34.50
518,75574955,-535.16,-865.72,54.20,-0.79,-0.91,-0.79,34.40
519,75579005,-536.62,-868.65,59.57,-1.04,-1.04,-0.24,34.55
520,75584799,-535.64,-865.23,60.06,-0.85,-0.79,0.00,34.50
521,75588848,-527.83,-864.75,59.57,-1.10,-0.61,0.18,34.40
522,75592898,-532.23,-863.77,51.27,-0.85,-0.79,0.18,34.55
523,75596955,-536.13,-866.70,59.08,-0.85,-0.61,0.73,34.21
524,75601005,-533.69,-861.33,60.55,-1.10,-0.61,0.73,34.36
525,75606799,-531.74,-861.33,58.11,-1.04,-0.67,1.04,34.40
526,75610848,-536.62,-868.65,58.11,-0.67,-0.55,0.91,34.55
527,75614898,-534.67,-862.79,58.11,-0.67,-0.67,1.28,34.64
528,75618955,-533.69,-864.75,59.08,-0.85,-0.61,1.28,34.40
529,75623005,-535.16,-862.30,55.66,-0.91,-0.79,1.28,34.21
530,75628799,-543.95,-861.33,54.69,-0.67,-0.67,1.28,34.64
531,75632848,-533.69,-860.35,61.52,-0.91,-0.49,1.52,34.50
532,75636898,-541.50,-861.33,56.64,-0.91,-0.55,1.77,34.55
533,75640955,-539.55,-865.72,55.66,-0.91,-0.55,1.34,34.40
534,75645005,-538.09,-858.40,54.69,-0.85,-0.49,1.40,34.64
535,75650799,-532.71,-860.35,61.04,-1.04,-0.49,1.40,34.69
536,75654848,-542.48,-864.26,56.15,-0.73,-0.55,1.04,34.50
537,75658898,-540.53,-861.33,57.13,-0.79,-0.91,0.79,34.50
538,75662955,-539.06,-861.33,60.55,-1.10,-0.79,0.61,34.55
539,75667005,-539.55,-865.72,60.55,-0.79,-0.67,0.30,34.69
540,75672799,-542.97,-866.21,61.04,-0.85,-0.67,-0.12,34.50
541,75676848,-536.62,-856.93,59.57,-0.79,-0.79,-0.73,34.50
542,75680898,-541.02,-862.79,59.08,-0.73,-0.85,-0.73,34.69
543,75684955,-539.06,-865.23,61.52,-1.04,-0.79,-1.10,34.40
544,75690799,-534.67,-863.77,62.01,-0.73,-0.91,-1.22,34.64
545,75694848,-532.71,-866.21,62.50,-0.85,-0.91,-1.16,34.40
546,75698898,-541.02,-867.19,60.06,-1.04,-0.85,-1.34,34.40
547,75702955,-534.18,-864.75,59.57,-0.79,-0.91,-1.16,34.69
548,75707005,-536.13,-861.82,60.55,-1.16,-0.91,-1.04,34.36
549,75712799,-532.23,-865.72,62.50,-0.98,-0.91,-0.79,34.50
550,75716848,-535.64,-866.21,55.66,-0.98,-0.79,-0.61,34.88
551,75720898,-531.74,-860.35,57.62,-0.67,-0.91,-0.30,34.36
552,75724955,-531.74,-865.23,62.01,-0.79,-0.79,0.06,34.50
553,75729005,-537.11,-867.68,53.22,-0.85,-0.43,0.37,34.64
554,75734799,-535.64,-867.68,57.13,-0.79,-0.67,0.67,34.50
555,75738848,-532.71,-863.28,56.64,-0.67,-0.61,1.04,34.55
556,75742898,-538.09,-865.23,54.69,-0.67,-0.73,1.40,34.40
557,75746955,-533.69,-867.19,58.11,-0.61,-0.55,1.28,34.64
558,75751005,-534.18,-865.72,55.66,-1.10,-0.55,1.46,34.64
559,75756799,-537.11,-869.14,55.66,-0.67,-0.61,1.46,34.40
560,75760848,-539.55,-863.28,55.18,-0.79,-0.73,1.71,34.36
561,75764898,-535.16,-858.89,56.64,-0.85,-0.61,1.52,34.50
562,75768955,-536.13,-864.26,55.18,-0.85,-0.73,1.40,34.55
563,75773005,-543.46,-862.79,58.59,-0.55,-0.55,1.16,34.50
564,75778799,-540.04,-857.42,61.04,-0.79,-0.30,0.98,34.64
565,75782848,-541.02,-858.89,60.06,-1.04,-0.79,1.10,34.55
566,75786898,-536.62,-864.75,53.71,-0.85,-0.79,0.98,34.69
567,75790955,-538.09,-863.28,53.22,-0.61,-0.91,0.61,34.40
568,75795005,-539.55,-860.35,61.04,-0.91,-0.79,0.43,34.50
569,75800799,-540.04,-862.79,60.06,-0.79,-0.49,0.30,34.40
570,75804848,-543.95,-865.72,59.08,-0.61,-0.61,0.12,34.64
571,75808898,-537.60,-860.84,57.62,-0.85,-0.73,-0.18,34.36
572,75812955,-534.67,-856.45,65.43,-0.98,-0.79,0.06,34.31
573,75817005,-543.46,-865.23,59.57,-0.85,-0.85,-0.37,34.69
574,75822799,-541.50,-862.79,56.15,-0.67,-0.98,-0.30,34.40
575,75826848,-534.67,-860.35,59.08,-0.98,-0.91,-0.79,34.64
576,75830898,-539.55,-869.14,59.08,-0.79,-0.91,-0.55,34.55
577,75834955,-541.99,-867.68,56.15,-0.73,-0.73,-0.43,34.16
578,75839005,-533.20,-862.79,62.50,-0.79,-0.61,-0.61,34.64
579,75844799,-527.83,-861.82,57.62,-1.04,-0.67,-0.43,34.36
580,75848848,-537.11,-867.19,59.08,-0.67,-0.85,-0.24,34.64
581,75852898,-532.71,-862.79,57.13,-0.85,-0.79,-0.37,34.36
582,75856955,-534.18,-861.82,58.59,-1.16,-0.67,0.06,34.21
583,75861005,-539.06,-869.14,56.15,-0.55,-0.98,0.24,34.55
584,75866799,-541.02,-871.58,55.18,-0.85,-0.98,0.43,34.69
585,75870848,-535.64,-865.23,58.11,-0.98,-0.79,0.49,34.40
586,75874898,-534.18,-865.23,57.62,-1.10,-0.79,0.67,34.64
587,75878955,-539.06,-870.61,53.22,-0.55,-0.79,0.73,34.40
588,75883005,-537.11,-860.84,55.18,-0.79,-0.61,0.73,34.40
589,75888799,-529.79,-860.84,57.62,-0.91,-0.79,0.98,34.55
590,75892848,-539.55,-862.79,57.62,-0.61,-0.43,0.73,34.50
591,75896898,-536.13,-859.37,59.57,-0.61,-0.67,0.73,34.64
592,75900955,-532.71,-859.37,58.11,-0.91,-0.91,0.91,34.74
593,75906799,-539.06,-863.77,56.15,-0.79,-0.98,0.85,34.40
594,75910848,-537.11,-864.26,61.04,-0.67,-0.73,0.85,34.88
595,75914898,-535.16,-863.77,59.57,-0.79,-0.73,0.67,34.69
596,75918955,-537.60,-861.82,60.55,-1.16,-0.85,0.61,34.69
597,75923005,-542.97,-864.75,60.06,-0.67,-0.67,0.61,34.50
598,75928799,-536.62,-861.33,58.11,-0.85,-0.67,0.49,34.64
599,75932848,-534.67,-856.93,58.11,-1.04,-0.67,0.37,34.50
600,75936898,-538.57,-864.75,56.15,-0.61,-0.61,0.67,34.40
601,75940955,-541.50,-860.35,62.01,-0.85,-0.61,0.37,34.50
602,75945005,-532.23,-859.86,58.59,-0.85,-0.61,0.37,34.40
603,75950799,-536.62,-869.14,61.04,-1.04,-0.49,0.30,34.64
604,75954848,-542.48,-866.70,58.59,-0.37,-0.79,0.49,34.55
605,75958898,-539.55,-858.40,58.59,-0.85,-1.04,0.06,34.40
606,75962955,-534.67,-866.21,60.06,-1.10,-0.73,0.30,34.64
607,75967005,-543.46,-866.70,57.13,-0.73,-0.79,0.18,34.40
608,75972799,-538.57,-862.30,60.55,-0.73,-0.73,-0.12,34.55
609,75976848,-536.13,-861.82,58.11,-0.79,-0.67,-0.24,34.50
610,75980898,-538.09,-865.23,59.08,-1.10,-0.67,-0.18,34.40
611,75984955,-538.09,-866.21,56.15,-0.67,-0.73,-0.30,34.55
612,75989005,-532.71,-859.86,58.11,-1.04,-0.73,-0.43,34.64
613,75994799,-531.25,-863.77,55.18,-0.91,-0.73,-0.18,34.64
614,75998848,-538.09,-868.65,60.55,-0.79,-0.85,-0.18,34.40
615,76002898,-534.67,-868.16,59.57,-0.61,-0.61,-0.24,34.36
616,76006955,-532.71,-865.23,59.08,-0.98,-0.85,-0.12,34.40
617,76011005,-537.11,-867.68,56.15,-0.85,-0.79,0.12,34.64
618,76016799,-534.18,-869.14,55.18,-0.91,-0.73,0.06,34.64
619,76020848,-533.69,-860.84,61.04,-0.79,-0.79,0.12,34.55
620,76024898,-537.60,-870.12,60.06,-1.04,-0.55,0.18,34.55
621,76028955,-537.60,-867.68,57.13,-0.85,-0.85,0.55,34.50
622,76033005,-535.16,-862.30,62.01,-0.61,-0.61,0.79,34.55
623,76038799,-536.13,-863.77,58.59,-0.91,-0.61,0.61,34.64
624,76042848,-544.92,-866.70,61.52,-0.67,-0.73,0.79,34.64
625,76046898,-538.09,-862.79,57.62,-0.79,-0.55,0.85,34.55
626,76050955,-533.69,-859.37,58.11,-0.79,-0.55,0.67,34.21
627,76055005,-537.60,-866.70,59.08,-0.79,-0.73,0.73,34.50
628,76060799,-536.13,-869.63,62.99,-0.55,-0.61,0.67,34.55
629,76064848,-536.13,-860.35,63.48,-0.73,-0.73,0.37,34.40
630,76068898,-536.62,-861.33,57.13,-0.91,-0.61,0.55,34.64
631,76072955,-539.55,-867.68,60.55,-0.91,-0.67,0.49,34.36
632,76077005,-541.02,-864.75,60.06,-0.91,-0.79,0.49,34.55
633,76082799,-537.60,-866.21,61.04,-0.79,-0.73,0.30,34.64
634,76086848,-536.13,-865.23,51.76,-0.73,-0.73,0.18,34.55
635,76090898,-536.62,-866.70,57.13,-0.98,-0.79,0.43,34.64
636,76094955,-540.04,-861.33,61.52,-0.79,-0.67,0.18,34.50
637,76099005,-533.20,-866.70,63.48,-0.79,-0.55,0.12,34.69
638,76104799,-537.60,-868.16,60.55,-0.79,-0.61,0.06,34.69
639,76108848,-533.20,-858.40,57.13,-0.73,-0.61,-0.06,34.55
640,76112898,-535.64,-864.26,58.11,-0.79,-0.79,-0.12,34.55
641,76116955,-541.50,-865.72,55.18,-0.85,-0.91,-0.12,34.40
642,76122799,-537.11,-864.26,59.08,-0.73,-0.73,-0.18,34.31
643,76126848,-532.23,-863.77,56.15,-0.98,-0.73,0.00,34.40
644,76130898,-539.55,-867.68,58.11,-0.91,-0.55,-0.06,34.69
645,76134955,-535.16,-864.75,57.62,-0.73,-0.61,0.12,34.40
646,76139005,-533.69,-859.37,59.08,-0.67,-0.73,0.30,34.64
647,76143054,-541.02,-864.26,61.04,-0.98,-0.61,0.12,34.40
648,76148799,-536.13,-870.12,59.57,-0.85,-0.73,0.24,34.50
649,76152848,-532.71,-860.84,61.04,-0.85,-0.61,0.55,34.40
650,76156898,-536.62,-862.79,58.11,-0.98,-0.73,0.61,34.50
651,76160955,-539.55,-863.77,59.57,-0.91,-0.61,0.61,34.40
652,76166799,-537.11,-861.82,57.62,-0.79,-0.73,0.79,34.50
653,76170848,-536.13,-857.91,60.06,-1.04,-0.73,0.61,34.64
654,76174898,-540.53,-865.72,60.06,-0.73,-0.79,0.85,34.40
655,76178955,-536.13,-863.77,62.50,-0.85,-0.61,0.85,34.50
656,76183005,-538.57,-859.37,58.11,-0.79,-1.04,0.61,34.74
657,76188799,-538.09,-858.89,53.22,-0.85,-0.79,0.85,34.69
658,76192848,-542.97,-861.82,60.55,-0.98,-0.79,0.73,34.55
659,76196898,-535.64,-854.98,62.01,-0.98,-0.37,0.43,34.64
660,76200955,-536.13,-855.47,58.59,-0.85,-0.73,0.55,34.64
661,76205005,-540.04,-863.77,57.13,-0.85,-0.67,0.49,34.64
662,76210799,-537.60,-864.26,60.06,-0.67,-0.55,0.43,34.50
663,76214848,-537.11,-860.84,57.62,-0.98,-0.67,0.24,34.83
664,76218898,-541.50,-863.28,60.06,-0.79,-0.67,0.12,34.50
665,76222955,-540.04,-869.63,57.13,-0.85,-0.73,0.00,34.64
666,76227005,-534.67,-860.35,58.11,-0.79,-0.85,-0.06,34.55
667,76232799,-535.64,-862.79,60.06,-1.16,-0.85,-0.24,34.64
668,76236848,-540.04,-869.14,58.59,-0.55,-0.79,-0.18,34.55
669,76240898,-531.25,-860.35,62.01,-0.49,-0.79,-0.18,34.64
670,76244955,-533.69,-860.35,57.13,-1.04,-0.73,-0.49,34.36
671,76249005,-540.04,-864.26,62.01,-0.79,-0.73,-0.06,34.69
672,76254799,-535.64,-868.65,61.52,-0.73,-0.61,0.00,34.50
673,76258848,-533.20,-861.33,61.04,-0.85,-0.61,-0.12,34.50
674,76262898,-537.11,-866.70,59.57,-0.85,-0.61,-0.06,34.64
675,76266955,-537.11,-866.70,59.57,-0.55,-0.55,-0.06,34.36
676,76271005,-536.13,-856.45,62.50,-0.79,-0.73,0.12,34.64
677,76276799,-532.71,-857.91,57.62,-0.79,-0.55,0.30,34.64
678,76280848,-541.02,-869.63,60.06,-0.91,-0.67,0.12,34.74
679,76284898,-535.16,-861.82,61.52,-0.98,-0.61,-0.12,34.83
680,76288955,-533.69,-861.33,60.55,-1.10,-0.67,0.18,34.69
681,76293005,-534.18,-870.61,56.64,-0.91,-0.79,0.18,34.64
682,76298799,-535.16,-866.21,56.64,-0.91,-0.67,0.37,34.64
683,76302848,-535.64,-860.84,58.11,-0.79,-0.79,0.30,34.55
684,76306898,-535.64,-864.75,58.11,-0.79,-0.61,0.79,34.50
685,76310955,-541.50,-863.77,57.13,-0.79,-0.43,0.55,34.40
686,76315005,-537.60,-860.84,56.64,-1.10,-0.67,0.67,34.64
687,76320799,-534.67,-858.40,59.08,-1.10,-0.85,0.55,34.64
688,76324848,-539.06,-865.72,54.69,-0.91,-0.55,0.49,34.69
689,76328898,-541.02,-864.26,54.69,-0.61,-0.73,0.06,34.69
690,76332955,-540.53,-856.45,59.57,-0.91,-0.43,0.24,34.55
691,76337005,-536.13,-863.77,52.73,-1.34,-0.91,0.24,34.55
692,76342799,-535.16,-865.23,56.64,-0.73,-0.67,0.30,34.64
693,76346848,-535.64,-858.40,62.50,-0.85,-0.67,0.37,34.40
694,76350898,-533.20,-861.82,57.13,-1.10,-0.61,0.43,34.50
695,76354955,-536.13,-867.19,59.57,-1.04,-0.73,0.18,34.55
696,76360799,-538.57,-863.77,56.64,-0.91,-0.61,0.18,34.64
697,76364848,-533.69,-862.79,64.45,-0.98,-0.61,0.06,34.40
698,76368898,-536.62,-864.75,63.48,-0.85,-0.98,-0.37,34.40
699,76372955,-535.64,-862.30,59.08,-0.73,-0.85,-0.55,34.69
700,76377005,-536.62,-861.82,63.48,-0.91,-0.61,-0.49,34.64
701,76382799,-533.69,-864.75,56.64,-1.10,-0.91,-0.49,34.83
702,76386848,-539.06,-866.70,57.62,-0.67,-0.79,-0.43,34.50
703,76390898,-535.16,-861.82,61.04,-0.79,-0.98,-0.49,34.40
704,76394955,-537.11,-860.84,63.48,-0.91,-0.91,-0.24,34.64
705,76399005,-535.16,-866.70,59.08,-1.04,-0.91,0.00,34.40
706,76404799,-537.11,-865.23,55.66,-0.91,-0.49,0.37,34.31
707,76408848,-535.64,-863.28,61.52,-0.67,-0.73,0.85,34.64
708,76412898,-538.57,-867.19,57.62,-0.85,-0.67,1.22,34.21
709,76416955,-540.53,-865.23,60.55,-0.98,-0.61,1.10,34.55
710,76421005,-535.64,-860.35,57.62,-0.73,-0.61,1.40,34.50
711,76426799,-536.13,-864.26,56.64,-0.73,-0.67,1.65,34.64
712,76430848,-540.04,-862.79,58.11,-0.91,-0.43,1.40,34.50
713,76434898,-534.67,-860.84,57.62,-0.79,-0.37,1.34,34.69
714,76438955,-536.62,-866.21,56.64,-0.79,-0.55,1.40,34.50
715,76443005,-541.99,-863.28,58.11,-0.91,-0.55,1.22,34.40
716,76448799,-534.67,-861.33,56.64,-0.91,-0.67,0.79,34.40
717,76452848,-538.57,-863.77,61.04,-1.04,-0.55,0.67,34.69
718,76456898,-537.60,-865.72,55.66,-0.91,-0.73,0.67,34.50
719,76460955,-538.09,-860.35,57.62,-0.73,-0.55,0.43,34.64
720,76465005,-536.62,-860.84,58.11,-0.91,-0.67,0.37,34.50
721,76470799,-538.09,-861.82,60.06,-0.73,-0.79,0.49,34.36
722,76474848,-537.11,-863.77,57.13,-0.55,-0.85,0.30,34.74
723,76478898,-538.57,-861.82,59.57,-0.67,-0.79,0.12,34.50
724,76482955,-536.13,-858.40,59.57,-0.55,-0.73,0.43,34.50
725,76487005,-539.06,-867.68,57.13,-0.79,-0.79,0.24,34.69
726,76492799,-537.60,-864.75,58.11,-0.67,-0.55,0.12,34.50
727,76496848,-535.64,-857.42,58.59,-0.49,-0.79,-0.06,34.69
728,76500898,-542.48,-869.14,58.59,-0.85,-0.55,-0.18,34.83
729,76504955,-544.43,-869.14,56.15,-0.91,-0.79,-0.30,34.64
730,76509005,-536.13,-859.86,57.62,-0.55,-0.61,-0.37,34.74
731,76514799,-536.62,-858.40,54.69,-0.91,-0.67,-0.18,34.50
732,76518848,-538.57,-867.68,57.62,-0.73,-0.73,0.06,34.50
733,76522898,-539.55,-861.82,58.59,-0.67,-0.79,-0.12,34.74
734,76526955,-539.06,-861.33,59.57,-0.85,-0.79,0.24,34.36
735,76531005,-532.71,-866.70,63.48,-0.91,-0.79,0.18,34.69
736,76536799,-536.13,-865.72,59.08,-0.79,-0.79,0.12,34.64
737,76540848,-534.18,-858.40,60.55,-0.79,-0.67,0.30,34.64
738,76544898,-536.62,-866.70,55.66,-0.79,-0.73,0.30,34.55
739,76548955,-538.57,-863.77,62.50,-0.55,-0.49,0.61,34.50
740,76553005,-535.64,-860.84,61.04,-0.67,-0.55,0.43,34.40
741,76558799,-535.16,-857.42,58.11,-1.34,-0.49,0.49,34.21
742,76562848,-539.55,-865.72,59.08,-0.67,-0.73,0.85,34.50
743,76566898,-533.20,-860.84,61.04,-0.67,-0.55,0.67,34.64
744,76570955,-530.27,-857.42,54.20,-0.91,-0.79,0.79,34.64
745,76576799,-533.69,-866.70,56.64,-0.85,-0.79,0.73,34.36
746,76580848,-540.53,-864.75,61.04,-0.79,-0.85,0.73,34.55
747,76584898,-536.13,-862.79,61.04,-0.91,-0.55,0.61,34.40
748,76588955,-540.53,-862.30,55.66,-1.10,-0.73,0.61,34.64
749,76593005,-542.48,-869.63,63.48,-1.10,-0.79,0.55,34.64
750,76598799,-537.60,-865.72,57.13,-0.79,-0.67,0.61,34.64
751,76602848,-536.62,-858.40,57.13,-0.79,-0.55,0.67,34.69
752,76606898,-537.60,-864.26,53.22,-0.73,-0.73,0.49,34.50
753,76610955,-535.64,-859.37,58.11,-0.79,-0.55,0.24,34.40
754,76615005,-532.71,-856.45,56.64,-0.85,-0.67,0.49,34.64
755,76620799,-543.46,-863.77,58.59,-0.85,-0.61,0.73,34.40
756,76624848,-538.09,-866.70,60.06,-0.73,-0.85,0.43,34.69
757,76628898,-531.25,-859.86,59.57,-1.16,-0.61,0.55,34.69
758,76632955,-532.71,-864.75,55.66,-1.16,-0.98,0.55,34.36
759,76637005,-541.02,-863.77,59.57,-0.98,-0.55,0.73,34.69
760,76642799,-539.55,-859.37,55.66,-0.79,-0.61,0.91,34.50
761,76646848,-538.57,-860.84,60.06,-0.98,-0.91,0.61,34.74
762,76650898,-539.55,-865.72,55.66,-0.67,-0.79,0.30,34.50
763,76654955,-540.53,-863.77,60.55,-0.85,-0.79,0.06,34.69
764,76659005,-538.09,-860.84,56.64,-0.98,-0.79,-0.06,34.40
765,76664799,-540.53,-859.37,56.64,-0.73,-0.73,-0.12,34.50
766,76668848,-544.92,-862.79,57.62,-0.61,-0.73,-0.49,34.74
767,76672898,-534.67,-862.79,59.08,-0.73,-0.79,-0.43,34.64
768,76676955,-533.20,-862.30,59.57,-0.98,-1.04,-0.43,34.64
769,76681005,-536.62,-870.61,62.99,-0.85,-0.79,-0.43,34.74
770,76686799,-535.64,-865.23,57.13,-0.67,-0.67,-0.24,34.50
771,76690848,-535.16,-863.77,64.45,-0.67,-0.73,-0.24,34.74
772,76694898,-537.60,-863.77,63.48,-0.91,-0.73,-0.18,34.64
773,76698955,-535.64,-863.28,60.06,-0.98,-0.49,0.06,34.64
774,76703005,-528.81,-854.98,59.08,-0.85,-0.61,0.06,34.55
775,76708799,-536.13,-867.68,61.52,-1.04,-0.67,0.43,34.69
776,76712848,-536.13,-868.65,59.57,-0.73,-0.61,0.55,34.50
777,76716898,-535.64,-860.84,60.06,-0.98,-0.73,0.79,34.50
778,76720955,-536.62,-860.84,61.52,-0.79,-0.67,1.40,34.36
779,76725005,-541.02,-864.26,60.06,-0.79,-0.49,1.28,34.50
780,76730799,-540.04,-857.91,56.15,-0.73,-0.67,1.16,34.55
781,76734848,-533.69,-857.91,59.08,-0.73,-0.55,1.16,34.36
782,76738898,-539.06,-869.14,55.66,-0.55,-0.91,1.04,34.64
783,76742955,-541.50,-861.33,58.11,-0.67,-0.49,0.79,34.40
784,76747005,-536.62,-861.33,59.57,-0.79,-0.85,0.61,34.64
785,76752799,-538.57,-860.84,55.66,-0.85,-0.79,0.55,34.55
786,76756848,-543.95,-869.14,56.15,-0.67,-0.61,0.30,34.69
787,76760898,-538.57,-860.35,56.15,-0.55,-0.55,0.43,34.55
788,76764955,-537.11,-859.37,56.64,-0.79,-0.67,0.55,34.40
789,76769005,-539.55,-866.21,57.13,-0.67,-0.73,0.43,34.40
790,76774799,-539.55,-864.26,58.59,-0.61,-0.85,-0.06,34.50
791,76778848,-536.62,-856.93,58.11,-0.79,-0.91,-0.12,34.69
792,76782898,-539.06,-865.23,54.69,-0.85,-0.98,-0.12,34.69
793,76786955,-537.60,-862.79,61.52,-0.67,-0.79,-0.37,34.64
794,76792799,-535.16,-860.35,62.01,-0.98,-0.79,-0.49,34.40
795,76796848,-540.04,-863.77,60.06,-0.91,-0.91,-0.79,34.50
796,76800898,-543.46,-863.77,57.62,-0.98,-0.73,-0.73,34.40
797,76804955,-535.16,-862.79,59.08,-0.73,-0.85,-0.91,34.64
798,76809005,-529.79,-865.72,61.04,-0.91,-0.85,-0.61,34.50
799,76813054,-538.57,-867.19,58.11,-0.73,-0.91,-0.67,34.50
800,76818799,-534.67,-867.19,57.13,-0.79,-0.85,-0.49,34.31
801,76822848,-530.76,-862.79,58.11,-0.91,-0.79,-0.12,34.40
802,76826898,-535.64,-865.23,58.59,-0.85,-0.67,0.06,34.55
803,76830955,-537.11,-864.75,57.62,-1.04,-0.67,0.24,34.50
804,76836799,-532.23,-859.37,62.01,-0.85,-0.73,0.49,34.50
805,76840848,-530.27,-861.82,55.18,-1.04,-0.67,0.73,34.36
806,76844898,-537.60,-865.72,57.13,-0.73,-1.04,0.73,34.36
807,76848955,-537.11,-865.23,60.06,-0.98,-0.49,1.22,34.50
808,76853005,-535.16,-860.84,58.11,-0.85,-0.49,1.22,34.64
809,76858799,-533.20,-863.77,60.06,-0.73,-0.49,1.22,34.69
810,76862848,-536.13,-860.84,61.04,-0.85,-0.67,1.22,34.50
811,76866898,-535.16,-865.72,60.06,-1.10,-0.55,0.98,34.31
812,76870955,-537.11,-864.75,57.13,-0.98,-0.49,0.91,34.74
813,76875005,-537.11,-867.19,56.15,-0.79,-0.73,0.61,34.55
814,76880799,-541.02,-863.28,59.57,-0.67,-0.91,0.55,34.64
815,76884848,-537.60,-864.26,59.57,-0.85,-0.67,0.49,34.64
816,76888898,-539.06,-861.33,53.22,-0.73,-0.67,0.61,34.64
817,76892955,-537.11,-865.23,58.11,-0.67,-0.61,0.55,34.55
818,76897005,-535.64,-862.30,61.04,-1.10,-0.79,0.61,34.50
819,76902799,-536.62,-861.82,58.59,-0.85,-0.49,0.61,34.21
820,76906848,-534.67,-859.37,62.01,-0.98,-0.55,0.67,34.55
821,76910898,-538.57,-858.40,57.62,-0.73,-0.43,0.55,34.40
822,76914955,-541.50,-866.70,59.57,-0.85,-0.85,0.73,34.64
823,76919005,-536.13,-865.23,56.64,-0.73,-0.73,0.61,34.50
824,76924799,-534.18,-856.93,60.55,-0.79,-0.91,0.49,34.50
825,76928848,-536.62,-864.26,56.15,-0.85,-0.91,0.49,34.69
826,76932898,-539.55,-860.84,60.06,-0.67,-0.67,0.49,34.64
827,76936955,-538.57,-860.84,60.55,-0.61,-0.67,-0.12,34.31
828,76941005,-538.09,-863.77,58.59,-0.98,-0.98,-0.30,34.50
829,76946799,-544.43,-862.30,57.13,-1.10,-0.73,-0.61,34.50
830,76950848,-540.53,-863.28,62.01,-0.61,-0.73,-0.55,34.50
831,76954898,-536.62,-860.84,60.55,-0.85,-0.73,-0.43,34.50
832,76958955,-541.50,-866.70,57.62,-1.10,-0.91,-0.37,34.50
833,76963005,-540.53,-864.75,59.08,-0.67,-0.85,-0.49,34.64
834,76968799,-534.67,-861.82,61.52,-0.79,-0.91,-0.18,34.40
835,76972848,-536.62,-866.70,58.59,-0.73,-0.98,-0.18,34.64
836,76976898,-538.09,-864.75,57.13,-0.91,-0.85,-0.37,34.40
837,76980955,-540.53,-862.79,59.57,-0.73,-0.85,-0.06,34.50
838,76985005,-536.62,-860.84,58.59,-0.98,-0.85,0.12,34.55
839,76990799,-540.53,-865.23,57.62,-0.79,-0.67,0.18,34.40
840,76994848,-532.71,-864.26,59.57,-0.61,-0.61,0.18,34.64
841,76998898,-532.71,-857.42,59.57,-0.73,-0.55,0.49,34.64
842,77002955,-539.55,-862.79,61.52,-0.85,-0.91,0.79,34.21
843,77007005,-540.04,-864.26,56.15,-0.91,-0.61,0.91,34.40
844,77012799,-535.16,-861.33,63.48,-0.79,-0.49,1.04,34.21
845,77016848,-540.04,-865.23,57.62,-0.85,-0.73,1.40,34.50
846,77020898,-540.04,-864.75,58.59,-0.61,-0.55,1.40,34.50
847,77024955,-541.50,-858.89,58.59,-0.79,-0.55,1.10,34.64
848,77030799,-536.62,-860.35,59.08,-0.91,-0.67,0.91,34.36
849,77034848,-538.09,-866.21,58.59,-0.85,-0.61,0.79,34.36
850,77038898,-540.53,-862.79,58.11,-0.73,-0.49,0.43,34.21
851,77042955,-534.18,-862.30,60.55,-0.91,-0.73,0.37,34.64
852,77047005,-535.16,-860.84,55.18,-0.91,-0.79,0.24,34.50
853,77052799,-542.97,-864.75,61.04,-0.79,-0.79,-0.06,34.31
854,77056848,-533.20,-860.84,57.62,-0.85,-0.79,-0.24,34.50
855,77060898,-537.60,-868.65,56.15,-1.16,-0.67,-0.24,34.31
856,77064955,-541.99,-866.70,53.22,-0.85,-0.73,-0.37,34.74
857,77069005,-535.64,-863.77,58.59,-0.61,-0.73,0.00,34.55
858,77074799,-534.67,-861.33,58.11,-0.61,-0.67,0.18,34.64
859,77078848,-540.04,-865.72,56.15,-0.67,-0.73,0.55,34.69
860,77082898,-539.06,-864.75,60.55,-0.55,-0.85,0.55,34.21
861,77086955,-537.11,-861.33,56.15,-0.79,-0.67,0.61,34.40
862,77091005,-537.11,-866.70,60.55,-1.16,-0.79,0.91,34.64
863,77096799,-541.02,-869.14,60.06,-0.73,-0.67,1.04,34.50
864,77100848,-538.57,-862.79,60.06,-0.55,-0.67,1.04,34.64
865,77104898,-540.53,-863.28,57.62,-1.10,-0.37,0.98,34.40
866,77108955,-540.53,-869.14,60.06,-0.85,-0.55,0.61,34.40
867,77113005,-540.53,-860.35,60.06,-0.73,-0.73,0.49,34.36
868,77118799,-531.74,-860.84,57.62,-0.73,-0.91,0.18,34.64
869,77122848,-536.13,-867.68,59.57,-0.98,-0.91,-0.12,34.36
870,77126898,-539.55,-867.19,57.13,-0.85,-0.85,-0.24,34.69
871,77130955,-534.67,-856.45,62.50,-0.85,-0.67,-0.43,34.50
872,77135005,-532.71,-860.35,59.57,-0.73,-0.67,-0.37,34.50
873,77140799,-539.06,-861.33,60.06,-0.85,-0.85,-0.37,34.50
874,77144848,-536.62,-861.33,62.01,-0.91,-0.61,0.00,34.50
875,77148898,-532.71,-864.26,62.01,-0.91,-0.61,0.00,34.55
876,77152955,-541.50,-865.23,57.62,-0.73,-0.67,0.06,34.21
877,77157005,-541.99,-860.84,60.55,-0.67,-0.61,0.43,34.50
878,77162799,-537.60,-858.89,55.18,-0.61,-0.98,0.37,34.64
879,77166848,-537.11,-863.28,55.18,-1.16,-0.61,0.30,34.55
880,77170898,-538.57,-865.72,58.11,-1.04,-0.79,0.55,34.50
881,77174955,-534.18,-863.28,58.11,-1.10,-0.98,0.49,34.50
882,77179005,-535.64,-861.82,62.99,-0.98,-0.61,0.61,34.50
883,77184799,-535.64,-865.23,58.59,-0.73,-0.73,0.55,34.64
884,77188848,-537.60,-859.37,59.57,-0.85,-0.67,0.30,34.40
885,77192898,-534.18,-865.23,59.57,-0.73,-0.55,0.30,34.64
886,77196955,-540.53,-868.16,56.15,-0.85,-0.61,0.06,34.31
887,77201005,-541.02,-860.84,56.15,-0.79,-0.79,-0.18,34.74
888,77206799,-535.16,-860.84,57.62,-1.04,-0.91,-0.37,34.64
889,77210848,-540.04,-863.77,57.62,-0.91,-0.79,-0.18,34.64
890,77214898,-535.16,-864.26,56.64,-1.04,-0.73,-0.37,34.50
891,77218955,-532.71,-859.86,59.08,-0.49,-0.91,-0.43,34.55
892,77223005,-535.16,-861.82,57.62,-0.73,-0.85,-0.43,34.50
893,77228799,-538.57,-867.19,58.11,-0.85,-0.85,-0.24,34.36
894,77232848,-531.25,-861.82,56.15,-0.85,-0.79,0.12,34.36
895,77236898,-532.23,-856.45,56.15,-1.04,-0.79,0.06,34.74
896,77240955,-540.04,-868.65,58.11,-0.73,-0.67,0.18,34.50
897,77246799,-537.60,-866.21,60.55,-0.79,-0.67,0.55,34.31
898,77250848,-529.79,-860.84,65.43,-1.10,-0.67,0.61,34.50
899,77254898,-535.64,-862.30,60.55,-0.91,-0.73,0.67,34.36
900,77258955,-541.02,-866.21,60.55,-0.73,-0.61,0.85,34.40
901,77263005,-536.13,-860.84,58.11,-0.91,-0.73,0.67,34.55
902,77268799,-533.69,-862.30,60.55,-0.79,-0.55,0.79,34.64
903,77272848,-542.48,-864.75,61.52,-0.43,-0.67,0.85,34.40
904,77276898,-533.69,-859.86,58.11,-0.85,-0.61,0.61,34.36
905,77280955,-534.67,-860.35,61.52,-0.91,-0.67,0.55,34.50
906,77285005,-534.18,-865.72,60.55,-0.91,-0.67,0.67,34.40
907,77290799,-540.53,-866.70,59.08,-0.79,-0.85,0.67,34.55
908,77294848,-534.67,-861.82,59.08,-0.91,-0.55,0.61,34.50
909,77298898,-539.55,-861.33,58.11,-0.85,-0.30,0.79,34.31
910,77302955,-541.50,-866.70,59.57,-0.79,-0.79,0.73,34.74
911,77307005,-538.57,-858.89,60.06,-0.79,-0.43,0.73,34.64
912,77312799,-536.62,-853.52,57.13,-1.04,-0.91,0.67,34.36
913,77316848,-536.13,-862.79,56.64,-0.85,-0.67,0.30,34.50
914,77320898,-536.13,-860.84,53.71,-0.73,-0.49,0.18,34.50
915,77324955,-532.23,-858.40,56.15,-0.79,-0.61,-0.06,34.50
916,77329005,-539.06,-865.72,59.57,-0.67,-0.43,0.06,34.40
917,77334799,-541.99,-866.70,60.06,-0.73,-1.04,-0.12,34.50
918,77338848,-531.74,-861.82,61.52,-0.91,-0.85,-0.12,34.74
919,77342898,-541.02,-863.77,62.01,-0.98,-0.61,-0.18,34.36
920,77346955,-543.46,-865.23,59.08,-0.67,-0.85,-0.12,34.55
921,77351005,-541.02,-864.75,59.57,-0.85,-0.79,-0.24,34.88
922,77356799,-531.25,-862.79,62.01,-1.04,-0.67,-0.43,34.40
923,77360848,-536.13,-864.26,61.52,-0.79,-0.79,-0.18,34.64
924,77364898,-538.09,-865.72,57.62,-0.61,-0.61,-0.37,34.40
925,77368955,-537.60,-858.40,60.55,-0.79,-0.67,-0.12,34.21
926,77373005,-537.11,-865.23,60.06,-1.10,-0.85,0.24,34.64
927,77378799,-539.55,-862.79,57.13,-0.79,-0.43,0.61,34.64
928,77382848,-537.60,-859.37,57.62,-0.85,-0.37,0.79,34.64
929,77386898,-537.60,-862.79,60.06,-0.98,-0.61,1.04,34.50
930,77390955,-543.95,-866.21,62.50,-0.85,-0.73,0.98,34.50
931,77395005,-538.57,-865.72,55.66,-0.73,-0.49,0.98,34.50
932,77400799,-538.57,-864.75,56.15,-0.91,-0.55,0.91,34.64
933,77404848,-541.99,-865.72,58.11,-0.61,-0.85,0.67,34.36
934,77408898,-537.60,-865.72,58.11,-0.85,-0.91,-0.06,34.55
935,77412955,-535.64,-857.42,64.94,-0.67,-0.73,-0.30,34.31
936,77417005,-540.53,-861.82,59.57,-0.79,-0.91,-0.49,34.50
937,77422799,-541.02,-867.19,62.99,-0.98,-1.10,-0.79,34.83
938,77426848,-535.16,-863.77,61.52,-0.73,-1.22,-0.85,34.50
939,77430898,-532.23,-861.82,57.62,-1.04,-0.85,-0.79,34.50
940,77434955,-538.09,-868.65,61.52,-0.73,-0.37,-0.55,34.50
941,77439005,-534.18,-862.79,61.04,-0.73,-0.79,-0.06,34.50
942,77444799,-529.79,-858.40,59.08,-0.79,-0.43,0.18,34.40
943,77448848,-531.74,-867.19,59.08,-0.67,-0.85,0.67,34.36
944,77452898,-538.09,-865.72,60.06,-0.79,-0.55,0.85,34.55
945,77456955,-537.60,-860.84,58.59,-0.85,-0.55,1.10,34.69
946,77462799,-533.20,-861.33,61.04,-0.98,-0.49,1.34,34.50
947,77466848,-534.67,-864.75,57.13,-1.10,-0.43,1.16,34.21
948,77470898,-537.60,-866.21,62.50,-1.10,-0.49,1.16,34.64
949,77474955,-542.48,-863.28,62.50,-0.91,-0.67,1.22,34.40
950,77479005,-535.16,-860.84,57.62,-0.85,-0.67,0.67,34.40
951,77483054,-537.11,-860.35,58.11,-0.85,-0.85,0.49,34.64
952,77488799,-542.48,-854.49,56.64,-1.04,-0.79,0.30,34.64
953,77492848,-538.09,-864.26,56.15,-1.04,-0.73,0.18,34.50
954,77496898,-538.09,-863.77,55.66,-0.73,-0.43,0.06,34.74
955,77500955,-533.69,-861.33,60.06,-0.85,-0.73,-0.24,34.40
956,77506799,-533.20,-860.35,57.62,-0.79,-0.55,-0.06,34.40
957,77510848,-536.13,-867.19,56.15,-0.61,-0.61,0.18,34.50
958,77514898,-537.60,-855.96,55.18,-0.98,-0.67,0.24,34.40
959,77518955,-541.50,-864.26,58.11,-1.04,-0.79,0.30,34.40
960,77523005,-541.02,-862.79,56.15,-0.98,-0.85,0.37,34.64
961,77528799,-537.11,-862.79,58.59,-0.73,-0.61,0.73,34.64
962,77532848,-536.62,-862.30,54.20,-0.91,-0.67,0.67,34.64
963,77536898,-535.64,-863.28,61.52,-0.85,-0.79,0.98,34.55
964,77540955,-534.67,-865.72,60.06,-0.91,-0.55,0.73,34.69
965,77545005,-538.09,-854.00,62.99,-0.91,-0.61,0.55,34.64
966,77550799,-541.99,-861.82,60.55,-0.85,-0.73,0.24,34.64
967,77554848,-544.43,-861.33,61.04,-0.79,-0.73,-0.18,34.64
968,77558898,-535.16,-862.30,58.11,-0.73,-0.91,-0.61,34.64
969,77562955,-532.71,-861.33,59.08,-0.91,-0.79,-0.55,34.40
970,77567005,-542.48,-862.79,59.08,-0.79,-0.91,-0.67,34.31
971,77572799,-538.57,-865.23,61.04,-0.61,-1.04,-0.67,34.55
972,77576848,-531.74,-862.79,59.57,-0.91,-0.85,-0.79,34.64
973,77580898,-532.23,-862.79,56.64,-1.16,-0.85,-0.37,34.40
974,77584955,-538.57,-865.72,61.52,-0.91,-0.73,-0.18,34.64
975,77589005,-534.67,-863.28,59.57,-1.04,-0.67,-0.12,34.64
976,77594799,-534.18,-860.84,57.62,-1.10,-0.91,0.49,34.40
977,77598848,-541.02,-863.77,62.01,-0.91,-0.73,1.04,34.50
978,77602898,-541.02,-864.26,63.48,-0.85,-0.85,0.98,34.50
979,77606955,-531.74,-860.35,57.62,-0.79,-0.49,0.91,34.64
980,77611005,-539.06,-865.72,56.64,-0.91,-0.67,1.10,34.69
981,77616799,-540.04,-868.65,60.55,-0.73,-0.67,1.10,34.74
982,77620848,-534.18,-859.37,58.59,-0.67,-0.61,0.85,34.55
983,77624898,-535.64,-860.84,57.62,-0.91,-0.49,0.98,34.55
984,77628955,-538.09,-865.72,57.13,-0.79,-1.10,0.55,34.40
985,77633005,-536.13,-861.33,60.06,-0.91,-0.67,0.18,34.50
986,77638799,-537.60,-856.93,61.04,-1.04,-0.73,0.00,34.64
987,77642848,-539.06,-865.23,60.06,-1.10,-0.73,-0.18,34.55
988,77646898,-538.57,-861.82,60.06,-0.67,-0.73,-0.43,34.55
989,77650955,-529.30,-859.86,55.66,-0.85,-0.98,-0.49,34.64
990,77655005,-537.60,-861.33,61.04,-0.85,-0.98,-0.49,34.69
991,77660799,-536.13,-864.75,57.62,-0.67,-1.04,-0.61,34.50
992,77664848,-531.25,-857.42,59.08,-0.98,-0.85,-0.12,34.40
993,77668898,-533.69,-862.30,60.06,-0.73,-0.79,-0.12,34.50
994,77672955,-539.55,-865.23,58.11,-1.10,-0.85,0.06,34.55
995,77677005,-538.57,-863.77,62.50,-0.67,-0.73,0.43,34.83
996,77682799,-534.18,-858.89,58.11,-0.79,-0.85,0.37,34.50
997,77686848,-540.04,-862.30,59.57,-0.98,-0.67,0.37,34.36
998,77690898,-538.09,-867.68,61.04,-0.85,-0.67,0.49,34.36
999,77694955,-541.02,-861.82,60.06,-0.73,-0.67,0.37,34.40
1000,77700799,-532.71,-858.40,55.18,-0.73,-0.91,0.43,34.69
1001,77704848,-542.48,-870.61,55.66,-0.79,-1.10,-0.18,34.64
1002,77708898,-535.16,-860.35,58.59,-0.67,-0.67,-0.18,34.50
1003,77712955,-533.69,-858.89,54.69,-0.85,-0.79,0.06,34.40
1004,77717005,-539.55,-866.21,56.15,-0.79,-0.67,0.12,34.40
1005,77722799,-538.57,-865.23,59.08,-0.85,-0.61,-0.18,34.50
1006,77726848,-531.25,-855.96,57.62,-0.79,-0.67,-0.06,34.69
1007,77730898,-537.60,-864.75,60.06,-1.10,-0.55,0.12,34.31
1008,77734955,-537.60,-867.19,60.55,-0.79,-0.91,0.06,34.40
1009,77739005,-529.79,-863.28,58.59,-0.73,-0.67,0.30,34.64
1010,77744799,-533.20,-863.77,57.13,-0.98,-0.55,0.55,34.31
1011,77748848,-534.67,-862.30,57.13,-0.91,-0.55,0.91,34.40
1012,77752898,-537.11,-864.75,63.48,-0.73,-0.61,0.91,34.40
1013,77756955,-537.60,-863.77,59.08,-0.85,-0.73,1.04,34.40
1014,77761005,-539.55,-860.35,60.55,-0.73,-0.85,0.98,34.64
1015,77766799,-537.60,-863.77,59.57,-0.91,-0.67,1.04,34.50
1016,77770848,-534.67,-860.84,56.15,-0.98,-0.73,1.04,34.64
1017,77774898,-539.06,-865.23,56.15,-0.61,-0.79,0.61,34.55
1018,77778955,-541.02,-861.82,56.64,-0.73,-0.91,0.43,34.40
1019,77783005,-536.62,-869.14,60.06,-1.04,-0.67,0.06,34.40
1020,77788799,-534.67,-859.37,62.99,-1.16,-0.85,0.12,34.50
1021,77792848,-545.41,-866.70,58.11,-0.85,-0.79,-0.12,34.64
1022,77796898,-533.20,-860.84,55.18,-0.79,-0.73,-0.24,34.50
1023,77800955,-538.57,-858.89,59.57,-1.04,-0.61,-0.12,34.50
1024,77805005,-538.09,-859.37,58.59,-0.67,-0.91,0.30,34.50
1025,77810799,-537.11,-863.77,61.52,-0.67,-0.73,0.24,34.64
1026,77814848,-534.18,-862.79,56.15,-1.04,-0.73,0.55,34.88
1027,77818898,-534.67,-861.82,59.57,-0.98,-0.85,0.37,34.31
1028,77822955,-535.16,-866.21,61.04,-0.73,-0.98,0.43,34.40
1029,77827005,-542.48,-862.79,59.08,-0.73,-0.91,0.73,34.64
1030,77832799,-530.27,-860.35,57.13,-0.85,-0.91,0.79,34.36
1031,77836848,-538.57,-864.26,59.57,-0.91,-0.91,0.73,34.50
1032,77840898,-541.02,-862.30,59.08,-0.73,-0.67,0.61,34.64
1033,77844955,-534.67,-859.37,58.59,-0.73,-0.67,0.43,34.21
1034,77849005,-537.11,-861.33,58.59,-0.85,-0.67,0.30,34.50
1035,77854799,-541.50,-864.26,51.27,-0.91,-0.85,-0.18,34.50
1036,77858848,-535.16,-860.35,55.66,-1.16,-0.98,-0.43,34.40
1037,77862898,-531.74,-862.30,53.71,-0.85,-0.85,-0.24,34.64
1038,77866955,-534.67,-867.19,54.20,-0.79,-0.98,-0.37,34.40
1039,77871005,-535.64,-862.79,58.11,-0.73,-0.98,-0.37,34.69
1040,77876799,-534.67,-859.37,58.59,-0.85,-0.67,-0.30,34.55
1041,77880848,-537.60,-869.63,59.57,-0.79,-0.43,-0.06,34.36
1042,77884898,-537.11,-861.82,61.52,-0.55,-0.67,0.12,34.50
1043,77888955,-536.62,-861.33,58.11,-1.04,-0.79,0.06,34.74
1044,77893005,-539.06,-864.26,56.64,-0.91,-0.73,0.67,34.74
1045,77898799,-539.06,-867.19,56.15,-0.61,-0.67,0.61,34.69
1046,77902848,-534.18,-860.35,56.64,-0.73,-0.61,0.73,34.40
1047,77906898,-538.57,-861.82,56.64,-0.91,-0.55,0.85,34.40
1048,77910955,-535.64,-868.16,60.06,-0.91,-0.61,0.91,34.50
1049,77916799,-538.57,-862.79,60.06,-0.98,-0.67,0.73,34.40
1050,77920848,-529.79,-860.35,53.22,-1.04,-0.85,0.55,34.64
1051,77924898,-540.04,-869.14,57.62,-0.91,-0.98,0.37,34.50
1052,77928955,-541.02,-866.70,56.64,-0.98,-0.91,0.18,34.55
1053,77933005,-539.06,-859.86,59.08,-0.85,-0.61,-0.06,34.50
1054,77938799,-537.60,-859.37,61.04,-0.79,-0.91,-0.12,34.74
1055,77942848,-540.04,-866.70,58.59,-0.73,-1.04,-0.24,34.50
1056,77946898,-531.25,-858.40,60.06,-0.61,-0.73,-0.49,34.50
1057,77950955,-531.74,-854.00,56.64,-0.85,-0.67,-0.49,34.31
1058,77955005,-537.60,-861.33,57.62,-1.04,-0.91,-0.43,34.50
1059,77960799,-540.04,-864.26,62.01,-0.85,-0.79,0.06,34.69
1060,77964848,-531.25,-857.42,58.59,-0.85,-0.85,-0.06,34.64
1061,77968898,-536.13,-861.82,55.18,-0.91,-0.85,0.12,34.21
1062,77972955,-534.18,-861.82,57.62,-0.43,-0.73,0.24,34.36
1063,77977005,-540.04,-860.35,59.57,-0.67,-0.61,0.30,34.64
1064,77982799,-535.64,-860.84,61.52,-0.79,-0.79,0.55,34.69
1065,77986848,-538.57,-865.23,59.08,-0.91,-0.55,0.49,34.40
1066,77990898,-539.55,-863.77,60.06,-0.55,-0.85,0.30,34.40
1067,77994955,-537.11,-860.35,56.15,-0.91,-0.79,0.30,34.64
1068,77999005,-539.55,-864.26,58.11,-1.04,-0.91,0.79,34.40
1069,78004799,-542.97,-869.63,57.62,-0.61,-0.67,0.30,34.69
1070,78008848,-534.18,-854.49,59.57,-0.85,-0.85,0.00,34.40
1071,78012898,-541.02,-862.79,59.08,-1.04,-0.61,0.12,34.64
1072,78016955,-545.41,-871.09,60.55,-0.61,-0.85,0.30,34.50
1073,78021005,-539.06,-866.70,61.52,-0.73,-0.85,0.00,34.55
1074,78026799,-530.27,-859.86,56.15,-0.98,-0.73,0.00,34.64
1075,78030848,-541.99,-867.68,54.69,-0.85,-0.55,0.00,34.55
1076,78034898,-537.11,-867.68,60.06,-0.67,-0.79,0.18,34.64
1077,78038955,-533.69,-861.33,61.04,-0.79,-0.49,0.37,34.31
1078,78043005,-535.16,-863.77,54.20,-0.98,-0.79,0.67,34.50
1079,78048799,-542.97,-872.56,57.62,-0.73,-0.67,0.73,34.69
1080,78052848,-535.64,-864.75,57.62,-0.98,-0.49,0.91,34.55
1081,78056898,-533.69,-860.35,61.04,-1.10,-0.85,0.79,34.31
1082,78060955,-540.53,-865.72,59.08,-0.98,-0.91,0.67,34.40
1083,78065005,-536.13,-866.21,56.64,-0.61,-0.67,0.73,34.21
1084,78070799,-535.16,-858.89,59.08,-0.85,-0.61,0.55,34.69
1085,78074848,-535.16,-861.82,61.04,-0.98,-0.79,0.24,34.40
1086,78078898,-542.48,-860.35,59.08,-0.98,-0.98,0.06,34.50
1087,78082955,-536.13,-862.30,61.52,-0.91,-0.67,-0.18,34.21
1088,78087005,-534.18,-860.35,58.59,-0.98,-0.67,-0.24,34.40
1089,78092799,-535.16,-864.26,55.66,-0.73,-0.79,-0.18,34.55
1090,78096848,-535.16,-864.75,56.64,-0.85,-0.73,-0.43,34.64
1091,78100898,-532.71,-858.40,59.08,-0.98,-0.79,-0.12,34.40
1092,78104955,-536.62,-858.89,60.06,-0.79,-0.98,-0.12,34.55
1093,78109005,-542.48,-866.70,60.06,-0.73,-0.98,0.06,34.36
1094,78114799,-536.13,-857.42,61.52,-0.98,-0.73,0.24,34.50
1095,78118848,-533.20,-862.30,61.52,-0.85,-0.61,0.12,34.50
1096,78122898,-537.11,-864.75,56.64,-0.85,-0.73,0.55,34.40
1097,78126955,-536.13,-867.68,60.06,-0.79,-0.61,0.61,34.40
1098,78132799,-536.13,-861.82,58.11,-0.85,-0.85,0.61,34.40
1099,78136848,-539.06,-865.23,58.59,-0.67,-0.73,0.61,34.36
1100,78140898,-537.11,-864.75,57.62,-0.73,-0.67,0.67,34.50
1101,78144955,-538.57,-856.45,62.01,-0.61,-0.55,0.24,34.40
1102,78149005,-538.57,-862.79,61.52,-0.91,-0.85,0.55,34.69
1103,78154799,-536.62,-865.23,62.99,-0.73,-0.67,0.55,34.69
1104,78158848,-537.60,-864.26,58.59,-0.73,-0.49,0.12,34.50
1105,78162898,-534.18,-861.33,58.11,-0.85,-0.61,0.30,34.36
1106,78166955,-543.46,-865.72,61.04,-0.49,-0.79,0.43,34.40
1107,78171005,-534.67,-862.79,59.57,-0.67,-0.79,0.24,34.50
1108,78176799,-534.18,-860.84,55.66,-0.98,-0.85,0.18,34.55
1109,78180848,-540.04,-864.75,59.57,-0.61,-0.98,0.00,34.55
1110,78184898,-531.74,-862.79,60.06,-0.67,-0.67,0.24,34.21
1111,78188955,-533.69,-860.84,60.06,-0.73,-0.79,0.37,34.64
1112,78193005,-540.53,-859.37,61.04,-0.91,-0.79,0.37,34.69
1113,78198799,-536.13,-864.75,58.11,-0.67,-0.73,0.37,34.55
1114,78202848,-532.23,-858.89,58.59,-1.16,-0.73,0.37,34.21
1115,78206898,-537.60,-862.79,56.15,-1.10,-0.61,0.24,34.50
1116,78210955,-533.69,-864.26,57.13,-0.85,-0.73,0.18,34.64
1117,78215005,-537.60,-862.30,63.96,-0.67,-0.67,0.18,34.40
1118,78220799,-533.20,-863.28,59.08,-0.79,-0.79,0.30,34.50
1119,78224848,-536.13,-867.19,60.55,-0.85,-0.55,0.18,34.21
1120,78228898,-537.60,-862.30,57.62,-0.85,-0.61,0.18,34.64
1121,78232955,-537.60,-860.35,57.62,-0.98,-0.98,-0.18,34.50
1122,78237005,-536.62,-863.77,57.13,-0.85,-0.79,0.00,34.64
1123,78242799,-540.04,-866.70,55.66,-0.61,-0.98,0.00,34.50
1124,78246848,-536.62,-861.82,64.45,-0.79,-0.73,0.06,34.50
1125,78250898,-536.13,-860.84,62.50,-0.91,-0.67,0.06,34.69
1126,78254955,-538.57,-864.26,63.96,-0.91,-0.67,0.06,34.50
1127,78259005,-536.62,-861.33,61.04,-0.67,-0.55,0.18,34.69
1128,78264799,-535.16,-863.28,56.64,-0.73,-0.73,0.43,34.36
1129,78268848,-535.16,-864.26,57.13,-0.73,-0.61,0.67,34.50
1130,78272898,-537.11,-865.72,59.57,-0.55,-0.55,0.30,34.83
1131,78276955,-537.60,-856.93,57.13,-0.98,-0.67,0.30,34.40
1132,78281005,-541.50,-862.30,63.96,-0.98,-0.61,0.55,34.40
1133,78286799,-540.53,-864.26,59.08,-0.73,-0.55,0.61,34.55
1134,78290848,-532.23,-860.84,59.57,-0.67,-0.91,0.98,34.55
1135,78294898,-532.71,-860.84,63.96,-0.79,-0.61,0.61,34.40
1136,78298955,-537.11,-863.77,59.08,-0.67,-0.67,0.61,34.40
1137,78303005,-539.55,-864.26,61.04,-0.73,-0.79,0.43,34.64
1138,78308799,-528.81,-860.35,61.52,-0.67,-0.98,0.30,34.40
1139,78312848,-535.16,-864.75,54.69,-0.98,-0.79,0.49,34.50
1140,78316898,-537.60,-864.26,58.59,-0.67,-0.85,0.49,34.31
1141,78320955,-536.62,-857.91,57.62,-0.79,-0.79,0.06,34.50
1142,78325005,-534.18,-855.47,56.64,-1.04,-0.98,0.12,34.16
1143,78330799,-538.09,-864.26,57.62,-0.73,-0.98,0.18,34.74
1144,78334848,-534.67,-861.33,59.57,-0.85,-0.61,0.12,34.40
1145,78338898,-533.69,-858.89,58.59,-0.73,-0.98,0.37,34.64
1146,78342955,-540.53,-862.79,58.59,-0.85,-0.73,0.30,34.74
1147,78348799,-540.04,-864.75,59.57,-0.73,-0.79,0.18,34.31
1148,78352848,-536.13,-859.86,57.13,-0.98,-0.55,0.24,34.55
1149,78356898,-533.69,-862.30,55.18,-1.10,-1.10,0.18,34.74
1150,78360955,-543.46,-866.70,60.06,-0.73,-0.73,0.18,34.40
1151,78365005,-540.04,-858.40,54.20,-0.91,-0.73,0.00,34.31
1152,78369054,-529.30,-854.98,58.11,-0.85,-0.73,-0.06,34.64
1153,78374799,-541.02,-863.77,55.66,-0.91,-0.85,0.06,34.21
1154,78378848,-536.62,-865.72,58.11,-0.73,-1.04,0.06,34.31
1155,78382898,-529.30,-859.86,58.59,-0.73,-0.67,0.12,34.69
1156,78386955,-536.13,-862.79,55.18,-0.85,-0.91,0.30,34.50
1157,78392799,-539.06,-867.19,63.48,-0.61,-0.67,0.12,34.64
1158,78396848,-533.69,-859.37,59.57,-0.61,-0.67,0.00,34.50
1159,78400898,-536.13,-864.75,59.08,-0.79,-0.61,0.43,34.40
1160,78404955,-540.04,-866.21,57.13,-0.67,-0.91,0.49,34.64
1161,78409005,-537.11,-865.72,62.01,-0.91,-0.73,0.73,34.36
1162,78414799,-534.18,-857.42,56.64,-0.85,-0.61,0.24,34.69
1163,78418848,-537.11,-866.21,58.59,-0.85,-0.67,0.61,34.40
1164,78422898,-539.55,-862.30,57.62,-0.79,-0.55,0.67,34.31
1165,78426955,-535.16,-861.33,60.55,-1.04,-0.73,0.49,34.36
1166,78431005,-539.06,-863.28,62.01,-0.79,-0.67,0.49,34.40
1167,78436799,-540.53,-864.26,54.20,-0.98,-0.98,0.43,34.64
1168,78440848,-538.09,-856.93,62.01,-0.91,-0.67,0.37,34.64
1169,78444898,-534.18,-860.84,54.20,-1.04,-0.61,0.30,34.69
1170,78448955,-533.20,-864.26,60.06,-0.85,-0.49,0.37,34.50
1171,78453005,-539.55,-866.21,62.50,-0.73,-0.61,0.12,34.69
1172,78458799,-535.16,-859.37,60.06,-0.61,-0.73,0.00,34.69
1173,78462848,-534.67,-861.82,59.08,-0.98,-0.85,0.18,34.74
1174,78466898,-541.02,-862.30,57.13,-0.79,-0.55,-0.06,34.36
1175,78470955,-533.69,-859.86,61.52,-0.79,-0.67,0.00,34.69
1176,78475005,-534.18,-864.75,57.13,-0.79,-0.85,0.00,34.93
1177,78480799,-537.60,-868.65,61.52,-0.91,-0.85,0.06,34.50
1178,78484848,-530.76,-862.30,61.52,-0.79,-0.55,0.06,34.64
1179,78488898,-536.62,-860.84,60.55,-0.98,-0.73,0.24,34.36
1180,78492955,-533.20,-865.23,56.15,-0.73,-0.98,0.30,34.36
1181,78497005,-536.62,-864.26,61.04,-0.91,-0.61,0.06,34.40
1182,78502799,-533.69,-862.30,63.48,-0.67,-0.55,0.18,34.40
1183,78506848,-537.60,-861.82,64.94,-1.04,-0.67,0.18,34.64
1184,78510898,-535.64,-860.84,64.45,-0.98,-0.73,0.24,34.64
1185,78514955,-535.64,-860.35,62.99,-0.61,-0.91,0.43,34.31
1186,78519005,-538.09,-862.79,61.04,-0.67,-0.67,0.37,34.36
1187,78524799,-540.53,-866.21,57.13,-0.85,-0.67,0.30,34.64
1188,78528848,-536.13,-862.79,56.64,-0.85,-0.79,0.12,34.40
1189,78532898,-540.53,-860.35,57.62,-0.85,-0.91,0.12,34.64
1190,78536955,-537.60,-869.14,60.06,-0.98,-0.98,0.00,34.21
1191,78541005,-537.60,-863.28,57.62,-0.85,-0.79,0.24,34.69
1192,78546799,-537.60,-860.35,61.52,-0.85,-0.67,0.37,34.69
1193,78550848,-539.55,-864.75,62.99,-0.85,-0.73,0.30,34.74
1194,78554898,-538.09,-863.77,62.01,-0.79,-0.73,0.55,34.64
1195,78558955,-535.64,-856.93,54.20,-0.73,-0.91,0.43,34.55
1196,78563005,-540.04,-861.82,57.62,-0.85,-0.73,0.55,34.40
1197,78568799,-535.16,-863.77,57.62,-0.98,-0.67,0.55,34.40
1198,78572848,-536.13,-857.91,62.01,-0.85,-0.55,0.73,34.50
1199,78576898,-534.67,-860.35,57.13,-0.79,-0.79,0.55,34.50
1200,78580955,-540.53,-863.28,58.11,-0.79,-0.73,0.55,34.64
1201,78586799,-540.04,-861.33,58.59,-0.67,-0.67,0.37,34.31
1202,78590848,-535.64,-860.84,57.13,-0.79,-0.55,0.12,34.69
1203,78594898,-537.11,-863.77,62.01,-0.67,-0.67,0.06,34.40
1204,78598955,-539.06,-866.70,59.08,-0.61,-0.79,0.24,34.50
1205,78603005,-534.18,-857.42,59.08,-0.73,-0.61,-0.06,34.64
1206,78608799,-536.62,-862.79,60.06,-0.85,-0.79,0.06,34.64
1207,78612848,-543.95,-866.21,61.04,-0.85,-0.55,0.06,34.64
1208,78616898,-536.13,-862.30,62.50,-0.73,-0.73,-0.30,34.40
1209,78620955,-532.71,-858.40,58.59,-0.91,-0.91,0.00,34.50
1210,78625005,-539.06,-865.23,56.64,-0.98,-0.73,0.00,34.40
1211,78630799,-534.67,-868.16,61.52,-0.85,-0.73,-0.12,34.50
1212,78634848,-535.64,-858.40,61.52,-0.79,-0.73,0.12,34.74
1213,78638898,-539.55,-863.77,60.55,-0.85,-0.85,0.18,34.50
1214,78642955,-541.02,-866.21,61.04,-0.55,-0.79,0.12,34.50
1215,78647005,-534.18,-864.26,58.11,-0.91,-0.79,0.06,34.50
1216,78652799,-532.23,-860.84,57.13,-1.16,-0.79,0.24,34.31
1217,78656848,-538.09,-865.72,62.99,-0.73,-0.67,0.30,34.36
1218,78660898,-540.53,-858.40,60.55,-0.67,-0.73,0.43,34.55
1219,78664955,-535.16,-857.91,61.52,-0.79,-0.73,0.55,34.74
1220,78669005,-534.67,-864.75,62.99,-0.91,-0.73,0.55,34.64
1221,78674799,-539.55,-866.21,62.50,-0.85,-0.73,0.37,34.64
1222,78678848,-534.18,-859.86,61.52,-0.85,-0.85,0.43,34.40
1223,78682898,-537.11,-860.84,60.55,-1.16,-0.91,0.55,34.55
1224,78686955,-536.62,-868.65,61.52,-0.91,-0.49,0.61,34.64
1225,78691005,-538.09,-860.84,62.99,-0.61,-0.61,0.67,34.64
1226,78696799,-535.16,-858.89,59.57,-0.91,-0.79,0.43,34.88
1227,78700848,-539.55,-864.75,62.01,-0.55,-0.91,0.61,34.50
1228,78704898,-540.04,-860.84,56.64,-0.55,-0.61,0.73,34.69
1229,78708955,-540.04,-856.45,53.22,-0.67,-0.61,0.55,34.36
1230,78713005,-533.20,-862.30,59.57,-0.79,-0.91,0.67,34.64
1231,78718799,-537.11,-866.21,62.99,-0.67,-0.79,0.37,34.64
1232,78722848,-536.62,-861.33,61.52,-0.91,-0.98,0.43,34.50
1233,78726898,-538.57,-859.37,57.62,-0.91,-0.79,0.43,34.64
1234,78730955,-541.50,-862.30,61.04,-0.79,-0.67,0.43,34.31
1235,78735005,-543.95,-863.28,60.06,-0.79,-0.73,0.12,34.64
1236,78740799,-532.23,-859.37,57.62,-0.91,-0.79,0.06,34.69
1237,78744848,-536.13,-868.16,56.64,-0.79,-0.61,0.00,34.50
1238,78748898,-537.60,-862.30,62.01,-0.98,-0.79,0.12,34.40
1239,78752955,-537.11,-862.79,54.69,-0.98,-0.67,-0.12,34.21
1240,78757005,-532.71,-864.75,57.62,-1.04,-0.73,-0.06,34.31
1241,78762799,-534.18,-864.26,57.62,-0.85,-0.79,-0.06,34.40
1242,78766848,-539.55,-858.40,62.99,-0.73,-0.73,-0.06,34.40
1243,78770898,-534.67,-862.79,60.55,-0.79,-0.79,0.00,34.31
1244,78774955,-539.55,-863.77,58.11,-0.91,-0.79,0.18,34.40
1245,78779005,-538.09,-862.30,60.06,-0.79,-0.55,0.06,34.64
1246,78784799,-536.13,-862.30,59.08,-0.98,-0.79,0.12,34.93
1247,78788848,-539.55,-860.35,60.06,-0.85,-0.85,0.30,34.40
1248,78792898,-535.16,-866.70,56.64,-0.49,-0.67,0.18,34.55
1249,78796955,-538.57,-859.86,60.55,-0.79,-0.43,0.49,34.69
1250,78802799,-538.09,-866.21,60.55,-0.79,-0.67,0.37,34.40
1251,78806848,-540.53,-864.26,62.01,-0.85,-0.73,0.43,34.36
1252,78810898,-530.76,-859.37,56.64,-0.91,-1.04,0.00,34.74
1253,78814955,-539.06,-863.28,60.06,-0.79,-0.67,0.55,34.64
1254,78819005,-542.48,-867.19,59.57,-0.91,-0.61,0.37,34.50
1255,78824799,-535.16,-859.86,55.66,-0.73,-0.79,0.24,34.50
1256,78828848,-536.62,-860.84,57.13,-0.79,-0.67,0.30,34.64
1257,78832898,-539.55,-859.86,61.04,-0.98,-0.85,0.24,34.36
1258,78836955,-540.04,-858.40,59.57,-0.91,-0.73,0.43,34.40
1259,78841005,-535.64,-859.86,58.59,-0.73,-0.91,0.43,34.40
1260,78846799,-539.55,-861.33,60.55,-0.79,-0.61,0.61,34.69
1261,78850848,-536.13,-865.72,56.64,-0.55,-0.85,0.55,34.88
1262,78854898,-540.04,-860.84,60.55,-0.91,-0.73,0.24,34.36
1263,78858955,-538.09,-860.35,61.04,-0.98,-0.98,0.55,34.36
1264,78863005,-541.50,-865.72,57.62,-1.04,-0.85,0.67,34.50
1265,78868799,-536.13,-862.79,57.62,-0.85,-0.73,0.61,34.55
1266,78872848,-537.60,-865.23,57.13,-0.67,-0.98,0.37,34.40
1267,78876898,-543.95,-864.26,60.55,-0.73,-0.73,0.55,34.64
1268,78880955,-539.06,-864.75,55.18,-0.73,-0.73,0.37,34.74
1269,78885005,-535.64,-855.47,61.04,-0.85,-0.49,-0.06,34.64
1270,78890799,-536.13,-858.40,62.99,-0.91,-0.43,0.12,34.50
1271,78894848,-545.41,-862.79,56.64,-0.85,-0.91,0.06,34.64
1272,78898898,-532.71,-863.28,56.15,-0.67,-0.85,0.18,34.40
1273,78902955,-533.20,-860.35,57.13,-0.91,-0.67,-0.06,34.64
1274,78907005,-538.09,-870.61,56.64,-0.79,-0.61,0.06,34.64
1275,78912799,-534.67,-868.65,57.62,-0.79,-0.79,0.00,34.64
1276,78916848,-534.18,-863.28,59.08,-0.98,-0.85,-0.06,34.50
1277,78920898,-539.06,-867.19,59.08,-1.16,-0.79,0.18,34.55
1278,78924955,-536.13,-866.70,57.13,-0.79,-0.73,0.30,34.50
1279,78929005,-533.69,-862.79,56.15,-1.16,-0.61,0.30,34.64
1280,78934799,-533.69,-862.79,62.01,-0.91,-0.61,0.30,34.31
1281,78938848,-539.06,-866.70,56.64,-1.10,-0.67,0.73,34.64
1282,78942898,-532.23,-863.77,54.69,-0.98,-0.55,0.55,34.40
1283,78946955,-532.23,-858.40,58.59,-0.98,-0.73,0.55,34.21
1284,78951005,-541.02,-868.16,59.08,-0.85,-0.73,0.55,34.40
1285,78956799,-538.09,-861.33,61.52,-0.67,-0.55,0.30,34.64
1286,78960848,-533.20,-861.33,57.62,-1.04,-0.55,0.55,34.64
1287,78964898,-536.13,-865.23,60.06,-0.91,-0.43,0.43,34.50
1288,78968955,-541.02,-867.19,60.06,-0.67,-0.61,0.43,34.50
1289,78973005,-534.18,-859.37,61.04,-0.67,-0.79,0.49,34.50
1290,78978799,-534.67,-861.82,57.62,-1.16,-0.67,0.61,34.40
1291,78982848,-541.99,-864.26,58.11,-0.85,-0.79,0.30,34.74
1292,78986898,-538.09,-860.84,57.13,-0.91,-1.04,0.37,34.64
1293,78990955,-532.23,-861.33,59.08,-1.16,-0.79,0.24,34.55
1294,78995005,-537.60,-863.77,61.04,-0.85,-0.85,0.24,34.88
1295,79000799,-536.13,-863.28,56.64,-0.55,-0.79,-0.24,34.64
1296,79004848,-535.16,-856.45,59.57,-0.73,-0.73,0.00,34.55
1297,79008898,-542.48,-860.84,58.59,-0.85,-0.91,0.00,34.64
1298,79012955,-539.55,-866.70,59.57,-0.73,-0.61,-0.12,34.40
1299,79018799,-536.62,-864.75,58.59,-0.85,-0.91,0.24,34.40
1300,79022848,-537.11,-860.35,55.66,-1.16,-0.73,0.49,34.40
1301,79026898,-539.06,-865.72,55.66,-0.79,-0.98,0.30,34.69
1302,79030955,-536.13,-861.82,61.52,-0.79,-0.91,0.18,34.40
1303,79035005,-532.71,-861.33,58.11,-0.91,-0.85,0.30,34.50
1304,79039054,-539.06,-863.77,57.62,-0.73,-0.73,0.30,34.40
1305,79044799,-541.02,-860.84,58.11,-0.85,-0.67,0.30,34.31
1306,79048848,-534.67,-859.37,59.08,-0.98,-0.73,0.30,34.40
1307,79052898,-537.60,-864.75,59.08,-0.85,-0.79,0.49,34.69
1308,79056955,-540.53,-867.19,61.04,-0.73,-0.73,0.43,34.50
1309,79062799,-528.32,-857.91,63.96,-0.91,-0.73,0.18,34.40
1310,79066848,-536.13,-863.28,62.01,-1.04,-0.79,0.24,34.40
1311,79070898,-538.57,-864.26,60.55,-0.79,-0.79,0.30,34.50
1312,79074955,-538.09,-858.89,57.62,-0.79,-0.85,0.24,34.36
1313,79079005,-534.18,-859.86,54.20,-0.85,-0.67,0.49,34.64
1314,79084799,-538.57,-866.70,59.08,-0.79,-0.73,0.12,34.50
1315,79088848,-534.67,-860.84,59.08,-0.67,-0.73,0.43,34.69
1316,79092898,-539.06,-859.86,58.11,-0.91,-0.67,0.43,34.36
1317,79096955,-534.67,-866.21,55.18,-1.10,-0.91,0.49,34.64
1318,79101005,-537.11,-861.82,60.55,-0.79,-0.73,0.43,34.40
1319,79106799,-537.11,-855.96,60.55,-0.67,-1.04,0.37,34.40
1320,79110848,-539.06,-863.77,60.55,-0.73,-0.79,0.49,34.64
1321,79114898,-536.13,-870.12,57.62,-0.85,-0.79,0.67,34.40
1322,79118955,-533.69,-862.79,62.01,-0.67,-0.73,0.49,34.64
1323,79123005,-534.67,-853.52,57.62,-0.98,-0.67,0.61,34.55
1324,79128799,-540.53,-865.23,58.59,-0.91,-0.79,0.79,34.64
1325,79132848,-536.13,-864.75,59.08,-0.67,-0.85,0.49,34.55
1326,79136898,-532.23,-857.91,59.57,-0.85,-0.73,0.37,34.64
1327,79140955,-536.62,-862.30,58.11,-0.79,-0.73,0.37,34.31
1328,79145005,-537.60,-868.16,62.99,-0.67,-0.61,0.24,34.69
1329,79150799,-540.53,-862.30,56.64,-1.04,-0.61,0.30,34.50
1330,79154848,-538.09,-863.28,58.59,-0.98,-0.73,0.37,34.50
1331,79158898,-541.02,-866.70,56.15,-0.85,-0.79,0.49,34.64
1332,79162955,-541.50,-861.82,60.06,-0.79,-0.55,0.18,34.40
1333,79167005,-534.67,-862.30,58.11,-0.79,-0.91,0.18,34.64
1334,79172799,-535.64,-862.79,60.55,-0.79,-0.73,0.30,34.40
1335,79176848,-539.06,-862.30,62.01,-0.61,-0.73,0.37,34.64
1336,79180898,-528.81,-856.93,60.55,-0.85,-0.73,0.30,34.36
1337,79184955,-535.16,-860.35,58.59,-1.10,-0.61,0.24,34.31
1338,79189005,-545.41,-867.68,59.57,-0.67,-0.98,0.24,34.88
1339,79194799,-536.13,-865.23,61.52,-0.98,-0.73,0.24,34.40
1340,79198848,-533.20,-865.72,60.06,-0.85,-0.85,0.49,34.50
1341,79202898,-530.27,-861.33,53.22,-1.04,-0.79,0.37,34.55
1342,79206955,-541.02,-862.79,60.55,-0.79,-0.79,0.24,34.21
1343,79211005,-538.09,-859.37,60.55,-0.85,-0.73,0.00,34.64
1344,79216799,-539.06,-864.75,58.11,-0.79,-0.73,0.06,34.50
1345,79220848,-540.04,-864.26,57.62,-0.79,-0.61,0.37,34.64
1346,79224898,-533.69,-859.86,59.08,-0.85,-0.61,0.55,34.40
1347,79228955,-539.06,-863.28,60.06,-1.04,-0.79,0.30,34.69
1348,79233005,-541.50,-874.02,61.52,-0.98,-0.73,0.30,34.50
1349,79238799,-539.06,-861.82,61.52,-0.79,-0.79,0.49,34.21
1350,79242848,-537.60,-859.37,59.57,-1.04,-0.61,0.55,34.50
1351,79246898,-534.18,-865.72,61.52,-0.91,-0.73,0.43,34.50
1352,79250955,-542.48,-862.79,57.62,-0.98,-0.98,0.43,34.64
1353,79256799,-536.62,-862.79,60.06,-0.85,-0.79,0.37,34.74
1354,79260848,-538.09,-864.75,62.50,-0.85,-0.55,0.18,34.50
1355,79264898,-540.53,-863.77,60.55,-0.91,-0.73,0.37,34.55
1356,79268955,-532.71,-857.91,60.06,-0.73,-0.73,0.12,34.55
1357,79273005,-536.62,-863.77,57.13,-0.91,-0.67,0.61,34.40
1358,79278799,-541.02,-866.70,56.15,-0.91,-0.73,0.18,34.64
1359,79282848,-535.64,-859.86,58.11,-0.79,-0.91,0.37,34.21
1360,79286898,-534.67,-862.79,62.99,-0.61,-0.73,0.37,34.40
1361,79290955,-541.99,-861.33,60.06,-0.79,-0.73,0.12,34.55
1362,79295005,-538.57,-864.75,61.04,-0.67,-0.85,0.12,34.40
1363,79300799,-539.55,-861.33,60.55,-1.16,-0.61,0.06,34.64
1364,79304848,-539.55,-865.72,61.04,-0.85,-0.67,0.12,34.64
1365,79308898,-539.55,-865.72,60.55,-0.55,-0.61,0.06,34.36
1366,79312955,-537.11,-858.40,62.01,-1.10,-0.73,0.18,34.69
1367,79317005,-539.55,-864.75,56.15,-0.85,-0.67,0.18,34.64
1368,79322799,-540.53,-864.75,58.59,-0.73,-0.79,0.30,34.55
1369,79326848,-532.23,-861.33,61.52,-0.79,-0.91,0.24,34.40
1370,79330898,-538.09,-861.82,62.01,-0.98,-0.67,0.30,34.69
1371,79334955,-541.50,-866.21,58.11,-1.04,-0.85,0.55,34.64
1372,79339005,-541.02,-862.30,61.04,-0.49,-0.85,0.49,34.69
1373,79344799,-536.62,-860.35,65.43,-1.16,-0.79,0.49,34.64
1374,79348848,-538.57,-863.28,57.62,-0.79,-0.55,0.55,34.69
1375,79352898,-541.02,-866.70,61.04,-0.85,-0.85,0.24,34.40
1376,79356955,-536.62,-861.82,63.48,-0.91,-0.61,0.12,34.64
1377,79361005,-537.11,-858.89,61.52,-0.98,-0.61,0.24,34.40
1378,79366799,-541.50,-868.16,56.64,-0.67,-0.91,0.49,34.64
1379,79370848,-533.20,-858.89,65.43,-0.79,-0.67,0.49,34.69
1380,79374898,-538.09,-863.77,55.66,-1.04,-0.73,0.43,34.40
1381,79378955,-541.99,-869.14,58.11,-0.61,-0.79,0.79,34.40
1382,79383005,-540.04,-868.65,59.08,-0.98,-0.79,0.37,34.50
1383,79388799,-533.69,-858.40,59.08,-0.73,-0.98,0.43,34.74
1384,79392848,-541.02,-863.77,56.64,-0.91,-0.85,0.37,34.50
1385,79396898,-537.60,-864.26,57.13,-0.91,-0.73,0.24,34.55
1386,79400955,-536.13,-855.47,63.96,-0.85,-0.49,0.43,34.50
1387,79405005,-535.64,-861.33,59.08,-0.98,-0.73,0.30,34.74
1388,79410799,-540.53,-867.68,58.11,-0.79,-0.73,0.24,34.64
1389,79414848,-540.04,-864.26,55.18,-0.79,-0.55,-0.06,34.55
1390,79418898,-529.79,-860.84,57.62,-0.98,-0.79,-0.12,34.36
1391,79422955,-539.06,-859.86,58.11,-0.91,-0.91,0.06,34.31
1392,79427005,-540.04,-866.21,62.50,-0.73,-0.67,0.18,34.64
1393,79432799,-533.69,-858.89,63.48,-1.10,-0.73,0.37,34.50
1394,79436848,-532.23,-862.30,63.96,-1.04,-0.98,0.18,34.40
1395,79440898,-536.13,-869.63,58.59,-0.98,-0.79,0.24,34.40
1396,79444955,-537.11,-858.40,62.99,-0.85,-0.49,0.49,34.64
1397,79449005,-532.71,-859.86,62.50,-0.85,-0.55,-0.06,34.40
1398,79454799,-538.57,-863.28,55.66,-0.79,-0.79,0.30,34.64
1399,79458848,-537.60,-862.30,55.66,-0.73,-0.85,0.18,34.36
1400,79462898,-538.09,-856.93,56.64,-0.85,-0.98,0.18,34.40
1401,79466955,-537.60,-860.35,57.62,-0.91,-0.73,0.43,34.69
1402,79472799,-542.48,-867.19,63.96,-0.79,-0.67,0.30,34.55
1403,79476848,-532.71,-857.42,59.08,-0.98,-0.61,0.37,34.40
1404,79480898,-534.18,-860.35,61.04,-1.10,-0.43,0.30,34.55
1405,79484955,-541.02,-865.72,59.08,-0.98,-0.55,0.30,34.50
1406,79489005,-539.06,-863.77,64.45,-0.85,-0.67,0.61,34.64
1407,79494799,-532.71,-858.40,61.04,-0.79,-0.85,0.49,34.50
1408,79498848,-540.04,-864.26,61.04,-0.98,-0.85,0.61,34.55
1409,79502898,-539.06,-861.33,58.11,-0.85,-0.67,0.24,34.21
1410,79506955,-536.13,-861.82,60.06,-0.85,-0.79,0.37,34.64
1411,79511005,-532.71,-859.37,61.04,-0.79,-0.61,0.30,34.40
1412,79516799,-541.50,-859.86,61.04,-0.91,-0.91,0.49,34.69
1413,79520848,-535.64,-859.86,58.59,-0.67,-0.49,0.37,34.50
1414,79524898,-539.55,-859.37,61.04,-1.16,-0.73,0.24,34.64
1415,79528955,-538.09,-862.79,60.55,-1.10,-0.49,0.12,34.31
1416,79533005,-539.55,-861.33,62.01,-0.79,-0.67,0.37,34.88
1417,79538799,-542.48,-862.79,62.01,-0.91,-0.61,0.37,34.64
1418,79542848,-535.64,-861.82,54.69,-0.91,-0.79,0.12,34.69
1419,79546898,-539.06,-864.26,62.50,-0.73,-0.73,0.00,34.50
1420,79550955,-533.20,-859.37,59.08,-0.91,-0.79,0.00,34.74
1421,79555005,-536.13,-864.75,60.55,-0.91,-0.67,0.00,34.40
1422,79560799,-538.09,-866.70,52.73,-0.61,-0.85,-0.12,34.50
1423,79564848,-536.62,-863.77,59.57,-0.91,-0.85,0.18,34.50
1424,79568898,-533.20,-863.28,62.99,-0.85,-0.79,0.00,34.50
1425,79572955,-543.95,-865.23,61.52,-0.79,-0.91,0.12,34.55
1426,79577005,-537.60,-863.28,57.62,-0.91,-0.61,0.24,34.40
1427,79582799,-536.62,-861.33,59.57,-0.91,-0.61,0.00,34.50
1428,79586848,-538.57,-865.72,56.15,-0.85,-0.61,0.55,34.40
1429,79590898,-537.11,-864.75,65.43,-0.55,-0.73,0.12,34.55
1430,79594955,-534.18,-859.86,59.08,-0.73,-0.67,0.24,34.40
1431,79599005,-530.76,-860.35,61.52,-0.91,-0.67,0.61,34.64
1432,79604799,-537.60,-868.65,55.66,-0.79,-0.79,0.55,34.40
1433,79608848,-539.06,-859.86,56.15,-0.91,-0.61,0.79,34.50
1434,79612898,-536.62,-865.23,59.57,-0.67,-0.49,0.67,34.64
1435,79616955,-541.99,-867.68,53.22,-0.67,-0.85,0.79,34.50
1436,79621005,-533.20,-862.30,57.62,-0.85,-0.67,0.55,34.50
1437,79626799,-538.57,-857.42,61.04,-0.98,-0.61,0.37,34.40
1438,79630848,-537.60,-863.28,60.06,-0.91,-1.04,0.24,34.40
1439,79634898,-541.50,-864.75,61.04,-0.67,-0.55,0.00,34.31
1440,79638955,-539.06,-860.35,60.55,-0.73,-0.85,0.18,34.31
1441,79643005,-539.06,-861.33,61.04,-1.04,-0.85,0.24,34.50
1442,79648799,-538.09,-863.28,58.11,-0.73,-0.67,0.18,34.64
1443,79652848,-539.55,-861.33,57.62,-0.85,-0.79,-0.18,34.74
1444,79656898,-536.13,-858.89,59.08,-0.85,-0.55,0.06,34.50
1445,79660955,-542.97,-865.72,55.18,-1.16,-0.79,0.00,34.69
1446,79665005,-538.09,-865.72,60.06,-0.85,-0.79,-0.12,34.40
1447,79670799,-532.71,-863.77,60.06,-0.98,-0.79,0.18,34.64
1448,79674848,-539.06,-862.30,58.59,-0.85,-0.79,0.00,34.64
1449,79678898,-541.50,-865.23,57.13,-0.85,-0.79,0.37,34.36
1450,79682955,-536.62,-861.33,58.11,-0.85,-0.85,0.12,34.64
1451,79688799,-531.25,-863.77,59.08,-0.79,-0.79,0.30,34.50
1452,79692848,-535.64,-865.72,61.04,-0.67,-0.85,0.30,34.64
1453,79696898,-535.16,-865.23,60.55,-0.85,-0.73,0.24,34.55
1454,79700955,-535.16,-860.84,60.06,-0.98,-0.61,0.49,34.40
1455,79705005,-540.04,-865.72,58.59,-0.91,-0.61,0.30,34.50
1456,79709054,-542.48,-871.09,61.52,-0.61,-0.91,0.61,34.69
1457,79714799,-535.16,-862.30,58.59,-0.79,-0.79,0.43,34.40
1458,79718848,-536.13,-863.77,57.13,-0.61,-0.55,0.55,34.21
1459,79722898,-538.09,-866.70,59.08,-0.91,-0.91,0.55,34.64
1460,79726955,-535.64,-863.28,60.06,-0.79,-0.55,0.30,34.55
1461,79732799,-541.50,-856.93,61.04,-1.04,-0.67,0.49,34.64
1462,79736848,-543.46,-867.68,60.55,-0.79,-0.79,0.67,34.55
1463,79740898,-537.60,-863.28,60.06,-0.61,-0.61,0.61,34.40
1464,79744955,-537.11,-860.35,60.55,-0.79,-0.43,0.49,34.64
1465,79749005,-538.09,-862.30,53.71,-0.73,-0.91,0.55,34.50
1466,79754799,-539.06,-868.65,55.66,-0.67,-0.61,0.49,34.50
1467,79758848,-535.16,-856.45,60.06,-0.98,-0.67,0.61,34.64
1468,79762898,-535.64,-863.28,59.57,-1.04,-0.98,0.24,34.40
1469,79766955,-542.48,-865.72,59.08,-0.67,-0.67,0.30,34.69
1470,79771005,-534.18,-863.28,60.06,-0.61,-0.85,0.24,34.64
1471,79776799,-538.09,-858.89,58.59,-0.73,-0.79,0.43,34.64
1472,79780848,-539.55,-864.26,60.06,-0.91,-0.79,0.43,34.64
1473,79784898,-540.04,-864.26,55.66,-0.61,-0.85,0.30,34.64
1474,79788955,-536.13,-859.86,62.99,-0.67,-0.98,0.24,34.50
1475,79793005,-536.62,-862.79,53.71,-0.91,-0.67,0.00,34.40
1476,79798799,-537.60,-863.28,58.11,-0.73,-0.79,0.12,34.55
1477,79802848,-537.11,-862.30,62.50,-0.79,-0.79,0.06,34.64
1478,79806898,-534.18,-859.37,57.62,-1.16,-0.79,-0.06,34.64
1479,79810955,-540.53,-867.19,52.25,-0.79,-0.79,0.18,34.64
1480,79815005,-539.06,-867.68,55.66,-0.73,-0.85,0.43,34.64
1481,79820799,-536.62,-859.37,55.18,-0.67,-0.79,-0.06,34.31
1482,79824848,-534.67,-863.28,53.22,-1.10,-0.67,0.00,34.50
1483,79828898,-537.60,-867.68,58.11,-0.85,-0.79,0.18,34.50
1484,79832955,-533.69,-863.28,59.08,-0.85,-0.55,0.06,34.31
1485,79837005,-534.18,-859.86,59.08,-0.79,-0.73,0.24,34.64
1486,79842799,-537.60,-863.77,57.62,-1.10,-0.85,0.43,34.36
1487,79846848,-535.64,-863.77,58.59,-0.91,-0.73,0.30,34.50
1488,79850898,-537.11,-859.37,61.52,-0.85,-0.67,0.24,34.50
1489,79854955,-537.11,-866.21,59.57,-0.85,-0.55,0.49,34.40
1490,79859005,-539.06,-863.28,60.06,-0.73,-0.79,0.55,34.69
1491,79864799,-532.71,-859.37,61.04,-0.67,-0.37,0.49,34.36
1492,79868848,-535.16,-862.30,61.04,-0.91,-0.55,0.37,34.50
1493,79872898,-543.46,-863.77,62.01,-0.67,-0.73,0.55,34.64
1494,79876955,-539.06,-864.75,62.01,-0.73,-0.73,0.43,34.64
1495,79881005,-542.97,-862.30,61.52,-0.73,-0.73,0.43,34.50
1496,79886799,-537.11,-867.68,58.11,-0.91,-0.61,0.49,34.55
1497,79890848,-533.20,-864.75,61.52,-0.55,-0.79,0.61,34.69
1498,79894898,-536.13,-856.45,63.48,-0.91,-0.85,0.61,34.50
1499,79898955,-535.64,-862.30,58.59,-1.10,-0.43,0.37,34.64
1500,79903005,-540.53,-865.23,61.52,-0.73,-0.61,0.30,34.64
1501,79908799,-534.18,-870.12,57.62,-0.91,-0.61,0.30,34.50
1502,79912848,-538.57,-869.14,61.52,-0.67,-0.49,0.30,34.21
1503,79916898,-538.57,-870.61,60.06,-0.61,-0.67,0.49,34.50
1504,79920955,-535.16,-861.33,60.55,-0.79,-0.67,0.24,34.40
1505,79926799,-534.18,-856.45,56.15,-0.91,-0.85,0.49,34.64
1506,79930848,-541.02,-866.70,56.15,-0.79,-0.79,0.30,34.69
1507,79934898,-539.55,-862.79,60.06,-0.67,-0.55,0.24,34.55
1508,79938955,-535.64,-858.89,60.55,-0.85,-0.98,0.00,34.69
1509,79943005,-539.55,-864.26,62.50,-0.91,-0.79,-0.06,34.69
1510,79948799,-542.48,-861.82,60.06,-0.79,-0.73,-0.06,34.64
1511,79952848,-531.74,-860.35,59.08,-0.98,-0.73,0.06,34.31
1512,79956898,-538.57,-863.77,58.59,-0.85,-0.85,-0.06,34.21
1513,79960955,-542.48,-864.75,61.52,-0.67,-0.85,-0.06,34.83
1514,79965005,-537.11,-865.72,62.50,-0.79,-0.61,0.18,34.64
1515,79970799,-533.20,-858.89,56.15,-0.98,-0.98,0.18,34.64
1516,79974848,-536.13,-863.77,54.69,-0.79,-0.73,0.12,34.50
1517,79978898,-538.09,-862.30,53.71,-0.73,-0.85,0.49,34.31
1518,79982955,-537.11,-860.84,59.57,-0.79,-0.79,0.30,34.40
1519,79987005,-538.09,-860.35,55.66,-0.79,-0.98,0.24,34.40
1520,79992799,-541.02,-865.23,59.57,-0.79,-0.73,0.43,34.64
1521,79996848,-534.67,-860.84,57.62,-0.79,-0.55,0.49,34.69
1522,80000898,-535.16,-864.26,56.64,-0.98,-0.49,0.55,34.36
1523,80004955,-541.50,-866.70,57.62,-0.79,-0.61,0.73,34.74
1524,80009005,-541.02,-864.26,60.55,-0.55,-0.67,0.61,34.31
1525,80014799,-532.71,-860.84,60.06,-0.98,-0.73,0.49,34.69
1526,80018848,-541.50,-866.70,59.08,-0.85,-0.91,0.55,34.74
1527,80022898,-542.97,-862.30,57.62,-0.79,-0.73,0.43,34.69
1528,80026955,-534.18,-863.28,59.08,-0.79,-0.49,0.24,34.64
1529,80031005,-536.13,-861.33,59.08,-0.91,-0.85,0.49,34.40
1530,80036799,-541.02,-866.70,61.52,-0.91,-0.73,0.37,34.64
1531,80040848,-536.13,-861.82,56.15,-0.67,-0.61,0.30,34.40
1532,80044898,-534.18,-859.37,61.04,-0.79,-0.98,0.30,34.64
1533,80048955,-533.69,-863.28,59.08,-0.91,-0.79,0.18,34.31
1534,80053005,-537.60,-870.61,57.13,-0.85,-0.49,0.18,34.40
1535,80058799,-532.71,-858.40,60.55,-0.85,-0.61,0.12,34.50
1536,80062848,-533.20,-859.37,55.66,-0.79,-0.61,0.30,34.93
1537,80066898,-540.53,-863.77,56.15,-1.04,-0.73,-0.06,34.64
1538,80070955,-539.06,-856.45,60.06,-1.04,-0.73,0.06,34.50
1539,80075005,-537.11,-862.79,55.18,-0.91,-0.73,0.12,34.69
1540,80080799,-537.60,-862.79,55.18,-0.79,-0.98,0.06,34.36
1541,80084848,-540.04,-866.70,60.06,-0.73,-0.73,-0.06,34.50
1542,80088898,-535.64,-858.40,60.06,-0.73,-0.67,0.18,34.69
1543,80092955,-532.23,-859.37,56.64,-0.73,-0.61,0.18,34.50
1544,80097005,-536.62,-867.68,59.57,-0.73,-0.79,0.18,34.40
1545,80102799,-535.16,-859.37,61.04,-0.55,-0.61,-0.06,34.64
1546,80106848,-533.20,-858.89,62.01,-0.98,-0.67,0.30,34.55
1547,80110898,-540.53,-872.56,59.08,-0.79,-0.67,0.18,34.64
1548,80114955,-535.16,-862.30,61.52,-0.67,-0.79,0.06,34.55
1549,80119005,-531.74,-861.82,58.11,-0.85,-0.49,0.12,34.74
1550,80124799,-540.53,-862.30,55.66,-1.04,-0.79,0.24,34.64
1551,80128848,-536.13,-866.21,58.11,-0.67,-0.61,0.43,34.21
1552,80132898,-534.67,-856.45,55.66,-0.73,-0.67,0.12,34.69
1553,80136955,-536.13,-862.30,59.08,-0.79,-0.67,0.61,34.55
1554,80142799,-541.99,-865.23,58.11,-0.85,-0.43,0.55,34.36
1555,80146848,-540.04,-861.82,56.15,-0.91,-0.67,0.49,34.50
1556,80150898,-534.67,-864.75,62.01,-0.98,-0.55,0.49,34.36
1557,80154955,-538.57,-867.19,57.62,-1.04,-0.61,0.55,34.40
1558,80159005,-539.55,-863.28,57.62,-0.79,-0.79,0.61,34.50
1559,80164799,-536.13,-850.10,57.62,-0.98,-0.55,0.49,34.69
1560,80168848,-539.55,-861.82,56.64,-0.98,-0.55,0.67,34.40
1561,80172898,-541.50,-866.21,59.57,-0.67,-0.55,0.55,34.40
1562,80176955,-538.09,-861.33,58.59,-0.73,-0.55,0.49,34.64
1563,80181005,-537.11,-861.33,54.69,-0.85,-0.85,0.24,34.50
1564,80186799,-542.97,-862.30,57.62,-0.91,-0.91,0.43,34.55
1565,80190848,-537.11,-863.28,59.08,-0.79,-0.98,0.43,34.64
1566,80194898,-536.62,-857.42,57.62,-0.91,-0.67,0.43,34.12
1567,80198955,-536.62,-861.82,60.06,-1.28,-0.91,0.12,34.69
1568,80203005,-535.64,-863.28,58.59,-0.79,-0.85,0.00,34.40
1569,80208799,-537.60,-864.26,55.66,-0.85,-0.85,0.18,34.93
1570,80212848,-535.64,-861.33,59.08,-0.79,-0.61,-0.06,34.55
1571,80216898,-541.99,-865.72,56.64,-0.67,-0.79,-0.18,34.55
1572,80220955,-538.57,-868.16,58.59,-0.67,-0.79,-0.18,34.64
1573,80225005,-534.67,-861.82,56.64,-0.73,-0.85,-0.06,34.55
1574,80230799,-540.04,-866.21,60.55,-0.91,-0.79,-0.06,34.36
1575,80234848,-538.09,-865.72,54.20,-0.49,-0.67,0.00,34.31
1576,80238898,-535.16,-863.28,61.04,-0.61,-0.73,0.00,34.55
1577,80242955,-534.18,-865.23,59.08,-1.10,-0.61,0.24,34.55
1578,80247005,-538.57,-862.30,57.62,-0.91,-0.91,0.30,34.55
1579,80252799,-535.16,-862.79,59.57,-0.73,-0.61,0.06,34.69
1580,80256848,-537.11,-860.84,59.57,-0.91,-0.55,0.24,34.64
1581,80260898,-542.48,-868.16,53.71,-0.85,-0.73,0.49,34.16
1582,80264955,-540.53,-865.23,60.55,-0.98,-0.79,0.43,34.31
1583,80269005,-534.18,-864.75,59.08,-0.85,-0.79,0.55,34.40
1584,80274799,-537.11,-865.72,55.66,-0.91,-0.55,0.37,34.50
1585,80278848,-541.02,-861.33,57.62,-0.73,-0.79,0.30,34.50
1586,80282898,-532.23,-862.30,55.66,-0.79,-0.67,0.18,34.36
1587,80286955,-536.13,-860.84,60.55,-0.85,-0.98,0.49,34.31
1588,80291005,-539.06,-866.70,56.15,-0.85,-0.73,0.61,34.40
1589,80296799,-538.57,-858.40,54.20,-0.85,-0.55,0.61,34.64
1590,80300848,-535.16,-863.28,58.11,-1.10,-0.79,0.55,34.64
1591,80304898,-538.09,-866.21,59.08,-0.73,-0.49,0.55,34.64
1592,80308955,-538.57,-861.82,61.52,-0.85,-0.67,0.12,34.40
1593,80313005,-530.76,-858.40,59.57,-0.98,-0.79,0.43,34.55
1594,80318799,-536.62,-861.82,59.57,-0.79,-0.79,0.24,34.69
1595,80322848,-539.55,-863.77,62.01,-0.73,-0.91,0.24,34.50
1596,80326898,-537.11,-859.37,59.57,-1.10,-0.79,0.24,34.64
1597,80330955,-540.04,-863.28,63.48,-0.91,-0.98,0.24,34.64
1598,80335005,-538.09,-858.89,61.04,-0.67,-0.73,0.37,34.50
1599,80340799,-539.55,-867.19,57.13,-0.91,-0.73,0.12,34.69
1600,80344848,-535.16,-859.86,62.50,-0.85,-0.79,0.24,34.40
1601,80348898,-542.97,-864.75,60.55,-0.67,-0.49,0.00,34.69
1602,80352955,-536.13,-862.79,59.57,-0.85,-0.73,0.00,34.55
1603,80358799,-536.13,-861.82,63.48,-1.04,-0.55,-0.06,34.64
1604,80362848,-539.06,-866.21,58.11,-0.98,-0.79,0.12,34.64
1605,80366898,-541.99,-866.21,61.52,-0.61,-0.79,0.06,34.50
1606,80370955,-540.53,-861.82,59.08,-0.73,-0.61,0.00,34.64
1607,80375005,-536.62,-861.82,60.06,-0.73,-0.79,0.06,34.55
1608,80380799,-539.55,-863.77,57.13,-0.61,-0.73,0.24,34.55
1609,80384848,-537.11,-858.40,60.06,-1.16,-0.67,0.18,34.64
1610,80388898,-538.09,-862.30,59.57,-1.10,-0.37,0.00,34.40
1611,80392955,-539.55,-868.16,58.11,-1.04,-0.67,0.24,34.50
1612,80397005,-538.09,-866.21,63.48,-0.73,-0.73,0.24,34.50
1613,80402799,-536.62,-860.84,57.62,-0.85,-0.67,0.37,34.69
1614,80406848,-537.11,-862.79,61.52,-0.73,-0.67,0.49,34.64
1615,80410898,-542.97,-864.26,58.11,-0.85,-0.73,0.43,34.36
1616,80414955,-537.60,-863.28,58.11,-0.73,-0.79,0.43,34.64
1617,80419005,-530.27,-861.33,62.01,-1.04,-0.73,0.61,34.64
1618,80424799,-542.48,-868.16,58.11,-0.79,-0.61,0.43,34.40
1619,80428848,-537.11,-862.79,62.01,-0.79,-0.73,0.30,34.69
1620,80432898,-533.69,-862.30,63.48,-0.91,-0.85,0.43,34.40
1621,80436955,-540.04,-866.21,61.04,-0.79,-0.85,0.61,34.40
1622,80441005,-545.41,-867.19,60.06,-0.79,-0.55,0.30,34.40
1623,80446799,-538.09,-858.89,58.59,-0.98,-0.91,0.43,34.64
1624,80450848,-539.06,-862.79,62.99,-0.91,-0.91,0.37,34.50
1625,80454898,-545.41,-868.16,62.01,-0.61,-0.85,0.43,34.50
1626,80458955,-535.64,-861.33,59.08,-0.73,-0.67,0.06,34.69
1627,80463005,-532.71,-860.84,59.08,-0.98,-0.79,0.30,34.50
1628,80468799,-536.62,-869.14,56.64,-0.85,-0.73,0.37,34.50
1629,80472848,-539.06,-864.26,60.55,-0.85,-0.67,0.24,34.40
1630,80476898,-535.64,-858.89,61.52,-0.73,-0.79,-0.18,34.31
1631,80480955,-538.57,-864.75,57.13,-1.04,-0.79,0.24,34.64
1632,80485005,-537.60,-866.21,59.57,-0.61,-0.67,0.37,34.64
1633,80490799,-539.06,-858.89,61.04,-0.91,-0.67,0.18,34.40
1634,80494848,-536.13,-858.40,56.15,-0.85,-0.67,0.06,34.50
1635,80498898,-542.48,-868.65,60.06,-0.43,-0.91,0.18,34.88
1636,80502955,-536.13,-865.72,58.59,-0.79,-0.85,0.18,34.21
1637,80507005,-532.23,-857.42,60.06,-0.85,-0.91,0.37,34.50
1638,80512799,-538.57,-862.79,55.66,-0.79,-0.79,0.12,34.36
1639,80516848,-538.09,-865.72,63.48,-0.79,-0.43,0.12,34.40
1640,80520898,-530.76,-859.86,63.96,-0.73,-0.79,0.12,34.40
1641,80524955,-535.64,-864.75,61.04,-1.04,-0.67,0.06,34.31
1642,80529005,-539.06,-865.72,60.06,-0.73,-0.49,0.30,34.40
1643,80534799,-536.13,-866.70,62.50,-0.61,-0.61,0.06,34.50
1644,80538848,-530.27,-860.35,60.55,-1.04,-0.91,0.30,34.64
1645,80542898,-542.48,-869.14,60.06,-0.91,-0.85,0.30,34.64
1646,80546955,-541.50,-866.70,58.59,-0.61,-0.67,0.24,34.69
1647,80551005,-536.62,-860.35,58.11,-0.91,-0.61,0.55,34.69
1648,80556799,-536.62,-861.82,57.62,-0.85,-0.49,0.61,34.50
1649,80560848,-541.99,-859.37,61.52,-0.73,-0.49,0.24,34.64
1650,80564898,-538.57,-861.82,55.66,-0.67,-0.67,0.37,34.69
1651,80568955,-540.04,-862.30,58.11,-0.91,-0.73,0.49,34.69
1652,80573005,-536.62,-863.28,61.52,-0.79,-0.49,0.30,34.69
1653,80578799,-538.57,-863.77,57.62,-0.67,-0.85,0.30,34.50
1654,80582848,-534.67,-858.89,61.52,-0.85,-0.73,0.37,34.40
1655,80586898,-541.50,-860.84,57.13,-0.85,-0.61,0.24,34.74
1656,80590955,-537.11,-866.21,60.55,-0.85,-0.79,0.30,34.40
1657,80596799,-535.16,-858.89,55.18,-0.79,-0.67,0.30,34.36
1658,80600848,-538.57,-861.82,61.52,-1.10,-0.91,0.30,34.40
1659,80604898,-537.11,-866.70,59.57,-0.79,-0.61,0.18,34.31
1660,80608955,-539.55,-860.35,57.13,-0.98,-0.79,0.06,34.69
1661,80613005,-532.23,-862.79,59.08,-0.85,-0.61,0.18,34.64
1662,80618799,-537.11,-865.72,59.08,-0.85,-0.61,0.06,34.50
1663,80622848,-533.69,-860.35,59.08,-0.73,-0.79,0.06,34.40
1664,80626898,-539.06,-858.89,54.69,-0.49,-0.79,0.00,34.50
1665,80630955,-540.53,-861.82,58.59,-0.85,-0.73,0.12,34.50
1666,80635005,-537.60,-864.26,62.01,-0.67,-0.67,0.00,34.55
1667,80640799,-534.18,-855.96,62.50,-1.04,-0.73,0.24,34.64
1668,80644848,-538.09,-861.33,60.55,-0.85,-0.67,0.12,34.64
1669,80648898,-538.09,-866.21,60.55,-0.85,-0.61,0.12,34.12
1670,80652955,-534.18,-860.84,63.96,-0.67,-0.49,0.18,34.64
1671,80657005,-537.11,-861.82,62.99,-0.98,-0.79,0.24,34.64
1672,80662799,-541.99,-865.72,60.55,-0.91,-0.79,0.24,34.74
1673,80666848,-530.76,-856.93,60.06,-0.61,-0.67,0.49,34.55
1674,80670898,-540.53,-861.82,59.08,-0.79,-0.73,0.37,34.64
1675,80674955,-534.18,-866.21,55.66,-0.91,-0.73,0.67,34.55
1676,80679005,-541.99,-863.28,58.11,-0.61,-0.73,0.43,34.64
1677,80684799,-533.20,-859.86,61.52,-1.22,-0.49,0.30,34.50
1678,80688848,-533.20,-862.30,61.52,-0.85,-0.79,0.37,34.50
1679,80692898,-539.06,-871.09,57.62,-0.61,-0.55,0.37,34.64
1680,80696955,-536.62,-862.30,62.99,-0.79,-0.79,0.24,34.21
1681,80701005,-533.69,-860.84,58.11,-1.22,-0.91,0.37,34.69
1682,80706799,-541.02,-865.72,57.13,-0.85,-0.61,0.55,34.50
1683,80710848,-534.67,-860.84,59.08,-0.67,-0.79,0.24,34.74
1684,80714898,-536.62,-862.30,61.52,-1.10,-0.73,0.37,34.40
1685,80718955,-540.53,-862.30,59.57,-0.85,-0.73,0.37,34.21
1686,80723005,-537.60,-866.21,58.59,-0.55,-0.67,0.24,34.69
1687,80728799,-533.69,-858.89,58.11,-0.85,-0.67,0.18,34.40
1688,80732848,-535.16,-867.68,57.62,-0.91,-0.85,0.06,34.40
1689,80736898,-537.60,-868.65,60.55,-0.79,-0.73,0.12,34.64
1690,80740955,-536.62,-863.77,61.04,-0.79,-0.85,0.18,34.36
1691,80745005,-535.16,-858.40,59.08,-0.85,-0.79,-0.12,34.64
1692,80750799,-542.48,-865.23,58.11,-0.91,-0.67,0.12,34.55
1693,80754848,-540.53,-860.84,61.04,-0.73,-0.49,0.24,34.55
1694,80758898,-529.30,-856.45,62.01,-0.91,-0.61,0.18,34.40
1695,80762955,-533.69,-866.21,57.13,-0.79,-0.91,0.24,34.36
1696,80767005,-541.99,-869.63,63.96,-0.91,-1.04,0.12,34.69
1697,80772799,-540.53,-861.33,57.62,-1.10,-0.67,0.18,34.50
1698,80776848,-534.67,-864.26,59.08,-1.04,-0.61,0.12,34.55
1699,80780898,-537.11,-865.72,57.62,-0.85,-0.91,0.43,34.74
1700,80784955,-537.60,-865.23,58.11,-0.79,-0.55,0.12,34.40
1701,80789005,-533.20,-856.93,58.59,-1.16,-0.73,0.12,34.64
1702,80794799,-536.62,-866.21,59.08,-0.98,-0.79,0.18,34.74
1703,80798848,-540.04,-860.35,61.52,-0.85,-0.67,0.12,34.40
1704,80802898,-531.25,-855.96,57.62,-0.98,-0.67,0.30,34.55
1705,80806955,-537.11,-865.23,56.64,-0.91,-0.79,0.24,34.50
1706,80812799,-538.57,-865.23,58.11,-0.85,-0.61,0.24,34.55
1707,80816848,-533.69,-864.26,61.04,-0.73,-0.61,0.37,34.50
1708,80820898,-537.11,-862.30,60.55,-1.10,-0.61,0.12,34.40
1709,80824955,-537.60,-866.70,56.15,-0.98,-0.91,0.18,34.69
1710,80829005,-536.62,-864.26,62.99,-0.85,-0.85,0.43,34.40
1711,80834799,-535.64,-857.91,59.08,-0.79,-0.91,0.37,34.64
1712,80838848,-537.60,-863.77,62.99,-0.85,-0.49,0.43,34.50
1713,80842898,-535.16,-860.35,61.52,-0.85,-0.67,0.49,34.36
1714,80846955,-540.53,-857.42,59.08,-0.67,-0.79,0.43,34.74
1715,80851005,-538.09,-868.16,58.11,-1.10,-0.73,0.37,34.55
1716,80856799,-539.55,-867.19,59.08,-0.79,-0.79,0.12,34.50
1717,80860848,-534.18,-857.91,56.64,-0.79,-0.55,0.18,34.36
1718,80864898,-536.13,-865.23,62.50,-0.91,-0.85,0.30,34.21
1719,80868955,-535.64,-863.28,58.59,-0.79,-0.98,0.37,34.50
1720,80873005,-538.09,-863.28,56.64,-0.73,-0.79,0.24,34.40
1721,80878799,-538.09,-859.37,59.08,-0.91,-0.91,0.18,34.36
1722,80882848,-541.50,-869.63,60.55,-0.91,-0.79,-0.18,34.64
1723,80886898,-540.53,-864.26,59.57,-0.55,-0.85,0.00,34.40
1724,80890955,-539.55,-857.42,59.08,-0.85,-0.67,0.12,34.64
1725,80895005,-541.99,-861.82,60.06,-0.85,-0.55,0.06,34.88
1726,80900799,-543.95,-866.21,57.62,-0.79,-0.85,0.30,34.74
1727,80904848,-533.69,-863.77,56.64,-0.85,-0.67,0.30,34.64
1728,80908898,-539.55,-863.28,59.57,-0.79,-0.79,0.06,34.64
1729,80912955,-541.02,-864.26,59.08,-0.85,-0.61,0.18,34.50
1730,80917005,-540.53,-861.82,59.57,-0.79,-0.67,0.18,34.64
1731,80922799,-531.74,-861.82,60.06,-0.85,-0.67,0.37,34.69
1732,80926848,-540.53,-865.23,59.57,-0.85,-0.67,0.37,34.40
1733,80930898,-539.06,-859.86,62.01,-0.73,-0.73,0.18,34.64
1734,80934955,-530.76,-858.40,58.59,-0.73,-0.73,0.12,34.31
1735,80939005,-536.13,-862.79,60.06,-0.85,-0.67,-0.06,34.64
1736,80944799,-538.09,-863.77,59.08,-0.98,-0.67,0.18,34.64
1737,80948848,-533.69,-859.37,58.11,-0.79,-0.43,0.12,34.55
1738,80952898,-536.62,-858.89,63.48,-0.85,-0.73,0.06,34.50
1739,80956955,-539.55,-862.30,62.50,-0.85,-0.67,0.37,34.36
1740,80961005,-539.55,-865.72,65.43,-0.73,-0.67,0.06,34.74
1741,80966799,-532.23,-859.37,59.57,-0.73,-0.55,0.30,34.50
1742,80970848,-538.57,-862.30,61.52,-0.85,-0.67,0.30,34.40
1743,80974898,-538.09,-862.30,54.20,-0.85,-0.85,0.24,34.55
1744,80978955,-535.64,-856.45,60.55,-0.85,-0.91,0.24,34.31
1745,80983005,-537.11,-861.33,57.62,-0.91,-0.73,0.61,34.64
1746,80988799,-535.64,-865.23,56.15,-1.10,-0.79,0.49,34.40
1747,80992848,-530.27,-857.91,61.52,-0.85,-0.49,0.79,34.64
1748,80996898,-533.69,-855.96,59.08,-0.91,-0.61,0.73,34.36
1749,81000955,-538.57,-863.77,56.64,-0.85,-0.49,0.67,34.50
1750,81005005,-535.16,-863.77,59.57,-0.85,-0.55,0.73,34.55
1751,81010799,-538.57,-862.30,58.11,-0.85,-0.79,0.67,34.64
1752,81014848,-541.50,-866.70,60.55,-0.73,-0.85,0.49,34.50
1753,81018898,-539.06,-860.35,59.57,-0.85,-0.73,0.43,34.74
1754,81022955,-539.06,-856.93,56.64,-0.91,-0.67,0.43,34.55
1755,81028799,-540.04,-862.30,53.71,-0.91,-0.61,0.00,34.64
1756,81032848,-544.43,-863.77,57.62,-0.67,-0.98,0.06,34.40
1757,81036898,-538.57,-858.89,65.43,-0.85,-0.55,-0.12,34.50
1758,81040955,-536.13,-859.37,59.57,-0.98,-0.85,0.00,34.50
1759,81045005,-541.02,-862.30,61.52,-0.61,-0.73,0.00,34.64
1760,81050799,-537.11,-863.28,60.55,-0.67,-0.79,-0.24,34.55
1761,81054848,-541.50,-862.30,60.55,-0.98,-0.91,0.12,34.69
1762,81058898,-536.62,-866.70,60.55,-0.98,-0.79,0.24,34.64
1763,81062955,-541.50,-862.30,57.13,-0.98,-0.67,0.24,34.74
1764,81067005,-537.11,-859.37,54.20,-0.73,-0.55,0.06,34.55
1765,81072799,-536.62,-862.79,60.06,-1.04,-0.91,0.30,34.50
1766,81076848,-540.53,-862.79,57.62,-0.73,-0.67,0.49,34.40
1767,81080898,-540.53,-861.33,56.64,-0.98,-0.73,0.43,34.31
1768,81084955,-538.09,-865.23,60.55,-1.10,-0.67,0.43,34.64
1769,81089005,-539.06,-868.65,64.45,-0.55,-0.55,0.73,34.64
1770,81094799,-536.13,-865.23,59.57,-0.67,-0.73,0.37,34.64
1771,81098848,-534.67,-860.84,63.96,-0.79,-0.49,0.85,34.50
1772,81102898,-541.99,-863.77,60.06,-0.91,-0.67,0.79,34.55
1773,81106955,-539.55,-865.23,61.04,-0.67,-0.55,0.49,34.64
1774,81111005,-534.67,-862.79,59.08,-0.73,-0.61,0.49,34.50
1775,81116799,-535.16,-860.35,56.64,-1.04,-0.55,0.49,34.64
1776,81120848,-539.06,-863.28,59.57,-0.73,-0.79,0.30,34.64
1777,81124898,-537.11,-860.84,54.69,-0.73,-0.67,0.24,34.40
1778,81128955,-535.64,-859.37,59.08,-0.91,-0.67,0.30,34.64
1779,81133005,-538.09,-864.75,55.18,-0.85,-0.73,0.49,34.40
1780,81138799,-541.02,-864.26,59.57,-0.91,-0.73,0.30,34.64
1781,81142848,-536.62,-862.79,57.62,-0.73,-0.91,0.37,34.36
1782,81146898,-535.16,-871.58,60.55,-0.79,-1.04,0.43,34.40
1783,81150955,-537.11,-862.30,58.11,-0.73,-0.55,0.24,34.69
1784,81155005,-534.18,-859.86,59.08,-1.04,-0.61,0.00,34.64
1785,81160799,-537.60,-862.30,62.01,-0.85,-0.55,0.24,34.83
1786,81164848,-538.57,-866.21,57.62,-0.85,-0.79,0.12,34.55
1787,81168898,-533.69,-861.82,57.62,-0.85,-0.73,0.24,34.64
1788,81172955,-528.32,-854.49,61.52,-0.98,-0.85,0.18,34.31
1789,81177005,-541.99,-861.33,60.06,-0.55,-0.79,0.55,34.64
1790,81182799,-542.48,-862.79,63.48,-0.79,-0.61,0.12,34.69
1791,81186848,-532.23,-855.47,58.59,-0.85,-0.67,0.24,34.55
1792,81190898,-532.23,-864.26,62.01,-0.91,-0.79,0.30,34.40
1793,81194955,-539.55,-867.19,60.06,-0.85,-0.67,0.06,34.40
1794,81199005,-533.69,-857.91,59.57,-0.61,-0.79,0.12,34.64
1795,81204799,-533.69,-857.42,57.13,-0.98,-0.49,0.24,34.40
1796,81208848,-537.11,-868.65,62.50,-0.73,-0.79,0.30,34.55
1797,81212898,-536.62,-860.35,64.45,-0.73,-0.61,0.00,34.55
1798,81216955,-530.76,-859.86,60.06,-1.04,-1.04,0.37,34.64
1799,81221005,-539.06,-863.77,57.62,-1.10,-0.73,0.43,34.50
1800,81226799,-541.02,-864.75,59.57,-0.91,-0.67,0.30,34.40
1801,81230848,-535.64,-855.96,61.04,-0.79,-0.67,0.37,34.40
1802,81234898,-534.18,-865.23,60.06,-0.98,-0.67,0.24,34.69
1803,81238955,-541.02,-867.68,58.59,-0.67,-0.98,0.55,34.50
1804,81244799,-538.57,-858.40,60.55,-0.73,-0.43,0.24,34.64
1805,81248848,-534.67,-862.79,63.48,-1.04,-0.79,0.24,34.74
1806,81252898,-538.57,-862.30,56.64,-0.67,-0.73,0.37,34.69
1807,81256955,-539.06,-861.82,57.62,-0.73,-0.67,0.30,34.93
1808,81261005,-538.09,-858.89,57.13,-0.79,-0.49,0.49,34.50
1809,81265054,-534.67,-864.26,57.13,-0.85,-0.73,0.37,34.69
1810,81270799,-535.64,-867.68,60.55,-0.67,-0.67,0.49,34.50
1811,81274848,-533.69,-856.93,61.52,-0.91,-0.55,0.37,34.36
1812,81278898,-535.64,-861.33,61.52,-0.85,-0.55,0.00,34.69
1813,81282955,-536.13,-867.68,58.11,-0.91,-0.61,0.43,34.55
1814,81288799,-539.55,-859.86,57.62,-0.79,-0.67,0.49,34.64
1815,81292848,-534.18,-862.79,60.55,-0.91,-0.73,0.37,34.64
1816,81296898,-532.23,-865.23,59.57,-0.79,-0.67,0.49,34.21
1817,81300955,-538.09,-862.79,63.48,-0.85,-0.73,0.30,34.64
1818,81305005,-541.02,-858.40,62.01,-0.98,-0.85,0.37,34.64
1819,81310799,-537.11,-860.35,57.13,-0.79,-0.55,0.37,34.50
1820,81314848,-540.53,-864.26,58.11,-0.91,-0.67,0.30,34.64
1821,81318898,-539.55,-859.86,60.55,-0.79,-0.67,0.30,34.50
1822,81322955,-536.13,-861.33,63.48,-1.10,-0.67,0.24,34.64
1823,81327005,-541.02,-865.72,60.55,-0.98,-0.67,0.18,34.40
1824,81332799,-538.09,-861.82,58.11,-0.91,-0.61,0.37,34.88
1825,81336848,-539.55,-864.26,64.94,-0.67,-0.61,0.43,34.74
1826,81340898,-538.57,-862.30,61.52,-0.79,-0.67,0.30,34.36
1827,81344955,-536.62,-866.21,55.66,-0.79,-0.98,0.00,34.55
1828,81349005,-535.64,-858.40,61.52,-0.98,-0.61,0.37,34.50
1829,81354799,-538.09,-863.77,56.15,-0.91,-0.79,0.37,34.40
1830,81358848,-538.09,-863.28,59.57,-0.98,-0.61,0.43,34.69
1831,81362898,-536.13,-859.86,60.55,-0.85,-0.85,0.24,34.40
1832,81366955,-534.18,-862.79,61.04,-1.10,-0.85,0.30,34.64
1833,81371005,-540.53,-866.21,54.69,-0.91,-0.79,0.37,34.64
1834,81376799,-538.09,-864.26,58.59,-0.85,-0.67,0.37,34.69
1835,81380848,-536.13,-858.40,60.55,-0.91,-0.79,0.37,34.55
1836,81384898,-539.06,-865.23,57.13,-0.98,-0.49,0.49,34.55
1837,81388955,-536.62,-861.82,60.55,-0.79,-0.91,0.30,34.31
1838,81393005,-539.55,-861.82,62.50,-1.10,-0.79,0.37,34.36
1839,81398799,-538.09,-862.30,60.55,-0.91,-0.67,0.24,34.55
1840,81402848,-538.57,-865.23,61.04,-0.79,-0.79,0.06,34.31
1841,81406898,-538.57,-860.84,61.52,-0.67,-0.79,0.18,34.64
1842,81410955,-536.13,-858.89,61.52,-0.79,-0.55,0.37,34.36
1843,81415005,-542.48,-866.70,58.59,-0.73,-0.61,0.30,34.64
1844,81420799,-540.53,-863.28,56.64,-0.73,-0.73,0.06,34.64
1845,81424848,-534.18,-857.42,61.52,-0.98,-0.73,0.24,34.64
1846,81428898,-538.57,-867.19,60.55,-0.79,-0.91,0.30,34.36
1847,81432955,-536.62,-863.77,59.57,-0.98,-0.79,0.18,34.21
1848,81437005,-530.76,-857.91,62.01,-1.10,-0.85,0.30,34.55
1849,81442799,-534.67,-860.35,61.04,-0.85,-0.91,0.30,34.36
1850,81446848,-540.04,-869.14,62.01,-0.61,-0.61,0.37,34.88
1851,81450898,-539.06,-860.84,60.06,-0.67,-0.67,0.06,34.69
1852,81454955,-531.74,-860.84,58.59,-0.98,-0.61,0.12,34.55
1853,81459005,-540.04,-865.72,59.57,-0.73,-0.61,0.18,34.50
1854,81464799,-541.50,-866.70,54.69,-0.85,-0.61,0.24,34.40
1855,81468848,-534.67,-857.42,58.59,-0.85,-0.85,0.18,34.31
1856,81472898,-542.48,-867.19,58.11,-1.10,-0.73,0.43,34.88
1857,81476955,-540.04,-865.23,58.59,-0.73,-0.91,0.30,34.69
1858,81482799,-535.16,-854.98,60.55,-0.67,-0.73,0.18,34.64
1859,81486848,-537.11,-864.26,58.59,-0.79,-0.49,0.18,34.50
1860,81490898,-538.57,-865.72,57.62,-0.73,-0.67,0.06,34.31
1861,81494955,-535.64,-867.68,61.04,-0.85,-0.49,0.30,34.50
1862,81499005,-534.18,-860.84,60.06,-1.04,-0.67,0.43,34.64
1863,81504799,-539.55,-865.72,59.08,-0.98,-0.55,0.37,34.55
1864,81508848,-539.06,-861.33,59.57,-0.98,-0.85,0.43,34.64
1865,81512898,-534.18,-860.35,61.52,-0.85,-0.61,0.12,34.40
1866,81516955,-540.04,-860.84,59.08,-1.10,-0.73,0.43,34.83
1867,81521005,-538.57,-866.21,59.57,-0.85,-0.67,0.49,34.69
1868,81526799,-538.09,-859.86,59.57,-0.91,-0.79,0.37,34.88
1869,81530848,-534.67,-860.84,57.62,-0.91,-0.91,0.37,34.55
1870,81534898,-541.50,-869.14,58.59,-0.79,-0.73,0.30,34.21
1871,81538955,-540.04,-863.28,58.59,-0.91,-0.85,0.43,34.40
1872,81543005,-538.57,-862.79,61.52,-0.91,-0.73,0.12,34.64
1873,81548799,-537.60,-866.21,58.59,-1.10,-0.79,0.18,34.64
1874,81552848,-539.06,-866.21,59.57,-0.73,-0.73,0.49,34.64
1875,81556898,-540.04,-861.82,58.11,-0.85,-0.79,0.24,34.64
1876,81560955,-543.46,-863.77,61.52,-0.79,-0.79,0.24,34.64
1877,81565005,-535.16,-865.23,57.13,-0.98,-0.67,0.43,34.55
1878,81570799,-537.11,-864.26,59.57,-0.79,-0.61,0.30,34.64
1879,81574848,-535.64,-861.33,55.66,-0.79,-0.73,0.24,34.50
1880,81578898,-539.55,-866.70,56.64,-0.85,-0.67,0.61,34.74
1881,81582955,-542.48,-866.70,56.15,-0.85,-0.79,0.61,34.83
1882,81587005,-536.62,-859.37,59.08,-0.98,-0.43,0.49,34.64
1883,81592799,-539.06,-860.35,60.55,-0.85,-0.79,0.12,34.40
1884,81596848,-539.55,-864.75,58.59,-0.61,-0.61,0.37,34.64
1885,81600898,-539.55,-860.35,62.01,-0.55,-0.79,0.12,34.50
1886,81604955,-539.06,-865.23,56.64,-0.67,-0.91,0.06,34.40
1887,81609005,-541.99,-865.72,57.62,-0.85,-0.79,-0.12,34.40
1888,81614799,-536.13,-865.72,58.59,-0.85,-0.43,0.06,34.64
1889,81618848,-533.20,-860.35,54.20,-0.98,-0.85,-0.12,34.64
1890,81622898,-540.04,-862.79,60.55,-1.10,-0.91,-0.06,34.64
1891,81626955,-539.06,-863.28,62.50,-0.98,-0.61,-0.18,34.36
1892,81631005,-531.74,-861.33,62.01,-0.73,-0.61,0.18,34.50
1893,81636799,-536.13,-864.26,58.11,-0.61,-0.61,0.37,34.55
1894,81640848,-539.06,-867.19,58.59,-0.61,-0.67,0.24,34.40
1895,81644898,-534.67,-859.86,60.06,-0.98,-0.67,0.43,34.50
1896,81648955,-533.20,-858.40,60.55,-0.85,-0.49,0.43,34.55
1897,81653005,-538.57,-865.23,58.59,-0.85,-0.37,0.43,34.40
1898,81658799,-540.53,-867.68,56.15,-0.73,-0.61,0.67,34.64
1899,81662848,-532.71,-859.37,58.11,-1.04,-0.73,0.61,34.21
1900,81666898,-537.11,-871.09,60.06,-0.67,-0.67,0.67,34.55
1901,81670955,-537.60,-864.26,59.08,-0.73,-0.79,0.30,34.55
1902,81675005,-534.18,-863.28,59.57,-0.91,-0.91,0.37,34.64
1903,81680799,-535.16,-864.75,64.45,-0.73,-0.73,0.61,34.50
1904,81684848,-540.53,-867.19,56.64,-0.85,-0.67,0.43,34.40
1905,81688898,-535.16,-858.89,58.11,-0.85,-0.37,0.18,34.74
1906,81692955,-533.69,-860.35,57.62,-0.79,-0.79,0.30,34.50
1907,81698799,-542.48,-867.68,59.08,-0.85,-0.67,0.24,34.69
1908,81702848,-534.18,-859.86,62.01,-0.79,-0.91,0.06,34.40
1909,81706898,-532.71,-861.33,61.52,-0.85,-0.85,0.00,34.36
1910,81710955,-537.60,-866.70,57.13,-0.91,-0.79,0.24,34.50
1911,81715005,-540.53,-864.75,60.55,-0.61,-0.49,0.12,34.64
1912,81720799,-533.69,-858.89,62.50,-0.91,-0.67,0.12,34.50
1913,81724848,-537.60,-865.72,54.69,-0.73,-0.61,0.18,34.74
1914,81728898,-541.02,-868.16,56.64,-0.79,-0.85,0.00,34.40
1915,81732955,-534.67,-860.35,61.04,-1.04,-0.61,0.43,34.64
1916,81737005,-534.18,-860.84,61.04,-1.04,-0.67,0.49,34.64
1917,81742799,-539.06,-863.77,57.62,-0.73,-0.85,0.67,34.64
1918,81746848,-531.74,-859.86,62.01,-0.79,-0.73,0.43,34.74
1919,81750898,-536.62,-861.82,56.15,-0.85,-0.61,0.37,34.36
1920,81754955,-537.11,-868.16,61.52,-0.79,-0.73,0.43,34.69
1921,81759005,-541.99,-865.23,62.01,-0.85,-0.61,0.43,34.40
1922,81764799,-537.60,-855.96,62.01,-0.67,-0.55,0.55,34.50
1923,81768848,-534.18,-862.79,62.01,-0.79,-0.67,0.43,34.69
1924,81772898,-541.02,-869.14,58.11,-1.10,-0.79,0.55,34.64
1925,81776955,-537.60,-867.19,61.52,-0.67,-0.73,0.49,34.69
1926,81781005,-531.25,-860.35,58.59,-0.73,-0.73,0.24,34.64
1927,81786799,-538.57,-864.75,61.52,-0.85,-0.85,0.85,34.36
1928,81790848,-539.55,-864.75,61.04,-0.91,-0.73,0.24,34.64
1929,81794898,-533.69,-856.93,60.55,-0.98,-0.67,0.30,34.55
1930,81798955,-538.09,-863.28,58.11,-0.98,-0.73,0.24,34.69
1931,81803005,-541.50,-868.16,57.13,-0.79,-0.61,0.18,34.64
1932,81808799,-535.64,-863.77,56.64,-0.61,-0.37,0.18,34.50
1933,81812848,-536.13,-861.82,60.06,-0.98,-0.79,-0.06,34.64
1934,81816898,-539.55,-869.63,60.06,-0.79,-0.73,-0.06,34.64
1935,81820955,-541.99,-864.75,57.62,-0.79,-0.61,0.00,34.50
1936,81825005,-533.20,-856.93,57.13,-1.16,-0.43,-0.12,34.50
1937,81830799,-538.57,-858.89,59.08,-1.10,-0.73,-0.18,34.74
1938,81834848,-541.50,-867.19,61.04,-0.67,-0.73,0.00,34.50
1939,81838898,-535.64,-856.45,61.52,-0.91,-0.79,0.00,34.64
1940,81842955,-536.13,-860.84,61.04,-0.79,-0.91,0.24,34.55
1941,81847005,-537.11,-866.70,60.55,-0.73,-0.85,0.24,34.64
1942,81852799,-539.06,-870.12,57.13,-0.67,-0.43,0.30,34.50
1943,81856848,-535.64,-863.28,61.04,-1.10,-0.79,0.43,34.55
1944,81860898,-541.99,-868.16,58.11,-0.98,-0.43,0.55,34.69
1945,81864955,-544.43,-864.75,58.59,-0.67,-0.49,0.49,34.40
1946,81869005,-533.20,-862.79,62.01,-0.79,-0.79,0.37,34.64
1947,81874799,-534.18,-862.30,61.04,-1.04,-0.61,0.55,34.40
1948,81878848,-535.16,-869.63,59.08,-0.73,-0.55,0.30,34.69
1949,81882898,-535.16,-864.26,62.99,-1.16,-0.55,0.55,34.64
1950,81886955,-532.23,-863.77,60.06,-1.28,-0.67,0.37,34.40
1951,81891005,-536.62,-862.79,60.55,-1.16,-0.55,0.49,34.64
1952,81896799,-539.06,-869.14,58.11,-0.79,-0.79,0.49,34.64
1953,81900848,-530.76,-860.84,62.01,-1.16,-0.79,0.37,34.64
1954,81904898,-535.16,-867.68,58.11,-0.85,-0.85,0.30,34.31
1955,81908955,-540.53,-871.09,56.64,-0.67,-0.67,0.49,34.64
1956,81914799,-538.09,-860.35,61.04,-0.85,-0.73,0.37,34.55
1957,81918848,-535.64,-861.33,60.55,-0.98,-0.73,0.18,34.50
1958,81922898,-538.09,-866.21,57.13,-0.73,-0.73,0.06,34.50
1959,81926955,-542.48,-861.33,59.57,-0.73,-0.85,0.18,34.64
1960,81931005,-535.16,-857.91,57.13,-0.73,-0.73,0.24,34.64
1961,81935054,-539.06,-862.30,59.08,-0.79,-0.67,0.24,34.50
1962,81940799,-539.06,-861.82,59.08,-0.85,-0.79,0.12,34.31
1963,81944848,-536.13,-860.35,57.13,-0.73,-0.61,0.43,34.40
1964,81948898,-539.06,-867.68,60.06,-0.98,-0.55,0.43,34.74
1965,81952955,-539.06,-866.70,56.15,-0.91,-0.67,0.37,34.64
1966,81958799,-541.02,-859.86,61.04,-0.79,-0.67,0.37,34.50
1967,81962848,-535.64,-861.82,59.08,-1.04,-1.04,0.49,34.64
1968,81966898,-541.50,-867.68,59.57,-0.98,-0.61,0.49,34.31
1969,81970955,-539.55,-861.33,62.99,-1.04,-0.79,0.30,34.93
1970,81975005,-538.09,-862.30,57.62,-0.98,-0.79,0.18,34.50
1971,81980799,-537.60,-860.35,59.57,-0.91,-0.67,0.12,34.55
1972,81984848,-541.02,-863.28,59.57,-0.91,-0.67,-0.06,34.69
1973,81988898,-538.09,-861.82,56.15,-0.61,-0.85,0.00,34.31
1974,81992955,-537.11,-864.26,57.62,-0.98,-0.79,0.18,34.50
1975,81997005,-538.09,-867.19,58.59,-0.85,-0.61,0.12,34.64
1976,82002799,-537.60,-859.86,59.08,-0.79,-0.73,0.12,34.69
1977,82006848,-539.06,-866.21,61.04,-1.16,-0.61,0.24,34.40
1978,82010898,-540.53,-863.77,61.04,-0.91,-0.67,0.30,34.64
1979,82014955,-537.60,-867.19,58.59,-0.61,-0.43,0.00,34.50
1980,82019005,-535.16,-864.26,60.06,-0.85,-0.73,0.12,34.40
1981,82024799,-544.43,-865.23,61.52,-0.79,-0.73,0.55,34.55
1982,82028848,-537.11,-863.77,60.06,-0.67,-0.73,0.24,34.64
1983,82032898,-537.60,-862.30,60.55,-0.67,-0.67,0.30,34.50
1984,82036955,-533.20,-863.28,59.57,-0.85,-0.73,0.37,34.64
1985,82041005,-535.16,-863.28,54.20,-0.67,-0.73,0.49,34.64
1986,82046799,-537.60,-865.23,62.01,-0.85,-0.61,0.55,34.40
1987,82050848,-537.60,-863.28,59.57,-0.79,-0.85,0.49,34.69
1988,82054898,-539.55,-863.77,60.55,-1.04,-0.79,0.37,34.50
1989,82058955,-536.13,-863.28,57.62,-0.67,-0.73,0.43,34.64
1990,82063005,-530.76,-857.91,62.50,-0.85,-0.73,0.49,34.69
1991,82068799,-540.04,-866.70,62.01,-0.79,-0.61,0.30,34.64
1992,82072848,-538.57,-862.79,61.52,-0.98,-0.79,0.30,34.40
1993,82076898,-534.67,-860.84,61.04,-0.91,-0.73,0.49,34.69
1994,82080955,-533.69,-861.82,60.06,-1.10,-0.73,0.37,34.40
1995,82085005,-540.53,-869.63,54.20,-0.79,-0.79,0.43,34.55
1996,82090799,-541.99,-858.89,59.57,-0.79,-0.61,0.30,34.55
1997,82094848,-535.16,-864.26,57.62,-0.91,-0.79,0.12,34.55
1998,82098898,-544.43,-863.77,59.08,-0.79,-0.55,0.06,34.64
1999,82102955,-545.41,-865.23,59.57,-0.55,-0.85,0.24,34.40
2000,82107005,-535.16,-859.86,56.64,-0.98,-0.61,0.00,34.55
2001,82112799,-538.09,-865.23,58.11,-0.91,-0.79,0.30,34.55
2002,82116848,-535.64,-867.19,55.18,-0.73,-0.79,0.49,34.40
2003,82120898,-537.11,-860.35,55.66,-0.85,-0.67,0.30,34.50
2004,82124955,-534.18,-863.28,58.11,-1.04,-0.61,0.30,34.64
2005,82129005,-539.06,-867.19,60.06,-0.73,-0.91,0.49,34.55
2006,82134799,-540.04,-867.19,61.04,-0.79,-0.85,0.30,34.36
2007,82138848,-538.09,-857.91,56.15,-0.98,-0.85,0.12,34.50
2008,82142898,-541.02,-868.16,60.55,-0.98,-0.91,0.37,34.88
2009,82146955,-542.48,-865.23,61.04,-0.79,-0.43,0.43,34.64
2010,82152799,-533.69,-861.33,59.57,-0.91,-0.79,0.06,34.74
2011,82156848,-536.13,-857.42,62.99,-1.28,-0.85,0.06,34.55
2012,82160898,-537.60,-866.21,62.01,-0.73,-0.67,0.37,34.36
2013,82164955,-534.18,-864.75,60.55,-0.67,-0.49,0.24,34.64
2014,82169005,-529.30,-858.89,60.55,-0.85,-0.73,0.00,34.83
2015,82174799,-540.04,-868.65,59.08,-0.91,-0.91,0.43,34.64
2016,82178848,-538.57,-867.19,59.57,-0.67,-0.73,0.18,34.50
2017,82182898,-534.18,-859.86,57.13,-0.67,-0.61,0.12,34.64
2018,82186955,-538.09,-860.84,60.55,-0.79,-0.79,0.18,34.40
2019,82191005,-538.09,-863.77,56.15,-0.79,-0.73,0.30,34.64
2020,82196799,-539.55,-862.30,61.52,-0.67,-0.67,0.24,34.40
2021,82200848,-535.64,-857.42,54.20,-1.04,-0.79,0.43,34.88
2022,82204898,-540.53,-867.19,56.64,-0.73,-0.73,0.43,34.31
2023,82208955,-537.11,-867.68,57.62,-0.91,-0.61,0.18,34.55
2024,82213005,-535.64,-860.84,61.04,-0.91,-0.55,0.43,34.31
2025,82218799,-537.11,-862.79,53.22,-0.85,-0.73,0.49,34.50
2026,82222848,-541.50,-862.79,62.50,-0.67,-0.67,0.30,34.88
2027,82226898,-536.13,-859.86,60.06,-0.61,-0.55,0.37,34.40
2028,82230955,-535.16,-855.96,58.59,-0.98,-0.61,0.30,34.50
2029,82235005,-541.50,-868.16,59.57,-0.91,-0.79,0.00,34.64
2030,82240799,-540.53,-867.19,61.04,-0.55,-0.73,0.12,34.50
2031,82244848,-534.18,-860.84,56.15,-0.85,-0.79,0.00,34.64
2032,82248898,-540.53,-865.23,55.66,-0.73,-0.67,-0.12,34.64
2033,82252955,-538.57,-869.14,55.66,-0.79,-0.73,0.30,34.64
2034,82257005,-536.62,-860.84,60.55,-0.98,-0.73,0.18,34.64
2035,82262799,-536.62,-863.28,60.55,-0.85,-0.79,0.06,34.64
2036,82266848,-538.57,-866.70,57.62,-0.79,-0.67,0.24,34.40
2037,82270898,-537.60,-857.91,55.66,-0.67,-0.79,0.30,34.64
2038,82274955,-534.67,-858.89,56.64,-0.85,-0.79,0.12,34.31
2039,82279005,-539.55,-863.28,55.18,-0.79,-0.73,0.43,34.64
2040,82284799,-542.97,-866.21,58.59,-0.67,-0.61,0.30,34.40
2041,82288848,-533.69,-860.35,59.08,-0.55,-0.73,0.49,34.40
2042,82292898,-541.50,-868.16,60.55,-0.79,-0.73,0.37,34.64
2043,82296955,-538.57,-867.19,57.62,-0.73,-0.67,0.37,34.31
2044,82301005,-535.16,-860.35,62.01,-0.61,-0.98,0.61,34.55
2045,82306799,-535.64,-860.35,56.64,-0.79,-0.85,0.61,34.50
2046,82310848,-542.48,-866.70,58.59,-0.79,-0.67,0.55,34.64
2047,82314898,-539.06,-862.30,57.62,-0.67,-0.55,0.55,34.69
2048,82318955,-539.06,-854.00,60.55,-1.10,-0.61,0.67,34.40
2049,82323005,-541.99,-861.82,59.57,-0.79,-0.67,0.43,34.74
2050,82328799,-542.48,-862.30,60.06,-0.67,-1.04,0.30,34.69
2051,82332848,-535.16,-858.89,62.01,-0.85,-0.67,0.18,34.50
2052,82336898,-534.18,-857.42,58.59,-0.73,-0.61,0.61,34.88
2053,82340955,-542.97,-862.79,55.66,-0.98,-0.73,0.43,34.64
2054,82345005,-536.13,-861.82,57.62,-0.79,-0.79,0.12,34.64
2055,82350799,-538.57,-862.30,56.64,-0.91,-0.85,0.24,34.50
2056,82354848,-538.09,-864.26,58.11,-0.73,-0.55,0.24,34.64
2057,82358898,-534.18,-863.77,61.04,-0.61,-0.55,0.24,34.64
2058,82362955,-533.69,-857.42,59.57,-1.04,-0.79,0.37,34.50
2059,82368799,-541.50,-863.77,62.01,-0.79,-0.43,0.30,34.64
2060,82372848,-540.53,-865.72,60.06,-0.85,-0.49,0.18,34.50
2061,82376898,-533.69,-859.37,60.55,-0.91,-0.91,0.30,34.31
2062,82380955,-537.60,-862.79,59.57,-0.79,-0.79,0.43,34.55
2063,82385005,-540.53,-865.72,56.64,-0.85,-0.79,0.18,34.64
2064,82390799,-538.09,-863.77,54.69,-0.91,-0.85,0.30,34.21
2065,82394848,-538.57,-860.84,59.08,-1.04,-0.79,0.24,34.69
2066,82398898,-535.64,-866.21,62.01,-0.85,-0.67,0.24,34.40
2067,82402955,-541.50,-864.26,62.50,-0.73,-0.73,0.06,34.40
2068,82407005,-537.11,-857.91,59.57,-1.04,-0.85,0.30,34.55
2069,82412799,-539.06,-863.28,62.01,-0.98,-0.67,0.24,34.64
2070,82416848,-544.43,-864.26,58.11,-0.55,-0.91,0.06,34.36
2071,82420898,-537.11,-861.82,59.57,-1.10,-0.55,0.12,34.21
2072,82424955,-536.62,-861.82,56.64,-0.85,-0.79,0.24,34.64
2073,82429005,-537.60,-864.75,58.59,-0.67,-0.79,0.18,34.50
2074,82434799,-536.13,-862.30,59.57,-0.85,-0.73,0.24,34.40
2075,82438848,-534.67,-862.30,57.62,-0.91,-0.79,0.49,34.64
2076,82442898,-542.97,-865.72,58.59,-0.91,-0.67,0.55,34.50
2077,82446955,-541.99,-862.30,56.64,-0.49,-0.67,0.49,34.74
2078,82451005,-533.69,-858.40,60.06,-0.98,-0.73,0.37,34.55
2079,82456799,-539.06,-863.28,60.55,-0.91,-0.67,0.55,34.64
2080,82460848,-540.04,-866.21,58.11,-0.73,-0.73,0.43,34.40
2081,82464898,-534.18,-861.33,61.52,-0.91,-0.49,0.55,34.64
2082,82468955,-537.11,-863.77,61.04,-0.98,-0.79,0.98,34.40
2083,82473005,-536.13,-868.16,57.13,-0.61,-0.67,0.61,34.69
2084,82478799,-537.11,-861.33,58.11,-0.79,-0.73,0.67,34.88
2085,82482848,-533.20,-859.86,61.04,-1.10,-0.73,0.67,34.64
2086,82486898,-539.55,-863.77,61.04,-0.79,-0.79,0.18,34.40
2087,82490955,-538.57,-864.75,61.52,-0.67,-0.67,0.43,34.40
2088,82495005,-534.18,-859.86,57.13,-0.85,-0.85,0.12,34.93
2089,82500799,-534.67,-861.33,59.57,-0.67,-0.73,0.12,34.64
2090,82504848,-538.57,-867.19,62.99,-0.55,-0.98,0.18,34.36
2091,82508898,-536.62,-858.89,62.50,-0.67,-1.04,0.18,34.74
2092,82512955,-537.60,-858.89,58.11,-0.85,-0.98,0.18,34.40
2093,82517005,-540.53,-866.21,60.55,-0.91,-0.91,-0.06,34.74
2094,82522799,-541.02,-863.77,58.11,-0.73,-0.79,0.12,34.64
2095,82526848,-533.20,-857.91,59.08,-0.85,-0.61,0.24,34.50
2096,82530898,-544.92,-869.14,57.13,-0.73,-0.43,0.24,34.55
2097,82534955,-541.50,-866.21,58.11,-0.85,-0.73,0.30,34.31
2098,82539005,-535.16,-858.89,59.08,-0.67,-0.37,0.37,34.64
2099,82544799,-541.02,-859.86,58.59,-0.85,-0.67,0.43,34.64
2100,82548848,-539.55,-866.70,59.08,-0.85,-0.91,0.18,34.50
2101,82552898,-534.67,-860.35,62.01,-0.67,-0.73,0.18,34.64
2102,82556955,-533.69,-857.91,61.04,-0.98,-0.73,0.18,34.40
2103,82561005,-538.09,-866.70,54.20,-0.79,-0.79,0.37,34.64
2104,82566799,-542.97,-866.70,62.99,-0.79,-0.85,0.37,34.83
2105,82570848,-533.20,-856.93,61.52,-0.79,-0.79,0.18,34.21
2106,82574898,-536.62,-862.79,60.06,-1.04,-0.85,0.49,34.31
2107,82578955,-538.09,-868.16,61.52,-0.67,-0.55,0.37,34.74
2108,82584799,-540.04,-857.42,60.06,-0.91,-0.85,0.30,34.64
2109,82588848,-536.62,-864.26,57.13,-1.16,-0.61,0.24,34.55
2110,82592898,-540.53,-866.21,56.15,-0.91,-1.04,0.24,34.55
2111,82596955,-539.55,-861.33,64.45,-0.79,-0.37,0.43,34.74
2112,82601005,-535.64,-859.86,61.52,-0.79,-0.73,0.49,34.40
2113,82606799,-536.13,-861.82,57.13,-0.73,-0.67,0.67,34.64
2114,82610848,-539.06,-864.75,60.55,-0.91,-0.73,0.61,34.64
2115,82614898,-537.60,-857.42,60.06,-0.98,-0.55,0.49,34.36
2116,82618955,-535.64,-864.26,57.62,-0.91,-0.67,0.55,34.64
2117,82623005,-539.55,-864.75,58.11,-0.91,-0.91,0.30,34.64
2118,82628799,-538.57,-864.26,58.11,-0.73,-0.67,0.55,34.50
2119,82632848,-536.62,-858.40,58.11,-0.98,-0.61,0.43,34.69
2120,82636898,-536.13,-862.79,59.08,-0.98,-0.85,0.30,34.50
2121,82640955,-539.55,-862.79,61.52,-0.98,-0.79,0.43,34.40
2122,82645005,-539.06,-859.86,60.06,-0.67,-0.61,0.06,34.74
2123,82650799,-537.11,-859.37,59.08,-0.73,-0.73,0.12,34.50
2124,82654848,-539.55,-863.77,55.66,-0.73,-0.85,-0.06,34.69
2125,82658898,-535.64,-861.33,62.01,-0.98,-1.10,0.06,34.64
2126,82662955,-537.11,-862.79,60.55,-0.98,-0.67,0.00,34.69
2127,82667005,-535.64,-865.72,59.08,-0.73,-0.85,-0.12,34.64
2128,82672799,-539.06,-862.79,57.62,-0.73,-0.49,0.06,34.64
2129,82676848,-534.18,-860.84,63.48,-0.79,-0.85,0.18,34.69
2130,82680898,-541.50,-867.19,54.20,-0.79,-1.16,0.18,34.40
2131,82684955,-543.95,-860.84,56.64,-0.61,-0.79,0.18,34.69
2132,82689005,-533.69,-862.79,58.59,-0.91,-0.67,0.24,34.64
2133,82694799,-539.06,-862.30,56.15,-0.91,-0.49,0.30,34.64
2134,82698848,-540.04,-867.19,55.18,-1.10,-0.85,-0.18,34.64
2135,82702898,-535.64,-858.89,59.08,-0.98,-0.85,-0.18,34.40
2136,82706955,-535.16,-863.28,62.01,-0.91,-0.85,0.30,34.64
2137,82711005,-538.09,-866.70,59.08,-0.91,-0.79,0.12,34.50
2138,82716799,-535.64,-867.68,58.11,-0.91,-0.79,0.12,34.64
2139,82720848,-529.79,-859.37,60.55,-0.85,-0.85,0.12,34.64
2140,82724898,-539.55,-866.70,61.52,-0.67,-0.98,0.18,34.55
2141,82728955,-536.13,-864.26,61.52,-0.79,-0.67,0.24,34.50
2142,82733005,-530.76,-857.42,63.96,-0.79,-0.79,0.43,34.74
2143,82738799,-540.04,-860.84,58.59,-0.67,-0.55,0.37,34.64
2144,82742848,-534.67,-858.89,61.52,-1.10,-0.73,0.30,34.64
2145,82746898,-534.18,-857.91,60.06,-0.98,-0.85,0.00,34.64
2146,82750955,-537.11,-863.77,61.52,-1.04,-0.73,0.37,34.64
2147,82755005,-543.95,-868.16,59.57,-0.91,-0.73,0.37,34.88
2148,82760799,-539.06,-864.75,59.57,-1.04,-0.55,0.49,34.40
2149,82764848,-536.13,-860.84,60.06,-0.79,-0.67,0.43,34.50
2150,82768898,-539.55,-862.30,60.06,-0.55,-0.73,0.37,34.64
2151,82772955,-543.95,-861.33,57.62,-0.73,-0.67,0.49,34.55
2152,82777005,-537.11,-859.37,61.52,-0.73,-0.67,0.24,34.50
2153,82782799,-536.13,-860.84,58.11,-0.98,-0.85,0.43,34.64
2154,82786848,-543.95,-865.72,62.50,-0.91,-0.79,0.06,34.69
2155,82790898,-537.11,-862.79,62.01,-0.98,-0.67,0.18,34.69
2156,82794955,-537.60,-860.35,60.55,-0.91,-0.79,0.00,34.74
2157,82800799,-542.48,-868.16,55.66,-0.85,-0.61,0.00,34.64
2158,82804848,-540.04,-860.35,62.50,-0.85,-0.85,-0.06,34.55
2159,82808898,-529.30,-862.30,59.57,-0.91,-0.73,0.18,34.64
2160,82812955,-539.55,-862.79,61.52,-0.91,-0.98,0.24,34.50
2161,82817005,-539.06,-868.16,59.57,-0.61,-0.85,0.24,34.50
2162,82821054,-531.74,-862.79,67.38,-0.73,-0.61,0.30,34.74
2163,82826799,-533.20,-862.79,59.08,-1.04,-0.67,0.30,34.40
2164,82830848,-539.55,-863.28,62.50,-0.61,-0.67,0.18,34.64
2165,82834898,-536.13,-865.72,57.13,-0.73,-0.61,0.18,34.50
2166,82838955,-532.71,-858.40,58.59,-0.91,-0.67,0.18,34.36
2167,82844799,-542.97,-869.63,60.06,-0.67,-0.61,0.24,34.50
2168,82848848,-538.57,-863.28,62.99,-0.67,-0.61,0.24,34.50
2169,82852898,-533.20,-858.89,57.13,-0.79,-0.49,0.49,34.55
2170,82856955,-537.11,-862.30,58.11,-0.98,-0.73,0.37,34.83
2171,82861005,-543.46,-862.30,59.08,-0.49,-0.67,0.43,34.36
2172,82866799,-536.62,-859.86,56.15,-0.67,-0.79,0.24,34.50
2173,82870848,-535.64,-860.84,60.55,-1.16,-0.55,0.18,34.64
2174,82874898,-541.50,-865.23,52.73,-0.61,-0.79,0.18,34.16
2175,82878955,-541.50,-867.19,59.57,-0.67,-0.67,0.24,34.64
2176,82883005,-538.09,-861.82,58.59,-0.73,-0.55,0.18,34.50
2177,82888799,-540.53,-869.63,56.15,-0.73,-0.85,0.06,34.69
2178,82892848,-539.55,-865.72,60.06,-0.73,-0.79,-0.06,34.50
2179,82896898,-532.23,-860.35,57.62,-0.85,-0.55,0.18,34.50
2180,82900955,-534.18,-861.33,59.08,-1.16,-0.79,0.00,34.64
2181,82905005,-536.62,-864.75,55.18,-1.10,-0.85,0.06,34.50
2182,82910799,-531.25,-858.89,60.06,-0.91,-0.73,0.30,34.69
2183,82914848,-534.18,-863.77,59.57,-0.79,-0.73,0.30,34.64
2184,82918898,-540.53,-865.23,56.15,-0.79,-0.98,0.30,34.40
2185,82922955,-539.55,-862.30,58.59,-0.91,-0.49,0.49,34.69
2186,82927005,-537.11,-861.82,59.08,-0.73,-0.67,0.30,34.40
2187,82932799,-541.99,-864.75,57.62,-0.91,-0.55,0.49,34.50
2188,82936848,-537.60,-863.28,59.08,-0.79,-0.67,0.55,34.69
2189,82940898,-535.64,-861.82,61.04,-0.79,-0.49,0.49,34.50
2190,82944955,-536.13,-860.84,53.71,-0.91,-0.61,0.49,34.55
2191,82949005,-539.55,-862.30,61.52,-0.73,-0.61,0.49,34.74
2192,82954799,-539.06,-858.89,61.52,-0.98,-0.67,0.49,34.50
2193,82958848,-534.67,-860.84,58.11,-0.67,-0.67,0.67,34.64
2194,82962898,-539.55,-864.75,57.62,-0.79,-0.67,0.37,34.69
2195,82966955,-538.57,-863.28,56.64,-0.85,-0.85,0.37,34.36
2196,82971005,-541.02,-858.89,56.64,-0.85,-0.79,0.30,34.69
2197,82976799,-539.06,-865.23,61.04,-1.04,-0.85,0.30,34.50
2198,82980848,-538.09,-862.79,57.62,-0.85,-0.73,0.00,34.64
2199,82984898,-531.25,-859.37,58.11,-0.91,-0.79,-0.12,34.50
2200,82988955,-533.20,-862.30,58.11,-1.10,-0.79,0.06,34.21
2201,82993005,-538.57,-860.84,62.50,-0.98,-0.49,-0.24,34.55
2202,82998799,-536.62,-865.23,59.08,-0.67,-0.73,-0.18,34.50
2203,83002848,-537.60,-864.75,60.06,-0.85,-0.67,0.18,34.64
2204,83006898,-538.09,-869.14,58.59,-0.91,-0.55,0.00,34.69
2205,83010955,-535.16,-860.35,57.62,-0.79,-0.91,0.06,34.64
2206,83015005,-536.13,-854.00,61.04,-0.73,-0.61,0.06,34.64
2207,83020799,-537.11,-864.26,58.11,-1.04,-0.67,0.06,34.64
2208,83024848,-541.02,-861.82,54.20,-1.04,-0.43,0.49,34.31
2209,83028898,-534.67,-860.35,61.04,-0.67,-0.73,0.43,34.64
2210,83032955,-536.13,-863.77,60.06,-0.85,-0.73,0.55,34.31
2211,83038799,-541.02,-863.77,59.57,-0.67,-0.67,0.61,34.64
2212,83042848,-531.74,-860.84,60.55,-0.67,-0.61,0.55,34.50
2213,83046898,-536.62,-861.82,59.08,-1.10,-0.79,0.79,34.21
2214,83050955,-542.48,-865.72,57.62,-0.61,-0.91,0.61,34.55
2215,83055005,-539.55,-865.23,61.04,-0.55,-0.67,0.55,34.64
2216,83060799,-533.20,-863.28,57.62,-0.85,-0.61,0.85,34.74
2217,83064848,-543.95,-868.65,62.50,-0.98,-0.67,0.73,34.50
2218,83068898,-541.50,-861.82,60.55,-0.79,-0.55,0.18,34.36
2219,83072955,-534.18,-857.42,58.59,-0.98,-0.73,-0.18,34.64
2220,83077005,-536.62,-862.30,58.11,-0.98,-0.79,0.30,34.64
2221,83082799,-541.50,-864.75,56.64,-0.73,-0.55,0.06,34.64
2222,83086848,-538.09,-860.35,63.48,-0.79,-0.67,0.00,34.69
2223,83090898,-533.69,-860.35,62.50,-1.04,-0.79,-0.18,34.55
2224,83094955,-542.48,-867.19,55.66,-0.85,-0.73,0.12,34.64
2225,83099005,-539.06,-862.79,57.62,-0.67,-0.79,-0.06,34.64
2226,83104799,-535.16,-859.37,61.04,-0.91,-0.79,0.12,34.64
2227,83108848,-537.11,-863.28,57.62,-0.91,-0.79,0.43,34.50
2228,83112898,-540.53,-863.28,57.13,-0.73,-0.55,0.37,34.55
2229,83116955,-534.67,-860.35,57.62,-0.79,-0.67,0.55,34.55
2230,83121005,-540.04,-862.30,58.11,-1.04,-0.67,0.49,34.64
2231,83126799,-540.53,-866.70,60.55,-0.73,-0.67,0.67,34.50
2232,83130848,-538.57,-861.82,62.50,-0.79,-0.73,0.67,34.64
2233,83134898,-540.04,-859.86,60.06,-0.79,-0.67,0.79,34.40
2234,83138955,-540.04,-864.75,61.04,-0.91,-0.73,0.55,34.55
2235,83143005,-541.50,-862.30,63.96,-0.61,-0.61,0.37,34.50
2236,83148799,-539.06,-862.30,62.99,-0.85,-0.79,0.24,34.50
2237,83152848,-540.04,-862.79,55.66,-0.79,-0.73,0.06,34.64
2238,83156898,-540.04,-862.79,56.64,-0.79,-0.73,-0.18,34.88
2239,83160955,-538.09,-860.35,55.18,-0.73,-0.73,0.00,34.21
2240,83165005,-540.53,-863.28,59.57,-1.04,-0.67,-0.18,34.50
2241,83170799,-543.46,-864.26,61.04,-0.85,-0.79,-0.12,34.69
2242,83174848,-537.60,-860.35,58.11,-0.67,-0.67,0.06,34.55
2243,83178898,-534.18,-858.40,54.69,-0.67,-0.67,-0.12,35.07
2244,83182955,-538.57,-866.70,60.55,-0.91,-0.67,-0.06,34.50
2245,83187005,-539.55,-862.79,59.57,-0.73,-0.67,0.12,34.64
2246,83192799,-536.62,-861.33,63.96,-0.85,-0.43,0.24,34.40
2247,83196848,-539.55,-862.30,62.99,-0.67,-0.55,0.49,34.74
2248,83200898,-537.11,-868.16,61.04,-0.73,-0.79,0.43,34.64
2249,83204955,-535.64,-856.45,60.55,-0.91,-0.55,0.18,34.40
2250,83209005,-536.13,-861.82,57.62,-0.85,-0.55,0.43,34.64
2251,83214799,-533.69,-862.79,54.20,-0.55,-0.73,0.61,34.50
2252,83218848,-537.60,-860.84,58.59,-0.98,-0.73,0.43,34.55
2253,83222898,-539.55,-861.82,55.18,-1.16,-0.55,0.37,34.88
2254,83226955,-535.64,-864.75,62.99,-0.79,-0.73,0.37,34.40
2255,83231005,-540.53,-866.21,56.64,-0.67,-0.73,0.30,34.74
2256,83236799,-540.53,-856.93,62.50,-1.04,-0.85,0.18,34.55
2257,83240848,-539.55,-864.26,60.06,-1.04,-0.73,0.24,34.40
2258,83244898,-539.55,-866.21,58.59,-0.49,-0.91,0.37,34.64
2259,83248955,-534.18,-857.91,58.59,-0.91,-0.73,0.12,34.55
2260,83254799,-541.02,-862.30,54.20,-0.85,-0.79,0.49,34.36
2261,83258848,-536.13,-865.72,56.64,-0.67,-0.79,0.30,34.74
2262,83262898,-532.71,-862.30,60.55,-0.91,-0.61,0.06,34.64
2263,83266955,-536.13,-863.77,61.52,-0.98,-0.73,0.37,34.64
2264,83271005,-537.60,-863.28,57.62,-0.79,-0.79,0.49,34.64
2265,83276799,-539.06,-867.19,61.52,-0.85,-0.91,0.12,34.40
2266,83280848,-531.25,-858.89,59.08,-0.85,-0.55,0.06,34.50
2267,83284898,-536.62,-861.82,62.99,-0.91,-0.91,0.18,34.36
2268,83288955,-541.02,-865.23,62.50,-0.67,-0.61,0.18,34.50
2269,83293005,-538.57,-866.21,62.99,-0.91,-0.67,0.24,34.69
