seq,timestamp_us,ax_mg,ay_mg,az_mg,gx_dps,gy_dps,gz_dps,temp_c
0,33107059,-568.85,-840.82,58.11,-2.80,-2.99,-1.40,34.36
1,33111122,-565.92,-845.70,38.09,-2.44,-1.40,-0.24,34.50
2,33115171,-565.92,-845.70,38.09,0.67,-0.79,0.98,34.55
3,33119220,-567.38,-841.31,59.08,0.61,-0.18,1.22,34.74
4,33123270,-569.34,-837.40,60.55,-0.49,-1.10,0.85,34.50
5,33127320,-570.31,-834.47,56.64,-0.91,-0.73,0.18,34.31
6,33131369,-570.80,-838.38,59.08,-1.22,-0.55,0.00,34.40
7,33135418,-570.31,-844.73,57.62,-1.46,-0.49,-0.06,34.50
8,33139468,-566.89,-842.29,52.73,-1.16,-0.73,0.43,34.50
9,33145799,-570.80,-844.73,57.13,-0.24,-0.85,0.49,34.40
10,33149848,-571.29,-839.36,62.99,-0.79,-0.67,-0.18,34.21
11,33153898,-571.29,-844.24,57.62,-1.34,-0.73,-0.67,34.40
12,33157955,-569.34,-842.29,55.18,-1.40,-0.73,-0.91,34.40
13,33162005,-567.38,-841.80,52.73,-1.04,-0.79,-0.79,34.31
14,33166054,-565.92,-843.75,56.15,-0.55,-0.98,-0.49,34.50
15,33171799,-567.87,-842.77,57.62,-0.24,-0.98,-1.10,34.50
16,33175848,-569.82,-842.29,59.08,-0.61,-0.85,-1.34,34.50
17,33179898,-569.34,-838.38,59.08,-0.85,-0.98,-1.65,34.40
18,33183955,-567.87,-841.31,59.57,-1.04,-0.98,-1.52,34.21
19,33188005,-567.38,-845.21,57.13,-1.28,-0.79,-1.52,34.50
20,33193799,-563.48,-844.24,55.18,-0.85,-0.85,-0.37,34.64
21,33197848,-564.45,-837.89,56.64,-0.61,-0.91,0.67,34.55
22,33201898,-562.01,-846.68,60.55,-0.49,-0.61,1.28,34.40
23,33205955,-569.34,-836.43,63.48,-0.55,-0.67,1.40,34.02
24,33210005,-564.45,-837.89,62.99,-0.79,-0.61,1.46,34.50
25,33215799,-570.80,-844.73,59.57,-0.85,-0.49,1.89,34.31
26,33219848,-570.31,-839.84,62.99,-0.73,-0.49,1.83,34.64
27,33223898,-573.24,-839.36,61.04,-0.85,-0.37,1.77,34.36
28,33227955,-570.80,-837.40,64.45,-0.91,-0.67,1.22,34.50
29,33232005,-575.20,-843.26,59.57,-0.67,-0.24,1.22,34.40
30,33237799,-570.80,-845.21,58.59,-0.91,-0.67,0.67,34.12
31,33241848,-566.89,-837.89,59.57,-0.61,-0.37,0.61,34.21
32,33245898,-573.24,-841.80,58.59,-0.73,-0.85,0.61,34.31
33,33249955,-574.22,-842.29,59.57,-0.73,-0.67,0.49,34.40
34,33255799,-570.80,-838.87,58.59,-0.61,-0.79,0.24,34.31
35,33259848,-573.73,-845.70,56.64,-0.55,-0.49,0.18,34.50
36,33263898,-573.24,-840.82,55.66,-0.55,-0.67,0.06,34.12
37,33267955,-566.41,-839.36,58.11,-0.91,-0.73,0.00,34.36
38,33272005,-570.80,-844.24,58.11,-0.91,-0.67,-0.18,34.55
39,33277799,-573.73,-848.14,56.64,-0.79,-1.04,-0.06,34.64
40,33281848,-567.87,-832.52,53.71,-0.73,-0.98,-0.67,34.40
41,33285898,-572.75,-837.40,54.20,-1.16,-1.04,-1.10,34.36
42,33289955,-572.75,-846.19,57.62,-0.85,-1.16,-1.34,34.55
43,33294005,-577.15,-843.26,52.73,-0.24,-0.49,-2.38,34.55
44,33299799,-548.83,-858.89,-7.81,1.89,-4.82,-3.35,34.02
45,33303848,-602.05,-831.54,54.69,9.51,-3.72,-4.21,34.50
46,33307898,-617.19,-813.96,77.15,6.77,-5.12,-12.32,34.31
47,33311955,-591.80,-805.66,121.09,4.27,-2.44,-18.78,34.64
48,33316005,-607.91,-819.34,61.52,2.26,-3.66,-26.16,34.64
49,33321799,-569.82,-844.24,89.36,-1.40,-5.18,-30.91,34.64
50,33325848,-615.23,-812.01,116.70,-4.76,2.50,-38.72,34.36
51,33329898,-571.78,-833.50,66.41,-10.61,-1.52,-45.73,34.40
52,33333955,-551.76,-846.19,82.03,-12.44,-2.44,-48.29,34.36
53,33338005,-548.83,-856.93,41.99,-14.09,-5.73,-47.32,34.55
54,33343799,-506.35,-878.42,39.55,-10.43,-8.35,-43.41,34.40
55,33347848,-486.82,-882.32,45.90,-3.11,-1.28,-31.89,34.02
56,33351898,-507.81,-885.25,32.71,0.61,-1.22,-24.33,34.40
57,33355955,-507.32,-874.51,40.04,4.02,-4.02,-17.32,34.36
58,33360005,-508.30,-867.19,82.52,2.32,-5.06,-11.95,34.64
59,33365799,-525.39,-868.65,60.55,0.55,-1.28,-7.87,34.50
60,33369848,-533.20,-869.63,66.41,-1.71,-0.79,-4.94,34.50
61,33373898,-515.62,-871.09,47.36,-3.60,-1.40,-2.80,34.50
62,33377955,-518.55,-870.61,37.11,-1.28,-0.85,1.40,34.31
63,33382005,-541.02,-865.72,38.09,1.46,0.43,4.27,34.64
64,33387799,-561.52,-847.66,48.34,4.02,0.49,2.87,34.50
65,33391848,-575.20,-842.77,74.71,0.79,-0.85,-3.05,34.21
66,33395898,-600.10,-842.29,48.34,-1.04,1.16,-7.80,34.36
67,33399955,-550.29,-854.49,70.31,-3.90,-6.65,-14.33,34.31
68,33404005,-521.00,-866.70,56.64,-6.28,-4.02,-14.33,34.31
69,33409799,-529.30,-859.86,59.08,-2.87,2.32,-11.10,34.50
70,33413848,-514.65,-876.46,30.27,0.55,-6.10,-8.84,34.50
71,33417898,-523.44,-861.33,83.98,2.80,-1.83,-6.22,34.40
72,33421955,-536.13,-860.84,82.52,-0.98,-0.85,-4.94,34.31
73,33426005,-530.27,-871.09,69.82,-4.51,-1.52,-4.39,34.50
74,33431799,-515.62,-867.68,62.99,-4.82,-0.85,-1.59,34.50
75,33435848,-502.93,-875.49,53.71,-4.33,-0.49,4.70,34.55
76,33439898,-503.91,-873.05,44.43,-2.44,0.43,9.39,34.55
77,33443955,-520.02,-867.19,57.62,0.43,0.85,13.41,34.64
78,33448005,-543.95,-854.98,70.31,0.06,0.61,14.57,34.50
79,33453799,-548.83,-861.33,63.96,-0.43,2.44,13.54,34.55
80,33457848,-545.90,-856.93,47.85,-3.29,1.22,11.22,34.31
81,33461898,-554.69,-851.56,62.99,-1.40,1.71,10.37,34.40
82,33465955,-549.32,-856.93,63.48,-2.68,1.28,8.72,34.64
83,33471799,-550.29,-854.49,49.80,-2.44,0.79,7.62,34.64
84,33475848,-545.41,-854.49,64.45,-0.61,-0.61,6.28,34.50
85,33479898,-554.69,-858.89,59.08,-0.73,0.61,4.76,34.40
86,33483955,-560.55,-851.56,60.06,-0.91,-0.37,2.93,34.64
87,33488005,-550.29,-853.03,54.20,-1.46,-0.67,0.98,34.40
88,33493799,-516.60,-867.68,33.20,-1.77,-7.62,1.34,34.36
89,33497848,-545.90,-859.37,71.29,2.99,-1.40,4.27,34.69
90,33501898,-549.32,-856.93,-13.67,9.21,0.49,4.51,34.12
91,33505955,-608.89,-826.17,41.99,18.78,0.98,-0.61,34.36
92,33510005,-615.72,-813.96,131.84,9.51,-7.13,-14.45,34.50
93,33515799,-571.78,-836.91,111.33,-1.16,-3.84,-24.45,34.55
94,33519848,-547.85,-851.07,56.15,-5.30,-2.50,-29.63,34.64
95,33523898,-513.67,-874.51,73.73,-5.85,-6.04,-28.78,34.21
96,33527955,-497.07,-888.67,79.10,-7.01,-4.63,-24.15,34.40
97,33532005,-474.61,-891.11,55.18,-7.44,-2.74,-15.12,34.40
98,33537799,-467.77,-894.53,45.41,-4.82,-1.52,-3.17,34.64
99,33541848,-479.00,-896.00,55.66,-1.16,0.49,10.55,34.40
100,33545898,-497.56,-884.77,50.29,0.61,1.22,18.23,34.36
101,33549955,-515.62,-870.12,56.64,2.50,1.95,24.27,34.40
102,33554005,-546.88,-862.30,58.11,3.35,2.44,26.04,34.55
103,33559799,-565.43,-848.14,66.41,2.93,1.95,23.48,34.50
104,33563848,-578.61,-836.91,67.87,1.10,1.40,16.95,34.55
105,33567898,-579.10,-840.33,66.89,-0.37,0.79,11.59,34.36
106,33571955,-583.01,-843.26,63.96,-1.77,0.24,4.88,34.40
107,33576005,-572.27,-841.80,64.94,-2.56,-0.67,-0.73,34.31
108,33581799,-554.69,-845.70,66.41,-3.54,-1.10,-4.51,34.50
109,33585848,-548.83,-858.89,55.18,-3.29,-1.59,-6.65,34.40
110,33589898,-536.62,-867.19,54.20,-2.50,-1.77,-6.65,34.50
111,33593955,-534.67,-866.21,52.25,-1.34,-1.71,-6.04,34.21
112,33598005,-531.74,-862.30,53.22,0.12,-1.65,-4.82,34.40
113,33603799,-540.04,-861.33,50.78,0.85,-1.59,-3.96,34.55
114,33607848,-536.62,-858.89,55.18,1.34,-1.40,-3.96,34.55
115,33611898,-541.99,-856.45,62.99,0.67,-1.52,-4.88,34.50
116,33615955,-546.39,-860.35,64.94,0.18,-1.65,-6.04,34.36
117,33620005,-538.57,-858.40,69.34,-0.55,-1.65,-6.77,34.64
118,33625799,-534.67,-857.91,68.85,-1.77,-1.65,-6.77,34.64
119,33629848,-530.76,-862.30,62.01,-2.38,-1.52,-5.24,34.40
120,33633898,-525.88,-867.68,58.59,-2.01,-0.98,-3.48,34.50
121,33637955,-520.02,-868.16,58.59,-1.40,-0.55,-0.43,34.36
122,33642005,-522.95,-869.14,59.08,-0.85,-0.06,2.44,34.50
123,33647799,-525.88,-870.61,56.15,-0.30,-0.18,4.82,34.40
124,33651848,-529.79,-865.23,62.01,0.24,0.43,6.52,34.31
125,33655898,-539.55,-861.82,62.50,0.24,0.12,7.07,34.36
126,33659955,-545.41,-863.28,56.64,-0.24,-0.06,6.83,34.40
127,33664005,-547.85,-852.05,63.48,-0.43,-0.30,5.55,34.64
128,33669799,-549.80,-854.49,66.89,-0.79,-0.43,3.72,34.21
129,33673848,-551.76,-854.49,61.52,-1.22,-0.79,1.28,34.12
130,33677898,-551.76,-859.37,61.52,-1.22,-0.85,-0.61,34.50
131,33681955,-542.97,-856.93,62.50,-1.77,-0.85,-2.13,34.36
132,33687799,-533.20,-854.98,62.99,-1.59,-1.04,-2.80,34.36
133,33691848,-538.57,-862.79,56.64,-1.04,-1.16,-3.23,34.50
134,33695898,-532.71,-859.86,57.13,-0.79,-1.04,-2.87,34.64
135,33699955,-537.60,-867.19,57.13,-0.73,-0.91,-2.32,34.36
136,33704005,-541.50,-861.33,59.57,-0.37,-0.98,-1.59,34.64
137,33708054,-534.67,-867.19,63.48,-0.55,-1.10,-1.28,34.40
138,33713799,-535.16,-859.37,63.48,-0.73,-0.67,-1.10,34.50
139,33717848,-537.60,-867.68,62.01,-0.73,-0.85,-0.43,34.40
140,33721898,-535.64,-864.26,60.55,-0.98,-0.85,-0.06,34.40
141,33725955,-531.74,-863.28,62.01,-1.04,-0.67,0.24,34.64
142,33731799,-537.60,-864.26,60.06,-1.16,-0.85,0.67,34.40
143,33735848,-541.50,-861.82,57.62,-0.85,-0.61,1.10,34.55
144,33739898,-536.62,-858.40,57.13,-0.98,-0.43,1.46,34.31
145,33743955,-532.23,-858.89,62.99,-0.98,-0.61,1.59,34.55
146,33748005,-541.02,-868.16,57.62,-0.79,-0.67,1.52,34.50
147,33753799,-541.99,-859.37,60.55,-0.61,-0.43,1.40,34.50
148,33757848,-540.04,-858.40,57.62,-0.79,-0.49,0.79,34.69
149,33761898,-543.95,-862.30,58.59,-0.49,-0.43,0.55,34.31
150,33765955,-540.53,-866.70,61.52,-0.61,-0.67,-0.12,34.55
151,33770005,-539.55,-855.96,61.52,-0.73,-0.73,-0.73,34.64
152,33775799,-540.53,-856.45,63.96,-1.04,-0.79,-0.85,34.12
153,33779848,-542.48,-869.63,59.57,-0.61,-0.98,-1.10,34.50
154,33783898,-538.57,-858.89,64.94,-0.85,-1.04,-1.16,34.55
155,33787955,-535.16,-859.86,61.52,-0.91,-0.98,-0.98,34.50
156,33792005,-539.06,-864.26,62.99,-0.98,-1.04,-0.67,34.21
157,33797799,-541.50,-855.96,63.48,-0.85,-0.98,-0.24,34.50
158,33801848,-535.16,-855.96,63.96,-0.91,-0.85,-0.18,34.40
159,33805898,-540.53,-860.35,57.62,-0.85,-0.79,-0.18,34.40
160,33809955,-540.04,-863.28,57.62,-0.73,-0.73,0.12,34.50
161,33814005,-535.16,-865.72,61.04,-0.73,-0.91,0.18,34.40
162,33819799,-537.60,-859.37,62.99,-0.73,-0.91,0.24,34.55
163,33823848,-543.46,-865.72,58.59,-0.85,-0.85,0.18,34.50
164,33827898,-538.57,-860.84,62.01,-0.79,-0.67,0.12,34.40
165,33831955,-540.04,-858.40,64.45,-0.91,-0.79,0.00,34.36
166,33836005,-538.09,-863.28,62.01,-1.16,-0.61,0.18,34.55
167,33841799,-538.09,-866.21,62.99,-0.91,-0.73,0.06,34.64
168,33845848,-537.60,-863.77,60.06,-0.91,-0.67,-0.12,34.69
169,33849898,-536.62,-866.21,62.99,-1.04,-0.49,0.06,34.40
170,33853955,-538.57,-866.70,62.50,-0.85,-0.67,0.00,34.40
171,33858005,-531.74,-859.86,59.08,-0.73,-0.73,0.18,34.50
172,33863799,-534.18,-856.45,55.18,-1.04,-0.73,0.49,34.40
173,33867848,-540.53,-864.75,58.11,-0.85,-0.73,0.30,34.31
174,33871898,-542.48,-857.91,59.08,-0.79,-0.73,0.67,34.40
175,33875955,-541.02,-861.33,59.57,-0.55,-0.61,0.43,34.64
176,33880005,-538.57,-859.86,61.04,-0.91,-0.61,0.49,34.21
177,33885799,-538.57,-860.84,59.57,-0.91,-0.61,0.73,34.31
178,33889848,-539.55,-861.82,61.52,-0.61,-0.67,0.37,34.50
179,33893898,-540.53,-857.42,63.96,-0.79,-0.61,0.24,34.64
180,33897955,-542.97,-862.30,62.99,-0.49,-0.98,-0.24,34.40
181,33902005,-541.99,-860.84,63.96,-0.73,-0.91,-0.30,34.36
182,33907799,-543.46,-857.42,62.50,-0.85,-1.04,-0.49,34.31
183,33911848,-542.97,-860.35,58.59,-0.67,-0.98,-0.91,34.31
184,33915898,-538.57,-857.91,64.45,-0.98,-1.04,-1.04,34.50
185,33919955,-534.18,-859.86,66.41,-0.79,-0.91,-0.85,34.64
186,33925799,-540.04,-863.77,65.43,-0.85,-0.67,-0.61,34.31
187,33929848,-537.11,-862.79,61.52,-0.61,-0.91,-0.55,34.31
188,33933898,-537.11,-858.89,62.99,-0.79,-0.67,-0.30,34.40
189,33937955,-536.62,-861.33,61.04,-1.10,-0.73,-0.12,34.50
190,33942005,-539.06,-861.82,55.18,-1.10,-0.61,0.18,34.74
191,33947799,-534.18,-862.79,56.15,-0.73,-0.43,0.55,34.40
192,33951848,-537.11,-860.84,55.18,-1.04,-0.61,0.73,34.69
193,33955898,-545.41,-867.19,54.20,-0.61,-0.79,0.79,34.31
194,33959955,-538.09,-863.77,55.18,-0.91,-0.49,0.91,34.55
195,33964005,-541.02,-854.98,58.59,-0.79,-0.43,1.10,34.40
196,33969799,-540.04,-863.28,50.78,-0.91,-0.49,1.59,34.40
197,33973848,-544.43,-860.35,55.18,-0.73,-0.61,1.52,34.40
198,33977898,-540.04,-856.93,62.01,-0.67,-0.91,1.59,34.21
199,33981955,-547.85,-861.33,58.11,-0.61,-0.61,1.59,34.40
200,33986005,-547.36,-860.35,66.41,-0.61,-0.61,1.10,34.40
201,33991799,-539.55,-858.40,67.87,-0.61,-0.61,0.49,34.55
202,33995848,-539.55,-856.93,64.45,-1.04,-0.85,-0.06,34.50
203,33999898,-541.50,-861.82,66.89,-0.73,-0.98,-0.49,34.36
204,34003955,-542.97,-853.03,66.89,-0.91,-0.98,-1.28,34.64
205,34008005,-536.13,-858.40,66.89,-0.85,-1.10,-1.65,34.40
206,34013799,-537.11,-856.93,66.89,-0.85,-1.16,-1.65,34.55
207,34017848,-539.55,-865.72,68.36,-0.79,-1.22,-1.71,34.64
208,34021898,-536.62,-862.79,68.85,-1.10,-0.85,-1.83,34.50
209,34025955,-533.69,-860.84,66.41,-1.16,-0.67,-1.52,34.50
210,34030005,-535.64,-866.70,62.99,-0.73,-0.61,-1.28,34.40
211,34035799,-534.18,-860.84,65.92,-0.73,-0.67,-0.43,34.40
212,34039848,-533.69,-860.35,64.45,-0.98,-0.61,0.18,34.55
213,34043898,-537.11,-861.82,62.01,-1.04,-0.43,1.10,34.36
214,34047955,-537.11,-860.84,55.66,-0.91,-0.30,1.52,34.40
215,34052005,-535.64,-861.33,56.15,-1.22,-0.55,1.83,34.40
216,34057799,-532.23,-859.37,54.69,-1.04,-0.55,2.01,34.50
217,34061848,-541.50,-865.72,43.95,-0.91,-0.30,2.01,34.40
218,34065898,-535.16,-859.86,35.64,-1.40,0.18,1.59,34.64
219,34069955,-532.71,-858.89,33.20,-1.28,-0.73,0.91,34.31
220,34074005,-540.04,-869.63,33.69,-1.10,-0.67,0.37,34.55
221,34079799,-537.60,-863.77,36.62,-0.79,-0.61,-0.24,34.40
222,34083848,-535.64,-854.98,46.39,-0.79,-0.37,-0.30,34.64
223,34087898,-539.55,-873.05,44.92,-0.43,-0.91,-0.12,34.40
224,34091955,-543.46,-867.19,47.85,0.12,-0.73,0.43,34.36
225,34096005,-538.57,-853.52,62.01,0.06,-0.61,0.67,34.64
226,34101799,-538.57,-854.98,63.48,0.06,-0.85,1.22,34.50
227,34105848,-550.78,-864.26,69.34,0.12,-0.79,1.22,34.64
228,34109898,-534.18,-856.45,74.71,0.00,-0.79,0.73,34.88
229,34113955,-542.48,-856.93,76.66,-0.55,-0.67,0.06,34.40
230,34118005,-544.43,-857.42,78.61,-0.73,-1.16,-0.73,34.64
231,34123799,-541.99,-864.75,79.10,-0.79,-1.40,-1.77,34.40
232,34127848,-538.57,-858.40,79.10,-1.16,-1.22,-2.93,34.21
233,34131898,-532.71,-861.82,76.17,-1.34,-1.52,-3.48,34.50
234,34135955,-534.67,-863.77,74.22,-1.40,-1.59,-4.15,34.21
235,34141799,-533.20,-863.77,72.27,-1.34,-1.16,-4.33,34.55
236,34145848,-525.39,-869.63,70.80,-1.40,-1.34,-4.21,34.40
237,34149898,-529.30,-873.05,70.31,-0.85,-1.22,-3.60,34.21
238,34153955,-530.27,-867.19,67.38,-1.10,-0.98,-2.87,34.50
239,34158005,-523.93,-866.21,59.08,-0.98,-0.79,-1.59,34.50
240,34163799,-527.83,-869.63,58.11,-0.91,-0.49,0.06,34.64
241,34167848,-528.32,-868.16,49.80,-0.98,-0.18,2.56,34.64
242,34171898,-529.30,-863.28,52.73,-0.91,0.12,4.63,34.21
243,34175955,-533.20,-863.77,51.27,-1.04,0.55,6.16,34.50
244,34180005,-542.48,-862.79,49.80,-0.91,0.67,7.74,34.40
245,34185799,-543.46,-861.33,45.41,-1.04,0.37,8.84,34.40
246,34189848,-547.36,-858.89,46.87,-0.73,0.49,9.09,34.40
247,34193898,-557.13,-857.91,43.46,-0.91,0.30,8.41,34.40
248,34197955,-557.13,-856.45,49.32,-0.91,0.30,7.50,34.40
249,34202005,-560.55,-853.03,46.87,-0.49,0.00,5.67,34.55
250,34207799,-561.52,-852.05,49.80,-0.67,-0.61,2.93,34.50
251,34211848,-559.57,-858.89,50.78,-0.73,-1.10,-0.67,34.55
252,34215898,-557.13,-853.03,53.71,-0.98,-1.34,-2.99,34.55
253,34219955,-549.32,-852.05,59.57,-0.91,-1.89,-5.55,34.50
254,34224005,-549.32,-858.89,58.11,-0.43,-2.01,-7.99,34.64
255,34229799,-540.04,-865.23,60.06,-0.61,-2.07,-9.51,34.50
256,34233848,-537.11,-864.75,68.85,-0.61,-2.01,-9.88,34.50
257,34237898,-530.76,-867.68,66.41,-0.43,-1.89,-9.82,34.31
258,34241955,-527.34,-870.61,65.92,-0.43,-1.89,-8.72,34.69
259,34246005,-522.46,-868.65,69.34,-0.61,-1.65,-7.26,34.31
260,34251799,-521.00,-871.09,72.75,-0.79,-1.16,-4.76,34.64
261,34255848,-520.02,-867.68,73.73,-0.85,-1.10,-2.01,34.50
262,34259898,-523.44,-862.79,69.34,-0.91,-0.73,0.00,34.40
263,34263955,-524.90,-866.21,70.80,-1.10,-0.37,2.32,34.16
264,34268005,-527.34,-867.19,63.96,-0.98,-0.37,4.21,34.40
265,34273799,-527.34,-864.75,66.41,-1.16,0.18,5.67,34.64
266,34277848,-528.32,-864.75,60.06,-1.40,0.12,6.95,34.69
267,34281898,-539.06,-865.23,56.15,-1.28,0.12,6.95,34.50
268,34285955,-538.57,-863.28,53.71,-1.04,0.18,6.83,34.21
269,34290005,-533.69,-854.98,54.69,-0.98,-0.12,6.04,34.50
270,34295799,-539.06,-863.28,52.25,-1.16,-0.43,4.57,34.50
271,34299848,-545.41,-862.30,51.76,-0.98,-0.18,2.56,34.40
272,34303898,-540.04,-856.93,50.78,-1.10,-0.61,1.40,34.36
273,34307955,-541.50,-861.33,50.78,-1.04,-0.79,-0.18,34.50
274,34312005,-546.39,-865.72,51.76,-1.04,-1.04,-1.22,34.31
275,34317799,-541.50,-858.40,52.73,-0.55,-0.85,-1.83,34.74
276,34321848,-538.57,-859.86,54.20,-0.67,-0.98,-2.07,34.40
277,34325898,-542.48,-865.72,56.64,-0.67,-0.98,-2.01,34.64
278,34329955,-539.55,-865.23,56.15,-0.55,-0.98,-1.71,34.21
279,34334005,-538.09,-860.35,62.50,-0.61,-0.85,-1.10,34.55
280,34339799,-540.04,-857.91,57.62,-0.73,-0.79,-0.37,34.40
281,34343848,-541.99,-866.70,66.89,-0.24,-0.67,0.61,34.40
282,34347898,-539.55,-857.42,69.34,-0.55,-0.91,1.04,34.50
283,34351955,-541.50,-859.86,70.80,-0.85,-0.73,1.46,34.64
284,34357799,-545.41,-867.68,70.31,-0.98,-0.67,1.16,34.50
285,34361848,-539.55,-855.96,72.27,-0.67,-0.79,0.43,34.40
286,34365898,-538.09,-851.07,71.78,-1.16,-0.85,0.24,34.31
287,34369955,-544.92,-864.26,68.85,-1.34,-0.91,-0.37,34.40
288,34374005,-544.43,-867.19,69.34,-1.10,-0.79,-1.46,34.40
289,34379799,-532.71,-859.37,63.96,-1.16,-0.79,-2.38,34.50
290,34383848,-537.11,-867.19,60.06,-1.28,-0.91,-2.93,34.64
291,34387898,-535.64,-871.09,59.57,-1.04,-0.98,-3.05,34.36
292,34391955,-532.71,-865.23,57.13,-0.67,-0.79,-3.11,34.64
293,34396005,-534.18,-862.30,56.64,-0.91,-0.85,-2.74,34.40
294,34401799,-533.69,-869.63,56.15,-0.98,-1.04,-1.89,34.31
295,34405848,-529.79,-864.75,54.69,-0.79,-0.67,-0.98,34.40
296,34409898,-532.71,-866.21,55.66,-0.98,-0.30,0.00,34.31
297,34413955,-528.32,-866.70,48.83,-1.04,-0.49,0.91,34.31
298,34418005,-538.09,-865.72,47.85,-0.98,-0.49,2.20,34.69
299,34423799,-533.20,-868.16,51.27,-0.79,-0.43,3.05,34.02
300,34427848,-534.18,-862.79,53.22,-0.67,-0.24,3.41,34.50
301,34431898,-542.48,-870.12,52.73,-0.67,-0.49,3.66,34.21
302,34435955,-539.06,-860.84,56.15,-0.55,-0.49,3.60,34.55
303,34440005,-538.57,-857.42,59.57,-1.04,-0.49,2.93,34.31
304,34445799,-528.32,-839.84,58.11,-0.91,-0.79,2.26,34.40
305,34449848,-573.73,-904.79,34.67,-1.40,-0.73,1.16,34.55
306,34453898,-547.36,-865.72,62.50,0.79,-1.71,-0.91,34.50
307,34457955,-520.51,-832.03,77.64,-0.55,-1.16,-1.89,34.64
308,34462005,-552.25,-873.05,56.64,-1.59,-0.67,-2.74,34.40
309,34467799,-539.06,-872.07,65.92,-0.49,-1.59,-3.35,34.50
310,34471848,-521.97,-841.31,76.66,-1.16,-0.85,-2.68,34.64
311,34475898,-539.55,-870.61,57.13,-1.52,-0.67,-1.65,34.50
312,34479955,-543.95,-879.88,70.31,-0.06,-1.59,-0.49,34.40
313,34484005,-541.99,-858.89,85.94,0.30,-0.30,0.49,34.55
314,34489799,-529.30,-852.54,75.68,-1.04,-0.18,1.28,34.36
315,34493848,-539.55,-867.19,66.89,-1.40,-0.49,2.50,34.69
316,34497898,-536.13,-859.86,76.17,-1.10,-0.55,2.99,34.64
317,34501955,-537.60,-857.42,66.89,-1.34,-0.18,3.90,34.50
318,34506005,-542.48,-856.45,53.71,-1.52,-0.30,4.33,34.64
319,34511799,-549.80,-864.26,58.59,-0.61,-0.12,4.15,34.31
320,34515848,-557.62,-863.77,58.11,-0.43,-0.37,2.80,34.40
321,34519898,-537.60,-851.56,62.01,-1.28,-0.55,1.34,34.40
322,34523955,-537.60,-854.98,54.69,-1.59,-0.67,0.12,34.31
323,34528005,-539.06,-861.82,43.46,-1.52,-0.79,-1.10,34.40
324,34533799,-541.50,-861.82,44.92,-0.79,-1.22,-1.95,34.64
325,34537848,-546.88,-865.23,49.32,-0.55,-0.91,-3.05,34.50
326,34541898,-543.95,-870.12,49.80,-0.55,-1.16,-4.09,34.36
327,34545955,-541.02,-868.16,51.27,-0.37,-1.22,-4.57,34.16
328,34550005,-527.34,-856.93,53.71,-1.10,-1.16,-5.06,34.64
329,34555799,-528.81,-865.23,44.92,-1.34,-1.46,-4.76,34.36
330,34559848,-527.83,-872.07,54.20,-0.67,-1.40,-3.41,34.36
331,34563898,-529.30,-864.75,56.15,-0.43,-1.16,-2.50,34.40
332,34567955,-528.32,-863.28,58.59,-0.37,-0.79,-1.28,34.40
333,34572005,-532.71,-867.68,57.13,-0.55,-0.85,-0.30,34.55
334,34577799,-530.27,-862.79,66.89,-0.43,-0.98,0.37,34.36
335,34581848,-525.39,-859.86,65.92,-1.22,-0.55,1.22,34.21
336,34585898,-529.79,-866.21,63.96,-1.22,-0.61,2.13,34.40
337,34589955,-535.16,-867.19,67.38,-0.79,-0.85,2.50,34.64
338,34595799,-533.69,-871.09,69.82,-0.73,-0.67,2.44,34.55
339,34599848,-540.04,-867.68,65.92,-0.85,-0.61,1.52,34.69
340,34603898,-535.64,-859.86,66.89,-1.28,-0.73,1.28,34.31
341,34607955,-531.74,-862.30,66.41,-1.28,-0.67,0.55,34.40
342,34612005,-531.74,-863.77,67.38,-1.22,-0.67,0.55,34.36
343,34617799,-539.06,-864.26,63.96,-1.28,-0.67,0.55,34.50
344,34621848,-539.55,-864.26,63.96,-0.61,-0.55,0.61,34.36
345,34625898,-538.09,-868.16,65.92,-0.55,-0.61,1.04,34.31
346,34629955,-537.11,-863.77,63.96,-0.73,-0.43,0.91,34.64
347,34634005,-537.60,-859.37,60.06,-0.98,-0.24,1.40,34.50
348,34639799,-539.55,-862.79,57.62,-1.22,-0.43,2.44,34.16
349,34643848,-542.97,-857.91,57.13,-0.98,-0.37,3.17,34.55
350,34647898,-544.92,-859.37,56.15,-0.73,-0.30,3.96,34.31
351,34651955,-551.27,-859.86,56.15,-0.91,0.00,4.02,34.40
352,34656005,-549.32,-862.30,57.13,-0.79,-0.18,4.02,34.40
353,34661799,-545.41,-857.42,56.15,-0.79,-0.37,3.17,34.31
354,34665848,-548.34,-853.52,49.32,-1.22,-0.30,2.62,34.40
355,34669898,-557.62,-867.19,47.85,-0.79,-0.73,1.59,34.36
356,34673955,-546.39,-857.91,56.15,-0.43,-1.04,0.30,34.64
357,34678005,-547.36,-852.05,61.04,-0.67,-1.04,-1.46,34.50
358,34683799,-547.36,-862.79,55.66,-0.67,-1.28,-2.68,34.40
359,34687848,-544.43,-865.72,58.59,-0.79,-1.28,-4.76,34.50
360,34691898,-530.76,-855.47,60.06,-0.98,-1.46,-5.61,34.40
361,34695955,-531.74,-862.30,62.01,-0.79,-1.59,-5.98,34.50
362,34700005,-535.16,-872.07,60.06,-0.49,-1.52,-6.16,34.40
363,34705799,-529.30,-866.70,66.41,-0.55,-1.22,-5.91,34.50
364,34709848,-522.95,-869.14,62.50,-0.67,-1.16,-5.18,34.64
365,34713898,-524.90,-871.09,65.92,-0.67,-1.40,-3.96,34.55
366,34717955,-523.93,-867.19,65.43,-0.67,-1.10,-2.38,34.31
367,34722005,-524.90,-872.56,57.62,-1.10,-0.79,-0.79,34.50
368,34727799,-529.79,-878.42,63.96,-0.49,-0.67,0.55,34.40
369,34731848,-532.23,-868.65,69.34,-0.61,-0.18,2.13,34.50
370,34735898,-526.37,-867.19,68.85,-0.67,-0.30,2.68,34.36
371,34739955,-523.44,-862.30,64.94,-1.34,-0.43,3.23,34.36
372,34744005,-529.30,-871.58,59.57,-1.34,-0.06,3.29,34.55
373,34749799,-530.27,-871.58,54.69,-0.98,-0.43,3.48,34.40
374,34753848,-529.79,-860.84,60.06,-0.61,-0.79,2.74,34.55
375,34757898,-541.50,-867.68,59.57,-0.79,-0.37,2.44,34.50
376,34761955,-545.41,-862.30,57.13,-0.67,-0.61,1.59,34.21
377,34766005,-533.20,-861.33,59.08,-1.22,-0.61,1.04,34.40
378,34771799,-528.81,-856.45,59.57,-1.10,-0.73,0.91,34.31
379,34775848,-538.09,-865.72,50.29,-0.61,-0.67,1.59,34.40
380,34779898,-541.99,-856.93,58.11,-0.73,-0.55,1.95,34.40
381,34783955,-542.97,-861.33,56.64,-0.55,-0.55,2.62,34.64
382,34788005,-550.29,-862.30,57.13,-0.79,-0.79,3.41,34.50
383,34793799,-547.36,-858.89,60.55,-0.61,-0.37,3.29,34.64
384,34797848,-539.55,-850.10,61.52,-0.98,-0.43,3.54,34.16
385,34801898,-548.83,-857.91,63.96,-0.98,-0.49,3.41,34.64
386,34805955,-549.80,-862.79,58.59,-0.79,-0.55,3.35,34.40
387,34811799,-554.69,-852.54,63.48,-0.55,-0.30,2.80,34.50
388,34815848,-551.76,-853.03,62.50,-0.73,-0.61,1.65,34.40
389,34819898,-549.80,-860.84,66.89,-1.10,-0.61,0.43,34.12
390,34823955,-542.97,-853.52,66.41,-0.98,-0.91,-1.16,34.40
391,34828005,-540.53,-853.52,67.87,-0.85,-1.10,-3.35,34.50
392,34833799,-541.99,-864.75,67.38,-0.67,-1.34,-4.94,34.36
393,34837848,-542.97,-861.82,75.68,-0.30,-1.59,-5.79,34.64
394,34841898,-531.74,-858.89,72.75,-0.61,-1.22,-5.61,34.36
395,34845955,-529.30,-861.33,68.36,-1.16,-1.46,-5.85,34.50
396,34850005,-536.13,-867.19,64.45,-1.22,-1.34,-5.24,34.31
397,34855799,-525.88,-864.26,62.50,-1.40,-0.98,-4.02,34.64
398,34859848,-518.07,-863.77,59.08,-1.71,-0.85,-2.32,34.69
399,34863898,-530.76,-872.07,58.59,-0.91,-1.10,-0.98,34.40
400,34867955,-521.97,-865.23,61.52,-0.79,-0.61,0.49,34.31
401,34872005,-519.04,-863.77,50.29,-1.65,0.00,1.52,34.50
402,34877799,-525.39,-872.56,43.95,-1.34,-0.55,2.62,34.64
403,34881848,-531.74,-861.33,45.90,-0.73,-0.30,3.17,34.21
404,34885898,-534.18,-873.05,43.95,-0.98,-0.37,3.60,34.69
405,34889955,-545.90,-875.49,42.48,-0.55,-0.55,3.23,34.64
406,34894005,-535.16,-867.19,51.27,-0.37,-0.61,2.01,34.55
407,34899799,-530.76,-856.93,50.29,-1.16,-0.43,1.22,34.36
408,34903848,-534.67,-861.33,46.87,-1.28,-0.91,0.49,34.40
409,34907898,-533.20,-861.82,54.69,-0.85,-0.91,0.43,34.21
410,34911955,-534.67,-858.89,52.73,-0.55,-0.61,0.18,34.50
411,34916005,-540.53,-867.19,60.06,-0.37,-0.67,0.61,34.40
412,34921799,-544.43,-863.77,61.04,-0.06,-0.79,0.49,34.64
413,34925848,-538.57,-862.30,65.43,-0.55,-0.73,0.06,34.40
414,34929898,-533.69,-854.00,69.82,-0.85,-0.73,0.06,34.50
415,34933955,-529.79,-850.59,75.20,-1.04,-0.85,-0.06,34.31
416,34938005,-540.53,-863.28,68.85,-0.79,-0.67,0.55,34.69
417,34943799,-544.43,-865.72,70.31,-0.67,-0.73,0.91,34.55
418,34947848,-541.02,-857.91,73.24,-0.49,-0.67,1.04,34.69
419,34951898,-538.57,-858.40,73.73,-0.61,-0.73,0.67,34.50
420,34955955,-542.97,-860.35,71.78,-1.10,-0.79,0.06,34.36
421,34960005,-535.64,-858.40,70.80,-1.65,-0.67,0.00,34.50
422,34965799,-531.74,-858.40,67.87,-1.22,-0.85,-0.12,34.50
423,34969848,-539.06,-867.68,60.55,-0.85,-0.85,0.06,34.40
424,34973898,-537.11,-862.79,58.11,-0.43,-0.55,0.18,34.40
425,34977955,-538.57,-861.33,64.94,-0.61,-0.61,0.00,34.21
426,34982005,-538.09,-865.72,59.57,-0.85,-0.73,-0.06,34.64
427,34987799,-534.67,-860.84,58.11,-0.85,-0.79,0.00,34.50
428,34991848,-537.60,-859.86,52.73,-1.22,-0.30,1.04,34.50
429,34995898,-537.11,-867.68,54.20,-1.28,-0.30,1.52,34.36
430,34999955,-543.46,-868.16,45.41,-0.91,-0.55,1.83,34.55
431,35004005,-539.06,-858.89,53.22,-0.61,-0.49,2.01,34.40
432,35009799,-538.57,-859.37,52.25,-0.85,-0.49,2.32,34.36
433,35013848,-543.46,-864.75,55.66,-0.98,-0.37,1.40,34.31
434,35017898,-542.97,-862.30,50.29,-0.73,-0.85,1.04,34.55
435,35021955,-536.62,-861.82,48.83,-1.04,-0.73,-0.55,34.50
436,35027799,-539.06,-861.82,48.34,-1.22,-0.73,-1.77,34.36
437,35031848,-536.62,-867.68,48.34,-0.73,-1.22,-3.17,34.40
438,35035898,-526.37,-861.82,58.11,-0.61,-1.10,-3.72,34.64
439,35039955,-533.20,-870.61,54.69,-0.73,-1.28,-3.90,34.55
440,35044005,-533.69,-876.46,57.13,-0.43,-1.34,-4.02,34.64
441,35049799,-530.76,-856.45,60.55,-0.37,-1.40,-3.90,34.36
442,35053848,-523.44,-864.75,65.43,-1.04,-1.22,-2.56,34.31
443,35057898,-526.86,-869.63,65.43,-0.91,-1.16,-1.46,34.21
444,35061955,-529.79,-863.77,67.87,-0.73,-0.85,-0.06,34.55
445,35066005,-523.93,-865.72,70.80,-0.73,-0.61,1.46,34.50
446,35071799,-536.62,-867.19,68.85,-0.98,-0.24,2.80,34.50
447,35075848,-536.13,-871.58,69.34,-0.55,-0.12,3.66,34.36
448,35079898,-534.18,-858.89,67.38,-1.28,-0.30,4.09,34.21
449,35083955,-533.20,-863.28,63.48,-1.34,-0.37,3.90,34.55
450,35088005,-538.57,-866.21,63.48,-1.16,-0.24,3.78,34.50
451,35093799,-542.48,-859.86,61.52,-1.28,-0.24,3.66,34.40
452,35097848,-536.62,-862.30,57.13,-0.98,-0.37,2.74,34.40
453,35101898,-544.43,-867.19,60.06,-1.16,-0.37,2.13,34.36
454,35105955,-547.85,-865.23,56.64,-0.98,-0.37,1.34,34.40
455,35110005,-538.57,-854.49,54.20,-0.91,-0.55,0.37,34.64
456,35115799,-542.97,-859.86,50.78,-1.10,-0.61,-0.06,34.50
457,35119848,-542.48,-863.28,51.76,-0.91,-0.67,-0.30,34.55
458,35123898,-534.67,-857.91,54.20,-0.91,-0.61,-0.12,34.55
459,35127955,-539.55,-861.33,52.73,-0.61,-0.67,-0.06,34.36
460,35132005,-547.36,-862.79,57.13,-0.37,-0.67,0.37,34.50
461,35137799,-539.06,-859.86,56.64,-0.37,-0.67,0.24,34.50
462,35141848,-539.55,-854.98,59.57,-0.91,-0.43,0.24,34.64
463,35145898,-541.02,-862.79,56.64,-0.98,-0.55,0.49,34.31
464,35149955,-542.48,-861.33,60.55,-0.67,-0.73,0.24,34.55
465,35154005,-541.02,-857.42,60.55,-0.43,-0.79,-0.06,34.55
466,35159799,-541.99,-859.37,64.45,-0.91,-0.73,-0.49,34.50
467,35163848,-543.46,-866.70,62.50,-0.73,-1.22,-1.83,34.55
468,35167898,-534.67,-857.91,67.38,-0.85,-1.34,-2.38,34.36
469,35171955,-529.79,-859.37,66.89,-1.10,-1.28,-3.35,34.31
470,35176005,-533.69,-869.14,61.04,-1.16,-1.52,-3.41,34.40
471,35181799,-532.23,-868.16,66.41,-0.79,-1.22,-3.78,34.55
472,35185848,-526.86,-866.21,67.87,-0.79,-1.10,-3.35,34.55
473,35189898,-533.20,-872.07,65.92,-0.91,-1.04,-3.05,34.36
474,35193955,-530.27,-875.49,64.94,-1.04,-0.98,-2.68,34.31
475,35198005,-526.86,-865.72,66.41,-0.98,-1.10,-1.34,34.50
476,35203799,-521.48,-867.19,59.57,-1.16,-0.73,-0.43,34.64
477,35207848,-533.69,-872.56,57.62,-0.73,-0.67,1.46,34.55
478,35211898,-532.71,-865.72,59.57,-0.91,-0.37,2.56,34.74
479,35215955,-531.74,-862.30,60.55,-0.55,-0.37,3.54,34.64
480,35220005,-536.13,-865.23,51.27,-1.10,-0.24,4.33,34.74
481,35225799,-537.11,-862.30,55.66,-0.73,-0.18,5.00,34.64
482,35229848,-538.57,-863.28,52.73,-0.98,0.00,5.18,34.64
483,35233898,-540.04,-864.26,49.80,-1.04,-0.18,5.30,34.50
484,35237955,-546.39,-862.30,54.69,-0.73,-0.37,4.27,34.50
485,35243799,-542.97,-858.89,51.27,-0.55,-0.30,3.29,34.21
486,35247848,-545.90,-858.89,53.22,-0.67,-0.37,1.95,34.55
487,35251898,-546.39,-862.79,53.71,-0.79,-0.67,0.79,34.64
488,35255955,-544.92,-858.89,51.27,-0.85,-0.91,-0.37,34.64
489,35260005,-544.92,-857.91,59.57,-0.73,-1.04,-1.22,34.50
490,35264054,-547.36,-862.79,60.55,-0.61,-0.98,-2.20,34.74
491,35269799,-541.02,-866.70,59.57,-0.37,-1.04,-2.62,34.40
492,35273848,-538.09,-857.91,62.99,-0.61,-1.22,-2.80,34.31
493,35277898,-541.99,-864.26,60.55,-0.67,-1.22,-2.87,34.55
494,35281955,-534.67,-866.70,65.92,-0.55,-1.04,-2.13,34.40
495,35287799,-531.74,-859.86,67.87,-0.67,-0.79,-1.77,34.64
496,35291848,-536.13,-864.26,67.87,-0.73,-0.98,-0.79,34.40
497,35295898,-539.06,-865.23,71.29,-0.67,-0.85,-0.37,34.40
498,35299955,-538.09,-864.26,67.87,-0.61,-0.67,0.00,34.64
499,35304005,-534.67,-858.40,67.87,-0.79,-0.85,0.43,34.64
500,35309799,-537.11,-864.26,66.89,-0.98,-0.73,0.67,34.50
501,35313848,-538.09,-863.28,67.38,-1.10,-0.55,0.73,34.40
502,35317898,-535.64,-860.84,62.99,-1.22,-0.61,0.67,34.31
503,35321955,-536.62,-862.79,58.59,-0.98,-0.79,0.79,34.40
504,35326005,-533.69,-867.19,58.11,-0.91,-0.61,0.49,34.55
505,35331799,-532.23,-860.35,58.59,-0.85,-0.85,0.30,34.50
506,35335848,-536.13,-867.68,54.69,-1.04,-0.73,0.24,34.40
507,35339898,-536.13,-866.70,51.27,-0.85,-0.49,-0.12,34.55
508,35343955,-531.25,-860.84,54.20,-0.91,-0.55,-0.18,34.40
509,35348005,-531.25,-858.89,57.13,-0.79,-0.79,0.24,34.64
510,35353799,-540.53,-872.07,52.25,-0.98,-0.73,0.30,34.50
511,35357848,-535.16,-862.30,55.66,-0.73,-0.55,0.73,34.36
512,35361898,-532.23,-860.35,54.20,-0.61,-0.67,1.22,34.40
513,35365955,-535.16,-861.82,50.29,-1.04,-0.37,1.46,34.69
514,35370005,-543.46,-869.63,55.66,-0.85,-0.67,1.65,34.50
515,35375799,-538.57,-856.45,54.69,-0.61,-0.49,1.71,34.74
516,35379848,-537.60,-860.84,54.69,-0.79,-0.43,1.34,34.64
517,35383898,-541.50,-862.79,56.64,-0.85,-0.85,1.40,34.64
518,35387955,-535.64,-861.33,58.59,-0.73,-0.61,0.85,34.31
519,35392005,-535.16,-858.40,59.57,-0.73,-0.73,0.18,34.40
520,35397799,-538.09,-862.79,59.08,-0.67,-0.85,-0.43,34.40
521,35401848,-542.48,-860.84,65.43,-0.55,-0.98,-1.04,34.50
522,35405898,-539.55,-860.84,61.04,-0.67,-0.79,-1.16,34.21
523,35409955,-539.55,-862.30,64.94,-0.79,-0.91,-1.65,34.21
524,35414005,-539.55,-869.14,67.87,-0.79,-1.10,-1.71,34.55
525,35419799,-532.71,-861.82,71.29,-0.61,-0.91,-1.71,34.40
526,35423848,-533.69,-858.89,67.38,-0.91,-1.04,-1.40,34.50
527,35427898,-536.62,-866.21,67.87,-0.85,-0.85,-0.73,34.31
528,35431955,-532.71,-869.63,71.78,-0.79,-0.61,-0.30,34.31
529,35436005,-525.88,-862.79,63.96,-1.04,-0.61,0.61,34.40
530,35441799,-534.18,-865.72,62.99,-0.91,-0.61,0.98,34.64
531,35445848,-536.13,-868.16,59.08,-0.85,-0.30,1.52,34.40
532,35449898,-534.67,-862.30,61.52,-0.98,-0.61,2.01,34.36
533,35453955,-531.25,-865.23,58.11,-0.91,-0.43,2.26,34.21
534,35458005,-543.46,-863.77,61.04,-1.10,-0.49,2.20,34.50
535,35463799,-537.60,-862.79,54.69,-0.98,-0.55,1.95,34.31
536,35467848,-537.11,-863.28,60.06,-0.85,-0.67,1.59,34.21
537,35471898,-540.53,-866.21,55.66,-1.10,-0.61,1.28,34.50
538,35475955,-544.43,-862.30,55.18,-0.98,-0.61,0.55,34.21
539,35481799,-537.60,-861.33,56.15,-1.10,-0.55,-0.18,34.40
540,35485848,-539.55,-864.75,52.73,-1.04,-0.85,-0.98,34.40
541,35489898,-541.99,-862.79,54.20,-0.79,-1.10,-1.16,34.50
542,35493955,-536.13,-860.84,54.20,-0.55,-0.98,-1.34,34.55
543,35498005,-538.09,-863.77,59.57,-0.98,-1.10,-1.28,34.64
544,35503799,-536.13,-866.70,57.62,-0.61,-1.04,-1.34,34.40
545,35507848,-535.16,-860.35,58.11,-0.49,-0.61,-1.04,34.55
546,35511898,-532.71,-862.30,60.06,-0.91,-0.98,-0.67,34.16
547,35515955,-534.67,-862.79,61.04,-0.79,-0.73,-0.37,34.40
548,35520005,-535.64,-860.35,66.41,-0.79,-0.85,0.24,34.50
549,35525799,-536.13,-861.33,62.99,-0.79,-0.61,0.55,34.21
550,35529848,-541.02,-865.72,68.85,-0.85,-0.85,1.04,34.64
551,35533898,-537.11,-864.75,65.43,-0.85,-0.49,1.22,34.21
552,35537955,-538.57,-860.84,63.48,-0.85,-0.61,1.52,34.40
553,35542005,-541.02,-864.75,64.45,-0.85,-0.73,1.22,34.64
554,35547799,-538.09,-866.21,61.52,-0.85,-0.79,0.79,34.36
555,35551848,-532.23,-860.35,61.04,-0.98,-0.18,0.91,34.64
556,35555898,-534.67,-859.86,60.55,-0.79,-0.79,0.61,34.50
557,35559955,-538.57,-865.72,61.04,-0.79,-0.67,0.37,34.74
558,35564005,-536.62,-863.77,58.59,-0.73,-0.73,0.12,34.31
559,35569799,-534.18,-860.35,58.11,-0.91,-0.61,0.18,34.55
560,35573848,-539.06,-866.70,59.57,-0.91,-0.73,0.00,34.64
561,35577898,-537.11,-859.37,60.06,-0.91,-0.73,0.30,34.50
562,35581955,-536.62,-860.84,59.08,-0.67,-0.73,0.37,34.50
563,35586005,-534.67,-862.30,58.11,-0.79,-0.79,0.79,34.55
564,35591799,-536.13,-863.77,55.66,-0.79,-0.61,0.91,34.31
565,35595848,-534.67,-859.86,62.01,-0.73,-0.37,1.16,34.64
566,35599898,-538.09,-858.40,60.55,-0.79,-0.67,1.16,34.55
567,35603955,-540.53,-862.30,61.52,-0.79,-0.61,0.98,34.40
568,35608005,-537.11,-861.82,61.52,-0.61,-0.43,0.98,34.40
569,35613799,-533.69,-855.96,63.48,-1.04,-0.61,0.67,34.40
570,35617848,-540.04,-860.84,57.13,-0.91,-0.91,0.00,34.50
571,35621898,-541.50,-860.84,60.06,-0.91,-0.85,-0.06,34.36
572,35625955,-532.71,-855.96,64.94,-0.85,-0.61,-0.43,34.36
573,35630005,-536.62,-855.96,65.43,-0.67,-0.73,-0.49,34.40
574,35635799,-538.57,-863.77,60.55,-0.91,-1.10,-0.73,34.55
575,35639848,-535.64,-857.91,63.96,-0.73,-0.85,-1.16,34.12
576,35643898,-532.71,-860.84,63.48,-1.04,-1.10,-1.34,34.55
577,35647955,-535.64,-869.63,57.13,-0.98,-0.98,-1.22,34.36
578,35652005,-529.79,-867.68,61.52,-0.98,-0.73,-1.04,34.50
579,35657799,-530.27,-867.19,66.89,-1.16,-0.85,-0.73,34.64
580,35661848,-535.64,-865.23,59.57,-0.91,-0.55,-0.18,34.50
581,35665898,-535.64,-868.16,64.45,-0.67,-0.61,0.30,34.64
582,35669955,-532.71,-866.70,59.57,-1.04,-0.79,0.73,34.21
583,35674005,-529.79,-861.33,59.08,-1.16,-0.67,0.91,34.55
584,35679799,-534.18,-870.12,52.25,-0.85,-0.91,1.40,34.69
585,35683848,-528.81,-863.28,61.04,-0.85,-0.55,1.40,34.36
586,35687898,-533.20,-863.28,53.22,-0.85,-0.43,1.40,34.64
587,35691955,-540.53,-866.21,58.11,-0.98,-0.55,1.16,34.50
588,35697799,-537.60,-867.68,57.62,-0.67,-0.85,1.10,34.31
589,35701848,-535.64,-861.33,57.62,-1.10,-0.43,0.73,34.64
590,35705898,-538.09,-860.84,61.52,-1.10,-0.79,0.37,34.36
591,35709955,-538.09,-861.33,61.52,-0.85,-0.79,0.06,34.50
592,35714005,-538.09,-864.26,58.11,-0.61,-0.73,-0.12,34.50
593,35719799,-534.67,-864.26,61.04,-0.79,-0.61,-0.30,34.50
594,35723848,-539.06,-862.79,64.94,-0.61,-0.61,-0.06,34.50
595,35727898,-535.16,-860.35,56.15,-0.98,-0.91,-0.30,34.21
596,35731955,-533.69,-860.35,69.82,-0.73,-0.98,-0.18,34.50
597,35736005,-538.09,-865.72,63.96,-0.79,-0.85,-0.24,34.55
598,35741799,-537.60,-860.84,65.43,-0.91,-0.79,0.06,34.50
599,35745848,-534.18,-859.86,66.89,-0.79,-0.67,0.43,34.69
600,35749898,-534.18,-859.37,65.43,-0.67,-0.73,0.55,34.31
601,35753955,-537.60,-867.68,64.94,-0.61,-0.91,0.55,34.69
602,35758005,-534.67,-862.79,64.45,-0.55,-0.73,0.91,34.50
603,35763799,-533.20,-862.79,62.99,-1.04,-0.79,0.85,34.40
604,35767848,-541.50,-861.82,60.06,-0.79,-0.79,0.61,34.50
605,35771898,-535.16,-862.79,62.99,-1.04,-0.79,0.37,34.69
606,35775955,-534.18,-861.82,59.57,-1.04,-1.10,0.12,34.40
607,35780005,-538.09,-864.26,59.57,-1.04,-0.73,0.18,34.64
608,35785799,-538.09,-860.84,60.06,-0.91,-0.55,0.00,34.50
609,35789848,-535.64,-860.35,60.55,-1.04,-0.73,-0.18,34.64
610,35793898,-537.11,-871.58,60.06,-0.85,-0.67,-0.12,34.50
611,35797955,-538.09,-865.23,57.13,-0.98,-0.79,-0.18,34.50
612,35802005,-532.71,-861.33,59.08,-0.85,-0.55,-0.24,34.69
613,35807799,-530.27,-856.93,57.13,-0.85,-0.79,0.00,34.36
614,35811848,-534.67,-865.23,51.27,-0.79,-0.73,0.24,34.64
615,35815898,-530.27,-863.28,55.18,-0.73,-0.73,0.43,34.31
616,35819955,-530.76,-859.86,58.11,-0.79,-0.61,0.30,34.36
617,35824005,-536.62,-867.19,59.57,-0.67,-0.73,0.43,34.40
618,35829799,-538.57,-867.19,60.06,-0.67,-0.73,0.18,34.31
619,35833848,-534.67,-860.84,62.99,-0.79,-0.61,0.12,34.40
620,35837898,-538.57,-866.70,60.06,-0.91,-0.73,0.18,34.40
621,35841955,-535.64,-865.23,61.52,-0.79,-0.98,0.30,34.21
622,35846005,-535.16,-858.89,61.52,-0.55,-0.91,0.06,34.55
623,35851799,-535.64,-855.96,66.41,-0.73,-1.04,-0.18,34.50
624,35855848,-535.64,-866.70,60.06,-0.55,-0.67,-0.18,34.40
625,35859898,-532.23,-864.75,64.45,-0.55,-0.73,-0.18,34.40
626,35863955,-529.30,-859.86,62.99,-0.85,-0.61,0.00,34.21
627,35868005,-534.18,-869.63,62.01,-0.98,-0.85,0.18,34.40
628,35873799,-535.64,-870.61,66.89,-0.79,-0.79,0.06,34.64
629,35877848,-530.76,-858.89,68.36,-0.73,-0.43,0.24,34.64
630,35881898,-529.79,-861.82,60.55,-0.73,-0.85,0.55,34.50
631,35885955,-537.60,-868.16,61.04,-1.04,-0.43,0.91,34.64
632,35890005,-540.53,-866.70,66.89,-0.98,-0.67,1.10,34.64
633,35895799,-535.64,-858.40,62.99,-1.10,-0.67,1.16,34.50
634,35899848,-537.60,-867.19,60.55,-1.10,-0.61,1.65,34.55
635,35903898,-540.53,-861.33,60.06,-0.67,-0.79,1.46,34.55
636,35907955,-538.09,-855.96,60.55,-0.98,-0.61,1.28,34.40
637,35913799,-538.57,-858.89,58.59,-0.98,-0.55,1.34,34.50
638,35917848,-539.06,-866.70,58.59,-0.61,-0.79,0.91,34.55
639,35921898,-535.64,-860.84,58.59,-0.67,-0.79,0.43,34.64
640,35925955,-539.55,-861.82,55.18,-1.04,-0.55,0.24,34.64
641,35930005,-540.04,-864.26,55.18,-1.10,-0.61,0.00,34.40
642,35934054,-541.50,-861.33,57.62,-0.67,-0.73,-0.55,34.64
643,35939799,-534.67,-858.40,59.57,-0.91,-0.73,-0.67,34.36
644,35943848,-538.09,-861.82,55.66,-1.04,-1.04,-0.85,34.31
645,35947898,-537.11,-863.77,61.52,-0.73,-0.85,-0.98,34.50
646,35951955,-535.16,-862.30,58.11,-0.79,-0.79,-1.16,34.40
647,35957799,-532.71,-865.23,63.48,-0.85,-0.85,-1.22,34.69
648,35961848,-533.69,-865.72,63.48,-0.61,-0.73,-1.04,34.40
649,35965898,-534.67,-863.28,63.48,-0.79,-0.79,-0.79,34.64
650,35969955,-534.18,-865.72,62.50,-1.10,-1.04,-0.61,34.40
651,35974005,-529.30,-867.68,62.99,-0.91,-0.91,-0.24,34.50
652,35979799,-533.69,-865.23,59.08,-0.85,-0.73,-0.12,34.40
653,35983848,-530.27,-860.84,65.92,-0.91,-0.79,0.24,34.40
654,35987898,-534.18,-865.23,63.96,-0.79,-0.67,0.43,34.55
655,35991955,-533.69,-864.75,60.06,-0.79,-0.85,0.98,34.40
656,35996005,-529.30,-860.35,63.48,-0.55,-0.79,0.79,34.36
657,36001799,-537.11,-862.30,65.43,-0.79,-0.55,0.49,34.64
658,36005848,-531.74,-865.72,63.96,-0.61,-0.55,0.67,34.21
659,36009898,-532.23,-860.35,66.41,-0.79,-0.61,0.73,34.50
660,36013955,-532.23,-860.84,61.04,-0.85,-0.37,0.67,34.50
661,36018005,-535.64,-866.21,60.55,-1.04,-0.49,1.04,34.55
662,36023799,-535.16,-862.30,58.11,-0.85,-0.67,0.85,34.50
663,36027848,-530.76,-865.72,59.57,-0.98,-0.73,0.91,34.21
664,36031898,-540.04,-864.75,57.13,-0.79,-0.55,1.04,34.50
665,36035955,-546.39,-865.23,59.08,-0.85,-0.61,1.16,34.64
666,36040005,-536.62,-859.86,60.06,-0.79,-0.98,0.91,34.40
667,36045799,-541.02,-860.84,57.13,-1.16,-0.55,1.04,34.55
668,36049848,-540.53,-864.75,59.57,-0.91,-0.73,0.73,34.50
669,36053898,-536.62,-859.37,61.04,-0.67,-0.73,0.61,34.74
670,36057955,-536.62,-861.33,59.57,-0.98,-0.67,0.43,34.31
671,36062005,-537.60,-860.84,61.04,-0.85,-0.85,0.43,34.64
672,36067799,-541.50,-861.33,60.06,-0.73,-0.91,-0.24,34.50
673,36071848,-533.20,-861.33,62.50,-1.10,-0.55,-0.49,34.40
674,36075898,-536.62,-860.84,54.69,-0.98,-0.85,-0.43,34.55
675,36079955,-539.06,-864.26,61.52,-0.73,-0.98,-0.73,34.31
676,36084005,-535.16,-858.89,62.01,-0.73,-0.73,-0.98,34.40
677,36089799,-531.25,-860.84,61.04,-0.85,-0.85,-1.04,34.40
678,36093848,-537.60,-867.19,60.06,-0.85,-0.61,-1.04,34.50
679,36097898,-531.74,-861.82,64.45,-0.49,-0.85,-1.10,34.69
680,36101955,-533.20,-861.82,61.52,-0.98,-0.79,-0.79,34.36
681,36106005,-538.09,-862.79,57.62,-0.91,-0.98,-0.30,34.64
682,36111799,-537.60,-866.70,61.52,-1.04,-0.49,-0.30,34.64
683,36115848,-530.27,-862.79,60.55,-0.85,-0.79,0.06,34.40
684,36119898,-532.71,-866.70,60.06,-0.91,-0.85,0.61,34.40
685,36123955,-538.09,-866.70,57.13,-0.61,-0.55,0.67,34.55
686,36128005,-532.71,-864.75,66.41,-0.91,-0.73,0.73,34.64
687,36133799,-532.71,-861.82,57.13,-0.91,-0.49,0.98,34.31
688,36137848,-538.57,-866.70,57.62,-0.67,-0.61,1.22,34.31
689,36141898,-537.11,-865.72,56.64,-0.79,-0.61,0.85,34.83
690,36145955,-529.30,-859.37,54.69,-0.91,-0.61,0.98,34.21
691,36151799,-534.18,-862.79,58.11,-0.79,-0.61,0.79,34.40
692,36155848,-540.04,-860.84,60.55,-0.73,-0.73,0.67,34.40
693,36159898,-531.25,-855.47,65.43,-0.85,-0.61,0.43,34.40
694,36163955,-539.55,-864.75,59.08,-1.10,-0.55,0.55,34.36
695,36168005,-541.99,-867.19,58.59,-0.79,-0.79,0.18,34.40
696,36173799,-534.67,-859.86,62.99,-1.10,-0.79,0.43,34.50
697,36177848,-533.69,-858.40,62.99,-0.91,-0.67,0.37,34.40
698,36181898,-538.09,-871.58,60.55,-0.85,-1.04,0.37,34.31
699,36185955,-539.55,-865.72,63.96,-0.67,-0.73,0.49,34.40
700,36190005,-530.27,-854.00,63.48,-0.79,-0.61,0.61,34.55
701,36195799,-535.16,-865.72,62.50,-0.98,-0.67,0.55,34.50
702,36199848,-539.06,-864.26,64.45,-0.91,-0.79,0.37,34.40
703,36203898,-537.11,-862.79,63.96,-0.73,-0.67,0.37,34.31
704,36207955,-534.18,-859.86,60.06,-0.85,-0.61,0.49,34.50
705,36212005,-540.04,-865.72,64.94,-0.79,-0.73,0.37,34.40
706,36217799,-538.09,-864.75,63.48,-0.85,-0.55,0.30,34.55
707,36221848,-536.13,-859.37,62.01,-0.98,-0.79,0.12,34.31
708,36225898,-537.60,-870.61,61.52,-0.85,-0.85,-0.06,34.31
709,36229955,-531.74,-861.82,60.55,-0.73,-0.73,-0.37,34.31
710,36234005,-537.60,-861.33,62.01,-0.79,-0.79,-0.30,34.69
711,36239799,-537.60,-863.77,60.06,-0.98,-0.79,-0.24,34.40
712,36243848,-535.16,-865.72,61.52,-0.49,-0.79,-0.12,34.50
713,36247898,-532.71,-863.28,63.96,-0.73,-0.79,-0.30,34.64
714,36251955,-533.69,-861.33,58.59,-1.04,-0.67,-0.18,34.31
715,36256005,-534.18,-866.21,59.57,-1.04,-0.55,0.00,34.55
716,36261799,-534.18,-863.28,52.25,-0.73,-0.55,0.06,34.64
717,36265848,-535.16,-862.30,60.55,-0.98,-0.61,0.12,34.40
718,36269898,-533.20,-867.19,58.11,-1.04,-0.85,0.30,34.55
719,36273955,-532.71,-869.14,59.57,-0.67,-1.04,0.43,34.31
720,36278005,-533.20,-863.28,60.55,-0.79,-0.49,0.37,34.69
721,36283799,-532.71,-862.79,58.59,-0.85,-0.85,0.37,34.50
722,36287848,-536.62,-864.75,62.50,-0.61,-0.67,0.49,34.40
723,36291898,-535.64,-863.28,60.55,-0.61,-0.85,0.37,34.64
724,36295955,-534.18,-861.33,62.50,-0.91,-0.79,0.24,34.12
725,36300005,-541.02,-863.77,62.01,-0.79,-0.85,0.37,34.55
726,36305799,-540.04,-864.75,63.48,-0.79,-0.61,0.24,34.40
727,36309848,-533.20,-862.79,62.01,-0.73,-0.73,0.18,34.40
728,36313898,-540.04,-864.26,63.48,-0.98,-0.61,0.12,34.40
729,36317955,-538.09,-865.72,61.04,-0.67,-0.67,0.06,34.31
730,36322005,-533.69,-863.28,64.45,-0.79,-0.85,0.55,34.40
731,36327799,-537.60,-863.77,61.52,-0.85,-0.79,0.24,34.36
732,36331848,-537.60,-864.75,61.04,-0.85,-0.55,0.61,34.31
733,36335898,-537.60,-856.45,64.45,-0.79,-0.61,0.73,34.50
734,36339955,-539.06,-859.86,65.92,-0.91,-0.61,0.30,34.64
735,36344005,-536.13,-864.26,66.41,-0.85,-0.61,0.43,34.64
736,36349799,-537.11,-866.21,61.04,-1.04,-0.73,0.43,34.40
737,36353848,-532.71,-859.86,58.11,-0.98,-0.79,0.49,34.31
738,36357898,-539.06,-867.68,59.08,-0.85,-0.79,0.61,34.64
739,36361955,-538.09,-865.72,60.55,-0.73,-0.67,0.30,34.69
740,36367799,-536.13,-862.30,60.06,-0.98,-0.79,0.18,34.31
741,36371848,-541.02,-861.82,62.99,-1.16,-0.98,0.30,34.40
742,36375898,-541.50,-868.16,55.18,-0.79,-0.73,0.00,34.40
743,36379955,-537.11,-866.21,59.08,-0.98,-0.85,-0.12,34.21
744,36384005,-531.25,-866.70,54.20,-0.61,-1.10,-0.06,34.40
745,36389799,-539.55,-863.77,52.73,-0.91,-0.91,-0.12,34.21
746,36393848,-535.64,-864.75,58.59,-0.73,-0.85,-0.12,34.40
747,36397898,-535.64,-861.33,60.06,-0.91,-0.85,-0.30,34.31
748,36401955,-537.11,-868.65,61.04,-0.67,-0.73,-0.06,34.50
749,36406005,-541.99,-866.21,62.01,-0.73,-0.67,-0.06,34.21
750,36411799,-533.69,-858.40,57.13,-0.67,-0.49,-0.06,34.31
751,36415848,-536.62,-865.72,57.13,-0.98,-0.73,0.06,34.40
752,36419898,-540.53,-870.12,60.06,-0.61,-0.67,0.18,34.31
753,36423955,-536.13,-862.30,65.43,-0.73,-0.79,0.18,34.64
754,36428005,-533.69,-865.72,58.59,-0.85,-0.91,0.43,34.36
755,36433799,-539.55,-865.23,60.06,-0.67,-0.79,0.43,34.40
756,36437848,-534.67,-865.23,60.55,-0.79,-0.43,0.49,34.64
757,36441898,-532.71,-855.96,62.01,-0.79,-0.73,0.43,34.50
758,36445955,-536.62,-863.77,60.06,-1.04,-0.85,0.43,34.69
759,36450005,-543.46,-868.65,61.52,-0.79,-0.67,0.43,34.40
760,36455799,-533.69,-864.26,60.55,-0.98,-0.61,0.30,34.40
761,36459848,-533.69,-864.26,61.04,-1.16,-0.67,0.30,34.50
762,36463898,-538.09,-867.19,57.62,-0.98,-0.49,0.61,34.64
763,36467955,-537.11,-864.75,61.52,-0.73,-0.49,0.79,34.55
764,36472005,-539.55,-859.37,57.62,-0.98,-0.67,0.43,34.40
765,36477799,-538.57,-864.26,54.69,-0.79,-0.79,0.49,34.64
766,36481848,-541.99,-862.79,60.06,-0.67,-0.67,0.55,34.40
767,36485898,-535.64,-859.37,57.62,-0.98,-0.61,0.73,34.50
768,36489955,-538.09,-859.86,57.62,-0.85,-0.55,0.73,34.40
769,36494005,-542.48,-871.09,60.06,-0.98,-0.67,0.55,34.50
770,36499799,-538.09,-863.28,58.11,-0.91,-0.55,0.55,34.64
771,36503848,-529.30,-859.37,60.06,-0.79,-0.67,0.67,34.64
772,36507898,-540.04,-861.82,62.01,-1.04,-0.73,0.30,34.50
773,36511955,-539.55,-869.63,59.08,-0.67,-0.67,0.18,34.21
774,36516005,-535.16,-858.40,64.94,-0.79,-0.73,0.00,34.64
775,36521799,-534.18,-858.40,62.99,-0.79,-0.79,-0.12,34.40
776,36525848,-537.11,-869.14,63.96,-0.67,-0.91,-0.30,34.50
777,36529898,-534.67,-864.75,61.04,-0.73,-0.67,-0.37,34.64
778,36533955,-534.18,-857.91,60.55,-1.04,-0.73,-0.49,34.40
779,36538005,-541.50,-869.63,58.59,-0.85,-0.91,-0.43,34.40
780,36543799,-540.53,-866.70,60.55,-0.85,-0.79,-0.43,34.64
781,36547848,-533.20,-861.33,60.55,-1.16,-0.67,-0.37,34.64
782,36551898,-536.13,-864.26,63.96,-1.10,-0.91,-0.12,34.21
783,36555955,-537.11,-867.68,62.50,-0.79,-1.10,-0.06,34.36
784,36560005,-531.74,-861.33,60.55,-0.85,-0.79,0.00,34.12
785,36565799,-535.64,-864.26,61.04,-0.98,-0.61,-0.18,34.55
786,36569848,-539.06,-871.09,61.04,-0.67,-0.55,0.49,34.64
787,36573898,-541.02,-867.68,58.11,-0.79,-0.67,0.43,34.40
788,36577955,-530.27,-862.30,61.52,-0.85,-0.55,0.30,34.50
789,36583799,-533.20,-866.21,56.64,-1.16,-0.55,0.61,34.50
790,36587848,-536.13,-867.68,57.62,-0.55,-0.79,0.73,34.40
791,36591898,-538.09,-859.86,59.08,-0.91,-0.61,0.55,34.50
792,36595955,-535.64,-865.72,57.13,-1.04,-0.73,0.79,34.55
793,36600005,-539.06,-868.65,57.13,-0.79,-0.67,0.79,34.83
794,36604054,-535.64,-861.33,59.08,-0.98,-0.49,0.61,34.40
795,36609799,-537.11,-861.33,60.55,-0.91,-0.30,0.61,34.36
796,36613848,-547.36,-867.68,60.55,-0.61,-0.98,0.37,34.21
797,36617898,-539.06,-868.65,59.08,-0.67,-0.85,0.37,34.31
798,36621955,-536.62,-857.42,60.06,-0.79,-0.79,0.30,34.40
799,36627799,-534.67,-861.82,59.57,-0.98,-0.91,0.12,34.69
800,36631848,-540.53,-864.75,58.59,-0.85,-0.67,0.00,34.64
801,36635898,-536.13,-860.84,62.01,-0.85,-0.49,-0.06,34.31
802,36639955,-535.16,-860.35,58.59,-0.67,-0.79,0.00,34.55
803,36644005,-541.99,-867.68,59.57,-1.04,-0.98,-0.06,34.55
804,36649799,-536.13,-863.77,56.64,-0.61,-0.91,-0.06,34.50
805,36653848,-528.32,-861.33,61.04,-0.79,-0.79,-0.24,34.50
806,36657898,-536.13,-863.77,61.52,-0.73,-0.79,-0.30,34.02
807,36661955,-535.16,-864.26,59.08,-0.55,-0.85,-0.43,34.50
808,36666005,-534.18,-863.28,59.57,-0.67,-0.91,-0.24,34.64
809,36671799,-533.20,-860.84,58.59,-0.91,-0.55,-0.18,34.50
810,36675848,-539.06,-868.65,55.66,-0.85,-0.91,-0.37,34.64
811,36679898,-537.11,-862.79,57.62,-0.61,-0.85,-0.12,34.40
812,36683955,-533.69,-862.30,61.52,-0.91,-0.61,0.12,34.64
813,36688005,-535.16,-866.70,60.06,-0.98,-0.73,0.24,34.40
814,36693799,-537.11,-862.30,59.57,-0.79,-0.61,0.24,34.50
815,36697848,-537.11,-863.28,61.52,-0.98,-0.55,0.24,34.64
816,36701898,-535.16,-866.70,58.59,-0.91,-0.73,0.43,34.36
817,36705955,-536.62,-866.21,59.57,-0.61,-0.67,0.24,34.40
818,36710005,-533.69,-864.26,60.55,-0.79,-0.79,0.73,34.40
819,36715799,-531.74,-862.79,59.57,-0.85,-0.43,0.85,34.74
820,36719848,-536.62,-866.21,61.52,-0.73,-0.73,0.73,34.64
821,36723898,-536.13,-864.26,58.11,-0.73,-0.79,0.55,34.21
822,36727955,-536.13,-860.84,61.04,-0.85,-0.67,0.43,34.40
823,36732005,-535.64,-864.75,60.06,-0.85,-0.49,0.67,34.36
824,36737799,-538.09,-865.23,58.59,-0.85,-0.67,0.49,34.64
825,36741848,-534.18,-865.23,63.48,-0.79,-0.91,0.55,34.40
826,36745898,-536.13,-861.82,61.04,-0.85,-0.79,0.37,34.50
827,36749955,-540.53,-868.65,57.13,-0.79,-0.61,0.00,34.02
828,36754005,-534.67,-861.33,62.01,-1.16,-0.79,-0.06,34.64
829,36759799,-536.13,-862.30,65.43,-0.98,-0.61,0.00,34.69
830,36763848,-534.18,-865.72,59.08,-0.79,-1.10,0.00,34.64
831,36767898,-536.62,-861.33,62.50,-0.85,-0.67,0.18,34.50
832,36771955,-532.71,-861.33,60.55,-0.67,-0.55,0.37,34.36
833,36776005,-540.04,-867.19,58.59,-0.67,-0.85,0.24,34.36
834,36781799,-535.64,-870.61,59.08,-0.85,-0.79,0.30,34.40
835,36785848,-532.71,-859.86,62.99,-0.73,-0.67,0.49,34.50
836,36789898,-536.13,-868.65,58.11,-0.85,-0.73,0.37,34.64
837,36793955,-541.50,-861.82,61.04,-0.73,-0.67,0.43,34.64
838,36798005,-534.67,-861.82,59.08,-0.73,-0.79,0.43,34.50
839,36803799,-535.64,-862.79,57.62,-1.10,-0.85,0.37,34.40
840,36807848,-537.60,-868.65,57.13,-0.79,-0.79,0.37,34.21
841,36811898,-534.18,-866.21,56.64,-0.55,-0.67,0.37,34.74
842,36815955,-533.20,-861.82,60.06,-0.98,-0.61,0.43,34.64
843,36821799,-535.16,-866.70,61.04,-0.98,-0.98,0.30,34.50
844,36825848,-541.50,-869.63,61.04,-0.73,-0.79,0.30,34.50
845,36829898,-535.64,-859.37,61.52,-0.98,-0.98,0.37,34.40
846,36833955,-535.64,-865.72,60.55,-0.85,-0.73,0.06,34.55
847,36838005,-537.11,-868.65,58.11,-0.79,-0.67,0.18,34.36
848,36843799,-535.16,-864.75,56.15,-0.85,-1.10,-0.06,34.69
849,36847848,-532.71,-867.19,59.08,-0.91,-0.79,0.37,34.40
850,36851898,-538.09,-866.70,60.06,-0.73,-0.61,0.00,34.31
851,36855955,-539.06,-868.16,59.08,-0.67,-0.43,0.12,34.64
852,36860005,-529.30,-863.77,55.66,-0.67,-0.79,-0.06,34.36
853,36865799,-535.16,-862.79,64.45,-0.91,-0.85,0.30,34.50
854,36869848,-539.55,-866.70,62.50,-0.98,-0.79,0.49,34.74
855,36873898,-531.25,-859.37,59.08,-0.85,-0.67,0.30,34.36
856,36877955,-533.69,-857.91,61.04,-0.85,-0.73,0.24,34.50
857,36882005,-539.06,-868.16,61.52,-0.79,-0.85,0.55,34.64
858,36887799,-538.09,-865.23,64.45,-0.55,-0.73,0.12,34.40
859,36891848,-533.20,-859.37,61.04,-1.04,-0.79,0.43,34.36
860,36895898,-534.18,-866.21,58.11,-1.10,-0.98,0.30,34.50
861,36899955,-537.11,-867.68,58.11,-0.73,-0.67,0.37,34.50
862,36904005,-536.13,-857.91,61.04,-0.79,-0.49,0.37,34.64
863,36909799,-532.23,-860.84,59.08,-0.91,-0.79,0.37,34.50
864,36913848,-537.60,-872.56,60.55,-0.85,-0.79,0.49,34.64
865,36917898,-535.16,-864.26,57.13,-0.91,-0.67,0.37,34.40
866,36921955,-533.69,-855.96,61.04,-0.98,-0.79,0.61,34.40
867,36926005,-536.62,-863.28,56.15,-0.79,-0.61,0.30,34.69
868,36931799,-539.55,-865.23,56.64,-0.61,-0.73,0.18,34.64
869,36935848,-530.76,-858.40,62.01,-1.22,-0.61,0.18,34.64
870,36939898,-537.60,-867.19,62.99,-0.91,-0.49,0.30,34.64
871,36943955,-531.25,-870.12,60.06,-0.85,-0.55,0.30,34.31
872,36948005,-532.23,-861.33,62.01,-0.55,-0.67,0.12,34.64
873,36953799,-527.34,-859.86,57.62,-0.79,-0.55,0.24,34.55
874,36957848,-540.53,-866.21,55.18,-0.91,-1.16,0.37,34.50
875,36961898,-534.67,-864.26,56.15,-0.67,-0.91,0.24,34.64
876,36965955,-531.74,-859.37,61.52,-0.73,-0.79,0.06,34.36
877,36970005,-538.09,-867.68,58.11,-0.91,-0.61,0.55,34.69
878,36975799,-538.09,-866.21,57.62,-0.67,-0.61,0.06,34.50
879,36979848,-537.60,-861.33,64.45,-0.85,-0.49,0.30,34.40
880,36983898,-537.60,-865.23,61.04,-1.04,-0.98,0.30,34.40
881,36987955,-534.67,-865.23,59.57,-0.85,-1.04,-0.06,34.31
882,36992005,-534.18,-860.84,61.04,-0.73,-0.73,0.24,34.50
883,36997799,-532.71,-862.79,59.08,-0.79,-0.67,0.06,34.40
884,37001848,-538.57,-865.72,60.55,-0.98,-0.85,0.43,34.40
885,37005898,-539.06,-861.33,64.45,-0.85,-0.67,0.00,34.64
886,37009955,-535.64,-859.37,66.89,-1.04,-0.73,0.30,34.64
887,37014005,-538.57,-862.79,59.08,-0.98,-0.67,0.30,34.40
888,37019799,-535.16,-865.72,56.15,-0.98,-0.67,0.30,34.50
889,37023848,-529.79,-858.89,62.50,-0.85,-0.73,0.30,34.50
890,37027898,-536.62,-860.35,59.08,-1.16,-0.55,0.49,34.55
891,37031955,-537.60,-862.79,58.59,-0.85,-0.55,0.18,34.55
892,37037799,-538.57,-862.79,57.13,-0.73,-0.79,0.30,34.40
893,37041848,-535.64,-860.84,58.59,-0.67,-0.67,0.24,34.50
894,37045898,-539.06,-867.19,57.62,-0.98,-0.79,0.37,34.64
895,37049955,-536.13,-863.28,58.11,-0.85,-0.73,0.06,34.50
896,37054005,-532.23,-858.40,59.57,-0.79,-0.55,0.37,34.40
897,37059799,-533.69,-859.37,56.15,-0.91,-0.73,0.43,34.40
898,37063848,-537.11,-863.28,62.50,-0.98,-0.79,0.06,34.31
899,37067898,-535.16,-861.33,61.52,-0.79,-0.49,0.18,34.16
900,37071955,-537.11,-863.77,61.52,-0.73,-0.85,0.18,34.31
901,37076005,-535.64,-863.28,57.13,-0.67,-0.73,0.06,34.50
902,37081799,-537.11,-863.77,62.99,-1.10,-0.85,0.06,34.55
903,37085848,-537.11,-859.37,63.96,-1.04,-0.73,0.06,34.40
904,37089898,-539.06,-863.28,57.13,-1.10,-0.49,0.06,34.50
905,37093955,-536.13,-866.21,58.11,-0.79,-0.79,0.12,34.64
906,37098005,-532.23,-857.91,62.99,-0.67,-1.10,0.00,34.50
907,37103799,-538.09,-861.33,59.57,-0.55,-0.79,0.24,34.64
908,37107848,-541.02,-868.65,59.57,-1.04,-0.49,0.12,34.55
909,37111898,-535.16,-858.40,60.55,-0.73,-0.61,0.00,34.69
910,37115955,-533.20,-859.86,56.64,-0.85,-0.55,0.30,34.36
911,37120005,-535.16,-864.75,61.52,-0.73,-0.67,0.37,34.64
912,37125799,-535.64,-864.26,59.08,-1.10,-0.43,0.12,34.36
913,37129848,-535.64,-863.28,60.06,-0.85,-0.91,0.18,34.21
914,37133898,-535.16,-861.82,57.13,-0.98,-0.67,0.37,34.64
915,37137955,-537.11,-865.23,63.48,-0.73,-0.79,0.43,34.64
916,37142005,-532.71,-857.42,64.45,-0.67,-0.67,0.06,34.40
917,37147799,-536.13,-859.86,61.04,-1.04,-0.67,0.49,34.64
918,37151848,-535.64,-869.14,59.57,-0.91,-0.79,0.43,34.50
919,37155898,-535.64,-860.35,60.06,-0.79,-0.55,0.37,34.50
920,37159955,-533.69,-857.91,60.06,-1.10,-0.98,0.37,34.31
921,37164005,-535.16,-870.61,56.15,-0.85,-0.67,0.12,34.64
922,37169799,-532.23,-866.21,60.06,-0.67,-0.73,0.12,34.36
923,37173848,-529.79,-863.28,59.08,-0.79,-0.61,0.12,34.31
924,37177898,-541.02,-865.23,62.50,-0.85,-0.67,0.00,34.64
925,37181955,-543.46,-868.16,60.06,-0.79,-0.79,0.12,34.21
926,37186005,-539.55,-858.89,63.96,-0.91,-0.49,0.06,34.55
927,37191799,-528.81,-859.86,63.48,-1.04,-0.73,0.18,34.40
928,37195848,-537.60,-870.61,59.08,-0.67,-0.79,0.06,34.50
929,37199898,-536.62,-860.84,57.62,-0.73,-0.85,0.18,34.50
930,37203955,-529.30,-862.30,60.55,-0.91,-0.91,0.24,34.31
931,37208005,-533.20,-868.65,61.04,-0.61,-0.98,0.30,34.55
932,37213799,-540.53,-864.26,62.50,-0.85,-0.79,0.30,34.64
933,37217848,-530.27,-860.35,64.45,-0.91,-0.73,0.37,34.50
934,37221898,-536.62,-867.68,59.08,-1.16,-0.91,0.67,34.74
935,37225955,-539.55,-871.09,61.52,-0.85,-1.04,0.43,34.64
936,37230005,-537.11,-863.77,60.06,-0.67,-0.55,0.43,34.50
937,37235799,-532.23,-854.49,57.13,-1.04,-0.55,0.30,34.64
938,37239848,-540.53,-871.09,58.11,-0.49,-0.79,0.49,34.40
939,37243898,-536.13,-863.28,57.13,-0.55,-0.67,0.49,34.50
940,37247955,-537.11,-858.40,62.99,-0.85,-0.79,0.30,34.64
941,37253799,-540.04,-861.33,60.06,-0.91,-0.73,0.30,34.50
942,37257848,-541.02,-863.77,59.08,-0.79,-0.61,0.43,34.64
943,37261898,-532.23,-858.40,62.01,-0.91,-0.55,0.24,34.31
944,37265955,-536.62,-865.23,60.55,-0.98,-0.67,0.24,34.50
945,37270005,-542.97,-867.68,55.66,-0.98,-1.04,0.06,34.21
946,37275799,-542.97,-862.79,61.04,-0.67,-0.55,0.12,34.55
947,37279848,-534.18,-860.35,58.11,-0.91,-0.43,0.06,34.50
948,37283898,-538.09,-866.21,56.64,-0.73,-0.73,-0.06,34.31
949,37287955,-534.18,-864.26,57.62,-0.55,-0.61,0.18,34.88
950,37292005,-531.25,-859.37,60.55,-0.55,-0.61,0.00,34.50
951,37297799,-539.55,-866.21,59.08,-0.85,-0.67,-0.06,34.50
952,37301848,-537.11,-866.21,60.55,-0.61,-0.67,0.12,34.64
953,37305898,-534.18,-862.30,59.08,-0.79,-0.61,0.18,34.12
954,37309955,-533.20,-864.75,59.08,-0.91,-0.61,0.06,34.40
955,37314005,-535.64,-868.16,60.55,-0.79,-0.98,0.18,34.31
956,37319799,-537.11,-865.72,62.99,-0.79,-0.85,0.18,34.74
957,37323848,-535.16,-863.28,62.01,-0.98,-0.73,-0.06,34.36
958,37327898,-537.60,-867.19,58.11,-1.16,-0.67,0.06,34.55
959,37331955,-536.62,-864.75,60.06,-0.79,-0.73,0.00,34.64
960,37336005,-534.18,-859.37,64.45,-0.67,-0.79,0.37,34.55
961,37341799,-537.60,-863.77,57.13,-0.79,-0.73,0.00,34.64
962,37345848,-538.09,-869.14,58.59,-1.04,-0.43,0.12,34.50
963,37349898,-534.18,-865.23,60.55,-0.67,-0.79,0.37,34.31
964,37353955,-534.18,-859.37,60.06,-1.04,-0.73,0.06,34.69
965,37358005,-540.04,-869.14,61.52,-0.73,-0.91,0.37,34.40
966,37363799,-535.64,-865.23,60.55,-0.79,-0.67,0.30,34.40
967,37367848,-537.11,-862.30,59.08,-1.22,-0.67,0.43,34.50
968,37371898,-534.67,-865.72,58.11,-0.98,-0.67,0.18,34.40
969,37375955,-536.62,-862.79,60.55,-0.85,-0.79,0.37,34.55
970,37380005,-536.62,-862.30,59.57,-0.98,-0.73,0.55,34.50
971,37385799,-534.67,-868.16,58.59,-0.79,-0.37,0.43,34.50
972,37389848,-537.60,-861.33,56.64,-0.67,-0.73,0.61,34.64
973,37393898,-533.69,-862.79,59.08,-0.85,-0.98,0.18,34.36
974,37397955,-534.67,-863.77,60.06,-1.10,-0.73,0.67,34.12
975,37402005,-541.02,-862.79,61.04,-0.67,-0.67,0.37,34.50
976,37407799,-537.60,-867.68,62.99,-0.85,-0.49,0.55,34.69
977,37411848,-536.13,-862.30,63.48,-0.91,-0.79,0.49,34.40
978,37415898,-537.11,-864.26,63.48,-0.91,-0.67,0.37,34.64
979,37419955,-539.06,-863.28,61.04,-0.79,-0.61,0.30,34.21
980,37424005,-535.64,-861.33,55.18,-0.91,-0.61,0.18,34.64
981,37429799,-534.18,-862.30,58.11,-0.73,-0.91,0.18,34.64
982,37433848,-538.09,-863.28,57.62,-0.73,-0.61,0.06,34.50
983,37437898,-531.74,-860.84,61.52,-0.85,-0.85,0.06,34.50
984,37441955,-535.16,-864.75,59.08,-0.98,-0.79,0.37,34.31
985,37446005,-534.18,-869.14,56.64,-0.55,-1.04,0.30,34.74
986,37451799,-535.64,-864.26,56.15,-0.49,-0.49,0.12,34.55
987,37455848,-535.64,-859.37,60.06,-0.85,-0.73,0.18,34.36
988,37459898,-539.06,-867.19,58.59,-0.79,-0.85,0.06,34.50
989,37463955,-541.50,-866.21,59.08,-0.73,-0.67,0.06,34.64
990,37468005,-528.81,-860.35,60.55,-0.73,-0.73,0.00,34.31
991,37473799,-531.74,-862.30,57.62,-0.85,-0.85,0.12,34.40
992,37477848,-534.18,-867.68,56.15,-0.85,-0.61,0.12,34.12
993,37481898,-532.23,-858.89,63.48,-0.85,-0.67,0.18,34.69
994,37485955,-534.18,-861.33,62.50,-0.79,-0.55,0.24,34.40
995,37491799,-537.60,-868.16,56.64,-0.85,-0.55,0.30,34.40
996,37495848,-538.57,-860.84,60.55,-0.43,-0.67,0.37,34.50
997,37499898,-535.64,-862.30,59.08,-1.04,-0.67,0.30,34.50
998,37503955,-537.60,-869.63,57.62,-0.73,-0.79,0.30,34.50
999,37508005,-537.11,-867.68,61.52,-0.73,-0.61,0.06,34.21
1000,37513799,-532.23,-857.42,60.55,-0.85,-0.85,0.12,34.50
1001,37517848,-535.16,-862.79,65.43,-0.98,-0.67,0.06,34.55
1002,37521898,-536.62,-864.75,56.64,-0.91,-0.73,0.24,34.36
1003,37525955,-531.74,-861.33,62.50,-0.79,-0.73,0.24,34.64
1004,37530005,-528.81,-853.52,60.55,-1.04,-0.73,0.18,34.36
1005,37535799,-540.04,-867.68,57.13,-0.98,-0.79,0.12,34.40
1006,37539848,-533.20,-863.28,61.52,-0.79,-0.61,0.30,34.40
1007,37543898,-533.69,-859.37,59.08,-0.73,-0.49,0.24,34.40
1008,37547955,-534.18,-864.75,57.13,-0.67,-0.49,0.24,34.50
1009,37552005,-538.57,-863.77,64.45,-0.73,-1.04,0.37,34.31
1010,37557799,-534.18,-861.33,63.48,-0.73,-0.79,0.24,34.74
1011,37561848,-539.06,-866.21,61.04,-0.98,-0.67,0.18,34.40
1012,37565898,-539.06,-864.26,57.13,-0.67,-1.04,0.30,34.40
1013,37569955,-534.67,-862.79,61.04,-0.91,-0.85,0.12,34.55
1014,37574005,-533.20,-866.70,65.43,-0.91,-0.61,0.00,34.40
1015,37579799,-535.64,-864.75,62.01,-1.04,-0.73,0.18,34.40
1016,37583848,-534.18,-861.33,63.48,-0.79,-0.67,0.18,34.69
1017,37587898,-534.67,-864.26,61.52,-0.91,-0.79,0.06,34.31
1018,37591955,-537.11,-866.21,62.01,-0.55,-0.91,0.06,34.40
1019,37596005,-536.13,-865.23,59.08,-0.85,-0.67,0.24,34.40
1020,37601799,-536.62,-862.30,62.01,-0.79,-1.04,0.12,34.40
1021,37605848,-533.20,-862.30,62.99,-0.98,-0.73,0.12,34.55
1022,37609898,-538.09,-867.19,57.13,-0.67,-0.55,0.12,34.64
1023,37613955,-532.23,-859.86,61.52,-0.67,-0.67,0.06,34.64
1024,37618005,-537.11,-864.75,57.62,-1.04,-0.73,0.18,34.50
1025,37623799,-539.06,-869.63,60.55,-1.04,-0.67,0.18,34.40
1026,37627848,-532.71,-863.77,58.11,-0.67,-0.79,0.30,34.40
1027,37631898,-530.76,-862.79,60.55,-0.98,-0.85,0.24,34.50
1028,37635955,-537.60,-865.23,59.57,-0.79,-0.85,0.49,34.36
1029,37640005,-536.13,-866.21,61.04,-0.79,-0.73,0.43,34.74
1030,37645799,-533.20,-863.77,61.52,-0.73,-0.98,0.18,34.40
1031,37649848,-537.11,-864.75,59.57,-0.85,-0.61,0.55,34.55
1032,37653898,-533.20,-870.12,60.55,-0.61,-0.55,0.18,34.40
1033,37657955,-534.67,-862.79,65.92,-0.43,-0.73,0.37,34.31
1034,37662005,-531.74,-859.86,57.13,-0.61,-0.55,0.37,34.50
1035,37667799,-534.18,-869.14,62.99,-0.79,-0.61,0.43,34.50
1036,37671848,-538.09,-862.79,59.57,-0.67,-0.79,0.43,34.31
1037,37675898,-537.11,-858.89,59.08,-0.79,-0.49,0.37,34.31
1038,37679955,-536.13,-867.19,63.48,-0.73,-0.67,0.30,34.50
1039,37684005,-537.11,-869.14,60.55,-0.61,-0.85,0.24,34.40
1040,37689799,-532.71,-861.82,60.55,-0.85,-0.79,0.12,34.55
1041,37693848,-533.20,-860.84,57.62,-0.79,-0.73,0.73,34.31
1042,37697898,-533.69,-867.68,61.52,-0.79,-0.85,0.37,34.69
1043,37701955,-531.74,-867.19,62.01,-0.91,-0.55,0.37,34.83
1044,37707799,-531.74,-857.42,60.55,-0.73,-0.55,0.55,34.50
1045,37711848,-538.09,-868.16,60.06,-0.85,-0.85,0.24,34.50
1046,37715898,-536.13,-861.82,63.96,-0.67,-0.67,0.37,34.31
1047,37719955,-531.74,-860.84,60.06,-0.91,-0.67,0.37,34.40
1048,37724005,-536.13,-870.12,55.18,-0.98,-0.79,0.37,34.55
1049,37729799,-535.16,-873.54,62.01,-0.73,-0.79,0.30,34.50
1050,37733848,-536.62,-858.89,64.45,-0.85,-0.73,0.24,34.40
1051,37737898,-535.64,-854.49,63.96,-0.85,-0.79,0.06,34.36
1052,37741955,-540.53,-868.65,60.55,-0.98,-0.73,0.30,34.40
1053,37746005,-535.64,-860.84,62.01,-0.61,-0.55,0.06,34.40
1054,37751799,-534.67,-858.40,62.99,-1.04,-0.79,0.00,34.64
1055,37755848,-534.18,-863.28,57.13,-0.73,-0.98,0.12,34.64
1056,37759898,-534.18,-860.84,64.45,-0.43,-0.61,-0.12,34.21
1057,37763955,-535.64,-860.84,61.04,-0.91,-0.73,0.18,34.74
1058,37768005,-535.64,-861.82,57.13,-0.79,-0.85,0.06,34.69
1059,37773799,-533.69,-863.77,58.11,-0.98,-1.04,0.24,34.55
1060,37777848,-534.18,-860.35,59.57,-0.61,-0.67,0.06,34.55
1061,37781898,-532.23,-862.30,62.50,-0.85,-0.55,0.18,34.74
1062,37785955,-538.57,-866.70,62.01,-0.79,-0.61,0.12,34.40
1063,37790005,-536.13,-866.21,58.59,-0.91,-0.79,0.30,34.50
1064,37795799,-532.71,-858.89,61.04,-0.73,-0.67,0.24,34.40
1065,37799848,-537.60,-868.65,58.59,-1.04,-0.79,0.24,34.40
1066,37803898,-538.09,-868.16,59.57,-0.73,-0.61,0.49,34.64
1067,37807955,-539.06,-859.86,62.01,-0.73,-0.91,0.30,34.69
1068,37812005,-538.57,-862.30,55.18,-1.04,-0.67,0.30,34.50
1069,37817799,-537.11,-868.65,59.57,-0.85,-0.67,0.30,34.55
1070,37821848,-534.18,-862.79,63.96,-0.91,-0.85,0.37,34.83
1071,37825898,-538.57,-862.30,58.59,-0.85,-0.61,0.61,34.31
1072,37829955,-538.09,-863.28,60.06,-0.85,-0.67,0.55,34.36
1073,37834005,-535.16,-866.21,59.57,-0.85,-0.73,0.37,34.40
1074,37839799,-533.20,-864.26,62.99,-0.85,-0.55,0.49,34.50
1075,37843848,-539.55,-865.72,57.13,-0.79,-0.85,0.67,34.40
1076,37847898,-533.20,-863.28,62.01,-0.67,-0.67,0.43,34.64
1077,37851955,-535.64,-859.37,55.66,-0.49,-0.73,0.49,34.55
1078,37856005,-533.69,-863.28,62.50,-0.79,-0.55,0.49,34.50
1079,37861799,-538.09,-864.26,62.01,-0.73,-0.79,0.06,34.64
1080,37865848,-536.62,-864.26,57.62,-0.73,-0.73,0.12,34.50
1081,37869898,-536.13,-864.26,58.59,-0.85,-0.85,0.12,34.21
1082,37873955,-540.04,-863.77,62.99,-0.91,-0.79,0.24,34.31
1083,37878005,-534.67,-861.82,63.96,-0.85,-0.55,0.06,34.31
1084,37883799,-533.20,-860.35,60.55,-0.73,-0.91,0.00,34.55
1085,37887848,-535.64,-867.19,58.59,-0.67,-0.98,0.18,34.40
1086,37891898,-538.57,-864.75,60.06,-0.79,-0.61,0.06,34.50
1087,37895955,-530.76,-861.33,59.08,-0.85,-0.49,-0.12,34.40
1088,37900005,-530.27,-864.26,56.64,-1.04,-0.91,-0.18,34.55
1089,37905799,-534.18,-870.61,62.01,-1.04,-0.61,0.12,34.50
1090,37909848,-539.06,-862.79,55.66,-0.73,-0.73,0.18,34.40
1091,37913898,-536.62,-860.84,61.52,-0.79,-0.61,0.00,34.50
1092,37917955,-531.74,-865.72,58.11,-0.79,-0.79,0.18,34.40
1093,37923799,-533.69,-866.21,60.55,-0.91,-0.91,0.06,34.21
1094,37927848,-531.25,-859.86,60.06,-1.22,-0.73,0.18,34.36
1095,37931898,-535.16,-868.16,59.08,-0.91,-0.73,0.43,34.50
1096,37935955,-536.62,-869.63,60.55,-0.67,-0.61,0.55,34.40
1097,37940005,-530.76,-860.35,58.11,-0.79,-0.61,0.43,34.36
1098,37945799,-534.67,-862.30,58.11,-0.79,-0.91,0.43,34.40
1099,37949848,-536.62,-864.75,55.66,-0.91,-0.79,0.61,34.40
1100,37953898,-533.69,-862.30,57.62,-0.85,-0.49,0.55,34.31
1101,37957955,-530.76,-861.33,56.64,-0.79,-0.49,0.55,34.40
1102,37962005,-537.11,-861.33,57.13,-0.79,-0.55,0.49,34.74
1103,37967799,-535.64,-863.77,58.11,-0.79,-0.61,0.37,34.50
1104,37971848,-529.30,-859.37,61.04,-0.67,-0.73,0.12,34.40
1105,37975898,-536.13,-863.28,56.64,-0.98,-0.98,0.30,34.40
1106,37979955,-531.25,-868.65,55.18,-0.85,-0.67,0.55,34.64
1107,37984005,-538.09,-861.33,60.55,-0.85,-0.73,0.37,34.40
1108,37989799,-535.64,-860.35,60.06,-0.91,-0.61,0.24,34.64
1109,37993848,-537.60,-864.26,54.20,-0.79,-0.85,0.12,34.64
1110,37997898,-535.16,-862.30,64.45,-0.55,-0.98,0.00,34.40
1111,38001955,-532.71,-856.93,58.59,-0.98,-0.73,-0.06,34.64
1112,38006005,-537.11,-864.75,53.71,-0.73,-0.73,0.18,34.64
1113,38011799,-539.55,-866.70,59.57,-0.73,-0.73,-0.06,34.40
1114,38015848,-532.23,-858.89,60.06,-0.79,-0.79,-0.12,34.40
1115,38019898,-535.64,-863.28,60.55,-0.79,-0.85,-0.18,34.31
1116,38023955,-532.23,-868.65,61.04,-0.67,-0.73,-0.06,34.64
1117,38028005,-530.76,-867.19,65.92,-0.49,-0.55,-0.24,34.40
1118,38033799,-534.67,-864.26,63.48,-0.98,-0.98,-0.18,34.50
1119,38037848,-534.67,-866.70,55.18,-0.98,-0.73,0.06,34.50
1120,38041898,-537.11,-863.28,61.04,-0.73,-0.73,0.12,34.50
1121,38045955,-531.74,-860.84,60.55,-0.79,-0.37,0.24,34.50
1122,38050005,-535.16,-862.30,54.69,-0.79,-0.55,0.43,34.40
1123,38055799,-533.69,-868.16,58.59,-0.85,-0.61,0.30,34.50
1124,38059848,-534.18,-863.77,60.06,-0.98,-0.73,0.12,34.69
1125,38063898,-533.20,-864.75,54.69,-0.91,-0.73,0.37,34.55
1126,38067955,-538.57,-863.77,57.62,-0.91,-0.91,0.55,34.21
1127,38072005,-535.64,-861.82,55.66,-0.85,-0.55,0.43,34.31
1128,38077799,-531.74,-863.28,59.57,-1.22,-0.67,0.24,34.40
1129,38081848,-537.11,-866.21,59.08,-0.85,-0.98,0.37,34.64
1130,38085898,-535.16,-864.26,59.57,-0.79,-1.04,0.30,34.40
1131,38089955,-534.18,-867.19,61.52,-0.73,-0.55,0.12,34.36
1132,38094005,-535.16,-867.19,61.04,-0.91,-0.73,0.12,34.50
1133,38099799,-541.50,-866.70,61.04,-0.85,-0.61,0.24,34.50
1134,38103848,-538.09,-861.82,60.06,-0.73,-0.73,0.12,34.55
1135,38107898,-534.67,-864.75,60.06,-0.98,-0.67,0.24,34.69
1136,38111955,-536.62,-866.21,59.57,-1.16,-0.85,0.12,34.50
1137,38116005,-531.25,-868.65,60.55,-0.73,-0.49,0.37,34.64
1138,38121799,-530.76,-859.37,62.01,-0.79,-0.49,0.43,34.40
1139,38125848,-537.60,-869.14,55.66,-0.67,-0.55,0.12,34.40
1140,38129898,-536.62,-862.79,61.52,-0.73,-0.98,0.37,34.40
1141,38133955,-534.18,-860.35,55.66,-1.04,-0.73,0.30,34.40
1142,38139799,-537.60,-871.58,62.01,-0.79,-0.73,0.37,34.64
1143,38143848,-537.11,-866.70,60.55,-0.73,-0.55,0.37,34.64
1144,38147898,-534.67,-857.91,55.66,-0.73,-0.49,0.43,34.55
1145,38151955,-535.16,-864.26,58.11,-0.85,-0.73,0.37,34.74
1146,38156005,-537.60,-865.72,56.64,-0.85,-0.61,0.18,34.40
1147,38160054,-532.23,-861.82,61.04,-0.79,-0.79,0.00,34.40
1148,38165799,-535.16,-859.37,61.52,-0.73,-0.49,-0.12,34.12
1149,38169848,-541.99,-864.75,57.13,-0.85,-0.73,-0.24,34.50
1150,38173898,-535.16,-860.84,61.04,-0.67,-0.73,-0.12,34.74
1151,38177955,-534.67,-860.84,58.59,-0.73,-0.79,-0.37,34.64
1152,38183799,-539.06,-867.68,60.55,-0.79,-0.85,-0.12,34.64
1153,38187848,-540.04,-866.21,61.04,-0.79,-0.61,-0.06,34.55
1154,38191898,-533.20,-860.35,61.52,-0.73,-0.67,0.00,34.40
1155,38195955,-533.69,-862.79,64.45,-0.79,-0.98,0.00,34.40
1156,38200005,-541.02,-870.12,57.13,-0.55,-0.67,0.24,34.36
1157,38205799,-534.67,-858.40,61.04,-0.61,-0.67,0.18,34.64
1158,38209848,-531.74,-864.75,57.13,-0.85,-0.79,0.06,34.69
1159,38213898,-535.64,-866.70,58.11,-0.79,-0.43,0.24,34.50
1160,38217955,-534.67,-867.19,62.99,-0.79,-0.55,0.12,34.50
1161,38222005,-530.27,-860.35,62.50,-0.49,-0.43,0.12,34.50
1162,38227799,-536.62,-866.21,61.04,-0.79,-0.85,0.30,34.40
1163,38231848,-537.11,-870.61,59.57,-0.85,-0.85,0.37,34.36
1164,38235898,-532.71,-861.82,58.11,-0.79,-0.73,0.37,34.64
1165,38239955,-533.20,-859.37,57.62,-0.91,-0.67,0.43,34.50
1166,38244005,-538.09,-868.65,63.96,-0.85,-0.67,0.37,34.64
1167,38249799,-533.69,-861.33,60.55,-0.79,-0.73,0.55,34.50
1168,38253848,-534.67,-862.30,62.50,-0.91,-0.73,0.61,34.50
1169,38257898,-539.06,-865.23,57.62,-0.85,-0.91,0.43,34.55
1170,38261955,-536.13,-865.72,61.52,-0.67,-0.73,0.49,34.50
1171,38266005,-537.11,-861.33,57.62,-0.61,-0.67,0.12,34.69
1172,38271799,-538.57,-863.28,62.50,-1.10,-0.43,0.43,34.55
1173,38275848,-539.06,-868.16,57.62,-0.91,-0.73,0.06,34.69
1174,38279898,-531.25,-860.35,57.62,-0.85,-0.85,0.30,34.55
1175,38283955,-534.67,-861.33,58.59,-0.98,-0.79,0.24,34.02
1176,38288005,-537.60,-863.77,57.13,-0.67,-0.91,0.37,34.64
1177,38293799,-537.11,-868.16,59.57,-0.49,-0.73,0.30,34.50
1178,38297848,-536.62,-862.30,65.43,-0.91,-0.61,0.18,34.36
1179,38301898,-533.69,-866.21,60.06,-1.04,-0.79,-0.06,34.64
1180,38305955,-539.06,-865.72,59.57,-0.67,-0.79,0.00,34.36
1181,38310005,-535.16,-861.33,63.48,-0.79,-0.67,0.18,34.64
1182,38315799,-534.18,-862.30,62.01,-1.10,-0.91,0.06,34.55
1183,38319848,-540.53,-867.68,57.62,-0.79,-0.67,0.43,34.36
1184,38323898,-535.16,-867.68,60.55,-0.79,-0.98,0.24,34.55
1185,38327955,-530.27,-858.89,56.64,-0.85,-0.91,0.18,34.12
1186,38332005,-534.67,-862.30,57.13,-1.04,-0.73,0.30,34.69
1187,38337799,-536.13,-862.79,58.59,-0.91,-0.79,0.18,34.40
1188,38341848,-532.23,-854.98,55.18,-0.91,-0.67,0.43,34.40
1189,38345898,-533.20,-865.23,59.08,-0.79,-0.61,0.37,34.69
1190,38349955,-538.09,-868.65,58.11,-0.79,-0.73,0.18,34.55
1191,38354005,-535.16,-864.26,58.11,-0.73,-0.55,0.18,34.55
1192,38359799,-535.64,-864.26,64.45,-0.79,-0.61,0.30,34.31
1193,38363848,-537.11,-866.21,60.55,-0.91,-0.91,0.18,34.31
1194,38367898,-530.76,-863.28,59.08,-0.49,-0.67,0.12,34.40
1195,38371955,-530.76,-864.75,61.04,-0.91,-0.49,0.49,34.40
1196,38377799,-534.67,-864.75,58.11,-0.85,-0.85,0.49,34.64
1197,38381848,-535.64,-867.68,61.52,-0.67,-0.73,0.43,34.50
1198,38385898,-535.16,-865.72,57.62,-0.85,-0.49,0.06,34.50
1199,38389955,-534.67,-862.79,62.50,-0.91,-0.67,0.24,34.55
1200,38394005,-536.13,-871.58,60.55,-0.85,-0.91,0.49,34.55
1201,38399799,-535.64,-863.77,60.55,-0.49,-0.67,0.43,34.50
1202,38403848,-537.11,-862.79,57.13,-0.98,-0.67,0.30,34.40
1203,38407898,-533.69,-868.16,58.11,-0.79,-0.79,0.43,34.31
1204,38411955,-535.64,-866.21,61.04,-0.67,-0.79,0.24,34.40
1205,38416005,-534.67,-863.28,61.52,-0.91,-0.73,0.43,34.40
1206,38421799,-537.11,-863.28,59.08,-0.98,-0.61,0.43,34.64
1207,38425848,-537.60,-863.77,59.08,-0.67,-0.67,0.24,34.55
1208,38429898,-531.74,-863.28,61.04,-0.91,-0.30,0.18,34.31
1209,38433955,-534.67,-865.23,57.62,-0.85,-0.55,0.12,34.40
1210,38438005,-537.11,-863.77,55.18,-0.73,-0.91,0.24,34.64
1211,38443799,-538.57,-864.75,56.64,-0.67,-0.85,0.24,34.50
1212,38447848,-534.67,-860.84,61.04,-0.73,-0.73,0.12,34.50
1213,38451898,-536.13,-866.21,59.57,-0.85,-0.67,0.12,34.40
1214,38455955,-536.13,-864.26,62.01,-0.79,-0.61,0.18,34.50
1215,38460005,-531.25,-860.84,61.04,-0.91,-0.73,0.30,34.50
1216,38465799,-535.64,-866.70,58.11,-0.91,-0.73,0.18,34.64
1217,38469848,-532.23,-860.84,60.06,-1.04,-0.73,0.30,34.50
1218,38473898,-538.57,-860.84,56.64,-0.61,-0.67,0.18,34.64
1219,38477955,-528.32,-862.30,63.48,-0.91,-0.73,0.43,34.40
1220,38482005,-540.53,-866.70,57.62,-0.85,-0.61,0.30,34.50
1221,38487799,-539.06,-865.23,55.66,-0.67,-0.91,0.24,34.64
1222,38491848,-533.20,-858.40,57.13,-0.85,-0.79,0.24,34.64
1223,38495898,-533.69,-864.75,64.45,-0.73,-0.73,0.43,34.55
1224,38499955,-536.13,-867.19,62.99,-0.55,-0.73,0.30,34.12
1225,38504005,-532.71,-858.89,63.48,-0.73,-0.73,0.18,34.64
1226,38509799,-532.71,-866.70,55.66,-0.79,-0.61,0.55,34.31
1227,38513848,-535.16,-866.70,57.62,-0.85,-0.73,0.37,34.40
1228,38517898,-532.23,-862.30,58.11,-0.85,-0.67,0.24,34.50
1229,38521955,-532.71,-859.86,63.96,-0.79,-0.85,0.37,34.21
1230,38526005,-539.06,-865.72,62.01,-0.98,-0.79,0.37,34.50
1231,38531799,-537.11,-864.26,60.06,-0.98,-0.49,0.24,34.36
1232,38535848,-529.30,-863.28,59.57,-0.67,-0.61,0.37,34.50
1233,38539898,-535.16,-867.19,61.04,-0.79,-0.61,0.18,34.55
1234,38543955,-539.55,-868.16,58.11,-0.79,-0.61,0.24,34.40
1235,38548005,-533.69,-861.33,59.08,-0.85,-0.43,0.24,34.64
1236,38553799,-536.62,-862.30,56.64,-0.91,-0.79,0.18,34.40
1237,38557848,-538.57,-867.68,55.66,-0.73,-0.85,0.06,34.36
1238,38561898,-537.11,-860.35,57.13,-0.85,-0.67,0.24,34.40
1239,38565955,-530.27,-857.91,63.96,-0.85,-0.61,0.30,34.64
1240,38570005,-541.02,-864.75,62.50,-0.79,-0.79,0.18,34.64
1241,38575799,-536.13,-867.68,60.06,-0.61,-0.91,0.00,34.21
1242,38579848,-528.32,-862.30,59.57,-0.98,-0.67,0.06,34.50
1243,38583898,-534.18,-864.75,58.59,-1.16,-0.73,0.00,34.21
1244,38587955,-536.62,-866.70,62.01,-0.55,-0.67,0.61,34.40
1245,38593799,-538.09,-859.86,64.45,-0.91,-0.61,0.00,34.40
1246,38597848,-532.23,-863.77,62.50,-0.91,-0.61,0.24,34.50
1247,38601898,-536.13,-863.77,57.62,-1.04,-0.61,0.12,34.55
1248,38605955,-534.18,-861.82,56.15,-0.61,-0.73,0.24,34.31
1249,38610005,-532.23,-857.42,60.55,-0.85,-0.73,0.30,34.64
1250,38615799,-534.18,-864.75,58.59,-0.79,-0.98,0.49,34.31
1251,38619848,-537.11,-868.16,61.04,-0.67,-0.67,0.37,34.36
1252,38623898,-531.25,-858.40,58.59,-0.85,-0.67,0.49,34.21
1253,38627955,-533.69,-862.30,57.62,-0.85,-0.73,0.30,34.64
1254,38632005,-536.62,-864.26,61.52,-0.61,-0.67,0.43,34.36
1255,38637799,-535.16,-865.23,59.08,-0.73,-0.55,0.43,34.50
1256,38641848,-532.23,-863.28,63.96,-0.98,-0.73,0.30,34.36
1257,38645898,-539.55,-868.16,55.18,-1.10,-0.67,0.30,34.21
1258,38649955,-538.57,-866.21,55.18,-0.79,-0.67,0.37,34.40
1259,38654005,-532.71,-861.82,62.50,-0.85,-0.61,0.12,34.69
1260,38659799,-533.20,-861.82,57.62,-0.73,-0.55,0.30,34.50
1261,38663848,-533.20,-865.72,62.01,-0.30,-0.85,0.30,34.50
1262,38667898,-533.69,-861.33,63.96,-0.61,-0.61,0.37,34.36
1263,38671955,-534.67,-860.84,65.43,-0.85,-0.67,0.06,34.21
1264,38676005,-536.62,-868.65,60.55,-0.91,-0.91,0.18,34.50
1265,38681799,-538.57,-864.75,59.57,-0.61,-0.67,0.06,34.64
1266,38685848,-533.20,-859.37,57.13,-0.85,-0.61,0.06,34.50
1267,38689898,-536.62,-865.72,59.57,-0.98,-0.55,0.06,34.40
1268,38693955,-538.09,-867.19,58.59,-0.79,-0.91,0.06,34.74
1269,38698005,-531.74,-865.23,63.96,-0.91,-0.61,0.18,34.40
1270,38703799,-531.25,-861.82,61.04,-1.22,-0.79,0.24,34.69
1271,38707848,-541.50,-866.70,54.69,-0.79,-0.85,0.18,34.50
1272,38711898,-532.23,-865.23,60.06,-0.73,-0.49,0.49,34.40
1273,38715955,-529.79,-860.84,58.11,-0.79,-0.43,0.55,34.36
1274,38720005,-531.74,-864.26,58.11,-1.04,-0.67,0.18,34.31
1275,38725799,-533.20,-867.68,57.13,-0.67,-0.37,0.55,34.74
1276,38729848,-530.76,-857.91,62.50,-0.98,-0.43,0.37,34.64
1277,38733898,-536.13,-860.35,57.13,-1.22,-0.67,0.61,34.50
1278,38737955,-533.69,-868.16,58.11,-0.98,-0.55,0.43,34.21
1279,38742005,-537.60,-865.23,62.01,-0.67,-0.73,0.55,34.21
1280,38747799,-533.20,-867.19,58.59,-0.73,-0.43,0.55,34.50
1281,38751848,-532.71,-868.16,52.73,-0.73,-0.73,0.18,34.36
1282,38755898,-535.16,-862.30,62.50,-0.55,-0.79,0.37,34.50
1283,38759955,-537.11,-862.79,63.48,-0.79,-0.67,0.37,34.31
1284,38764005,-533.69,-865.23,57.62,-0.98,-0.85,0.12,34.50
1285,38769799,-537.60,-867.19,57.62,-0.91,-0.61,0.30,34.31
1286,38773848,-535.64,-862.30,62.99,-0.98,-0.61,0.18,34.40
1287,38777898,-530.76,-862.30,58.11,-0.98,-0.67,0.43,34.40
1288,38781955,-535.16,-865.23,58.11,-0.79,-0.67,0.24,34.64
1289,38786005,-534.18,-868.16,61.04,-0.85,-0.73,0.18,34.40
1290,38791799,-529.79,-861.82,55.66,-0.79,-0.79,0.24,34.55
1291,38795848,-534.67,-867.68,61.04,-0.85,-0.79,0.43,34.21
1292,38799898,-534.18,-867.68,62.01,-0.73,-0.98,0.49,34.64
1293,38803955,-530.27,-861.33,59.57,-1.04,-0.91,0.37,34.40
1294,38809799,-532.71,-863.77,62.50,-0.91,-0.79,0.43,34.40
1295,38813848,-534.67,-865.72,54.20,-0.98,-0.55,0.24,34.64
1296,38817898,-533.69,-862.30,60.06,-0.67,-0.85,0.37,34.36
1297,38821955,-533.69,-864.26,60.06,-0.73,-0.67,0.61,34.83
1298,38826005,-538.09,-870.12,57.13,-0.79,-0.79,0.30,34.50
1299,38830054,-532.71,-864.75,63.96,-0.91,-0.79,0.37,34.64
1300,38835799,-535.16,-861.33,59.57,-0.85,-0.73,0.12,34.21
1301,38839848,-539.55,-871.09,60.55,-0.79,-0.61,0.43,34.12
1302,38843898,-537.11,-868.65,59.57,-0.85,-0.61,0.30,34.55
1303,38847955,-532.23,-860.84,61.04,-0.73,-0.73,0.30,34.69
1304,38853799,-533.20,-864.75,60.06,-0.91,-0.73,0.18,34.40
1305,38857848,-536.13,-863.77,62.01,-0.91,-0.55,0.18,34.40
1306,38861898,-536.62,-863.28,62.01,-0.85,-0.73,0.24,34.50
1307,38865955,-537.11,-858.40,61.52,-1.22,-0.61,0.12,34.55
1308,38870005,-536.13,-867.19,56.15,-0.98,-0.79,0.43,34.40
1309,38875799,-533.20,-864.26,60.55,-0.85,-0.79,0.30,34.55
1310,38879848,-529.30,-862.30,57.13,-0.79,-0.79,-0.12,34.50
1311,38883898,-536.62,-865.72,61.04,-0.85,-0.85,-0.06,34.31
1312,38887955,-536.62,-867.68,57.13,-0.85,-0.79,-0.18,34.50
1313,38892005,-531.74,-860.35,62.01,-0.98,-0.73,-0.37,34.50
1314,38897799,-535.16,-859.86,58.11,-0.91,-0.85,-0.24,34.64
1315,38901848,-537.11,-864.75,62.01,-0.67,-0.79,-0.12,34.55
1316,38905898,-534.18,-857.91,62.99,-0.79,-0.79,-0.18,34.64
1317,38909955,-533.20,-863.77,56.64,-1.16,-0.73,0.06,34.40
1318,38914005,-535.64,-869.14,59.57,-0.91,-0.61,0.06,34.50
1319,38919799,-533.20,-865.72,57.13,-0.91,-0.67,-0.06,34.69
1320,38923848,-532.23,-860.84,58.59,-0.98,-0.73,0.18,34.50
1321,38927898,-535.64,-867.19,57.62,-1.10,-0.91,0.43,34.40
1322,38931955,-537.60,-869.14,59.08,-0.67,-0.79,0.00,34.40
1323,38936005,-533.69,-863.28,62.99,-0.73,-0.79,0.12,34.88
1324,38941799,-526.37,-863.28,61.04,-0.85,-0.61,0.24,34.21
1325,38945848,-534.67,-865.23,57.13,-0.67,-0.61,0.18,34.74
1326,38949898,-536.13,-863.77,62.99,-0.79,-0.67,0.49,34.50
1327,38953955,-527.83,-860.84,58.59,-0.67,-0.67,0.30,34.31
1328,38958005,-536.13,-866.21,61.04,-0.91,-0.98,0.61,34.64
1329,38963799,-535.16,-869.63,62.50,-0.79,-0.73,0.43,34.83
1330,38967848,-535.64,-860.35,59.08,-0.98,-0.73,0.49,34.40
1331,38971898,-537.60,-865.72,60.55,-1.10,-0.79,0.55,34.40
1332,38975955,-541.02,-871.58,62.01,-0.73,-0.73,0.49,34.36
1333,38980005,-535.64,-862.79,63.48,-0.85,-0.67,0.37,34.64
1334,38985799,-534.67,-860.35,59.57,-1.04,-0.55,0.43,34.64
1335,38989848,-536.62,-866.70,58.59,-0.61,-0.73,0.37,34.40
1336,38993898,-532.23,-866.21,60.06,-0.61,-0.73,0.24,34.50
1337,38997955,-530.76,-860.35,60.06,-0.79,-0.49,0.24,34.40
1338,39002005,-535.16,-865.23,64.94,-0.79,-0.73,0.18,34.64
1339,39007799,-533.20,-864.75,57.62,-0.85,-0.73,0.24,34.36
1340,39011848,-529.79,-857.91,57.62,-0.85,-0.73,0.00,34.36
1341,39015898,-534.18,-861.82,60.55,-0.79,-0.61,0.30,34.40
1342,39019955,-537.11,-867.68,61.52,-0.85,-0.73,0.30,34.40
1343,39024005,-526.37,-861.33,58.59,-0.85,-0.61,0.00,34.74
1344,39029799,-529.79,-863.28,61.04,-0.91,-0.61,0.24,34.50
1345,39033848,-535.64,-864.75,64.45,-0.85,-0.85,0.30,34.31
1346,39037898,-533.69,-865.23,62.50,-0.79,-0.85,0.18,34.31
1347,39041955,-527.83,-857.42,59.08,-0.91,-0.73,0.30,34.64
1348,39047799,-531.25,-865.23,59.08,-1.16,-0.85,0.43,34.40
1349,39051848,-535.16,-865.23,57.13,-0.85,-0.61,0.37,34.50
1350,39055898,-531.74,-862.30,61.04,-0.79,-0.67,0.12,34.40
1351,39059955,-533.69,-864.26,64.94,-0.91,-0.73,0.24,34.40
1352,39064005,-536.13,-867.19,61.52,-0.91,-0.73,0.30,34.36
1353,39069799,-537.11,-864.26,59.08,-0.79,-0.85,0.12,34.50
1354,39073848,-534.67,-861.82,60.06,-0.79,-0.73,0.12,34.36
1355,39077898,-535.64,-868.16,55.66,-0.85,-0.55,0.12,34.50
1356,39081955,-536.13,-866.70,60.55,-0.73,-0.61,0.00,34.74
1357,39086005,-532.23,-860.35,61.04,-0.79,-0.67,0.12,34.50
1358,39091799,-538.57,-861.82,62.01,-0.98,-1.04,0.24,34.55
1359,39095848,-541.02,-869.63,61.04,-0.55,-0.79,0.12,34.64
1360,39099898,-535.64,-859.37,56.15,-0.67,-0.79,0.18,34.50
1361,39103955,-532.71,-863.77,58.59,-0.85,-0.73,0.18,34.40
1362,39108005,-532.23,-866.21,60.55,-0.79,-0.55,0.12,34.40
1363,39113799,-533.20,-862.79,60.55,-0.98,-0.79,0.18,34.40
1364,39117848,-533.69,-860.84,64.45,-0.85,-0.55,0.12,34.31
1365,39121898,-534.67,-865.23,60.55,-1.22,-1.04,0.06,34.36
1366,39125955,-535.64,-863.77,62.01,-0.73,-0.79,0.24,34.40
1367,39130005,-531.74,-862.79,62.01,-0.91,-0.79,0.24,34.50
1368,39135799,-532.71,-862.30,62.50,-0.73,-0.67,0.30,34.36
1369,39139848,-535.16,-868.16,61.52,-0.85,-0.79,0.30,34.50
1370,39143898,-535.16,-863.77,60.06,-0.67,-0.85,0.18,34.50
1371,39147955,-531.25,-864.75,59.08,-0.91,-0.49,0.37,34.40
1372,39152005,-532.71,-865.23,58.59,-0.79,-0.67,0.30,34.40
1373,39157799,-535.16,-866.21,62.01,-0.73,-0.67,0.30,34.40
1374,39161848,-528.81,-860.84,62.99,-0.85,-0.67,0.00,34.55
1375,39165898,-536.13,-867.19,64.45,-0.98,-0.73,0.24,34.64
1376,39169955,-536.62,-866.70,61.04,-0.79,-0.85,0.43,34.31
1377,39174005,-534.67,-864.26,61.52,-0.67,-0.67,0.18,34.31
1378,39179799,-535.16,-864.26,61.04,-0.85,-0.61,0.24,34.36
1379,39183848,-534.18,-864.26,58.59,-1.04,-0.91,0.37,34.40
1380,39187898,-536.13,-863.77,63.48,-0.79,-0.67,0.30,34.64
1381,39191955,-531.25,-861.82,54.20,-0.98,-0.73,0.49,34.31
1382,39196005,-534.18,-866.70,56.64,-0.91,-0.91,0.24,34.50
1383,39201799,-536.62,-864.26,58.59,-0.91,-0.73,0.30,34.40
1384,39205848,-533.20,-864.26,61.52,-0.91,-0.73,0.24,34.50
1385,39209898,-537.11,-867.68,58.11,-0.98,-0.91,0.30,34.55
1386,39213955,-540.53,-868.16,61.52,-0.91,-0.85,0.43,34.21
1387,39218005,-535.64,-867.68,59.08,-0.67,-0.61,0.06,34.50
1388,39223799,-535.16,-862.30,61.52,-1.04,-0.61,0.06,34.50
1389,39227848,-535.16,-864.26,60.06,-0.79,-0.79,0.00,34.50
1390,39231898,-534.18,-862.79,59.08,-0.85,-0.85,0.18,34.36
1391,39235955,-531.74,-856.45,59.57,-0.79,-0.85,0.24,34.69
1392,39240005,-536.62,-866.21,61.04,-0.98,-0.79,0.30,34.69
1393,39245799,-537.11,-867.68,60.55,-0.73,-0.67,0.06,34.31
1394,39249848,-530.27,-862.79,62.99,-0.98,-0.73,0.37,34.55
1395,39253898,-533.20,-861.33,58.11,-1.04,-0.67,0.79,34.64
1396,39257955,-535.64,-863.77,58.59,-0.98,-0.79,0.30,34.55
1397,39263799,-536.13,-866.21,58.11,-0.73,-0.61,0.12,34.36
1398,39267848,-533.20,-858.89,57.13,-1.16,-0.73,0.49,34.40
1399,39271898,-541.02,-865.72,61.52,-0.79,-0.67,0.61,34.50
1400,39275955,-535.64,-863.28,60.06,-0.61,-0.79,0.24,34.64
1401,39280005,-526.37,-863.28,61.52,-1.04,-0.43,0.37,34.64
1402,39285799,-536.13,-863.28,61.52,-0.91,-0.79,0.49,34.40
1403,39289848,-537.11,-868.16,59.57,-0.91,-0.79,0.61,34.55
1404,39293898,-532.23,-862.79,62.50,-0.73,-0.61,0.43,34.16
1405,39297955,-534.67,-864.75,59.57,-0.85,-0.67,0.55,34.69
1406,39302005,-535.16,-866.70,55.66,-0.85,-0.79,0.30,34.40
1407,39307799,-538.09,-863.28,63.96,-0.73,-0.73,0.06,34.40
1408,39311848,-537.11,-857.42,58.59,-0.98,-0.61,0.12,34.36
1409,39315898,-535.16,-868.16,56.15,-1.04,-0.61,0.24,34.31
1410,39319955,-536.13,-867.19,62.99,-0.85,-0.85,0.24,34.55
1411,39324005,-531.25,-862.30,64.45,-0.79,-0.79,0.06,34.55
1412,39329799,-536.13,-861.33,60.55,-0.91,-0.67,0.12,34.40
1413,39333848,-533.20,-867.68,61.52,-0.85,-0.55,0.12,34.50
1414,39337898,-533.20,-860.84,61.52,-0.73,-0.55,0.06,34.40
1415,39341955,-532.71,-864.75,61.52,-1.22,-0.79,0.00,34.50
1416,39346005,-539.06,-864.75,60.06,-0.85,-0.85,-0.06,34.50
1417,39351799,-536.62,-867.19,62.99,-0.85,-0.61,0.06,34.40
1418,39355848,-530.76,-859.86,58.59,-1.10,-0.91,0.18,34.55
1419,39359898,-532.71,-865.23,62.01,-1.16,-0.85,0.43,34.50
1420,39363955,-537.11,-867.19,58.11,-0.79,-1.04,0.30,34.50
1421,39368005,-534.67,-861.33,63.48,-0.79,-0.61,0.18,34.64
1422,39373799,-533.69,-862.30,56.64,-1.04,-0.79,0.49,34.64
1423,39377848,-538.09,-873.54,59.08,-0.73,-0.85,0.55,34.36
1424,39381898,-534.18,-863.28,57.62,-0.73,-0.55,0.55,34.64
1425,39385955,-532.71,-860.35,60.55,-0.67,-0.61,0.61,34.40
1426,39390005,-534.67,-864.75,60.06,-0.85,-0.61,0.73,34.31
1427,39395799,-536.62,-868.16,62.99,-0.43,-0.73,0.37,34.40
1428,39399848,-531.25,-860.84,60.55,-0.79,-0.67,0.06,34.36
1429,39403898,-534.67,-862.30,61.52,-0.73,-0.79,0.18,34.64
1430,39407955,-539.06,-867.68,63.48,-0.55,-0.61,0.24,34.02
1431,39412005,-532.71,-861.33,61.04,-0.79,-0.85,-0.06,34.64
1432,39417799,-535.64,-859.86,64.45,-0.73,-0.67,0.12,34.50
1433,39421848,-533.69,-864.75,58.11,-0.91,-0.91,-0.30,34.21
1434,39425898,-532.71,-859.37,59.57,-0.98,-0.73,-0.30,34.64
1435,39429955,-529.30,-858.40,63.48,-0.98,-0.67,-0.49,34.36
1436,39434005,-526.86,-864.75,60.06,-0.91,-0.73,-0.37,34.64
1437,39439799,-537.11,-868.65,62.01,-0.49,-0.67,-0.06,34.21
1438,39443848,-533.69,-860.35,60.55,-0.73,-0.61,0.00,34.55
1439,39447898,-534.67,-865.23,61.52,-0.85,-0.79,0.00,34.55
1440,39451955,-536.62,-863.28,57.13,-0.98,-0.85,0.12,34.36
1441,39456005,-533.20,-859.86,59.57,-0.85,-0.73,0.24,34.64
1442,39461799,-534.18,-860.84,61.52,-0.79,-0.73,0.12,34.50
1443,39465848,-540.04,-868.16,60.06,-0.55,-0.37,0.24,34.40
1444,39469898,-534.67,-866.70,62.01,-0.61,-0.79,0.49,34.50
1445,39473955,-533.69,-863.28,62.50,-0.73,-0.67,0.73,34.36
1446,39479799,-535.16,-862.30,58.59,-0.85,-0.61,0.49,34.64
1447,39483848,-535.16,-863.77,64.94,-0.67,-0.73,0.37,34.64
1448,39487898,-533.20,-862.30,61.04,-0.79,-0.73,0.61,34.50
1449,39491955,-534.67,-867.68,58.59,-0.85,-0.61,0.61,34.50
1450,39496005,-535.64,-866.70,61.52,-0.67,-0.37,0.49,34.50
1451,39500054,-534.18,-859.37,56.64,-0.85,-0.49,0.24,34.55
1452,39505799,-533.20,-861.82,63.48,-1.10,-0.79,0.61,34.36
1453,39509848,-537.60,-865.23,62.01,-0.79,-0.55,0.24,34.21
1454,39513898,-534.67,-862.79,60.06,-0.85,-0.67,0.12,34.50
1455,39517955,-530.27,-860.84,61.04,-0.85,-0.91,0.30,34.64
1456,39523799,-533.69,-868.16,58.11,-0.79,-0.79,0.24,34.50
1457,39527848,-533.69,-864.75,62.50,-0.67,-0.61,0.18,34.64
1458,39531898,-535.16,-859.37,62.50,-0.98,-0.85,0.06,34.31
1459,39535955,-536.62,-863.77,61.04,-1.04,-0.55,0.37,34.64
1460,39540005,-535.64,-865.72,60.06,-0.61,-0.73,0.18,34.55
1461,39545799,-533.69,-858.89,62.01,-0.67,-0.79,0.30,34.64
1462,39549848,-529.30,-861.33,62.50,-1.04,-0.55,0.43,34.74
1463,39553898,-535.64,-869.14,57.62,-0.85,-0.79,0.61,34.31
1464,39557955,-534.18,-866.70,56.64,-0.67,-0.73,0.55,34.50
1465,39562005,-531.25,-861.33,57.13,-0.98,-0.61,0.37,34.50
1466,39567799,-537.11,-868.16,58.59,-0.91,-0.73,0.49,34.64
1467,39571848,-534.67,-863.77,62.01,-0.73,-0.73,0.30,34.74
1468,39575898,-530.76,-857.91,62.50,-0.91,-0.43,0.37,34.74
1469,39579955,-534.18,-863.28,57.62,-0.98,-0.67,0.24,34.50
1470,39584005,-534.67,-869.14,59.57,-0.91,-0.73,0.30,34.21
1471,39589799,-531.74,-866.70,60.55,-0.91,-0.73,0.12,34.69
1472,39593848,-530.27,-861.33,60.06,-0.91,-0.98,0.18,34.69
1473,39597898,-537.60,-866.21,59.57,-0.73,-0.98,0.37,34.64
1474,39601955,-540.53,-860.35,62.99,-0.73,-0.85,0.37,34.50
1475,39606005,-530.76,-861.33,59.57,-0.79,-0.67,0.18,34.40
1476,39611799,-530.27,-866.21,61.52,-0.73,-0.91,0.37,34.64
1477,39615848,-537.11,-864.75,60.55,-0.91,-0.73,0.30,34.21
1478,39619898,-531.74,-862.79,62.50,-0.73,-0.85,0.24,34.50
1479,39623955,-538.57,-860.84,58.59,-0.85,-0.49,0.18,34.40
1480,39628005,-537.11,-865.23,55.66,-0.79,-0.73,0.37,34.55
1481,39633799,-534.67,-863.28,57.62,-0.79,-0.67,0.18,34.40
1482,39637848,-529.30,-862.79,59.08,-0.79,-1.04,0.49,34.40
1483,39641898,-535.64,-870.12,54.69,-1.04,-0.61,0.12,34.50
1484,39645955,-529.79,-866.70,59.08,-0.61,-0.43,0.24,34.31
1485,39650005,-532.23,-861.33,57.62,-0.85,-0.55,0.00,34.64
1486,39655799,-530.76,-863.28,58.59,-1.04,-0.73,0.12,34.64
1487,39659848,-532.71,-867.68,61.52,-0.55,-0.85,0.24,34.31
1488,39663898,-531.25,-862.79,63.48,-0.61,-0.91,0.30,34.50
1489,39667955,-537.11,-860.84,62.99,-0.85,-0.73,0.24,34.40
1490,39672005,-534.67,-867.68,61.04,-0.85,-0.79,0.30,34.40
1491,39677799,-536.62,-863.77,59.08,-0.79,-0.98,0.49,34.64
1492,39681848,-534.18,-866.70,59.57,-0.98,-0.67,0.24,34.64
1493,39685898,-539.06,-868.65,58.59,-0.73,-0.61,0.55,34.50
1494,39689955,-531.25,-861.82,63.48,-0.85,-0.61,0.30,34.40
1495,39694005,-534.67,-860.84,62.50,-0.67,-0.85,0.73,34.64
1496,39699799,-534.67,-860.35,63.96,-0.79,-0.73,0.37,34.31
1497,39703848,-536.62,-864.26,60.55,-0.55,-0.61,0.43,34.31
1498,39707898,-537.60,-863.28,58.11,-0.61,-0.91,0.49,34.64
1499,39711955,-538.57,-869.14,61.04,-0.79,-0.61,0.37,34.40
1500,39717799,-534.18,-865.23,62.50,-0.85,-0.67,0.49,34.64
1501,39721848,-534.67,-861.33,64.94,-0.73,-0.55,0.43,34.40
1502,39725898,-532.71,-866.70,60.06,-0.73,-0.61,0.55,34.31
1503,39729955,-540.04,-871.09,59.57,-1.04,-0.73,-0.06,34.40
1504,39734005,-536.13,-862.79,60.06,-0.85,-0.73,0.30,34.50
1505,39739799,-536.13,-857.91,61.52,-0.91,-0.85,0.06,34.40
1506,39743848,-539.06,-866.21,59.57,-0.85,-0.73,0.06,34.64
1507,39747898,-532.23,-861.33,62.01,-0.85,-0.85,0.12,34.40
1508,39751955,-535.16,-861.33,63.48,-0.67,-0.98,0.12,34.74
1509,39756005,-535.16,-864.26,60.06,-0.98,-0.73,0.18,34.64
1510,39761799,-539.55,-866.70,62.01,-0.67,-0.85,0.24,34.55
1511,39765848,-534.18,-865.23,59.08,-0.79,-0.98,-0.06,34.40
1512,39769898,-531.25,-863.28,62.01,-0.61,-0.67,0.24,34.31
1513,39773955,-530.27,-867.19,57.62,-0.91,-0.85,0.37,34.40
1514,39778005,-531.74,-869.14,64.45,-0.85,-0.85,0.49,34.55
1515,39783799,-533.69,-858.89,62.50,-0.91,-0.73,0.18,34.50
1516,39787848,-536.62,-867.19,61.04,-1.16,-0.67,0.43,34.50
1517,39791898,-538.09,-865.23,55.66,-0.67,-0.61,0.43,34.64
1518,39795955,-532.23,-860.84,57.13,-0.73,-0.73,0.24,34.36
1519,39800005,-537.11,-861.33,60.06,-0.91,-0.85,0.24,34.64
1520,39805799,-538.57,-869.14,62.50,-0.91,-0.85,0.24,34.40
1521,39809848,-538.57,-861.82,59.57,-0.73,-0.61,0.55,34.40
1522,39813898,-531.25,-856.45,58.11,-0.79,-0.67,0.49,34.36
1523,39817955,-535.16,-867.68,57.13,-0.98,-0.73,0.37,34.50
1524,39822005,-535.64,-867.19,61.52,-0.73,-0.79,0.18,34.40
1525,39827799,-530.27,-863.77,62.50,-1.04,-0.43,0.43,34.50
1526,39831848,-537.11,-866.70,57.13,-0.98,-0.67,0.37,34.64
1527,39835898,-536.62,-863.77,59.08,-0.91,-0.73,0.43,34.55
1528,39839955,-528.32,-859.37,58.59,-0.91,-0.55,0.43,34.36
1529,39844005,-534.18,-867.19,58.59,-0.91,-0.55,0.43,34.74
1530,39849799,-535.16,-865.72,57.13,-0.85,-0.73,0.55,34.36
1531,39853848,-530.76,-863.77,61.04,-0.79,-0.67,0.24,34.40
1532,39857898,-536.13,-859.37,59.57,-0.85,-0.61,0.24,34.50
1533,39861955,-535.16,-865.72,59.08,-0.79,-0.79,0.37,34.36
1534,39866005,-536.62,-864.26,62.01,-0.98,-0.61,0.30,34.21
1535,39871799,-535.16,-862.30,62.01,-0.79,-0.55,0.30,34.55
1536,39875848,-539.55,-867.19,60.55,-1.04,-0.67,0.30,34.83
1537,39879898,-537.11,-866.70,57.13,-0.91,-1.04,0.18,34.50
1538,39883955,-535.64,-861.33,63.48,-0.67,-0.85,0.12,34.55
1539,39888005,-528.32,-859.86,60.55,-0.91,-0.55,0.00,34.64
1540,39893799,-534.67,-862.79,58.59,-0.79,-0.79,0.12,34.21
1541,39897848,-535.16,-861.82,65.43,-0.61,-0.85,0.18,34.50
1542,39901898,-531.74,-863.77,56.15,-0.79,-0.61,0.12,34.50
1543,39905955,-536.13,-862.79,59.08,-0.91,-0.67,0.06,34.50
1544,39910005,-536.13,-865.72,61.04,-0.73,-0.79,0.37,34.74
1545,39915799,-531.74,-863.28,59.57,-0.73,-0.91,0.24,34.50
1546,39919848,-534.18,-861.82,61.04,-0.79,-0.61,0.37,34.31
1547,39923898,-536.13,-868.65,63.96,-0.98,-0.73,0.12,34.55
1548,39927955,-528.32,-863.28,58.59,-0.79,-0.49,0.18,34.50
1549,39933799,-533.20,-862.30,59.08,-0.73,-0.79,0.30,34.36
1550,39937848,-533.69,-867.19,58.11,-0.91,-0.61,0.43,34.40
1551,39941898,-536.62,-863.28,59.57,-0.85,-0.85,0.30,34.21
1552,39945955,-533.69,-866.70,59.08,-1.04,-0.67,0.30,34.64
1553,39950005,-533.20,-865.72,66.89,-0.98,-0.79,0.55,34.50
1554,39955799,-534.67,-863.77,54.20,-0.67,-0.98,0.67,34.50
1555,39959848,-537.11,-862.30,56.64,-0.91,-0.67,0.24,34.55
1556,39963898,-536.62,-864.75,60.55,-0.85,-0.30,0.61,34.40
1557,39967955,-534.18,-865.23,58.59,-0.79,-0.98,0.37,34.40
1558,39972005,-531.74,-861.82,62.50,-1.16,-0.61,0.12,34.64
1559,39977799,-535.16,-865.72,61.52,-0.98,-0.67,0.12,34.55
1560,39981848,-534.67,-863.77,59.57,-0.67,-0.61,0.49,34.36
1561,39985898,-527.83,-864.75,63.96,-0.98,-0.61,0.18,34.36
1562,39989955,-534.18,-858.89,61.04,-0.85,-0.61,0.06,34.50
1563,39994005,-532.71,-867.68,60.06,-0.79,-0.79,0.18,34.55
1564,39999799,-540.53,-865.23,62.01,-0.67,-0.67,0.18,34.36
1565,40003848,-531.74,-860.84,61.52,-0.85,-0.67,0.00,34.50
1566,40007898,-534.67,-866.21,58.59,-0.91,-0.55,0.12,34.50
1567,40011955,-540.04,-865.72,57.13,-1.10,-0.55,-0.06,34.36
1568,40016005,-538.57,-865.23,61.52,-0.73,-0.67,0.30,34.64
1569,40021799,-530.76,-862.79,58.59,-0.73,-0.73,0.24,34.55
1570,40025848,-537.11,-862.79,57.62,-0.85,-0.30,0.06,34.64
1571,40029898,-530.76,-857.42,56.64,-0.79,-0.91,0.12,34.50
1572,40033955,-526.37,-859.37,61.52,-0.98,-0.73,-0.06,34.40
1573,40038005,-533.69,-870.61,57.62,-1.10,-0.73,0.24,34.50
1574,40043799,-538.09,-869.63,58.59,-0.55,-0.91,0.18,34.36
1575,40047848,-531.25,-863.77,61.04,-0.79,-0.61,0.37,34.64
1576,40051898,-535.64,-863.28,58.11,-0.79,-0.67,0.49,34.55
1577,40055955,-536.62,-867.68,56.64,-0.91,-0.67,0.37,34.21
1578,40060005,-531.25,-860.35,60.55,-0.73,-0.49,0.49,34.50
1579,40065799,-532.23,-855.96,61.52,-0.85,-0.67,0.30,34.64
1580,40069848,-535.64,-866.21,58.59,-0.85,-0.79,0.30,34.74
1581,40073898,-535.64,-864.26,65.43,-0.79,-0.85,0.30,34.64
1582,40077955,-531.74,-857.42,60.55,-0.91,-0.79,0.30,34.36
1583,40082005,-536.13,-861.82,57.62,-0.79,-0.91,0.24,34.55
1584,40087799,-536.62,-866.21,62.99,-0.61,-0.55,0.18,34.40
1585,40091848,-529.79,-864.75,59.57,-0.73,-0.79,0.12,34.64
1586,40095898,-531.74,-862.30,60.06,-0.91,-0.55,0.30,34.40
1587,40099955,-540.04,-866.70,60.55,-1.04,-0.55,0.30,34.31
1588,40104005,-535.64,-863.77,62.99,-0.73,-0.61,0.06,34.50
1589,40109799,-530.76,-864.26,62.99,-0.91,-0.67,0.18,34.69
1590,40113848,-534.18,-869.63,60.55,-0.79,-0.73,0.30,34.50
1591,40117898,-532.23,-863.77,61.52,-0.61,-0.79,-0.12,34.50
1592,40121955,-533.20,-859.37,61.04,-1.04,-0.79,0.30,34.36
1593,40126005,-532.23,-865.72,59.57,-0.98,-0.91,0.24,34.55
1594,40131799,-535.64,-867.68,59.57,-0.85,-0.73,0.24,34.40
1595,40135848,-533.20,-863.77,58.11,-0.73,-0.61,0.18,34.31
1596,40139898,-531.25,-861.82,58.11,-0.79,-0.61,0.12,34.40
1597,40143955,-534.67,-867.68,59.08,-0.91,-0.79,0.49,34.50
1598,40149799,-533.20,-868.16,60.55,-0.67,-0.55,0.49,34.55
1599,40153848,-534.18,-864.75,60.55,-0.85,-0.73,0.37,34.50
1600,40157898,-533.69,-868.16,61.52,-0.85,-0.61,0.37,34.36
1601,40161955,-534.67,-866.21,62.01,-0.85,-0.67,0.24,34.55
1602,40166005,-533.20,-862.30,60.55,-0.91,-0.79,0.30,34.40
1603,40170054,-532.23,-862.30,59.57,-0.73,-0.55,0.37,34.40
1604,40175799,-535.16,-866.70,57.13,-0.98,-0.49,0.37,34.50
1605,40179848,-530.76,-863.77,57.62,-0.73,-0.61,0.18,34.21
1606,40183898,-532.71,-857.91,59.57,-1.04,-0.91,0.24,34.55
1607,40187955,-538.57,-869.63,58.11,-0.73,-0.61,0.12,34.36
1608,40193799,-536.62,-865.72,62.01,-0.79,-0.73,0.06,34.40
1609,40197848,-536.13,-862.30,57.62,-0.98,-0.85,0.24,34.50
1610,40201898,-539.55,-865.72,60.06,-1.10,-0.85,0.43,34.31
1611,40205955,-540.04,-865.23,56.64,-0.79,-0.67,0.24,34.64
1612,40210005,-529.79,-864.75,62.01,-0.73,-0.91,0.00,34.50
1613,40215799,-532.71,-868.65,60.55,-0.85,-0.73,0.00,34.88
1614,40219848,-537.11,-867.68,59.57,-0.79,-0.98,0.00,34.40
1615,40223898,-532.23,-862.79,60.06,-0.73,-0.79,0.30,34.21
1616,40227955,-531.74,-864.75,63.48,-1.04,-0.73,0.24,34.64
1617,40232005,-535.64,-864.26,63.48,-0.98,-0.61,0.49,34.64
1618,40237799,-537.60,-863.28,61.52,-0.79,-0.73,0.24,34.64
1619,40241848,-530.76,-863.28,62.01,-1.04,-0.61,0.49,34.55
1620,40245898,-536.62,-860.84,62.01,-0.61,-0.61,0.37,34.55
1621,40249955,-541.02,-869.63,56.15,-0.85,-0.49,0.30,34.50
1622,40254005,-536.62,-862.30,59.57,-0.79,-0.91,0.24,34.64
1623,40259799,-535.64,-862.30,61.52,-0.98,-0.67,0.55,34.64
1624,40263848,-538.57,-866.21,64.45,-0.73,-0.79,0.24,34.40
1625,40267898,-531.74,-864.26,55.18,-0.61,-0.85,0.43,34.55
1626,40271955,-530.27,-861.33,58.59,-0.67,-0.49,0.43,34.55
1627,40276005,-539.55,-867.68,54.69,-0.73,-0.73,0.43,34.55
1628,40281799,-536.13,-866.21,57.62,-0.85,-0.67,0.18,34.88
1629,40285848,-527.83,-864.26,59.57,-0.85,-0.67,0.24,34.50
1630,40289898,-535.64,-868.65,56.64,-1.04,-0.67,0.37,34.36
1631,40293955,-538.57,-866.70,58.11,-0.55,-0.55,0.49,34.16
1632,40298005,-532.23,-863.28,60.55,-1.04,-0.85,-0.12,34.50
1633,40303799,-535.16,-861.33,59.57,-0.85,-0.61,0.49,34.74
1634,40307848,-535.64,-867.68,59.57,-0.55,-0.67,0.37,34.50
1635,40311898,-530.27,-862.30,61.52,-0.79,-0.55,0.24,34.36
1636,40315955,-536.13,-861.33,59.08,-1.10,-0.67,0.37,34.31
1637,40320005,-537.60,-863.77,56.15,-0.67,-0.61,0.37,34.50
1638,40325799,-535.64,-868.65,60.55,-0.55,-0.73,0.30,34.40
1639,40329848,-534.18,-860.84,59.08,-0.67,-0.73,0.30,34.50
1640,40333898,-537.60,-865.72,57.13,-0.85,-0.67,0.55,34.31
1641,40337955,-537.60,-870.12,57.13,-0.79,-0.43,0.30,34.50
1642,40342005,-532.71,-864.26,55.66,-0.73,-0.73,0.37,34.64
1643,40347799,-531.25,-861.82,62.99,-1.04,-0.73,0.24,34.69
1644,40351848,-537.60,-869.14,59.57,-0.85,-0.85,0.43,34.74
1645,40355898,-531.74,-861.33,65.43,-0.67,-0.55,0.12,34.69
1646,40359955,-534.18,-862.79,60.06,-1.04,-0.61,0.24,34.40
1647,40364005,-535.64,-864.26,59.57,-0.98,-0.61,0.06,34.50
1648,40369799,-535.16,-870.61,62.99,-0.67,-0.55,0.24,34.31
1649,40373848,-534.18,-863.77,57.13,-0.85,-0.67,0.18,34.36
1650,40377898,-530.76,-866.21,60.06,-0.85,-0.79,0.12,34.64
1651,40381955,-538.09,-873.05,60.06,-0.73,-0.91,0.30,34.69
1652,40387799,-533.69,-864.26,64.45,-0.73,-0.49,0.06,34.50
1653,40391848,-527.83,-863.28,55.18,-0.98,-0.61,0.24,34.40
1654,40395898,-538.09,-870.12,60.06,-1.04,-0.85,0.18,34.21
1655,40399955,-535.16,-865.23,59.08,-0.73,-0.79,0.18,34.36
1656,40404005,-530.27,-856.45,60.55,-0.67,-0.67,0.30,34.36
1657,40409799,-529.79,-864.26,61.04,-1.16,-0.49,0.30,34.36
1658,40413848,-538.09,-867.19,60.55,-0.79,-0.67,0.55,34.40
1659,40417898,-536.13,-858.40,64.45,-0.55,-0.79,0.24,34.31
1660,40421955,-531.74,-859.37,59.08,-0.67,-0.55,0.37,34.40
1661,40426005,-536.62,-863.77,60.55,-0.85,-0.61,0.30,34.64
1662,40431799,-536.13,-863.77,60.55,-0.79,-0.55,0.55,34.64
1663,40435848,-532.23,-858.89,61.52,-0.98,-0.67,0.30,34.69
1664,40439898,-533.20,-867.19,56.15,-0.79,-0.85,0.30,34.36
1665,40443955,-535.16,-866.70,61.52,-0.79,-0.67,0.30,34.64
1666,40448005,-532.71,-861.33,61.52,-0.73,-0.79,0.43,34.36
1667,40453799,-534.18,-862.79,60.55,-0.85,-0.67,0.24,34.40
1668,40457848,-536.62,-866.70,57.13,-0.67,-0.79,0.24,34.50
1669,40461898,-536.13,-859.86,59.08,-0.91,-0.67,0.43,34.55
1670,40465955,-536.13,-860.35,65.43,-0.85,-0.67,0.12,34.50
1671,40470005,-535.64,-870.12,62.01,-0.67,-0.73,0.06,34.64
1672,40475799,-536.62,-862.30,58.11,-0.49,-0.79,0.12,34.40
1673,40479848,-528.32,-864.75,58.11,-0.85,-0.67,-0.06,34.50
1674,40483898,-533.69,-867.68,58.11,-0.98,-0.61,-0.06,34.50
1675,40487955,-538.57,-863.77,60.55,-0.67,-0.98,0.06,34.74
1676,40492005,-538.09,-867.19,62.99,-0.91,-0.91,0.37,34.50
1677,40497799,-533.69,-860.84,61.52,-0.85,-0.67,0.18,34.69
1678,40501848,-535.64,-868.16,61.04,-0.55,-0.85,0.61,34.50
1679,40505898,-531.74,-864.75,64.45,-0.61,-0.55,0.49,34.40
1680,40509955,-530.27,-860.84,62.50,-0.98,-0.61,0.55,34.55
1681,40514005,-535.16,-864.75,56.64,-1.04,-0.61,0.55,34.64
1682,40519799,-539.06,-864.75,61.52,-0.73,-0.49,0.61,34.69
1683,40523848,-530.27,-860.84,60.55,-0.61,-0.49,0.67,34.55
1684,40527898,-534.18,-868.16,59.57,-0.61,-0.73,0.67,34.64
1685,40531955,-536.13,-868.16,61.04,-0.79,-0.73,0.43,34.21
1686,40536005,-535.16,-858.89,59.57,-0.73,-0.79,0.18,34.69
1687,40541799,-535.64,-861.33,57.13,-0.91,-0.67,0.30,34.36
1688,40545848,-539.06,-863.77,58.11,-0.85,-0.73,0.06,34.50
1689,40549898,-535.64,-860.35,58.11,-0.85,-0.73,0.18,34.69
1690,40553955,-528.81,-862.30,64.94,-0.85,-0.85,0.30,34.31
1691,40558005,-537.60,-866.21,60.55,-0.85,-0.61,0.37,34.36
1692,40563799,-532.71,-869.14,64.94,-0.85,-0.79,0.61,34.40
1693,40567848,-534.18,-861.82,65.92,-0.73,-0.67,0.43,34.55
1694,40571898,-537.11,-867.68,61.52,-1.10,-0.79,0.61,34.36
1695,40575955,-535.64,-866.70,60.06,-0.37,-0.55,0.67,34.64
1696,40580005,-537.60,-857.91,63.48,-0.67,-0.67,0.37,34.64
1697,40585799,-533.20,-866.21,64.45,-0.91,-0.91,0.37,34.69
1698,40589848,-538.09,-866.21,61.52,-0.73,-0.67,0.18,34.40
1699,40593898,-536.62,-863.77,55.66,-0.67,-0.73,0.24,34.36
1700,40597955,-533.69,-857.91,59.57,-0.73,-0.73,-0.12,34.50
1701,40603799,-538.09,-864.26,57.13,-0.98,-0.91,0.00,34.69
1702,40607848,-539.55,-865.72,59.08,-0.73,-0.67,-0.06,34.55
1703,40611898,-528.81,-857.42,59.08,-0.85,-0.73,-0.12,34.31
1704,40615955,-537.60,-867.19,58.11,-1.10,-0.79,-0.18,34.40
1705,40620005,-538.57,-867.19,59.57,-0.98,-0.79,-0.06,34.40
1706,40625799,-532.71,-862.79,59.57,-1.04,-0.73,0.18,34.50
1707,40629848,-533.20,-863.28,58.59,-1.04,-0.73,-0.06,34.64
1708,40633898,-540.53,-869.14,59.08,-0.98,-0.55,0.18,34.40
1709,40637955,-536.62,-863.28,63.96,-0.55,-0.91,0.18,34.50
1710,40642005,-531.74,-863.28,55.66,-0.98,-0.67,0.06,34.31
1711,40647799,-533.20,-868.16,60.55,-0.91,-0.79,0.61,34.40
1712,40651848,-534.67,-868.65,58.59,-1.10,-0.55,0.43,34.40
1713,40655898,-527.83,-863.28,62.99,-0.79,-0.55,0.12,34.21
1714,40659955,-534.67,-860.84,62.50,-0.85,-0.61,0.43,34.50
1715,40664005,-536.62,-873.54,58.11,-0.73,-0.79,0.24,34.69
1716,40669799,-534.67,-863.77,62.01,-0.67,-0.91,0.24,34.64
1717,40673848,-529.79,-863.28,59.57,-1.16,-0.67,0.24,34.74
1718,40677898,-532.23,-868.65,62.01,-0.91,-0.85,0.24,34.55
1719,40681955,-533.69,-866.70,60.55,-0.61,-0.55,0.18,34.64
1720,40686005,-531.74,-856.93,61.52,-0.79,-0.61,0.30,34.40
1721,40691799,-534.18,-862.79,57.13,-0.98,-0.67,0.37,34.64
1722,40695848,-530.76,-870.12,64.94,-0.85,-0.79,0.49,34.40
1723,40699898,-532.71,-862.79,59.57,-0.79,-0.61,0.18,34.40
1724,40703955,-533.69,-860.35,58.59,-0.61,-0.73,0.55,34.40
1725,40708005,-534.18,-865.72,61.52,-0.67,-0.73,0.55,34.31
1726,40713799,-533.69,-869.63,58.59,-0.67,-0.55,0.61,34.50
1727,40717848,-530.76,-863.28,62.01,-0.98,-0.79,0.18,34.50
1728,40721898,-535.16,-865.72,59.57,-0.98,-0.73,0.55,34.40
1729,40725955,-537.60,-864.75,62.50,-0.79,-0.67,0.43,34.36
1730,40730005,-536.13,-860.35,61.52,-0.73,-0.79,0.24,34.40
1731,40735799,-529.79,-863.77,62.50,-1.04,-0.79,0.06,34.69
1732,40739848,-536.62,-869.63,57.62,-0.61,-0.73,-0.06,34.40
1733,40743898,-533.69,-868.65,57.62,-0.61,-0.49,0.00,34.50
1734,40747955,-529.79,-860.84,62.50,-0.98,-0.79,-0.18,34.50
1735,40752005,-535.16,-863.77,60.55,-1.04,-0.85,0.12,34.64
1736,40757799,-533.20,-865.72,57.62,-0.73,-0.49,0.06,34.69
1737,40761848,-535.16,-861.82,57.13,-0.79,-0.73,-0.30,34.50
1738,40765898,-540.04,-865.23,58.59,-0.85,-0.85,0.24,34.50
1739,40769955,-540.53,-866.21,59.57,-0.91,-0.61,0.43,34.36
1740,40774005,-538.09,-863.77,59.57,-0.73,-0.73,0.06,34.74
1741,40779799,-530.76,-858.40,58.59,-0.79,-0.61,0.49,34.40
1742,40783848,-534.67,-868.65,58.59,-1.04,-0.79,0.37,34.40
1743,40787898,-536.62,-860.35,59.57,-0.73,-0.79,0.67,34.31
1744,40791955,-530.76,-859.37,60.06,-0.91,-0.30,0.73,34.64
1745,40796005,-534.67,-863.77,62.01,-1.16,-0.55,0.61,34.50
1746,40801799,-537.60,-870.12,60.55,-0.98,-0.79,0.98,34.69
1747,40805848,-531.25,-860.84,62.50,-0.85,-0.49,0.73,34.31
1748,40809898,-535.64,-862.79,61.52,-0.85,-0.73,0.61,34.50
1749,40813955,-538.09,-865.23,58.59,-0.91,-0.79,0.61,34.64
1750,40819799,-535.64,-864.75,56.64,-0.67,-0.91,0.49,34.64
1751,40823848,-530.27,-858.89,61.04,-0.85,-0.67,0.12,34.55
1752,40827898,-534.67,-868.16,56.15,-0.91,-0.67,0.24,34.69
1753,40831955,-538.09,-865.72,57.13,-0.49,-0.61,0.18,34.50
1754,40836005,-536.13,-862.79,60.06,-0.79,-0.85,0.00,34.64
1755,40841799,-533.69,-861.82,61.52,-0.85,-0.85,-0.06,34.40
1756,40845848,-538.57,-866.21,58.59,-0.79,-0.67,0.06,34.50
1757,40849898,-530.27,-864.75,60.06,-0.79,-0.49,0.12,34.40
1758,40853955,-534.67,-865.72,57.62,-0.79,-0.61,0.06,34.40
1759,40858005,-533.69,-864.26,55.18,-0.85,-0.73,0.06,34.50
1760,40863799,-534.18,-864.26,64.45,-0.67,-0.91,0.24,34.55
1761,40867848,-530.76,-860.84,58.11,-0.85,-0.79,0.43,34.55
1762,40871898,-533.69,-868.16,59.57,-0.98,-0.61,0.43,34.50
1763,40875955,-541.50,-870.12,63.96,-0.73,-0.73,0.43,34.69
1764,40880005,-538.57,-867.19,57.62,-0.85,-0.49,0.61,34.50
1765,40885799,-533.20,-864.26,59.08,-0.79,-0.67,0.37,34.50
1766,40889848,-536.62,-870.12,57.13,-0.67,-0.73,0.37,34.55
1767,40893898,-534.67,-867.19,56.15,-1.10,-0.43,0.30,34.40
1768,40897955,-533.20,-864.26,60.55,-0.85,-0.49,0.06,34.50
1769,40902005,-530.27,-865.23,60.55,-0.67,-0.85,0.30,34.40
1770,40907799,-532.71,-867.19,62.99,-0.61,-0.98,-0.06,34.50
1771,40911848,-534.18,-859.37,66.89,-0.91,-0.85,0.06,34.55
1772,40915898,-537.60,-867.19,61.52,-0.85,-0.73,0.24,34.55
1773,40919955,-538.09,-867.19,62.50,-0.73,-1.10,0.18,34.64
1774,40924005,-534.67,-865.23,57.62,-0.73,-0.67,0.37,34.50
1775,40929799,-531.25,-864.26,63.48,-1.04,-0.55,0.55,34.64
1776,40933848,-537.11,-864.26,62.50,-0.67,-0.79,0.85,34.50
1777,40937898,-533.69,-861.33,58.11,-0.67,-0.67,0.73,34.64
1778,40941955,-537.60,-863.28,59.57,-0.91,-0.73,0.73,34.40
1779,40946005,-533.20,-868.16,57.13,-0.79,-0.79,0.61,34.50
1780,40951799,-540.53,-867.68,58.59,-0.91,-0.49,0.55,34.50
1781,40955848,-536.13,-860.35,59.57,-0.85,-0.73,0.79,34.64
1782,40959898,-530.76,-866.70,59.08,-1.04,-0.67,0.49,34.64
1783,40963955,-539.06,-865.23,60.55,-0.79,-0.85,0.24,34.50
1784,40968005,-535.16,-863.77,56.15,-0.91,-0.61,0.18,34.55
1785,40973799,-529.79,-860.35,59.08,-0.85,-0.61,0.12,34.40
1786,40977848,-538.09,-867.68,60.55,-1.04,-0.73,0.18,34.31
1787,40981898,-538.57,-865.23,57.62,-0.73,-0.67,-0.12,34.50
1788,40985955,-533.20,-861.33,59.08,-0.85,-0.73,0.12,34.31
1789,40990005,-536.13,-865.23,57.62,-0.85,-0.79,-0.12,34.40
1790,40995799,-538.09,-870.12,57.62,-0.67,-0.49,0.12,34.55
1791,40999848,-529.79,-861.33,59.57,-0.85,-0.61,0.06,34.55
1792,41003898,-534.18,-863.28,61.52,-0.79,-0.91,0.06,34.64
1793,41007955,-533.20,-864.26,57.13,-0.67,-0.61,0.06,34.40
1794,41012005,-533.20,-864.75,57.62,-0.73,-0.73,0.12,34.64
1795,41017799,-537.11,-862.79,63.48,-0.98,-0.67,0.30,34.50
1796,41021848,-539.55,-871.09,57.62,-0.98,-0.98,0.49,34.50
1797,41025898,-532.23,-863.28,57.13,-0.67,-0.61,0.43,34.55
1798,41029955,-534.67,-859.86,59.57,-1.04,-0.67,0.49,34.69
1799,41034005,-538.09,-866.21,60.06,-0.98,-0.61,0.55,34.55
1800,41039799,-535.64,-865.72,62.99,-0.79,-0.85,0.49,34.31
1801,41043848,-535.64,-861.82,62.99,-0.91,-0.55,0.30,34.40
1802,41047898,-535.16,-862.79,60.06,-0.98,-0.55,0.55,34.50
1803,41051955,-541.02,-869.14,60.55,-0.79,-0.55,0.55,34.50
1804,41057799,-533.20,-865.23,57.13,-0.79,-0.61,0.55,34.64
1805,41061848,-530.76,-859.86,58.59,-0.91,-0.73,0.49,34.55
1806,41065898,-534.67,-866.70,59.08,-0.91,-0.55,0.49,34.21
1807,41069955,-536.13,-867.19,56.15,-0.85,-0.61,0.49,34.31
1808,41074005,-533.69,-861.33,60.06,-0.85,-0.61,0.55,34.40
1809,41079799,-533.69,-864.75,60.06,-0.98,-0.73,0.30,34.55
1810,41083848,-544.43,-868.16,61.04,-0.61,-0.85,0.67,34.50
1811,41087898,-533.20,-861.33,59.57,-0.73,-0.49,0.67,34.40
1812,41091955,-531.74,-860.35,61.52,-0.67,-0.67,0.24,34.40
1813,41096005,-540.04,-865.23,59.08,-0.79,-0.85,0.43,34.64
1814,41101799,-537.60,-867.19,61.04,-0.91,-0.73,0.37,34.50
1815,41105848,-533.20,-863.28,57.13,-0.91,-0.55,0.00,34.36
1816,41109898,-541.50,-869.63,58.11,-1.04,-0.67,0.00,34.21
1817,41113955,-536.13,-864.75,61.52,-0.85,-0.79,-0.12,34.74
1818,41118005,-533.20,-858.89,62.01,-0.79,-0.91,-0.43,34.69
1819,41123799,-530.76,-860.84,62.01,-0.85,-0.61,-0.37,34.40
1820,41127848,-534.67,-867.19,61.52,-0.61,-0.79,0.00,34.69
1821,41131898,-536.62,-861.82,58.59,-0.55,-0.79,-0.18,34.50
1822,41135955,-529.30,-863.77,62.50,-1.10,-1.10,-0.37,34.50
1823,41140005,-533.69,-870.61,59.08,-1.04,-0.61,0.06,34.55
1824,41145799,-536.62,-867.19,62.99,-0.61,-0.85,0.06,34.50
1825,41149848,-531.25,-862.79,58.11,-0.98,-0.79,0.30,34.40
1826,41153898,-530.76,-867.68,59.57,-0.98,-0.61,0.24,34.40
1827,41157955,-535.64,-870.12,56.64,-0.98,-0.49,0.55,34.64
1828,41162005,-530.76,-865.23,58.59,-0.67,-0.79,0.55,34.64
1829,41167799,-531.74,-859.86,60.55,-0.85,-0.73,0.55,34.74
1830,41171848,-535.16,-867.68,62.01,-0.98,-0.67,0.73,34.40
1831,41175898,-533.20,-864.75,61.04,-0.61,-0.49,0.91,34.40
1832,41179955,-533.69,-856.93,60.55,-0.73,-0.73,0.67,34.50
1833,41184005,-538.09,-864.75,56.15,-0.79,-0.73,0.61,34.74
1834,41189799,-536.13,-864.75,56.64,-0.55,-0.73,0.43,34.64
1835,41193848,-530.27,-859.37,60.55,-0.91,-0.91,0.18,34.64
1836,41197898,-530.76,-863.28,60.06,-0.85,-0.73,0.24,34.40
1837,41201955,-541.02,-871.58,59.08,-0.85,-0.61,0.06,34.21
1838,41206005,-535.16,-866.21,56.64,-0.55,-0.73,-0.12,34.69
1839,41211799,-530.27,-863.28,61.04,-0.73,-0.43,-0.06,34.55
1840,41215848,-534.67,-868.16,55.66,-1.04,-0.85,0.06,34.40
1841,41219898,-533.20,-863.28,61.52,-0.67,-0.91,0.00,34.31
1842,41223955,-534.67,-859.37,62.01,-0.73,-0.98,-0.18,34.16
1843,41228005,-531.25,-864.75,56.64,-0.79,-0.85,0.00,34.40
1844,41233799,-537.60,-866.21,57.13,-0.73,-0.67,0.12,34.40
1845,41237848,-531.25,-860.35,59.08,-0.67,-0.61,0.12,34.50
1846,41241898,-533.20,-863.77,60.06,-0.73,-0.85,0.30,34.55
1847,41245955,-539.55,-863.77,62.01,-0.79,-0.91,0.18,34.50
1848,41250005,-538.09,-863.28,65.43,-0.67,-0.61,0.30,34.55
1849,41255799,-532.71,-855.96,62.01,-1.04,-0.73,0.24,34.64
1850,41259848,-533.69,-860.35,58.11,-1.10,-0.98,0.37,34.21
1851,41263898,-535.16,-865.23,56.64,-0.79,-0.73,0.37,34.64
1852,41267955,-537.60,-861.82,61.04,-0.73,-0.61,0.12,34.50
1853,41273799,-539.06,-863.28,57.62,-0.98,-0.67,0.24,34.31
1854,41277848,-537.11,-864.26,58.11,-0.91,-0.61,0.24,34.50
1855,41281898,-530.27,-863.77,62.50,-0.67,-0.79,0.30,34.21
1856,41285955,-535.16,-865.23,58.59,-0.85,-0.55,0.37,34.64
1857,41290005,-531.74,-866.21,57.62,-0.98,-0.49,0.37,34.55
1858,41295799,-534.67,-866.21,58.11,-0.79,-0.61,0.06,34.50
1859,41299848,-531.25,-860.84,62.50,-1.10,-0.79,0.12,34.50
1860,41303898,-535.64,-868.65,58.59,-0.85,-0.79,0.24,34.21
1861,41307955,-535.64,-865.72,60.06,-0.91,-0.73,-0.06,34.40
1862,41312005,-535.16,-863.28,60.55,-0.79,-0.79,0.37,34.21
1863,41317799,-539.06,-863.77,59.08,-0.85,-0.67,0.37,34.64
1864,41321848,-534.67,-864.75,60.55,-0.98,-0.61,0.37,34.64
1865,41325898,-530.76,-856.93,62.99,-0.79,-0.61,0.61,34.40
1866,41329955,-531.74,-859.37,62.01,-0.79,-0.79,0.73,34.55
1867,41334005,-537.60,-868.16,57.62,-0.49,-0.61,0.30,34.50
1868,41339799,-534.18,-865.23,59.57,-0.85,-0.61,0.30,34.64
1869,41343848,-530.27,-863.77,65.43,-0.98,-0.85,0.37,34.21
1870,41347898,-537.11,-869.14,59.57,-0.98,-0.67,0.49,34.50
1871,41351955,-535.64,-865.72,58.59,-0.67,-0.55,0.49,34.64
1872,41356005,-532.71,-863.28,60.06,-0.98,-0.61,0.00,34.64
1873,41361799,-535.64,-859.37,56.15,-0.85,-0.73,0.37,34.40
1874,41365848,-533.69,-871.58,59.57,-0.98,-0.79,0.37,34.40
1875,41369898,-531.74,-862.30,61.04,-0.85,-0.79,0.18,34.64
1876,41373955,-531.74,-860.35,61.52,-0.98,-0.49,0.18,34.64
1877,41378005,-536.13,-868.65,62.01,-0.85,-0.55,0.49,34.36
1878,41383799,-531.25,-864.26,61.04,-0.30,-0.79,0.61,34.36
1879,41387848,-534.18,-859.86,62.99,-0.91,-0.73,0.43,34.40
1880,41391898,-536.62,-863.77,61.04,-0.85,-0.91,0.24,34.31
1881,41395955,-537.11,-869.14,60.55,-0.79,-0.79,0.49,34.21
1882,41400005,-538.57,-864.26,56.15,-0.73,-0.73,0.30,34.64
1883,41405799,-534.67,-864.75,62.99,-1.16,-0.98,0.00,34.50
1884,41409848,-538.57,-870.12,58.11,-0.85,-0.91,0.24,34.50
1885,41413898,-533.20,-862.79,60.55,-0.67,-0.79,0.30,34.50
1886,41417955,-531.25,-855.47,55.66,-0.91,-0.49,0.18,34.31
1887,41422005,-532.71,-867.19,56.64,-0.73,-0.73,0.43,34.40
1888,41427799,-537.60,-869.14,60.55,-0.73,-0.73,0.55,34.50
1889,41431848,-529.30,-861.82,60.06,-0.85,-0.67,0.49,34.64
1890,41435898,-534.67,-863.77,61.04,-0.91,-0.98,0.37,34.50
1891,41439955,-538.57,-866.70,55.18,-0.91,-0.85,0.37,34.40
1892,41444005,-537.11,-864.75,62.50,-0.55,-0.37,0.24,34.50
1893,41449799,-530.27,-859.86,62.99,-1.04,-0.67,0.43,34.40
1894,41453848,-538.09,-867.19,60.06,-0.98,-0.85,0.43,34.64
1895,41457898,-537.11,-865.72,60.55,-0.91,-0.67,0.37,34.50
1896,41461955,-532.71,-861.82,64.94,-0.98,-0.67,0.30,34.50
1897,41466005,-535.64,-867.19,61.04,-1.04,-0.85,0.18,34.88
1898,41471799,-536.13,-870.12,57.62,-0.85,-0.73,0.18,34.69
1899,41475848,-529.30,-860.35,64.45,-0.91,-0.49,0.12,34.50
1900,41479898,-528.81,-862.30,58.11,-0.85,-0.73,0.43,34.69
1901,41483955,-540.53,-868.16,61.04,-0.73,-0.73,0.43,34.31
1902,41489799,-534.18,-860.35,62.01,-0.55,-0.73,0.18,34.40
1903,41493848,-533.20,-863.28,62.99,-0.85,-0.67,0.24,34.64
1904,41497898,-538.57,-864.75,58.11,-0.91,-0.85,0.12,34.64
1905,41501955,-534.18,-865.23,57.62,-0.85,-0.37,0.49,34.50
1906,41506005,-532.71,-863.28,61.52,-0.79,-0.67,0.67,34.55
1907,41511799,-536.13,-862.30,57.62,-0.85,-0.55,0.85,34.69
1908,41515848,-532.71,-865.23,57.62,-0.73,-0.67,0.61,34.55
1909,41519898,-535.64,-860.84,58.59,-0.91,-0.61,0.85,34.36
1910,41523955,-531.25,-858.89,62.01,-0.67,-0.61,0.98,34.50
1911,41528005,-533.69,-864.75,59.08,-1.16,-0.55,0.49,34.21
1912,41533799,-533.69,-865.23,57.13,-0.91,-0.67,0.30,34.64
1913,41537848,-533.20,-859.37,59.08,-0.98,-0.85,0.49,34.50
1914,41541898,-537.60,-862.30,61.52,-0.98,-0.79,0.00,34.36
1915,41545955,-537.60,-863.77,59.57,-0.79,-0.73,-0.37,34.64
1916,41550005,-530.76,-865.23,62.99,-0.91,-0.91,-0.30,34.64
1917,41555799,-535.16,-867.19,58.59,-1.16,-0.67,-0.18,34.31
1918,41559848,-537.11,-862.79,57.62,-0.73,-0.98,-0.24,34.40
1919,41563898,-526.37,-860.35,62.01,-0.85,-0.85,-0.06,34.50
1920,41567955,-530.76,-857.91,59.08,-0.73,-0.85,-0.06,34.64
1921,41572005,-534.67,-867.68,58.11,-0.91,-0.73,-0.18,34.55
1922,41577799,-534.18,-861.82,59.57,-0.85,-0.61,0.00,34.55
1923,41581848,-532.23,-866.21,61.04,-0.91,-0.67,0.24,34.50
1924,41585898,-535.16,-864.26,58.11,-0.85,-0.55,0.24,34.50
1925,41589955,-538.09,-863.77,58.11,-0.98,-0.55,0.12,34.40
1926,41594005,-536.13,-861.82,62.99,-0.79,-0.73,0.30,34.40
1927,41599799,-536.13,-867.19,57.13,-0.91,-0.73,0.30,34.50
1928,41603848,-538.09,-866.21,59.57,-0.79,-0.55,0.49,34.36
1929,41607898,-534.18,-863.28,63.96,-0.79,-0.85,0.30,34.50
1930,41611955,-532.71,-864.75,58.59,-0.73,-0.79,0.24,34.64
1931,41616005,-535.64,-870.12,57.13,-0.43,-0.55,0.24,34.55
1932,41621799,-534.18,-859.86,61.04,-0.67,-0.73,0.24,34.40
1933,41625848,-531.25,-863.28,58.11,-0.91,-0.49,0.43,34.50
1934,41629898,-534.67,-869.14,59.57,-0.73,-0.67,0.49,34.16
1935,41633955,-536.62,-865.72,61.52,-0.61,-0.73,0.00,34.21
1936,41638005,-527.34,-863.28,61.04,-0.91,-0.79,0.12,34.55
1937,41643799,-534.67,-864.26,57.62,-0.85,-0.91,0.18,34.64
1938,41647848,-533.20,-865.23,60.55,-0.73,-0.55,0.18,34.40
1939,41651898,-534.67,-860.84,60.55,-0.67,-0.61,0.37,34.31
1940,41655955,-529.79,-859.86,57.13,-0.91,-0.61,0.55,34.21
1941,41660005,-537.60,-867.19,57.13,-0.85,-0.91,0.55,34.50
1942,41665799,-540.04,-865.72,57.13,-0.55,-0.67,0.37,34.64
1943,41669848,-532.23,-858.40,56.15,-1.04,-0.73,0.55,34.50
1944,41673898,-540.04,-866.70,55.66,-1.04,-0.67,0.55,34.64
1945,41677955,-540.04,-866.21,60.55,-0.55,-0.61,0.37,34.36
1946,41682005,-532.23,-859.37,55.66,-0.85,-0.55,0.18,34.64
1947,41687799,-536.62,-861.82,60.55,-0.91,-0.67,-0.06,34.64
1948,41691848,-531.74,-864.75,58.11,-0.61,-0.85,-0.12,34.50
1949,41695898,-533.20,-858.40,59.08,-0.85,-0.91,-0.18,34.40
1950,41699955,-532.71,-865.23,63.96,-0.98,-0.85,-0.18,34.40
1951,41705799,-531.25,-866.21,54.20,-0.85,-0.73,-0.24,34.50
1952,41709848,-528.81,-864.75,62.01,-0.91,-0.73,0.00,34.64
1953,41713898,-532.71,-858.89,61.04,-0.85,-0.61,-0.06,34.50
1954,41717955,-531.25,-867.19,56.64,-0.85,-0.43,0.06,34.55
1955,41722005,-537.11,-859.86,62.50,-0.61,-0.79,0.24,34.21
1956,41726054,-534.67,-865.23,62.50,-0.85,-0.73,0.24,34.55
1957,41731799,-533.69,-862.30,63.96,-0.98,-0.55,0.37,34.31
1958,41735848,-535.16,-868.65,58.11,-0.85,-0.61,0.06,34.50
1959,41739898,-533.20,-863.28,59.57,-0.79,-0.67,0.37,34.55
1960,41743955,-531.74,-864.26,65.92,-0.85,-0.55,0.43,34.64
1961,41749799,-539.55,-866.21,56.64,-0.91,-0.85,0.30,34.40
1962,41753848,-535.64,-863.77,60.55,-0.67,-0.73,0.37,34.50
1963,41757898,-533.20,-863.28,56.64,-0.79,-0.61,0.30,34.36
1964,41761955,-532.23,-865.72,55.18,-0.91,-0.67,0.30,34.69
1965,41766005,-533.69,-866.70,60.55,-0.67,-0.67,0.37,34.64
1966,41771799,-528.81,-861.82,56.64,-1.10,-0.79,0.49,34.74
1967,41775848,-537.11,-862.79,62.99,-1.04,-0.79,0.18,34.50
1968,41779898,-534.67,-868.16,57.13,-0.67,-0.61,0.24,34.21
1969,41783955,-533.69,-864.75,60.55,-0.79,-0.73,0.24,34.64
1970,41788005,-531.25,-861.82,58.59,-0.73,-0.91,0.18,34.40
1971,41793799,-533.69,-866.21,55.18,-0.98,-0.73,0.24,34.50
1972,41797848,-534.67,-867.68,61.04,-0.79,-0.91,0.49,34.64
1973,41801898,-528.32,-864.26,61.04,-0.98,-0.55,0.30,34.50
1974,41805955,-534.18,-863.28,60.55,-0.98,-0.55,0.49,34.64
1975,41810005,-539.06,-864.26,56.64,-0.85,-0.79,0.43,34.64
1976,41815799,-530.76,-856.45,59.57,-1.04,-0.85,0.37,34.74
1977,41819848,-538.09,-864.75,57.13,-0.85,-0.79,0.43,34.40
1978,41823898,-538.09,-865.72,56.15,-0.79,-0.91,0.37,34.50
1979,41827955,-534.67,-864.75,62.50,-0.91,-0.67,0.24,34.69
1980,41832005,-533.20,-863.77,60.06,-0.91,-0.85,-0.24,34.64
1981,41837799,-536.62,-865.72,56.15,-0.79,-0.73,0.24,34.40
1982,41841848,-531.74,-865.72,61.52,-0.55,-0.67,-0.12,34.64
1983,41845898,-534.67,-865.72,59.08,-1.04,-0.85,-0.30,34.40
1984,41849955,-535.64,-866.21,57.62,-0.98,-0.79,0.06,34.21
1985,41854005,-533.20,-867.68,58.11,-0.79,-0.79,-0.12,34.93
1986,41859799,-532.23,-863.77,57.13,-0.67,-0.73,0.06,34.50
1987,41863848,-531.25,-862.30,57.13,-0.85,-0.79,0.24,34.50
1988,41867898,-532.23,-867.68,56.64,-0.85,-0.91,0.37,34.50
1989,41871955,-537.11,-863.28,58.59,-0.61,-0.73,0.12,34.40
1990,41876005,-535.16,-855.47,61.04,-1.16,-0.67,0.30,34.40
1991,41881799,-536.13,-863.77,60.55,-0.91,-1.04,0.55,34.64
1992,41885848,-538.57,-866.21,60.06,-0.67,-0.67,0.49,34.55
1993,41889898,-529.79,-867.19,59.08,-0.91,-0.91,0.49,34.40
1994,41893955,-531.74,-865.72,56.64,-1.04,-0.79,0.61,34.21
1995,41898005,-534.67,-868.16,60.06,-0.73,-0.67,0.55,34.69
1996,41903799,-529.79,-866.70,62.50,-0.91,-0.79,0.49,34.50
1997,41907848,-535.64,-861.82,58.11,-0.98,-0.73,0.49,34.40
1998,41911898,-535.64,-868.16,59.08,-0.73,-0.61,0.73,34.64
1999,41915955,-531.74,-861.33,58.59,-0.85,-0.79,0.73,34.64
2000,41920005,-532.71,-858.40,60.06,-0.85,-0.85,0.30,34.40
2001,41925799,-535.64,-865.72,60.55,-0.55,-0.91,0.49,34.36
2002,41929848,-534.18,-864.26,59.08,-0.79,-0.85,0.18,34.31
2003,41933898,-529.30,-858.40,59.57,-0.73,-0.55,0.24,34.64
2004,41937955,-535.16,-861.82,57.13,-0.91,-0.49,0.18,34.50
2005,41943799,-534.67,-869.63,59.08,-0.91,-0.79,0.18,34.50
2006,41947848,-530.27,-858.40,61.04,-0.91,-0.73,0.18,34.21
2007,41951898,-536.13,-866.21,55.18,-0.98,-0.73,0.18,34.50
2008,41955955,-534.18,-869.63,54.20,-0.98,-0.73,0.06,34.40
2009,41960005,-534.67,-870.12,56.64,-0.91,-0.67,0.00,34.64
2010,41965799,-530.27,-861.33,54.20,-0.67,-0.55,0.18,34.40
2011,41969848,-534.67,-867.19,57.62,-0.85,-0.61,0.37,34.36
2012,41973898,-533.20,-866.21,61.04,-0.67,-0.91,0.30,34.12
2013,41977955,-531.25,-859.86,60.06,-0.67,-0.79,0.30,34.40
2014,41982005,-538.57,-867.19,57.13,-0.91,-0.55,0.00,34.40
2015,41987799,-537.60,-867.19,62.01,-0.79,-0.79,0.43,34.31
2016,41991848,-532.71,-860.84,60.06,-0.73,-0.98,0.12,34.50
2017,41995898,-530.27,-867.19,59.08,-0.91,-0.67,0.18,34.40
2018,41999955,-535.16,-869.63,57.13,-0.85,-0.79,0.06,34.64
2019,42004005,-532.23,-867.68,56.64,-0.79,-0.67,0.06,34.40
2020,42009799,-530.76,-857.91,62.99,-0.98,-0.73,0.24,34.50
2021,42013848,-535.64,-866.70,54.20,-0.73,-0.79,0.37,34.55
2022,42017898,-530.27,-865.23,59.08,-0.91,-1.10,0.18,34.50
2023,42021955,-531.25,-862.30,61.04,-0.73,-0.73,0.43,34.64
2024,42026005,-531.74,-865.23,60.06,-0.85,-0.85,0.37,34.31
2025,42031799,-537.60,-868.65,57.62,-0.91,-0.85,0.43,34.40
2026,42035848,-530.27,-857.91,61.52,-0.91,-0.79,0.49,34.64
2027,42039898,-532.23,-860.84,57.13,-1.04,-0.67,0.55,34.40
2028,42043955,-533.20,-866.70,59.08,-0.73,-0.91,0.61,34.31
2029,42048005,-530.76,-861.82,59.57,-0.79,-0.55,0.37,34.69
2030,42053799,-532.23,-859.37,58.59,-0.91,-0.73,0.30,34.36
2031,42057848,-537.60,-868.16,61.04,-0.98,-0.73,0.61,34.50
2032,42061898,-536.13,-860.35,56.64,-0.67,-0.49,0.43,34.50
2033,42065955,-534.67,-858.40,58.59,-0.67,-1.10,0.43,34.21
2034,42070005,-532.23,-868.16,59.08,-0.61,-0.85,0.30,34.64
2035,42075799,-539.06,-874.02,59.08,-1.10,-0.79,0.30,34.55
2036,42079848,-530.76,-863.77,55.66,-0.73,-0.61,0.49,34.40
2037,42083898,-532.71,-864.26,59.57,-0.91,-0.91,0.24,34.40
2038,42087955,-533.69,-863.28,59.57,-0.79,-0.79,0.12,34.40
2039,42092005,-534.18,-861.82,56.64,-1.10,-0.73,-0.12,34.50
2040,42097799,-530.76,-859.37,62.01,-1.16,-0.85,0.18,34.40
2041,42101848,-535.64,-865.72,60.55,-0.73,-0.91,0.30,34.40
2042,42105898,-534.18,-863.28,62.50,-0.79,-0.79,0.18,34.64
2043,42109955,-531.25,-858.40,59.08,-0.73,-0.73,-0.12,34.12
2044,42114005,-531.74,-865.72,58.11,-0.85,-0.55,0.18,34.40
2045,42119799,-533.20,-866.21,60.55,-0.61,-0.73,-0.06,34.64
2046,42123848,-528.32,-860.35,63.96,-1.04,-0.61,0.00,34.40
2047,42127898,-530.76,-862.30,61.52,-0.85,-0.73,-0.06,34.50
2048,42131955,-537.11,-869.14,61.04,-0.98,-0.98,0.18,34.21
2049,42136005,-532.71,-863.28,59.08,-0.73,-0.85,0.06,34.64
2050,42141799,-527.34,-861.82,59.57,-0.91,-0.61,0.30,34.21
2051,42145848,-535.64,-864.75,57.62,-0.85,-0.79,0.18,34.36
2052,42149898,-536.13,-865.23,62.50,-0.73,-0.91,0.30,34.55
2053,42153955,-530.76,-863.28,58.59,-0.73,-0.67,0.00,34.55
2054,42159799,-530.27,-860.84,54.69,-0.85,-0.67,0.30,34.69
2055,42163848,-539.06,-870.12,55.18,-0.61,-0.73,0.49,34.40
2056,42167898,-530.27,-862.30,57.13,-0.85,-0.79,0.49,34.55
2057,42171955,-536.62,-863.28,56.64,-0.79,-0.67,0.43,34.40
2058,42176005,-541.99,-867.68,57.62,-0.79,-0.73,0.61,34.31
2059,42181799,-530.76,-868.16,62.50,-0.55,-0.73,0.73,34.40
2060,42185848,-534.67,-863.77,62.50,-0.79,-0.49,0.49,34.40
2061,42189898,-536.13,-867.19,60.55,-0.91,-0.73,0.67,34.36
2062,42193955,-539.55,-869.14,58.59,-0.98,-0.85,0.37,34.50
2063,42198005,-538.09,-860.84,61.52,-1.10,-0.73,0.18,34.83
2064,42203799,-531.25,-859.86,62.99,-0.85,-0.79,0.06,34.55
2065,42207848,-537.11,-870.61,57.62,-0.79,-0.79,0.24,34.64
2066,42211898,-537.60,-866.70,61.52,-0.61,-0.79,0.12,34.31
2067,42215955,-533.20,-866.70,56.64,-1.04,-0.79,0.00,34.55
2068,42220005,-539.55,-865.72,55.18,-0.85,-0.79,0.00,34.55
2069,42225799,-539.55,-867.19,55.66,-0.91,-0.67,0.00,34.64
2070,42229848,-533.20,-857.91,60.55,-0.98,-0.61,0.06,34.50
2071,42233898,-532.23,-864.26,59.57,-1.04,-0.55,0.00,34.64
2072,42237955,-534.18,-867.19,56.64,-0.73,-0.91,0.30,34.64
2073,42242005,-530.76,-864.26,58.11,-0.73,-0.67,0.18,34.64
2074,42247799,-531.74,-860.35,62.01,-0.85,-0.49,0.24,34.69
2075,42251848,-534.18,-868.65,58.11,-0.79,-0.73,0.24,34.69
2076,42255898,-532.71,-863.77,62.01,-0.79,-0.73,0.37,34.40
2077,42259955,-529.30,-860.84,63.48,-0.55,-0.85,0.30,34.50
2078,42264005,-530.76,-867.68,59.08,-0.73,-0.79,0.55,34.40
2079,42269799,-540.04,-867.19,59.08,-0.79,-0.67,0.61,34.64
2080,42273848,-533.20,-858.89,61.04,-0.49,-0.98,0.49,34.50
2081,42277898,-535.16,-864.26,59.08,-0.85,-0.73,0.55,34.64
2082,42281955,-535.16,-864.26,58.59,-0.91,-0.79,0.30,34.40
2083,42286005,-532.23,-860.84,60.06,-0.67,-0.79,0.67,34.64
2084,42291799,-537.11,-861.33,58.59,-0.73,-0.79,0.43,34.40
2085,42295848,-539.55,-866.70,57.62,-0.91,-0.73,0.24,34.40
2086,42299898,-528.81,-862.79,57.13,-0.85,-0.79,0.30,34.64
2087,42303955,-530.76,-862.30,61.04,-1.04,-0.79,0.24,34.02
2088,42308005,-534.18,-863.77,57.62,-0.98,-0.73,0.18,34.83
2089,42313799,-539.55,-866.21,62.99,-0.73,-0.91,0.18,34.64
2090,42317848,-532.71,-860.84,57.62,-0.79,-0.98,0.06,34.64
2091,42321898,-536.62,-864.75,55.66,-0.85,-0.73,0.30,34.55
2092,42325955,-537.11,-866.21,58.11,-0.61,-0.79,0.37,34.21
2093,42330005,-531.74,-862.79,53.71,-1.04,-0.73,0.12,34.40
2094,42335799,-531.74,-864.26,58.59,-0.91,-0.67,0.18,34.16
2095,42339848,-535.16,-865.23,57.62,-0.85,-0.67,0.30,34.88
2096,42343898,-530.76,-868.16,59.08,-0.61,-0.91,0.24,34.55
2097,42347955,-534.18,-860.84,61.04,-0.85,-0.91,0.49,34.55
2098,42352005,-532.23,-866.70,58.59,-1.04,-0.67,0.43,34.40
2099,42357799,-530.76,-864.75,59.57,-0.73,-0.67,0.18,34.40
2100,42361848,-529.30,-865.72,60.55,-1.10,-0.55,0.24,34.50
2101,42365898,-535.16,-863.77,58.59,-0.85,-0.73,0.18,34.21
2102,42369955,-535.64,-867.68,55.66,-0.85,-0.79,0.06,34.40
2103,42375799,-538.57,-866.70,56.64,-0.85,-0.73,0.00,34.50
2104,42379848,-529.30,-864.26,59.08,-0.79,-0.61,0.24,34.64
2105,42383898,-535.16,-872.07,59.57,-0.98,-0.98,0.12,34.40
2106,42387955,-532.71,-866.21,60.06,-0.73,-0.91,0.24,34.50
2107,42392005,-531.74,-865.72,56.64,-0.91,-0.73,0.06,34.31
2108,42396054,-528.81,-863.28,58.59,-0.98,-0.73,-0.18,34.50
2109,42401799,-535.16,-865.23,55.18,-0.79,-0.73,0.00,34.31
2110,42405848,-531.74,-865.23,58.11,-0.91,-0.61,0.12,34.02
2111,42409898,-538.09,-863.28,60.06,-0.91,-0.61,0.37,34.40
2112,42413955,-538.57,-867.19,58.11,-0.73,-0.85,0.43,34.50
2113,42419799,-538.57,-865.23,63.48,-0.79,-0.49,0.18,34.50
2114,42423848,-532.23,-863.28,62.99,-0.91,-0.79,0.24,34.40
2115,42427898,-537.11,-871.09,59.08,-0.79,-0.61,0.37,34.36
2116,42431955,-535.64,-873.54,63.48,-0.67,-0.67,0.24,34.50
2117,42436005,-532.23,-863.28,61.04,-0.98,-0.61,0.24,34.55
2118,42441799,-531.74,-861.33,59.57,-1.04,-0.79,0.30,34.36
2119,42445848,-537.60,-868.65,58.11,-0.61,-0.98,0.06,34.36
2120,42449898,-536.62,-862.79,59.57,-0.91,-0.91,0.18,34.31
2121,42453955,-530.76,-862.30,59.57,-0.73,-0.67,0.37,34.40
2122,42458005,-535.64,-868.16,61.52,-0.79,-0.73,0.49,34.40
2123,42463799,-539.06,-869.14,60.06,-0.61,-0.67,0.18,34.64
2124,42467848,-531.25,-860.35,60.55,-0.91,-0.55,0.30,34.55
2125,42471898,-532.71,-867.19,60.06,-0.73,-0.67,0.43,34.50
2126,42475955,-536.62,-867.68,60.06,-0.37,-0.49,0.30,34.40
2127,42480005,-536.13,-861.82,60.55,-0.85,-0.79,0.37,34.69
2128,42485799,-530.27,-862.79,58.59,-1.10,-0.55,0.06,34.40
2129,42489848,-538.57,-869.14,58.11,-0.85,-0.67,0.12,34.64
2130,42493898,-532.71,-860.84,60.55,-0.67,-0.91,0.18,34.36
2131,42497955,-533.20,-857.91,60.06,-0.91,-0.73,-0.18,34.31
2132,42502005,-533.69,-867.19,62.50,-0.98,-0.85,0.18,34.64
2133,42507799,-539.06,-869.14,60.55,-1.04,-0.85,0.18,34.50
2134,42511848,-532.71,-863.28,59.57,-0.91,-0.85,0.00,34.40
2135,42515898,-529.79,-861.82,57.62,-1.04,-0.67,0.06,34.64
2136,42519955,-535.16,-870.61,60.55,-0.91,-0.85,0.18,34.50
2137,42524005,-534.67,-863.28,60.55,-0.91,-0.61,0.18,34.64
2138,42529799,-534.18,-862.30,59.57,-1.22,-0.91,0.18,34.50
2139,42533848,-535.16,-867.19,59.08,-0.91,-0.98,0.06,34.40
2140,42537898,-538.57,-861.82,62.01,-0.67,-1.04,0.12,34.50
2141,42541955,-532.23,-858.89,60.55,-0.85,-0.61,0.06,34.21
2142,42546005,-533.69,-864.26,61.04,-0.73,-0.67,0.06,34.50
2143,42551799,-535.64,-868.65,55.66,-0.73,-0.79,0.18,34.55
2144,42555848,-529.30,-859.37,60.55,-0.55,-0.85,0.30,34.40
2145,42559898,-531.74,-863.77,59.57,-0.73,-0.91,0.24,34.74
2146,42563955,-535.64,-869.14,60.55,-0.85,-0.43,0.30,34.31
2147,42568005,-540.04,-862.30,63.48,-0.85,-0.43,0.18,34.40
2148,42573799,-529.79,-864.26,62.99,-0.91,-0.55,0.24,34.64
2149,42577848,-537.60,-867.68,61.04,-0.98,-0.49,0.24,34.40
2150,42581898,-540.04,-865.23,61.04,-0.79,-0.73,0.43,34.69
2151,42585955,-534.67,-860.35,58.11,-0.98,-0.55,0.12,34.40
2152,42590005,-534.18,-863.28,60.55,-1.10,-0.61,0.43,34.64
2153,42595799,-537.60,-865.72,58.11,-0.85,-0.79,0.61,34.36
2154,42599848,-531.25,-864.26,62.01,-0.73,-0.55,0.49,34.40
2155,42603898,-533.69,-863.77,59.08,-0.67,-0.91,0.37,34.50
2156,42607955,-533.69,-866.21,57.13,-0.91,-0.67,0.18,34.40
2157,42613799,-531.74,-864.26,58.59,-0.67,-0.91,0.37,34.50
2158,42617848,-530.76,-865.72,60.55,-0.91,-0.85,0.30,34.55
2159,42621898,-536.13,-862.30,61.04,-1.04,-0.61,0.12,34.50
2160,42625955,-533.20,-863.28,56.64,-0.73,-0.67,0.49,34.55
2161,42630005,-535.16,-862.30,63.48,-0.91,-0.73,0.30,34.40
2162,42635799,-531.74,-863.77,57.62,-0.79,-0.79,0.43,34.64
2163,42639848,-536.13,-871.58,54.69,-0.79,-0.85,0.43,34.36
2164,42643898,-536.13,-866.70,56.15,-0.85,-0.67,0.12,34.55
2165,42647955,-531.74,-866.70,61.52,-0.85,-0.79,0.00,34.50
2166,42652005,-533.69,-869.63,59.57,-0.98,-0.67,0.00,34.69
2167,42657799,-533.69,-863.28,63.48,-0.73,-0.73,-0.06,34.64
2168,42661848,-536.13,-867.19,60.06,-0.85,-1.10,0.12,34.55
2169,42665898,-537.60,-868.65,59.08,-0.85,-0.67,-0.12,34.02
2170,42669955,-536.13,-870.12,57.62,-0.79,-0.91,-0.06,34.50
2171,42674005,-533.69,-866.21,56.15,-0.85,-0.73,-0.12,34.31
2172,42679799,-533.20,-861.82,58.59,-0.79,-0.73,0.06,34.64
2173,42683848,-534.18,-866.70,57.13,-0.73,-0.85,0.12,34.64
2174,42687898,-531.74,-867.19,57.13,-0.67,-0.85,0.12,34.64
2175,42691955,-531.25,-862.30,56.64,-0.85,-0.79,0.43,34.64
2176,42696005,-535.64,-868.65,53.71,-0.73,-0.73,0.06,34.40
2177,42701799,-535.16,-864.75,60.06,-0.91,-0.61,0.49,34.50
2178,42705848,-530.76,-858.40,60.06,-0.91,-0.55,0.24,34.50
2179,42709898,-535.64,-870.12,59.57,-1.04,-0.67,0.37,34.55
2180,42713955,-536.13,-867.68,65.43,-0.73,-0.73,0.37,34.40
2181,42718005,-529.30,-862.30,62.99,-0.79,-0.91,0.24,34.50
2182,42723799,-533.69,-862.30,60.55,-1.10,-0.91,0.61,34.40
2183,42727848,-535.16,-865.72,59.08,-0.67,-0.61,0.30,34.36
2184,42731898,-531.25,-859.37,58.59,-0.79,-0.61,0.37,34.40
2185,42735955,-530.27,-857.42,61.04,-0.85,-0.91,0.49,34.36
2186,42740005,-537.60,-865.72,56.64,-1.04,-0.55,0.24,34.40
2187,42745799,-536.62,-868.16,58.11,-0.98,-0.73,0.30,34.69
2188,42749848,-532.23,-859.86,59.08,-0.67,-0.61,0.18,34.40
2189,42753898,-536.13,-871.09,56.15,-0.98,-0.85,0.43,34.31
2190,42757955,-538.57,-867.19,61.04,-0.73,-0.55,0.37,34.36
2191,42762005,-530.27,-862.79,61.04,-1.04,-0.67,0.43,34.50
2192,42767799,-530.27,-861.82,60.55,-1.04,-0.79,0.12,34.55
2193,42771848,-537.60,-871.09,57.13,-0.73,-0.73,0.12,34.64
2194,42775898,-534.67,-866.70,61.04,-0.85,-0.61,0.37,34.21
2195,42779955,-529.30,-859.86,62.99,-0.85,-0.61,0.12,34.21
2196,42784005,-532.71,-865.23,59.57,-0.85,-0.67,0.37,34.40
2197,42789799,-533.20,-871.09,54.20,-0.61,-0.43,0.37,34.50
2198,42793848,-530.27,-859.37,59.08,-0.79,-0.73,0.00,34.50
2199,42797898,-530.76,-865.23,60.55,-0.79,-0.61,0.12,34.64
2200,42801955,-536.62,-868.16,57.62,-0.79,-0.73,0.37,34.64
2201,42806005,-536.62,-865.72,59.57,-0.85,-0.61,0.12,34.40
2202,42811799,-535.16,-864.26,58.59,-0.98,-0.67,0.12,34.64
2203,42815848,-534.67,-865.23,55.18,-0.73,-0.55,0.12,34.21
2204,42819898,-534.67,-863.77,58.59,-0.61,-0.61,0.12,34.50
2205,42823955,-534.18,-860.35,58.59,-0.85,-0.61,0.00,34.31
2206,42829799,-533.69,-861.33,60.55,-0.85,-0.98,0.24,34.50
2207,42833848,-540.53,-870.61,58.59,-0.61,-0.79,0.24,34.40
2208,42837898,-534.67,-860.84,61.52,-0.79,-0.55,0.43,34.21
2209,42841955,-532.23,-864.26,56.64,-0.98,-0.79,0.43,34.69
2210,42846005,-535.64,-866.70,59.08,-0.73,-0.79,0.43,34.55
2211,42851799,-538.57,-866.70,60.06,-0.67,-0.67,0.30,34.74
2212,42855848,-533.69,-857.42,55.66,-1.04,-0.67,0.37,34.50
2213,42859898,-532.71,-868.16,59.57,-0.85,-0.61,0.24,34.12
2214,42863955,-534.67,-867.19,63.96,-0.55,-0.61,0.61,34.50
2215,42868005,-530.27,-861.82,60.06,-0.91,-0.73,0.37,34.40
2216,42873799,-531.25,-862.79,60.06,-0.79,-0.85,0.30,34.50
2217,42877848,-535.16,-864.75,57.62,-0.79,-0.91,0.24,34.21
2218,42881898,-535.64,-862.79,61.04,-0.67,-0.79,0.49,34.31
2219,42885955,-530.27,-864.26,57.62,-1.10,-0.91,0.12,34.31
2220,42890005,-536.62,-865.23,56.64,-0.79,-0.85,0.24,34.55
2221,42895799,-537.11,-868.16,57.13,-0.67,-0.73,0.43,34.31
2222,42899848,-532.71,-860.84,60.06,-1.04,-0.73,0.30,34.40
2223,42903898,-532.23,-863.77,57.62,-0.98,-0.73,0.18,34.50
2224,42907955,-533.20,-874.02,62.01,-0.79,-0.79,0.18,34.55
2225,42912005,-535.64,-864.26,62.01,-0.79,-0.55,0.30,34.40
2226,42917799,-531.25,-862.30,63.48,-0.91,-0.55,0.30,34.55
2227,42921848,-535.16,-863.28,56.64,-0.91,-0.73,0.06,34.36
2228,42925898,-532.71,-866.70,58.59,-0.73,-0.67,0.06,34.36
2229,42929955,-530.27,-859.86,57.62,-1.10,-0.73,0.30,34.64
2230,42934005,-532.23,-864.75,59.57,-1.10,-0.67,0.18,34.40
2231,42939799,-534.67,-865.72,61.52,-0.79,-0.67,0.37,34.36
2232,42943848,-530.76,-862.30,57.13,-0.91,-0.61,0.49,34.36
2233,42947898,-536.13,-865.72,57.62,-0.91,-0.73,0.12,34.40
2234,42951955,-534.18,-869.63,56.64,-0.85,-0.61,0.30,34.31
2235,42956005,-536.13,-865.72,60.06,-0.61,-0.61,0.24,34.64
2236,42961799,-532.23,-864.75,60.06,-0.73,-0.85,0.12,34.64
2237,42965848,-535.64,-865.72,56.64,-1.10,-0.85,0.06,34.55
2238,42969898,-537.60,-863.77,57.62,-0.85,-0.73,0.06,34.50
2239,42973955,-535.64,-861.33,60.06,-0.67,-0.61,-0.18,34.31
2240,42978005,-530.76,-859.86,61.52,-0.91,-0.67,0.12,34.50
2241,42983799,-536.13,-871.58,62.99,-0.79,-0.98,0.24,34.21
2242,42987848,-535.16,-863.77,57.62,-0.61,-0.67,0.37,34.50
2243,42991898,-534.18,-864.75,56.15,-0.98,-0.61,0.43,34.31
2244,42995955,-541.99,-867.19,63.96,-1.10,-0.61,0.49,34.31
2245,43000005,-533.20,-869.14,58.11,-0.73,-0.91,0.67,34.40
2246,43005799,-533.20,-863.28,61.52,-0.79,-0.67,0.79,34.64
2247,43009848,-537.11,-868.65,60.06,-0.61,-0.43,0.61,34.40
2248,43013898,-538.09,-867.68,58.59,-0.79,-0.67,0.55,34.50
2249,43017955,-532.71,-863.77,64.45,-0.91,-0.55,0.73,34.64
2250,43022005,-532.71,-863.77,58.59,-0.98,-0.67,0.79,34.69
2251,43027799,-537.11,-864.26,59.57,-0.85,-0.85,0.85,34.74
2252,43031848,-533.20,-865.23,59.57,-0.73,-0.61,0.67,34.36
2253,43035898,-534.67,-865.72,59.08,-0.67,-0.67,0.79,34.40
2254,43039955,-537.60,-864.26,56.15,-0.98,-0.79,0.49,34.64
2255,43045799,-538.09,-862.30,61.52,-0.85,-0.73,0.43,34.36
2256,43049848,-535.16,-859.37,56.64,-0.73,-0.67,0.18,34.40
2257,43053898,-534.18,-865.72,59.57,-0.73,-0.73,0.18,34.64
2258,43057955,-538.57,-864.75,58.11,-0.98,-0.73,0.06,34.50
2259,43062005,-534.18,-864.26,59.08,-0.79,-0.79,0.24,34.36
2260,43066054,-529.79,-859.37,60.06,-0.91,-0.49,0.18,34.40
2261,43071799,-537.11,-865.23,60.06,-0.73,-0.79,0.30,34.21
2262,43075848,-534.18,-864.26,60.55,-0.73,-0.67,0.37,34.31
2263,43079898,-528.81,-863.28,60.55,-0.85,-0.61,0.43,34.50
2264,43083955,-534.18,-864.75,58.11,-0.55,-0.55,0.49,34.40
2265,43089799,-534.67,-864.75,61.04,-0.73,-0.79,0.37,34.64
2266,43093848,-531.25,-861.33,57.62,-0.91,-0.73,0.49,34.50
2267,43097898,-533.69,-862.79,55.66,-0.98,-0.73,0.67,34.31
2268,43101955,-539.55,-869.14,57.13,-0.73,-0.61,0.55,34.50
2269,43106005,-534.67,-860.84,57.62,-0.79,-0.73,0.37,34.40
