seq,timestamp_us,ax_mg,ay_mg,az_mg,gx_dps,gy_dps,gz_dps,temp_c
0,58943908,-919.92,192.87,305.66,-2.99,1.22,-1.77,33.25
1,58947972,-919.92,192.87,305.66,-2.74,1.28,-0.79,33.49
2,58952022,-931.15,195.80,309.08,-2.50,1.04,0.00,33.25
3,58956071,-931.64,203.12,314.45,-1.95,1.10,0.79,33.11
4,58960121,-932.62,209.96,312.01,-1.89,0.73,1.40,33.35
5,58964170,-925.78,214.36,314.45,-2.01,0.24,1.22,33.25
6,58968220,-926.27,222.17,314.45,-2.01,0.24,1.10,33.11
7,58973760,-925.29,227.54,316.89,-2.20,0.18,0.79,33.30
8,58977809,-925.29,232.91,320.31,-2.38,0.06,0.18,33.16
9,58981859,-920.41,235.35,315.43,-2.32,0.00,-0.12,33.35
10,58985916,-926.27,229.49,312.99,-2.62,0.06,-0.61,33.64
11,58991760,-923.34,221.68,313.48,-2.68,-0.18,-1.22,33.11
12,58995809,-925.29,214.84,311.04,-2.50,-0.37,-1.22,33.30
13,58999859,-921.87,206.54,311.52,-2.26,-0.91,-1.46,33.44
14,59003916,-919.43,204.10,311.04,-2.07,-0.98,-1.22,33.44
15,59007965,-921.87,199.22,310.06,-2.07,-0.79,-0.79,33.49
16,59013760,-924.80,194.82,306.15,-1.77,-1.28,-0.55,33.35
17,59017809,-924.32,188.48,311.52,-1.46,-1.52,0.24,33.06
18,59021859,-928.22,196.78,309.57,-1.34,-1.77,0.67,33.35
19,59025916,-925.78,196.78,309.57,-1.34,-1.83,1.04,33.44
20,59029965,-926.76,193.36,310.06,-0.91,-2.07,1.28,33.44
21,59035760,-924.32,197.27,310.55,-0.85,-2.07,1.59,33.11
22,59039809,-919.43,194.82,310.55,-1.04,-1.83,1.83,32.97
23,59043859,-922.85,192.38,315.43,-0.79,-2.13,2.07,33.35
24,59047916,-922.85,194.34,316.89,-0.61,-2.07,2.07,33.49
25,59051965,-923.83,199.71,316.89,-0.67,-1.77,2.44,33.35
26,59057760,-922.36,201.17,315.43,-0.61,-1.77,2.44,33.16
27,59061809,-925.78,207.52,314.45,-0.55,-1.65,2.26,33.25
28,59065859,-929.20,210.45,310.55,-0.55,-1.40,2.07,33.35
29,59069916,-927.73,208.01,312.01,-0.55,-1.28,1.71,33.35
30,59073965,-926.27,201.17,308.11,-0.67,-1.28,1.40,33.30
31,59079760,-926.27,194.34,304.69,-0.30,-1.10,1.40,33.30
32,59083809,-934.57,187.01,306.64,-0.12,-0.79,1.71,33.49
33,59087859,-933.59,185.55,302.25,-0.18,-1.04,2.07,33.49
34,59091916,-935.55,185.55,299.32,0.18,-0.73,2.07,33.25
35,59095965,-937.99,192.87,299.32,0.18,-0.79,2.20,33.25
36,59101760,-929.69,199.71,296.88,0.24,-0.73,2.07,33.44
37,59105809,-933.11,201.17,296.88,0.12,-0.30,1.59,33.35
38,59109859,-935.06,200.20,302.73,0.18,-0.30,1.04,33.49
39,59113916,-937.01,199.71,297.85,0.06,0.12,0.79,33.44
40,59117965,-931.15,198.73,295.90,-0.06,0.24,0.55,33.25
41,59123760,-933.59,199.22,298.34,0.00,0.18,0.24,33.44
42,59127809,-938.96,201.66,303.71,0.18,0.37,0.12,33.44
43,59131859,-936.04,173.34,308.59,-0.06,0.91,0.12,33.06
44,59135916,-946.29,207.52,296.88,0.61,0.24,-0.37,33.44
45,59139965,-937.99,198.73,313.48,0.00,1.71,-0.24,33.44
46,59145760,-959.47,197.27,313.48,0.30,0.49,-0.55,33.49
47,59149809,-939.94,208.50,317.87,0.61,2.20,-1.04,33.44
48,59153859,-937.01,208.50,315.43,0.18,1.77,-1.40,33.25
49,59157916,-935.55,203.61,322.75,-0.12,2.01,-2.01,33.44
50,59163760,-940.92,195.80,320.80,0.61,1.83,-2.07,33.35
51,59167809,-936.52,202.15,316.41,0.55,1.95,-1.77,33.44
52,59171859,-937.99,200.20,318.85,0.37,2.07,-1.34,33.30
53,59175916,-928.22,204.10,318.36,0.24,2.01,-1.59,33.25
54,59179965,-931.64,202.64,315.92,0.00,2.01,-1.46,33.49
55,59185760,-928.71,194.34,316.89,0.43,2.26,-1.10,33.44
56,59189809,-918.46,195.80,314.94,0.67,2.07,-0.61,33.35
57,59193859,-923.83,197.75,316.41,0.67,2.01,-0.49,33.44
58,59197916,-923.83,202.15,315.92,0.85,1.95,0.06,33.25
59,59201965,-921.39,208.50,319.82,0.49,1.71,0.12,33.35
60,59207760,-921.87,209.47,316.89,0.55,1.89,0.00,33.25
61,59211809,-922.36,213.87,321.78,0.49,1.89,0.24,33.49
62,59215859,-920.41,209.47,317.38,0.37,1.95,0.30,33.59
63,59219916,-918.95,217.29,320.80,0.49,2.07,0.24,33.35
64,59223965,-923.83,218.75,318.36,0.00,1.59,0.85,33.44
65,59229760,-920.41,215.82,323.73,0.00,1.65,0.91,33.35
66,59233809,-917.48,219.24,318.85,0.00,1.59,0.85,33.35
67,59237859,-921.39,218.26,318.36,-0.37,1.71,0.91,33.49
68,59241916,-921.39,217.29,318.85,-0.55,1.83,0.73,33.49
69,59245965,-921.39,218.26,322.27,-0.30,1.71,0.91,33.49
70,59251760,-922.36,211.43,318.36,-0.55,1.83,0.98,33.16
71,59255809,-923.83,215.82,315.92,-0.67,1.52,1.10,33.11
72,59259859,-922.36,215.82,319.82,-0.37,1.40,1.22,33.44
73,59263916,-920.90,210.94,314.94,-0.85,1.46,1.22,33.44
74,59267965,-924.80,215.33,319.34,-1.04,1.46,1.04,33.11
75,59273760,-929.20,211.43,315.43,-1.10,1.59,1.22,33.11
76,59277809,-933.59,215.33,317.38,-1.28,1.16,1.10,33.11
77,59281859,-935.06,213.87,315.43,-1.16,1.04,1.04,33.35
78,59285916,-939.45,211.91,312.99,-0.91,0.67,1.16,33.35
79,59289965,-937.01,207.52,313.48,-1.28,0.61,1.40,33.25
80,59295760,-938.96,215.33,314.94,-1.34,0.43,1.40,33.30
81,59299809,-935.55,214.36,314.94,-1.52,0.12,1.52,33.25
82,59303859,-941.89,214.84,315.92,-1.28,-0.06,1.46,33.44
83,59307916,-941.41,214.84,320.31,-1.10,-0.24,1.40,33.44
84,59311965,-935.55,215.82,314.94,-1.71,-0.30,1.16,33.25
85,59317760,-936.04,219.24,319.82,-1.65,-0.37,1.22,33.35
86,59321809,-935.55,212.40,322.27,-1.59,-0.61,1.04,33.49
87,59325859,-935.06,216.31,318.85,-1.52,-0.73,1.22,33.64
88,59329916,-942.38,212.89,319.34,-1.65,-0.67,1.16,33.35
89,59333965,-943.85,212.89,315.43,-1.83,-0.98,1.04,33.49
90,59339760,-947.27,209.96,312.99,-2.32,-0.91,1.16,33.25
91,59343809,-947.27,213.38,316.41,-2.32,-0.91,1.10,33.49
92,59347859,-953.61,208.98,312.99,-2.38,-1.22,1.22,33.16
93,59351916,-952.15,208.50,313.48,-2.50,-1.22,1.22,33.30
94,59355965,-954.10,208.01,317.87,-2.44,-1.52,1.40,33.25
95,59361760,-950.20,204.59,317.38,-2.56,-1.89,1.59,33.44
96,59365809,-949.22,201.66,317.87,-2.68,-2.01,1.59,33.49
97,59369859,-942.87,207.52,312.50,-2.56,-1.95,1.89,33.30
98,59373916,-937.50,206.05,314.94,-2.68,-1.77,1.71,33.64
99,59379760,-941.89,207.03,314.45,-2.93,-2.01,1.52,33.30
100,59383809,-939.45,213.38,310.55,-3.23,-2.13,1.83,33.35
101,59387859,-939.45,216.80,308.11,-3.23,-2.07,1.52,33.16
102,59391916,-941.41,213.38,313.96,-3.29,-2.13,1.28,33.25
103,59395965,-938.96,209.96,313.48,-3.66,-2.13,1.28,33.49
104,59400015,-945.31,208.50,310.06,-3.72,-2.13,1.28,33.30
105,59405760,-940.43,203.12,312.50,-3.54,-2.32,1.28,33.35
106,59409809,-945.80,204.10,308.59,-3.66,-2.32,1.40,33.59
107,59413859,-945.80,203.12,311.04,-3.84,-2.20,1.40,33.49
108,59417916,-936.52,205.57,311.52,-3.72,-2.50,1.52,33.49
109,59423760,-937.50,200.20,314.94,-3.84,-2.56,1.40,33.25
110,59427809,-939.94,198.73,316.41,-3.78,-2.74,1.52,33.59
111,59431859,-937.99,202.15,314.45,-3.60,-2.50,1.59,33.49
112,59435916,-935.06,197.27,317.38,-3.48,-2.80,1.46,33.16
113,59439965,-926.76,203.12,313.96,-3.41,-2.87,1.59,33.59
114,59445760,-920.41,200.68,313.48,-3.54,-2.50,1.77,33.16
115,59449809,-921.87,206.05,312.99,-3.35,-2.50,1.83,33.35
116,59453859,-920.41,203.61,312.50,-3.29,-2.38,1.34,33.35
117,59457916,-919.43,200.20,314.45,-3.23,-2.32,1.46,33.30
118,59461965,-922.36,204.59,315.43,-3.35,-2.20,1.34,33.35
119,59467760,-921.39,201.66,315.92,-2.99,-2.13,0.98,33.30
120,59471809,-918.95,202.64,313.48,-3.17,-1.95,0.91,33.11
121,59475859,-921.87,204.59,312.01,-3.29,-1.59,0.79,33.25
122,59479916,-925.78,203.61,313.48,-3.05,-1.59,0.98,33.25
123,59483965,-925.78,200.68,309.57,-3.29,-1.46,0.61,33.44
124,59489760,-924.80,203.12,312.50,-3.11,-1.46,0.30,33.30
125,59493809,-922.36,204.10,312.50,-3.11,-1.34,0.79,33.35
126,59497859,-929.69,206.54,310.06,-3.23,-1.59,0.73,33.35
127,59501916,-932.13,209.96,309.08,-3.05,-1.40,1.10,33.44
128,59505965,-933.11,210.45,306.15,-3.17,-1.59,1.22,33.25
129,59511760,-932.62,211.91,303.22,-3.54,-1.65,1.04,33.16
130,59515809,-937.01,207.03,305.66,-3.48,-1.59,1.40,32.97
131,59519859,-932.62,205.08,308.11,-3.60,-1.77,1.65,33.16
132,59523916,-934.57,204.10,307.62,-3.66,-1.71,2.26,33.44
133,59527965,-937.99,208.98,307.62,-3.35,-1.83,2.38,33.16
134,59533760,-933.59,212.40,309.08,-3.29,-1.65,2.74,33.30
135,59537809,-937.50,217.77,303.22,-3.60,-1.65,2.74,33.35
136,59541859,-933.59,212.40,311.52,-3.90,-1.77,2.56,33.35
137,59545916,-935.55,203.61,315.43,-3.96,-1.95,2.87,33.35
138,59549965,-935.55,202.64,314.94,-3.96,-1.83,3.23,33.06
139,59555760,-942.38,200.20,314.94,-3.90,-2.01,3.72,33.35
140,59559809,-942.87,202.64,314.94,-3.84,-2.26,4.15,33.35
141,59563859,-946.29,198.24,314.45,-3.72,-2.26,4.27,33.49
142,59567916,-941.89,200.20,318.36,-3.29,-2.20,4.88,33.44
143,59571965,-949.22,197.27,315.43,-2.87,-2.38,5.37,33.35
144,59577760,-954.59,200.20,315.92,-2.62,-2.87,5.55,33.35
145,59581809,-962.40,198.73,312.99,-2.44,-3.23,5.79,33.44
146,59585859,-961.43,203.61,312.50,-2.44,-3.72,5.79,33.16
147,59589916,-961.91,201.17,316.41,-2.07,-3.90,5.79,33.59
148,59593965,-965.33,202.64,313.96,-1.83,-4.21,5.79,33.35
149,59599760,-964.84,199.22,311.52,-1.71,-4.45,5.61,33.35
150,59603809,-974.61,188.96,312.99,-1.34,-5.30,6.04,33.35
151,59607859,-970.21,193.36,313.48,-1.04,-5.91,6.16,33.30
152,59611916,-965.82,194.82,320.80,-0.85,-6.65,6.71,33.68
153,59617760,-965.82,196.78,319.34,-0.67,-7.20,7.07,33.44
154,59621809,-966.31,197.75,314.94,-0.18,-7.80,7.13,33.49
155,59625859,-963.38,207.52,316.89,-0.12,-7.99,7.26,33.49
156,59629916,-963.87,204.10,320.80,0.06,-8.23,6.95,33.30
157,59633965,-962.40,200.68,320.80,0.55,-8.35,6.95,33.30
158,59639760,-967.77,205.57,320.31,0.55,-9.09,6.83,33.25
159,59643809,-969.24,207.52,319.82,0.61,-9.39,6.52,33.25
160,59647859,-973.14,213.87,312.01,0.85,-9.76,6.22,33.30
161,59651916,-979.49,212.89,312.50,0.67,-10.06,5.85,33.30
162,59655965,-977.05,213.38,315.92,0.79,-10.49,5.61,33.59
163,59661760,-981.93,211.91,310.55,0.55,-10.79,5.12,33.25
164,59665809,-985.84,205.57,311.04,0.73,-11.65,4.57,33.44
165,59669859,-991.21,195.80,301.27,0.30,-12.07,4.70,33.16
166,59673916,-996.58,187.50,304.20,0.61,-12.62,4.82,33.59
167,59677965,-1002.93,182.62,298.83,1.10,-13.05,5.00,33.35
168,59683760,-1002.93,177.25,300.78,0.79,-14.02,5.67,33.35
169,59687809,-1009.77,167.97,294.92,1.22,-14.39,6.28,33.25
170,59691859,-1007.81,168.95,295.41,1.22,-15.00,7.01,33.35
171,59695916,-1008.30,155.76,301.27,1.22,-15.18,7.99,33.49
172,59699965,-1008.79,156.74,306.15,0.91,-15.61,8.84,33.11
173,59705760,-1006.84,153.32,307.62,0.61,-15.79,10.06,33.25
174,59709809,-1011.23,146.48,304.20,0.24,-15.61,11.59,33.35
175,59713859,-1003.42,144.04,315.43,-0.49,-15.00,12.32,33.44
176,59717916,-1006.84,138.67,325.20,-1.34,-14.94,13.41,33.16
177,59721965,-1006.84,138.67,327.64,-2.74,-13.78,14.45,33.06
178,59727760,-1006.84,137.21,338.38,-4.02,-12.68,15.12,33.11
179,59731809,-1006.35,137.21,355.96,-5.91,-10.67,16.10,33.11
180,59735859,-1006.84,136.23,370.12,-6.89,-9.63,15.98,33.25
181,59739916,-1015.62,128.91,370.12,-8.41,-7.87,16.46,33.49
182,59743965,-1021.00,118.16,372.07,-9.70,-6.46,17.26,33.11
183,59749760,-1018.07,116.21,379.39,-10.37,-5.49,18.29,33.25
184,59753809,-1012.21,131.35,387.70,-11.16,-3.05,19.51,33.35
185,59757859,-1010.25,136.72,379.88,-11.46,-2.07,19.94,33.25
186,59761916,-1010.74,147.46,385.74,-12.44,-0.91,20.12,33.44
187,59765965,-1008.79,157.23,381.84,-12.87,0.00,20.12,33.30
188,59771760,-1002.44,177.73,386.72,-13.48,1.10,19.70,33.59
189,59775809,-988.28,188.96,379.88,-15.00,1.95,19.09,33.35
190,59779859,-986.82,211.91,383.79,-15.43,2.56,18.05,33.44
191,59783916,-979.00,221.68,383.79,-16.04,3.29,16.65,33.35
192,59787965,-969.73,248.54,386.23,-16.95,3.90,14.57,33.44
193,59793760,-957.52,261.23,385.25,-18.23,4.57,12.50,33.59
194,59797809,-955.08,271.97,389.65,-19.88,5.00,9.39,33.35
195,59801859,-945.80,281.25,394.04,-20.73,5.49,7.26,33.35
196,59805916,-948.73,290.04,398.93,-22.26,6.28,4.51,33.44
197,59809965,-943.85,292.97,401.86,-23.29,6.59,1.65,33.44
198,59815760,-935.55,291.50,403.81,-24.63,7.07,-1.16,33.35
199,59819809,-934.08,286.13,406.25,-26.34,7.68,-4.09,33.25
200,59823859,-925.78,286.13,414.55,-27.38,8.11,-5.43,33.06
201,59827916,-926.27,275.88,419.92,-28.41,8.35,-6.95,33.35
202,59833760,-927.25,266.60,426.76,-29.15,8.72,-8.29,33.59
203,59837809,-935.06,266.60,428.71,-30.73,8.78,-9.21,33.49
204,59841859,-930.18,258.30,429.69,-31.83,8.66,-9.70,33.35
205,59845916,-930.18,252.44,437.01,-32.62,8.41,-9.21,33.30
206,59849965,-928.71,246.58,434.08,-33.60,8.78,-9.27,33.35
207,59854015,-926.27,242.19,439.94,-34.63,8.41,-8.54,33.30
208,59859760,-923.83,237.30,442.87,-35.43,8.35,-7.62,33.25
209,59863809,-916.02,233.40,452.64,-36.77,7.74,-5.73,33.35
210,59867859,-911.13,238.28,451.66,-37.38,7.62,-4.70,33.35
211,59871916,-905.27,242.19,444.82,-38.05,7.93,-3.66,33.25
212,59877760,-909.18,248.05,450.20,-39.15,7.74,-2.56,33.16
213,59881809,-909.18,248.05,452.15,-40.91,7.13,-0.91,33.44
214,59885859,-896.97,254.39,448.73,-42.13,6.52,0.30,33.49
215,59889916,-900.88,266.60,443.36,-43.41,6.22,0.98,33.35
216,59893965,-891.60,266.60,446.29,-45.24,6.04,2.13,33.35
217,59899760,-886.23,275.39,445.80,-46.46,5.43,3.41,33.44
218,59903809,-888.67,280.27,455.57,-48.29,5.24,4.21,33.35
219,59907859,-885.25,283.69,453.61,-49.82,4.57,4.88,33.35
220,59911916,-878.42,276.86,461.43,-50.85,4.45,5.61,33.44
221,59915965,-878.91,271.97,460.45,-52.20,4.21,6.65,33.16
222,59921760,-881.35,272.46,465.82,-53.23,3.66,8.11,33.59
223,59925809,-868.65,273.44,467.29,-54.70,3.23,10.00,33.25
224,59929859,-870.61,286.13,466.31,-55.91,3.29,11.40,33.68
225,59933916,-868.65,288.09,466.31,-57.26,3.29,12.93,33.49
226,59937965,-872.07,291.02,469.73,-58.60,2.74,14.09,33.44
227,59943760,-864.75,293.46,478.03,-60.30,3.17,15.00,33.35
228,59947809,-866.21,292.97,491.70,-62.38,3.48,16.34,33.25
229,59951859,-870.12,294.43,488.28,-63.96,3.60,17.13,33.64
230,59955916,-869.63,295.90,484.86,-65.91,3.72,17.62,33.35
231,59959965,-873.05,289.55,479.49,-68.05,4.15,18.84,33.30
232,59965760,-864.75,286.13,477.54,-70.18,4.33,20.06,33.25
233,59969809,-872.07,279.30,479.00,-72.68,5.24,21.65,33.25
234,59973859,-877.93,279.79,468.26,-74.57,5.00,22.56,33.49
235,59977916,-875.49,279.79,464.84,-76.71,5.43,23.72,33.64
236,59981965,-875.49,270.51,462.40,-78.90,5.61,24.94,33.11
237,59987760,-878.42,261.23,454.59,-81.16,5.55,26.40,33.44
238,59991809,-871.58,255.37,464.84,-82.99,6.04,28.54,33.49
239,59995859,-867.68,249.51,464.84,-83.90,6.34,29.82,33.44
240,59999916,-867.68,252.93,467.29,-85.00,6.65,31.22,33.11
241,60003965,-881.84,245.12,460.94,-86.28,6.71,33.41,33.25
242,60009760,-862.30,223.14,470.70,-87.26,6.95,35.85,33.44
243,60013809,-860.84,250.49,477.05,-87.20,8.54,38.54,33.44
244,60017859,-859.86,271.97,470.21,-87.80,8.96,39.51,33.35
245,60021916,-864.26,286.13,466.80,-88.96,9.33,39.70,33.35
246,60025965,-878.42,300.78,453.61,-90.85,9.94,39.76,33.35
247,60031760,-873.05,292.48,455.57,-92.50,10.06,40.12,33.35
248,60035809,-873.05,305.18,456.05,-94.33,11.04,40.06,33.44
249,60039859,-880.86,318.36,448.24,-95.30,11.71,39.57,33.11
250,60043916,-885.25,321.78,437.01,-97.32,12.26,38.72,33.44
251,60047965,-888.18,317.38,424.32,-99.51,12.68,37.62,33.49
252,60053760,-880.37,308.11,417.97,-101.10,12.74,36.65,33.30
253,60057809,-873.05,300.78,406.25,-102.56,13.48,35.98,33.44
254,60061859,-879.88,291.50,400.88,-103.72,13.29,35.12,33.25
255,60065916,-884.28,273.93,393.55,-104.76,13.35,34.33,33.49
256,60071760,-888.18,250.49,384.28,-105.49,12.74,34.09,33.59
257,60075809,-874.51,236.33,374.51,-105.67,12.62,35.06,33.35
258,60079859,-879.88,238.77,371.58,-105.30,12.38,36.04,33.64
259,60083916,-880.37,228.52,364.26,-105.24,12.26,36.28,33.30
260,60087965,-886.23,217.77,354.00,-105.18,11.71,37.07,33.64
261,60093760,-886.23,200.20,363.28,-104.57,11.10,38.54,33.59
262,60097809,-879.88,188.48,363.28,-102.44,10.79,40.43,33.49
263,60101859,-884.28,193.85,363.77,-101.16,10.30,41.65,33.49
264,60105916,-888.67,191.89,362.30,-100.00,10.18,42.68,33.35
265,60109965,-887.70,182.62,364.75,-99.09,9.51,44.39,33.35
266,60115760,-884.28,176.76,370.61,-97.56,8.72,46.22,33.44
267,60119809,-888.18,198.73,376.46,-95.24,8.48,48.05,33.30
268,60123859,-888.18,221.19,378.91,-94.09,8.48,48.54,33.44
269,60127916,-889.16,237.30,370.12,-93.72,8.05,49.02,33.11
270,60131965,-889.65,252.93,374.51,-93.35,7.87,48.72,33.44
271,60137760,-884.28,274.41,374.51,-92.80,8.48,47.44,33.59
272,60141809,-893.07,297.85,370.12,-92.99,8.96,44.15,33.16
273,60145859,-898.44,314.94,360.84,-93.78,9.15,41.65,33.49
274,60149916,-907.71,312.99,350.10,-94.09,9.39,38.05,33.44
275,60153965,-904.30,309.57,344.24,-94.57,9.27,34.94,33.25
276,60159760,-910.64,300.29,341.31,-94.39,9.51,31.52,33.16
277,60163809,-915.04,288.57,340.33,-94.45,9.09,27.93,33.11
278,60167859,-920.41,280.27,338.38,-94.33,8.72,25.85,33.59
279,60171916,-911.13,261.72,336.43,-93.96,7.80,23.96,33.44
280,60175965,-912.11,243.16,341.80,-92.62,7.32,22.87,33.30
281,60181760,-910.64,237.30,350.59,-91.95,6.77,22.50,33.35
282,60185809,-915.53,226.56,344.73,-90.67,6.46,21.71,33.06
283,60189859,-914.06,224.61,346.19,-90.12,5.91,21.34,33.35
284,60193916,-916.99,214.36,345.21,-89.33,5.43,21.52,33.44
285,60197965,-915.53,209.96,348.63,-88.60,4.70,21.71,33.16
286,60203760,-916.50,217.29,347.66,-87.93,4.45,21.77,33.16
287,60207809,-923.83,212.40,342.29,-87.32,3.96,22.01,33.35
288,60211859,-920.90,210.45,342.29,-87.07,3.60,21.95,33.35
289,60215916,-925.29,208.01,342.29,-86.65,3.29,22.01,33.35
290,60219965,-929.20,196.78,343.26,-86.16,2.13,22.01,33.11
291,60225760,-931.64,192.38,342.77,-86.16,1.04,22.32,33.59
292,60229809,-921.87,188.48,355.96,-85.49,0.73,23.11,33.49
293,60233859,-920.90,199.71,357.42,-85.12,0.24,23.41,33.44
294,60237916,-923.83,197.27,359.86,-84.39,-0.55,23.60,33.49
295,60241965,-914.55,186.52,368.65,-84.27,-1.22,23.60,33.30
296,60247760,-910.64,186.04,376.95,-83.72,-2.01,23.78,33.35
297,60251809,-904.79,172.36,380.37,-82.74,-2.62,24.27,33.35
298,60255859,-899.90,167.97,394.53,-82.07,-2.87,24.82,33.25
299,60259916,-893.07,172.85,406.74,-81.22,-2.99,25.24,33.64
300,60263965,-884.28,168.95,404.79,-80.30,-2.93,25.73,33.25
301,60269760,-884.77,168.46,405.76,-79.45,-2.87,26.22,33.30
302,60273809,-885.25,157.23,399.41,-79.27,-2.87,26.65,33.59
303,60277859,-882.81,153.81,410.16,-78.48,-2.74,27.20,33.35
304,60281916,-882.32,162.11,410.16,-77.68,-2.62,27.99,33.30
305,60287760,-883.30,178.71,406.25,-77.44,-2.01,28.41,33.35
306,60291809,-879.88,185.55,407.23,-77.26,-1.34,27.93,33.30
307,60295859,-886.72,189.45,403.32,-77.62,-1.10,27.13,33.25
308,60299916,-882.81,187.01,403.32,-78.23,-0.73,26.95,33.49
309,60303965,-882.81,187.50,407.23,-78.11,-0.61,26.65,33.49
310,60308015,-875.00,193.36,406.74,-78.17,0.12,25.79,33.35
311,60313760,-884.28,191.89,409.18,-78.72,0.55,25.00,33.35
312,60317809,-878.91,195.80,409.18,-78.96,1.16,23.96,33.35
313,60321859,-883.79,189.94,410.64,-79.33,1.34,23.29,33.44
314,60325916,-876.46,174.80,417.97,-79.76,1.52,22.68,33.44
315,60331760,-876.46,167.97,431.15,-79.33,1.65,22.68,33.30
316,60335809,-876.95,159.18,434.57,-78.78,1.89,22.44,33.25
317,60339859,-870.61,156.25,434.57,-78.78,2.01,22.38,33.59
318,60343916,-868.65,154.79,428.71,-78.48,2.01,22.68,33.30
319,60347965,-873.05,154.30,427.25,-78.66,2.07,22.80,33.44
320,60353760,-863.77,144.04,428.22,-78.29,1.65,23.35,33.35
321,60357809,-860.84,149.41,431.64,-77.50,1.95,23.96,33.59
322,60361859,-857.91,146.00,434.57,-77.38,1.77,24.39,33.64
323,60365916,-853.03,143.07,436.52,-76.95,1.59,24.15,33.44
324,60369965,-851.56,147.95,434.57,-76.46,1.95,24.15,33.44
325,60375760,-853.03,142.58,435.06,-76.52,1.52,24.33,33.35
326,60379809,-839.84,137.70,437.99,-75.79,1.46,25.06,33.11
327,60383859,-836.91,150.88,447.27,-75.37,1.34,25.49,33.59
328,60387916,-837.89,153.32,445.80,-75.18,1.52,24.88,33.25
329,60391965,-838.38,158.69,451.17,-74.88,1.77,24.39,33.44
330,60397760,-838.87,163.09,454.59,-75.12,1.95,24.02,33.16
331,60401809,-844.24,168.95,449.71,-75.67,1.89,23.35,33.16
332,60405859,-841.31,157.71,447.75,-75.73,2.01,23.29,33.30
333,60409916,-846.19,166.50,447.27,-75.61,2.80,23.17,33.35
334,60413965,-854.49,163.09,441.89,-75.98,2.87,23.05,33.16
335,60419760,-858.40,164.55,440.43,-76.10,3.11,23.17,33.30
336,60423809,-867.68,150.39,441.41,-76.22,2.68,23.72,33.16
337,60427859,-876.95,140.62,442.38,-75.85,2.80,24.15,33.49
338,60431916,-877.93,121.58,446.78,-75.85,1.83,25.85,33.35
339,60435965,-875.49,114.26,445.80,-74.88,1.95,27.50,33.35
340,60441760,-881.84,115.72,448.73,-74.51,2.07,29.33,33.64
341,60445809,-881.84,114.26,443.36,-73.96,1.83,31.16,33.30
342,60449859,-883.30,124.51,440.92,-73.66,1.71,32.87,33.44
343,60453916,-890.62,119.63,437.01,-73.23,1.52,34.45,33.68
344,60457965,-884.28,116.70,437.99,-72.93,1.52,36.16,33.11
345,60463760,-880.86,127.93,445.80,-72.38,1.71,38.17,33.35
346,60467809,-883.79,143.07,447.75,-72.01,1.95,39.09,33.35
347,60471859,-881.35,149.41,441.89,-71.89,2.32,39.27,33.49
348,60475916,-882.32,143.07,440.43,-72.07,2.50,40.24,33.44
349,60479965,-874.51,142.09,440.92,-71.52,2.38,40.85,33.49
350,60485760,-875.98,153.81,448.73,-71.04,2.99,41.22,33.44
351,60489809,-876.95,156.74,445.80,-70.79,3.17,41.10,33.49
352,60493859,-876.95,164.06,444.34,-71.10,3.35,41.16,33.16
353,60497916,-876.46,159.67,447.27,-71.16,3.60,41.28,33.25
354,60501965,-870.12,160.16,451.17,-70.73,4.45,41.10,33.35
355,60507760,-872.07,167.48,450.20,-70.73,5.00,40.79,33.44
356,60511809,-878.42,159.67,444.34,-71.28,5.67,40.43,33.44
357,60515859,-879.39,152.83,445.80,-71.22,5.79,40.61,33.30
358,60519916,-880.86,150.39,449.22,-71.22,6.22,40.49,33.49
359,60525760,-878.42,151.37,447.75,-70.91,6.83,40.67,33.35
360,60529809,-881.35,144.53,437.99,-71.04,7.01,40.30,33.16
361,60533859,-883.30,134.77,437.50,-70.85,6.89,39.76,33.44
362,60537916,-878.91,124.02,439.45,-70.61,7.01,40.18,33.35
363,60541965,-882.81,129.39,436.52,-69.88,6.77,40.24,33.49
364,60547760,-880.37,133.79,440.43,-69.70,6.59,39.88,33.49
365,60551809,-880.86,132.81,439.45,-69.63,6.04,40.24,33.35
366,60555859,-874.02,128.91,445.31,-69.39,5.73,40.49,33.35
367,60559916,-872.07,138.18,453.61,-69.33,5.37,40.73,33.11
368,60563965,-873.54,146.48,452.64,-69.02,5.24,40.55,33.49
369,60569760,-866.21,153.32,447.75,-68.96,4.76,39.76,33.49
370,60573809,-857.91,154.79,452.64,-69.15,4.33,39.09,33.44
371,60577859,-854.98,164.06,462.40,-68.96,4.09,38.17,33.49
372,60581916,-848.63,166.50,458.98,-68.84,4.09,37.20,33.25
373,60585965,-849.61,162.11,464.36,-69.57,3.48,35.98,33.49
374,60591760,-852.05,146.00,458.50,-69.27,3.05,35.06,33.44
375,60595809,-846.19,134.28,467.29,-69.21,2.62,34.57,33.35
376,60599859,-852.05,143.55,467.29,-68.60,2.01,34.27,33.44
377,60603916,-842.77,147.95,471.68,-68.29,1.22,34.27,33.35
378,60607965,-841.80,155.76,467.77,-68.41,0.79,34.09,33.64
379,60613760,-831.05,153.81,472.17,-67.99,0.61,33.90,33.25
380,60617809,-832.03,164.55,479.00,-67.74,0.61,32.50,33.30
381,60621859,-830.08,172.85,488.28,-67.62,0.79,31.46,33.35
382,60625916,-826.17,168.46,485.84,-67.68,0.79,29.88,33.44
383,60629965,-834.96,167.97,483.89,-67.74,1.16,28.78,33.11
384,60635760,-833.50,157.23,477.54,-67.93,1.10,27.80,33.11
385,60639809,-844.24,141.11,483.40,-67.62,1.34,27.32,33.35
386,60643859,-848.14,150.88,488.28,-67.26,1.22,26.77,33.49
387,60647916,-846.19,150.88,492.19,-67.13,1.16,26.52,33.44
388,60651965,-850.10,152.83,496.09,-67.01,1.52,26.04,33.11
389,60657760,-856.93,155.27,498.05,-66.95,1.65,25.43,33.35
390,60661809,-857.91,146.00,492.19,-67.01,1.89,25.24,33.25
391,60665859,-851.56,153.32,495.12,-66.65,2.20,24.88,33.35
392,60669916,-851.56,148.44,497.56,-65.79,2.38,25.06,33.44
393,60673965,-853.52,150.88,487.79,-65.30,2.26,24.70,33.16
394,60679760,-852.54,150.39,494.14,-64.94,2.07,24.45,33.25
395,60683809,-850.10,157.71,494.14,-64.21,2.20,24.15,33.49
396,60687859,-852.05,168.95,495.61,-64.09,2.38,23.78,33.16
397,60691916,-848.63,183.11,496.58,-64.09,2.50,23.41,33.59
398,60695965,-844.73,202.15,500.00,-63.90,3.05,22.62,33.49
399,60701760,-848.63,224.12,498.05,-64.27,3.66,20.79,33.49
400,60705809,-854.49,229.49,496.58,-64.63,4.02,18.23,33.49
401,60709859,-856.45,225.10,496.58,-65.12,4.39,16.59,33.25
402,60713916,-861.82,218.75,497.56,-65.49,4.45,14.57,33.64
403,60717965,-867.68,216.31,491.70,-66.04,4.57,13.29,33.25
404,60723760,-868.65,218.75,494.14,-66.40,4.70,11.77,33.49
405,60727809,-868.65,228.03,495.12,-66.89,5.18,10.24,33.16
406,60731859,-874.51,237.79,495.61,-67.26,5.30,9.09,33.30
407,60735916,-876.95,237.79,492.19,-67.93,5.43,7.38,33.59
408,60741760,-875.98,228.03,492.19,-68.72,5.43,6.04,33.44
409,60745809,-882.81,189.94,487.30,-68.66,5.30,5.30,33.59
410,60749859,-892.09,172.36,491.21,-68.48,5.00,5.67,33.35
411,60753916,-886.23,157.71,484.37,-68.23,4.82,6.40,33.11
412,60757965,-894.04,156.74,482.91,-67.99,4.51,7.80,33.49
413,60762015,-884.77,149.90,481.45,-67.62,4.02,8.54,33.35
414,60767760,-891.60,149.41,480.96,-67.56,4.21,9.21,33.68
415,60771809,-889.65,130.86,479.00,-67.07,4.51,9.70,33.59
416,60775859,-884.28,134.77,481.45,-66.89,3.96,10.18,33.44
417,60779916,-886.23,134.28,477.54,-66.46,3.96,10.55,33.44
418,60785760,-889.16,126.46,472.17,-66.34,3.84,11.16,33.49
419,60789809,-890.62,121.09,473.14,-65.79,3.90,11.83,33.35
420,60793859,-892.58,118.65,470.70,-65.30,3.90,12.13,33.35
421,60797916,-895.02,116.21,475.59,-65.30,4.09,13.23,33.11
422,60801965,-897.46,111.82,474.12,-64.88,4.15,13.35,33.49
423,60807760,-896.48,107.91,475.10,-64.76,4.27,13.35,33.25
424,60811809,-893.55,107.91,480.96,-64.27,4.70,13.35,33.44
425,60815859,-896.00,103.52,481.45,-63.78,4.51,13.78,33.49
426,60819916,-903.32,86.43,483.89,-63.23,4.39,14.21,33.49
427,60823965,-901.37,68.36,487.79,-62.68,4.21,14.82,33.59
428,60829760,-899.90,59.08,496.58,-61.83,3.90,15.61,33.25
429,60833809,-891.60,52.73,495.12,-60.49,3.72,17.01,33.11
430,60837859,-886.23,56.15,497.56,-60.12,3.54,17.74,33.35
431,60841916,-882.81,65.43,501.95,-59.45,3.66,18.90,33.35
432,60845965,-880.86,75.20,502.44,-58.90,3.60,18.78,33.64
433,60851760,-874.02,70.80,505.86,-58.54,3.29,18.90,33.25
434,60855809,-868.16,64.94,506.84,-57.62,3.90,18.35,33.25
435,60859859,-876.46,71.29,507.81,-56.95,4.57,18.23,33.49
436,60863916,-867.68,74.22,505.86,-56.59,4.88,17.50,33.44
437,60867965,-867.68,78.61,503.42,-56.52,5.43,16.83,33.30
438,60873760,-862.79,75.20,504.39,-56.22,5.91,15.55,33.25
439,60877809,-866.70,78.61,506.84,-56.04,6.28,13.72,33.35
440,60881859,-873.05,78.61,500.00,-55.91,6.52,12.56,33.49
441,60885916,-872.07,77.15,499.02,-55.55,7.01,10.67,33.35
442,60889965,-883.79,72.27,496.09,-55.12,7.44,9.09,33.16
443,60895760,-886.23,68.85,495.61,-55.24,7.56,7.80,33.44
444,60899809,-888.67,60.06,487.30,-54.82,8.29,6.52,33.35
445,60903859,-894.04,64.94,485.84,-54.57,8.48,5.91,33.68
446,60907916,-896.48,66.89,481.93,-54.02,8.54,5.00,33.49
447,60911965,-884.77,70.31,480.96,-53.90,8.84,4.02,33.35
448,60917760,-890.14,69.34,479.49,-53.84,9.02,2.80,33.35
449,60921809,-889.65,70.31,483.89,-53.41,9.45,2.13,33.35
450,60925859,-885.74,81.54,485.35,-53.48,9.88,1.52,33.35
451,60929916,-884.28,80.57,489.26,-53.48,10.18,0.37,33.16
452,60933965,-882.81,70.80,483.89,-53.48,10.67,-1.40,33.35
453,60939760,-886.23,48.83,491.70,-52.93,10.91,-2.26,33.44
454,60943809,-882.32,28.81,490.23,-52.26,9.94,-1.89,33.64
455,60947859,-882.81,21.48,491.70,-52.38,9.45,-0.85,33.30
456,60951916,-875.98,22.95,492.68,-51.28,9.39,0.24,33.44
457,60955965,-864.26,26.86,492.68,-50.37,8.84,2.13,33.35
458,60961760,-860.35,25.39,497.07,-49.70,8.72,3.54,33.49
459,60965809,-843.26,28.81,492.68,-49.15,8.66,5.79,33.68
460,60969859,-832.52,21.97,487.30,-48.60,8.90,6.83,33.35
461,60973916,-825.20,21.97,484.86,-47.68,9.33,8.60,33.64
462,60979760,-825.20,27.34,478.52,-46.89,9.33,10.18,33.35
463,60983809,-820.80,27.83,473.63,-46.28,9.70,12.20,33.49
464,60987859,-815.43,36.62,470.70,-46.40,9.82,13.60,33.35
465,60991916,-807.62,50.78,479.00,-46.40,10.67,14.51,33.16
466,60995965,-811.04,61.04,475.59,-46.65,11.77,15.24,33.25
467,61001760,-819.34,72.75,473.14,-46.95,12.87,15.24,33.35
468,61005809,-821.78,79.10,473.14,-47.56,13.90,14.76,33.49
469,61009859,-830.57,68.36,468.26,-47.74,14.63,14.27,33.35
470,61013916,-842.77,51.76,470.21,-47.93,15.61,13.78,33.25
471,61017965,-850.59,51.76,474.12,-48.17,16.10,14.15,33.35
472,61023760,-853.52,48.34,470.21,-48.05,17.13,14.45,33.44
473,61027809,-856.45,47.36,468.26,-47.62,17.62,14.94,33.64
474,61031859,-860.35,43.46,470.21,-47.56,17.80,15.12,33.35
475,61035916,-861.33,36.62,474.61,-47.20,18.29,15.30,33.64
476,61039965,-860.84,37.11,479.00,-47.20,18.84,15.49,33.44
477,61045760,-865.23,26.86,473.14,-46.65,19.39,16.10,33.35
478,61049809,-873.05,45.41,459.96,-46.59,19.63,16.16,33.30
479,61053859,-875.00,42.97,455.57,-46.40,19.63,16.59,33.44
480,61057916,-872.56,36.62,455.08,-46.40,19.57,17.07,33.35
481,61061965,-874.51,34.18,455.57,-46.22,19.88,17.38,33.35
482,61067760,-875.00,31.74,458.50,-45.55,19.63,17.38,33.11
483,61071809,-871.58,30.27,458.01,-44.76,19.88,16.77,33.30
484,61075859,-865.23,41.02,454.10,-44.70,20.06,16.16,33.64
485,61079916,-868.16,42.48,454.10,-44.57,20.73,14.94,33.59
486,61083965,-869.63,40.53,454.59,-44.33,20.73,13.35,32.97
487,61089760,-886.23,47.85,450.20,-44.33,21.52,11.40,33.35
488,61093809,-890.14,41.50,444.34,-44.15,22.01,8.84,33.44
489,61097859,-896.48,39.55,439.45,-43.96,21.95,7.13,33.49
490,61101916,-899.41,25.39,441.89,-43.54,22.13,5.67,33.11
491,61105965,-900.39,11.23,439.45,-42.93,22.32,4.09,33.35
492,61111760,-903.81,-1.46,435.55,-41.83,22.07,2.32,33.11
493,61115809,-897.95,-22.95,428.71,-40.37,21.52,1.22,33.59
494,61119859,-893.55,-54.20,432.13,-39.27,21.16,1.34,33.49
495,61123916,-892.58,-79.10,430.66,-37.87,20.85,2.50,33.35
496,61127965,-881.35,-85.45,430.66,-36.16,20.24,5.24,33.35
497,61133760,-873.54,-87.89,423.34,-34.76,20.18,7.87,33.35
498,61137809,-860.84,-71.29,432.13,-32.68,20.67,10.43,33.11
499,61141859,-857.91,-57.13,429.69,-31.34,20.67,11.04,33.44
500,61145916,-851.56,-64.94,436.04,-30.37,21.10,11.34,33.44
501,61149965,-846.68,-62.99,437.99,-29.15,21.59,12.01,33.35
502,61155760,-846.19,-70.80,439.94,-27.20,22.56,13.05,33.35
503,61159809,-859.37,-60.06,437.01,-25.49,23.54,14.15,33.35
504,61163859,-862.30,-47.36,437.50,-24.51,23.96,15.00,33.30
505,61167916,-871.58,-30.76,441.41,-23.23,25.24,15.43,33.59
506,61171965,-877.93,-5.37,442.87,-22.20,26.10,15.30,33.49
507,61177760,-880.37,3.42,449.71,-21.65,27.68,14.45,33.35
508,61181809,-891.60,18.55,451.66,-21.10,29.57,12.93,33.49
509,61185859,-901.37,30.76,450.68,-20.61,30.61,11.34,33.35
510,61189916,-910.64,21.48,443.85,-20.06,32.01,10.18,33.49
511,61195760,-924.32,10.25,446.29,-19.33,32.80,8.72,33.44
512,61199809,-940.43,9.77,438.48,-19.15,33.60,8.17,33.44
513,61203859,-945.31,25.88,433.59,-18.60,34.63,7.68,33.35
514,61207916,-949.71,42.48,427.73,-18.84,34.94,7.01,33.06
515,61211965,-953.61,51.76,426.76,-18.66,35.61,5.30,33.44
516,61216015,-960.45,59.08,431.64,-18.48,35.73,2.74,33.49
517,61221760,-962.89,61.52,432.13,-18.35,35.98,0.24,33.59
518,61225809,-962.40,58.11,435.55,-18.17,35.91,-2.26,33.35
519,61229859,-976.07,52.73,427.73,-17.93,36.10,-3.72,33.44
520,61233916,-977.54,67.38,419.92,-18.11,35.98,-5.37,33.64
521,61239760,-980.47,89.84,418.95,-17.99,35.98,-6.71,33.44
522,61243809,-976.07,108.40,423.34,-19.57,36.34,-9.88,33.16
523,61247859,-985.35,111.82,422.36,-20.12,37.01,-13.11,33.30
524,61251916,-990.72,100.10,410.16,-20.79,37.07,-16.10,33.25
525,61255965,-1004.88,102.05,404.79,-21.65,37.13,-19.15,33.35
526,61261760,-1015.14,94.73,404.30,-22.38,36.59,-21.95,33.44
527,61265809,-1023.93,88.87,393.07,-23.23,36.46,-24.63,33.30
528,61269859,-1035.64,81.05,378.42,-23.72,35.61,-26.40,33.64
529,61273916,-1029.30,75.68,375.49,-24.70,34.45,-27.56,33.25
530,61277965,-1016.11,62.50,391.60,-25.55,33.78,-28.48,33.59
531,61283760,-1004.88,38.09,392.58,-26.04,33.05,-29.02,33.25
532,61287809,-995.12,0.49,388.18,-25.98,31.95,-28.54,33.25
533,61291859,-987.30,-20.51,390.14,-25.55,31.16,-27.93,33.49
534,61295916,-976.56,-35.16,392.09,-24.76,29.88,-26.65,33.59
535,61299965,-956.05,-44.92,394.53,-24.33,28.84,-24.82,33.49
536,61305760,-941.41,-46.87,395.02,-24.09,28.29,-23.17,33.11
537,61309809,-929.20,-55.66,405.27,-23.84,27.80,-21.65,33.11
538,61313859,-924.80,-33.69,406.74,-23.96,27.44,-20.79,33.25
539,61317916,-923.34,-7.32,409.18,-24.33,27.26,-21.04,33.11
540,61321965,-920.41,6.84,396.48,-25.00,27.74,-22.44,33.16
541,61327760,-921.87,11.23,394.04,-25.91,27.93,-25.12,33.16
542,61331809,-925.78,8.30,386.23,-26.89,27.99,-28.66,33.35
543,61335859,-931.64,-10.74,383.79,-27.56,27.93,-30.67,33.64
544,61339916,-936.04,-30.27,373.54,-27.99,27.80,-31.95,33.49
545,61343965,-940.43,-58.59,370.61,-28.48,27.32,-32.74,33.11
546,61349760,-950.68,-67.87,360.35,-28.60,26.83,-33.35,33.49
547,61353809,-949.71,-87.89,344.24,-28.54,25.55,-33.11,33.64
548,61357859,-945.80,-97.66,335.45,-28.17,24.82,-32.68,33.35
549,61361916,-940.92,-111.33,327.15,-27.80,24.02,-31.83,33.64
550,61365965,-936.52,-133.79,321.78,-27.07,22.99,-30.49,33.35
551,61371760,-930.18,-135.25,324.71,-26.77,22.26,-28.90,33.30
552,61375809,-917.97,-134.77,325.68,-25.79,21.46,-26.83,33.35
553,61379859,-912.11,-136.23,325.68,-25.18,21.04,-26.28,33.35
554,61383916,-909.18,-139.65,326.17,-24.70,20.55,-25.49,33.59
555,61387965,-896.00,-150.39,320.31,-23.66,20.06,-24.33,33.49
556,61393760,-888.18,-156.25,321.29,-22.68,20.12,-23.05,33.25
557,61397809,-886.23,-175.29,311.52,-21.22,20.00,-21.71,33.35
558,61401859,-885.25,-174.80,302.73,-20.18,19.51,-19.82,33.11
559,61405916,-879.39,-174.32,297.85,-19.02,18.90,-17.01,33.68
560,61409965,-867.68,-166.50,292.97,-17.93,18.78,-14.51,33.44
561,61415760,-858.40,-149.41,292.48,-16.83,18.66,-12.56,33.49
562,61419809,-848.14,-139.16,290.04,-15.67,19.15,-11.59,33.35
563,61423859,-840.82,-121.09,283.20,-15.18,19.39,-11.59,33.35
564,61427916,-846.19,-115.72,272.46,-14.51,20.30,-11.71,33.59
565,61433760,-856.93,-136.72,256.84,-14.27,20.85,-11.71,33.30
566,61437809,-877.44,-149.41,240.23,-12.93,20.79,-10.73,33.78
567,61441859,-889.16,-153.32,233.40,-12.20,20.24,-8.78,33.44
568,61445916,-906.25,-149.90,233.89,-11.77,20.00,-7.32,33.25
569,61449965,-914.06,-137.21,240.72,-10.98,19.63,-5.67,33.44
570,61455760,-925.29,-126.95,242.19,-10.55,19.70,-4.09,33.35
571,61459809,-942.38,-113.28,236.33,-9.76,19.57,-3.05,33.68
572,61463859,-952.15,-105.47,230.47,-9.39,19.09,-2.26,33.49
573,61467916,-964.84,-98.63,229.98,-8.90,18.35,-1.89,33.35
574,61471965,-967.77,-101.07,232.91,-8.60,17.38,-1.65,33.49
575,61477760,-975.59,-110.84,234.37,-7.87,16.40,-1.22,33.30
576,61481809,-975.59,-105.96,236.82,-7.13,15.24,-0.43,33.35
577,61485859,-972.17,-113.28,236.82,-6.34,13.54,0.12,33.49
578,61489916,-965.33,-102.54,241.21,-5.79,12.99,0.61,33.11
579,61493965,-958.98,-97.66,239.26,-5.24,11.89,1.10,33.35
580,61499760,-954.10,-97.17,245.12,-5.00,10.98,0.98,33.44
581,61503809,-949.71,-97.66,253.91,-4.21,9.82,0.67,33.16
582,61507859,-942.87,-83.50,252.44,-3.96,9.45,0.24,33.59
583,61511916,-938.48,-76.66,252.93,-3.72,8.60,-0.12,33.44
584,61515965,-939.45,-80.57,247.56,-4.15,8.11,-0.98,33.49
585,61521760,-933.11,-70.31,250.00,-4.15,7.44,-1.71,33.30
586,61525809,-923.34,-74.71,251.95,-3.84,6.95,-3.17,33.35
587,61529859,-926.27,-70.31,247.56,-3.84,6.59,-3.96,33.59
588,61533916,-919.92,-77.15,250.98,-3.96,6.10,-4.94,33.35
589,61537965,-916.02,-89.36,254.39,-4.27,6.34,-5.37,33.25
590,61543760,-911.13,-96.19,260.25,-4.45,6.10,-5.91,33.44
591,61547809,-910.64,-101.07,267.58,-3.90,6.16,-6.04,33.16
592,61551859,-918.95,-96.68,263.18,-3.90,5.79,-6.89,33.59
593,61555916,-915.53,-111.33,261.72,-4.02,5.12,-7.44,33.49
594,61559965,-915.04,-120.61,270.51,-4.02,5.00,-7.26,33.25
595,61565760,-919.43,-138.67,277.34,-3.72,4.82,-6.65,33.11
596,61569809,-913.57,-164.06,281.74,-2.80,4.39,-5.12,33.35
597,61573859,-916.99,-178.71,290.53,-2.26,4.27,-3.41,33.44
598,61577916,-920.90,-180.66,290.04,-1.28,4.27,-1.34,33.59
599,61581965,-924.80,-178.71,283.69,-0.73,3.96,1.40,33.16
600,61587760,-927.73,-170.41,284.18,-0.06,3.66,3.05,33.44
601,61591809,-931.64,-166.50,285.64,0.61,3.23,4.76,33.44
602,61595859,-934.08,-153.81,283.20,1.28,3.35,5.43,33.49
603,61599916,-936.52,-130.37,276.86,1.46,3.23,6.22,33.49
604,61603965,-943.36,-97.66,274.41,1.16,3.54,5.98,33.49
605,61609760,-945.31,-56.64,270.02,0.37,3.90,5.43,33.35
606,61613809,-952.64,-33.69,271.48,-1.46,4.27,2.87,33.44
607,61617859,-954.10,-21.00,270.51,-2.50,4.45,0.06,33.16
608,61621916,-962.89,-21.00,273.44,-3.90,4.82,-3.29,33.49
609,61625965,-963.38,-27.34,271.00,-5.00,5.37,-7.01,33.59
610,61631760,-969.73,-39.55,270.51,-6.28,5.37,-10.24,33.35
611,61635809,-979.00,-47.85,270.02,-7.07,6.16,-13.35,33.49
612,61639859,-986.82,-59.08,267.58,-7.93,5.91,-14.88,33.30
613,61643916,-993.65,-71.29,264.65,-9.02,5.37,-16.22,33.35
614,61649760,-997.07,-89.36,267.58,-9.39,4.63,-17.01,33.35
615,61653809,-992.19,-110.35,279.30,-9.51,4.15,-17.87,33.35
616,61657859,-997.07,-140.14,275.88,-9.51,3.17,-17.99,33.30
617,61661916,-1001.95,-184.08,270.02,-9.09,2.44,-17.80,33.11
618,61665965,-1007.81,-215.82,263.18,-7.99,1.34,-16.10,33.25
619,61670015,-1011.72,-239.26,262.21,-6.59,-0.12,-12.56,33.44
620,61675760,-1009.28,-230.96,254.88,-5.18,-1.22,-8.41,33.35
621,61679809,-1002.44,-223.63,255.86,-4.63,-2.68,-3.23,33.44
622,61683859,-991.21,-211.91,257.32,-4.15,-3.66,-0.43,33.35
623,61687916,-979.49,-192.38,261.23,-3.23,-4.45,2.68,33.49
624,61693760,-962.89,-166.50,266.11,-2.62,-4.94,4.51,33.35
625,61697809,-943.85,-145.51,267.09,-2.38,-4.76,5.37,33.35
626,61701859,-937.99,-117.19,276.37,-2.56,-4.21,4.76,33.44
627,61705916,-930.66,-84.47,271.00,-2.87,-4.09,4.21,33.16
628,61709965,-928.71,-76.17,271.00,-3.54,-3.11,3.48,33.35
629,61715760,-921.87,-82.52,277.34,-4.27,-2.32,2.07,33.35
630,61719809,-914.55,-102.05,283.20,-5.00,-1.22,0.67,33.35
631,61723859,-912.11,-119.14,281.25,-5.18,-0.61,0.43,33.44
632,61727916,-911.13,-141.60,280.76,-5.12,-0.18,0.00,33.49
633,61731965,-913.57,-146.00,281.25,-4.76,0.49,0.55,33.49
634,61737760,-913.57,-144.53,291.02,-4.70,1.16,1.28,33.25
635,61741809,-912.11,-142.58,298.83,-4.39,1.77,1.83,33.35
636,61745859,-915.04,-140.14,300.78,-4.09,2.44,1.71,33.44
637,61749916,-917.97,-141.11,300.78,-3.96,3.48,1.34,33.35
638,61753965,-922.36,-134.77,299.80,-3.90,4.27,0.37,33.49
639,61759760,-942.87,-130.86,297.85,-3.72,5.00,-0.67,33.11
640,61763809,-954.10,-123.05,299.32,-3.60,6.04,-2.07,33.25
641,61767859,-963.38,-119.14,291.99,-3.66,6.52,-3.17,33.35
642,61771916,-973.63,-112.79,291.02,-3.78,7.07,-5.24,33.59
643,61775965,-986.82,-103.03,286.62,-3.78,7.80,-7.26,33.11
644,61781760,-996.58,-115.72,286.13,-3.78,8.41,-9.82,33.30
645,61785809,-1005.86,-131.84,277.83,-3.66,8.96,-12.56,33.16
646,61789859,-1015.62,-148.93,275.88,-3.54,9.27,-13.66,33.35
647,61793916,-1022.95,-138.18,268.55,-3.23,9.57,-14.57,33.35
648,61797965,-1035.16,-144.53,251.95,-3.54,9.33,-15.12,33.35
649,61803760,-1043.46,-158.20,252.44,-3.60,9.09,-14.88,33.25
650,61807809,-1046.88,-167.48,243.65,-2.87,8.23,-14.02,33.59
651,61811859,-1040.04,-166.50,241.70,-2.32,7.32,-13.60,33.35
652,61815916,-1036.62,-169.92,245.61,-1.83,6.52,-12.26,33.64
653,61819965,-1027.34,-164.06,247.07,-1.59,6.10,-10.85,33.25
654,61825760,-1011.23,-156.74,240.72,-0.98,5.49,-9.15,33.25
655,61829809,-1001.95,-140.62,239.75,-0.85,4.70,-7.68,33.49
656,61833859,-983.89,-128.42,238.28,-0.49,4.57,-6.77,33.64
657,61837916,-973.14,-118.65,248.05,-0.30,4.39,-5.98,33.30
658,61841965,-960.94,-101.07,247.07,-0.37,4.09,-5.85,33.59
659,61847760,-949.71,-91.80,249.02,-1.04,4.09,-5.43,33.64
660,61851809,-940.92,-94.24,254.88,-0.98,3.96,-5.67,33.44
661,61855859,-937.01,-98.63,254.88,-1.28,3.84,-5.49,33.30
662,61859916,-931.15,-110.35,256.35,-1.59,3.23,-5.06,33.64
663,61863965,-921.39,-126.95,257.81,-1.59,3.35,-4.09,33.35
664,61869760,-909.18,-141.11,255.37,-1.59,3.54,-2.87,33.44
665,61873809,-911.13,-160.64,255.86,-1.28,3.66,-0.73,33.35
666,61877859,-913.57,-169.43,250.49,-0.85,3.41,1.22,33.44
667,61881916,-906.25,-165.04,255.86,0.06,3.78,3.60,33.49
668,61887760,-912.60,-166.50,250.00,0.43,3.41,5.18,33.44
669,61891809,-904.79,-170.41,252.93,0.61,3.35,6.95,33.49
670,61895859,-903.81,-173.83,250.00,1.16,3.35,8.66,33.44
671,61899916,-906.74,-174.32,251.95,1.65,3.48,9.51,33.35
672,61903965,-904.30,-166.99,244.63,2.26,3.78,10.55,33.44
673,61909760,-910.64,-171.39,244.63,2.62,4.21,10.98,33.59
674,61913809,-921.39,-160.16,241.70,3.17,4.09,11.71,33.59
675,61917859,-914.06,-154.79,239.75,3.35,3.84,12.32,33.44
676,61921916,-916.99,-143.55,247.56,3.72,4.27,12.56,33.25
677,61925965,-924.80,-140.62,251.95,3.96,4.27,12.01,33.35
678,61931760,-929.20,-139.65,249.02,3.78,4.39,11.59,33.16
679,61935809,-937.01,-123.05,255.86,3.78,4.88,10.55,33.44
680,61939859,-948.24,-118.65,248.54,3.66,4.63,9.70,33.35
681,61943916,-952.15,-111.33,254.39,3.41,4.70,8.96,33.44
682,61947965,-957.03,-115.23,257.32,3.17,4.21,7.80,33.44
683,61953760,-958.01,-122.07,262.21,3.35,4.33,6.95,33.59
684,61957809,-965.33,-129.88,262.70,3.11,4.27,6.52,33.35
685,61961859,-968.26,-134.77,266.60,3.05,4.09,6.22,33.35
686,61965916,-965.33,-132.32,261.72,2.93,3.48,5.91,33.49
687,61969965,-965.33,-128.91,268.55,2.99,3.35,5.55,33.44
688,61975760,-967.77,-128.42,269.53,3.48,2.87,5.67,33.25
689,61979809,-966.80,-130.86,268.07,3.66,2.38,6.04,33.35
690,61983859,-966.31,-131.84,268.07,3.78,1.89,6.40,33.35
691,61987916,-966.31,-124.51,268.07,3.78,1.16,7.38,33.35
692,61991965,-967.29,-111.82,267.58,3.96,0.91,7.62,33.11
693,61997760,-964.36,-107.42,260.74,3.90,0.30,8.05,33.44
694,62001809,-958.98,-106.93,262.21,4.21,-0.61,8.11,33.25
695,62005859,-948.73,-106.45,271.48,4.15,-0.61,8.90,33.35
696,62009916,-946.29,-113.28,271.48,4.02,-0.73,9.39,33.59
697,62013965,-940.92,-113.77,269.04,4.45,-0.91,10.24,33.25
698,62019760,-939.94,-125.49,273.93,4.51,-0.79,11.16,33.11
699,62023809,-939.45,-111.33,264.65,4.63,-0.61,11.95,33.59
700,62027859,-937.01,-105.96,268.07,5.06,-0.49,12.50,33.49
701,62031916,-938.96,-104.98,261.72,4.51,0.30,12.50,33.35
702,62035965,-945.80,-104.98,265.14,4.39,0.24,12.38,33.25
703,62041760,-958.50,-103.52,265.14,4.45,0.61,12.01,33.44
704,62045809,-971.68,-120.12,264.16,4.45,1.28,11.52,33.35
705,62049859,-981.45,-129.39,260.25,4.39,1.46,11.10,33.35
706,62053916,-992.19,-133.30,259.77,4.63,1.59,11.22,33.49
707,62057965,-999.02,-138.18,265.62,4.88,1.65,11.52,33.64
708,62063760,-1007.81,-140.14,260.25,5.30,1.16,11.77,33.30
709,62067809,-1015.62,-134.28,261.23,5.79,1.16,11.95,33.49
710,62071859,-1021.97,-117.68,268.07,6.46,0.98,11.83,33.35
711,62075916,-1023.44,-106.45,264.65,6.65,0.73,11.83,33.49
712,62079965,-1028.32,-85.94,262.70,6.46,0.37,10.91,33.35
713,62085760,-1028.32,-77.64,256.84,6.40,0.61,9.51,33.49
714,62089809,-1031.74,-67.87,257.32,5.91,0.24,7.32,33.44
715,62093859,-1038.09,-59.57,260.25,5.61,0.00,6.16,33.16
716,62097916,-1033.20,-52.73,260.74,5.18,-0.67,4.27,33.35
717,62103760,-1038.57,-56.15,253.91,4.57,-0.73,2.74,33.35
718,62107809,-1035.64,-70.31,256.84,3.96,-1.16,0.55,33.35
719,62111859,-1042.48,-73.73,254.39,3.66,-1.71,-0.43,33.44
720,62115916,-1042.97,-68.85,257.32,3.29,-2.07,-0.91,33.16
721,62119965,-1035.16,-69.82,252.93,2.93,-2.62,-1.65,33.83
722,62124015,-1030.76,-73.73,252.44,2.62,-2.93,-2.44,33.35
723,62129760,-1028.32,-72.27,248.05,2.26,-3.78,-3.05,33.35
724,62133809,-1009.77,-86.91,258.30,2.13,-4.33,-3.35,33.59
725,62137859,-994.63,-96.68,257.81,1.95,-4.88,-3.41,33.44
726,62141916,-980.96,-100.10,255.86,1.52,-5.55,-2.99,33.35
727,62147760,-973.63,-104.49,255.86,1.59,-5.98,-2.56,33.35
728,62151809,-953.61,-101.07,262.70,1.83,-5.98,-1.46,33.49
729,62155859,-940.43,-94.73,262.70,1.22,-6.04,-1.16,33.44
730,62159916,-933.11,-94.73,266.60,1.34,-6.22,-1.16,33.16
731,62163965,-933.11,-99.61,262.70,0.91,-5.67,-1.46,33.49
732,62169760,-934.57,-90.82,272.46,0.61,-5.43,-1.83,33.68
733,62173809,-937.99,-92.77,273.93,0.24,-4.88,-1.77,33.49
734,62177859,-941.41,-92.29,271.97,-0.37,-4.27,-2.20,33.64
735,62181916,-952.15,-105.96,270.02,-0.37,-3.78,-1.95,33.44
736,62185965,-956.54,-112.30,270.51,-0.30,-3.41,-2.07,33.35
737,62191760,-962.40,-120.12,266.60,-0.06,-2.87,-1.65,33.16
738,62195809,-974.61,-114.75,266.11,-0.12,-2.62,-1.04,33.35
739,62199859,-975.10,-118.65,261.72,-0.24,-2.68,-0.67,33.35
740,62203916,-979.00,-114.75,258.79,-0.24,-2.50,-0.67,33.35
741,62207965,-982.42,-115.23,250.00,-0.30,-2.26,-0.85,33.44
742,62213760,-982.91,-115.72,247.07,-0.06,-2.13,-1.10,33.35
743,62217809,-982.91,-131.84,253.42,-0.37,-1.83,-1.28,33.25
744,62221859,-979.98,-144.53,259.77,-0.12,-1.89,-1.46,33.59
745,62225916,-978.03,-148.93,258.30,0.30,-1.71,-1.10,33.35
746,62229965,-973.14,-146.48,257.81,0.61,-1.40,-0.06,33.16
747,62235760,-973.14,-139.16,265.62,0.79,-1.28,0.91,33.44
748,62239809,-972.66,-140.14,268.55,0.98,-1.22,1.71,33.16
749,62243859,-970.21,-127.44,271.97,0.98,-0.98,1.52,33.44
750,62247916,-967.29,-128.42,280.76,1.28,-0.67,1.71,33.49
751,62251965,-976.56,-127.44,279.30,1.52,-0.43,1.59,33.16
752,62257760,-972.66,-121.09,284.18,1.10,0.12,1.28,33.59
753,62261809,-977.05,-118.65,294.43,0.79,0.37,1.46,33.30
754,62265859,-976.56,-115.72,296.39,0.85,0.91,1.65,33.59
755,62269916,-984.37,-111.33,296.39,0.18,0.98,1.52,33.59
756,62273965,-991.70,-97.66,298.34,-0.06,1.04,0.98,33.25
757,62279760,-997.07,-88.38,297.85,-0.37,1.59,0.37,33.59
758,62283809,-1011.72,-83.98,294.43,-1.46,2.26,-0.98,33.44
759,62287859,-1014.65,-82.03,294.43,-1.71,2.38,-1.59,33.35
760,62291916,-1021.48,-83.50,293.95,-2.50,2.26,-2.26,33.59
761,62295965,-1025.88,-82.03,289.55,-3.11,2.44,-2.99,33.49
762,62301760,-1027.83,-87.89,287.60,-3.84,2.38,-3.41,33.44
763,62305809,-1023.44,-86.91,281.74,-4.57,2.13,-3.72,33.49
764,62309859,-1014.65,-92.29,284.67,-5.24,2.26,-4.21,33.35
765,62313916,-1001.46,-102.05,285.16,-5.67,1.83,-4.33,33.30
766,62317965,-999.51,-102.05,282.23,-5.91,1.95,-4.39,33.59
767,62323760,-992.68,-107.91,279.30,-6.34,1.95,-4.21,33.44
768,62327809,-988.28,-110.35,281.74,-6.65,2.13,-3.72,33.64
769,62331859,-985.84,-96.68,287.11,-6.95,1.89,-3.54,33.35
770,62335916,-981.45,-96.19,286.62,-7.80,2.07,-3.35,33.44
771,62341760,-981.45,-90.82,279.30,-8.23,2.38,-3.54,33.16
772,62345809,-975.10,-85.45,281.25,-8.78,2.44,-3.66,33.49
773,62349859,-976.56,-90.33,278.81,-9.39,2.44,-3.90,33.64
774,62353916,-969.73,-98.14,276.37,-9.33,2.44,-3.96,33.35
775,62357965,-963.87,-96.68,276.86,-9.45,2.20,-3.90,33.59
776,62363760,-958.98,-98.63,280.76,-9.76,2.07,-3.72,33.35
777,62367809,-953.12,-104.49,277.34,-10.00,2.01,-3.35,33.64
778,62371859,-951.66,-106.45,269.04,-10.00,1.59,-2.93,33.49
779,62375916,-946.78,-104.49,264.65,-10.18,1.65,-2.93,33.11
780,62379965,-946.78,-103.03,266.11,-10.30,1.59,-2.50,33.35
781,62385760,-947.75,-103.52,258.30,-10.30,1.52,-2.32,33.49
782,62389809,-950.20,-114.75,250.49,-10.18,1.77,-2.32,33.49
783,62393859,-954.10,-120.12,247.56,-10.18,1.34,-2.44,33.49
784,62397916,-957.52,-129.39,242.19,-9.82,1.22,-2.20,33.35
785,62401965,-959.47,-126.46,236.33,-9.76,0.79,-1.83,33.25
786,62407760,-957.03,-124.51,239.26,-9.39,0.67,-1.10,33.59
787,62411809,-957.52,-122.07,236.82,-8.72,0.61,-0.55,33.25
788,62415859,-955.08,-122.07,241.70,-8.60,0.18,-0.18,33.49
789,62419916,-952.15,-115.72,245.61,-8.05,-0.24,0.24,33.49
790,62423965,-950.68,-110.35,245.12,-7.62,-0.30,0.55,33.35
791,62429760,-944.82,-105.96,246.09,-7.62,-0.61,0.00,33.25
792,62433809,-949.22,-115.23,248.54,-7.07,-0.06,-0.12,33.25
793,62437859,-956.05,-119.63,244.14,-7.01,-0.24,-0.12,33.64
794,62441916,-954.10,-118.65,245.12,-6.59,-0.55,0.30,33.35
795,62445965,-960.45,-107.91,242.19,-6.46,-0.49,0.55,33.30
796,62451760,-959.96,-100.59,240.72,-6.40,-0.30,-0.06,33.11
797,62455809,-967.77,-96.68,238.77,-6.22,-0.55,-0.49,33.35
798,62459859,-973.63,-94.24,238.77,-6.28,-0.43,-0.79,33.35
799,62463916,-980.47,-95.21,229.00,-6.22,-0.12,-1.77,33.35
800,62467965,-984.86,-94.24,225.10,-6.46,-0.30,-2.44,33.35
801,62473760,-990.72,-99.61,218.75,-6.40,-0.61,-2.50,33.30
802,62477809,-993.16,-116.21,218.26,-6.22,-1.10,-2.56,33.64
803,62481859,-986.33,-123.54,220.21,-5.91,-0.98,-2.56,33.49
804,62485916,-984.37,-130.86,220.70,-5.55,-1.10,-2.32,33.35
805,62489965,-982.91,-142.09,222.17,-5.06,-1.52,-1.52,33.35
806,62495760,-979.49,-156.74,231.45,-4.45,-1.77,-0.55,33.35
807,62499809,-972.17,-156.25,234.86,-3.78,-2.07,1.16,33.35
808,62503859,-963.87,-156.25,240.72,-3.41,-2.07,1.52,33.35
809,62507916,-959.96,-146.97,244.14,-2.87,-2.01,2.20,33.44
810,62511965,-949.22,-131.84,248.54,-2.62,-1.77,2.07,33.30
811,62517760,-953.12,-121.09,254.88,-2.87,-1.89,1.52,33.49
812,62521809,-957.52,-111.33,258.79,-2.93,-1.40,0.06,33.35
813,62525859,-957.03,-101.56,259.77,-3.29,-0.98,-0.91,33.06
814,62529916,-961.91,-104.49,262.70,-3.60,-0.91,-2.44,33.35
815,62533965,-967.29,-101.07,259.77,-4.21,-0.24,-3.41,33.44
816,62539760,-972.66,-102.54,256.84,-4.45,-0.24,-3.96,33.49
817,62543809,-976.07,-111.82,256.35,-4.57,-0.37,-4.82,33.44
818,62547859,-964.84,-123.54,258.30,-4.94,-0.55,-4.76,33.30
819,62551916,-970.21,-139.65,256.35,-4.76,-0.85,-4.57,33.49
820,62557760,-967.29,-129.88,252.44,-4.70,-1.59,-3.78,33.49
821,62561809,-970.70,-115.72,257.81,-4.76,-2.38,-3.05,33.49
822,62565859,-965.82,-112.79,255.86,-5.24,-3.05,-2.80,33.49
823,62569916,-953.61,-115.72,264.16,-5.43,-3.41,-2.74,33.35
824,62573965,-951.17,-118.65,268.55,-5.49,-3.72,-2.62,33.25
825,62579760,-945.80,-118.16,267.58,-5.55,-4.21,-2.01,33.59
826,62583809,-945.80,-124.02,268.55,-6.10,-4.21,-2.13,33.49
827,62587859,-947.75,-121.58,264.65,-6.34,-4.21,-2.20,33.49
828,62591916,-947.27,-127.44,268.55,-6.59,-4.21,-2.13,33.25
829,62595965,-949.71,-133.79,273.93,-6.83,-4.21,-2.44,33.49
830,62601760,-955.08,-145.51,279.30,-6.95,-4.39,-2.01,33.49
831,62605809,-952.64,-148.44,268.07,-6.83,-3.96,-2.01,33.44
832,62609859,-954.10,-154.79,268.07,-6.52,-4.09,-2.01,33.44
833,62613916,-956.05,-148.93,259.28,-6.52,-4.27,-2.07,33.25
834,62617965,-962.40,-152.34,258.79,-6.40,-4.15,-1.89,33.35
835,62623760,-958.01,-153.81,259.77,-5.98,-4.09,-1.65,33.49
836,62627809,-959.96,-147.95,259.77,-5.30,-4.27,-0.91,33.25
837,62631859,-953.61,-146.00,258.79,-5.18,-4.02,-0.37,33.59
838,62635916,-955.08,-144.53,261.23,-4.82,-4.02,0.06,33.16
839,62639965,-957.03,-131.84,264.16,-4.76,-3.90,0.24,33.35
840,62645760,-957.52,-120.61,261.72,-4.57,-3.54,0.43,33.25
841,62649809,-955.08,-116.70,260.74,-4.45,-2.93,0.00,33.11
842,62653859,-966.80,-104.49,258.30,-4.45,-2.74,-0.61,33.44
843,62657916,-973.63,-102.54,259.77,-4.82,-2.50,-0.91,33.59
844,62661965,-976.56,-108.40,257.81,-4.63,-2.32,-1.46,33.30
845,62667760,-982.42,-115.23,257.81,-4.70,-1.83,-1.83,33.44
846,62671809,-985.35,-123.54,260.25,-4.82,-1.71,-1.95,33.11
847,62675859,-994.14,-126.46,257.32,-4.57,-1.34,-1.65,33.49
848,62679916,-995.61,-131.84,252.93,-4.39,-0.91,-1.71,33.44
849,62683965,-1000.98,-136.23,249.02,-4.09,-1.16,-1.40,33.11
850,62689760,-1001.95,-131.35,251.95,-3.90,-1.16,-1.22,33.16
851,62693809,-1001.95,-124.51,254.39,-3.35,-0.79,-0.73,33.11
852,62697859,-1004.39,-130.86,248.05,-3.23,-0.61,-1.04,33.49
853,62701916,-1000.49,-136.23,246.09,-3.23,-0.49,-1.22,33.78
854,62705965,-994.14,-140.62,246.58,-3.17,-0.18,-1.10,33.25
855,62711760,-991.70,-142.58,245.61,-2.74,0.24,-0.91,33.35
856,62715809,-982.91,-147.46,247.07,-2.13,0.12,-0.91,33.44
857,62719859,-972.17,-152.83,246.09,-1.59,0.18,-0.98,33.49
858,62723916,-972.17,-158.20,241.21,-0.98,0.67,-0.73,33.49
859,62727965,-965.33,-150.39,249.02,-0.73,1.04,-0.49,33.16
860,62733760,-967.77,-143.07,245.12,-0.18,1.40,-0.55,33.35
861,62737809,-969.24,-141.11,251.46,0.00,2.07,-0.73,33.35
862,62741859,-965.33,-143.07,250.98,0.37,2.26,-1.04,33.59
863,62745916,-966.80,-131.35,251.95,0.61,2.56,-1.04,33.44
864,62749965,-967.29,-125.98,255.86,0.91,2.87,-1.28,33.35
865,62755760,-965.33,-124.02,254.39,0.73,3.11,-1.46,33.49
866,62759809,-966.80,-135.74,258.79,0.85,3.23,-1.46,33.44
867,62763859,-968.26,-144.04,262.21,0.91,3.29,-1.34,33.11
868,62767916,-965.82,-141.11,261.23,1.40,3.41,-0.67,33.59
869,62771965,-968.75,-139.65,257.32,1.77,3.29,-0.12,33.35
870,62777760,-961.43,-136.72,259.28,1.65,3.23,0.43,33.25
871,62781809,-963.87,-119.63,254.39,1.83,3.11,1.10,33.44
872,62785859,-966.31,-111.82,258.30,1.28,3.05,0.91,33.16
873,62789916,-963.38,-111.82,250.00,1.04,2.74,0.61,33.44
874,62795760,-962.40,-116.21,260.25,0.91,2.32,0.49,33.49
875,62799809,-958.98,-123.05,260.74,0.67,2.20,-0.06,33.44
876,62803859,-959.96,-123.54,265.14,0.73,2.07,-0.43,33.64
877,62807916,-962.89,-130.86,264.16,0.73,2.01,-0.30,33.11
878,62811965,-962.40,-127.93,263.18,0.55,1.52,-0.24,33.68
879,62817760,-958.50,-132.81,269.53,0.00,1.52,-0.24,33.44
880,62821809,-961.43,-144.53,263.18,0.30,1.59,0.00,33.44
881,62825859,-963.87,-149.90,260.25,-0.06,1.40,0.18,33.16
882,62829916,-961.91,-144.53,252.44,-0.06,1.28,0.24,33.06
883,62833965,-963.38,-137.70,250.98,0.12,0.79,0.49,33.59
884,62839760,-967.77,-130.37,256.35,-0.18,1.04,-0.18,33.25
885,62843809,-968.75,-129.39,253.42,-0.73,0.61,-0.49,33.68
886,62847859,-966.80,-129.88,249.02,-0.79,0.85,-0.85,33.44
887,62851916,-969.24,-140.62,250.00,-0.55,1.04,-1.52,33.68
888,62855965,-968.26,-144.04,250.00,-0.91,0.91,-1.16,33.49
889,62861760,-963.38,-147.95,253.91,-0.43,0.49,-0.91,33.25
890,62865809,-957.03,-146.48,252.93,-0.61,0.43,-0.18,33.11
891,62869859,-956.05,-141.60,253.42,-0.37,0.43,0.55,33.49
892,62873916,-959.47,-142.09,253.91,-0.55,0.49,0.91,33.35
893,62877965,-955.57,-135.74,256.35,-0.43,0.37,1.22,33.35
894,62883760,-953.12,-126.95,259.77,-0.49,0.67,1.65,33.16
895,62887809,-949.22,-125.98,260.25,-0.79,0.73,1.65,33.35
896,62891859,-948.73,-131.84,263.67,-0.67,0.73,1.59,33.59
897,62895916,-952.15,-141.60,268.07,-1.04,0.98,1.59,33.25
898,62899965,-955.57,-135.74,268.07,-0.98,0.91,1.89,33.11
899,62905760,-954.10,-130.86,272.46,-1.10,1.22,1.83,33.35
900,62909809,-960.94,-131.35,270.51,-1.28,1.59,1.59,33.35
901,62913859,-965.33,-135.74,271.48,-1.22,1.52,1.40,33.35
902,62917916,-972.17,-125.49,261.72,-1.16,1.65,1.16,33.16
903,62921965,-976.56,-121.58,251.46,-1.46,1.77,0.73,33.25
904,62927760,-984.86,-116.70,251.46,-1.77,1.34,-0.18,33.35
905,62931809,-982.91,-113.77,248.54,-2.13,1.10,-1.34,33.35
906,62935859,-984.37,-123.05,245.12,-2.26,1.04,-1.59,33.59
907,62939916,-986.33,-131.84,249.02,-2.56,0.91,-2.07,33.68
908,62943965,-987.79,-139.16,245.12,-2.62,0.55,-2.38,33.16
909,62949760,-980.96,-154.30,247.07,-2.68,0.37,-1.71,33.49
910,62953809,-981.45,-159.67,249.51,-1.77,0.18,-1.46,33.35
911,62957859,-978.52,-152.83,250.00,-1.65,-0.37,-0.37,33.49
912,62961916,-977.05,-154.30,252.44,-1.59,-0.79,0.79,33.59
913,62965965,-968.75,-151.37,254.88,-1.40,-1.10,1.22,33.68
914,62971760,-969.73,-142.58,262.21,-1.16,-0.98,1.28,33.35
915,62975809,-966.80,-136.23,260.25,-1.04,-0.73,0.67,33.25
916,62979859,-971.19,-128.42,255.86,-0.79,-0.79,0.24,33.35
917,62983916,-966.31,-128.42,258.30,-0.73,-1.16,-0.37,33.64
918,62987965,-965.82,-137.70,252.44,-0.61,-0.91,-0.98,33.59
919,62993760,-961.43,-137.21,260.25,-0.91,-0.91,-1.40,33.59
920,62997809,-954.59,-130.86,257.32,-0.73,-1.10,-1.40,33.59
921,63001859,-954.10,-131.35,255.86,-0.91,-1.16,-1.28,33.35
922,63005916,-952.15,-125.49,251.95,-0.55,-1.46,-1.16,33.35
923,63011760,-952.15,-110.84,251.46,-0.85,-1.65,-1.04,33.35
924,63015809,-950.68,-110.84,252.93,-0.73,-1.83,-0.85,33.44
925,63019859,-947.27,-110.84,260.74,-1.16,-1.59,-1.04,33.59
926,63023916,-954.10,-112.30,256.84,-1.22,-1.40,-0.55,33.16
927,63027965,-955.57,-114.26,256.84,-1.59,-1.77,-0.37,33.35
928,63033760,-958.01,-115.72,256.84,-1.83,-1.65,-0.12,33.68
929,63037809,-963.87,-116.21,251.46,-1.95,-1.95,0.06,33.68
930,63041859,-969.73,-120.12,249.02,-2.32,-2.26,0.55,33.49
931,63045916,-964.84,-126.95,250.98,-2.38,-2.26,0.61,33.25
932,63049965,-965.82,-132.81,253.42,-2.32,-2.26,0.79,33.59
933,63055760,-967.29,-141.60,250.49,-2.01,-2.32,1.52,33.25
934,63059809,-964.84,-146.97,242.68,-2.01,-2.32,2.38,33.49
935,63063859,-966.80,-138.67,240.23,-1.89,-2.01,2.68,33.64
936,63067916,-964.84,-135.74,244.63,-1.65,-2.26,2.87,33.64
937,63071965,-967.29,-133.30,238.28,-1.52,-1.65,2.38,33.59
938,63077760,-964.36,-132.81,239.26,-1.59,-1.71,2.13,33.49
939,63081809,-966.80,-139.16,234.86,-1.34,-1.40,1.46,33.68
940,63085859,-968.75,-138.67,230.96,-1.34,-1.16,1.16,33.49
941,63089916,-974.61,-140.62,233.40,-1.16,-0.79,0.85,33.35
942,63093965,-975.10,-133.79,230.47,-0.79,-0.79,0.98,33.44
943,63099760,-976.56,-135.25,237.30,-0.61,-0.61,0.49,33.25
944,63103809,-976.07,-130.86,242.68,-0.49,-0.30,0.43,33.35
945,63107859,-972.66,-131.84,250.49,-0.43,-0.37,0.30,33.59
946,63111916,-977.54,-127.93,249.02,-0.12,-0.24,0.00,33.59
947,63115965,-975.59,-130.37,250.00,0.30,-0.12,-0.30,33.11
948,63121760,-975.10,-136.72,255.86,0.43,-0.18,-0.55,33.35
949,63125809,-979.00,-139.16,265.62,0.55,0.00,-0.06,33.16
950,63129859,-982.91,-136.23,254.88,0.79,-0.06,0.30,33.59
951,63133916,-981.93,-131.84,258.30,0.43,-0.24,0.79,33.35
952,63137965,-980.47,-123.54,261.23,0.61,-0.37,1.28,33.25
953,63143760,-981.45,-119.14,260.25,0.37,-0.30,1.46,33.25
954,63147809,-978.03,-116.21,259.77,0.00,-0.49,1.22,33.35
955,63151859,-977.54,-111.82,260.74,0.00,-0.12,1.34,33.44
956,63155916,-977.05,-110.35,259.28,-0.37,-0.06,0.91,33.64
957,63159965,-972.66,-105.47,259.77,-0.67,0.06,0.61,33.35
958,63165760,-981.45,-113.77,256.84,-1.10,0.30,0.24,33.35
959,63169809,-983.40,-118.65,254.39,-1.46,0.30,-0.18,33.35
960,63173859,-984.86,-128.91,256.84,-1.46,0.98,-0.24,33.25
961,63177916,-981.45,-134.28,254.88,-1.52,0.43,-0.79,33.49
962,63181965,-982.91,-144.04,251.95,-1.46,0.79,-0.79,33.30
963,63187760,-983.40,-157.71,252.44,-1.28,0.43,-1.04,33.35
964,63191809,-987.30,-157.71,262.70,-0.91,0.43,-0.67,33.64
965,63195859,-978.52,-155.27,260.74,-0.73,0.06,-0.30,33.30
966,63199916,-974.61,-145.51,258.79,-0.55,0.30,-0.18,33.49
967,63203965,-965.33,-139.65,258.30,-0.24,0.00,-0.24,33.78
968,63209760,-964.84,-134.77,260.74,-0.30,-0.18,-0.55,33.30
969,63213809,-953.61,-125.98,253.91,0.12,-0.24,-0.55,33.68
970,63217859,-949.22,-125.49,255.86,0.00,-0.18,-0.61,33.25
971,63221916,-947.75,-126.46,252.44,0.18,-0.37,-0.67,33.64
972,63225965,-949.71,-124.02,256.35,-0.06,-0.37,-0.79,33.44
973,63231760,-948.73,-126.46,251.46,-0.18,0.12,-0.67,33.59
974,63235809,-956.05,-125.49,250.98,-0.55,0.12,-0.49,33.64
975,63239859,-959.96,-123.54,246.09,-0.67,0.37,-0.49,33.25
976,63243916,-966.80,-129.39,243.16,-0.91,0.43,-0.43,33.59
977,63249760,-970.21,-126.46,236.33,-0.91,0.12,-0.18,33.64
978,63253809,-974.61,-130.86,242.19,-0.98,0.37,0.00,33.35
979,63257859,-970.70,-147.95,241.70,-0.79,0.18,0.37,33.49
980,63261916,-972.66,-150.39,241.70,-0.55,0.24,0.49,33.30
981,63265965,-968.26,-148.44,241.70,-0.24,0.55,0.85,33.35
982,63271760,-967.77,-152.83,248.54,-0.18,0.61,1.59,33.35
983,63275809,-959.96,-146.97,245.12,0.18,0.67,2.01,33.35
984,63279859,-960.94,-141.60,245.61,0.37,0.67,2.01,33.44
985,63283916,-964.36,-132.32,243.16,0.49,1.04,1.46,33.35
986,63287965,-969.73,-123.05,248.54,0.73,1.16,1.59,33.44
987,63293760,-967.29,-129.39,250.49,0.30,1.22,0.79,33.44
988,63297809,-962.40,-131.35,254.39,0.24,1.71,0.37,33.49
989,63301859,-971.19,-125.00,252.44,0.55,1.83,0.55,33.68
990,63305916,-975.10,-125.49,257.81,0.55,1.71,0.37,33.49
991,63309965,-973.14,-119.14,260.25,0.49,1.77,0.73,33.59
992,63315760,-966.31,-115.23,257.81,0.43,1.65,0.91,33.35
993,63319809,-969.24,-110.84,261.23,0.18,1.77,0.91,33.30
994,63323859,-973.63,-108.40,255.37,0.00,1.89,0.67,33.30
995,63327916,-973.14,-110.35,251.95,-0.18,1.77,0.37,33.35
996,63331965,-976.07,-113.77,249.02,-0.49,1.89,0.43,33.64
997,63337760,-979.98,-117.19,244.63,-0.61,1.71,0.12,33.25
998,63341809,-983.40,-126.95,243.16,-0.91,1.65,0.24,33.35
999,63345859,-984.37,-126.46,240.72,-0.79,1.77,0.43,33.44
1000,63349916,-982.91,-130.37,236.82,-0.98,1.52,0.98,33.44
1001,63353965,-984.86,-128.91,237.30,-1.16,1.46,0.49,33.30
1002,63359760,-980.47,-129.88,232.91,-1.04,0.91,0.30,33.16
1003,63363809,-979.98,-139.65,233.89,-0.91,0.73,0.00,33.11
1004,63367859,-984.86,-143.07,232.42,-0.79,0.55,-0.24,33.30
1005,63371916,-984.37,-143.55,235.35,-0.49,0.43,0.06,33.59
1006,63375965,-977.05,-142.09,234.37,-0.18,0.30,0.00,33.35
1007,63381760,-972.66,-143.07,236.82,-0.12,0.00,-0.37,33.49
1008,63385809,-969.24,-152.34,240.72,0.00,0.12,-0.24,33.35
1009,63389859,-966.31,-158.69,239.26,0.37,0.12,0.24,33.68
1010,63393916,-966.80,-155.27,236.82,0.37,0.37,0.30,33.35
1011,63397965,-961.91,-153.81,234.37,0.79,-0.12,0.55,33.25
1012,63403760,-961.91,-145.51,236.82,0.85,0.06,0.73,33.35
1013,63407809,-959.47,-145.51,242.68,1.04,0.24,0.61,33.35
1014,63411859,-960.94,-136.72,241.21,1.04,0.49,0.49,33.59
1015,63415916,-957.03,-128.42,242.19,1.04,0.12,0.61,33.59
1016,63419965,-956.05,-129.39,244.63,1.34,0.24,0.79,33.49
1017,63425760,-953.12,-133.79,247.07,1.28,-0.06,1.04,33.64
1018,63429809,-952.15,-138.18,246.58,1.34,0.12,1.10,33.35
1019,63433859,-946.78,-141.11,245.12,1.59,-0.06,1.77,33.30
1020,63437916,-948.24,-139.65,242.19,1.71,-0.06,2.38,33.59
1021,63441965,-945.31,-148.44,240.23,2.20,-0.12,3.17,33.35
1022,63447760,-944.82,-148.44,245.61,2.26,-0.37,3.90,33.49
1023,63451809,-950.20,-140.62,245.61,2.44,-0.43,5.30,33.49
1024,63455859,-947.75,-140.62,237.79,2.32,0.00,5.73,33.30
1025,63459916,-952.64,-131.35,240.23,2.38,-0.24,5.79,33.44
1026,63465760,-955.57,-118.16,240.72,2.20,-0.06,5.55,33.35
1027,63469809,-958.98,-110.84,246.58,1.89,0.18,5.12,33.59
1028,63473859,-963.38,-98.63,246.58,1.65,0.30,4.27,33.30
1029,63477916,-971.19,-103.52,240.23,1.28,0.30,3.54,33.06
1030,63481965,-971.19,-105.96,239.26,0.79,0.30,2.62,33.44
1031,63487760,-979.00,-114.26,240.72,0.79,0.30,2.26,33.11
1032,63491809,-977.54,-118.65,235.35,0.61,-0.06,1.95,33.44
1033,63495859,-978.52,-115.23,238.28,0.55,-0.49,2.26,33.35
1034,63499916,-974.12,-116.70,238.77,0.37,-0.24,2.32,33.35
1035,63503965,-971.19,-119.14,239.75,-0.06,-0.55,2.80,33.44
1036,63509760,-980.47,-119.14,236.82,-0.06,-0.79,2.50,33.59
1037,63513809,-977.54,-117.68,241.70,-0.49,-1.10,2.56,33.35
1038,63517859,-974.61,-121.09,244.14,-0.67,-1.10,2.26,33.35
1039,63521916,-985.35,-122.56,249.51,-0.91,-1.22,2.01,33.25
1040,63525965,-988.77,-137.70,244.63,-1.16,-1.46,2.07,33.44
1041,63531760,-986.33,-148.93,246.09,-1.28,-1.40,1.95,33.30
1042,63535809,-987.79,-158.69,239.75,-0.85,-1.83,2.87,33.49
1043,63539859,-978.52,-159.67,244.63,-0.73,-2.26,3.05,33.59
1044,63543916,-973.63,-159.18,247.07,-0.61,-2.50,4.09,33.35
1045,63547965,-970.21,-155.76,246.09,-0.55,-2.68,4.88,33.49
1046,63553760,-960.94,-159.67,250.98,-0.12,-2.62,5.00,33.35
1047,63557809,-955.08,-160.64,249.51,0.12,-2.50,5.43,33.44
1048,63561859,-954.59,-156.74,254.88,0.18,-2.50,5.37,33.59
1049,63565916,-951.17,-159.67,260.25,-0.06,-2.26,5.73,33.64
1050,63569965,-949.71,-155.76,262.70,0.18,-2.01,5.30,33.44
1051,63575760,-950.68,-147.95,261.72,0.24,-1.71,5.00,33.16
1052,63579809,-956.54,-138.18,259.28,-0.24,-1.52,4.82,33.25
1053,63583859,-961.91,-135.74,262.70,-0.12,-1.34,4.57,33.59
1054,63587916,-968.26,-131.84,268.55,-0.30,-0.85,4.76,33.44
1055,63591965,-969.24,-137.21,267.09,-0.49,-0.61,4.45,33.35
1056,63597760,-968.26,-145.02,271.48,-0.18,-0.37,4.27,33.49
1057,63601809,-978.52,-140.14,272.46,-0.43,0.00,4.94,33.25
1058,63605859,-981.45,-127.93,266.60,-0.79,-0.24,5.55,33.35
1059,63609916,-981.45,-128.91,270.51,-0.91,-0.37,5.49,33.49
1060,63613965,-978.03,-117.19,271.48,-1.22,-0.12,5.37,33.30
1061,63619760,-983.40,-109.37,267.58,-1.52,-0.30,5.18,33.16
1062,63623809,-983.89,-95.21,266.60,-2.26,-0.49,4.88,33.49
1063,63627859,-984.86,-97.17,267.09,-2.44,-1.04,4.45,33.59
1064,63631916,-981.45,-103.03,262.70,-3.35,-1.04,3.72,33.35
1065,63635965,-977.54,-105.47,265.62,-3.66,-1.04,3.35,33.44
1066,63641760,-980.47,-111.33,264.16,-3.78,-1.52,3.23,33.49
1067,63645809,-978.03,-111.82,263.67,-4.39,-1.77,2.80,33.25
1068,63649859,-978.03,-108.40,258.79,-4.70,-1.89,2.93,33.35
1069,63653916,-972.17,-114.26,256.84,-4.82,-1.65,2.87,33.49
1070,63657965,-974.12,-113.77,258.79,-5.12,-1.77,2.74,33.49
1071,63663760,-976.07,-110.84,252.44,-5.91,-1.77,2.38,33.64
1072,63667809,-972.17,-113.77,250.98,-5.91,-1.59,1.95,33.35
1073,63671859,-969.73,-120.12,248.05,-5.98,-1.46,1.52,33.16
1074,63675916,-967.29,-121.58,250.98,-6.04,-1.34,1.59,33.59
1075,63679965,-967.29,-128.91,244.14,-6.04,-1.52,1.40,33.35
1076,63685760,-972.66,-126.95,245.12,-5.67,-1.59,1.65,33.64
1077,63689809,-968.26,-126.95,246.58,-5.91,-1.71,1.95,33.35
1078,63693859,-968.75,-132.81,246.09,-5.49,-1.46,1.95,33.16
1079,63697916,-968.75,-136.72,243.65,-5.61,-1.46,1.89,33.44
1080,63703760,-965.33,-139.16,246.09,-5.49,-1.59,2.26,33.44
1081,63707809,-957.52,-140.14,250.49,-5.18,-1.59,2.80,33.25
1082,63711859,-964.84,-138.18,247.56,-4.88,-1.71,3.66,33.25
1083,63715916,-962.40,-135.74,249.51,-4.51,-1.77,3.96,33.44
1084,63719965,-958.98,-135.74,258.79,-4.33,-1.83,4.76,33.59
1085,63725760,-957.52,-137.70,256.84,-4.27,-1.28,4.82,33.64
1086,63729809,-953.61,-122.07,253.42,-3.72,-1.28,5.24,33.64
1087,63733859,-953.12,-113.77,251.46,-3.66,-1.04,5.12,33.35
1088,63737916,-957.52,-105.47,245.12,-3.90,-1.10,4.76,33.44
1089,63741965,-961.43,-103.52,247.56,-3.72,-0.91,4.09,33.49
1090,63747760,-973.63,-101.07,250.98,-4.21,-0.49,3.72,33.44
1091,63751809,-979.00,-104.98,251.46,-4.21,-0.67,3.35,33.35
1092,63755859,-969.24,-101.56,252.93,-4.39,-0.43,3.05,33.49
1093,63759916,-969.73,-110.35,248.54,-4.33,-0.49,2.93,33.49
1094,63763965,-974.61,-111.33,254.39,-4.15,-0.49,3.05,33.30
1095,63769760,-975.59,-114.75,249.02,-4.09,-0.67,3.78,33.64
1096,63773809,-975.59,-112.79,250.49,-3.78,-0.67,4.21,33.11
1097,63777859,-970.70,-102.54,254.39,-3.66,-0.61,4.70,33.59
1098,63781916,-973.63,-96.19,254.88,-3.96,-0.55,4.63,33.49
1099,63785965,-975.10,-94.24,250.49,-3.96,-0.67,4.70,33.44
1100,63791760,-974.12,-90.33,250.49,-4.09,-0.49,4.09,33.30
1101,63795809,-973.14,-93.75,246.09,-4.45,-0.12,3.48,33.16
1102,63799859,-978.52,-91.80,253.42,-4.27,-0.06,3.29,33.35
1103,63803916,-982.42,-102.05,250.49,-4.51,-0.37,2.80,33.35
1104,63807965,-982.91,-111.82,252.93,-4.27,0.06,3.05,33.25
1105,63813760,-979.98,-121.09,253.91,-3.96,0.12,2.93,33.35
1106,63817809,-980.96,-120.61,261.23,-3.72,0.30,3.60,33.35
1107,63821859,-974.12,-121.09,260.74,-3.29,0.55,3.90,33.59
1108,63825916,-977.05,-121.09,268.07,-3.11,0.37,4.33,33.35
1109,63829965,-976.07,-113.28,264.65,-2.87,1.04,4.45,33.35
1110,63835760,-974.61,-109.37,262.21,-2.74,1.28,4.21,33.25
1111,63839809,-976.07,-114.75,258.79,-2.44,1.83,3.78,33.49
1112,63843859,-978.03,-114.26,256.35,-2.44,1.83,3.48,33.44
1113,63847916,-979.00,-118.16,256.84,-2.38,2.32,2.93,33.49
1114,63851965,-979.49,-123.54,251.46,-1.77,2.50,3.41,33.11
1115,63857760,-981.93,-117.68,250.49,-2.07,2.80,3.54,33.59
1116,63861809,-982.42,-100.10,247.07,-2.01,2.74,3.48,33.64
1117,63865859,-983.89,-93.26,244.63,-2.01,2.74,3.23,33.59
1118,63869916,-986.82,-83.50,245.61,-2.32,2.93,2.74,33.35
1119,63873965,-987.30,-83.01,251.46,-2.32,2.93,2.13,33.64
1120,63879760,-986.33,-86.43,254.88,-2.56,2.93,1.52,33.49
1121,63883809,-985.35,-81.54,251.95,-2.62,2.99,1.34,33.68
1122,63887859,-987.79,-77.15,251.46,-2.87,2.68,1.40,33.16
1123,63891916,-988.77,-92.29,248.05,-2.93,2.38,1.22,33.64
1124,63895965,-984.86,-98.14,254.88,-2.93,2.07,1.65,33.49
1125,63901760,-980.96,-104.49,254.39,-2.62,1.83,1.89,33.35
1126,63905809,-975.10,-98.14,250.49,-2.50,1.28,2.74,33.44
1127,63909859,-967.29,-97.17,248.05,-2.38,1.04,3.23,33.25
1128,63913916,-966.80,-99.12,245.61,-2.44,0.61,3.54,33.49
1129,63919760,-960.45,-103.52,249.51,-2.01,0.18,3.72,33.59
1130,63923809,-951.17,-93.26,247.56,-1.95,0.06,3.54,33.49
1131,63927859,-958.98,-82.52,245.61,-1.89,0.18,2.99,33.44
1132,63931916,-951.17,-78.12,239.26,-2.26,0.24,2.50,33.25
1133,63935965,-963.38,-88.38,238.28,-2.44,0.18,1.52,33.25
1134,63941760,-964.84,-103.03,240.23,-2.38,0.30,0.91,33.16
1135,63945809,-964.36,-117.19,234.86,-2.32,-0.06,0.73,33.49
1136,63949859,-971.19,-123.05,235.35,-2.07,0.00,1.22,33.44
1137,63953916,-964.84,-125.49,236.33,-1.65,-0.24,1.40,33.30
1138,63957965,-965.82,-125.49,237.30,-1.65,-0.12,2.13,33.49
1139,63963760,-959.96,-119.14,240.23,-1.22,-0.43,2.80,33.49
1140,63967809,-964.84,-104.49,239.26,-1.10,-0.12,3.23,33.35
1141,63971859,-968.75,-88.38,237.79,-0.98,0.00,2.80,33.35
1142,63975916,-965.82,-84.96,237.79,-1.16,0.00,2.07,33.35
1143,63979965,-967.77,-86.91,240.23,-1.59,0.18,1.10,33.59
1144,63985760,-972.66,-92.77,240.23,-1.71,0.43,0.24,33.44
1145,63989809,-987.30,-96.19,237.79,-1.95,0.30,0.43,33.49
1146,63993859,-990.23,-102.54,238.77,-1.83,0.06,0.79,33.78
1147,63997916,-989.75,-105.47,245.12,-1.83,-0.37,0.79,33.35
1148,64001965,-991.21,-107.91,245.61,-1.77,0.00,0.98,33.49
1149,64007760,-986.33,-103.52,243.16,-1.89,0.00,1.22,33.16
1150,64011809,-990.23,-95.21,242.19,-1.71,-0.18,1.46,33.06
1151,64015859,-985.84,-89.84,245.12,-1.71,-0.61,1.40,33.35
1152,64019916,-980.47,-90.33,242.68,-1.89,-0.67,0.98,33.44
1153,64023965,-974.61,-95.70,249.51,-2.07,-0.79,0.67,33.64
1154,64029760,-973.14,-95.70,253.42,-2.01,-0.79,0.30,33.35
1155,64033809,-970.21,-98.14,257.32,-1.89,-0.73,0.18,33.25
1156,64037859,-973.14,-102.05,255.37,-2.07,-0.67,0.18,33.25
1157,64041916,-976.07,-106.45,257.81,-1.83,-0.85,0.00,33.49
1158,64045965,-970.70,-105.96,254.88,-1.95,-0.79,0.06,33.11
1159,64051760,-973.63,-104.98,252.93,-1.77,-1.04,0.12,33.11
1160,64055809,-966.80,-107.91,248.54,-1.77,-1.16,0.12,33.30
1161,64059859,-974.61,-113.77,247.07,-1.77,-1.04,0.67,33.49
1162,64063916,-971.68,-104.98,239.26,-2.07,-0.98,0.91,33.59
1163,64067965,-972.66,-97.66,241.70,-2.01,-1.28,1.16,33.25
1164,64073760,-969.24,-98.63,235.84,-1.77,-1.65,1.28,33.44
1165,64077809,-968.26,-96.68,237.30,-2.26,-1.46,1.16,33.49
1166,64081859,-969.24,-95.21,241.70,-2.26,-1.77,1.16,33.35
1167,64085916,-965.33,-97.66,245.61,-2.50,-1.46,1.46,33.78
1168,64089965,-960.45,-93.75,253.42,-2.44,-1.28,1.46,33.44
1169,64095760,-964.36,-98.14,256.84,-2.62,-1.10,1.40,33.64
1170,64099809,-965.82,-103.03,256.35,-2.50,-1.10,1.16,33.35
1171,64103859,-961.43,-104.49,259.77,-2.38,-1.16,1.34,33.49
1172,64107916,-965.33,-114.75,254.88,-2.56,-0.73,1.22,33.64
1173,64111965,-963.38,-111.82,255.37,-2.26,-0.61,1.10,33.59
1174,64117760,-963.87,-110.35,252.44,-2.32,-0.61,1.04,33.44
1175,64121809,-970.70,-106.45,242.19,-2.13,-0.43,0.67,33.35
1176,64125859,-974.12,-115.23,243.65,-2.26,-0.43,0.67,33.16
1177,64129916,-968.26,-114.75,244.14,-2.26,-0.49,0.37,33.49
1178,64133965,-971.68,-122.56,241.21,-2.07,-0.55,0.18,33.25
1179,64139760,-969.24,-126.46,240.72,-1.83,-0.73,0.06,33.59
1180,64143809,-975.59,-112.79,238.77,-1.95,-0.98,0.61,33.35
1181,64147859,-974.12,-106.45,237.30,-1.77,-1.16,0.98,33.16
1182,64151916,-973.63,-102.05,238.77,-1.77,-1.10,1.16,33.44
1183,64157760,-976.07,-95.21,244.63,-2.07,-1.16,1.22,33.49
1184,64161809,-976.07,-92.77,248.05,-2.26,-0.98,1.22,33.35
1185,64165859,-979.49,-84.96,252.44,-2.20,-0.79,1.22,33.59
1186,64169916,-971.19,-83.98,255.86,-2.44,-0.79,1.52,32.97
1187,64173965,-974.12,-80.57,262.21,-2.80,-0.85,1.34,33.64
1188,64179760,-973.14,-87.89,260.25,-2.62,-0.55,0.79,33.35
1189,64183809,-972.66,-87.40,260.74,-3.17,-0.67,1.22,33.35
1190,64187859,-976.56,-83.01,249.51,-2.87,-0.49,1.22,33.64
1191,64191916,-979.49,-88.38,251.95,-2.80,-0.30,1.10,33.35
1192,64195965,-982.42,-83.98,246.58,-3.29,-0.61,0.91,33.59
1193,64201760,-984.86,-85.45,246.58,-3.48,-0.67,1.04,33.64
1194,64205809,-978.52,-92.29,235.84,-3.96,-0.91,0.18,33.44
1195,64209859,-985.84,-101.56,236.33,-3.96,-1.22,0.00,33.35
1196,64213916,-985.84,-112.79,235.84,-3.78,-1.52,-0.06,33.59
1197,64217965,-985.84,-121.58,234.86,-3.84,-1.65,0.30,33.44
1198,64223760,-990.72,-126.95,230.96,-3.90,-1.65,0.37,33.49
1199,64227809,-985.84,-125.00,229.49,-3.29,-1.95,1.16,33.59
1200,64231859,-984.37,-127.93,232.91,-3.11,-1.77,1.28,33.64
1201,64235916,-983.40,-130.37,241.21,-2.99,-2.01,1.59,33.44
1202,64239965,-980.96,-133.79,236.82,-2.68,-1.89,1.59,33.44
1203,64245760,-976.56,-131.35,234.37,-2.38,-2.01,1.71,33.30
1204,64249809,-972.66,-125.98,239.75,-2.01,-2.01,1.95,33.49
1205,64253859,-967.29,-120.61,237.79,-1.95,-2.01,1.71,33.35
1206,64257916,-962.40,-123.54,237.79,-1.28,-1.52,1.34,33.35
1207,64261965,-958.50,-113.28,248.05,-1.16,-1.34,0.91,33.16
1208,64267760,-959.96,-98.14,246.58,-1.10,-0.55,0.61,33.25
1209,64271809,-961.43,-92.29,249.02,-1.16,-0.12,-0.06,33.35
1210,64275859,-961.91,-85.45,248.54,-1.46,0.24,-0.55,33.49
1211,64279916,-969.24,-83.50,251.46,-1.65,0.37,-1.04,33.44
1212,64283965,-973.14,-81.54,252.93,-1.83,1.04,-0.91,33.30
1213,64289760,-979.49,-76.66,252.44,-2.07,0.98,-1.65,33.16
1214,64293809,-979.00,-70.31,247.07,-2.62,1.16,-1.28,33.44
1215,64297859,-981.93,-66.89,242.19,-2.87,1.04,-1.16,33.44
1216,64301916,-984.37,-69.34,237.79,-3.29,0.79,-0.91,33.59
1217,64305965,-981.45,-85.45,238.77,-3.60,0.37,-0.73,33.16
1218,64311760,-980.96,-89.36,236.33,-3.72,0.06,-0.67,33.35
1219,64315809,-976.56,-108.89,238.28,-3.54,-0.55,0.37,33.49
1220,64319859,-972.66,-121.09,236.82,-3.72,-0.61,0.85,33.35
1221,64323916,-968.75,-131.84,240.23,-3.35,-0.98,1.95,33.44
1222,64327965,-961.43,-138.18,237.30,-2.99,-1.52,2.50,33.64
1223,64333760,-960.94,-142.58,240.23,-2.50,-1.65,3.05,33.49
1224,64337809,-950.68,-146.97,237.30,-2.20,-1.46,3.29,33.49
1225,64341859,-956.54,-136.72,241.21,-1.65,-1.71,3.17,33.35
1226,64345916,-949.71,-132.81,245.12,-1.22,-1.52,2.56,33.59
1227,64349965,-953.61,-130.37,240.23,-0.91,-1.40,1.71,33.35
1228,64355760,-954.59,-134.77,244.14,-0.30,-1.10,0.61,33.68
1229,64359809,-955.08,-129.39,236.82,0.30,-1.04,-0.12,33.16
1230,64363859,-957.03,-124.51,233.40,0.55,-0.67,-0.67,33.35
1231,64367916,-957.03,-125.00,231.45,0.73,-0.55,-0.85,33.64
1232,64373760,-958.50,-121.58,229.98,1.22,-0.49,-1.10,33.35
1233,64377809,-965.82,-126.46,234.37,1.59,-0.49,-0.85,33.44
1234,64381859,-963.87,-121.58,234.37,1.65,-0.73,0.00,33.25
1235,64385916,-971.68,-116.21,232.42,2.01,-0.98,0.79,33.35
1236,64389965,-965.82,-111.33,229.98,1.89,-1.10,1.65,33.35
1237,64395760,-969.73,-96.68,238.77,1.89,-1.04,2.50,33.25
1238,64399809,-977.05,-75.20,243.16,1.59,-1.28,3.23,33.68
1239,64403859,-981.93,-57.13,250.00,1.16,-1.40,3.48,33.25
1240,64407916,-983.40,-38.09,253.91,0.85,-1.71,3.66,33.16
1241,64411965,-983.89,-32.71,253.91,0.30,-1.89,3.05,33.49
1242,64417760,-988.77,-39.06,257.81,-0.73,-2.07,2.20,33.44
1243,64421809,-991.70,-47.36,260.74,-1.83,-2.07,1.59,33.64
1244,64425859,-992.19,-63.48,258.79,-2.26,-2.38,1.46,33.64
1245,64429916,-987.30,-84.47,256.84,-2.56,-2.44,1.71,33.59
1246,64433965,-987.79,-107.42,257.81,-2.74,-2.74,2.32,33.35
1247,64439760,-984.86,-119.63,253.42,-2.87,-2.87,3.23,33.44
1248,64443809,-980.47,-123.54,255.37,-2.62,-3.17,4.33,33.49
1249,64447859,-979.49,-119.14,254.88,-2.56,-2.87,4.70,33.44
1250,64451916,-982.42,-119.63,259.28,-2.38,-2.99,5.06,33.35
1251,64455965,-986.33,-110.84,254.39,-2.50,-2.50,4.45,33.49
1252,64461760,-985.35,-92.29,251.46,-2.13,-2.07,4.09,33.11
1253,64465809,-991.21,-81.05,248.05,-2.50,-1.89,2.26,33.16
1254,64469859,-988.77,-92.29,252.44,-2.99,-1.59,0.67,33.59
1255,64473916,-988.77,-100.10,251.46,-2.80,-1.34,-0.49,33.35
1256,64477965,-987.30,-118.65,245.61,-2.74,-0.98,-1.28,33.35
1257,64483760,-987.30,-121.58,246.09,-2.32,-1.10,-1.22,33.30
1258,64487809,-981.93,-123.54,243.16,-2.26,-1.34,-0.85,33.25
1259,64491859,-981.45,-114.75,244.14,-2.01,-1.34,-0.30,33.49
1260,64495916,-975.59,-97.17,246.09,-2.32,-1.52,-0.12,33.44
1261,64499965,-970.70,-95.21,249.51,-2.13,-1.52,-0.06,33.35
1262,64505760,-965.33,-95.70,249.51,-2.32,-1.16,0.06,33.30
1263,64509809,-965.33,-94.24,250.98,-2.68,-1.22,0.37,33.25
1264,64513859,-965.33,-88.87,248.54,-2.26,-0.85,0.43,33.49
1265,64517916,-964.84,-85.94,252.44,-3.23,-0.73,0.98,33.35
1266,64521965,-965.33,-82.03,257.81,-3.05,-0.67,1.16,33.06
1267,64527760,-964.36,-78.12,264.65,-3.35,-0.43,1.16,33.44
1268,64531809,-968.75,-80.08,254.39,-3.78,0.06,0.91,33.59
1269,64535859,-975.59,-79.59,252.93,-3.72,0.06,0.37,33.44
1270,64539916,-979.00,-87.89,249.51,-4.33,0.18,0.24,33.16
1271,64543965,-983.40,-91.80,244.63,-4.57,-0.12,0.12,33.59
1272,64549760,-978.52,-98.63,249.51,-4.39,-0.18,0.18,33.35
1273,64553809,-978.03,-106.93,242.68,-4.27,-0.55,-0.06,33.49
1274,64557859,-981.45,-105.96,242.19,-4.27,-0.43,-0.18,33.59
1275,64561916,-981.93,-112.79,236.33,-4.21,-0.85,0.24,33.49
1276,64565965,-972.66,-113.28,237.79,-4.02,-0.98,0.37,33.49
1277,64571760,-970.21,-123.05,240.72,-3.72,-1.40,0.24,33.49
1278,64575809,-966.31,-130.37,246.09,-3.54,-1.52,0.00,33.49
1279,64579859,-968.26,-134.77,241.70,-3.23,-1.40,0.37,33.11
1280,64583916,-968.26,-124.51,241.70,-2.87,-1.95,0.43,33.35
1281,64587965,-965.82,-120.61,244.63,-2.68,-2.01,0.61,33.25
1282,64593760,-964.36,-117.68,245.12,-2.62,-2.13,0.61,33.59
1283,64597809,-961.91,-106.45,246.09,-2.13,-2.32,0.49,33.64
1284,64601859,-961.43,-100.10,250.49,-2.07,-1.95,0.37,33.25
1285,64605916,-960.94,-96.19,248.05,-2.07,-2.13,-0.12,33.44
1286,64611760,-961.43,-85.94,246.58,-2.32,-1.89,-0.24,33.59
1287,64615809,-965.82,-71.78,249.02,-2.44,-1.89,-0.67,33.49
1288,64619859,-969.24,-64.94,238.77,-2.93,-2.01,-1.22,33.49
1289,64623916,-977.05,-65.43,239.26,-2.99,-1.77,-1.77,33.30
1290,64627965,-978.52,-66.41,244.14,-3.48,-2.13,-2.01,33.64
1291,64633760,-982.42,-79.59,242.19,-3.60,-2.26,-2.26,33.35
1292,64637809,-982.91,-96.68,244.14,-3.72,-2.68,-1.65,33.49
1293,64641859,-977.05,-99.61,244.14,-3.60,-2.87,-0.43,33.49
1294,64645916,-977.54,-103.03,246.58,-3.72,-3.23,0.30,33.16
1295,64649965,-974.12,-96.68,247.56,-3.41,-3.35,1.10,33.49
1296,64655760,-972.17,-97.66,252.93,-3.35,-3.23,0.98,33.30
1297,64659809,-967.29,-101.07,251.46,-3.60,-3.11,0.79,33.35
1298,64663859,-966.31,-106.93,248.54,-3.41,-2.87,0.49,33.59
1299,64667916,-966.80,-110.84,250.00,-3.41,-2.99,0.24,33.44
1300,64671965,-973.14,-118.16,247.07,-3.11,-2.62,-0.12,33.59
1301,64677760,-974.61,-121.58,248.05,-3.11,-2.56,-0.12,33.83
1302,64681809,-974.61,-123.05,248.05,-2.38,-2.26,-0.43,33.25
1303,64685859,-966.80,-126.95,249.51,-2.62,-2.32,0.00,33.44
1304,64689916,-971.68,-129.88,245.61,-2.20,-1.77,-0.30,33.35
1305,64693965,-972.66,-129.88,250.00,-2.01,-1.71,-0.24,33.49
1306,64699760,-972.66,-125.98,246.58,-1.59,-1.65,-0.24,33.30
1307,64703809,-967.29,-118.16,252.44,-0.98,-1.28,-0.12,33.35
1308,64707859,-969.24,-106.45,249.51,-1.04,-1.34,0.24,33.44
1309,64711916,-965.33,-99.61,254.88,-0.85,-1.22,-0.37,33.35
1310,64715965,-971.19,-97.66,254.39,-0.85,-1.22,-0.61,33.49
1311,64721760,-972.66,-90.82,254.39,-0.67,-1.22,-0.73,33.11
1312,64725809,-979.49,-81.54,251.46,-0.91,-0.98,-0.43,33.35
1313,64729859,-979.98,-79.10,248.05,-1.28,-0.98,-0.85,33.44
1314,64733916,-983.40,-80.08,250.49,-1.46,-1.34,-0.85,33.68
1315,64737965,-988.28,-78.61,252.93,-1.77,-1.28,-1.04,33.16
1316,64743760,-987.79,-75.68,256.35,-1.83,-1.59,-1.04,33.35
1317,64747809,-980.96,-83.01,253.42,-2.38,-1.71,-0.67,33.49
1318,64751859,-984.37,-76.17,258.79,-2.50,-1.65,-0.49,33.64
1319,64755916,-978.52,-82.03,253.42,-2.38,-2.07,-0.43,33.30
1320,64759965,-981.93,-86.91,254.88,-2.50,-1.89,-0.49,33.30
1321,64765760,-979.49,-93.75,253.42,-2.87,-2.20,-0.61,33.35
1322,64769809,-975.10,-94.24,261.23,-3.05,-2.01,-0.79,33.49
1323,64773859,-973.63,-101.56,260.74,-2.87,-2.26,-0.61,33.59
1324,64777916,-971.19,-105.96,256.84,-2.93,-2.44,-0.67,33.44
1325,64781965,-970.70,-108.89,257.32,-2.62,-2.50,-0.73,33.30
1326,64787760,-972.17,-115.72,259.77,-2.62,-2.07,-0.79,33.35
1327,64791809,-965.33,-119.63,255.86,-2.13,-2.26,-0.91,33.49
1328,64795859,-968.75,-121.58,249.51,-1.83,-2.20,-1.04,33.30
1329,64799916,-966.80,-122.07,247.56,-1.89,-1.89,-1.46,33.49
1330,64803965,-965.82,-119.63,246.09,-1.59,-2.07,-1.34,33.68
1331,64809760,-967.77,-123.05,247.56,-1.46,-2.01,-1.40,33.35
1332,64813809,-960.94,-123.54,244.14,-0.98,-1.95,-1.71,33.44
1333,64817859,-962.89,-120.61,239.75,-0.73,-2.13,-1.52,33.11
1334,64821916,-969.24,-118.65,243.65,-0.49,-2.01,-1.46,33.59
1335,64827760,-969.24,-122.56,240.23,-0.24,-1.89,-0.91,33.16
1336,64831809,-970.70,-108.89,246.09,-0.18,-1.89,-0.61,33.68
1337,64835859,-965.33,-99.61,245.61,-0.12,-2.01,-0.24,33.59
1338,64839916,-965.82,-97.17,251.95,-0.24,-1.77,-0.06,33.49
1339,64843965,-964.84,-96.19,248.05,-0.12,-1.71,0.00,33.44
1340,64849760,-966.31,-102.05,254.88,-0.30,-1.52,0.06,33.49
1341,64853809,-956.54,-113.28,252.93,-0.18,-1.40,0.43,33.49
1342,64857859,-954.10,-114.75,255.37,0.18,-1.22,0.98,33.64
1343,64861916,-958.01,-119.63,252.93,0.37,-1.40,1.22,33.16
1344,64865965,-956.54,-120.61,246.09,0.30,-1.52,1.77,33.30
1345,64871760,-955.08,-119.14,245.12,1.10,-0.98,2.01,33.78
1346,64875809,-946.78,-124.02,247.07,0.91,-0.79,2.44,33.30
1347,64879859,-951.17,-119.63,252.93,1.40,-0.85,2.32,33.49
1348,64883916,-951.66,-117.19,248.54,1.77,-0.55,2.07,33.44
1349,64887965,-959.96,-106.45,244.14,1.83,-0.37,1.52,33.59
1350,64893760,-964.84,-104.49,244.14,1.59,0.06,1.10,33.49
1351,64897809,-972.66,-108.89,248.05,1.71,0.12,0.18,33.35
1352,64901859,-980.96,-106.93,253.91,1.83,0.18,-0.06,33.44
1353,64905916,-984.37,-106.93,255.37,1.89,0.30,-0.37,33.78
1354,64909965,-980.47,-108.40,254.39,1.77,0.73,-0.85,33.49
1355,64915760,-994.14,-111.82,256.35,1.89,0.55,-0.79,33.35
1356,64919809,-988.77,-115.23,257.32,1.89,0.24,-0.73,33.11
1357,64923859,-988.77,-106.93,261.23,2.32,0.24,-0.98,33.44
1358,64927916,-987.79,-101.56,261.72,1.95,0.12,-0.61,33.49
1359,64931965,-979.98,-98.63,264.16,1.95,0.06,-1.10,33.59
1360,64937760,-979.98,-93.75,262.21,1.71,-0.30,-1.10,33.11
1361,64941809,-976.07,-93.26,263.67,1.22,0.00,-1.28,33.35
1362,64945859,-974.61,-78.12,267.09,1.10,-0.24,-1.28,33.64
1363,64949916,-975.10,-79.10,260.74,0.73,-0.12,-1.59,33.44
1364,64953965,-977.05,-76.17,267.58,0.18,0.00,-1.89,33.11
1365,64959760,-978.03,-88.38,266.60,-0.12,-0.06,-2.38,33.25
1366,64963809,-979.98,-90.82,268.07,-0.37,-0.24,-2.32,33.49
1367,64967859,-978.03,-97.17,266.11,-0.98,-0.30,-2.32,33.35
1368,64971916,-976.56,-109.86,267.58,-0.85,-0.18,-1.89,33.59
1369,64975965,-978.52,-109.37,262.21,-1.22,-0.24,-1.16,33.30
1370,64981760,-987.30,-105.96,260.25,-1.28,0.24,-0.55,33.49
1371,64985809,-979.00,-99.12,261.72,-1.52,-0.12,-0.12,33.35
1372,64989859,-979.98,-103.52,265.14,-1.59,0.06,-0.06,33.68
1373,64993916,-977.54,-112.79,267.09,-1.71,0.06,0.06,33.35
1374,64997965,-981.93,-122.07,271.00,-1.52,0.12,0.00,33.59
1375,65003760,-981.93,-126.95,273.44,-1.52,0.00,0.73,33.35
1376,65007809,-977.05,-130.86,268.55,-1.59,0.18,0.98,33.25
1377,65011859,-969.24,-121.09,274.90,-1.28,-0.12,0.73,33.49
1378,65015916,-967.77,-117.19,269.53,-1.40,-0.06,1.04,33.49
1379,65019965,-965.82,-115.72,267.09,-1.34,0.06,0.91,33.49
1380,65025760,-961.91,-118.65,264.65,-1.22,-0.18,0.24,33.49
1381,65029809,-964.36,-118.16,263.67,-1.28,-0.18,0.06,33.30
1382,65033859,-969.24,-118.16,262.70,-1.34,-0.43,0.12,33.35
1383,65037916,-970.21,-122.07,258.30,-1.40,-0.12,-0.30,33.83
1384,65041965,-969.24,-118.65,257.32,-1.16,-0.24,-0.30,33.25
1385,65047760,-971.19,-118.16,257.81,-1.22,-0.18,-0.37,33.44
1386,65051809,-974.61,-111.82,255.37,-1.22,-0.18,-0.30,33.35
1387,65055859,-978.03,-106.45,258.30,-1.40,-0.30,-0.30,33.35
1388,65059916,-982.91,-100.59,257.32,-1.65,-0.30,-0.67,33.49
1389,65065760,-979.49,-93.75,254.88,-1.77,-0.55,-0.73,33.30
1390,65069809,-975.10,-95.21,255.86,-1.83,-0.43,-1.28,33.35
1391,65073859,-974.12,-95.70,263.18,-1.89,-0.79,-1.04,33.35
1392,65077916,-972.17,-95.70,260.74,-1.89,-0.98,-1.28,33.16
1393,65081965,-969.24,-95.21,260.25,-2.13,-1.16,-1.40,33.35
1394,65087760,-967.29,-101.56,257.81,-2.38,-1.34,-0.98,33.49
1395,65091809,-964.36,-96.19,257.32,-2.68,-1.40,-0.67,33.49
1396,65095859,-959.47,-88.87,258.79,-2.80,-1.46,-0.61,33.49
1397,65099916,-949.22,-90.82,257.81,-2.93,-1.65,-0.43,32.97
1398,65103965,-953.12,-92.77,254.39,-2.87,-1.71,-0.55,33.59
1399,65109760,-953.61,-102.05,251.95,-2.87,-1.46,-0.37,33.35
1400,65113809,-954.59,-107.91,253.91,-3.11,-1.65,0.12,33.59
1401,65117859,-954.10,-112.30,252.93,-2.87,-1.59,0.18,33.59
1402,65121916,-958.98,-119.14,247.56,-2.93,-1.28,0.49,33.35
1403,65125965,-958.50,-122.07,248.54,-2.87,-1.22,0.37,33.49
1404,65131760,-958.50,-123.54,247.56,-2.32,-1.16,0.49,33.49
1405,65135809,-958.01,-131.35,242.19,-2.50,-1.22,0.61,33.25
1406,65139859,-962.89,-131.35,240.72,-2.13,-1.28,0.73,33.44
1407,65143916,-967.77,-127.44,240.72,-1.77,-1.16,1.10,33.49
1408,65147965,-970.21,-127.93,239.75,-1.65,-1.22,1.83,33.49
1409,65153760,-964.36,-118.16,247.56,-1.40,-1.28,2.13,33.35
1410,65157809,-966.80,-121.09,247.56,-0.91,-1.40,2.32,33.25
1411,65161859,-967.29,-118.16,249.51,-0.85,-1.40,2.56,33.35
1412,65165916,-966.80,-113.28,256.84,-0.67,-1.22,2.80,33.44
1413,65169965,-965.33,-110.35,261.23,-0.61,-0.85,3.17,33.16
1414,65175760,-972.66,-104.49,262.21,-0.61,-1.10,3.05,33.59
1415,65179809,-973.63,-86.91,262.21,-0.67,-0.49,2.93,33.64
1416,65183859,-979.98,-86.91,260.74,-0.98,-0.49,2.93,33.35
1417,65187916,-981.45,-83.01,264.16,-1.28,-0.12,2.13,33.49
1418,65191965,-979.49,-90.82,265.14,-1.46,0.06,1.65,33.44
1419,65197760,-986.82,-96.19,267.58,-1.46,-0.06,1.40,33.35
1420,65201809,-990.23,-99.12,265.14,-1.77,0.18,1.10,33.68
1421,65205859,-986.82,-99.61,267.09,-1.77,-0.18,1.16,33.35
1422,65209916,-985.35,-106.45,266.11,-1.71,0.12,1.34,33.59
1423,65213965,-991.21,-104.98,269.53,-1.52,0.37,1.22,33.16
1424,65219760,-987.30,-102.05,264.16,-1.52,0.43,0.91,33.35
1425,65223809,-986.33,-104.00,263.18,-1.65,0.55,1.04,33.64
1426,65227859,-982.42,-100.59,266.11,-1.89,0.30,0.49,33.30
1427,65231916,-982.42,-102.54,261.23,-2.07,0.49,0.30,33.44
1428,65235965,-985.35,-105.96,262.21,-2.38,0.61,-0.37,33.35
1429,65241760,-983.40,-106.45,262.70,-2.50,0.67,-0.91,33.59
1430,65245809,-983.40,-112.30,265.62,-2.62,0.98,-1.10,33.44
1431,65249859,-983.89,-111.82,271.00,-2.44,1.04,-1.10,33.35
1432,65253916,-978.52,-111.33,265.14,-2.38,1.34,-1.34,33.35
1433,65257965,-978.52,-110.35,261.23,-2.56,1.40,-1.16,33.44
1434,65263760,-974.12,-117.68,257.32,-2.44,1.16,-1.10,33.64
1435,65267809,-979.00,-106.93,260.25,-2.44,0.85,-1.40,33.35
1436,65271859,-974.12,-104.00,259.28,-2.74,0.79,-0.98,33.35
1437,65275916,-972.17,-101.56,261.72,-2.80,0.91,-1.16,33.49
1438,65281760,-970.21,-104.49,258.79,-3.17,1.04,-1.65,33.64
1439,65285809,-972.66,-102.54,258.79,-3.41,1.40,-2.20,33.44
1440,65289859,-971.19,-107.42,259.28,-3.17,1.16,-2.07,33.59
1441,65293916,-970.70,-108.89,258.30,-3.29,1.16,-2.13,33.11
1442,65297965,-975.10,-109.86,252.93,-3.54,1.28,-2.13,33.35
1443,65303760,-978.52,-102.54,251.95,-3.29,1.04,-2.01,33.59
1444,65307809,-976.07,-106.45,250.49,-3.48,1.04,-1.46,33.49
1445,65311859,-970.21,-107.91,252.44,-3.48,0.67,-1.34,33.25
1446,65315916,-971.19,-112.79,256.84,-3.41,0.67,-1.04,33.30
1447,65319965,-965.82,-114.26,258.30,-3.54,0.18,-0.73,33.64
1448,65325760,-965.33,-107.91,247.07,-3.66,0.30,-0.18,33.59
1449,65329809,-965.82,-108.89,246.09,-3.60,0.24,0.06,33.49
1450,65333859,-963.87,-109.37,248.05,-3.66,-0.18,0.55,33.11
1451,65337916,-957.03,-117.68,254.88,-3.48,-0.18,0.85,33.49
1452,65341965,-956.54,-115.72,250.00,-3.54,-0.18,1.10,33.44
1453,65347760,-956.54,-110.84,251.46,-3.48,-0.06,0.67,33.68
1454,65351809,-958.50,-105.47,245.12,-3.05,-0.49,0.37,33.35
1455,65355859,-961.91,-107.91,248.05,-3.78,-0.73,0.30,33.59
1456,65359916,-964.84,-108.40,250.98,-3.41,-0.43,0.12,33.44
1457,65363965,-965.33,-115.72,253.91,-3.84,-0.55,0.24,33.35
1458,65369760,-961.43,-114.26,251.95,-3.66,-0.37,0.49,33.30
1459,65373809,-962.40,-119.63,251.46,-3.84,-0.79,1.04,33.11
1460,65377859,-959.96,-116.70,254.39,-3.54,-0.61,0.98,33.44
1461,65381916,-963.38,-112.30,253.91,-3.60,-0.91,1.34,33.35
1462,65385965,-961.91,-106.45,254.88,-3.29,-1.04,1.52,33.25
1463,65391760,-968.75,-101.56,254.39,-3.48,-0.98,0.98,33.35
1464,65395809,-963.87,-97.17,253.91,-3.96,-0.85,0.67,33.25
1465,65399859,-969.73,-102.54,252.93,-4.39,-0.55,0.49,33.35
1466,65403916,-971.68,-97.17,253.91,-4.45,-0.61,0.12,33.30
1467,65407965,-971.68,-100.59,247.07,-4.57,-0.43,0.06,33.16
1468,65413760,-974.12,-105.47,244.14,-4.94,-0.30,0.06,33.35
1469,65417809,-978.03,-117.19,239.75,-4.63,-0.61,-0.18,33.59
1470,65421859,-973.63,-119.63,241.70,-4.76,-0.73,-0.06,33.35
1471,65425916,-976.07,-113.28,240.72,-4.57,-0.67,0.18,33.59
1472,65429965,-979.98,-116.21,240.23,-4.70,-0.85,0.30,33.11
1473,65435760,-977.54,-115.23,245.12,-4.88,-0.79,0.18,33.44
1474,65439809,-979.00,-120.12,243.16,-4.33,-1.04,0.43,33.59
1475,65443859,-984.86,-118.65,239.26,-4.27,-1.04,0.18,33.49
1476,65447916,-980.47,-119.14,241.21,-3.96,-1.28,0.24,33.49
1477,65451965,-978.52,-120.12,240.72,-3.84,-1.34,0.43,33.25
1478,65457760,-981.45,-125.49,241.21,-3.72,-1.22,0.61,33.49
1479,65461809,-976.56,-125.98,245.61,-3.23,-1.16,0.73,33.49
1480,65465859,-975.10,-121.09,247.07,-3.29,-1.16,1.10,33.35
1481,65469916,-974.12,-113.28,246.09,-2.99,-1.04,1.10,33.49
1482,65473965,-975.10,-101.56,245.61,-3.11,-0.91,1.16,33.49
1483,65479760,-970.70,-97.66,246.09,-3.29,-0.85,0.91,33.49
1484,65483809,-967.77,-97.66,250.98,-3.35,-0.49,0.73,33.64
1485,65487859,-974.12,-97.66,247.56,-3.60,-0.24,0.55,33.11
1486,65491916,-974.61,-93.75,248.05,-3.66,-0.12,0.37,33.59
1487,65497760,-977.54,-93.26,245.12,-4.02,-0.30,0.24,33.59
1488,65501809,-975.59,-104.00,255.37,-3.96,0.43,0.24,33.35
1489,65505859,-979.49,-110.84,253.91,-4.09,0.67,0.24,33.64
1490,65509916,-979.00,-118.65,251.46,-3.96,0.61,0.61,33.35
1491,65513965,-978.03,-115.23,255.37,-3.84,0.61,0.73,33.44
1492,65518015,-982.42,-116.70,254.39,-3.96,0.85,0.73,33.49
1493,65523760,-983.40,-119.63,251.95,-3.54,1.04,0.79,33.30
1494,65527809,-983.89,-117.19,250.98,-3.23,1.34,0.49,33.35
1495,65531859,-983.89,-108.89,247.56,-3.41,1.16,0.43,33.35
1496,65535916,-983.89,-113.28,248.54,-3.41,1.46,0.43,33.59
1497,65541760,-984.37,-114.75,249.51,-3.17,1.46,-0.43,33.44
1498,65545809,-984.86,-120.12,250.98,-3.17,1.59,-0.91,33.44
1499,65549859,-987.30,-119.63,242.19,-3.11,1.83,-1.16,33.35
1500,65553916,-983.89,-125.49,238.28,-2.87,1.46,-0.98,33.16
1501,65557965,-980.96,-121.09,238.77,-2.62,1.28,-0.91,33.35
1502,65563760,-981.93,-126.46,240.72,-2.38,0.98,-0.79,33.49
1503,65567809,-979.00,-105.96,239.26,-2.38,0.67,-0.12,33.49
1504,65571859,-973.14,-95.21,243.16,-2.13,0.67,0.18,33.59
1505,65575916,-966.80,-82.52,245.61,-2.13,0.37,0.06,33.35
1506,65579965,-964.84,-82.03,246.09,-2.32,0.61,-0.43,33.49
1507,65585760,-959.47,-86.43,251.46,-2.74,0.91,-0.79,33.64
1508,65589809,-958.98,-88.87,249.51,-2.68,0.85,-0.98,33.25
1509,65593859,-961.91,-97.17,243.16,-3.05,0.98,-0.79,33.78
1510,65597916,-961.91,-103.03,239.75,-3.05,0.73,-0.55,33.35
1511,65601965,-962.89,-102.05,242.19,-3.29,0.73,-0.12,33.35
1512,65607760,-963.87,-109.86,244.14,-3.17,0.55,0.24,33.25
1513,65611809,-964.84,-109.86,241.70,-2.99,0.67,1.22,33.30
1514,65615859,-961.43,-117.19,243.16,-2.93,0.55,1.46,33.59
1515,65619916,-961.91,-116.70,248.05,-2.99,0.37,1.59,33.25
1516,65623965,-958.98,-111.33,242.68,-2.56,0.37,1.71,33.35
1517,65629760,-965.33,-116.21,241.70,-2.44,0.06,1.77,33.16
1518,65633809,-960.94,-113.77,242.19,-2.68,0.00,1.71,33.35
1519,65637859,-961.91,-115.72,245.12,-2.26,-0.06,1.40,33.64
1520,65641916,-965.33,-120.61,248.54,-2.20,0.12,1.10,33.16
1521,65645965,-970.21,-126.95,240.23,-1.77,0.18,0.73,33.44
1522,65651760,-973.63,-123.54,237.79,-1.89,-0.06,0.37,33.64
1523,65655809,-972.66,-125.49,238.77,-1.40,-0.30,0.24,33.35
1524,65659859,-972.66,-131.84,238.28,-1.16,-0.12,0.30,33.59
1525,65663916,-973.14,-137.21,239.26,-0.61,-0.18,0.61,33.49
1526,65667965,-966.31,-140.14,238.28,-0.67,-0.24,0.61,33.11
1527,65673760,-966.31,-126.95,235.84,0.00,-0.37,1.22,33.49
1528,65677809,-959.96,-112.30,236.33,0.00,-0.91,1.46,33.49
1529,65681859,-958.50,-101.07,246.58,0.00,-1.10,1.28,33.30
1530,65685916,-951.17,-88.38,249.02,-0.43,-0.98,0.91,33.35
1531,65689965,-958.50,-84.96,248.05,-0.55,-0.55,0.55,33.49
1532,65695760,-958.98,-86.43,243.65,-0.98,-0.79,0.18,33.35
1533,65699809,-960.45,-90.33,248.05,-1.40,-0.37,0.24,33.49
1534,65703859,-963.38,-93.26,252.44,-1.40,-0.37,0.55,33.06
1535,65707916,-965.33,-93.75,244.63,-1.77,-0.37,0.85,33.44
1536,65711965,-971.19,-98.14,254.39,-1.83,-0.18,1.28,33.59
1537,65717760,-972.66,-98.14,244.14,-2.32,-0.18,1.22,33.44
1538,65721809,-979.98,-106.93,247.56,-2.32,-0.06,1.52,33.35
1539,65725859,-983.40,-106.93,244.63,-2.74,0.06,1.59,33.16
1540,65729916,-987.30,-101.56,250.49,-2.50,0.18,1.04,33.49
1541,65735760,-987.79,-107.42,247.56,-2.62,0.24,0.61,33.35
1542,65739809,-991.21,-114.26,243.16,-2.50,-0.12,-0.18,33.49
1543,65743859,-982.91,-125.00,245.61,-2.20,-0.43,-0.73,33.49
1544,65747916,-985.84,-132.32,244.63,-2.26,-0.43,-0.91,33.35
1545,65751965,-979.00,-137.21,240.23,-1.89,-0.79,-0.85,33.49
1546,65757760,-975.10,-147.46,239.26,-1.40,-1.04,-0.67,33.49
1547,65761809,-966.80,-152.83,241.21,-0.98,-1.34,0.06,33.44
1548,65765859,-957.03,-163.09,240.72,-0.24,-1.65,0.73,33.35
1549,65769916,-955.08,-158.20,244.14,0.30,-1.95,1.46,33.25
1550,65773965,-948.24,-154.30,244.14,0.85,-2.07,2.26,33.35
1551,65779760,-943.36,-145.02,237.30,1.28,-2.13,2.74,33.59
1552,65783809,-937.50,-131.84,236.33,1.59,-2.07,2.80,33.44
1553,65787859,-932.62,-123.54,234.86,2.07,-1.95,2.93,33.68
1554,65791916,-929.20,-122.56,232.42,2.13,-2.13,2.68,33.30
1555,65795965,-927.25,-119.63,232.42,2.38,-2.32,2.93,33.64
1556,65801760,-928.71,-114.26,240.72,2.38,-2.56,3.60,33.44
1557,65805809,-928.22,-109.37,238.77,2.38,-2.62,4.39,33.49
1558,65809859,-931.64,-98.14,241.70,2.32,-2.44,4.33,33.49
1559,65813916,-940.92,-85.94,239.75,2.13,-2.56,4.70,33.49
1560,65817965,-948.73,-68.36,247.07,1.59,-2.20,5.00,33.49
1561,65823760,-957.03,-59.08,245.12,0.91,-1.95,4.82,33.16
1562,65827809,-974.61,-50.78,248.54,-0.49,-1.28,3.66,33.11
1563,65831859,-997.07,-53.22,248.05,-0.85,-1.04,2.80,33.35
1564,65835916,-1008.79,-60.06,252.93,-1.65,-0.73,1.59,33.44
1565,65839965,-1016.60,-72.75,252.44,-2.20,-0.55,0.49,33.25
1566,65845760,-1025.88,-85.45,251.95,-2.62,-0.43,0.00,33.44
1567,65849809,-1033.69,-99.12,248.05,-2.99,-0.55,-0.37,33.30
1568,65853859,-1027.83,-112.79,246.58,-2.74,-0.79,-0.37,33.49
1569,65857916,-1034.67,-118.16,245.61,-3.11,-1.34,0.00,33.49
1570,65861965,-1019.53,-125.00,251.95,-2.68,-1.46,-0.06,33.44
1571,65867760,-1009.28,-135.74,249.02,-2.26,-1.71,-0.24,33.30
1572,65871809,-1004.88,-132.81,254.88,-2.38,-2.26,-0.30,33.59
1573,65875859,-993.16,-131.35,255.37,-1.59,-2.44,-0.55,33.64
1574,65879916,-988.77,-132.81,258.30,-1.52,-2.62,-0.49,33.44
1575,65883965,-976.07,-125.98,261.23,-1.65,-2.32,-0.73,33.11
1576,65889760,-971.19,-127.44,265.62,-1.71,-2.38,-1.04,33.44
1577,65893809,-962.89,-132.32,269.04,-1.46,-2.01,-0.73,33.49
1578,65897859,-964.36,-132.81,271.48,-1.22,-1.46,-0.85,33.44
1579,65901916,-967.29,-120.61,271.00,-1.34,-1.22,-0.49,33.35
1580,65905965,-964.84,-113.77,271.48,-1.59,-1.34,-0.43,33.64
1581,65911760,-964.84,-101.56,266.60,-1.40,-1.16,-0.12,33.64
1582,65915809,-962.89,-93.75,270.51,-1.46,-1.22,0.00,33.35
1583,65919859,-967.29,-85.94,261.23,-1.83,-1.04,-0.30,33.25
1584,65923916,-958.01,-81.54,264.16,-2.32,-0.73,-0.43,33.49
1585,65927965,-959.96,-84.47,256.84,-2.32,-0.55,-0.79,33.35
1586,65933760,-973.14,-90.33,252.93,-2.93,-0.43,-0.61,33.35
1587,65937809,-973.14,-81.05,245.61,-3.17,-0.49,-0.24,33.78
1588,65941859,-972.66,-80.57,246.09,-3.41,-0.85,-0.12,33.16
1589,65945916,-967.77,-90.82,246.09,-3.96,-0.73,0.49,33.68
1590,65951760,-966.80,-102.05,244.63,-3.84,-0.79,0.73,33.49
1591,65955809,-968.75,-111.33,246.09,-3.90,-0.91,1.10,33.59
1592,65959859,-972.66,-109.37,244.14,-3.72,-0.85,1.71,33.49
1593,65963916,-979.98,-112.79,246.58,-3.84,-0.98,1.77,33.44
1594,65967965,-978.52,-116.21,244.63,-3.90,-0.85,1.40,33.64
1595,65972015,-977.05,-120.61,244.63,-3.48,-0.85,1.52,33.59
1596,65977760,-979.00,-119.14,250.00,-3.35,-0.85,0.91,33.64
1597,65981809,-979.49,-128.91,241.70,-3.05,-1.10,0.37,33.59
1598,65985859,-973.14,-136.72,246.09,-2.87,-0.91,0.00,33.35
1599,65989916,-971.19,-139.65,248.05,-2.32,-0.85,-0.18,33.25
1600,65995760,-964.84,-147.46,250.49,-1.65,-1.22,0.18,33.44
1601,65999809,-961.43,-145.51,246.58,-1.10,-0.61,0.24,33.59
1602,66003859,-963.87,-133.79,253.91,-0.49,-0.98,0.49,33.49
1603,66007916,-962.89,-130.86,252.44,-0.30,-0.98,0.91,33.11
1604,66011965,-964.84,-122.07,257.32,-0.18,-0.61,0.55,33.44
1605,66017760,-973.14,-96.19,250.98,-0.12,-0.37,0.85,33.78
1606,66021809,-981.45,-67.38,255.86,-0.37,-0.12,0.18,33.49
1607,66025859,-979.98,-57.62,260.74,-0.98,-0.06,-0.79,33.49
1608,66029916,-980.96,-63.96,267.09,-1.28,0.30,-1.34,33.59
1609,66033965,-983.40,-66.89,264.16,-1.77,0.06,-1.65,33.35
1610,66039760,-985.84,-70.80,251.46,-2.20,0.12,-1.59,33.59
1611,66043809,-982.91,-81.05,251.46,-2.50,-0.30,-1.10,33.35
1612,66047859,-982.91,-95.21,256.84,-2.50,-0.43,-0.30,33.25
1613,66051916,-975.10,-102.54,261.72,-2.44,-0.30,0.61,33.35
1614,66055965,-973.14,-109.86,254.88,-2.62,-0.30,1.40,33.64
1615,66061760,-972.17,-106.45,253.91,-2.62,-0.98,2.44,33.30
1616,66065809,-969.24,-114.75,247.07,-2.56,-0.85,2.74,33.35
1617,66069859,-961.43,-116.70,247.56,-2.62,-0.85,2.56,33.44
1618,66073916,-964.36,-116.21,246.09,-2.32,-0.67,2.32,33.35
1619,66077965,-967.77,-119.14,243.16,-2.13,-0.37,1.77,33.68
1620,66083760,-974.12,-119.63,235.84,-2.13,-0.24,1.34,33.11
1621,66087809,-977.54,-123.05,239.26,-1.77,-0.49,1.10,33.30
1622,66091859,-975.10,-126.46,245.61,-1.77,-0.49,0.98,33.44
1623,66095916,-973.63,-128.91,245.12,-1.59,-0.43,0.79,33.64
1624,66099965,-965.82,-134.28,244.14,-1.10,-0.24,0.37,33.30
1625,66105760,-972.66,-126.46,238.28,-0.67,0.00,0.73,33.35
1626,66109809,-974.61,-122.56,239.75,-0.18,-0.18,0.91,33.64
1627,66113859,-979.49,-104.00,239.75,-0.06,-0.06,0.91,33.44
1628,66117916,-982.91,-97.17,237.79,0.18,0.12,0.61,33.30
1629,66121965,-984.37,-94.24,246.58,-0.06,-0.06,0.18,33.30
1630,66127760,-987.30,-82.03,244.14,0.06,0.00,0.06,33.49
1631,66131809,-988.28,-74.71,245.12,-0.24,-0.18,-0.18,33.49
1632,66135859,-992.19,-62.01,244.14,-0.73,-0.55,-0.12,33.64
1633,66139916,-985.35,-69.82,243.65,-0.91,-0.91,-0.73,33.44
1634,66143965,-973.14,-72.27,253.42,-1.22,-0.49,-0.61,33.35
1635,66149760,-978.03,-84.47,249.51,-1.10,-1.10,-0.06,33.49
1636,66153809,-973.14,-88.87,246.58,-1.16,-1.34,0.24,33.35
1637,66157859,-968.26,-98.14,252.44,-1.34,-1.46,0.61,33.35
1638,66161916,-961.43,-103.03,251.95,-1.22,-1.40,1.28,33.59
1639,66165965,-965.33,-96.19,256.35,-1.16,-1.71,1.71,33.49
1640,66171760,-959.47,-100.10,253.42,-1.22,-1.59,1.71,33.35
1641,66175809,-965.82,-100.10,253.91,-1.34,-1.40,1.04,33.49
1642,66179859,-969.24,-107.91,251.46,-1.16,-1.16,0.55,33.49
1643,66183916,-965.33,-108.40,249.51,-1.46,-1.10,0.00,33.49
1644,66189760,-972.17,-115.72,248.54,-0.85,-1.10,-0.12,33.44
1645,66193809,-979.49,-120.12,235.84,-0.98,-1.22,-0.79,33.49
1646,66197859,-977.54,-130.37,237.79,-0.55,-1.28,-0.85,33.64
1647,66201916,-972.17,-137.21,238.77,-0.43,-1.28,-0.73,33.25
1648,66205965,-967.29,-139.16,241.70,0.18,-1.10,-0.55,33.64
1649,66211760,-965.82,-146.97,244.14,0.55,-1.40,-0.06,33.59
1650,66215809,-959.96,-141.11,244.63,1.34,-0.79,0.73,33.49
1651,66219859,-965.33,-127.93,245.12,1.59,-0.61,0.98,33.59
1652,66223916,-960.45,-117.68,247.07,1.95,-0.61,1.10,33.16
1653,66227965,-962.40,-113.28,251.46,1.77,-0.37,0.98,33.35
1654,66233760,-964.36,-107.42,253.42,1.65,-0.43,0.85,33.64
1655,66237809,-961.43,-110.84,259.28,2.01,0.24,0.55,33.78
1656,66241859,-964.84,-99.12,257.81,2.13,0.12,0.67,33.59
1657,66245916,-968.26,-89.84,251.95,1.77,0.24,0.91,33.30
1658,66249965,-968.26,-83.01,250.98,1.52,0.37,0.85,33.59
1659,66255760,-970.70,-76.17,254.39,1.28,0.30,0.67,33.44
1660,66259809,-968.75,-80.57,256.35,1.04,0.06,0.55,33.49
1661,66263859,-968.75,-74.22,255.86,0.73,0.18,0.61,33.64
1662,66267916,-970.21,-81.05,256.84,0.67,0.24,0.73,33.49
1663,66271965,-968.75,-84.47,254.88,0.24,0.00,0.79,33.49
1664,66277760,-978.03,-89.36,252.44,0.18,-0.18,1.04,33.35
1665,66281809,-985.35,-86.43,250.00,-0.61,-0.43,0.98,33.30
1666,66285859,-984.37,-87.40,251.95,-0.79,-0.85,0.61,33.30
1667,66289916,-992.19,-85.94,250.49,-1.10,-0.98,0.37,33.49
1668,66293965,-995.12,-90.33,252.44,-1.10,-0.85,0.06,33.44
1669,66299760,-990.72,-102.54,251.46,-1.46,-1.10,-0.30,33.35
1670,66303809,-987.30,-118.65,247.07,-1.16,-1.46,-0.24,33.11
1671,66307859,-980.96,-130.37,250.00,-1.04,-1.59,0.06,33.49
1672,66311916,-983.89,-125.49,248.54,-0.85,-1.83,0.37,33.49
1673,66315965,-973.14,-139.65,248.54,-0.67,-1.65,0.67,33.25
1674,66321760,-962.89,-136.23,255.37,-0.49,-1.28,0.67,33.25
1675,66325809,-959.96,-130.37,252.93,-0.24,-1.16,0.73,33.59
1676,66329859,-961.43,-127.44,253.91,0.12,-1.10,0.79,33.83
1677,66333916,-960.94,-127.93,252.44,0.12,-0.61,0.73,33.49
1678,66337965,-956.05,-126.46,253.91,0.43,-0.43,0.55,33.49
1679,66343760,-957.03,-125.98,254.88,0.37,-0.06,0.30,33.35
1680,66347809,-957.03,-125.00,257.81,0.61,0.30,0.30,33.59
1681,66351859,-964.84,-115.72,251.46,0.55,0.24,0.49,33.64
1682,66355916,-963.87,-110.35,246.09,0.49,0.30,0.67,33.59
1683,66359965,-967.77,-105.96,251.46,0.67,0.24,0.67,33.35
1684,66365760,-970.21,-102.05,250.98,0.61,0.43,0.67,33.25
1685,66369809,-978.52,-92.29,253.91,0.18,0.24,0.73,33.35
1686,66373859,-983.40,-82.52,252.44,0.06,0.18,0.73,33.35
1687,66377916,-982.42,-79.59,249.51,-0.12,0.12,0.91,33.49
1688,66381965,-979.49,-79.10,254.88,-0.61,-0.12,0.91,33.35
1689,66387760,-984.37,-81.05,251.95,-1.22,-0.55,0.67,33.64
1690,66391809,-983.89,-83.01,249.02,-1.59,-0.61,0.55,33.44
1691,66395859,-980.96,-82.03,245.61,-1.83,-0.79,0.00,33.16
1692,66399916,-977.05,-87.89,245.61,-2.13,-0.73,-0.06,33.35
1693,66405760,-984.86,-100.10,243.16,-2.32,-0.85,-0.43,33.49
1694,66409809,-986.33,-104.00,248.54,-2.50,-0.85,-0.49,33.59
1695,66413859,-980.96,-112.79,242.19,-2.56,-0.98,-0.43,33.64
1696,66417916,-980.47,-117.19,238.77,-2.62,-1.16,-0.43,33.11
1697,66421965,-978.52,-128.42,237.79,-2.44,-1.16,-0.67,33.78
1698,66426015,-977.05,-133.79,249.51,-2.01,-1.04,-0.98,33.44
1699,66431760,-973.14,-136.23,244.14,-1.77,-1.10,-1.10,33.49
1700,66435809,-971.19,-140.62,242.68,-1.22,-0.67,-1.52,33.59
1701,66439859,-967.77,-142.09,242.19,-1.04,-0.85,-1.22,33.49
1702,66443916,-972.66,-145.02,245.12,-0.49,-0.43,-1.34,33.68
1703,66449760,-973.14,-143.07,244.14,-0.12,-0.24,-1.40,33.64
1704,66453809,-969.24,-133.30,245.61,0.18,-0.12,-1.52,33.49
1705,66457859,-969.73,-129.39,244.63,0.55,0.06,-1.28,33.35
1706,66461916,-963.87,-125.00,245.61,0.67,-0.06,-1.04,33.25
1707,66465965,-958.98,-115.23,247.56,0.91,0.18,-1.16,33.59
1708,66471760,-961.91,-98.63,245.61,0.67,-0.12,-0.98,33.44
1709,66475809,-964.84,-91.80,244.63,0.67,0.18,-1.22,33.68
1710,66479859,-966.80,-79.59,249.51,0.37,0.00,-1.46,33.59
1711,66483916,-973.14,-78.12,248.05,0.30,0.30,-1.65,33.35
1712,66487965,-972.17,-74.71,249.02,-0.43,0.12,-1.46,33.49
1713,66493760,-969.73,-75.68,242.68,-0.91,0.12,-1.04,33.35
1714,66497809,-970.21,-83.50,246.58,-1.28,0.24,-0.73,33.44
1715,66501859,-972.17,-93.26,245.12,-1.46,-0.30,-0.30,33.64
1716,66505916,-971.68,-88.38,250.00,-1.46,-0.24,0.18,33.49
1717,66509965,-969.73,-91.31,249.51,-1.71,-0.30,0.98,33.35
1718,66515760,-966.80,-105.47,249.51,-1.83,-0.55,1.40,33.44
1719,66519809,-966.31,-104.00,243.65,-2.01,-1.04,2.07,33.35
1720,66523859,-965.82,-106.93,249.51,-1.71,-0.98,2.20,33.83
1721,66527916,-964.84,-109.37,245.61,-2.01,-0.98,2.32,33.44
1722,66531965,-959.47,-108.40,248.54,-2.07,-1.22,2.20,33.25
1723,66537760,-966.31,-105.47,239.26,-2.13,-1.28,1.83,33.16
1724,66541809,-969.24,-110.35,244.14,-1.77,-1.22,1.16,33.35
1725,66545859,-971.19,-119.14,242.19,-1.95,-1.46,0.79,33.49
1726,66549916,-971.19,-125.00,243.65,-1.71,-1.52,0.37,33.44
1727,66553965,-972.17,-126.46,245.12,-1.46,-1.28,0.12,33.16
1728,66559760,-975.10,-128.42,242.19,-0.98,-1.16,0.06,33.44
1729,66563809,-978.03,-126.46,249.02,-1.04,-1.22,-0.06,33.35
1730,66567859,-976.56,-126.46,247.07,-0.73,-1.04,-0.06,33.44
1731,66571916,-970.21,-131.35,250.98,-0.30,-1.22,0.00,33.44
1732,66575965,-972.17,-125.98,253.42,-0.18,-1.04,-0.24,33.25
1733,66581760,-964.36,-118.65,247.56,0.12,-0.91,0.12,33.44
1734,66585809,-963.38,-109.86,249.51,0.24,-0.98,-0.06,33.59
1735,66589859,-966.31,-101.56,251.95,-0.30,-1.16,-0.55,33.64
1736,66593916,-964.84,-98.63,255.86,-0.12,-0.85,-0.37,33.64
1737,66597965,-967.29,-87.40,247.56,-0.43,-0.55,-0.79,33.49
1738,66603760,-974.12,-84.96,252.44,-0.55,-0.30,-1.34,33.49
1739,66607809,-972.17,-96.68,251.46,-1.28,-0.43,-1.40,33.68
1740,66611859,-973.14,-104.49,253.91,-0.98,-0.43,-1.40,33.44
1741,66615916,-972.17,-108.40,253.42,-1.10,-0.55,-0.85,33.59
1742,66619965,-971.68,-109.86,254.39,-0.98,-0.67,-0.43,33.59
1743,66625760,-973.14,-106.45,256.35,-1.40,-0.79,0.24,33.64
1744,66629809,-966.80,-105.47,249.51,-1.40,-0.91,0.67,33.64
1745,66633859,-971.19,-108.40,254.88,-1.46,-0.85,0.79,33.25
1746,66637916,-970.21,-104.00,251.95,-1.40,-0.98,0.67,33.59
1747,66643760,-973.14,-97.66,256.35,-1.65,-1.10,0.49,33.49
1748,66647809,-971.68,-102.54,256.35,-1.65,-1.22,0.06,33.44
1749,66651859,-973.63,-102.05,259.77,-1.95,-1.16,-0.06,33.35
1750,66655916,-973.14,-102.05,253.42,-2.26,-0.91,-0.06,33.49
1751,66659965,-974.61,-104.49,250.49,-2.26,-0.98,-0.49,33.59
1752,66665760,-976.07,-110.35,250.49,-2.01,-1.04,-0.67,33.59
1753,66669809,-974.12,-117.19,253.42,-2.26,-0.98,-0.91,33.49
1754,66673859,-977.05,-128.91,251.46,-2.13,-0.79,-0.98,33.59
1755,66677916,-980.47,-132.32,252.44,-2.01,-1.22,-0.79,33.35
1756,66681965,-984.37,-126.95,250.00,-1.65,-1.04,-0.79,33.49
1757,66687760,-989.26,-124.02,249.02,-1.59,-0.91,-0.43,33.35
1758,66691809,-988.77,-114.75,247.56,-1.59,-0.91,-0.67,33.49
1759,66695859,-982.91,-114.75,248.54,-1.28,-0.67,-1.16,33.44
1760,66699916,-986.33,-118.65,250.98,-1.34,-0.79,-1.28,33.44
1761,66703965,-981.93,-114.26,249.51,-1.28,-0.67,-1.52,33.49
1762,66709760,-981.45,-121.09,247.07,-0.98,-0.98,-1.46,33.59
1763,66713809,-977.05,-119.63,249.02,-0.79,-1.04,-1.16,33.16
1764,66717859,-969.73,-116.21,252.44,-0.61,-1.16,-0.61,33.35
1765,66721916,-963.38,-113.28,251.46,-0.61,-1.04,-0.18,33.59
1766,66725965,-957.52,-101.07,245.61,-0.43,-0.98,-0.06,33.49
1767,66731760,-957.52,-96.19,250.98,-0.49,-0.98,0.18,33.30
1768,66735809,-959.96,-91.31,245.61,-0.61,-0.49,-0.06,33.11
1769,66739859,-961.43,-86.91,249.02,-0.49,-0.30,-0.49,33.49
1770,66743916,-963.38,-89.36,247.07,-0.91,-0.12,-0.49,33.49
1771,66747965,-965.33,-95.21,250.49,-1.10,0.30,-0.43,33.11
1772,66753760,-977.05,-106.45,244.63,-1.28,0.18,-0.55,33.25
1773,66757809,-974.12,-112.30,242.19,-1.16,0.18,-0.12,33.35
1774,66761859,-975.10,-114.75,246.58,-1.10,0.18,0.00,33.49
1775,66765916,-968.75,-113.28,244.63,-0.85,0.12,0.18,33.30
1776,66769965,-964.84,-117.19,246.58,-0.55,0.18,0.37,33.35
1777,66775760,-967.29,-124.02,246.09,-0.43,-0.06,0.24,33.35
1778,66779809,-968.26,-119.14,243.65,0.30,-0.18,0.12,33.49
1779,66783859,-963.87,-115.23,244.63,0.12,-0.43,0.00,33.35
1780,66787916,-961.43,-112.79,245.12,0.37,-0.79,-0.18,33.59
1781,66791965,-959.47,-117.68,238.77,0.67,-0.79,-0.37,33.35
1782,66797760,-958.01,-124.02,242.68,0.73,-1.10,-0.49,33.78
1783,66801809,-947.75,-125.49,237.79,1.04,-1.04,-0.24,33.59
1784,66805859,-945.80,-126.95,247.56,1.34,-1.16,0.12,33.44
1785,66809916,-948.24,-123.05,244.14,1.59,-1.40,0.79,33.68
1786,66813965,-949.22,-105.47,238.28,1.65,-1.59,1.22,33.49
1787,66819760,-954.10,-85.45,241.21,1.16,-1.65,1.71,33.35
1788,66823809,-961.91,-78.12,244.14,0.85,-1.71,1.16,33.59
1789,66827859,-965.33,-76.66,249.51,0.43,-1.52,1.04,33.44
1790,66831916,-974.61,-75.68,251.46,0.00,-1.46,0.67,33.64
1791,66835965,-973.14,-81.54,247.56,-0.12,-1.34,0.55,33.59
1792,66841760,-972.17,-96.19,246.09,-0.30,-1.46,0.91,33.64
1793,66845809,-973.63,-115.23,249.51,-0.37,-1.34,2.01,33.49
1794,66849859,-978.03,-116.70,251.46,-0.18,-1.34,2.68,33.25
1795,66853916,-976.07,-117.68,252.44,0.00,-1.28,3.66,33.59
1796,66859760,-970.21,-110.35,256.35,-0.12,-1.16,4.21,33.59
1797,66863809,-969.73,-102.54,259.77,-0.06,-0.91,4.21,33.35
1798,66867859,-974.61,-99.12,260.74,-0.37,-0.49,3.72,33.68
1799,66871916,-978.03,-99.61,261.72,-0.24,-0.24,3.48,33.16
1800,66875965,-985.35,-98.63,258.30,-0.55,-0.24,2.26,33.16
1801,66880015,-985.84,-99.61,259.28,-0.67,0.18,1.28,33.30
1802,66885760,-988.77,-104.98,260.74,-0.98,0.00,0.49,33.64
1803,66889809,-996.58,-119.63,260.74,-0.98,0.30,-0.49,33.59
1804,66893859,-994.14,-125.98,263.67,-0.98,0.30,-0.61,33.49
1805,66897916,-1000.00,-127.93,261.72,-0.98,0.18,-0.79,33.35
1806,66903760,-998.54,-127.93,270.02,-0.73,-0.06,-0.91,33.44
1807,66907809,-993.65,-122.07,266.60,-0.98,-0.24,-0.85,33.35
1808,66911859,-991.21,-119.14,265.62,-0.98,-0.18,-0.85,33.44
1809,66915916,-986.33,-119.63,266.11,-0.91,-0.30,-0.91,33.35
1810,66919965,-983.40,-117.68,268.55,-1.16,-0.12,-1.16,33.68
1811,66925760,-975.59,-117.68,270.02,-1.22,-0.61,-0.85,33.44
1812,66929809,-974.61,-103.52,270.02,-1.46,-0.49,-0.98,33.64
1813,66933859,-970.21,-99.61,266.60,-1.71,-0.49,-1.04,33.49
1814,66937916,-969.73,-90.33,259.77,-2.38,-0.43,-1.16,33.68
1815,66941965,-967.77,-91.31,256.35,-2.62,-0.37,-1.40,33.64
1816,66947760,-966.80,-104.98,264.65,-2.93,-0.18,-1.46,33.35
1817,66951809,-963.38,-105.96,269.04,-3.17,0.00,-1.10,33.49
1818,66955859,-968.75,-105.96,261.23,-3.35,0.18,-0.73,33.59
1819,66959916,-969.24,-102.54,262.21,-3.60,0.12,-0.49,33.49
1820,66963965,-967.29,-107.42,263.18,-3.66,0.12,-0.12,33.44
1821,66969760,-968.26,-112.79,262.70,-4.15,0.18,-0.18,33.25
1822,66973809,-968.26,-121.09,259.28,-3.96,0.43,0.00,33.30
1823,66977859,-971.19,-121.58,255.37,-3.78,0.43,0.43,33.35
1824,66981916,-969.24,-125.00,254.39,-3.84,0.24,0.85,33.64
1825,66985965,-970.21,-123.05,250.00,-3.84,0.30,1.16,33.35
1826,66991760,-972.17,-118.65,251.46,-3.78,0.12,1.04,33.35
1827,66995809,-973.63,-111.33,248.05,-3.78,0.06,0.85,33.16
1828,66999859,-971.68,-105.96,245.61,-3.96,0.61,0.12,33.59
1829,67003916,-972.66,-112.79,243.65,-3.96,0.18,-0.79,33.44
1830,67007965,-975.10,-113.28,244.63,-4.15,0.30,-1.46,33.35
1831,67013760,-979.00,-126.95,242.68,-3.78,0.55,-1.71,33.35
1832,67017809,-979.00,-125.98,239.26,-3.60,0.12,-1.28,33.59
1833,67021859,-974.61,-126.95,244.63,-3.54,0.18,-1.22,33.49
1834,67025916,-973.14,-125.00,245.12,-3.11,-0.18,-1.10,33.64
1835,67029965,-968.75,-114.75,249.51,-3.29,0.00,-0.73,33.30
1836,67035760,-967.29,-108.89,246.09,-3.05,-0.12,-0.61,33.64
1837,67039809,-963.38,-99.61,248.54,-3.29,-0.43,-0.91,33.83
1838,67043859,-963.38,-98.14,245.61,-3.29,-0.37,-1.16,33.49
1839,67047916,-961.43,-90.82,250.49,-3.41,-0.61,-1.28,33.35
1840,67051965,-958.01,-91.31,254.88,-3.66,-0.61,-1.40,33.35
1841,67057760,-961.43,-85.45,250.98,-4.15,-0.85,-1.04,33.30
1842,67061809,-962.40,-84.96,252.44,-4.39,-0.79,-1.16,33.30
1843,67065859,-964.36,-86.91,254.88,-4.82,-0.61,-1.28,33.35
1844,67069916,-970.70,-94.73,246.09,-5.00,-0.85,-1.34,33.49
1845,67073965,-968.26,-103.03,248.54,-5.06,-1.28,-1.59,33.49
1846,67079760,-973.14,-105.47,245.12,-5.30,-1.52,-1.52,33.49
1847,67083809,-976.56,-111.82,237.79,-5.43,-1.77,-1.10,33.64
1848,67087859,-975.59,-116.21,234.86,-5.18,-1.95,-1.34,33.16
1849,67091916,-975.59,-120.61,241.21,-5.18,-2.13,-1.16,33.59
1850,67097760,-969.73,-126.95,236.82,-4.82,-2.38,-1.22,33.35
1851,67101809,-968.75,-135.25,238.28,-4.63,-2.44,-0.98,33.64
1852,67105859,-971.19,-141.11,237.79,-4.45,-2.68,-0.91,33.30
1853,67109916,-960.94,-132.81,241.70,-4.21,-2.93,-0.67,33.11
1854,67113965,-959.47,-134.28,240.72,-3.96,-2.62,-0.91,33.49
1855,67119760,-957.52,-145.02,244.63,-3.66,-2.50,-1.04,33.30
1856,67123809,-955.57,-139.65,241.70,-2.99,-2.50,-0.67,33.44
1857,67127859,-960.94,-124.51,244.63,-2.93,-2.56,-0.49,33.64
1858,67131916,-966.80,-113.28,248.05,-2.50,-2.56,-0.30,33.35
1859,67135965,-967.77,-107.91,250.49,-2.44,-2.38,-0.61,33.44
1860,67141760,-974.12,-93.26,248.54,-2.20,-2.13,-1.46,33.64
1861,67145809,-974.61,-79.59,255.86,-2.80,-2.74,-2.07,33.68
1862,67149859,-987.30,-81.05,260.25,-2.93,-2.44,-2.74,33.59
1863,67153916,-978.52,-85.94,267.09,-3.23,-2.62,-2.87,33.49
1864,67157965,-979.98,-94.73,267.58,-3.54,-2.99,-2.87,33.44
1865,67163760,-983.40,-93.26,268.07,-3.72,-2.80,-2.38,33.35
1866,67167809,-980.47,-96.19,271.00,-3.90,-3.23,-2.13,33.44
1867,67171859,-982.42,-104.00,265.14,-3.60,-2.87,-2.26,33.49
1868,67175916,-979.49,-110.35,269.04,-4.15,-3.23,-2.20,33.59
1869,67179965,-980.96,-113.77,262.21,-4.27,-3.23,-2.32,33.35
1870,67185760,-982.42,-119.63,258.79,-4.21,-3.41,-2.26,33.30
1871,67189809,-973.14,-123.05,251.46,-3.90,-3.72,-2.93,33.06
1872,67193859,-971.19,-128.42,247.56,-3.90,-3.54,-3.17,33.35
1873,67197916,-977.54,-133.79,246.58,-3.66,-3.60,-2.87,33.35
1874,67201965,-975.59,-133.79,240.72,-3.60,-3.60,-2.62,33.16
1875,67207760,-970.21,-137.21,241.70,-3.54,-3.48,-2.07,33.49
1876,67211809,-965.33,-133.79,241.21,-3.23,-3.11,-2.07,33.35
1877,67215859,-962.40,-138.18,241.70,-3.23,-2.62,-1.83,33.35
1878,67219916,-957.52,-139.65,242.19,-2.68,-2.56,-1.52,33.49
1879,67223965,-954.59,-138.18,242.19,-2.38,-1.95,-1.28,33.25
1880,67229760,-953.61,-139.16,239.26,-1.89,-1.71,-1.04,33.35
1881,67233809,-955.08,-125.49,238.77,-1.77,-1.40,-0.30,33.59
1882,67237859,-948.24,-123.05,235.35,-1.65,-1.10,-0.06,33.49
1883,67241916,-947.75,-111.82,243.16,-1.59,-0.79,0.30,33.59
1884,67245965,-952.15,-99.12,239.75,-1.89,-0.73,0.43,33.25
1885,67251760,-953.61,-99.61,243.16,-1.83,-0.30,0.12,33.44
1886,67255809,-953.61,-112.30,248.05,-1.65,0.12,-0.18,33.49
1887,67259859,-957.52,-123.54,245.12,-1.52,0.12,0.12,33.49
1888,67263916,-958.50,-131.84,241.21,-1.28,0.00,1.40,33.44
1889,67267965,-960.45,-140.14,242.68,-0.98,0.00,2.62,33.35
1890,67273760,-963.38,-135.74,246.58,-0.61,-0.12,3.72,33.35
1891,67277809,-964.36,-121.58,251.46,-0.37,-0.12,4.76,33.44
1892,67281859,-965.82,-116.21,252.93,-0.30,0.00,4.94,33.59
1893,67285916,-972.17,-104.98,250.49,-0.67,0.18,4.09,33.59
1894,67289965,-974.61,-109.86,251.95,-0.61,0.30,3.35,33.59
1895,67295760,-982.42,-110.35,251.46,-0.55,0.18,2.68,33.49
1896,67299809,-985.84,-113.77,252.93,-0.85,0.00,1.59,33.64
1897,67303859,-985.84,-123.54,257.32,-0.61,0.06,0.91,33.35
1898,67307916,-985.84,-122.07,262.70,-0.91,0.30,0.12,33.59
1899,67313760,-985.35,-125.49,256.35,-0.55,0.30,-0.30,33.59
1900,67317809,-983.89,-137.70,252.44,-0.43,0.06,-0.24,33.35
1901,67321859,-988.77,-138.67,248.54,-0.55,-0.30,0.12,33.44
1902,67325916,-985.84,-144.53,249.02,-0.06,-0.55,0.24,33.16
1903,67329965,-979.49,-134.77,252.44,-0.12,-0.98,0.30,33.35
1904,67334015,-981.93,-123.54,255.37,-0.24,-0.98,0.49,33.49
1905,67339760,-981.45,-114.75,249.51,-0.30,-1.10,0.43,33.44
1906,67343809,-972.66,-119.63,256.35,-0.37,-1.22,0.12,33.35
1907,67347859,-963.87,-106.93,259.77,-0.73,-1.28,0.24,33.35
1908,67351916,-963.38,-106.45,260.74,-0.79,-1.59,0.18,33.83
1909,67357760,-953.61,-102.05,262.70,-1.22,-1.34,-0.06,33.25
1910,67361809,-950.68,-106.45,264.16,-1.59,-1.40,-0.12,33.64
1911,67365859,-954.10,-112.30,264.16,-1.77,-0.91,-0.30,33.59
1912,67369916,-953.61,-122.07,258.30,-1.59,-1.10,-0.49,33.35
1913,67373965,-949.22,-122.07,254.39,-1.77,-1.10,-0.55,33.59
1914,67379760,-954.59,-125.98,255.37,-1.65,-0.98,-0.06,33.68
1915,67383809,-954.59,-134.28,258.30,-1.34,-1.52,0.30,33.35
1916,67387859,-952.64,-143.55,255.37,-1.34,-1.28,0.79,33.35
1917,67391916,-947.27,-146.97,247.07,-1.22,-1.28,1.22,33.49
1918,67395965,-947.75,-145.02,247.56,-1.04,-1.40,1.71,33.49
1919,67401760,-947.27,-147.95,247.07,-0.49,-1.52,2.20,33.30
1920,67405809,-950.68,-142.09,249.51,-0.24,-1.22,2.62,33.30
1921,67409859,-953.12,-141.60,246.58,0.12,-1.04,2.80,33.44
1922,67413916,-956.54,-126.46,243.65,-0.06,-1.16,2.68,33.64
1923,67417965,-956.54,-123.05,246.58,0.06,-0.79,2.62,33.44
1924,67423760,-960.45,-122.56,242.19,0.30,-0.73,2.32,33.30
1925,67427809,-966.31,-111.33,248.05,0.43,-0.79,2.50,33.35
1926,67431859,-968.26,-107.42,250.00,0.24,-0.91,2.56,33.68
1927,67435916,-969.24,-107.91,257.81,0.12,-0.98,2.50,33.64
1928,67439965,-968.75,-98.63,258.30,0.00,-1.22,2.56,33.25
1929,67445760,-972.66,-97.66,258.30,0.24,-1.04,2.44,33.35
1930,67449809,-977.54,-95.21,257.32,-0.12,-1.16,2.50,33.30
1931,67453859,-977.54,-100.10,261.23,-0.43,-1.40,2.80,33.49
1932,67457916,-978.52,-99.12,269.04,-0.73,-1.22,2.38,33.44
1933,67461965,-981.45,-95.21,267.58,-0.85,-1.34,2.44,33.35
1934,67467760,-991.21,-93.26,267.58,-0.91,-1.22,2.44,33.49
1935,67471809,-986.33,-94.24,264.16,-1.40,-1.28,1.83,33.64
1936,67475859,-994.63,-96.19,265.14,-1.71,-1.28,1.59,33.64
1937,67479916,-989.75,-96.68,264.16,-1.52,-1.34,1.34,33.68
1938,67483965,-994.63,-102.05,259.28,-1.46,-1.40,0.73,33.35
1939,67489760,-993.16,-118.65,256.84,-1.89,-1.71,0.49,33.49
1940,67493809,-993.65,-126.46,255.86,-1.77,-1.65,0.37,33.44
1941,67497859,-990.72,-128.42,254.88,-1.77,-1.83,0.61,33.35
1942,67501916,-987.79,-130.86,256.35,-1.52,-1.89,0.55,33.64
1943,67505965,-976.07,-135.74,258.79,-1.40,-1.89,0.85,33.68
1944,67511760,-970.70,-141.11,262.21,-0.85,-1.65,1.04,33.35
1945,67515809,-971.19,-138.67,260.74,-0.79,-1.65,0.91,33.49
1946,67519859,-962.40,-135.74,257.81,-0.55,-1.77,0.73,33.44
1947,67523916,-958.50,-134.28,265.62,-0.30,-1.40,0.67,33.59
1948,67527965,-959.47,-128.42,261.23,0.06,-0.98,0.61,33.35
1949,67533760,-951.66,-112.79,258.30,-0.12,-0.85,0.67,33.59
1950,67537809,-955.08,-110.84,259.77,-0.30,-0.49,0.79,33.59
1951,67541859,-965.33,-107.42,259.77,-0.30,-0.55,0.12,33.35
1952,67545916,-963.87,-104.00,261.23,-0.37,0.00,0.00,33.25
1953,67551760,-968.75,-104.00,257.81,-0.24,0.49,0.12,33.49
1954,67555809,-975.59,-103.03,252.93,-0.61,0.61,0.12,33.49
1955,67559859,-976.07,-106.93,253.91,-0.91,0.55,0.43,33.64
1956,67563916,-979.98,-113.28,254.39,-1.16,0.37,0.61,33.35
1957,67567965,-981.45,-105.47,253.91,-1.04,0.61,1.16,33.44
1958,67573760,-981.93,-107.42,258.79,-0.98,0.43,1.77,33.68
1959,67577809,-982.91,-102.54,264.65,-1.22,0.06,1.59,33.83
1960,67581859,-972.66,-105.47,268.55,-1.40,0.00,1.65,33.35
1961,67585916,-980.47,-102.54,261.23,-1.22,0.18,1.65,33.44
1962,67589965,-979.49,-103.03,260.74,-1.34,-0.18,1.28,33.49
1963,67595760,-977.54,-104.00,261.23,-1.65,-0.24,1.10,33.68
1964,67599809,-980.96,-98.63,258.30,-2.01,-0.06,0.73,33.35
1965,67603859,-979.00,-105.47,265.14,-2.38,-0.18,0.06,33.44
1966,67607916,-983.40,-108.40,262.70,-2.20,0.12,-0.24,33.68
1967,67611965,-979.49,-115.23,268.07,-2.56,0.18,-0.85,33.59
1968,67617760,-980.47,-124.51,261.23,-2.32,0.18,-0.98,33.59
1969,67621809,-982.91,-120.61,257.32,-2.07,0.06,-0.67,33.44
1970,67625859,-983.89,-108.89,256.84,-2.07,0.43,-0.67,33.78
1971,67629916,-979.49,-104.00,250.00,-2.01,0.24,-1.22,33.59
1972,67633965,-979.00,-103.52,250.49,-2.20,0.00,-1.46,33.35
1973,67639760,-979.00,-109.86,251.95,-2.38,0.06,-2.01,33.25
1974,67643809,-977.54,-116.70,240.23,-2.38,0.18,-2.13,33.35
1975,67647859,-977.05,-104.49,246.09,-2.50,-0.30,-1.77,33.35
1976,67651916,-972.66,-111.33,246.09,-2.80,-0.30,-1.59,33.49
1977,67655965,-965.33,-115.23,247.56,-2.62,-0.49,-1.46,33.44
1978,67661760,-960.45,-113.77,250.98,-2.74,-0.73,-1.16,33.25
1979,67665809,-956.54,-107.91,249.51,-2.56,-0.49,-0.67,33.35
1980,67669859,-951.17,-104.49,252.93,-2.87,-0.85,-0.24,33.35
1981,67673916,-944.34,-108.40,250.49,-2.56,-0.73,0.00,33.35
1982,67677965,-944.82,-121.58,255.86,-2.56,-0.73,0.67,33.35
1983,67683760,-942.38,-130.86,250.00,-2.50,-0.73,0.91,33.30
1984,67687809,-949.22,-137.70,245.61,-2.01,-0.85,2.01,33.68
1985,67691859,-942.87,-129.88,241.70,-1.71,-0.73,2.44,33.49
1986,67695916,-947.75,-119.14,241.70,-1.34,-1.04,2.80,33.59
1987,67699965,-949.22,-117.68,245.61,-1.77,-1.22,2.74,33.59
1988,67705760,-956.05,-122.07,243.65,-1.71,-0.85,2.38,33.68
1989,67709809,-960.45,-126.95,249.02,-1.40,-0.73,2.44,33.59
1990,67713859,-965.33,-133.30,247.56,-1.28,-0.67,1.89,33.64
1991,67717916,-974.61,-131.35,248.05,-1.04,-0.67,1.65,33.59
1992,67721965,-979.98,-130.37,240.23,-0.85,-0.61,1.52,33.49
1993,67727760,-983.40,-125.00,251.46,-0.73,-0.91,1.22,33.30
1994,67731809,-986.33,-115.72,245.61,-0.43,-1.16,0.98,33.49
1995,67735859,-985.84,-109.37,253.42,-0.24,-1.28,0.79,33.06
1996,67739916,-985.35,-103.52,257.32,-0.55,-1.22,0.49,33.35
1997,67743965,-989.75,-89.36,259.77,-0.49,-1.52,0.12,33.49
1998,67749760,-987.30,-85.45,257.32,-0.79,-1.71,0.00,33.35
1999,67753809,-975.59,-80.08,260.25,-1.34,-1.59,-0.37,33.49
2000,67757859,-970.70,-86.91,265.14,-1.71,-1.71,-0.91,33.35
2001,67761916,-966.31,-89.36,258.30,-1.89,-1.83,-1.28,33.64
2002,67767760,-963.38,-97.66,263.67,-2.38,-1.52,-0.98,33.59
2003,67771809,-965.82,-112.79,262.21,-2.56,-1.52,-0.67,33.49
2004,67775859,-960.45,-109.86,268.07,-2.38,-1.77,-0.06,33.35
2005,67779916,-958.01,-114.75,263.18,-2.62,-1.40,0.43,33.30
2006,67783965,-955.57,-116.21,265.62,-2.68,-1.40,0.98,33.64
2007,67788015,-960.45,-125.98,261.72,-2.80,-0.98,1.28,33.44
2008,67793760,-957.03,-131.35,260.25,-2.50,-1.04,1.34,33.44
2009,67797809,-960.45,-134.77,263.67,-2.26,-0.91,1.83,33.59
2010,67801859,-958.01,-127.44,265.62,-2.13,-0.85,2.26,33.44
2011,67805916,-959.96,-127.93,269.53,-2.32,-0.67,2.38,33.59
2012,67811760,-961.43,-129.88,266.11,-2.13,-0.55,1.83,33.49
2013,67815809,-957.52,-136.72,266.11,-1.89,-0.55,1.65,33.49
2014,67819859,-963.38,-137.70,269.04,-1.34,-0.18,1.46,33.35
2015,67823916,-968.75,-136.72,265.62,-1.28,-0.06,1.65,33.30
2016,67827965,-970.70,-135.74,260.74,-1.10,-0.18,1.71,33.64
2017,67833760,-976.07,-127.44,256.35,-1.22,-0.12,1.40,33.49
2018,67837809,-978.52,-133.79,254.88,-1.10,-0.30,1.28,33.49
2019,67841859,-984.37,-138.18,254.88,-0.79,0.18,0.91,33.49
2020,67845916,-983.89,-133.30,249.51,-0.43,0.06,1.16,33.30
2021,67849965,-986.33,-120.12,251.46,-0.79,-0.06,1.10,33.44
2022,67855760,-986.82,-98.63,244.14,-0.79,-0.06,1.22,33.35
2023,67859809,-982.91,-88.38,251.46,-0.98,-0.37,0.61,33.25
2024,67863859,-983.40,-89.84,254.39,-1.34,-0.18,0.55,33.59
2025,67867916,-980.47,-89.36,250.98,-1.34,-0.24,0.37,33.64
2026,67871965,-981.45,-86.43,253.42,-1.59,-0.18,0.30,33.64
2027,67877760,-985.35,-86.43,260.25,-2.13,-0.61,0.55,33.35
2028,67881809,-979.98,-90.33,260.74,-2.38,-0.67,0.73,33.59
2029,67885859,-979.00,-90.33,258.79,-2.44,-0.55,0.49,33.64
2030,67889916,-975.59,-83.50,255.86,-2.68,-0.49,0.30,33.49
2031,67893965,-979.49,-88.38,259.28,-2.99,-0.43,0.18,33.25
2032,67899760,-979.00,-94.24,257.32,-3.05,-0.85,-0.12,33.30
2033,67903809,-966.31,-108.40,259.77,-3.23,-0.43,-0.61,33.35
2034,67907859,-969.24,-114.75,252.44,-3.17,-0.30,-0.61,33.59
2035,67911916,-963.87,-119.63,250.98,-3.11,-0.43,-0.30,33.59
2036,67915965,-959.96,-125.49,250.49,-2.87,-0.49,-0.18,33.35
2037,67921760,-958.98,-132.32,250.00,-2.44,-0.55,-0.06,33.49
2038,67925809,-961.43,-127.44,247.56,-2.20,-0.61,0.18,33.35
2039,67929859,-961.91,-123.54,252.93,-2.32,-0.55,0.30,33.59
2040,67933916,-962.40,-129.88,249.02,-2.01,-0.55,0.12,33.44
2041,67937965,-965.82,-135.25,246.58,-1.77,-0.43,-0.24,33.35
2042,67943760,-963.38,-137.70,244.14,-1.34,-0.30,-0.24,33.35
2043,67947809,-967.77,-144.04,242.68,-1.04,-0.55,0.12,33.49
2044,67951859,-964.36,-144.04,245.61,-0.73,-0.43,0.37,33.59
2045,67955916,-963.38,-137.70,243.65,-0.18,-0.61,0.37,33.49
2046,67959965,-960.45,-135.74,246.58,-0.12,-0.55,0.98,33.49
2047,67965760,-961.91,-129.39,247.56,0.37,-0.43,1.40,33.64
2048,67969809,-959.96,-119.14,249.02,0.55,-0.43,1.46,33.59
2049,67973859,-957.52,-110.35,249.02,0.55,-0.55,1.22,33.30
2050,67977916,-958.98,-104.49,248.05,0.67,-0.61,1.10,33.44
2051,67981965,-958.50,-95.70,249.02,0.55,-0.43,0.98,33.59
2052,67987760,-958.01,-92.29,254.88,0.30,-0.49,0.85,33.49
2053,67991809,-959.47,-91.31,254.39,0.06,-0.49,0.85,33.44
2054,67995859,-966.80,-85.45,250.98,0.00,-0.67,1.04,33.35
2055,67999916,-965.82,-85.94,256.84,-0.06,-0.67,1.04,33.44
2056,68005760,-969.73,-84.47,256.84,-0.37,-0.85,1.16,33.59
2057,68009809,-971.68,-89.36,257.81,-0.85,-0.67,1.22,33.59
2058,68013859,-969.73,-87.40,263.67,-0.61,-0.85,1.77,33.35
2059,68017916,-973.63,-94.24,260.25,-0.79,-0.73,1.71,33.30
2060,68021965,-969.73,-102.54,259.28,-0.79,-1.16,1.77,33.59
2061,68027760,-970.70,-108.89,259.77,-0.85,-0.85,1.83,33.49
2062,68031809,-973.14,-116.21,260.74,-0.98,-0.91,2.07,33.49
2063,68035859,-972.17,-123.05,256.84,-0.61,-1.22,1.95,33.49
2064,68039916,-978.52,-134.28,254.88,-0.55,-1.04,1.89,33.25
2065,68043965,-974.61,-133.30,247.56,-0.24,-1.04,1.83,33.49
2066,68049760,-981.93,-132.81,249.02,-0.18,-0.91,1.77,33.64
2067,68053809,-978.52,-136.23,250.00,0.24,-0.73,1.28,33.49
2068,68057859,-976.56,-130.86,247.56,0.43,-0.91,1.16,33.25
2069,68061916,-976.07,-130.86,248.54,0.79,-1.10,1.28,33.49
2070,68065965,-979.00,-128.91,253.42,0.79,-0.55,0.91,33.44
2071,68071760,-975.59,-130.37,250.00,0.98,-0.49,0.91,33.64
2072,68075809,-969.73,-115.23,253.42,1.16,-0.49,1.10,33.35
2073,68079859,-975.59,-112.79,253.91,1.40,-0.12,1.04,33.49
2074,68083916,-975.10,-98.63,264.16,1.04,0.00,0.79,33.44
2075,68087965,-980.47,-91.80,263.18,0.98,0.06,0.85,33.44
2076,68093760,-977.54,-85.45,264.65,0.98,0.30,0.55,33.44
2077,68097809,-979.00,-88.38,268.07,0.18,0.55,0.55,33.35
2078,68101859,-976.56,-81.05,261.72,0.24,0.24,0.24,33.30
2079,68105916,-980.47,-77.64,264.16,-0.18,0.43,0.73,33.44
2080,68109965,-982.42,-72.27,263.18,-0.61,0.12,0.79,33.16
2081,68115760,-974.12,-79.10,256.84,-1.10,0.24,0.61,33.44
2082,68119809,-974.12,-94.24,256.84,-1.34,-0.30,0.79,33.30
2083,68123859,-968.26,-98.14,256.35,-1.22,-0.37,0.73,33.49
2084,68127916,-968.75,-100.10,257.32,-1.46,-0.43,1.22,33.35
2085,68131965,-971.19,-110.35,254.88,-1.65,-0.43,1.52,33.35
2086,68137760,-968.75,-117.19,254.39,-1.71,-0.30,1.71,33.30
2087,68141809,-973.63,-125.98,249.02,-1.59,-0.30,1.59,33.49
2088,68145859,-973.14,-135.74,247.07,-1.40,-0.55,1.65,33.49
2089,68149916,-967.77,-142.58,246.58,-1.10,-0.55,1.59,33.44
2090,68153965,-975.59,-143.55,246.09,-0.79,-0.49,1.59,33.11
2091,68159760,-975.10,-147.95,245.12,-0.30,-0.55,1.46,33.44
2092,68163809,-972.17,-148.44,247.56,0.06,-0.24,1.10,33.44
2093,68167859,-970.21,-154.79,244.63,0.49,-0.24,1.04,33.88
2094,68171916,-962.40,-157.71,246.09,0.98,-0.24,1.04,33.25
2095,68175965,-961.91,-160.16,250.00,1.28,-0.06,1.28,33.44
2096,68181760,-959.47,-149.90,251.46,2.13,0.00,1.46,33.59
2097,68185809,-957.03,-146.00,246.09,2.56,0.00,2.01,33.35
2098,68189859,-955.08,-148.44,244.14,2.74,0.06,2.50,33.25
2099,68193916,-958.50,-140.14,245.12,3.41,-0.24,2.87,33.83
2100,68197965,-958.50,-129.88,242.19,3.78,-0.43,3.48,33.49
2101,68203760,-958.01,-114.26,241.21,3.60,-0.37,4.21,33.64
2102,68207809,-952.15,-104.00,244.14,3.48,-0.18,4.27,33.59
2103,68211859,-953.12,-114.75,247.56,3.72,-0.30,4.70,33.16
2104,68215916,-949.22,-109.86,248.54,3.60,-0.24,5.18,33.83
2105,68221760,-949.22,-114.26,254.39,3.84,-0.30,6.04,33.59
2106,68225809,-946.78,-116.70,256.35,3.60,-0.67,6.89,33.44
2107,68229859,-945.80,-114.26,253.91,3.84,-0.49,7.80,33.44
2108,68233916,-953.61,-107.42,255.86,4.02,-0.37,8.17,33.44
2109,68237965,-955.08,-96.19,254.88,3.66,-0.55,8.84,33.68
2110,68243760,-964.84,-85.45,256.35,3.41,-0.43,8.84,33.64
2111,68247809,-968.75,-56.15,261.23,2.87,-0.61,8.17,33.64
2112,68251859,-968.75,-46.87,264.16,1.89,-0.73,7.07,33.49
2113,68255916,-965.82,-39.55,269.04,1.52,-0.55,6.10,33.35
2114,68259965,-976.56,-44.92,265.14,0.79,-0.61,4.09,33.59
2115,68265760,-981.45,-50.29,264.65,0.12,-0.30,2.93,33.49
2116,68269809,-992.19,-61.52,256.35,-0.61,-0.79,1.95,33.35
2117,68273859,-996.58,-65.92,250.98,-1.04,-1.28,1.52,33.59
2118,68277916,-1005.86,-70.80,250.49,-1.46,-1.40,0.85,33.59
2119,68281965,-1001.95,-77.15,255.86,-1.95,-1.71,0.43,33.44
2120,68287760,-1001.95,-89.84,252.93,-2.07,-1.89,0.12,33.44
2121,68291809,-1001.95,-94.73,259.77,-2.26,-2.44,0.24,33.68
2122,68295859,-998.05,-109.86,255.86,-2.13,-2.62,0.61,33.49
2123,68299916,-987.79,-113.28,254.88,-2.26,-2.93,0.67,33.35
2124,68303965,-982.42,-111.82,260.74,-2.32,-3.35,0.73,33.64
2125,68309760,-969.24,-119.63,259.28,-1.89,-3.11,1.04,33.44
2126,68313809,-967.29,-117.68,256.84,-2.20,-3.41,1.04,33.16
2127,68317859,-958.01,-127.44,256.35,-1.77,-3.29,0.79,33.59
2128,68321916,-953.61,-133.30,257.81,-1.22,-2.93,0.61,33.49
2129,68325965,-953.61,-134.28,256.84,-1.34,-2.68,0.67,33.59
2130,68331760,-949.22,-134.77,257.81,-0.98,-2.80,0.91,33.16
2131,68335809,-945.80,-133.79,258.79,-0.49,-2.07,0.91,33.25
2132,68339859,-945.80,-139.16,257.81,-0.43,-1.65,0.98,33.44
2133,68343916,-951.66,-141.60,257.81,-0.30,-1.46,1.22,33.59
2134,68347965,-959.47,-133.30,256.84,-0.06,-0.79,1.52,33.35
2135,68353760,-960.94,-119.63,253.91,0.06,-0.61,2.13,33.35
2136,68357809,-963.87,-104.00,255.86,0.24,-0.49,2.87,33.59
2137,68361859,-966.80,-92.77,263.18,0.12,-0.37,3.05,33.64
2138,68365916,-966.80,-87.89,265.62,0.00,0.30,3.05,33.64
2139,68369965,-971.19,-80.08,258.30,-0.49,0.37,3.11,33.16
2140,68375760,-980.47,-72.27,259.77,-0.37,0.43,3.29,33.59
2141,68379809,-988.77,-65.92,260.74,-0.98,0.24,3.17,33.35
2142,68383859,-985.84,-62.01,267.09,-1.10,0.30,3.41,33.44
2143,68387916,-988.77,-62.01,267.09,-1.71,0.18,3.29,33.44
2144,68391965,-989.26,-58.59,268.55,-2.20,0.18,2.93,33.64
2145,68397760,-991.70,-64.94,264.65,-2.87,-0.24,2.74,33.64
2146,68401809,-991.21,-80.57,258.30,-2.80,-0.06,2.20,33.59
2147,68405859,-997.07,-98.14,259.28,-2.74,-0.24,2.68,33.59
2148,68409916,-992.68,-104.00,258.30,-2.99,-0.55,2.68,33.49
2149,68413965,-996.58,-105.47,258.30,-2.93,-0.49,2.87,33.49
2150,68419760,-993.16,-103.52,254.39,-2.87,-0.98,2.87,33.49
2151,68423809,-986.33,-110.84,264.16,-2.74,-0.98,2.32,33.35
2152,68427859,-982.42,-115.23,257.81,-2.56,-1.10,2.38,33.30
2153,68431916,-980.47,-122.07,257.81,-2.13,-0.67,1.52,33.64
2154,68435965,-978.52,-120.12,252.93,-1.95,-0.79,1.22,33.49
2155,68441760,-976.07,-119.63,253.91,-2.07,-0.43,0.67,33.49
2156,68445809,-975.10,-113.28,254.39,-1.71,-0.37,0.30,33.44
2157,68449859,-974.61,-112.30,253.42,-1.52,-0.24,-0.06,33.30
2158,68453916,-974.12,-120.61,252.44,-1.04,-0.12,-0.61,33.64
2159,68459760,-971.68,-120.12,256.84,-0.73,-0.24,-0.85,33.35
2160,68463809,-969.24,-118.16,257.81,-0.43,-0.12,-0.12,33.68
2161,68467859,-968.75,-109.37,252.93,0.12,-0.18,-0.12,33.49
2162,68471916,-961.43,-104.49,254.88,-0.30,-0.37,0.43,33.35
2163,68475965,-960.45,-93.26,252.44,0.06,-0.43,1.04,33.59
2164,68481760,-960.45,-73.24,250.00,-0.24,-0.43,1.65,33.64
2165,68485809,-954.59,-61.04,248.54,-0.85,-0.30,1.95,33.64
2166,68489859,-957.03,-59.08,253.91,-1.22,0.00,1.40,33.59
2167,68493916,-961.43,-63.48,257.81,-1.65,0.18,1.28,33.30
2168,68497965,-966.31,-58.11,260.74,-2.01,0.24,1.40,33.49
2169,68503760,-974.12,-61.52,264.16,-2.26,0.18,1.71,33.44
2170,68507809,-973.14,-63.48,263.67,-2.80,0.67,1.65,33.49
2171,68511859,-975.59,-75.68,265.62,-3.11,0.37,1.89,33.44
2172,68515916,-982.42,-83.98,256.35,-3.17,0.43,1.65,33.68
2173,68519965,-977.05,-95.21,257.32,-3.17,0.37,1.59,33.44
2174,68525760,-977.54,-104.98,255.37,-3.23,0.37,1.71,33.78
2175,68529809,-974.12,-118.16,250.49,-2.87,-0.12,1.59,33.49
2176,68533859,-971.68,-129.39,251.46,-2.68,-0.18,1.59,33.83
2177,68537916,-965.33,-137.21,243.65,-2.07,-0.30,1.34,33.35
2178,68541965,-964.36,-144.53,243.16,-1.65,-0.18,1.71,33.64
2179,68547760,-962.89,-146.97,238.77,-0.98,-0.85,1.71,33.35
2180,68551809,-961.91,-140.62,241.70,-0.49,-0.79,2.13,33.11
2181,68555859,-954.10,-140.62,236.33,0.24,-0.73,2.50,33.68
2182,68559916,-953.61,-141.11,243.65,0.91,-0.79,2.56,33.30
2183,68563965,-952.15,-127.44,243.16,1.40,-0.79,2.93,33.16
2184,68569760,-952.64,-107.91,248.05,1.65,-0.67,3.41,33.16
2185,68573809,-953.12,-82.52,251.95,1.83,-0.55,3.90,33.35
2186,68577859,-951.66,-73.73,264.16,1.83,-0.43,3.90,33.59
2187,68581916,-955.08,-69.82,262.70,1.22,-0.30,3.60,33.59
2188,68585965,-963.38,-59.57,259.77,1.22,-0.12,3.05,33.49
2189,68591760,-972.17,-56.15,262.21,0.85,0.12,3.05,33.30
2190,68595809,-985.35,-40.53,265.14,0.61,0.00,2.56,33.64
2191,68599859,-984.37,-41.50,263.18,-0.30,0.30,2.44,33.59
2192,68603916,-991.21,-43.95,258.30,-0.73,0.18,1.89,33.59
2193,68607965,-994.14,-50.78,255.86,-1.10,0.30,1.34,33.30
2194,68613760,-995.12,-58.59,259.77,-1.59,-0.37,0.91,33.49
2195,68617809,-998.54,-73.73,261.23,-1.52,-0.43,1.28,33.64
2196,68621859,-995.12,-78.61,258.79,-1.89,-0.49,1.34,33.49
2197,68625916,-996.09,-83.98,255.37,-1.95,-0.79,1.65,33.49
2198,68629965,-994.63,-95.70,254.88,-2.01,-1.28,1.89,33.59
2199,68635760,-978.52,-102.05,251.46,-1.65,-1.04,1.89,33.25
2200,68639809,-977.54,-113.28,252.44,-1.52,-1.10,1.65,33.35
2201,68643859,-971.19,-117.68,250.98,-1.22,-1.28,1.71,33.25
2202,68647916,-970.70,-119.14,253.91,-1.22,-1.22,2.01,33.44
2203,68651965,-969.24,-117.19,253.91,-1.10,-0.91,1.83,33.35
2204,68657760,-964.84,-115.23,254.88,-0.61,-1.16,1.95,33.49
2205,68661809,-958.98,-119.63,262.21,-0.30,-0.61,1.83,33.59
2206,68665859,-959.47,-115.23,256.84,0.24,-0.61,1.46,33.25
2207,68669916,-961.43,-108.40,255.37,0.55,-0.24,1.10,33.49
2208,68675760,-961.43,-108.40,257.81,0.67,0.00,1.10,33.49
2209,68679809,-954.59,-107.91,259.77,0.98,0.12,1.10,33.49
2210,68683859,-957.52,-106.93,256.35,1.04,0.24,1.16,33.35
2211,68687916,-963.87,-93.26,256.84,1.46,0.43,1.46,33.16
2212,68691965,-967.29,-85.94,256.84,1.10,0.24,1.89,33.68
2213,68697760,-970.21,-68.85,261.72,0.85,0.61,2.26,33.44
2214,68701809,-971.68,-58.59,262.70,0.61,0.43,1.83,33.64
2215,68705859,-973.14,-59.08,264.16,-0.18,0.55,1.28,33.59
2216,68709916,-978.03,-58.59,267.09,-0.43,0.49,1.16,33.25
2217,68713965,-982.42,-62.99,261.23,-0.73,0.12,1.16,33.49
2218,68719760,-985.35,-68.36,262.21,-1.16,0.24,1.22,33.59
2219,68723809,-987.30,-73.73,262.21,-1.46,0.30,1.65,33.64
2220,68727859,-987.79,-79.59,267.09,-1.89,0.00,2.07,33.59
2221,68731916,-986.33,-84.47,262.21,-1.71,0.00,2.13,33.44
2222,68735965,-985.84,-87.40,261.72,-1.77,-0.61,2.26,33.68
2223,68741760,-982.91,-92.77,258.30,-1.71,-0.73,2.20,33.44
2224,68745809,-972.17,-100.59,263.67,-1.83,-0.61,1.95,33.44
2225,68749859,-967.77,-110.35,261.23,-1.83,-0.73,1.95,33.25
2226,68753916,-968.75,-121.09,261.23,-1.28,-0.98,2.07,33.30
2227,68757965,-964.84,-108.40,262.70,-0.91,-0.91,2.32,33.49
2228,68763760,-964.84,-101.07,264.16,-0.91,-1.10,2.32,33.11
2229,68767809,-962.40,-93.26,261.23,-0.67,-0.73,1.46,33.44
2230,68771859,-958.98,-93.26,260.25,-0.98,-0.43,0.91,33.59
2231,68775916,-966.31,-96.19,256.35,-0.98,-0.30,-0.30,33.35
2232,68779965,-969.73,-100.10,250.98,-0.67,0.12,-0.79,33.68
2233,68785760,-972.17,-105.96,252.44,-0.67,0.24,-0.55,33.35
2234,68789809,-977.05,-99.61,250.98,-0.55,0.00,-0.37,33.35
2235,68793859,-976.07,-95.21,246.09,-0.85,0.06,0.12,33.49
2236,68797916,-973.14,-88.38,247.56,-0.49,-0.06,0.91,33.64
2237,68801965,-968.26,-86.91,251.95,-0.55,-0.43,0.91,33.11
2238,68807760,-970.21,-77.64,251.95,-0.55,-0.55,1.46,33.44
2239,68811809,-961.91,-69.34,254.88,-0.98,-0.55,2.01,33.16
2240,68815859,-965.82,-61.04,256.84,-1.10,-0.43,1.89,33.44
2241,68819916,-968.26,-63.48,249.02,-1.40,-0.55,2.01,33.49
2242,68823965,-968.26,-60.55,252.93,-1.59,-0.24,2.01,33.35
2243,68829760,-971.19,-57.13,252.93,-2.13,-0.67,1.89,33.49
2244,68833809,-972.66,-54.20,252.44,-2.50,-0.43,1.28,33.44
2245,68837859,-976.56,-66.89,246.58,-2.50,-0.61,0.98,33.30
2246,68841916,-979.00,-81.05,251.46,-2.93,-0.67,0.49,33.49
2247,68845965,-982.42,-93.75,242.68,-2.93,-0.67,0.24,33.49
2248,68851760,-984.37,-91.31,243.65,-2.56,-1.16,0.18,33.59
2249,68855809,-980.96,-104.49,244.14,-2.20,-1.52,0.06,33.83
2250,68859859,-979.49,-111.33,243.65,-2.07,-1.52,0.00,33.64
2251,68863916,-976.07,-116.21,247.07,-1.65,-1.65,0.12,33.49
2252,68867965,-972.66,-124.02,246.09,-1.22,-1.52,0.49,33.78
2253,68873760,-967.77,-136.23,250.00,-0.55,-1.77,0.91,33.64
2254,68877809,-958.50,-126.46,248.54,0.12,-1.59,1.65,33.59
2255,68881859,-960.45,-116.21,250.00,0.37,-1.65,1.77,33.35
2256,68885916,-958.01,-105.47,252.93,0.67,-1.52,2.26,33.59
2257,68889965,-958.01,-89.36,250.00,0.73,-1.40,2.26,33.68
2258,68895760,-954.59,-85.94,249.51,0.79,-1.16,1.65,33.49
2259,68899809,-954.10,-86.91,254.88,0.85,-1.16,1.10,33.64
2260,68903859,-964.36,-95.21,254.39,0.79,-1.10,0.79,33.30
2261,68907916,-960.45,-89.84,252.93,1.10,-0.79,1.16,33.44
2262,68913760,-970.21,-84.96,250.98,0.91,-0.79,1.71,33.49
2263,68917809,-974.61,-77.15,249.02,0.67,-0.67,2.32,33.49
2264,68921859,-978.52,-75.68,250.98,0.79,-0.55,2.56,33.44
2265,68925916,-976.56,-72.75,250.49,0.43,-0.67,2.56,33.35
2266,68929965,-980.47,-80.08,254.88,0.24,-0.85,2.44,33.59
2267,68935760,-978.52,-80.08,254.39,0.55,-0.61,2.26,33.59
2268,68939809,-976.56,-76.17,256.35,0.18,-0.73,2.50,33.44
2269,68943859,-981.45,-77.64,250.98,0.49,-0.79,2.62,33.25
2270,68947916,-982.42,-70.80,256.84,0.61,-0.73,2.38,33.16
2271,68951965,-982.91,-80.08,252.93,0.30,-0.98,1.77,33.49
2272,68957760,-981.45,-83.50,250.98,0.30,-0.85,1.04,33.49
2273,68961809,-984.37,-91.31,255.86,0.37,-0.79,0.30,33.49
2274,68965859,-989.75,-95.21,251.95,0.37,-1.04,-0.18,33.49
2275,68969916,-989.75,-94.73,248.54,0.55,-1.04,-0.18,33.68
2276,68973965,-986.33,-95.70,250.98,0.67,-0.91,-0.73,33.49
2277,68979760,-987.79,-93.26,252.44,0.67,-1.40,-0.98,33.83
2278,68983809,-987.79,-93.26,247.07,0.85,-1.28,-1.22,33.25
2279,68987859,-988.77,-96.19,253.91,0.85,-1.28,-0.91,33.59
2280,68991916,-980.47,-97.66,254.88,0.98,-1.10,-0.79,33.49
2281,68995965,-974.61,-100.10,251.95,1.16,-1.46,-0.49,33.44
2282,69001760,-974.12,-91.31,257.32,1.52,-1.65,0.18,33.44
2283,69005809,-963.38,-79.10,259.28,1.34,-1.59,0.79,33.44
2284,69009859,-960.45,-69.34,259.28,1.10,-1.59,1.04,33.49
2285,69013916,-961.91,-52.73,266.60,0.67,-1.46,1.34,33.59
2286,69017965,-962.40,-49.80,267.58,0.18,-1.16,1.04,33.30
2287,69023760,-961.91,-55.66,272.95,-0.37,-0.73,0.85,33.25
2288,69027809,-967.77,-67.87,274.90,-0.79,-0.49,0.61,33.25
2289,69031859,-973.63,-73.24,264.16,-0.73,-0.30,0.79,33.49
2290,69035916,-975.59,-82.52,265.14,-0.98,-0.30,1.22,33.49
2291,69039965,-981.45,-94.24,264.16,-1.10,-0.12,1.34,33.16
2292,69045760,-979.00,-97.17,264.65,-0.73,-0.30,1.95,33.35
2293,69049809,-981.93,-99.61,258.79,-1.04,-0.12,2.38,33.83
2294,69053859,-977.05,-103.52,258.79,-0.79,-0.12,2.07,33.35
2295,69057916,-976.07,-98.63,257.32,-0.67,-0.12,1.77,33.68
2296,69061965,-979.00,-105.96,255.37,-0.43,0.06,1.10,33.35
2297,69067760,-978.03,-113.77,253.42,-0.18,0.18,0.37,33.49
2298,69071809,-979.98,-120.12,246.09,0.00,-0.24,-0.06,33.64
2299,69075859,-977.05,-120.12,251.46,0.55,-0.06,0.06,33.59
2300,69079916,-975.10,-121.09,250.49,0.79,-0.24,-0.06,33.64
2301,69083965,-974.12,-115.72,251.46,1.10,-0.12,0.37,33.59
2302,69089760,-971.19,-111.33,253.91,1.28,-0.12,0.49,33.44
2303,69093809,-974.61,-96.19,254.88,1.59,-0.06,0.49,33.49
2304,69097859,-974.12,-81.54,250.98,1.28,0.06,0.49,33.25
2305,69101916,-978.03,-65.43,257.32,1.22,0.00,0.18,33.44
2306,69105965,-971.19,-52.25,258.30,1.22,0.00,0.30,33.49
2307,69111760,-974.12,-41.50,265.62,0.61,-0.37,-0.12,33.49
2308,69115809,-977.05,-33.20,269.04,-0.12,-0.24,-0.37,33.59
2309,69119859,-975.10,-27.34,269.04,-0.55,-0.06,-0.61,33.35
2310,69123916,-973.14,-24.90,265.14,-1.16,-0.18,-0.79,33.49
2311,69129760,-976.56,-34.67,267.58,-1.95,-0.55,-1.16,33.78
2312,69133809,-975.59,-48.34,263.18,-2.80,-0.98,-1.04,33.64
2313,69137859,-978.03,-64.94,262.21,-3.17,-0.61,-0.79,33.59
2314,69141916,-974.61,-83.98,263.18,-3.29,-0.67,-0.43,33.30
2315,69145965,-974.12,-91.31,261.23,-3.60,-1.10,0.24,33.64
2316,69151760,-976.56,-99.12,260.74,-3.41,-1.22,0.98,33.68
2317,69155809,-970.21,-99.61,257.81,-3.54,-1.10,1.28,33.44
2318,69159859,-964.84,-107.91,254.88,-3.35,-1.22,1.10,33.49
2319,69163916,-968.26,-120.12,252.93,-3.05,-0.91,0.85,33.25
2320,69167965,-965.82,-126.46,254.39,-3.05,-0.73,0.49,33.49
2321,69173760,-964.36,-142.09,253.42,-2.74,-0.67,0.30,33.44
2322,69177809,-966.80,-139.16,247.07,-2.13,-0.12,0.06,33.59
2323,69181859,-967.77,-139.65,254.88,-1.59,-0.24,0.24,33.35
2324,69185916,-967.77,-129.88,246.09,-1.22,0.18,0.06,33.44
2325,69189965,-969.24,-125.49,253.42,-0.67,0.12,-0.43,33.83
2326,69195760,-976.07,-127.44,247.56,-0.24,0.37,-0.79,33.44
2327,69199809,-978.52,-115.72,248.54,-0.06,0.55,-1.10,33.49
2328,69203859,-973.63,-104.00,247.07,0.49,0.37,-1.22,33.35
2329,69207916,-979.98,-87.89,250.98,0.55,0.79,-0.85,33.59
2330,69211965,-976.56,-73.73,254.88,0.49,0.30,-0.67,33.35
2331,69217760,-974.61,-53.71,256.84,0.00,-0.06,-0.49,33.16
2332,69221809,-969.73,-39.06,260.25,-0.37,-0.06,-0.91,33.35
2333,69225859,-964.36,-41.99,268.07,-0.73,-0.24,-0.79,33.49
2334,69229916,-970.21,-33.20,267.09,-1.10,0.18,-1.04,33.44
2335,69233965,-968.75,-21.00,268.55,-2.07,-0.18,-1.04,33.35
2336,69239760,-966.80,-18.55,271.48,-2.68,-0.18,-0.79,33.44
2337,69243809,-971.19,-27.34,270.02,-3.96,-0.37,-0.98,33.64
2338,69247859,-970.70,-44.92,269.53,-4.27,0.12,-1.65,33.35
2339,69251916,-970.21,-57.62,267.58,-4.88,0.06,-1.28,33.59
2340,69255965,-977.54,-75.68,262.70,-5.12,-0.37,-0.79,33.59
2341,69261760,-980.96,-90.82,262.21,-5.24,-0.61,-0.67,33.30
2342,69265809,-975.59,-109.86,256.35,-4.76,-0.98,0.49,33.59
2343,69269859,-967.77,-124.02,254.39,-4.51,-1.10,0.67,33.49
2344,69273916,-968.26,-134.28,246.09,-3.96,-1.40,1.28,33.49
2345,69277965,-958.98,-145.51,242.68,-3.41,-1.65,1.95,33.30
2346,69283760,-954.59,-152.83,235.35,-2.44,-1.52,2.07,33.49
2347,69287809,-952.15,-162.11,234.86,-1.71,-1.95,2.32,33.64
2348,69291859,-951.17,-162.11,231.93,-0.85,-1.65,2.62,33.49
2349,69295916,-952.64,-161.13,231.93,-0.18,-1.52,2.62,33.59
2350,69299965,-949.22,-160.16,229.49,1.10,-1.28,2.74,33.59
2351,69305760,-949.71,-155.27,229.98,1.65,-0.85,2.87,33.44
2352,69309809,-960.94,-138.18,231.93,2.50,-0.91,3.35,33.35
2353,69313859,-961.43,-117.68,236.82,2.93,-0.30,3.78,33.49
2354,69317916,-969.73,-94.73,237.79,3.29,0.24,3.78,33.59
2355,69321965,-984.37,-65.43,242.68,3.35,0.37,3.66,33.35
2356,69327760,-991.21,-41.02,246.58,3.17,0.67,3.11,33.35
2357,69331809,-995.61,0.49,252.44,2.26,0.79,2.32,33.35
2358,69335859,-999.51,16.11,263.18,1.59,1.04,1.22,33.16
2359,69339916,-992.19,20.02,267.58,0.73,0.73,0.06,33.44
2360,69343965,-996.09,19.04,271.00,-0.06,1.10,-0.91,33.44
2361,69349760,-994.14,11.23,271.48,-1.22,0.91,-1.65,33.64
2362,69353809,-1003.42,8.79,270.51,-2.07,0.61,-1.77,33.49
2363,69357859,-1004.88,-5.86,270.51,-2.93,-0.12,-1.89,33.30
2364,69361916,-1000.98,-19.04,270.02,-3.48,-0.61,-2.13,33.30
2365,69367760,-996.58,-37.11,269.53,-4.27,-0.55,-1.83,33.35
2366,69371809,-991.21,-64.45,266.11,-4.63,-0.79,-1.46,33.49
2367,69375859,-985.84,-75.68,264.65,-4.70,-1.34,-0.98,33.59
2368,69379916,-983.40,-93.26,264.16,-4.51,-1.52,-0.61,33.25
2369,69383965,-976.56,-102.05,261.72,-4.33,-2.01,-0.43,33.68
2370,69389760,-972.66,-119.14,257.32,-3.96,-2.01,-0.55,33.49
2371,69393809,-970.70,-132.32,249.02,-3.48,-1.77,-0.79,33.64
2372,69397859,-966.31,-146.97,245.12,-2.93,-1.95,-0.37,33.49
2373,69401916,-964.36,-155.27,239.75,-2.26,-1.77,-0.30,33.11
2374,69405965,-965.82,-159.67,233.40,-1.46,-1.95,-0.12,33.64
2375,69411760,-955.57,-160.64,236.82,-0.67,-1.65,0.06,33.64
2376,69415809,-951.17,-164.55,236.33,0.43,-1.59,0.24,33.59
2377,69419859,-949.22,-160.16,236.82,1.16,-1.16,0.37,33.78
2378,69423916,-944.82,-150.88,238.77,1.89,-0.79,0.91,33.44
2379,69427965,-948.24,-131.84,247.07,2.26,-0.49,1.40,33.44
2380,69433760,-946.78,-109.86,253.42,2.80,-0.06,1.95,33.78
2381,69437809,-946.29,-91.80,260.74,2.87,0.49,1.77,33.35
2382,69441859,-950.20,-76.17,265.62,2.74,0.91,1.83,33.35
2383,69445916,-958.01,-66.41,266.60,2.56,1.46,1.59,33.78
2384,69449965,-956.54,-39.06,267.58,2.01,1.89,1.52,33.35
2385,69455760,-963.87,-37.60,271.00,1.46,2.32,0.98,33.16
2386,69459809,-972.17,-34.67,273.93,0.73,2.87,0.67,33.59
2387,69463859,-980.96,-31.74,271.00,0.37,2.74,0.79,33.49
2388,69467916,-986.82,-36.13,265.62,-0.37,2.44,0.79,33.49
2389,69471965,-995.61,-41.99,261.72,-0.91,2.62,0.85,33.35
2390,69477760,-995.12,-51.76,260.74,-1.16,2.20,1.10,33.25
2391,69481809,-1000.00,-58.11,262.21,-1.77,1.71,1.52,33.30
2392,69485859,-999.51,-67.87,258.30,-1.89,1.71,1.59,33.78
2393,69489916,-1000.98,-77.64,260.25,-2.01,1.34,1.95,33.44
2394,69493965,-999.02,-90.82,257.81,-2.01,1.22,2.13,33.16
2395,69499760,-993.16,-101.07,258.79,-1.95,0.73,2.07,33.64
2396,69503809,-993.16,-103.03,256.35,-1.46,0.61,2.26,33.64
2397,69507859,-986.82,-104.00,257.81,-1.34,0.24,2.01,33.30
2398,69511916,-982.42,-100.10,260.25,-1.04,0.24,1.59,33.49
2399,69515965,-981.45,-88.38,258.79,-0.98,0.18,0.98,33.35
2400,69521760,-975.10,-88.87,259.77,-1.16,0.37,0.37,33.68
2401,69525809,-973.14,-89.36,259.28,-0.91,0.43,-0.79,33.64
2402,69529859,-964.84,-94.24,259.28,-0.79,0.18,-1.34,33.35
2403,69533916,-966.31,-100.10,250.00,-0.43,0.49,-1.89,33.49
2404,69537965,-965.82,-101.56,252.93,-0.49,0.49,-1.89,33.49
2405,69543760,-958.50,-104.00,253.91,-0.12,0.37,-1.89,33.44
2406,69547809,-955.08,-103.03,250.49,0.24,0.43,-1.28,33.64
2407,69551859,-954.59,-105.47,250.00,0.67,0.49,-0.91,33.35
2408,69555916,-957.03,-101.56,242.68,0.73,0.49,0.18,33.49
2409,69559965,-953.12,-87.40,246.09,0.85,0.43,0.67,33.30
2410,69565760,-950.20,-79.59,244.14,0.91,0.43,1.28,33.64
2411,69569809,-955.57,-63.96,246.58,0.49,0.61,1.28,33.44
2412,69573859,-956.54,-58.59,238.77,0.43,0.18,1.28,33.44
2413,69577916,-962.40,-56.64,245.61,0.37,0.49,0.79,33.64
2414,69583760,-965.82,-57.62,241.70,0.00,0.49,0.91,33.59
2415,69587809,-971.19,-59.57,234.86,-0.06,0.12,1.16,33.64
2416,69591859,-970.70,-66.41,237.79,-0.37,0.12,0.91,33.44
2417,69595916,-973.14,-77.15,240.72,-0.79,-0.06,1.34,33.44
2418,69599965,-976.07,-83.50,240.23,-0.67,-0.30,1.89,33.59
2419,69605760,-974.12,-90.82,236.82,-0.61,-0.24,2.38,33.64
2420,69609809,-975.10,-92.77,236.82,-0.43,-0.55,2.62,33.64
2421,69613859,-969.73,-103.03,237.30,-0.18,-0.43,2.74,33.64
2422,69617916,-974.12,-112.30,247.56,0.06,-0.37,2.80,33.11
2423,69621965,-975.10,-120.61,246.09,0.73,-0.49,2.56,33.68
2424,69627760,-974.61,-125.00,247.56,1.22,-0.30,2.80,33.35
2425,69631809,-971.68,-134.77,246.09,1.83,-0.67,3.60,33.49
2426,69635859,-966.80,-129.88,247.07,2.44,-0.55,3.60,33.78
2427,69639916,-969.24,-134.77,246.58,3.23,-0.49,4.09,33.59
2428,69643965,-969.73,-134.77,243.65,3.66,-0.85,4.63,33.68
2429,69649760,-970.21,-127.44,247.56,4.21,-1.04,5.18,33.64
2430,69653809,-968.26,-104.00,248.54,4.51,-1.22,5.79,33.64
2431,69657859,-970.70,-86.91,246.58,4.94,-0.85,5.98,33.35
2432,69661916,-966.80,-59.57,246.58,4.82,-1.10,6.16,33.44
2433,69665965,-969.73,-39.06,251.46,4.33,-1.59,5.61,33.49
2434,69671760,-967.29,-17.58,255.86,3.84,-1.59,4.88,33.25
2435,69675809,-963.87,-1.46,260.25,2.68,-1.16,3.11,33.49
2436,69679859,-967.77,6.35,266.11,1.71,-0.98,1.65,33.44
2437,69683916,-968.26,4.88,265.14,0.55,-0.67,0.12,33.44
2438,69687965,-973.14,-10.74,267.58,-0.37,-1.10,-0.67,33.30
2439,69693760,-978.03,-22.95,259.77,-1.04,-1.10,-1.04,33.35
2440,69697809,-985.84,-39.55,258.79,-1.89,-1.40,-1.22,33.35
2441,69701859,-990.23,-58.59,261.72,-2.44,-1.10,-0.73,33.35
2442,69705916,-992.68,-67.38,259.28,-2.56,-1.52,-0.49,33.64
2443,69709965,-996.09,-83.01,258.30,-2.62,-1.52,0.12,33.44
2444,69715760,-993.16,-91.31,261.72,-2.50,-2.01,0.61,33.30
2445,69719809,-986.33,-100.59,258.30,-2.32,-2.20,0.91,33.59
2446,69723859,-982.91,-103.52,257.81,-2.26,-2.44,1.16,33.68
2447,69727916,-982.42,-96.19,247.07,-1.83,-2.44,0.91,33.59
2448,69731965,-982.91,-107.91,247.56,-1.65,-2.32,0.55,33.35
2449,69737760,-974.12,-114.26,252.44,-1.46,-2.13,-0.06,33.49
2450,69741809,-971.68,-110.35,250.98,-0.91,-2.13,-0.49,33.59
2451,69745859,-968.75,-105.47,250.98,-1.10,-2.01,-0.55,33.44
2452,69749916,-966.31,-105.47,250.98,-0.55,-1.89,-0.55,33.59
2453,69753965,-971.19,-97.17,249.51,-0.49,-1.77,-0.79,33.49
2454,69759760,-962.89,-92.29,259.28,-0.43,-1.40,-0.61,33.59
2455,69763809,-964.36,-80.57,260.25,-0.24,-1.28,-0.67,33.49
2456,69767859,-966.31,-73.73,258.30,0.18,-1.16,-0.67,33.35
2457,69771916,-964.36,-76.17,259.28,-0.24,-0.91,-0.30,33.68
2458,69775965,-965.82,-69.82,258.30,-0.30,-0.85,-0.43,33.44
2459,69781760,-968.75,-61.52,263.18,-0.37,-0.55,-0.24,33.83
2460,69785809,-964.84,-61.04,261.72,-0.79,-0.37,-0.24,33.64
2461,69789859,-968.75,-59.08,258.30,-1.04,0.00,-0.43,33.11
2462,69793916,-975.10,-61.52,260.74,-1.28,-0.24,-0.06,33.78
2463,69799760,-985.84,-57.13,257.32,-1.46,0.12,-0.12,33.59
2464,69803809,-991.21,-51.27,253.91,-1.71,-0.06,-0.12,33.68
2465,69807859,-992.19,-53.22,252.93,-2.07,-0.24,-0.12,33.44
2466,69811916,-992.19,-59.08,251.46,-2.32,-0.18,-0.49,33.25
2467,69815965,-990.72,-62.01,249.02,-2.62,-0.30,-0.67,33.59
2468,69820015,-991.70,-68.85,246.58,-2.80,-0.61,-1.04,33.68
2469,69825760,-991.70,-83.01,250.00,-2.50,-0.91,-1.04,33.35
2470,69829809,-995.12,-93.75,249.51,-2.56,-0.73,-0.73,33.59
2471,69833859,-992.68,-102.54,247.56,-2.38,-0.98,-0.49,33.49
2472,69837916,-988.28,-106.93,250.49,-2.26,-1.22,-0.18,33.78
2473,69843760,-983.89,-111.82,251.46,-1.65,-1.40,0.00,33.49
2474,69847809,-971.19,-110.35,250.98,-1.40,-1.16,0.18,33.59
2475,69851859,-968.75,-115.72,258.30,-0.85,-1.34,0.49,33.59
2476,69855916,-958.50,-110.35,253.42,-0.61,-0.91,0.49,33.44
2477,69859965,-956.05,-109.86,252.44,-0.30,-0.91,0.55,33.49
2478,69865760,-955.57,-96.68,250.00,-0.06,-0.61,0.67,33.35
2479,69869809,-952.64,-84.47,254.88,0.24,-0.30,0.12,33.30
2480,69873859,-951.66,-74.71,249.51,-0.06,-0.55,-0.24,33.64
2481,69877916,-954.10,-72.27,250.98,0.06,-0.06,-0.55,33.44
2482,69881965,-952.15,-78.61,251.95,-0.06,0.00,-0.85,33.49
2483,69887760,-958.01,-82.52,249.51,-0.06,0.30,-0.55,33.59
2484,69891809,-970.21,-79.10,246.09,-0.24,0.37,-0.18,33.30
2485,69895859,-974.12,-67.87,244.14,-0.06,0.55,-0.24,33.64
2486,69899916,-978.52,-63.96,244.14,-0.37,0.30,-0.30,33.64
2487,69903965,-982.91,-66.41,245.12,-0.85,0.43,-0.12,33.49
2488,69909760,-992.19,-60.06,254.39,-0.91,0.61,-0.43,33.35
2489,69913809,-992.68,-67.87,243.65,-0.98,0.00,0.00,33.49
2490,69917859,-991.21,-73.73,244.63,-1.04,0.12,0.24,34.02
2491,69921916,-989.75,-76.17,247.07,-1.10,0.00,0.18,33.64
2492,69925965,-990.23,-74.71,251.46,-0.98,-0.37,0.61,33.11
2493,69931760,-987.79,-74.71,248.05,-1.34,-0.43,0.43,33.49
2494,69935809,-978.03,-82.52,246.09,-1.46,-0.73,0.12,33.35
2495,69939859,-978.52,-87.40,255.37,-1.04,-0.73,0.24,33.59
2496,69943916,-971.19,-88.87,250.98,-1.22,-1.28,0.43,33.44
2497,69947965,-963.87,-90.82,252.93,-1.16,-1.10,0.49,33.25
2498,69953760,-961.91,-96.68,253.42,-1.28,-1.10,0.37,33.59
2499,69957809,-958.98,-97.17,256.35,-1.04,-1.10,0.00,33.44
2500,69961859,-961.43,-100.59,257.32,-0.73,-0.98,0.06,33.35
2501,69965916,-964.84,-106.45,260.25,-0.79,-0.61,0.12,33.49
2502,69969965,-966.31,-101.07,256.35,-0.67,-0.43,-0.43,33.35
2503,69975760,-963.87,-105.96,254.88,-0.43,-0.18,-0.43,33.35
2504,69979809,-966.80,-98.63,252.44,-0.06,-0.12,-0.18,33.35
2505,69983859,-971.19,-91.31,251.95,-0.06,-0.12,-0.18,33.30
2506,69987916,-967.77,-87.40,250.49,0.06,-0.37,-0.30,33.64
2507,69991965,-961.91,-80.57,251.95,0.00,-0.37,-0.12,33.64
2508,69997760,-968.26,-83.01,251.95,-0.12,0.06,-0.43,33.68
2509,70001809,-961.91,-73.73,250.00,-0.30,-0.49,-0.18,33.64
2510,70005859,-964.84,-68.85,254.39,-0.06,-0.37,-0.12,33.25
2511,70009916,-967.29,-71.29,256.35,-0.18,-0.43,-0.06,33.59
2512,70013965,-972.66,-67.38,250.49,-0.43,-0.73,0.06,33.44
2513,70019760,-972.66,-62.01,244.63,-0.91,-0.98,0.30,33.44
2514,70023809,-971.68,-61.52,255.86,-1.34,-1.22,0.79,33.49
2515,70027859,-966.80,-68.36,252.44,-1.28,-1.28,0.91,33.35
2516,70031916,-969.73,-68.85,250.49,-1.83,-1.65,1.28,33.49
2517,70037760,-965.33,-80.57,250.00,-1.83,-1.52,1.77,33.64
2518,70041809,-968.26,-81.05,253.42,-1.83,-1.40,2.26,33.64
2519,70045859,-967.29,-88.87,247.56,-2.01,-1.40,2.50,33.68
2520,70049916,-965.82,-87.89,248.54,-2.01,-1.34,2.68,33.35
2521,70053965,-968.75,-92.29,251.95,-1.83,-1.28,2.44,33.64
2522,70059760,-971.68,-96.68,250.98,-1.77,-1.04,2.01,33.49
2523,70063809,-968.26,-102.54,251.95,-1.59,-1.04,1.83,33.64
2524,70067859,-974.12,-102.05,246.09,-1.28,-0.91,1.77,33.64
2525,70071916,-975.10,-110.84,247.56,-1.16,-0.98,1.40,33.30
2526,70075965,-973.63,-116.70,245.12,-0.79,-1.10,1.04,33.49
2527,70081760,-970.70,-119.63,245.61,-0.18,-1.16,1.16,33.78
2528,70085809,-977.54,-114.75,245.61,0.24,-0.91,1.04,33.64
2529,70089859,-974.12,-116.21,249.02,0.61,-1.10,1.22,33.59
2530,70093916,-973.14,-105.96,245.12,0.79,-0.91,1.59,33.49
2531,70097965,-973.14,-91.80,249.51,1.22,-1.34,2.07,33.35
2532,70103760,-969.24,-78.12,250.00,0.98,-0.98,2.13,33.44
2533,70107809,-967.77,-57.62,254.39,0.79,-1.28,1.83,33.44
2534,70111859,-968.26,-44.43,253.91,0.67,-1.16,1.71,33.59
2535,70115916,-976.07,-38.57,258.30,0.37,-1.16,1.22,33.64
2536,70119965,-975.59,-36.13,263.18,-0.30,-0.85,0.98,33.30
2537,70125760,-977.05,-29.30,259.77,-0.67,-1.22,0.49,33.35
2538,70129809,-981.45,-33.20,256.35,-1.40,-0.98,0.67,33.49
2539,70133859,-977.05,-35.16,261.23,-1.71,-1.22,0.55,33.44
2540,70137916,-986.33,-41.50,265.14,-2.44,-1.04,0.79,33.44
2541,70141965,-988.28,-46.39,267.09,-2.74,-0.91,0.91,33.30
2542,70147760,-990.72,-49.32,263.67,-2.93,-1.22,1.22,33.49
2543,70151809,-989.75,-69.34,262.70,-3.23,-1.28,1.22,33.25
2544,70155859,-982.42,-74.22,265.62,-3.23,-1.46,1.10,33.49
2545,70159916,-984.86,-86.91,256.84,-3.11,-1.52,1.04,33.78
2546,70163965,-983.40,-101.07,258.30,-2.87,-1.89,1.22,33.35
2547,70169760,-979.00,-105.47,257.32,-2.68,-1.77,1.34,33.35
2548,70173809,-974.61,-117.68,254.39,-2.32,-1.71,1.28,33.68
2549,70177859,-969.24,-127.44,248.54,-1.89,-1.77,0.98,33.49
2550,70181916,-966.80,-129.88,245.12,-1.34,-1.65,1.16,33.49
2551,70185965,-965.82,-128.42,249.02,-0.61,-1.65,1.22,33.44
2552,70191760,-964.36,-128.42,248.05,-0.18,-1.04,1.16,33.49
2553,70195809,-966.80,-120.12,252.44,0.30,-0.79,1.65,33.49
2554,70199859,-962.40,-106.45,251.46,0.61,-0.67,1.52,33.35
2555,70203916,-960.45,-102.54,253.91,1.16,-0.37,1.83,33.49
2556,70207965,-958.98,-83.98,263.67,1.04,0.18,1.28,33.64
2557,70213760,-961.43,-71.78,260.25,1.34,0.55,0.73,33.64
2558,70217809,-963.87,-60.06,262.70,1.40,0.73,0.37,33.59
2559,70221859,-970.70,-51.76,258.30,1.04,0.98,0.30,33.44
2560,70225916,-976.56,-45.90,257.32,0.79,0.85,0.18,33.49
2561,70229965,-983.40,-45.90,257.32,0.18,0.73,0.12,33.44
2562,70235760,-981.93,-46.87,257.81,0.00,0.91,0.49,33.59
2563,70239809,-986.33,-44.43,252.93,-0.61,0.67,0.67,33.44
2564,70243859,-990.72,-43.46,252.93,-1.10,0.61,0.79,33.25
2565,70247916,-991.21,-44.92,255.37,-1.40,0.61,1.10,33.64
2566,70253760,-986.82,-43.46,252.93,-1.52,0.43,0.73,33.64
2567,70257809,-990.72,-47.85,255.37,-2.44,0.12,0.91,33.59
2568,70261859,-983.89,-57.13,254.39,-2.38,-0.18,0.73,33.68
2569,70265916,-979.00,-61.04,248.54,-2.56,-0.37,0.37,33.35
2570,70269965,-975.10,-80.08,247.56,-2.38,-0.30,0.06,33.83
2571,70274015,-972.17,-92.77,247.07,-2.38,-0.37,-0.12,33.59
2572,70279760,-969.24,-102.05,244.63,-2.01,-0.49,-0.43,33.49
2573,70283809,-963.87,-118.16,244.63,-1.52,-0.37,0.24,33.59
2574,70287859,-963.38,-121.58,246.09,-1.10,-0.18,0.30,33.59
2575,70291916,-959.47,-125.49,245.61,-0.67,-0.12,0.12,33.59
2576,70297760,-955.57,-126.95,245.12,-0.06,0.12,0.06,33.44
2577,70301809,-950.68,-128.42,250.49,0.73,0.18,-0.06,33.49
2578,70305859,-954.10,-122.07,258.79,0.98,0.30,-0.49,33.68
2579,70309916,-954.59,-107.91,254.88,1.59,0.85,-0.37,33.49
2580,70313965,-957.52,-95.21,250.00,1.71,0.85,-0.67,33.49
2581,70319760,-958.01,-89.84,249.02,1.95,0.85,-1.28,33.68
2582,70323809,-959.96,-90.33,253.91,2.01,1.16,-1.28,33.49
2583,70327859,-966.80,-86.91,246.58,1.95,1.04,-1.34,33.59
2584,70331916,-971.68,-70.80,251.46,1.95,1.04,-1.04,33.64
2585,70335965,-967.77,-64.45,252.93,1.59,1.04,-0.79,33.35
2586,70341760,-975.59,-43.95,256.35,1.40,1.10,-0.73,33.64
2587,70345809,-980.96,-34.67,256.35,0.55,0.91,-0.79,33.25
2588,70349859,-989.75,-23.93,252.44,-0.24,1.16,-1.22,33.68
2589,70353916,-992.68,-22.95,253.42,-0.85,1.04,-1.22,33.44
2590,70357965,-998.54,-34.18,247.07,-1.34,0.79,-0.85,33.59
2591,70363760,-993.65,-45.41,256.84,-1.71,0.49,-0.43,33.49
2592,70367809,-991.70,-53.71,251.46,-2.13,0.24,0.49,33.44
2593,70371859,-987.79,-59.08,257.81,-2.56,-0.12,1.28,33.64
2594,70375916,-982.91,-62.50,256.35,-2.56,-0.24,2.07,33.49
2595,70379965,-978.52,-71.29,257.81,-2.56,-0.30,2.87,33.35
2596,70385760,-977.54,-72.75,257.81,-2.38,-0.61,2.68,33.35
2597,70389809,-974.61,-67.38,260.25,-2.62,-0.79,2.80,33.11
2598,70393859,-969.73,-79.59,256.35,-2.38,-0.73,2.50,33.35
2599,70397916,-971.19,-85.94,258.79,-2.56,-0.55,1.89,33.83
2600,70401965,-970.70,-96.19,258.79,-2.68,-0.67,1.22,33.35
2601,70407760,-969.24,-108.40,251.95,-2.01,-0.67,1.04,33.35
2602,70411809,-964.36,-116.21,252.44,-1.77,-0.73,0.79,33.49
2603,70415859,-969.73,-116.21,255.37,-1.34,-0.55,0.73,33.64
2604,70419916,-971.68,-119.63,251.95,-1.22,-0.43,0.30,33.44
2605,70423965,-974.12,-111.82,246.09,-0.61,-0.55,0.18,33.35
2606,70429760,-969.24,-102.54,248.05,-0.61,-0.73,0.30,33.49
2607,70433809,-975.10,-103.52,245.12,-0.24,-0.55,0.43,33.59
2608,70437859,-979.49,-95.70,244.63,-0.12,-0.61,0.49,33.78
2609,70441916,-979.49,-82.03,242.68,-0.18,-0.55,0.61,33.59
2610,70445965,-977.54,-69.82,244.14,-0.12,-0.67,0.79,33.64
2611,70451760,-978.03,-62.01,251.95,-0.24,-0.67,0.79,33.49
2612,70455809,-976.07,-46.39,252.93,-0.98,-0.73,0.61,33.64
2613,70459859,-973.14,-41.99,251.95,-1.04,-1.04,0.49,33.35
2614,70463916,-975.10,-36.13,253.42,-1.46,-0.61,0.24,33.64
2615,70467965,-979.00,-41.50,253.42,-2.13,-0.67,0.06,33.64
2616,70473760,-971.68,-42.48,259.77,-2.20,-0.79,0.37,33.49
2617,70477809,-976.07,-43.46,256.84,-3.05,-0.61,0.43,33.35
2618,70481859,-981.93,-54.20,259.28,-3.05,-0.67,0.43,33.30
2619,70485916,-981.45,-67.38,260.74,-3.35,-0.61,0.61,33.64
2620,70491760,-979.49,-78.12,263.67,-3.60,-0.49,1.34,33.35
2621,70495809,-982.42,-88.38,258.30,-3.78,-0.30,1.59,33.64
2622,70499859,-978.52,-93.26,264.65,-3.54,-0.49,2.44,33.35
2623,70503916,-980.47,-98.63,262.70,-3.41,-0.30,2.50,33.35
2624,70507965,-974.61,-100.10,262.70,-3.23,-0.55,2.56,33.64
2625,70513760,-972.66,-97.66,252.44,-2.99,-0.55,2.38,33.64
2626,70517809,-971.19,-97.17,252.93,-2.87,-0.24,1.95,33.59
2627,70521859,-978.03,-93.75,253.42,-2.68,-0.12,1.52,33.44
2628,70525916,-978.03,-94.24,252.44,-2.74,0.00,1.22,33.35
2629,70529965,-979.00,-94.24,252.93,-2.50,0.00,0.67,33.68
2630,70535760,-979.00,-89.84,252.44,-2.56,0.00,0.49,33.44
2631,70539809,-976.07,-88.87,244.63,-2.50,-0.06,0.12,33.59
2632,70543859,-979.98,-88.87,250.00,-2.01,-0.37,0.37,33.64
2633,70547916,-974.12,-88.87,247.56,-2.20,-0.61,0.24,33.59
2634,70551965,-971.19,-80.57,246.58,-1.95,-0.24,0.61,33.59
2635,70557760,-973.14,-76.17,244.14,-2.01,-0.73,0.85,33.59
2636,70561809,-967.77,-79.59,246.09,-1.83,-0.67,0.91,33.30
2637,70565859,-962.89,-74.22,251.46,-2.01,-1.16,1.22,33.49
2638,70569916,-962.40,-64.45,256.84,-1.83,-0.91,1.22,33.44
2639,70573965,-960.45,-56.15,258.30,-2.20,-0.61,1.65,33.35
2640,70579760,-962.89,-49.32,256.35,-2.44,-0.24,1.40,33.44
2641,70583809,-960.45,-50.78,257.32,-2.56,-0.24,0.85,33.59
2642,70587859,-960.94,-57.62,257.32,-3.05,-0.37,0.55,33.49
2643,70591916,-961.43,-56.15,252.44,-3.11,-0.18,0.30,33.59
2644,70595965,-965.82,-70.31,251.46,-3.23,-0.12,0.24,33.30
2645,70601760,-963.38,-76.66,245.12,-3.23,0.06,0.30,33.35
2646,70605809,-968.75,-86.43,239.26,-2.80,0.00,0.85,33.44
2647,70609859,-972.66,-97.17,237.30,-2.56,0.24,1.46,33.30
2648,70613916,-976.07,-96.19,244.14,-2.44,0.00,1.95,33.44
2649,70617965,-970.21,-100.59,236.82,-1.89,-0.06,2.38,33.25
2650,70623760,-976.07,-97.66,235.84,-1.34,-0.24,2.68,33.30
2651,70627809,-983.40,-90.33,238.77,-1.04,-0.12,3.05,33.49
2652,70631859,-981.45,-92.77,240.23,-0.85,-0.24,2.80,33.35
2653,70635916,-978.03,-89.36,244.14,-0.55,-0.24,2.68,33.44
2654,70639965,-978.03,-80.57,250.00,0.06,-0.49,2.87,33.35
2655,70645760,-978.03,-72.27,250.49,0.18,-0.49,2.68,33.68
2656,70649809,-974.12,-70.80,245.61,0.06,-0.49,1.77,33.44
2657,70653859,-978.52,-66.41,246.58,0.30,-0.49,1.71,33.44
2658,70657916,-969.73,-61.52,248.54,0.24,-0.73,1.46,33.44
2659,70661965,-976.07,-60.55,242.68,0.49,-0.37,0.98,33.44
2660,70667760,-975.10,-54.20,245.61,0.24,-0.30,1.04,33.44
2661,70671809,-972.66,-52.25,250.00,0.24,-0.49,0.43,33.59
2662,70675859,-972.66,-57.62,250.98,-0.06,-0.37,0.37,33.30
2663,70679916,-973.63,-65.43,250.98,0.06,0.12,0.67,33.59
2664,70683965,-973.14,-59.57,250.00,-0.18,0.06,0.79,33.64
2665,70689760,-977.54,-61.04,248.54,-0.30,0.00,0.67,33.35
2666,70693809,-978.52,-60.55,250.00,-0.43,0.12,0.61,33.83
2667,70697859,-973.63,-62.99,256.35,-0.12,-0.06,0.55,33.35
2668,70701916,-975.59,-53.71,251.46,-0.37,0.12,0.73,33.88
2669,70707760,-978.52,-47.85,254.39,-0.49,0.12,0.43,33.30
2670,70711809,-975.59,-51.27,259.28,-0.67,0.49,0.00,33.64
2671,70715859,-975.10,-63.96,253.42,-0.85,0.06,0.24,33.49
2672,70719916,-972.66,-76.17,256.35,-0.85,0.06,0.18,33.44
2673,70723965,-973.14,-75.20,250.00,-0.73,-0.37,1.04,33.64
2674,70728015,-975.10,-83.50,253.42,-0.55,-0.37,1.77,33.59
2675,70733760,-973.63,-83.01,253.42,-0.79,-0.55,2.26,33.49
2676,70737809,-974.12,-76.17,254.39,-0.61,-0.30,2.13,33.44
2677,70741859,-975.10,-80.57,254.88,-0.37,-0.24,2.01,33.68
2678,70745916,-973.14,-78.12,252.44,-0.73,-0.61,1.95,33.44
2679,70751760,-978.03,-74.71,250.00,-0.43,-0.43,1.77,33.35
2680,70755809,-975.59,-85.94,248.05,-0.49,-0.55,1.52,33.64
2681,70759859,-973.14,-89.84,251.95,-0.37,-0.79,1.65,33.64
2682,70763916,-972.17,-90.82,254.39,-0.24,-0.61,1.89,33.59
2683,70767965,-974.61,-90.33,251.46,0.06,-0.85,2.20,33.68
2684,70773760,-970.70,-95.21,253.91,0.06,-0.61,2.56,33.49
2685,70777809,-964.84,-88.87,253.91,0.18,-0.98,3.05,33.49
2686,70781859,-963.38,-81.54,258.30,0.43,-1.22,3.54,33.35
2687,70785916,-972.66,-72.27,255.86,0.49,-1.28,3.29,33.68
2688,70789965,-970.70,-65.43,259.28,0.55,-1.04,3.05,33.59
2689,70795760,-971.68,-53.71,258.30,-0.12,-0.79,2.87,33.49
2690,70799809,-974.12,-50.29,262.70,-0.55,-0.67,1.59,33.16
2691,70803859,-980.96,-56.15,258.79,-0.73,-0.43,1.04,33.64
2692,70807916,-980.96,-55.18,258.30,-0.98,-0.43,0.37,33.44
2693,70811965,-992.68,-63.48,254.39,-1.16,-0.30,0.00,33.68
2694,70817760,-988.28,-72.27,254.39,-1.22,-0.61,-0.12,33.30
2695,70821809,-988.77,-73.73,251.46,-1.28,-0.61,0.12,33.30
2696,70825859,-985.84,-64.94,251.95,-1.46,-0.79,0.43,33.59
2697,70829916,-982.42,-62.99,248.54,-1.71,-0.85,0.43,33.64
2698,70833965,-979.00,-56.64,252.44,-1.95,-0.91,0.24,33.30
2699,70839760,-979.98,-62.50,256.35,-1.77,-1.22,0.18,33.35
2700,70843809,-966.80,-60.06,252.93,-2.07,-1.40,0.18,33.30
2701,70847859,-962.89,-70.80,255.86,-1.95,-1.34,0.24,33.35
2702,70851916,-963.38,-67.38,254.39,-2.20,-0.98,0.18,33.64
2703,70855965,-960.45,-76.17,252.44,-2.07,-1.40,0.18,33.35
2704,70861760,-966.31,-74.71,248.54,-2.13,-0.79,0.73,33.59
2705,70865809,-965.82,-72.75,250.00,-2.26,-1.16,1.16,33.49
2706,70869859,-964.36,-72.75,251.95,-2.13,-0.91,1.16,33.59
2707,70873916,-967.29,-72.75,250.98,-1.95,-1.04,1.28,33.68
2708,70877965,-966.31,-76.66,249.51,-1.95,-0.91,1.34,33.35
2709,70883760,-972.66,-72.75,249.51,-1.65,-0.98,1.52,33.64
2710,70887809,-966.80,-83.01,245.12,-1.34,-1.10,1.71,34.02
2711,70891859,-968.26,-77.15,242.68,-1.34,-1.46,1.95,33.78
2712,70895916,-972.17,-79.10,244.63,-1.22,-1.46,2.07,33.44
2713,70899965,-966.31,-76.17,238.28,-1.16,-1.34,2.01,33.35
2714,70905760,-975.10,-77.15,237.30,-1.04,-1.40,2.38,33.35
2715,70909809,-980.47,-75.20,235.35,-0.98,-1.28,1.95,33.49
2716,70913859,-978.03,-74.22,240.23,-0.79,-1.52,1.89,33.35
2717,70917916,-974.61,-79.10,245.12,-0.67,-1.34,1.59,33.59
2718,70921965,-975.10,-73.73,248.54,-0.43,-1.40,2.01,33.49
2719,70927760,-970.70,-80.57,250.49,-0.43,-1.65,1.89,33.59
2720,70931809,-978.52,-67.87,250.49,-0.24,-1.22,1.40,33.49
2721,70935859,-975.10,-64.94,250.98,-0.30,-1.52,1.65,33.44
2722,70939916,-971.68,-58.11,251.46,-0.37,-1.59,1.10,33.68
2723,70945760,-972.66,-56.15,253.91,-0.24,-1.65,1.04,33.68
2724,70949809,-967.29,-58.59,251.95,-0.61,-1.71,1.04,33.68
2725,70953859,-968.75,-63.48,253.91,-0.79,-1.77,1.28,33.25
2726,70957916,-970.21,-61.52,250.98,-0.85,-1.65,1.34,33.49
2727,70961965,-968.75,-53.71,252.93,-1.04,-1.71,1.77,33.49
2728,70967760,-971.68,-57.13,257.81,-1.04,-1.89,1.77,33.49
2729,70971809,-973.63,-57.62,253.91,-1.16,-1.71,1.95,33.49
2730,70975859,-973.63,-66.41,257.32,-1.22,-1.59,2.07,33.64
2731,70979916,-968.75,-69.34,251.46,-1.34,-1.52,2.20,33.49
2732,70983965,-970.70,-74.71,250.49,-1.40,-1.52,2.20,33.44
2733,70989760,-971.19,-77.15,250.49,-1.28,-1.28,2.38,33.35
2734,70993809,-970.21,-79.10,250.49,-0.91,-1.40,2.68,33.44
2735,70997859,-966.80,-82.03,249.02,-0.67,-1.10,2.56,33.35
2736,71001916,-967.29,-91.80,248.54,-0.49,-1.40,2.74,33.30
2737,71005965,-966.80,-87.89,247.07,-0.06,-1.10,2.68,33.64
2738,71011760,-972.17,-96.19,246.09,0.24,-1.16,2.74,33.68
2739,71015809,-969.73,-86.91,250.98,0.79,-0.67,2.56,33.30
2740,71019859,-970.70,-84.96,248.54,0.79,-0.61,2.87,33.44
2741,71023916,-977.54,-79.59,251.95,1.22,-0.61,2.32,33.35
2742,71027965,-985.84,-62.01,252.44,1.10,-0.73,2.20,33.68
2743,71033760,-980.47,-47.36,253.42,0.85,-0.85,2.32,33.35
2744,71037809,-984.37,-40.04,259.77,0.67,-0.67,1.34,33.49
2745,71041859,-982.42,-33.69,262.21,0.73,-1.10,0.91,33.64
2746,71045916,-983.89,-33.20,262.21,0.12,-0.73,0.49,33.35
2747,71049965,-989.26,-27.34,262.21,-0.30,-1.28,0.18,33.16
2748,71055760,-986.33,-32.71,259.28,-0.61,-1.04,-0.24,33.25
2749,71059809,-991.21,-39.06,264.16,-1.04,-1.52,-0.18,33.35
2750,71063859,-991.70,-34.67,264.65,-1.10,-1.71,0.43,33.44
2751,71067916,-990.72,-43.46,266.60,-1.59,-1.95,0.73,33.44
2752,71071965,-988.28,-50.29,261.72,-1.83,-1.59,0.61,33.44
2753,71077760,-985.84,-49.32,254.39,-1.89,-1.83,0.55,33.35
2754,71081809,-983.89,-62.50,256.35,-2.13,-1.59,0.37,33.49
2755,71085859,-980.96,-73.73,256.84,-2.07,-1.46,0.55,33.64
2756,71089916,-981.93,-79.10,256.84,-2.01,-1.71,0.55,33.44
2757,71093965,-979.00,-82.03,255.86,-1.65,-1.46,0.55,33.35
2758,71099760,-978.52,-80.57,253.42,-1.71,-1.22,0.37,33.59
2759,71103809,-973.14,-84.96,248.54,-1.34,-1.28,0.12,33.64
2760,71107859,-976.56,-87.89,253.91,-1.22,-0.91,-0.18,33.83
2761,71111916,-965.82,-93.75,253.42,-0.91,-0.79,-0.18,33.83
2762,71115965,-967.29,-99.12,251.95,-0.37,-0.73,-0.24,33.78
2763,71121760,-970.70,-99.12,252.93,-0.24,-0.55,0.37,33.64
2764,71125809,-968.26,-97.17,252.44,0.49,-0.37,1.04,33.64
2765,71129859,-966.80,-85.45,249.51,0.67,-0.24,1.59,33.11
2766,71133916,-964.84,-70.80,254.88,0.79,-0.06,1.95,33.78
2767,71137965,-969.24,-61.52,258.79,0.67,0.06,1.83,33.44
2768,71143760,-966.80,-54.69,257.81,0.49,0.37,1.71,33.35
2769,71147809,-977.05,-35.16,264.16,0.49,0.67,1.16,33.49
2770,71151859,-979.98,-25.39,261.23,-0.24,0.67,0.73,33.25
2771,71155916,-976.56,-23.44,257.32,-0.55,0.79,0.00,33.35
2772,71161760,-982.91,-27.34,256.84,-0.91,0.49,-0.73,33.59
2773,71165809,-983.89,-36.62,256.84,-1.34,0.73,-1.46,33.59
2774,71169859,-985.35,-40.04,256.84,-1.52,0.18,-1.22,33.59
2775,71173916,-982.91,-52.25,251.95,-1.71,-0.24,-1.10,33.44
2776,71177965,-975.59,-56.15,254.88,-1.95,-0.49,-0.37,33.59
2777,71182015,-980.47,-60.55,253.42,-1.83,-0.79,0.37,33.59
2778,71187760,-972.66,-66.89,246.58,-1.65,-1.10,0.79,33.59
2779,71191809,-971.68,-66.41,243.65,-1.46,-1.65,1.16,33.49
2780,71195859,-967.29,-65.92,248.54,-1.77,-1.89,1.59,33.35
2781,71199916,-962.40,-70.31,242.68,-1.65,-1.83,1.89,33.64
2782,71205760,-960.94,-78.61,249.02,-1.46,-1.83,1.95,33.49
2783,71209809,-956.05,-86.91,244.63,-1.16,-1.89,2.13,33.49
2784,71213859,-952.15,-92.77,244.14,-0.91,-1.52,2.13,33.49
2785,71217916,-947.75,-103.52,247.56,-0.49,-1.59,2.20,33.35
2786,71221965,-948.24,-106.93,243.65,0.00,-1.10,2.50,33.59
2787,71227760,-949.71,-108.89,250.00,0.37,-1.04,2.99,33.35
2788,71231809,-952.15,-99.12,245.12,0.98,-0.85,3.35,33.49
2789,71235859,-954.59,-87.40,241.70,1.89,-0.55,3.66,33.64
2790,71239916,-960.45,-77.64,242.68,2.01,-0.67,3.41,33.64
2791,71243965,-966.80,-70.31,248.05,2.20,-0.61,3.35,33.44
2792,71249760,-962.89,-68.85,248.05,2.32,-0.61,2.99,33.49
2793,71253809,-977.54,-51.27,250.00,2.20,-0.18,2.62,33.35
2794,71257859,-982.42,-42.48,253.42,2.07,-0.24,2.62,33.64
2795,71261916,-988.28,-27.34,250.00,2.01,-0.43,2.26,33.35
2796,71265965,-990.72,-23.93,254.88,1.34,-0.73,1.95,33.44
2797,71271760,-993.65,-23.93,249.51,1.04,-1.16,1.40,33.25
2798,71275809,-994.14,-33.69,262.70,0.73,-1.10,1.22,33.35
2799,71279859,-986.82,-39.06,262.21,0.43,-1.46,1.04,33.68
2800,71283916,-982.91,-46.87,261.23,0.18,-1.83,1.16,33.59
2801,71287965,-980.96,-55.18,264.65,-0.06,-2.38,1.77,33.11
2802,71293760,-975.10,-64.94,263.18,-0.06,-2.56,2.13,33.35
2803,71297809,-966.80,-61.52,263.67,0.00,-3.11,2.74,33.30
2804,71301859,-957.52,-62.50,265.14,-0.12,-2.99,2.93,33.59
2805,71305916,-959.47,-58.59,262.70,-0.18,-3.05,2.74,33.64
2806,71309965,-958.01,-59.57,265.14,0.06,-2.74,2.74,33.35
2807,71315760,-956.54,-56.15,265.14,-0.18,-2.68,2.74,33.44
2808,71319809,-959.47,-56.64,257.81,-0.37,-2.80,2.07,33.59
2809,71323859,-963.38,-53.22,256.84,-0.43,-2.62,1.65,33.68
2810,71327916,-964.36,-59.57,258.30,-0.43,-2.26,1.34,33.78
2811,71331965,-960.45,-61.52,261.23,-0.55,-1.89,1.28,33.35
2812,71337760,-970.70,-71.29,258.79,-0.67,-1.59,1.22,33.64
2813,71341809,-977.05,-64.94,257.81,-0.12,-1.40,1.59,33.59
2814,71345859,-979.98,-58.11,257.81,-0.37,-1.59,2.07,33.59
2815,71349916,-979.98,-60.06,260.74,-0.43,-1.52,2.13,33.68
2816,71353965,-980.96,-56.64,258.79,-0.61,-1.34,2.07,33.68
2817,71359760,-985.35,-56.64,256.35,-0.55,-1.16,2.07,33.59
2818,71363809,-984.37,-52.25,256.35,-0.61,-1.16,2.20,33.35
2819,71367859,-984.37,-62.01,260.25,-0.73,-1.10,2.26,33.25
2820,71371916,-983.89,-64.45,254.39,-0.43,-1.34,2.13,33.64
2821,71375965,-977.05,-65.92,255.37,-0.18,-0.91,2.20,33.59
2822,71381760,-979.49,-76.17,258.79,-0.06,-0.79,2.56,33.64
2823,71385809,-983.89,-72.75,255.37,0.24,-0.85,2.38,33.59
2824,71389859,-978.52,-72.75,252.93,0.24,-0.91,2.74,33.35
2825,71393916,-974.61,-71.29,257.32,0.55,-0.79,2.74,33.68
2826,71399760,-979.49,-69.34,257.32,0.55,-0.73,2.44,33.68
2827,71403809,-980.47,-49.32,262.21,0.43,-0.55,2.26,33.59
2828,71407859,-982.42,-42.48,262.70,0.43,-0.61,2.01,33.30
2829,71411916,-978.52,-35.64,263.18,0.24,-0.67,1.52,33.35
2830,71415965,-984.37,-38.09,263.67,0.06,-0.43,0.91,33.49
2831,71421760,-985.35,-47.36,264.65,-0.18,-0.61,0.37,33.44
2832,71425809,-983.40,-59.08,258.79,-0.06,-0.73,-0.06,33.44
2833,71429859,-979.49,-51.76,262.21,0.00,-0.98,0.49,33.64
2834,71433916,-979.98,-47.85,263.67,0.00,-1.22,0.85,33.35
2835,71437965,-976.56,-43.95,266.60,0.00,-1.04,1.16,33.78
2836,71443760,-973.63,-39.06,268.07,-0.24,-1.40,1.34,33.49
2837,71447809,-969.24,-36.13,263.67,-0.49,-1.40,1.10,33.64
2838,71451859,-971.19,-36.13,266.11,-0.85,-1.04,1.16,33.64
2839,71455916,-965.33,-33.20,268.55,-1.34,-1.28,0.61,33.44
2840,71459965,-966.80,-37.60,266.60,-1.34,-1.34,0.61,33.49
2841,71465760,-967.29,-48.34,261.23,-1.65,-1.22,0.55,33.64
2842,71469809,-977.54,-49.80,262.70,-1.65,-1.34,0.91,33.25
2843,71473859,-974.61,-54.20,261.23,-1.95,-1.22,1.04,33.59
2844,71477916,-979.00,-60.55,262.70,-2.20,-1.10,1.10,33.44
2845,71481965,-979.49,-56.64,256.84,-2.01,-0.98,1.34,33.78
2846,71487760,-976.07,-55.18,257.32,-2.13,-1.28,1.46,33.30
2847,71491809,-971.68,-61.04,254.88,-2.01,-1.10,0.91,33.64
2848,71495859,-973.14,-67.87,257.81,-1.83,-0.85,0.61,33.68
2849,71499916,-973.63,-71.29,257.81,-1.95,-0.73,0.91,33.35
2850,71503965,-972.66,-80.57,257.81,-1.40,-0.79,1.10,33.30
2851,71509760,-977.54,-76.66,259.77,-1.28,-0.67,1.40,33.25
2852,71513809,-972.66,-76.17,264.16,-0.91,-0.49,1.95,33.49
2853,71517859,-973.63,-68.85,263.18,-0.55,-0.30,1.59,33.59
2854,71521916,-969.73,-71.78,264.65,-0.30,-0.12,1.34,33.49
2855,71525965,-978.52,-62.01,262.21,-0.12,0.43,1.10,33.30
2856,71531760,-976.56,-62.01,261.72,-0.06,0.55,0.98,33.35
2857,71535809,-978.03,-58.11,262.21,0.37,0.67,0.43,33.44
2858,71539859,-988.77,-52.25,265.14,0.24,0.85,0.61,33.49
2859,71543916,-983.89,-43.95,265.62,0.06,0.98,0.61,33.59
2860,71547965,-983.89,-41.02,261.23,-0.06,0.73,0.73,33.44
2861,71553760,-984.86,-38.57,263.18,0.00,0.85,0.55,33.49
2862,71557809,-987.30,-39.55,264.16,-0.43,1.10,0.24,33.49
2863,71561859,-992.19,-37.11,261.72,-0.37,1.16,0.30,33.68
2864,71565916,-992.19,-40.04,262.70,-0.73,0.98,0.24,33.83
2865,71569965,-990.23,-33.69,262.70,-0.85,1.04,0.30,33.64
2866,71575760,-994.63,-31.25,264.16,-1.04,0.85,0.06,33.64
2867,71579809,-994.14,-31.25,265.14,-1.46,0.98,-0.06,33.44
2868,71583859,-995.12,-32.23,261.23,-1.77,1.10,-0.55,33.35
2869,71587916,-994.14,-34.67,255.86,-2.01,1.34,-1.10,33.59
2870,71591965,-990.23,-32.23,251.95,-2.13,0.91,-1.16,33.68
2871,71597760,-992.19,-35.16,252.44,-2.20,0.79,-1.77,33.64
2872,71601809,-982.91,-47.85,248.05,-2.32,0.85,-2.38,33.49
2873,71605859,-980.96,-67.87,245.61,-2.32,0.55,-2.56,33.68
2874,71609916,-974.12,-72.75,241.21,-1.77,0.37,-2.07,33.16
2875,71615760,-969.24,-85.94,243.16,-1.52,0.12,-1.65,33.64
2876,71619809,-960.45,-83.01,239.75,-0.85,-0.37,-0.55,33.49
2877,71623859,-956.05,-89.36,239.75,-0.30,-0.43,0.00,33.59
2878,71627916,-951.66,-87.89,242.19,-0.06,-0.55,0.37,33.35
2879,71631965,-953.61,-80.08,243.16,0.43,-0.49,0.73,33.78
2880,71637760,-941.89,-73.73,238.77,0.61,-0.37,1.04,33.78
2881,71641809,-945.31,-63.96,246.09,1.10,-0.18,0.91,33.49
2882,71645859,-940.92,-55.18,248.54,1.16,0.06,0.49,33.49
2883,71649916,-944.34,-53.71,256.84,1.28,0.30,0.55,33.35
2884,71653965,-950.20,-46.87,256.35,1.34,0.49,0.67,33.35
2885,71659760,-948.73,-39.55,256.35,1.34,0.61,0.98,33.44
2886,71663809,-955.08,-41.02,264.16,1.34,0.73,1.04,33.78
2887,71667859,-960.45,-46.87,267.09,1.22,1.22,1.28,33.44
2888,71671916,-965.82,-46.39,268.55,0.85,1.34,1.77,33.25
2889,71675965,-966.80,-41.50,265.14,0.73,1.77,1.65,33.49
2890,71681760,-970.70,-45.41,263.18,0.55,1.52,2.07,33.44
2891,71685809,-981.45,-53.71,265.62,0.49,1.34,2.44,33.64
2892,71689859,-977.54,-54.20,269.53,0.37,1.71,2.62,33.59
2893,71693916,-986.33,-50.78,260.74,0.24,1.71,2.93,33.68
2894,71697965,-984.86,-52.25,263.67,0.12,1.77,2.87,33.49
2895,71703760,-984.86,-58.11,258.79,0.37,1.46,2.80,33.64
2896,71707809,-993.16,-47.36,257.32,0.12,1.10,2.44,33.35
2897,71711859,-989.26,-50.29,251.46,0.06,0.91,2.07,33.64
2898,71715916,-995.12,-48.34,250.00,-0.12,1.04,1.59,33.64
2899,71719965,-991.21,-55.18,256.35,-0.12,0.67,0.91,33.49
2900,71725760,-989.75,-62.50,257.32,-0.12,0.43,0.67,33.59
2901,71729809,-982.91,-58.11,255.37,0.18,0.06,0.73,33.49
2902,71733859,-984.37,-52.73,256.35,0.43,-0.06,0.73,33.59
2903,71737916,-982.42,-40.04,262.70,0.30,-0.37,0.73,33.49
2904,71741965,-977.05,-34.18,265.62,0.06,-0.30,0.67,33.35
2905,71747760,-974.61,-32.71,256.84,-0.55,-0.12,-0.18,33.44
2906,71751809,-977.54,-26.37,260.25,-0.61,-0.49,-0.79,33.35
2907,71755859,-979.49,-32.71,261.72,-0.85,-0.37,-0.91,33.49
2908,71759916,-979.00,-34.67,265.14,-1.22,-0.55,-1.28,33.64
2909,71763965,-976.56,-40.04,263.67,-1.46,-0.18,-1.40,33.35
2910,71769760,-981.93,-40.53,266.60,-1.95,0.06,-1.52,33.68
2911,71773809,-986.33,-47.36,260.25,-2.32,0.24,-1.16,33.68
2912,71777859,-978.03,-54.69,263.67,-2.26,0.06,-1.16,33.49
2913,71781916,-977.54,-56.64,256.84,-2.38,0.24,-0.85,33.59
2914,71785965,-979.49,-59.08,258.30,-2.20,0.18,-0.55,33.30
2915,71791760,-976.07,-68.85,257.32,-2.13,0.00,-0.85,33.64
2916,71795809,-976.07,-73.73,258.79,-2.07,0.18,-0.30,33.59
2917,71799859,-968.75,-80.57,253.42,-1.83,0.24,-0.18,33.35
2918,71803916,-965.82,-77.64,254.39,-1.52,0.00,-0.12,33.64
2919,71807965,-959.47,-85.45,254.88,-1.40,0.30,-0.06,33.59
2920,71813760,-954.10,-86.43,251.95,-1.22,0.00,0.06,33.35
2921,71817809,-957.03,-88.38,254.88,-0.73,0.30,0.06,33.59
2922,71821859,-958.98,-90.33,253.42,-0.49,0.30,0.24,33.49
2923,71825916,-956.54,-84.47,249.51,-0.18,0.67,0.67,33.59
2924,71829965,-958.01,-82.03,256.35,-0.12,0.85,0.79,33.64
2925,71835760,-959.96,-68.85,254.39,0.06,0.79,1.16,33.44
2926,71839809,-961.91,-49.80,256.84,0.18,1.34,1.65,33.59
2927,71843859,-967.77,-33.20,258.30,0.12,1.22,1.22,33.35
2928,71847916,-972.66,-29.30,255.86,-0.24,1.52,0.73,33.49
2929,71853760,-976.56,-29.79,253.42,-0.55,1.89,0.55,33.49
2930,71857809,-987.79,-26.86,255.86,-0.79,1.89,-0.24,33.59
2931,71861859,-993.16,-34.18,256.35,-1.28,1.83,-0.49,33.44
2932,71865916,-993.16,-38.57,259.28,-1.34,1.46,-0.37,33.30
2933,71869965,-996.09,-38.57,253.42,-1.28,1.34,0.00,33.44
2934,71875760,-998.05,-49.80,250.49,-1.46,1.10,0.37,33.68
2935,71879809,-993.16,-51.76,249.02,-1.28,0.30,0.61,33.44
2936,71883859,-990.72,-50.78,252.44,-1.28,-0.06,0.73,33.64
2937,71887916,-985.84,-47.36,249.02,-1.40,-0.30,0.79,33.44
2938,71891965,-984.86,-39.55,247.56,-1.46,-0.61,0.55,33.59
2939,71897760,-985.84,-37.11,242.19,-1.77,-0.49,0.06,33.64
2940,71901809,-984.37,-38.57,246.58,-1.89,-0.73,-0.37,33.35
2941,71905859,-986.33,-48.83,247.07,-2.07,-0.67,-1.28,33.59
2942,71909916,-981.93,-57.62,247.56,-2.32,-0.98,-1.10,33.59
2943,71913965,-972.66,-62.99,245.12,-2.13,-0.91,-1.46,33.35
2944,71919760,-972.66,-73.73,247.07,-1.71,-0.61,-1.04,33.35
2945,71923809,-964.36,-84.96,250.00,-1.34,-0.30,-0.37,33.35
2946,71927859,-965.33,-85.94,248.05,-1.04,-0.43,0.18,33.78
2947,71931916,-957.52,-82.52,247.56,-0.67,-0.24,1.10,33.68
2948,71935965,-950.20,-78.12,249.51,-0.30,0.06,1.71,33.59
2949,71941760,-947.75,-77.64,250.98,-0.18,0.37,1.59,33.30
2950,71945809,-949.71,-66.89,251.46,0.06,0.61,1.89,33.49
2951,71949859,-952.64,-60.55,252.44,0.37,0.98,1.95,33.30
2952,71953916,-947.75,-50.29,248.05,0.67,1.22,1.89,33.49
2953,71957965,-954.10,-48.34,250.00,0.61,1.40,1.10,33.59
2954,71963760,-957.03,-48.83,252.93,0.37,1.83,0.79,33.59
2955,71967809,-968.26,-52.25,245.61,0.30,2.32,0.55,33.35
2956,71971859,-976.07,-60.06,243.16,0.30,2.44,0.61,33.78
2957,71975916,-981.45,-66.89,241.70,0.43,2.20,0.85,33.64
2958,71979965,-983.89,-66.89,240.72,0.30,2.50,1.40,33.35
2959,71985760,-989.26,-62.01,241.21,0.55,2.32,1.77,33.30
2960,71989809,-993.16,-62.01,241.70,1.04,2.32,2.26,33.49
2961,71993859,-998.54,-58.11,242.68,0.67,2.01,2.26,33.49
2962,71997916,-999.51,-54.69,246.58,0.79,1.77,2.13,33.49
2963,72001965,-999.51,-46.87,241.21,0.67,1.71,2.26,33.44
2964,72007760,-999.51,-35.64,244.14,0.91,1.71,1.65,33.44
2965,72011809,-995.12,-29.79,250.49,0.37,1.28,1.04,33.64
2966,72015859,-995.12,-31.74,253.91,-0.12,1.22,0.24,33.30
2967,72019916,-986.82,-36.13,254.88,0.12,0.98,0.00,33.49
2968,72023965,-990.72,-41.50,250.49,-0.18,0.98,-0.30,33.59
2969,72029760,-987.30,-37.60,255.37,-0.12,0.67,-0.37,33.49
2970,72033809,-983.89,-46.39,250.49,-0.61,0.67,-0.55,33.64
2971,72037859,-980.47,-55.66,256.35,-0.61,0.37,-0.73,33.44
2972,72041916,-972.17,-63.48,257.81,-0.67,0.61,-0.37,33.49
2973,72045965,-969.73,-58.11,256.35,-0.79,0.37,0.00,33.25
2974,72051760,-964.36,-61.52,252.44,-0.55,0.43,0.12,33.68
2975,72055809,-961.43,-54.20,244.63,-0.55,-0.06,-0.24,33.68
2976,72059859,-958.98,-51.27,241.21,-0.79,0.18,-0.49,33.25
2977,72063916,-959.96,-52.25,247.56,-0.79,0.06,-0.67,33.64
2978,72069760,-960.94,-53.22,250.00,-1.22,0.30,-0.49,33.49
2979,72073809,-961.91,-51.76,244.63,-1.34,0.37,-0.85,33.35
2980,72077859,-970.21,-61.04,247.07,-1.22,0.12,-1.40,33.64
2981,72081916,-967.29,-67.38,239.26,-1.46,0.18,-1.46,33.49
2982,72085965,-970.21,-69.82,238.28,-1.10,-0.12,-1.34,33.64
2983,72091760,-970.70,-74.71,237.79,-1.16,0.18,-0.49,33.78
2984,72095809,-971.68,-70.80,237.79,-0.79,0.00,-0.30,33.59
2985,72099859,-971.19,-67.87,231.45,-0.43,0.00,-0.06,33.64
2986,72103916,-970.21,-59.57,229.98,-0.79,0.00,-0.06,33.35
2987,72107965,-968.26,-57.62,234.37,-0.79,-0.06,-0.06,33.44
2988,72113760,-968.26,-65.92,229.49,-0.55,-0.12,0.12,33.59
2989,72117809,-960.94,-77.15,238.28,-0.18,0.06,0.30,33.64
2990,72121859,-958.50,-80.08,241.21,0.30,0.00,1.10,33.64
2991,72125916,-955.57,-71.29,238.77,0.55,0.24,1.52,33.35
2992,72129965,-959.47,-64.45,239.75,0.55,-0.12,2.13,33.49
2993,72135760,-961.91,-48.34,239.26,0.79,0.18,2.56,33.59
2994,72139809,-966.31,-34.67,246.09,0.79,0.24,2.62,33.49
2995,72143859,-966.80,-37.11,247.07,0.79,0.24,2.38,33.64
2996,72147916,-966.80,-37.11,248.05,0.67,0.30,2.20,33.68
2997,72151965,-972.17,-32.23,244.63,0.06,0.18,1.77,33.68
2998,72157760,-977.54,-29.30,250.49,0.24,0.18,1.83,33.16
2999,72161809,-981.93,-34.18,242.68,0.37,-0.06,1.59,33.44
3000,72165859,-986.33,-32.23,243.16,0.12,-0.24,1.28,33.49
3001,72169916,-989.75,-30.76,241.21,0.06,-0.37,1.52,33.49
3002,72173965,-990.72,-33.20,242.19,0.12,-0.67,1.71,33.44
3003,72179760,-989.75,-34.18,243.16,-0.30,-0.98,1.46,33.35
3004,72183809,-989.26,-40.04,246.58,-0.49,-0.98,1.59,33.35
3005,72187859,-983.89,-42.48,242.68,-0.37,-1.16,1.71,33.64
3006,72191916,-983.89,-43.46,238.77,-0.18,-1.34,1.65,33.64
3007,72195965,-985.84,-46.87,242.19,-0.30,-1.65,1.28,33.35
3008,72201760,-981.93,-51.76,240.72,0.00,-1.59,1.04,33.35
3009,72205809,-981.93,-54.20,243.16,-0.49,-1.28,0.91,33.49
3010,72209859,-984.37,-61.52,244.63,-0.18,-1.40,0.98,33.78
3011,72213916,-983.40,-65.92,240.23,-0.06,-1.22,0.98,33.64
3012,72217965,-983.89,-71.78,244.14,0.00,-0.98,0.67,33.44
3013,72223760,-979.98,-73.24,245.12,0.18,-0.79,0.67,33.64
3014,72227809,-982.42,-69.82,243.65,0.55,-0.61,0.55,33.49
3015,72231859,-972.66,-69.82,252.93,0.55,-0.30,0.30,33.49
3016,72235916,-970.70,-69.82,249.51,0.98,0.00,0.12,33.64
3017,72239965,-968.26,-73.24,255.86,1.16,0.18,0.73,33.78
3018,72245760,-970.70,-62.99,258.79,1.16,0.67,0.73,33.64
3019,72249809,-966.80,-53.71,263.67,1.28,1.04,0.73,33.64
3020,72253859,-967.77,-46.87,263.67,1.22,1.10,0.49,33.68
3021,72257916,-972.66,-38.57,265.62,1.04,1.52,-0.06,33.35
3022,72261965,-976.07,-37.60,264.16,0.61,1.83,0.00,33.44
3023,72267760,-978.52,-36.13,258.30,0.18,1.95,0.18,33.59
3024,72271809,-979.49,-39.06,263.67,0.30,2.13,0.18,33.44
3025,72275859,-980.47,-32.23,261.23,-0.12,2.32,0.49,33.35
3026,72279916,-982.91,-34.18,260.25,-0.55,2.26,0.85,33.59
3027,72283965,-987.79,-27.83,256.35,-0.98,2.50,0.79,33.35
3028,72289760,-988.28,-27.34,260.74,-1.28,2.32,0.98,33.49
3029,72293809,-997.56,-30.27,263.18,-1.52,2.13,1.10,33.64
3030,72297859,-1001.95,-30.76,259.28,-1.83,1.89,0.79,33.44
3031,72301916,-1000.98,-32.71,261.23,-2.26,1.83,0.49,33.64
3032,72307760,-1002.44,-41.50,258.79,-2.68,1.71,-0.18,33.35
3033,72311809,-992.68,-54.20,253.91,-2.68,1.46,-0.12,33.35
3034,72315859,-990.23,-62.01,258.30,-2.44,1.46,0.18,33.59
3035,72319916,-993.65,-64.45,252.44,-2.62,1.04,0.06,33.49
3036,72323965,-993.65,-63.48,248.05,-2.50,0.91,0.24,33.49
3037,72329760,-982.42,-62.50,249.51,-2.32,0.85,-0.12,33.49
3038,72333809,-983.89,-67.87,247.07,-2.56,0.85,-0.85,33.49
3039,72337859,-977.05,-78.12,241.21,-2.20,0.67,-0.79,33.49
3040,72341916,-979.00,-80.57,244.14,-2.13,0.61,-0.67,33.35
3041,72345965,-975.10,-82.52,241.21,-1.59,0.85,-0.73,33.59
3042,72351760,-970.21,-75.68,239.26,-1.46,0.85,-0.37,33.59
3043,72355809,-968.26,-60.55,242.19,-1.28,1.22,-0.49,33.68
3044,72359859,-968.75,-65.92,241.70,-1.16,1.40,-0.67,33.59
3045,72363916,-970.70,-59.08,238.77,-0.98,1.28,-0.73,33.64
3046,72367965,-968.75,-58.59,239.75,-0.79,1.22,-0.79,33.59
3047,72373760,-968.26,-45.90,238.77,-0.79,1.04,-0.85,33.49
3048,72377809,-975.59,-31.74,243.16,-0.98,1.46,-1.04,33.59
3049,72381859,-976.56,-29.30,244.63,-1.10,1.52,-1.16,33.68
3050,72385916,-972.17,-29.79,251.46,-1.10,1.65,-1.46,33.59
3051,72389965,-972.17,-33.20,247.56,-1.52,1.28,-1.28,33.44
3052,72395760,-974.12,-29.30,244.14,-1.65,1.52,-1.22,33.30
3053,72399809,-970.21,-34.18,241.21,-2.01,1.28,-0.98,33.35
3054,72403859,-967.77,-36.13,245.61,-2.13,1.34,-0.61,33.78
3055,72407916,-969.73,-38.09,246.09,-2.38,1.28,-0.06,33.49
3056,72411965,-968.75,-40.04,241.21,-2.26,1.22,0.12,33.44
3057,72417760,-976.07,-44.43,236.82,-2.26,1.10,0.06,33.25
3058,72421809,-972.66,-45.41,230.96,-2.38,0.91,0.30,33.44
3059,72425859,-973.14,-60.55,232.91,-2.38,1.10,0.55,33.59
3060,72429916,-976.56,-63.96,234.86,-1.83,0.91,0.73,33.64
3061,72433965,-977.54,-72.75,233.89,-1.89,0.55,0.79,33.25
3062,72439760,-966.80,-69.82,229.98,-1.22,0.61,0.85,33.35
3063,72443809,-969.24,-66.41,227.05,-0.79,0.24,0.85,33.44
3064,72447859,-967.77,-67.87,226.56,-0.43,0.24,0.91,33.59
3065,72451916,-971.68,-62.01,225.10,-0.24,0.06,0.61,33.49
3066,72455965,-966.80,-65.43,226.56,0.43,-0.30,0.67,33.11
3067,72461760,-965.82,-60.06,229.49,0.49,-0.24,0.30,33.44
3068,72465809,-966.80,-57.13,226.56,0.43,-0.49,0.18,33.59
3069,72469859,-972.17,-57.62,228.52,0.37,-0.49,0.06,33.49
3070,72473916,-974.12,-55.18,229.49,0.61,-0.85,0.06,33.49
3071,72477965,-970.21,-54.20,232.42,0.98,-0.85,0.49,33.68
3072,72483760,-970.21,-49.80,232.42,1.10,-0.98,0.73,33.64
3073,72487809,-966.80,-42.97,231.93,1.22,-0.98,0.85,33.59
3074,72491859,-964.84,-38.09,237.30,1.16,-0.85,0.85,33.35
3075,72495916,-967.29,-37.11,238.77,1.22,-0.91,1.10,33.59
3076,72499965,-965.33,-36.62,236.82,1.46,-0.73,1.10,33.44
3077,72505760,-965.33,-35.16,244.63,0.91,-0.98,1.10,33.59
3078,72509809,-959.96,-35.64,238.28,0.79,-0.85,0.79,33.49
3079,72513859,-963.87,-42.48,241.70,0.49,-0.55,0.85,33.35
3080,72517916,-963.87,-42.97,243.16,0.73,-0.43,1.16,33.44
3081,72523760,-966.80,-45.90,243.65,0.79,-0.24,1.52,33.44
3082,72527809,-970.70,-44.92,240.72,0.73,0.12,1.89,33.59
3083,72531859,-975.10,-53.22,237.30,0.73,0.06,1.95,33.68
3084,72535916,-974.61,-57.62,242.68,1.10,0.06,1.95,33.30
3085,72539965,-976.56,-52.25,242.19,0.73,0.37,2.07,33.44
3086,72545760,-977.54,-45.41,246.58,0.67,0.61,2.01,33.35
3087,72549809,-982.91,-44.43,237.79,0.67,0.79,1.59,33.59
3088,72553859,-991.21,-34.67,242.68,0.61,0.85,1.16,33.59
3089,72557916,-995.12,-34.67,239.26,0.49,0.91,0.91,33.59
3090,72561965,-994.63,-37.60,242.19,0.12,0.61,0.49,33.59
3091,72567760,-997.07,-39.55,240.72,0.18,0.43,0.43,33.59
3092,72571809,-994.14,-51.76,244.14,0.06,0.24,0.30,33.49
3093,72575859,-989.26,-58.59,243.16,0.24,0.12,0.67,33.64
3094,72579916,-980.47,-57.62,247.56,0.18,-0.12,1.10,33.59
3095,72583965,-983.40,-57.62,248.05,0.18,0.00,1.10,33.44
3096,72589760,-980.96,-54.20,247.07,0.30,-0.30,1.46,33.64
3097,72593809,-979.98,-41.02,247.07,-0.12,-0.30,1.65,33.59
3098,72597859,-979.98,-38.57,251.95,-0.24,-0.55,1.40,33.49
3099,72601916,-980.47,-34.18,251.46,-0.61,-0.18,0.85,33.64
3100,72605965,-982.91,-34.18,248.05,-0.79,0.00,0.37,33.49
3101,72611760,-983.89,-33.69,249.51,-1.04,0.37,0.30,33.30
3102,72615809,-986.33,-44.43,243.16,-1.16,-0.12,-0.12,33.25
3103,72619859,-985.84,-59.08,237.79,-1.22,0.00,-0.12,33.59
3104,72623916,-982.91,-62.50,244.14,-1.22,-0.18,0.18,33.59
3105,72627965,-984.37,-63.96,244.63,-0.98,-0.37,0.67,33.64
3106,72633760,-977.54,-63.48,238.77,-0.91,-0.24,1.10,33.35
3107,72637809,-974.61,-58.59,241.70,-1.04,-0.43,1.40,33.11
3108,72641859,-978.52,-52.73,238.77,-0.98,-0.43,1.46,33.44
3109,72645916,-974.12,-46.87,233.40,-0.91,-0.18,1.65,33.30
3110,72649965,-979.49,-45.41,233.40,-0.55,-0.12,0.98,33.44
3111,72655760,-979.98,-45.90,235.84,-0.79,-0.18,0.43,33.35
3112,72659809,-983.40,-45.90,236.82,-0.85,0.12,-0.30,33.64
3113,72663859,-984.86,-47.85,229.98,-1.16,-0.12,-0.55,33.59
3114,72667916,-987.30,-46.87,225.10,-1.04,-0.37,-0.79,33.59
3115,72671965,-993.65,-47.36,230.47,-1.16,0.12,-0.67,33.59
3116,72677760,-990.72,-48.34,229.49,-1.16,-0.18,-0.55,33.49
3117,72681809,-989.75,-50.29,234.37,-1.16,-0.18,-0.85,33.44
3118,72685859,-984.86,-52.73,239.26,-0.98,-0.49,-0.79,33.49
3119,72689916,-984.37,-47.36,240.72,-1.22,-0.43,-0.91,33.78
3120,72693965,-985.35,-42.48,243.65,-1.28,-0.79,-0.55,33.64
3121,72699760,-978.03,-39.55,245.61,-0.98,-0.61,-0.67,33.49
3122,72703809,-981.93,-38.57,242.19,-1.22,-0.49,-0.55,33.64
3123,72707859,-974.61,-43.95,241.21,-1.10,-0.73,-0.30,33.59
3124,72711916,-974.61,-37.11,240.72,-1.34,-0.98,-0.55,33.35
3125,72715965,-976.56,-42.48,235.84,-1.04,-0.98,-0.61,33.64
3126,72721760,-979.00,-47.36,239.26,-1.59,-1.04,-0.67,33.49
3127,72725809,-975.10,-50.78,235.35,-1.22,-1.04,-0.67,33.64
3128,72729859,-977.54,-57.13,233.40,-1.40,-0.91,-0.73,33.25
3129,72733916,-976.56,-67.38,231.45,-1.40,-1.10,-0.55,33.59
3130,72737965,-977.05,-66.89,229.00,-1.34,-1.34,-0.18,33.49
3131,72743760,-977.05,-64.45,232.42,-1.28,-1.34,0.00,33.68
3132,72747809,-981.93,-62.99,226.56,-0.98,-1.46,-0.18,33.83
3133,72751859,-988.28,-60.55,224.61,-0.73,-1.71,-0.24,33.25
3134,72755916,-979.98,-52.73,228.03,-0.67,-1.95,-0.55,33.64
3135,72761760,-979.00,-45.90,229.98,-0.43,-1.65,-1.10,33.59
3136,72765809,-987.79,-44.43,232.91,-0.73,-1.52,-1.59,33.59
3137,72769859,-992.19,-44.92,229.00,-0.61,-1.83,-2.13,33.49
3138,72773916,-992.68,-41.02,223.63,-0.49,-2.01,-2.62,33.30
3139,72777965,-989.26,-46.87,231.93,-0.73,-2.01,-3.05,33.68
3140,72783760,-986.82,-54.20,230.47,-0.43,-2.01,-3.35,33.68
3141,72787809,-991.70,-58.11,233.40,-0.55,-1.95,-3.17,33.64
3142,72791859,-988.28,-57.13,238.28,-0.61,-2.20,-2.74,33.64
3143,72795916,-982.42,-55.66,238.28,-0.61,-2.20,-2.56,33.35
3144,72799965,-974.12,-54.20,243.65,-0.24,-2.07,-2.26,33.44
3145,72805760,-974.61,-56.64,240.72,-0.24,-2.13,-2.07,33.59
3146,72809809,-966.31,-46.87,244.14,-0.55,-2.01,-1.59,33.49
3147,72813859,-966.31,-44.92,240.72,-0.30,-2.07,-1.22,33.64
3148,72817916,-964.84,-43.95,247.56,-0.79,-1.52,-1.22,33.64
3149,72821965,-965.82,-47.85,250.49,-0.79,-1.65,-0.91,33.64
3150,72827760,-956.05,-45.41,246.09,-0.85,-1.04,-0.49,33.49
3151,72831809,-951.66,-47.85,246.58,-0.85,-0.91,0.06,33.35
3152,72835859,-953.61,-49.80,250.00,-1.16,-0.43,0.43,33.35
3153,72839916,-951.66,-46.87,248.05,-1.16,-0.12,0.98,33.59
3154,72843965,-945.80,-50.29,250.98,-1.04,0.30,1.52,33.35
3155,72849760,-947.27,-58.59,248.54,-1.22,0.79,2.20,33.30
3156,72853809,-951.17,-62.99,246.58,-1.04,1.04,3.05,33.25
3157,72857859,-953.12,-50.29,243.16,-1.16,1.40,3.41,33.35
3158,72861916,-956.05,-50.29,249.02,-1.04,1.59,3.54,33.44
3159,72865965,-964.36,-46.39,238.77,-1.16,2.13,3.35,33.16
3160,72871760,-977.05,-41.99,237.79,-1.40,2.26,2.62,33.44
3161,72875809,-989.26,-43.46,235.84,-1.46,2.50,2.01,33.30
3162,72879859,-995.61,-45.41,233.40,-1.65,2.38,1.59,33.59
3163,72883916,-1003.91,-54.20,227.05,-1.65,2.26,0.98,33.68
3164,72887965,-1012.70,-62.01,224.61,-1.89,1.95,0.30,33.35
3165,72893760,-1021.00,-64.94,226.07,-1.59,1.34,-0.12,33.35
3166,72897809,-1015.62,-72.75,232.91,-1.10,0.43,-0.06,33.78
3167,72901859,-1018.55,-71.78,235.35,-0.73,0.12,-0.18,33.64
3168,72905916,-1011.72,-71.78,229.98,-0.85,-0.37,-0.06,33.64
3169,72909965,-1008.79,-59.57,233.89,-0.24,-0.79,-0.73,33.30
3170,72915760,-1006.84,-43.46,237.79,-0.18,-1.28,-1.22,33.49
3171,72919809,-999.02,-28.81,235.84,-0.37,-1.77,-2.50,33.44
3172,72923859,-987.30,-32.23,238.28,-0.61,-2.07,-3.05,33.68
3173,72927916,-984.37,-36.13,242.19,-0.73,-2.44,-4.02,33.78
3174,72931965,-983.89,-40.53,240.23,-0.91,-2.56,-4.33,33.49
3175,72937760,-978.03,-38.09,237.30,-1.40,-2.74,-4.27,33.49
3176,72941809,-974.12,-38.57,239.26,-1.22,-2.99,-3.78,33.68
3177,72945859,-969.73,-46.87,238.28,-1.28,-3.17,-3.66,33.64
3178,72949916,-968.75,-55.18,235.35,-1.65,-3.05,-3.11,33.64
3179,72953965,-964.84,-53.71,232.91,-1.71,-3.23,-2.44,33.49
3180,72959760,-955.57,-52.73,235.35,-1.59,-2.93,-1.83,33.59
3181,72963809,-954.59,-49.80,228.03,-1.71,-3.11,-1.28,33.49
3182,72967859,-950.68,-45.41,234.37,-1.77,-2.99,-0.79,33.35
3183,72971916,-948.73,-54.20,232.42,-1.65,-2.99,-1.28,33.49
3184,72977760,-948.24,-57.13,229.00,-1.83,-2.32,-0.73,33.59
3185,72981809,-949.22,-64.45,231.93,-1.52,-2.01,-0.73,33.68
3186,72985859,-956.05,-65.43,227.05,-1.40,-1.71,-0.49,33.44
3187,72989916,-957.52,-63.96,218.75,-1.34,-1.52,-0.30,33.59
3188,72993965,-958.01,-64.45,221.68,-1.34,-1.52,-0.24,33.59
3189,72999760,-965.33,-68.85,222.17,-0.98,-1.40,-0.18,33.35
3190,73003809,-967.29,-77.64,228.52,-0.55,-1.52,-0.12,33.35
3191,73007859,-962.89,-80.08,226.07,-0.37,-1.65,0.12,33.59
3192,73011916,-968.26,-75.68,223.14,0.00,-1.77,0.24,33.25
3193,73015965,-968.26,-79.10,223.63,0.49,-1.46,0.55,33.64
3194,73021760,-965.33,-72.75,225.10,0.91,-1.77,0.24,33.49
3195,73025809,-968.26,-59.08,234.37,1.40,-2.07,0.06,33.64
3196,73029859,-968.26,-50.29,237.30,1.34,-2.13,-0.12,33.49
3197,73033916,-962.40,-47.85,247.07,1.10,-1.77,-0.18,33.64
3198,73037965,-973.63,-43.46,255.37,0.91,-1.71,-0.37,33.68
3199,73043760,-975.10,-39.06,251.46,1.16,-1.65,-0.98,33.68
3200,73047809,-975.10,-31.74,256.84,0.73,-1.59,-1.10,33.25
3201,73051859,-981.93,-29.79,255.37,0.67,-1.59,-1.59,33.30
3202,73055916,-981.93,-34.67,259.28,0.49,-1.71,-1.59,33.44
3203,73059965,-983.40,-30.76,264.65,0.18,-1.46,-1.95,33.44
3204,73065760,-988.28,-39.55,259.77,-0.12,-1.71,-1.52,33.35
3205,73069809,-984.86,-46.87,263.18,-0.37,-1.71,-1.10,33.49
3206,73073859,-988.28,-46.39,261.23,-0.43,-1.83,-0.73,33.59
3207,73077916,-994.14,-53.22,263.67,-0.37,-1.95,-0.12,33.64
3208,73081965,-990.23,-56.15,260.25,-0.61,-1.77,0.37,33.49
3209,73087760,-987.79,-61.52,256.84,-0.91,-2.07,0.98,33.35
3210,73091809,-986.33,-62.50,256.35,-0.98,-1.89,1.22,33.44
3211,73095859,-982.91,-66.41,262.70,-0.98,-1.95,1.40,33.49
3212,73099916,-981.93,-67.38,257.81,-0.67,-1.95,1.77,33.59
3213,73103965,-977.54,-66.89,260.74,-0.91,-1.83,2.13,33.49
3214,73109760,-979.98,-65.92,257.81,-0.73,-1.65,1.83,33.30
3215,73113809,-980.47,-57.13,253.91,-0.91,-1.40,1.65,33.35
3216,73117859,-981.93,-51.76,256.35,-0.55,-0.98,1.34,33.59
3217,73121916,-981.93,-52.25,254.39,-0.79,-0.67,1.10,33.64
3218,73125965,-983.40,-52.73,250.98,-1.10,-0.61,0.55,33.49
3219,73131760,-989.75,-54.20,250.49,-0.85,-0.43,0.06,33.64
3220,73135809,-984.86,-59.57,253.91,-0.98,-0.37,-0.73,33.59
3221,73139859,-989.26,-64.94,249.02,-1.04,0.00,-0.67,33.35
3222,73143916,-993.65,-58.59,247.56,-0.73,0.30,-0.55,33.78
3223,73147965,-1000.00,-48.83,243.16,-0.79,0.55,-0.55,33.64
3224,73153760,-998.05,-41.50,247.07,-1.28,0.67,-0.79,33.64
3225,73157809,-997.56,-34.18,245.61,-1.22,0.85,-1.16,33.35
3226,73161859,-999.02,-31.25,245.61,-1.40,1.10,-1.40,33.49
3227,73165916,-998.54,-24.41,247.56,-1.65,1.28,-1.71,33.78
3228,73169965,-999.51,-23.44,245.61,-2.01,0.98,-2.07,33.49
3229,73175760,-992.19,-30.76,244.63,-2.38,0.85,-2.32,33.44
3230,73179809,-988.28,-52.25,245.61,-2.32,0.61,-1.95,33.88
3231,73183859,-976.07,-64.45,251.46,-2.20,0.49,-1.40,33.44
3232,73187916,-976.07,-72.27,245.12,-2.32,0.43,-0.61,33.59
3233,73193760,-974.61,-70.80,241.21,-2.01,0.24,0.06,33.44
3234,73197809,-968.75,-71.78,244.63,-1.71,0.24,1.04,33.59
3235,73201859,-964.84,-64.94,246.58,-1.52,0.00,1.40,33.64
3236,73205916,-958.98,-63.48,250.49,-1.59,0.49,1.65,33.49
3237,73209965,-961.91,-63.48,249.51,-1.65,0.55,1.16,33.44
3238,73214015,-959.47,-63.48,246.09,-1.65,0.91,0.67,33.68
3239,73219760,-961.43,-69.82,238.77,-1.59,1.22,0.37,33.35
3240,73223809,-961.43,-68.36,239.75,-1.34,1.34,0.06,33.59
3241,73227859,-966.31,-68.85,238.28,-1.59,1.65,-0.55,33.49
3242,73231916,-964.84,-69.34,243.65,-1.34,1.46,-0.79,33.49
3243,73237760,-962.89,-75.20,239.26,-0.98,2.07,-0.79,33.49
3244,73241809,-973.63,-71.29,233.89,-0.73,1.71,-0.43,33.35
3245,73245859,-980.47,-68.85,233.40,-0.79,1.71,-0.43,33.44
3246,73249916,-976.07,-62.50,234.37,-0.61,1.46,0.12,33.35
3247,73253965,-977.05,-54.69,237.30,-0.43,1.46,0.55,33.49
3248,73259760,-979.98,-37.11,240.23,-0.37,1.16,0.37,33.44
3249,73263809,-985.84,-27.83,240.23,-0.85,1.04,-0.24,33.64
3250,73267859,-980.47,-28.32,240.72,-1.22,0.67,-0.37,33.59
3251,73271916,-981.93,-28.32,244.63,-1.34,0.61,-0.61,33.64
3252,73275965,-980.47,-29.79,236.82,-1.22,0.37,-0.79,33.64
3253,73281760,-982.42,-33.20,238.28,-1.65,0.30,-0.85,33.44
3254,73285809,-979.49,-38.57,237.30,-1.89,0.24,-0.91,33.30
3255,73289859,-974.12,-45.41,241.21,-1.95,-0.12,-1.16,33.64
3256,73293916,-968.75,-54.69,242.19,-2.13,-0.06,-0.61,33.64
3257,73297965,-967.77,-62.01,237.79,-2.01,-0.37,-0.12,33.35
3258,73303760,-968.26,-68.36,235.35,-1.95,-0.79,0.18,33.35
3259,73307809,-970.21,-66.89,231.93,-1.83,-0.67,0.98,33.35
3260,73311859,-964.36,-65.92,232.91,-1.89,-0.79,1.59,33.78
3261,73315916,-963.38,-62.01,234.86,-1.71,-0.49,2.01,33.64
3262,73319965,-966.31,-60.55,238.28,-1.71,-0.24,2.01,33.25
3263,73325760,-967.29,-60.55,238.28,-1.59,0.00,1.77,33.44
3264,73329809,-972.17,-62.50,236.82,-1.46,0.00,1.40,33.59
3265,73333859,-972.66,-54.69,241.21,-1.34,0.18,1.22,33.64
3266,73337916,-974.12,-56.15,241.21,-1.59,0.61,0.73,33.78
3267,73341965,-975.59,-56.64,237.30,-1.52,0.49,0.30,33.35
3268,73347760,-988.28,-58.59,231.45,-1.77,0.49,-0.18,33.49
3269,73351809,-980.96,-65.43,232.91,-1.22,0.67,-0.43,33.49
3270,73355859,-982.42,-76.66,238.77,-0.85,0.67,-0.30,33.59
3271,73359916,-982.42,-79.59,232.91,-0.73,0.55,0.30,33.49
3272,73363965,-985.35,-80.57,229.49,-0.37,0.49,0.55,33.30
3273,73369760,-984.86,-85.94,228.52,0.12,0.18,1.10,33.44
3274,73373809,-984.37,-72.27,231.93,0.24,-0.12,1.59,33.64
3275,73377859,-979.49,-64.94,230.96,0.49,-0.06,1.83,33.44
3276,73381916,-981.45,-62.99,230.96,0.55,-0.18,1.65,33.59
3277,73385965,-979.98,-54.20,238.77,0.37,-0.06,1.52,33.64
3278,73391760,-980.47,-42.97,236.82,0.24,-0.30,0.98,33.44
3279,73395809,-977.54,-39.55,234.86,0.12,-0.30,0.37,33.49
3280,73399859,-978.52,-37.60,239.26,0.18,-0.43,-0.43,33.44
3281,73403916,-976.56,-44.92,241.21,-0.12,-0.67,-0.98,33.35
3282,73407965,-977.54,-53.71,244.14,-0.18,-0.55,-1.16,33.49
3283,73413760,-976.07,-52.25,242.68,-0.24,-0.55,-1.10,33.59
3284,73417809,-979.00,-43.95,233.89,-0.49,-1.04,-0.73,33.78
3285,73421859,-978.03,-41.02,237.79,-0.61,-0.85,-0.85,33.44
3286,73425916,-976.07,-45.90,244.14,-0.73,-1.04,-0.67,33.64
3287,73431760,-976.07,-52.25,241.70,-1.04,-0.73,-0.43,33.44
3288,73435809,-974.61,-50.29,241.21,-0.85,-0.98,-0.12,33.64
3289,73439859,-969.73,-51.27,240.72,-1.16,-1.10,0.06,33.64
3290,73443916,-964.36,-52.73,240.23,-1.10,-0.79,0.18,33.44
3291,73447965,-966.31,-51.76,236.82,-1.34,-0.91,0.43,33.59
3292,73453760,-966.31,-57.62,242.19,-1.10,-0.67,0.73,33.64
3293,73457809,-963.38,-68.85,241.70,-1.10,-0.49,0.85,33.44
3294,73461859,-968.75,-72.27,240.23,-1.10,-0.18,0.91,33.64
3295,73465916,-971.19,-73.73,238.77,-0.79,0.00,1.28,33.30
3296,73469965,-968.75,-76.17,237.79,-0.85,0.06,1.28,33.78
3297,73475760,-972.17,-73.73,239.75,-0.55,0.43,1.46,33.59
3298,73479809,-971.68,-79.59,235.35,-0.18,0.55,1.46,33.59
3299,73483859,-979.00,-80.57,234.37,0.00,0.67,1.16,33.44
3300,73487916,-979.49,-72.27,235.84,0.49,0.98,1.59,33.49
3301,73491965,-987.79,-77.64,231.45,0.73,0.91,1.16,33.35
3302,73497760,-986.33,-67.38,233.89,0.67,1.16,1.10,33.44
3303,73501809,-988.77,-62.99,236.33,0.79,1.22,0.79,33.35
3304,73505859,-989.75,-50.29,234.37,0.85,1.22,0.61,33.64
3305,73509916,-991.21,-39.06,235.35,0.85,0.98,0.43,33.64
3306,73513965,-989.75,-32.71,240.23,0.73,0.67,0.12,33.64
3307,73519760,-991.21,-29.79,241.70,0.06,0.73,-0.61,33.25
3308,73523809,-995.61,-26.86,239.26,0.06,0.73,-0.98,33.59
3309,73527859,-997.56,-19.04,241.70,-0.18,0.24,-0.85,33.64
3310,73531916,-991.21,-23.44,242.19,-0.61,-0.06,-1.04,33.49
3311,73535965,-996.58,-29.79,244.14,-0.91,-0.55,-1.04,33.64
3312,73541760,-988.77,-29.79,243.16,-1.40,-0.61,-0.67,33.35
3313,73545809,-988.77,-33.20,241.21,-1.65,-1.10,-0.55,33.35
3314,73549859,-986.33,-33.69,238.28,-1.77,-1.22,-0.79,33.59
3315,73553916,-981.45,-37.60,238.28,-2.20,-1.10,-0.49,33.78
3316,73557965,-979.98,-39.06,237.30,-2.20,-1.40,-0.61,33.44
3317,73563760,-974.12,-45.41,240.23,-2.26,-1.65,-0.79,33.25
3318,73567809,-970.21,-56.15,239.75,-2.56,-1.52,-1.04,33.49
3319,73571859,-973.14,-70.31,235.84,-2.56,-1.22,-1.22,33.68
3320,73575916,-967.77,-83.01,236.82,-2.38,-1.34,-0.98,33.30
3321,73579965,-967.77,-92.77,231.93,-2.01,-1.46,-0.67,33.49
3322,73585760,-967.77,-98.14,233.89,-1.46,-1.22,-0.24,33.49
3323,73589809,-972.17,-89.84,230.96,-1.10,-1.46,0.24,33.49
3324,73593859,-968.75,-88.87,231.93,-0.79,-1.28,-0.18,33.59
3325,73597916,-967.77,-83.98,229.49,-0.30,-1.16,-0.18,33.44
3326,73601965,-967.29,-85.45,226.07,-0.24,-0.85,-0.43,33.64
3327,73607760,-963.87,-83.50,229.00,-0.06,-0.73,-1.10,33.64
3328,73611809,-970.70,-82.52,228.03,0.43,-0.55,-1.34,33.64
3329,73615859,-969.24,-77.64,231.93,0.49,-0.37,-1.71,33.49
3330,73619916,-979.00,-72.75,229.98,0.55,-0.18,-1.46,33.64
3331,73623965,-977.05,-73.73,228.52,0.55,-0.18,-1.65,33.88
3332,73629760,-979.98,-64.94,224.12,0.49,0.06,-1.89,33.59
3333,73633809,-980.47,-61.04,232.91,0.55,0.06,-1.28,33.59
3334,73637859,-976.56,-56.64,233.89,0.67,0.24,-1.22,33.44
3335,73641916,-976.56,-51.76,230.47,0.49,0.43,-0.73,33.68
3336,73647760,-978.03,-50.78,233.89,0.67,0.37,-0.85,33.78
3337,73651809,-984.86,-43.46,234.37,0.37,0.43,-0.98,33.59
3338,73655859,-981.93,-30.27,241.21,0.00,0.55,-0.55,33.59
3339,73659916,-986.33,-30.27,242.19,-0.12,0.73,-1.04,33.35
3340,73663965,-988.28,-25.88,241.21,-0.49,0.55,-1.16,33.49
3341,73668015,-992.19,-27.34,237.30,-1.10,0.49,-1.71,33.64
3342,73673760,-994.14,-29.79,238.28,-1.40,0.37,-1.65,33.44
3343,73677809,-992.19,-39.06,245.61,-1.71,0.18,-1.40,33.59
3344,73681859,-988.77,-43.46,240.72,-1.77,0.12,-1.16,33.44
3345,73685916,-983.89,-47.36,240.72,-2.32,0.06,-0.73,33.68
3346,73691760,-980.96,-51.76,240.72,-2.20,-0.37,-0.24,33.64
3347,73695809,-973.14,-48.34,242.19,-2.26,-0.61,0.49,33.49
3348,73699859,-972.17,-54.69,240.72,-2.44,-0.55,0.30,33.59
3349,73703916,-974.12,-55.66,245.12,-2.38,-0.73,0.43,33.16
3350,73707965,-974.61,-60.06,241.21,-2.44,-0.61,0.24,33.49
3351,73713760,-979.00,-61.04,235.35,-2.38,-0.49,-0.18,33.49
3352,73717809,-977.05,-68.85,238.77,-2.26,-0.18,-0.61,33.59
3353,73721859,-986.33,-74.22,239.26,-2.13,-0.24,-0.67,33.64
3354,73725916,-985.84,-84.47,236.33,-2.13,-0.30,-0.98,33.59
3355,73729965,-985.84,-83.50,235.35,-1.65,-0.18,-1.16,33.64
3356,73735760,-984.86,-84.96,235.84,-1.52,-0.24,-1.10,33.68
3357,73739809,-983.89,-82.03,238.28,-1.10,-0.12,-0.98,33.35
3358,73743859,-977.54,-81.54,238.28,-0.79,-0.30,-1.04,33.44
3359,73747916,-979.98,-82.52,237.30,-0.49,-0.24,-1.10,33.44
3360,73751965,-979.98,-74.71,236.82,-0.30,-0.12,-1.34,33.49
3361,73757760,-978.52,-71.29,235.84,-0.43,0.06,-1.04,33.49
3362,73761809,-973.14,-62.99,234.86,-0.12,-0.24,-0.73,33.35
3363,73765859,-976.07,-61.52,234.86,-0.12,-0.12,-0.37,33.49
3364,73769916,-979.00,-52.25,239.75,-0.37,-0.12,-0.43,33.59
3365,73773965,-980.96,-37.11,235.35,-0.37,0.12,-0.12,33.30
3366,73779760,-978.52,-33.69,239.26,-0.67,-0.24,0.00,33.35
3367,73783809,-979.00,-28.32,237.79,-1.10,-0.18,-0.24,33.44
3368,73787859,-979.49,-30.76,233.40,-1.10,-0.24,-0.43,33.44
3369,73791916,-983.40,-34.18,234.37,-1.46,-0.18,-0.61,33.59
3370,73795965,-979.98,-38.09,237.79,-1.77,-0.37,-0.43,33.44
3371,73801760,-976.07,-46.87,234.37,-1.89,-0.24,0.18,33.49
3372,73805809,-971.19,-53.22,238.77,-2.07,-0.37,0.61,33.68
3373,73809859,-971.19,-51.27,238.28,-2.20,-0.30,0.73,33.64
3374,73813916,-975.59,-56.64,238.77,-2.13,-0.37,1.46,33.59
3375,73817965,-974.61,-62.50,234.37,-2.13,-0.37,1.04,33.35
3376,73823760,-975.59,-66.89,231.45,-2.13,0.00,1.04,33.35
3377,73827809,-973.14,-73.73,228.52,-2.07,-0.12,0.85,33.44
3378,73831859,-980.96,-72.75,230.47,-2.13,0.06,0.73,33.49
3379,73835916,-978.52,-76.17,224.61,-1.89,0.24,0.37,33.59
3380,73839965,-978.52,-73.73,222.66,-1.40,-0.18,0.49,33.49
3381,73845760,-977.05,-81.05,225.59,-1.28,0.12,0.18,33.59
3382,73849809,-973.63,-83.98,225.59,-0.85,0.24,-0.24,33.59
3383,73853859,-972.17,-83.01,221.68,-0.79,0.06,-0.30,33.59
3384,73857916,-968.75,-82.03,221.68,0.00,0.00,-0.43,33.68
3385,73861965,-973.14,-79.10,225.10,-0.24,0.06,-0.24,33.49
3386,73867760,-969.73,-73.73,222.66,0.30,-0.12,-0.12,33.59
3387,73871809,-968.75,-73.73,226.07,0.79,-0.37,0.43,33.44
3388,73875859,-967.77,-72.27,227.05,0.61,-0.37,0.55,33.44
3389,73879916,-967.77,-69.34,226.56,0.98,-0.30,0.85,33.64
3390,73885760,-972.17,-63.48,233.89,1.16,-0.37,1.22,33.49
3391,73889809,-970.21,-53.71,229.00,0.91,-0.37,1.77,33.59
3392,73893859,-976.56,-53.22,231.93,1.04,-0.55,2.26,33.64
3393,73897916,-969.24,-43.46,237.30,0.67,-0.49,2.38,33.59
3394,73901965,-971.19,-45.90,237.30,0.49,-0.24,2.50,33.35
3395,73907760,-966.31,-36.13,240.23,0.49,-0.24,2.38,33.49
3396,73911809,-970.70,-43.46,237.30,0.06,-0.37,2.13,33.64
3397,73915859,-977.54,-44.43,231.93,-0.18,-0.12,2.01,33.68
3398,73919916,-976.07,-48.34,237.30,-0.18,-0.24,1.95,33.49
3399,73923965,-980.47,-43.95,231.45,-0.37,-0.18,1.65,33.59
3400,73929760,-981.93,-54.69,232.42,-0.24,-0.55,2.01,33.59
3401,73933809,-983.40,-59.08,235.84,-0.61,-0.43,1.83,33.44
3402,73937859,-982.42,-64.94,236.82,-0.30,-0.85,1.89,33.44
3403,73941916,-988.28,-69.82,229.98,-0.30,-1.10,1.71,33.64
