seq,timestamp_us,ax_mg,ay_mg,az_mg,gx_dps,gy_dps,gz_dps,temp_c
0,97518052,-794.92,370.61,467.77,0.85,-2.01,4.09,33.78
1,97522117,-798.34,372.07,465.82,0.85,-2.01,4.09,33.78
2,97526166,-797.36,376.46,464.84,0.79,-2.44,3.72,33.83
3,97530216,-788.57,371.58,479.49,1.04,-1.95,3.78,33.64
4,97534266,-803.71,400.88,458.50,1.34,-1.40,2.74,33.88
5,97538315,-803.71,400.88,458.50,0.79,-1.77,1.40,33.68
6,97542365,-796.87,381.84,455.08,0.43,-2.01,0.67,33.64
7,97546415,-796.87,367.19,472.66,-0.12,-1.83,0.73,33.64
8,97550464,-798.83,375.49,476.56,-0.06,-1.59,0.55,33.83
9,97554514,-806.15,379.88,476.56,-0.18,-1.40,0.18,33.49
10,97558563,-804.69,387.70,468.75,-0.30,-1.46,-0.30,33.78
11,97564760,-810.55,380.86,464.36,-0.55,-1.59,-1.28,33.83
12,97568809,-818.85,380.37,458.50,-0.37,-1.40,-2.01,33.88
13,97572859,-816.89,376.95,464.36,-0.43,-1.34,-2.01,33.83
14,97576916,-821.29,372.56,463.38,-0.73,-1.46,-2.20,33.64
15,97580966,-819.82,373.54,461.91,-0.55,-1.46,-1.77,33.64
16,97585015,-818.36,365.72,456.05,-0.79,-1.52,-1.83,33.78
17,97590760,-820.31,362.79,458.01,-0.73,-1.65,-0.85,33.88
18,97594809,-819.82,361.33,457.03,-0.61,-1.83,-0.61,33.44
19,97598859,-819.34,359.37,459.96,-0.43,-1.83,-0.37,33.83
20,97602916,-817.38,359.37,462.40,-0.43,-1.95,0.30,33.88
21,97606966,-812.50,357.42,462.40,-0.49,-2.13,0.55,33.44
22,97612760,-809.08,357.42,458.50,-0.49,-1.46,0.79,33.64
23,97616809,-813.48,357.91,461.43,-0.55,-1.52,0.79,33.44
24,97620859,-810.06,358.40,461.43,-0.55,-1.40,0.98,33.88
25,97624916,-811.52,359.86,467.77,-0.61,-1.04,0.61,33.44
26,97628966,-814.94,356.93,465.33,-0.43,-0.73,0.91,33.59
27,97634760,-813.96,361.82,468.26,-0.73,-0.37,0.91,33.78
28,97638809,-816.41,365.23,467.77,-0.79,-0.06,0.79,33.64
29,97642859,-812.99,364.75,469.73,-0.85,0.49,0.24,33.83
30,97646916,-820.80,371.09,471.68,-1.04,0.73,-0.18,33.68
31,97650966,-822.75,376.46,475.59,-1.28,1.40,-0.43,33.59
32,97656760,-821.78,369.63,472.17,-1.46,1.59,-0.91,33.83
33,97660809,-824.22,366.70,468.75,-1.77,2.13,-1.52,33.68
34,97664859,-818.36,362.79,466.31,-1.71,2.26,-1.89,33.68
35,97668916,-814.94,365.23,460.45,-1.83,2.93,-1.77,33.64
36,97672966,-856.45,348.14,455.57,-1.83,2.68,-1.95,33.64
37,97678760,-798.34,376.95,459.47,-1.89,2.74,-1.83,33.64
38,97682809,-840.33,358.40,461.43,-2.44,2.62,-2.87,33.64
39,97686859,-804.69,369.14,468.75,-2.26,2.99,-2.99,33.35
40,97690916,-822.27,369.63,464.84,-1.89,4.09,-3.05,33.59
41,97694966,-816.41,362.79,458.01,-2.38,4.02,-3.17,33.83
42,97700760,-819.82,357.42,457.03,-2.56,4.02,-3.29,33.44
43,97704809,-808.11,351.56,456.54,-2.32,3.90,-2.87,33.64
44,97708859,-811.52,351.07,459.47,-2.32,4.33,-2.32,33.49
45,97712916,-810.55,350.10,462.40,-1.95,4.39,-1.83,33.78
46,97718760,-809.08,354.00,464.84,-2.01,4.15,-1.40,33.78
47,97722809,-816.89,352.54,463.38,-1.95,4.39,-1.52,33.88
48,97726859,-820.80,367.68,458.98,-1.89,4.15,-1.34,33.78
49,97730916,-813.96,369.14,460.45,-1.71,4.02,-1.52,33.49
50,97734966,-814.45,374.02,461.91,-2.01,3.90,-1.71,33.97
51,97740760,-804.69,372.07,460.94,-2.07,3.96,-2.13,33.64
52,97744809,-803.71,366.70,458.98,-2.07,3.78,-2.26,33.68
53,97748859,-809.57,352.54,460.45,-1.77,4.02,-1.95,33.97
54,97752916,-805.18,351.07,463.87,-1.59,4.09,-1.46,33.64
55,97756966,-807.13,346.68,456.54,-1.46,3.72,-0.91,33.68
56,97762760,-808.11,353.03,451.66,-1.22,3.35,-0.06,33.78
57,97766809,-805.66,354.98,454.59,-0.85,3.05,0.43,33.78
58,97770859,-799.80,360.35,451.17,-0.79,3.05,0.85,33.83
59,97774916,-800.29,364.75,449.71,-0.61,2.80,0.98,33.88
60,97778966,-796.87,365.72,452.15,-0.43,2.62,1.46,33.64
61,97784760,-798.34,366.21,451.66,-0.37,2.13,1.71,33.49
62,97788809,-797.36,360.84,457.03,-0.06,2.26,1.89,33.59
63,97792859,-794.43,362.30,461.91,-0.12,2.32,2.20,33.64
64,97796916,-789.06,366.21,465.82,0.00,2.07,2.44,33.44
65,97800966,-787.60,367.68,461.91,0.12,2.07,2.74,33.64
66,97806760,-792.97,373.54,459.96,0.37,2.01,2.56,33.64
67,97810809,-793.95,368.16,458.01,0.18,1.71,2.56,33.83
68,97814859,-796.39,371.58,465.33,0.18,1.77,2.80,33.78
69,97818916,-796.39,370.61,466.80,0.24,1.89,2.56,33.78
70,97822966,-797.85,371.09,461.91,0.49,1.59,2.32,33.68
71,97828760,-798.34,371.58,462.40,0.30,1.22,2.32,33.83
72,97832809,-804.69,375.00,459.47,0.55,1.40,2.38,33.64
73,97836859,-809.08,374.02,458.98,0.43,0.91,2.44,33.64
74,97840916,-805.18,375.00,453.61,0.49,0.79,2.50,33.78
75,97844966,-808.59,374.51,453.12,0.49,0.37,2.68,33.49
76,97850760,-805.66,375.00,450.68,0.49,0.18,2.74,33.59
77,97854809,-806.64,374.51,453.61,0.61,-0.12,3.11,33.88
78,97858859,-808.11,370.12,445.80,0.18,-0.06,3.29,33.68
79,97862916,-807.13,367.68,450.68,0.67,-0.49,3.72,33.68
80,97866966,-807.62,361.82,451.66,0.73,-0.67,4.27,33.64
81,97872760,-805.66,359.37,451.17,0.85,-0.98,4.57,33.68
82,97876809,-806.15,359.86,456.05,0.85,-1.22,5.67,33.78
83,97880859,-809.08,357.42,456.05,1.04,-1.34,6.04,33.83
84,97884916,-808.59,355.96,454.10,1.28,-1.71,6.40,33.88
85,97888966,-805.66,358.40,459.47,1.59,-1.34,7.07,33.64
86,97894760,-804.20,354.00,459.47,1.89,-1.59,7.50,33.83
87,97898809,-814.45,358.40,458.98,1.71,-1.95,7.93,33.83
88,97902859,-813.96,362.30,459.47,1.71,-1.95,8.23,33.49
89,97906916,-814.45,365.23,458.50,1.89,-1.77,8.84,33.83
90,97910966,-819.82,366.70,457.03,2.26,-2.26,9.02,33.68
91,97916760,-817.38,364.75,453.12,2.07,-2.50,9.63,33.59
92,97920809,-818.85,366.21,449.71,2.20,-2.26,9.45,33.64
93,97924859,-830.08,369.63,449.71,2.32,-2.56,9.70,33.68
94,97928916,-827.15,369.63,448.73,2.50,-2.93,9.51,33.78
95,97934760,-826.66,367.19,448.24,2.56,-2.99,9.63,33.59
96,97938809,-826.66,368.16,443.36,2.68,-3.54,9.94,33.59
97,97942859,-823.73,362.79,444.34,2.99,-4.02,10.24,33.83
98,97946916,-822.75,364.75,442.87,2.99,-4.27,10.85,33.68
99,97950966,-816.41,359.86,447.27,3.23,-4.57,11.16,33.83
100,97956760,-814.45,357.91,447.27,3.66,-4.94,11.89,33.83
101,97960809,-812.50,358.89,447.27,4.02,-5.00,12.68,33.35
102,97964859,-810.06,359.37,445.31,4.63,-5.61,13.11,33.83
103,97968916,-802.73,361.33,446.78,4.88,-5.73,13.72,33.64
104,97972966,-802.73,364.75,448.24,5.18,-5.79,14.45,33.88
105,97978760,-802.73,363.77,449.71,5.30,-6.04,14.63,33.83
106,97982809,-800.78,368.65,457.03,5.67,-6.10,15.06,33.68
107,97986859,-799.80,374.51,460.45,5.79,-5.85,15.24,33.49
108,97990916,-799.80,383.30,456.05,5.61,-5.91,14.94,33.59
109,97994966,-793.46,386.72,457.52,5.67,-5.85,14.82,33.83
110,98000760,-796.87,392.58,458.98,5.67,-5.73,14.27,33.68
111,98004809,-794.43,391.60,460.45,5.43,-5.73,13.66,33.59
112,98008859,-794.92,388.67,454.59,5.43,-5.30,12.99,33.78
113,98012916,-794.92,386.72,461.91,5.24,-5.37,12.44,33.68
114,98016966,-797.85,385.74,456.05,5.30,-5.00,12.13,33.68
115,98022760,-795.41,381.35,448.73,4.94,-5.49,12.01,33.49
116,98026809,-783.69,373.54,456.54,5.43,-5.00,12.38,33.59
117,98030859,-781.25,374.51,453.12,5.55,-5.06,12.93,33.83
118,98034916,-784.18,376.95,449.22,5.61,-5.06,12.99,33.83
119,98038965,-784.18,367.68,440.43,5.73,-5.43,14.02,33.59
120,98044760,-782.23,372.56,443.85,6.04,-5.18,14.27,33.59
121,98048809,-778.81,373.05,442.87,6.34,-5.12,14.88,33.35
122,98052859,-774.41,376.46,444.34,6.59,-4.88,15.43,34.02
123,98056916,-783.69,380.37,445.80,6.65,-5.00,16.16,33.68
124,98060965,-775.88,381.84,452.15,6.65,-4.63,16.65,33.49
125,98066760,-775.88,384.28,452.15,7.01,-4.57,16.71,33.78
126,98070809,-775.39,389.65,462.40,7.32,-3.96,16.95,33.78
127,98074859,-779.30,399.90,458.50,7.38,-3.84,16.95,33.68
128,98078916,-780.76,404.30,457.52,7.26,-3.41,17.32,33.68
129,98082965,-782.23,408.69,461.43,7.13,-3.11,17.38,33.64
130,98088760,-785.64,412.60,467.77,6.95,-2.87,17.56,33.49
131,98092809,-791.50,425.78,469.73,6.65,-2.26,17.38,33.68
132,98096859,-788.57,439.45,468.75,6.16,-2.07,17.01,33.68
133,98100916,-792.97,441.89,466.80,5.61,-1.83,16.46,34.02
134,98104965,-791.99,449.71,460.94,5.43,-1.22,15.61,33.35
135,98110760,-802.73,477.05,465.33,4.70,-0.55,14.63,33.64
136,98114809,-818.85,483.40,454.59,3.60,-0.37,11.59,33.78
137,98118859,-811.52,487.30,450.20,3.11,-0.37,9.27,33.88
138,98122916,-809.57,488.77,458.98,2.44,-0.06,5.43,33.68
139,98126965,-811.04,483.89,464.84,1.77,0.18,1.52,33.68
140,98132760,-814.45,483.40,463.38,0.67,0.85,-2.56,34.02
141,98136809,-812.01,444.34,466.31,-0.12,1.16,-6.22,33.64
142,98140859,-825.20,412.60,460.45,-0.67,1.46,-8.29,33.64
143,98144916,-827.64,392.09,462.40,-0.73,1.65,-9.21,33.78
144,98148965,-826.66,373.05,464.36,-0.61,1.77,-9.21,33.83
145,98154760,-826.66,368.65,466.80,-0.30,2.01,-8.41,33.83
146,98158809,-825.20,350.10,469.24,-0.06,2.56,-7.26,33.88
147,98162859,-824.71,353.03,472.17,0.30,2.62,-6.46,33.30
148,98166916,-831.54,356.45,478.52,0.61,2.74,-5.55,33.83
149,98172760,-826.17,363.28,478.52,0.61,3.41,-4.76,33.88
150,98176809,-833.98,365.72,487.30,0.37,4.02,-3.78,33.35
151,98180859,-833.98,375.49,484.37,0.00,4.45,-3.17,33.78
152,98184916,-839.84,381.84,493.65,-0.12,4.82,-2.74,33.64
153,98188965,-845.21,395.51,490.72,-0.37,5.12,-2.50,33.68
154,98194760,-845.70,400.88,493.16,-1.10,5.55,-2.93,33.64
155,98198809,-852.54,415.53,492.68,-1.65,6.40,-3.48,33.78
156,98202859,-852.05,419.43,495.61,-2.62,6.89,-4.21,33.68
157,98206916,-856.93,427.73,495.12,-3.29,7.38,-4.94,33.35
158,98210965,-851.56,426.76,495.61,-4.02,7.62,-5.91,33.78
159,98216760,-855.47,422.36,496.09,-5.00,8.41,-6.89,33.83
160,98220809,-851.07,415.04,499.02,-5.85,8.72,-7.93,33.83
161,98224859,-851.07,411.62,505.86,-6.71,9.15,-8.54,33.88
162,98228916,-847.66,406.74,502.93,-7.56,10.12,-8.72,33.59
163,98232965,-848.63,403.32,502.93,-8.41,10.30,-8.78,33.35
164,98238760,-840.82,397.95,500.98,-9.27,11.04,-9.02,33.83
165,98242809,-840.33,393.55,508.79,-10.12,11.52,-9.09,33.64
166,98246859,-835.45,388.67,511.72,-10.85,12.26,-8.84,33.78
167,98250916,-837.89,381.35,513.18,-10.98,12.62,-8.90,33.68
168,98254965,-840.82,380.86,516.60,-11.95,13.35,-8.60,33.64
169,98260760,-843.75,379.39,515.62,-12.56,14.27,-8.05,33.59
170,98264809,-845.70,384.77,510.25,-13.48,14.88,-7.87,33.68
171,98268859,-842.77,386.23,512.70,-14.33,15.49,-7.80,33.68
172,98272916,-845.70,391.11,515.62,-14.88,16.40,-7.68,33.68
173,98276965,-841.80,394.04,517.09,-15.67,17.13,-7.74,33.64
174,98282760,-844.73,394.04,521.48,-16.71,18.17,-7.93,33.35
175,98286809,-841.80,400.39,519.04,-17.68,19.27,-8.11,33.49
176,98290859,-838.38,408.69,514.16,-18.72,19.94,-8.66,33.59
177,98294916,-832.03,412.11,515.62,-19.88,20.98,-9.45,33.78
178,98298965,-830.57,411.62,516.60,-20.61,21.83,-10.55,33.68
179,98304760,-831.54,413.57,516.60,-21.83,22.87,-11.52,33.30
180,98308809,-827.64,411.13,509.28,-22.80,24.09,-12.62,33.64
181,98312859,-832.52,412.11,508.30,-23.66,25.24,-13.54,33.83
182,98316916,-830.08,413.57,506.35,-24.63,26.22,-14.57,33.83
183,98320965,-825.20,416.99,507.32,-25.67,26.89,-16.10,33.68
184,98326760,-826.17,413.57,507.32,-27.13,27.99,-17.01,33.59
185,98330809,-829.59,412.60,510.74,-28.17,28.96,-18.72,33.64
186,98334859,-829.10,412.60,508.79,-29.02,29.76,-19.51,33.78
187,98338916,-832.52,408.69,505.86,-29.94,30.61,-20.12,33.64
188,98342965,-831.05,405.76,504.39,-30.91,31.40,-21.10,33.68
189,98348760,-829.59,397.95,503.42,-32.20,31.89,-22.01,33.83
190,98352809,-824.22,393.55,499.02,-33.11,32.38,-22.44,33.97
191,98356859,-831.05,384.28,498.05,-33.66,33.23,-22.93,33.59
192,98360916,-833.98,386.72,495.61,-34.76,33.90,-23.17,33.83
193,98364965,-831.54,384.77,498.54,-35.06,34.63,-23.84,33.64
194,98370760,-825.20,375.00,496.58,-35.79,34.76,-23.96,33.44
195,98374809,-830.57,372.07,491.70,-36.65,35.37,-24.02,33.68
196,98378859,-834.47,368.16,489.26,-36.95,35.67,-23.78,33.59
197,98382916,-833.01,363.77,482.91,-37.87,36.16,-23.41,33.78
198,98388760,-834.47,367.19,486.82,-38.23,36.34,-23.48,33.88
199,98392809,-835.94,366.70,480.47,-38.72,36.71,-23.17,33.88
200,98396859,-838.87,365.23,474.12,-39.15,36.52,-23.29,33.68
201,98400916,-845.21,362.79,474.61,-39.39,36.77,-23.29,33.49
202,98404965,-844.24,366.70,474.12,-39.76,36.71,-22.99,33.83
203,98410760,-845.21,362.30,469.24,-40.18,36.71,-22.87,33.59
204,98414809,-854.49,368.16,473.14,-40.61,36.34,-23.35,33.78
205,98418859,-857.42,370.61,466.31,-41.10,36.04,-23.54,33.88
206,98422916,-865.23,372.07,466.31,-41.34,35.79,-23.60,33.64
207,98426965,-858.89,372.56,463.87,-41.95,35.67,-23.78,33.68
208,98432760,-864.26,383.30,458.50,-42.44,35.12,-24.33,33.68
209,98436809,-862.30,379.39,449.71,-43.29,34.45,-25.37,34.12
210,98440859,-857.42,385.25,447.75,-43.54,34.39,-26.10,33.78
211,98444916,-864.26,378.91,446.29,-44.15,34.21,-26.89,33.64
212,98448965,-864.26,377.93,449.22,-44.70,33.84,-27.68,33.64
213,98454760,-864.75,361.33,446.29,-45.18,33.66,-28.54,33.68
214,98458809,-866.70,355.96,439.45,-46.16,33.23,-28.72,33.88
215,98462859,-868.16,347.17,433.11,-46.46,32.93,-28.72,33.59
216,98466916,-866.70,340.82,430.18,-47.01,33.17,-28.66,33.64
217,98470965,-874.02,328.61,425.29,-47.50,33.05,-28.35,33.83
218,98476760,-868.16,322.75,424.32,-47.99,32.56,-28.11,33.49
219,98480809,-873.54,311.04,418.46,-48.23,32.62,-27.26,33.59
220,98484859,-868.65,304.69,414.06,-48.66,32.93,-26.65,33.68
221,98488916,-871.09,299.80,415.53,-48.72,32.56,-25.73,33.68
222,98492965,-874.51,290.04,412.11,-49.27,32.44,-24.88,33.68
223,98498760,-870.12,294.43,410.16,-49.21,32.56,-24.33,33.44
224,98502809,-870.12,287.60,405.27,-49.88,32.62,-23.35,33.44
225,98506859,-872.07,293.46,404.79,-49.88,32.44,-22.93,33.78
226,98510916,-867.68,287.11,397.95,-50.12,32.68,-22.68,33.97
227,98514965,-869.14,285.64,396.97,-50.43,32.87,-22.93,33.59
228,98520760,-875.00,280.76,395.51,-50.43,32.80,-22.68,33.44
229,98524809,-873.05,283.69,395.02,-50.61,32.80,-22.38,33.59
230,98528859,-869.63,284.67,388.67,-50.61,32.93,-22.44,33.78
231,98532916,-867.68,280.76,391.60,-51.22,33.17,-22.50,33.64
232,98536965,-868.65,280.27,396.00,-51.04,33.23,-23.17,33.35
233,98542760,-865.72,281.25,396.48,-51.34,33.78,-23.54,33.83
234,98546809,-859.86,275.88,398.44,-51.77,34.09,-24.15,33.59
235,98550859,-864.75,275.88,396.48,-51.71,34.27,-24.39,33.68
236,98554916,-861.33,271.48,390.62,-51.77,34.70,-24.82,33.64
237,98558965,-862.30,268.07,386.23,-52.26,35.00,-25.24,33.78
238,98564760,-866.70,270.02,384.77,-52.50,35.49,-25.91,33.64
239,98568809,-864.75,263.18,381.84,-52.99,35.79,-26.59,33.64
240,98572859,-867.68,263.18,381.35,-52.80,36.34,-27.01,33.68
241,98576916,-871.58,254.39,378.42,-53.29,36.65,-27.50,33.64
242,98580965,-875.49,249.51,377.93,-53.54,37.07,-27.99,33.88
243,98586760,-880.86,243.16,376.95,-53.60,37.20,-28.48,33.64
244,98590809,-886.23,247.56,369.14,-53.66,37.32,-28.72,33.59
245,98594859,-894.53,245.61,365.72,-54.15,37.38,-28.78,33.64
246,98598916,-898.44,240.72,358.40,-54.39,37.20,-29.33,33.78
247,98602965,-907.23,240.72,359.86,-54.57,37.07,-29.45,33.64
248,98608760,-911.13,234.86,361.33,-54.76,36.65,-29.45,33.83
249,98612809,-916.99,219.73,356.45,-54.63,35.91,-29.39,33.97
250,98616859,-921.39,213.38,352.54,-54.82,35.61,-29.33,33.49
251,98620916,-916.99,210.94,354.00,-54.82,35.30,-29.15,33.78
252,98626760,-916.02,206.54,351.56,-54.88,35.00,-28.96,33.68
253,98630809,-915.53,197.75,345.21,-55.00,34.70,-28.29,33.88
254,98634859,-910.64,195.31,346.68,-55.00,34.02,-28.11,33.83
255,98638916,-914.55,190.92,345.70,-55.24,34.09,-28.35,33.59
256,98642965,-914.55,183.11,347.17,-55.00,34.15,-28.17,33.83
257,98648760,-919.92,178.22,343.26,-55.24,33.78,-28.23,33.88
258,98652809,-923.34,164.06,348.63,-55.06,33.60,-27.93,33.88
259,98656859,-929.69,153.81,346.19,-54.88,33.41,-27.68,33.83
260,98660916,-941.41,153.81,344.24,-54.82,32.68,-27.99,33.68
261,98664965,-943.36,154.30,348.14,-54.76,31.83,-28.48,33.83
262,98670760,-925.78,155.27,353.52,-54.57,31.34,-29.21,33.78
263,98674809,-919.92,168.46,343.26,-54.33,31.16,-30.00,33.83
264,98678859,-928.22,166.02,344.73,-54.02,30.61,-31.28,33.59
265,98682916,-925.78,171.87,338.38,-54.39,30.61,-32.56,33.83
266,98686965,-925.29,174.32,338.38,-54.39,30.18,-34.21,33.59
267,98692760,-935.06,183.59,341.80,-54.70,29.88,-36.10,33.88
268,98696809,-938.48,180.18,342.29,-55.00,29.27,-38.41,33.59
269,98700859,-928.71,179.69,343.75,-55.24,28.84,-40.30,33.59
270,98704916,-919.92,180.18,341.80,-55.43,28.78,-42.87,33.78
271,98708965,-927.25,178.22,345.70,-56.04,29.33,-45.49,33.83
272,98714760,-928.22,169.92,334.96,-56.46,29.02,-48.23,33.64
273,98718809,-929.20,152.83,334.47,-57.20,29.15,-50.61,33.59
274,98722859,-939.45,131.84,330.08,-57.20,29.02,-52.38,33.83
275,98726916,-939.45,115.23,326.66,-57.38,29.09,-53.72,33.64
276,98730965,-937.99,96.19,323.73,-57.44,28.96,-54.39,33.49
277,98736760,-940.92,79.10,317.87,-57.13,28.48,-54.82,33.59
278,98740809,-956.54,56.15,309.57,-56.46,27.50,-54.09,33.64
279,98744859,-951.66,41.02,308.11,-55.98,26.95,-53.60,33.78
280,98748916,-956.54,26.86,305.18,-55.67,26.16,-52.38,34.02
281,98752965,-956.54,16.60,308.11,-54.70,25.37,-50.73,33.68
282,98758760,-949.22,11.23,303.71,-53.72,24.51,-49.27,33.78
283,98762809,-952.64,8.79,306.15,-52.93,23.54,-47.44,33.64
284,98766859,-954.59,6.84,309.57,-51.89,22.87,-46.34,33.78
285,98770916,-963.87,10.25,304.20,-50.98,22.07,-45.12,33.68
286,98774965,-979.49,13.67,297.85,-50.30,21.10,-43.90,33.64
287,98780760,-972.17,21.00,297.85,-49.33,19.63,-43.23,33.64
288,98784809,-971.68,34.18,297.85,-48.35,18.90,-42.74,33.78
289,98788859,-977.05,35.16,291.02,-48.11,18.05,-42.74,33.68
290,98792916,-975.10,36.62,290.04,-47.50,17.07,-42.62,33.68
291,98796965,-970.70,40.04,289.55,-47.26,16.40,-42.68,33.78
292,98802760,-974.12,36.62,284.67,-46.95,15.85,-43.05,33.78
293,98806809,-979.98,34.67,280.27,-46.28,14.70,-43.23,33.59
294,98810859,-971.68,29.79,279.30,-46.28,14.02,-43.41,33.44
295,98814916,-977.54,29.30,271.48,-46.28,13.17,-43.41,33.83
296,98818965,-973.63,18.07,273.44,-46.16,12.62,-43.54,33.64
297,98824760,-965.82,20.51,268.55,-46.22,12.13,-43.66,33.78
298,98828809,-961.43,-5.37,269.53,-45.98,11.40,-43.90,33.83
299,98832859,-960.45,-25.39,262.21,-45.37,10.98,-43.66,33.44
300,98836916,-968.26,-44.43,263.18,-44.63,10.61,-42.74,33.88
301,98842760,-973.14,-50.29,252.93,-43.54,10.12,-42.01,33.88
302,98846809,-971.19,-62.01,250.98,-42.68,9.02,-40.73,33.68
303,98850859,-970.70,-70.31,251.95,-41.65,7.87,-39.70,33.64
304,98854916,-962.89,-74.22,252.44,-40.79,7.50,-38.35,33.44
305,98858965,-958.98,-72.75,248.54,-39.82,6.95,-37.20,33.78
306,98864760,-959.96,-73.24,248.05,-38.78,6.46,-36.04,33.88
307,98868809,-959.47,-74.71,243.65,-37.74,5.61,-34.88,33.78
308,98872859,-955.08,-70.31,250.00,-36.77,5.30,-33.96,33.59
309,98876916,-955.08,-67.38,250.98,-35.67,5.12,-33.41,33.64
310,98880965,-960.94,-69.82,248.54,-34.94,4.76,-32.62,33.83
311,98886760,-966.80,-61.52,253.42,-34.15,4.15,-31.95,33.88
312,98890809,-974.61,-58.59,249.02,-33.35,3.48,-31.59,33.83
313,98894859,-973.14,-51.27,250.49,-32.74,3.05,-31.89,33.83
314,98898916,-972.17,-46.39,251.46,-32.38,2.62,-31.77,33.83
315,98902965,-975.59,-49.32,254.88,-31.77,2.26,-32.26,33.78
316,98908760,-970.21,-48.34,250.00,-30.85,1.95,-32.44,33.88
317,98912809,-978.03,-48.83,242.19,-30.49,1.28,-32.93,33.97
318,98916859,-978.03,-51.76,237.30,-30.18,0.85,-33.29,33.97
319,98920916,-977.54,-49.80,234.86,-29.82,0.43,-33.54,33.88
320,98924965,-977.05,-52.73,232.91,-28.78,-0.30,-34.21,33.83
321,98930760,-973.63,-53.22,229.98,-28.41,-0.85,-34.57,33.49
322,98934809,-974.61,-57.62,229.49,-27.74,-1.22,-34.94,33.78
323,98938859,-970.70,-63.96,231.45,-27.62,-1.59,-35.24,33.97
324,98942916,-968.75,-73.24,225.59,-27.13,-1.59,-34.63,33.68
325,98946965,-963.38,-84.47,224.12,-26.59,-1.95,-34.45,33.59
326,98952760,-963.87,-89.84,224.12,-25.67,-2.38,-34.15,33.49
327,98956809,-960.94,-105.47,223.63,-24.70,-3.23,-33.11,33.59
328,98960859,-952.15,-107.91,216.31,-24.21,-3.48,-32.50,33.97
329,98964916,-947.75,-105.47,219.24,-23.23,-3.72,-31.77,33.83
330,98968965,-953.61,-102.54,221.19,-22.38,-4.27,-30.91,33.49
331,98974760,-954.10,-93.75,216.80,-22.20,-4.57,-30.67,33.49
332,98978809,-949.22,-97.17,218.75,-21.34,-5.00,-29.82,33.78
333,98982859,-953.12,-93.75,214.36,-21.22,-5.00,-29.15,33.83
334,98986916,-956.54,-88.87,215.33,-20.79,-5.30,-29.09,33.83
335,98990965,-961.43,-79.10,213.38,-20.37,-5.85,-28.48,33.25
336,98996760,-960.94,-85.45,206.05,-20.37,-6.65,-28.23,33.68
337,99000809,-961.91,-87.89,214.84,-19.88,-7.01,-28.05,33.83
338,99004859,-961.43,-85.94,215.82,-19.63,-7.26,-27.74,33.68
339,99008916,-962.89,-86.43,219.73,-19.33,-7.68,-27.32,33.88
340,99012965,-959.96,-89.84,216.80,-19.51,-8.29,-27.32,33.88
341,99018760,-945.31,-89.36,217.77,-19.21,-8.54,-27.56,33.78
342,99022809,-937.99,-91.31,219.24,-19.33,-8.48,-27.93,33.83
343,99026859,-935.06,-99.61,218.75,-19.33,-8.11,-28.54,33.44
344,99030916,-931.64,-111.33,220.21,-19.15,-7.99,-28.66,33.64
345,99034965,-925.78,-130.86,217.29,-18.72,-8.05,-28.41,33.78
346,99040760,-927.73,-154.30,218.75,-18.23,-7.99,-27.26,33.68
347,99044809,-931.64,-178.22,225.10,-17.07,-8.17,-25.12,33.64
348,99048859,-924.80,-185.06,221.19,-16.10,-8.23,-23.54,33.59
349,99052916,-925.29,-189.94,219.24,-15.18,-8.29,-21.22,33.64
350,99058760,-920.41,-194.34,223.14,-13.90,-8.05,-19.02,33.49
351,99062809,-912.11,-199.71,224.12,-12.38,-8.23,-16.10,33.78
352,99066859,-913.57,-205.08,224.61,-11.34,-7.93,-13.90,33.68
353,99070916,-915.04,-199.71,228.52,-10.30,-7.93,-12.07,33.49
354,99074965,-910.16,-181.64,227.54,-9.21,-7.80,-10.73,33.64
355,99079015,-909.18,-177.73,225.59,-8.29,-7.74,-9.45,33.78
356,99084760,-908.69,-169.43,223.63,-7.26,-7.38,-8.54,33.83
357,99088809,-910.64,-154.79,223.14,-6.71,-7.13,-8.23,33.78
358,99092859,-912.60,-146.48,227.05,-6.16,-7.13,-8.23,33.83
359,99096916,-912.60,-145.02,225.59,-5.55,-6.46,-8.11,33.88
360,99102760,-913.09,-140.14,228.03,-5.06,-6.16,-8.17,33.68
361,99106809,-917.97,-133.30,223.63,-4.57,-5.61,-8.60,33.88
362,99110859,-923.83,-130.37,225.10,-3.96,-5.49,-9.09,33.68
363,99114916,-922.36,-134.28,226.56,-3.84,-5.37,-9.51,33.49
364,99118965,-912.60,-129.88,228.03,-3.60,-5.06,-10.12,33.59
365,99124760,-910.64,-127.44,230.96,-3.23,-4.82,-10.61,33.64
366,99128809,-907.23,-133.30,232.42,-2.99,-4.51,-10.91,33.83
367,99132859,-904.30,-145.02,231.93,-2.80,-3.48,-11.22,33.64
368,99136916,-895.51,-155.27,233.40,-2.68,-3.11,-11.22,33.64
369,99140965,-903.32,-165.53,233.40,-2.07,-2.32,-10.73,33.68
370,99146760,-902.83,-173.83,235.35,-1.83,-1.65,-9.88,33.16
371,99150809,-903.32,-185.06,239.26,-1.34,-0.55,-8.84,33.64
372,99154859,-901.37,-187.50,244.14,-0.79,-0.24,-7.93,33.64
373,99158916,-899.90,-190.43,241.70,-0.55,0.67,-6.71,33.68
374,99162965,-906.74,-192.87,243.65,-0.18,1.40,-5.30,33.83
375,99168760,-908.69,-196.78,246.09,0.24,2.13,-3.72,33.44
376,99172809,-902.34,-206.54,245.12,0.85,3.05,-1.71,33.59
377,99176859,-906.74,-203.61,248.54,1.04,3.72,-0.55,33.68
378,99180916,-909.18,-195.31,250.49,1.52,4.51,1.10,33.78
379,99184965,-910.16,-187.01,248.05,1.77,5.49,1.89,33.64
380,99190760,-907.23,-174.32,250.00,1.65,6.46,2.50,33.59
381,99194809,-902.83,-164.55,255.86,1.77,7.44,2.26,33.64
382,99198859,-901.86,-163.09,252.93,1.52,8.05,2.13,33.83
383,99202916,-901.37,-158.69,258.79,1.59,8.84,1.40,33.97
384,99206965,-904.30,-164.55,253.42,1.52,10.30,1.22,33.64
385,99212760,-911.13,-159.18,251.46,1.34,11.04,0.98,33.83
386,99216809,-920.41,-161.62,254.39,1.28,12.13,0.12,33.83
387,99220859,-923.34,-161.13,250.49,1.22,12.68,-0.18,33.97
388,99224916,-924.80,-161.13,248.05,1.34,12.93,-1.10,33.64
389,99228965,-925.78,-162.60,248.54,1.16,13.90,-1.95,33.49
390,99234760,-919.43,-170.90,246.09,1.04,14.39,-2.87,33.88
391,99238809,-925.29,-176.27,240.72,1.28,14.88,-3.54,33.78
392,99242859,-919.43,-181.15,243.16,1.10,15.37,-3.84,33.78
393,99246916,-917.48,-184.08,244.14,1.59,16.16,-4.21,33.83
394,99250965,-916.99,-189.94,242.19,1.83,16.71,-4.51,33.83
395,99256760,-920.90,-199.22,240.72,2.20,17.13,-4.76,33.68
396,99260809,-923.34,-212.40,244.14,2.74,17.68,-3.90,33.83
397,99264859,-930.18,-216.31,236.82,3.05,18.29,-3.41,33.49
398,99268916,-933.11,-229.98,238.28,3.66,18.48,-2.56,33.83
399,99272965,-940.43,-229.49,234.86,4.45,18.84,-1.34,33.83
400,99278760,-934.08,-227.05,236.33,4.88,18.72,-0.18,33.83
401,99282809,-939.45,-232.42,234.37,6.10,19.33,1.28,33.68
402,99286859,-942.38,-228.52,233.89,6.83,19.45,2.13,33.44
403,99290916,-944.34,-229.49,235.35,7.38,19.82,3.17,33.88
404,99296760,-947.27,-230.96,235.84,8.29,20.06,4.33,33.68
405,99300809,-952.64,-227.05,236.33,9.33,20.00,5.91,33.88
406,99304859,-961.91,-213.38,228.03,9.94,19.88,6.34,33.68
407,99308916,-948.24,-190.43,226.56,10.00,20.30,6.04,33.59
408,99312965,-948.73,-184.08,222.66,10.37,20.37,5.79,33.59
409,99318760,-948.73,-173.83,222.17,10.18,20.49,4.63,33.44
410,99322809,-946.78,-171.39,225.10,10.30,20.91,2.74,33.78
411,99326859,-956.54,-167.97,221.68,10.12,21.10,1.71,33.68
412,99330916,-953.61,-174.80,223.14,10.12,21.22,0.91,33.78
413,99334965,-958.01,-180.18,220.70,10.18,21.65,0.18,33.64
414,99340760,-951.66,-176.27,225.10,10.18,21.83,-0.49,33.68
415,99344809,-964.36,-182.62,213.38,10.61,22.01,-0.91,33.64
416,99348859,-963.38,-185.06,220.21,10.37,22.01,-1.34,33.64
417,99352916,-966.80,-184.08,217.77,10.61,22.26,-1.65,33.78
418,99356965,-970.21,-190.92,220.70,10.73,22.07,-1.77,33.78
419,99362760,-976.56,-188.96,218.26,11.22,21.89,-1.65,33.59
420,99366809,-982.91,-200.68,222.66,11.77,21.52,-0.91,33.49
421,99370859,-983.89,-197.27,223.14,12.26,20.91,-0.49,33.64
422,99374916,-978.03,-196.78,223.14,12.32,20.79,0.18,33.78
423,99378965,-978.03,-195.31,216.80,13.23,20.37,0.61,33.64
424,99384760,-980.47,-194.82,221.68,13.66,20.43,1.59,33.44
425,99388809,-976.56,-189.45,215.33,14.09,19.94,2.07,33.49
426,99392859,-977.54,-183.11,214.84,14.70,19.45,2.32,33.88
427,99396916,-977.54,-181.64,217.29,14.57,19.21,2.56,33.78
428,99400965,-981.93,-174.32,213.38,14.70,19.02,2.44,33.49
429,99406760,-978.52,-166.99,215.82,15.18,18.54,2.01,33.59
430,99410809,-980.47,-172.36,212.40,14.82,18.11,1.40,33.49
431,99414859,-986.33,-171.39,214.84,15.18,17.68,0.85,33.64
432,99418916,-982.91,-172.85,216.80,15.37,17.50,0.30,33.64
433,99422965,-986.82,-182.62,211.43,15.67,16.89,0.06,33.64
434,99428760,-989.75,-186.04,210.94,16.04,16.16,-0.30,33.64
435,99432809,-986.33,-190.43,210.94,16.83,15.43,-0.79,33.64
436,99436859,-989.26,-188.96,213.38,17.07,14.57,-0.85,33.64
437,99440916,-984.37,-182.62,212.40,17.74,13.90,-0.91,33.83
438,99444965,-987.30,-177.73,208.01,18.23,13.29,-1.28,33.59
439,99450760,-990.72,-167.97,208.98,18.54,12.26,-1.59,33.64
440,99454809,-1000.49,-148.93,204.59,18.96,11.40,-1.89,33.78
441,99458859,-1004.88,-147.46,205.57,18.84,10.49,-2.44,33.49
442,99462916,-1015.62,-134.77,202.64,18.48,9.70,-3.23,33.83
443,99466965,-1013.67,-131.84,204.59,18.60,8.66,-3.54,33.88
444,99472760,-1014.16,-128.42,207.52,18.35,8.05,-4.51,33.59
445,99476809,-1009.77,-125.49,204.10,17.80,7.13,-5.61,34.02
446,99480859,-1009.77,-125.00,209.96,17.44,6.95,-6.28,33.64
447,99484916,-1014.16,-126.95,205.57,16.95,5.79,-7.01,33.35
448,99488965,-1013.18,-137.70,202.64,16.59,5.49,-7.38,33.78
449,99494760,-1015.62,-141.60,208.01,16.22,4.82,-7.50,33.64
450,99498809,-1010.25,-151.37,205.57,15.91,3.60,-7.44,34.12
451,99502859,-1010.25,-166.99,204.10,15.67,2.93,-6.95,33.35
452,99506916,-1000.98,-172.36,203.61,15.30,2.50,-6.89,33.83
453,99512760,-988.77,-183.11,207.03,15.30,2.26,-6.52,33.83
454,99516809,-981.93,-192.87,207.52,15.49,2.01,-5.49,33.68
455,99520859,-971.19,-208.01,211.91,15.85,1.46,-3.90,33.64
456,99524916,-970.70,-215.33,212.89,16.22,1.46,-2.32,33.68
457,99528965,-965.82,-222.17,215.33,16.16,1.34,-0.61,33.64
458,99533015,-966.80,-215.33,211.91,16.95,1.04,1.46,33.97
459,99538760,-966.31,-205.57,211.91,17.20,1.04,3.23,33.68
460,99542809,-969.24,-192.38,216.80,17.38,0.73,4.02,33.78
461,99546859,-963.87,-178.71,215.33,17.38,1.04,4.70,33.78
462,99550916,-964.84,-166.99,217.77,17.32,0.79,4.70,33.64
463,99556760,-965.33,-156.74,212.89,16.71,1.04,4.51,33.64
464,99560809,-974.61,-160.16,221.19,16.65,1.34,3.96,33.64
465,99564859,-983.40,-154.30,222.17,16.04,1.22,4.02,33.68
466,99568916,-982.91,-147.95,215.33,15.61,1.22,3.78,33.64
467,99572965,-994.14,-143.07,214.36,15.00,1.10,3.35,33.83
468,99578760,-984.86,-136.72,213.87,14.57,0.91,2.74,33.78
469,99582809,-977.05,-126.46,220.21,13.90,1.22,1.28,33.64
470,99586859,-972.17,-123.05,217.29,13.29,1.46,0.24,33.88
471,99590916,-965.33,-129.39,218.75,12.32,1.77,-0.98,33.78
472,99594965,-966.31,-132.81,213.38,11.95,2.01,-1.71,33.59
473,99600760,-957.52,-141.11,220.21,11.22,2.07,-2.20,33.44
474,99604809,-954.10,-152.83,219.73,10.73,2.87,-2.26,33.49
475,99608859,-950.68,-160.16,215.33,10.30,2.93,-2.20,33.88
476,99612916,-946.29,-166.50,219.24,10.12,3.54,-1.71,33.83
477,99616965,-946.78,-169.92,219.24,9.94,3.72,-0.85,33.59
478,99622760,-952.64,-179.69,217.77,10.00,4.21,0.12,33.68
479,99626809,-947.75,-191.41,213.38,9.94,4.45,1.89,33.35
480,99630859,-945.80,-190.92,217.77,10.24,4.57,3.41,33.88
481,99634916,-950.68,-190.92,211.43,10.30,4.94,5.00,33.78
482,99638965,-948.24,-186.52,210.94,10.37,5.61,7.32,33.64
483,99644760,-944.34,-198.73,209.47,10.79,5.85,9.21,33.64
484,99648809,-950.20,-203.12,209.47,11.28,6.46,12.13,33.64
485,99652859,-948.73,-209.96,205.57,11.40,6.28,14.39,33.78
486,99656916,-948.73,-205.08,207.52,11.65,6.77,17.20,33.59
487,99660965,-962.40,-194.34,202.15,12.01,6.83,20.49,33.59
488,99666760,-965.33,-170.90,199.22,12.26,6.59,22.13,33.78
489,99670809,-948.73,-135.74,201.17,12.26,6.83,23.48,33.68
490,99674859,-945.31,-111.82,205.57,11.59,6.77,23.41,33.83
491,99678916,-943.36,-93.26,203.12,10.79,7.26,22.56,33.64
492,99682965,-942.87,-89.36,202.64,10.12,7.68,21.46,33.59
493,99688760,-947.75,-76.66,208.01,9.45,8.41,19.63,33.68
494,99692809,-949.71,-77.15,204.59,8.05,8.84,17.74,33.83
495,99696859,-955.57,-82.03,202.64,7.26,9.02,16.59,33.83
496,99700916,-955.08,-79.59,204.10,6.52,9.57,15.00,33.88
497,99704965,-965.33,-83.50,201.17,5.79,10.00,13.41,33.83
498,99710760,-961.43,-82.52,200.20,5.24,10.37,12.07,33.78
499,99714809,-966.80,-94.73,199.71,4.27,10.98,10.91,33.68
500,99718859,-968.26,-109.86,198.73,3.96,11.10,10.79,33.64
501,99722916,-973.63,-115.72,197.27,3.78,11.10,10.43,33.68
502,99726965,-971.68,-130.37,193.85,3.66,11.34,11.40,33.59
503,99732760,-978.52,-141.11,194.82,3.72,11.40,12.26,33.68
504,99736809,-979.49,-161.13,197.27,4.02,11.65,14.45,33.68
505,99740859,-977.05,-168.95,189.45,4.57,11.46,16.10,33.49
506,99744916,-983.89,-174.32,186.52,4.94,11.16,18.54,33.97
507,99750760,-987.30,-176.76,182.13,5.24,10.79,21.40,33.83
508,99754809,-987.30,-169.43,188.48,6.28,10.55,24.76,33.78
509,99758859,-991.70,-157.23,181.64,6.59,10.55,26.83,33.59
510,99762916,-998.05,-142.09,175.29,6.89,10.18,28.60,33.78
511,99766965,-1005.86,-138.67,169.43,7.13,9.39,30.00,33.64
512,99772760,-1007.32,-124.51,172.36,7.20,9.09,31.46,33.88
513,99776809,-1009.77,-115.72,169.92,6.95,8.41,33.05,33.64
514,99780859,-1015.62,-91.31,170.41,7.13,7.99,33.41,33.88
515,99784916,-1015.62,-81.05,174.80,6.77,7.68,33.84,33.59
516,99788965,-1024.90,-71.78,171.39,6.59,7.01,33.48,33.88
517,99794760,-1020.51,-53.22,166.02,6.04,6.52,32.93,33.68
518,99798809,-1024.41,-39.06,168.95,5.30,5.55,31.04,33.83
519,99802859,-1025.39,-33.69,165.04,4.76,4.82,29.39,33.64
520,99806916,-1015.62,-18.07,176.27,4.51,4.82,28.23,33.59
521,99810965,-1014.65,-15.14,175.78,3.72,4.27,25.49,33.64
522,99816760,-1012.70,-11.23,177.73,3.05,3.78,23.05,33.83
523,99820809,-1012.21,-20.51,175.78,2.07,3.54,19.82,33.44
524,99824859,-1011.72,-23.44,183.11,1.22,3.29,17.38,33.49
525,99828916,-1010.25,-31.74,189.94,0.43,3.23,14.88,33.83
526,99832965,-1010.74,-41.02,187.99,-0.18,2.93,13.11,33.64
527,99838760,-1006.84,-49.32,187.01,-0.67,2.62,11.28,33.59
528,99842809,-1012.21,-70.80,188.96,-1.04,2.44,9.94,33.64
529,99846859,-1012.70,-85.45,190.43,-1.16,2.26,8.90,33.78
530,99850916,-1014.65,-91.31,190.43,-1.10,2.01,8.66,33.64
531,99854965,-1015.14,-104.98,192.38,-1.28,1.59,8.11,33.64
532,99860760,-1010.25,-110.35,188.48,-1.04,1.46,8.41,33.49
533,99864809,-1016.11,-123.54,188.96,-0.79,1.04,9.15,33.44
534,99868859,-1014.16,-122.07,191.89,-0.43,0.79,9.39,33.64
535,99872916,-1015.62,-118.16,191.89,0.12,0.49,9.76,33.68
536,99876965,-1011.23,-113.77,188.96,0.24,0.24,10.73,33.78
537,99882760,-1012.21,-111.33,187.99,0.73,-0.55,10.91,33.64
538,99886809,-1009.28,-102.05,184.57,0.98,-0.73,11.04,33.83
539,99890859,-1009.28,-89.36,189.45,0.98,-1.10,11.04,33.78
540,99894916,-1012.70,-84.96,186.04,0.85,-1.65,11.10,33.64
541,99898965,-1013.18,-72.75,186.04,0.67,-1.83,10.30,33.44
542,99904760,-1007.81,-60.55,179.69,0.43,-2.50,9.27,33.68
543,99908809,-1010.74,-47.36,181.64,0.00,-2.87,7.93,33.78
544,99912859,-1008.79,-52.25,186.04,-0.18,-2.99,6.71,33.88
545,99916916,-1004.88,-47.36,182.13,-0.73,-3.17,5.49,33.97
546,99920965,-1010.25,-55.18,187.01,-1.10,-3.60,4.15,33.83
547,99926760,-1004.39,-57.13,183.59,-1.28,-3.96,3.35,33.78
548,99930809,-1004.39,-63.48,186.04,-1.59,-4.21,2.13,33.68
549,99934859,-1000.98,-61.52,185.06,-1.52,-4.33,1.71,33.49
550,99938916,-995.61,-68.36,186.04,-1.89,-4.63,1.28,34.02
551,99942965,-1000.98,-71.78,184.08,-2.13,-4.82,1.04,33.78
552,99948760,-1004.88,-81.54,186.52,-2.26,-5.18,1.04,33.59
553,99952809,-999.02,-89.84,185.06,-2.07,-5.30,1.10,33.88
554,99956859,-1005.86,-94.24,181.15,-2.13,-5.24,1.59,33.78
555,99960916,-1003.42,-97.17,186.52,-2.07,-5.55,2.13,33.64
556,99966760,-998.54,-97.66,185.55,-1.89,-5.49,2.93,33.64
557,99970809,-998.05,-100.10,189.94,-1.77,-5.85,3.72,33.83
558,99974859,-991.70,-93.26,183.11,-1.59,-5.73,4.45,33.64
559,99978916,-991.21,-92.29,186.52,-1.46,-5.98,4.88,33.83
560,99982965,-993.65,-87.89,187.01,-1.04,-5.98,5.00,33.88
561,99988760,-991.21,-84.96,191.41,-1.10,-5.91,5.30,33.68
562,99992809,-990.72,-73.24,190.92,-0.98,-5.85,5.43,33.83
563,99996859,-990.72,-71.29,188.96,-1.34,-6.28,5.30,33.78
564,100000916,-986.82,-61.52,194.34,-1.22,-6.22,5.24,33.68
565,100004965,-988.77,-63.48,194.82,-1.16,-6.10,4.76,33.59
566,100010760,-988.77,-55.66,191.41,-1.16,-5.98,4.33,33.64
567,100014809,-990.23,-49.80,187.01,-1.46,-6.04,3.23,33.64
568,100018859,-996.09,-50.78,185.06,-1.77,-5.85,2.62,33.78
569,100022916,-995.12,-51.27,186.52,-1.89,-5.98,1.77,33.68
570,100026965,-994.63,-53.22,188.96,-2.38,-5.85,0.91,33.78
571,100032760,-990.72,-60.55,184.57,-2.26,-5.98,0.61,33.68
572,100036809,-992.68,-61.52,183.59,-2.80,-5.98,0.18,33.97
573,100040859,-991.70,-70.31,187.99,-2.74,-6.04,0.00,33.64
574,100044916,-989.26,-75.68,187.50,-2.93,-6.04,-0.12,33.68
575,100048965,-993.16,-78.12,185.55,-3.05,-5.91,-0.12,33.88
576,100054760,-986.82,-89.36,187.01,-3.11,-5.91,0.12,33.35
577,100058809,-985.35,-85.45,191.89,-2.80,-5.79,0.85,33.64
578,100062859,-988.28,-90.82,189.94,-2.68,-5.79,1.22,33.78
579,100066916,-987.79,-88.38,190.92,-2.50,-5.55,2.01,33.88
580,100070965,-989.75,-90.82,193.36,-2.50,-5.61,2.26,33.68
581,100076760,-984.86,-85.94,195.80,-2.44,-5.24,2.93,33.49
582,100080809,-985.35,-83.98,192.87,-2.44,-4.82,3.05,33.68
583,100084859,-983.89,-81.05,195.31,-2.13,-4.76,3.11,33.64
584,100088916,-982.42,-79.10,193.36,-2.44,-4.63,3.17,33.64
585,100092965,-984.86,-76.66,196.78,-2.44,-4.63,3.11,33.49
586,100098760,-991.21,-73.73,193.36,-2.44,-4.21,2.93,33.35
587,100102809,-983.40,-70.80,194.82,-2.38,-3.90,2.56,33.44
588,100106859,-985.84,-70.31,192.38,-2.56,-3.78,2.44,33.78
589,100110916,-981.93,-71.78,190.43,-2.87,-3.54,2.01,33.97
590,100114965,-981.93,-72.27,192.38,-2.80,-3.60,1.95,33.59
591,100120760,-983.40,-74.71,193.85,-2.87,-3.48,1.59,33.97
592,100124809,-980.47,-73.73,192.87,-2.62,-3.29,1.10,33.83
593,100128859,-979.98,-84.47,195.80,-2.74,-3.17,1.40,33.68
594,100132916,-980.96,-79.59,194.82,-2.62,-3.05,0.98,33.83
595,100136965,-979.98,-83.98,194.82,-2.56,-3.17,0.91,33.49
596,100142760,-975.59,-83.98,193.85,-2.32,-2.87,1.10,33.68
597,100146809,-971.68,-85.94,197.27,-2.32,-2.62,1.28,33.68
598,100150859,-976.56,-86.43,196.29,-2.13,-2.56,1.65,33.68
599,100154916,-975.59,-84.47,193.36,-2.26,-2.56,1.77,33.83
600,100158965,-972.66,-88.87,196.78,-2.07,-2.13,2.01,33.68
601,100164760,-973.63,-91.31,197.27,-1.95,-2.26,2.32,33.97
602,100168809,-973.63,-89.84,196.29,-1.59,-1.95,2.80,33.88
603,100172859,-973.14,-88.87,199.71,-1.52,-1.83,2.87,33.35
604,100176916,-975.59,-87.89,197.27,-1.40,-1.52,2.80,33.68
605,100180965,-972.66,-82.52,200.20,-1.59,-1.22,3.29,33.68
606,100186760,-975.10,-80.57,202.64,-1.34,-0.91,3.17,33.88
607,100190809,-976.56,-75.20,196.78,-1.59,-0.79,2.80,33.64
608,100194859,-975.10,-77.64,197.27,-1.16,-0.24,2.80,33.59
609,100198916,-981.93,-71.29,199.71,-1.28,-0.30,2.62,33.83
610,100204760,-978.52,-63.96,195.80,-1.28,-0.18,2.56,33.68
611,100208809,-979.98,-61.04,193.36,-1.40,-0.18,1.77,33.68
612,100212859,-983.40,-63.48,195.31,-1.46,-0.30,1.22,34.02
613,100216916,-982.91,-64.94,195.80,-1.22,0.06,1.22,34.02
614,100220965,-988.77,-64.45,192.38,-1.28,0.12,0.67,33.78
615,100226760,-983.89,-61.04,189.45,-1.34,0.00,0.49,33.59
616,100230809,-984.86,-63.96,193.85,-1.28,0.06,0.30,33.78
617,100234859,-980.47,-68.36,191.89,-1.40,0.00,0.24,33.64
618,100238916,-985.84,-66.41,187.99,-1.28,-0.18,0.12,33.49
619,100242965,-981.93,-71.29,186.52,-1.16,0.00,0.37,33.78
620,100248760,-979.49,-75.68,187.50,-1.34,0.00,0.24,33.68
621,100252809,-975.59,-70.80,184.08,-1.28,-0.18,0.24,33.68
622,100256859,-977.54,-70.80,185.55,-1.16,-0.37,0.49,33.88
623,100260916,-979.49,-79.10,187.99,-1.04,-0.55,1.04,33.68
624,100264965,-977.54,-76.66,186.52,-1.04,-0.55,1.04,33.83
625,100270760,-978.03,-73.24,187.50,-0.67,-0.37,1.65,33.68
626,100274809,-979.00,-67.87,183.59,-0.98,-0.67,2.01,33.49
627,100278859,-979.98,-70.31,187.01,-0.49,-0.79,2.26,33.83
628,100282916,-982.42,-69.82,193.85,-0.30,-0.67,2.62,33.44
629,100286965,-985.84,-69.34,193.36,-0.37,-0.79,2.74,33.88
630,100292760,-982.42,-60.55,193.36,-0.18,-0.73,2.93,33.59
631,100296809,-982.91,-51.27,194.82,-0.24,-0.55,2.80,33.59
632,100300859,-982.91,-50.78,192.87,-0.73,-0.67,2.56,33.83
633,100304916,-987.30,-51.76,194.82,-0.61,-0.67,2.44,33.68
634,100308965,-986.82,-48.83,192.87,-0.98,-0.49,1.71,33.64
635,100314760,-990.23,-49.32,196.29,-1.28,-0.43,1.77,33.59
636,100318809,-988.28,-50.29,196.78,-1.34,-0.24,1.16,33.59
637,100322859,-993.16,-48.83,192.87,-1.40,-0.30,1.16,33.97
638,100326916,-989.26,-50.78,195.80,-1.65,-0.30,0.85,33.78
639,100330965,-987.79,-58.11,194.34,-1.71,-0.06,1.04,33.44
640,100336760,-989.75,-60.55,195.80,-1.77,-0.24,0.49,33.49
641,100340809,-984.86,-60.06,195.80,-1.89,-0.30,0.73,33.88
642,100344859,-985.35,-62.50,195.80,-1.83,-0.30,0.55,33.59
643,100348916,-984.37,-65.92,194.34,-1.89,-0.12,0.79,33.64
644,100352965,-987.30,-65.92,199.71,-2.07,-0.12,0.91,33.64
645,100358760,-987.30,-62.99,196.78,-1.89,0.12,1.10,33.78
646,100362809,-990.72,-69.82,193.36,-1.83,-0.06,1.40,33.88
647,100366859,-989.26,-73.24,196.78,-1.89,0.06,1.52,33.59
648,100370916,-994.14,-67.87,195.80,-1.77,0.00,1.95,33.78
649,100374965,-994.63,-70.80,198.73,-1.83,0.06,2.07,33.83
650,100380760,-999.51,-73.73,199.71,-1.71,0.30,2.38,33.68
651,100384809,-998.54,-65.43,198.73,-1.95,0.00,2.68,33.68
652,100388859,-1002.44,-67.87,196.78,-1.83,0.37,2.62,33.64
653,100392916,-1002.93,-66.41,196.29,-1.77,0.24,2.74,33.68
654,100396965,-1001.46,-62.99,193.36,-1.65,0.00,2.68,33.59
655,100402760,-999.02,-61.52,192.38,-1.77,-0.06,2.44,33.83
656,100406809,-991.70,-61.52,196.29,-1.83,-0.30,2.44,33.88
657,100410859,-995.12,-62.50,196.29,-1.83,0.18,2.13,33.59
658,100414916,-996.09,-61.04,194.82,-2.01,0.24,2.01,33.68
659,100420760,-996.58,-62.50,194.82,-1.89,0.43,1.71,33.78
660,100424809,-994.63,-59.57,195.80,-1.83,0.30,1.28,33.64
661,100428859,-994.14,-59.57,192.87,-2.07,0.37,1.04,33.59
662,100432916,-996.09,-65.43,195.31,-1.95,0.24,0.85,33.88
663,100436965,-994.14,-65.92,200.68,-1.83,0.37,0.49,33.97
664,100442760,-996.58,-65.92,195.31,-1.95,0.49,0.43,33.68
665,100446809,-996.09,-73.24,197.75,-1.89,0.24,0.49,33.83
666,100450859,-995.12,-72.75,196.29,-1.83,0.49,0.49,33.64
667,100454916,-992.68,-78.12,195.80,-1.59,0.49,0.37,33.35
668,100458965,-988.77,-76.66,196.29,-1.65,0.49,0.55,33.97
669,100464760,-986.82,-73.24,192.87,-1.52,0.73,0.61,33.64
670,100468809,-990.72,-75.68,190.43,-1.16,0.49,0.61,33.83
671,100472859,-994.63,-77.15,186.04,-1.28,0.67,0.85,33.83
672,100476916,-996.09,-75.68,189.45,-1.16,0.67,0.91,33.88
673,100480965,-991.21,-75.20,190.43,-1.10,0.55,0.79,33.83
674,100486760,-987.30,-74.71,187.01,-0.79,0.49,0.55,33.78
675,100490809,-989.75,-74.22,187.99,-0.61,0.79,1.04,33.83
676,100494859,-991.21,-71.78,184.57,-0.73,0.73,0.91,33.78
677,100498916,-986.82,-68.85,187.50,-0.55,0.85,0.98,33.59
678,100502965,-990.72,-69.82,187.99,-0.37,0.55,0.79,33.88
679,100508760,-990.23,-64.45,187.99,-0.24,0.61,0.55,33.35
680,100512809,-981.93,-64.94,187.50,-0.12,0.79,0.24,33.59
681,100516859,-987.30,-64.94,190.43,-0.12,0.73,0.24,33.78
682,100520916,-987.30,-66.41,192.38,-0.18,0.85,0.24,33.83
683,100524965,-986.33,-62.50,189.94,0.06,0.79,0.06,33.49
684,100530760,-983.89,-61.52,187.99,0.00,1.10,-0.12,33.59
685,100534809,-989.26,-60.55,186.52,0.06,0.98,-0.49,33.59
686,100538859,-989.26,-60.06,191.41,0.00,0.91,-0.55,33.78
687,100542916,-984.37,-59.57,186.52,0.18,1.10,-0.67,33.64
688,100546965,-989.26,-55.66,184.57,0.06,0.91,-1.04,33.64
689,100552760,-989.26,-56.15,185.06,-0.18,0.98,-1.34,33.59
690,100556809,-990.23,-56.64,184.57,-0.18,0.85,-1.28,33.83
691,100560859,-987.30,-60.06,186.52,-0.30,0.98,-1.16,33.78
692,100564916,-991.70,-65.43,184.57,0.06,0.79,-1.10,33.59
693,100568965,-983.40,-64.94,185.06,-0.12,0.49,-0.98,33.44
694,100574760,-982.42,-68.85,181.64,-0.18,0.49,-0.43,33.68
695,100578809,-976.56,-63.96,183.59,-0.24,0.67,-0.18,33.88
696,100582859,-982.42,-67.87,181.64,-0.37,0.85,-0.06,33.68
697,100586916,-980.47,-62.01,188.48,-0.43,0.91,-0.12,33.68
698,100590965,-979.00,-67.87,186.52,-0.30,0.85,0.37,33.88
699,100596760,-980.47,-68.85,188.96,-0.37,0.85,0.43,33.49
700,100600809,-979.00,-65.43,194.82,-0.37,0.73,0.91,33.68
701,100604859,-985.35,-70.31,191.89,-0.43,0.67,1.34,33.64
702,100608916,-981.45,-69.34,194.82,-0.30,0.91,1.40,33.78
703,100612965,-979.98,-64.94,190.92,-0.37,0.73,1.83,33.83
704,100618760,-980.96,-61.52,191.41,-0.18,0.91,1.46,33.68
705,100622809,-978.52,-55.18,192.87,-0.30,0.85,1.59,33.97
706,100626859,-979.00,-56.64,192.87,-0.06,0.67,1.40,33.49
707,100630916,-979.98,-56.15,195.80,-0.49,1.04,1.28,33.68
708,100636760,-976.56,-52.73,194.82,-0.30,0.85,0.67,33.97
709,100640809,-980.96,-55.66,193.85,-0.49,0.79,0.30,33.88
710,100644859,-979.49,-55.66,189.45,-0.55,1.04,-0.24,33.78
711,100648916,-979.98,-55.66,187.99,-0.73,1.16,-0.43,33.59
712,100652965,-977.54,-65.92,187.50,-0.98,0.98,-0.37,33.78
713,100657015,-983.89,-64.45,188.48,-1.04,1.16,-0.67,33.49
714,100662760,-982.42,-69.82,191.89,-0.98,0.98,-0.43,33.68
715,100666809,-984.37,-73.73,190.43,-0.79,0.98,0.12,33.83
716,100670859,-984.86,-71.29,190.43,-0.85,0.79,0.30,33.78
717,100674916,-981.93,-75.68,187.99,-0.79,0.67,0.49,33.83
718,100680760,-982.42,-72.75,192.87,-0.91,0.85,0.85,33.78
719,100684809,-985.84,-74.22,191.41,-0.67,0.91,1.22,33.78
720,100688859,-987.79,-72.27,191.41,-0.61,0.67,1.71,33.64
721,100692916,-990.23,-70.31,187.50,-0.43,0.49,1.83,33.59
722,100696965,-991.21,-66.89,189.45,-0.55,0.73,1.95,33.78
723,100702760,-990.23,-63.48,188.48,-0.49,0.49,2.26,33.78
724,100706809,-986.33,-58.59,191.89,-0.43,0.24,2.20,33.83
725,100710859,-991.21,-51.27,191.41,-0.55,0.00,2.01,33.68
726,100714916,-986.33,-51.27,190.92,-0.55,-0.06,1.83,33.64
727,100718965,-989.75,-49.32,192.87,-0.49,0.06,1.59,33.78
728,100724760,-989.26,-50.78,193.85,-0.67,0.24,1.16,33.49
729,100728809,-986.82,-54.20,191.41,-0.61,-0.06,0.67,33.64
730,100732859,-992.19,-51.76,192.38,-0.98,0.06,0.06,33.83
731,100736916,-991.21,-55.18,188.96,-1.28,-0.06,-0.12,33.68
732,100740965,-995.12,-54.69,189.45,-1.22,0.00,-0.24,33.68
733,100746760,-994.14,-63.96,192.38,-1.40,0.00,-0.55,33.44
734,100750809,-989.75,-65.43,190.43,-1.65,-0.30,-0.55,33.68
735,100754859,-998.05,-68.85,187.50,-1.77,-0.24,-0.24,33.78
736,100758916,-996.09,-67.87,187.01,-1.59,-0.18,0.06,33.68
737,100762965,-997.56,-72.75,191.41,-1.59,-0.06,0.30,33.44
738,100768760,-1000.98,-77.64,187.01,-1.59,-0.18,0.67,33.35
739,100772809,-992.68,-76.17,191.41,-1.52,-0.24,1.10,33.68
740,100776859,-994.14,-71.29,189.94,-1.65,-0.18,1.65,33.64
741,100780916,-995.12,-66.41,192.38,-1.34,-0.06,1.52,33.59
742,100784965,-992.68,-60.55,191.41,-1.77,-0.24,1.71,33.64
743,100790760,-990.72,-62.01,192.87,-1.59,-0.18,1.52,33.83
744,100794809,-988.77,-59.57,191.89,-1.89,-0.24,1.52,33.88
745,100798859,-994.63,-52.25,187.99,-1.83,-0.06,1.22,33.78
746,100802916,-992.19,-55.66,190.92,-1.77,-0.24,0.98,33.88
747,100806965,-997.56,-55.18,185.06,-1.83,-0.24,0.37,33.68
748,100812760,-996.58,-55.66,188.96,-1.77,-0.30,0.12,33.59
749,100816809,-998.54,-60.06,187.50,-1.77,-0.49,0.00,33.68
750,100820859,-1003.42,-61.52,187.01,-1.46,-0.55,-0.61,33.59
751,100824916,-996.58,-61.52,188.96,-1.71,-0.67,-0.43,33.68
752,100828965,-998.05,-62.50,188.96,-1.83,-1.04,-0.73,33.59
753,100834760,-993.65,-64.45,187.01,-1.59,-0.98,-0.61,33.64
754,100838809,-997.07,-65.43,184.08,-2.01,-1.04,-0.49,33.78
755,100842859,-998.54,-67.38,179.20,-2.07,-1.04,-0.85,33.59
756,100846916,-991.21,-68.85,185.55,-1.89,-0.73,-1.10,33.78
757,100850965,-994.63,-71.78,187.01,-1.95,-0.85,-0.79,33.97
758,100856760,-991.70,-77.15,182.13,-1.95,-0.85,-0.73,33.83
759,100860809,-988.77,-77.15,184.08,-1.77,-1.04,-0.06,33.59
760,100864859,-990.72,-83.01,184.57,-1.95,-0.79,0.18,33.25
761,100868916,-988.77,-86.43,188.96,-2.13,-0.85,1.04,33.83
762,100874760,-994.63,-80.08,192.38,-1.95,-0.67,1.40,33.64
763,100878809,-990.72,-76.66,188.96,-1.71,-0.85,2.01,33.88
764,100882859,-988.28,-74.71,188.96,-1.77,-0.67,1.83,33.78
765,100886916,-990.23,-71.29,187.01,-1.46,-0.61,2.13,33.78
766,100890965,-990.23,-65.43,186.52,-1.40,-0.98,1.89,33.78
767,100896760,-988.28,-67.38,190.92,-1.04,-0.85,1.52,33.83
768,100900809,-990.23,-67.38,188.48,-0.98,-0.61,0.91,33.68
769,100904859,-986.82,-63.96,185.55,-1.04,-0.91,0.85,33.64
770,100908916,-986.82,-62.99,184.57,-0.85,-0.73,0.37,33.59
771,100912965,-989.75,-59.57,187.99,-0.79,-0.67,0.06,33.88
772,100918760,-992.19,-61.04,187.01,-0.73,-0.91,-0.55,33.97
773,100922809,-987.79,-61.52,186.52,-1.16,-0.98,-1.04,33.68
774,100926859,-990.23,-65.43,182.62,-0.85,-0.79,-1.46,33.64
775,100930916,-991.21,-66.89,181.15,-1.22,-0.85,-1.83,33.83
776,100934965,-992.19,-65.43,182.62,-1.10,-0.79,-2.01,33.78
777,100940760,-988.77,-74.22,181.64,-1.22,-0.61,-1.89,33.88
778,100944809,-985.35,-81.54,177.25,-1.10,-0.98,-1.46,33.49
779,100948859,-985.35,-78.12,180.18,-0.79,-0.73,-1.10,33.64
780,100952916,-990.23,-83.50,180.18,-0.73,-0.91,-0.79,33.88
781,100956965,-978.52,-80.08,184.08,-0.67,-0.91,-0.06,33.64
782,100962760,-980.96,-80.08,184.08,-0.37,-0.61,0.24,33.59
783,100966809,-979.98,-74.22,183.59,-0.30,-0.55,0.49,33.49
784,100970859,-986.82,-69.34,187.01,-0.18,-0.61,0.24,33.88
785,100974916,-984.37,-62.99,186.04,-0.43,-0.49,0.55,33.83
786,100978965,-987.79,-67.38,186.52,-0.37,-0.49,0.43,33.59
787,100984760,-981.93,-62.50,185.55,-0.43,-0.37,0.73,33.64
788,100988809,-990.23,-56.64,183.59,-0.67,-0.61,-0.06,33.64
789,100992859,-985.84,-57.13,184.57,-0.85,-0.43,0.12,33.88
790,100996916,-986.33,-57.13,186.52,-0.67,-0.43,-0.18,33.97
791,101000965,-984.37,-58.59,185.55,-1.04,-0.55,-0.18,33.59
792,101006760,-979.00,-64.94,184.57,-0.91,-0.55,-0.30,33.44
793,101010809,-976.56,-63.96,185.55,-0.98,-0.30,-0.49,33.78
794,101014859,-979.49,-69.34,185.55,-1.04,-0.43,-0.30,33.97
795,101018916,-968.75,-72.75,185.55,-0.73,-0.24,-0.06,33.88
796,101022965,-969.24,-71.29,181.64,-0.67,-0.30,0.37,33.64
797,101028760,-963.87,-72.27,183.11,-0.43,-0.43,0.67,33.59
798,101032809,-959.47,-72.27,187.01,-0.06,-0.18,1.28,33.83
799,101036859,-958.98,-76.66,187.01,0.00,-0.18,1.52,33.83
800,101040916,-953.61,-69.34,186.04,0.30,-0.06,1.52,33.68
801,101044965,-961.91,-64.94,188.48,0.37,0.24,1.83,33.68
802,101050760,-961.43,-60.06,186.04,0.61,0.30,2.01,33.83
803,101054809,-958.01,-59.57,191.89,0.49,0.61,1.83,33.68
804,101058859,-962.40,-59.57,186.52,0.61,0.98,1.83,33.78
805,101062916,-964.36,-53.71,188.48,0.61,0.98,1.52,33.88
806,101066965,-969.73,-51.76,184.08,0.30,1.28,1.10,33.64
807,101072760,-973.63,-48.34,185.55,0.18,1.77,0.79,33.78
808,101076809,-975.10,-48.34,187.99,-0.24,2.01,0.37,33.59
809,101080859,-980.96,-51.76,190.92,-0.49,1.95,0.06,33.64
810,101084916,-982.42,-59.08,189.94,-0.37,2.01,-0.12,33.78
811,101090760,-988.28,-59.57,187.99,-0.43,2.38,-0.06,34.02
812,101094809,-983.40,-61.04,186.04,-0.67,2.44,-0.37,33.68
813,101098859,-976.07,-64.94,181.64,-0.79,2.68,-0.55,33.83
814,101102916,-983.89,-69.82,181.64,-0.91,2.80,-0.30,33.44
815,101106965,-984.86,-71.29,182.13,-0.85,2.93,-0.06,33.68
816,101111015,-989.75,-70.31,185.55,-0.91,2.99,0.00,33.78
817,101116760,-992.19,-70.31,185.06,-0.91,3.05,-0.12,33.68
818,101120809,-994.63,-73.73,185.06,-0.85,2.80,0.49,33.78
819,101124859,-999.02,-76.66,183.11,-0.98,2.93,0.55,33.68
820,101128916,-1001.46,-76.17,182.62,-0.91,2.68,0.85,33.78
821,101134760,-1006.84,-74.22,188.48,-1.04,2.56,0.79,33.83
822,101138809,-1009.77,-72.75,185.55,-0.73,2.26,1.34,33.68
823,101142859,-1015.14,-66.89,190.92,-0.79,1.95,1.52,33.78
824,101146916,-1018.07,-71.29,189.94,-0.85,1.65,1.77,33.59
825,101150965,-1010.74,-67.38,190.92,-0.49,1.46,1.77,33.83
826,101156760,-1014.16,-67.38,191.41,-0.43,1.22,1.77,33.97
827,101160809,-1014.16,-62.99,191.89,-0.37,0.91,1.52,33.88
828,101164859,-1017.58,-59.08,188.96,-0.67,0.79,1.46,33.64
829,101168916,-1008.79,-60.06,196.78,-1.16,0.49,1.16,33.64
830,101172965,-1007.32,-62.50,191.41,-0.79,0.18,0.73,33.88
831,101178760,-1007.32,-58.59,190.43,-0.73,0.18,0.24,33.59
832,101182809,-1014.65,-63.48,192.38,-0.91,-0.18,0.00,33.49
833,101186859,-1011.72,-62.99,188.48,-0.91,-0.43,-0.18,33.88
834,101190916,-1006.35,-62.99,188.96,-0.98,-0.61,-0.30,33.78
835,101194965,-1006.84,-63.96,186.52,-1.16,-0.91,-0.49,33.88
836,101200760,-1008.30,-67.38,192.87,-0.85,-1.28,-0.37,33.49
837,101204809,-1015.14,-73.73,182.62,-0.91,-1.71,-0.24,33.59
838,101208859,-1017.09,-67.87,187.50,-0.85,-2.44,-0.18,33.49
839,101212916,-1015.62,-72.75,185.06,-0.98,-2.44,0.18,33.83
840,101216965,-1017.58,-71.29,185.06,-0.79,-2.80,0.61,33.49
841,101222760,-1016.11,-67.38,184.57,-0.73,-2.80,1.04,33.59
842,101226809,-1007.81,-68.36,188.96,-0.98,-3.17,1.16,33.49
843,101230859,-1006.84,-66.89,191.89,-0.61,-3.60,1.22,33.78
844,101234916,-1006.84,-70.80,191.89,-0.98,-3.72,1.52,33.78
845,101238965,-1002.93,-71.29,189.94,-0.79,-3.72,1.65,33.59
846,101244760,-998.05,-69.82,189.45,-0.79,-4.02,1.83,33.68
847,101248809,-996.09,-61.04,194.34,-0.67,-4.15,1.65,33.97
848,101252859,-994.63,-65.92,191.41,-0.98,-4.27,1.52,33.78
849,101256916,-996.09,-62.50,193.85,-0.79,-4.33,1.40,33.68
850,101260965,-991.21,-62.01,196.78,-1.10,-4.33,1.16,33.64
851,101266760,-986.82,-61.52,195.31,-0.98,-4.21,0.79,33.64
852,101270809,-990.23,-60.55,195.80,-1.10,-4.21,0.37,33.78
853,101274859,-996.58,-60.55,193.36,-1.16,-4.27,0.18,33.88
854,101278916,-992.68,-60.55,189.45,-1.22,-4.15,-0.30,33.88
855,101282965,-988.28,-65.43,195.31,-1.46,-4.21,-0.55,33.83
856,101288760,-993.65,-62.99,196.29,-1.59,-4.02,-0.55,33.68
857,101292809,-991.70,-65.92,195.31,-1.65,-3.78,-0.61,33.83
858,101296859,-986.82,-67.87,193.36,-1.65,-3.84,-0.61,33.68
859,101300916,-985.84,-61.52,193.85,-1.95,-3.72,-0.67,33.83
860,101304965,-989.26,-61.04,191.89,-1.89,-3.54,-0.67,33.78
861,101310760,-986.33,-63.48,190.43,-1.83,-3.60,-0.79,33.78
862,101314809,-983.89,-61.52,198.73,-1.89,-3.66,-0.79,33.68
863,101318859,-979.49,-69.82,193.36,-2.13,-3.41,-0.49,33.68
864,101322916,-979.49,-69.82,192.38,-1.95,-3.48,-0.61,33.88
865,101328760,-975.59,-64.45,194.34,-1.89,-3.35,-0.24,33.88
866,101332809,-973.63,-62.99,192.38,-1.95,-3.17,-0.12,33.68
867,101336859,-969.73,-66.89,194.82,-1.83,-3.23,-0.06,34.02
868,101340916,-969.24,-64.94,190.43,-1.83,-3.17,0.18,33.35
869,101344965,-972.17,-61.52,192.38,-2.01,-2.80,0.30,33.88
870,101350760,-972.17,-58.59,188.96,-2.13,-2.80,0.12,33.68
871,101354809,-973.63,-53.71,188.96,-2.44,-2.74,-0.30,33.68
872,101358859,-969.24,-59.57,197.27,-2.38,-2.56,0.06,33.97
873,101362916,-972.17,-59.57,192.87,-2.32,-2.50,0.00,33.59
874,101366965,-972.17,-61.52,188.96,-2.26,-2.20,0.00,33.59
875,101372760,-972.66,-63.96,194.82,-2.13,-2.32,0.30,33.83
876,101376809,-968.26,-60.06,187.01,-2.56,-2.13,0.12,33.83
877,101380859,-968.26,-56.15,189.94,-2.50,-2.26,0.49,33.64
878,101384916,-965.82,-58.11,190.43,-2.26,-2.20,0.49,33.64
879,101388965,-966.80,-54.69,195.80,-2.50,-2.01,0.73,33.88
880,101394760,-969.73,-53.22,192.87,-2.38,-1.52,0.73,33.83
881,101398809,-964.36,-58.11,189.45,-2.68,-1.46,0.79,33.49
882,101402859,-967.29,-53.71,192.87,-2.87,-1.46,0.85,33.64
883,101406916,-969.24,-56.15,188.96,-3.05,-1.22,0.73,33.64
884,101410965,-976.07,-55.66,192.87,-3.11,-1.04,0.67,33.78
885,101416760,-970.21,-52.25,184.57,-3.23,-0.98,0.73,33.68
886,101420809,-976.56,-56.64,190.92,-3.29,-0.79,0.85,33.68
887,101424859,-979.00,-56.64,188.48,-3.29,-0.79,1.10,33.83
888,101428916,-979.98,-59.08,186.52,-3.29,-0.67,1.10,33.64
889,101432965,-978.52,-63.96,185.55,-3.35,-0.73,1.59,33.64
890,101438760,-978.52,-64.45,183.11,-3.48,-0.67,1.77,33.59
891,101442809,-979.00,-64.45,183.11,-3.11,-0.55,2.20,33.59
892,101446859,-980.96,-62.01,187.01,-3.48,-0.67,2.20,33.68
893,101450916,-981.45,-62.01,179.20,-3.17,-0.73,2.44,33.78
894,101454965,-979.49,-64.94,183.11,-3.11,-0.67,2.62,33.59
895,101460760,-985.35,-64.45,186.52,-3.11,-0.61,2.50,33.59
896,101464809,-977.54,-69.34,183.59,-2.74,-0.67,2.68,33.78
897,101468859,-980.47,-65.43,183.59,-2.62,-0.55,2.80,33.68
898,101472916,-982.91,-65.92,187.01,-2.56,-0.61,2.87,33.78
899,101476965,-987.30,-64.94,184.57,-2.93,-0.67,2.87,33.59
900,101482760,-985.84,-65.92,188.48,-2.68,-0.24,2.50,33.97
901,101486809,-988.77,-65.43,188.96,-2.62,-0.37,2.32,33.68
902,101490859,-991.70,-71.29,188.48,-2.56,-0.43,2.07,33.88
903,101494916,-992.19,-70.31,185.06,-2.50,-0.06,1.95,33.68
904,101498965,-993.65,-69.82,187.99,-2.50,-0.12,1.95,33.78
905,101504760,-996.09,-70.31,185.06,-2.68,0.00,1.83,33.78
906,101508809,-995.61,-72.27,183.11,-2.50,0.00,1.52,33.68
907,101512859,-1001.95,-76.17,188.48,-2.32,0.00,1.28,33.49
908,101516916,-994.14,-70.31,187.99,-2.07,-0.12,1.22,33.83
909,101520965,-992.19,-71.78,191.41,-1.83,-0.06,1.04,33.68
910,101526760,-996.58,-68.36,190.43,-1.89,0.00,1.22,33.83
911,101530809,-997.07,-72.27,187.01,-1.83,0.12,0.85,34.02
912,101534859,-996.58,-68.36,187.99,-1.77,-0.06,0.37,33.59
913,101538916,-992.19,-67.87,183.59,-1.71,-0.12,0.43,34.02
914,101544760,-999.02,-65.43,186.04,-1.34,-0.30,0.24,33.83
915,101548809,-999.02,-63.96,183.11,-1.34,-0.18,0.06,34.02
916,101552859,-997.56,-67.87,183.11,-1.22,-0.49,0.06,33.78
917,101556916,-998.05,-64.94,184.08,-1.28,-0.49,0.00,33.68
918,101560965,-999.02,-63.96,187.99,-1.22,-0.12,-0.06,33.59
919,101566760,-998.05,-62.99,183.59,-0.98,-0.43,-0.24,33.83
920,101570809,-1001.46,-55.66,186.04,-1.52,-0.43,-0.18,33.78
921,101574859,-998.54,-58.11,188.48,-1.28,-0.30,-0.49,33.83
922,101578916,-999.51,-64.94,187.50,-1.10,-0.37,-0.55,33.25
923,101582965,-1004.39,-71.29,186.52,-1.28,-0.61,-0.37,33.88
924,101588760,-1003.42,-67.87,191.89,-1.34,-0.79,-0.18,33.68
925,101592809,-1000.98,-72.27,187.99,-1.10,-0.85,0.49,33.64
926,101596859,-1000.00,-69.82,189.45,-0.91,-0.61,0.85,33.68
927,101600916,-997.56,-64.94,189.45,-0.98,-0.67,1.04,33.97
928,101604965,-995.12,-66.41,193.36,-0.73,-0.55,1.34,33.83
929,101610760,-990.72,-63.48,191.41,-0.85,-0.49,1.40,33.64
930,101614809,-993.65,-62.50,191.89,-0.61,-0.37,1.22,33.64
931,101618859,-995.12,-59.57,188.96,-0.67,-0.18,1.22,33.64
932,101622916,-993.16,-54.69,195.31,-0.79,-0.37,1.10,33.78
933,101626965,-992.19,-54.20,198.24,-0.79,-0.24,0.79,33.88
934,101632760,-992.68,-51.76,194.34,-0.91,0.00,0.37,33.35
935,101636809,-992.19,-54.20,189.45,-0.67,0.06,-0.43,33.49
936,101640859,-993.16,-51.76,193.36,-0.67,0.18,-0.67,33.68
937,101644916,-988.77,-54.20,186.52,-0.98,-0.18,-1.04,33.59
938,101648965,-994.14,-53.71,188.48,-0.91,0.12,-1.40,33.64
939,101654760,-993.65,-57.13,183.11,-0.91,0.18,-1.65,33.59
940,101658809,-993.16,-61.52,191.41,-1.10,0.30,-1.77,33.49
941,101662859,-990.23,-60.55,187.99,-1.10,0.18,-1.83,33.97
942,101666916,-986.82,-65.43,187.50,-1.22,0.06,-2.07,33.88
943,101670965,-988.28,-66.41,190.92,-1.04,0.18,-1.65,33.35
944,101676760,-990.23,-69.82,185.55,-0.73,-0.18,-1.65,33.59
945,101680809,-991.70,-73.73,187.50,-0.85,0.06,-1.16,33.49
946,101684859,-991.21,-69.34,188.96,-1.04,-0.18,-0.73,33.59
947,101688916,-985.84,-66.41,186.52,-0.79,-0.24,0.00,33.83
948,101692965,-991.70,-69.82,184.08,-0.61,-0.24,0.12,33.59
949,101698760,-981.93,-75.68,185.06,-0.43,-0.24,0.30,33.78
950,101702809,-985.84,-66.89,187.99,-0.43,-0.37,0.73,33.59
951,101706859,-983.89,-63.96,181.64,-0.30,-0.43,0.73,33.78
952,101710916,-984.37,-64.45,188.96,-0.18,-0.67,0.91,33.78
953,101714965,-985.84,-57.13,190.92,-0.12,-0.61,0.67,33.83
954,101720760,-980.96,-56.15,191.41,-0.30,-0.61,0.79,33.68
955,101724809,-981.93,-53.22,194.34,-0.37,-0.67,0.24,33.64
956,101728859,-984.37,-54.20,189.45,-0.18,-0.61,-0.12,33.78
957,101732916,-982.42,-55.66,194.34,-0.67,-0.73,-0.30,33.78
958,101736965,-982.42,-55.66,192.87,-0.61,-0.85,-0.67,33.64
959,101742760,-980.47,-61.04,193.36,-0.61,-0.67,-0.98,33.49
960,101746809,-981.93,-60.06,187.50,-0.73,-0.73,-1.22,33.97
961,101750859,-976.56,-63.96,187.99,-0.61,-0.67,-1.10,33.59
962,101754916,-975.59,-65.92,186.04,-0.73,-0.91,-0.85,33.88
963,101758965,-975.59,-67.38,188.48,-0.79,-0.73,-0.61,33.78
964,101764760,-983.89,-74.22,189.45,-0.73,-0.91,-0.30,33.68
965,101768809,-979.00,-77.15,190.43,-0.61,-0.85,0.18,33.68
966,101772859,-980.96,-77.64,188.96,-0.79,-0.73,0.43,33.49
967,101776916,-982.42,-74.22,188.96,-0.49,-0.61,0.98,33.83
968,101782760,-975.59,-74.71,191.89,-0.43,-0.55,1.28,33.59
969,101786809,-982.91,-71.78,187.99,-0.49,-0.55,1.40,33.78
970,101790859,-982.42,-63.96,192.38,-0.55,-0.18,2.01,33.49
971,101794916,-986.33,-65.43,196.29,-0.91,-0.06,1.89,33.88
972,101798965,-986.33,-57.62,197.75,-0.73,-0.12,1.95,33.97
973,101804760,-982.91,-57.13,199.71,-0.73,-0.06,1.59,33.68
974,101808809,-979.98,-55.18,202.15,-0.67,0.18,1.40,33.88
975,101812859,-983.89,-50.29,197.75,-0.73,0.30,0.98,33.64
976,101816916,-978.03,-55.18,196.29,-0.85,0.49,0.55,33.49
977,101820965,-978.03,-53.71,201.17,-1.04,0.55,0.12,33.78
978,101826760,-980.96,-50.29,197.27,-0.98,0.85,-0.30,33.64
979,101830809,-981.45,-50.78,197.27,-1.34,0.85,-0.67,33.49
980,101834859,-980.96,-48.83,196.29,-1.34,1.16,-1.34,33.83
981,101838916,-982.42,-50.29,198.24,-1.46,1.04,-1.40,33.68
982,101842965,-985.84,-55.18,192.38,-1.46,1.34,-1.77,33.78
983,101848760,-988.28,-62.99,191.89,-1.71,1.22,-1.65,33.68
984,101852809,-990.23,-67.38,191.41,-1.89,1.40,-1.52,33.35
985,101856859,-988.28,-66.89,190.92,-1.59,1.22,-1.34,33.88
986,101860916,-997.56,-69.34,184.57,-1.83,1.22,-0.85,33.83
987,101864965,-995.12,-67.38,187.01,-1.71,1.16,-0.43,33.78
988,101870760,-997.56,-67.38,185.55,-1.52,1.16,-0.30,33.64
989,101874809,-991.70,-61.52,184.08,-1.59,0.98,0.30,33.49
990,101878859,-991.21,-62.99,181.64,-1.52,0.67,0.55,33.83
991,101882916,-988.77,-64.94,185.55,-1.52,0.43,0.98,34.02
992,101886965,-989.26,-59.08,184.08,-1.46,0.55,1.40,33.44
993,101892760,-990.23,-57.13,177.73,-1.65,0.61,1.52,33.49
994,101896809,-999.02,-58.11,177.25,-1.28,0.18,1.59,33.59
995,101900859,-994.63,-57.13,178.71,-1.71,0.18,1.16,33.83
996,101904916,-993.16,-56.15,186.52,-1.77,0.30,1.22,33.68
997,101908965,-992.19,-59.57,184.08,-1.95,0.18,1.34,33.64
998,101914760,-1000.00,-67.87,180.18,-1.77,0.18,1.22,33.64
999,101918809,-998.54,-71.78,182.13,-1.65,0.00,1.46,33.68
1000,101922859,-990.23,-69.82,187.50,-1.77,0.06,1.34,33.88
1001,101926916,-991.21,-71.78,186.52,-1.65,-0.30,1.71,33.64
1002,101930965,-986.82,-74.71,187.99,-1.34,0.06,1.89,33.49
1003,101936760,-989.75,-70.80,188.96,-1.46,0.12,1.65,33.88
1004,101940809,-988.77,-75.20,184.08,-1.10,0.37,1.83,33.64
1005,101944859,-981.93,-74.71,190.92,-1.10,0.37,1.71,33.88
1006,101948916,-984.37,-72.75,188.48,-1.10,0.24,1.46,33.78
1007,101952965,-979.49,-72.75,191.41,-1.46,0.55,0.91,33.78
1008,101958760,-989.75,-70.80,185.06,-1.04,0.61,0.55,33.59
1009,101962809,-984.37,-69.82,191.89,-1.04,1.10,0.00,33.64
1010,101966859,-984.37,-71.78,187.01,-1.16,0.85,-0.18,33.59
1011,101970916,-991.21,-70.31,187.01,-1.10,0.98,-0.30,33.88
1012,101974965,-988.28,-70.80,187.01,-1.10,1.10,-0.43,33.78
1013,101980760,-989.75,-70.31,187.99,-0.98,0.79,-0.73,33.68
1014,101984809,-990.72,-66.41,182.62,-0.85,0.79,-0.98,33.78
1015,101988859,-990.72,-68.36,183.11,-0.85,0.73,-0.85,33.35
1016,101992916,-996.58,-70.80,190.43,-0.67,0.49,-0.79,33.78
1017,101998760,-988.28,-71.78,181.15,-0.61,0.79,-0.85,33.83
1018,102002809,-990.23,-69.34,187.01,-0.55,0.49,-0.67,33.68
1019,102006859,-990.23,-68.85,182.62,-0.49,0.30,-0.55,33.78
1020,102010916,-993.65,-65.43,180.18,-0.24,0.30,-0.18,33.64
1021,102014965,-994.14,-63.96,177.73,-0.55,0.30,-0.49,33.78
1022,102020760,-990.23,-69.82,180.18,-0.67,0.55,-0.37,33.59
1023,102024809,-992.68,-61.04,184.57,-0.18,0.12,-0.06,33.83
1024,102028859,-999.02,-63.48,182.62,-0.61,0.30,-0.06,33.83
1025,102032916,-995.61,-64.45,187.99,-0.37,0.37,-0.06,33.64
1026,102036965,-992.68,-61.52,184.08,-0.24,0.12,0.49,33.97
1027,102042760,-995.12,-62.50,185.55,-0.18,0.18,0.37,33.83
1028,102046809,-992.19,-60.06,182.13,-0.24,0.06,0.49,33.88
1029,102050859,-992.68,-56.15,183.59,-0.37,0.00,0.49,33.78
1030,102054916,-999.02,-52.73,183.59,-0.55,-0.12,0.37,33.64
1031,102058965,-997.07,-52.73,185.55,-0.43,-0.24,0.43,33.68
1032,102064760,-993.16,-54.69,183.59,-0.37,-0.24,0.18,33.59
1033,102068809,-995.12,-57.62,183.11,-0.73,-0.24,-0.12,33.68
1034,102072859,-992.68,-55.66,183.59,-0.55,-0.24,0.06,33.64
1035,102076916,-988.28,-57.13,185.06,-0.79,-0.12,-0.18,34.02
1036,102080965,-989.26,-58.59,194.34,-0.98,-0.18,0.00,33.78
1037,102086760,-987.79,-56.64,187.99,-1.04,-0.12,-0.18,33.64
1038,102090809,-988.28,-54.20,187.01,-0.91,0.06,0.24,33.59
1039,102094859,-992.19,-55.66,188.48,-1.10,0.12,-0.18,33.88
1040,102098916,-991.21,-54.69,187.99,-1.04,0.12,-0.43,33.83
1041,102102965,-989.26,-62.99,191.89,-1.28,0.06,-0.30,33.64
1042,102108760,-991.21,-56.64,190.43,-0.98,0.30,-0.18,33.44
1043,102112809,-993.65,-59.08,187.99,-1.16,0.24,0.30,33.59
1044,102116859,-989.26,-59.57,189.94,-1.16,0.12,0.00,33.97
1045,102120916,-994.63,-52.73,191.89,-1.04,0.24,-0.24,33.44
1046,102124965,-987.79,-57.13,186.04,-1.46,0.18,0.00,33.59
1047,102130760,-993.16,-53.22,188.48,-1.28,0.12,0.00,33.68
1048,102134809,-994.14,-52.25,184.57,-1.22,0.00,-0.12,33.88
1049,102138859,-993.65,-48.83,185.55,-1.28,0.06,-0.24,33.83
1050,102142916,-990.72,-53.71,188.48,-1.40,-0.06,-0.37,33.49
1051,102146965,-988.28,-55.66,189.45,-1.59,0.00,-0.37,33.78
1052,102152760,-993.16,-51.27,186.52,-1.65,-0.12,-0.30,33.78
1053,102156809,-992.19,-61.04,184.08,-1.83,0.00,-0.37,33.59
1054,102160859,-994.14,-60.06,186.04,-1.95,-0.12,-0.67,33.88
1055,102164916,-992.19,-63.48,182.62,-2.20,0.06,-0.61,33.78
1056,102168965,-994.14,-66.89,187.50,-2.13,-0.06,-0.18,33.83
1057,102174760,-994.63,-67.38,186.04,-2.26,0.12,-0.18,33.49
1058,102178809,-991.21,-71.29,185.06,-2.07,0.12,0.18,33.68
1059,102182859,-996.58,-68.36,181.64,-2.07,-0.06,0.55,33.64
1060,102186916,-999.02,-71.29,185.55,-1.83,0.00,0.73,33.68
1061,102190965,-996.09,-68.36,181.15,-2.07,-0.12,0.85,33.83
1062,102196760,-991.21,-70.80,184.08,-1.89,-0.18,0.91,33.78
1063,102200809,-984.37,-68.36,187.50,-1.89,-0.12,1.10,33.83
1064,102204859,-986.33,-69.82,188.48,-1.77,0.06,1.34,33.44
1065,102208916,-987.30,-69.34,187.01,-1.65,-0.12,1.10,33.64
1066,102214760,-988.77,-61.04,189.94,-1.77,0.06,0.73,33.68
1067,102218809,-988.77,-56.15,187.01,-1.77,0.12,0.37,33.78
1068,102222859,-984.37,-57.62,182.62,-2.01,0.49,-0.30,33.68
1069,102226916,-989.75,-57.13,185.06,-1.89,0.12,-0.37,33.59
1070,102230965,-990.23,-62.01,186.52,-1.89,0.30,-0.85,33.68
1071,102235015,-991.21,-67.38,185.55,-2.38,0.24,-1.22,33.64
1072,102240760,-990.23,-68.36,183.59,-2.13,0.18,-1.34,33.49
1073,102244809,-991.70,-74.22,182.13,-1.65,0.43,-1.10,33.68
1074,102248859,-989.26,-72.27,184.08,-1.65,0.00,-0.91,33.68
1075,102252916,-985.35,-75.68,182.62,-1.77,0.12,-0.61,33.64
1076,102258760,-987.30,-69.82,182.62,-1.46,-0.12,-0.37,33.49
1077,102262809,-984.86,-70.80,175.29,-1.16,-0.30,-0.12,33.59
1078,102266859,-987.79,-66.89,178.71,-1.16,-0.24,-0.06,33.88
1079,102270916,-984.37,-70.80,176.27,-1.04,-0.43,0.18,33.68
1080,102274965,-983.40,-67.87,180.66,-1.04,-0.24,0.55,33.83
1081,102280760,-982.91,-65.43,179.20,-0.67,-0.37,0.61,33.64
1082,102284809,-980.47,-67.87,181.15,-0.91,-0.43,0.67,33.78
1083,102288859,-989.75,-61.04,179.20,-1.22,-0.12,0.73,33.59
1084,102292916,-979.49,-64.45,179.20,-1.22,0.00,0.61,33.78
1085,102296965,-985.35,-60.55,181.64,-1.28,-0.06,0.37,33.78
1086,102302760,-983.89,-56.64,177.73,-1.46,0.18,0.30,33.83
1087,102306809,-984.86,-62.50,181.15,-1.46,-0.12,0.24,33.35
1088,102310859,-992.19,-67.87,182.62,-1.52,0.18,0.30,33.78
1089,102314916,-986.82,-62.99,182.13,-1.65,0.55,0.30,33.78
1090,102318965,-985.35,-66.41,180.18,-1.52,0.55,0.43,33.83
1091,102324760,-986.82,-64.94,178.71,-1.28,0.61,0.79,33.59
1092,102328809,-981.45,-64.94,179.69,-1.04,0.55,0.98,33.44
1093,102332859,-984.86,-63.48,185.55,-0.98,0.61,0.98,33.78
1094,102336916,-980.47,-58.59,179.69,-1.16,0.73,1.04,33.83
1095,102340965,-973.14,-61.04,184.57,-0.85,0.98,0.85,33.59
1096,102346760,-974.61,-60.06,184.08,-1.40,1.04,0.43,33.35
1097,102350809,-974.61,-56.15,182.13,-1.34,1.34,0.06,33.64
1098,102354859,-979.98,-56.64,186.52,-1.71,1.52,-0.24,33.64
1099,102358916,-978.03,-56.64,185.06,-1.71,1.40,-0.55,33.68
1100,102362965,-976.56,-53.71,185.55,-1.83,1.95,-0.61,33.59
1101,102368760,-979.98,-64.94,184.08,-1.71,2.13,-0.73,33.78
1102,102372809,-985.84,-62.50,182.13,-2.07,2.20,-0.61,33.88
1103,102376859,-989.75,-67.87,179.69,-1.89,2.32,-0.37,33.88
1104,102380916,-987.79,-69.82,180.66,-2.07,2.38,-0.30,33.59
1105,102384965,-993.16,-73.73,181.64,-2.13,2.13,0.24,33.59
1106,102390760,-988.28,-72.75,180.18,-1.95,2.07,0.55,33.83
1107,102394809,-987.79,-66.89,178.71,-2.13,2.20,0.79,33.78
1108,102398859,-983.89,-66.89,178.22,-2.13,2.44,1.28,33.78
1109,102402916,-988.28,-66.89,186.04,-1.95,2.32,1.46,33.83
1110,102406965,-983.89,-64.45,178.71,-2.13,2.38,1.22,33.59
1111,102412760,-981.45,-59.57,184.08,-1.77,2.62,1.22,33.83
1112,102416809,-984.86,-62.50,178.22,-2.20,2.50,0.85,33.88
1113,102420859,-983.89,-57.13,179.69,-2.13,2.56,0.85,33.49
1114,102424916,-981.45,-55.18,181.64,-2.26,2.74,0.61,33.68
1115,102428965,-988.77,-61.04,180.18,-2.38,2.68,0.43,33.83
1116,102434760,-986.82,-62.99,176.27,-2.07,2.56,0.06,33.83
1117,102438809,-988.77,-65.43,179.69,-2.32,2.62,0.24,33.64
1118,102442859,-989.75,-68.85,181.64,-2.20,2.26,-0.06,33.59
1119,102446916,-992.19,-68.36,177.73,-2.07,2.32,0.06,33.97
1120,102452760,-993.16,-62.99,180.18,-2.26,2.26,0.18,33.68
1121,102456809,-996.58,-64.45,180.66,-1.95,2.01,0.24,33.68
1122,102460859,-996.58,-69.34,183.11,-2.07,1.77,0.06,33.83
1123,102464916,-1000.98,-72.27,174.32,-2.07,2.01,0.30,33.49
1124,102468965,-999.02,-72.75,176.76,-1.89,1.59,0.55,33.88
1125,102474760,-1000.00,-69.82,177.73,-1.59,1.28,0.91,33.44
1126,102478809,-997.56,-68.85,178.71,-1.52,0.91,0.79,33.88
1127,102482859,-996.58,-77.15,181.15,-1.59,0.43,1.10,34.02
1128,102486916,-996.58,-70.31,177.25,-1.46,0.49,1.34,33.44
1129,102490965,-997.07,-70.80,180.18,-1.46,0.37,1.28,33.88
1130,102496760,-992.68,-66.89,181.15,-1.52,0.00,1.34,33.64
1131,102500809,-991.70,-69.34,178.22,-1.10,-0.18,1.22,33.68
1132,102504859,-993.65,-67.87,176.76,-1.16,-0.18,0.98,33.78
1133,102508916,-996.58,-67.87,176.76,-0.91,-0.24,0.79,33.59
1134,102512965,-998.05,-68.85,178.71,-1.04,0.12,0.49,33.64
1135,102518760,-997.56,-71.78,178.71,-1.22,-0.37,0.43,33.83
1136,102522809,-999.02,-68.85,179.69,-1.28,-0.43,0.06,33.44
1137,102526859,-1003.42,-76.66,179.20,-1.22,-0.49,0.37,33.78
1138,102530916,-1006.35,-72.75,174.80,-1.34,-0.43,0.37,33.68
1139,102534965,-1004.88,-73.24,178.71,-1.16,-0.79,0.37,33.59
1140,102540760,-1001.95,-73.24,181.15,-1.16,-0.91,0.24,33.35
1141,102544809,-1003.42,-75.20,178.22,-1.10,-0.85,0.61,33.59
1142,102548859,-1002.44,-75.20,178.71,-0.79,-1.04,0.55,33.97
1143,102552916,-1000.49,-73.73,178.71,-1.16,-1.16,0.55,33.68
1144,102556965,-993.16,-72.27,179.20,-1.10,-1.22,0.61,33.83
1145,102562760,-991.70,-72.75,179.20,-0.73,-1.28,0.30,33.83
1146,102566809,-987.79,-69.34,178.71,-0.85,-1.22,0.37,33.59
1147,102570859,-989.75,-64.94,177.73,-0.67,-1.46,0.24,33.78
1148,102574916,-989.26,-65.43,177.73,-0.79,-1.22,0.12,33.83
1149,102578965,-991.70,-59.57,177.73,-0.91,-1.28,0.00,33.49
1150,102584760,-987.79,-57.62,176.27,-0.79,-1.40,-0.24,33.64
1151,102588809,-988.77,-51.76,180.66,-1.04,-1.46,-0.37,33.68
1152,102592859,-992.68,-50.29,176.27,-0.85,-1.40,-0.85,33.83
1153,102596916,-995.12,-54.20,176.76,-1.28,-1.10,-0.98,33.78
1154,102600965,-991.70,-54.69,176.76,-1.34,-1.10,-1.22,33.49
1155,102606760,-991.21,-56.64,177.25,-1.46,-1.28,-1.59,33.78
1156,102610809,-994.14,-62.01,176.76,-1.83,-1.22,-1.65,33.64
1157,102614859,-994.63,-64.94,180.66,-1.83,-1.04,-1.40,33.68
1158,102618916,-991.21,-67.87,176.76,-1.83,-1.16,-0.79,33.64
1159,102622965,-995.12,-70.31,173.83,-1.89,-1.10,-0.79,33.88
1160,102628760,-990.72,-73.73,174.80,-1.83,-1.10,0.12,33.83
1161,102632809,-991.21,-68.36,175.78,-1.59,-1.04,0.61,33.49
1162,102636859,-983.89,-74.71,171.39,-1.77,-1.16,1.22,33.49
1163,102640916,-987.30,-73.73,174.80,-1.59,-1.10,1.46,33.83
1164,102644965,-981.93,-71.29,174.32,-1.59,-0.98,1.83,33.88
1165,102650760,-983.40,-67.38,174.32,-1.34,-1.22,1.95,33.88
1166,102654809,-980.96,-66.41,175.78,-1.16,-0.85,1.95,33.59
1167,102658859,-978.52,-64.94,178.71,-1.16,-0.98,1.89,33.44
1168,102662916,-981.45,-62.99,176.76,-1.34,-0.67,1.77,33.88
1169,102668760,-985.35,-55.66,178.22,-1.52,-0.73,1.28,33.59
1170,102672809,-986.82,-50.29,173.83,-1.40,-0.67,0.67,33.83
1171,102676859,-985.84,-53.71,174.32,-1.71,-0.30,0.00,33.78
1172,102680916,-988.77,-52.73,171.87,-1.83,-0.18,-0.49,33.68
1173,102684965,-988.77,-62.99,175.78,-1.71,-0.18,-0.85,33.64
1174,102689015,-992.68,-62.99,174.32,-1.65,-0.12,-1.04,33.68
1175,102694760,-988.28,-71.29,177.25,-1.46,-0.24,-1.16,33.83
1176,102698809,-985.84,-71.78,175.29,-1.52,-0.43,-1.04,33.64
1177,102702859,-983.89,-81.05,173.83,-1.28,-0.30,-0.79,33.83
1178,102706916,-980.96,-75.68,175.29,-1.10,-0.43,-0.61,33.68
1179,102712760,-987.30,-75.20,170.41,-1.04,-0.61,-0.06,33.68
1180,102716809,-985.35,-70.80,171.87,-0.43,-0.43,-0.24,33.64
1181,102720859,-980.96,-70.80,170.90,-0.43,-0.49,0.12,33.83
1182,102724916,-980.96,-64.94,170.90,-0.49,-0.43,0.06,33.49
1183,102728965,-987.79,-62.99,168.95,-0.37,-0.67,0.12,33.64
1184,102734760,-991.70,-67.38,170.90,-0.43,-0.67,0.43,33.83
1185,102738809,-990.72,-66.41,172.36,-0.61,-0.91,0.18,33.78
1186,102742859,-988.77,-70.80,169.92,-0.49,-0.61,0.24,33.59
1187,102746916,-993.16,-67.87,168.95,-0.55,-0.73,0.30,33.78
1188,102750965,-995.61,-68.36,168.46,-0.30,-1.04,0.55,33.78
1189,102756760,-990.72,-62.99,168.46,-0.61,-0.61,0.79,33.64
1190,102760809,-988.28,-62.50,168.95,-0.61,-0.73,0.55,33.64
1191,102764859,-992.19,-61.52,174.32,-0.49,-0.67,0.49,33.97
1192,102768916,-991.70,-66.89,178.22,-0.55,-0.30,0.73,33.78
1193,102772965,-991.21,-66.41,177.73,-0.37,-0.30,0.85,33.78
1194,102778760,-987.30,-63.96,173.83,-0.55,-0.37,0.73,33.49
1195,102782809,-989.75,-73.24,177.73,-0.67,-0.30,0.85,33.35
1196,102786859,-986.33,-70.31,173.83,-0.49,0.06,0.98,33.68
1197,102790916,-987.79,-68.85,181.15,-0.49,0.00,1.22,33.64
1198,102794965,-993.16,-60.55,180.66,-0.43,-0.18,1.28,33.44
1199,102800760,-985.84,-58.59,181.64,-0.24,0.06,1.10,33.49
1200,102804809,-993.16,-51.27,177.25,-0.18,0.24,0.73,33.64
1201,102808859,-988.77,-50.29,178.71,-0.30,0.24,0.24,33.64
1202,102812916,-995.12,-53.71,174.80,-0.79,0.30,-0.49,33.88
1203,102816965,-992.68,-48.83,176.76,-0.73,0.24,-0.91,33.59
1204,102822760,-995.61,-57.13,174.32,-0.73,0.37,-1.40,33.68
1205,102826809,-996.09,-55.66,175.29,-1.16,0.24,-1.71,33.78
1206,102830859,-996.09,-60.06,166.99,-1.10,0.12,-1.83,33.83
1207,102834916,-999.02,-63.48,172.36,-0.98,-0.12,-1.95,33.78
1208,102838965,-996.58,-65.92,174.32,-1.04,0.12,-1.71,33.64
1209,102844760,-996.58,-69.82,167.48,-1.16,0.12,-1.46,33.64
1210,102848809,-999.02,-73.24,173.34,-1.22,-0.24,-0.79,33.78
1211,102852859,-998.54,-75.20,175.29,-1.04,-0.49,-0.37,33.83
1212,102856916,-996.09,-72.27,174.80,-0.67,-0.61,-0.12,33.68
1213,102860965,-991.21,-73.24,170.90,-0.61,-0.98,0.73,33.64
1214,102866760,-992.68,-75.20,173.34,-0.43,-1.10,1.22,33.64
1215,102870809,-990.72,-79.59,174.80,-0.18,-1.04,1.52,33.64
1216,102874859,-991.21,-74.22,177.73,-0.06,-0.98,1.65,33.49
1217,102878916,-988.28,-75.68,179.20,-0.06,-1.34,2.26,33.83
1218,102882965,-990.23,-67.38,181.64,0.00,-1.71,2.44,33.78
1219,102888760,-988.28,-65.43,181.64,0.30,-1.46,2.13,33.88
1220,102892809,-991.21,-57.13,185.06,0.24,-1.59,2.13,33.97
1221,102896859,-980.96,-54.69,181.64,0.12,-1.40,1.89,33.78
1222,102900916,-983.89,-59.08,187.01,0.24,-1.52,1.22,33.97
1223,102906760,-987.79,-53.22,193.36,0.06,-1.52,1.04,33.68
1224,102910809,-986.33,-53.22,187.01,-0.18,-1.40,0.37,33.78
1225,102914859,-989.75,-49.32,189.45,-0.12,-1.40,0.06,33.83
1226,102918916,-988.28,-49.80,187.50,-0.37,-1.04,-0.55,33.49
1227,102922965,-985.35,-53.71,184.08,-0.49,-1.10,-0.91,33.64
1228,102928760,-982.91,-59.08,191.89,-0.67,-0.98,-1.10,33.64
1229,102932809,-984.37,-63.96,187.99,-0.61,-0.91,-1.34,33.83
1230,102936859,-986.82,-65.92,185.55,-0.98,-0.91,-1.22,33.88
1231,102940916,-991.21,-63.96,185.06,-0.73,-0.49,-1.28,33.35
1232,102944965,-989.75,-61.52,185.06,-0.91,-0.37,-0.85,33.97
1233,102950760,-991.21,-64.45,181.64,-1.16,-0.73,-0.98,33.97
1234,102954809,-999.02,-63.48,186.04,-1.10,-0.79,-0.67,33.64
1235,102958859,-997.07,-65.43,181.15,-1.04,-0.55,-0.43,33.68
1236,102962916,-995.61,-69.34,185.06,-1.40,-0.30,-0.12,33.64
1237,102966965,-997.07,-65.92,178.71,-1.71,-0.98,0.37,33.68
1238,102972760,-999.02,-60.06,180.66,-1.40,-0.85,0.73,33.68
1239,102976809,-993.65,-59.57,178.71,-1.40,-1.28,1.28,33.64
1240,102980859,-994.63,-59.08,179.20,-1.40,-1.34,1.40,33.83
1241,102984916,-992.19,-57.13,179.20,-1.46,-1.65,1.59,33.64
1242,102988965,-997.07,-58.11,180.18,-1.46,-1.52,1.46,33.64
1243,102994760,-994.63,-56.15,179.69,-1.95,-1.52,1.40,33.64
1244,102998809,-995.12,-57.62,179.69,-2.07,-1.46,1.28,33.59
1245,103002859,-995.61,-51.76,179.69,-2.13,-1.52,1.10,33.88
1246,103006916,-993.16,-54.69,172.85,-2.26,-1.65,0.73,33.97
1247,103010965,-995.12,-60.55,178.22,-2.62,-1.52,0.30,33.64
1248,103016760,-994.63,-60.55,176.76,-2.50,-1.65,0.18,33.49
1249,103020809,-1001.46,-67.87,173.83,-2.68,-1.59,0.43,33.68
1250,103024859,-1001.46,-65.43,177.25,-2.62,-1.59,0.37,33.83
1251,103028916,-999.51,-66.41,176.76,-2.50,-1.65,0.43,33.78
1252,103032965,-1000.00,-71.29,174.80,-2.62,-1.71,0.61,33.49
1253,103038760,-997.56,-71.78,176.76,-2.32,-1.71,0.43,33.59
1254,103042809,-990.72,-73.24,172.85,-2.38,-1.65,0.43,33.64
1255,103046859,-993.65,-74.71,177.73,-2.26,-1.52,0.30,33.97
1256,103050916,-991.21,-74.22,178.22,-2.13,-1.52,0.37,33.88
1257,103054965,-990.23,-73.73,175.29,-2.07,-1.34,0.37,33.78
1258,103060760,-985.35,-73.24,174.80,-2.26,-1.34,0.30,33.83
1259,103064809,-993.16,-75.68,174.32,-2.20,-1.34,0.49,33.78
1260,103068859,-989.75,-74.71,169.92,-2.01,-1.10,0.06,33.78
1261,103072916,-990.72,-71.78,172.36,-1.95,-0.91,0.37,33.97
1262,103076965,-987.79,-66.41,167.48,-1.59,-0.85,0.12,33.88
1263,103082760,-994.63,-69.82,170.41,-1.89,-0.61,-0.18,33.68
1264,103086809,-989.75,-69.34,176.76,-1.59,-0.85,-0.06,33.64
1265,103090859,-993.16,-72.27,176.76,-1.71,-0.49,-0.61,33.44
1266,103094916,-989.75,-69.34,174.80,-1.77,-0.24,-0.98,33.83
1267,103098965,-994.63,-64.94,174.32,-1.52,-0.43,-0.79,33.83
1268,103104760,-992.68,-63.96,167.97,-1.95,-0.43,-1.34,33.68
1269,103108809,-994.14,-71.29,176.27,-1.65,-0.24,-1.40,33.64
1270,103112859,-995.12,-69.34,167.48,-1.77,-0.06,-1.22,33.59
1271,103116916,-990.23,-68.36,170.41,-1.65,-0.49,-1.46,33.78
1272,103122760,-987.30,-71.29,171.39,-1.65,-0.18,-1.52,33.88
1273,103126809,-981.93,-75.20,170.90,-1.52,-0.18,-1.28,33.78
1274,103130859,-986.82,-72.75,171.87,-1.22,-0.12,-0.91,34.02
1275,103134916,-980.47,-74.22,168.46,-1.04,-0.18,-0.73,33.78
1276,103138965,-980.96,-71.29,171.39,-1.10,-0.24,-0.55,33.78
1277,103144760,-985.84,-70.80,172.36,-0.85,-0.18,-0.30,33.83
1278,103148809,-982.91,-70.31,173.83,-0.85,-0.55,-0.24,33.88
1279,103152859,-982.42,-68.36,169.43,-0.79,-0.30,-0.06,33.44
1280,103156916,-982.91,-65.43,176.27,-0.98,-0.37,-0.06,33.59
1281,103160965,-984.86,-67.87,175.29,-1.04,-0.37,-0.06,33.59
1282,103166760,-985.35,-68.36,171.87,-0.67,-0.49,0.00,33.88
1283,103170809,-973.14,-64.94,175.78,-0.85,-0.30,0.24,33.68
1284,103174859,-984.86,-66.89,173.34,-0.91,-0.24,0.18,33.68
1285,103178916,-986.33,-62.50,169.92,-0.91,-0.43,0.24,33.68
1286,103182965,-979.00,-60.55,176.27,-0.91,-0.49,0.24,33.68
1287,103188760,-982.91,-61.52,169.92,-0.79,-0.49,0.37,33.68
1288,103192809,-979.49,-64.94,172.85,-0.73,-0.49,-0.12,33.68
1289,103196859,-979.49,-65.92,174.80,-0.73,-0.30,0.18,33.59
1290,103200916,-979.98,-66.41,175.29,-0.85,-0.43,0.24,33.88
1291,103204965,-978.52,-69.82,172.36,-0.55,-0.61,0.43,33.83
1292,103210760,-984.37,-65.92,172.85,-0.49,-0.49,0.55,33.59
1293,103214809,-976.07,-67.38,174.32,-0.43,-0.73,0.67,33.68
1294,103218859,-975.59,-66.89,174.32,-0.55,-0.55,0.79,33.68
1295,103222916,-979.98,-62.99,172.85,-0.37,-0.43,0.49,33.64
1296,103226965,-977.54,-63.96,177.73,-0.24,-0.30,0.61,33.83
1297,103232760,-982.42,-63.48,175.29,-0.37,-0.55,0.67,33.59
1298,103236809,-986.82,-64.45,172.36,-0.30,-0.30,0.79,33.49
1299,103240859,-983.40,-62.01,174.80,-0.49,-0.55,0.61,33.83
1300,103244916,-983.40,-63.48,178.71,-0.61,-0.18,0.73,33.83
1301,103248965,-982.91,-65.43,177.25,-0.61,-0.12,0.49,33.44
1302,103254760,-986.33,-61.04,178.22,-0.55,-0.24,0.79,33.64
1303,103258809,-991.70,-59.57,177.73,-0.37,-0.18,0.98,33.59
1304,103262859,-989.26,-58.59,179.69,-0.55,-0.12,0.85,33.78
1305,103266916,-990.23,-63.48,177.25,-0.55,0.12,0.49,33.88
1306,103270965,-985.35,-60.55,177.25,-0.73,0.06,0.61,33.44
1307,103276760,-990.72,-64.94,180.66,-0.55,0.00,0.73,33.83
1308,103280809,-988.77,-69.82,178.71,-0.61,-0.06,0.73,33.83
1309,103284859,-988.77,-65.43,178.71,-0.49,-0.30,0.73,33.88
1310,103288916,-993.16,-65.43,179.69,-0.49,-0.18,0.61,33.78
1311,103292965,-992.19,-65.92,180.66,-0.61,-0.37,0.98,33.78
1312,103298760,-991.70,-70.31,181.64,-0.61,-0.49,0.91,33.78
1313,103302809,-990.72,-71.78,181.64,-0.37,-0.49,1.34,33.59
1314,103306859,-989.26,-70.31,182.13,-0.30,-0.55,1.40,33.64
1315,103310916,-990.23,-70.31,181.15,-0.24,-0.73,1.71,33.97
1316,103314965,-990.72,-67.87,183.59,-0.30,-1.16,1.89,33.88
1317,103320760,-986.33,-62.01,187.01,-0.30,-0.79,2.01,33.68
1318,103324809,-985.84,-62.50,187.99,-0.12,-1.04,2.01,33.78
1319,103328859,-986.82,-57.13,186.04,-0.06,-1.16,2.13,33.78
1320,103332916,-988.77,-61.04,186.04,-0.12,-0.98,1.95,33.78
1321,103336965,-988.77,-57.13,187.50,-0.30,-1.10,1.71,33.68
1322,103342760,-986.82,-68.85,187.01,-0.37,-1.16,1.22,33.83
1323,103346809,-991.70,-61.52,184.08,-0.55,-1.22,1.04,33.88
1324,103350859,-987.79,-61.52,188.96,-0.30,-1.22,0.91,33.35
1325,103354916,-997.56,-69.34,182.13,-0.73,-1.22,0.85,33.88
1326,103360760,-995.12,-63.96,184.08,-0.61,-1.40,0.73,33.78
1327,103364809,-999.02,-73.24,180.66,-0.61,-1.71,0.43,33.78
1328,103368859,-996.58,-72.75,180.18,-0.43,-1.65,0.49,33.88
1329,103372916,-1001.46,-71.78,181.15,-0.67,-2.07,0.55,33.68
1330,103376965,-1004.88,-80.57,178.71,-0.43,-2.01,0.73,33.88
1331,103382760,-994.63,-68.85,176.76,-0.61,-2.07,1.22,33.88
1332,103386809,-994.14,-80.57,182.13,-0.85,-2.13,1.16,33.68
1333,103390859,-986.33,-75.20,178.71,-0.61,-2.26,1.04,33.83
1334,103394916,-992.68,-76.66,172.85,-0.43,-2.50,1.28,33.64
1335,103398965,-996.09,-71.29,175.29,-0.12,-2.26,1.04,33.68
1336,103404760,-993.65,-73.73,173.83,-0.24,-2.38,1.10,33.83
1337,103408809,-996.58,-77.15,174.32,-0.06,-2.50,1.34,33.88
1338,103412859,-997.07,-73.73,178.71,0.06,-2.68,1.34,34.02
1339,103416916,-994.14,-66.41,178.22,0.00,-2.56,1.65,33.68
1340,103420965,-997.56,-65.92,179.20,0.06,-2.80,1.52,33.68
1341,103426760,-995.61,-62.99,180.18,-0.06,-2.62,1.40,33.64
1342,103430809,-992.19,-62.01,176.76,-0.06,-2.80,1.16,33.59
1343,103434859,-991.70,-56.15,180.66,-0.18,-2.56,0.91,33.68
1344,103438916,-990.23,-56.15,181.64,-0.12,-2.80,0.91,33.88
1345,103442965,-986.33,-57.13,180.66,-0.12,-2.32,0.61,33.88
1346,103448760,-993.65,-59.08,182.13,-0.55,-2.13,0.24,33.64
1347,103452809,-991.70,-60.06,177.25,-0.85,-1.83,0.06,33.64
1348,103456859,-996.58,-59.08,179.20,-0.91,-1.83,0.06,33.78
1349,103460916,-995.61,-59.08,179.20,-1.46,-1.71,-0.12,33.88
1350,103464965,-993.65,-59.08,177.25,-1.22,-1.65,-0.06,33.64
1351,103470760,-999.51,-63.96,176.76,-1.40,-1.46,0.00,33.59
1352,103474809,-990.72,-62.50,179.20,-1.46,-1.34,0.43,33.59
1353,103478859,-993.65,-68.85,179.20,-1.28,-1.65,0.61,33.78
1354,103482916,-991.21,-65.92,176.27,-1.16,-1.65,1.22,33.78
1355,103486965,-992.68,-63.96,176.76,-1.16,-1.59,1.28,33.59
1356,103492760,-989.26,-62.99,176.76,-1.22,-1.34,1.59,33.78
1357,103496809,-988.28,-58.11,175.29,-1.34,-1.28,1.52,33.78
1358,103500859,-984.37,-61.52,178.71,-1.59,-1.28,1.71,33.88
1359,103504916,-988.28,-64.94,185.06,-1.34,-0.98,1.59,33.88
1360,103508965,-988.77,-59.08,181.15,-1.46,-0.67,1.59,33.68
1361,103514760,-989.26,-59.08,182.13,-1.65,-0.49,1.46,33.88
1362,103518809,-987.30,-63.96,183.11,-1.71,-0.55,1.22,33.83
1363,103522859,-990.72,-64.94,183.11,-1.83,-0.37,0.98,33.78
1364,103526916,-988.28,-64.94,186.04,-2.01,-0.37,0.79,33.83
1365,103530965,-990.23,-62.99,183.59,-1.89,-0.24,0.79,33.83
1366,103536760,-992.19,-61.52,185.55,-1.83,-0.30,0.49,33.78
1367,103540809,-987.79,-70.80,184.08,-1.71,0.00,0.55,33.78
1368,103544859,-985.84,-71.78,184.57,-2.07,-0.18,0.61,33.64
1369,103548916,-985.35,-71.29,179.69,-1.77,-0.49,0.37,33.68
1370,103552965,-983.89,-70.31,180.18,-2.01,-0.24,0.49,33.59
1371,103558760,-989.75,-68.85,182.13,-1.89,-0.24,0.61,33.88
1372,103562809,-981.45,-65.92,181.15,-1.83,-0.12,0.37,33.88
1373,103566859,-989.26,-66.89,179.69,-1.71,-0.30,0.30,33.49
1374,103570916,-981.93,-67.38,176.27,-1.59,-0.18,0.37,33.68
1375,103576760,-982.42,-66.41,175.78,-1.65,-0.24,0.30,33.88
1376,103580809,-991.21,-65.92,179.20,-1.34,-0.24,0.30,33.78
1377,103584859,-988.77,-66.89,181.15,-1.59,-0.37,0.67,33.78
1378,103588916,-986.82,-65.92,180.18,-1.40,-0.30,0.67,33.64
1379,103592965,-995.61,-64.94,181.15,-1.59,-0.43,0.73,33.64
1380,103598760,-993.65,-63.48,177.25,-1.22,-0.37,0.61,33.78
1381,103602809,-991.70,-66.89,185.55,-1.34,-0.49,0.85,33.64
1382,103606859,-989.75,-69.34,181.64,-1.16,-0.37,1.22,33.88
1383,103610916,-992.19,-70.80,183.11,-1.40,-0.37,1.10,33.44
1384,103614965,-994.14,-64.94,183.59,-1.46,-0.49,1.28,33.88
1385,103620760,-994.14,-64.94,178.71,-1.22,-0.91,1.46,33.97
1386,103624809,-985.84,-63.48,181.64,-1.34,-0.61,1.22,34.02
1387,103628859,-990.23,-61.04,182.62,-1.16,-0.55,1.28,33.78
1388,103632916,-985.84,-63.48,180.66,-1.34,-0.91,1.04,33.64
1389,103636965,-984.86,-62.99,181.64,-1.22,-1.04,0.91,33.97
1390,103642760,-991.70,-57.13,184.57,-1.40,-0.49,1.04,33.97
1391,103646809,-985.35,-58.11,185.55,-1.22,-0.79,0.79,33.83
1392,103650859,-985.35,-59.57,186.04,-1.46,-0.73,0.79,33.88
1393,103654916,-984.86,-60.55,180.18,-1.40,-0.79,0.49,33.78
1394,103658965,-986.82,-57.13,180.66,-1.22,-0.85,0.49,33.68
1395,103664760,-989.26,-62.01,185.55,-1.40,-0.67,0.37,33.64
1396,103668809,-988.77,-64.45,184.57,-1.40,-0.49,0.55,33.59
1397,103672859,-989.26,-67.38,179.69,-1.46,-0.73,0.55,33.88
1398,103676916,-987.79,-62.99,183.11,-1.46,-0.67,0.98,33.83
1399,103680965,-987.30,-66.89,182.13,-1.59,-0.79,0.79,33.64
1400,103686760,-990.23,-58.11,181.15,-1.46,-0.61,1.22,33.64
1401,103690809,-988.77,-60.06,185.06,-1.71,-0.55,1.22,33.64
1402,103694859,-985.84,-62.50,187.99,-1.59,-0.61,1.40,33.68
1403,103698916,-986.82,-60.55,185.55,-1.40,-0.73,1.52,33.64
1404,103702965,-985.84,-64.45,183.11,-1.40,-0.30,1.83,33.44
1405,103708760,-985.35,-64.45,183.11,-1.52,-0.37,2.26,33.59
1406,103712809,-983.89,-59.08,189.45,-1.22,-0.55,2.26,33.78
1407,103716859,-987.30,-56.64,186.04,-1.34,-0.24,1.95,33.83
1408,103720916,-985.84,-51.76,185.55,-1.46,-0.30,1.71,34.02
1409,103724965,-987.79,-52.25,187.01,-1.52,-0.06,1.28,33.59
1410,103730760,-990.72,-51.27,183.11,-1.71,-0.18,0.85,33.68
1411,103734809,-992.19,-48.83,182.13,-1.89,-0.24,0.49,33.78
1412,103738859,-990.72,-55.66,188.96,-1.77,-0.24,0.37,33.97
1413,103742916,-993.65,-54.69,186.04,-2.01,-0.24,0.18,33.78
1414,103746965,-992.19,-58.11,183.11,-2.20,0.00,0.12,33.83
1415,103752760,-997.07,-62.50,182.13,-2.01,-0.30,0.00,33.78
1416,103756809,-994.63,-60.06,181.64,-2.01,-0.49,0.30,33.88
1417,103760859,-992.19,-62.01,181.64,-2.07,-0.24,0.55,33.68
1418,103764916,-991.70,-63.48,177.25,-2.20,-0.24,0.67,34.12
1419,103768965,-994.63,-66.89,180.18,-2.01,-0.37,0.43,33.78
1420,103774760,-992.68,-63.96,174.80,-2.13,-0.61,0.79,33.78
1421,103778809,-992.68,-69.34,176.76,-1.83,-0.67,1.10,33.83
1422,103782859,-996.58,-68.36,180.18,-1.65,-0.73,1.34,33.49
1423,103786916,-992.68,-70.31,181.64,-1.95,-0.67,1.40,33.78
1424,103792760,-991.70,-66.89,178.22,-1.59,-1.10,1.83,33.78
1425,103796809,-994.63,-62.99,180.66,-1.59,-0.91,1.89,33.97
1426,103800859,-991.70,-61.52,180.66,-1.95,-1.10,1.77,33.83
1427,103804916,-995.61,-62.50,181.15,-1.83,-0.91,1.77,33.68
1428,103808965,-996.09,-63.96,173.83,-1.83,-1.16,1.40,33.78
1429,103813015,-997.56,-62.50,180.18,-1.95,-1.04,1.46,33.68
1430,103818760,-995.61,-62.50,180.18,-1.71,-1.04,1.16,33.83
1431,103822809,-993.65,-65.92,181.15,-1.77,-1.10,0.79,33.35
1432,103826859,-993.65,-59.08,183.59,-1.52,-1.10,0.91,33.68
1433,103830916,-992.19,-65.43,180.66,-1.22,-1.22,0.79,33.78
1434,103836760,-987.79,-64.94,179.69,-1.10,-1.40,0.79,33.64
1435,103840809,-982.91,-65.92,183.59,-0.98,-1.34,0.55,33.83
1436,103844859,-984.37,-66.89,184.08,-0.98,-1.22,0.37,33.88
1437,103848916,-983.89,-65.92,179.69,-0.55,-1.10,0.18,33.49
1438,103852965,-977.54,-62.01,185.06,-0.49,-1.34,0.49,33.78
1439,103858760,-981.45,-68.36,185.06,-0.55,-1.28,-0.18,33.68
1440,103862809,-987.79,-58.59,183.59,-0.18,-1.04,0.06,33.83
1441,103866859,-989.75,-57.62,178.71,0.00,-1.40,-0.18,33.97
1442,103870916,-988.77,-62.50,177.25,-0.12,-1.28,0.12,33.83
1443,103874965,-991.21,-60.55,177.73,-0.30,-1.04,0.06,33.68
1444,103880760,-991.70,-63.96,181.64,-0.30,-1.22,0.30,33.68
1445,103884809,-992.68,-58.59,179.20,-0.12,-1.40,0.55,33.49
1446,103888859,-989.75,-54.69,180.18,-0.18,-1.04,0.67,33.88
1447,103892916,-992.19,-55.18,180.18,-0.37,-1.10,0.67,33.83
1448,103896965,-993.16,-58.11,174.80,-0.06,-1.04,0.67,33.68
1449,103902760,-989.75,-50.29,177.25,-0.61,-0.91,0.91,33.59
1450,103906809,-996.58,-57.62,183.11,-0.73,-0.91,0.98,33.49
1451,103910859,-990.23,-55.66,186.04,-0.79,-0.85,0.85,33.78
1452,103914916,-993.65,-53.71,180.66,-0.73,-0.98,0.85,33.83
1453,103918965,-982.91,-47.85,183.11,-0.91,-0.49,0.85,33.44
1454,103924760,-991.70,-51.76,183.59,-1.16,-0.49,0.73,33.64
1455,103928809,-989.26,-52.73,185.06,-1.10,-0.18,0.37,33.44
1456,103932859,-988.77,-57.62,184.08,-1.16,0.18,0.43,33.88
1457,103936916,-991.70,-56.64,183.59,-1.59,-0.24,0.12,33.64
1458,103940965,-987.79,-62.99,185.55,-1.40,0.00,0.24,33.59
1459,103946760,-984.86,-63.96,187.99,-1.83,0.18,0.30,33.78
1460,103950809,-985.35,-60.06,191.41,-1.65,0.61,0.18,33.78
1461,103954859,-985.35,-58.11,189.94,-1.77,1.22,0.55,33.64
1462,103958916,-983.40,-50.78,194.34,-1.89,1.34,0.18,33.68
1463,103962965,-979.98,-55.66,188.96,-1.83,1.28,0.06,33.68
1464,103968760,-982.91,-53.22,189.45,-1.71,1.89,-0.18,33.97
1465,103972809,-981.45,-49.80,184.57,-2.13,2.13,-0.61,33.83
1466,103976859,-980.96,-49.80,181.64,-2.01,2.20,-0.73,33.68
1467,103980916,-979.98,-51.76,187.01,-2.20,2.44,-0.91,34.02
1468,103984965,-984.86,-47.36,186.52,-2.56,2.44,-1.28,33.68
1469,103990760,-985.35,-50.29,187.50,-2.38,2.68,-1.22,33.68
1470,103994809,-984.37,-51.27,181.64,-2.44,2.87,-1.46,33.78
1471,103998859,-987.30,-48.83,182.62,-2.56,2.99,-1.40,33.78
1472,104002916,-986.82,-46.39,177.73,-2.93,3.11,-1.77,33.64
1473,104006965,-991.21,-52.73,179.69,-3.11,3.29,-1.77,33.64
1474,104012760,-994.14,-55.18,179.69,-3.41,3.23,-1.89,33.97
1475,104016809,-992.68,-57.62,178.22,-3.35,3.41,-1.95,33.78
1476,104020859,-997.56,-61.04,179.20,-3.41,3.17,-1.83,33.68
1477,104024916,-1003.42,-66.41,175.29,-3.54,3.29,-1.59,34.02
1478,104030760,-999.51,-66.41,175.29,-3.35,3.23,-1.22,33.64
1479,104034809,-1002.93,-65.43,178.71,-3.54,3.17,-0.61,33.83
1480,104038859,-996.09,-72.75,176.76,-3.05,2.87,-0.18,33.68
1481,104042916,-1000.49,-74.22,173.83,-3.05,2.68,0.18,33.59
1482,104046965,-1000.49,-67.38,176.76,-2.99,2.87,0.24,33.97
1483,104052760,-999.51,-62.99,179.69,-2.93,2.26,0.43,33.64
1484,104056809,-1004.39,-61.04,174.80,-2.56,2.13,0.43,33.83
1485,104060859,-1008.30,-53.71,180.18,-2.56,1.89,0.00,33.59
1486,104064916,-1004.39,-53.71,178.22,-2.62,1.89,-0.18,33.44
1487,104068965,-1005.37,-54.20,175.29,-2.50,1.52,-0.30,33.78
1488,104074760,-1004.39,-49.80,175.29,-2.56,1.40,-1.04,33.59
1489,104078809,-1009.77,-56.15,180.18,-2.62,0.73,-1.22,33.83
1490,104082859,-1009.28,-54.20,169.43,-2.62,0.55,-1.59,33.68
1491,104086916,-1011.72,-62.01,176.27,-2.50,0.30,-1.71,33.64
1492,104090965,-1014.16,-69.34,179.20,-2.07,-0.37,-1.59,33.83
1493,104096760,-1005.86,-64.94,175.29,-2.20,-0.61,-1.22,33.78
1494,104100809,-1006.35,-69.82,176.76,-1.83,-1.22,-1.22,33.59
1495,104104859,-1004.39,-73.24,177.25,-1.65,-1.46,-1.04,34.02
1496,104108916,-1000.49,-74.71,169.43,-1.59,-1.71,-0.67,33.64
1497,104112965,-1001.46,-75.20,179.20,-1.59,-2.01,-0.61,33.78
1498,104118760,-1000.00,-73.24,179.20,-1.52,-2.20,-0.30,33.35
1499,104122809,-997.07,-70.80,175.29,-1.34,-2.50,-0.06,33.64
1500,104126859,-990.72,-71.29,181.15,-1.04,-2.62,0.24,33.88
1501,104130916,-993.65,-66.89,182.13,-1.34,-2.80,0.30,33.59
1502,104134965,-999.51,-66.41,181.15,-1.28,-3.05,0.49,33.64
1503,104140760,-993.16,-64.94,189.94,-1.22,-2.99,0.43,33.59
1504,104144809,-989.75,-62.99,186.04,-0.73,-3.35,0.55,33.49
1505,104148859,-988.77,-56.64,192.38,-0.98,-3.29,0.30,33.68
1506,104152916,-990.23,-54.20,186.04,-0.98,-3.05,0.37,33.64
1507,104156965,-984.37,-56.64,189.45,-1.16,-3.23,-0.06,33.49
1508,104162760,-985.35,-53.22,182.13,-1.52,-3.23,-0.18,33.64
1509,104166809,-987.30,-50.29,182.13,-1.52,-3.11,-0.67,33.83
1510,104170859,-981.93,-51.27,182.62,-1.71,-3.35,-0.85,33.83
1511,104174916,-983.89,-53.22,179.69,-1.40,-3.17,-0.85,33.88
1512,104178965,-981.45,-56.64,177.73,-1.65,-3.35,-1.28,33.64
1513,104184760,-982.91,-58.11,182.13,-1.77,-2.74,-1.22,33.78
1514,104188809,-984.86,-62.50,182.13,-1.89,-2.93,-1.16,33.68
1515,104192859,-981.45,-62.01,184.57,-1.77,-3.05,-1.16,33.64
1516,104196916,-982.42,-65.92,176.76,-2.07,-2.99,-0.79,33.68
1517,104200965,-982.91,-63.48,174.32,-2.07,-2.68,-0.73,33.88
1518,104206760,-984.86,-63.48,175.29,-2.13,-2.80,-0.30,33.78
1519,104210809,-980.96,-63.96,178.22,-2.01,-2.44,0.30,33.88
1520,104214859,-979.98,-60.06,179.20,-2.32,-2.50,0.37,33.88
1521,104218916,-981.45,-63.96,180.18,-2.38,-2.62,0.79,33.68
1522,104222965,-980.96,-64.45,178.71,-2.26,-2.26,1.04,33.83
1523,104228760,-978.03,-59.57,173.83,-2.38,-2.20,0.85,33.83
1524,104232809,-980.47,-56.15,179.69,-2.32,-2.20,0.79,33.78
1525,104236859,-985.84,-58.11,170.90,-2.38,-2.26,0.85,33.35
1526,104240916,-983.89,-60.55,174.80,-2.74,-2.20,0.49,33.88
1527,104246760,-986.82,-57.13,169.92,-2.62,-2.01,0.55,33.88
1528,104250809,-986.33,-62.99,173.83,-2.80,-2.13,0.49,33.64
1529,104254859,-984.86,-64.45,174.80,-2.80,-2.13,0.30,33.64
1530,104258916,-980.96,-67.87,170.90,-2.74,-1.83,0.18,33.59
1531,104262965,-984.86,-70.80,176.27,-2.99,-1.89,0.30,33.88
1532,104267015,-979.00,-77.64,173.34,-2.80,-2.07,0.37,33.78
1533,104272760,-980.47,-78.12,173.83,-2.68,-1.71,0.61,33.83
1534,104276809,-976.56,-73.73,173.83,-2.62,-1.71,0.98,33.78
1535,104280859,-977.54,-73.73,172.36,-2.13,-1.59,0.91,33.68
1536,104284916,-975.59,-80.08,176.27,-1.95,-1.65,1.10,33.59
1537,104290760,-973.63,-75.68,179.69,-2.20,-1.59,1.46,33.78
1538,104294809,-976.56,-68.36,175.29,-1.95,-1.46,1.28,33.88
1539,104298859,-980.47,-72.27,176.76,-1.59,-1.22,1.04,33.97
1540,104302916,-978.03,-70.31,173.83,-1.71,-1.16,1.22,33.49
1541,104306965,-981.93,-62.50,174.80,-1.59,-1.22,0.98,33.68
1542,104312760,-980.47,-61.52,179.20,-1.46,-0.91,0.55,33.59
1543,104316809,-986.82,-61.52,175.78,-1.77,-0.73,0.30,33.68
1544,104320859,-986.33,-63.48,174.32,-1.65,-0.73,-0.06,33.64
1545,104324916,-991.21,-64.45,178.71,-1.52,-0.37,-0.06,33.64
1546,104328965,-992.19,-64.94,176.76,-1.71,-0.43,-0.67,33.68
1547,104334760,-993.16,-61.04,170.41,-1.71,-0.61,-0.79,33.59
1548,104338809,-994.63,-66.41,171.39,-1.71,-0.37,-1.10,33.78
1549,104342859,-992.19,-64.45,169.43,-1.77,-0.30,-1.10,33.88
1550,104346916,-993.16,-72.75,169.92,-1.65,-0.43,-0.73,33.88
1551,104350965,-999.02,-79.10,170.90,-1.77,-0.18,-0.79,33.97
1552,104356760,-995.61,-81.05,169.92,-1.10,-0.49,-0.37,33.78
1553,104360809,-993.16,-75.20,170.90,-1.04,-0.55,0.24,33.64
1554,104364859,-993.65,-82.52,172.36,-0.91,-0.55,0.49,33.97
1555,104368916,-995.61,-76.66,173.83,-0.79,-0.85,0.67,33.83
1556,104372965,-997.07,-74.71,173.34,-0.61,-0.79,0.98,33.44
1557,104378760,-1000.49,-71.78,176.76,-0.61,-1.16,0.91,33.83
1558,104382809,-1001.46,-60.55,180.18,-0.24,-0.79,0.91,33.68
1559,104386859,-1002.44,-64.94,179.69,-0.37,-0.91,0.61,33.78
1560,104390916,-1003.42,-66.89,180.66,-0.24,-0.98,0.43,33.64
1561,104394965,-1001.95,-60.06,177.25,-0.12,-1.22,0.43,33.49
1562,104400760,-1000.00,-62.99,178.71,-0.12,-0.98,-0.06,33.68
1563,104404809,-1000.98,-55.66,184.08,-0.18,-1.40,-0.43,33.59
1564,104408859,-998.54,-58.11,185.06,-0.55,-1.34,-0.79,33.83
1565,104412916,-999.51,-58.59,180.66,-0.24,-1.89,-1.10,33.68
1566,104416965,-998.05,-58.11,181.15,-0.12,-1.59,-1.16,33.78
1567,104422760,-993.16,-56.64,181.64,-0.43,-1.89,-1.34,33.68
1568,104426809,-1000.49,-61.52,179.69,-0.67,-1.83,-1.46,33.59
1569,104430859,-998.54,-61.52,183.59,-0.61,-1.71,-1.10,33.68
1570,104434916,-997.07,-62.99,181.15,-0.73,-1.83,-1.22,33.88
1571,104438965,-994.63,-67.87,184.57,-0.85,-2.13,-0.79,33.83
1572,104444760,-998.05,-73.73,187.50,-0.61,-1.95,-0.55,33.97
1573,104448809,-990.72,-74.22,179.69,-0.55,-2.01,0.49,33.83
1574,104452859,-989.75,-71.78,181.15,-0.67,-2.20,0.85,33.59
1575,104456916,-987.79,-69.82,188.96,-0.49,-2.44,1.46,33.83
1576,104460965,-983.40,-71.78,188.96,-0.37,-2.38,1.71,33.83
1577,104466760,-987.30,-69.82,191.89,-0.43,-1.89,2.20,33.78
1578,104470809,-985.84,-62.01,183.59,-0.55,-2.07,2.62,33.83
1579,104474859,-983.89,-61.52,188.96,-0.37,-2.13,2.56,33.49
1580,104478916,-983.89,-60.06,189.45,-0.43,-1.89,2.56,33.88
1581,104484760,-985.84,-58.59,189.45,-0.79,-1.59,2.13,33.68
1582,104488809,-985.84,-54.20,194.82,-1.16,-1.59,1.52,33.59
1583,104492859,-983.89,-56.64,191.89,-1.10,-1.10,1.16,33.64
1584,104496916,-985.84,-56.64,191.89,-1.22,-0.85,0.73,33.59
1585,104500965,-988.77,-54.20,192.38,-1.52,-0.67,0.24,33.59
1586,104506760,-986.82,-58.59,190.43,-1.52,-0.61,-0.37,33.88
1587,104510809,-988.77,-58.11,193.36,-1.71,-0.43,-1.04,33.59
1588,104514859,-985.84,-63.48,190.43,-1.83,-0.49,-1.04,33.88
1589,104518916,-986.82,-64.45,192.38,-1.59,-0.73,-1.22,33.64
1590,104522965,-985.84,-68.85,188.48,-1.89,-0.73,-1.34,33.97
1591,104528760,-988.28,-64.94,186.04,-1.71,-0.55,-1.28,33.83
1592,104532809,-988.77,-63.48,184.08,-1.89,-0.85,-1.40,33.83
1593,104536859,-990.23,-67.38,184.08,-1.59,-0.91,-1.22,33.78
1594,104540916,-990.72,-65.43,180.66,-1.52,-1.04,-0.85,33.64
1595,104544965,-994.14,-68.36,181.64,-1.22,-0.91,-0.73,33.97
1596,104550760,-989.26,-69.82,183.59,-1.34,-1.46,-0.85,33.88
1597,104554809,-986.33,-67.87,185.06,-1.40,-1.52,-0.37,33.44
1598,104558859,-995.61,-69.82,175.78,-1.16,-1.52,0.06,33.59
1599,104562916,-997.56,-63.48,179.69,-1.22,-1.77,0.12,33.97
1600,104566965,-997.07,-65.43,182.13,-0.85,-2.01,0.37,33.59
1601,104572760,-995.12,-65.43,186.52,-1.10,-2.13,0.43,33.83
1602,104576809,-994.14,-64.45,186.04,-1.22,-2.26,0.49,33.64
1603,104580859,-993.16,-64.94,187.01,-1.28,-2.20,0.55,33.78
1604,104584916,-990.23,-59.57,189.94,-1.04,-2.32,0.79,33.59
1605,104588965,-990.23,-60.06,191.41,-1.34,-2.44,0.61,33.35
1606,104594760,-986.82,-61.52,186.04,-1.40,-2.26,0.79,33.78
1607,104598809,-984.86,-61.52,189.45,-1.40,-2.07,0.61,33.30
1608,104602859,-983.89,-56.64,184.57,-1.28,-2.07,0.30,33.64
1609,104606916,-984.86,-64.94,187.99,-1.77,-1.89,0.37,33.83
1610,104610965,-983.89,-63.48,186.04,-1.59,-1.71,0.30,33.49
1611,104616760,-986.82,-66.89,185.06,-1.40,-1.83,0.00,33.64
1612,104620809,-989.26,-65.43,187.01,-1.40,-1.71,-0.12,33.83
1613,104624859,-982.91,-67.38,180.66,-1.52,-1.52,-0.06,33.83
1614,104628916,-983.40,-68.36,179.20,-1.65,-1.28,-0.24,33.83
1615,104632965,-983.89,-69.82,182.13,-1.65,-1.28,-0.30,33.59
1616,104638760,-979.98,-75.20,177.25,-1.52,-1.10,-0.12,33.83
1617,104642809,-980.96,-73.73,181.15,-1.52,-1.34,-0.06,33.78
1618,104646859,-976.56,-77.64,180.18,-1.40,-1.28,0.24,33.83
1619,104650916,-979.49,-79.59,178.71,-1.22,-1.10,0.12,33.88
1620,104654965,-976.07,-79.10,172.85,-1.04,-1.28,0.43,33.64
1621,104660760,-980.96,-74.22,178.71,-1.04,-1.22,0.43,33.68
1622,104664809,-977.54,-76.17,174.32,-0.98,-1.16,0.37,33.83
1623,104668859,-984.37,-71.78,172.85,-1.04,-1.04,0.73,33.49
1624,104672916,-979.98,-67.87,172.36,-0.49,-0.98,0.49,33.78
1625,104676965,-980.96,-69.82,175.29,-0.55,-0.91,0.67,33.88
1626,104682760,-975.10,-74.22,182.13,-0.61,-1.04,0.79,33.78
1627,104686809,-981.45,-69.82,184.57,-0.61,-0.67,0.73,33.88
1628,104690859,-982.91,-65.43,183.59,-0.43,-0.73,0.91,33.64
1629,104694916,-984.37,-64.94,185.55,-0.24,-0.55,0.85,33.88
1630,104700760,-988.77,-61.52,187.01,-0.37,-0.49,0.98,33.83
1631,104704809,-981.93,-61.52,184.57,-0.43,-0.24,0.79,33.97
1632,104708859,-990.72,-57.13,179.20,-0.55,-0.06,0.37,33.64
1633,104712916,-982.91,-58.11,185.55,-0.43,-0.12,0.00,33.49
1634,104716965,-985.84,-63.96,183.59,-0.49,0.06,-0.06,33.78
1635,104722760,-986.33,-68.36,180.66,-0.43,0.24,-0.18,33.78
1636,104726809,-983.89,-66.89,184.57,-0.67,0.24,-0.12,33.68
1637,104730859,-978.03,-67.87,185.06,-0.37,0.49,0.00,33.97
1638,104734916,-986.33,-67.38,184.08,-0.55,0.61,0.06,33.64
1639,104738965,-983.89,-65.92,182.13,-0.61,0.61,0.00,33.83
1640,104744760,-985.84,-64.45,180.18,-0.49,0.73,0.00,33.59
1641,104748809,-988.28,-64.94,179.69,-0.67,0.67,-0.18,33.68
1642,104752859,-988.28,-65.92,180.66,-0.61,0.37,-0.06,34.02
1643,104756916,-988.28,-65.43,182.13,-0.61,0.30,0.24,33.88
1644,104760965,-989.26,-68.36,175.78,-0.49,0.55,0.85,33.78
1645,104766760,-989.75,-63.48,177.73,-0.67,0.00,0.98,33.88
1646,104770809,-989.75,-62.01,180.18,-0.55,0.43,1.34,33.83
1647,104774859,-988.77,-63.96,184.08,-0.61,0.49,1.40,33.83
1648,104778916,-991.21,-58.11,185.06,-0.30,0.18,1.71,33.83
1649,104782965,-988.77,-62.01,184.08,-0.37,0.24,1.40,33.88
1650,104788760,-992.68,-63.96,185.55,-0.49,0.12,1.52,33.64
1651,104792809,-990.23,-61.52,188.96,-0.49,0.00,1.34,33.49
1652,104796859,-987.79,-63.48,185.06,-0.49,-0.24,1.46,33.83
1653,104800916,-984.86,-58.11,186.04,-0.43,-0.37,1.83,33.83
1654,104804965,-990.23,-60.06,187.50,-0.30,-0.24,1.65,33.83
1655,104810760,-984.86,-57.13,187.01,-0.37,-0.43,1.52,33.25
1656,104814809,-989.75,-59.57,186.04,-0.12,-0.61,1.22,33.64
1657,104818859,-985.35,-62.01,189.94,0.06,-0.98,1.28,33.83
1658,104822916,-987.30,-60.06,189.45,0.18,-0.85,1.28,33.88
1659,104826965,-992.68,-68.36,189.94,0.06,-0.98,1.16,33.49
1660,104832760,-989.26,-68.85,185.55,-0.06,-1.34,1.46,33.49
1661,104836809,-993.16,-72.27,183.59,0.24,-1.59,1.46,33.64
1662,104840859,-997.56,-68.36,189.94,0.24,-1.71,1.77,33.68
1663,104844916,-995.61,-69.82,188.48,0.24,-1.40,2.20,33.88
1664,104848965,-997.07,-72.75,186.52,0.37,-1.77,2.44,33.64
1665,104854760,-997.56,-73.24,184.08,0.43,-1.77,2.68,33.68
1666,104858809,-994.14,-73.24,187.50,0.43,-1.89,3.11,33.68
1667,104862859,-990.72,-80.08,187.50,0.79,-1.89,3.29,33.88
1668,104866916,-989.75,-70.31,184.57,0.67,-2.07,3.78,33.83
1669,104870965,-987.30,-67.87,187.99,0.79,-1.89,4.09,33.59
1670,104876760,-995.12,-60.55,186.52,0.49,-2.01,4.15,33.88
1671,104880809,-993.65,-50.78,191.89,0.43,-1.83,3.96,33.68
1672,104884859,-993.16,-47.36,195.80,0.49,-1.71,3.66,33.88
1673,104888916,-996.58,-43.95,201.66,0.00,-1.52,2.99,33.88
1674,104892965,-996.58,-43.95,191.89,-0.24,-1.77,2.38,33.78
1675,104898760,-995.12,-35.64,191.89,-0.61,-1.40,1.59,33.78
1676,104902809,-998.54,-39.55,193.36,-0.98,-1.34,0.55,33.68
1677,104906859,-999.51,-43.46,195.31,-1.16,-1.16,0.43,33.64
1678,104910916,-1001.46,-45.41,198.24,-1.10,-0.79,-0.12,33.83
1679,104914965,-1007.81,-49.80,201.17,-1.52,-0.85,-0.61,33.88
1680,104920760,-1004.39,-53.71,195.31,-1.77,-0.67,-0.55,33.59
1681,104924809,-1002.44,-55.18,189.45,-1.83,-0.55,-0.98,33.64
1682,104928859,-1000.00,-65.92,193.36,-1.83,-0.49,-1.10,33.49
1683,104932916,-1002.93,-69.82,187.99,-2.01,-0.49,-0.67,33.83
1684,104938760,-1000.98,-74.22,191.89,-1.83,-0.61,-0.37,33.59
1685,104942809,-999.51,-77.64,187.50,-1.95,-0.85,0.12,33.88
1686,104946859,-995.12,-79.59,189.45,-1.77,-0.91,0.67,33.78
1687,104950916,-994.14,-76.17,187.01,-1.65,-0.98,0.55,33.64
1688,104954965,-1000.00,-79.10,184.08,-1.59,-0.98,1.04,33.68
1689,104960760,-992.68,-79.59,187.50,-1.52,-1.16,1.52,33.78
1690,104964809,-996.09,-71.78,186.52,-1.34,-1.04,1.59,33.64
1691,104968859,-999.51,-68.36,186.52,-1.22,-1.22,1.77,33.83
1692,104972916,-998.54,-67.87,184.57,-1.16,-1.46,1.52,33.59
1693,104976965,-1000.98,-71.29,182.62,-1.22,-0.91,1.28,34.02
1694,104982760,-1000.00,-64.94,187.01,-1.40,-1.28,1.22,33.68
1695,104986809,-996.58,-65.92,184.57,-1.16,-1.34,0.85,33.68
1696,104990859,-998.54,-66.89,186.04,-1.16,-1.40,0.49,33.88
1697,104994916,-999.51,-67.38,187.99,-1.16,-1.28,0.73,33.68
1698,104998965,-996.09,-62.50,192.38,-1.22,-1.52,0.37,33.88
1699,105004760,-995.61,-62.50,187.01,-1.10,-1.40,0.12,33.68
1700,105008809,-986.82,-64.94,187.50,-0.79,-1.71,-0.30,33.68
1701,105012859,-984.86,-64.45,187.99,-0.67,-1.65,-0.49,33.97
1702,105016916,-984.86,-61.52,194.82,-0.73,-1.46,-0.43,33.64
1703,105020965,-975.59,-63.96,186.52,-0.24,-1.71,-0.61,33.78
1704,105026760,-974.61,-62.99,188.96,-0.30,-1.95,-0.55,33.68
1705,105030809,-974.61,-62.50,188.48,0.06,-1.65,-0.73,33.59
1706,105034859,-975.10,-56.15,189.94,0.30,-1.59,-0.73,33.78
1707,105038916,-976.07,-53.71,187.50,0.06,-1.71,-1.22,33.78
1708,105042965,-983.89,-50.29,187.01,0.00,-1.34,-1.28,33.83
1709,105048760,-981.45,-50.29,186.52,-0.55,-1.46,-1.71,33.64
1710,105052809,-983.40,-53.71,189.94,-0.49,-1.40,-1.89,33.64
1711,105056859,-986.33,-51.27,186.52,-0.67,-1.28,-1.89,33.64
1712,105060916,-985.35,-55.66,187.01,-0.73,-1.22,-1.59,33.88
1713,105064965,-981.93,-59.08,187.50,-0.91,-1.16,-1.46,33.49
1714,105070760,-984.37,-60.55,187.50,-0.91,-0.98,-1.22,33.64
1715,105074809,-979.00,-51.76,185.06,-0.91,-0.98,-0.49,33.64
1716,105078859,-981.45,-54.69,183.11,-0.73,-1.10,-0.55,33.88
1717,105082916,-975.10,-58.11,187.01,-0.67,-0.98,0.00,34.02
1718,105086965,-970.21,-52.25,183.11,-0.79,-0.91,0.18,33.49
1719,105092760,-970.70,-53.22,188.96,-0.79,-0.85,0.67,33.78
1720,105096809,-971.68,-50.29,189.45,-0.67,-0.73,0.79,33.83
1721,105100859,-968.26,-46.87,188.96,-0.85,-0.73,0.61,33.78
1722,105104916,-974.61,-49.32,192.38,-0.91,-0.24,0.67,33.83
1723,105108965,-967.77,-49.32,190.43,-1.04,-0.49,0.61,33.64
1724,105114760,-974.12,-48.34,187.01,-1.59,-0.43,0.43,33.78
1725,105118809,-971.19,-46.39,185.06,-1.59,-0.18,0.67,33.64
1726,105122859,-974.61,-49.32,190.43,-1.59,-0.18,0.73,33.59
1727,105126916,-973.63,-51.76,193.36,-1.83,-0.24,0.55,33.97
1728,105130965,-981.45,-56.15,182.62,-1.71,0.00,0.55,33.88
1729,105136760,-977.54,-55.66,185.55,-1.83,-0.24,0.79,33.83
1730,105140809,-977.05,-58.59,184.08,-1.52,-0.12,1.22,33.78
1731,105144859,-973.63,-69.82,182.13,-1.46,0.00,1.40,33.49
1732,105148916,-974.61,-67.38,181.15,-1.71,-0.12,1.71,33.64
1733,105154760,-976.07,-68.36,184.57,-1.52,0.12,2.20,34.02
1734,105158809,-974.12,-63.48,182.13,-1.34,0.12,2.20,33.78
1735,105162859,-979.49,-62.50,189.94,-1.10,0.37,1.89,33.83
1736,105166916,-973.63,-61.52,187.50,-1.34,-0.06,1.95,33.49
1737,105170965,-972.66,-61.04,189.94,-1.22,0.18,1.83,34.12
1738,105176760,-983.89,-54.69,187.50,-1.34,0.55,1.71,33.64
1739,105180809,-982.42,-58.59,185.06,-1.22,0.43,1.40,34.02
1740,105184859,-980.96,-61.04,181.64,-0.98,0.37,1.16,33.78
1741,105188916,-986.82,-61.04,186.52,-1.22,0.43,0.98,33.64
1742,105192965,-987.30,-63.48,181.15,-1.16,0.55,0.79,33.88
1743,105198760,-987.79,-61.04,186.52,-1.22,0.49,0.73,33.64
1744,105202809,-995.61,-60.55,184.57,-1.22,0.24,0.79,33.68
1745,105206859,-994.63,-60.06,182.62,-1.40,0.43,0.67,33.78
1746,105210916,-997.56,-61.52,179.69,-0.98,0.61,0.67,33.88
1747,105214965,-998.05,-60.55,183.59,-1.52,0.55,0.79,33.83
1748,105220760,-995.61,-62.50,186.04,-1.28,0.55,0.49,33.78
1749,105224809,-1001.95,-62.50,182.13,-1.34,0.30,0.73,33.64
1750,105228859,-999.02,-66.41,177.25,-1.46,0.49,0.91,33.68
1751,105232916,-1000.00,-67.38,178.71,-1.22,0.12,0.73,33.83
1752,105236965,-1000.00,-62.99,181.15,-0.98,0.12,0.85,33.68
1753,105242760,-1002.93,-64.94,185.06,-0.98,0.30,0.98,33.59
1754,105246809,-999.02,-63.48,181.64,-0.73,-0.06,1.34,33.88
1755,105250859,-1001.46,-63.48,182.13,-0.61,-0.24,1.10,34.12
1756,105254916,-1003.42,-57.13,181.64,-0.73,-0.12,1.10,33.64
1757,105258965,-1003.42,-62.99,188.48,-0.61,-0.37,1.16,33.59
1758,105264760,-1002.44,-56.64,189.45,-1.10,-0.06,0.91,33.64
1759,105268809,-998.05,-59.57,185.55,-0.49,-0.24,0.49,33.83
1760,105272859,-999.51,-60.06,188.96,-0.55,-0.55,0.55,33.88
1761,105276916,-1005.86,-58.11,185.55,-0.67,-0.85,0.49,33.83
1762,105280965,-1003.42,-60.55,185.55,-0.55,-0.79,0.49,33.68
1763,105286760,-1002.93,-54.20,187.50,-0.37,-1.04,0.73,33.59
1764,105290809,-1004.88,-62.01,186.52,-0.37,-1.28,0.37,33.64
1765,105294859,-1000.98,-55.18,189.45,-0.49,-1.28,0.67,33.78
1766,105298916,-999.02,-52.25,183.11,-0.24,-1.28,0.43,33.64
1767,105302965,-996.09,-52.73,181.15,-0.43,-1.34,0.55,33.35
1768,105308760,-997.07,-53.71,187.01,-0.37,-1.34,0.06,33.97
1769,105312809,-990.72,-60.55,188.48,-0.79,-1.40,-0.06,33.68
1770,105316859,-989.75,-60.06,186.04,-0.67,-1.46,0.30,33.64
1771,105320916,-988.28,-63.48,183.59,-0.73,-1.40,0.18,33.59
1772,105324965,-992.19,-64.45,182.62,-0.85,-1.52,0.06,33.83
1773,105330760,-988.77,-65.92,185.55,-0.73,-1.46,0.49,33.97
1774,105334809,-988.77,-71.78,186.52,-0.61,-1.65,0.85,33.83
1775,105338859,-984.37,-75.68,189.94,-0.55,-1.71,1.16,33.88
1776,105342916,-990.23,-75.20,187.50,-0.55,-1.65,1.34,33.68
1777,105346965,-989.26,-67.38,187.50,-0.18,-1.40,1.77,33.68
1778,105352760,-987.79,-68.85,185.06,-0.30,-1.40,2.07,33.78
1779,105356809,-977.54,-71.78,191.41,-0.30,-1.28,2.20,33.88
1780,105360859,-979.49,-66.41,191.89,-0.30,-1.04,2.07,33.64
1781,105364916,-985.35,-67.38,193.85,-0.18,-0.98,2.26,33.88
1782,105370760,-979.00,-62.50,193.36,-0.18,-0.85,2.13,33.83
1783,105374809,-978.03,-62.99,197.27,-0.06,-0.55,2.01,33.83
1784,105378859,-978.03,-55.18,192.38,0.06,-0.30,1.28,33.97
1785,105382916,-981.45,-49.80,196.78,-0.18,-0.30,0.79,33.78
1786,105386965,-979.00,-47.36,192.87,-0.30,-0.06,0.43,33.97
1787,105391015,-984.86,-51.27,189.94,-0.49,0.24,-0.12,33.78
1788,105396760,-982.91,-44.43,190.92,-0.61,0.30,-0.73,33.78
1789,105400809,-986.82,-47.85,190.92,-0.61,0.49,-1.22,33.83
1790,105404859,-985.35,-48.34,188.96,-0.85,0.61,-1.65,33.83
1791,105408916,-984.86,-44.92,186.52,-0.98,0.73,-1.77,33.78
1792,105414760,-987.30,-47.85,184.57,-0.98,0.73,-1.89,33.83
1793,105418809,-988.28,-50.78,186.52,-1.34,0.85,-2.32,33.64
1794,105422859,-988.77,-57.62,183.11,-1.59,0.73,-2.20,34.02
1795,105426916,-992.68,-64.45,182.62,-1.34,0.79,-2.01,33.59
1796,105430965,-994.63,-62.99,181.64,-1.22,0.67,-1.65,33.68
1797,105436760,-987.30,-66.89,185.55,-1.28,0.61,-1.28,33.83
1798,105440809,-990.23,-64.45,181.15,-1.04,0.61,-0.37,33.88
1799,105444859,-994.14,-70.80,188.48,-1.10,0.18,0.18,33.68
1800,105448916,-995.12,-67.87,181.64,-0.79,0.24,0.85,33.83
1801,105452965,-993.65,-61.04,181.64,-0.67,-0.06,1.16,33.59
1802,105458760,-989.75,-57.62,188.48,-0.61,-0.30,1.89,33.49
1803,105462809,-990.23,-58.11,185.06,-0.43,-0.73,2.20,33.64
1804,105466859,-987.79,-60.55,187.01,-0.61,-0.55,2.20,33.83
1805,105470916,-988.28,-55.18,188.96,-0.55,-0.43,2.07,33.59
1806,105474965,-986.82,-54.69,187.01,-0.73,-0.61,2.07,33.78
1807,105480760,-988.77,-51.76,189.94,-0.91,-1.04,1.59,33.49
1808,105484809,-992.68,-48.83,188.96,-0.79,-1.04,1.10,33.35
1809,105488859,-991.70,-50.29,187.50,-0.73,-1.28,0.98,33.78
1810,105492916,-990.23,-57.62,192.38,-0.85,-1.22,0.30,33.78
1811,105496965,-986.82,-59.08,186.52,-0.79,-1.22,0.43,33.68
1812,105502760,-983.40,-62.50,189.45,-0.67,-1.34,0.00,33.35
1813,105506809,-984.86,-64.94,186.52,-0.55,-1.65,0.18,33.49
1814,105510859,-983.89,-66.41,193.36,-0.67,-1.59,0.12,33.59
1815,105514916,-984.37,-66.89,193.85,-0.37,-1.71,0.18,33.83
1816,105518965,-982.91,-62.99,192.87,-0.18,-1.71,0.55,33.49
1817,105524760,-986.33,-62.99,192.87,0.06,-1.59,0.43,33.44
1818,105528809,-983.89,-68.36,191.89,0.00,-1.89,0.79,33.88
1819,105532859,-982.42,-62.01,196.29,0.06,-1.77,0.85,33.88
1820,105536916,-980.96,-57.62,196.29,0.12,-1.95,1.16,33.59
1821,105540965,-979.00,-56.15,195.31,0.30,-2.01,1.16,33.68
1822,105546760,-979.00,-53.71,194.82,0.24,-1.71,1.10,34.21
1823,105550809,-980.47,-50.78,196.78,0.06,-1.52,1.16,33.88
1824,105554859,-978.03,-49.80,194.82,0.18,-1.52,0.98,33.68
1825,105558916,-984.86,-46.87,198.24,-0.12,-1.52,0.73,33.88
1826,105562965,-986.82,-43.95,194.34,-0.49,-1.46,0.30,33.78
1827,105568760,-981.93,-43.46,188.48,-0.85,-1.59,0.49,33.68
1828,105572809,-983.40,-50.78,190.43,-0.79,-1.22,0.12,33.68
1829,105576859,-985.84,-53.22,190.92,-1.04,-1.22,0.18,33.64
1830,105580916,-984.86,-48.34,185.06,-1.10,-1.46,0.43,33.49
1831,105584965,-979.49,-54.20,188.96,-0.91,-1.46,0.67,33.88
1832,105590760,-980.96,-53.71,189.94,-1.22,-1.28,1.04,33.64
1833,105594809,-980.47,-57.62,187.99,-1.22,-1.65,0.91,33.78
1834,105598859,-977.54,-57.62,188.48,-0.91,-1.34,1.34,33.78
1835,105602916,-977.54,-61.04,187.99,-1.46,-1.40,1.77,33.97
1836,105608760,-977.05,-56.15,187.50,-1.28,-1.34,1.83,33.88
1837,105612809,-979.00,-57.13,187.99,-1.04,-1.16,1.95,33.78
1838,105616859,-981.93,-52.25,185.55,-1.10,-1.10,2.20,33.97
1839,105620916,-984.86,-53.22,189.94,-1.34,-1.22,2.01,33.59
1840,105624965,-982.91,-51.76,188.48,-1.34,-0.98,2.13,33.88
1841,105630760,-984.86,-52.25,192.38,-1.16,-0.98,2.07,34.02
1842,105634809,-986.82,-54.20,190.43,-1.59,-0.79,2.13,33.88
1843,105638859,-991.70,-51.27,189.94,-1.83,-0.85,2.13,33.97
1844,105642916,-991.70,-52.73,189.94,-1.71,-0.91,1.71,33.78
1845,105646965,-989.75,-54.20,189.45,-1.71,-0.55,2.01,33.68
1846,105652760,-988.28,-55.66,187.99,-1.52,-0.43,1.52,33.83
1847,105656809,-985.35,-58.11,187.99,-1.77,-0.61,1.65,33.78
1848,105660859,-987.79,-57.13,186.04,-1.71,-0.30,1.59,33.83
1849,105664916,-992.19,-60.55,184.57,-1.40,-0.24,1.46,33.68
1850,105668965,-988.28,-61.04,182.13,-1.59,-0.55,1.65,33.78
1851,105674760,-992.19,-60.55,185.06,-1.77,-0.37,1.59,33.78
1852,105678809,-991.70,-62.50,183.59,-1.34,-0.37,1.65,33.64
1853,105682859,-987.79,-61.52,185.55,-1.22,-0.55,1.77,33.78
1854,105686916,-987.79,-65.43,182.62,-1.22,-0.67,1.71,34.02
1855,105690965,-989.26,-58.11,186.04,-1.52,-0.30,1.34,33.78
1856,105696760,-992.68,-56.64,188.96,-1.40,-0.37,1.59,33.68
1857,105700809,-992.68,-62.50,185.06,-1.34,-0.18,1.46,33.78
1858,105704859,-995.12,-56.64,190.43,-1.34,-0.18,1.22,33.88
1859,105708916,-993.65,-64.45,186.52,-1.40,-0.24,1.16,33.78
1860,105712965,-997.56,-62.99,186.52,-1.40,-0.06,1.28,33.64
1861,105718760,-996.09,-63.48,186.04,-1.16,-0.24,1.46,33.64
1862,105722809,-995.61,-60.06,187.50,-0.85,-0.30,1.46,33.49
1863,105726859,-990.72,-60.55,189.94,-0.98,-0.06,1.40,33.83
1864,105730916,-989.75,-62.01,190.92,-0.79,0.00,1.52,33.78
1865,105734965,-991.21,-64.45,188.96,-0.67,-0.06,1.40,33.49
1866,105740760,-989.26,-58.59,193.36,-0.43,-0.06,1.28,33.49
1867,105744809,-984.86,-60.06,190.43,-0.24,0.12,0.91,33.78
1868,105748859,-986.82,-55.18,189.94,-0.43,0.12,0.91,33.83
1869,105752916,-987.79,-53.22,192.38,-0.43,0.12,0.49,33.78
1870,105756965,-988.28,-46.87,188.96,-0.37,0.06,0.55,33.78
1871,105762760,-989.75,-45.41,187.01,-0.61,0.06,-0.12,33.83
1872,105766809,-994.63,-48.83,187.50,-0.43,-0.18,-0.12,33.97
1873,105770859,-994.14,-51.27,195.31,-0.79,-0.18,-0.30,33.78
1874,105774916,-994.63,-51.27,195.31,-0.61,-0.06,-0.43,34.02
1875,105778965,-991.70,-55.18,191.41,-0.91,-0.12,0.06,33.59
1876,105784760,-994.14,-56.64,188.48,-0.61,-0.37,0.06,33.83
1877,105788809,-988.77,-58.11,191.41,-0.73,-0.30,0.55,33.88
1878,105792859,-991.70,-50.78,189.45,-0.79,-0.30,1.04,33.59
1879,105796916,-990.23,-54.20,190.92,-0.49,-0.43,1.28,33.88
1880,105800965,-989.26,-54.20,190.43,-0.67,-0.43,1.59,33.78
1881,105806760,-989.75,-51.27,190.92,-0.67,-0.67,1.89,33.64
1882,105810809,-984.86,-55.18,190.92,-0.61,-0.55,2.01,33.49
1883,105814859,-985.35,-53.22,188.48,-0.61,-0.67,2.32,33.49
1884,105818916,-986.33,-47.85,190.43,-0.43,-0.61,2.38,33.44
1885,105824760,-988.28,-47.85,196.29,-0.43,-0.67,2.44,33.83
1886,105828809,-990.23,-33.69,193.85,-0.30,-0.61,2.68,33.78
1887,105832859,-985.35,-37.60,191.41,-0.61,-0.61,2.13,33.83
1888,105836916,-987.30,-35.16,191.89,-0.79,-0.37,1.83,33.64
1889,105840965,-985.84,-34.18,188.48,-0.73,-0.55,1.28,33.59
1890,105845015,-986.82,-31.25,192.87,-1.04,-0.24,0.73,33.59
1891,105850760,-993.65,-35.64,188.48,-1.04,-0.43,0.49,33.68
1892,105854809,-995.12,-38.57,190.43,-1.34,-0.24,0.12,33.68
1893,105858859,-990.72,-42.97,187.50,-1.34,-0.37,-0.06,33.83
1894,105862916,-994.63,-41.99,190.43,-1.83,-0.30,-0.06,33.64
1895,105868760,-996.09,-47.85,188.48,-1.95,-0.43,0.12,33.68
1896,105872809,-991.70,-57.13,191.89,-1.95,-0.55,0.30,33.83
1897,105876859,-993.65,-60.55,192.38,-2.32,-0.55,0.24,33.64
1898,105880916,-993.16,-62.99,187.50,-1.89,-0.55,0.73,33.59
1899,105884965,-993.65,-66.41,185.55,-1.77,-0.49,1.22,33.83
1900,105890760,-997.07,-64.94,192.38,-1.89,-0.55,1.65,33.88
1901,105894809,-992.19,-69.34,193.36,-1.46,-0.61,2.74,33.88
1902,105898859,-987.30,-72.75,190.92,-1.46,-0.73,2.38,33.88
1903,105902916,-996.58,-62.99,188.48,-1.65,-0.55,2.68,33.49
1904,105906965,-990.72,-58.11,186.52,-1.22,-0.49,2.93,33.64
1905,105912760,-988.77,-60.55,193.36,-1.40,-0.61,2.68,33.68
1906,105916809,-991.70,-52.73,192.38,-1.10,-0.37,2.44,33.83
1907,105920859,-991.21,-48.34,199.71,-1.22,-0.43,2.20,33.88
1908,105924916,-992.68,-51.27,195.31,-1.04,-0.55,1.77,33.78
1909,105928965,-994.63,-49.32,193.36,-0.98,-0.24,1.28,33.83
1910,105934760,-994.14,-48.34,194.82,-0.98,-0.24,0.79,33.64
1911,105938809,-994.63,-47.85,191.89,-1.10,0.06,0.37,33.64
1912,105942859,-999.02,-48.34,192.87,-1.22,-0.12,0.30,33.64
1913,105946916,-997.07,-48.83,193.36,-1.40,0.00,-0.61,33.68
1914,105950965,-997.07,-46.87,189.94,-1.10,0.00,-0.79,33.59
1915,105956760,-995.12,-45.41,190.43,-1.28,-0.18,-1.04,33.64
1916,105960809,-991.70,-49.32,183.59,-1.28,-0.06,-1.04,33.64
1917,105964859,-993.65,-56.64,188.48,-1.34,-0.12,-1.34,33.59
1918,105968916,-990.72,-56.15,183.59,-1.34,-0.06,-1.22,33.68
1919,105972965,-996.09,-60.06,181.64,-1.22,-0.49,-0.98,33.64
1920,105978760,-992.68,-59.57,184.57,-1.10,-0.61,-0.43,33.78
1921,105982809,-989.26,-57.13,183.11,-0.91,-0.79,0.00,33.64
1922,105986859,-994.63,-51.27,186.04,-0.91,-0.43,0.24,33.59
1923,105990916,-997.56,-53.22,185.06,-0.91,-0.67,0.67,33.68
1924,105994965,-994.14,-49.80,187.01,-0.67,-0.73,0.73,33.44
1925,106000760,-1001.46,-43.95,184.57,-0.91,-0.91,0.85,33.88
1926,106004809,-993.16,-41.99,186.04,-0.91,-0.67,0.85,33.83
1927,106008859,-995.12,-41.99,187.01,-0.79,-0.61,0.73,33.78
1928,106012916,-998.54,-43.95,188.96,-0.79,-0.43,0.85,33.88
1929,106016965,-996.58,-39.06,188.48,-0.98,-0.61,0.79,33.78
1930,106022760,-994.14,-38.57,180.66,-1.04,-0.43,0.43,33.68
1931,106026809,-995.12,-41.02,188.96,-1.40,-0.37,-0.18,33.83
1932,106030859,-990.72,-41.99,184.08,-1.34,-0.55,0.00,33.49
1933,106034916,-992.19,-48.34,185.06,-1.52,-0.49,-0.43,33.68
1934,106038965,-995.61,-45.41,184.57,-1.46,-0.49,-0.67,33.64
1935,106044760,-990.72,-51.76,184.57,-1.52,-0.61,-0.73,33.83
1936,106048809,-985.84,-60.06,181.64,-1.46,-0.37,-0.43,33.83
1937,106052859,-987.30,-63.48,182.13,-1.46,-0.61,0.00,33.64
1938,106056916,-991.21,-60.55,182.62,-1.04,-0.67,0.18,33.78
1939,106062760,-992.19,-70.80,183.11,-1.16,-0.55,0.49,33.97
1940,106066809,-983.40,-65.43,178.71,-0.79,-1.10,0.61,33.88
1941,106070859,-984.86,-59.57,174.32,-0.61,-1.16,0.67,33.83
1942,106074916,-984.37,-60.06,182.13,-0.67,-1.10,0.67,33.68
1943,106078965,-984.37,-59.57,182.13,-0.49,-1.10,0.73,33.88
1944,106084760,-985.84,-56.64,180.66,-0.49,-1.16,0.55,33.88
1945,106088809,-980.96,-51.76,178.22,-0.30,-1.10,0.67,33.97
1946,106092859,-984.37,-55.66,182.62,-0.43,-1.10,0.43,33.88
1947,106096916,-985.35,-48.34,177.73,-0.55,-1.22,0.00,33.49
1948,106100965,-980.47,-49.80,174.32,-0.55,-1.34,0.06,33.59
1949,106106760,-983.40,-49.32,179.20,-0.61,-1.16,-0.43,33.64
1950,106110809,-979.49,-53.22,186.04,-0.30,-1.40,-0.67,33.78
1951,106114859,-979.49,-55.66,183.59,-0.30,-1.59,-0.79,33.59
1952,106118916,-976.07,-57.13,186.04,-0.24,-1.77,-0.98,33.88
1953,106122965,-975.59,-61.04,184.08,-0.06,-1.65,-0.49,33.64
1954,106128760,-972.17,-56.64,187.50,0.18,-1.34,-0.18,33.78
1955,106132809,-972.66,-55.66,189.94,0.24,-1.46,0.00,33.59
1956,106136859,-974.12,-60.06,188.96,0.43,-1.34,0.24,33.88
1957,106140916,-973.63,-52.25,188.48,0.12,-1.28,0.30,33.64
1958,106144965,-977.05,-50.29,186.52,0.00,-1.10,0.37,33.88
1959,106150760,-976.56,-46.39,189.45,0.06,-1.16,0.37,33.64
1960,106154809,-980.96,-49.80,191.89,-0.12,-0.91,0.24,33.59
1961,106158859,-977.54,-49.32,190.92,-0.37,-0.67,-0.12,33.64
1962,106162916,-981.45,-50.78,194.82,-0.49,-0.43,0.30,33.88
1963,106166965,-986.82,-52.25,194.82,-0.37,-0.24,0.37,33.59
1964,106172760,-981.45,-56.64,194.34,-0.73,0.00,0.49,33.49
1965,106176809,-982.42,-58.59,188.96,-0.73,0.18,0.91,33.49
1966,106180859,-985.35,-58.11,190.92,-0.85,0.24,0.79,33.83
1967,106184916,-984.37,-54.69,190.43,-0.91,0.37,0.79,33.78
1968,106188965,-982.91,-51.76,195.80,-0.79,0.18,1.22,33.64
1969,106194760,-978.03,-57.13,193.36,-0.98,0.06,1.28,33.49
1970,106198809,-975.59,-57.62,197.27,-0.67,0.61,1.52,33.68
1971,106202859,-971.68,-61.04,196.29,-0.73,0.49,1.46,33.64
1972,106206916,-968.26,-58.59,196.78,-0.43,0.73,1.52,34.02
1973,106210965,-970.21,-53.71,193.85,-0.24,0.55,1.22,33.59
1974,106216760,-966.80,-49.80,197.27,-0.18,0.79,0.98,33.83
1975,106220809,-972.66,-55.18,197.27,-0.18,0.91,0.98,33.88
1976,106224859,-976.07,-51.27,193.36,-0.18,0.91,0.85,33.88
1977,106228916,-979.98,-52.25,191.41,-0.30,1.16,0.55,33.88
1978,106232965,-984.37,-51.76,190.43,-0.06,1.04,0.55,33.88
1979,106238760,-983.40,-47.36,186.04,-0.30,1.22,0.55,33.78
1980,106242809,-985.35,-53.22,188.96,-0.24,0.98,0.37,33.78
1981,106246859,-990.72,-50.78,186.52,-0.37,1.28,0.18,33.59
1982,106250916,-990.23,-54.69,184.57,-0.30,0.91,0.43,33.88
1983,106254965,-992.68,-53.22,182.62,-0.43,1.10,0.49,34.02
1984,106260760,-992.68,-56.64,186.04,-0.49,0.79,0.79,33.78
1985,106264809,-995.61,-49.80,185.06,-0.43,0.67,0.73,33.78
1986,106268859,-995.12,-46.39,186.04,-0.43,0.73,0.98,33.88
1987,106272916,-994.63,-47.36,179.69,-0.61,0.61,1.04,33.88
1988,106278760,-994.63,-44.92,183.11,-0.55,0.37,0.79,33.88
1989,106282809,-993.65,-39.06,179.20,-0.67,0.37,0.73,33.97
1990,106286859,-999.02,-44.92,181.15,-0.79,-0.18,0.61,33.97
1991,106290916,-1000.98,-38.57,182.13,-0.73,-0.18,0.43,33.59
1992,106294965,-997.56,-40.04,182.62,-0.85,-0.37,0.37,33.83
1993,106300760,-1001.95,-42.97,183.11,-0.91,-0.61,0.61,33.97
1994,106304809,-1004.39,-45.41,179.69,-1.16,-0.73,0.55,33.88
1995,106308859,-999.51,-41.99,181.15,-1.10,-0.85,0.79,33.59
1996,106312916,-998.54,-51.27,177.73,-1.16,-1.22,0.73,33.64
1997,106316965,-1003.91,-47.36,182.13,-1.28,-1.34,1.10,34.02
1998,106322760,-1000.00,-52.25,176.76,-0.98,-1.46,1.40,33.78
1999,106326809,-1002.44,-56.64,180.18,-1.04,-1.89,1.52,33.68
2000,106330859,-998.05,-56.64,184.08,-1.22,-1.83,2.13,33.68
2001,106334916,-997.07,-59.57,181.15,-1.04,-1.83,2.62,33.83
2002,106338965,-996.58,-56.15,182.62,-1.10,-2.13,2.68,33.59
2003,106344760,-993.65,-55.66,186.04,-0.61,-1.95,3.05,33.83
2004,106348809,-987.79,-56.64,183.11,-0.67,-2.38,3.48,34.02
2005,106352859,-990.72,-56.64,184.57,-0.55,-2.20,3.54,33.83
2006,106356916,-981.93,-57.13,183.59,-0.49,-2.07,3.41,33.68
2007,106360965,-987.79,-54.69,187.99,-0.43,-2.07,3.54,33.88
2008,106366760,-985.35,-53.71,194.82,-0.12,-2.13,3.48,33.64
2009,106370809,-983.89,-49.80,189.45,-0.12,-1.77,2.99,33.59
2010,106374859,-980.47,-44.43,189.94,-0.37,-1.71,2.80,33.88
2011,106378916,-983.40,-42.48,188.96,-0.55,-1.77,2.01,33.68
2012,106382965,-984.86,-43.46,186.52,-0.55,-1.40,1.40,33.97
2013,106388760,-987.30,-42.48,194.34,-0.91,-1.16,0.67,33.64
2014,106392809,-985.35,-43.46,191.41,-0.79,-1.22,0.24,33.35
2015,106396859,-989.26,-46.39,191.89,-1.04,-0.85,-0.12,33.78
2016,106400916,-997.07,-45.90,187.99,-1.16,-0.91,-0.49,33.59
2017,106404965,-988.28,-48.83,191.89,-1.10,-0.49,-0.55,33.59
2018,106410760,-993.65,-52.25,189.94,-1.28,-0.43,-0.43,33.78
2019,106414809,-990.23,-55.66,189.94,-1.28,-0.37,-0.43,33.83
2020,106418859,-993.16,-54.20,187.01,-1.34,-0.24,-0.12,33.78
2021,106422916,-986.33,-52.73,188.96,-1.28,-0.24,-0.12,33.78
2022,106426965,-989.26,-51.27,187.01,-1.52,-0.12,0.24,33.44
2023,106432760,-989.75,-53.71,189.45,-1.22,-0.12,0.79,33.64
2024,106436809,-988.77,-56.15,186.04,-1.52,-0.06,1.04,33.78
2025,106440859,-987.30,-48.34,187.99,-1.04,-0.12,1.22,33.68
2026,106444916,-986.33,-47.36,185.55,-1.40,-0.06,1.22,33.83
2027,106448965,-989.26,-45.41,187.50,-1.10,-0.12,1.34,33.83
2028,106454760,-994.14,-36.62,186.52,-1.22,-0.24,1.40,33.64
2029,106458809,-992.19,-36.13,182.62,-1.52,-0.30,1.52,33.83
2030,106462859,-995.12,-42.97,186.04,-1.52,-0.55,1.65,33.78
2031,106466916,-995.61,-39.55,187.50,-1.89,-0.43,1.28,33.83
2032,106470965,-993.16,-42.48,191.41,-1.77,-0.67,1.65,33.88
2033,106476760,-994.63,-36.62,191.41,-1.83,-0.67,1.46,33.83
2034,106480809,-992.68,-44.43,193.36,-2.07,-0.49,1.59,33.88
2035,106484859,-992.19,-43.46,193.36,-2.26,-0.67,1.71,33.59
2036,106488916,-993.65,-42.97,197.27,-2.20,-0.67,1.46,33.78
2037,106492965,-992.68,-42.48,192.87,-2.38,-0.79,1.40,33.68
2038,106498760,-994.63,-46.39,193.36,-2.56,-0.55,1.40,33.83
2039,106502809,-990.23,-46.87,192.87,-2.32,-1.04,1.22,34.02
2040,106506859,-987.79,-51.27,194.82,-2.32,-0.67,1.28,33.49
2041,106510916,-983.40,-50.29,195.31,-2.26,-0.98,1.40,33.97
2042,106516760,-989.26,-51.76,191.41,-2.20,-1.04,1.65,33.78
2043,106520809,-996.58,-47.85,191.41,-2.13,-0.85,1.52,33.64
2044,106524859,-986.82,-43.95,192.87,-2.07,-1.10,1.77,33.59
2045,106528916,-992.19,-46.39,189.94,-1.95,-1.28,1.46,33.59
2046,106532965,-990.72,-47.36,188.96,-2.07,-1.46,1.46,33.83
2047,106538760,-993.16,-44.92,194.34,-2.13,-1.46,1.40,34.02
2048,106542809,-993.16,-42.97,189.94,-2.01,-1.77,1.10,33.64
2049,106546859,-990.23,-39.55,189.45,-2.01,-1.83,1.10,33.83
2050,106550916,-992.68,-41.50,192.87,-2.01,-1.65,0.98,33.59
2051,106554965,-992.68,-42.97,192.38,-2.20,-2.26,0.79,33.68
2052,106560760,-991.70,-41.02,186.52,-2.26,-2.26,0.79,33.83
2053,106564809,-989.26,-44.43,188.96,-2.26,-2.01,0.67,33.78
2054,106568859,-991.21,-47.85,191.41,-2.26,-2.20,0.85,33.83
2055,106572916,-991.70,-45.90,190.43,-2.01,-2.07,0.79,33.78
2056,106576965,-988.28,-47.36,187.50,-2.56,-2.38,1.04,33.78
2057,106582760,-987.79,-48.83,190.92,-2.56,-2.13,1.22,33.68
2058,106586809,-989.75,-44.92,190.92,-2.50,-2.13,1.40,33.49
2059,106590859,-994.63,-47.85,184.57,-2.62,-1.95,1.71,33.88
2060,106594916,-988.77,-44.43,189.45,-2.56,-2.20,1.83,33.64
2061,106598965,-987.79,-45.41,191.89,-2.44,-2.13,2.26,33.64
2062,106604760,-988.28,-49.80,187.99,-2.50,-1.95,2.32,33.68
2063,106608809,-988.77,-50.78,189.94,-2.56,-2.20,2.20,33.49
2064,106612859,-985.84,-46.39,189.45,-2.56,-1.77,2.38,33.97
2065,106616916,-984.86,-51.27,192.38,-2.50,-1.89,2.68,33.68
2066,106620965,-984.86,-52.73,193.85,-2.56,-1.83,2.26,33.83
2067,106626760,-987.79,-50.78,191.41,-2.56,-1.46,2.38,33.78
2068,106630809,-984.86,-45.90,192.38,-2.74,-1.59,2.01,33.68
2069,106634859,-992.68,-42.97,198.73,-2.68,-1.46,1.77,33.78
2070,106638916,-990.72,-41.02,193.85,-2.80,-1.22,1.46,33.83
2071,106642965,-989.26,-43.46,188.96,-2.62,-1.16,1.22,33.68
2072,106648760,-992.68,-44.43,189.94,-2.62,-0.79,0.55,33.68
2073,106652809,-987.30,-45.41,189.45,-2.74,-0.98,0.18,33.83
2074,106656859,-991.70,-45.90,195.80,-2.87,-1.04,0.12,33.88
2075,106660916,-992.19,-48.83,188.48,-2.87,-0.91,0.00,33.59
2076,106664965,-991.21,-47.36,191.41,-3.11,-0.79,-0.30,33.44
2077,106670760,-989.75,-51.76,189.45,-2.74,-0.91,-0.06,33.78
2078,106674809,-985.84,-45.90,184.57,-2.93,-0.98,-0.24,33.88
2079,106678859,-985.84,-53.71,179.69,-2.68,-1.10,-0.12,33.64
2080,106682916,-985.35,-51.76,184.08,-2.62,-1.34,-0.24,33.78
2081,106686965,-987.79,-57.62,183.59,-2.68,-1.28,0.24,33.88
2082,106692760,-986.33,-56.64,179.69,-2.38,-1.40,0.37,33.83
2083,106696809,-984.86,-55.66,181.64,-1.95,-1.65,0.73,33.83
2084,106700859,-986.82,-55.18,182.13,-2.07,-1.71,1.10,33.59
2085,106704916,-986.82,-57.13,184.08,-1.77,-2.07,1.65,33.64
2086,106708965,-983.89,-58.59,184.08,-1.71,-2.07,2.07,33.59
2087,106714760,-988.77,-54.69,187.01,-1.34,-2.20,2.50,33.64
2088,106718809,-987.79,-45.41,186.04,-1.40,-2.01,2.99,34.02
2089,106722859,-979.00,-42.97,191.89,-0.85,-2.01,3.05,33.49
2090,106726916,-978.52,-41.50,192.87,-0.91,-2.26,3.05,33.78
2091,106732760,-984.37,-38.57,194.82,-1.04,-2.01,2.93,33.59
2092,106736809,-984.37,-36.13,190.43,-1.16,-2.01,2.44,34.02
2093,106740859,-982.91,-40.53,198.24,-1.10,-1.71,1.89,33.88
2094,106744916,-980.96,-38.57,196.78,-1.40,-1.46,1.65,33.49
2095,106748965,-982.91,-37.60,195.31,-1.22,-1.40,1.59,33.97
2096,106754760,-980.96,-40.04,196.29,-1.46,-0.98,1.34,33.68
2097,106758809,-977.54,-46.39,193.85,-1.40,-0.91,0.98,33.97
2098,106762859,-979.49,-46.87,195.31,-1.52,-0.61,1.04,33.83
2099,106766916,-986.33,-42.97,188.96,-1.40,-0.37,0.91,33.59
2100,106770965,-982.91,-43.95,188.96,-1.34,-0.18,0.85,34.12
2101,106776760,-986.33,-52.73,190.92,-1.34,0.18,0.67,33.78
2102,106780809,-985.84,-48.34,191.41,-1.46,0.18,0.85,33.68
2103,106784859,-983.40,-46.87,187.01,-1.46,0.30,0.98,33.78
2104,106788916,-979.98,-48.34,191.89,-1.16,0.55,0.79,33.59
2105,106792965,-988.77,-48.83,192.87,-1.34,0.73,0.91,33.83
2106,106798760,-988.77,-43.95,189.94,-1.28,0.67,0.98,33.64
2107,106802809,-989.26,-42.97,191.41,-1.16,0.79,0.79,33.83
2108,106806859,-990.23,-41.02,189.94,-0.98,0.67,0.79,33.88
2109,106810916,-991.21,-40.53,191.89,-1.16,0.61,0.73,33.88
2110,106814965,-988.28,-35.16,189.45,-1.04,0.85,0.73,33.68
2111,106820760,-990.23,-39.06,194.34,-1.34,0.91,0.61,33.88
2112,106824809,-991.70,-34.18,189.94,-0.91,0.98,0.24,33.49
2113,106828859,-993.65,-40.04,189.94,-0.91,0.67,0.30,33.83
2114,106832916,-988.77,-41.50,191.89,-1.34,1.04,0.06,33.68
2115,106836965,-995.61,-39.06,191.89,-0.98,0.61,0.06,33.49
2116,106842760,-994.63,-36.13,198.24,-0.98,0.79,0.00,33.49
2117,106846809,-998.05,-41.99,191.89,-1.04,0.98,-0.12,33.59
2118,106850859,-999.51,-38.57,195.31,-1.22,0.79,-0.06,33.78
2119,106854916,-999.02,-41.99,193.85,-1.22,0.55,0.06,33.64
2120,106858965,-998.54,-43.95,197.75,-1.28,0.55,0.00,33.64
2121,106864760,-1000.98,-45.90,190.92,-1.40,0.73,0.24,33.68
2122,106868809,-995.61,-42.48,193.36,-1.22,0.85,0.73,33.64
2123,106872859,-998.05,-46.39,192.87,-1.16,0.73,1.10,33.83
2124,106876916,-995.61,-34.67,189.45,-1.46,0.37,1.28,33.88
2125,106880965,-996.09,-41.02,191.41,-1.28,0.55,1.22,33.68
2126,106886760,-991.70,-39.06,193.36,-1.22,0.37,1.04,33.78
2127,106890809,-989.26,-40.53,187.50,-1.40,0.43,0.61,33.64
2128,106894859,-998.05,-40.53,183.11,-1.34,0.43,0.67,33.78
2129,106898916,-995.12,-42.97,183.59,-1.46,0.37,0.43,33.88
2130,106902965,-995.61,-46.39,184.08,-1.28,0.55,0.61,33.83
2131,106908760,-991.70,-48.83,188.48,-1.46,0.24,0.12,33.83
2132,106912809,-988.77,-55.66,190.43,-1.28,0.24,0.49,33.88
2133,106916859,-990.23,-57.62,193.85,-1.04,0.24,0.73,33.44
2134,106920916,-990.72,-58.59,188.96,-1.04,0.49,0.98,33.88
2135,106924965,-989.75,-58.11,191.41,-0.61,0.37,1.04,33.68
2136,106930760,-987.79,-58.11,190.43,-0.67,0.49,1.16,34.12
2137,106934809,-986.33,-61.04,185.55,-0.37,0.24,1.10,33.68
2138,106938859,-986.33,-61.52,190.43,-0.06,0.49,1.28,33.64
2139,106942916,-990.72,-61.52,187.99,0.06,0.30,1.04,33.97
2140,106948760,-989.75,-53.71,186.52,0.06,0.24,1.22,33.68
2141,106952809,-993.65,-38.09,188.96,0.18,0.18,1.10,33.83
2142,106956859,-989.75,-33.69,185.06,0.12,0.30,0.49,33.68
2143,106960916,-993.16,-29.79,186.04,0.06,0.37,0.12,33.68
2144,106964965,-996.09,-28.32,190.43,0.24,0.43,-0.73,33.83
2145,106969015,-997.07,-29.30,183.59,0.00,0.30,-1.28,33.64
2146,106974760,-992.19,-28.32,185.06,-0.37,0.24,-1.83,33.97
2147,106978809,-991.21,-30.76,184.08,-0.24,0.18,-2.07,33.64
2148,106982859,-992.19,-34.18,183.11,-0.43,0.00,-2.20,33.68
2149,106986916,-993.16,-35.16,187.50,-0.37,-0.24,-2.50,33.59
2150,106992760,-992.68,-39.06,180.18,-0.30,-0.37,-2.13,33.78
2151,106996809,-990.72,-43.95,179.69,-0.55,-0.37,-2.13,33.83
2152,107000859,-988.77,-40.53,181.64,-0.61,-0.55,-1.65,33.88
2153,107004916,-990.72,-44.43,178.71,-0.61,-0.55,-1.28,33.83
2154,107008965,-990.72,-44.92,181.64,-0.67,-0.61,-0.61,33.83
2155,107014760,-990.72,-54.69,187.01,-0.67,-0.61,0.18,33.83
2156,107018809,-989.75,-47.85,188.48,-0.61,-0.55,0.79,34.02
2157,107022859,-984.86,-41.02,187.50,-0.24,-0.91,1.40,33.83
2158,107026916,-990.23,-37.11,193.36,-0.24,-0.85,1.71,33.83
2159,107030965,-991.70,-31.25,191.89,-0.43,-0.73,2.01,33.88
2160,107036760,-986.33,-29.79,196.78,-0.37,-0.79,2.20,33.64
2161,107040809,-988.77,-19.04,198.73,-0.73,-0.73,1.83,33.49
2162,107044859,-989.26,-22.46,197.27,-0.98,-0.55,1.71,33.78
2163,107048916,-986.33,-25.39,192.87,-1.22,-0.79,1.28,33.88
2164,107052965,-986.82,-25.88,194.34,-1.34,-0.67,0.91,33.83
2165,107058760,-988.77,-24.41,192.87,-1.52,-0.37,0.49,33.68
2166,107062809,-985.84,-27.83,194.82,-1.83,-0.30,-0.06,33.44
2167,107066859,-986.33,-27.34,192.87,-2.01,-0.24,-0.12,33.78
2168,107070916,-987.79,-36.13,194.82,-1.83,-0.67,-0.06,33.83
2169,107074965,-977.54,-37.60,191.89,-1.83,-0.55,-0.18,33.59
2170,107080760,-984.86,-42.48,191.41,-1.89,-0.67,-0.12,33.49
2171,107084809,-980.96,-44.92,182.62,-1.89,-0.37,0.43,33.49
2172,107088859,-986.33,-41.50,183.11,-1.95,-0.61,0.55,33.68
2173,107092916,-979.00,-46.39,188.96,-1.77,-0.61,0.73,34.12
2174,107096965,-978.03,-51.27,187.50,-1.77,-0.67,1.22,33.59
2175,107102760,-984.37,-48.83,189.94,-1.52,-0.67,1.46,33.88
2176,107106809,-985.35,-48.34,190.43,-1.52,-0.91,1.89,33.83
2177,107110859,-987.30,-46.39,192.87,-1.65,-0.61,1.34,33.83
2178,107114916,-988.77,-48.34,185.06,-1.77,-0.30,1.40,33.78
2179,107118965,-993.16,-40.53,191.89,-1.59,-0.43,1.46,33.68
2180,107124760,-996.09,-39.06,188.48,-1.89,-0.37,1.22,33.68
2181,107128809,-998.54,-41.99,191.41,-2.07,-0.49,1.40,33.49
2182,107132859,-994.63,-41.99,186.04,-1.95,-0.24,1.04,33.64
2183,107136916,-998.05,-40.04,183.59,-1.95,-0.30,0.98,33.64
2184,107140965,-993.16,-46.87,189.45,-2.13,-0.12,1.16,33.88
2185,107146760,-992.68,-48.83,187.50,-1.89,-0.37,0.79,33.64
2186,107150809,-990.23,-47.85,188.96,-2.01,-0.30,0.98,33.83
2187,107154859,-991.70,-51.27,188.48,-1.77,-0.43,0.85,33.78
2188,107158916,-990.23,-52.25,184.57,-1.71,-0.12,0.67,33.78
2189,107162965,-985.84,-50.29,186.52,-1.52,0.12,1.04,33.78
2190,107168760,-988.77,-55.18,187.01,-1.59,-0.24,0.91,33.83
2191,107172809,-987.79,-46.87,183.11,-1.40,-0.37,0.73,33.68
2192,107176859,-987.79,-46.87,189.94,-1.04,0.00,0.79,33.88
2193,107180916,-987.79,-42.97,183.59,-1.46,-0.12,0.55,33.78
2194,107186760,-989.75,-41.99,188.48,-1.40,-0.30,0.49,33.78
2195,107190809,-989.26,-44.43,184.57,-0.85,-0.30,0.30,33.83
2196,107194859,-993.65,-44.92,183.11,-1.34,-0.43,0.24,33.78
2197,107198916,-992.19,-47.36,185.55,-0.98,-0.43,0.00,33.44
2198,107202965,-991.70,-47.36,182.62,-1.28,-0.24,0.18,33.88
2199,107208760,-994.14,-49.32,183.11,-0.73,-0.61,0.24,33.88
2200,107212809,-993.65,-42.97,185.55,-0.73,-0.61,0.43,33.88
2201,107216859,-994.14,-47.85,185.06,-0.73,-0.49,0.55,33.97
2202,107220916,-994.63,-38.57,184.08,-0.85,-0.73,0.49,33.68
2203,107224965,-994.14,-40.04,185.06,-0.49,-0.61,0.37,33.78
2204,107230760,-998.05,-44.92,184.57,-0.91,-0.61,0.24,33.83
2205,107234809,-992.19,-36.13,190.43,-0.98,-0.61,0.49,33.88
2206,107238859,-989.75,-42.97,190.43,-0.85,-0.43,0.30,33.64
2207,107242916,-988.28,-42.48,188.96,-0.91,-0.30,0.37,33.88
2208,107246965,-988.28,-39.06,186.52,-0.85,-0.49,0.37,33.78
2209,107252760,-989.26,-42.48,189.45,-1.10,-0.49,0.43,33.88
2210,107256809,-987.79,-41.50,189.94,-1.10,-0.30,0.49,33.49
2211,107260859,-991.70,-37.11,185.55,-1.04,-0.18,0.37,33.97
2212,107264916,-988.28,-37.11,190.43,-1.04,-0.37,0.49,33.68
2213,107268965,-988.28,-38.57,189.45,-0.98,-0.30,0.24,33.88
2214,107274760,-985.84,-41.02,189.94,-0.98,0.24,0.30,33.49
2215,107278809,-987.30,-42.48,194.34,-1.16,-0.43,0.06,33.49
2216,107282859,-990.23,-42.48,187.99,-1.04,-0.18,0.06,33.97
2217,107286916,-990.23,-46.39,193.85,-1.28,-0.30,0.00,33.83
2218,107290965,-988.28,-48.83,187.01,-1.10,-0.24,0.00,33.64
2219,107296760,-990.72,-39.06,189.94,-1.28,-0.30,0.24,33.64
2220,107300809,-992.68,-41.99,188.96,-1.22,-0.24,0.24,33.68
2221,107304859,-991.21,-40.53,183.59,-1.46,-0.61,0.18,33.68
2222,107308916,-993.16,-40.04,189.45,-1.34,-0.43,0.30,33.83
2223,107312965,-988.28,-46.39,187.01,-1.22,-0.49,0.06,33.59
2224,107318760,-984.86,-46.87,190.43,-1.46,-0.24,0.43,33.64
2225,107322809,-986.82,-44.43,189.45,-1.40,-0.67,0.37,33.88
2226,107326859,-985.35,-46.87,191.89,-1.28,-0.37,0.24,33.68
2227,107330916,-988.77,-47.85,197.75,-1.40,-0.37,0.49,33.78
2228,107334965,-986.82,-40.53,193.85,-1.04,-0.55,0.49,33.64
2229,107340760,-990.23,-46.87,190.92,-1.04,-0.43,0.79,33.78
2230,107344809,-987.79,-45.90,193.85,-0.98,-0.24,0.55,33.97
2231,107348859,-985.84,-42.97,197.75,-1.22,-0.67,0.49,33.83
2232,107352916,-990.23,-39.06,196.29,-1.10,-0.37,0.37,33.88
2233,107356965,-992.68,-40.04,194.82,-1.22,-0.49,0.30,33.83
2234,107362760,-987.79,-41.50,192.38,-1.16,-0.55,0.06,33.83
2235,107366809,-990.23,-35.64,190.92,-1.10,-0.55,-0.18,33.83
2236,107370859,-989.75,-38.09,192.38,-1.04,-0.61,0.00,33.78
2237,107374916,-995.61,-37.11,188.96,-1.10,-0.67,-0.06,33.78
2238,107378965,-996.09,-30.27,191.41,-1.28,-0.91,-0.24,33.88
2239,107384760,-989.26,-35.64,185.06,-1.40,-0.85,-0.49,33.78
2240,107388809,-990.72,-39.55,190.92,-1.40,-1.22,-0.43,33.68
2241,107392859,-991.70,-40.53,191.89,-1.46,-1.28,-0.30,33.35
2242,107396916,-991.21,-39.06,188.96,-1.46,-1.46,-0.24,33.88
2243,107402760,-985.35,-43.46,187.99,-1.28,-1.34,-0.12,33.68
2244,107406809,-985.35,-48.83,186.52,-1.22,-1.65,0.06,33.68
2245,107410859,-989.75,-47.36,188.48,-1.34,-1.46,0.37,33.49
2246,107414916,-987.30,-44.92,186.04,-1.46,-1.65,0.73,33.49
2247,107418965,-989.26,-44.92,192.38,-1.34,-1.65,0.85,33.78
2248,107423015,-988.77,-42.97,189.94,-1.28,-1.71,1.16,34.02
2249,107428760,-993.65,-41.99,188.48,-1.28,-1.71,1.40,33.68
2250,107432809,-988.77,-44.92,191.89,-1.46,-1.22,1.40,33.64
2251,107436859,-988.77,-37.60,188.48,-1.28,-1.28,1.46,33.78
2252,107440916,-994.14,-41.99,191.41,-1.40,-1.28,1.46,33.68
2253,107446760,-992.19,-34.67,189.94,-1.52,-1.22,1.34,33.78
2254,107450809,-987.79,-42.48,188.48,-1.71,-1.16,1.16,33.83
2255,107454859,-992.19,-39.06,191.89,-1.40,-1.04,1.16,33.78
2256,107458916,-984.37,-41.50,192.38,-1.77,-0.85,1.04,33.59
2257,107462965,-985.84,-38.09,190.43,-1.71,-1.04,0.85,33.68
2258,107468760,-984.37,-35.64,190.43,-1.65,-0.49,0.30,33.49
2259,107472809,-984.37,-35.64,195.80,-1.65,-0.55,-0.06,33.64
2260,107476859,-982.91,-32.71,191.89,-1.77,-0.43,-0.06,33.68
2261,107480916,-985.35,-39.55,193.85,-1.83,-0.61,-0.55,33.68
2262,107484965,-983.40,-38.09,187.50,-1.83,-0.30,-0.67,33.88
2263,107490760,-981.45,-43.46,190.92,-2.01,-0.37,-1.04,33.64
2264,107494809,-985.35,-51.27,185.55,-1.71,-0.55,-1.10,33.64
2265,107498859,-988.28,-51.27,188.96,-1.71,-0.49,-1.04,33.78
2266,107502916,-990.23,-54.69,187.50,-1.65,-0.73,-0.73,33.83
2267,107506965,-995.12,-53.22,183.59,-1.46,-0.67,-0.73,33.83
2268,107512760,-992.19,-51.27,182.13,-1.40,-0.61,-0.18,33.35
2269,107516809,-995.61,-44.92,182.13,-1.40,-0.73,0.18,33.64
2270,107520859,-997.07,-48.83,182.13,-1.28,-0.91,0.43,33.78
2271,107524916,-997.07,-46.87,177.73,-1.10,-1.04,0.67,33.44
2272,107528965,-997.07,-44.92,179.20,-1.10,-1.04,0.79,33.64
2273,107534760,-988.28,-45.41,184.57,-0.98,-1.22,0.73,33.59
2274,107538809,-990.72,-43.95,181.15,-0.98,-1.34,0.91,33.35
2275,107542859,-990.23,-43.95,186.52,-1.10,-1.16,1.10,34.12
2276,107546916,-995.61,-37.60,185.06,-0.91,-1.04,1.04,33.88
2277,107550965,-989.75,-32.23,184.08,-1.16,-1.22,0.67,33.49
2278,107556760,-988.28,-31.25,187.01,-1.10,-1.04,0.61,33.83
2279,107560809,-992.19,-38.09,186.04,-1.52,-0.98,0.30,33.88
2280,107564859,-989.75,-38.09,185.06,-0.91,-0.79,0.12,34.12
2281,107568916,-989.75,-37.60,187.99,-1.04,-0.67,0.37,33.78
2282,107572965,-986.33,-40.04,187.99,-1.16,-0.79,0.06,33.44
2283,107578760,-985.35,-41.99,189.94,-1.34,-0.79,0.06,33.83
2284,107582809,-986.33,-39.55,188.96,-1.65,-0.73,0.06,33.88
2285,107586859,-988.77,-41.99,188.96,-1.28,-0.67,-0.30,33.78
2286,107590916,-985.35,-46.87,187.01,-1.46,-0.18,-0.43,33.68
2287,107594965,-980.47,-47.36,181.15,-1.52,-0.43,0.06,33.83
2288,107600760,-986.33,-48.34,183.11,-1.40,-0.67,0.12,33.83
2289,107604809,-988.28,-49.32,182.62,-1.52,-0.43,0.24,33.68
2290,107608859,-983.40,-49.32,187.01,-1.28,-0.49,0.61,33.59
2291,107612916,-984.37,-51.76,180.18,-1.28,-0.61,0.67,33.83
2292,107616965,-979.98,-54.69,184.08,-0.91,-1.10,0.79,33.59
2293,107622760,-983.40,-57.13,184.08,-0.73,-0.67,1.10,33.78
2294,107626809,-975.59,-51.76,189.45,-0.24,-1.10,1.52,33.83
2295,107630859,-979.98,-44.43,192.38,-0.06,-1.34,1.46,33.68
2296,107634916,-972.66,-45.41,192.87,0.06,-1.16,1.95,33.68
2297,107640760,-975.10,-43.46,192.87,0.37,-0.98,1.95,33.68
2298,107644809,-979.00,-37.60,198.73,0.12,-0.79,1.71,33.88
2299,107648859,-977.05,-35.64,195.31,0.24,-0.79,1.28,33.78
2300,107652916,-978.52,-35.16,197.75,0.24,-0.79,1.10,33.68
2301,107656965,-980.96,-32.23,197.75,0.30,-0.79,1.04,33.83
2302,107662760,-980.96,-32.71,196.29,-0.18,-0.30,0.79,33.88
2303,107666809,-984.86,-29.30,194.34,-0.18,-0.18,0.61,33.88
2304,107670859,-988.77,-30.27,196.78,-0.30,-0.12,0.55,33.83
2305,107674916,-986.82,-25.88,192.87,-0.61,0.24,0.12,33.49
2306,107678965,-987.79,-31.74,192.87,-1.10,0.18,0.18,33.88
2307,107684760,-989.26,-28.81,192.38,-1.16,0.18,0.30,33.68
2308,107688809,-991.70,-29.30,191.41,-1.10,0.18,0.06,33.64
2309,107692859,-993.16,-32.71,192.38,-1.46,0.18,0.37,33.97
2310,107696916,-993.65,-36.13,188.48,-1.40,0.37,0.43,33.83
2311,107700965,-992.68,-39.06,189.45,-1.71,0.49,0.49,33.97
2312,107706760,-988.77,-34.67,188.96,-1.77,0.37,0.61,33.78
2313,107710809,-994.14,-40.04,187.01,-2.07,0.61,0.85,33.68
2314,107714859,-997.56,-41.50,190.92,-2.01,0.37,1.04,33.88
2315,107718916,-996.58,-45.90,188.96,-1.83,0.24,1.16,33.68
2316,107722965,-993.65,-46.87,192.38,-1.89,0.49,1.34,33.78
2317,107728760,-991.70,-47.36,193.85,-2.01,0.37,1.28,33.68
2318,107732809,-994.63,-46.39,193.36,-1.83,0.06,1.65,33.78
2319,107736859,-998.54,-45.90,189.94,-1.65,0.24,1.77,33.68
2320,107740916,-997.56,-44.92,192.38,-1.71,-0.18,1.89,33.64
2321,107744965,-999.02,-43.95,193.85,-1.40,-0.30,1.77,33.59
2322,107750760,-997.07,-49.32,195.31,-1.46,-0.37,1.52,33.64
2323,107754809,-998.54,-48.34,190.43,-1.46,-0.55,1.28,33.49
2324,107758859,-999.51,-44.43,195.31,-0.79,-0.73,1.16,33.64
2325,107762916,-994.63,-44.43,191.89,-1.16,-0.79,0.98,33.68
2326,107766965,-995.12,-40.04,194.82,-0.85,-0.98,0.61,33.68
2327,107772760,-997.56,-44.43,195.31,-1.04,-1.28,0.61,33.64
2328,107776809,-999.51,-41.99,187.01,-0.98,-1.22,0.24,33.88
2329,107780859,-998.05,-40.04,192.87,-0.67,-1.40,-0.12,33.59
2330,107784916,-992.19,-39.06,191.41,-0.73,-1.46,-0.43,33.83
2331,107788965,-994.14,-40.04,189.94,-0.61,-1.59,-0.61,33.59
2332,107794760,-996.09,-44.92,190.43,-0.67,-1.71,-0.55,33.78
2333,107798809,-997.56,-35.16,188.96,-1.04,-1.46,-1.16,33.68
2334,107802859,-994.63,-40.04,187.50,-0.91,-1.83,-0.85,33.78
2335,107806916,-995.61,-40.04,184.57,-0.79,-1.77,-1.10,33.83
2336,107810965,-995.12,-35.64,185.06,-0.91,-1.89,-0.98,33.97
2337,107816760,-993.16,-36.62,185.55,-0.91,-1.83,-1.34,33.78
2338,107820809,-993.65,-45.41,188.96,-0.91,-1.95,-0.73,33.64
2339,107824859,-993.16,-45.41,183.59,-1.04,-1.77,-0.67,33.64
2340,107828916,-995.12,-45.90,187.01,-1.28,-1.83,-0.30,34.02
2341,107832965,-990.23,-52.25,188.48,-1.46,-2.01,0.30,33.78
2342,107838760,-991.21,-51.27,190.43,-1.22,-1.65,0.79,33.83
2343,107842809,-988.28,-42.48,187.99,-0.98,-1.71,1.40,33.59
2344,107846859,-992.68,-39.06,189.94,-1.40,-1.71,1.59,33.64
2345,107850916,-991.70,-31.74,187.99,-1.22,-1.71,1.52,33.88
2346,107856760,-987.79,-31.74,189.45,-1.22,-1.59,1.28,33.83
2347,107860809,-986.33,-33.69,186.52,-1.34,-1.34,1.16,33.78
2348,107864859,-982.91,-31.74,187.50,-1.34,-1.10,0.85,33.88
2349,107868916,-983.89,-31.25,193.36,-1.40,-1.16,0.49,33.59
2350,107872965,-980.47,-35.16,187.99,-1.40,-0.98,0.06,33.83
2351,107878760,-980.47,-38.09,187.01,-1.28,-1.16,-0.18,33.64
2352,107882809,-978.03,-35.16,187.01,-1.28,-0.79,-0.49,33.64
2353,107886859,-975.59,-38.09,189.94,-1.28,-0.67,-1.04,33.97
2354,107890916,-976.56,-37.11,187.50,-1.40,-0.43,-0.73,33.78
2355,107894965,-976.56,-38.57,190.43,-1.59,-0.37,-1.04,33.59
2356,107900760,-980.47,-42.48,192.87,-1.34,-0.43,-1.22,33.88
2357,107904809,-985.84,-43.46,187.50,-1.34,-0.37,-0.91,34.12
2358,107908859,-985.84,-45.90,181.64,-1.16,-0.12,-0.61,33.78
2359,107912916,-986.33,-48.34,184.08,-1.22,-0.24,-0.49,33.64
2360,107916965,-984.37,-48.83,184.57,-1.16,0.24,-0.18,33.83
2361,107922760,-982.42,-47.85,190.92,-1.04,-0.18,0.12,33.59
2362,107926809,-982.42,-44.43,186.04,-0.79,-0.12,0.85,33.83
2363,107930859,-984.37,-33.20,182.13,-1.04,0.00,0.98,33.83
2364,107934916,-988.28,-31.25,187.01,-1.10,-0.06,0.67,33.83
2365,107938965,-988.28,-26.86,185.06,-1.16,0.18,0.37,33.64
2366,107944760,-987.79,-31.25,187.99,-1.34,0.37,0.37,33.44
2367,107948809,-994.14,-35.64,188.48,-1.34,0.24,0.12,33.78
2368,107952859,-993.16,-37.60,187.99,-1.34,0.00,0.00,34.12
2369,107956916,-992.68,-37.60,185.55,-1.28,0.06,0.18,33.88
2370,107960965,-991.70,-35.64,189.94,-1.28,0.06,0.06,33.78
2371,107966760,-987.79,-33.20,186.52,-1.71,-0.12,-0.18,33.64
2372,107970809,-979.98,-38.57,185.06,-1.77,-0.12,-0.06,33.59
2373,107974859,-981.45,-38.09,187.50,-1.46,-0.55,0.00,34.02
2374,107978916,-979.98,-40.04,184.08,-1.16,-0.37,0.06,33.88
2375,107982965,-978.03,-50.29,183.11,-1.22,-0.37,0.24,33.49
2376,107988760,-982.91,-44.92,183.59,-1.16,-0.37,0.49,33.49
2377,107992809,-979.49,-44.43,187.01,-0.67,-0.67,0.85,33.64
2378,107996859,-979.49,-45.90,185.55,-0.67,-0.67,1.22,33.83
2379,108000916,-979.98,-45.41,181.15,-0.61,-0.67,1.34,33.78
2380,108004965,-977.54,-43.46,184.57,-0.30,-0.55,1.65,33.68
2381,108010760,-980.47,-43.46,186.04,-0.24,-0.61,1.52,33.83
2382,108014809,-985.35,-36.13,188.96,-0.49,-0.67,1.65,33.78
2383,108018859,-982.91,-37.11,186.52,-0.49,-0.49,1.71,33.64
2384,108022916,-987.30,-33.69,186.52,-0.43,-0.30,1.65,33.83
2385,108026965,-984.37,-35.16,183.59,-0.43,-0.61,1.34,33.49
2386,108032760,-979.98,-34.18,187.50,-0.49,-0.55,1.34,33.83
2387,108036809,-980.47,-31.25,191.41,-0.61,-0.30,1.52,33.78
2388,108040859,-982.91,-38.57,190.92,-0.79,-0.18,0.73,33.78
2389,108044916,-980.47,-33.20,195.80,-0.73,0.12,0.73,34.02
2390,108048965,-983.40,-31.74,188.48,-0.79,0.24,0.73,33.49
2391,108054760,-980.47,-36.62,190.92,-0.67,0.12,0.91,33.88
2392,108058809,-980.47,-34.67,187.01,-0.85,0.55,0.43,33.78
2393,108062859,-980.96,-39.55,187.99,-0.85,0.73,0.43,33.88
2394,108066916,-977.05,-37.11,191.41,-0.98,1.16,0.61,33.68
2395,108070965,-976.56,-38.09,194.82,-1.10,1.16,0.79,33.64
2396,108076760,-979.98,-39.55,193.36,-1.04,1.28,1.10,33.83
2397,108080809,-980.96,-36.62,191.89,-1.22,1.52,0.79,33.68
2398,108084859,-983.89,-40.53,185.55,-1.10,1.65,0.91,33.68
2399,108088916,-982.91,-44.43,188.48,-1.40,1.83,0.98,33.68
2400,108094760,-983.89,-42.97,188.96,-1.22,1.77,1.16,33.64
2401,108098809,-988.28,-37.11,186.52,-1.65,2.01,1.10,33.64
2402,108102859,-988.77,-40.53,188.48,-1.46,2.26,1.28,33.88
2403,108106916,-985.84,-36.13,187.01,-1.71,2.26,0.98,33.49
2404,108110965,-985.84,-39.55,191.89,-1.83,2.44,1.22,33.78
2405,108116760,-989.26,-43.46,191.89,-1.77,2.32,1.16,33.83
2406,108120809,-989.26,-42.48,191.41,-1.89,2.62,1.16,33.59
2407,108124859,-989.75,-45.90,187.99,-1.83,2.44,1.10,33.83
2408,108128916,-988.77,-41.99,191.41,-1.95,2.74,1.28,33.44
2409,108132965,-987.79,-43.95,186.04,-1.83,2.80,1.16,33.97
2410,108138760,-989.75,-41.02,187.50,-1.46,2.68,1.04,33.78
2411,108142809,-990.72,-38.09,182.62,-1.65,2.56,0.85,33.97
2412,108146859,-990.23,-39.55,188.48,-1.59,2.62,0.73,33.78
2413,108150916,-998.54,-38.57,185.06,-1.46,2.38,0.49,33.97
2414,108154965,-995.61,-43.46,181.15,-1.46,2.50,0.18,33.88
2415,108160760,-1001.46,-46.87,182.62,-1.34,2.32,0.43,33.88
2416,108164809,-1005.37,-41.50,180.66,-1.04,2.13,0.49,33.68
2417,108168859,-1005.37,-41.99,182.62,-1.04,2.01,0.24,33.88
2418,108172916,-1009.77,-41.99,176.27,-1.22,1.77,0.12,33.88
2419,108176965,-1003.91,-36.13,178.22,-0.79,1.40,0.12,33.64
2420,108182760,-1004.88,-37.11,183.11,-1.04,1.34,-0.12,33.59
2421,108186809,-1001.46,-39.55,181.64,-1.16,1.34,-0.37,33.59
2422,108190859,-1000.49,-42.97,183.59,-1.04,0.85,-0.30,33.68
2423,108194916,-999.51,-40.04,178.71,-0.85,0.79,-0.24,34.02
2424,108198965,-999.51,-46.87,182.62,-0.85,0.67,-0.24,33.83
2425,108204760,-999.02,-52.73,179.20,-0.91,0.91,0.12,33.64
2426,108208809,-997.56,-50.29,181.64,-0.91,0.30,0.00,33.88
2427,108212859,-999.51,-46.87,178.71,-0.61,0.24,0.24,33.64
2428,108216916,-1000.98,-45.90,187.01,-0.43,-0.24,0.43,33.88
2429,108220965,-997.56,-49.80,183.11,-0.55,-0.49,0.55,33.49
2430,108226760,-1001.46,-53.71,186.04,0.06,-0.73,1.04,33.68
2431,108230809,-995.12,-46.39,182.62,0.30,-0.79,0.91,33.83
2432,108234859,-995.12,-40.53,187.50,0.24,-0.98,1.10,33.64
2433,108238916,-996.09,-38.57,184.57,0.30,-1.22,1.10,33.78
2434,108242965,-991.21,-33.20,186.52,0.73,-1.22,0.85,33.83
2435,108248760,-994.63,-33.69,184.08,0.43,-1.40,0.43,33.97
2436,108252809,-994.63,-25.88,188.48,0.30,-1.59,-0.06,33.78
2437,108256859,-997.07,-27.34,188.96,0.00,-1.46,-0.43,33.68
2438,108260916,-997.56,-29.30,185.55,-0.12,-1.52,-0.67,33.88
2439,108264965,-997.56,-32.23,187.01,0.12,-1.34,-0.98,33.68
2440,108270760,-998.05,-32.71,187.50,-0.24,-1.40,-1.22,33.83
2441,108274809,-992.19,-39.55,189.45,-0.49,-1.52,-0.98,33.83
2442,108278859,-993.65,-36.62,186.52,-0.24,-1.71,-0.98,33.64
2443,108282916,-996.09,-38.57,188.48,-0.24,-1.46,-0.91,33.83
2444,108286965,-994.14,-41.02,187.01,-0.55,-1.46,-0.67,33.78
2445,108292760,-988.77,-41.50,186.52,-0.67,-1.65,-0.55,33.78
2446,108296809,-985.84,-41.50,189.94,-0.55,-1.65,-0.18,33.49
2447,108300859,-985.84,-36.62,191.41,-0.61,-1.46,0.00,33.78
2448,108304916,-991.21,-42.48,191.41,-0.49,-1.65,0.37,33.88
2449,108310760,-988.77,-40.53,189.94,-0.73,-1.65,0.55,33.83
2450,108314809,-987.79,-33.20,191.41,-0.49,-1.65,1.04,33.78
2451,108318859,-985.84,-32.23,189.94,-0.61,-1.52,0.67,34.12
2452,108322916,-984.37,-31.74,188.96,-0.85,-1.83,0.91,33.68
2453,108326965,-988.28,-31.25,185.06,-1.16,-1.71,0.91,33.78
2454,108332760,-989.75,-32.71,189.45,-0.98,-1.71,0.67,33.64
2455,108336809,-986.33,-31.25,189.45,-1.22,-1.59,0.61,33.78
2456,108340859,-988.77,-41.02,191.89,-1.34,-1.59,0.37,33.97
2457,108344916,-983.40,-37.11,188.96,-1.46,-1.52,0.61,33.64
2458,108348965,-985.84,-43.46,187.99,-1.77,-1.28,0.61,33.78
2459,108354760,-981.93,-43.95,188.96,-1.83,-1.10,0.55,33.64
2460,108358809,-983.89,-46.87,192.87,-1.83,-0.91,0.91,33.64
2461,108362859,-979.49,-47.36,194.34,-1.59,-0.85,1.10,33.83
2462,108366916,-979.00,-48.34,187.50,-1.95,-0.85,0.79,33.68
2463,108370965,-977.54,-46.39,187.50,-1.65,-0.79,1.22,33.88
2464,108376760,-982.42,-47.85,189.94,-1.77,-0.61,1.10,33.97
2465,108380809,-981.93,-45.41,189.45,-1.71,-0.61,0.79,33.83
2466,108384859,-980.96,-40.04,186.52,-1.52,-0.06,0.91,33.83
2467,108388916,-987.79,-35.64,191.89,-1.65,-0.37,0.43,33.68
2468,108392965,-983.89,-37.60,193.36,-1.65,-0.37,0.43,33.78
2469,108398760,-989.26,-41.99,183.59,-1.65,-0.12,0.18,33.68
2470,108402809,-985.84,-39.06,185.06,-1.40,-0.55,-0.06,33.64
2471,108406859,-993.16,-42.97,181.64,-1.52,-0.12,-0.06,33.88
2472,108410916,-986.33,-43.46,187.99,-1.40,-0.37,-0.30,33.78
2473,108414965,-991.21,-36.62,178.71,-1.40,-0.30,-0.79,33.59
2474,108420760,-987.30,-43.46,181.15,-1.46,-0.43,-0.67,33.64
2475,108424809,-986.33,-46.39,182.62,-1.16,-0.67,-0.79,33.68
2476,108428859,-992.68,-46.39,179.20,-1.77,-0.79,-0.73,33.64
2477,108432916,-989.26,-48.83,181.15,-1.40,-0.61,-0.55,34.02
2478,108436965,-994.14,-44.92,182.62,-1.34,-0.73,-0.18,33.59
2479,108442760,-993.16,-43.95,177.25,-1.16,-0.85,-0.06,33.59
2480,108446809,-998.05,-43.95,184.08,-1.28,-1.04,0.30,33.49
2481,108450859,-992.68,-41.50,181.15,-1.22,-1.22,0.24,33.83
2482,108454916,-991.70,-42.48,176.76,-1.40,-1.40,0.67,33.97
2483,108458965,-996.09,-42.48,176.76,-1.04,-1.22,1.10,33.68
2484,108464760,-993.16,-39.55,178.71,-1.04,-1.46,1.22,33.78
2485,108468809,-993.16,-37.60,183.59,-0.79,-1.71,1.46,33.83
2486,108472859,-992.19,-35.64,185.06,-0.98,-1.71,1.28,33.83
2487,108476916,-992.19,-30.27,188.48,-1.10,-1.71,1.52,33.64
2488,108480965,-990.72,-33.20,187.01,-1.04,-1.34,1.22,33.78
2489,108486760,-986.82,-32.71,186.52,-1.16,-1.46,1.04,34.02
2490,108490809,-988.77,-30.76,183.11,-1.59,-1.22,0.61,33.83
2491,108494859,-988.77,-31.74,186.04,-1.52,-1.40,0.61,33.59
2492,108498916,-988.77,-36.62,190.43,-1.34,-1.16,0.37,33.83
2493,108502965,-988.28,-38.57,185.06,-1.71,-0.98,0.43,33.88
2494,108508760,-993.65,-35.64,187.50,-1.83,-1.28,0.37,33.88
2495,108512809,-986.82,-39.06,192.38,-2.01,-0.98,0.49,33.83
2496,108516859,-989.75,-46.87,188.48,-1.89,-0.85,0.06,33.49
2497,108520916,-993.16,-46.39,184.57,-2.13,-0.85,0.49,34.02
2498,108526760,-990.72,-44.92,189.45,-1.89,-0.73,0.18,33.83
2499,108530809,-987.30,-48.83,186.52,-2.20,-0.73,0.73,33.88
2500,108534859,-989.75,-48.83,187.50,-1.71,-0.85,0.73,33.83
2501,108538916,-984.86,-45.90,185.55,-1.71,-0.85,0.67,33.35
2502,108542965,-987.30,-47.85,184.08,-1.59,-1.10,1.10,33.88
2503,108547015,-984.37,-44.92,187.01,-1.34,-1.04,0.85,33.68
2504,108552760,-986.33,-45.41,187.01,-1.46,-0.98,0.91,33.59
2505,108556809,-987.79,-41.99,183.11,-1.34,-1.04,0.73,33.78
2506,108560859,-987.79,-47.36,178.71,-1.16,-0.85,0.43,33.83
2507,108564916,-987.30,-38.09,183.59,-1.28,-1.04,0.37,33.88
2508,108570760,-989.26,-43.95,183.11,-0.85,-0.91,0.12,33.78
2509,108574809,-992.68,-43.46,184.08,-0.67,-0.79,0.37,33.78
2510,108578859,-989.26,-45.41,181.15,-0.85,-1.22,0.06,33.78
2511,108582916,-992.19,-42.97,184.08,-0.43,-1.40,0.43,33.49
2512,108586965,-998.54,-44.43,183.11,-0.61,-1.16,0.55,33.83
2513,108592760,-987.30,-44.43,185.06,-0.55,-1.04,0.37,33.88
2514,108596809,-988.28,-45.41,186.52,-0.43,-0.91,0.43,33.68
2515,108600859,-986.82,-41.50,186.52,-0.55,-0.91,0.24,33.83
2516,108604916,-989.75,-42.48,186.04,-0.18,-0.73,0.24,33.59
2517,108608965,-991.70,-39.06,182.62,-0.55,-0.67,0.30,33.83
2518,108614760,-986.82,-40.04,182.62,-0.06,-0.79,0.37,33.59
2519,108618809,-990.23,-40.04,179.69,-0.30,-0.61,0.43,33.59
2520,108622859,-986.82,-37.11,182.13,-0.43,-0.43,0.37,33.97
2521,108626916,-983.89,-39.06,177.73,-0.49,-0.43,0.43,33.83
2522,108630965,-987.79,-39.06,183.11,-0.61,-0.43,0.30,33.97
2523,108636760,-992.19,-41.02,186.04,-0.55,-0.06,0.30,33.64
2524,108640809,-992.19,-36.62,176.76,-0.49,-0.06,0.24,33.49
2525,108644859,-988.28,-34.67,177.25,-0.49,-0.12,0.12,33.49
2526,108648916,-990.72,-38.57,183.11,-0.37,-0.24,0.30,34.16
2527,108652965,-985.84,-37.60,178.71,-0.30,0.06,0.12,33.44
2528,108658760,-987.30,-32.23,186.52,-0.24,0.00,0.06,33.59
2529,108662809,-987.79,-33.20,187.99,-0.37,0.30,0.30,33.68
2530,108666859,-988.28,-33.69,187.99,-0.37,0.30,0.18,33.78
2531,108670916,-988.77,-33.69,184.57,-0.55,0.61,0.06,33.68
2532,108674965,-982.91,-28.81,188.96,-0.30,0.61,0.06,33.44
2533,108680760,-986.82,-29.30,187.01,-0.37,0.79,-0.06,33.88
2534,108684809,-981.45,-28.81,187.50,-0.49,0.85,-0.61,33.64
2535,108688859,-980.96,-29.79,188.96,-0.73,1.22,-0.49,33.88
2536,108692916,-982.42,-32.71,188.96,-0.73,1.40,-0.37,33.83
2537,108696965,-983.40,-38.57,187.99,-0.79,1.40,-0.30,33.44
2538,108702760,-986.82,-36.13,189.45,-0.85,1.34,-0.18,33.78
2539,108706809,-988.77,-36.62,186.52,-0.61,1.59,-0.06,33.64
2540,108710859,-987.79,-38.57,184.57,-0.85,1.83,0.06,33.83
2541,108714916,-989.75,-39.55,182.13,-0.73,1.34,0.24,33.83
2542,108718965,-987.30,-36.13,186.04,-0.73,1.71,0.49,33.83
2543,108724760,-988.28,-32.23,185.55,-0.79,1.77,0.67,33.68
2544,108728809,-991.21,-32.23,186.04,-0.91,1.34,0.49,33.49
2545,108732859,-984.86,-30.27,184.08,-1.16,1.46,0.43,33.64
2546,108736916,-988.77,-34.67,188.96,-1.28,1.28,0.30,33.97
2547,108740965,-989.26,-35.16,180.18,-1.40,1.34,0.12,33.59
2548,108746760,-994.14,-37.11,181.64,-1.28,1.34,0.37,33.83
2549,108750809,-990.23,-42.48,184.57,-1.16,1.28,0.49,33.88
2550,108754859,-990.72,-41.50,189.45,-1.10,1.16,0.85,33.59
2551,108758916,-988.28,-48.34,188.48,-1.16,1.34,0.79,33.88
2552,108764760,-987.79,-44.43,186.52,-1.16,1.22,1.16,33.78
2553,108768809,-993.16,-47.36,188.96,-0.79,0.98,1.04,33.64
2554,108772859,-987.79,-46.87,189.94,-0.67,0.98,1.28,33.88
2555,108776916,-987.30,-41.99,190.43,-0.85,1.34,1.46,33.78
2556,108780965,-989.75,-41.99,184.08,-0.73,1.04,1.04,34.02
2557,108786760,-993.16,-36.62,182.13,-0.61,1.10,1.10,34.02
2558,108790809,-987.30,-37.11,187.50,-0.67,1.04,0.24,33.88
2559,108794859,-986.82,-37.11,184.57,-0.67,0.85,-0.06,33.88
2560,108798916,-989.26,-32.71,183.59,-0.79,0.67,-0.30,33.59
2561,108802965,-995.12,-30.27,188.48,-0.67,0.61,-0.61,33.83
2562,108808760,-990.23,-29.30,182.62,-0.67,0.55,-0.79,33.88
2563,108812809,-993.16,-32.23,183.59,-0.85,0.30,-1.28,33.68
2564,108816859,-992.19,-34.18,189.45,-0.67,0.06,-1.40,33.83
2565,108820916,-994.63,-39.06,184.08,-0.85,0.00,-1.40,33.88
2566,108824965,-996.58,-43.95,183.59,-0.67,-0.18,-0.98,33.83
2567,108830760,-996.58,-47.36,182.62,-0.85,-0.06,-0.79,33.88
2568,108834809,-994.14,-44.43,182.62,-0.79,-0.24,-0.43,33.49
2569,108838859,-993.65,-41.02,184.08,-0.61,-0.43,0.00,33.78
2570,108842916,-993.65,-41.99,188.48,-0.37,-0.55,0.49,33.83
2571,108846965,-993.16,-38.09,189.45,-0.43,-0.85,0.79,33.97
2572,108852760,-993.16,-41.02,182.62,-0.43,-0.85,1.10,33.59
2573,108856809,-996.09,-35.16,185.06,-0.37,-1.04,1.52,33.35
2574,108860859,-991.70,-38.57,182.62,-0.37,-1.46,1.40,34.02
2575,108864916,-995.12,-28.81,186.04,-0.67,-0.98,1.34,33.68
2576,108868965,-1000.98,-26.86,186.52,-0.98,-1.22,1.22,33.97
2577,108874760,-999.02,-25.39,185.06,-0.91,-1.34,0.98,33.59
2578,108878809,-999.51,-27.83,187.01,-1.16,-1.40,0.85,33.44
2579,108882859,-995.61,-25.88,186.04,-0.98,-1.40,0.73,33.83
2580,108886916,-995.12,-28.32,183.11,-1.10,-1.59,0.61,33.88
2581,108890965,-994.14,-34.18,180.66,-1.04,-1.52,0.37,33.68
2582,108896760,-989.75,-36.13,185.06,-1.16,-1.89,0.49,33.59
2583,108900809,-985.35,-37.11,185.55,-1.10,-1.77,0.67,33.64
2584,108904859,-988.28,-42.97,181.15,-1.22,-2.07,0.37,33.78
2585,108908916,-988.28,-42.97,182.62,-1.04,-2.01,0.37,33.68
2586,108912965,-983.89,-42.97,176.27,-0.85,-1.65,0.49,33.64
2587,108918760,-990.23,-41.02,186.04,-0.73,-1.95,0.49,33.59
2588,108922809,-987.30,-44.43,183.59,-0.67,-1.83,0.49,33.88
2589,108926859,-985.84,-44.43,181.15,-0.73,-1.89,0.73,33.97
2590,108930916,-987.30,-42.97,187.01,-0.67,-1.65,0.49,33.83
2591,108934965,-989.75,-38.57,184.08,-0.79,-1.65,0.55,33.78
2592,108940760,-995.12,-39.06,183.11,-0.49,-1.65,0.67,33.97
2593,108944809,-992.19,-41.50,183.11,-0.43,-1.71,0.73,33.78
2594,108948859,-990.72,-43.46,181.64,-0.61,-1.52,0.73,33.64
2595,108952916,-993.16,-37.60,187.01,-0.67,-1.59,0.73,33.78
2596,108956965,-991.21,-41.99,186.04,-0.73,-1.59,0.30,33.64
2597,108962760,-992.68,-39.06,178.71,-0.55,-1.52,0.37,33.83
2598,108966809,-984.37,-41.02,183.59,-0.37,-1.59,0.30,34.02
2599,108970859,-987.30,-43.46,179.20,-0.37,-1.34,0.49,33.49
2600,108974916,-984.86,-39.55,180.18,-0.49,-1.16,0.24,33.83
2601,108980760,-985.35,-40.04,181.15,-0.43,-1.40,0.18,34.02
2602,108984809,-986.82,-45.41,183.11,-0.43,-1.16,0.06,33.78
2603,108988859,-992.19,-40.04,181.15,-0.37,-1.04,0.18,33.83
2604,108992916,-988.28,-39.06,183.59,-0.30,-0.98,-0.18,33.64
2605,108996965,-990.72,-36.62,182.13,-0.30,-0.98,-0.37,33.59
2606,109002760,-990.23,-38.57,187.99,-0.30,-0.91,-0.18,33.68
2607,109006809,-989.75,-40.04,183.11,0.00,-0.79,-0.18,33.88
2608,109010859,-987.79,-39.06,184.57,-0.18,-0.73,-0.06,33.97
2609,109014916,-984.86,-37.11,188.48,-0.24,-0.73,-0.12,33.68
2610,109018965,-987.79,-39.55,185.55,0.18,-0.73,-0.06,33.88
2611,109024760,-987.30,-41.02,187.99,-0.06,-0.49,0.06,33.78
2612,109028809,-988.28,-36.62,187.50,-0.12,-0.61,-0.18,33.88
2613,109032859,-982.42,-41.02,189.45,-0.12,-0.37,0.00,33.88
2614,109036916,-989.26,-38.09,186.04,0.18,-0.24,0.06,33.49
2615,109040965,-993.16,-37.60,186.04,-0.24,-0.06,0.18,34.02
2616,109046760,-987.79,-32.71,181.64,-0.49,0.12,0.12,34.02
2617,109050809,-991.21,-28.81,182.13,-0.18,-0.18,0.18,33.59
2618,109054859,-990.23,-32.23,185.55,-0.37,0.06,0.30,33.88
2619,109058916,-992.68,-28.32,186.04,-0.55,0.18,0.00,33.83
2620,109062965,-994.14,-34.18,183.11,-0.37,-0.24,-0.24,33.68
2621,109068760,-994.14,-35.16,181.15,-0.37,0.06,0.00,33.68
2622,109072809,-994.14,-30.76,184.08,0.12,0.12,-0.18,33.64
2623,109076859,-988.77,-33.69,183.11,-0.24,0.18,-0.24,33.88
2624,109080916,-992.68,-32.23,184.57,-0.24,0.00,-0.30,33.88
2625,109084965,-991.70,-31.74,183.59,-0.06,-0.12,-0.43,33.83
2626,109090760,-998.05,-34.18,187.01,-0.06,0.12,-0.61,33.68
2627,109094809,-996.09,-36.62,181.15,-0.30,0.06,-0.67,33.68
2628,109098859,-989.75,-33.20,183.59,-0.24,0.00,-0.43,33.78
2629,109102916,-991.70,-35.16,183.59,-0.18,-0.12,-0.67,33.83
2630,109106965,-995.12,-35.64,185.55,-0.43,-0.12,0.06,33.78
2631,109112760,-995.12,-31.25,182.13,-0.37,0.00,-0.18,33.64
2632,109116809,-1000.00,-40.04,180.66,-0.24,-0.06,-0.12,33.83
2633,109120859,-997.56,-38.09,181.15,-0.12,-0.06,0.00,33.83
2634,109124916,-999.02,-36.62,182.13,-0.24,-0.06,0.24,33.68
2635,109128965,-997.07,-41.50,182.62,-0.55,-0.30,-0.06,33.64
2636,109134760,-998.05,-43.46,184.08,-0.24,-0.55,0.30,33.64
2637,109138809,-995.61,-48.34,183.59,-0.49,-0.30,0.24,33.68
2638,109142859,-993.65,-46.87,188.48,-0.43,-0.30,0.43,34.02
2639,109146916,-984.86,-49.80,182.62,-0.37,-0.43,0.61,33.59
2640,109150965,-991.21,-48.34,183.11,-0.12,-0.30,0.73,33.64
2641,109156760,-987.30,-43.46,188.48,-0.12,-0.30,0.73,33.97
2642,109160809,-985.84,-48.34,183.11,-0.12,-0.49,0.73,33.64
2643,109164859,-984.37,-41.02,184.08,-0.06,-0.49,0.49,33.59
2644,109168916,-982.91,-43.95,185.06,0.00,-0.61,0.37,33.64
2645,109172965,-989.75,-38.09,187.50,0.30,-0.67,-0.18,33.88
2646,109178760,-986.33,-42.97,187.50,0.37,-0.37,0.12,33.83
2647,109182809,-989.75,-38.57,187.01,0.43,-0.30,-0.18,33.68
2648,109186859,-987.30,-33.69,188.96,0.12,-0.73,-0.55,33.44
2649,109190916,-989.26,-36.13,187.99,0.30,-0.37,-0.79,33.88
2650,109194965,-993.65,-38.09,185.06,0.12,-0.43,-1.04,33.64
2651,109200760,-994.63,-38.57,186.52,0.06,-0.61,-1.04,33.83
2652,109204809,-992.19,-40.53,182.62,0.00,-0.43,-1.34,33.68
2653,109208859,-985.35,-36.62,184.57,-0.06,-0.37,-1.46,33.49
2654,109212916,-992.68,-36.62,188.48,-0.12,-0.37,-1.40,33.68
2655,109218760,-991.21,-41.50,185.55,-0.06,-0.49,-1.04,33.78
2656,109222809,-991.21,-42.48,184.57,-0.24,-0.55,-1.04,33.68
2657,109226859,-987.30,-40.04,190.43,-0.12,-0.73,-0.61,33.83
2658,109230916,-985.84,-41.50,184.08,-0.43,-0.73,-0.55,33.68
2659,109234965,-984.37,-42.97,188.48,-0.24,-0.91,-0.30,33.83
2660,109240760,-987.30,-40.53,183.11,-0.37,-0.55,-0.06,33.83
2661,109244809,-987.79,-37.11,187.50,-0.73,-0.73,0.00,34.02
2662,109248859,-985.35,-38.09,183.59,-0.55,-0.79,0.24,33.83
2663,109252916,-988.28,-35.16,187.99,-0.49,-0.98,0.37,33.68
2664,109256965,-985.35,-39.55,187.01,-0.67,-0.98,0.37,33.68
2665,109262760,-984.86,-33.69,187.99,-0.55,-0.79,0.73,33.88
2666,109266809,-987.79,-38.57,186.52,-0.79,-0.85,0.85,33.88
2667,109270859,-977.54,-36.13,187.01,-0.73,-1.04,0.79,33.97
2668,109274916,-983.89,-37.60,187.01,-0.98,-0.91,0.91,33.68
2669,109278965,-985.84,-33.20,184.57,-0.91,-0.91,0.98,33.88
2670,109284760,-983.89,-36.13,187.01,-0.91,-0.91,1.04,33.83
2671,109288809,-985.35,-36.13,189.94,-1.10,-0.79,0.91,33.59
2672,109292859,-980.96,-36.13,192.38,-1.40,-0.85,1.10,33.68
2673,109296916,-982.91,-31.74,189.45,-1.04,-0.79,0.67,33.83
2674,109300965,-981.45,-35.64,190.43,-1.40,-0.49,0.67,33.68
2675,109306760,-983.40,-31.25,192.87,-0.98,-0.49,0.67,33.68
2676,109310809,-979.49,-39.06,190.92,-1.59,-0.43,0.49,33.59
2677,109314859,-975.59,-35.64,189.45,-1.34,-0.18,0.37,33.68
2678,109318916,-984.37,-38.57,193.36,-1.52,-0.43,0.37,33.64
2679,109322965,-986.33,-37.11,189.94,-1.52,-0.30,0.61,33.49
2680,109328760,-985.35,-38.57,187.01,-1.71,-0.24,0.37,33.83
2681,109332809,-986.33,-48.34,189.45,-1.59,0.18,0.55,33.59
2682,109336859,-986.33,-40.04,185.06,-1.52,0.24,0.43,33.83
2683,109340916,-986.33,-42.48,185.55,-1.83,0.12,0.67,33.78
2684,109344965,-986.82,-49.32,189.45,-1.65,0.00,0.79,33.64
2685,109350760,-989.75,-46.87,184.57,-1.77,-0.12,0.85,33.97
2686,109354809,-987.30,-42.48,185.55,-1.77,-0.12,1.04,33.78
2687,109358859,-988.77,-43.46,189.94,-1.59,-0.06,1.34,33.78
2688,109362916,-988.28,-38.09,181.15,-1.77,-0.18,1.40,33.88
2689,109366965,-991.21,-37.60,189.45,-1.77,-0.24,1.34,33.68
2690,109372760,-990.23,-30.76,185.06,-1.65,-0.18,1.28,33.78
2691,109376809,-991.21,-33.69,183.59,-1.77,-0.24,1.04,33.68
2692,109380859,-993.65,-34.67,183.59,-2.01,-0.30,0.79,33.68
2693,109384916,-991.21,-33.20,185.06,-1.65,-0.18,0.79,33.68
2694,109388965,-998.54,-36.62,184.57,-1.77,-0.30,0.55,33.68
2695,109394760,-995.12,-38.57,183.11,-1.71,-0.37,0.12,33.88
2696,109398809,-994.14,-39.55,184.08,-1.52,-0.61,0.12,33.78
2697,109402859,-993.65,-40.04,176.27,-1.95,-0.55,0.43,33.64
2698,109406916,-997.07,-46.87,180.18,-1.65,-0.67,0.24,33.83
2699,109410965,-995.61,-47.36,183.11,-1.71,-0.85,0.43,33.83
2700,109416760,-996.09,-46.39,181.64,-1.71,-0.91,0.73,33.64
2701,109420809,-994.14,-45.41,180.66,-1.46,-0.85,0.91,33.97
2702,109424859,-998.05,-50.29,185.06,-1.34,-1.04,1.34,33.64
2703,109428916,-996.58,-49.32,178.71,-1.04,-1.16,1.28,33.83
2704,109434760,-997.07,-47.85,179.69,-0.79,-1.40,1.16,34.02
2705,109438809,-996.09,-43.46,183.11,-0.98,-1.22,1.40,33.78
2706,109442859,-996.58,-42.97,183.11,-1.04,-1.34,1.46,33.78
2707,109446916,-996.58,-36.62,178.22,-0.91,-1.28,1.28,33.59
2708,109450965,-997.07,-38.57,179.20,-0.85,-1.40,1.04,33.88
2709,109456760,-999.51,-35.64,182.62,-0.98,-1.28,0.79,33.97
2710,109460809,-998.54,-35.16,182.62,-0.98,-1.46,0.49,33.68
2711,109464859,-1000.00,-35.64,181.64,-1.10,-1.10,0.06,33.88
2712,109468916,-999.51,-35.64,179.20,-1.40,-1.52,-0.18,33.59
2713,109472965,-999.51,-32.23,178.22,-1.28,-1.34,-0.37,33.78
2714,109478760,-1000.00,-40.53,174.32,-1.28,-1.59,-0.49,33.83
2715,109482809,-995.12,-41.99,175.78,-1.10,-1.46,-0.79,33.78
2716,109486859,-994.63,-46.39,179.20,-1.10,-1.59,-0.67,33.97
2717,109490916,-991.21,-50.29,177.25,-1.10,-1.83,-0.67,33.83
2718,109494965,-990.72,-49.80,178.22,-0.98,-1.89,-0.43,34.12
2719,109500760,-980.96,-55.18,179.69,-0.73,-1.77,-0.06,33.68
2720,109504809,-992.19,-51.76,180.18,-0.49,-1.89,0.06,33.83
2721,109508859,-986.82,-51.27,181.15,-0.30,-1.71,0.24,33.83
2722,109512916,-987.30,-49.32,180.18,-0.06,-1.77,0.61,33.83
2723,109516965,-984.86,-49.32,177.73,0.37,-1.77,0.67,33.97
2724,109522760,-983.40,-44.92,187.01,0.24,-1.46,0.73,33.49
2725,109526809,-985.35,-44.43,186.04,0.24,-1.59,0.67,33.49
2726,109530859,-986.33,-36.62,186.04,0.43,-1.28,0.67,33.59
2727,109534916,-984.86,-35.64,189.45,0.49,-1.22,0.55,33.88
2728,109538965,-984.37,-31.25,188.96,0.18,-0.98,0.12,33.78
2729,109544760,-987.79,-23.93,189.94,0.06,-0.91,0.06,33.64
2730,109548809,-986.33,-24.41,187.50,-0.06,-0.85,-0.49,33.68
2731,109552859,-992.68,-26.86,190.43,-0.37,-0.55,-0.85,33.83
2732,109556916,-995.12,-29.30,186.04,-0.30,-0.37,-1.28,33.83
2733,109560965,-987.30,-26.37,183.11,-0.61,0.00,-1.46,33.64
2734,109566760,-993.65,-25.39,185.55,-0.55,0.18,-1.71,33.64
2735,109570809,-993.16,-31.74,183.59,-0.61,0.24,-1.46,33.88
2736,109574859,-987.79,-33.20,184.08,-1.04,-0.12,-1.52,33.83
2737,109578916,-990.23,-36.13,180.18,-0.73,0.18,-1.52,33.78
2738,109582965,-991.21,-41.50,176.76,-0.98,0.12,-1.16,33.64
2739,109588760,-990.23,-42.97,175.29,-1.16,0.06,-0.79,33.88
2740,109592809,-992.68,-42.48,177.25,-0.91,-0.24,-0.24,33.64
2741,109596859,-991.21,-42.97,175.29,-1.10,-0.06,0.12,33.88
2742,109600916,-986.82,-47.36,180.66,-0.85,0.00,0.67,33.97
2743,109604965,-982.42,-41.50,181.64,-0.79,0.00,1.10,33.88
2744,109610760,-984.37,-42.97,182.13,-0.98,-0.06,1.65,33.68
2745,109614809,-984.37,-41.02,184.08,-0.55,-0.06,2.07,33.64
2746,109618859,-982.42,-40.04,180.66,-0.55,-0.18,2.01,33.83
2747,109622916,-982.91,-35.64,184.08,-0.43,-0.18,1.95,33.78
2748,109626965,-980.47,-30.76,187.01,-0.49,0.18,2.07,33.83
2749,109632760,-977.05,-29.79,191.41,-0.49,0.06,1.59,33.68
2750,109636809,-979.00,-29.30,182.13,-0.43,-0.12,1.52,33.78
2751,109640859,-979.49,-26.37,187.01,-0.55,-0.12,1.22,33.68
2752,109644916,-982.42,-25.88,187.50,-0.37,0.30,0.30,34.02
2753,109650760,-983.89,-28.81,184.08,-0.30,0.30,0.18,33.88
2754,109654809,-985.84,-27.83,181.64,-0.55,0.12,-0.37,33.78
2755,109658859,-983.89,-28.81,185.06,-0.91,0.37,-0.55,33.78
2756,109662916,-984.86,-29.79,180.66,-0.67,0.49,-0.67,33.83
2757,109666965,-983.89,-33.69,181.15,-0.61,0.37,-0.49,33.83
2758,109671015,-981.93,-39.55,179.20,-0.55,0.43,-0.55,33.78
2759,109676760,-983.89,-41.99,178.22,-0.61,0.49,-0.55,33.83
2760,109680809,-983.40,-43.46,180.18,-0.79,0.55,0.18,33.88
2761,109684859,-985.35,-46.39,177.25,-0.73,0.30,0.12,33.78
2762,109688916,-985.84,-40.53,177.25,-0.73,0.61,0.67,33.64
2763,109694760,-986.33,-42.48,179.20,-0.55,0.67,0.67,33.88
2764,109698809,-987.30,-40.04,184.08,-0.67,1.04,1.04,33.88
2765,109702859,-992.19,-40.53,179.20,-0.55,0.91,1.04,33.64
2766,109706916,-991.21,-31.74,183.59,-0.85,0.73,1.22,33.64
2767,109710965,-989.75,-38.57,182.13,-0.37,0.37,1.16,33.83
2768,109716760,-996.09,-38.57,181.64,-0.61,0.91,1.34,33.83
2769,109720809,-998.05,-39.55,183.59,-0.37,0.49,1.22,33.83
2770,109724859,-993.16,-35.16,186.52,-0.61,0.67,0.91,33.83
2771,109728916,-996.58,-37.11,187.50,-0.67,0.49,0.85,33.68
2772,109732965,-997.56,-34.18,186.04,-0.43,0.67,0.49,33.68
2773,109738760,-997.56,-34.67,183.11,-0.73,0.55,0.55,33.88
2774,109742809,-999.02,-39.06,185.55,-0.98,0.43,-0.06,34.02
2775,109746859,-1001.95,-42.48,186.52,-0.79,0.37,-0.30,33.88
2776,109750916,-998.54,-39.55,187.01,-0.79,0.06,-0.24,33.44
2777,109754965,-999.02,-41.99,186.04,-0.73,-0.06,-0.30,33.97
2778,109760760,-1000.49,-44.92,181.15,-0.30,0.00,-0.24,33.78
2779,109764809,-1000.00,-42.97,182.13,-0.61,-0.43,0.12,33.64
2780,109768859,-998.54,-41.02,183.11,-0.61,-0.55,0.24,33.78
2781,109772916,-998.54,-40.53,186.52,-0.55,-0.73,0.43,33.78
2782,109776965,-997.56,-42.97,185.55,-0.18,-0.85,0.37,33.64
2783,109782760,-1002.44,-38.09,183.11,-0.24,-0.91,0.67,33.78
2784,109786809,-997.07,-36.13,189.45,-0.30,-0.91,0.79,33.49
2785,109790859,-996.09,-43.95,187.99,-0.24,-1.16,0.85,33.83
2786,109794916,-998.54,-38.09,187.01,-0.67,-1.22,0.85,33.78
2787,109798965,-997.56,-35.16,189.94,-0.43,-0.98,0.73,33.59
2788,109804760,-994.14,-34.67,188.96,-0.73,-1.16,0.85,33.78
2789,109808809,-994.63,-33.20,186.52,-0.91,-0.91,0.73,33.97
2790,109812859,-995.12,-31.74,189.94,-1.16,-1.10,0.61,33.78
2791,109816916,-994.14,-32.71,193.85,-1.22,-0.79,0.67,33.83
2792,109820965,-1000.00,-31.25,187.01,-1.28,-1.10,0.49,33.59
2793,109826760,-995.12,-36.62,191.89,-1.71,-0.85,0.12,33.83
2794,109830809,-991.70,-36.62,189.45,-1.52,-0.91,0.37,33.78
2795,109834859,-993.65,-35.16,187.99,-1.34,-0.98,0.37,33.88
2796,109838916,-995.61,-34.67,188.48,-1.34,-1.04,0.18,34.02
2797,109842965,-990.23,-38.09,191.41,-1.77,-1.04,0.18,33.68
2798,109848760,-992.19,-39.06,187.01,-1.40,-0.73,0.18,33.64
2799,109852809,-990.72,-35.64,185.55,-1.46,-1.10,0.24,33.83
2800,109856859,-990.23,-37.60,181.64,-1.46,-0.85,0.06,33.78
2801,109860916,-991.70,-39.55,185.55,-1.46,-1.04,-0.06,33.78
2802,109864965,-988.28,-37.11,182.62,-1.59,-1.16,-0.30,33.83
2803,109870760,-990.23,-33.20,179.69,-1.46,-0.91,-0.24,33.83
2804,109874809,-991.21,-37.60,178.71,-1.77,-1.28,-0.37,33.97
2805,109878859,-988.77,-39.06,178.22,-1.34,-1.16,-0.43,33.68
2806,109882916,-989.26,-43.95,179.69,-1.34,-1.46,-0.24,33.83
2807,109888760,-988.77,-42.97,182.13,-1.34,-1.46,-0.18,33.68
2808,109892809,-986.33,-40.04,184.57,-1.28,-1.34,0.30,33.78
2809,109896859,-987.79,-40.53,184.08,-1.28,-1.46,0.30,34.02
2810,109900916,-984.86,-41.99,185.55,-1.52,-1.28,0.49,33.59
2811,109904965,-987.30,-41.50,187.50,-1.22,-1.22,0.30,33.88
2812,109910760,-984.37,-41.02,186.52,-1.40,-1.22,0.37,33.88
2813,109914809,-988.77,-40.53,187.01,-1.46,-1.04,0.12,34.02
2814,109918859,-981.45,-33.69,189.45,-1.34,-0.98,0.37,33.88
2815,109922916,-987.79,-37.11,182.13,-1.34,-0.98,0.24,33.78
2816,109926965,-993.16,-34.18,183.11,-1.46,-1.16,-0.18,34.12
2817,109932760,-988.77,-34.67,188.48,-1.59,-1.10,-0.06,33.83
2818,109936809,-989.26,-35.16,187.01,-1.46,-0.91,0.43,33.78
2819,109940859,-992.68,-30.76,185.55,-1.65,-1.04,0.37,33.88
2820,109944916,-986.33,-29.30,186.04,-1.52,-0.79,-0.06,33.88
2821,109948965,-989.75,-33.20,183.59,-1.52,-0.91,-0.18,33.88
2822,109954760,-986.33,-36.13,182.62,-1.59,-1.10,-0.43,33.44
2823,109958809,-982.91,-33.20,185.55,-1.65,-0.98,-0.49,33.97
2824,109962859,-988.28,-37.11,182.13,-1.52,-0.98,-0.24,33.64
2825,109966916,-988.28,-40.53,181.64,-1.71,-1.16,-0.24,33.64
2826,109970965,-988.77,-43.95,179.69,-1.77,-0.79,-0.24,33.83
2827,109976760,-989.75,-43.46,179.69,-1.77,-0.85,-0.06,33.64
2828,109980809,-993.16,-46.87,181.15,-1.52,-0.98,0.37,33.78
2829,109984859,-991.70,-48.83,174.80,-1.52,-0.79,0.24,33.83
2830,109988916,-990.72,-48.83,181.15,-1.89,-0.79,0.61,33.78
2831,109992965,-989.26,-47.85,181.15,-1.40,-0.79,0.98,33.68
2832,109998760,-988.77,-48.83,182.13,-1.34,-0.85,1.46,33.59
2833,110002809,-992.68,-47.85,179.69,-1.28,-0.73,1.59,33.49
2834,110006859,-993.16,-42.48,178.22,-1.77,-0.73,1.71,33.68
2835,110010916,-989.26,-42.48,182.62,-1.46,-0.61,1.16,33.68
2836,110014965,-989.75,-44.92,180.66,-1.46,-0.55,1.40,33.78
2837,110020760,-989.75,-39.06,185.06,-1.46,-0.30,0.91,33.78
2838,110024809,-987.30,-38.09,188.48,-1.65,-0.18,1.10,33.83
2839,110028859,-984.37,-34.67,190.43,-1.52,-0.06,0.49,33.83
2840,110032916,-987.30,-39.55,184.57,-1.40,-0.18,-0.06,33.78
2841,110036965,-989.26,-33.20,184.08,-1.28,-0.06,-0.30,33.59
2842,110042760,-988.28,-42.48,187.01,-1.40,-0.12,-0.73,33.97
2843,110046809,-991.21,-37.60,183.11,-1.22,-0.18,-0.91,33.68
2844,110050859,-989.26,-39.06,180.66,-1.28,0.00,-1.22,33.78
2845,110054916,-993.65,-38.57,179.69,-1.34,-0.12,-1.28,34.02
2846,110058965,-991.70,-38.57,182.62,-1.10,-0.24,-1.28,34.02
2847,110064760,-990.23,-48.83,176.27,-1.10,-0.37,-1.16,33.83
2848,110068809,-993.16,-50.29,177.25,-0.91,-0.55,-1.10,33.83
2849,110072859,-989.75,-44.92,176.76,-1.10,-0.85,-0.67,33.59
2850,110076916,-991.70,-43.46,179.20,-0.73,-0.85,-0.18,33.88
2851,110080965,-998.05,-44.43,181.15,-0.73,-1.04,0.06,34.02
2852,110086760,-995.12,-39.55,177.73,-0.73,-0.91,0.06,33.68
2853,110090809,-994.63,-44.92,181.15,-0.43,-1.40,0.49,33.68
2854,110094859,-990.72,-39.06,182.13,-0.67,-1.10,0.79,33.49
2855,110098916,-995.61,-48.83,184.08,-0.73,-1.10,1.10,33.88
2856,110104760,-996.58,-46.87,181.64,-0.43,-1.59,1.10,33.68
2857,110108809,-995.61,-39.06,187.50,-0.55,-1.28,1.40,33.78
2858,110112859,-991.21,-38.57,185.55,-0.61,-1.59,1.52,33.97
2859,110116916,-993.65,-38.57,187.01,-0.73,-1.40,1.65,33.59
2860,110120965,-994.14,-37.11,189.45,-0.55,-1.22,1.52,33.88
2861,110125015,-987.30,-32.71,189.94,-0.79,-1.28,1.34,33.97
2862,110130760,-991.21,-29.30,187.99,-0.61,-1.40,0.91,33.88
2863,110134809,-989.75,-24.41,190.92,-0.61,-1.28,0.67,33.64
2864,110138859,-990.23,-22.46,188.96,-0.73,-0.85,-0.12,33.68
2865,110142916,-980.96,-23.93,186.04,-1.04,-0.91,-0.49,34.02
2866,110148760,-984.37,-28.32,187.99,-1.28,-0.91,-0.85,33.97
2867,110152809,-985.35,-30.76,185.06,-1.16,-0.98,-1.28,33.64
2868,110156859,-981.45,-38.57,182.13,-1.34,-0.67,-1.10,33.64
2869,110160916,-981.45,-40.04,178.71,-1.10,-1.22,-1.22,33.59
2870,110164965,-984.37,-43.46,186.04,-1.22,-0.98,-0.67,33.78
2871,110170760,-983.89,-42.48,185.55,-1.10,-0.91,-0.55,33.83
2872,110174809,-984.86,-45.90,184.08,-1.16,-0.91,-0.18,33.88
2873,110178859,-981.45,-44.92,184.57,-1.10,-0.98,0.12,33.78
2874,110182916,-983.40,-47.85,188.96,-1.04,-1.04,0.30,33.68
2875,110186965,-983.40,-47.85,182.13,-0.91,-0.91,1.04,33.83
2876,110192760,-986.82,-48.83,187.01,-0.85,-0.73,1.22,33.83
2877,110196809,-985.84,-43.95,182.62,-0.98,-0.91,2.13,33.64
2878,110200859,-977.05,-46.87,186.04,-0.98,-0.73,1.95,33.83
2879,110204916,-983.40,-40.04,187.99,-0.91,-0.79,2.20,33.64
2880,110208965,-983.89,-32.71,186.52,-0.98,-0.55,2.07,33.68
2881,110214760,-985.35,-38.09,187.50,-1.16,-0.61,1.71,33.78
2882,110218809,-986.33,-28.81,186.52,-0.98,-0.49,1.52,33.83
2883,110222859,-986.33,-33.69,196.29,-1.16,-0.30,1.46,33.97
2884,110226916,-978.52,-32.71,189.45,-1.16,-0.30,0.98,33.83
2885,110230965,-983.89,-27.34,188.96,-1.46,0.00,0.73,33.64
2886,110236760,-983.40,-25.88,184.57,-1.52,-0.06,0.24,33.64
2887,110240809,-985.84,-27.34,185.55,-1.77,0.37,-0.61,33.59
2888,110244859,-989.75,-33.20,185.55,-1.65,0.18,-0.55,33.83
2889,110248916,-990.72,-37.11,189.45,-1.71,0.30,-0.73,33.88
2890,110252965,-993.16,-39.55,186.52,-1.83,0.30,-0.67,33.68
2891,110258760,-994.63,-41.99,184.57,-1.77,0.18,-0.43,33.68
2892,110262809,-996.09,-44.92,182.13,-1.52,0.18,-0.30,33.97
2893,110266859,-995.61,-49.32,184.57,-1.71,0.18,0.12,33.78
2894,110270916,-992.19,-50.29,179.20,-1.28,-0.12,0.37,33.68
2895,110274965,-991.70,-46.87,179.69,-1.40,-0.18,0.79,33.49
2896,110280760,-989.26,-46.87,175.78,-1.34,-0.37,1.16,33.59
2897,110284809,-993.65,-41.99,176.76,-1.52,-0.24,1.34,33.78
2898,110288859,-993.16,-41.50,175.29,-1.16,-0.61,1.22,33.88
2899,110292916,-995.12,-40.04,178.71,-1.28,-0.67,1.34,33.49
2900,110296965,-994.14,-40.53,181.64,-1.22,-0.67,1.40,33.97
2901,110302760,-993.16,-43.46,183.11,-1.22,-0.61,1.83,33.78
2902,110306809,-1000.98,-40.04,182.13,-1.40,-0.73,1.65,33.78
2903,110310859,-993.65,-35.16,183.11,-1.46,-0.67,1.59,33.59
2904,110314916,-998.05,-38.09,182.62,-1.16,-0.79,1.46,33.68
2905,110318965,-998.54,-33.69,185.06,-1.59,-1.04,1.22,33.68
2906,110324760,-996.09,-39.55,184.57,-1.28,-0.67,0.91,33.83
2907,110328809,-995.12,-39.55,182.62,-1.40,-0.67,0.61,33.64
2908,110332859,-993.16,-38.57,181.15,-1.46,-0.85,0.61,33.68
2909,110336916,-995.61,-42.48,185.06,-1.34,-0.79,0.37,33.83
2910,110342760,-996.09,-44.43,186.04,-1.52,-0.85,0.43,33.88
2911,110346809,-995.12,-42.48,188.48,-1.34,-1.10,0.61,33.83
2912,110350859,-991.70,-40.53,183.11,-1.28,-0.67,0.24,33.59
2913,110354916,-991.70,-42.48,187.50,-1.04,-0.85,0.43,33.49
2914,110358965,-993.16,-40.04,186.52,-0.79,-0.79,0.37,33.78
2915,110364760,-985.35,-39.06,183.59,-1.04,-0.98,0.12,33.88
2916,110368809,-987.79,-39.55,182.13,-0.91,-0.91,-0.12,33.88
2917,110372859,-991.70,-36.62,185.06,-1.10,-0.85,-0.06,33.78
2918,110376916,-989.75,-36.13,180.18,-0.98,-0.73,-0.37,33.64
2919,110380965,-994.63,-35.16,186.52,-1.10,-0.85,-0.43,33.88
2920,110386760,-997.56,-37.11,178.71,-1.16,-0.98,-0.37,33.88
2921,110390809,-996.09,-43.95,183.59,-1.34,-0.73,-0.49,33.88
2922,110394859,-994.63,-39.55,181.15,-1.28,-1.04,-0.37,33.97
2923,110398916,-992.68,-36.62,187.50,-1.34,-1.16,-0.06,33.88
2924,110402965,-997.07,-42.97,185.06,-1.46,-1.22,0.06,33.83
2925,110408760,-995.61,-41.50,180.18,-1.52,-1.16,0.18,33.83
2926,110412809,-997.56,-39.06,182.13,-1.40,-1.28,0.37,33.59
2927,110416859,-993.16,-39.55,179.69,-1.40,-0.91,0.30,33.88
2928,110420916,-994.63,-40.04,181.15,-1.40,-1.04,0.37,33.64
2929,110424965,-988.77,-39.06,184.57,-1.40,-1.16,0.43,33.97
2930,110430760,-989.26,-38.09,184.57,-1.22,-1.28,0.49,33.83
2931,110434809,-985.35,-39.55,186.52,-1.28,-1.34,0.37,33.59
2932,110438859,-979.49,-41.50,185.06,-1.16,-1.34,0.98,34.12
2933,110442916,-982.91,-38.57,186.04,-0.67,-1.65,0.79,33.68
2934,110446965,-985.35,-40.53,190.43,-0.85,-1.22,0.91,33.88
2935,110452760,-975.59,-45.41,188.96,-0.55,-1.46,0.55,33.59
2936,110456809,-984.86,-38.09,188.96,-0.49,-1.59,0.79,33.64
2937,110460859,-986.33,-33.69,187.50,-0.49,-1.65,0.85,33.78
2938,110464916,-979.00,-38.57,186.52,-0.49,-1.71,0.49,33.78
2939,110468965,-978.52,-34.67,188.96,-0.55,-1.34,0.79,33.49
2940,110474760,-985.35,-33.69,189.94,-0.43,-1.40,0.37,33.49
2941,110478809,-986.33,-32.23,180.66,-0.67,-1.34,0.18,33.97
2942,110482859,-982.91,-34.67,187.50,-0.73,-1.04,0.24,33.88
2943,110486916,-991.21,-27.34,179.20,-0.98,-1.34,0.06,33.78
2944,110490965,-989.26,-38.57,183.59,-1.16,-1.10,0.12,33.64
2945,110496760,-990.23,-38.57,183.11,-1.22,-1.22,0.12,33.78
2946,110500809,-995.12,-30.76,181.64,-1.22,-0.91,-0.06,33.97
2947,110504859,-990.72,-39.06,186.04,-1.28,-0.91,0.24,33.83
2948,110508916,-995.61,-36.62,183.11,-1.22,-0.98,0.37,33.88
2949,110512965,-993.16,-37.11,182.62,-1.28,-0.79,0.43,33.68
2950,110518760,-991.21,-36.13,188.96,-1.46,-0.73,0.61,33.78
2951,110522809,-988.28,-39.55,182.62,-1.16,-0.98,0.67,33.83
2952,110526859,-993.65,-38.57,180.18,-1.22,-0.79,0.55,33.68
2953,110530916,-988.77,-37.60,182.13,-1.40,-0.49,1.16,33.68
2954,110534965,-993.65,-36.62,180.66,-1.16,-0.85,0.98,33.83
2955,110540760,-987.79,-31.74,184.57,-1.04,-0.79,0.91,33.88
2956,110544809,-987.79,-30.27,178.71,-0.98,-0.55,0.61,33.88
2957,110548859,-989.26,-33.20,181.64,-0.85,-0.79,0.67,33.68
2958,110552916,-992.68,-33.20,186.52,-0.91,-0.67,0.67,33.88
2959,110558760,-993.16,-35.64,185.06,-0.85,-0.67,0.73,33.83
2960,110562809,-986.33,-32.23,185.06,-1.04,-0.85,0.67,33.97
2961,110566859,-987.30,-31.74,183.59,-0.98,-0.73,0.30,33.78
2962,110570916,-989.75,-33.69,183.11,-0.98,-0.91,0.55,33.78
2963,110574965,-991.70,-33.20,180.66,-0.79,-0.61,0.43,33.64
2964,110580760,-990.72,-35.64,183.11,-1.16,-0.67,0.55,33.88
2965,110584809,-989.26,-40.04,183.59,-1.10,-0.49,0.43,33.78
2966,110588859,-990.72,-41.99,185.55,-1.16,-0.67,0.30,33.97
2967,110592916,-995.12,-37.60,190.43,-0.91,-0.49,0.30,33.83
2968,110596965,-989.26,-37.60,187.99,-1.10,-0.61,0.73,33.83
2969,110602760,-989.75,-36.13,192.38,-0.91,-0.55,0.61,33.78
2970,110606809,-990.23,-35.16,187.50,-0.98,-0.49,0.67,33.64
2971,110610859,-986.33,-36.62,188.96,-0.85,-0.49,0.61,33.59
2972,110614916,-992.68,-32.23,192.38,-0.85,-0.43,0.67,33.88
2973,110618965,-992.19,-27.34,187.50,-0.55,-0.43,0.55,33.83
2974,110624760,-991.70,-31.25,188.48,-0.91,-0.43,0.24,33.97
2975,110628809,-990.23,-31.25,190.43,-0.85,-0.06,-0.12,33.78
2976,110632859,-997.07,-31.25,184.57,-0.98,-0.12,0.00,33.68
2977,110636916,-995.12,-34.18,191.41,-0.91,-0.12,-0.43,33.88
2978,110640965,-989.75,-34.67,188.96,-1.04,-0.12,-0.61,33.88
2979,110646760,-993.16,-31.74,187.50,-1.04,-0.18,-0.18,33.49
2980,110650809,-993.65,-39.06,189.94,-1.52,-0.12,-0.55,33.64
2981,110654859,-990.23,-37.60,188.48,-1.10,-0.18,-0.18,34.02
2982,110658916,-989.26,-38.09,192.87,-0.91,-0.24,0.00,33.83
2983,110662965,-987.30,-40.04,188.48,-1.04,-0.06,0.12,33.68
2984,110668760,-990.23,-42.97,194.82,-0.91,0.06,0.30,33.49
2985,110672809,-988.77,-39.06,187.99,-0.85,0.06,0.24,33.64
2986,110676859,-994.63,-40.53,187.01,-1.10,-0.12,0.43,33.64
2987,110680916,-990.72,-36.13,186.52,-0.85,-0.18,0.67,33.83
2988,110684965,-989.26,-34.18,191.41,-0.91,-0.12,0.43,33.59
2989,110690760,-989.26,-38.09,188.48,-1.04,-0.12,0.24,33.49
2990,110694809,-996.58,-34.18,187.01,-1.04,-0.18,0.18,33.59
2991,110698859,-991.70,-31.25,184.57,-1.04,0.06,0.18,33.88
2992,110702916,-991.70,-32.23,188.96,-1.22,0.18,0.00,33.97
2993,110706965,-993.16,-36.62,183.59,-1.22,0.00,-0.37,33.35
2994,110712760,-991.70,-37.60,183.11,-1.28,0.06,-0.43,33.83
2995,110716809,-987.79,-39.06,190.92,-1.28,0.18,-0.43,33.88
2996,110720859,-996.58,-39.06,187.50,-1.52,0.00,-0.24,34.12
2997,110724916,-995.12,-36.13,186.52,-1.10,-0.37,-0.30,33.68
2998,110728965,-993.65,-39.55,181.64,-1.28,-0.24,-0.06,33.88
2999,110734760,-989.75,-38.09,182.62,-1.22,-0.30,0.12,33.83
3000,110738809,-987.79,-41.99,183.59,-0.98,-0.18,0.37,33.83
3001,110742859,-987.30,-40.53,188.96,-0.73,-0.37,0.30,33.88
3002,110746916,-988.77,-40.04,189.45,-0.73,-0.55,0.49,33.83
3003,110750965,-987.30,-36.62,188.96,-0.85,-0.79,0.43,33.64
3004,110756760,-990.23,-36.13,186.04,-0.61,-0.43,0.30,33.83
3005,110760809,-987.79,-36.62,188.96,-0.67,-0.37,0.61,34.02
3006,110764859,-990.72,-34.18,189.45,-0.55,-0.61,0.24,33.59
3007,110768916,-992.68,-29.79,182.13,-0.85,-0.67,-0.06,34.02
3008,110772965,-992.19,-26.86,187.01,-0.49,-0.73,-0.24,33.68
3009,110778760,-993.16,-29.30,185.55,-0.67,-0.73,-0.43,33.88
3010,110782809,-989.26,-31.74,181.15,-0.79,-0.91,-0.61,33.64
3011,110786859,-989.26,-28.32,183.59,-0.67,-0.85,-0.79,33.64
3012,110790916,-993.65,-28.81,184.08,-0.67,-1.16,-0.61,33.88
3013,110796760,-990.23,-32.23,185.55,-1.10,-1.04,-0.43,33.83
3014,110800809,-994.14,-34.18,187.99,-1.10,-1.16,-0.55,33.97
3015,110804859,-992.19,-42.97,187.99,-0.98,-1.28,0.12,33.83
3016,110808916,-989.75,-37.11,188.48,-0.91,-1.34,0.24,33.68
3017,110812965,-993.16,-42.97,187.99,-0.91,-1.22,0.61,33.78
3018,110818760,-989.75,-39.55,190.92,-1.16,-1.04,1.10,33.68
3019,110822809,-985.35,-40.04,189.94,-1.22,-1.10,1.46,33.83
3020,110826859,-987.30,-36.62,190.43,-0.85,-1.04,1.89,33.97
3021,110830916,-989.75,-34.18,187.99,-0.91,-1.10,1.77,33.59
3022,110834965,-985.35,-36.62,190.43,-0.98,-0.85,1.65,33.68
3023,110840760,-984.37,-33.20,183.59,-0.91,-0.79,1.83,33.88
3024,110844809,-981.93,-33.20,189.94,-0.98,-0.67,1.52,33.88
3025,110848859,-984.37,-32.23,187.99,-1.10,-0.67,1.46,33.88
3026,110852916,-982.91,-31.74,191.41,-1.10,-0.61,1.46,34.12
3027,110856965,-981.93,-31.74,192.38,-1.46,-0.24,0.98,34.12
3028,110862760,-984.86,-29.30,188.96,-1.40,-0.06,0.18,33.97
3029,110866809,-982.91,-27.83,192.87,-1.52,-0.12,-0.18,33.59
3030,110870859,-990.23,-34.67,189.45,-1.34,-0.18,-0.18,33.88
3031,110874916,-987.79,-41.50,190.43,-1.46,-0.24,-0.24,33.68
3032,110878965,-986.82,-41.50,189.45,-1.71,0.00,-0.30,33.83
3033,110884760,-987.30,-48.34,188.48,-1.71,-0.06,-0.43,33.68
3034,110888809,-988.28,-43.95,184.57,-1.46,-0.18,-0.37,33.49
3035,110892859,-983.40,-45.90,186.52,-1.28,-0.18,-0.37,33.78
3036,110896916,-983.40,-43.95,183.11,-1.40,-0.06,-0.06,34.02
3037,110900965,-987.30,-48.83,183.59,-1.22,-0.12,0.12,33.64
3038,110906760,-988.77,-52.25,179.69,-1.22,-0.18,0.49,33.64
3039,110910809,-988.77,-48.83,179.69,-1.22,-0.12,0.73,33.68
3040,110914859,-995.61,-44.43,181.64,-0.85,-0.43,1.10,33.97
3041,110918916,-996.09,-45.41,180.18,-0.79,-0.49,1.16,33.97
3042,110922965,-990.72,-42.97,186.04,-0.91,-0.55,1.46,33.68
3043,110928760,-992.68,-39.55,183.11,-0.61,-0.55,1.77,33.64
3044,110932809,-993.16,-36.13,188.48,-0.55,-0.67,1.59,33.78
3045,110936859,-991.70,-31.74,188.48,-0.55,-0.67,1.71,33.83
3046,110940916,-989.26,-33.20,188.48,-0.49,-0.79,1.52,33.88
3047,110944965,-989.75,-29.79,187.50,-0.49,-0.67,1.10,33.64
3048,110950760,-987.79,-32.71,190.43,-0.61,-0.98,1.04,33.83
3049,110954809,-987.79,-31.25,186.52,-0.79,-0.98,0.73,33.88
3050,110958859,-987.30,-27.34,190.43,-0.61,-0.85,0.37,33.78
3051,110962916,-990.23,-30.27,182.13,-0.98,-0.91,0.06,33.49
3052,110966965,-994.63,-36.13,182.13,-0.91,-1.10,-0.24,33.68
3053,110972760,-995.12,-41.50,183.59,-1.10,-1.04,-0.06,33.68
3054,110976809,-1000.49,-37.60,181.15,-0.79,-0.91,0.00,33.97
3055,110980859,-997.07,-43.95,178.71,-0.85,-0.91,0.43,33.49
3056,110984916,-997.56,-46.39,179.20,-1.22,-1.16,0.55,33.97
3057,110988965,-1001.95,-45.90,181.15,-0.79,-1.16,0.91,33.83
3058,110994760,-999.51,-49.32,182.13,-0.85,-1.22,1.16,33.78
3059,110998809,-994.63,-44.43,180.18,-0.67,-1.34,1.46,33.59
3060,111002859,-993.65,-46.39,184.08,-0.61,-1.46,1.59,33.59
3061,111006916,-992.19,-42.97,190.92,-0.49,-1.46,1.77,33.83
3062,111012760,-995.61,-42.48,189.94,-0.37,-1.52,1.77,33.83
3063,111016809,-985.35,-34.67,188.96,-0.43,-1.52,1.52,33.88
3064,111020859,-985.84,-31.74,190.43,-0.24,-1.40,1.22,33.83
3065,111024916,-988.77,-35.16,191.89,-0.43,-1.28,0.85,33.68
3066,111028965,-985.84,-33.20,190.43,-0.73,-1.28,0.55,33.78
3067,111034760,-986.82,-33.20,188.96,-0.49,-1.52,0.30,34.02
3068,111038809,-986.82,-34.18,190.43,-0.55,-1.40,0.12,33.64
3069,111042859,-986.82,-34.67,189.45,-0.55,-1.40,-0.12,33.59
3070,111046916,-987.30,-39.55,191.89,-0.49,-1.46,-0.24,33.59
3071,111050965,-988.28,-43.46,190.92,-0.30,-1.28,-0.37,33.97
3072,111056760,-986.33,-39.55,188.48,-0.49,-1.34,-0.43,33.64
3073,111060809,-991.70,-42.48,188.96,-0.49,-1.04,-0.30,33.78
3074,111064859,-989.26,-43.95,191.89,-0.73,-0.85,-0.06,34.12
3075,111068916,-987.79,-42.97,187.50,-0.61,-0.91,0.12,33.68
3076,111072965,-986.82,-39.06,182.62,-0.55,-0.73,0.24,33.68
3077,111078760,-988.77,-42.48,187.50,-0.73,-0.79,0.61,33.97
3078,111082809,-985.84,-37.11,184.08,-0.98,-0.79,0.61,33.97
3079,111086859,-988.28,-31.74,188.96,-0.85,-0.79,0.79,33.78
3080,111090916,-987.30,-31.25,188.96,-0.91,-0.18,0.85,33.78
3081,111094965,-988.28,-29.30,187.99,-1.59,-0.24,0.73,33.88
3082,111100760,-988.77,-27.83,191.41,-1.28,-0.12,0.55,33.64
3083,111104809,-984.86,-31.74,187.01,-1.40,0.06,0.49,33.68
3084,111108859,-987.30,-25.88,184.08,-1.52,-0.12,0.49,33.83
3085,111112916,-990.23,-27.83,189.45,-1.71,0.18,0.49,33.83
3086,111116965,-991.70,-27.34,184.08,-1.95,0.24,0.18,33.49
3087,111122760,-990.23,-31.25,185.55,-2.01,0.37,0.37,33.64
3088,111126809,-992.19,-29.30,184.57,-1.89,0.37,0.30,33.64
3089,111130859,-990.72,-36.62,183.59,-1.83,0.37,0.18,33.88
3090,111134916,-989.75,-34.18,187.50,-2.01,0.43,0.18,33.64
3091,111138965,-988.28,-34.18,180.66,-2.07,0.49,0.49,33.88
3092,111144760,-988.28,-40.04,186.52,-1.77,0.49,0.73,33.64
3093,111148809,-990.23,-38.09,181.64,-1.77,0.30,0.67,33.88
3094,111152859,-994.14,-34.67,183.59,-1.46,0.24,0.85,33.78
3095,111156916,-991.70,-38.57,187.50,-1.52,0.37,0.67,33.88
3096,111160965,-988.77,-32.71,187.01,-1.65,0.18,0.73,33.68
3097,111166760,-993.65,-34.18,188.96,-1.40,-0.06,0.79,33.88
3098,111170809,-992.68,-32.23,192.38,-1.77,-0.06,0.55,34.21
3099,111174859,-995.61,-36.62,187.50,-1.52,0.12,0.49,33.64
3100,111178916,-995.61,-37.60,184.08,-1.71,0.00,0.18,34.02
3101,111182965,-995.12,-39.06,186.04,-1.46,-0.24,0.24,33.78
3102,111188760,-994.14,-35.64,186.52,-1.77,-0.24,0.43,33.83
3103,111192809,-998.54,-36.62,186.52,-1.65,-0.37,0.18,33.78
3104,111196859,-996.58,-41.50,184.57,-1.46,-0.55,0.37,33.78
3105,111200916,-994.14,-36.62,180.66,-1.28,-0.91,0.30,34.02
3106,111204965,-992.68,-33.69,180.66,-1.04,-0.91,0.06,33.88
3107,111210760,-997.07,-40.53,183.59,-1.16,-1.22,0.06,33.78
3108,111214809,-991.70,-41.50,183.59,-1.04,-0.98,0.06,33.78
3109,111218859,-994.14,-41.99,182.62,-1.04,-1.16,0.24,33.64
3110,111222916,-992.68,-40.53,181.15,-0.55,-1.28,0.24,33.64
3111,111228760,-993.16,-39.06,181.15,-0.73,-1.52,0.18,33.83
3112,111232809,-994.14,-41.50,179.20,-0.67,-1.83,0.61,33.88
3113,111236859,-992.19,-39.55,174.80,-0.55,-1.65,0.49,33.64
3114,111240916,-990.72,-41.50,180.66,-0.55,-1.71,0.43,33.78
3115,111244965,-995.12,-37.11,176.76,-0.55,-1.71,0.61,34.02
3116,111249015,-994.63,-41.02,181.64,-0.61,-2.07,0.55,33.83
3117,111254760,-993.65,-37.60,179.69,-0.55,-2.01,0.55,33.97
3118,111258809,-999.51,-43.46,177.73,-0.43,-2.13,0.85,33.78
3119,111262859,-996.58,-40.53,182.62,-0.49,-2.01,0.61,33.64
3120,111266916,-994.14,-37.60,181.64,-0.37,-2.01,0.91,33.64
3121,111272760,-989.75,-39.06,184.08,-0.55,-2.13,0.67,34.02
3122,111276809,-986.33,-40.53,194.34,-0.24,-2.13,0.61,33.78
3123,111280859,-987.79,-41.50,187.01,-0.37,-1.77,0.37,33.88
3124,111284916,-988.77,-34.67,187.99,-0.30,-1.77,0.49,33.64
3125,111288965,-985.84,-35.64,189.45,-0.30,-1.71,0.61,33.68
3126,111294760,-987.79,-32.23,186.04,-0.24,-1.52,0.49,33.68
3127,111298809,-980.47,-27.34,184.57,-0.43,-1.22,0.24,33.78
3128,111302859,-985.35,-29.79,186.52,-0.55,-1.34,-0.06,33.88
3129,111306916,-988.28,-30.76,187.50,-0.67,-1.10,-0.30,33.83
3130,111310965,-984.86,-29.30,190.92,-0.55,-0.85,-0.55,33.97
3131,111316760,-990.23,-26.86,182.62,-0.61,-0.61,-0.85,33.64
3132,111320809,-990.72,-28.32,184.57,-0.79,-0.67,-1.10,33.59
3133,111324859,-989.75,-29.79,185.55,-1.10,-0.49,-0.98,33.83
3134,111328916,-988.28,-34.67,183.59,-1.22,-0.73,-0.91,33.78
3135,111332965,-983.89,-39.55,185.06,-1.10,-0.49,-0.61,33.64
3136,111338760,-985.35,-45.41,180.66,-0.91,-0.55,-0.30,33.64
3137,111342809,-984.37,-48.34,180.66,-1.10,-0.61,0.12,33.59
3138,111346859,-981.45,-51.76,184.57,-0.91,-0.73,0.85,33.83
3139,111350916,-979.98,-40.04,183.59,-0.61,-0.61,1.59,33.64
3140,111354965,-978.03,-43.95,187.50,-0.61,-0.73,1.95,33.49
3141,111360760,-973.14,-41.99,190.92,-0.24,-0.61,1.95,33.64
3142,111364809,-976.07,-31.74,189.45,-0.24,-0.67,2.26,33.68
3143,111368859,-976.56,-28.32,192.38,-0.37,-0.49,2.07,33.83
3144,111372916,-978.52,-28.32,189.94,-0.49,-0.37,1.83,33.49
3145,111376965,-977.54,-27.34,192.38,-0.55,-0.30,1.52,33.68
3146,111382760,-984.37,-23.44,195.31,-0.49,-0.24,1.52,33.88
3147,111386809,-982.91,-29.79,192.38,-0.85,0.00,0.61,33.64
3148,111390859,-986.82,-22.46,190.92,-0.79,0.00,0.37,33.78
3149,111394916,-986.82,-25.39,194.34,-0.91,0.24,0.06,33.78
3150,111398965,-985.84,-23.44,192.87,-1.28,0.24,-0.24,33.49
3151,111404760,-986.33,-31.74,189.94,-1.34,0.30,-0.67,33.97
3152,111408809,-991.70,-38.09,185.06,-1.22,0.37,-0.67,33.83
3153,111412859,-991.70,-41.99,186.52,-1.34,0.37,-0.49,33.83
3154,111416916,-993.65,-42.48,186.04,-1.40,0.37,-0.06,33.88
3155,111420965,-993.65,-41.50,185.55,-1.16,0.06,0.18,33.88
3156,111426760,-993.16,-38.09,188.96,-0.98,0.30,0.79,33.68
3157,111430809,-990.72,-39.06,185.55,-0.91,0.12,0.85,33.88
3158,111434859,-997.07,-36.62,186.04,-0.79,0.18,1.10,33.49
3159,111438916,-993.16,-32.71,189.94,-0.79,0.24,1.34,33.83
3160,111442965,-992.68,-28.81,186.52,-0.73,0.06,1.40,34.02
3161,111448760,-997.07,-27.34,187.50,-0.67,0.12,1.34,33.64
3162,111452809,-996.58,-20.02,191.41,-0.85,-0.24,1.16,33.83
3163,111456859,-999.02,-23.44,190.43,-0.79,-0.12,1.16,33.68
3164,111460916,-997.07,-22.46,193.36,-1.10,-0.18,0.73,33.88
3165,111466760,-1002.93,-20.51,190.43,-1.28,-0.37,0.79,33.59
3166,111470809,-999.51,-24.90,194.82,-1.28,-0.30,0.30,33.83
3167,111474859,-1002.93,-26.37,188.96,-1.40,-0.43,0.12,33.88
3168,111478916,-1000.49,-26.37,190.92,-1.65,-0.55,0.00,33.68
3169,111482965,-1000.49,-32.71,189.94,-1.77,-0.43,-0.06,34.12
3170,111488760,-1000.00,-35.16,188.48,-1.83,-0.61,0.00,34.12
3171,111492809,-995.61,-31.74,186.52,-1.95,-0.73,0.30,34.02
3172,111496859,-1001.95,-42.97,184.57,-2.01,-0.67,0.49,33.64
3173,111500916,-998.05,-42.97,189.94,-2.13,-0.85,0.73,33.78
3174,111504965,-994.14,-40.53,186.04,-1.83,-0.73,0.79,33.97
3175,111510760,-1000.49,-45.90,185.06,-1.89,-0.79,0.91,33.83
3176,111514809,-1000.00,-45.90,185.55,-1.77,-0.91,1.04,33.83
3177,111518859,-1000.00,-42.48,187.50,-1.89,-0.79,1.46,33.83
3178,111522916,-999.02,-39.06,183.59,-1.65,-1.04,1.22,33.83
3179,111526965,-996.58,-41.02,183.59,-1.34,-1.10,1.40,33.83
3180,111532760,-992.68,-38.57,185.55,-1.65,-1.28,1.10,33.68
3181,111536809,-993.65,-32.23,187.01,-1.59,-0.85,0.85,33.64
3182,111540859,-996.58,-37.60,185.06,-1.52,-1.10,0.61,33.88
3183,111544916,-988.77,-34.18,188.96,-1.40,-0.79,0.30,34.02
3184,111548965,-991.21,-38.09,186.04,-1.34,-0.98,0.30,33.88
3185,111554760,-993.16,-35.64,187.99,-1.22,-0.91,-0.12,33.68
3186,111558809,-988.28,-38.57,193.36,-1.10,-0.49,-0.55,33.68
3187,111562859,-984.37,-35.16,190.92,-1.10,-0.43,-0.37,33.78
3188,111566916,-991.70,-34.18,190.92,-1.22,-0.30,-0.85,33.78
3189,111570965,-991.21,-37.60,189.45,-0.91,-0.49,-1.28,33.59
3190,111576760,-990.72,-29.79,187.50,-1.16,-0.37,-1.59,33.25
3191,111580809,-995.61,-28.32,187.50,-0.91,-0.37,-1.65,33.64
3192,111584859,-991.70,-30.27,185.06,-0.98,-0.43,-1.83,33.83
3193,111588916,-996.58,-33.69,187.50,-1.16,-0.43,-1.77,33.64
3194,111592965,-990.72,-32.23,184.57,-1.22,-0.43,-1.46,33.68
3195,111598760,-992.68,-36.13,186.04,-1.34,-0.43,-1.83,33.49
3196,111602809,-994.63,-37.11,185.06,-1.22,-0.55,-1.34,33.78
3197,111606859,-991.21,-42.97,186.04,-1.22,-0.55,-1.04,33.88
3198,111610916,-994.63,-42.97,181.64,-1.52,-0.73,-0.85,33.88
3199,111614965,-992.68,-38.09,182.13,-1.40,-0.67,-0.37,33.59
3200,111620760,-986.33,-43.95,178.71,-1.28,-0.67,0.06,33.97
3201,111624809,-989.26,-44.43,182.62,-1.22,-1.16,0.55,33.83
3202,111628859,-989.26,-37.60,179.69,-1.04,-1.10,1.04,33.88
3203,111632916,-988.77,-38.57,184.57,-1.10,-0.98,1.28,33.83
3204,111636965,-986.33,-38.57,182.62,-1.22,-1.04,1.40,33.88
3205,111642760,-984.86,-34.67,180.18,-0.73,-1.28,1.28,33.83
3206,111646809,-982.91,-36.13,183.59,-0.85,-1.22,1.22,33.68
3207,111650859,-980.96,-27.34,178.71,-1.04,-1.22,1.04,33.64
3208,111654916,-979.00,-29.79,182.62,-0.91,-1.40,0.85,33.88
3209,111658965,-978.52,-27.83,188.96,-0.79,-1.22,0.79,33.88
3210,111664760,-978.52,-28.81,187.50,-0.67,-1.40,0.37,33.83
3211,111668809,-975.10,-34.18,190.43,-0.55,-0.98,0.06,33.68
3212,111672859,-973.63,-32.23,189.94,-0.67,-1.10,-0.06,33.64
3213,111676916,-974.12,-32.23,191.89,-0.43,-1.10,-0.18,33.97
3214,111682760,-979.00,-33.20,188.96,-0.73,-1.10,-0.30,33.78
3215,111686809,-975.59,-30.76,186.04,-0.55,-0.98,-0.24,33.64
3216,111690859,-979.00,-31.25,189.94,-0.55,-0.85,-0.18,33.64
3217,111694916,-976.07,-31.74,186.04,-0.67,-0.85,-0.43,33.64
3218,111698965,-973.63,-31.74,185.06,-0.49,-0.98,-0.24,33.88
3219,111703015,-975.59,-32.71,185.55,-0.55,-0.73,0.00,33.83
3220,111708760,-977.54,-34.67,185.06,-0.49,-0.67,0.00,33.97
3221,111712809,-981.45,-38.09,185.55,-0.49,-0.67,0.43,33.97
3222,111716859,-984.37,-35.16,183.59,-0.73,-0.79,0.43,33.78
3223,111720916,-979.00,-29.30,185.06,-0.67,-0.55,0.61,33.88
3224,111726760,-986.33,-30.27,184.57,-0.79,-0.43,0.91,34.12
3225,111730809,-985.35,-30.76,177.73,-0.73,-0.43,0.98,33.88
3226,111734859,-985.84,-28.81,183.11,-0.91,-0.43,1.10,33.97
3227,111738916,-989.75,-27.34,181.64,-0.79,-0.37,1.22,33.83
3228,111742965,-982.91,-26.37,184.08,-1.16,-0.43,1.40,33.97
3229,111748760,-981.45,-33.69,187.01,-1.10,-0.12,1.34,34.02
3230,111752809,-986.82,-31.25,187.50,-1.28,-0.24,1.77,33.88
3231,111756859,-983.89,-34.67,186.52,-1.10,-0.06,1.83,33.83
3232,111760916,-982.91,-34.67,182.62,-1.28,0.00,1.46,33.83
3233,111764965,-980.96,-30.27,185.06,-1.22,0.24,1.46,33.88
3234,111770760,-985.35,-37.60,187.99,-1.10,0.24,1.59,33.64
3235,111774809,-990.72,-35.16,191.89,-1.28,0.30,1.46,33.64
3236,111778859,-992.68,-41.50,187.01,-1.10,0.43,1.65,33.78
3237,111782916,-995.12,-36.13,194.34,-1.04,0.91,1.22,34.12
3238,111786965,-995.12,-39.55,192.38,-1.22,0.67,1.28,34.02
3239,111792760,-992.19,-38.09,190.43,-1.10,0.61,0.85,33.64
3240,111796809,-989.26,-38.09,193.36,-0.98,0.98,0.79,33.49
3241,111800859,-993.65,-38.09,187.50,-1.28,0.85,0.43,34.02
3242,111804916,-994.14,-36.62,184.57,-0.98,0.91,0.12,33.68
3243,111808965,-992.68,-36.62,190.43,-0.79,1.04,0.00,33.64
3244,111814760,-999.02,-37.60,183.11,-0.91,0.85,-0.06,33.64
3245,111818809,-1001.46,-35.16,189.94,-0.98,0.67,-0.06,33.59
3246,111822859,-997.07,-41.50,190.92,-0.85,0.79,-0.37,33.97
3247,111826916,-999.51,-38.57,186.04,-0.73,0.55,-0.30,33.78
3248,111830965,-999.51,-39.06,185.55,-0.79,0.37,-0.24,33.59
3249,111836760,-996.09,-37.11,184.08,-0.67,0.24,-0.12,33.68
3250,111840809,-1000.49,-36.13,189.94,-0.79,0.18,-0.18,33.88
3251,111844859,-1001.95,-38.57,191.89,-0.43,0.00,-0.24,34.12
3252,111848916,-1005.86,-38.09,188.48,-0.79,-0.12,-0.06,34.02
3253,111852965,-1006.35,-34.67,185.55,-0.61,-0.30,0.24,33.68
3254,111858760,-1009.28,-37.11,184.57,-0.67,-0.37,0.12,33.88
3255,111862809,-1012.21,-37.11,183.59,-0.61,-0.55,0.37,33.78
3256,111866859,-1009.77,-34.67,185.06,-0.98,-0.61,0.24,33.78
3257,111870916,-1002.93,-35.64,190.43,-0.85,-0.30,0.67,33.83
3258,111874965,-1001.95,-34.67,183.11,-0.91,-0.73,0.55,33.83
3259,111880760,-1004.39,-30.76,182.62,-0.85,-0.91,0.55,34.02
3260,111884809,-1001.46,-30.27,184.08,-0.91,-0.98,0.12,33.83
3261,111888859,-999.51,-30.27,182.62,-1.04,-0.91,-0.12,33.64
3262,111892916,-1001.95,-31.25,184.57,-1.04,-0.73,-0.30,33.78
3263,111896965,-1002.93,-34.67,188.96,-1.28,-0.85,-0.24,33.78
3264,111902760,-1000.00,-35.16,191.41,-1.59,-0.91,0.00,33.64
3265,111906809,-994.63,-39.06,191.41,-1.46,-0.79,0.00,33.78
3266,111910859,-995.12,-40.04,190.92,-1.40,-0.91,-0.12,33.78
3267,111914916,-992.19,-41.50,191.41,-1.34,-0.91,0.06,33.97
3268,111920760,-991.70,-38.09,191.89,-1.46,-0.85,0.12,33.78
3269,111924809,-987.79,-37.11,194.82,-1.46,-0.91,0.12,33.83
3270,111928859,-989.75,-36.13,196.78,-1.52,-0.91,-0.18,33.88
3271,111932916,-988.28,-44.43,193.85,-1.52,-0.73,-0.18,33.59
3272,111936965,-984.37,-38.09,187.01,-1.34,-0.67,-0.06,33.83
3273,111942760,-983.89,-33.69,190.92,-1.40,-0.79,-0.12,33.97
3274,111946809,-981.45,-32.23,195.31,-1.40,-0.67,-0.55,33.68
3275,111950859,-987.79,-33.20,183.59,-1.46,-0.79,-0.61,33.88
3276,111954916,-985.84,-33.69,189.45,-1.59,-0.79,-0.67,33.49
3277,111958965,-988.28,-29.79,187.50,-1.65,-0.73,-0.91,33.83
3278,111964760,-986.33,-34.67,187.01,-1.28,-0.85,-0.85,33.83
3279,111968809,-983.89,-38.09,183.59,-1.46,-0.79,-0.98,33.83
3280,111972859,-985.35,-34.18,184.08,-1.40,-0.91,-0.98,33.88
3281,111976916,-984.86,-39.55,185.55,-1.46,-1.04,-0.85,33.78
3282,111980965,-988.28,-41.02,182.62,-1.22,-0.98,-0.85,33.88
3283,111986760,-990.23,-38.57,188.96,-1.71,-1.22,-0.49,33.88
3284,111990809,-987.79,-36.13,188.96,-1.77,-1.40,-0.30,33.78
3285,111994859,-984.37,-37.11,183.59,-1.65,-1.46,-0.06,33.83
3286,111998916,-984.37,-39.55,182.13,-1.65,-1.59,0.06,33.83
3287,112002965,-980.47,-41.02,183.59,-1.46,-1.71,0.18,33.78
3288,112008760,-980.47,-40.04,187.01,-1.40,-1.65,0.37,33.59
3289,112012809,-978.52,-37.60,182.13,-1.52,-1.71,0.12,33.44
3290,112016859,-986.33,-35.64,186.04,-1.65,-2.01,0.37,33.64
3291,112020916,-983.40,-32.23,187.01,-1.34,-1.83,0.55,33.88
3292,112024965,-980.47,-34.18,187.01,-1.59,-1.65,0.67,33.49
3293,112030760,-985.84,-35.64,188.96,-1.28,-2.01,0.67,33.88
3294,112034809,-984.37,-40.53,187.01,-1.46,-2.07,0.73,33.49
3295,112038859,-987.30,-37.11,187.99,-1.40,-1.59,0.98,33.83
3296,112042916,-982.42,-36.62,188.96,-1.46,-1.65,0.67,33.88
3297,112046965,-982.42,-32.71,190.92,-1.40,-1.59,0.79,33.78
3298,112052760,-984.86,-36.62,192.38,-1.40,-1.52,0.79,33.64
3299,112056809,-975.59,-33.20,193.36,-1.28,-1.34,0.79,33.83
3300,112060859,-979.00,-35.16,190.92,-1.40,-1.16,0.73,33.59
3301,112064916,-979.98,-33.20,188.48,-1.28,-1.28,0.67,34.02
3302,112068965,-979.98,-29.30,194.82,-1.34,-0.79,0.49,33.59
3303,112074760,-980.96,-32.23,191.41,-1.52,-0.98,0.30,33.83
3304,112078809,-982.42,-29.30,192.38,-1.52,-0.61,0.37,33.88
3305,112082859,-979.49,-35.16,193.36,-1.59,-0.61,0.24,33.88
3306,112086916,-979.98,-33.69,192.38,-1.40,-0.61,0.18,33.88
3307,112090965,-981.45,-37.11,190.43,-1.52,-0.30,0.24,33.88
3308,112096760,-986.82,-36.13,188.96,-1.65,-0.30,0.30,33.59
3309,112100809,-988.77,-33.20,189.94,-1.34,-0.55,0.49,33.83
3310,112104859,-988.77,-35.64,185.06,-1.40,-0.18,0.67,33.49
3311,112108916,-988.28,-30.27,180.66,-1.52,-0.37,0.49,33.64
3312,112112965,-987.30,-32.71,184.08,-1.77,-0.37,0.43,33.64
3313,112118760,-995.61,-33.20,184.57,-1.71,-0.30,0.91,34.12
3314,112122809,-989.26,-38.09,185.55,-2.07,-0.06,0.98,33.88
3315,112126859,-993.65,-33.20,183.11,-2.01,-0.30,0.85,33.49
3316,112130916,-996.09,-28.32,186.04,-2.13,-0.43,0.67,33.88
3317,112136760,-996.58,-27.83,185.55,-1.95,-0.49,0.61,33.78
3318,112140809,-997.07,-29.79,181.15,-2.13,-0.43,0.55,33.83
3319,112144859,-997.56,-27.34,183.59,-2.38,-0.67,0.49,34.02
3320,112148916,-1000.49,-28.32,185.55,-2.50,-0.12,0.37,33.78
3321,112152965,-999.02,-35.64,182.13,-2.56,-0.49,0.49,33.83
3322,112158760,-999.02,-38.09,181.64,-2.44,-0.67,0.67,33.78
3323,112162809,-1000.49,-44.92,183.59,-2.07,-0.79,0.79,33.83
3324,112166859,-1000.49,-45.90,183.59,-1.95,-0.85,1.16,33.68
3325,112170916,-998.05,-45.41,184.57,-1.77,-0.91,1.28,33.59
3326,112174965,-996.09,-41.99,183.59,-1.83,-1.22,1.10,33.64
3327,112180760,-991.70,-41.50,188.48,-1.89,-0.91,1.46,33.97
3328,112184809,-989.75,-41.02,185.55,-1.71,-1.22,1.28,33.88
3329,112188859,-992.19,-37.60,186.52,-1.77,-1.04,1.22,33.78
3330,112192916,-997.07,-39.06,187.99,-1.52,-0.85,1.04,33.88
3331,112196965,-993.16,-43.95,187.50,-1.46,-1.10,0.85,33.97
3332,112202760,-999.51,-39.06,188.96,-1.52,-1.04,0.55,33.68
3333,112206809,-997.07,-44.43,182.13,-1.46,-0.98,0.49,33.78
3334,112210859,-1004.88,-41.50,187.99,-1.52,-0.98,0.49,33.97
3335,112214916,-999.51,-35.64,186.04,-1.46,-0.91,0.30,33.68
3336,112218965,-999.51,-34.67,186.04,-1.28,-1.16,0.30,33.64
3337,112224760,-993.16,-38.09,186.04,-1.28,-1.16,-0.06,33.59
3338,112228809,-996.58,-37.60,182.62,-1.16,-1.10,-0.67,33.83
3339,112232859,-995.12,-32.71,177.73,-1.22,-0.98,-0.67,33.97
3340,112236916,-991.21,-35.64,186.04,-1.22,-1.16,-0.85,33.88
3341,112240965,-993.16,-41.02,182.13,-1.34,-1.28,-1.22,34.02
3342,112246760,-990.72,-45.41,178.71,-0.98,-1.46,-1.04,33.78
3343,112250809,-992.19,-45.90,181.64,-1.04,-1.34,-0.85,33.49
3344,112254859,-987.30,-45.41,184.08,-0.79,-1.65,-0.67,33.78
3345,112258916,-987.30,-49.32,182.13,-0.73,-1.71,-0.37,34.02
3346,112262965,-985.35,-45.41,177.25,-0.43,-1.65,-0.06,33.44
3347,112268760,-989.75,-42.48,184.57,-0.49,-1.71,0.24,33.78
3348,112272809,-991.21,-47.85,188.48,-0.24,-1.83,0.61,33.59
3349,112276859,-984.37,-45.41,184.08,-0.18,-1.89,0.79,33.64
3350,112280916,-985.35,-46.39,190.92,-0.06,-1.83,0.91,33.88
3351,112284965,-986.33,-41.50,190.43,-0.06,-1.77,0.79,33.49
3352,112290760,-986.82,-38.09,187.01,0.06,-1.46,1.16,33.88
3353,112294809,-988.77,-33.69,192.38,0.43,-1.59,1.04,33.83
3354,112298859,-988.28,-29.79,193.36,-0.06,-1.40,0.98,33.88
3355,112302916,-989.26,-28.32,192.38,0.00,-1.10,0.49,33.68
3356,112306965,-984.37,-24.41,190.43,-0.12,-0.98,0.37,33.88
3357,112312760,-979.00,-24.90,189.45,-0.06,-0.98,-0.12,33.88
3358,112316809,-979.98,-19.53,193.36,0.00,-0.98,-0.49,33.97
3359,112320859,-980.96,-21.48,192.87,-0.06,-0.79,-0.73,33.88
3360,112324916,-979.00,-22.95,188.48,-0.18,-0.67,-1.10,33.88
3361,112328965,-978.52,-25.88,189.45,-0.18,-0.61,-1.22,33.68
3362,112334760,-981.45,-25.39,195.31,0.00,-0.18,-1.16,33.83
3363,112338809,-985.35,-21.97,189.94,-0.43,-0.24,-0.98,33.78
3364,112342859,-983.89,-23.44,191.89,-0.18,-0.30,-1.40,33.68
3365,112346916,-987.79,-29.79,193.85,-0.79,-0.06,-1.40,33.83
3366,112350965,-981.45,-24.90,197.27,-0.85,0.06,-1.22,33.88
3367,112356760,-985.84,-27.34,197.27,-0.85,0.06,-0.91,33.78
3368,112360809,-989.75,-32.23,192.87,-1.22,0.12,-0.55,33.83
3369,112364859,-989.26,-32.71,189.94,-1.04,0.18,-0.24,33.88
3370,112368916,-989.75,-33.69,190.43,-1.46,0.55,0.12,33.68
3371,112374760,-985.35,-33.20,189.94,-1.28,0.30,0.79,33.97
3372,112378809,-992.68,-31.25,187.50,-1.28,0.18,1.46,33.83
3373,112382859,-991.70,-34.67,190.92,-1.40,0.49,1.34,33.64
3374,112386916,-986.82,-35.16,196.29,-1.40,0.24,1.52,33.83
3375,112390965,-986.82,-34.18,188.48,-1.46,0.43,1.77,33.83
3376,112396760,-986.33,-28.81,188.96,-1.34,0.00,1.71,33.97
3377,112400809,-982.91,-30.76,193.36,-1.59,0.49,1.59,33.88
3378,112404859,-989.75,-26.37,191.41,-1.34,0.06,1.28,33.88
3379,112408916,-987.30,-24.90,193.36,-1.40,0.12,1.04,33.44
3380,112412965,-988.77,-24.90,195.80,-1.65,-0.12,0.55,33.44
3381,112418760,-987.30,-29.79,193.85,-1.83,-0.06,0.24,33.88
3382,112422809,-987.79,-28.32,191.89,-1.83,-0.43,-0.12,33.97
3383,112426859,-990.72,-30.76,187.50,-1.71,-0.55,-0.43,33.83
3384,112430916,-994.63,-33.69,189.45,-1.83,-0.49,-0.55,33.64
3385,112434965,-993.16,-41.02,187.99,-1.59,-0.73,-0.18,33.68
3386,112440760,-993.16,-44.43,187.01,-1.40,-0.67,-0.12,33.88
3387,112444809,-995.12,-43.95,191.41,-1.52,-0.79,0.06,33.64
3388,112448859,-994.14,-46.39,185.06,-1.28,-0.79,0.12,33.88
3389,112452916,-991.70,-45.90,187.01,-1.46,-0.73,0.49,33.59
3390,112456965,-992.68,-47.85,188.96,-1.40,-0.79,0.98,33.88
3391,112462760,-993.16,-43.95,186.52,-1.22,-1.10,1.52,33.64
3392,112466809,-998.05,-39.55,188.48,-1.10,-1.04,1.59,33.49
3393,112470859,-995.12,-37.11,187.50,-1.16,-1.10,1.34,34.02
3394,112474916,-991.70,-38.57,189.45,-1.40,-1.16,1.34,33.88
3395,112478965,-988.28,-39.55,192.87,-1.34,-0.91,1.52,33.64
3396,112484760,-989.26,-36.13,189.45,-1.22,-0.79,1.16,33.49
3397,112488809,-998.54,-27.83,191.89,-1.40,-0.67,0.55,33.44
3398,112492859,-993.16,-33.20,192.38,-1.40,-0.55,0.61,33.97
3399,112496916,-990.23,-27.34,187.01,-1.40,-0.73,0.37,33.78
3400,112500965,-990.72,-28.81,186.04,-1.59,-1.04,-0.24,33.64
3401,112506760,-992.19,-31.74,187.99,-1.65,-0.73,-0.61,33.78
3402,112510809,-990.23,-36.13,187.50,-1.34,-0.73,-0.85,33.88
3403,112514859,-991.21,-39.55,188.96,-1.59,-0.79,-1.04,33.97
