seq,timestamp_us,ax_mg,ay_mg,az_mg,gx_dps,gy_dps,gz_dps,temp_c
0,345735552,-930.66,265.14,267.09,-1.10,-0.98,0.00,34.50
1,345739618,-933.11,271.00,269.04,-1.10,-1.46,0.24,34.64
2,345745760,-933.59,263.18,271.48,-0.98,-1.28,0.37,34.40
3,345749809,-932.62,266.60,273.44,-0.85,-1.59,0.73,34.40
4,345753859,-930.18,265.14,269.53,-0.73,-1.65,0.67,34.40
5,345757916,-923.34,258.30,267.09,-0.73,-1.89,0.85,34.31
6,345761966,-927.25,256.84,269.53,-0.61,-2.07,0.98,34.69
7,345767760,-919.92,254.88,270.51,-0.49,-2.32,1.16,34.40
8,345771809,-922.36,258.79,274.90,-0.30,-2.32,1.22,34.40
9,345775859,-917.97,255.86,271.48,-0.12,-2.26,1.34,34.36
10,345779916,-916.50,251.95,273.93,0.06,-2.07,1.71,34.31
11,345783966,-919.92,249.51,271.48,0.49,-2.20,1.89,34.55
12,345789760,-915.53,257.32,274.90,0.43,-1.77,2.13,34.55
13,345793809,-917.97,256.84,276.37,0.79,-2.01,2.26,34.55
14,345797859,-920.41,265.14,281.25,0.61,-1.71,2.26,34.50
15,345801916,-917.97,271.48,281.74,0.73,-1.59,1.83,34.40
16,345805966,-916.99,276.86,280.76,0.61,-0.91,1.46,34.31
17,345811760,-929.20,285.16,281.74,0.73,-0.67,0.91,34.50
18,345815809,-927.73,279.79,273.93,0.18,-0.24,-0.24,34.50
19,345819859,-931.15,268.55,280.27,0.06,0.06,-0.67,34.74
20,345823916,-927.73,268.07,279.30,0.00,-0.06,-0.91,34.50
21,345827966,-929.69,268.07,275.88,0.06,0.43,-0.91,34.50
22,345833760,-926.76,265.14,273.93,-0.24,0.43,-1.34,34.21
23,345837809,-927.73,268.55,278.81,-0.24,0.98,-1.52,34.21
24,345841859,-936.52,263.67,275.88,-0.24,0.85,-1.65,34.50
25,345845916,-933.11,261.72,268.07,-0.37,0.79,-1.71,34.55
26,345849966,-931.64,255.37,270.51,-0.24,1.04,-1.59,34.31
27,345855760,-938.48,255.37,269.53,-0.06,0.85,-1.22,34.50
28,345859809,-937.01,258.30,267.09,-0.24,1.16,-0.85,34.40
29,345863859,-939.45,250.98,267.58,-0.18,0.85,-0.49,34.40
30,345867916,-937.99,254.39,268.07,0.06,0.91,-0.06,34.40
31,345871966,-945.31,256.84,268.55,0.06,0.85,0.00,34.55
32,345877760,-947.27,266.60,274.41,0.43,0.55,-0.24,34.40
33,345881809,-944.82,275.39,269.53,-0.18,0.49,-0.91,34.31
34,345885859,-940.92,283.20,271.97,-0.18,0.49,-1.40,34.40
35,345889916,-949.71,266.11,266.11,-0.55,0.79,-1.83,34.31
36,345893966,-925.78,276.86,263.18,-0.24,0.43,-2.07,34.21
37,345899760,-953.61,275.88,274.41,-0.61,0.18,-2.62,34.40
38,345903809,-932.13,286.13,290.04,-0.06,0.73,-3.96,34.50
39,345907859,-948.73,280.27,274.90,-0.24,0.85,-4.45,34.40
40,345911916,-945.80,266.11,267.58,-0.43,0.37,-5.12,34.50
41,345915966,-938.48,247.56,272.95,-0.73,0.18,-5.00,34.40
42,345921760,-936.04,234.86,275.39,-0.18,0.37,-4.33,34.50
43,345925809,-939.94,240.72,276.37,0.06,0.49,-3.72,34.74
44,345929859,-944.34,250.00,271.97,0.37,0.55,-3.35,34.36
45,345933916,-936.04,251.46,269.53,0.43,0.30,-3.48,34.50
46,345937966,-936.52,247.07,268.55,0.67,0.12,-3.66,34.50
47,345943760,-934.08,247.56,270.51,1.04,0.06,-3.05,34.50
48,345947809,-926.76,244.63,269.04,1.40,-0.49,-2.56,34.55
49,345951859,-926.76,248.05,269.53,1.77,-0.06,-2.26,34.21
50,345955916,-926.27,259.28,269.04,2.13,-0.18,-2.20,34.50
51,345961760,-927.25,261.72,273.93,2.26,-0.24,-2.68,34.64
52,345965809,-926.76,264.16,272.95,2.20,-0.18,-3.17,34.64
53,345969859,-924.32,264.65,274.41,2.32,-0.12,-3.29,34.40
54,345973916,-918.95,261.23,277.83,2.44,-0.24,-3.41,34.31
55,345977966,-916.02,263.67,276.86,2.62,-0.12,-3.60,34.83
56,345983760,-917.97,268.07,278.32,2.62,-0.43,-3.78,34.55
57,345987809,-918.46,271.97,276.86,2.44,-0.49,-4.02,34.50
58,345991859,-915.04,273.44,281.74,2.50,-0.67,-4.15,34.50
59,345995916,-918.46,273.93,276.37,2.44,-0.67,-4.15,34.31
60,345999965,-918.46,276.37,279.30,2.26,-0.79,-4.39,34.69
61,346005760,-920.90,281.74,278.81,2.26,-0.79,-3.90,34.50
62,346009809,-922.36,284.67,286.13,2.13,-0.73,-4.15,34.50
63,346013859,-912.11,289.06,280.27,2.26,-0.79,-3.90,34.69
64,346017916,-917.48,287.60,278.32,2.01,-0.67,-3.84,34.50
65,346021966,-916.02,280.76,281.74,1.71,-1.10,-3.66,34.50
66,346027760,-922.85,277.34,279.79,1.59,-1.40,-3.41,34.40
67,346031809,-913.09,273.44,280.76,1.95,-1.46,-2.38,34.36
68,346035859,-913.09,275.39,279.79,1.89,-1.71,-1.83,34.50
69,346039916,-910.16,273.93,281.74,1.77,-1.59,-1.10,34.64
70,346043966,-905.27,271.00,285.64,1.77,-1.83,-0.73,34.50
71,346049760,-903.81,275.88,286.62,1.77,-1.95,-0.30,34.40
72,346053809,-905.76,279.30,285.16,1.40,-1.89,0.00,34.40
73,346057859,-902.83,281.25,281.25,1.34,-2.01,0.37,34.64
74,346061916,-905.76,281.25,289.55,0.79,-1.83,0.18,34.64
75,346065966,-902.34,283.20,285.16,0.91,-1.77,-0.30,34.02
76,346071760,-905.76,286.13,287.60,0.55,-1.59,-0.49,34.50
77,346075809,-902.34,282.23,285.16,0.18,-1.28,-0.61,34.50
78,346079859,-899.90,271.48,287.60,0.12,-1.16,-0.43,34.40
79,346083916,-909.18,266.11,282.23,-0.06,-0.67,-0.43,34.50
80,346087966,-916.02,266.60,281.74,0.12,-0.79,-0.30,34.31
81,346093760,-924.32,265.14,279.79,0.24,-0.79,0.00,34.36
82,346097809,-926.27,268.55,272.46,0.00,-0.67,0.18,34.64
83,346101859,-928.22,271.97,268.07,-0.12,-0.61,-0.06,34.36
84,346105916,-933.11,267.09,271.48,-0.37,-0.67,0.06,34.50
85,346109966,-928.22,261.72,271.00,-0.24,-0.98,0.24,34.50
86,346115760,-935.06,253.91,270.51,-0.18,-0.61,0.61,34.40
87,346119809,-938.48,254.39,268.55,0.18,-1.04,1.34,34.50
88,346123859,-938.96,254.88,262.21,-0.12,-0.98,1.34,34.55
89,346127916,-937.01,253.91,263.18,-0.06,-1.16,1.40,34.50
90,346131966,-934.57,256.84,264.65,0.30,-1.10,1.52,34.50
91,346137760,-933.11,255.86,268.07,-0.06,-1.22,1.40,34.64
92,346141809,-933.11,250.00,259.28,-0.18,-0.91,1.52,34.36
93,346145859,-931.15,248.54,255.86,0.12,-1.16,1.52,34.36
94,346149916,-933.59,249.02,257.81,0.12,-1.40,1.40,34.50
95,346153966,-935.06,254.88,262.21,0.37,-1.59,1.16,34.36
96,346159760,-934.57,257.32,256.84,0.37,-1.22,1.34,34.31
97,346163809,-941.41,253.42,257.81,0.55,-1.46,0.79,34.55
98,346167859,-941.41,250.49,251.46,0.79,-1.40,0.55,34.36
99,346171916,-944.34,253.91,249.51,0.55,-1.40,0.37,34.50
100,346177760,-944.34,248.54,253.91,1.16,-1.22,-0.06,34.50
101,346181809,-938.96,240.72,246.09,1.16,-1.28,0.00,34.74
102,346185859,-943.36,238.28,253.42,1.59,-1.52,0.06,34.55
103,346189916,-941.41,242.68,250.98,1.71,-1.89,0.30,34.31
104,346193965,-941.41,245.12,250.49,2.13,-2.01,0.30,34.40
105,346199760,-936.04,241.21,253.42,2.20,-1.95,0.00,34.64
106,346203809,-934.57,237.30,256.84,2.68,-1.83,0.24,34.64
107,346207859,-935.06,235.84,250.49,3.11,-1.89,0.30,34.64
108,346211916,-931.64,239.26,252.44,3.29,-1.95,0.18,34.21
109,346215966,-939.94,236.82,250.49,3.78,-1.89,0.18,34.36
110,346221760,-932.13,245.61,253.42,3.96,-1.83,-0.18,34.40
111,346225809,-930.66,247.56,252.93,4.15,-1.95,-0.49,34.40
112,346229859,-942.38,237.79,254.88,4.76,-1.77,-0.73,34.50
113,346233916,-948.73,242.19,250.98,4.82,-1.89,-0.98,34.55
114,346237965,-948.73,245.61,252.93,5.24,-1.89,-0.91,34.64
115,346243760,-952.64,246.09,249.02,5.37,-2.13,-1.22,34.31
116,346247809,-954.59,258.79,241.70,5.61,-2.13,-2.20,34.69
117,346251859,-959.47,259.28,233.89,5.67,-2.26,-2.68,34.69
118,346255916,-960.94,254.39,243.65,5.73,-2.50,-3.17,34.40
119,346259966,-960.45,246.58,249.02,6.04,-2.99,-3.11,34.55
120,346265760,-959.47,243.16,248.05,6.52,-2.68,-2.99,34.31
121,346269809,-958.98,236.82,243.65,7.01,-3.35,-2.87,34.16
122,346273859,-967.77,229.00,247.56,7.56,-3.60,-2.56,34.64
123,346277916,-963.38,229.98,250.98,8.17,-4.21,-2.32,34.31
124,346281965,-958.01,239.75,255.37,8.78,-4.82,-1.77,34.64
125,346287760,-949.71,246.09,255.86,8.96,-4.88,-2.13,34.36
126,346291809,-952.15,250.98,261.72,9.70,-5.49,-2.38,34.50
127,346295859,-950.20,248.05,263.18,9.94,-5.67,-2.32,34.50
128,346299916,-955.08,247.56,261.72,10.30,-6.04,-2.26,34.55
129,346303965,-956.05,251.95,265.14,10.67,-6.89,-2.44,34.21
130,346309760,-953.61,254.39,269.04,10.79,-7.01,-2.38,34.36
131,346313809,-956.54,261.72,276.86,10.98,-7.20,-2.56,34.40
132,346317859,-955.08,267.58,281.74,11.65,-7.74,-2.50,34.50
133,346321916,-948.73,270.02,276.37,11.59,-8.05,-2.87,34.40
134,346325965,-948.73,274.90,282.71,11.40,-8.48,-3.11,34.31
135,346331760,-938.96,281.74,280.27,11.28,-8.60,-3.17,34.36
136,346335809,-933.59,278.32,288.09,11.16,-9.09,-3.35,34.55
137,346339859,-928.71,273.44,288.57,11.16,-9.15,-3.41,34.83
138,346343916,-924.32,272.95,288.57,10.37,-9.15,-3.35,34.55
139,346347965,-921.87,272.95,288.57,10.30,-9.39,-3.17,34.50
140,346353760,-912.60,273.44,284.67,10.00,-9.09,-2.74,34.40
141,346357809,-909.18,274.41,285.64,9.63,-8.66,-2.62,34.40
142,346361859,-913.09,274.41,285.64,9.02,-8.78,-2.38,34.40
143,346365916,-911.62,275.39,282.71,8.54,-8.60,-2.20,34.50
144,346369965,-912.11,274.90,292.48,8.05,-8.29,-1.95,34.31
145,346375760,-910.16,269.04,285.16,7.50,-7.74,-1.28,34.21
146,346379809,-912.11,269.04,283.20,7.01,-7.74,-0.30,34.55
147,346383859,-909.18,275.39,285.16,6.95,-7.62,-0.06,34.12
148,346387916,-911.13,283.20,287.60,6.28,-7.13,0.24,34.40
149,346391965,-901.37,288.09,283.20,5.49,-6.77,0.06,34.55
150,346397760,-896.00,294.92,287.60,5.06,-6.28,-0.18,34.64
151,346401809,-894.04,290.53,290.53,4.39,-5.73,-0.49,34.50
152,346405859,-891.60,283.20,287.11,4.21,-5.49,-1.22,34.40
153,346409916,-893.55,279.79,284.18,3.72,-4.76,-1.34,34.50
154,346415760,-895.51,272.95,284.18,3.41,-4.02,-1.52,34.40
155,346419809,-896.00,260.74,284.67,3.41,-3.72,-1.34,34.64
156,346423859,-899.90,251.95,283.20,3.23,-3.23,-0.98,34.50
157,346427916,-908.20,248.05,283.20,3.23,-2.99,-0.91,34.64
158,346431965,-907.71,247.56,279.30,3.72,-2.74,-0.43,34.50
159,346437760,-910.64,241.21,275.39,3.84,-2.50,-0.49,34.40
160,346441809,-919.92,244.63,269.04,4.45,-2.56,0.12,34.40
161,346445859,-925.29,247.56,267.58,4.51,-2.56,0.30,34.64
162,346449916,-929.20,252.93,269.53,4.51,-2.68,0.30,34.40
163,346453965,-932.13,254.88,264.16,5.12,-2.56,-0.18,34.55
164,346459760,-934.08,253.42,254.88,5.24,-3.29,-0.18,34.55
165,346463809,-934.57,246.58,255.37,6.04,-3.11,-1.28,34.40
166,346467859,-933.11,238.28,250.49,6.40,-3.35,-2.01,34.40
167,346471916,-934.08,232.91,248.54,7.07,-3.78,-1.89,34.64
168,346475965,-936.52,229.98,245.61,8.11,-4.45,-2.26,34.50
169,346481760,-940.43,228.52,241.21,8.90,-4.76,-2.68,34.50
170,346485809,-943.36,228.03,239.26,9.94,-5.00,-3.11,34.02
171,346489859,-941.89,228.52,243.16,10.49,-5.79,-3.05,34.55
172,346493916,-942.87,227.05,243.65,11.28,-6.04,-3.17,34.40
173,346497965,-939.94,226.07,243.16,12.07,-6.40,-2.68,34.50
174,346503760,-947.75,222.17,241.70,13.11,-6.89,-2.38,34.40
175,346507809,-950.68,219.73,242.19,14.21,-7.87,-1.52,34.40
176,346511859,-950.68,231.93,243.16,15.18,-8.54,-1.40,34.55
177,346515916,-952.64,235.84,244.63,15.73,-8.84,-0.98,34.40
178,346519965,-951.17,240.23,244.14,16.46,-9.70,-0.85,34.36
179,346525760,-958.01,238.28,253.42,17.07,-10.43,-0.98,34.50
180,346529809,-955.57,241.70,253.42,17.87,-11.16,-1.16,34.21
181,346533859,-954.59,254.88,256.84,18.54,-11.71,-1.40,34.55
182,346537916,-954.59,248.54,257.81,19.15,-11.95,-2.20,34.64
183,346541965,-954.59,257.32,256.35,19.63,-12.74,-3.17,34.12
184,346547760,-957.52,255.37,253.91,20.12,-13.05,-4.09,34.55
185,346551809,-955.08,255.86,255.37,20.91,-13.48,-4.94,34.40
186,346555859,-951.17,257.32,257.32,21.28,-14.15,-5.24,34.64
187,346559916,-950.68,259.77,250.00,21.95,-14.51,-6.16,34.55
188,346563965,-950.68,260.25,246.58,22.62,-15.12,-6.46,34.40
189,346569760,-950.20,252.93,240.72,23.17,-15.61,-7.20,34.40
190,346573809,-951.66,244.63,245.12,23.78,-15.91,-7.20,34.50
191,346577859,-948.73,243.16,240.23,24.02,-16.16,-7.50,34.55
192,346581916,-956.05,243.16,241.21,24.57,-16.89,-7.32,34.50
193,346585965,-946.78,240.23,239.75,25.37,-17.20,-7.26,34.64
194,346591760,-951.66,232.42,239.26,26.22,-17.80,-7.13,34.64
195,346595809,-951.17,223.63,246.09,26.89,-18.35,-6.28,34.50
196,346599859,-944.82,215.82,258.30,27.56,-18.41,-5.43,34.21
197,346603916,-943.36,220.70,269.53,28.54,-18.54,-4.88,34.74
198,346607965,-946.78,224.61,271.97,29.51,-18.90,-4.45,34.40
199,346613760,-946.29,239.75,275.39,30.43,-18.90,-4.27,34.31
200,346617809,-942.38,248.05,281.74,30.79,-19.39,-4.33,34.50
201,346621859,-937.01,257.81,286.62,31.04,-19.33,-5.12,34.31
202,346625916,-927.25,259.77,286.13,31.40,-18.78,-6.04,34.64
203,346631760,-928.71,266.11,291.02,31.52,-18.96,-6.83,34.64
204,346635809,-925.78,264.16,286.13,31.65,-18.60,-8.17,34.36
205,346639859,-928.22,270.51,290.53,31.40,-18.54,-9.33,34.55
206,346643916,-929.69,268.07,282.71,31.46,-18.17,-10.91,34.36
207,346647965,-932.13,267.09,279.30,31.52,-18.17,-12.07,34.50
208,346653760,-941.89,265.62,276.37,31.59,-17.93,-13.72,34.64
209,346657809,-944.82,253.91,266.60,31.89,-18.35,-14.70,34.64
210,346661859,-943.36,242.68,264.65,31.95,-18.35,-15.18,34.50
211,346665916,-952.64,227.05,257.32,31.83,-18.60,-15.43,34.31
212,346669965,-957.03,225.59,256.35,32.32,-18.72,-15.18,34.64
213,346675760,-953.61,222.17,254.39,33.05,-19.45,-14.76,34.40
214,346679809,-958.98,222.66,261.23,33.17,-19.82,-14.45,34.40
215,346683859,-955.57,223.63,260.74,33.78,-19.94,-14.09,34.36
216,346687916,-957.52,218.75,262.70,33.96,-20.30,-13.72,34.64
217,346691965,-952.15,223.14,266.11,34.33,-20.55,-13.66,34.55
218,346697760,-955.08,230.47,276.86,34.63,-20.61,-13.60,34.40
219,346701809,-955.08,242.68,282.71,34.70,-20.85,-14.33,34.36
220,346705859,-959.96,240.72,282.71,34.88,-20.98,-15.24,34.36
221,346709916,-957.52,239.75,292.97,35.12,-21.22,-16.34,34.50
222,346713965,-956.54,239.75,295.90,35.06,-20.67,-17.32,34.64
223,346719760,-965.82,230.47,300.78,35.30,-20.91,-18.23,34.40
224,346723809,-970.21,224.12,304.69,35.98,-20.79,-19.63,34.31
225,346727859,-976.56,208.50,313.96,36.10,-20.73,-20.43,34.64
226,346731916,-979.98,209.96,314.45,36.59,-20.55,-21.22,34.64
227,346735965,-978.03,211.43,311.04,37.13,-20.24,-22.26,34.02
228,346741760,-977.54,209.47,305.66,37.50,-20.18,-23.54,34.36
229,346745809,-985.35,201.17,304.20,37.93,-20.24,-24.88,34.31
230,346749859,-994.14,201.17,297.85,38.48,-20.30,-25.30,34.40
231,346753916,-998.54,200.68,299.32,38.78,-20.55,-26.16,34.31
232,346757965,-1005.37,196.78,293.95,39.45,-20.49,-26.59,34.21
233,346763760,-1004.88,197.27,291.99,39.94,-20.85,-27.38,34.36
234,346767809,-1008.79,195.80,298.83,40.55,-21.40,-27.99,34.88
235,346771859,-1008.30,191.41,298.83,41.16,-21.52,-28.41,34.50
236,346775916,-1010.25,188.96,302.73,41.59,-21.89,-29.02,34.50
237,346779965,-1006.35,182.62,300.78,42.20,-22.20,-29.57,34.31
238,346785760,-1001.95,187.50,302.73,42.68,-22.50,-30.24,34.55
239,346789809,-1002.93,193.85,307.13,43.35,-23.05,-31.22,34.36
240,346793859,-1006.84,193.36,304.20,43.96,-22.99,-32.13,34.64
241,346797916,-1004.88,185.55,306.64,44.51,-23.54,-33.35,34.55
242,346801965,-1006.84,186.04,303.22,45.06,-24.09,-34.27,34.31
243,346807760,-1003.91,193.85,305.18,45.98,-24.57,-35.30,34.40
244,346811809,-1004.88,188.48,313.48,46.28,-24.88,-36.34,34.64
245,346815859,-1006.35,184.57,314.94,46.71,-24.88,-36.95,34.12
246,346819916,-999.02,179.69,311.52,47.20,-25.18,-37.38,34.64
247,346823965,-1009.77,173.34,314.94,47.99,-25.73,-38.48,34.40
248,346829760,-1008.30,169.92,312.99,48.60,-26.34,-38.66,34.69
249,346833809,-996.09,171.87,313.48,49.02,-26.83,-39.27,34.50
250,346837859,-998.05,170.90,313.96,49.45,-27.07,-39.82,34.36
251,346841916,-993.65,168.95,313.96,49.45,-27.38,-40.00,34.40
252,346847760,-995.12,173.83,311.04,50.18,-27.56,-40.91,34.55
253,346851809,-992.19,183.59,308.11,50.43,-27.80,-41.22,34.50
254,346855859,-992.68,184.08,315.92,50.18,-28.11,-42.07,34.64
255,346859916,-990.23,183.11,320.31,50.49,-28.11,-42.62,34.21
256,346863965,-983.89,173.83,329.10,51.04,-28.54,-43.17,34.40
257,346869760,-983.89,176.76,333.50,51.28,-28.66,-43.48,34.55
258,346873809,-972.66,168.46,339.84,52.01,-28.84,-44.09,34.50
259,346877859,-971.19,166.99,342.77,52.01,-28.66,-44.63,34.36
260,346881916,-967.77,161.13,351.56,52.26,-28.72,-45.12,34.40
261,346885965,-966.31,158.69,351.56,52.26,-28.78,-44.94,34.64
262,346891760,-958.98,155.27,357.42,52.74,-28.78,-45.12,34.50
263,346895809,-958.98,154.79,359.37,52.80,-28.60,-45.61,34.40
264,346899859,-948.73,147.95,360.84,53.17,-28.54,-45.91,34.64
265,346903916,-946.29,148.93,362.79,53.54,-28.90,-45.73,34.50
266,346907965,-937.99,144.04,361.82,53.84,-28.84,-45.79,34.40
267,346913760,-938.96,136.72,364.26,54.33,-28.78,-46.28,34.40
268,346917809,-931.64,144.04,365.23,54.82,-28.78,-46.59,34.69
269,346921859,-924.32,142.09,369.63,54.94,-28.29,-46.89,34.40
270,346925916,-920.41,146.48,370.61,55.55,-28.35,-47.56,34.69
271,346929965,-910.16,141.11,378.42,55.61,-28.05,-48.05,34.64
272,346935760,-905.27,138.67,375.00,55.85,-27.56,-48.54,34.36
273,346939809,-897.95,130.86,380.86,56.28,-26.22,-49.45,34.50
274,346943859,-903.32,134.77,377.93,56.52,-25.91,-50.18,34.64
275,346947916,-900.39,139.65,374.02,56.59,-25.18,-51.40,34.64
276,346951965,-900.39,136.72,370.61,56.40,-25.12,-52.44,34.74
277,346957760,-896.97,137.70,373.54,56.59,-23.96,-53.05,34.16
278,346961809,-906.74,138.67,372.07,56.10,-23.23,-53.78,34.21
279,346965859,-905.27,140.14,380.37,56.40,-23.11,-54.15,34.88
280,346969916,-910.16,140.14,380.37,56.10,-22.32,-54.57,34.64
281,346973965,-914.55,140.14,378.91,56.04,-22.07,-54.76,34.31
282,346979760,-917.97,147.95,380.37,56.16,-21.65,-54.76,34.31
283,346983809,-916.02,149.90,377.44,55.49,-21.10,-54.15,34.55
284,346987859,-913.57,149.90,375.98,55.37,-20.61,-53.54,34.50
285,346991916,-909.67,149.41,376.95,55.06,-19.76,-53.17,34.74
286,346995965,-911.13,145.02,379.39,54.51,-19.45,-52.62,34.36
287,347001760,-912.11,151.37,378.91,54.02,-18.96,-52.26,34.50
288,347005809,-919.92,166.99,372.56,53.90,-18.96,-52.44,34.55
289,347009859,-923.83,174.80,374.02,53.35,-18.60,-52.50,34.64
290,347013916,-917.97,172.85,373.54,52.38,-18.60,-52.68,34.40
291,347017965,-914.55,165.04,378.42,51.71,-18.41,-52.44,34.55
292,347023760,-910.16,148.44,391.60,51.59,-17.68,-51.77,34.50
293,347027809,-912.11,138.18,398.44,51.52,-17.13,-50.73,34.64
294,347031859,-918.95,158.20,396.48,51.34,-16.77,-50.18,34.40
295,347035916,-916.50,173.34,400.39,50.98,-16.40,-49.51,34.50
296,347039965,-909.18,180.66,402.83,50.18,-16.10,-49.45,34.64
297,347045760,-927.25,187.99,397.95,49.45,-15.67,-50.00,34.40
298,347049809,-918.95,174.32,404.30,48.66,-15.12,-50.30,34.64
299,347053859,-916.50,166.50,405.76,47.99,-15.43,-50.55,34.31
300,347057916,-914.55,161.62,407.23,47.13,-14.76,-50.67,34.55
301,347063760,-921.39,159.18,410.64,46.59,-14.70,-50.49,34.40
302,347067809,-926.76,173.83,401.37,45.98,-14.27,-51.10,34.55
303,347071859,-938.48,195.31,397.46,44.94,-14.33,-51.65,34.55
304,347075916,-939.94,198.24,394.04,44.09,-14.45,-52.62,34.21
305,347079965,-943.36,193.85,394.53,43.11,-14.63,-53.11,34.64
306,347084015,-950.20,189.94,395.51,41.71,-15.12,-53.54,34.50
307,347089760,-965.82,203.61,395.02,41.10,-15.30,-53.96,34.64
308,347093809,-984.37,230.96,378.42,40.06,-15.85,-54.27,34.69
309,347097859,-983.89,234.86,378.91,38.84,-16.65,-54.51,34.40
310,347101916,-979.49,226.56,385.25,38.29,-17.38,-54.94,34.40
311,347107760,-971.19,211.91,393.07,37.32,-18.05,-54.76,34.50
312,347111809,-968.75,194.82,391.60,36.65,-18.96,-53.78,34.74
313,347115859,-974.12,187.99,395.51,36.04,-19.51,-51.83,34.31
314,347119916,-975.59,178.22,391.60,35.79,-19.57,-51.22,34.21
315,347123965,-965.33,157.71,390.14,35.43,-20.67,-49.51,34.50
316,347129760,-959.96,140.62,401.86,35.06,-21.40,-47.74,34.64
317,347133809,-939.45,120.61,408.69,34.51,-21.83,-44.15,34.64
318,347137859,-923.83,97.66,417.97,34.45,-22.20,-41.46,34.64
319,347141916,-901.86,84.96,424.32,34.70,-22.74,-39.09,34.64
320,347145965,-877.44,76.17,426.27,34.57,-22.38,-36.46,34.31
321,347151760,-861.82,76.66,432.13,34.63,-22.20,-34.21,34.02
322,347155809,-841.31,81.05,433.59,34.63,-21.83,-32.32,34.21
323,347159859,-827.64,80.57,427.25,34.57,-21.34,-31.65,34.40
324,347163916,-822.75,74.22,424.80,34.70,-21.10,-31.16,34.64
325,347167965,-816.41,77.64,430.66,34.63,-20.37,-30.91,34.55
326,347173760,-824.22,68.85,436.04,34.82,-19.57,-30.67,34.31
327,347177809,-824.22,64.94,437.01,35.06,-18.66,-30.24,34.31
328,347181859,-835.94,71.78,433.11,35.12,-17.87,-30.37,34.64
329,347185916,-848.14,96.19,428.22,35.49,-17.44,-30.55,34.40
330,347189965,-858.89,148.93,412.60,35.12,-16.71,-31.77,34.40
331,347195760,-875.49,180.66,410.16,34.09,-16.22,-33.96,34.36
332,347199809,-902.34,207.52,410.64,32.99,-15.55,-37.87,34.21
333,347203859,-926.27,221.68,402.83,32.32,-15.12,-40.67,34.36
334,347207916,-939.94,206.05,397.95,31.22,-15.00,-43.48,34.64
335,347211965,-949.71,172.36,397.46,30.49,-15.61,-45.00,34.36
336,347217760,-958.01,133.79,393.55,30.37,-15.91,-44.63,34.64
337,347221809,-949.71,107.91,401.86,30.00,-16.77,-43.11,34.55
338,347225859,-934.57,89.84,398.93,30.12,-17.20,-41.40,34.64
339,347229916,-924.80,78.61,399.41,29.76,-17.13,-39.09,34.36
340,347233965,-908.20,58.59,403.32,29.57,-17.32,-36.52,34.21
341,347239760,-888.18,44.43,399.90,29.02,-17.32,-33.96,34.36
342,347243809,-872.07,22.46,416.02,29.09,-17.50,-29.82,34.50
343,347247859,-852.54,11.72,423.34,29.33,-17.13,-26.95,34.50
344,347251916,-839.36,6.84,420.41,29.09,-16.95,-24.15,34.40
345,347255965,-816.89,-3.91,431.64,28.96,-16.16,-21.65,34.50
346,347261760,-808.11,-16.11,442.87,29.33,-15.18,-19.51,34.40
347,347265809,-796.39,-26.37,440.92,30.06,-14.33,-17.32,34.50
348,347269859,-804.20,-8.79,448.73,30.24,-12.87,-16.52,34.21
349,347273916,-809.57,23.44,439.45,30.55,-11.95,-15.79,34.50
350,347277965,-833.50,57.13,435.06,30.49,-10.61,-16.40,34.64
351,347283760,-844.24,92.77,435.06,30.30,-9.57,-18.72,34.64
352,347287809,-873.54,128.42,433.59,29.63,-8.41,-23.60,34.40
353,347291859,-892.58,140.14,427.25,28.90,-7.74,-27.26,34.40
354,347295916,-908.20,144.04,424.80,28.17,-6.83,-31.22,34.50
355,347301760,-937.01,137.70,425.29,27.68,-6.65,-35.00,34.31
356,347305809,-951.66,122.56,412.60,26.89,-6.28,-38.05,34.64
357,347309859,-953.61,106.93,418.46,26.10,-6.52,-39.39,34.40
358,347313916,-952.64,81.05,412.60,26.04,-6.16,-39.82,34.31
359,347317965,-938.48,58.11,414.55,25.79,-5.98,-39.82,34.40
360,347323760,-932.62,29.79,416.50,26.10,-6.04,-38.60,34.40
361,347327809,-915.04,-12.21,413.57,26.40,-5.98,-35.73,34.40
362,347331859,-903.32,-39.06,415.53,26.52,-5.67,-32.20,34.55
363,347335916,-887.21,-53.22,416.50,26.95,-5.67,-28.90,34.36
364,347339965,-877.93,-54.20,419.92,28.11,-5.00,-25.12,34.55
365,347345760,-864.75,-58.11,411.62,28.17,-4.82,-20.85,34.50
366,347349809,-852.54,-53.22,420.41,28.96,-4.15,-17.93,34.55
367,347353859,-847.66,-39.06,428.22,29.76,-3.17,-16.04,34.74
368,347357916,-849.12,-15.62,429.20,30.18,-2.32,-15.37,34.50
369,347361965,-866.70,29.79,424.80,30.00,-1.59,-15.98,34.69
370,347367760,-895.02,101.56,411.62,29.27,-0.61,-18.54,34.40
371,347371809,-924.32,152.83,398.44,27.80,-0.06,-23.78,34.31
372,347375859,-953.12,176.27,396.48,26.83,0.73,-28.05,34.50
373,347379916,-979.00,187.99,395.51,25.12,1.16,-33.41,34.40
374,347383965,-996.09,197.27,386.72,23.72,1.40,-37.87,34.50
375,347389760,-1014.16,188.48,380.37,22.07,1.40,-41.89,34.36
376,347393809,-1021.00,157.23,367.19,20.43,0.73,-45.06,34.31
377,347397859,-1022.95,123.54,366.70,19.82,0.67,-45.73,34.40
378,347401916,-1020.02,90.33,359.86,18.90,-0.43,-44.82,34.21
379,347405965,-1007.81,62.99,365.72,18.29,-1.10,-42.13,34.40
380,347411760,-1000.98,36.62,360.35,18.23,-2.13,-38.96,34.50
381,347415809,-979.98,19.04,364.75,18.41,-2.99,-34.51,34.31
382,347419859,-960.94,0.98,375.98,18.41,-3.29,-31.22,34.40
383,347423916,-946.29,-5.86,376.95,18.72,-3.48,-27.50,34.31
384,347427965,-936.52,-24.41,383.30,19.21,-3.54,-23.90,34.21
385,347433760,-915.04,-31.74,383.30,19.70,-3.35,-20.61,34.16
386,347437809,-900.39,-37.11,397.46,19.63,-3.05,-17.50,34.50
387,347441859,-888.67,-47.85,404.30,19.88,-2.50,-15.91,34.50
388,347445916,-877.93,-39.55,409.67,20.37,-2.32,-14.63,34.83
389,347449965,-868.65,-38.09,416.02,20.43,-1.22,-14.09,34.21
390,347455760,-851.07,-45.90,425.29,21.04,0.18,-14.39,34.64
391,347459809,-854.98,-44.43,427.73,21.52,1.59,-15.73,34.55
392,347463859,-866.21,-38.09,432.62,21.77,2.68,-16.65,34.50
393,347467916,-873.05,-21.97,429.20,22.44,3.78,-18.90,34.36
394,347471965,-878.42,-11.72,427.25,22.74,5.12,-21.89,34.50
395,347477760,-873.54,-13.18,427.25,22.99,6.52,-24.70,34.64
396,347481809,-888.67,-11.72,426.76,23.41,8.17,-28.78,34.69
397,347485859,-890.14,-11.23,425.78,23.60,9.02,-31.22,34.02
398,347489916,-902.34,-11.72,420.90,24.02,10.06,-33.35,34.88
399,347493965,-915.53,-16.11,407.71,24.21,10.55,-35.06,34.40
400,347499760,-925.29,-21.48,397.46,24.33,11.22,-36.34,34.55
401,347503809,-928.71,-34.67,382.32,25.18,11.46,-36.89,34.69
402,347507859,-923.83,-48.34,381.35,25.73,11.77,-36.40,34.40
403,347511916,-917.97,-62.50,379.88,26.46,12.44,-35.18,34.50
404,347517760,-905.27,-67.87,376.46,27.44,12.68,-33.78,34.40
405,347521809,-896.48,-57.62,362.30,28.11,13.05,-31.77,34.50
406,347525859,-886.23,-52.25,352.54,28.54,13.84,-30.67,34.40
407,347529916,-881.35,-57.62,348.63,29.09,14.15,-30.00,34.16
408,347533965,-874.51,-59.08,349.12,28.96,14.88,-29.02,34.50
409,347539760,-864.75,-64.45,350.59,29.33,15.49,-27.80,34.50
410,347543809,-859.86,-67.38,349.61,29.70,16.22,-26.59,34.50
411,347547859,-861.33,-54.20,346.68,29.94,17.26,-25.98,34.50
412,347551916,-879.88,-30.27,342.29,29.82,17.38,-26.16,34.31
413,347555965,-889.16,-8.79,337.40,29.70,18.17,-26.46,34.55
414,347561760,-906.74,10.74,336.91,29.09,18.96,-27.62,34.74
415,347565809,-919.43,24.90,334.47,28.17,19.27,-29.76,34.55
416,347569859,-932.62,27.34,334.47,27.74,19.15,-31.16,34.40
417,347573916,-936.52,26.86,337.40,27.32,19.21,-32.01,34.69
418,347577965,-936.04,23.44,342.77,26.89,19.27,-33.41,34.64
419,347583760,-936.52,38.09,346.68,26.10,19.70,-35.00,34.50
420,347587809,-941.41,36.13,345.21,25.00,20.12,-36.83,34.36
421,347591859,-936.52,17.58,350.10,24.57,20.24,-37.38,34.69
422,347595916,-939.45,0.49,354.00,23.90,21.04,-37.80,34.55
423,347599965,-933.11,-12.21,357.42,23.54,21.28,-37.44,34.55
424,347605760,-924.32,-27.34,359.37,23.23,22.01,-36.46,34.21
425,347609809,-917.97,-32.71,359.37,23.11,22.80,-35.12,34.21
426,347613859,-914.55,-19.53,361.33,22.80,23.48,-34.33,34.64
427,347617916,-918.46,-11.23,362.79,22.44,24.02,-33.23,34.50
428,347621965,-922.85,-9.28,363.28,22.01,24.82,-32.68,34.31
429,347627760,-935.55,-8.79,356.93,21.22,25.12,-32.99,34.21
430,347631809,-945.31,-10.74,358.40,20.91,25.49,-33.35,34.40
431,347635859,-937.99,-20.51,353.03,20.61,25.73,-33.35,34.64
432,347639916,-940.43,-31.25,356.45,20.12,25.79,-33.35,34.64
433,347643965,-937.50,-31.25,352.54,19.88,26.04,-33.17,34.50
434,347649760,-931.15,-25.39,351.07,19.57,26.10,-33.05,34.31
435,347653809,-932.13,-30.27,348.63,19.27,26.65,-33.78,34.40
436,347657859,-936.04,-35.64,346.19,19.57,26.59,-34.63,34.64
437,347661916,-940.43,-41.99,344.73,19.02,26.71,-34.94,34.50
438,347665965,-951.66,-54.69,337.89,18.96,27.07,-35.06,34.36
439,347671760,-956.54,-54.20,337.40,18.96,27.07,-34.57,34.64
440,347675809,-960.45,-48.83,331.05,19.09,27.32,-34.33,34.50
441,347679859,-951.17,-48.83,324.71,19.02,26.83,-34.02,34.40
442,347683916,-942.38,-44.43,329.59,19.15,26.83,-33.48,34.55
443,347687965,-942.87,-61.52,330.57,19.09,26.59,-32.74,34.40
444,347693760,-931.64,-64.94,336.91,19.39,27.01,-31.22,34.50
445,347697809,-921.87,-72.75,335.45,19.45,27.20,-30.24,34.50
446,347701859,-920.41,-69.34,336.43,19.57,27.87,-30.06,34.21
447,347705916,-930.18,-59.57,339.36,19.45,28.23,-29.70,34.69
448,347709965,-935.06,-46.87,332.03,18.96,28.17,-29.88,34.55
449,347715760,-945.31,-39.06,328.61,18.78,28.35,-30.18,34.50
450,347719809,-955.57,-45.41,323.24,18.72,28.29,-31.28,34.64
451,347723859,-958.50,-53.71,324.71,18.17,28.54,-31.89,34.36
452,347727916,-952.64,-65.43,325.68,18.05,28.23,-32.62,34.50
453,347733760,-949.22,-74.22,322.27,17.93,28.17,-32.32,34.40
454,347737809,-945.31,-78.61,320.80,18.11,28.41,-32.26,34.55
455,347741859,-934.08,-81.54,313.96,18.11,28.29,-32.26,34.50
456,347745916,-926.27,-93.75,314.94,17.99,28.78,-32.26,34.40
457,347749965,-924.80,-94.73,312.01,17.80,28.72,-32.07,34.55
458,347754015,-926.27,-111.82,313.96,18.29,28.54,-31.59,34.55
459,347759760,-927.25,-117.68,314.94,18.84,29.15,-31.22,34.64
460,347763809,-924.80,-116.70,314.45,19.57,29.33,-31.04,34.31
461,347767859,-926.27,-112.79,303.71,19.70,29.51,-31.16,34.50
462,347771916,-935.55,-116.70,304.69,20.30,29.57,-31.71,34.50
463,347777760,-934.57,-125.49,307.13,20.67,29.76,-31.40,34.50
464,347781809,-944.82,-147.46,301.27,21.28,29.63,-31.22,34.40
465,347785859,-948.73,-162.11,294.92,22.07,29.88,-29.76,34.50
466,347789916,-937.50,-165.04,294.92,22.80,29.76,-28.41,34.21
467,347793965,-942.87,-164.55,291.99,23.48,29.70,-27.07,34.55
468,347799760,-947.27,-152.83,283.69,24.21,29.09,-25.49,34.64
469,347803809,-955.08,-138.67,275.88,24.70,28.84,-24.21,34.64
470,347807859,-962.40,-117.19,261.23,25.00,28.60,-23.23,34.40
471,347811916,-964.84,-103.03,258.30,25.37,28.05,-22.87,34.36
472,347815965,-962.40,-98.14,253.91,25.18,27.44,-22.80,34.55
473,347821760,-952.64,-91.31,254.88,24.94,26.83,-22.80,34.31
474,347825809,-936.04,-89.36,258.79,24.88,26.40,-22.32,34.21
475,347829859,-926.27,-92.29,257.81,24.82,26.52,-22.44,34.55
476,347833916,-913.09,-91.31,263.18,24.76,26.40,-22.44,34.40
477,347837965,-912.11,-97.66,267.09,24.15,26.77,-22.74,34.74
478,347843760,-907.71,-105.47,277.34,23.84,27.32,-22.99,34.02
479,347847809,-909.67,-122.56,279.30,23.60,27.80,-23.05,34.40
480,347851859,-909.67,-125.49,280.27,23.66,28.05,-22.93,34.55
481,347855916,-917.97,-125.00,278.32,23.35,28.66,-22.99,34.50
482,347859965,-930.18,-125.00,274.41,23.11,29.02,-23.17,34.31
483,347865760,-944.82,-121.58,271.97,22.99,29.09,-23.35,34.31
484,347869809,-943.36,-122.56,271.97,22.38,29.27,-23.48,34.40
485,347873859,-942.38,-118.16,273.93,22.68,29.27,-23.90,34.69
486,347877916,-942.87,-111.82,276.86,22.26,29.33,-24.27,34.55
487,347881965,-944.34,-114.26,276.37,22.01,29.21,-24.70,34.31
488,347887760,-955.57,-120.61,278.32,21.95,29.63,-24.70,34.64
489,347891809,-949.71,-135.74,277.34,21.89,29.33,-24.15,34.31
490,347895859,-946.29,-146.00,276.37,22.20,29.33,-23.60,34.64
491,347899916,-935.55,-141.11,270.51,22.13,29.21,-22.32,34.55
492,347903965,-932.62,-152.34,276.86,22.38,29.15,-21.46,34.36
493,347909760,-932.13,-145.51,268.07,22.56,29.39,-20.67,34.55
494,347913809,-929.69,-147.46,266.11,22.80,29.45,-19.88,34.31
495,347917859,-933.59,-146.97,270.51,22.74,29.63,-18.90,34.64
496,347921916,-933.11,-148.93,271.48,23.17,29.94,-18.66,34.69
497,347925965,-931.15,-151.86,272.46,23.41,30.55,-18.11,34.64
498,347931760,-921.87,-157.23,279.79,23.60,30.98,-17.62,34.36
499,347935809,-925.78,-161.62,290.04,23.84,32.26,-17.13,34.50
500,347939859,-920.41,-153.32,305.66,24.02,32.80,-16.52,34.31
501,347943916,-927.25,-144.53,309.57,24.51,33.60,-16.22,34.36
502,347947965,-934.08,-123.05,305.18,24.57,34.70,-17.01,34.64
503,347953760,-938.96,-96.68,303.22,24.45,35.91,-18.35,34.69
504,347957809,-961.43,-75.20,275.88,24.27,36.77,-20.85,34.64
505,347961859,-980.47,-67.87,260.74,23.66,36.83,-22.56,34.50
506,347965916,-997.56,-66.41,252.93,22.93,37.07,-24.39,34.50
507,347971760,-1013.18,-71.29,240.23,22.07,36.89,-25.43,34.64
508,347975809,-1024.90,-78.12,225.59,21.22,36.04,-25.91,34.40
509,347979859,-1026.86,-81.54,217.77,20.37,35.37,-25.91,34.50
510,347983916,-1029.79,-84.47,200.20,19.57,34.70,-25.37,34.31
511,347987965,-1034.67,-86.91,189.45,19.09,33.60,-24.94,34.40
512,347993760,-1034.67,-95.70,179.20,17.87,32.38,-24.09,34.50
513,347997809,-1036.62,-110.84,169.92,17.20,30.98,-22.44,34.55
514,348001859,-1036.13,-119.63,166.02,16.40,29.51,-20.18,34.64
515,348005916,-1033.69,-129.88,168.46,15.79,28.48,-18.05,34.21
516,348009965,-1033.20,-125.98,168.46,15.24,26.95,-15.55,34.69
517,348015760,-1020.02,-119.63,170.41,14.57,26.10,-13.84,34.69
518,348019809,-1021.97,-109.37,167.97,13.41,24.39,-12.50,34.64
519,348023859,-1036.62,-114.26,170.41,13.11,23.41,-11.95,34.50
520,348027916,-1036.13,-119.63,166.02,12.50,22.32,-11.16,34.64
521,348031965,-1037.11,-118.16,161.62,11.59,21.28,-10.85,34.40
522,348037760,-1038.09,-117.19,163.57,10.98,19.63,-10.18,34.31
523,348041809,-1042.48,-112.30,147.46,10.49,18.17,-10.49,34.21
524,348045859,-1050.78,-107.42,144.53,10.00,16.95,-10.43,34.55
525,348049916,-1046.39,-102.05,139.65,9.33,15.61,-10.79,34.64
526,348053965,-1044.43,-110.35,132.81,8.60,14.21,-11.10,34.40
527,348059760,-1041.02,-109.37,122.07,8.05,12.62,-11.40,34.21
528,348063809,-1038.57,-125.98,112.79,7.50,10.61,-10.67,34.36
529,348067859,-1036.13,-143.55,111.33,6.59,9.09,-9.70,34.64
530,348071916,-1036.13,-154.79,112.30,6.46,7.56,-7.50,34.55
531,348075965,-1026.86,-167.97,112.30,5.91,5.73,-4.70,34.36
532,348081760,-1019.53,-170.41,113.28,5.67,3.90,-1.40,34.31
533,348085809,-1020.02,-171.39,112.79,5.43,2.01,2.38,34.31
534,348089859,-1017.09,-167.48,108.89,5.49,0.43,4.94,34.64
535,348093916,-1019.04,-168.95,111.82,5.24,-0.91,8.29,34.40
536,348097965,-1006.84,-170.90,117.68,4.57,-2.56,11.34,34.21
537,348103760,-1005.86,-160.16,123.05,4.76,-3.96,14.21,34.69
538,348107809,-1000.98,-154.79,133.30,4.45,-5.61,17.38,34.50
539,348111859,-996.58,-146.48,134.77,4.09,-6.65,18.96,34.40
540,348115916,-994.14,-140.62,138.67,3.48,-7.50,20.12,34.40
541,348119965,-987.30,-131.35,140.62,3.11,-8.29,20.67,34.21
542,348125760,-975.59,-122.56,146.00,2.38,-9.15,20.37,34.64
543,348129809,-971.19,-119.14,146.97,1.34,-9.63,19.94,34.40
544,348133859,-965.33,-121.58,149.90,1.04,-10.06,18.90,34.50
545,348137916,-949.22,-127.44,153.81,0.49,-10.18,17.87,34.64
546,348141965,-945.80,-131.84,157.71,-0.06,-9.45,16.71,34.55
547,348147760,-936.52,-141.11,167.97,-0.55,-9.39,15.49,34.40
548,348151809,-923.34,-146.97,165.04,-1.28,-8.72,14.63,34.31
549,348155859,-924.32,-160.64,166.02,-1.28,-8.48,14.15,34.36
550,348159916,-924.80,-157.23,165.53,-1.46,-7.99,14.45,34.40
551,348163965,-932.13,-156.74,163.57,-2.13,-7.68,14.94,34.64
552,348169760,-940.92,-140.14,159.67,-2.26,-7.68,15.06,34.36
553,348173809,-946.29,-123.54,156.74,-2.93,-7.44,14.39,34.40
554,348177859,-951.17,-128.42,157.71,-3.66,-7.32,13.84,34.21
555,348181916,-949.71,-133.79,166.50,-4.45,-6.77,13.48,34.31
556,348187760,-955.08,-147.46,167.48,-4.63,-6.89,13.78,34.50
557,348191809,-952.64,-146.97,172.36,-5.37,-6.65,14.33,34.50
558,348195859,-956.54,-142.09,170.41,-5.79,-6.77,15.18,34.69
559,348199916,-948.73,-145.02,172.36,-6.46,-6.28,15.12,34.31
560,348203965,-943.36,-144.04,172.36,-6.95,-5.67,15.37,34.40
561,348209760,-944.82,-139.65,169.43,-7.80,-5.67,15.85,34.69
562,348213809,-939.45,-135.25,170.41,-8.54,-5.00,15.85,34.40
563,348217859,-948.73,-132.81,167.48,-8.96,-4.82,15.73,34.40
564,348221916,-952.64,-131.84,160.16,-9.70,-4.63,16.04,34.36
565,348225965,-950.20,-135.74,161.13,-9.94,-4.27,16.34,34.21
566,348231760,-956.05,-138.18,164.55,-10.18,-4.02,16.34,34.50
567,348235809,-959.96,-141.60,168.95,-10.67,-3.66,16.04,34.69
568,348239859,-964.36,-143.07,168.95,-10.67,-3.54,15.91,34.55
569,348243916,-967.29,-150.39,165.53,-10.91,-3.23,16.22,34.50
570,348247965,-978.52,-141.60,163.57,-11.10,-3.60,16.65,34.50
571,348253760,-996.09,-136.23,157.71,-11.40,-3.90,17.26,34.55
572,348257809,-984.86,-120.61,149.41,-12.01,-4.57,17.07,34.40
573,348261859,-989.26,-107.91,160.16,-12.26,-4.94,16.28,34.55
574,348265916,-974.61,-107.91,160.64,-12.87,-5.00,14.70,34.64
575,348269965,-976.07,-109.37,158.20,-13.35,-5.00,13.29,34.64
576,348275760,-966.80,-117.68,157.71,-14.02,-5.43,11.77,34.31
577,348279809,-969.24,-125.00,155.76,-14.39,-5.43,10.30,34.40
578,348283859,-961.91,-134.77,159.67,-14.94,-5.55,9.27,34.55
579,348287916,-963.38,-140.14,158.69,-15.00,-5.30,8.23,34.40
580,348291965,-960.94,-156.74,162.11,-14.76,-5.18,8.35,34.16
581,348297760,-955.08,-161.13,169.92,-14.63,-5.18,8.48,34.40
582,348301809,-950.20,-165.53,172.36,-14.45,-5.12,9.45,34.50
583,348305859,-955.57,-165.53,177.25,-14.51,-4.63,9.51,34.64
584,348309916,-961.43,-163.09,176.27,-14.09,-4.51,10.43,34.69
585,348313965,-975.10,-170.90,180.18,-13.84,-4.45,10.67,34.31
586,348319760,-979.00,-180.18,184.57,-13.17,-4.39,11.28,34.21
587,348323809,-996.09,-187.50,188.48,-12.80,-4.94,12.44,34.36
588,348327859,-1008.79,-182.62,187.01,-12.26,-5.30,13.60,34.74
589,348331916,-1005.37,-176.76,184.08,-12.07,-5.61,14.63,34.64
590,348335965,-1011.72,-169.43,187.01,-11.28,-5.79,15.06,34.50
591,348341760,-1010.74,-156.25,180.18,-10.91,-6.10,14.70,34.50
592,348345809,-1002.93,-154.79,181.15,-10.98,-6.65,14.09,34.40
593,348349859,-1011.72,-147.46,174.80,-10.55,-7.01,13.66,34.50
594,348353916,-1010.74,-152.83,174.80,-10.49,-7.32,13.72,34.50
595,348357965,-1003.91,-155.27,175.29,-10.30,-7.87,13.41,34.64
596,348363760,-999.02,-161.13,177.73,-10.00,-8.23,13.23,34.64
597,348367809,-988.28,-158.20,180.66,-9.63,-8.11,12.87,34.64
598,348371859,-985.84,-158.69,181.15,-9.33,-8.54,12.93,34.21
599,348375916,-983.89,-158.69,184.57,-8.84,-8.78,12.80,34.50
600,348379965,-987.30,-161.13,179.20,-8.60,-8.96,12.50,34.50
601,348385760,-993.16,-162.11,178.71,-8.23,-9.09,12.56,34.40
602,348389809,-991.70,-171.39,179.20,-7.87,-9.51,13.29,34.31
603,348393859,-1002.44,-172.36,190.92,-7.07,-9.57,14.15,34.36
604,348397916,-1002.44,-178.22,191.41,-6.71,-9.88,15.30,34.40
605,348403760,-1004.88,-166.99,198.24,-6.52,-10.12,16.34,34.40
606,348407809,-1001.95,-160.16,200.20,-5.91,-10.06,17.01,34.40
607,348411859,-1006.35,-161.62,202.64,-5.73,-10.24,16.77,34.40
608,348415916,-1018.07,-148.93,200.68,-5.79,-10.73,16.52,34.36
609,348419965,-1024.90,-148.93,198.73,-5.49,-11.16,16.65,34.40
610,348424015,-1032.71,-145.02,194.34,-5.37,-11.28,16.22,34.50
611,348429760,-1031.25,-144.53,194.82,-5.30,-12.38,15.79,34.69
612,348433809,-1027.83,-151.37,202.64,-5.24,-12.80,15.43,34.55
613,348437859,-1023.93,-157.71,204.59,-4.88,-13.23,15.61,34.50
614,348441916,-1025.39,-153.81,207.52,-4.51,-13.66,16.16,34.50
615,348447760,-1027.34,-149.41,210.45,-4.27,-13.96,16.22,34.50
616,348451809,-1032.71,-141.11,218.75,-4.27,-14.21,15.79,34.64
617,348455859,-1032.23,-130.37,218.75,-4.27,-14.57,15.24,34.40
618,348459916,-1037.11,-132.81,217.29,-4.09,-14.88,14.70,34.40
619,348463965,-1042.48,-132.32,221.19,-4.33,-15.18,14.09,34.40
620,348469760,-1043.95,-130.86,220.70,-4.09,-15.43,13.72,34.50
621,348473809,-1034.18,-128.42,220.21,-3.84,-15.49,13.23,34.50
622,348477859,-1038.09,-115.23,220.70,-3.90,-15.67,12.93,34.40
623,348481916,-1034.18,-113.28,222.66,-4.02,-15.73,12.20,34.40
624,348485965,-1044.92,-108.40,219.24,-4.45,-16.04,11.89,34.74
625,348491760,-1047.85,-107.42,218.26,-4.82,-16.46,11.59,34.40
626,348495809,-1055.18,-100.59,219.24,-5.06,-16.83,11.28,34.31
627,348499859,-1063.48,-99.12,220.70,-4.94,-17.20,11.10,34.50
628,348503916,-1066.41,-101.07,220.70,-5.18,-18.23,11.28,34.50
629,348507965,-1070.80,-101.07,220.70,-5.55,-18.84,11.59,34.50
630,348513760,-1065.43,-103.52,225.10,-5.49,-19.39,12.01,34.50
631,348517809,-1063.48,-108.40,228.03,-5.79,-20.30,12.93,34.21
632,348521859,-1063.96,-102.54,228.52,-5.85,-20.85,13.41,34.40
633,348525916,-1063.96,-104.00,226.07,-5.85,-21.65,14.39,34.64
634,348529965,-1066.41,-104.00,225.59,-5.79,-22.44,15.49,34.36
635,348535760,-1065.92,-106.45,224.12,-5.73,-23.54,16.52,34.16
636,348539809,-1071.29,-101.07,225.59,-5.73,-24.39,17.68,34.21
637,348543859,-1077.15,-95.21,228.03,-5.49,-25.43,18.11,34.64
638,348547916,-1080.57,-90.82,228.03,-5.37,-26.52,18.54,34.55
639,348551965,-1070.80,-83.50,233.89,-5.79,-27.50,18.96,34.36
640,348557760,-1076.66,-84.96,233.89,-6.22,-28.54,19.02,34.64
641,348561809,-1071.29,-82.03,245.61,-6.40,-29.76,19.02,34.36
642,348565859,-1067.38,-73.24,245.61,-6.77,-30.61,18.78,34.40
643,348569916,-1070.80,-73.73,243.65,-6.89,-31.22,18.60,34.55
644,348573965,-1080.57,-70.31,242.68,-7.13,-32.80,18.11,34.55
645,348579760,-1081.05,-71.29,239.26,-7.26,-33.84,17.62,34.64
646,348583809,-1081.54,-78.61,241.70,-7.32,-35.06,17.20,34.40
647,348587859,-1079.59,-84.96,246.58,-7.44,-36.28,17.13,34.50
648,348591916,-1076.66,-81.54,242.68,-7.44,-37.87,17.80,34.40
649,348595965,-1082.52,-85.94,237.79,-7.26,-39.27,18.29,34.40
650,348601760,-1084.47,-83.01,236.82,-7.13,-40.85,18.96,34.55
651,348605809,-1093.75,-91.31,233.89,-7.20,-42.93,20.06,34.64
652,348609859,-1090.33,-95.21,233.89,-6.59,-44.45,20.85,34.31
653,348613916,-1093.26,-104.00,231.93,-6.40,-46.28,22.74,34.64
654,348617965,-1092.77,-119.14,230.47,-5.61,-48.29,24.45,34.50
655,348623760,-1096.68,-125.49,230.96,-4.70,-50.79,27.20,34.69
656,348627809,-1087.40,-135.74,234.86,-3.54,-53.05,30.98,34.64
657,348631859,-1089.36,-125.98,232.91,-2.80,-54.94,33.29,34.40
658,348635916,-1087.40,-123.05,241.21,-1.71,-57.32,35.79,34.55
659,348641760,-1083.50,-115.72,244.63,-0.79,-59.45,38.29,34.64
660,348645809,-1080.08,-110.35,254.39,0.49,-62.01,40.61,34.40
661,348649859,-1085.45,-106.45,264.65,1.46,-64.33,41.83,34.31
662,348653916,-1084.47,-88.38,270.51,2.07,-65.67,42.74,34.36
663,348657965,-1083.01,-69.82,271.97,3.05,-67.68,43.41,34.64
664,348663760,-1089.36,-46.39,271.48,3.41,-69.70,42.80,34.40
665,348667809,-1092.29,-31.74,272.46,3.66,-72.32,41.77,34.50
666,348671859,-1090.33,-36.13,275.39,4.09,-74.02,40.37,34.50
667,348675916,-1091.31,-46.87,275.39,4.39,-75.61,40.06,34.36
668,348679965,-1088.87,-51.76,283.20,4.57,-77.44,40.24,34.40
669,348685760,-1084.47,-62.50,286.62,5.06,-79.63,41.22,34.55
670,348689809,-1077.64,-75.20,291.99,5.37,-81.89,42.68,34.40
671,348693859,-1077.64,-74.71,297.85,5.55,-83.72,44.15,34.64
672,348697916,-1068.36,-73.73,304.20,6.10,-85.49,45.61,34.36
673,348701965,-1067.87,-71.29,307.13,6.34,-87.50,47.44,34.64
674,348707760,-1066.41,-63.96,314.94,6.65,-89.02,48.90,34.50
675,348711809,-1061.52,-51.76,321.29,7.20,-91.71,50.43,34.40
676,348715859,-1058.11,-41.02,332.52,7.32,-92.99,51.52,34.50
677,348719916,-1045.41,-35.16,338.38,7.26,-94.63,52.87,34.36
678,348723965,-1039.06,-29.79,353.52,7.38,-96.16,53.84,34.40
679,348729760,-1033.20,-24.90,363.28,7.74,-97.38,54.57,34.40
680,348733809,-1021.97,-19.04,366.21,8.17,-99.33,55.43,34.36
681,348737859,-1020.51,-11.72,373.05,8.29,-100.43,55.91,34.64
682,348741916,-1014.65,-8.79,375.49,8.17,-101.65,56.28,34.50
683,348745965,-1013.67,-4.39,389.65,8.35,-103.11,56.59,34.31
684,348751760,-1006.35,-3.42,395.02,8.35,-104.39,57.13,34.50
685,348755809,-999.02,15.62,405.76,8.17,-105.91,57.20,34.50
686,348759859,-992.68,26.37,411.62,8.17,-106.65,56.95,34.36
687,348763916,-992.19,41.99,415.53,7.62,-107.62,56.46,34.64
688,348767965,-986.33,62.99,431.64,7.13,-108.84,55.55,34.40
689,348773760,-979.49,79.59,435.55,6.22,-109.63,54.02,34.50
690,348777809,-969.73,96.19,439.94,5.18,-110.67,51.22,34.40
691,348781859,-963.38,91.31,447.75,4.57,-111.04,49.39,34.50
692,348785916,-953.61,92.29,450.20,3.72,-111.95,47.32,34.50
693,348789965,-946.78,72.75,463.38,3.29,-112.62,45.49,34.21
694,348795760,-943.36,67.87,471.19,2.93,-113.48,44.63,34.50
695,348799809,-938.96,78.61,472.66,2.32,-114.27,44.27,34.64
696,348803859,-938.48,80.08,477.54,2.07,-115.00,43.90,34.64
697,348807916,-933.11,77.64,476.56,1.95,-115.73,43.17,34.88
698,348811965,-936.04,71.29,483.40,1.95,-117.01,42.74,34.55
699,348817760,-937.50,52.73,489.75,1.95,-118.17,42.74,34.40
700,348821809,-944.82,39.06,495.61,2.20,-119.70,43.72,34.88
701,348825859,-950.20,36.62,494.63,2.50,-121.16,45.12,34.50
702,348829916,-945.31,44.92,494.14,2.80,-122.80,46.46,34.50
703,348833965,-949.22,53.71,499.51,2.99,-124.82,47.44,34.64
704,348839760,-949.22,57.62,504.39,2.93,-126.59,48.35,34.50
705,348843809,-943.36,67.87,517.09,2.80,-128.90,48.48,34.40
706,348847859,-936.04,75.68,523.93,3.05,-130.55,48.29,34.02
707,348851916,-923.83,86.43,528.32,2.99,-132.56,48.17,34.55
708,348857760,-916.02,95.21,529.30,2.62,-134.33,47.38,34.40
709,348861809,-905.76,107.42,539.55,2.44,-136.77,46.52,34.64
710,348865859,-899.41,106.93,543.46,2.32,-138.48,45.37,34.69
711,348869916,-895.02,102.05,552.25,1.95,-139.88,44.27,34.31
712,348873965,-891.60,95.70,553.71,1.65,-142.20,43.35,34.64
713,348879760,-882.81,95.21,561.52,1.71,-144.15,42.87,34.64
714,348883809,-884.77,100.59,559.57,1.95,-146.65,43.11,34.64
715,348887859,-870.12,98.63,566.41,2.13,-148.90,43.17,34.40
716,348891916,-859.86,98.14,566.89,2.07,-150.85,43.35,34.40
717,348895965,-860.35,101.56,570.80,2.13,-152.56,43.78,34.40
718,348901760,-860.84,114.26,571.29,2.26,-155.00,43.72,34.55
719,348905809,-854.49,129.39,574.71,2.50,-157.68,43.96,34.74
720,348909859,-838.87,132.32,577.64,2.68,-160.18,43.78,34.40
721,348913916,-812.50,123.54,588.87,2.44,-162.07,43.84,34.64
722,348917965,-795.90,114.75,605.47,2.26,-164.15,44.39,34.64
723,348923760,-779.30,116.21,616.21,2.44,-166.04,45.49,34.64
724,348927809,-751.46,125.49,630.37,2.01,-167.87,46.83,34.40
725,348931859,-734.86,120.61,638.18,2.26,-169.15,47.26,34.64
726,348935916,-719.73,118.65,652.34,1.83,-170.49,47.87,34.64
727,348939965,-706.54,110.35,666.02,1.59,-171.34,48.48,34.40
728,348945760,-699.71,107.42,679.20,1.59,-172.62,49.39,34.64
729,348949809,-702.15,119.63,686.04,1.16,-173.96,50.79,34.31
730,348953859,-699.22,137.70,682.13,0.61,-174.51,51.52,34.50
731,348957916,-689.94,151.37,683.59,0.00,-175.85,51.59,34.50
732,348961965,-678.22,159.18,685.06,-0.73,-176.77,51.10,34.36
733,348967760,-663.09,163.09,700.68,-1.65,-178.11,50.24,34.36
734,348971809,-651.37,166.50,708.01,-2.62,-179.21,49.15,34.31
735,348975859,-633.79,175.29,713.87,-3.35,-179.88,48.41,34.55
736,348979916,-622.07,172.85,715.82,-4.45,-180.85,47.13,34.40
737,348983965,-604.98,176.27,722.17,-5.55,-181.46,45.73,34.21
738,348989760,-597.66,187.50,727.05,-6.59,-182.50,43.72,34.36
739,348993809,-580.57,197.27,727.54,-7.74,-183.48,41.65,34.64
740,348997859,-560.55,207.52,730.96,-8.84,-184.09,39.76,34.50
741,349001916,-550.29,198.73,732.42,-10.37,-184.94,37.38,34.50
742,349005965,-520.02,185.06,733.89,-11.46,-186.04,35.61,34.40
743,349011760,-498.05,148.93,744.14,-12.07,-186.46,34.39,34.40
744,349015809,-478.03,130.37,753.91,-12.80,-186.83,33.72,34.55
745,349019859,-453.12,125.98,753.42,-12.62,-187.01,34.02,34.40
746,349023916,-448.73,123.05,750.98,-13.35,-187.56,34.45,34.31
747,349027965,-429.20,128.91,750.98,-13.41,-187.44,35.00,34.36
748,349033760,-416.99,137.21,755.86,-13.90,-187.44,35.12,34.64
749,349037809,-407.23,143.55,756.84,-14.45,-187.50,35.24,34.40
750,349041859,-396.00,159.67,764.16,-14.76,-187.62,34.82,34.21
751,349045916,-389.16,166.99,764.16,-15.06,-187.62,34.21,34.50
752,349049965,-375.49,172.36,769.53,-16.22,-187.32,33.29,34.64
753,349055760,-360.35,168.46,780.76,-17.01,-187.20,32.62,34.64
754,349059809,-347.17,149.41,792.97,-17.56,-187.07,31.59,34.50
755,349063859,-343.75,151.37,810.55,-18.29,-187.07,31.10,34.36
756,349067916,-337.89,153.81,812.01,-19.02,-187.01,30.43,34.36
757,349073760,-329.10,174.80,806.64,-19.88,-186.71,29.33,34.69
758,349077809,-316.41,185.55,799.80,-21.40,-187.26,27.50,34.50
759,349081859,-290.04,178.71,799.32,-22.32,-187.26,25.43,34.55
760,349085916,-263.67,160.16,808.11,-23.17,-187.13,24.27,34.40
761,349089965,-244.63,141.60,814.45,-23.84,-187.07,23.17,34.64
762,349095760,-229.98,123.05,827.64,-23.66,-186.83,22.26,34.50
763,349099809,-209.47,131.35,822.27,-24.51,-186.28,21.77,34.64
764,349103859,-190.92,138.18,820.80,-24.82,-186.22,21.22,34.40
765,349107916,-168.95,140.62,815.92,-25.61,-186.16,20.73,34.21
766,349111965,-154.30,138.67,818.85,-25.91,-185.73,19.45,34.55
767,349117760,-138.18,131.35,829.59,-26.59,-185.43,18.66,34.69
768,349121809,-108.40,113.28,828.12,-27.01,-185.00,17.74,34.40
769,349125859,-92.77,113.28,836.43,-27.44,-183.96,17.56,34.40
770,349129916,-87.40,112.30,834.96,-27.32,-183.66,17.74,34.40
771,349133965,-73.24,105.96,835.45,-27.99,-183.60,18.11,34.64
772,349139760,-39.55,99.12,850.10,-28.41,-183.17,18.84,34.69
773,349143809,5.37,88.38,895.02,-30.00,-180.37,19.33,34.50
774,349147859,6.35,77.15,922.36,-30.79,-178.41,19.33,34.64
775,349151916,2.93,87.89,939.45,-32.32,-176.34,18.96,34.64
776,349155965,-3.42,98.63,940.43,-33.84,-174.33,18.48,34.40
777,349161760,-6.35,112.79,942.38,-35.37,-173.05,17.50,34.64
778,349165809,-10.25,123.05,942.38,-37.26,-171.04,15.67,34.21
779,349169859,-6.35,138.18,936.52,-38.60,-170.49,13.90,34.40
780,349173916,8.30,149.90,934.57,-39.94,-169.70,11.10,34.74
781,349177965,20.02,145.51,924.80,-41.22,-168.48,7.93,34.40
782,349183760,39.06,135.74,918.46,-42.20,-167.99,4.45,34.40
783,349187809,58.59,142.58,906.25,-42.68,-167.26,0.98,34.40
784,349191859,85.94,134.28,895.51,-43.23,-166.65,-0.73,34.50
785,349195916,99.61,126.95,890.14,-43.60,-166.40,-2.93,34.50
786,349199965,124.02,111.33,884.28,-43.78,-165.67,-4.63,34.36
787,349205760,139.16,95.70,870.61,-43.54,-165.43,-5.98,34.40
788,349209809,174.32,65.92,857.91,-43.29,-165.30,-6.34,34.55
789,349213859,187.50,49.32,839.84,-42.68,-165.12,-5.91,34.55
790,349217916,199.71,35.64,830.57,-41.89,-165.30,-4.45,34.64
791,349221965,215.82,31.25,824.71,-41.22,-165.18,-2.26,34.31
792,349227760,226.07,26.86,813.48,-40.67,-165.18,0.91,34.74
793,349231809,238.28,30.27,798.83,-39.82,-165.61,5.37,34.31
794,349235859,251.46,49.32,779.30,-39.39,-165.98,8.11,34.50
795,349239916,258.30,62.50,767.58,-39.39,-166.22,11.59,34.74
796,349243965,262.70,69.34,754.39,-39.15,-166.71,14.63,34.50
797,349249760,268.07,85.45,750.00,-39.27,-166.83,16.16,34.40
798,349253809,278.32,101.07,748.54,-39.39,-167.20,16.65,34.36
799,349257859,282.23,109.37,739.75,-39.82,-167.26,16.59,34.50
800,349261916,294.92,109.86,732.91,-40.24,-167.56,16.04,34.64
801,349265965,302.73,109.37,722.17,-40.49,-167.80,15.06,34.40
802,349271760,309.57,122.07,714.36,-41.04,-167.56,13.54,34.50
803,349275809,341.80,157.71,699.71,-42.74,-167.13,11.52,34.64
804,349279859,360.35,165.04,682.62,-44.02,-166.95,10.06,34.21
805,349283916,381.35,152.34,676.76,-44.63,-166.40,7.93,34.36
806,349289760,400.88,125.98,674.32,-45.73,-165.55,6.04,34.31
807,349293809,422.85,90.33,674.32,-46.16,-164.76,5.12,34.55
808,349297859,439.45,62.50,671.39,-46.16,-163.96,5.85,34.69
809,349301916,437.99,56.64,666.50,-46.28,-163.29,6.46,34.02
810,349305965,429.69,48.83,658.20,-46.40,-162.26,8.72,34.50
811,349310015,433.11,51.27,648.44,-46.77,-162.38,11.59,34.50
812,349315760,434.57,42.48,644.53,-46.40,-162.20,14.39,34.50
813,349319809,455.57,17.09,646.00,-47.01,-161.83,18.54,34.55
814,349323859,474.61,-5.37,655.27,-46.65,-161.59,21.16,34.31
815,349327916,478.03,-3.42,654.79,-46.04,-161.10,25.24,34.64
816,349333760,484.37,14.65,647.46,-46.22,-161.10,29.15,34.55
817,349337809,483.40,34.67,634.28,-46.95,-160.73,31.89,34.50
818,349341859,488.28,62.99,626.46,-47.68,-160.37,32.32,34.50
819,349345916,499.51,81.05,632.81,-48.54,-160.24,31.28,34.50
820,349349965,506.35,89.84,639.16,-49.88,-159.82,28.90,34.40
821,349355760,518.07,92.77,645.02,-50.85,-159.15,24.70,34.64
822,349359809,530.76,89.36,649.90,-52.26,-157.99,18.23,34.69
823,349363859,552.73,73.73,648.93,-53.48,-157.13,13.17,34.40
824,349367916,561.04,59.57,639.65,-53.96,-155.98,9.02,34.55
825,349371965,571.78,39.55,629.88,-54.82,-155.43,4.39,34.55
826,349377760,587.89,11.72,625.98,-55.61,-154.33,0.55,34.64
827,349381809,604.49,-29.30,631.84,-55.73,-152.87,-2.68,34.21
828,349385859,618.16,-65.92,638.18,-55.43,-152.07,-3.54,34.64
829,349389916,625.98,-85.94,632.81,-54.88,-150.06,-3.96,34.40
830,349393965,628.91,-96.19,604.00,-54.39,-148.41,-2.68,34.50
831,349399760,633.30,-98.14,549.32,-53.23,-147.26,-0.30,34.40
832,349403809,664.55,-106.93,508.30,-52.38,-145.30,2.20,34.40
833,349407859,688.96,-130.86,489.26,-51.59,-143.60,4.09,34.64
834,349411916,693.36,-155.27,500.98,-49.82,-141.40,6.95,34.64
835,349415965,697.27,-181.15,515.62,-48.11,-138.84,10.06,34.31
836,349421760,702.15,-196.78,524.41,-45.98,-135.67,14.09,34.16
837,349425809,694.34,-190.92,507.32,-43.84,-131.59,18.17,34.40
838,349429859,667.48,-166.99,486.82,-42.68,-129.45,20.30,34.21
839,349433916,643.55,-144.04,470.21,-41.52,-127.07,21.10,34.50
840,349437965,617.19,-109.86,460.45,-41.04,-125.12,19.57,34.21
841,349443760,577.64,-65.43,461.43,-40.37,-122.99,16.04,34.69
842,349447809,474.61,-38.09,470.70,-39.70,-121.59,7.56,34.40
843,349451859,527.83,19.04,491.70,-40.06,-123.23,1.46,34.40
844,349455916,544.43,28.32,500.98,-40.55,-121.28,-7.01,34.31
845,349459965,531.25,19.53,494.63,-40.98,-119.70,-18.11,34.50
846,349465760,546.88,-1.46,526.86,-41.04,-119.09,-29.51,34.83
847,349469809,580.08,-35.16,666.02,-41.40,-120.06,-42.68,34.64
848,349473859,646.48,-149.41,793.95,-42.20,-121.65,-48.96,34.69
849,349477916,683.59,-207.52,854.00,-40.12,-121.40,-52.01,34.40
850,349481965,667.97,-136.72,812.50,-38.23,-120.06,-54.82,34.40
851,349487760,640.14,-73.24,694.34,-38.66,-120.12,-60.67,34.50
852,349491809,650.39,-113.28,586.91,-39.02,-120.91,-66.10,34.40
853,349495859,693.36,-223.63,548.83,-38.72,-121.95,-65.49,34.31
854,349499916,713.38,-309.57,538.09,-37.32,-122.13,-60.30,34.50
855,349503965,729.00,-384.77,541.02,-33.78,-121.34,-51.65,34.40
856,349509760,730.96,-369.63,536.62,-28.84,-120.91,-41.40,34.55
857,349513809,712.89,-257.32,489.26,-24.45,-120.85,-30.61,34.64
858,349517859,691.89,-202.64,440.92,-23.35,-121.40,-25.49,34.64
859,349521916,685.06,-181.15,416.02,-22.13,-122.07,-19.57,34.50
860,349527760,665.04,-177.25,382.81,-19.70,-122.32,-14.51,34.31
861,349531809,628.42,-184.08,351.56,-16.95,-124.21,-7.93,34.50
862,349535859,622.56,-184.57,333.01,-13.72,-125.49,-1.40,34.64
863,349539916,631.35,-161.62,318.85,-11.71,-126.89,4.88,34.40
864,349543965,640.62,-124.02,304.20,-9.45,-128.60,12.56,34.64
865,349549760,666.02,-69.34,284.67,-7.87,-129.76,19.27,34.40
866,349553809,712.89,-7.32,286.62,-6.95,-130.06,25.91,34.55
867,349557859,753.42,28.81,278.32,-6.95,-129.63,28.78,34.64
868,349561916,767.09,66.89,270.02,-6.59,-128.60,30.12,34.40
869,349565965,797.85,91.80,257.81,-7.07,-126.52,30.37,34.74
870,349571760,829.10,80.57,249.51,-8.35,-124.51,29.76,34.40
871,349575809,862.30,55.66,243.16,-8.78,-121.89,30.73,34.50
872,349579859,894.04,41.02,223.14,-9.21,-119.94,33.29,34.21
873,349583916,912.11,24.41,209.96,-9.82,-118.41,35.91,34.69
874,349587965,924.32,21.00,218.75,-9.88,-116.65,39.82,34.40
875,349593760,956.54,23.93,214.84,-10.06,-114.51,44.09,34.50
876,349597809,986.33,27.34,211.91,-10.24,-111.65,49.76,34.21
877,349601859,1025.39,27.83,208.98,-10.73,-109.51,53.66,34.83
878,349605916,1044.92,41.99,195.31,-10.55,-106.95,57.56,34.55
879,349609965,1034.18,50.78,190.43,-10.91,-104.33,61.83,34.88
880,349615760,1029.79,37.11,187.50,-11.22,-101.89,65.55,34.36
881,349619809,1031.74,58.11,180.18,-11.28,-97.68,70.12,34.21
882,349623859,1028.32,80.57,187.50,-11.40,-94.76,72.07,34.64
883,349627916,1001.95,101.07,185.55,-12.01,-91.40,73.17,34.50
884,349631965,943.36,121.09,168.46,-13.05,-88.96,73.29,34.40
885,349637760,906.74,123.05,152.34,-14.02,-86.83,72.62,34.21
886,349641809,909.67,139.16,149.41,-15.30,-85.00,70.24,34.21
887,349645859,942.87,157.71,146.48,-16.65,-83.05,67.01,34.50
888,349649916,976.56,172.36,145.02,-17.99,-80.67,62.01,34.64
889,349653965,1031.25,191.89,145.02,-19.51,-77.93,54.02,34.40
890,349659760,1082.03,198.73,140.14,-21.28,-74.70,45.30,34.31
891,349663809,1137.21,187.50,131.84,-24.02,-70.85,35.18,34.36
892,349667859,1185.06,164.06,131.35,-25.61,-67.80,28.96,34.69
893,349671916,1214.84,138.67,133.30,-27.38,-63.96,22.38,34.50
894,349675965,1252.93,112.30,143.55,-28.84,-60.43,15.79,34.21
895,349681760,1277.83,71.78,147.95,-29.27,-56.04,10.49,34.64
896,349685809,1315.92,81.05,172.85,-30.55,-51.16,3.29,34.50
897,349689859,1316.41,62.01,194.82,-31.46,-47.50,-1.40,34.64
898,349693916,1315.92,41.02,204.59,-32.26,-43.84,-7.44,34.40
899,349697965,1301.76,3.42,215.82,-32.93,-40.24,-12.26,34.21
900,349703760,1275.88,-36.13,213.87,-33.11,-37.56,-15.91,34.64
901,349707809,1240.23,-88.38,210.94,-33.35,-35.00,-18.35,34.50
902,349711859,1173.83,-127.44,212.40,-33.05,-34.45,-18.41,34.50
903,349715916,1061.52,-160.64,199.71,-32.87,-34.70,-15.43,34.40
904,349719965,939.45,-183.11,190.43,-33.05,-36.83,-9.27,34.64
905,349725760,902.83,-172.36,184.08,-32.93,-38.90,-1.95,34.50
906,349729809,928.71,-84.47,164.06,-33.41,-41.22,2.87,34.50
907,349733859,995.12,-10.74,174.80,-34.02,-41.95,0.91,34.31
908,349737916,1040.53,27.34,180.66,-35.06,-42.26,-4.88,34.64
909,349743760,1083.98,14.16,194.34,-36.83,-42.38,-13.48,34.50
910,349747809,1116.21,-38.09,204.59,-38.96,-41.40,-23.72,34.21
911,349751859,1134.77,-94.73,197.75,-40.06,-40.98,-29.45,34.36
912,349755916,1151.37,-132.81,196.78,-40.43,-40.67,-31.83,34.31
913,349759965,1181.64,-147.46,194.82,-40.79,-40.55,-32.87,34.50
914,349765760,1212.89,-139.16,188.96,-40.79,-40.18,-32.93,34.40
915,349769809,1257.81,-115.23,215.82,-42.07,-39.63,-33.29,34.55
916,349773859,1278.32,-103.52,218.26,-42.74,-39.15,-34.51,34.40
917,349777916,1295.90,-113.77,209.47,-43.84,-38.66,-35.61,34.40
918,349781965,1317.87,-139.16,208.98,-44.94,-38.17,-36.52,34.55
919,349787760,1345.21,-168.95,205.08,-45.67,-37.13,-37.01,34.88
920,349791809,1377.93,-219.24,194.82,-45.61,-35.12,-35.06,34.55
921,349795859,1385.25,-257.81,184.57,-44.88,-32.93,-31.77,34.40
922,349799916,1399.90,-288.57,165.04,-43.90,-31.59,-28.17,34.40
923,349803965,1403.81,-295.90,147.46,-42.26,-29.57,-23.17,34.36
924,349809760,1392.09,-314.94,137.70,-40.61,-27.07,-17.80,34.40
925,349813809,1336.43,-333.01,125.49,-38.60,-24.82,-11.34,34.36
926,349817859,1270.02,-354.98,116.21,-37.20,-24.09,-5.85,34.64
927,349821916,1205.57,-366.70,122.56,-35.85,-22.87,1.89,34.50
928,349825965,1162.11,-370.12,116.21,-34.51,-22.44,9.51,34.64
929,349831760,1146.97,-346.19,116.21,-33.35,-21.77,15.91,34.31
930,349835809,1183.11,-313.48,103.52,-32.38,-20.12,19.45,34.31
931,349839859,1229.49,-289.55,104.98,-31.95,-18.23,19.02,34.50
932,349843916,1256.35,-283.69,109.37,-32.32,-14.88,16.16,34.64
933,349847965,1276.37,-282.23,108.89,-32.07,-10.85,12.26,34.02
934,349853760,1282.71,-289.55,109.86,-32.56,-6.46,6.95,34.50
935,349857809,1264.16,-295.90,106.93,-32.80,-1.40,0.55,34.31
936,349861859,1249.02,-291.50,118.65,-33.23,2.01,-4.27,34.40
937,349865916,1236.33,-284.67,120.61,-33.23,5.79,-10.06,34.64
938,349869965,1200.20,-272.95,116.70,-33.90,10.12,-16.46,34.31
939,349875760,1171.88,-268.07,111.33,-34.27,12.93,-22.68,34.21
940,349879809,1156.74,-273.44,120.61,-34.02,16.10,-29.51,34.50
941,349883859,1129.88,-256.35,99.61,-33.60,17.99,-33.48,34.64
942,349887916,1109.38,-247.56,87.89,-32.26,19.88,-38.48,34.31
943,349891965,1064.94,-243.65,79.10,-30.55,20.98,-42.99,34.74
944,349897760,1025.39,-238.77,66.41,-28.35,21.40,-46.83,34.36
945,349901809,1004.88,-237.30,60.06,-25.18,21.22,-49.39,34.55
946,349905859,1013.18,-234.86,63.48,-23.05,20.49,-50.79,34.31
947,349909916,1005.37,-223.14,63.96,-19.88,19.63,-51.34,34.40
948,349913965,1011.72,-211.43,63.48,-16.83,18.54,-50.12,34.50
949,349919760,996.09,-213.87,67.38,-14.51,16.77,-47.20,34.50
950,349923809,970.21,-221.68,69.34,-11.22,13.90,-40.18,34.50
951,349927859,947.27,-226.07,70.31,-9.33,11.77,-33.72,34.21
952,349931916,940.43,-207.52,66.89,-6.65,9.33,-25.06,34.55
953,349935965,949.71,-171.87,79.10,-4.15,7.38,-17.80,34.64
954,349941760,948.24,-134.77,83.50,-2.80,5.98,-12.50,34.40
955,349945809,973.63,-94.24,83.98,-1.77,3.96,-8.11,34.40
956,349949859,977.05,-67.38,84.96,-1.59,2.32,-6.46,34.31
957,349953916,970.21,-63.96,76.17,-1.65,0.91,-5.30,34.55
958,349959760,963.38,-63.96,74.71,-2.01,-1.40,-4.45,34.40
959,349963809,966.31,-58.59,66.41,-2.13,-3.23,-4.02,34.64
960,349967859,976.56,-50.78,70.80,-2.50,-4.82,-4.82,34.40
961,349971916,970.70,-45.41,71.78,-3.35,-6.10,-5.30,34.31
962,349975965,975.10,-48.34,79.59,-4.09,-7.80,-6.34,34.50
963,349980015,973.14,-58.59,74.71,-4.70,-9.39,-7.07,34.36
964,349985760,979.49,-76.66,77.15,-5.43,-11.04,-7.01,34.40
965,349989809,993.65,-104.00,82.03,-5.61,-12.93,-5.55,34.93
966,349993859,1001.46,-118.65,81.54,-5.55,-14.15,-4.02,34.50
967,349997916,992.19,-112.30,78.12,-5.12,-15.49,-1.28,34.12
968,350003760,984.86,-111.33,85.94,-4.45,-17.01,1.10,34.50
969,350007809,982.91,-109.37,90.82,-4.39,-18.90,3.78,34.40
970,350011859,1005.37,-123.05,81.54,-3.96,-20.55,6.40,34.21
971,350015916,1059.08,-118.65,83.50,-3.29,-21.22,8.17,34.50
972,350019965,1101.07,-126.95,80.08,-2.68,-21.46,10.49,34.69
973,350025760,1147.46,-127.93,91.31,-2.20,-21.28,12.20,34.64
974,350029809,1185.06,-131.35,106.45,-1.83,-19.94,14.09,34.36
975,350033859,1203.12,-121.58,102.54,-1.46,-18.72,15.30,34.55
976,350037916,1223.14,-109.37,97.17,-1.71,-17.68,16.16,34.40
977,350041965,1239.75,-102.54,91.80,-1.83,-15.98,16.34,34.50
978,350047760,1243.65,-103.03,80.57,-1.89,-13.96,16.22,34.31
979,350051809,1254.88,-109.37,68.36,-2.07,-11.59,15.12,34.21
980,350055859,1263.67,-116.21,65.43,-2.20,-10.18,14.70,34.50
981,350059916,1275.88,-131.35,66.41,-2.38,-7.80,14.15,34.40
982,350063965,1279.30,-145.51,58.59,-2.07,-5.43,14.02,34.50
983,350069760,1282.71,-146.48,44.43,-2.80,-3.48,14.09,34.36
984,350073809,1264.65,-148.44,45.41,-2.87,-0.67,13.35,34.31
985,350077859,1258.79,-147.95,56.64,-2.80,1.16,12.68,34.31
986,350081916,1257.32,-156.25,69.34,-3.05,2.93,11.28,34.36
987,350085965,1262.70,-166.02,73.73,-3.29,4.76,9.51,34.31
988,350091760,1268.07,-172.36,72.27,-3.17,6.65,7.13,34.31
989,350095809,1269.53,-176.27,74.71,-3.35,9.70,3.96,34.31
990,350099859,1263.18,-167.97,88.38,-3.05,12.13,1.22,34.64
991,350103916,1246.09,-167.97,88.38,-3.11,14.21,-2.50,34.64
992,350107965,1239.26,-175.29,81.05,-2.87,16.16,-6.52,34.12
993,350113760,1223.14,-185.55,80.08,-2.13,17.93,-9.76,34.31
994,350117809,1221.19,-204.59,82.03,-1.65,19.63,-12.44,34.50
995,350121859,1224.12,-216.80,85.94,-1.28,20.30,-13.54,34.50
996,350125916,1243.65,-226.07,87.89,-0.85,21.46,-14.09,34.40
997,350129965,1254.88,-233.40,92.29,-0.49,22.13,-13.90,34.36
998,350135760,1259.77,-227.05,96.68,0.18,22.99,-12.80,34.36
999,350139809,1261.72,-222.66,114.26,0.18,23.78,-10.85,34.40
1000,350143859,1259.28,-224.12,108.89,0.00,23.84,-9.33,34.50
1001,350147916,1254.39,-236.82,113.28,0.18,24.02,-6.65,34.64
1002,350151965,1250.49,-246.58,104.98,0.55,24.02,-2.99,34.31
1003,350157760,1233.89,-249.02,97.17,0.98,24.02,1.10,34.50
1004,350161809,1215.82,-248.05,94.24,1.52,24.15,5.49,34.55
1005,350165859,1198.73,-252.93,94.24,2.38,24.09,8.72,34.55
1006,350169916,1196.29,-260.25,95.70,3.11,23.72,12.20,34.40
1007,350173965,1204.59,-269.04,99.61,3.84,23.66,16.40,34.40
1008,350179760,1207.03,-272.46,107.42,5.24,23.35,20.49,34.55
1009,350183809,1229.49,-262.21,121.09,5.98,23.54,24.57,34.50
1010,350187859,1226.56,-256.84,137.70,6.77,23.72,27.20,34.31
1011,350191916,1228.52,-248.54,138.18,7.26,24.15,29.02,34.21
1012,350197760,1224.12,-237.30,149.41,7.93,24.39,30.18,34.50
1013,350201809,1215.33,-236.82,148.44,9.15,25.12,30.12,34.64
1014,350205859,1226.56,-237.79,147.95,9.94,25.98,29.88,34.40
1015,350209916,1236.82,-229.00,149.90,10.37,27.07,28.72,34.36
1016,350213965,1245.12,-229.00,143.55,11.04,27.80,27.26,34.55
1017,350219760,1263.67,-221.68,138.18,11.95,29.33,24.70,34.31
1018,350223809,1265.14,-216.31,129.88,12.50,31.16,20.61,34.64
1019,350227859,1285.16,-211.91,133.30,12.74,33.05,16.95,34.50
1020,350231916,1290.53,-208.50,131.84,13.41,34.21,13.90,34.16
1021,350235965,1296.87,-215.33,136.72,14.39,36.22,10.24,34.50
1022,350241760,1310.55,-211.91,132.81,14.82,38.23,6.16,34.50
1023,350245809,1292.97,-200.20,122.07,15.79,41.59,1.83,34.40
1024,350249859,1274.90,-187.99,117.68,16.40,44.15,-1.89,34.64
1025,350253916,1251.95,-184.08,125.98,16.95,46.34,-4.70,34.36
1026,350257965,1239.75,-177.25,132.32,17.38,48.17,-7.01,34.88
1027,350263760,1227.54,-177.73,130.86,18.05,50.24,-9.76,34.64
1028,350267809,1215.82,-169.43,120.12,18.35,52.56,-11.83,34.40
1029,350271859,1214.36,-165.53,119.63,18.72,54.39,-13.35,34.64
1030,350275916,1215.33,-165.53,115.23,19.33,56.22,-14.33,34.31
1031,350279965,1210.94,-177.73,113.77,19.70,58.29,-15.12,34.31
1032,350285760,1204.59,-187.99,112.30,20.73,60.37,-14.94,34.31
1033,350289809,1200.68,-206.05,109.37,22.07,62.38,-12.87,34.40
1034,350293859,1198.73,-222.66,104.98,23.23,63.54,-10.24,34.36
1035,350297916,1203.12,-224.61,102.54,24.51,64.88,-5.85,34.40
1036,350301965,1222.17,-228.52,100.10,26.04,65.91,-0.55,34.40
1037,350307760,1220.70,-229.98,98.14,27.80,66.65,4.70,34.36
1038,350311809,1221.19,-229.00,105.47,29.94,67.50,11.22,34.31
1039,350315859,1228.03,-229.49,115.23,31.40,68.35,14.88,34.55
1040,350319916,1226.07,-229.00,116.70,33.11,69.51,19.57,34.74
1041,350323965,1216.31,-231.93,119.14,35.12,70.85,23.72,34.21
1042,350329760,1219.73,-236.33,118.65,37.26,71.95,27.50,34.31
1043,350333809,1221.68,-237.30,115.23,39.76,74.63,31.34,34.40
1044,350337859,1215.33,-220.70,121.58,41.28,76.22,32.50,34.55
1045,350341916,1208.01,-204.10,122.56,43.48,78.90,32.56,34.64
1046,350345965,1190.92,-166.02,127.44,44.94,81.71,30.00,34.31
1047,350351760,1186.04,-142.58,147.46,46.10,84.88,25.18,34.40
1048,350355809,1176.76,-117.19,158.69,46.95,89.09,16.28,34.36
1049,350359859,1158.69,-101.56,167.97,47.20,92.32,9.39,34.50
1050,350363916,1149.41,-87.40,172.36,47.62,96.16,-0.37,34.40
1051,350367965,1146.00,-85.45,171.87,47.44,100.67,-9.76,34.55
1052,350373760,1135.74,-97.17,181.15,47.50,105.18,-18.78,34.50
1053,350377809,1125.98,-105.96,183.11,47.07,110.49,-27.93,34.31
1054,350381859,1120.12,-128.42,196.29,47.44,114.02,-32.50,34.21
1055,350385916,1121.58,-139.16,199.71,47.44,117.99,-36.83,34.74
1056,350389965,1109.38,-158.20,190.92,47.38,122.07,-38.96,34.40
1057,350395760,1089.84,-171.39,196.29,47.93,125.30,-38.48,34.40
1058,350399809,1063.96,-182.62,201.17,48.72,128.35,-35.67,34.55
1059,350403859,1044.92,-189.45,200.68,49.27,130.18,-32.62,34.31
1060,350407916,1026.86,-187.01,199.22,50.00,132.07,-28.29,34.40
1061,350413760,1013.18,-184.57,213.38,51.28,133.66,-23.66,34.50
1062,350417809,1009.28,-175.29,229.49,52.32,136.04,-18.17,34.36
1063,350421859,1001.95,-171.39,239.75,52.93,137.68,-12.68,34.64
1064,350425916,987.30,-158.69,252.93,53.60,138.84,-8.35,34.36
1065,350429965,972.66,-147.95,263.18,54.39,140.37,-3.54,34.50
1066,350435760,974.61,-134.77,278.81,55.12,141.89,0.79,34.64
1067,350439809,974.61,-102.54,307.13,55.55,144.09,3.90,34.55
1068,350443859,979.98,-80.57,316.89,55.61,146.22,4.76,34.40
1069,350447916,986.82,-54.20,330.57,55.37,148.35,3.78,34.40
1070,350451965,991.70,-41.50,332.03,55.12,150.91,1.16,34.55
1071,350457760,986.82,-21.97,340.82,54.21,154.02,-2.99,34.64
1072,350461809,963.38,7.81,356.93,53.17,156.46,-10.43,34.31
1073,350465859,939.94,26.37,368.16,51.65,158.60,-17.50,34.50
1074,350469916,908.69,40.04,377.44,49.94,160.24,-23.48,34.64
1075,350473965,885.25,47.36,386.23,48.11,161.83,-31.04,34.88
1076,350479760,869.14,46.87,389.65,46.22,163.35,-37.62,34.50
1077,350483809,854.49,40.53,400.39,44.15,164.70,-44.70,34.50
1078,350487859,838.38,28.81,397.46,42.74,165.61,-48.29,34.50
1079,350491916,820.31,19.53,410.16,41.46,166.34,-51.52,34.64
1080,350495965,816.41,1.95,414.55,40.18,167.26,-51.83,34.50
1081,350501760,799.32,-11.72,412.11,39.57,168.23,-50.12,34.31
1082,350505809,768.55,-13.18,416.99,38.90,168.84,-45.30,34.31
1083,350509859,742.19,-13.67,432.13,38.35,168.48,-41.16,34.64
1084,350513916,747.07,0.98,450.68,38.29,168.23,-35.79,34.50
1085,350517965,729.98,23.93,472.17,37.87,168.72,-30.98,34.40
1086,350523760,736.33,51.76,495.12,37.56,168.66,-27.74,34.50
1087,350527809,737.30,73.24,474.12,37.01,169.63,-25.55,34.36
1088,350531859,734.86,82.52,448.24,36.77,170.24,-24.63,34.40
1089,350535916,732.42,77.15,449.22,36.22,171.16,-23.17,34.64
1090,350539965,720.70,56.15,474.12,35.67,171.77,-20.73,34.31
1091,350545760,717.29,33.20,523.93,35.61,172.68,-17.50,34.31
1092,350549809,714.36,22.95,589.36,35.85,174.63,-11.95,34.64
1093,350553859,698.73,52.73,609.38,35.12,175.24,-9.45,34.50
1094,350557916,680.18,97.17,596.19,33.84,176.04,-8.05,34.36
1095,350561965,650.88,147.95,574.71,31.28,177.26,-10.12,34.31
1096,350567760,613.28,191.41,568.36,27.68,178.23,-15.49,34.64
1097,350571809,598.63,201.17,584.96,23.96,178.78,-24.82,34.50
1098,350575859,593.26,169.92,611.33,21.71,179.33,-31.46,34.50
1099,350579916,588.38,134.28,617.68,20.49,180.06,-38.54,34.55
1100,350583965,579.59,87.89,623.05,19.21,180.67,-42.80,34.21
1101,350589760,554.69,64.45,622.07,18.35,180.85,-43.60,34.36
1102,350593809,542.48,51.76,612.79,16.83,180.91,-41.16,34.50
1103,350597859,521.00,57.62,617.68,15.91,180.98,-38.11,34.40
1104,350601916,509.28,65.92,618.65,14.51,180.43,-34.02,34.40
1105,350605965,489.26,89.84,623.54,13.23,180.37,-30.00,34.36
1106,350611760,487.30,95.70,632.81,12.01,180.30,-27.07,34.50
1107,350615809,466.80,116.21,650.88,11.10,180.43,-24.76,34.64
1108,350619859,465.33,133.79,660.64,10.37,180.79,-23.96,34.21
1109,350623916,454.59,115.72,659.18,8.84,181.22,-23.90,34.64
1110,350629760,459.47,103.52,661.13,7.80,181.95,-23.35,34.40
1111,350633809,455.57,77.15,662.60,6.40,183.72,-22.01,34.64
1112,350637859,434.08,66.41,657.23,5.98,184.21,-20.49,34.50
1113,350641916,426.27,71.29,656.74,5.18,184.82,-19.94,34.21
1114,350645965,418.95,80.08,657.23,4.15,185.06,-18.48,34.64
1115,350650015,417.48,77.64,660.64,3.66,186.10,-17.93,34.69
1116,350655760,404.30,76.66,657.71,2.74,186.83,-17.99,34.40
1117,350659809,368.65,97.66,661.13,1.40,186.95,-18.11,34.50
1118,350663859,347.66,106.45,664.55,0.49,186.83,-19.02,34.40
1119,350667916,323.24,113.28,660.64,-0.55,186.40,-20.00,34.40
1120,350673760,294.92,112.30,665.04,-1.65,185.67,-21.34,34.50
1121,350677809,263.67,113.28,667.48,-2.87,184.76,-22.50,34.36
1122,350681859,240.72,107.91,668.95,-3.60,183.90,-23.23,34.50
1123,350685916,222.66,117.68,664.06,-4.45,182.87,-23.41,34.31
1124,350689965,213.87,108.40,672.85,-5.12,181.22,-23.29,34.40
1125,350695760,208.98,106.45,685.55,-6.10,180.61,-22.32,34.31
1126,350699809,229.49,107.42,696.29,-6.65,180.00,-21.77,34.40
1127,350703859,246.09,95.21,702.64,-7.44,180.73,-21.40,34.50
1128,350707916,240.23,86.91,700.68,-7.74,181.16,-20.79,34.50
1129,350711965,245.12,76.66,707.52,-7.93,181.83,-19.94,34.64
1130,350717760,236.82,79.59,703.61,-8.66,182.62,-19.88,34.40
1131,350721809,224.61,83.50,699.22,-9.94,183.78,-18.96,34.21
1132,350725859,203.12,77.15,699.71,-11.10,184.27,-18.35,34.31
1133,350729916,198.73,74.22,714.36,-12.01,184.76,-17.01,34.40
1134,350733965,187.50,88.87,713.38,-12.99,185.43,-16.95,34.50
1135,350739760,187.99,106.93,713.87,-14.09,186.34,-17.13,34.31
1136,350743809,184.08,110.84,714.84,-15.55,187.87,-18.23,34.21
1137,350747859,169.92,108.89,703.61,-16.16,188.96,-18.48,34.50
1138,350751916,143.07,98.14,684.57,-16.95,189.57,-18.29,34.50
1139,350755965,125.98,88.38,700.68,-17.56,188.84,-17.26,34.12
1140,350761760,119.63,97.66,723.14,-17.74,189.02,-16.22,34.40
1141,350765809,78.61,117.68,726.07,-18.72,188.90,-16.10,34.40
1142,350769859,47.36,130.86,728.03,-19.57,188.96,-15.98,34.40
1143,350773916,29.30,141.60,722.66,-20.30,188.78,-17.01,34.55
1144,350777965,11.23,144.04,718.26,-20.79,188.48,-18.23,34.31
1145,350783760,6.35,137.21,724.61,-21.95,188.66,-19.33,34.64
1146,350787809,-3.42,105.47,725.10,-22.62,189.51,-19.57,34.64
1147,350791859,0.49,63.48,729.98,-22.87,189.33,-18.78,34.50
1148,350795916,9.77,45.41,739.75,-23.23,189.82,-17.07,34.69
1149,350799965,3.91,23.44,732.91,-23.17,190.73,-14.27,34.50
1150,350805760,-6.35,19.04,723.63,-22.80,191.71,-11.28,34.64
1151,350809809,-25.88,23.93,721.19,-22.62,192.44,-7.93,34.55
1152,350813859,-44.43,34.67,717.29,-22.44,193.29,-7.13,34.55
1153,350817916,-60.55,35.64,716.31,-22.74,193.90,-5.91,34.64
1154,350821965,-83.50,40.04,703.12,-22.68,194.70,-5.37,34.64
1155,350827760,-94.24,58.59,714.84,-22.62,195.49,-5.67,34.50
1156,350831809,-120.61,90.33,708.98,-23.48,196.83,-7.74,34.36
1157,350835859,-157.23,90.82,705.08,-24.09,197.74,-9.76,34.31
1158,350839916,-168.95,85.94,708.01,-24.45,198.23,-11.89,34.64
1159,350843965,-173.34,83.01,724.12,-24.76,199.45,-14.27,34.40
1160,350849760,-189.45,73.73,714.84,-24.45,200.73,-16.52,34.31
1161,350853809,-226.07,66.41,697.75,-25.30,201.40,-18.35,34.50
1162,350857859,-263.18,46.39,686.52,-26.04,201.65,-18.84,34.21
1163,350861916,-277.83,27.83,680.18,-26.34,201.83,-18.48,34.55
1164,350867760,-301.27,27.34,680.18,-26.10,202.13,-17.74,34.31
1165,350871809,-325.20,47.85,667.48,-26.52,202.07,-16.77,34.40
1166,350875859,-345.21,64.45,664.06,-27.20,201.65,-16.46,34.55
1167,350879916,-367.19,92.29,644.53,-28.11,201.46,-16.95,34.16
1168,350883965,-390.14,102.54,635.74,-29.33,201.34,-17.68,34.74
1169,350889760,-424.32,108.89,639.16,-30.73,201.16,-19.70,34.55
1170,350893809,-468.75,103.03,637.70,-32.01,201.22,-23.23,34.50
1171,350897859,-509.77,102.05,628.91,-32.87,200.67,-26.89,34.40
1172,350901916,-549.80,95.21,611.82,-34.02,200.12,-29.57,34.36
1173,350905965,-569.82,62.50,607.42,-34.88,199.33,-32.50,34.64
1174,350911760,-583.98,24.41,603.52,-35.91,198.17,-34.39,34.74
1175,350915809,-614.75,-9.77,591.80,-36.46,196.71,-36.52,34.36
1176,350919859,-641.11,-32.23,576.66,-37.38,195.43,-36.77,34.50
1177,350923916,-656.25,-48.34,578.12,-37.93,194.09,-36.52,34.55
1178,350927965,-661.62,-59.08,581.54,-38.84,192.87,-35.43,34.50
1179,350933760,-647.95,-77.64,593.75,-39.27,192.13,-33.96,34.50
1180,350937809,-624.51,-90.33,586.43,-39.88,190.91,-32.62,34.36
1181,350941859,-620.12,-95.70,580.08,-39.94,190.06,-31.59,34.50
1182,350945916,-609.86,-117.68,579.10,-39.94,189.33,-29.88,34.40
1183,350949965,-605.96,-132.81,573.24,-39.57,188.66,-27.62,34.83
1184,350955760,-607.42,-148.93,570.31,-39.39,187.99,-25.12,34.40
1185,350959809,-608.40,-158.69,560.06,-38.48,187.44,-21.89,34.31
1186,350963859,-619.63,-156.74,560.06,-37.68,187.01,-19.88,34.64
1187,350967916,-628.91,-158.69,556.64,-37.32,186.22,-17.93,34.55
1188,350971965,-655.76,-148.44,557.62,-36.65,185.43,-16.71,34.21
1189,350977760,-690.92,-137.21,557.13,-35.85,184.51,-16.65,34.36
1190,350981809,-755.86,-116.70,538.57,-35.30,183.11,-17.99,34.50
1191,350985859,-801.76,-109.86,532.23,-34.70,181.34,-19.88,34.36
1192,350989916,-824.71,-96.68,524.90,-33.84,179.39,-23.72,34.40
1193,350993965,-861.33,-106.93,508.79,-33.11,177.13,-27.38,34.21
1194,350999760,-871.09,-119.14,498.54,-32.32,174.63,-30.91,34.64
1195,351003809,-870.61,-137.21,490.72,-30.79,172.07,-34.70,34.40
1196,351007859,-867.68,-163.09,481.45,-30.24,170.24,-36.22,34.64
1197,351011916,-859.37,-179.20,474.12,-29.27,168.05,-37.93,34.31
1198,351015965,-859.86,-201.17,459.96,-28.35,165.85,-37.80,34.55
1199,351021760,-860.35,-218.26,450.20,-27.87,163.84,-36.10,34.55
1200,351025809,-852.54,-241.21,438.96,-27.07,161.65,-31.52,34.50
1201,351029859,-854.00,-231.45,427.25,-26.46,160.61,-27.50,34.50
1202,351033916,-854.00,-215.33,428.71,-26.22,158.72,-23.23,34.40
1203,351037965,-865.72,-191.41,416.50,-25.85,157.56,-19.57,34.36
1204,351043760,-873.05,-174.80,404.79,-25.79,156.22,-16.83,34.40
1205,351047809,-892.09,-166.50,399.90,-25.79,155.18,-14.39,34.36
1206,351051859,-907.23,-157.23,401.37,-25.98,154.63,-13.29,34.21
1207,351055916,-912.11,-163.09,402.34,-25.67,153.17,-12.50,34.31
1208,351059965,-915.04,-163.09,395.51,-25.30,151.83,-11.46,34.31
1209,351065760,-916.99,-167.97,397.95,-25.06,150.18,-10.37,34.40
1210,351069809,-921.39,-160.64,397.46,-24.82,149.09,-9.94,34.40
1211,351073859,-921.39,-164.06,391.60,-24.09,148.05,-10.37,34.31
1212,351077916,-921.39,-162.60,384.77,-23.23,147.20,-11.83,34.50
1213,351083760,-932.62,-172.85,377.44,-22.32,146.22,-14.15,34.69
1214,351087809,-929.20,-185.55,369.14,-21.59,144.63,-16.52,34.40
1215,351091859,-922.85,-197.75,357.91,-20.79,143.66,-17.50,34.64
1216,351095916,-932.13,-199.71,336.91,-20.18,142.80,-18.84,34.40
1217,351099965,-928.22,-190.43,330.57,-19.76,141.52,-20.30,34.50
1218,351105760,-937.50,-184.08,318.85,-18.90,140.67,-22.38,34.40
1219,351109809,-948.24,-183.11,307.13,-18.48,138.78,-25.00,34.40
1220,351113859,-956.05,-189.45,304.69,-18.11,137.62,-27.01,34.36
1221,351117916,-969.24,-189.94,304.20,-17.93,136.77,-28.05,34.21
1222,351121965,-980.96,-182.13,293.46,-17.74,135.37,-29.88,34.36
1223,351127760,-993.16,-176.76,287.11,-17.68,133.96,-31.52,34.40
1224,351131809,-1012.21,-193.36,280.76,-17.74,132.07,-33.90,34.50
1225,351135859,-1030.27,-216.31,271.48,-17.68,130.30,-34.82,34.40
1226,351139916,-1034.67,-238.28,260.74,-16.95,128.72,-34.70,34.50
1227,351143965,-1036.13,-253.42,255.37,-16.40,126.52,-33.54,34.64
1228,351149760,-1042.48,-277.34,245.61,-15.24,124.76,-31.22,34.69
1229,351153809,-1042.97,-285.64,235.35,-13.48,121.65,-28.17,34.02
1230,351157859,-1046.88,-293.95,236.82,-12.20,120.06,-26.16,34.40
1231,351161916,-1055.66,-303.22,229.98,-10.18,118.11,-23.48,34.64
1232,351165965,-1048.34,-302.73,220.70,-8.66,115.98,-20.73,34.40
1233,351171760,-1062.50,-297.36,211.43,-6.89,113.96,-18.05,34.31
1234,351175809,-1058.59,-297.36,196.29,-5.00,110.98,-15.79,34.50
1235,351179859,-1082.03,-300.29,190.43,-3.54,109.33,-14.02,34.31
1236,351183916,-1095.70,-298.83,184.08,-1.95,106.71,-11.89,34.64
1237,351187965,-1103.52,-291.02,182.13,-0.49,104.45,-10.55,34.40
1238,351193760,-1121.58,-269.04,180.18,0.98,101.95,-10.37,34.21
1239,351197809,-1124.02,-238.77,174.80,2.26,99.15,-12.44,34.50
1240,351201859,-1129.88,-228.03,168.46,2.87,97.20,-15.37,34.40
1241,351205916,-1133.30,-229.98,166.50,3.11,94.70,-19.15,34.55
1242,351209965,-1132.32,-242.19,157.23,3.17,92.26,-22.44,34.36
1243,351215760,-1138.18,-258.79,155.76,3.84,90.06,-24.57,34.21
1244,351219809,-1149.90,-276.37,153.81,4.33,86.65,-24.88,34.64
1245,351223859,-1141.60,-283.20,156.25,4.63,84.45,-24.63,34.55
1246,351227916,-1137.21,-282.71,162.60,5.55,81.95,-23.60,34.64
1247,351231965,-1133.79,-287.11,161.62,5.98,79.45,-22.38,34.40
1248,351237760,-1126.95,-303.71,159.18,6.71,77.38,-20.00,34.40
1249,351241809,-1113.28,-322.75,163.09,7.99,74.76,-15.30,34.50
1250,351245859,-1103.52,-329.59,165.04,9.15,72.99,-11.77,34.40
1251,351249916,-1093.75,-327.64,162.60,10.37,70.85,-6.83,34.55
1252,351253965,-1073.73,-305.66,163.57,11.46,68.90,-2.13,34.50
1253,351259760,-1050.78,-282.71,167.97,12.01,67.62,2.26,34.36
1254,351263809,-1034.18,-268.55,164.06,12.38,66.34,6.52,34.36
1255,351267859,-1017.09,-246.09,161.62,12.50,65.67,8.72,34.36
1256,351271916,-1015.14,-247.56,158.20,12.93,64.88,11.40,34.64
1257,351275965,-1016.11,-239.75,156.25,13.17,64.15,13.41,34.64
1258,351281760,-1019.04,-233.89,151.37,12.93,63.48,15.24,34.55
1259,351285809,-1011.23,-212.89,142.09,12.13,62.68,16.89,34.55
1260,351289859,-1022.46,-198.24,139.16,11.77,62.07,17.50,34.31
1261,351293916,-1020.51,-175.78,129.39,11.04,61.10,15.85,34.55
1262,351299760,-1008.30,-145.51,126.95,9.88,60.61,12.80,34.40
1263,351303809,-1006.35,-124.02,122.56,8.35,60.18,7.99,34.40
1264,351307859,-1017.09,-113.28,124.02,6.65,59.70,4.02,34.36
1265,351311916,-1032.23,-110.84,126.95,5.43,58.84,0.85,34.21
1266,351315965,-1036.62,-105.47,125.49,3.84,58.29,-3.11,34.50
1267,351321760,-1045.90,-109.37,125.49,2.38,57.93,-7.32,34.40
1268,351325809,-1053.22,-122.56,121.09,0.49,57.68,-10.73,34.40
1269,351329859,-1055.66,-139.65,112.79,-0.61,56.52,-12.26,34.31
1270,351333916,-1063.96,-156.74,114.26,-1.10,56.22,-12.68,34.31
1271,351337965,-1062.99,-162.11,115.23,-1.83,54.94,-11.77,34.64
1272,351343760,-1053.71,-178.71,109.86,-2.32,54.39,-10.24,34.36
1273,351347809,-1057.62,-180.66,104.00,-3.05,53.11,-7.99,34.50
1274,351351859,-1062.99,-183.11,96.19,-3.17,52.56,-5.98,34.55
1275,351355916,-1079.59,-197.75,98.14,-3.23,52.01,-4.57,34.50
1276,351359965,-1083.01,-209.47,89.84,-3.17,50.24,-1.89,34.64
1277,351365760,-1094.24,-213.87,86.91,-2.87,49.09,0.55,34.50
1278,351369809,-1104.00,-218.26,78.61,-2.68,46.65,4.70,34.36
1279,351373859,-1118.65,-218.75,77.64,-2.56,45.24,6.83,34.50
1280,351377916,-1124.51,-216.31,67.38,-2.38,43.60,9.45,34.50
1281,351381965,-1127.44,-212.40,57.62,-2.26,41.65,11.40,34.55
1282,351387760,-1141.60,-215.33,60.06,-2.01,39.94,12.99,34.36
1283,351391809,-1154.30,-215.82,51.76,-1.95,37.74,14.63,34.36
1284,351395859,-1161.62,-206.54,47.36,-2.07,36.34,15.85,34.64
1285,351399916,-1167.48,-200.20,41.99,-1.95,33.90,16.34,34.55
1286,351403965,-1166.02,-185.55,39.55,-2.20,32.20,16.22,34.36
1287,351409760,-1167.97,-180.18,34.67,-2.32,30.49,15.06,34.21
1288,351413809,-1168.46,-170.90,33.20,-2.32,27.68,12.99,34.21
1289,351417859,-1176.76,-169.43,31.74,-2.80,26.10,11.46,34.64
1290,351421916,-1180.18,-165.04,31.25,-2.93,24.27,9.21,34.50
1291,351425965,-1174.32,-162.11,31.25,-3.54,22.26,7.32,34.40
1292,351431760,-1171.88,-155.76,35.16,-4.02,19.94,5.00,34.50
1293,351435809,-1167.97,-173.83,31.25,-4.45,17.74,2.38,34.40
1294,351439859,-1166.99,-188.48,23.44,-4.57,16.10,1.46,34.40
1295,351443916,-1165.53,-206.05,19.04,-4.70,14.02,1.04,34.40
1296,351447965,-1165.53,-227.05,13.67,-4.94,11.71,1.83,34.40
1297,351453760,-1163.09,-236.33,13.18,-4.76,9.45,3.29,34.64
1298,351457809,-1169.92,-251.46,9.77,-4.33,6.59,5.61,34.55
1299,351461859,-1166.50,-253.91,7.81,-3.96,4.76,7.01,34.74
1300,351465916,-1168.95,-250.98,7.32,-3.72,2.20,9.27,34.69
1301,351469965,-1176.27,-261.23,7.32,-3.17,-0.06,11.52,34.69
1302,351475760,-1180.18,-268.55,3.42,-2.87,-2.38,13.72,34.36
1303,351479809,-1183.11,-262.70,5.37,-2.20,-5.12,16.34,34.50
1304,351483859,-1183.59,-258.30,5.86,-1.65,-7.01,17.87,34.55
1305,351487916,-1181.15,-250.00,6.35,-1.59,-8.96,18.96,34.50
1306,351491965,-1175.29,-247.07,9.77,-1.10,-11.22,19.82,34.50
1307,351497760,-1171.88,-245.61,6.35,-0.61,-12.99,20.37,34.50
1308,351501809,-1176.76,-248.54,9.77,0.30,-15.24,20.79,34.50
1309,351505859,-1178.22,-252.93,10.74,0.73,-17.13,21.04,34.31
1310,351509916,-1179.69,-248.54,13.18,1.28,-19.02,21.52,34.50
1311,351513965,-1179.69,-250.98,13.67,2.07,-20.98,22.13,34.50
1312,351519760,-1184.08,-251.46,17.58,2.74,-23.23,22.56,34.50
1313,351523809,-1173.34,-259.28,21.48,3.72,-25.55,23.23,34.40
1314,351527859,-1177.73,-266.11,23.44,4.39,-27.13,24.02,34.31
1315,351531916,-1180.18,-266.60,23.93,5.06,-29.63,25.30,34.64
1316,351537760,-1181.15,-262.70,21.48,6.16,-31.83,26.89,34.69
1317,351541809,-1173.34,-256.84,22.95,6.95,-34.45,28.66,34.40
1318,351545859,-1175.78,-248.05,22.95,7.93,-36.65,30.00,34.40
1319,351549916,-1177.73,-248.05,23.44,8.60,-38.41,30.61,34.36
1320,351553965,-1179.20,-243.16,25.39,9.39,-40.73,31.16,34.50
1321,351559760,-1180.66,-246.09,26.37,10.37,-42.87,32.01,34.40
1322,351563809,-1183.11,-257.32,25.88,11.59,-45.67,32.56,34.55
1323,351567859,-1183.11,-256.84,24.41,12.62,-48.35,33.72,34.55
1324,351571916,-1184.57,-250.98,27.83,13.35,-50.55,34.45,34.50
1325,351575965,-1190.92,-247.56,24.90,14.02,-52.68,35.67,34.50
1326,351581760,-1199.22,-239.75,23.44,14.82,-55.43,36.77,34.64
1327,351585809,-1213.87,-230.47,30.76,15.85,-58.84,37.80,34.50
1328,351589859,-1221.68,-226.56,28.81,16.34,-61.52,38.66,34.50
1329,351593916,-1223.63,-214.36,30.76,16.83,-63.60,39.45,34.64
1330,351597965,-1233.40,-212.89,30.76,17.62,-66.71,40.00,34.50
1331,351603760,-1236.82,-209.96,29.79,18.60,-69.82,40.55,34.40
1332,351607809,-1237.79,-205.57,33.20,19.33,-73.72,41.28,34.31
1333,351611859,-1238.28,-198.73,30.76,20.06,-76.10,42.32,34.40
1334,351615916,-1236.33,-198.73,35.16,20.49,-78.78,42.80,34.40
1335,351619965,-1227.54,-192.38,43.95,20.91,-82.07,43.78,34.50
1336,351625760,-1214.84,-194.82,51.76,21.77,-84.57,44.57,34.31
1337,351629809,-1209.47,-197.75,56.64,22.26,-88.05,46.22,34.31
1338,351633859,-1208.98,-203.61,66.41,22.93,-90.37,46.89,34.69
1339,351637916,-1202.64,-199.22,63.96,23.90,-92.93,48.23,34.64
1340,351641965,-1193.85,-197.27,64.45,24.82,-95.67,49.76,34.21
1341,351647760,-1180.18,-196.78,72.75,25.79,-98.66,51.16,34.50
1342,351651809,-1164.55,-188.96,84.47,26.95,-101.22,52.56,34.12
1343,351655859,-1156.74,-195.80,86.43,27.68,-103.23,53.66,34.50
1344,351659916,-1145.51,-202.64,95.70,28.60,-105.43,54.94,34.50
1345,351663965,-1140.14,-207.03,94.24,29.88,-107.74,56.34,34.12
1346,351669760,-1144.04,-201.66,100.10,31.65,-110.30,58.11,34.50
1347,351673809,-1142.09,-200.68,104.49,33.17,-113.05,60.61,34.64
1348,351677859,-1145.02,-193.85,100.10,34.45,-115.30,62.13,34.64
1349,351681916,-1147.46,-178.22,93.26,35.85,-117.68,64.33,34.40
1350,351685965,-1140.62,-160.64,99.12,36.95,-120.37,66.04,34.31
1351,351691760,-1146.97,-139.16,94.24,37.74,-123.11,67.20,34.50
1352,351695809,-1158.69,-121.09,96.68,38.90,-126.59,67.87,34.64
1353,351699859,-1156.74,-127.93,107.91,39.27,-128.29,68.35,34.64
1354,351703916,-1156.74,-122.56,107.91,40.24,-130.98,69.02,34.64
1355,351707965,-1152.83,-121.09,110.84,40.91,-134.15,69.76,34.64
1356,351713760,-1140.62,-123.54,121.58,41.46,-136.95,70.12,34.50
1357,351717809,-1124.51,-121.09,129.39,42.13,-140.06,71.04,34.50
1358,351721859,-1111.82,-119.63,145.51,42.44,-142.13,71.89,34.31
1359,351725916,-1088.87,-113.77,155.27,43.48,-144.57,73.17,34.40
1360,351729965,-1081.54,-98.63,172.36,43.84,-146.77,74.33,34.40
1361,351735760,-1074.22,-82.52,185.06,44.57,-148.78,75.00,34.69
1362,351739809,-1078.61,-57.13,205.57,44.88,-151.10,75.43,34.55
1363,351743859,-1085.94,-34.67,211.91,44.39,-152.38,75.98,34.12
1364,351747916,-1092.29,-15.62,220.21,44.51,-154.51,75.85,34.31
1365,351753760,-1110.35,1.46,234.37,44.39,-156.95,76.22,34.40
1366,351757809,-1113.77,17.09,250.98,44.45,-159.39,76.04,34.74
1367,351761859,-1114.75,38.09,256.84,44.27,-161.46,75.18,34.50
1368,351765916,-1108.40,62.50,257.81,44.70,-163.54,73.90,34.21
1369,351769965,-1092.77,78.12,272.95,44.82,-165.79,71.89,34.36
1370,351775760,-1056.64,97.66,283.69,44.09,-168.29,69.51,34.50
1371,351779809,-1039.06,114.26,296.39,43.78,-170.61,66.34,34.36
1372,351783859,-1019.53,113.28,310.06,43.05,-172.56,64.09,34.40
1373,351787916,-1004.88,127.44,322.27,42.56,-173.90,62.62,34.50
1374,351791965,-993.65,139.16,334.47,42.07,-175.73,60.67,34.36
1375,351797760,-979.98,146.97,344.73,41.04,-177.56,59.21,34.64
1376,351801809,-962.40,152.83,365.23,40.37,-179.15,58.41,34.40
1377,351805859,-952.15,159.67,380.37,39.21,-180.67,58.48,34.50
1378,351809916,-934.57,167.48,397.95,38.17,-181.46,58.72,34.40
1379,351813965,-929.69,171.39,413.57,37.01,-182.26,59.15,34.40
1380,351819760,-925.78,172.36,426.27,35.43,-183.17,59.82,34.31
1381,351823809,-912.60,192.87,446.78,33.66,-184.21,60.85,34.40
1382,351827859,-895.51,212.89,453.12,32.56,-185.00,61.16,34.50
1383,351831916,-885.74,238.77,456.54,30.55,-185.12,60.91,34.50
1384,351835965,-882.32,258.79,463.38,28.78,-185.73,59.57,34.64
1385,351841760,-861.82,267.09,469.73,27.26,-186.16,57.38,34.21
1386,351845809,-846.19,270.51,480.96,24.57,-186.89,53.84,34.55
1387,351849859,-829.10,265.62,486.82,23.17,-187.07,52.01,34.64
1388,351853916,-817.87,260.25,496.58,20.91,-187.26,49.57,34.55
1389,351857965,-811.52,261.72,500.00,19.27,-187.56,47.26,34.40
1390,351863760,-805.66,275.39,503.91,17.26,-188.05,44.76,34.21
1391,351867809,-792.97,287.11,505.86,15.12,-188.78,41.04,34.31
1392,351871859,-778.32,288.57,519.53,13.48,-189.33,38.23,34.50
1393,351875916,-770.02,291.50,534.18,11.65,-189.51,34.88,34.40
1394,351879965,-754.88,288.57,544.92,9.76,-190.00,32.07,34.40
1395,351885760,-750.00,290.53,561.52,7.93,-190.79,29.45,34.40
1396,351889809,-725.59,276.37,582.03,6.28,-190.98,26.89,34.69
1397,351893859,-714.84,264.16,600.10,5.00,-191.22,25.43,34.50
1398,351897916,-709.47,253.42,610.35,3.72,-191.16,24.15,34.64
1399,351901965,-698.73,245.61,616.21,2.68,-191.71,23.48,34.31
1400,351907760,-682.13,241.70,621.58,1.34,-192.07,23.29,34.64
1401,351911809,-663.57,237.79,618.16,-0.30,-192.56,23.48,34.31
1402,351915859,-649.90,241.21,622.07,-1.34,-193.17,24.09,34.64
1403,351919916,-641.60,244.14,622.07,-2.68,-193.60,25.06,34.50
1404,351923965,-634.77,258.79,623.05,-4.09,-194.39,26.34,34.36
1405,351929760,-628.91,265.62,621.09,-5.06,-195.12,27.01,34.50
1406,351933809,-604.98,279.79,623.05,-6.77,-195.98,27.20,34.40
1407,351937859,-593.75,283.20,623.54,-7.50,-196.71,27.13,34.40
1408,351941916,-588.87,280.76,617.68,-8.78,-196.95,26.65,34.40
1409,351945965,-571.78,273.93,625.49,-10.06,-197.68,25.61,34.40
1410,351951760,-557.13,279.30,626.95,-11.28,-198.60,25.12,34.36
1411,351955809,-532.71,291.99,630.86,-13.05,-199.27,23.78,34.40
1412,351959859,-527.34,294.92,636.72,-14.02,-199.94,22.44,34.31
1413,351963916,-523.44,296.88,643.55,-15.55,-200.37,20.12,34.50
1414,351969760,-526.86,296.88,646.00,-16.83,-201.22,17.99,34.40
1415,351973809,-522.46,307.62,641.60,-18.54,-202.74,15.30,34.74
1416,351977859,-514.65,305.66,639.16,-19.82,-204.15,13.41,34.50
1417,351981916,-503.91,287.60,643.07,-20.85,-205.18,12.26,34.21
1418,351985965,-483.40,274.41,646.48,-21.71,-206.89,11.22,34.88
1419,351991760,-458.01,250.98,656.25,-22.62,-208.35,10.91,34.40
1420,351995809,-428.22,230.96,665.04,-23.84,-210.12,11.83,34.50
1421,351999859,-397.95,213.87,676.27,-24.33,-211.40,13.48,34.50
1422,352003916,-374.02,183.11,677.73,-24.45,-212.20,16.10,34.16
1423,352007965,-354.49,172.85,674.32,-24.57,-213.48,19.70,34.40
1424,352013760,-340.82,174.80,668.46,-24.63,-214.63,23.05,34.40
1425,352017809,-323.73,168.95,656.74,-24.94,-215.91,27.50,34.40
1426,352021859,-301.27,161.13,647.95,-25.24,-217.68,30.79,34.55
1427,352025916,-288.09,168.46,654.30,-25.49,-218.60,33.54,34.50
1428,352029965,-267.58,170.90,661.13,-26.10,-219.94,36.10,34.31
1429,352035760,-249.51,177.25,658.69,-26.71,-221.04,38.72,34.40
1430,352039809,-228.03,207.03,659.67,-27.80,-222.20,40.12,34.50
1431,352043859,-213.38,226.56,657.23,-28.66,-222.74,40.85,34.69
1432,352047916,-187.50,232.91,658.20,-30.30,-224.02,41.16,34.69
1433,352051965,-167.97,231.45,660.16,-31.28,-224.63,40.24,34.50
1434,352057760,-137.70,230.96,664.06,-32.87,-224.82,38.60,34.31
1435,352061809,-110.84,229.49,670.41,-34.27,-225.61,36.65,34.36
1436,352065859,-88.38,221.19,661.62,-35.43,-225.43,35.30,34.64
1437,352069916,-71.29,206.05,658.20,-36.28,-226.04,34.15,34.64
1438,352073965,-41.99,188.48,652.34,-37.50,-226.22,33.11,34.74
1439,352079760,-15.62,178.71,645.51,-38.29,-226.40,32.87,34.31
1440,352083809,9.77,173.83,643.07,-39.45,-227.01,33.05,34.31
1441,352087859,39.55,171.87,638.67,-39.63,-227.44,33.78,34.50
1442,352091916,54.20,171.39,630.37,-40.55,-228.17,34.88,34.50
1443,352095965,76.17,156.25,627.93,-40.85,-228.66,36.16,34.12
1444,352101760,96.19,150.88,631.84,-41.34,-228.90,38.48,34.50
1445,352105809,122.56,143.07,616.70,-41.46,-229.76,41.52,34.55
1446,352109859,145.02,130.86,619.63,-41.65,-230.30,43.72,34.64
1447,352113916,171.87,122.56,614.26,-41.83,-230.67,46.83,34.64
1448,352117965,193.36,119.63,609.86,-42.01,-230.85,50.00,34.50
1449,352123760,215.33,111.33,624.51,-41.89,-230.67,52.38,34.40
1450,352127809,251.95,116.70,623.05,-42.38,-230.61,55.30,34.55
1451,352131859,271.48,102.05,632.32,-42.87,-230.12,56.71,34.64
1452,352135916,310.55,102.54,625.49,-43.11,-229.15,57.99,34.64
1453,352139965,317.87,110.84,596.68,-43.23,-227.56,58.84,34.50
1454,352145760,332.03,114.75,589.84,-44.21,-226.89,58.23,34.50
1455,352149809,363.77,114.75,589.84,-45.49,-225.73,57.62,34.31
1456,352153859,383.30,113.28,590.33,-45.98,-224.33,57.07,34.40
1457,352157916,393.07,115.23,580.57,-47.07,-222.32,55.85,34.36
1458,352161965,407.23,129.39,576.66,-48.35,-221.46,54.51,34.40
1459,352167760,421.39,137.21,569.34,-49.33,-219.70,52.26,34.21
1460,352171809,441.41,148.93,556.15,-50.79,-217.50,48.48,34.64
1461,352175859,468.75,146.97,568.36,-52.26,-216.04,45.37,34.36
1462,352179916,481.45,135.25,567.38,-53.35,-213.90,41.22,34.64
1463,352185760,507.32,131.84,566.89,-54.63,-211.95,37.20,34.50
1464,352189809,521.00,110.35,572.75,-56.10,-209.88,33.23,34.64
1465,352193859,546.39,99.12,569.82,-57.32,-207.87,30.43,34.64
1466,352197916,560.06,72.27,551.27,-57.99,-206.16,28.66,34.40
1467,352201965,568.85,62.99,555.66,-58.78,-204.21,27.38,34.40
1468,352206015,593.26,46.39,558.11,-59.51,-202.38,27.01,34.74
1469,352211760,612.30,31.25,547.85,-59.88,-199.88,27.44,34.50
1470,352215809,647.46,4.88,560.06,-59.94,-196.65,28.84,34.50
1471,352219859,671.39,-3.91,539.55,-60.18,-194.33,29.94,34.40
1472,352223916,673.34,-12.21,537.11,-60.18,-191.52,32.13,34.50
1473,352229760,708.50,-33.69,542.97,-60.18,-189.02,34.33,34.40
1474,352233809,713.87,-45.90,531.74,-60.30,-184.76,37.32,34.40
1475,352237859,725.59,-49.80,541.50,-59.88,-182.13,40.06,34.74
1476,352241916,727.54,-48.34,526.37,-59.33,-179.51,42.44,34.02
1477,352245965,730.47,-54.69,528.32,-59.02,-176.65,45.12,34.64
1478,352251760,741.21,-42.97,521.00,-59.09,-173.48,47.68,34.40
1479,352255809,743.16,-31.74,508.79,-58.54,-170.00,49.27,34.40
1480,352259859,763.67,-22.46,504.39,-58.41,-166.89,49.63,34.40
1481,352263916,769.04,-14.16,493.65,-58.11,-164.21,49.15,34.64
1482,352267965,789.06,-7.81,497.07,-58.48,-161.28,47.80,34.50
1483,352273760,819.34,-5.37,488.77,-58.11,-157.38,46.34,34.40
1484,352277809,839.36,-12.70,478.52,-58.54,-152.87,43.54,34.40
1485,352281859,866.70,-15.62,474.61,-58.48,-149.88,41.04,34.64
1486,352285916,881.84,-20.02,470.21,-58.48,-145.55,38.41,34.31
1487,352289965,890.14,-28.32,476.56,-58.35,-141.46,35.67,34.55
1488,352295760,897.95,-30.76,479.49,-58.29,-137.56,32.93,34.31
1489,352299809,897.95,-42.48,474.61,-58.48,-132.99,29.39,34.36
1490,352303859,891.11,-41.02,479.49,-58.17,-130.30,27.50,34.83
1491,352307916,878.91,-41.02,477.54,-58.35,-126.40,24.94,34.40
1492,352311965,873.54,-38.09,480.47,-58.35,-122.68,22.20,34.50
1493,352317760,866.21,-46.39,473.63,-57.93,-119.39,19.94,34.21
1494,352321809,851.07,-51.27,474.12,-57.80,-116.34,16.65,34.16
1495,352325859,838.87,-68.85,473.63,-58.05,-114.21,14.70,34.50
1496,352329916,832.03,-84.47,473.63,-57.26,-112.13,12.68,34.40
1497,352333965,821.29,-93.75,471.19,-56.52,-109.70,11.46,34.31
1498,352339760,817.87,-113.28,468.26,-55.49,-107.87,10.73,34.74
1499,352343809,824.71,-140.14,469.24,-54.21,-105.43,10.79,34.40
1500,352347859,823.24,-153.81,466.31,-53.35,-104.21,11.10,34.50
1501,352351916,815.92,-163.57,457.03,-52.38,-102.99,11.89,34.50
1502,352355965,811.52,-179.69,454.59,-51.22,-101.95,12.87,34.36
1503,352361760,819.82,-191.89,468.75,-49.82,-100.49,13.90,34.64
1504,352365809,827.15,-208.98,474.61,-48.54,-98.72,15.61,34.40
1505,352369859,824.71,-218.26,470.70,-47.32,-97.62,17.01,34.64
1506,352373916,808.11,-221.19,465.82,-46.46,-96.40,17.99,34.64
1507,352377965,795.90,-217.29,462.89,-45.30,-95.91,18.60,34.40
1508,352383760,787.11,-208.98,464.36,-44.57,-95.24,18.48,34.50
1509,352387809,777.83,-197.27,465.33,-43.60,-94.63,17.38,34.69
1510,352391859,776.37,-191.89,468.26,-43.23,-94.33,15.73,34.36
1511,352395916,789.55,-174.32,467.29,-43.05,-93.72,12.56,34.55
1512,352399965,789.55,-175.29,470.70,-43.17,-93.41,8.72,34.50
1513,352405760,800.78,-167.48,461.91,-43.23,-92.68,4.57,34.55
1514,352409809,800.29,-170.90,456.05,-43.17,-91.89,-1.04,34.55
1515,352413859,804.69,-178.71,451.17,-43.17,-91.77,-4.70,34.31
1516,352417916,810.55,-187.99,453.12,-43.29,-91.16,-8.60,34.50
1517,352423760,805.18,-200.20,447.75,-42.93,-90.73,-11.95,34.40
1518,352427809,809.57,-215.82,439.45,-43.17,-90.18,-14.02,34.69
1519,352431859,815.43,-231.45,431.15,-42.80,-90.18,-14.51,34.50
1520,352435916,806.64,-229.98,428.71,-42.44,-90.12,-14.57,34.21
1521,352439965,813.48,-234.86,430.66,-41.77,-90.49,-14.15,34.50
1522,352445760,814.45,-241.70,431.15,-41.52,-90.73,-13.48,34.31
1523,352449809,817.87,-246.58,433.11,-40.98,-90.55,-12.20,34.50
1524,352453859,820.31,-247.56,422.36,-39.94,-90.79,-10.73,34.64
1525,352457916,815.43,-235.84,413.09,-39.33,-90.43,-9.76,34.31
1526,352461965,826.66,-226.56,410.64,-39.09,-90.30,-8.84,34.50
1527,352467760,830.57,-219.73,406.74,-38.35,-90.30,-9.27,34.69
1528,352471809,844.73,-204.59,405.27,-38.17,-90.30,-10.61,34.50
1529,352475859,848.63,-199.71,404.79,-37.62,-89.76,-12.20,34.40
1530,352479916,850.59,-200.20,409.67,-37.32,-89.21,-13.78,34.64
1531,352483965,845.70,-205.57,401.86,-36.89,-88.23,-16.34,34.40
1532,352489760,856.93,-207.52,396.00,-36.28,-87.50,-19.09,34.50
1533,352493809,851.07,-221.19,386.72,-34.88,-86.22,-21.89,34.40
1534,352497859,860.35,-229.00,372.56,-34.33,-85.55,-23.60,34.50
1535,352501916,855.96,-228.52,355.47,-33.23,-84.63,-25.61,34.31
1536,352505965,858.89,-228.03,345.21,-31.46,-83.90,-27.13,34.64
1537,352511760,864.26,-222.66,342.29,-29.82,-83.17,-29.21,34.31
1538,352515809,859.86,-203.61,325.68,-27.62,-82.38,-32.32,34.55
1539,352519859,855.47,-193.85,322.75,-26.65,-82.01,-34.33,34.64
1540,352523916,845.21,-190.43,315.92,-24.33,-80.91,-37.01,34.36
1541,352527965,839.36,-190.92,307.62,-22.50,-80.18,-39.63,34.36
1542,352533760,839.84,-185.06,299.32,-20.67,-79.33,-40.98,34.36
1543,352537809,845.70,-181.64,282.71,-17.99,-78.05,-42.56,34.31
1544,352541859,868.65,-172.85,268.07,-16.40,-77.62,-43.41,34.64
1545,352545916,896.48,-159.67,260.25,-14.09,-75.98,-45.06,34.55
1546,352549965,917.48,-148.44,232.42,-12.20,-74.63,-47.26,34.31
1547,352555760,923.34,-150.39,219.73,-9.63,-73.35,-49.02,34.21
1548,352559809,934.08,-152.83,206.54,-7.07,-71.65,-50.55,34.64
1549,352563859,928.22,-158.20,192.87,-5.12,-70.30,-50.55,34.50
1550,352567916,924.32,-163.57,187.99,-2.68,-69.21,-49.88,34.40
1551,352571965,925.78,-156.74,180.18,-0.18,-67.93,-48.54,34.40
1552,352577760,933.11,-139.65,181.64,2.20,-66.95,-46.16,34.36
1553,352581809,929.69,-115.72,174.80,4.82,-65.73,-42.80,34.64
1554,352585859,928.71,-97.17,164.55,6.52,-64.39,-41.10,34.55
1555,352589916,918.95,-66.41,162.11,7.93,-63.96,-39.09,34.64
1556,352593965,915.04,-46.87,162.11,9.33,-63.54,-37.68,34.40
1557,352599760,895.02,-26.37,151.37,10.37,-63.17,-36.59,34.55
1558,352603809,890.14,-0.98,152.34,11.10,-63.48,-36.28,34.40
1559,352607859,900.39,34.67,140.14,11.16,-63.35,-35.73,34.40
1560,352611916,910.64,51.76,146.97,11.10,-63.54,-35.98,34.40
1561,352615965,932.62,67.87,137.21,11.22,-62.87,-36.77,34.64
1562,352621760,944.82,74.22,135.25,11.28,-62.56,-37.80,34.55
1563,352625809,974.12,51.76,141.11,11.71,-62.26,-37.68,34.40
1564,352629859,990.72,33.69,133.30,12.01,-62.20,-35.73,34.31
1565,352633916,998.54,14.16,131.35,12.44,-62.20,-32.01,34.50
1566,352639760,1022.95,12.21,135.74,12.99,-62.50,-28.05,34.50
1567,352643809,1040.53,36.62,152.34,13.90,-61.59,-23.72,34.50
1568,352647859,1050.29,45.90,149.90,14.27,-60.85,-21.04,34.40
1569,352651916,1061.52,64.94,148.44,14.57,-61.04,-19.82,34.12
1570,352655965,1069.34,73.24,150.39,14.70,-61.46,-17.62,34.50
1571,352661760,1088.38,70.80,156.25,14.21,-60.98,-16.34,34.55
1572,352665809,1101.07,58.59,134.28,13.23,-61.34,-12.93,34.50
1573,352669859,1104.98,47.85,132.81,12.50,-61.71,-8.60,34.50
1574,352673916,1105.96,35.64,142.58,11.95,-62.20,-4.76,34.36
1575,352677965,1111.82,34.67,155.27,11.40,-62.80,0.55,34.36
1576,352683760,1095.70,37.11,146.97,10.61,-63.23,5.43,34.55
1577,352687809,1054.20,39.55,144.04,9.57,-64.70,11.40,34.64
1578,352691859,1062.99,55.66,147.95,8.54,-65.85,15.30,34.31
1579,352695916,1060.06,81.05,132.32,7.20,-66.34,17.32,34.21
1580,352699965,1059.57,94.73,124.51,5.18,-66.83,17.99,34.50
1581,352705760,1067.38,98.14,127.44,2.99,-67.68,17.32,34.50
1582,352709809,1081.54,103.52,115.72,0.18,-67.74,15.43,34.36
1583,352713859,1103.03,90.82,102.05,-1.77,-67.62,13.17,34.40
1584,352717916,1135.25,89.84,104.00,-4.21,-67.26,10.55,34.55
1585,352721965,1164.55,93.26,103.52,-6.46,-66.52,7.74,34.40
1586,352727760,1205.57,84.47,100.10,-8.60,-64.70,4.82,34.64
1587,352731809,1252.44,64.45,84.96,-11.34,-62.50,1.04,34.12
1588,352735859,1277.83,37.60,65.43,-12.68,-60.91,-1.04,34.55
1589,352739916,1293.95,8.30,67.38,-14.09,-58.96,-0.43,34.36
1590,352743965,1304.20,-39.55,56.15,-14.76,-56.59,2.44,34.21
1591,352749760,1329.10,-75.20,66.89,-14.88,-54.51,8.05,34.02
1592,352753809,1352.05,-118.16,59.08,-14.21,-51.89,16.95,34.21
1593,352757859,1369.63,-125.49,60.55,-13.41,-50.49,23.48,34.64
1594,352761916,1378.42,-132.81,64.94,-12.62,-48.05,30.61,34.40
1595,352765965,1402.34,-131.35,75.68,-11.34,-45.37,37.07,34.31
1596,352771760,1408.69,-146.48,66.41,-10.30,-42.99,42.44,34.12
1597,352775809,1352.54,-178.71,68.36,-8.96,-40.67,48.11,34.55
1598,352779859,1243.65,-193.36,41.02,-8.54,-39.45,52.93,34.40
1599,352783916,1155.76,-184.08,21.48,-7.99,-39.33,59.09,34.64
1600,352787965,1112.79,-132.32,6.84,-7.80,-39.94,62.20,34.50
1601,352793760,1139.16,-55.66,0.00,-8.17,-39.94,59.57,34.50
1602,352797809,1186.52,0.98,1.95,-9.82,-38.78,48.54,34.40
1603,352801859,1223.63,4.39,-0.98,-10.67,-37.93,37.87,34.64
1604,352805916,1237.79,-27.34,9.28,-12.20,-36.10,24.33,34.40
1605,352809965,1245.61,-80.08,21.00,-12.80,-33.90,12.99,34.40
1606,352815760,1271.48,-125.49,24.41,-12.99,-31.71,4.76,34.64
1607,352819809,1281.25,-139.16,34.18,-12.38,-28.48,-2.07,34.64
1608,352823859,1289.55,-137.70,44.43,-11.40,-27.01,-5.12,34.31
1609,352827916,1298.34,-135.25,52.25,-10.43,-24.39,-8.29,34.40
1610,352831965,1284.67,-128.42,55.66,-9.70,-21.65,-10.49,34.40
1611,352837760,1268.55,-133.79,59.57,-9.39,-19.02,-12.07,34.50
1612,352841809,1226.07,-160.16,53.22,-8.60,-16.89,-11.04,34.64
1613,352845859,1199.71,-180.18,46.39,-7.93,-15.61,-8.41,34.16
1614,352849916,1179.69,-179.69,42.97,-6.65,-14.27,-4.02,34.50
1615,352855760,1162.60,-187.50,47.85,-5.55,-13.23,1.04,34.31
1616,352859809,1122.07,-188.48,42.48,-4.15,-13.05,7.99,34.64
1617,352863859,1083.98,-166.99,50.78,-3.54,-13.17,13.84,34.50
1618,352867916,1029.30,-150.88,48.34,-3.60,-13.78,17.26,34.36
1619,352871965,1005.86,-130.86,50.78,-3.41,-15.12,20.30,34.36
1620,352876015,979.00,-118.16,57.62,-4.27,-17.32,22.26,34.55
1621,352881760,969.73,-103.52,54.20,-5.24,-19.57,23.17,34.69
1622,352885809,996.58,-80.08,55.18,-7.38,-21.71,21.77,34.50
1623,352889859,1001.46,-61.04,52.25,-8.60,-22.99,19.27,34.64
1624,352893916,1005.37,-54.69,52.73,-10.18,-23.84,15.12,34.69
1625,352899760,1040.04,-77.64,54.69,-11.89,-25.24,11.59,34.55
1626,352903809,1091.80,-107.42,51.76,-13.23,-25.18,8.23,34.83
1627,352907859,1131.35,-121.09,37.60,-13.05,-24.88,7.01,34.50
1628,352911916,1162.11,-143.55,30.76,-13.05,-24.39,6.59,34.36
1629,352915965,1183.11,-145.51,26.37,-12.80,-23.29,6.34,34.31
1630,352921760,1177.73,-146.00,23.44,-12.68,-21.59,6.22,34.50
1631,352925809,1177.25,-166.99,8.79,-12.07,-20.61,6.59,34.40
1632,352929859,1179.20,-192.87,10.25,-11.04,-18.90,7.56,34.50
1633,352933916,1175.29,-202.64,-5.86,-10.18,-17.44,9.57,34.64
1634,352937965,1180.66,-208.98,-18.07,-9.15,-16.04,12.68,34.55
1635,352943760,1180.66,-200.68,-9.28,-7.38,-14.70,15.12,34.50
1636,352947809,1168.46,-192.38,1.95,-6.22,-13.11,18.17,34.31
1637,352951859,1149.90,-183.11,1.46,-5.37,-11.71,19.15,34.40
1638,352955916,1135.25,-178.71,-9.28,-4.51,-11.16,19.88,34.40
1639,352959965,1140.14,-173.34,-0.49,-3.72,-9.57,19.88,34.40
1640,352965760,1120.61,-147.46,1.95,-3.29,-7.80,18.54,34.50
1641,352969809,1089.36,-140.62,-9.28,-3.23,-6.89,16.04,34.50
1642,352973859,1080.08,-127.44,1.46,-3.17,-6.59,13.54,34.40
1643,352977916,1057.62,-125.00,1.95,-3.17,-5.79,9.88,34.64
1644,352981965,1043.95,-117.19,9.28,-3.35,-5.12,6.04,34.36
1645,352987760,1037.60,-116.21,9.77,-3.78,-4.70,2.13,34.50
1646,352991809,1037.11,-115.72,23.44,-3.84,-3.48,-3.11,34.21
1647,352995859,1036.13,-109.86,14.65,-4.15,-2.74,-7.13,34.50
1648,352999916,1044.92,-105.47,22.95,-4.27,-2.62,-11.46,34.36
1649,353003965,1063.96,-119.63,17.58,-4.70,-2.32,-15.61,34.36
1650,353009760,1088.87,-127.44,7.32,-4.63,-1.71,-18.17,34.55
1651,353013809,1102.54,-158.20,-10.74,-4.70,-0.98,-20.00,34.36
1652,353017859,1112.79,-183.59,-11.72,-4.15,-0.24,-18.78,34.64
1653,353021916,1098.14,-194.82,-14.65,-3.29,0.49,-16.65,34.36
1654,353025965,1090.82,-197.27,-19.04,-2.32,1.16,-14.02,34.40
1655,353031760,1071.29,-201.66,-23.44,-1.22,2.07,-10.18,34.50
1656,353035809,1021.48,-200.68,-30.27,0.73,2.68,-5.18,34.50
1657,353039859,980.96,-184.57,-35.16,1.65,2.80,-1.71,34.55
1658,353043916,966.31,-152.83,-39.06,2.62,2.87,1.34,34.64
1659,353047965,956.05,-122.56,-26.86,3.78,2.56,1.89,34.50
1660,353053760,948.24,-104.00,-21.48,4.02,2.87,0.43,34.64
1661,353057809,942.38,-90.82,-19.53,3.48,3.35,-3.78,34.64
1662,353061859,953.12,-86.91,-19.53,3.29,3.11,-6.10,34.40
1663,353065916,960.45,-77.15,-27.34,2.62,3.90,-9.57,34.55
1664,353069965,972.17,-74.71,-39.06,1.89,3.90,-12.99,34.40
1665,353075760,981.45,-73.73,-41.99,1.22,4.63,-15.61,34.40
1666,353079809,988.28,-80.57,-45.41,0.55,5.61,-17.56,34.50
1667,353083859,988.77,-85.45,-35.16,0.24,5.73,-18.35,34.40
1668,353087916,992.19,-85.94,-30.76,-0.06,6.40,-18.72,34.40
1669,353093760,986.33,-93.75,-27.34,0.37,6.52,-18.60,34.64
1670,353097809,980.47,-94.73,-31.74,0.73,6.46,-18.96,34.69
1671,353101859,987.30,-82.03,-32.23,1.28,6.59,-19.27,34.40
1672,353105916,992.19,-72.75,-27.83,1.52,6.16,-19.63,34.36
1673,353109965,1004.39,-83.98,-22.46,1.59,5.37,-19.57,34.88
1674,353115760,1030.27,-88.38,-17.58,2.13,4.94,-18.96,34.21
1675,353119809,1045.90,-75.68,-34.18,2.38,4.76,-17.87,34.64
1676,353123859,1029.79,-86.43,-41.02,2.74,3.96,-16.71,34.50
1677,353127916,1004.39,-95.21,-40.04,2.87,3.84,-15.18,34.31
1678,353131965,974.61,-79.59,-43.46,3.48,3.29,-13.35,34.40
1679,353137760,959.47,-58.11,-36.62,3.48,2.38,-12.26,34.64
1680,353141809,947.75,-47.36,-21.48,3.60,1.71,-12.80,34.50
1681,353145859,941.89,-46.39,-21.48,3.41,0.55,-13.84,34.64
1682,353149916,947.75,-50.78,-23.44,3.17,-0.49,-14.57,34.50
1683,353153965,959.47,-51.27,-28.32,2.62,-1.46,-15.24,34.40
1684,353159760,976.56,-49.80,-26.37,1.77,-2.26,-15.18,34.50
1685,353163809,1001.95,-38.57,-30.76,0.91,-3.48,-14.88,34.36
1686,353167859,1018.55,-46.87,-27.34,0.24,-4.15,-14.51,34.64
1687,353171916,1042.48,-72.27,-32.23,-0.85,-4.76,-13.35,34.64
1688,353175965,1062.01,-86.91,-31.74,-1.40,-5.37,-10.73,34.36
1689,353181760,1087.89,-101.07,-36.62,-1.59,-5.91,-8.05,34.21
1690,353185809,1115.23,-113.28,-35.16,-1.71,-5.91,-4.94,34.31
1691,353189859,1145.51,-124.51,-31.74,-1.34,-5.91,-3.90,34.69
1692,353193916,1170.41,-127.44,-31.25,-1.22,-5.37,-2.99,34.50
1693,353197965,1194.82,-133.79,-31.74,-0.79,-4.57,-3.05,34.40
1694,353203760,1225.10,-143.55,-24.41,-0.55,-3.23,-3.96,34.36
1695,353207809,1259.77,-151.86,-25.88,0.12,-1.77,-5.55,34.21
1696,353211859,1280.76,-159.67,-18.07,-0.06,-0.18,-6.83,34.69
1697,353215916,1291.99,-167.97,-19.53,0.00,1.34,-9.02,34.50
1698,353219965,1312.01,-180.66,-25.39,0.37,3.41,-11.04,34.36
1699,353225760,1322.27,-186.52,-17.58,0.85,5.55,-12.38,34.31
1700,353229809,1339.84,-190.43,-13.18,0.85,7.99,-13.48,34.55
1701,353233859,1354.98,-198.73,-1.46,0.91,9.45,-14.09,34.40
1702,353237916,1371.09,-206.54,-2.44,1.16,11.46,-14.02,34.40
1703,353241965,1377.44,-218.75,1.95,1.46,13.60,-13.66,34.31
1704,353247760,1398.44,-233.89,6.84,1.89,15.85,-12.13,34.21
1705,353251809,1420.90,-227.05,10.74,2.32,18.84,-9.76,34.50
1706,353255859,1429.20,-226.56,6.84,2.38,20.12,-7.56,34.36
1707,353259916,1436.52,-222.17,10.74,2.44,22.44,-5.43,34.64
1708,353263965,1437.50,-228.52,10.74,2.80,24.21,-3.35,34.40
1709,353269760,1449.22,-234.86,6.84,3.05,26.04,-1.16,34.40
1710,353273809,1466.80,-240.72,12.21,3.29,28.48,1.04,34.64
1711,353277859,1469.73,-241.70,8.79,3.41,30.06,2.13,34.40
1712,353281916,1479.98,-243.65,7.32,3.78,32.44,3.11,34.69
1713,353285965,1496.58,-255.86,2.44,4.27,34.57,2.68,34.31
1714,353291760,1508.79,-269.53,3.91,4.45,36.59,2.68,34.69
1715,353295809,1529.79,-291.50,3.91,5.12,39.45,3.05,34.50
1716,353299859,1536.13,-295.90,-3.42,5.37,41.28,3.17,34.40
1717,353303916,1545.41,-304.69,-10.25,6.10,43.96,3.17,34.40
1718,353309760,1561.52,-307.13,-9.28,7.01,46.34,2.80,34.50
1719,353313809,1578.12,-313.48,-12.70,8.23,50.00,2.32,34.55
1720,353317859,1567.38,-318.36,-20.02,9.70,53.17,2.44,34.40
1721,353321916,1569.34,-312.50,-23.93,10.98,55.85,2.32,34.21
1722,353325965,1553.22,-309.08,-14.65,12.38,59.51,2.44,34.50
1723,353331760,1544.43,-308.59,-18.07,14.02,63.23,2.62,34.55
1724,353335809,1519.53,-281.25,-14.65,16.16,67.62,1.65,34.55
1725,353339859,1505.37,-265.14,-2.93,17.01,71.59,0.61,34.50
1726,353343916,1489.26,-259.77,-0.49,17.80,74.39,-0.49,34.21
1727,353347965,1479.00,-268.07,7.81,18.54,77.56,-2.20,34.64
1728,353353760,1465.33,-271.00,9.28,19.70,81.28,-3.23,34.50
1729,353357809,1447.27,-269.53,7.81,20.67,85.18,-4.57,34.40
1730,353361859,1438.48,-256.84,6.84,21.40,88.60,-5.37,34.50
1731,353365916,1435.06,-243.16,14.65,21.65,91.04,-6.28,34.40
1732,353369965,1430.66,-239.26,20.51,22.07,94.39,-7.74,34.64
1733,353375760,1420.41,-245.12,18.07,22.44,97.32,-9.21,34.50
1734,353379809,1425.29,-248.54,27.83,23.48,100.55,-10.98,34.55
1735,353383859,1412.11,-253.42,22.95,24.09,103.23,-11.89,34.50
1736,353387916,1406.25,-256.35,24.41,24.94,106.10,-12.44,34.50
1737,353391965,1402.83,-261.72,23.93,25.91,109.15,-12.07,34.50
1738,353397760,1394.04,-250.98,30.27,27.07,112.20,-11.71,34.16
1739,353401809,1385.25,-254.39,31.74,28.35,115.30,-10.12,34.16
1740,353405859,1378.42,-247.56,36.62,29.39,117.32,-8.78,34.50
1741,353409916,1373.54,-250.00,29.79,30.37,119.70,-6.71,34.40
1742,353413965,1358.89,-257.81,23.44,31.89,121.95,-4.45,34.31
1743,353419760,1352.05,-259.28,22.46,33.78,124.27,-1.46,34.31
1744,353423809,1337.40,-260.74,23.93,35.79,127.26,2.38,34.12
1745,353427859,1319.82,-252.93,18.07,37.50,128.84,5.43,34.55
1746,353431916,1310.55,-251.46,10.74,39.70,130.85,9.70,34.31
1747,353435965,1294.92,-231.45,15.62,42.01,132.87,13.90,34.55
1748,353441760,1284.67,-212.89,20.02,44.09,134.88,17.80,34.31
1749,353445809,1272.46,-191.89,24.41,47.07,137.62,21.34,34.40
1750,353449859,1273.93,-191.89,25.88,49.09,139.57,23.17,34.50
1751,353453916,1276.86,-188.48,16.11,51.95,142.32,25.06,34.50
1752,353457965,1277.83,-181.64,15.14,54.33,145.49,26.22,34.31
1753,353463760,1269.53,-164.06,15.14,56.83,148.72,26.65,34.36
1754,353467809,1248.54,-140.62,13.67,59.45,152.50,26.40,34.69
1755,353471859,1231.45,-119.63,12.70,60.91,155.12,25.43,34.36
1756,353475916,1225.59,-102.54,13.18,62.56,157.87,23.41,34.50
1757,353479965,1219.73,-76.66,15.14,64.39,161.40,20.55,34.50
1758,353485760,1204.59,-65.92,9.77,65.30,164.63,16.83,34.50
1759,353489809,1177.25,-54.20,12.21,66.65,168.54,11.34,34.55
1760,353493859,1156.74,-38.57,14.16,67.44,170.85,7.26,34.21
1761,353497916,1148.93,-34.67,21.00,68.11,173.78,2.44,34.40
1762,353501965,1141.60,-23.93,29.79,68.54,176.77,-1.83,34.50
1763,353507760,1123.54,-17.58,33.20,69.02,179.33,-6.28,34.40
1764,353511809,1104.49,-20.51,46.39,68.96,181.89,-9.82,34.50
1765,353515859,1100.59,-23.44,48.34,69.51,183.96,-11.52,34.16
1766,353519916,1093.75,-10.74,58.59,70.06,186.34,-13.60,34.40
1767,353525760,1080.57,-10.74,76.66,69.94,188.66,-14.51,34.64
1768,353529809,1069.34,-1.95,94.24,70.24,191.89,-14.70,34.31
1769,353533859,1050.78,16.11,104.98,70.06,194.21,-13.78,34.50
1770,353537916,1023.93,36.62,118.65,70.18,195.79,-12.74,34.50
1771,353541965,1014.65,47.85,138.67,69.82,198.54,-11.89,34.50
1772,353546015,1000.00,49.32,164.55,69.57,201.40,-10.55,34.40
1773,353551760,1002.44,61.52,182.13,69.63,204.76,-9.51,34.55
1774,353555809,979.98,87.89,205.08,69.09,209.02,-8.90,34.50
1775,353559859,963.87,101.56,214.36,68.48,211.22,-8.90,34.31
1776,353563916,951.66,104.00,220.21,67.20,213.17,-9.02,34.40
1777,353569760,935.55,122.07,209.47,66.22,215.73,-9.15,34.55
1778,353573809,920.90,119.63,231.93,64.94,218.11,-9.02,34.64
1779,353577859,929.69,96.19,254.39,63.60,220.43,-8.05,34.55
1780,353581916,934.08,78.12,271.48,62.87,222.80,-6.83,34.50
1781,353585965,916.50,83.50,280.76,62.01,226.10,-5.06,34.31
1782,353591760,872.56,131.35,281.74,61.10,229.15,-3.78,34.64
1783,353595809,830.57,213.87,289.55,58.84,231.89,-5.00,34.55
1784,353599859,801.76,258.79,313.96,56.40,233.23,-7.68,34.40
1785,353603916,788.57,271.00,330.57,53.60,235.06,-12.07,34.40
1786,353607965,779.30,271.97,340.33,50.98,236.46,-17.38,34.50
1787,353613760,776.37,269.04,359.37,47.93,238.48,-22.68,34.50
1788,353617809,757.81,254.88,380.86,44.15,241.10,-27.87,34.36
1789,353621859,750.49,236.33,396.97,42.01,242.74,-30.49,34.40
1790,353625916,738.28,231.93,397.46,39.09,244.70,-32.87,34.40
1791,353629965,706.05,230.96,394.53,36.52,245.79,-34.82,34.40
1792,353635760,670.90,232.91,388.18,33.35,246.65,-35.61,34.40
1793,353639809,626.46,222.17,386.72,30.00,246.89,-35.67,34.21
1794,353643859,584.96,225.10,394.53,27.87,246.83,-35.49,34.50
1795,353647916,545.41,232.91,402.34,25.55,245.61,-34.45,34.50
1796,353651965,511.72,252.44,415.04,23.05,244.51,-33.23,34.21
1797,353657760,469.24,280.76,420.90,20.55,242.87,-32.38,34.21
1798,353661809,435.55,304.69,430.18,17.38,240.73,-31.40,34.40
1799,353665859,428.22,319.82,439.45,14.82,239.27,-31.34,34.36
1800,353669916,408.69,319.82,443.85,12.32,238.17,-31.52,34.64
1801,353673965,380.37,317.87,468.26,10.06,235.91,-32.26,34.40
1802,353679760,351.07,312.01,491.70,7.32,234.09,-32.68,34.64
1803,353683809,323.24,306.15,514.65,4.33,232.32,-32.07,34.55
1804,353687859,302.25,301.27,534.18,2.56,230.79,-31.59,34.88
1805,353691916,281.25,299.32,540.04,0.43,228.90,-31.34,34.55
1806,353695965,272.95,289.06,554.20,-2.07,227.26,-32.01,34.50
1807,353701760,263.18,275.88,570.31,-4.88,226.28,-32.99,34.50
1808,353705809,238.77,244.63,586.43,-7.56,225.06,-34.15,34.50
1809,353709859,231.45,210.94,586.91,-8.78,224.57,-34.33,34.31
1810,353713916,215.33,188.96,577.64,-10.49,223.60,-33.78,34.36
1811,353717965,188.96,168.46,572.27,-12.01,221.83,-32.87,34.40
1812,353723760,175.78,162.60,572.75,-13.66,220.12,-31.65,34.40
1813,353727809,172.85,158.20,592.77,-15.49,219.39,-30.06,34.50
1814,353731859,138.67,146.97,574.22,-16.65,218.96,-29.63,34.40
1815,353735916,131.84,164.06,565.92,-17.50,216.16,-29.09,34.55
1816,353739965,109.86,181.64,566.41,-18.96,214.09,-29.94,34.55
1817,353745760,94.73,202.15,574.22,-20.49,212.01,-31.28,34.50
1818,353749809,55.66,211.91,590.33,-22.44,209.27,-34.09,34.50
1819,353753859,33.69,207.03,611.33,-24.02,208.35,-35.73,34.31
1820,353757916,8.30,199.71,621.09,-25.12,206.95,-37.80,34.40
1821,353763760,-26.37,196.78,623.54,-27.01,204.88,-38.90,34.40
1822,353767809,-57.13,208.01,625.00,-28.29,202.26,-39.88,34.31
1823,353771859,-83.01,199.22,625.00,-30.00,199.51,-40.12,34.64
1824,353775916,-113.28,177.73,618.65,-31.22,197.07,-39.45,34.36
1825,353779965,-134.28,166.02,625.49,-32.07,193.96,-37.56,34.64
1826,353785760,-149.90,146.00,633.79,-32.99,191.04,-34.57,34.64
1827,353789809,-167.97,114.26,644.04,-33.17,188.23,-31.04,34.40
1828,353793859,-171.39,89.36,644.53,-33.23,185.91,-28.29,34.40
1829,353797916,-170.41,74.71,644.04,-32.62,183.78,-26.40,34.21
1830,353801965,-174.32,73.24,643.55,-32.50,181.65,-23.84,34.64
1831,353807760,-167.48,52.73,647.46,-32.26,179.94,-22.07,34.50
1832,353811809,-152.34,46.87,656.74,-31.52,178.41,-19.88,34.64
1833,353815859,-165.04,31.74,647.46,-31.16,177.38,-17.80,34.64
1834,353819916,-164.06,24.90,648.93,-30.73,176.16,-16.89,34.50
1835,353823965,-159.18,22.95,653.81,-30.37,175.06,-15.37,34.31
1836,353829760,-149.90,17.58,658.69,-29.76,174.76,-13.72,34.36
1837,353833809,-135.25,10.74,650.88,-28.90,174.57,-12.99,34.31
1838,353837859,-116.70,33.20,649.41,-28.17,174.88,-13.60,34.64
1839,353841916,-114.75,35.64,642.09,-27.62,174.57,-15.18,34.64
1840,353845965,-129.39,12.21,636.72,-27.13,174.51,-17.20,34.40
1841,353851760,-152.34,4.88,627.44,-26.65,174.63,-18.78,34.40
1842,353855809,-198.24,-7.81,618.16,-25.49,175.12,-21.16,34.36
1843,353859859,-221.68,-24.41,620.61,-24.88,174.82,-22.68,34.40
1844,353863916,-243.65,-29.30,611.33,-23.84,174.82,-24.39,34.40
1845,353867965,-278.32,-21.97,597.17,-23.17,174.27,-25.98,34.50
1846,353873760,-309.57,-35.16,587.89,-23.41,173.35,-26.89,34.31
1847,353877809,-334.96,-49.80,589.84,-22.74,171.46,-26.46,34.21
1848,353881859,-351.07,-52.73,590.33,-22.01,170.73,-25.85,34.50
1849,353885916,-363.77,-57.62,599.12,-21.52,169.51,-24.76,34.40
1850,353889965,-388.18,-57.62,595.21,-20.61,168.66,-24.15,34.16
1851,353895760,-385.74,-52.25,604.49,-19.57,167.62,-23.84,34.64
1852,353899809,-393.07,-56.15,604.49,-18.54,167.01,-23.78,34.40
1853,353903859,-391.11,-71.29,603.03,-17.62,166.52,-23.41,34.50
1854,353907916,-396.48,-76.66,606.93,-16.95,166.28,-22.56,34.64
1855,353911965,-402.83,-86.43,601.07,-15.85,166.22,-21.28,34.40
1856,353917760,-394.53,-96.68,598.14,-14.51,166.46,-19.15,34.21
1857,353921809,-365.72,-115.23,595.21,-12.80,167.38,-16.52,34.50
1858,353925859,-349.61,-105.47,590.33,-11.10,168.78,-15.43,34.50
1859,353929916,-359.37,-94.73,574.71,-10.06,170.12,-15.55,34.40
1860,353933965,-368.65,-108.40,558.11,-9.45,170.18,-15.49,34.40
1861,353939760,-378.91,-116.21,545.90,-8.29,170.79,-14.51,34.31
1862,353943809,-402.83,-119.63,537.60,-6.89,171.22,-13.35,34.50
1863,353947859,-420.41,-107.42,533.69,-6.22,171.28,-12.87,34.02
1864,353951916,-432.62,-89.84,538.09,-5.61,171.16,-12.26,34.40
1865,353955965,-444.82,-75.20,534.18,-4.94,171.83,-12.56,34.50
1866,353961760,-452.15,-55.18,539.55,-4.09,172.44,-13.54,34.64
1867,353965809,-480.96,-28.81,531.74,-4.51,173.84,-15.49,34.50
1868,353969859,-499.51,-35.16,529.79,-4.57,173.96,-16.46,34.36
1869,353973916,-509.28,-40.53,528.81,-4.57,174.15,-17.74,34.64
1870,353979760,-532.23,-37.60,534.18,-4.45,174.51,-18.35,34.50
1871,353983809,-563.96,-35.16,528.81,-4.70,175.06,-18.35,34.55
1872,353987859,-592.77,-30.27,522.46,-4.76,175.00,-17.80,34.50
1873,353991916,-617.19,-21.97,515.62,-5.24,175.12,-17.99,34.31
1874,353995965,-623.05,-9.77,511.23,-5.06,175.00,-18.54,34.50
1875,354001760,-638.18,-9.77,507.32,-5.73,175.12,-18.96,34.12
1876,354005809,-644.53,-32.23,507.81,-6.28,174.09,-19.02,34.64
1877,354009859,-652.34,-33.20,509.77,-6.34,174.15,-18.48,34.64
1878,354013916,-655.76,-34.18,504.88,-6.52,173.78,-18.35,34.31
1879,354017965,-662.11,-34.18,502.93,-6.46,173.84,-18.48,34.64
1880,354023760,-663.57,-32.23,509.28,-6.28,174.39,-18.78,34.50
1881,354027809,-678.71,-27.34,497.56,-6.83,174.33,-20.00,34.31
1882,354031859,-682.62,-38.09,487.79,-7.13,173.96,-20.85,34.64
1883,354035916,-695.31,-31.25,481.93,-7.01,173.78,-21.16,34.50
1884,354039965,-707.52,-32.71,476.07,-7.32,173.90,-21.89,34.55
1885,354045760,-736.82,-31.25,468.26,-7.44,173.29,-22.62,34.31
1886,354049809,-772.46,-41.02,467.29,-7.38,172.62,-24.21,34.36
1887,354053859,-797.85,-42.48,462.89,-7.38,171.77,-25.30,34.40
1888,354057916,-822.27,-42.97,456.05,-6.77,170.67,-26.95,34.64
1889,354061965,-847.66,-36.62,454.59,-6.28,169.51,-28.84,34.40
1890,354067760,-872.56,-44.43,446.78,-6.77,168.11,-30.91,34.40
1891,354071809,-903.81,-45.90,451.17,-7.01,165.61,-32.56,34.16
1892,354075859,-933.11,-24.90,449.22,-6.71,163.84,-33.35,34.55
1893,354079916,-952.64,-7.32,438.96,-7.38,162.13,-34.94,34.55
1894,354083965,-960.45,4.88,428.22,-7.80,160.24,-37.32,34.21
1895,354089760,-970.21,5.37,420.41,-8.84,158.54,-39.76,34.31
1896,354093809,-973.63,-10.74,416.99,-8.84,156.77,-42.44,34.40
1897,354097859,-973.14,-38.57,409.18,-9.39,155.91,-43.35,34.64
1898,354101916,-978.52,-75.68,396.48,-10.30,153.96,-43.54,34.36
1899,354105965,-981.45,-108.89,383.79,-10.37,152.20,-42.56,34.40
1900,354111760,-980.47,-132.32,364.75,-10.18,150.06,-40.91,34.31
1901,354115809,-981.45,-142.09,358.40,-9.70,147.07,-38.23,34.36
1902,354119859,-981.45,-151.86,357.91,-9.76,145.06,-35.79,34.40
1903,354123916,-969.73,-161.62,361.33,-9.57,142.99,-32.50,34.50
1904,354127965,-979.98,-163.09,358.40,-8.96,140.49,-28.48,34.31
1905,354133760,-984.86,-167.97,344.24,-7.93,138.72,-24.27,34.50
1906,354137809,-991.21,-164.06,336.43,-7.01,136.10,-18.90,34.36
1907,354141859,-997.56,-163.09,330.08,-6.71,134.51,-15.37,34.31
1908,354145916,-1003.91,-146.97,326.66,-5.91,132.32,-11.89,34.40
1909,354149965,-1026.86,-128.42,313.48,-4.94,130.12,-8.66,34.40
1910,354155760,-1052.25,-106.45,306.64,-4.39,127.56,-6.46,34.36
1911,354159809,-1065.43,-78.12,301.27,-4.02,124.45,-5.37,34.36
1912,354163859,-1080.57,-62.50,292.97,-3.84,122.38,-5.98,34.40
1913,354167916,-1091.31,-56.64,285.64,-3.54,120.00,-7.74,34.64
1914,354171965,-1108.89,-63.96,278.32,-3.41,117.20,-9.63,34.40
1915,354177760,-1115.23,-80.08,269.04,-3.35,114.57,-11.28,34.55
1916,354181809,-1118.65,-103.52,265.14,-2.62,111.22,-12.56,34.69
1917,354185859,-1124.51,-110.84,266.60,-2.13,109.15,-13.17,34.21
1918,354189916,-1113.28,-108.89,258.79,-1.34,106.34,-13.41,34.36
1919,354195760,-1108.40,-103.52,245.61,-1.10,104.21,-14.21,34.50
1920,354199809,-1100.10,-99.61,237.79,-0.49,102.07,-15.67,34.50
1921,354203859,-1104.98,-106.45,231.93,-0.06,99.88,-16.40,34.64
1922,354207916,-1100.10,-127.44,230.47,0.12,98.41,-16.28,34.36
1923,354211965,-1090.33,-146.00,232.42,0.37,96.65,-15.37,34.74
1924,354217760,-1089.36,-166.50,226.07,0.61,95.00,-13.23,34.64
1925,354221809,-1082.52,-177.25,230.96,1.28,93.05,-9.88,34.64
1926,354225859,-1078.61,-181.64,226.56,1.59,91.10,-7.26,34.40
1927,354229916,-1078.61,-179.20,220.70,1.59,90.06,-5.67,34.21
1928,354233965,-1076.17,-168.95,222.17,1.95,88.66,-4.02,34.55
1929,354239760,-1074.71,-171.39,223.14,2.26,87.32,-2.32,34.64
1930,354243809,-1073.73,-171.39,223.63,2.50,86.28,-1.22,34.40
1931,354247859,-1074.71,-188.96,212.40,2.74,84.94,0.12,34.50
1932,354251916,-1089.84,-173.83,209.47,3.35,83.54,1.52,34.50
1933,354255965,-1097.66,-165.53,204.59,3.90,81.77,2.56,34.50
1934,354261760,-1093.26,-138.67,204.10,4.33,80.06,3.17,34.50
1935,354265809,-1110.84,-91.80,190.92,3.84,78.17,2.13,34.69
1936,354269859,-1116.21,-62.01,171.39,3.41,77.13,0.24,34.64
1937,354273916,-1125.98,-46.39,165.04,2.68,75.43,-2.56,34.50
1938,354277965,-1128.91,-56.15,161.13,1.77,73.78,-5.43,34.64
1939,354283760,-1144.04,-74.71,153.32,1.10,71.71,-7.99,34.40
1940,354287809,-1156.25,-100.59,142.58,0.55,69.27,-8.90,34.31
1941,354291859,-1161.62,-109.37,132.32,0.37,67.38,-8.96,34.36
1942,354295916,-1164.06,-112.79,128.91,0.24,65.12,-8.60,34.40
1943,354299965,-1160.64,-105.96,125.98,0.06,62.56,-8.17,34.40
1944,354305760,-1159.18,-104.49,125.00,-0.06,60.37,-7.50,34.31
1945,354309809,-1156.74,-112.30,128.91,-0.49,57.80,-5.98,34.02
1946,354313859,-1157.71,-131.35,133.30,-0.30,55.98,-4.39,34.36
1947,354317916,-1157.71,-137.21,137.70,-0.12,54.09,-1.52,34.50
1948,354321965,-1142.58,-140.14,141.11,-0.12,52.44,1.46,34.40
1949,354327760,-1134.28,-134.77,149.41,0.18,50.55,4.76,34.31
1950,354331809,-1127.44,-123.54,150.39,0.18,48.96,6.89,34.36
1951,354335859,-1125.49,-108.40,152.34,0.06,47.50,7.68,34.40
1952,354339916,-1123.54,-105.96,154.79,0.00,46.40,8.29,34.40
1953,354343965,-1121.58,-103.52,160.64,-0.49,44.70,8.84,34.40
1954,354349760,-1120.12,-91.31,167.97,-0.67,43.84,9.09,34.55
1955,354353809,-1123.54,-71.78,168.95,-1.46,42.68,8.17,34.40
1956,354357859,-1116.70,-50.29,170.90,-1.95,41.95,7.13,34.40
1957,354361916,-1121.58,-32.71,169.43,-2.74,41.71,4.82,34.50
1958,354365965,-1121.58,-24.90,172.85,-3.72,41.22,1.59,34.64
1959,354371760,-1130.86,-25.88,171.87,-5.18,40.37,-1.34,34.21
1960,354375809,-1145.02,-40.53,166.99,-6.34,39.27,-4.82,34.64
1961,354379859,-1154.30,-46.39,159.18,-6.89,38.29,-6.89,34.64
1962,354383916,-1149.41,-63.48,157.23,-8.05,37.07,-9.15,34.55
1963,354387965,-1133.79,-74.22,167.97,-8.17,36.10,-10.43,34.40
1964,354393760,-1122.56,-84.47,159.18,-8.60,35.06,-10.79,34.36
1965,354397809,-1110.84,-99.12,160.64,-8.84,33.90,-10.98,34.55
1966,354401859,-1094.73,-114.26,160.64,-9.15,33.23,-10.61,34.21
1967,354405916,-1094.73,-119.63,156.74,-9.21,32.62,-9.94,34.36
1968,354409965,-1082.52,-130.37,154.79,-9.15,32.07,-8.96,34.40
1969,354415760,-1075.68,-138.18,153.81,-9.09,31.59,-7.74,34.55
1970,354419809,-1071.78,-134.28,156.74,-8.84,31.16,-6.46,34.64
1971,354423859,-1062.50,-132.81,149.41,-8.90,31.10,-5.98,34.21
1972,354427916,-1065.92,-131.84,146.00,-8.90,30.79,-5.24,34.40
1973,354433760,-1055.18,-126.46,144.04,-9.57,30.43,-5.18,34.40
1974,354437809,-1055.66,-118.65,132.81,-9.88,30.18,-5.00,34.40
1975,354441859,-1046.88,-103.52,129.88,-10.49,29.51,-5.24,34.40
1976,354445916,-1046.39,-93.26,133.30,-11.04,29.33,-6.34,34.21
1977,354449965,-1052.73,-93.75,125.98,-11.83,29.33,-7.20,34.64
1978,354455760,-1051.76,-98.63,120.12,-12.50,29.02,-8.60,34.50
1979,354459809,-1058.11,-104.98,119.14,-13.90,28.60,-9.63,34.69
1980,354463859,-1062.99,-109.37,114.75,-14.39,28.11,-10.49,34.36
1981,354467916,-1062.01,-115.23,118.65,-15.12,27.44,-10.85,34.31
1982,354471965,-1057.13,-117.19,121.58,-15.30,26.89,-11.46,34.55
1983,354477760,-1053.71,-118.65,119.63,-15.67,26.40,-11.46,34.40
1984,354481809,-1052.25,-125.00,120.12,-16.28,25.73,-11.59,34.55
1985,354485859,-1054.20,-125.98,112.79,-15.79,25.18,-12.07,34.50
1986,354489916,-1053.22,-133.79,108.40,-15.91,24.88,-12.07,34.55
1987,354493965,-1051.76,-141.11,103.52,-16.10,24.21,-11.95,34.69
1988,354499760,-1032.71,-144.53,105.96,-15.85,23.41,-11.16,34.50
1989,354503809,-1024.90,-154.30,104.49,-15.49,23.23,-10.12,34.40
1990,354507859,-1019.53,-162.60,103.03,-15.12,22.93,-9.15,34.55
1991,354511916,-1012.21,-162.11,103.52,-14.57,22.68,-8.23,34.50
1992,354515965,-1004.39,-163.57,99.61,-14.09,22.44,-7.56,34.50
1993,354521760,-1001.95,-172.36,95.21,-13.05,22.44,-6.52,34.40
1994,354525809,-989.26,-174.80,96.19,-12.56,22.62,-5.43,34.31
1995,354529859,-985.84,-184.57,87.89,-12.01,22.56,-4.21,34.55
1996,354533916,-982.91,-186.04,88.38,-11.28,22.38,-2.80,34.40
1997,354537965,-974.61,-180.66,86.43,-10.79,22.44,-1.65,34.31
1998,354543760,-968.26,-172.36,87.89,-10.61,22.80,-0.91,34.36
1999,354547809,-974.61,-163.09,84.96,-10.37,22.62,-0.24,34.36
2000,354551859,-984.37,-157.23,80.08,-10.49,22.68,-0.12,34.50
2001,354555916,-985.35,-150.39,77.64,-10.18,22.32,0.12,34.64
2002,354559965,-984.37,-141.60,70.80,-10.49,22.38,0.06,34.64
2003,354565760,-985.84,-127.93,72.27,-10.73,22.26,-0.73,34.64
2004,354569809,-990.72,-120.12,78.12,-10.73,22.01,-2.20,34.40
2005,354573859,-999.02,-125.98,75.68,-10.79,22.01,-3.78,34.55
2006,354577916,-1010.74,-124.51,71.78,-10.85,21.40,-5.30,34.31
2007,354581965,-1021.00,-132.81,77.15,-10.73,21.04,-6.89,34.31
2008,354587760,-1023.93,-146.48,72.27,-10.67,20.30,-7.99,34.40
2009,354591809,-1028.32,-165.04,71.78,-10.18,19.63,-8.35,34.64
2010,354595859,-1032.71,-171.39,73.73,-9.82,18.72,-7.80,34.36
2011,354599916,-1033.69,-179.20,75.68,-9.45,18.11,-7.01,34.31
2012,354603965,-1031.25,-185.55,76.66,-8.54,16.89,-6.04,34.55
2013,354609760,-1028.81,-193.85,73.73,-8.11,16.16,-4.45,34.64
2014,354613809,-1024.90,-200.68,70.31,-7.01,15.18,-2.32,34.21
2015,354617859,-1028.81,-207.03,75.68,-6.65,14.63,-0.37,34.36
2016,354621916,-1034.18,-201.66,75.20,-5.79,13.29,2.01,34.64
2017,354625965,-1039.06,-205.08,73.73,-5.00,12.50,3.84,34.50
2018,354631760,-1046.39,-191.41,75.68,-3.90,12.07,5.61,34.40
2019,354635809,-1058.59,-182.62,70.80,-3.29,11.10,6.83,34.50
2020,354639859,-1071.29,-180.66,67.38,-2.93,10.00,7.62,34.36
2021,354643916,-1080.08,-182.13,66.41,-2.74,8.90,8.29,34.50
2022,354649760,-1088.38,-177.73,59.08,-2.62,7.56,9.51,34.64
2023,354653809,-1097.66,-174.80,61.52,-2.26,6.71,10.91,34.55
2024,354657859,-1101.56,-154.79,59.08,-2.01,5.24,11.34,34.50
2025,354661916,-1118.16,-142.58,51.76,-2.07,4.15,11.34,34.36
2026,354665965,-1119.14,-133.79,53.22,-2.26,2.38,10.98,34.50
2027,354671760,-1132.81,-146.48,46.39,-2.44,0.91,10.67,34.64
2028,354675809,-1142.09,-147.95,45.41,-2.68,-1.40,11.04,34.50
2029,354679859,-1157.23,-151.86,43.46,-2.38,-3.23,11.52,34.55
2030,354683916,-1166.50,-145.02,44.92,-2.13,-4.51,11.77,34.36
2031,354687965,-1178.22,-143.07,47.85,-2.44,-6.77,11.89,34.31
2032,354693760,-1192.87,-150.88,44.92,-2.20,-9.15,12.13,34.40
2033,354697809,-1208.98,-150.88,41.02,-1.65,-12.20,12.38,34.50
2034,354701859,-1220.21,-155.27,42.97,-1.40,-14.33,13.05,34.50
2035,354705916,-1226.56,-155.76,39.55,-1.22,-16.71,13.54,34.64
2036,354709965,-1231.93,-159.67,42.97,-0.67,-19.45,14.57,34.50
2037,354715760,-1237.79,-163.09,41.99,-0.30,-22.01,15.30,34.36
2038,354719809,-1232.42,-166.02,46.39,0.24,-25.12,16.40,34.02
2039,354723859,-1238.77,-173.83,53.71,0.79,-26.95,16.83,34.40
2040,354727916,-1244.14,-187.01,52.73,1.52,-29.63,17.38,34.40
2041,354731965,-1251.95,-195.31,54.20,1.83,-32.26,18.41,34.64
2042,354737760,-1264.65,-201.66,56.15,2.20,-34.94,20.06,34.40
2043,354741809,-1274.41,-203.12,52.73,3.11,-38.54,22.26,34.40
2044,354745859,-1273.93,-199.22,58.11,3.78,-41.22,23.66,34.40
2045,354749916,-1275.39,-193.36,63.48,4.33,-44.33,24.82,34.40
2046,354753965,-1281.25,-188.48,65.43,4.63,-47.07,25.85,34.31
2047,354759760,-1280.27,-179.20,62.01,5.49,-50.30,26.83,34.12
2048,354763809,-1290.04,-179.20,63.48,6.28,-54.15,27.68,34.36
2049,354767859,-1291.99,-174.80,64.45,6.59,-56.52,28.54,34.50
2050,354771916,-1295.41,-178.71,66.89,6.95,-59.63,29.51,34.36
2051,354775965,-1294.92,-172.36,75.20,7.93,-63.05,30.61,34.36
2052,354781760,-1297.85,-164.55,78.12,8.41,-65.85,32.01,34.21
2053,354785809,-1301.76,-159.67,72.75,8.84,-69.70,33.29,34.50
2054,354789859,-1305.18,-150.39,78.61,9.02,-72.44,33.90,34.40
2055,354793916,-1303.22,-151.37,83.98,9.27,-75.67,35.18,34.64
2056,354797965,-1314.94,-141.11,75.68,9.57,-78.66,36.10,34.36
2057,354803760,-1320.31,-133.30,73.24,9.45,-82.13,37.07,34.31
2058,354807809,-1317.38,-125.00,72.27,9.70,-85.98,38.48,34.50
2059,354811859,-1319.82,-117.68,72.75,9.82,-88.72,39.33,34.55
2060,354815916,-1318.36,-117.19,75.20,9.51,-92.07,40.18,34.40
2061,354819965,-1309.08,-117.68,75.20,9.63,-95.73,41.71,34.55
2062,354825760,-1296.87,-120.61,80.57,9.76,-98.78,43.05,34.50
2063,354829809,-1278.32,-110.84,81.05,9.63,-102.74,45.12,34.40
2064,354833859,-1268.07,-112.30,76.66,9.63,-105.12,46.40,34.36
2065,354837916,-1262.70,-106.45,79.10,9.57,-108.17,47.50,34.36
2066,354841965,-1245.61,-107.42,84.47,9.57,-110.91,47.99,34.40
2067,354847760,-1234.86,-104.49,88.87,9.15,-113.60,48.35,34.50
2068,354851809,-1224.12,-105.96,97.17,9.33,-116.71,49.02,34.50
2069,354855859,-1213.38,-101.07,95.70,9.09,-118.66,49.57,34.36
2070,354859916,-1217.29,-90.33,98.14,9.15,-121.59,49.82,34.50
2071,354865760,-1211.43,-77.15,98.63,8.90,-124.09,49.76,34.40
2072,354869809,-1208.50,-69.82,99.12,8.41,-127.26,48.78,34.50
2073,354873859,-1198.24,-61.52,109.37,8.35,-129.88,47.93,34.50
2074,354877916,-1185.55,-62.01,114.75,7.87,-131.95,47.13,34.31
2075,354881965,-1171.88,-66.41,126.95,7.44,-133.78,46.22,34.69
2076,354887760,-1163.57,-80.57,132.81,7.26,-136.10,45.79,34.64
2077,354891809,-1154.30,-86.91,137.70,7.32,-138.72,45.98,34.50
2078,354895859,-1148.44,-90.33,145.02,7.13,-140.73,46.40,34.50
2079,354899916,-1142.09,-85.94,146.97,7.13,-142.62,46.52,34.40
2080,354903965,-1144.53,-74.71,152.83,7.26,-144.63,46.59,34.64
2081,354909760,-1143.55,-75.68,159.67,7.32,-146.95,46.77,34.21
2082,354913809,-1136.72,-72.27,162.11,7.44,-149.76,47.32,34.36
2083,354917859,-1129.88,-66.89,164.06,7.68,-152.26,47.93,34.55
2084,354921916,-1119.14,-67.87,177.25,7.99,-153.90,47.62,34.50
2085,354925965,-1109.38,-64.94,187.99,8.17,-156.28,47.93,34.40
2086,354931760,-1097.17,-61.52,200.20,8.11,-158.11,48.35,34.55
2087,354935809,-1084.96,-62.99,201.66,8.60,-161.04,48.48,34.64
2088,354939859,-1062.99,-67.87,211.43,8.72,-162.68,48.72,34.40
2089,354943916,-1059.08,-61.52,229.98,9.27,-164.21,48.96,34.50
2090,354947965,-1060.55,-54.20,231.45,9.09,-166.46,49.09,34.55
2091,354953760,-1059.08,-28.81,241.21,8.90,-168.48,48.72,34.21
2092,354957809,-1056.15,-15.14,244.14,8.35,-170.61,47.38,34.36
2093,354961859,-1054.69,-1.46,247.07,7.87,-172.32,45.98,34.64
2094,354965916,-1041.02,10.74,256.84,7.99,-174.02,43.96,34.50
2095,354969965,-1023.93,16.60,275.88,7.74,-175.49,42.07,34.55
2096,354975760,-1006.84,13.67,294.43,7.13,-176.77,40.12,34.31
2097,354979809,-1000.98,4.39,308.59,6.65,-177.93,38.23,34.50
2098,354983859,-993.16,7.81,316.89,6.59,-179.33,37.80,34.64
2099,354987916,-991.70,5.86,312.50,6.34,-180.67,37.20,34.50
2100,354991965,-974.61,8.30,324.22,6.40,-182.07,36.95,34.31
2101,354997760,-953.61,10.25,342.77,6.52,-183.66,36.71,34.40
2102,355001809,-933.11,15.62,371.09,6.46,-185.06,36.95,34.50
2103,355005859,-928.71,19.53,394.04,6.52,-185.91,36.89,34.64
2104,355009916,-929.20,30.27,395.02,6.71,-186.89,37.44,34.64
2105,355013965,-922.36,46.87,398.44,6.40,-188.72,37.93,34.40
2106,355019760,-910.16,51.76,400.88,6.40,-190.30,38.48,34.64
2107,355023809,-894.04,54.69,421.39,5.91,-192.26,38.78,34.50
2108,355027859,-880.37,61.52,445.80,5.79,-193.23,38.84,34.31
2109,355031916,-876.95,74.22,458.01,5.91,-194.63,39.21,34.40
2110,355035965,-870.61,87.40,469.24,5.37,-196.34,39.39,34.55
2111,355041760,-848.14,107.91,473.14,4.70,-197.74,38.78,34.40
2112,355045809,-814.45,119.14,490.23,4.15,-199.45,37.87,34.69
2113,355049859,-793.46,115.72,499.51,3.66,-200.49,37.13,34.50
2114,355053916,-779.30,128.91,505.37,2.93,-201.34,36.59,34.55
2115,355057965,-762.21,138.67,508.79,2.13,-202.56,36.22,34.50
2116,355063760,-749.02,149.41,508.79,1.28,-203.35,35.67,34.31
2117,355067809,-720.21,159.18,514.65,0.06,-204.39,35.12,34.50
2118,355071859,-697.27,171.39,514.65,-0.85,-204.76,34.63,34.40
2119,355075916,-682.62,166.99,527.83,-2.01,-205.37,33.96,34.40
2120,355081760,-651.86,163.57,527.83,-2.93,-206.04,32.99,34.88
2121,355085809,-623.05,155.76,550.78,-4.02,-205.91,32.07,34.36
2122,355089859,-596.68,145.51,561.04,-5.37,-205.67,31.46,34.50
2123,355093916,-572.75,144.53,575.68,-6.16,-205.06,31.28,34.21
2124,355097965,-556.15,146.48,586.43,-7.56,-204.63,31.16,34.36
2125,355102015,-545.41,143.55,593.75,-8.29,-204.82,31.46,34.50
2126,355107760,-535.64,150.88,608.40,-9.39,-204.02,31.22,34.40
2127,355111809,-530.27,179.20,614.75,-11.28,-203.66,30.91,34.64
2128,355115859,-546.39,198.24,612.30,-12.20,-203.78,30.37,34.50
2129,355119916,-555.18,206.05,611.82,-13.78,-203.41,29.63,34.55
2130,355125760,-548.83,217.77,617.68,-15.55,-203.78,28.17,34.31
2131,355129809,-535.16,216.31,626.46,-17.44,-203.84,26.40,34.55
2132,355133859,-517.09,211.91,633.30,-18.96,-204.21,24.94,34.50
2133,355137916,-494.63,207.52,641.60,-20.18,-203.96,23.60,34.31
2134,355141965,-474.12,208.50,644.04,-21.16,-203.90,21.89,34.36
2135,355147760,-454.59,210.94,640.14,-22.62,-203.66,20.12,34.50
2136,355151809,-429.20,217.77,637.21,-24.57,-203.72,18.05,34.64
2137,355155859,-396.48,220.21,634.77,-25.98,-203.54,16.34,34.64
2138,355159916,-361.33,208.98,649.90,-27.44,-203.05,14.88,34.55
2139,355163965,-338.87,194.34,658.20,-28.60,-202.26,12.99,34.40
2140,355169760,-314.94,173.34,668.46,-29.88,-201.46,11.46,34.55
2141,355173809,-291.02,150.39,678.22,-30.85,-200.43,10.12,34.40
2142,355177859,-271.48,137.70,675.29,-31.28,-200.00,10.18,34.64
2143,355181916,-256.35,129.88,686.52,-31.95,-199.39,10.06,34.40
2144,355185965,-243.16,125.00,680.18,-32.68,-198.41,10.55,34.64
2145,355191760,-231.45,133.79,677.25,-33.41,-197.68,11.04,34.21
2146,355195809,-223.63,148.44,678.22,-34.27,-197.38,10.43,34.40
2147,355199859,-219.73,154.79,684.57,-34.82,-197.32,10.00,34.21
2148,355203916,-210.45,150.88,692.87,-35.67,-197.20,9.39,34.50
2149,355207965,-197.75,144.53,700.20,-36.34,-197.32,9.33,34.50
2150,355213760,-187.99,141.60,704.59,-37.07,-197.13,9.45,34.55
2151,355217809,-172.85,147.95,701.17,-37.50,-197.20,9.21,34.31
2152,355221859,-146.97,138.18,700.20,-38.23,-197.13,9.27,34.64
2153,355225916,-129.39,126.46,703.12,-38.48,-196.95,9.15,34.64
2154,355229965,-121.09,103.52,703.12,-38.84,-197.32,9.15,34.40
2155,355235760,-99.61,81.54,700.68,-38.84,-197.32,9.33,34.40
2156,355239809,-60.06,63.48,713.38,-38.72,-196.22,9.70,34.50
2157,355243859,-41.99,56.64,711.43,-38.72,-195.49,10.18,34.50
2158,355247916,-27.83,51.27,708.50,-38.35,-195.00,11.16,34.50
2159,355251965,-9.28,36.13,701.66,-38.66,-194.33,12.68,34.40
2160,355257760,6.84,24.90,703.12,-38.66,-193.72,14.27,34.50
2161,355261809,33.20,11.23,702.15,-38.29,-192.80,16.77,34.64
2162,355265859,41.99,24.90,703.12,-37.80,-192.26,18.11,34.69
2163,355269916,44.92,35.16,691.89,-37.68,-191.83,19.88,34.50
2164,355273965,49.80,61.04,685.55,-37.62,-191.40,20.85,34.50
2165,355279760,58.59,91.31,675.29,-38.29,-190.61,20.85,34.50
2166,355283809,62.50,118.65,663.09,-39.09,-190.12,18.96,34.64
2167,355287859,75.68,125.49,663.09,-39.88,-190.24,16.89,34.40
2168,355291916,85.94,123.54,666.50,-40.79,-190.06,13.41,34.74
2169,355295965,107.91,107.91,680.66,-41.40,-189.45,9.94,34.50
2170,355301760,112.79,97.17,686.52,-42.38,-189.27,6.77,34.50
2171,355305809,127.44,88.38,680.18,-43.29,-188.35,3.48,34.69
2172,355309859,146.97,75.68,674.32,-43.72,-188.35,1.22,34.50
2173,355313916,153.81,70.80,670.41,-44.33,-187.93,-0.61,34.64
2174,355319760,175.29,41.50,666.99,-44.88,-187.93,-2.26,34.50
2175,355323809,202.15,24.41,661.62,-44.94,-187.68,-3.72,34.64
2176,355327859,221.19,15.62,666.50,-44.63,-187.56,-4.15,34.36
2177,355331916,242.68,4.39,655.27,-44.51,-187.01,-3.84,34.40
2178,355335965,255.86,-6.84,652.34,-44.39,-186.83,-3.66,34.55
2179,355341760,274.41,-19.04,647.95,-44.15,-186.10,-2.74,34.88
2180,355345809,294.92,-27.83,639.16,-43.78,-185.61,-0.79,34.50
2181,355349859,312.01,-39.55,640.14,-43.60,-185.12,1.59,34.55
2182,355353916,325.68,-52.73,641.60,-43.05,-184.70,3.48,34.40
2183,355357965,334.47,-61.52,641.11,-42.13,-183.84,6.28,34.55
2184,355363760,349.61,-52.73,647.46,-41.59,-182.93,8.72,34.50
2185,355367809,359.37,-40.04,638.18,-40.61,-181.40,11.40,34.40
2186,355371859,372.56,-28.81,631.84,-40.24,-180.37,12.87,34.69
2187,355375916,379.39,-9.28,627.44,-40.00,-179.39,13.41,34.64
2188,355379965,386.23,4.88,614.75,-39.82,-178.29,13.35,34.40
2189,355385760,385.74,21.48,613.28,-40.06,-177.26,12.44,34.55
2190,355389809,396.97,24.41,606.93,-40.61,-176.65,10.37,34.31
2191,355393859,417.97,12.70,610.84,-40.79,-175.73,8.23,34.55
2192,355397916,438.96,12.21,609.86,-40.91,-174.63,6.04,34.64
2193,355401965,457.03,6.35,610.84,-40.67,-173.11,2.80,34.64
2194,355407760,470.70,-1.46,604.49,-40.85,-172.01,-0.73,34.40
2195,355411809,500.00,-19.53,596.19,-40.61,-170.49,-3.84,34.55
2196,355415859,517.58,-28.81,589.84,-40.49,-169.76,-5.43,34.69
2197,355419916,530.76,-32.23,584.96,-40.00,-168.54,-7.56,34.40
2198,355423965,549.80,-45.90,586.43,-39.70,-167.20,-9.21,34.40
2199,355429760,561.04,-59.08,581.54,-39.39,-165.67,-9.88,34.50
2200,355433809,581.05,-71.29,585.94,-38.41,-163.84,-9.94,34.40
2201,355437859,595.21,-87.40,575.68,-37.68,-162.32,-9.27,34.40
2202,355441916,594.24,-83.50,574.71,-36.71,-161.04,-8.05,34.50
2203,355445965,595.21,-83.98,572.27,-35.85,-159.82,-6.89,34.21
2204,355451760,595.21,-79.10,570.31,-35.00,-159.09,-5.24,34.50
2205,355455809,602.54,-70.80,574.71,-34.45,-157.74,-3.66,34.40
2206,355459859,607.91,-59.57,572.27,-34.21,-156.89,-3.05,34.40
2207,355463916,614.75,-45.41,569.82,-33.54,-156.34,-2.93,34.31
2208,355467965,623.05,-26.86,560.55,-33.29,-154.88,-3.60,34.21
2209,355473760,625.49,-13.67,553.22,-33.05,-154.15,-4.51,34.50
2210,355477809,636.23,-10.74,546.39,-33.29,-152.80,-6.65,34.40
2211,355481859,649.41,-9.77,549.80,-33.23,-151.77,-7.99,34.36
2212,355485916,665.53,-13.67,548.34,-32.99,-150.06,-10.55,34.64
2213,355489965,672.85,-24.41,546.39,-32.56,-148.78,-12.80,34.40
2214,355495760,699.22,-37.60,544.92,-32.13,-147.20,-14.63,34.64
2215,355499809,714.36,-53.71,544.92,-31.46,-144.94,-15.98,34.55
2216,355503859,731.45,-75.68,544.43,-30.85,-143.84,-16.04,34.21
2217,355507916,735.84,-82.03,541.02,-30.24,-142.20,-15.79,34.50
2218,355511965,741.70,-86.43,539.55,-29.02,-141.16,-14.82,34.50
2219,355517760,750.49,-75.20,537.11,-28.48,-140.00,-13.78,34.64
2220,355521809,753.42,-71.29,543.95,-27.44,-138.11,-12.50,34.40
2221,355525859,749.51,-62.50,534.67,-27.20,-137.13,-11.83,34.50
2222,355529916,752.44,-58.59,531.25,-26.77,-136.71,-10.85,34.55
2223,355535760,764.16,-66.89,521.97,-26.10,-136.10,-10.00,34.64
2224,355539809,776.86,-73.73,517.09,-25.43,-135.43,-8.23,34.55
2225,355543859,792.97,-82.03,517.09,-24.39,-134.15,-6.10,34.64
2226,355547916,807.62,-91.31,503.42,-24.02,-133.11,-4.33,34.02
2227,355551965,814.94,-89.36,496.09,-23.11,-132.20,-1.22,34.55
2228,355557760,819.82,-88.38,484.37,-22.44,-130.91,1.59,34.69
2229,355561809,820.31,-72.75,477.54,-21.52,-129.51,5.43,34.50
2230,355565859,827.64,-63.48,471.68,-21.16,-128.35,8.11,34.55
2231,355569916,825.20,-50.78,464.84,-20.73,-127.68,9.27,34.21
2232,355573965,833.98,-37.60,457.03,-20.61,-126.83,10.06,34.31
2233,355579760,834.47,-13.67,460.45,-20.98,-125.24,9.70,34.55
2234,355583809,840.82,11.23,454.59,-21.22,-123.29,8.90,34.31
2235,355587859,837.40,24.41,451.17,-21.65,-121.89,6.65,34.36
2236,355591916,839.36,22.95,439.45,-22.13,-121.16,4.27,34.64
2237,355595965,847.66,21.48,437.99,-22.87,-120.18,1.22,34.31
2238,355601760,861.82,21.48,437.50,-23.41,-119.15,-1.83,34.31
2239,355605809,872.07,18.07,439.45,-24.21,-117.80,-5.00,34.69
2240,355609859,883.79,10.25,433.59,-24.76,-116.65,-6.65,34.64
2241,355613916,890.14,2.44,429.20,-25.43,-115.55,-8.78,34.36
2242,355617965,886.23,-10.25,423.34,-25.79,-114.70,-10.79,34.55
2243,355623760,893.07,-29.30,415.53,-25.79,-113.54,-11.46,34.50
2244,355627809,893.07,-39.06,415.53,-26.22,-112.32,-11.89,34.36
2245,355631859,885.74,-44.92,403.81,-26.10,-111.89,-11.89,34.40
2246,355635916,885.25,-60.55,396.00,-25.55,-111.65,-11.89,34.36
2247,355639965,880.86,-58.59,392.58,-25.49,-111.22,-11.59,34.21
2248,355645760,880.86,-62.50,385.74,-25.30,-110.61,-12.32,34.31
2249,355649809,865.23,-60.55,377.93,-25.30,-110.61,-12.32,34.31
2250,355653859,864.26,-67.38,372.56,-24.88,-110.55,-12.44,34.12
2251,355657916,867.68,-69.82,358.89,-24.88,-110.67,-11.89,34.69
2252,355661965,872.56,-63.96,348.14,-24.88,-110.61,-11.40,34.31
2253,355667760,890.14,-66.89,340.33,-24.76,-110.37,-10.30,34.40
2254,355671809,901.86,-69.34,320.80,-25.06,-110.06,-9.45,34.40
2255,355675859,914.55,-75.20,304.20,-24.82,-110.00,-8.23,34.64
2256,355679916,918.95,-83.01,290.53,-24.70,-109.82,-6.95,34.40
2257,355683965,914.06,-95.70,278.32,-24.39,-109.88,-5.30,34.31
2258,355689760,910.16,-94.73,265.14,-24.15,-109.82,-3.05,34.40
2259,355693809,913.09,-89.84,252.93,-24.27,-109.88,-0.55,34.40
2260,355697859,921.39,-91.80,247.56,-24.33,-110.00,0.73,34.50
2261,355701916,919.92,-70.31,234.37,-24.15,-109.45,1.34,34.36
2262,355705965,930.66,-49.32,227.54,-24.39,-109.09,0.43,34.36
2263,355711760,942.38,-33.20,234.86,-25.24,-108.66,-0.91,34.40
2264,355715809,954.59,-32.23,229.98,-26.04,-107.80,-4.09,34.36
2265,355719859,966.31,-35.16,224.61,-26.77,-107.07,-6.10,34.64
2266,355723916,976.07,-35.16,222.17,-27.26,-106.34,-8.66,34.50
2267,355727965,985.35,-49.80,212.89,-28.11,-104.94,-10.73,34.40
2268,355733760,995.12,-59.08,205.57,-28.23,-103.54,-11.71,34.64
2269,355737809,985.84,-67.87,197.27,-28.35,-101.16,-12.87,34.40
2270,355741859,975.59,-62.99,191.41,-28.54,-100.37,-13.11,34.50
2271,355745916,971.68,-69.34,180.18,-28.78,-98.90,-13.17,34.50
2272,355751760,955.57,-56.64,169.92,-28.35,-98.29,-13.78,34.50
2273,355755809,945.80,-59.08,159.67,-28.23,-97.68,-14.02,34.40
2274,355759859,950.20,-67.38,159.18,-27.87,-97.44,-13.96,34.64
2275,355763916,956.05,-78.12,157.71,-27.50,-97.32,-13.54,34.31
2276,355767965,959.96,-84.47,146.00,-26.59,-96.71,-12.38,34.74
2277,355772015,964.36,-94.73,136.72,-25.67,-96.40,-10.73,34.64
2278,355777760,972.17,-105.47,138.18,-24.51,-95.67,-7.80,34.31
2279,355781809,975.59,-106.93,137.70,-22.87,-95.18,-4.82,34.64
2280,355785859,987.30,-112.79,130.37,-21.95,-94.63,-1.89,34.55
2281,355789916,985.84,-112.79,124.02,-20.30,-93.90,1.65,34.40
2282,355795760,984.86,-108.40,113.77,-18.90,-93.54,4.63,34.55
2283,355799809,988.28,-95.70,118.16,-17.38,-92.44,7.56,34.55
2284,355803859,993.65,-82.52,115.72,-16.65,-91.77,9.21,34.50
2285,355807916,982.91,-69.82,101.56,-16.10,-91.10,9.94,34.40
2286,355811965,982.91,-61.52,99.61,-15.85,-90.73,10.49,34.36
2287,355817760,972.66,-45.90,96.19,-15.49,-90.79,10.30,34.64
2288,355821809,959.96,-25.88,84.96,-15.85,-90.06,8.90,34.16
2289,355825859,945.31,-5.37,81.54,-16.34,-89.88,6.83,34.50
2290,355829916,928.22,9.77,83.01,-17.07,-89.82,4.09,34.40
2291,355833965,933.59,24.90,93.75,-18.23,-89.57,-0.79,34.50
2292,355839760,939.45,41.02,104.49,-18.66,-89.76,-6.40,34.36
2293,355843809,966.31,32.71,107.42,-20.61,-88.41,-14.51,34.21
2294,355847859,979.98,19.53,96.68,-21.59,-88.23,-19.63,34.40
2295,355851916,982.91,-4.88,89.84,-22.13,-88.11,-25.55,34.40
2296,355855965,993.16,-31.74,83.01,-22.74,-87.80,-29.82,34.55
2297,355861760,995.61,-47.36,81.05,-22.87,-87.87,-32.50,34.40
2298,355865809,991.21,-59.08,68.85,-22.87,-87.80,-33.41,34.55
2299,355869859,1003.42,-74.22,63.48,-22.56,-88.05,-32.87,34.50
2300,355873916,1014.65,-84.96,55.66,-22.20,-88.60,-31.16,34.40
2301,355877965,1026.37,-104.98,36.13,-21.83,-88.90,-27.62,34.16
2302,355883760,1039.06,-128.91,22.46,-20.43,-89.33,-23.35,34.16
2303,355887809,1056.64,-143.07,7.81,-18.84,-89.63,-16.77,34.21
2304,355891859,1073.24,-149.90,-2.93,-17.93,-89.51,-12.62,34.50
2305,355895916,1082.52,-157.23,-18.07,-16.77,-89.51,-7.26,34.50
2306,355899965,1117.68,-151.37,-37.60,-15.37,-89.76,-2.38,34.31
2307,355905760,1137.21,-140.14,-61.52,-14.63,-89.09,1.46,34.40
2308,355909809,1141.11,-117.19,-79.10,-14.21,-87.62,4.02,34.50
2309,355913859,1151.37,-106.45,-97.66,-13.84,-86.71,4.57,34.31
2310,355917916,1155.76,-96.19,-104.49,-14.09,-85.30,3.96,34.50
2311,355921965,1168.46,-70.80,-111.82,-14.21,-83.54,1.83,34.31
2312,355927760,1187.01,-67.38,-112.79,-14.39,-81.10,-1.16,34.64
2313,355931809,1189.94,-61.52,-108.40,-14.82,-78.17,-6.71,34.31
2314,355935859,1192.38,-66.89,-106.45,-14.88,-75.73,-10.79,34.40
2315,355939916,1184.08,-73.24,-104.00,-14.70,-73.05,-16.10,34.50
2316,355943965,1184.08,-82.03,-94.73,-14.51,-70.37,-21.83,34.50
2317,355949760,1196.29,-98.63,-87.89,-14.09,-67.80,-26.89,34.50
2318,355953809,1207.03,-109.37,-88.38,-13.05,-64.33,-31.34,34.50
2319,355957859,1205.57,-124.02,-96.19,-12.38,-62.26,-33.78,34.36
2320,355961916,1208.01,-128.91,-95.21,-11.34,-59.76,-36.22,34.40
2321,355965965,1202.15,-139.16,-88.87,-10.61,-56.95,-37.56,34.64
2322,355971760,1201.17,-150.39,-93.26,-9.33,-54.27,-38.35,34.55
2323,355975809,1192.38,-155.27,-89.84,-7.50,-52.01,-38.05,34.50
2324,355979859,1181.64,-153.32,-84.96,-6.46,-50.37,-38.29,34.12
2325,355983916,1183.11,-153.32,-81.54,-4.82,-48.84,-38.78,34.21
2326,355989760,1182.62,-156.74,-78.61,-4.02,-47.62,-38.78,34.50
2327,355993809,1177.73,-149.41,-79.10,-3.17,-46.52,-38.54,34.40
2328,355997859,1172.85,-130.37,-72.75,-2.62,-45.67,-39.09,34.55
2329,356001916,1166.02,-111.82,-82.03,-2.38,-45.24,-39.94,34.36
2330,356005965,1168.46,-107.91,-89.36,-2.32,-45.06,-41.34,34.50
2331,356011760,1193.36,-122.07,-110.35,-2.20,-45.18,-42.44,34.50
2332,356015809,1221.68,-139.16,-140.14,-1.95,-44.76,-41.83,34.36
2333,356019859,1242.19,-151.37,-163.57,-1.16,-44.02,-40.24,34.40
2334,356023916,1266.11,-157.71,-187.50,-0.61,-43.29,-38.35,34.31
2335,356027965,1275.39,-158.20,-197.27,0.61,-42.93,-35.79,34.50
2336,356033760,1291.99,-163.09,-207.03,1.95,-42.01,-32.13,34.55
2337,356037809,1293.95,-154.79,-220.21,4.02,-40.73,-27.38,34.50
2338,356041859,1290.53,-146.97,-219.73,5.85,-39.82,-23.35,34.50
2339,356045916,1296.39,-135.25,-215.33,7.20,-39.39,-20.18,34.50
2340,356049965,1298.34,-132.32,-214.84,8.66,-38.29,-16.77,34.50
2341,356055760,1308.11,-112.30,-203.12,9.45,-36.89,-13.90,34.69
2342,356059809,1318.85,-88.38,-200.68,10.18,-35.61,-10.79,34.02
2343,356063859,1332.03,-86.43,-192.87,10.24,-34.45,-9.39,34.64
2344,356067916,1339.84,-86.43,-196.78,10.06,-32.80,-7.38,34.50
2345,356071965,1344.73,-89.36,-197.27,10.18,-30.85,-5.85,34.40
2346,356077760,1354.00,-68.85,-190.92,10.18,-28.72,-5.06,34.31
2347,356081809,1361.82,-59.57,-187.50,10.55,-25.61,-5.49,34.40
2348,356085859,1373.05,-68.36,-187.01,10.55,-23.96,-5.98,34.55
2349,356089916,1366.70,-62.50,-192.38,10.55,-20.79,-6.04,34.50
2350,356093965,1352.05,-54.69,-191.89,10.30,-17.87,-6.46,34.31
2351,356099760,1340.82,-60.06,-194.34,10.06,-15.85,-6.71,34.21
2352,356103809,1338.38,-34.67,-180.66,10.30,-12.07,-8.60,34.36
2353,356107859,1328.61,-15.14,-171.87,10.24,-10.12,-10.37,34.69
2354,356111916,1313.48,-15.62,-159.67,9.82,-7.74,-13.29,34.40
2355,356115965,1307.62,-15.62,-153.81,9.57,-5.79,-15.98,34.50
2356,356121760,1299.32,-10.74,-145.02,8.78,-3.90,-18.96,34.31
2357,356125809,1279.79,-4.88,-123.05,8.60,-2.56,-22.26,34.64
2358,356129859,1268.07,-4.88,-100.10,7.62,-1.65,-24.15,34.50
2359,356133916,1251.46,-11.72,-81.54,6.28,-0.61,-25.79,34.64
2360,356137965,1241.70,-20.02,-61.04,5.30,0.18,-27.20,34.21
2361,356143760,1215.82,-23.93,-35.64,4.33,0.49,-27.68,34.31
2362,356147809,1196.29,-40.53,-17.58,2.68,0.43,-27.01,34.40
2363,356151859,1186.04,-63.96,-23.44,2.01,-0.06,-25.43,34.50
2364,356155916,1184.08,-88.38,-40.04,1.34,-1.04,-21.16,34.40
2365,356159965,1186.04,-107.42,-68.36,0.55,-1.59,-15.55,34.64
2366,356165760,1187.99,-117.68,-88.38,-0.37,-2.93,-9.21,34.64
2367,356169809,1190.43,-117.68,-104.49,-0.55,-4.27,-1.10,34.40
2368,356173859,1207.03,-131.35,-126.46,-1.04,-4.94,4.45,34.40
2369,356177916,1219.24,-139.16,-134.77,-1.10,-5.49,11.95,34.40
2370,356181965,1229.00,-131.35,-127.93,-0.79,-5.73,17.93,34.50
2371,356187760,1232.91,-118.16,-123.54,-0.91,-5.55,23.23,34.55
2372,356191809,1234.38,-88.87,-106.93,-1.22,-5.12,26.71,34.40
2373,356195859,1238.77,-81.54,-100.10,-1.04,-4.70,27.56,34.40
2374,356199916,1239.26,-73.24,-89.84,-0.98,-3.66,27.56,34.40
2375,356205760,1244.14,-58.59,-84.47,-1.10,-1.95,26.10,34.55
2376,356209809,1241.21,-54.69,-88.87,-1.22,0.06,22.44,34.21
2377,356213859,1240.23,-66.41,-80.08,-1.28,1.77,19.33,34.36
2378,356217916,1234.38,-67.87,-78.12,-1.22,3.05,16.65,34.12
2379,356221965,1232.91,-67.38,-77.15,-1.71,5.18,13.29,34.55
2380,356227760,1253.42,-77.15,-84.96,-1.95,6.71,10.67,34.50
2381,356231809,1272.95,-98.14,-109.86,-2.26,8.35,8.72,34.55
2382,356235859,1290.53,-119.14,-128.42,-2.07,9.88,8.84,34.40
2383,356239916,1297.85,-132.32,-146.00,-1.83,11.10,9.33,34.50
2384,356243965,1306.64,-150.88,-158.20,-1.40,12.38,11.28,34.64
2385,356249760,1314.94,-162.11,-165.53,-0.49,13.90,14.39,34.50
2386,356253809,1315.92,-151.37,-175.29,1.04,16.28,18.23,34.40
2387,356257859,1302.73,-146.48,-168.95,2.01,17.87,20.85,34.40
2388,356261916,1297.85,-139.16,-160.16,3.17,19.21,22.56,34.64
2389,356265965,1294.92,-125.00,-157.23,4.39,21.16,23.96,34.40
2390,356271760,1284.67,-107.42,-147.95,5.37,22.68,24.94,34.64
2391,356275809,1267.09,-103.03,-130.37,6.34,24.76,25.06,34.50
2392,356279859,1255.37,-87.89,-119.14,6.89,25.91,25.24,34.55
2393,356283916,1242.19,-77.15,-119.63,7.01,27.44,24.33,34.64
2394,356287965,1233.40,-70.31,-108.89,7.13,28.78,23.23,34.50
2395,356293760,1237.30,-71.78,-108.40,7.32,29.57,21.95,34.31
2396,356297809,1252.44,-66.41,-101.07,6.65,31.28,20.00,34.40
2397,356301859,1259.77,-62.99,-101.56,6.34,32.20,18.35,34.40
2398,356305916,1276.37,-72.75,-107.42,5.55,33.05,16.22,34.50
2399,356309965,1291.02,-86.43,-114.75,4.94,34.70,15.00,34.21
2400,356315760,1303.22,-92.77,-123.54,4.39,36.46,13.90,34.31
2401,356319809,1303.71,-88.87,-116.21,3.96,38.29,12.74,34.31
2402,356323859,1310.55,-91.31,-123.05,3.78,39.57,12.07,34.50
2403,356327916,1316.89,-103.03,-127.93,3.84,40.98,10.85,34.21
2404,356331965,1318.36,-106.45,-128.91,3.66,42.56,9.76,34.16
2405,356337760,1325.68,-118.65,-128.42,3.72,44.27,9.51,34.40
2406,356341809,1331.54,-135.25,-129.88,4.02,45.79,9.21,34.64
2407,356345859,1341.80,-153.32,-123.54,4.51,47.07,9.39,34.50
2408,356349916,1350.10,-163.57,-120.61,5.00,48.90,9.45,34.55
2409,356353965,1364.26,-172.85,-119.14,5.43,50.55,10.30,34.36
2410,356359760,1382.32,-183.11,-117.68,5.98,52.50,11.10,34.64
2411,356363809,1395.51,-186.52,-111.82,7.01,54.57,12.56,34.64
2412,356367859,1402.34,-204.59,-111.33,7.74,56.28,13.29,34.64
2413,356371916,1410.16,-216.31,-105.47,8.72,57.93,14.94,34.55
2414,356375965,1423.34,-230.96,-94.73,9.76,59.88,16.59,34.64
2415,356381760,1422.36,-245.12,-88.87,10.79,61.89,18.48,34.40
2416,356385809,1437.01,-255.37,-84.47,12.44,64.45,20.61,34.69
2417,356389859,1431.64,-256.35,-75.68,13.54,66.40,22.01,34.31
2418,356393916,1430.66,-255.86,-70.80,15.24,68.48,22.87,34.40
2419,356397965,1433.11,-250.00,-59.57,16.71,71.40,23.78,34.50
2420,356403760,1433.11,-246.58,-49.32,17.80,73.78,23.84,34.31
2421,356407809,1440.92,-235.35,-42.97,19.09,76.52,22.62,34.50
2422,356411859,1435.55,-220.21,-45.41,20.30,78.66,21.22,34.31
2423,356415916,1432.13,-207.03,-41.02,20.73,81.04,18.17,34.50
2424,356421760,1440.92,-182.62,-29.30,21.22,83.84,13.60,34.36
2425,356425809,1443.85,-170.41,-21.00,21.28,87.32,7.26,34.50
2426,356429859,1448.73,-156.74,-14.16,21.04,90.24,1.04,34.74
2427,356433916,1445.80,-148.44,-9.28,20.73,92.99,-4.33,34.36
2428,356437965,1448.73,-150.39,-7.32,20.12,96.28,-11.34,34.40
2429,356442015,1443.85,-147.95,-5.37,20.06,99.39,-17.80,34.64
2430,356447760,1444.82,-159.18,-9.77,19.70,102.07,-22.87,34.31
2431,356451809,1441.89,-168.95,-23.93,19.33,105.67,-26.83,34.55
2432,356455859,1441.89,-190.92,-27.34,19.33,108.05,-28.23,34.50
2433,356459916,1443.85,-201.17,-32.23,19.63,110.79,-28.05,34.40
2434,356465760,1433.11,-213.87,-42.48,20.00,113.11,-26.16,34.64
2435,356469809,1437.50,-220.21,-49.32,20.85,116.34,-22.20,34.64
2436,356473859,1425.78,-214.84,-53.71,21.77,118.96,-17.20,34.64
2437,356477916,1408.69,-205.57,-58.59,22.50,120.98,-13.23,34.16
2438,356481965,1393.55,-196.29,-69.82,23.90,123.11,-8.29,34.50
2439,356487760,1381.35,-193.36,-77.15,25.18,125.18,-3.60,34.55
2440,356491809,1366.70,-165.04,-70.80,27.01,128.11,0.67,34.50
2441,356495859,1341.31,-129.88,-67.87,27.56,129.94,2.32,34.64
2442,356499916,1329.10,-116.21,-61.04,28.23,131.71,2.93,34.64
2443,356503965,1316.89,-101.07,-55.18,29.21,134.21,2.07,34.31
2444,356509760,1309.08,-77.15,-50.29,29.76,136.95,-0.30,34.31
2445,356513809,1300.29,-26.86,-39.06,29.82,140.61,-5.61,34.64
2446,356517859,1288.57,-4.39,-23.44,29.33,142.74,-10.37,34.64
2447,356521916,1280.27,8.79,-18.55,28.41,146.04,-17.38,34.50
2448,356525965,1269.53,28.81,-8.30,27.68,148.90,-24.82,34.64
2449,356531760,1262.70,41.50,12.70,26.59,152.38,-32.74,34.36
2450,356535809,1240.23,42.97,40.53,25.18,156.65,-41.71,34.21
2451,356539859,1236.33,41.50,69.34,24.33,159.15,-46.89,34.40
2452,356543916,1229.00,41.99,78.12,23.05,162.99,-52.01,34.50
2453,356547965,1219.73,32.23,97.66,22.01,166.71,-55.61,34.36
2454,356553760,1199.71,18.55,116.70,20.61,170.30,-57.13,34.21
2455,356557809,1178.71,19.04,133.30,19.33,174.02,-56.95,34.31
2456,356561859,1153.81,14.65,141.11,18.17,176.71,-55.91,34.31
2457,356565916,1123.05,12.21,146.00,17.20,179.02,-53.84,34.31
2458,356569965,1085.45,14.65,140.62,15.79,181.04,-50.73,34.36
2459,356575760,1066.41,32.71,136.72,14.51,182.74,-48.17,34.64
2460,356579809,1048.34,60.55,135.74,12.99,184.45,-46.40,34.40
2461,356583859,1052.25,80.57,131.84,11.10,185.30,-46.40,34.64
2462,356587916,1047.85,109.37,128.91,9.57,186.77,-48.96,34.64
2463,356591965,1048.34,141.60,126.95,6.89,188.66,-53.84,34.36
2464,356597760,1032.71,166.50,110.84,3.90,190.55,-60.12,34.36
2465,356601809,1015.14,216.80,102.05,-1.04,192.56,-69.02,34.64
2466,356605859,1013.67,252.93,104.98,-3.84,193.72,-75.61,34.31
2467,356609916,993.16,281.25,108.40,-8.60,195.98,-85.73,34.40
2468,356613965,976.56,321.29,114.75,-13.35,197.56,-96.16,34.55
2469,356619760,962.40,346.19,117.19,-18.48,199.27,-107.13,34.64
2470,356623809,918.95,365.23,129.88,-24.76,201.16,-120.43,34.50
2471,356627859,897.46,350.10,143.07,-28.41,202.13,-128.41,34.31
2472,356631916,886.72,315.92,152.83,-33.35,202.99,-135.79,34.40
2473,356635965,863.28,266.11,167.48,-37.20,204.27,-139.21,34.50
2474,356641760,844.73,228.03,170.90,-40.67,204.57,-139.88,34.55
2475,356645809,795.41,168.46,186.04,-43.41,204.27,-134.76,34.64
2476,356649859,796.39,136.23,194.34,-44.94,204.02,-128.41,34.12
2477,356653916,778.32,104.49,205.57,-46.46,203.41,-117.50,34.40
2478,356659760,767.58,77.15,208.50,-47.07,201.77,-103.96,34.40
2479,356663809,753.42,57.13,225.10,-46.77,199.45,-85.85,34.40
2480,356667859,762.21,64.94,247.07,-46.28,197.68,-70.79,34.40
2481,356671916,765.14,74.71,259.28,-45.91,197.20,-59.88,34.40
2482,356675965,743.16,85.45,271.97,-45.37,195.67,-46.89,34.31
2483,356681760,733.89,99.12,288.57,-44.63,194.45,-36.10,34.64
2484,356685809,736.82,120.12,301.27,-44.21,194.21,-26.40,34.40
2485,356689859,705.57,159.67,303.22,-43.66,193.78,-21.28,34.64
2486,356693916,699.22,195.31,316.89,-44.02,193.41,-19.09,34.02
2487,356697965,698.24,208.01,321.29,-44.57,192.93,-17.87,34.40
2488,356703760,683.11,212.89,328.12,-45.91,193.60,-17.68,34.64
2489,356707809,660.64,208.01,338.38,-47.13,194.33,-18.66,34.40
2490,356711859,635.25,203.61,340.33,-48.23,194.94,-19.21,34.69
2491,356715916,614.26,191.89,341.31,-48.96,194.94,-19.27,34.40
2492,356719965,591.80,183.11,344.24,-49.27,194.63,-19.70,34.40
2493,356725760,575.68,171.87,347.66,-49.57,194.27,-19.02,34.21
2494,356729809,541.02,148.93,351.07,-49.94,194.33,-17.80,34.31
2495,356733859,523.44,141.11,357.91,-50.00,194.09,-16.77,34.31
2496,356737916,500.00,131.35,362.30,-49.70,193.48,-15.00,34.40
2497,356741965,498.05,118.65,372.56,-49.21,193.35,-11.83,34.50
2498,356747760,483.40,103.03,377.44,-48.17,193.11,-8.05,34.50
2499,356751809,478.52,77.64,384.77,-47.13,192.56,-1.89,34.31
2500,356755859,476.56,60.55,395.02,-46.22,192.56,2.62,34.50
2501,356759916,484.86,42.48,398.93,-44.88,193.05,8.66,34.50
2502,356763965,469.24,34.18,397.95,-43.48,193.60,14.70,34.36
2503,356769760,466.31,24.41,401.86,-41.83,194.33,19.57,34.40
2504,356773809,463.38,48.83,403.32,-40.00,195.18,23.05,34.31
2505,356777859,451.17,71.29,405.27,-39.33,196.16,23.72,34.36
2506,356781916,447.75,80.08,408.20,-39.02,196.40,22.80,34.50
2507,356785965,440.92,102.54,422.36,-38.54,197.68,20.85,34.31
2508,356791760,417.97,122.07,420.90,-38.17,198.48,17.99,34.64
2509,356795809,392.58,125.49,425.29,-38.96,199.15,13.78,34.36
2510,356799859,374.02,119.14,435.55,-39.15,199.51,11.83,34.40
2511,356803916,364.26,125.49,447.75,-39.15,200.30,9.33,34.40
2512,356807965,357.42,137.70,462.89,-39.21,201.04,7.62,34.40
2513,356813760,347.17,134.77,469.73,-39.57,201.83,6.16,34.36
2514,356817809,318.85,115.72,474.61,-40.24,202.62,5.55,34.31
2515,356821859,291.99,116.70,480.96,-40.18,202.93,5.85,34.40
2516,356825916,281.74,110.84,487.79,-39.82,203.17,6.83,34.55
2517,356829965,256.84,100.10,498.05,-40.12,203.05,8.72,34.74
2518,356835760,247.07,78.12,508.30,-40.49,203.17,11.52,34.40
2519,356839809,231.93,67.87,518.55,-39.63,203.60,15.67,34.36
2520,356843859,237.79,56.15,521.48,-38.48,203.90,18.78,34.40
2521,356847916,223.63,51.76,521.97,-37.80,204.27,22.01,34.40
2522,356851965,217.77,43.46,520.51,-37.50,204.45,25.85,34.50
2523,356857760,214.84,35.16,522.95,-36.77,205.18,29.39,34.40
2524,356861809,188.48,39.06,529.79,-35.85,205.85,33.90,34.40
2525,356865859,168.95,40.53,533.20,-35.37,206.59,36.10,34.21
2526,356869916,156.74,60.55,536.62,-35.00,207.07,38.29,34.64
2527,356875760,139.65,66.89,538.57,-34.76,207.99,38.84,34.31
2528,356879809,124.02,82.52,534.67,-34.88,209.21,37.74,34.36
2529,356883859,98.14,88.38,542.97,-35.06,209.51,35.73,34.40
2530,356887916,69.82,98.14,552.25,-35.67,210.00,33.29,34.21
2531,356891965,43.46,104.49,555.18,-36.34,210.85,30.06,34.64
2532,356897760,11.23,90.33,550.29,-37.56,210.85,27.74,34.40
2533,356901809,-20.51,74.71,554.20,-38.23,211.16,24.63,34.36
2534,356905859,-45.41,80.57,554.20,-38.60,211.22,22.32,34.40
2535,356909916,-82.03,102.54,553.71,-39.02,211.52,19.88,34.16
2536,356913965,-113.28,94.73,557.13,-40.06,211.46,17.20,34.50
2537,356919760,-140.14,76.66,559.57,-40.55,211.16,14.39,34.40
2538,356923809,-170.41,51.76,563.96,-40.98,210.43,11.46,34.50
2539,356927859,-200.68,38.57,565.43,-41.22,209.70,9.39,34.64
2540,356931916,-213.87,12.70,566.41,-41.40,208.66,8.11,34.40
2541,356935965,-224.12,-23.93,568.85,-41.46,207.80,7.99,34.40
2542,356941760,-226.56,-72.27,590.33,-40.73,206.89,9.02,34.55
2543,356945809,-219.73,-115.23,598.63,-38.66,206.83,11.34,34.21
2544,356949859,-230.96,-132.32,597.17,-37.62,206.52,12.87,34.88
2545,356953916,-230.47,-152.83,594.24,-37.13,205.79,15.06,34.50
2546,356957965,-239.75,-162.11,594.73,-36.16,205.24,17.44,34.40
2547,356963760,-254.88,-152.34,589.84,-35.00,204.27,19.88,34.21
2548,356967809,-262.70,-151.86,604.00,-33.90,203.29,22.20,34.12
2549,356971859,-268.07,-157.23,604.00,-33.23,203.66,22.80,34.50
2550,356975916,-293.95,-146.00,599.61,-31.95,203.23,23.41,34.21
2551,356979965,-326.66,-134.77,581.05,-31.10,202.56,23.05,34.31
2552,356985760,-352.54,-117.68,574.22,-30.79,201.65,22.20,34.16
2553,356989809,-394.53,-97.66,579.10,-29.82,200.12,19.63,34.21
2554,356993859,-425.78,-73.24,585.45,-29.57,199.45,17.62,34.64
2555,356997916,-455.57,-66.41,592.29,-29.15,198.48,14.21,34.64
2556,357001965,-502.44,-56.64,598.63,-29.39,197.56,11.04,34.21
2557,357007760,-551.27,-50.29,588.38,-29.82,196.22,7.32,34.31
2558,357011809,-604.98,-58.59,585.45,-29.45,193.96,3.72,34.50
2559,357015859,-625.49,-69.34,588.87,-29.76,192.13,1.65,34.40
2560,357019916,-639.16,-76.17,592.77,-29.33,189.70,0.24,34.21
2561,357023965,-648.93,-84.96,593.75,-29.21,187.80,-0.49,34.31
2562,357029760,-638.67,-93.75,593.26,-29.39,185.91,-1.10,34.55
2563,357033809,-613.77,-116.70,593.75,-28.41,183.90,-0.79,34.64
2564,357037859,-599.61,-130.86,585.45,-28.35,182.74,0.12,34.40
2565,357041916,-593.26,-131.35,580.08,-27.99,181.34,1.46,34.50
2566,357045965,-582.03,-134.77,574.71,-27.80,179.88,2.68,34.50
2567,357051760,-575.68,-132.32,572.27,-27.62,179.15,4.51,34.50
2568,357055809,-576.17,-138.67,579.10,-26.89,177.62,6.65,34.50
2569,357059859,-590.82,-133.30,572.75,-27.07,177.07,8.41,34.21
2570,357063916,-604.98,-123.54,569.34,-26.77,175.98,10.49,34.40
2571,357067965,-628.42,-115.23,564.45,-26.22,174.27,12.13,34.55
2572,357073760,-640.62,-97.66,563.96,-25.85,173.05,12.99,34.21
2573,357077809,-681.64,-78.61,567.38,-25.49,171.46,13.23,34.50
2574,357081859,-725.10,-78.12,559.08,-25.43,170.43,13.17,34.40
2575,357085916,-753.91,-80.08,555.18,-25.37,168.60,13.66,34.40
2576,357091760,-785.16,-81.54,545.90,-25.61,166.16,14.82,34.40
2577,357095809,-802.73,-74.22,546.39,-25.61,162.80,16.95,34.36
2578,357099859,-816.41,-58.59,541.99,-25.79,160.67,17.74,34.55
2579,357103916,-828.12,-45.90,539.06,-26.28,159.15,18.11,34.36
2580,357107965,-829.59,-45.41,529.30,-26.95,156.95,17.62,34.40
2581,357112015,-844.24,-35.64,532.71,-27.56,155.06,16.65,34.31
2582,357117760,-843.26,-32.23,523.93,-28.35,153.05,15.61,34.50
2583,357121809,-825.68,-48.83,523.93,-29.39,151.22,15.00,34.36
2584,357125859,-804.20,-55.66,527.83,-29.63,150.43,14.88,34.50
2585,357129916,-787.11,-62.50,527.34,-29.88,149.45,14.02,34.40
2586,357135760,-768.55,-74.22,527.34,-30.30,148.84,13.35,34.69
2587,357139809,-761.23,-93.26,522.95,-29.94,148.29,12.68,34.50
2588,357143859,-754.39,-97.17,517.58,-29.63,148.54,12.32,34.36
2589,357147916,-760.25,-95.70,510.74,-29.63,148.11,12.13,34.55
2590,357151965,-763.67,-99.12,508.30,-30.12,147.87,11.16,34.55
2591,357157760,-781.74,-101.07,506.84,-30.30,147.74,10.55,34.50
2592,357161809,-793.95,-109.37,498.05,-30.24,147.44,9.63,34.40
2593,357165859,-804.20,-105.96,483.89,-30.43,147.07,8.72,34.64
2594,357169916,-813.48,-104.00,472.66,-30.79,146.59,7.38,34.40
2595,357173965,-823.24,-102.54,465.82,-30.98,145.91,5.85,34.36
2596,357179760,-837.89,-108.89,457.03,-31.28,145.18,4.76,34.12
2597,357183809,-862.79,-116.21,439.45,-31.71,144.02,4.09,34.31
2598,357187859,-878.91,-118.16,429.20,-31.65,143.35,4.33,34.74
2599,357191916,-891.11,-114.75,415.53,-31.89,142.26,4.88,34.50
2600,357195965,-900.39,-100.10,413.09,-32.20,140.79,5.18,34.50
2601,357201760,-906.25,-100.10,398.44,-32.26,139.70,5.12,34.31
2602,357205809,-907.71,-102.05,377.44,-32.68,138.60,5.61,34.31
2603,357209859,-911.62,-113.28,365.72,-32.99,137.80,5.98,34.64
2604,357213916,-923.83,-120.61,357.91,-33.11,136.83,6.59,34.50
2605,357217965,-923.83,-130.86,355.96,-33.35,135.79,7.68,34.31
2606,357223760,-934.57,-131.84,350.59,-33.29,134.82,8.66,34.36
2607,357227809,-937.50,-127.93,345.70,-33.17,133.78,8.96,34.31
2608,357231859,-940.92,-118.16,329.59,-33.11,133.66,7.87,34.64
2609,357235916,-948.24,-111.82,319.82,-33.23,132.50,5.67,34.40
2610,357239965,-943.85,-116.70,311.52,-33.66,131.22,3.48,34.40
2611,357245760,-949.71,-115.23,309.08,-34.09,131.16,1.04,34.69
2612,357249809,-961.43,-123.05,298.34,-34.57,130.00,-0.79,34.40
2613,357253859,-964.36,-126.95,290.04,-35.00,129.09,-2.07,34.36
2614,357257916,-970.21,-126.95,282.23,-35.43,127.99,-3.41,34.64
2615,357261965,-973.63,-123.05,267.09,-35.49,126.77,-4.15,34.69
2616,357267760,-972.66,-112.79,258.79,-35.37,125.91,-5.61,34.50
2617,357271809,-973.14,-121.09,238.28,-35.61,125.00,-5.91,34.64
2618,357275859,-977.05,-135.74,246.58,-36.04,124.82,-6.52,34.40
2619,357279916,-994.14,-155.27,243.16,-36.46,124.02,-6.71,34.50
2620,357283965,-1000.00,-173.34,249.02,-35.98,123.23,-6.16,34.50
2621,357289760,-1013.18,-187.50,244.14,-35.73,121.95,-4.45,34.55
2622,357293809,-1000.98,-201.66,234.37,-35.24,121.04,-1.95,34.50
2623,357297859,-993.16,-199.71,222.17,-35.12,120.37,0.43,34.21
2624,357301916,-978.03,-190.92,212.89,-34.82,119.70,2.50,34.74
2625,357305965,-974.12,-180.18,210.45,-34.76,119.15,3.54,34.40
2626,357311760,-979.49,-172.85,204.10,-35.00,118.66,4.70,34.50
2627,357315809,-977.54,-162.60,204.59,-34.76,117.87,4.70,34.64
2628,357319859,-986.33,-151.86,200.68,-34.70,117.80,3.96,34.40
2629,357323916,-991.21,-136.23,201.17,-35.06,117.87,2.32,34.64
2630,357329760,-1005.37,-132.81,193.36,-35.37,117.44,-0.12,34.36
2631,357333809,-1010.74,-143.55,193.85,-35.98,117.20,-3.41,34.55
2632,357337859,-1024.41,-151.37,187.01,-36.34,116.46,-6.16,34.36
2633,357341916,-1041.02,-162.60,180.18,-36.65,115.91,-7.93,34.21
2634,357345965,-1057.62,-170.41,175.78,-36.89,114.88,-10.61,34.64
2635,357351760,-1072.27,-186.04,165.04,-36.65,113.41,-12.56,34.64
2636,357355809,-1088.87,-206.54,160.16,-36.65,111.71,-14.39,34.36
2637,357359859,-1093.75,-225.10,159.67,-36.28,109.82,-15.61,34.64
2638,357363916,-1097.66,-241.21,153.81,-35.55,108.60,-15.98,34.31
2639,357367965,-1104.49,-256.84,137.21,-34.63,106.40,-15.98,34.50
2640,357373760,-1099.61,-270.02,136.72,-33.54,104.02,-15.06,34.55
2641,357377809,-1103.52,-293.46,120.61,-32.07,101.83,-13.11,34.40
2642,357381859,-1113.77,-303.71,111.33,-30.73,99.51,-10.43,34.21
2643,357385916,-1121.09,-313.96,101.07,-29.39,97.26,-7.68,34.55
2644,357389965,-1122.07,-312.99,98.63,-27.74,94.88,-4.57,34.50
2645,357395760,-1119.63,-308.11,100.10,-26.46,92.50,-1.52,34.50
2646,357399809,-1127.44,-300.78,95.21,-24.27,89.82,1.28,34.16
2647,357403859,-1133.30,-286.13,94.24,-22.99,87.87,2.38,34.40
2648,357407916,-1126.95,-276.86,84.96,-21.89,85.24,3.96,34.64
2649,357411965,-1136.72,-280.76,82.52,-21.34,83.48,5.00,34.40
2650,357417760,-1156.25,-279.30,68.85,-20.55,81.28,6.10,34.21
2651,357421809,-1172.85,-276.86,59.08,-19.70,78.11,6.65,34.36
2652,357425859,-1190.92,-276.86,53.71,-19.15,75.67,6.65,34.69
2653,357429916,-1198.24,-280.27,48.34,-18.90,73.23,6.65,34.21
2654,357433965,-1203.61,-288.09,48.83,-18.29,70.85,6.46,34.36
2655,357439760,-1210.45,-290.53,48.34,-17.74,67.80,6.16,34.36
2656,357443809,-1211.43,-298.34,46.87,-17.44,64.94,5.79,34.31
2657,357447859,-1220.70,-310.06,40.53,-16.83,62.50,5.79,34.55
2658,357451916,-1220.70,-324.71,41.50,-16.28,59.45,5.85,34.50
2659,357455965,-1218.75,-335.94,46.87,-15.49,56.59,7.13,34.36
2660,357461760,-1218.75,-348.63,55.18,-14.27,53.35,8.11,34.50
2661,357465809,-1229.00,-351.07,51.76,-12.62,49.82,10.12,34.64
2662,357469859,-1225.10,-349.12,59.08,-11.59,47.44,11.71,34.55
2663,357473916,-1229.49,-346.19,57.13,-10.00,44.27,13.11,34.31
2664,357477965,-1236.82,-340.33,61.52,-8.60,41.52,14.70,34.21
2665,357483760,-1242.68,-344.73,65.43,-7.01,38.72,15.91,34.40
2666,357487809,-1245.12,-339.84,70.31,-5.06,35.37,17.20,34.50
2667,357491859,-1250.98,-339.36,64.45,-3.90,33.23,18.11,34.40
2668,357495916,-1250.98,-325.20,67.87,-2.38,30.30,18.54,34.40
2669,357499965,-1249.51,-319.82,66.41,-1.10,27.87,18.23,34.50
2670,357505760,-1255.86,-314.45,59.57,-0.06,25.43,17.74,34.40
2671,357509809,-1254.39,-309.57,54.20,1.04,22.56,16.59,34.40
2672,357513859,-1250.00,-302.73,53.22,2.01,20.61,16.10,34.40
2673,357517916,-1249.02,-307.13,53.71,3.11,18.23,15.24,34.55
2674,357521965,-1245.61,-298.83,51.27,3.90,16.22,14.21,34.31
2675,357527760,-1250.98,-293.46,54.20,4.70,13.84,13.66,34.50
2676,357531809,-1247.07,-283.69,46.39,5.73,11.46,12.93,34.50
2677,357535859,-1255.37,-272.46,45.90,6.40,9.76,12.26,34.21
2678,357539916,-1259.28,-274.90,50.29,6.59,7.62,11.65,34.64
2679,357545760,-1268.07,-267.58,45.41,7.32,5.61,11.28,34.40
2680,357549809,-1270.51,-261.23,51.76,7.87,2.99,11.10,34.40
2681,357553859,-1276.86,-260.25,52.25,8.90,0.85,10.85,34.64
2682,357557916,-1279.30,-265.14,51.76,8.90,-1.04,10.91,34.31
2683,357561965,-1276.86,-263.18,52.73,9.45,-3.29,10.79,34.40
2684,357567760,-1288.57,-266.60,52.25,10.24,-5.91,11.16,34.36
2685,357571809,-1284.67,-269.04,48.83,10.79,-8.96,11.65,34.50
2686,357575859,-1281.74,-264.16,51.27,11.46,-11.46,12.20,34.36
2687,357579916,-1279.30,-255.86,54.69,11.65,-13.29,12.74,34.40
2688,357583965,-1284.18,-258.79,55.66,11.89,-15.79,14.02,34.50
2689,357589760,-1282.23,-255.86,55.18,12.26,-18.05,14.82,34.50
2690,357593809,-1285.16,-249.51,59.08,13.11,-21.34,15.61,34.55
2691,357597859,-1287.11,-237.30,58.59,13.23,-23.41,16.10,34.64
2692,357601916,-1283.20,-232.42,60.06,13.35,-25.18,16.22,34.40
2693,357605965,-1283.20,-235.35,64.94,13.90,-27.74,16.52,34.02
2694,357611760,-1282.23,-233.89,63.96,14.02,-30.06,16.89,34.40
2695,357615809,-1286.62,-231.45,68.85,14.63,-32.99,17.80,34.21
2696,357619859,-1280.27,-225.10,62.01,15.12,-35.00,18.17,34.50
2697,357623916,-1274.41,-218.26,62.50,15.24,-37.44,18.23,34.40
2698,357627965,-1269.53,-210.94,63.48,15.79,-39.88,17.87,34.40
2699,357633760,-1264.65,-202.15,75.68,16.04,-42.07,17.99,34.31
2700,357637809,-1259.28,-205.57,78.61,16.22,-44.70,17.74,34.31
2701,357641859,-1254.88,-202.64,85.94,16.52,-46.65,17.93,34.50
2702,357645916,-1252.44,-195.31,88.38,16.71,-48.41,18.23,34.40
2703,357649965,-1258.79,-186.04,86.43,16.95,-50.73,18.54,34.40
2704,357655760,-1257.32,-181.64,87.40,17.26,-53.29,18.41,34.31
2705,357659809,-1256.35,-174.32,87.89,17.13,-55.79,18.66,34.31
2706,357663859,-1255.86,-169.92,90.33,17.62,-57.80,18.54,34.40
2707,357667916,-1250.00,-173.34,91.80,17.68,-60.18,18.48,34.64
2708,357671965,-1248.05,-178.71,102.05,17.99,-62.20,18.66,34.36
2709,357677760,-1239.75,-173.83,108.89,18.17,-64.51,18.41,34.31
2710,357681809,-1234.86,-168.95,111.33,18.54,-66.83,17.87,34.50
2711,357685859,-1236.33,-168.95,106.93,18.72,-68.90,17.26,34.40
2712,357689916,-1236.33,-167.97,109.86,18.72,-71.22,16.83,34.36
2713,357693965,-1232.91,-170.90,98.63,19.09,-73.78,16.16,34.21
2714,357699760,-1226.56,-177.25,104.98,19.76,-76.16,16.10,34.21
2715,357703809,-1217.77,-185.55,109.37,20.18,-79.15,16.22,34.50
2716,357707859,-1204.59,-188.48,108.89,21.16,-80.79,16.71,34.55
2717,357711916,-1200.20,-189.94,114.26,21.95,-82.93,17.32,34.36
2718,357715965,-1206.05,-186.52,117.19,22.74,-85.37,17.99,34.36
2719,357721760,-1210.45,-187.50,114.75,23.54,-87.93,19.09,34.40
2720,357725809,-1211.43,-183.11,114.75,24.45,-90.79,19.94,34.36
2721,357729859,-1212.40,-181.64,115.72,24.70,-92.80,20.43,34.21
2722,357733916,-1210.94,-178.22,117.68,25.30,-95.55,20.79,34.36
2723,357737965,-1211.43,-173.83,117.68,25.37,-97.99,20.85,34.64
2724,357743760,-1212.40,-172.85,115.72,25.91,-100.79,20.73,34.21
2725,357747809,-1219.24,-172.85,111.82,26.34,-104.45,20.91,34.50
2726,357751859,-1222.17,-166.50,104.00,26.52,-106.89,20.73,34.40
2727,357755916,-1222.17,-167.97,101.07,26.95,-110.30,21.22,34.40
2728,357761760,-1220.21,-161.62,99.61,27.68,-113.66,21.22,34.40
2729,357765809,-1221.19,-158.20,96.68,27.93,-117.93,21.40,34.50
2730,357769859,-1208.50,-160.16,99.61,28.17,-121.34,21.52,34.40
2731,357773916,-1201.17,-166.50,100.59,28.66,-124.09,22.01,34.21
2732,357777965,-1196.29,-165.53,100.59,29.09,-127.50,22.62,34.74
2733,357783760,-1191.41,-167.48,112.30,29.51,-130.67,23.48,34.64
2734,357787809,-1176.76,-178.22,111.82,30.12,-135.24,24.51,34.40
2735,357791859,-1174.32,-182.13,118.65,30.55,-138.35,25.79,34.36
2736,357795916,-1169.43,-186.52,128.42,31.40,-141.10,26.83,34.31
2737,357799965,-1166.50,-187.50,134.77,31.89,-144.45,28.78,34.40
2738,357805760,-1158.69,-189.45,138.67,32.56,-148.11,30.79,34.55
2739,357809809,-1142.58,-189.94,147.95,33.23,-152.20,32.87,34.21
2740,357813859,-1136.23,-187.01,164.06,34.15,-155.67,34.76,34.64
2741,357817916,-1118.65,-187.01,175.78,35.12,-158.17,35.85,34.64
2742,357821965,-1116.21,-181.64,179.20,35.91,-161.46,37.44,34.50
2743,357827760,-1111.33,-160.64,185.55,36.77,-164.51,39.02,34.50
2744,357831809,-1111.82,-129.88,187.01,37.50,-168.41,40.30,34.55
2745,357835859,-1105.47,-115.23,207.52,38.05,-170.73,41.22,34.50
2746,357839916,-1096.19,-102.05,228.03,38.29,-173.90,41.71,34.40
2747,357843965,-1078.12,-91.31,238.77,38.90,-176.71,41.95,34.36
2748,357849760,-1066.89,-84.47,256.84,39.51,-179.39,42.26,34.02
2749,357853809,-1045.41,-72.75,267.58,39.88,-182.01,42.01,34.40
2750,357857859,-1027.34,-69.34,270.51,40.30,-183.78,42.26,34.16
2751,357861916,-1023.44,-65.92,270.51,40.55,-186.16,42.56,34.64
2752,357865965,-1013.18,-54.69,273.44,40.55,-188.66,42.87,34.40
2753,357871760,-998.05,-35.16,283.20,40.43,-191.10,42.99,34.21
2754,357875809,-983.40,-18.55,292.48,40.37,-193.66,42.93,34.21
2755,357879859,-967.29,-6.84,303.22,40.12,-195.49,42.26,34.40
2756,357883916,-958.98,3.42,316.89,39.70,-197.56,41.46,34.55
2757,357887965,-942.87,11.23,328.12,39.33,-198.96,40.61,34.02
2758,357893760,-934.08,26.37,330.57,39.02,-200.61,39.39,34.21
2759,357897809,-907.23,41.02,339.36,38.05,-202.62,37.62,34.16
2760,357901859,-887.70,51.27,349.61,37.32,-203.72,36.46,34.40
2761,357905916,-873.05,48.83,360.84,36.34,-205.18,35.00,34.21
2762,357909965,-863.28,45.90,372.07,35.18,-206.52,33.84,34.12
2763,357915760,-852.54,46.39,386.23,33.96,-207.93,33.54,34.64
2764,357919809,-829.59,51.76,393.07,32.44,-209.33,33.78,34.40
2765,357923859,-810.55,58.59,403.32,31.71,-210.37,33.72,34.50
2766,357927916,-800.29,64.45,408.20,30.49,-211.40,33.84,34.31
2767,357931965,-780.27,73.73,424.32,29.45,-212.74,34.15,34.64
2768,357937760,-765.14,76.17,436.52,27.93,-213.48,33.84,34.40
2769,357941809,-739.26,72.27,451.66,26.46,-214.21,33.96,34.50
2770,357945859,-723.14,77.64,462.89,25.49,-214.88,33.60,34.55
2771,357949916,-711.91,85.45,472.66,24.51,-215.18,33.35,34.64
2772,357953965,-689.94,86.43,489.75,23.17,-216.04,33.41,34.64
2773,357959760,-677.73,92.29,494.63,22.38,-216.59,32.93,34.55
2774,357963809,-654.79,87.40,500.98,21.16,-216.89,32.80,34.64
2775,357967859,-639.16,83.98,510.74,20.55,-217.68,32.44,34.31
2776,357971916,-625.49,84.47,516.60,20.12,-217.99,31.89,34.50
2777,357975965,-602.54,82.03,528.32,19.27,-218.41,31.59,34.31
2778,357981760,-595.21,79.59,534.18,18.66,-218.96,31.71,34.31
2779,357985809,-582.52,98.14,546.88,17.62,-219.27,31.46,34.40
2780,357989859,-576.17,107.42,543.95,16.71,-219.45,31.34,34.21
2781,357993916,-555.66,112.30,548.34,15.67,-219.94,30.91,34.55
2782,357999760,-530.27,112.79,560.55,14.57,-219.76,30.00,34.69
2783,358003809,-504.39,111.82,581.05,13.29,-219.82,29.09,34.55
2784,358007859,-472.66,109.37,589.84,12.26,-219.88,28.29,34.40
2785,358011916,-447.27,101.56,603.52,11.28,-219.76,27.99,34.40
2786,358015965,-434.57,103.03,612.30,10.30,-219.21,27.87,34.40
2787,358021760,-417.48,104.49,618.16,8.96,-218.78,28.05,34.40
2788,358025809,-398.93,123.05,623.54,7.13,-218.48,27.87,34.50
2789,358029859,-384.77,151.37,629.39,5.98,-218.11,27.20,34.64
2790,358033916,-369.14,172.36,636.72,4.82,-218.05,26.22,34.21
2791,358037965,-359.37,180.18,637.21,3.29,-217.68,25.06,34.50
2792,358043760,-340.33,183.11,650.39,1.77,-217.62,23.41,34.50
2793,358047809,-308.11,159.67,662.60,0.43,-216.77,22.56,34.50
2794,358051859,-296.39,151.86,674.32,-0.67,-216.28,22.44,34.64
2795,358055916,-284.67,150.39,670.41,-1.28,-215.49,21.95,34.64
2796,358059965,-276.37,145.02,669.92,-2.38,-215.00,22.01,34.40
2797,358065760,-263.67,149.90,667.48,-3.54,-214.39,22.38,34.50
2798,358069809,-236.33,141.11,657.71,-5.49,-214.15,22.50,34.21
2799,358073859,-215.33,138.18,665.53,-6.22,-213.54,22.68,34.64
2800,358077916,-199.22,131.84,668.95,-7.32,-212.87,22.80,34.50
2801,358081965,-186.04,121.09,674.80,-8.48,-211.95,23.48,34.64
2802,358087760,-168.46,103.52,682.62,-9.88,-211.34,23.54,34.21
2803,358091809,-157.23,103.03,687.01,-11.10,-210.12,24.70,34.21
2804,358095859,-144.04,102.05,677.73,-12.01,-209.51,25.24,34.31
2805,358099916,-130.86,104.49,673.83,-12.93,-209.02,25.79,34.55
2806,358103965,-107.42,101.56,668.95,-13.84,-208.35,26.52,34.31
2807,358109760,-86.43,98.63,673.83,-14.82,-207.50,27.32,34.31
2808,358113809,-57.13,92.29,677.25,-15.67,-206.59,27.44,34.31
2809,358117859,-33.20,83.01,684.08,-15.91,-206.04,27.32,34.64
2810,358121916,-16.11,80.57,689.94,-16.59,-205.00,27.32,34.40
2811,358125965,-6.35,80.08,678.22,-16.95,-204.21,27.38,34.12
2812,358131760,5.86,78.61,670.41,-17.80,-203.29,27.87,34.40
2813,358135809,22.95,74.71,665.04,-18.41,-202.62,28.60,34.64
2814,358139859,38.09,76.66,676.27,-19.09,-202.20,28.84,34.50
2815,358143916,59.08,79.10,680.18,-19.33,-201.46,28.78,34.50
2816,358147965,75.20,76.17,684.08,-19.82,-200.55,28.05,34.31
2817,358153760,87.40,72.75,690.43,-20.06,-199.33,27.44,34.40
2818,358157809,97.66,72.27,692.87,-20.06,-197.50,26.71,34.74
2819,358161859,105.47,83.50,685.06,-20.18,-196.71,25.79,34.50
2820,358165916,105.96,97.66,678.22,-20.73,-195.85,24.82,34.64
2821,358169965,110.35,113.28,670.41,-21.34,-195.43,23.29,34.50
2822,358175760,119.14,120.61,668.46,-22.07,-194.57,21.34,34.64
2823,358179809,146.97,125.49,686.04,-22.93,-193.17,18.11,34.64
2824,358183859,164.06,125.98,693.85,-23.41,-192.32,15.98,34.21
2825,358187916,183.59,116.21,688.48,-23.29,-190.67,12.44,34.40
2826,358191965,193.85,124.51,687.99,-24.15,-189.39,8.90,34.50
2827,358197760,215.82,110.84,684.08,-24.51,-188.41,6.34,34.50
2828,358201809,246.58,102.05,679.69,-24.70,-187.44,3.48,34.40
2829,358205859,272.95,93.75,677.73,-24.82,-186.83,2.20,34.36
2830,358209916,292.97,87.89,678.22,-24.94,-185.91,0.49,34.40
2831,358215760,313.48,77.64,681.64,-24.76,-185.00,-0.49,34.40
2832,358219809,340.33,65.43,683.59,-24.21,-183.78,-0.73,34.40
2833,358223859,362.30,61.52,680.66,-23.96,-182.38,-0.06,34.69
2834,358227916,383.30,65.43,683.11,-23.60,-181.40,0.43,34.40
2835,358231965,395.02,68.85,683.11,-23.35,-179.88,0.91,34.64
2836,358237760,407.23,74.71,685.06,-23.23,-178.29,1.52,34.50
2837,358241809,418.46,79.59,674.80,-22.93,-176.71,1.71,34.64
2838,358245859,438.48,95.70,678.22,-23.11,-175.18,1.77,34.31
2839,358249916,448.24,105.47,685.55,-23.11,-173.84,0.79,34.16
2840,358253965,453.12,111.33,684.57,-23.54,-172.68,-0.73,34.21
2841,358259760,462.40,107.42,685.06,-23.41,-171.34,-2.99,34.40
2842,358263809,481.93,106.45,689.94,-23.90,-168.96,-5.43,34.50
2843,358267859,506.35,101.56,686.52,-24.45,-167.32,-7.20,34.69
2844,358271916,512.70,104.98,686.04,-24.88,-166.28,-8.90,34.50
2845,358275965,522.95,106.93,684.57,-25.37,-164.57,-11.34,34.69
2846,358281760,535.16,110.35,684.08,-25.79,-163.35,-13.96,34.40
2847,358285809,546.39,101.56,682.62,-26.28,-161.34,-17.01,34.40
2848,358289859,562.01,93.26,676.76,-26.46,-159.63,-19.09,34.40
2849,358293916,568.36,84.96,676.27,-26.95,-157.56,-21.65,34.64
2850,358297965,571.29,81.05,666.02,-27.01,-155.73,-23.60,34.40
2851,358303760,583.50,67.38,663.57,-26.59,-153.96,-24.94,34.21
2852,358307809,597.17,63.96,664.55,-26.65,-151.59,-26.83,34.40
2853,358311859,595.21,62.50,661.13,-26.83,-150.06,-27.93,34.55
2854,358315916,594.24,58.59,655.76,-26.77,-148.05,-29.21,34.31
2855,358319965,599.61,60.55,650.88,-26.10,-146.89,-30.73,34.21
2856,358325760,604.98,42.97,654.30,-26.16,-145.12,-32.20,34.31
2857,358329809,619.63,41.50,648.93,-25.37,-142.87,-34.27,34.31
2858,358333859,626.46,48.83,641.60,-25.06,-141.59,-35.91,34.40
2859,358337916,630.37,50.29,631.84,-24.88,-140.18,-37.44,34.21
2860,358341965,638.67,38.57,624.02,-24.39,-138.78,-38.60,34.50
2861,358347760,641.11,35.16,613.28,-23.72,-137.74,-39.76,34.40
2862,358351809,646.97,22.46,599.61,-22.74,-136.59,-40.06,34.36
2863,358355859,654.30,21.48,587.89,-21.89,-135.85,-40.12,34.64
2864,358359916,662.11,15.62,585.45,-20.49,-135.61,-39.45,34.50
2865,358363965,669.43,24.41,576.17,-19.51,-134.88,-38.60,34.02
2866,358369760,677.73,32.23,569.34,-18.66,-134.15,-37.50,34.50
2867,358373809,691.89,41.99,557.13,-17.13,-132.93,-36.22,34.40
2868,358377859,694.82,46.87,549.32,-16.16,-132.56,-35.06,34.50
2869,358381916,704.59,49.80,547.36,-15.24,-131.83,-33.41,34.55
2870,358385965,707.52,65.43,541.99,-14.21,-130.91,-31.89,34.31
2871,358391760,717.77,73.73,541.99,-13.54,-129.82,-30.79,34.64
2872,358395809,725.10,82.52,534.18,-12.68,-128.72,-29.70,34.64
2873,358399859,722.66,86.91,527.34,-12.20,-127.87,-29.21,34.31
2874,358403916,725.10,82.52,531.74,-11.40,-127.32,-28.35,34.40
2875,358407965,736.82,82.52,530.27,-10.91,-126.22,-27.38,34.50
2876,358413760,728.52,79.10,530.27,-10.06,-125.24,-26.16,34.40
2877,358417809,737.30,83.50,528.81,-9.63,-124.09,-24.76,34.64
2878,358421859,745.12,85.94,530.76,-9.27,-123.41,-23.60,34.16
2879,358425916,750.98,89.84,523.93,-9.09,-121.95,-22.26,34.83
2880,358431760,764.16,85.45,520.51,-9.02,-120.98,-20.79,34.21
2881,358435809,767.09,81.05,517.09,-8.60,-119.82,-18.96,34.69
2882,358439859,786.13,66.89,512.21,-7.87,-118.96,-17.32,34.64
2883,358443916,796.87,59.57,504.88,-7.50,-118.23,-15.79,34.31
2884,358447965,803.22,51.27,505.86,-7.01,-117.32,-13.54,34.64
2885,358453760,808.59,52.73,498.54,-6.65,-116.28,-11.04,34.40
2886,358457809,814.45,44.92,494.14,-5.91,-115.18,-8.23,34.40
2887,358461859,821.78,53.22,480.96,-5.24,-114.09,-6.65,34.31
2888,358465916,826.17,65.92,479.98,-4.82,-113.29,-5.61,34.40
2889,358469965,830.57,80.08,475.10,-4.45,-111.89,-5.30,34.50
2890,358475760,829.10,89.84,469.73,-4.39,-110.91,-5.55,34.31
2891,358479809,834.47,100.59,464.84,-4.21,-109.21,-7.20,34.40
2892,358483859,841.31,112.30,464.36,-3.90,-107.44,-8.54,34.40
2893,358487916,840.33,104.00,454.59,-3.84,-106.04,-9.76,34.31
2894,358491965,840.82,102.05,447.75,-3.90,-104.88,-11.71,34.40
2895,358497760,840.33,92.77,432.62,-3.96,-103.72,-12.93,34.40
2896,358501809,838.38,85.45,419.43,-3.48,-102.26,-14.02,34.64
2897,358505859,839.84,81.05,419.43,-3.11,-101.83,-14.45,34.40
2898,358509916,847.66,73.73,408.69,-2.74,-100.67,-14.39,34.64
2899,358513965,852.05,69.82,400.88,-2.44,-100.06,-14.33,34.31
2900,358519760,857.42,61.52,396.00,-2.07,-99.09,-13.41,34.36
2901,358523809,860.84,51.76,387.70,-1.04,-98.60,-10.98,34.36
2902,358527859,854.00,48.83,381.35,-0.73,-97.99,-9.45,34.50
2903,358531916,854.00,41.99,372.56,0.12,-97.56,-6.46,34.31
2904,358535965,851.56,58.59,366.70,0.61,-97.50,-3.35,34.50
2905,358541760,857.91,65.43,360.84,1.16,-97.07,-0.85,34.36
2906,358545809,854.00,75.20,356.93,1.22,-97.13,1.34,34.31
2907,358549859,863.28,87.40,353.52,1.34,-96.40,2.07,34.21
2908,358553916,868.16,93.26,354.98,1.40,-96.10,3.29,34.40
2909,358557965,886.23,94.73,347.66,1.52,-95.43,3.54,34.02
2910,358563760,895.02,87.40,337.89,1.04,-95.18,4.02,34.21
2911,358567809,910.64,81.54,323.24,1.22,-94.39,4.94,34.50
2912,358571859,922.36,86.43,311.04,0.98,-93.90,5.43,34.36
2913,358575916,928.22,83.01,309.57,0.61,-93.60,6.22,34.40
2914,358579965,919.92,76.66,288.57,0.55,-93.17,7.56,34.21
2915,358585760,907.71,75.20,268.55,0.67,-93.84,9.27,34.64
2916,358589809,891.60,72.27,257.32,0.67,-94.15,11.04,34.40
2917,358593859,884.28,82.52,252.44,0.98,-94.27,11.77,34.64
2918,358597916,884.77,90.82,249.02,0.91,-94.76,12.80,34.64
2919,358601965,885.25,101.07,241.21,0.79,-95.06,12.38,34.50
2920,358607760,887.21,93.26,241.70,0.79,-95.30,12.07,34.21
2921,358611809,897.95,83.98,237.30,0.79,-95.67,11.34,34.50
2922,358615859,887.21,80.57,234.37,1.10,-95.85,10.67,34.40
2923,358619916,895.51,82.03,231.45,1.16,-96.16,10.12,34.50
2924,358623965,908.69,80.08,236.33,1.40,-95.85,9.02,34.55
2925,358629760,920.41,75.68,237.79,1.77,-95.43,7.68,34.40
2926,358633809,922.36,87.89,235.35,2.01,-95.30,5.24,34.50
2927,358637859,932.13,92.29,240.72,2.13,-94.45,3.29,34.02
2928,358641916,921.39,92.29,250.98,2.13,-93.90,0.06,34.64
2929,358647760,921.87,97.66,251.95,1.89,-93.11,-3.41,34.50
2930,358651809,917.48,109.37,255.86,1.46,-92.50,-8.11,34.50
2931,358655859,905.27,106.45,245.12,0.91,-92.01,-12.13,34.40
2932,358659916,886.23,108.89,237.30,0.61,-92.32,-15.43,34.21
2933,358663965,877.44,103.03,237.30,0.00,-92.50,-18.60,34.40
2934,358668015,883.79,100.10,236.33,0.00,-92.62,-21.22,34.50
2935,358673760,884.77,94.73,234.37,-0.06,-93.11,-22.56,34.31
2936,358677809,881.84,84.96,213.38,0.06,-94.63,-22.44,34.40
2937,358681859,900.39,73.24,191.89,-0.06,-95.49,-21.89,34.31
2938,358685916,915.04,74.71,169.92,0.67,-96.28,-20.37,34.64
2939,358691760,932.13,70.80,172.36,0.55,-96.77,-18.41,34.40
2940,358695809,952.64,65.43,166.02,1.40,-98.17,-15.30,34.40
2941,358699859,959.47,59.08,154.79,2.20,-98.96,-12.26,34.36
2942,358703916,972.66,52.73,147.46,2.93,-99.45,-9.21,34.40
2943,358707965,980.47,47.85,141.60,3.96,-100.00,-4.57,34.50
2944,358713760,991.21,48.34,142.58,5.06,-99.94,0.37,34.55
2945,358717809,999.02,73.73,136.23,6.22,-99.63,5.91,34.74
2946,358721859,998.54,92.29,133.30,7.07,-99.21,8.72,34.69
2947,358725916,990.72,125.00,127.44,7.56,-98.66,9.94,34.40
2948,358729965,983.40,143.07,127.93,7.87,-97.99,9.94,34.50
2949,358735760,977.54,162.11,126.46,7.80,-97.56,8.23,34.50
2950,358739809,977.05,172.85,131.84,7.13,-96.71,5.06,34.31
2951,358743859,976.07,185.06,136.23,6.89,-95.91,2.80,34.50
2952,358747916,969.24,189.94,139.16,6.40,-94.76,-1.34,34.55
2953,358751965,976.56,203.61,138.67,5.61,-93.48,-6.04,34.31
2954,358757760,982.91,196.78,131.84,5.24,-92.56,-10.24,34.40
2955,358761809,998.54,186.52,121.09,4.27,-91.77,-15.00,34.21
2956,358765859,1012.21,169.43,95.70,3.90,-91.16,-17.68,34.50
2957,358769916,1030.76,164.55,81.54,3.23,-90.00,-20.12,34.50
2958,358773965,1056.15,161.13,75.68,3.11,-89.02,-21.89,34.21
2959,358779760,1070.31,132.81,58.11,2.26,-88.35,-22.38,34.36
2960,358783809,1095.21,97.66,40.04,2.56,-87.56,-20.43,34.31
2961,358787859,1114.26,65.92,33.69,2.93,-87.32,-18.29,34.40
2962,358791916,1137.70,56.15,28.32,3.72,-86.34,-13.72,34.50
2963,358795965,1148.93,41.99,22.46,4.45,-84.88,-8.29,34.40
2964,358801760,1152.83,41.50,20.02,5.79,-84.15,-2.50,34.50
2965,358805809,1154.79,43.46,13.18,7.56,-82.68,3.78,34.64
2966,358809859,1166.50,41.99,11.23,8.41,-81.59,7.44,34.36
2967,358813916,1157.23,33.69,-0.98,10.12,-80.91,12.38,34.64
2968,358817965,1161.62,38.09,17.58,11.22,-79.33,16.52,34.55
2969,358823760,1111.33,46.87,7.81,12.20,-78.17,20.30,34.55
2970,358827809,1046.39,65.92,-15.14,13.48,-77.44,23.78,34.50
2971,358831859,1002.44,94.73,-44.43,13.84,-77.74,26.34,34.40
2972,358835916,991.21,129.39,-64.45,14.27,-79.02,28.05,34.50
2973,358839965,1027.83,167.97,-68.36,14.15,-79.82,27.26,34.36
2974,358845760,1062.99,205.08,-57.62,13.23,-79.76,23.66,34.40
2975,358849809,1103.52,229.00,-48.34,11.40,-78.35,15.98,34.40
2976,358853859,1146.97,214.84,-50.29,10.49,-77.80,9.57,34.21
2977,358857916,1186.04,189.45,-43.46,9.33,-76.52,1.89,34.40
2978,358861965,1225.10,164.55,-49.80,8.11,-74.39,-3.96,34.50
2979,358867760,1245.12,153.32,-50.78,7.01,-72.20,-8.72,34.40
2980,358871809,1265.14,169.43,-38.09,6.40,-69.09,-12.87,34.64
2981,358875859,1267.09,191.89,-22.95,5.79,-67.01,-15.91,34.36
2982,358879916,1263.67,198.73,-11.23,4.88,-64.51,-20.24,34.40
2983,358885760,1252.44,200.20,3.91,3.78,-61.83,-24.21,34.40
2984,358889809,1227.05,185.55,19.53,2.62,-58.72,-28.96,34.50
2985,358893859,1201.17,155.76,29.30,1.71,-56.89,-30.43,34.50
2986,358897916,1204.59,127.44,32.71,0.91,-55.37,-30.24,34.36
2987,358901965,1211.91,114.26,41.99,-0.12,-53.96,-28.29,34.55
2988,358907760,1215.82,110.84,43.46,-0.61,-52.74,-25.49,34.55
2989,358911809,1220.21,80.57,19.53,-0.91,-51.71,-20.61,34.50
2990,358915859,1242.19,49.32,-10.74,-1.65,-51.71,-14.94,34.64
2991,358919916,1271.48,30.76,-36.13,-2.07,-50.73,-9.02,34.50
2992,358923965,1285.64,22.95,-61.52,-2.38,-49.82,-1.77,34.50
2993,358929760,1309.57,23.93,-82.03,-2.44,-48.48,5.18,34.64
2994,358933809,1344.73,31.25,-89.84,-2.80,-46.89,12.32,34.40
2995,358937859,1362.30,52.25,-96.68,-2.99,-44.70,16.52,34.40
2996,358941916,1376.95,70.31,-100.59,-3.78,-42.68,17.80,34.40
2997,358945965,1381.35,98.14,-97.66,-4.51,-39.88,17.13,34.69
2998,358951760,1393.07,116.21,-88.38,-5.73,-37.20,13.41,34.50
2999,358955809,1388.67,104.98,-83.01,-6.89,-33.96,7.50,34.31
3000,358959859,1395.51,104.98,-65.92,-7.93,-31.52,3.48,34.40
3001,358963916,1382.81,107.42,-59.57,-9.15,-28.29,-2.20,34.55
3002,358967965,1387.21,96.68,-69.34,-10.24,-25.91,-6.83,34.40
3003,358973760,1385.25,65.92,-77.15,-10.98,-23.66,-10.43,34.50
3004,358977809,1392.58,37.60,-89.84,-11.59,-20.79,-13.05,34.12
3005,358981859,1387.21,13.67,-116.70,-11.89,-19.21,-13.48,34.55
3006,358985916,1393.55,-7.81,-130.86,-11.77,-17.56,-12.38,34.40
3007,358989965,1397.46,-34.18,-143.55,-11.22,-16.34,-9.45,34.31
3008,358995760,1407.23,-63.48,-145.02,-10.37,-14.76,-5.30,34.31
3009,358999809,1405.76,-68.36,-149.41,-9.15,-12.32,0.55,34.31
3010,359003859,1412.11,-62.99,-155.76,-8.41,-11.46,3.84,34.55
3011,359007916,1423.34,-51.27,-144.04,-7.44,-9.02,7.26,34.50
3012,359011965,1418.95,-39.06,-143.07,-6.77,-7.32,9.09,34.21
3013,359017760,1416.99,-43.46,-136.23,-5.91,-5.00,8.90,34.31
3014,359021809,1410.64,-39.55,-122.56,-5.91,-2.20,8.05,34.40
3015,359025859,1405.76,-27.34,-120.61,-5.49,0.18,6.22,34.55
3016,359029916,1404.79,-16.60,-115.23,-5.30,2.56,2.56,34.55
3017,359033965,1410.64,-6.84,-100.59,-5.37,5.55,-2.56,34.21
3018,359039760,1415.53,-0.49,-95.21,-5.30,8.48,-8.60,34.40
3019,359043809,1431.15,-9.77,-95.70,-5.37,11.89,-16.28,34.50
3020,359047859,1435.55,-33.69,-88.38,-5.49,14.76,-21.04,34.40
3021,359051916,1434.08,-41.50,-87.40,-5.79,17.99,-26.77,34.50
3022,359055965,1429.20,-52.73,-92.77,-5.61,21.40,-31.59,34.40
3023,359061760,1428.22,-52.73,-79.10,-5.30,24.39,-35.61,34.64
3024,359065809,1405.27,-54.20,-80.08,-5.30,27.93,-39.45,34.40
3025,359069859,1395.51,-78.61,-79.10,-5.00,29.76,-40.85,34.02
3026,359073916,1396.48,-97.17,-79.10,-4.63,31.89,-40.30,34.36
3027,359077965,1383.79,-104.98,-80.08,-4.09,33.78,-38.29,34.40
3028,359083760,1373.54,-107.91,-87.89,-3.48,35.30,-34.51,34.50
3029,359087809,1370.61,-113.28,-93.26,-2.87,35.98,-28.17,34.50
3030,359091859,1375.98,-127.93,-99.12,-2.44,36.46,-23.72,34.31
3031,359095916,1379.39,-125.98,-100.10,-1.95,37.01,-16.77,34.50
3032,359101760,1382.32,-129.39,-103.03,-1.34,37.07,-8.84,34.50
3033,359105809,1386.72,-132.81,-106.45,-0.24,37.20,0.55,34.36
3034,359109859,1399.90,-132.81,-104.98,0.67,37.74,8.23,34.40
3035,359113916,1409.67,-117.68,-105.96,1.40,38.23,13.84,34.31
3036,359117965,1414.06,-104.98,-93.75,2.38,39.33,20.12,34.74
3037,359123760,1414.55,-94.24,-88.87,3.41,40.37,24.70,34.50
3038,359127809,1416.99,-80.08,-68.36,4.51,42.50,28.48,34.55
3039,359131859,1419.43,-63.96,-62.01,5.30,44.57,29.45,34.50
3040,359135916,1409.67,-44.43,-60.06,5.85,46.22,29.21,34.36
3041,359139965,1401.37,-33.69,-58.59,6.52,48.41,27.26,34.50
3042,359145760,1402.34,-36.13,-57.13,6.59,50.37,24.15,34.50
3043,359149809,1399.41,-32.71,-58.59,6.22,53.05,20.24,34.36
3044,359153859,1401.37,-20.51,-64.94,5.98,54.88,16.28,34.55
3045,359157916,1416.02,-22.46,-74.22,5.43,56.40,12.93,34.31
3046,359161965,1424.80,-26.37,-84.96,5.49,58.17,8.96,34.64
3047,359167760,1429.69,-34.18,-87.40,5.43,60.18,6.04,34.40
3048,359171809,1440.43,-52.73,-101.07,5.55,62.62,4.33,34.40
3049,359175859,1440.92,-55.66,-104.98,5.91,63.96,4.02,34.40
3050,359179916,1437.50,-62.01,-108.89,6.16,65.73,4.76,34.50
3051,359183965,1430.66,-65.43,-108.89,7.01,66.95,6.28,34.40
3052,359189760,1429.69,-73.24,-101.56,7.87,68.54,8.72,34.31
3053,359193809,1432.62,-87.89,-87.40,9.09,70.00,12.74,34.31
3054,359197859,1437.01,-96.19,-73.24,10.12,71.34,16.34,34.36
3055,359201916,1438.96,-101.07,-72.75,11.40,73.05,20.85,34.50
3056,359205965,1428.71,-87.89,-63.48,12.74,75.12,26.22,34.31
3057,359211760,1413.09,-77.15,-56.15,14.57,77.38,30.73,34.21
3058,359215809,1402.34,-51.76,-45.41,16.16,79.76,35.24,34.21
3059,359219859,1391.60,-41.99,-34.18,17.38,81.40,37.01,34.36
3060,359223916,1376.95,-31.25,-29.30,18.17,84.27,38.60,34.55
3061,359227965,1367.19,-25.88,-33.20,18.90,86.34,38.72,34.40
3062,359233760,1360.84,-19.53,-24.41,19.82,88.41,37.38,34.50
3063,359237809,1364.75,-17.09,-11.23,20.55,91.34,34.15,34.64
3064,359241859,1361.33,5.86,-1.46,21.10,93.41,31.46,34.55
3065,359245916,1372.07,17.58,-1.95,21.04,96.52,26.34,34.50
3066,359249965,1360.84,29.30,-4.39,21.34,99.63,20.12,34.02
3067,359255760,1340.82,62.01,-0.98,20.91,102.93,11.59,34.40
3068,359259809,1339.84,71.29,-10.25,20.67,105.79,0.55,34.64
3069,359263859,1343.75,69.82,-2.93,20.18,108.23,-6.71,34.64
3070,359267916,1343.75,61.52,-3.42,19.57,110.73,-14.63,34.12
3071,359271965,1339.36,44.92,-10.25,19.09,112.68,-21.28,34.50
3072,359277760,1342.77,35.64,-15.14,19.02,114.88,-25.85,34.21
3073,359281809,1355.47,17.58,-22.95,19.33,116.65,-28.54,34.40
3074,359285859,1361.33,-1.46,-27.34,19.76,117.99,-28.41,34.36
3075,359289916,1365.23,-4.88,-25.88,20.37,119.15,-26.77,34.50
3076,359293965,1372.07,-29.30,-23.44,21.52,120.30,-22.99,34.55
3077,359299760,1364.26,-38.57,-25.39,22.74,121.28,-17.93,34.50
3078,359303809,1359.37,-47.36,-24.90,24.45,122.01,-10.43,34.55
3079,359307859,1355.47,-56.15,-15.62,26.04,122.74,-5.73,34.16
3080,359311916,1359.37,-61.52,6.35,28.17,123.48,1.16,34.50
3081,359317760,1344.73,-42.97,11.23,30.06,124.82,8.60,34.21
3082,359321809,1344.24,-23.44,24.41,32.20,126.10,16.83,34.40
3083,359325859,1344.24,13.67,43.46,33.72,127.80,21.40,34.40
3084,359329916,1343.75,63.48,73.24,34.82,129.70,22.62,34.21
3085,359333965,1343.75,108.89,90.33,35.24,131.95,20.49,34.40
3086,359338015,1338.38,166.99,115.23,35.06,135.49,13.17,34.40
3087,359343760,1314.45,223.14,125.00,34.27,139.45,1.59,34.69
3088,359347809,1274.41,312.99,154.30,31.95,144.57,-17.44,34.40
3089,359351859,1251.46,342.77,165.53,29.33,148.05,-32.20,34.50
3090,359355916,1239.26,375.00,179.20,25.98,152.74,-51.83,34.40
3091,359361760,1231.93,391.60,195.80,22.01,158.35,-72.13,34.40
3092,359365809,1202.15,393.07,188.96,16.89,164.45,-95.67,34.40
3093,359369859,1165.53,399.41,174.80,12.26,169.45,-113.17,34.50
3094,359373916,1125.00,381.35,160.64,8.23,172.87,-124.70,34.21
3095,359377965,1099.61,359.37,148.44,3.35,176.59,-135.98,34.50
3096,359383760,1083.50,323.24,141.60,-0.79,179.51,-142.01,34.40
3097,359387809,1059.08,294.43,128.91,-5.49,182.74,-144.51,34.50
3098,359391859,1049.80,271.00,124.51,-8.72,184.94,-141.46,34.64
3099,359395916,1036.13,249.02,124.51,-11.40,186.52,-136.28,34.50
3100,359399965,1033.69,232.91,124.51,-13.17,187.93,-126.16,34.31
3101,359405760,1016.11,214.36,120.61,-14.88,189.51,-112.68,34.31
3102,359409809,1000.00,199.22,121.58,-15.79,190.73,-93.35,34.40
3103,359413859,984.86,199.22,117.19,-16.16,191.52,-79.27,34.50
3104,359417916,972.17,202.64,119.63,-15.98,191.89,-61.52,34.50
3105,359421965,965.82,220.21,121.09,-15.85,192.32,-43.96,34.50
3106,359427760,935.06,235.84,119.63,-15.30,192.32,-27.80,34.21
3107,359431809,915.53,273.93,114.75,-14.88,192.07,-11.22,34.21
3108,359435859,900.88,308.59,123.54,-15.12,192.13,-2.32,34.31
3109,359439916,887.21,331.05,125.49,-15.30,192.38,5.98,34.64
3110,359443965,864.26,355.47,132.32,-15.61,192.44,9.88,34.31
3111,359449760,841.31,385.74,138.67,-16.34,193.11,10.43,34.21
3112,359453809,818.36,411.62,150.88,-17.99,194.27,8.72,34.12
3113,359457859,799.32,414.55,160.64,-19.15,195.37,6.34,34.21
3114,359461916,790.04,416.02,166.02,-20.98,196.40,1.83,34.55
3115,359465965,756.84,426.27,178.22,-22.50,196.16,-4.33,34.31
3116,359471760,737.30,436.04,190.43,-24.33,196.89,-10.49,34.40
3117,359475809,730.47,434.08,214.36,-27.01,198.17,-18.17,34.64
3118,359479859,710.94,413.57,230.96,-28.72,199.45,-22.50,34.50
3119,359483916,715.33,391.11,237.79,-30.79,200.49,-26.59,34.64
3120,359487965,714.36,356.93,252.44,-32.26,201.83,-28.96,34.21
3121,359493760,733.40,318.36,264.65,-33.29,203.54,-28.23,34.50
3122,359497809,722.66,271.48,271.97,-34.09,205.00,-23.84,34.36
3123,359501859,705.08,245.61,275.39,-34.33,205.30,-18.90,34.50
3124,359505916,692.38,223.14,285.16,-34.15,205.79,-10.79,34.31
3125,359509965,677.25,218.75,289.55,-33.78,205.79,-1.59,34.40
3126,359515760,665.04,216.31,297.85,-33.11,205.79,8.05,34.31
3127,359519809,648.44,234.37,317.87,-31.95,205.98,19.27,34.31
3128,359523859,639.65,240.72,331.05,-31.10,206.40,25.43,34.21
3129,359527916,633.79,248.05,346.19,-30.30,206.95,32.44,34.21
3130,359531965,628.91,255.86,354.49,-29.39,207.68,37.62,34.64
3131,359537760,613.28,271.00,365.23,-28.96,208.60,40.30,34.50
3132,359541809,588.38,295.90,361.82,-28.54,209.45,40.91,34.55
3133,359545859,573.73,306.64,374.51,-28.23,210.43,39.63,34.31
3134,359549916,554.20,308.59,376.46,-28.35,211.22,36.65,34.50
3135,359555760,522.46,310.55,382.81,-28.90,211.71,31.46,34.64
3136,359559809,501.46,309.08,401.37,-30.06,212.68,23.66,34.50
3137,359563859,474.12,279.79,409.18,-30.98,212.93,16.71,34.40
3138,359567916,464.36,255.37,420.90,-30.55,213.23,11.10,34.21
3139,359571965,466.80,238.28,440.92,-31.28,214.21,5.12,34.40
3140,359577760,451.66,194.82,444.34,-31.89,215.61,0.79,34.55
3141,359581809,425.29,135.25,451.17,-32.20,216.71,-1.04,34.40
3142,359585859,404.79,108.40,458.98,-32.26,217.07,-0.67,34.40
3143,359589916,388.67,93.26,471.19,-32.38,217.13,0.98,34.31
3144,359593965,365.72,79.59,484.86,-32.26,217.44,4.15,34.64
3145,359599760,349.12,79.59,496.58,-31.71,217.44,7.68,34.64
3146,359603809,321.78,74.22,517.09,-30.85,216.95,12.50,34.50
3147,359607859,301.27,74.71,527.83,-29.70,216.59,16.22,34.64
3148,359611916,272.95,89.84,537.60,-28.90,216.16,18.41,34.40
3149,359615965,250.98,104.00,542.97,-27.93,215.55,19.27,34.21
3150,359621760,243.65,134.28,557.62,-27.38,214.70,18.48,34.36
3151,359625809,220.70,177.25,569.34,-26.34,215.06,14.82,34.31
3152,359629859,197.27,204.10,568.36,-26.89,214.70,10.55,34.50
3153,359633916,182.13,222.17,565.43,-27.56,214.33,4.02,34.64
3154,359637965,174.80,218.26,570.31,-27.87,214.33,-2.99,34.64
3155,359643760,159.18,217.29,585.94,-28.84,215.06,-10.12,34.16
3156,359647809,129.39,187.01,589.84,-30.30,214.94,-17.80,34.31
3157,359651859,115.72,147.95,593.75,-30.73,214.63,-21.52,34.36
3158,359655916,95.21,121.09,596.19,-31.22,214.27,-25.24,34.50
3159,359659965,65.43,83.98,601.07,-31.65,213.48,-26.52,34.16
3160,359665760,32.71,51.27,600.59,-32.01,212.68,-26.46,34.21
3161,359669809,0.00,30.76,613.28,-32.07,210.85,-25.49,34.40
3162,359673859,-25.39,23.93,625.00,-32.01,209.70,-23.96,34.31
3163,359677916,-50.29,18.07,634.77,-32.07,208.17,-22.13,34.50
3164,359681965,-70.80,27.83,635.74,-32.32,206.28,-19.82,34.40
3165,359687760,-95.70,34.18,642.09,-32.80,204.09,-17.50,34.31
3166,359691809,-122.07,45.41,655.27,-32.62,201.34,-15.12,34.64
3167,359695859,-122.56,60.06,661.62,-32.80,199.57,-13.78,34.40
3168,359699916,-146.48,75.20,666.02,-32.87,197.44,-13.41,34.40
3169,359703965,-158.20,94.73,667.97,-33.35,196.04,-13.41,34.21
3170,359709760,-184.57,109.86,664.06,-33.23,193.66,-14.09,34.36
3171,359713809,-212.89,123.54,669.92,-33.60,191.22,-15.24,34.74
3172,359717859,-222.66,127.44,677.73,-33.72,189.76,-16.22,34.64
3173,359721916,-228.52,126.95,677.73,-33.41,188.23,-17.01,34.64
3174,359725965,-230.47,131.84,676.27,-33.29,186.52,-18.29,34.31
3175,359731760,-219.73,127.44,677.73,-33.17,185.43,-19.33,34.40
3176,359735809,-215.82,115.72,671.87,-32.93,184.39,-20.67,34.64
3177,359739859,-219.73,114.75,661.13,-32.99,183.84,-21.65,34.21
3178,359743916,-234.37,104.49,651.37,-32.68,182.80,-22.26,34.36
3179,359747965,-254.88,92.29,639.65,-32.50,181.77,-22.93,34.55
3180,359753760,-273.93,81.54,627.93,-32.01,180.24,-22.93,34.50
3181,359757809,-313.96,72.75,621.58,-31.83,177.93,-22.87,34.50
3182,359761859,-332.03,90.33,626.95,-31.95,176.40,-23.05,34.31
3183,359765916,-355.96,100.10,629.88,-32.07,174.51,-22.99,34.50
3184,359771760,-391.60,96.68,625.00,-32.56,171.65,-22.32,34.64
3185,359775809,-415.53,82.52,642.58,-32.87,169.02,-20.49,34.50
3186,359779859,-437.99,86.91,651.37,-32.74,166.52,-18.05,34.50
3187,359783916,-453.61,89.36,655.76,-32.74,164.45,-16.10,34.36
3188,359787965,-455.57,101.07,658.20,-32.38,162.01,-13.96,34.40
3189,359793760,-457.52,93.26,661.62,-32.38,159.88,-11.65,34.55
3190,359797809,-469.73,77.64,671.87,-32.20,156.77,-8.23,34.36
3191,359801859,-460.45,80.57,683.11,-32.56,154.88,-5.49,34.50
3192,359805916,-455.08,83.50,695.80,-32.74,153.54,-3.11,34.21
3193,359809965,-449.71,78.12,696.78,-32.93,152.13,-0.79,34.74
3194,359815760,-459.96,77.15,704.59,-32.74,151.34,0.79,34.31
3195,359819809,-472.66,88.87,695.80,-33.48,150.12,0.85,34.40
3196,359823859,-478.03,89.36,697.27,-34.15,149.51,-0.49,34.50
3197,359827916,-492.68,86.91,698.24,-34.39,149.21,-2.20,34.40
3198,359831965,-498.05,86.91,693.85,-35.00,148.84,-4.82,34.55
3199,359837760,-505.37,74.71,686.52,-35.98,148.41,-8.78,34.50
3200,359841809,-521.48,59.08,676.76,-35.85,148.11,-13.72,34.64
3201,359845859,-552.25,48.34,647.95,-36.16,147.56,-16.89,34.40
3202,359849916,-562.99,26.86,636.23,-36.65,145.91,-20.73,34.50
3203,359853965,-570.31,1.95,630.86,-36.34,144.57,-23.90,34.50
3204,359859760,-579.59,-31.25,632.81,-35.85,142.68,-25.67,34.40
3205,359863809,-586.91,-60.55,639.65,-34.94,140.37,-25.55,34.12
3206,359867859,-588.87,-83.01,644.04,-34.39,139.15,-24.33,34.50
3207,359871916,-593.26,-89.36,638.18,-33.35,137.13,-21.71,34.40
3208,359875965,-603.03,-93.26,642.58,-32.26,135.24,-18.05,34.31
3209,359881760,-616.70,-91.80,651.37,-31.89,133.66,-13.72,34.36
3210,359885809,-635.74,-80.57,653.32,-31.04,131.95,-8.54,34.31
3211,359889859,-659.67,-71.29,649.90,-30.43,130.55,-5.98,34.50
3212,359893916,-673.83,-64.45,657.71,-30.00,128.66,-2.99,34.31
3213,359897965,-696.78,-54.69,650.88,-29.39,127.13,-0.49,34.21
3214,359903760,-709.47,-41.02,651.37,-29.09,125.91,0.98,33.97
3215,359907809,-722.66,-21.48,645.51,-28.78,124.27,1.16,34.64
3216,359911859,-736.33,-23.44,643.55,-28.84,122.93,-0.06,34.55
3217,359915916,-746.09,-25.39,644.53,-28.35,121.22,-2.07,34.50
3218,359919965,-750.49,-29.30,635.25,-27.99,119.57,-4.94,34.21
3219,359925760,-755.37,-36.13,635.25,-27.87,117.99,-7.99,34.64
3220,359929809,-764.16,-47.85,642.58,-27.38,116.10,-10.98,34.31
3221,359933859,-770.02,-64.94,631.84,-27.07,115.06,-12.87,34.40
3222,359937916,-756.35,-75.68,631.35,-26.46,113.35,-14.94,34.40
3223,359941965,-745.61,-83.98,641.11,-25.91,111.59,-16.95,34.50
3224,359947760,-724.12,-107.42,643.07,-25.12,110.67,-18.41,34.50
3225,359951809,-703.61,-146.48,649.41,-24.27,110.30,-18.41,34.50
3226,359955859,-694.82,-177.25,644.53,-23.66,109.94,-17.44,34.36
3227,359959916,-688.48,-193.36,636.23,-22.62,109.27,-15.00,34.40
3228,359963965,-684.08,-187.99,634.28,-21.83,109.21,-12.13,34.64
3229,359969760,-682.13,-176.76,623.54,-21.16,108.78,-9.88,34.21
3230,359973809,-703.61,-150.39,610.84,-20.61,108.90,-7.87,34.50
3231,359977859,-742.68,-131.84,596.19,-20.49,108.54,-6.71,34.31
3232,359981916,-767.58,-122.07,580.08,-19.94,107.62,-5.00,34.40
3233,359987760,-801.76,-110.84,571.78,-20.00,106.59,-3.78,34.36
3234,359991809,-817.38,-85.94,564.94,-19.63,105.00,-2.56,34.36
3235,359995859,-835.94,-63.48,556.64,-19.45,103.41,-2.38,34.31
3236,359999916,-842.77,-62.50,554.20,-19.21,101.95,-2.99,34.31
3237,360003965,-845.21,-52.25,550.78,-19.09,100.55,-3.84,34.64
3238,360008015,-849.12,-57.62,554.69,-19.02,99.02,-5.55,34.36
3239,360013760,-849.61,-65.43,560.06,-19.15,97.56,-6.83,34.55
3240,360017809,-848.14,-84.47,557.13,-18.48,95.61,-7.87,34.50
3241,360021859,-840.82,-94.24,568.36,-18.23,94.51,-8.35,34.40
3242,360025916,-840.33,-98.14,568.85,-17.62,93.05,-9.39,34.50
3243,360031760,-816.89,-95.21,564.94,-17.44,91.52,-10.49,34.64
3244,360035809,-812.99,-100.10,565.92,-17.32,90.55,-11.77,34.36
3245,360039859,-798.34,-102.05,566.41,-17.32,89.82,-12.20,34.50
3246,360043916,-801.76,-106.93,550.78,-17.13,89.45,-12.87,34.21
3247,360047965,-789.06,-107.91,557.62,-16.77,88.60,-12.99,34.50
3248,360053760,-783.69,-119.14,549.80,-16.59,88.35,-13.11,34.40
3249,360057809,-775.88,-127.93,556.15,-16.04,88.05,-11.71,34.36
3250,360061859,-769.53,-129.88,550.78,-15.67,88.05,-10.85,34.64
3251,360065916,-778.81,-127.93,543.46,-14.94,88.48,-10.06,34.50
3252,360069965,-785.16,-129.88,534.18,-14.63,88.35,-9.21,34.40
3253,360075760,-787.11,-138.18,526.37,-14.57,88.05,-8.48,34.31
3254,360079809,-794.92,-140.14,526.86,-13.84,87.68,-6.95,34.12
3255,360083859,-807.62,-135.74,511.23,-13.90,87.68,-6.28,34.64
3256,360087916,-802.73,-114.26,509.28,-14.09,87.44,-6.22,34.50
3257,360091965,-803.22,-101.56,500.98,-14.27,87.07,-6.65,34.50
3258,360097760,-807.13,-95.21,500.00,-14.39,86.59,-7.56,34.40
3259,360101809,-816.41,-96.68,494.63,-14.63,86.10,-8.66,34.40
3260,360105859,-808.11,-99.61,496.58,-14.63,85.43,-9.63,34.50
3261,360109916,-813.96,-103.52,495.12,-14.51,85.43,-10.79,34.36
3262,360113965,-808.11,-107.42,498.54,-14.63,85.24,-11.95,34.36
3263,360119760,-805.66,-105.47,497.07,-14.27,85.06,-12.68,34.40
3264,360123809,-803.71,-111.33,489.75,-14.09,84.57,-12.93,34.64
3265,360127859,-809.08,-116.21,488.77,-14.09,84.27,-12.32,34.50
3266,360131916,-807.13,-120.61,481.93,-14.33,84.15,-10.98,34.50
3267,360135965,-811.52,-133.79,479.98,-13.84,83.66,-9.27,34.31
3268,360141760,-818.85,-140.62,485.35,-13.78,83.41,-7.26,34.64
3269,360145809,-826.66,-139.16,472.66,-13.17,83.48,-4.94,34.50
3270,360149859,-838.38,-136.72,470.21,-13.05,83.35,-4.02,34.40
3271,360153916,-847.17,-132.32,464.84,-12.56,82.93,-2.93,34.40
3272,360157965,-855.47,-129.88,457.03,-12.74,82.80,-2.44,34.21
3273,360163760,-865.72,-127.44,450.20,-12.68,82.26,-2.50,34.40
3274,360167809,-873.05,-118.16,436.04,-12.44,81.65,-3.72,34.50
3275,360171859,-873.05,-118.16,437.01,-12.44,81.40,-5.06,34.40
3276,360175916,-876.46,-123.54,430.66,-12.68,81.28,-6.46,34.69
3277,360179965,-883.30,-125.98,429.20,-12.99,80.61,-7.93,34.64
3278,360185760,-882.81,-124.51,434.08,-12.87,80.37,-8.72,34.36
3279,360189809,-882.32,-113.77,424.32,-13.17,80.06,-9.63,34.64
3280,360193859,-887.70,-116.21,422.85,-13.48,80.00,-10.55,34.31
3281,360197916,-882.81,-121.58,426.27,-13.84,80.24,-11.59,34.64
3282,360201965,-887.21,-140.14,426.27,-14.15,80.24,-12.62,34.36
3283,360207760,-887.21,-151.37,423.83,-13.72,80.49,-12.44,34.31
3284,360211809,-891.11,-169.43,421.87,-13.66,80.24,-11.59,34.40
3285,360215859,-898.93,-184.57,418.46,-13.23,80.37,-10.12,34.12
3286,360219916,-898.93,-177.25,409.67,-12.38,80.12,-8.66,34.55
3287,360225760,-910.16,-167.48,400.39,-11.83,79.94,-7.26,34.50
3288,360229809,-931.15,-138.67,383.79,-11.10,79.51,-6.77,34.40
3289,360233859,-940.43,-124.51,388.18,-11.28,79.02,-6.46,34.55
3290,360237916,-955.08,-105.47,373.54,-11.40,78.35,-7.01,34.31
3291,360241965,-965.82,-104.00,368.65,-11.83,78.05,-7.56,34.31
3292,360247760,-992.68,-104.00,349.61,-11.71,76.77,-7.80,34.40
3293,360251809,-1007.81,-113.28,347.66,-11.89,74.94,-8.11,34.40
3294,360255859,-1021.00,-118.65,347.17,-12.32,73.05,-8.11,34.50
3295,360259916,-1018.07,-126.95,343.75,-12.44,71.52,-7.93,34.16
3296,360263965,-1018.55,-133.30,339.84,-12.74,69.33,-7.56,34.40
3297,360269760,-1009.28,-150.39,336.91,-12.26,67.80,-6.95,34.40
3298,360273809,-998.05,-167.48,338.38,-11.59,66.34,-5.91,34.50
3299,360277859,-997.07,-178.71,333.50,-11.34,65.06,-5.12,34.40
3300,360281916,-1005.37,-194.82,325.20,-10.98,63.84,-4.27,34.64
3301,360285965,-1003.42,-214.36,322.75,-10.73,62.50,-2.01,34.55
3302,360291760,-1002.93,-236.33,321.78,-10.24,61.22,1.28,34.40
3303,360295809,-1012.70,-250.00,319.34,-9.09,59.51,5.85,34.21
3304,360299859,-1022.46,-247.56,312.99,-8.23,58.29,8.66,34.55
3305,360303916,-1034.67,-239.26,309.08,-7.44,56.46,12.26,34.31
3306,360307965,-1040.04,-223.14,300.29,-6.65,54.63,15.06,34.50
3307,360313760,-1048.34,-208.01,298.34,-5.79,53.29,16.40,34.21
3308,360317809,-1051.27,-193.36,299.32,-5.00,50.98,17.32,34.21
3309,360321859,-1047.85,-183.59,292.97,-4.76,50.30,17.13,34.64
3310,360325916,-1049.80,-178.22,291.99,-3.90,49.27,16.46,34.55
3311,360329965,-1058.59,-177.25,292.97,-3.29,48.17,15.85,34.31
3312,360335760,-1059.08,-176.27,294.43,-2.87,46.83,14.70,34.31
3313,360339809,-1061.04,-179.20,280.76,-2.62,45.61,13.54,34.21
3314,360343859,-1059.57,-185.06,274.90,-2.07,44.33,12.38,34.40
3315,360347916,-1055.66,-187.01,272.95,-1.83,43.17,12.26,34.36
3316,360351965,-1057.62,-188.96,270.02,-1.52,42.26,11.89,34.40
3317,360357760,-1064.45,-196.29,271.97,-1.34,41.04,11.40,34.36
3318,360361809,-1059.08,-188.96,271.48,-0.67,40.12,10.73,34.50
3319,360365859,-1061.04,-192.38,265.14,-0.24,39.33,9.70,34.40
3320,360369916,-1070.31,-199.71,262.21,0.12,38.78,8.48,34.55
3321,360373965,-1063.96,-229.49,266.11,0.98,37.44,8.78,34.40
3322,360379760,-1070.80,-255.86,264.65,1.71,36.83,10.49,34.50
3323,360383809,-1076.66,-267.58,264.65,2.99,35.73,14.39,34.21
3324,360387859,-1082.03,-248.54,249.51,4.09,34.94,16.89,34.40
3325,360391916,-1087.89,-231.93,246.09,4.94,33.84,19.57,34.40
3326,360395965,-1091.31,-226.07,238.77,5.67,32.50,21.89,34.50
3327,360401760,-1097.17,-213.38,237.30,5.85,31.34,23.78,34.55
3328,360405809,-1101.56,-184.08,237.79,6.16,30.12,25.06,34.50
3329,360409859,-1105.96,-156.25,233.40,6.28,29.02,25.73,34.21
3330,360413916,-1101.56,-127.44,236.82,5.91,27.80,25.24,34.64
3331,360417965,-1104.98,-119.14,229.00,5.30,27.01,24.94,34.50
3332,360423760,-1104.00,-118.65,234.37,4.70,25.91,23.66,34.55
3333,360427809,-1104.49,-111.33,246.09,4.15,25.00,22.38,34.50
3334,360431859,-1108.89,-104.00,247.07,3.72,24.09,21.59,34.36
3335,360435916,-1100.59,-100.59,249.02,3.05,23.23,20.00,34.74
3336,360441760,-1103.03,-101.56,255.86,2.56,22.56,17.87,34.64
3337,360445809,-1100.10,-104.98,250.49,2.01,21.65,15.37,34.40
3338,360449859,-1093.75,-104.49,260.74,1.59,20.49,13.66,34.40
3339,360453916,-1095.70,-115.23,247.07,0.98,20.24,11.89,34.16
3340,360457965,-1092.29,-124.51,242.68,0.55,19.70,10.85,34.55
3341,360463760,-1081.54,-112.30,257.81,0.06,19.33,9.70,34.50
3342,360467809,-1077.15,-114.26,250.98,-0.61,18.90,7.62,34.55
3343,360471859,-1068.85,-120.12,242.19,-1.10,18.96,6.22,34.50
3344,360475916,-1053.71,-117.68,243.16,-1.22,18.84,5.24,34.21
3345,360479965,-1048.83,-127.44,240.23,-1.46,19.02,4.15,34.31
3346,360485760,-1040.04,-133.79,239.26,-1.46,19.02,3.35,34.55
3347,360489809,-1036.62,-133.79,229.49,-1.59,18.90,3.05,34.50
3348,360493859,-1033.20,-124.51,220.70,-1.34,18.84,2.80,34.36
3349,360497916,-1039.06,-106.93,214.36,-1.59,18.66,2.50,34.31
3350,360501965,-1044.43,-97.66,208.01,-2.01,18.66,2.13,34.64
3351,360507760,-1041.50,-87.89,208.50,-2.32,18.17,1.46,34.50
3352,360511809,-1050.29,-92.29,200.20,-2.32,17.44,0.49,34.16
3353,360515859,-1051.27,-104.98,206.54,-2.50,17.07,0.55,34.50
3354,360519916,-1050.29,-109.37,202.15,-2.56,16.46,0.79,34.64
3355,360523965,-1049.80,-114.26,204.59,-2.62,15.73,1.71,34.50
3356,360529760,-1039.55,-108.40,194.82,-2.62,15.18,2.50,34.31
3357,360533809,-1033.69,-119.63,188.48,-3.23,14.27,3.41,34.40
3358,360537859,-1026.86,-130.86,190.92,-3.29,13.29,4.45,34.55
3359,360541916,-1026.37,-141.11,195.80,-3.66,13.05,5.98,34.40
3360,360545965,-1020.51,-137.70,201.66,-3.84,12.38,7.74,34.21
3361,360551760,-1013.67,-131.84,208.98,-3.72,11.65,8.72,34.36
3362,360555809,-1016.11,-107.42,235.35,-4.39,11.28,8.72,34.40
3363,360559859,-996.09,-79.10,270.51,-5.61,10.67,7.32,34.40
3364,360563916,-1010.74,-102.05,213.87,-6.22,11.52,5.24,34.40
3365,360567965,-1025.88,-134.77,144.53,-5.91,11.16,5.18,34.21
3366,360573760,-1013.67,-142.09,157.71,-5.43,10.61,6.71,34.31
3367,360577809,-989.26,-111.33,196.29,-5.30,10.30,7.38,34.36
3368,360581859,-990.72,-92.29,199.22,-5.30,10.30,6.52,34.31
3369,360585916,-988.77,-81.54,208.01,-5.00,10.30,4.39,34.36
3370,360589965,-990.72,-70.31,206.05,-5.30,10.18,1.77,34.02
3371,360595760,-996.58,-73.73,205.08,-6.04,10.30,-0.55,34.31
3372,360599809,-989.75,-89.84,213.38,-6.46,10.18,-2.74,34.36
3373,360603859,-994.14,-104.00,219.24,-6.52,10.24,-3.23,34.50
3374,360607916,-990.72,-106.45,218.75,-6.77,10.18,-2.99,34.64
3375,360611965,-985.84,-106.93,227.54,-7.07,10.00,-2.62,34.21
3376,360617760,-979.98,-112.30,221.19,-7.13,9.94,-2.13,34.64
3377,360621809,-979.98,-116.70,225.59,-7.01,10.00,-1.22,34.64
3378,360625859,-982.42,-120.12,228.03,-6.89,9.94,-0.49,34.21
3379,360629916,-983.89,-132.81,226.56,-6.59,9.94,0.73,34.50
3380,360633965,-988.77,-142.09,219.73,-6.16,9.88,2.32,34.64
3381,360639760,-991.21,-145.51,219.73,-5.18,9.45,4.57,34.31
3382,360643809,-994.14,-152.83,216.31,-4.45,9.02,7.32,34.64
3383,360647859,-994.14,-144.04,210.94,-3.60,8.72,9.63,34.12
3384,360651916,-992.19,-132.32,207.03,-2.93,8.48,11.52,34.40
3385,360657760,-998.54,-122.56,197.75,-1.83,7.80,12.56,34.36
3386,360661809,-994.14,-118.16,192.38,-1.28,7.68,13.72,34.40
3387,360665859,-998.54,-105.47,188.96,-1.16,7.26,13.78,34.50
3388,360669916,-985.84,-93.26,191.41,-0.61,7.38,13.84,34.21
3389,360673965,-990.72,-86.91,190.43,-0.37,7.38,13.72,34.50
3390,360678015,-987.30,-84.96,193.36,-0.37,7.32,12.93,34.40
3391,360683760,-998.54,-82.03,190.92,-0.43,7.44,12.32,34.40
3392,360687809,-991.70,-68.36,179.69,-0.55,7.68,10.37,34.50
3393,360691859,-992.19,-76.17,177.73,-1.16,7.74,9.45,34.64
3394,360695916,-999.51,-83.50,174.32,-1.52,7.74,7.99,34.50
3395,360701760,-1000.98,-98.14,178.22,-1.95,7.50,7.87,34.21
3396,360705809,-1002.44,-106.45,179.20,-2.56,7.13,8.23,34.21
3397,360709859,-1002.93,-104.00,179.20,-3.11,6.71,7.80,34.55
3398,360713916,-1000.98,-108.89,172.85,-3.54,6.46,7.62,34.31
3399,360717965,-1002.93,-111.82,178.22,-4.27,6.10,7.32,34.64
3400,360723760,-1000.98,-125.00,174.80,-4.88,5.91,7.62,34.50
3401,360727809,-1003.91,-133.30,179.20,-5.30,5.30,8.05,34.64
3402,360731859,-996.09,-131.35,174.80,-5.49,4.94,8.84,34.40
