seq,timestamp_us,ax_mg,ay_mg,az_mg,gx_dps,gy_dps,gz_dps,temp_c
0,198360113,-968.75,-86.43,247.07,-0.61,-1.40,-0.06,34.31
1,198364178,-960.94,-87.40,249.51,-0.91,-1.46,0.18,34.02
2,198368228,-954.10,-79.10,252.44,-1.10,-0.91,0.18,33.97
3,198372278,-954.10,-79.10,252.44,-1.34,-0.91,-0.06,34.31
4,198376327,-961.91,-70.80,245.61,-1.34,-0.79,-0.30,34.31
5,198380377,-955.08,-63.96,240.23,-1.71,-0.79,-1.10,34.21
6,198384426,-961.91,-70.80,244.14,-1.46,-0.73,-1.46,34.31
7,198388476,-964.84,-75.20,248.05,-1.77,-0.49,-1.71,34.31
8,198392525,-968.26,-81.05,246.09,-1.65,-0.43,-1.52,34.21
9,198398760,-968.26,-99.12,245.12,-1.46,-0.30,-1.22,34.12
10,198402809,-977.05,-104.98,244.63,-1.16,-0.49,-0.18,34.40
11,198406859,-978.03,-97.17,245.12,-0.85,-0.79,0.37,34.31
12,198410916,-971.68,-86.91,248.54,-0.85,-0.55,0.30,34.36
13,198414966,-971.68,-89.36,246.09,-0.55,-0.67,0.55,34.21
14,198419015,-972.17,-93.75,256.84,-0.67,-0.61,0.67,34.21
15,198424760,-970.21,-98.63,253.91,-0.67,-0.67,1.22,34.21
16,198428809,-966.80,-87.40,256.84,-0.12,-0.43,1.71,34.02
17,198432859,-967.77,-89.36,256.35,0.06,-0.67,1.95,34.31
18,198436916,-969.24,-84.96,254.39,0.12,-0.43,1.71,34.40
19,198440966,-966.80,-83.98,250.49,0.30,-0.30,1.59,34.21
20,198446760,-971.19,-86.91,253.42,0.12,0.06,1.28,34.36
21,198450809,-976.07,-89.84,259.77,0.12,0.49,1.16,34.31
22,198454859,-985.84,-83.50,252.93,0.00,0.49,1.10,34.21
23,198458916,-985.84,-80.57,246.09,0.12,0.18,1.04,34.40
24,198462966,-983.40,-70.31,253.42,-0.43,0.49,0.30,33.88
25,198468760,-983.89,-72.75,248.54,-0.55,0.79,-0.49,34.12
26,198472809,-991.70,-89.36,251.95,-0.43,0.73,-1.34,34.31
27,198476859,-991.21,-96.68,250.49,-0.73,0.98,-1.52,34.16
28,198480916,-993.16,-97.17,247.07,-0.37,0.79,-1.22,34.40
29,198484966,-996.58,-97.66,249.51,-0.43,1.16,-1.40,34.40
30,198490760,-993.65,-100.59,247.56,-0.30,1.04,-0.79,34.31
31,198494809,-1016.60,-116.70,239.26,-0.24,1.10,-0.37,34.21
32,198498859,-990.23,-104.49,237.79,-0.12,1.04,0.12,34.21
33,198502916,-995.12,-106.45,252.44,-0.18,0.49,0.24,34.31
34,198506966,-977.05,-74.22,267.58,0.37,1.77,0.00,33.97
35,198512760,-988.77,-81.05,248.54,-0.12,1.10,-0.98,34.31
36,198516809,-984.37,-98.14,256.84,-0.18,1.83,-1.34,34.36
37,198520859,-980.96,-109.37,256.35,0.06,1.65,-0.91,33.97
38,198524916,-979.00,-104.00,251.46,0.18,1.83,-0.55,34.12
39,198530760,-976.07,-90.33,246.58,0.30,1.65,-0.18,34.31
40,198534809,-980.47,-87.89,254.88,0.12,1.65,-0.37,34.50
41,198538859,-975.59,-82.03,250.98,0.00,1.77,-1.04,34.40
42,198542916,-963.38,-70.31,253.91,0.12,1.65,-1.65,34.02
43,198546966,-959.47,-68.36,253.91,0.06,2.13,-2.56,34.31
44,198552760,-960.45,-65.92,254.88,-0.18,1.95,-3.23,34.36
45,198556809,-965.33,-69.34,259.28,-0.12,2.01,-3.84,34.16
46,198560859,-963.38,-75.20,253.91,-0.24,2.44,-3.90,34.36
47,198564916,-963.87,-84.47,251.95,-0.18,2.07,-3.90,34.21
48,198568966,-963.38,-87.40,254.88,-0.12,1.89,-3.54,34.21
49,198574760,-961.91,-86.91,252.44,0.12,1.95,-3.05,34.21
50,198578809,-954.10,-79.59,251.46,0.55,1.89,-2.68,34.40
51,198582859,-947.27,-75.68,251.46,0.37,1.59,-2.62,34.31
52,198586916,-942.87,-73.73,252.93,0.67,1.83,-2.68,34.12
53,198590966,-944.34,-67.87,257.32,0.55,1.83,-2.74,34.31
54,198596760,-948.24,-72.75,252.93,0.67,1.89,-2.50,34.36
55,198600809,-945.80,-70.80,256.35,0.67,2.20,-2.44,34.21
56,198604859,-954.10,-77.64,248.54,0.49,2.07,-2.32,34.02
57,198608916,-949.22,-72.75,251.95,0.61,2.13,-2.32,34.36
58,198612966,-946.78,-68.85,253.91,0.67,2.32,-2.50,34.36
59,198618760,-955.08,-70.80,260.74,0.49,2.32,-2.68,33.97
60,198622809,-968.26,-71.78,254.88,0.30,2.07,-2.87,34.21
61,198626859,-967.29,-79.59,247.56,0.06,2.32,-2.99,34.31
62,198630916,-975.59,-82.52,249.51,0.06,1.83,-2.74,34.21
63,198634966,-977.05,-83.01,252.44,-0.06,1.77,-2.68,34.02
64,198640760,-980.47,-80.08,255.37,0.18,1.10,-2.93,34.12
65,198644809,-976.07,-67.38,253.91,0.18,0.91,-3.41,34.02
66,198648859,-975.10,-65.92,254.39,0.18,0.85,-3.96,34.16
67,198652916,-981.93,-74.22,253.91,0.06,0.73,-4.45,34.31
68,198656966,-982.42,-85.94,253.42,0.00,0.49,-4.88,33.88
69,198662760,-983.40,-95.21,251.95,0.12,-0.06,-4.57,34.16
70,198666809,-983.89,-95.21,249.51,0.61,-0.37,-4.39,34.21
71,198670859,-975.59,-92.77,250.49,0.55,-1.10,-4.27,34.12
72,198674916,-976.56,-99.61,251.95,0.55,-0.98,-4.21,34.36
73,198678966,-977.05,-102.05,253.42,0.67,-1.04,-3.78,34.02
74,198684760,-971.19,-118.16,250.98,1.34,-1.04,-3.35,34.02
75,198688809,-972.66,-123.54,256.35,1.52,-1.40,-2.20,34.31
76,198692859,-976.56,-119.63,254.88,1.65,-1.46,-1.28,34.12
77,198696916,-970.70,-112.79,260.74,1.95,-1.59,-0.43,34.21
78,198700966,-974.61,-108.40,261.23,2.32,-1.46,-0.12,34.12
79,198706760,-968.75,-102.54,256.35,2.13,-1.65,0.24,34.16
80,198710809,-974.61,-99.61,257.32,2.50,-1.34,0.73,34.31
81,198714859,-970.21,-93.75,258.30,2.62,-1.40,1.10,34.02
82,198718916,-976.07,-92.29,254.88,2.32,-1.46,1.16,34.21
83,198722966,-979.98,-80.08,253.91,2.07,-1.71,0.73,34.31
84,198728760,-978.52,-79.59,253.42,2.13,-1.40,0.37,34.12
85,198732809,-981.45,-80.57,251.46,2.01,-1.40,-0.12,34.31
86,198736859,-983.89,-85.94,254.88,2.07,-1.52,-0.24,33.97
87,198740916,-981.45,-88.87,251.95,1.95,-1.71,-0.24,34.21
88,198746760,-981.93,-93.75,248.05,1.83,-1.65,-0.12,34.31
89,198750809,-985.84,-90.82,250.49,1.95,-1.71,0.18,34.21
90,198754859,-981.93,-89.84,243.65,1.83,-2.13,0.00,34.40
91,198758916,-984.37,-95.70,245.61,2.07,-2.50,-0.24,34.02
92,198762966,-982.91,-95.21,243.65,2.07,-2.93,-0.12,34.21
93,198767015,-978.52,-95.21,245.61,1.89,-2.87,-0.43,34.40
94,198772760,-980.96,-103.03,242.19,2.13,-3.17,0.00,34.16
95,198776809,-979.98,-104.49,247.07,2.20,-2.99,0.43,34.21
96,198780859,-978.52,-106.93,247.56,2.50,-3.35,0.61,34.21
97,198784916,-977.54,-109.37,245.12,2.56,-3.60,0.91,34.36
98,198790760,-980.96,-110.35,246.09,2.87,-3.78,1.52,34.40
99,198794809,-981.93,-110.35,241.21,3.29,-4.27,1.95,34.31
100,198798859,-982.91,-113.77,237.79,3.29,-4.76,2.44,34.21
101,198802916,-986.33,-117.68,242.68,3.66,-4.94,3.11,34.21
102,198806966,-991.21,-119.14,243.65,4.02,-5.30,4.09,34.31
103,198812760,-985.35,-138.67,242.19,4.33,-5.79,5.43,34.50
104,198816809,-992.68,-129.88,249.51,4.63,-6.10,6.71,34.40
105,198820859,-996.58,-125.98,254.39,5.12,-6.28,7.50,34.31
106,198824916,-994.14,-127.93,256.35,5.18,-7.26,8.60,34.21
107,198828966,-993.65,-128.42,263.18,5.61,-7.26,9.76,34.21
108,198834760,-997.56,-135.74,266.11,5.73,-7.74,11.22,33.97
109,198838809,-1002.44,-139.65,269.53,6.16,-8.35,13.23,33.97
110,198842859,-1004.39,-146.48,271.00,6.77,-8.54,14.51,34.36
111,198846916,-1008.79,-152.83,270.02,6.89,-9.27,16.77,34.12
112,198850966,-1015.62,-150.88,271.97,7.26,-9.82,18.78,34.31
113,198856760,-1016.11,-159.67,273.93,7.62,-10.18,21.28,34.02
114,198860809,-1017.09,-173.34,272.95,7.99,-11.22,24.82,34.16
115,198864859,-1034.67,-174.80,274.41,8.54,-11.77,27.62,34.21
116,198868916,-1052.73,-151.86,276.37,9.09,-13.54,29.94,34.36
117,198872966,-1010.25,-89.84,278.81,8.96,-15.73,30.18,34.16
118,198878760,-977.54,-3.42,295.41,8.23,-16.40,27.56,34.12
119,198882809,-962.89,45.90,299.32,6.65,-16.04,21.22,33.97
120,198886859,-952.15,38.09,301.76,4.82,-16.04,17.38,34.02
121,198890916,-956.54,12.70,296.39,3.29,-16.16,13.66,34.12
122,198894966,-943.36,-9.77,291.02,2.50,-16.71,11.34,34.02
123,198900760,-930.18,-20.51,298.34,1.65,-16.83,9.39,34.40
124,198904809,-924.80,-34.67,302.73,1.16,-17.01,7.13,34.31
125,198908859,-920.90,-50.78,303.22,0.79,-16.83,5.67,34.12
126,198912916,-916.50,-64.45,300.29,0.85,-17.01,4.57,34.31
127,198916966,-923.83,-83.01,301.27,0.79,-17.44,4.21,34.31
128,198922760,-925.78,-96.19,295.90,0.61,-17.56,4.63,34.21
129,198926809,-928.71,-109.86,296.88,0.67,-17.93,6.34,34.16
130,198930859,-922.85,-128.42,301.27,0.91,-18.17,7.74,34.40
131,198934916,-925.78,-133.79,301.27,1.46,-18.29,10.12,34.21
132,198938966,-918.46,-137.21,304.20,1.59,-18.29,12.80,34.21
133,198944760,-918.46,-146.00,309.57,2.07,-17.68,15.55,34.16
134,198948809,-917.97,-140.14,316.89,2.38,-17.50,19.70,34.31
135,198952859,-917.48,-133.79,319.34,2.38,-17.07,22.50,34.02
136,198956916,-914.55,-128.91,326.17,2.32,-16.40,25.98,34.21
137,198960966,-915.53,-118.65,331.05,2.07,-15.24,28.96,34.31
138,198966760,-914.55,-120.61,331.05,1.46,-14.15,32.01,34.31
139,198970809,-917.48,-105.96,345.21,0.49,-12.62,34.88,34.21
140,198974859,-918.95,-94.73,341.80,-0.18,-11.52,36.77,34.02
141,198978916,-918.46,-97.66,341.80,-1.22,-9.82,39.02,34.12
142,198984760,-921.39,-91.80,351.07,-2.32,-8.05,41.28,34.50
143,198988809,-937.99,-92.29,342.77,-3.84,-5.61,44.21,34.31
144,198992859,-937.50,-102.05,339.36,-4.63,-3.60,47.38,34.31
145,198996916,-955.57,-90.33,339.36,-4.82,-2.26,50.00,34.12
146,199000966,-969.73,-97.17,333.98,-5.85,-0.85,52.50,34.40
147,199006760,-967.77,-91.80,331.54,-6.59,0.37,55.30,34.21
148,199010809,-987.30,-80.57,324.71,-7.13,1.95,58.48,34.31
149,199014859,-993.16,-72.27,312.99,-7.99,2.44,61.10,34.12
150,199018916,-996.09,-50.78,312.99,-8.23,2.99,62.80,34.12
151,199022966,-997.56,-36.13,306.64,-8.96,3.78,64.94,34.02
152,199028760,-999.51,-33.20,305.18,-9.63,4.02,66.52,34.21
153,199032809,-999.51,-13.67,299.80,-10.00,4.63,68.48,34.50
154,199036859,-999.02,-9.77,291.99,-10.43,5.12,70.00,34.21
155,199040916,-996.58,1.95,287.11,-10.79,5.43,71.22,34.40
156,199044966,-994.63,4.39,281.74,-11.10,5.73,72.87,34.50
157,199050760,-988.77,10.25,282.71,-10.98,5.98,74.57,34.36
158,199054809,-981.93,16.11,274.41,-11.16,6.34,76.89,34.21
159,199058859,-974.12,16.60,279.30,-11.40,6.65,78.35,34.36
160,199062916,-960.45,28.81,280.76,-11.52,7.07,80.24,34.31
161,199066966,-953.61,36.13,279.30,-11.22,7.50,81.77,34.16
162,199072760,-949.71,38.57,281.25,-11.34,7.87,83.05,34.21
163,199076809,-939.94,47.36,284.18,-11.34,9.39,84.02,34.02
164,199080859,-937.01,54.69,285.16,-11.28,9.94,84.82,34.21
165,199084916,-936.04,56.64,282.23,-11.59,10.85,85.37,34.40
166,199088966,-943.85,47.36,284.67,-11.65,11.34,85.98,33.88
167,199094760,-944.82,45.41,285.16,-11.71,12.13,86.46,34.12
168,199098809,-942.87,42.97,285.16,-10.98,13.29,87.62,33.97
169,199102859,-951.17,40.04,282.71,-11.16,13.90,88.05,34.55
170,199106916,-959.96,22.95,284.18,-10.98,14.15,89.39,34.31
171,199110966,-959.47,18.55,286.13,-10.67,14.21,91.22,33.97
172,199116760,-961.43,13.67,291.99,-10.24,14.63,93.78,34.21
173,199120809,-976.56,31.74,295.41,-9.45,14.39,96.22,34.31
174,199124859,-979.98,40.04,297.36,-9.21,14.21,97.56,34.31
175,199128916,-980.96,50.78,302.25,-8.90,14.27,99.21,34.40
176,199132966,-985.35,70.80,302.25,-8.41,14.33,100.43,33.88
177,199138760,-989.75,88.87,299.80,-8.17,14.21,100.85,34.16
178,199142809,-992.19,128.91,301.76,-8.29,13.84,100.85,34.31
179,199146859,-987.30,125.98,296.88,-9.09,13.29,100.49,34.21
180,199150916,-980.47,128.91,301.27,-8.90,12.80,100.12,34.21
181,199154966,-984.86,156.25,314.94,-8.35,13.29,99.33,34.31
182,199160760,-993.16,168.95,305.18,-8.48,13.17,97.80,34.16
183,199164809,-996.58,172.85,294.92,-9.45,11.95,95.98,34.21
184,199168859,-984.37,161.62,298.83,-9.51,11.65,95.73,34.02
185,199172916,-984.37,172.36,298.83,-9.21,11.28,95.06,34.31
186,199176965,-986.33,178.71,299.80,-9.15,10.98,94.45,34.31
187,199182760,-995.12,183.11,296.88,-9.57,10.43,93.41,34.40
188,199186809,-982.42,181.64,287.11,-9.94,9.27,92.50,34.36
189,199190859,-977.54,194.82,288.57,-9.57,8.96,91.65,33.97
190,199194916,-977.54,206.05,292.97,-9.39,8.41,90.98,34.40
191,199200760,-973.63,210.45,305.66,-9.57,8.05,89.82,34.21
192,199204809,-968.26,213.87,312.50,-10.30,7.20,88.41,34.21
193,199208859,-955.08,218.26,317.38,-10.18,7.07,87.50,34.16
194,199212916,-951.17,238.28,326.66,-10.18,7.13,86.46,34.21
195,199216965,-952.64,247.56,323.24,-10.73,7.01,84.94,33.97
196,199222760,-944.34,260.74,324.71,-11.10,7.01,83.05,34.40
197,199226809,-947.75,264.65,322.27,-11.89,6.83,81.28,34.31
198,199230859,-942.87,264.65,328.61,-12.38,6.83,79.63,34.16
199,199234916,-939.94,272.95,323.24,-12.74,6.59,78.96,34.02
200,199238965,-938.48,281.25,326.17,-13.29,6.28,77.74,34.31
201,199244760,-934.08,288.57,324.22,-14.02,6.28,76.77,34.21
202,199248809,-937.99,288.09,322.27,-14.88,6.16,75.79,34.31
203,199252859,-936.04,289.55,318.85,-15.37,6.04,75.18,34.16
204,199256916,-936.04,296.88,317.38,-15.73,6.16,74.76,34.16
205,199260965,-932.62,293.95,308.59,-16.59,5.67,74.45,34.36
206,199266760,-929.69,288.57,304.69,-16.95,5.73,74.51,34.31
207,199270809,-921.87,287.60,295.90,-17.07,5.67,75.30,34.12
208,199274859,-915.04,288.57,289.06,-17.38,5.67,76.10,34.21
209,199278916,-905.76,293.46,282.23,-17.26,5.37,76.77,34.21
210,199282965,-901.37,302.25,277.83,-17.56,5.55,77.38,34.31
211,199288760,-899.41,307.13,265.14,-17.80,5.67,77.74,34.02
212,199292809,-896.97,315.92,257.32,-17.62,5.85,78.90,34.02
213,199296859,-896.48,309.57,253.42,-17.80,5.91,79.45,34.12
214,199300916,-897.46,297.85,257.32,-17.62,6.22,80.67,34.31
215,199304965,-902.34,291.50,264.65,-17.13,6.04,82.20,34.02
216,199310760,-895.51,292.97,274.41,-16.40,6.22,84.27,33.88
217,199314809,-887.21,300.78,285.64,-15.61,6.52,86.46,34.16
218,199318859,-883.30,318.36,291.99,-15.06,6.22,87.68,34.31
219,199322916,-890.62,335.94,299.32,-14.33,6.52,89.09,34.36
220,199326965,-887.70,357.42,305.18,-14.02,7.01,89.88,34.21
221,199332760,-881.35,377.44,308.11,-14.02,7.01,90.24,34.12
222,199336809,-875.98,399.41,315.43,-13.96,7.20,90.06,34.31
223,199340859,-870.12,408.69,319.82,-13.84,7.62,89.76,34.16
224,199344916,-870.12,421.87,316.41,-14.27,8.17,88.66,34.02
225,199348965,-869.14,432.62,318.36,-14.33,8.41,87.50,34.02
226,199354760,-870.12,441.89,314.94,-14.88,8.48,86.40,34.31
227,199358809,-866.21,445.80,311.04,-14.94,8.72,85.00,34.21
228,199362859,-867.68,462.89,308.59,-15.61,8.66,83.35,34.21
229,199366916,-866.70,476.07,302.25,-15.67,8.78,81.22,34.12
230,199370965,-858.89,483.89,296.88,-16.34,8.90,79.02,34.36
231,199376760,-855.96,487.79,297.36,-17.13,9.02,77.20,34.21
232,199380809,-846.19,482.91,286.13,-17.32,9.15,75.06,34.21
233,199384859,-843.75,466.80,276.37,-17.56,9.21,74.02,34.12
234,199388916,-843.75,457.52,268.07,-17.80,8.66,73.23,34.40
235,199392965,-845.21,444.82,265.14,-17.74,8.66,73.48,34.50
236,199398760,-842.77,444.34,256.84,-17.26,8.11,74.15,34.02
237,199402809,-837.40,430.66,258.79,-16.77,7.68,75.98,34.36
238,199406859,-830.08,418.46,252.93,-16.10,7.07,77.32,34.02
239,199410916,-828.12,412.11,253.91,-15.24,6.89,79.39,34.40
240,199416760,-829.10,400.39,260.25,-14.57,6.34,82.07,34.21
241,199420809,-824.71,386.72,249.02,-13.41,5.43,85.67,34.31
242,199424859,-817.87,392.09,248.54,-12.07,5.30,88.72,34.40
243,199428916,-815.43,407.71,247.07,-10.98,4.94,90.67,34.12
244,199432965,-811.04,424.80,246.09,-9.88,4.21,93.29,34.21
245,199437015,-803.71,439.94,248.05,-8.96,4.02,94.45,34.36
246,199442760,-798.34,451.17,251.95,-8.23,3.60,95.30,34.16
247,199446809,-795.90,495.12,245.61,-7.44,2.93,95.18,34.12
248,199450859,-794.43,514.16,243.16,-7.62,2.74,94.76,34.50
249,199454916,-789.06,538.09,239.75,-7.20,2.80,93.41,34.12
250,199460760,-790.04,552.25,235.84,-7.13,2.93,91.83,34.50
251,199464809,-782.23,557.13,240.72,-7.32,2.32,89.82,34.36
252,199468859,-779.30,565.43,239.75,-7.13,1.89,88.17,34.31
253,199472916,-775.39,568.36,246.58,-7.07,1.77,86.89,34.12
254,199476965,-770.02,568.36,247.56,-6.77,1.65,85.12,34.21
255,199482760,-764.65,570.31,252.93,-6.22,1.59,83.66,34.31
256,199486809,-758.30,584.96,256.84,-6.40,1.52,81.40,34.21
257,199490859,-749.02,594.24,266.60,-6.40,1.34,80.12,34.40
258,199494916,-750.98,597.66,261.23,-6.10,1.40,78.41,34.16
259,199498965,-748.05,568.36,253.91,-5.79,1.22,77.74,34.21
260,199504760,-736.33,567.87,262.21,-5.79,1.22,76.71,34.12
261,199508809,-741.21,561.04,264.65,-5.30,1.22,75.91,34.02
262,199512859,-731.45,554.20,267.09,-4.51,1.34,75.91,34.31
263,199516916,-729.49,557.13,263.18,-3.96,1.04,76.04,34.02
264,199520965,-725.59,555.66,266.11,-3.05,0.73,75.73,34.31
265,199526760,-717.77,559.57,271.97,-2.68,1.04,75.30,34.21
266,199530809,-707.52,574.71,278.32,-1.77,0.85,74.51,34.21
267,199534859,-700.68,588.38,277.83,-1.34,1.22,73.72,34.40
268,199538916,-694.34,601.07,275.88,-0.98,1.34,72.32,34.31
269,199542965,-687.50,612.30,277.34,-0.91,1.71,71.16,34.02
270,199548760,-684.57,611.33,275.88,-0.91,1.52,69.88,34.02
271,199552809,-671.39,614.26,271.97,0.00,1.46,68.41,34.16
272,199556859,-659.18,621.58,266.60,0.43,1.65,67.20,34.12
273,199560916,-651.37,633.79,271.00,0.91,2.26,66.28,34.31
274,199564965,-642.58,649.41,266.60,1.16,2.74,65.12,34.40
275,199570760,-637.70,663.57,258.79,1.16,2.80,63.72,34.02
276,199574809,-632.32,682.62,250.98,1.16,2.74,61.95,34.31
277,199578859,-632.81,689.94,251.46,0.79,2.80,59.88,34.40
278,199582916,-631.35,708.50,243.16,0.55,3.05,58.41,34.31
279,199586965,-634.28,701.66,242.68,0.55,2.93,56.71,33.88
280,199592760,-631.35,698.24,244.14,0.06,2.62,55.85,34.36
281,199596809,-640.14,684.57,239.75,-0.06,2.62,55.55,34.12
282,199600859,-639.16,678.22,237.30,-0.12,2.38,55.61,34.31
283,199604916,-634.28,679.69,234.37,0.24,2.13,56.10,34.21
284,199608965,-633.79,684.57,234.37,0.49,1.95,56.28,34.31
285,199614760,-637.21,694.82,229.98,0.43,1.83,56.28,34.31
286,199618809,-637.70,694.82,229.49,0.18,1.40,56.40,34.40
287,199622859,-626.95,693.36,233.89,0.61,1.04,56.40,33.97
288,199626916,-627.44,686.52,230.96,0.61,0.98,56.52,34.40
289,199630965,-629.88,673.83,229.00,1.28,0.30,57.26,34.31
290,199636760,-627.93,680.18,237.30,1.59,-0.06,58.11,34.36
291,199640809,-620.61,682.62,236.33,1.95,-0.61,58.72,34.36
292,199644859,-617.19,682.62,237.79,2.93,-0.85,59.33,34.16
293,199648916,-612.79,688.48,234.86,3.05,-1.28,59.88,34.31
294,199654760,-603.03,694.34,233.40,3.41,-1.59,60.12,34.12
295,199658809,-600.10,702.64,234.86,3.54,-2.07,60.55,34.31
296,199662859,-598.63,711.91,240.23,3.84,-2.62,60.67,34.40
297,199666916,-592.77,716.31,235.84,3.84,-3.11,60.55,34.12
298,199670965,-581.54,724.12,236.33,3.90,-3.66,60.67,34.40
299,199676760,-577.15,723.14,236.33,4.02,-3.78,60.85,34.21
300,199680809,-562.50,733.40,227.05,4.15,-4.39,60.61,34.36
301,199684859,-553.22,742.68,232.42,4.51,-4.76,60.73,34.31
302,199688916,-538.09,743.16,230.96,4.76,-5.12,60.55,34.16
303,199692965,-528.32,742.19,227.54,4.82,-5.24,60.43,34.31
304,199698760,-518.55,749.51,229.00,5.12,-5.49,60.37,34.40
305,199702809,-511.72,747.56,224.61,5.79,-5.79,60.37,34.02
306,199706859,-504.39,745.12,229.00,5.98,-5.55,60.73,34.21
307,199710916,-495.61,737.30,233.40,6.22,-5.43,61.22,34.21
308,199714965,-491.21,740.23,241.21,6.71,-5.49,62.01,34.21
309,199720760,-489.26,742.19,247.56,6.71,-4.82,62.80,34.31
310,199724809,-487.79,749.51,247.56,6.71,-4.27,64.33,33.97
311,199728859,-489.26,759.77,252.44,6.65,-3.54,65.12,34.21
312,199732916,-489.26,769.53,256.84,6.40,-3.11,64.94,34.50
313,199736965,-483.40,777.34,256.84,6.22,-2.62,64.76,34.31
314,199742760,-488.28,789.06,257.81,5.91,-2.13,63.78,34.12
315,199746809,-487.30,801.27,262.70,4.94,-1.16,62.56,34.21
316,199750859,-491.70,801.76,261.72,4.51,-1.16,61.71,34.50
317,199754916,-486.82,802.25,264.65,3.66,-0.79,60.18,34.12
318,199758965,-489.26,805.66,260.74,3.05,-0.73,59.33,34.02
319,199764760,-484.37,805.18,262.70,2.93,-0.55,58.54,33.97
320,199768809,-484.86,798.34,249.51,2.62,-0.49,57.50,34.12
321,199772859,-477.05,786.62,253.91,2.74,-0.61,57.13,34.31
322,199776916,-466.31,781.74,249.51,3.11,-0.73,57.32,34.31
323,199780965,-451.66,776.86,250.98,4.09,-0.49,58.23,34.16
324,199786760,-441.89,783.69,245.61,4.57,-0.49,58.90,33.97
325,199790809,-432.13,788.09,241.70,5.18,-0.49,60.12,34.40
326,199794859,-418.95,791.50,241.70,5.85,-0.61,60.73,34.21
327,199798916,-414.06,794.43,241.21,6.52,-0.37,61.65,33.97
328,199802965,-408.20,795.41,230.96,7.20,-0.12,62.68,34.02
329,199808760,-409.18,781.25,229.98,7.74,0.43,64.09,34.12
330,199812809,-407.23,789.06,226.07,8.72,1.10,65.61,34.31
331,199816859,-400.88,797.85,225.10,8.78,1.22,67.01,34.31
332,199820916,-397.95,809.57,226.07,9.39,1.95,67.93,34.36
333,199824965,-406.74,819.82,222.66,9.21,2.62,68.11,34.12
334,199830760,-404.30,821.78,222.17,8.90,2.99,68.23,34.36
335,199834809,-402.83,835.94,224.61,8.66,3.90,67.44,34.36
336,199838859,-403.81,848.14,229.49,8.17,4.57,66.52,34.02
337,199842916,-408.69,852.05,230.47,7.93,5.43,65.18,34.36
338,199846965,-408.20,855.96,228.03,7.74,6.04,63.96,34.36
339,199852760,-407.23,853.52,229.49,7.32,6.71,62.44,34.21
340,199856809,-412.11,855.47,221.68,7.44,7.68,60.91,34.31
341,199860859,-409.18,849.12,219.73,7.56,7.74,60.12,34.21
342,199864916,-411.13,851.07,219.24,7.87,7.87,59.21,34.16
343,199870760,-410.16,843.26,221.19,8.48,7.99,58.90,34.21
344,199874809,-408.69,831.54,216.80,9.27,7.99,59.02,34.12
345,199878859,-405.76,829.10,212.89,10.00,7.74,59.39,34.40
346,199882916,-395.51,835.94,205.57,10.79,7.87,60.24,34.02
347,199886965,-390.62,848.14,202.15,11.46,7.56,60.98,34.21
348,199892760,-380.86,856.45,198.24,12.20,7.74,61.89,34.40
349,199896809,-369.14,864.75,192.87,12.80,7.50,62.99,34.31
350,199900859,-364.26,879.39,189.94,13.29,7.74,63.48,34.12
351,199904916,-356.93,879.88,184.08,13.48,7.62,63.84,34.16
352,199908965,-352.05,876.46,176.27,14.02,7.50,64.33,34.36
353,199914760,-341.31,877.93,175.78,13.96,7.80,64.63,34.16
354,199918809,-341.31,873.05,173.83,14.33,8.05,65.37,34.40
355,199922859,-338.38,881.84,178.71,14.27,8.54,65.98,34.36
356,199926916,-339.36,892.58,178.71,14.02,9.27,66.52,34.12
357,199930965,-345.70,892.09,175.29,14.09,10.06,66.83,34.40
358,199936760,-351.56,889.16,168.95,13.84,10.43,67.68,34.31
359,199940809,-346.19,892.58,172.36,13.78,10.98,68.29,34.31
360,199944859,-347.66,900.39,175.29,13.60,11.40,68.41,34.16
361,199948916,-352.05,905.27,172.36,13.23,11.95,68.29,34.12
362,199952965,-354.00,915.53,174.32,13.29,12.01,68.11,34.21
363,199958760,-351.56,916.02,175.78,13.11,12.20,66.77,34.02
364,199962809,-354.98,911.13,178.71,13.05,12.07,65.49,33.83
365,199966859,-342.29,912.11,180.66,13.11,12.26,64.76,34.21
366,199970916,-333.01,913.09,183.11,13.23,12.32,63.78,34.21
367,199974965,-322.75,903.32,175.78,13.35,12.32,63.05,34.21
368,199980760,-325.20,898.93,177.25,13.90,11.89,62.74,34.31
369,199984809,-306.64,894.04,174.32,14.57,11.89,62.87,34.21
370,199988859,-299.80,903.32,175.29,15.00,11.65,62.74,34.31
371,199992916,-298.83,907.23,174.80,15.49,11.71,62.38,34.21
372,199996965,-287.11,920.41,177.73,16.22,11.77,61.95,33.97
373,200002760,-283.69,937.50,171.39,16.34,12.01,61.16,34.16
374,200006809,-271.48,954.59,171.87,16.34,12.20,59.94,34.16
375,200010859,-270.51,966.80,166.50,16.16,12.50,58.72,34.31
376,200014916,-268.07,983.40,169.92,15.61,13.05,56.59,34.21
377,200018965,-272.46,991.21,167.97,15.18,13.41,53.60,33.88
378,200024760,-279.79,986.82,167.97,14.02,13.78,51.52,34.36
379,200028809,-286.13,981.45,165.04,13.41,14.09,49.27,34.50
380,200032859,-292.97,973.14,163.57,12.62,13.90,47.50,34.36
381,200036916,-292.97,975.10,163.57,11.89,13.54,45.85,34.31
382,200040965,-299.80,977.54,163.09,10.98,13.60,43.78,34.31
383,200046760,-296.39,962.89,158.20,10.24,12.80,42.44,34.40
384,200050809,-298.34,938.96,149.41,9.70,11.77,41.83,34.21
385,200054859,-294.92,922.36,148.93,9.39,11.04,42.07,34.21
386,200058916,-293.95,906.25,146.48,9.27,10.24,42.68,34.21
387,200062965,-286.62,892.58,139.16,9.70,8.90,43.60,34.21
388,200068760,-281.25,880.86,141.11,10.37,7.80,45.37,34.21
389,200072809,-270.51,857.91,140.62,11.34,6.40,47.80,34.12
390,200076859,-260.25,843.75,132.81,12.38,5.37,50.06,33.88
391,200080916,-250.98,841.80,131.84,13.41,4.02,52.80,34.12
392,200086760,-228.52,846.68,134.28,14.45,2.87,55.67,34.12
393,200090809,-216.31,869.63,135.74,15.49,1.83,58.11,34.21
394,200094859,-208.01,897.95,139.65,15.98,1.65,59.09,34.02
395,200098916,-204.10,911.62,135.25,16.59,1.46,59.39,34.21
396,200102965,-207.52,924.80,136.72,16.59,1.10,59.39,34.21
397,200107015,-200.68,934.08,138.67,16.77,0.98,58.48,34.31
398,200112760,-199.71,939.94,141.60,16.77,0.85,57.62,34.21
399,200116809,-210.94,939.94,137.21,16.65,0.43,56.59,34.31
400,200120859,-214.84,934.08,127.93,16.22,0.37,56.10,34.31
401,200124916,-215.33,939.94,136.23,16.04,-0.18,55.30,34.21
402,200130760,-216.31,951.17,137.70,15.98,-0.24,53.84,34.31
403,200134809,-209.47,961.43,134.77,15.49,-0.85,51.40,34.21
404,200138859,-204.59,967.29,133.30,14.51,-1.04,49.39,34.40
405,200142916,-203.61,976.07,132.81,14.21,-1.59,47.62,34.21
406,200146965,-194.34,982.42,130.86,13.41,-2.26,45.00,34.16
407,200152760,-187.50,974.61,127.93,12.93,-2.38,41.89,34.64
408,200156809,-187.99,923.83,117.68,13.05,-3.35,40.61,34.31
409,200160859,-179.20,884.77,114.75,13.66,-4.39,40.73,34.21
410,200164916,-160.64,870.12,111.33,14.51,-5.24,41.83,34.02
411,200168965,-155.76,867.68,106.93,15.61,-5.73,43.41,34.31
412,200174760,-143.07,868.65,111.82,16.71,-6.28,44.82,34.12
413,200178809,-130.86,870.12,100.59,17.80,-6.89,46.77,34.02
414,200182859,-126.95,866.70,93.75,18.60,-7.13,48.35,34.36
415,200186916,-126.95,864.75,88.38,19.82,-7.68,50.24,34.31
416,200190965,-123.05,867.68,84.47,21.40,-7.87,51.77,34.36
417,200196760,-120.61,871.58,80.57,22.56,-7.87,53.17,34.12
418,200200809,-115.23,879.39,82.03,23.78,-7.56,53.90,34.21
419,200204859,-106.93,899.41,78.61,24.82,-7.50,54.57,34.31
420,200208916,-105.96,911.13,85.45,25.37,-7.01,54.51,34.16
421,200212965,-110.35,925.29,77.64,25.73,-6.95,53.78,33.78
422,200218760,-110.84,937.50,79.10,25.73,-6.52,52.20,34.36
423,200222809,-98.63,950.20,78.12,26.10,-6.28,50.24,34.31
424,200226859,-104.98,944.34,74.22,26.52,-5.98,49.02,34.31
425,200230916,-104.00,933.59,71.78,27.13,-5.98,48.05,34.40
426,200234965,-101.07,941.89,65.43,27.68,-6.04,46.59,34.21
427,200240760,-90.82,947.27,67.87,28.23,-5.98,45.30,34.31
428,200244809,-83.01,969.24,63.96,28.90,-5.67,42.74,34.31
429,200248859,-73.73,979.00,64.45,28.90,-5.79,40.85,34.16
430,200252916,-61.52,984.37,66.89,29.27,-5.61,38.78,34.21
431,200256965,-52.25,979.49,62.01,29.63,-5.55,36.83,34.21
432,200262760,-46.39,993.65,55.18,29.94,-5.55,35.00,34.21
433,200266809,-33.20,1001.95,54.69,30.18,-4.82,32.68,34.12
434,200270859,-24.90,1003.42,56.15,30.30,-4.51,31.16,34.02
435,200274916,-26.37,1006.84,54.69,30.43,-3.90,29.15,34.36
436,200278965,-21.48,1024.90,64.94,30.24,-2.93,26.77,34.31
437,200284760,-26.86,1047.36,67.38,29.88,-1.77,23.78,34.40
438,200288809,-38.09,1046.88,66.89,29.21,-0.49,20.06,34.02
439,200292859,-56.15,1019.53,63.96,28.84,0.30,18.11,34.31
440,200296916,-70.31,1008.30,66.41,28.66,0.98,16.65,34.21
441,200300965,-75.20,1003.42,64.45,28.90,1.59,15.91,34.12
442,200306760,-80.57,1012.21,68.85,29.09,2.01,15.30,34.36
443,200310809,-89.84,1015.62,63.96,28.96,2.32,14.45,34.31
444,200314859,-101.56,1009.28,64.45,29.21,2.68,14.21,34.21
445,200318916,-106.45,1000.98,60.06,29.51,2.50,13.72,34.31
446,200324760,-119.63,996.58,56.15,30.00,2.07,13.84,34.02
447,200328809,-122.56,999.02,56.64,30.85,2.32,13.90,34.50
448,200332859,-123.54,1010.74,62.01,31.10,1.52,13.66,34.12
449,200336916,-127.44,1010.25,60.55,31.34,1.46,13.72,34.21
450,200340965,-125.98,1015.62,55.66,31.16,1.22,14.21,34.21
451,200346760,-129.39,1018.55,55.18,31.40,0.61,14.45,34.40
452,200350809,-128.91,1041.02,61.04,31.40,-0.06,13.96,34.21
453,200354859,-127.44,1055.18,62.99,30.79,-0.61,13.23,34.36
454,200358916,-115.72,1060.06,65.43,30.43,-1.28,12.32,34.02
455,200362965,-116.21,1070.31,65.92,29.57,-1.65,10.67,34.21
456,200368760,-106.93,1083.50,68.85,28.90,-2.50,9.57,34.40
457,200372809,-98.14,1098.14,72.75,27.62,-3.11,6.52,34.16
458,200376859,-99.61,1111.33,76.66,26.46,-3.48,3.96,34.31
459,200380916,-99.61,1106.93,76.66,25.67,-3.66,1.89,34.21
460,200384965,-102.05,1099.12,78.12,24.27,-4.33,0.00,34.40
461,200390760,-101.56,1091.31,74.22,23.41,-5.24,-1.65,34.31
462,200394809,-106.93,1098.14,76.17,22.20,-5.73,-3.41,34.12
463,200398859,-113.77,1103.03,75.20,21.34,-6.22,-4.57,34.21
464,200402916,-121.58,1107.91,75.20,20.00,-7.13,-5.91,34.40
465,200406965,-127.44,1106.93,70.31,19.09,-7.87,-7.62,34.31
466,200412760,-141.60,1094.24,63.96,17.93,-8.78,-8.54,34.21
467,200416809,-152.83,1059.57,57.62,16.65,-10.06,-7.93,34.02
468,200420859,-157.71,1032.71,54.69,16.52,-11.65,-7.07,34.31
469,200424916,-161.13,1028.81,53.71,16.34,-13.05,-5.61,34.21
470,200428965,-159.18,1024.90,52.73,15.73,-14.33,-3.35,34.16
471,200434760,-168.95,1004.39,52.73,15.79,-15.91,-1.16,33.97
472,200438809,-166.02,992.68,47.85,15.61,-18.05,2.99,34.02
473,200442859,-162.60,1004.88,46.87,15.67,-19.51,5.24,34.31
474,200446916,-162.11,1023.93,48.34,15.00,-20.55,7.07,34.40
475,200450965,-148.93,1042.48,53.22,14.51,-21.95,8.48,34.31
476,200456760,-144.53,1063.96,48.83,13.54,-23.05,8.60,34.12
477,200460809,-130.86,1079.10,45.90,11.83,-24.45,8.05,34.02
478,200464859,-119.14,1089.84,47.85,10.98,-24.88,7.56,34.50
479,200468916,-110.35,1091.80,47.85,9.51,-25.91,6.59,34.21
480,200472965,-105.96,1097.17,49.80,7.68,-26.71,5.85,34.02
481,200478760,-94.73,1103.52,52.25,6.71,-27.44,5.00,34.31
482,200482809,-87.40,1113.28,56.64,4.33,-28.05,3.60,34.31
483,200486859,-77.15,1111.33,51.76,3.48,-28.48,3.05,34.36
484,200490916,-75.68,1107.91,54.20,2.07,-28.66,2.44,34.36
485,200494965,-67.87,1101.56,50.29,0.43,-28.60,1.89,34.16
486,200500760,-67.38,1092.29,53.71,-0.37,-28.72,1.28,34.31
487,200504809,-60.06,1064.94,58.11,-1.52,-28.72,1.34,34.40
488,200508859,-63.48,1052.25,58.59,-2.07,-28.84,1.22,33.97
489,200512916,-64.94,1052.25,61.52,-2.56,-28.84,1.52,34.31
490,200516965,-62.01,1045.41,62.50,-3.41,-28.60,1.95,34.36
491,200522760,-64.94,1032.23,60.55,-3.66,-28.66,2.38,34.31
492,200526809,-63.48,1021.00,54.69,-4.21,-28.78,3.35,34.31
493,200530859,-58.11,1007.32,50.29,-4.45,-28.60,4.09,34.02
494,200534916,-51.76,1001.46,50.78,-4.33,-29.09,5.12,34.36
495,200540760,-53.71,1005.86,50.78,-4.51,-28.17,6.10,34.12
496,200544809,-46.39,1005.86,57.13,-5.06,-28.11,6.89,34.21
497,200548859,-50.78,999.51,49.80,-5.06,-28.11,7.32,34.21
498,200552916,-36.13,994.14,46.39,-5.30,-28.05,8.29,34.12
499,200556965,-29.79,992.19,51.76,-5.43,-27.68,9.63,34.21
500,200562760,-25.39,1000.98,48.34,-5.73,-27.20,10.55,34.21
501,200566809,-17.09,1005.37,50.78,-5.73,-26.83,11.40,34.16
502,200570859,-8.79,1005.37,50.78,-6.16,-26.46,11.46,34.21
503,200574916,-2.44,1005.37,50.29,-6.22,-25.85,11.40,34.02
504,200578965,-1.95,1009.77,51.27,-6.46,-25.37,11.46,34.31
505,200584760,-0.49,1004.39,49.32,-6.95,-24.57,11.95,34.31
506,200588809,9.77,997.07,47.85,-7.44,-23.60,12.38,34.12
507,200592859,17.58,992.19,50.78,-7.80,-23.11,12.50,34.31
508,200596916,20.02,998.54,55.66,-7.74,-22.26,12.56,34.36
509,200600965,22.46,1000.49,63.48,-8.17,-21.04,12.32,34.55
510,200606760,21.00,1012.21,62.99,-8.41,-20.18,11.52,34.36
511,200610809,21.00,1007.32,71.29,-9.02,-18.78,10.37,34.40
512,200614859,18.55,993.16,68.85,-9.09,-17.80,10.12,34.40
513,200618916,21.97,985.84,71.29,-8.90,-17.32,10.00,34.21
514,200622965,16.60,981.93,73.73,-8.90,-16.22,9.82,34.40
515,200628760,15.62,985.84,71.29,-8.60,-15.49,9.63,34.16
516,200632809,15.14,988.28,72.27,-8.41,-14.33,8.72,34.02
517,200636859,14.65,992.19,74.71,-8.41,-13.90,8.48,34.36
518,200640916,15.14,997.56,73.24,-8.84,-12.80,7.13,34.31
519,200644965,14.16,1004.39,71.78,-8.90,-12.13,6.10,34.02
520,200650760,20.51,999.02,67.87,-8.96,-11.22,5.30,34.12
521,200654809,16.11,978.52,60.55,-8.90,-10.00,4.94,33.83
522,200658859,14.16,958.01,59.57,-8.54,-9.70,5.49,34.31
523,200662916,25.39,965.33,62.01,-7.99,-8.96,6.28,34.36
524,200666965,21.48,966.31,57.13,-7.50,-8.23,7.07,33.88
525,200672760,15.14,967.29,55.66,-7.56,-7.32,7.50,34.12
526,200676809,18.55,975.10,55.18,-7.44,-6.34,8.11,34.21
527,200680859,8.30,986.82,53.22,-7.32,-5.73,8.11,34.16
528,200684916,9.28,991.21,50.29,-7.26,-5.00,7.99,34.36
529,200688965,-2.44,981.45,54.69,-7.74,-4.39,7.93,34.02
530,200694760,-10.25,973.14,54.69,-7.50,-4.09,8.11,34.21
531,200698809,-9.28,976.56,51.27,-7.56,-3.35,8.54,34.21
532,200702859,-8.79,979.98,50.29,-7.44,-3.05,8.60,34.31
533,200706916,-10.25,983.40,54.69,-7.20,-2.99,8.48,34.50
534,200710965,-12.21,988.77,53.71,-7.44,-2.44,8.66,34.21
535,200716760,-8.30,986.33,52.25,-7.50,-2.07,8.05,34.31
536,200720809,-10.25,998.05,55.66,-7.74,-1.65,7.44,34.12
537,200724859,-10.25,998.05,54.69,-7.80,-1.40,6.89,34.21
538,200728916,-8.79,996.09,56.64,-8.05,-1.10,6.04,34.21
539,200732965,-2.93,998.54,60.55,-7.99,-0.79,5.06,34.36
540,200738760,-7.81,998.05,61.04,-8.05,-0.61,4.09,34.21
541,200742809,-2.93,987.79,61.04,-7.93,0.00,3.23,34.31
542,200746859,-9.28,975.59,54.20,-8.17,-0.06,3.17,34.21
543,200750916,-12.70,978.52,57.13,-7.80,0.37,3.29,34.21
544,200756760,-10.25,979.49,58.59,-7.68,0.43,3.17,34.31
545,200760809,-12.21,980.47,54.69,-7.80,0.79,3.11,34.12
546,200764859,-13.18,980.47,55.66,-7.56,0.91,3.11,34.31
547,200768916,-11.72,982.42,52.73,-7.38,1.16,2.62,33.97
548,200772965,-11.72,982.42,56.15,-7.38,1.77,2.26,34.36
549,200777015,-17.58,976.07,50.78,-7.20,1.89,2.38,34.31
550,200782760,-26.86,964.36,46.87,-7.07,2.20,2.80,34.36
551,200786809,-33.20,954.59,46.39,-6.40,1.95,3.96,34.16
552,200790859,-32.71,953.12,41.50,-6.22,2.13,4.88,34.40
553,200794916,-32.71,949.71,43.95,-5.91,1.71,5.67,34.12
554,200800760,-38.57,950.20,48.34,-5.37,1.77,6.77,34.16
555,200804809,-39.55,963.38,46.87,-5.18,1.71,7.50,34.31
556,200808859,-40.53,971.68,47.36,-4.82,1.52,7.93,34.16
557,200812916,-38.09,979.98,49.32,-4.82,1.28,8.11,34.02
558,200816965,-37.60,988.28,48.83,-4.82,0.85,7.93,34.31
559,200822760,-36.13,994.14,52.25,-4.88,1.10,7.56,34.31
560,200826809,-35.16,1001.46,51.27,-5.06,0.91,6.59,34.31
561,200830859,-37.60,1004.39,52.25,-5.61,1.10,5.79,34.36
562,200834916,-32.71,1001.46,53.22,-5.37,0.73,5.06,34.21
563,200838965,-34.67,1005.37,52.73,-5.85,0.61,4.33,34.40
564,200844760,-32.71,1005.86,51.76,-5.85,0.73,3.66,33.83
565,200848809,-28.81,1003.42,56.15,-6.46,0.79,2.38,34.02
566,200852859,-32.23,998.05,56.15,-6.40,0.91,1.71,34.21
567,200856916,-34.18,989.75,52.73,-6.28,0.79,0.91,34.36
568,200860965,-34.67,984.37,50.78,-6.40,0.91,0.55,34.21
569,200866760,-42.48,979.00,51.27,-6.52,0.85,0.61,34.21
570,200870809,-45.41,970.21,52.73,-6.28,0.98,0.30,34.12
571,200874859,-49.80,974.12,55.18,-6.28,0.73,0.00,34.40
572,200878916,-44.43,970.70,49.32,-6.10,0.85,-0.06,34.31
573,200882965,-50.78,961.43,52.25,-5.73,0.55,-0.06,34.12
574,200888760,-52.73,955.57,48.83,-5.30,0.06,0.55,34.02
575,200892809,-58.59,947.27,50.78,-4.88,0.06,1.52,34.12
576,200896859,-57.62,949.22,56.15,-4.63,-0.18,1.95,34.36
577,200900916,-56.15,954.10,57.62,-4.09,-0.73,2.56,34.21
578,200904965,-50.78,957.52,54.69,-3.78,-0.98,3.23,34.02
579,200910760,-55.66,965.82,58.59,-3.66,-1.16,3.41,34.31
580,200914809,-53.71,974.61,58.11,-3.60,-1.52,3.54,34.50
581,200918859,-46.39,980.96,56.15,-3.29,-2.01,3.05,34.50
582,200922916,-48.34,980.96,55.18,-3.66,-1.89,3.05,34.21
583,200926965,-44.43,976.56,56.15,-3.29,-2.20,3.05,34.12
584,200932760,-42.48,975.10,52.25,-3.72,-2.01,2.99,34.40
585,200936809,-38.57,976.56,57.13,-3.41,-2.32,2.62,34.21
586,200940859,-35.16,978.52,58.11,-3.29,-2.20,2.38,34.16
587,200944916,-34.18,979.49,59.08,-3.60,-2.20,2.07,34.36
588,200948965,-35.16,991.70,58.11,-3.66,-2.20,1.59,34.21
589,200954760,-35.64,989.26,59.57,-3.54,-1.77,0.98,34.21
590,200958809,-41.50,990.23,61.04,-3.60,-1.83,0.24,34.21
591,200962859,-34.18,984.37,60.06,-3.84,-1.71,-0.06,34.12
592,200966916,-33.20,975.59,64.45,-3.41,-1.59,-0.18,34.16
593,200970965,-36.62,962.89,64.45,-3.41,-1.83,0.12,34.21
594,200976760,-33.69,964.36,64.45,-3.17,-1.95,0.61,34.40
595,200980809,-39.55,961.91,67.87,-2.80,-1.65,0.98,34.36
596,200984859,-33.20,959.96,69.82,-2.62,-1.71,1.28,34.12
597,200988916,-31.74,967.77,64.94,-2.32,-1.77,1.89,34.12
598,200994760,-29.30,971.68,65.92,-2.26,-1.59,2.13,34.40
599,200998809,-24.90,970.21,71.29,-1.95,-1.71,2.20,34.21
600,201002859,-32.23,965.82,70.80,-1.89,-1.65,2.38,34.36
601,201006916,-27.83,968.26,76.17,-1.52,-1.65,2.62,34.21
602,201010965,-29.79,967.77,74.71,-1.16,-1.22,2.80,34.64
603,201016760,-29.30,975.10,72.75,-1.16,-1.46,2.62,34.21
604,201020809,-26.86,984.37,68.85,-1.34,-1.10,2.26,34.21
605,201024859,-28.32,987.30,73.24,-1.28,-0.98,1.83,34.31
606,201028916,-22.46,995.61,69.82,-1.46,-0.79,1.77,34.02
607,201032965,-18.07,998.05,72.27,-1.59,-0.49,0.91,34.02
608,201038760,-24.41,999.02,73.73,-1.89,-0.37,0.30,34.02
609,201042809,-17.58,996.58,69.34,-2.13,-0.24,-0.85,34.12
610,201046859,-15.14,997.56,70.80,-2.26,0.30,-1.65,34.02
611,201050916,-17.58,993.65,70.80,-2.50,0.12,-2.07,34.02
612,201054965,-15.62,989.75,72.27,-2.68,0.30,-2.56,34.21
613,201060760,-14.65,986.82,74.22,-2.68,0.43,-2.87,34.21
614,201064809,-15.14,974.12,68.85,-2.74,0.79,-2.68,34.21
615,201068859,-18.55,970.21,69.82,-2.68,0.98,-2.26,34.36
616,201072916,-20.02,965.82,68.36,-2.44,1.10,-1.95,34.21
617,201076965,-19.04,963.38,71.29,-2.07,1.28,-1.16,34.40
618,201082760,-13.18,958.98,76.66,-2.13,1.52,-0.49,33.88
619,201086809,-13.67,963.38,70.80,-1.95,1.40,0.43,34.12
620,201090859,-16.60,961.43,74.71,-1.59,1.65,0.98,34.31
621,201094916,-16.11,966.80,63.96,-1.40,1.83,1.83,34.12
622,201098965,-14.65,964.84,67.38,-1.22,1.83,2.44,34.31
623,201104760,-21.97,964.84,72.27,-1.22,1.95,3.23,34.12
624,201108809,-17.09,975.10,72.75,-0.85,1.83,3.60,34.21
625,201112859,-20.02,975.59,76.66,-0.91,1.83,3.90,34.21
626,201116916,-19.53,981.93,74.71,-0.85,1.95,4.15,33.83
627,201120965,-21.48,987.30,75.68,-0.98,1.71,4.15,34.02
628,201126760,-20.02,993.16,76.17,-1.10,1.89,3.66,34.21
629,201130809,-19.04,1001.46,79.10,-1.22,2.07,3.05,34.21
630,201134859,-17.09,1002.44,78.61,-1.46,2.07,2.74,34.16
631,201138916,-16.11,1009.28,78.12,-2.01,2.32,1.89,34.40
632,201142965,-12.21,1012.21,75.68,-2.38,2.13,0.91,34.21
633,201148760,-13.18,1012.70,72.75,-2.56,2.32,-0.12,34.16
634,201152809,-12.70,1000.00,72.75,-3.11,2.26,-0.98,34.40
635,201156859,-7.81,987.79,72.75,-3.41,2.50,-1.16,34.31
636,201160916,-8.30,990.72,73.24,-3.66,2.68,-1.52,34.21
637,201164965,-19.04,987.79,74.71,-3.72,2.68,-1.52,34.36
638,201170760,-17.58,980.47,75.68,-3.66,2.80,-1.89,34.40
639,201174809,-18.55,971.19,76.66,-3.48,2.50,-1.34,34.12
640,201178859,-15.62,967.77,76.17,-3.66,2.62,-0.91,34.12
641,201182916,-22.46,967.29,70.31,-3.48,2.50,-0.43,34.40
642,201186965,-22.46,958.01,70.80,-3.11,2.26,0.24,34.21
643,201192760,-21.48,959.47,71.29,-2.99,2.32,0.98,34.36
644,201196809,-21.48,963.87,73.24,-3.05,2.13,1.34,34.36
645,201200859,-18.07,969.24,69.82,-2.99,2.32,1.46,34.21
646,201204916,-20.51,974.12,67.38,-2.93,2.44,1.52,34.21
647,201210760,-16.60,978.03,67.87,-2.93,2.26,1.46,34.36
648,201214809,-11.23,986.82,67.87,-2.99,2.50,1.04,34.21
649,201218859,-13.18,986.33,63.96,-3.48,2.32,0.55,34.21
650,201222916,-14.65,986.33,65.43,-3.60,2.44,0.06,34.40
651,201226965,-13.67,989.26,70.80,-3.90,2.38,-0.12,34.31
652,201232760,-19.04,992.68,69.82,-4.15,2.50,-0.12,34.36
653,201236809,-21.97,993.16,66.89,-4.39,2.50,-0.85,34.21
654,201240859,-24.41,996.09,69.82,-4.15,2.20,-1.22,34.31
655,201244916,-31.74,983.40,72.27,-4.33,2.20,-1.04,34.02
656,201248965,-36.62,979.00,70.31,-4.88,1.89,-1.52,34.21
657,201254760,-40.53,970.21,71.78,-4.57,1.34,-1.40,34.21
658,201258809,-46.87,966.80,73.73,-4.51,1.40,-0.79,34.40
659,201262859,-43.46,964.84,73.73,-4.57,0.98,-0.30,34.36
660,201266916,-45.90,964.84,74.71,-4.21,0.61,0.24,34.21
661,201270965,-45.41,969.24,75.20,-4.15,0.37,0.55,34.36
662,201276760,-42.97,970.21,76.66,-4.02,0.12,0.85,34.31
663,201280809,-43.46,962.89,78.12,-3.84,-0.24,1.34,34.40
664,201284859,-41.50,967.29,73.24,-3.41,-0.37,1.46,34.40
665,201288916,-37.60,968.26,75.20,-3.60,-0.43,1.46,34.50
666,201292965,-37.11,975.10,80.57,-3.29,-0.61,1.28,34.21
667,201298760,-34.67,973.63,81.05,-3.54,-0.61,1.22,34.02
668,201302809,-32.23,976.56,74.71,-3.11,-0.79,1.10,34.02
669,201306859,-26.86,983.89,76.17,-3.35,-0.85,1.04,34.31
670,201310916,-21.48,986.33,77.15,-3.29,-0.55,0.73,34.21
671,201314965,-21.97,990.23,76.17,-3.29,-0.12,0.00,34.36
672,201320760,-27.83,984.37,74.71,-3.72,-0.30,-0.30,34.21
673,201324809,-30.76,972.66,78.12,-3.54,-0.18,-0.67,34.02
674,201328859,-32.71,967.77,77.64,-3.17,-0.37,-0.37,34.21
675,201332916,-32.71,963.87,76.66,-3.23,-0.43,-0.24,34.31
676,201336965,-34.67,964.84,76.17,-3.17,-0.61,0.06,34.21
677,201342760,-26.86,964.84,79.59,-2.68,-0.18,0.37,33.97
678,201346809,-31.25,963.87,75.20,-2.62,-0.18,0.79,34.31
679,201350859,-29.30,969.24,81.05,-2.32,-0.06,1.22,34.31
680,201354916,-31.74,971.19,81.54,-1.95,-0.37,1.59,34.40
681,201358965,-33.69,977.05,81.05,-2.32,-0.24,1.71,34.12
682,201364760,-36.13,977.05,78.61,-2.01,0.00,1.77,34.31
683,201368809,-32.71,984.37,78.12,-1.89,-0.18,1.83,34.02
684,201372859,-34.67,982.42,82.03,-1.65,-0.30,2.07,34.40
685,201376916,-26.86,988.77,77.15,-1.83,-0.12,2.26,34.31
686,201380965,-28.32,989.75,80.08,-1.65,-0.06,2.13,34.31
687,201386760,-27.83,996.09,82.03,-1.95,0.18,1.77,34.21
688,201390809,-18.55,1003.42,83.01,-2.01,0.06,1.22,34.31
689,201394859,-21.48,1005.86,79.59,-1.89,0.55,0.43,34.12
690,201398916,-20.02,1003.42,83.50,-2.13,0.49,0.30,34.40
691,201402965,-25.88,996.58,78.61,-2.26,0.98,0.00,34.12
692,201408760,-21.97,995.61,76.17,-2.26,0.73,-0.43,34.40
693,201412809,-24.90,999.02,83.50,-2.56,1.04,-0.79,34.21
694,201416859,-23.93,991.21,82.03,-2.50,0.91,-0.98,34.02
695,201420916,-22.95,992.19,81.54,-2.74,0.98,-1.22,34.31
696,201426760,-27.83,990.23,81.54,-2.93,1.28,-1.22,34.31
697,201430809,-26.37,987.30,80.08,-2.80,1.59,-1.52,34.31
698,201434859,-35.16,979.49,80.57,-2.74,1.59,-1.22,34.31
699,201438916,-32.23,969.24,80.08,-2.50,1.59,-0.73,34.16
700,201442965,-29.79,970.21,81.05,-2.38,1.46,-0.24,34.31
701,201447015,-33.20,968.26,83.50,-2.20,1.52,0.00,34.36
702,201452760,-28.32,975.10,86.91,-2.01,1.46,0.30,34.40
703,201456809,-35.16,980.47,84.96,-2.01,1.77,0.30,34.31
704,201460859,-32.23,978.52,87.40,-1.89,1.95,0.43,34.36
705,201464916,-29.79,976.56,86.91,-1.83,1.71,0.43,34.36
706,201470760,-34.18,969.73,86.43,-2.13,1.83,0.49,34.36
707,201474809,-31.74,979.00,86.91,-1.83,1.89,0.61,34.40
708,201478859,-30.27,972.66,86.91,-1.65,1.95,0.49,34.21
709,201482916,-35.16,976.07,82.52,-1.71,2.01,0.24,33.97
710,201486965,-33.20,971.68,85.94,-1.71,1.89,0.18,34.31
711,201492760,-28.32,973.63,85.45,-1.65,1.89,-0.12,34.31
712,201496809,-27.34,978.03,87.40,-1.46,1.71,-0.24,34.40
713,201500859,-34.18,979.49,91.31,-1.71,1.95,-0.73,34.31
714,201504916,-31.25,974.12,86.43,-1.65,1.83,-1.22,34.40
715,201508965,-34.18,969.24,89.84,-2.13,1.95,-1.22,34.02
716,201514760,-21.97,972.66,89.84,-1.89,1.65,-1.40,34.31
717,201518809,-27.34,965.82,88.38,-1.77,1.65,-1.40,34.12
718,201522859,-26.37,969.24,85.94,-1.83,1.65,-1.52,34.21
719,201526916,-25.39,967.77,89.36,-1.95,1.65,-1.40,34.40
720,201530965,-26.86,967.77,90.33,-1.77,1.59,-1.34,34.40
721,201536760,-33.69,963.87,88.38,-2.01,1.46,-1.16,34.02
722,201540809,-28.81,962.89,90.33,-1.34,1.52,-1.28,34.16
723,201544859,-34.18,960.94,88.38,-1.77,1.22,-1.34,34.21
724,201548916,-37.11,951.66,90.82,-1.52,1.28,-1.22,34.21
725,201552965,-36.62,952.64,89.36,-1.71,0.98,-0.79,33.88
726,201558760,-30.76,953.61,83.98,-1.28,0.85,-0.55,34.12
727,201562809,-34.67,953.61,84.47,-1.16,0.49,0.00,34.21
728,201566859,-31.25,949.71,83.01,-0.85,0.37,-0.06,34.21
729,201570916,-29.79,947.75,85.94,-0.98,0.12,0.43,34.21
730,201574965,-29.30,961.91,81.54,-0.37,0.24,0.79,34.12
731,201580760,-25.88,970.21,81.05,-0.73,-0.06,1.04,34.36
732,201584809,-19.04,983.89,80.08,-0.79,-0.12,0.85,34.16
733,201588859,-18.07,987.30,81.54,-0.85,-0.18,0.73,34.21
734,201592916,-15.14,992.19,83.98,-0.91,-0.37,0.43,34.40
735,201596965,-14.65,983.40,88.87,-1.22,-0.18,0.18,33.88
736,201602760,-15.62,987.79,83.50,-1.34,-0.12,-0.06,34.16
737,201606809,-14.65,987.79,87.40,-1.40,-0.18,-0.12,34.31
738,201610859,-17.09,993.65,83.98,-1.95,-0.12,-0.79,34.12
739,201614916,-11.72,989.26,87.40,-1.83,0.18,-0.61,34.21
740,201618965,-11.23,987.30,87.40,-1.95,0.00,-0.67,34.16
741,201624760,-13.18,984.86,84.96,-2.26,0.37,-0.73,34.31
742,201628809,-17.58,978.03,81.54,-2.01,0.49,-0.30,34.40
743,201632859,-11.23,975.59,78.61,-1.95,0.24,0.18,34.12
744,201636916,-21.97,973.63,84.96,-2.07,0.37,0.37,34.40
745,201640965,-20.51,972.66,83.01,-2.07,0.61,0.61,34.31
746,201646760,-22.95,975.10,82.03,-2.07,0.37,1.04,34.21
747,201650809,-21.00,962.40,82.52,-1.89,0.43,2.32,34.36
748,201654859,-17.58,963.38,82.03,-1.95,0.79,2.56,34.21
749,201658916,-20.02,965.33,78.61,-1.83,0.61,3.23,34.40
750,201664760,-18.55,965.33,83.01,-1.52,0.85,4.15,34.16
751,201668809,-17.58,972.17,76.17,-1.59,0.85,4.63,34.40
752,201672859,-16.60,979.00,78.61,-1.52,0.79,5.37,34.16
753,201676916,-16.60,975.59,74.71,-1.46,1.10,5.43,33.88
754,201680965,-22.46,977.05,80.08,-1.40,1.10,5.61,34.31
755,201686760,-23.44,984.86,79.10,-1.40,1.34,5.61,34.31
756,201690809,-24.90,984.37,83.98,-1.52,1.16,5.37,34.21
757,201694859,-24.41,992.19,80.57,-1.95,1.59,5.00,34.31
758,201698916,-23.93,996.58,85.94,-2.20,1.71,4.70,33.88
759,201702965,-21.00,996.09,84.47,-2.68,1.95,3.78,34.40
760,201708760,-18.55,994.14,87.40,-2.80,2.07,3.29,34.31
761,201712809,-22.95,992.19,85.45,-3.29,2.26,2.38,34.31
762,201716859,-24.41,993.16,87.40,-3.41,2.20,1.52,34.31
763,201720916,-26.86,985.84,88.87,-3.23,2.20,1.52,34.36
764,201724965,-27.83,979.98,87.40,-3.41,2.44,0.98,34.36
765,201730760,-24.41,975.10,85.94,-3.29,2.68,0.67,34.21
766,201734809,-31.25,962.40,84.47,-3.05,2.50,0.67,34.02
767,201738859,-37.11,956.05,87.89,-2.93,2.62,1.04,34.16
768,201742916,-34.67,952.64,89.36,-2.56,2.50,1.65,34.21
769,201746965,-37.11,956.54,83.01,-2.32,2.62,2.07,34.40
770,201752760,-33.20,959.47,86.91,-1.71,2.44,2.44,34.21
771,201756809,-34.18,959.47,83.01,-1.65,2.20,2.62,34.02
772,201760859,-39.06,962.89,83.98,-1.22,2.07,3.05,34.21
773,201764916,-31.25,965.33,87.40,-0.85,2.20,2.62,34.40
774,201768965,-30.27,971.68,87.40,-0.85,2.07,2.56,33.97
775,201774760,-31.74,976.07,84.47,-0.73,2.01,2.50,34.12
776,201778809,-33.20,977.05,85.45,-0.55,1.83,2.32,33.97
777,201782859,-29.30,977.54,85.45,-0.73,1.77,1.95,34.31
778,201786916,-25.39,979.49,86.43,-0.61,1.65,2.07,34.36
779,201790965,-26.37,982.91,85.45,-0.73,1.83,1.65,34.02
780,201796760,-21.97,986.33,84.47,-0.67,1.65,1.71,33.83
781,201800809,-25.39,988.28,88.38,-0.98,1.71,1.16,34.21
782,201804859,-26.37,990.72,89.84,-0.73,1.95,0.67,34.36
783,201808916,-28.32,990.23,90.33,-0.73,1.83,0.37,34.31
784,201812965,-25.39,979.98,87.89,-0.79,1.52,0.24,34.02
785,201818760,-19.53,980.96,89.36,-0.55,1.65,0.12,34.36
786,201822809,-23.93,982.42,86.91,-0.43,1.95,0.55,34.31
787,201826859,-25.39,977.54,87.89,-0.43,1.83,0.91,34.31
788,201830916,-23.44,983.40,89.84,-0.43,1.83,1.04,34.12
789,201834965,-25.88,989.75,85.45,-0.91,1.71,0.85,34.40
790,201840760,-29.79,990.23,87.89,-0.98,1.83,0.55,34.36
791,201844809,-31.74,976.56,89.36,-1.04,2.01,0.98,34.31
792,201848859,-32.23,976.56,88.87,-0.67,1.71,1.52,34.12
793,201852916,-36.62,976.56,83.50,-0.79,1.89,1.95,34.31
794,201856965,-31.25,986.82,91.31,-0.79,1.40,2.13,34.16
795,201862760,-32.71,989.26,89.84,-0.85,1.71,2.38,34.31
796,201866809,-30.27,989.75,88.38,-1.04,1.52,2.01,34.40
797,201870859,-27.34,986.82,89.36,-0.98,1.65,1.77,33.97
798,201874916,-25.88,991.21,89.84,-1.28,1.46,1.77,34.21
799,201880760,-27.34,992.68,86.43,-1.28,1.28,1.46,34.40
800,201884809,-19.53,994.63,88.87,-1.46,1.52,1.52,34.31
801,201888859,-24.90,997.07,92.29,-1.40,1.52,1.22,34.16
802,201892916,-18.07,997.56,86.91,-1.59,1.52,0.91,34.16
803,201896965,-19.53,996.09,92.77,-1.77,1.52,0.55,34.40
804,201902760,-23.93,992.19,95.70,-1.95,1.83,0.43,34.31
805,201906809,-25.39,991.21,91.80,-2.26,1.59,-0.43,34.12
806,201910859,-22.95,983.40,93.26,-2.20,1.46,-0.55,34.40
807,201914916,-19.53,980.96,92.77,-2.44,1.71,-0.61,34.02
808,201918965,-21.48,981.45,92.29,-2.38,1.83,-0.73,34.21
809,201924760,-30.27,978.03,93.75,-2.26,1.65,-0.55,34.02
810,201928809,-28.81,967.77,92.29,-2.13,1.28,-0.43,34.31
811,201932859,-32.71,962.40,89.36,-1.83,0.85,-0.12,34.21
812,201936916,-33.69,967.77,89.36,-1.59,1.04,0.37,34.21
813,201940965,-33.69,966.80,90.82,-1.34,0.91,0.85,34.21
814,201946760,-25.88,971.68,93.26,-1.34,0.79,0.85,34.50
815,201950809,-24.90,973.63,87.40,-1.34,0.91,0.61,34.21
816,201954859,-20.51,981.93,86.43,-1.22,0.67,0.67,34.50
817,201958916,-22.95,981.45,86.43,-1.40,0.79,0.49,34.21
818,201962965,-19.04,986.33,87.40,-1.52,0.67,0.61,34.21
819,201968760,-15.14,983.89,85.94,-1.28,0.49,0.12,33.83
820,201972809,-22.46,985.84,84.96,-1.34,0.55,-0.30,33.83
821,201976859,-20.02,980.47,82.52,-1.52,0.55,-0.06,34.31
822,201980916,-14.16,982.91,83.98,-1.40,0.49,0.00,34.21
823,201984965,-17.58,986.82,84.96,-1.52,0.12,-0.18,34.02
824,201990760,-20.02,981.45,83.50,-1.65,0.61,-0.30,34.31
825,201994809,-23.44,981.93,83.98,-1.65,-0.06,-0.79,34.12
826,201998859,-19.53,978.03,84.47,-1.65,0.55,-0.73,34.31
827,202002916,-16.11,975.10,86.91,-1.59,0.18,-0.79,34.31
828,202006965,-16.60,968.26,84.47,-1.71,0.06,-0.67,34.02
829,202012760,-15.62,961.91,86.91,-1.46,-0.12,-0.06,34.02
830,202016809,-12.70,965.82,83.98,-1.28,0.00,0.49,34.31
831,202020859,-18.55,962.89,84.96,-1.22,0.00,0.79,34.21
832,202024916,-13.67,970.21,87.89,-0.85,-0.18,0.73,34.50
833,202028965,-14.65,967.29,88.87,-0.98,-0.30,0.91,34.02
834,202034760,-16.11,971.19,85.94,-1.16,-0.06,0.91,34.02
835,202038809,-18.55,973.63,83.98,-0.85,-0.12,0.91,34.16
836,202042859,-19.53,977.05,85.45,-0.91,-0.30,0.85,34.16
837,202046916,-15.62,973.14,86.43,-0.91,-0.37,0.73,34.40
838,202050965,-10.25,977.05,87.40,-0.98,-0.49,0.73,34.21
839,202056760,-13.18,980.47,82.03,-0.98,-0.49,0.61,34.31
840,202060809,-10.74,974.61,86.43,-1.22,-0.18,0.37,34.31
841,202064859,-13.18,972.66,81.54,-1.28,-0.18,0.37,34.21
842,202068916,-17.58,972.17,85.45,-0.91,-0.06,0.55,34.21
843,202072965,-15.62,971.68,86.43,-0.73,0.12,0.49,34.36
844,202078760,-11.72,973.14,83.98,-0.79,-0.12,0.79,34.31
845,202082809,-16.11,974.61,80.57,-0.73,0.24,1.10,34.31
846,202086859,-17.58,978.52,83.98,-0.73,0.30,1.28,34.31
847,202090916,-16.11,973.63,86.91,-0.55,0.43,1.28,34.21
848,202096760,-14.65,976.56,84.96,-0.37,0.37,0.98,34.36
849,202100809,-16.60,976.07,87.89,-0.55,0.49,0.73,34.40
850,202104859,-16.60,973.14,88.38,-0.61,0.43,0.61,34.50
851,202108916,-15.62,965.33,89.84,-0.49,0.43,0.61,34.02
852,202112965,-17.58,965.82,85.94,-0.24,0.43,0.85,34.21
853,202117015,-15.62,966.80,90.33,-0.24,0.55,0.55,34.31
854,202122760,-13.18,967.29,89.36,0.00,0.49,0.85,33.88
855,202126809,-13.18,972.17,90.82,0.06,0.67,0.43,34.40
856,202130859,-12.21,977.54,92.77,0.43,0.30,0.43,34.16
857,202134916,-9.77,975.59,92.29,0.06,0.85,0.12,34.36
858,202140760,-12.21,974.61,88.87,0.18,0.67,0.24,34.31
859,202144809,-10.25,977.54,90.82,0.18,0.91,0.30,34.21
860,202148859,-13.18,982.91,86.91,0.00,1.10,0.00,34.36
861,202152916,-10.74,976.56,90.82,0.06,1.10,0.30,34.02
862,202156965,-19.53,976.07,93.26,0.30,1.04,0.12,34.12
863,202162760,-18.55,975.10,89.36,0.24,1.10,0.61,34.50
864,202166809,-19.53,979.98,88.38,0.37,1.22,0.18,34.16
865,202170859,-23.93,979.98,92.29,-0.06,1.40,-0.06,34.36
866,202174916,-17.58,979.98,89.36,-0.12,1.40,0.18,34.21
867,202178965,-28.32,978.03,85.94,-0.06,1.04,0.12,34.21
868,202184760,-19.04,979.00,85.94,-0.37,1.40,0.06,34.36
869,202188809,-19.04,979.00,87.89,-0.06,1.04,0.24,34.12
870,202192859,-15.14,969.73,86.91,-0.12,0.85,0.37,34.12
871,202196916,-14.16,969.73,85.45,-0.30,0.98,0.98,34.31
872,202200965,-15.14,974.61,87.89,0.00,0.98,1.22,34.21
873,202206760,-18.55,973.14,86.43,-0.18,0.98,1.89,34.02
874,202210809,-18.07,986.82,89.36,-0.12,0.85,1.52,34.02
875,202214859,-17.58,990.72,92.77,-0.12,0.98,1.46,34.40
876,202218916,-14.16,994.63,91.31,-0.43,1.10,1.59,34.31
877,202222965,-20.51,999.02,91.31,-0.55,1.28,1.16,33.88
878,202228760,-23.93,999.51,88.87,-0.85,0.98,0.61,34.16
879,202232809,-29.79,996.09,86.43,-1.22,1.04,0.24,34.21
880,202236859,-22.95,992.68,89.84,-1.34,0.79,0.06,34.16
881,202240916,-25.88,996.58,91.80,-1.65,1.04,-0.73,34.21
882,202244965,-20.02,991.21,95.21,-1.77,0.67,-1.10,34.16
883,202250760,-25.39,982.91,86.91,-1.95,0.73,-1.16,34.36
884,202254809,-28.32,973.14,87.40,-2.13,0.73,-0.98,34.21
885,202258859,-31.25,966.80,86.91,-2.01,0.55,-0.79,34.12
886,202262916,-31.25,958.50,86.43,-1.77,0.24,-0.18,34.40
887,202266965,-25.39,958.98,85.94,-1.65,0.18,0.79,34.12
888,202272760,-25.39,955.57,86.43,-1.28,-0.24,1.77,34.40
889,202276809,-27.34,958.01,85.94,-0.98,-0.67,2.74,34.31
890,202280859,-31.74,967.29,83.01,-0.91,-0.67,3.35,34.31
891,202284916,-25.39,968.26,88.38,-0.79,-0.61,3.41,34.21
892,202288965,-26.37,978.03,84.47,-0.98,-0.85,3.66,34.02
893,202294760,-27.83,988.28,87.40,-1.22,-0.79,3.60,34.21
894,202298809,-27.34,995.12,83.50,-1.28,-1.16,3.35,34.31
895,202302859,-29.30,995.12,90.82,-1.65,-1.22,3.17,34.31
896,202306916,-27.83,991.70,87.89,-1.59,-1.16,2.68,34.50
897,202310965,-32.71,992.19,85.94,-1.89,-1.04,2.44,34.31
898,202316760,-29.30,989.26,85.94,-1.95,-1.10,2.01,34.40
899,202320809,-24.90,989.26,83.01,-2.44,-1.28,1.34,34.36
900,202324859,-24.90,994.63,87.89,-2.32,-1.16,0.73,34.02
901,202328916,-25.88,990.23,86.43,-2.44,-1.28,0.24,34.31
902,202334760,-26.86,985.84,86.91,-2.62,-1.28,-0.37,34.16
903,202338809,-23.93,982.42,89.36,-2.80,-1.28,-0.79,34.36
904,202342859,-19.53,969.24,88.38,-2.80,-1.34,-0.79,34.12
905,202346916,-23.93,974.12,82.03,-2.74,-1.34,-0.55,34.16
906,202350965,-23.93,968.75,88.87,-2.50,-1.34,-0.43,34.21
907,202356760,-28.81,961.91,82.52,-2.32,-1.40,0.00,34.31
908,202360809,-22.95,960.45,83.98,-2.01,-1.65,1.04,34.36
909,202364859,-27.34,963.38,81.54,-2.01,-1.46,1.59,34.31
910,202368916,-20.51,967.77,78.12,-1.59,-1.52,1.83,34.16
911,202372965,-24.41,972.17,81.54,-1.71,-1.59,2.01,34.21
912,202378760,-24.41,971.19,80.57,-1.46,-1.59,2.13,34.21
913,202382809,-22.46,970.21,85.94,-1.46,-1.65,2.20,34.02
914,202386859,-23.93,974.61,80.08,-1.28,-1.46,2.26,34.40
915,202390916,-23.93,977.05,84.47,-1.52,-1.83,2.26,34.31
916,202394965,-23.44,982.42,80.08,-1.65,-1.52,2.01,34.21
917,202400760,-24.90,984.86,82.52,-1.77,-1.52,1.95,33.97
918,202404809,-19.53,987.79,81.05,-1.95,-1.40,1.52,34.16
919,202408859,-22.95,984.37,87.40,-1.71,-1.46,1.28,34.21
920,202412916,-21.97,978.52,85.45,-1.95,-1.22,0.61,34.31
921,202416965,-24.41,979.00,88.38,-1.83,-1.16,0.37,34.31
922,202422760,-22.95,975.10,81.54,-2.01,-1.10,-0.06,34.31
923,202426809,-22.95,969.73,88.38,-1.83,-1.22,0.24,34.12
924,202430859,-18.07,965.33,88.38,-1.65,-0.85,0.37,34.40
925,202434916,-18.55,965.33,85.94,-1.28,-0.79,0.49,34.21
926,202438965,-18.55,965.82,90.33,-1.04,-0.73,0.79,34.02
927,202444760,-19.53,968.75,87.89,-0.98,-0.37,0.85,34.02
928,202448809,-15.14,965.82,91.80,-0.61,-0.67,0.91,34.31
929,202452859,-14.16,968.26,86.91,-0.79,-0.67,1.04,34.12
930,202456916,-16.60,968.75,84.96,-0.43,-0.12,1.28,34.40
931,202460965,-20.51,973.14,83.50,-0.37,-0.30,1.10,34.02
932,202466760,-20.02,973.63,86.91,0.00,-0.06,0.85,33.88
933,202470809,-20.51,976.56,85.45,0.12,-0.24,0.55,34.12
934,202474859,-22.95,983.40,82.52,-0.12,-0.12,0.49,34.40
935,202478916,-19.04,986.82,83.98,-0.18,-0.06,0.37,34.21
936,202482965,-22.46,984.37,83.98,-0.18,-0.06,-0.18,34.02
937,202488760,-21.00,989.75,85.94,-0.43,0.06,-0.61,34.21
938,202492809,-18.55,994.63,82.52,-0.61,-0.24,-0.85,34.31
939,202496859,-21.00,982.42,87.40,-0.55,-0.18,-0.73,34.31
940,202500916,-21.97,977.54,83.01,-0.73,-0.24,-0.61,34.36
941,202504965,-20.51,979.98,82.03,-0.61,-0.18,-0.55,34.12
942,202510760,-18.07,972.66,85.45,-0.67,-0.30,-0.55,34.36
943,202514809,-20.51,976.56,84.96,-0.79,-0.30,-0.12,34.31
944,202518859,-17.09,975.59,85.94,-0.61,-0.30,-0.06,34.21
945,202522916,-14.65,972.17,84.96,-0.61,-0.37,0.00,34.40
946,202526965,-17.09,963.87,85.94,-0.73,-0.30,0.49,34.31
947,202532760,-20.02,964.84,85.45,-0.67,-0.55,1.22,34.40
948,202536809,-17.58,974.12,88.38,-0.61,-0.55,1.77,34.02
949,202540859,-21.48,976.07,83.98,-0.61,-0.73,1.71,33.97
950,202544916,-17.09,980.96,86.43,-0.73,-0.79,1.52,34.31
951,202550760,-20.02,983.40,84.96,-0.91,-0.85,1.52,34.21
952,202554809,-18.07,979.98,82.03,-1.22,-1.10,1.46,34.55
953,202558859,-20.02,978.52,89.84,-1.22,-1.04,1.40,34.36
954,202562916,-22.46,978.52,88.87,-1.16,-1.04,1.22,34.36
955,202566965,-17.58,975.59,88.38,-1.59,-1.16,1.10,34.50
956,202572760,-19.53,979.00,91.80,-1.65,-1.28,0.73,34.16
957,202576809,-21.00,977.54,90.33,-1.40,-1.40,0.85,34.36
958,202580859,-18.07,971.68,88.87,-1.46,-1.28,0.49,34.21
959,202584916,-17.09,962.40,90.33,-1.46,-1.16,0.91,34.16
960,202588965,-18.55,962.89,90.82,-1.10,-1.16,0.79,34.21
961,202594760,-19.53,966.80,90.33,-1.16,-1.40,1.04,34.21
962,202598809,-6.84,964.36,87.89,-1.04,-1.40,1.65,34.16
963,202602859,-18.07,968.75,90.33,-0.91,-1.22,2.07,34.21
964,202606916,-18.55,973.63,88.87,-0.91,-1.10,2.01,34.31
965,202610965,-18.55,976.07,93.75,-0.73,-1.10,2.20,34.36
966,202616760,-23.93,963.87,90.33,-0.61,-1.28,2.26,34.31
967,202620809,-19.04,969.73,91.80,-0.67,-1.34,2.68,34.40
968,202624859,-21.00,977.54,90.33,-0.73,-1.22,2.50,34.12
969,202628916,-24.90,988.77,87.89,-0.67,-1.40,2.26,34.02
970,202632965,-16.60,989.75,94.24,-0.73,-1.34,1.83,34.21
971,202638760,-18.07,982.42,89.36,-1.10,-1.46,1.59,34.21
972,202642809,-14.16,979.00,89.84,-1.16,-1.40,1.28,34.12
973,202646859,-15.14,977.54,88.38,-1.10,-1.40,1.71,34.31
974,202650916,-12.21,979.98,92.29,-1.22,-1.40,1.46,34.50
975,202654965,-10.25,976.56,91.31,-1.16,-1.22,1.59,34.36
976,202660760,-11.23,972.17,90.82,-1.22,-1.22,1.77,34.16
977,202664809,-5.86,973.14,90.33,-1.16,-1.28,2.13,34.12
978,202668859,-9.28,971.19,87.89,-0.98,-1.28,2.62,34.40
979,202672916,-2.44,970.70,92.77,-0.98,-1.16,2.68,34.21
980,202676965,-0.98,973.63,96.19,-0.61,-1.59,2.80,34.21
981,202682760,-6.84,973.14,92.29,-0.79,-1.52,2.93,34.12
982,202686809,-10.74,975.59,94.73,-0.79,-1.34,3.05,34.21
983,202690859,-4.88,982.91,93.26,-0.67,-1.22,3.05,34.02
984,202694916,-9.28,988.28,93.75,-0.85,-1.34,2.80,34.50
985,202698965,-2.44,988.77,92.29,-0.79,-1.22,2.38,34.02
986,202704760,-6.35,993.16,91.80,-1.04,-1.10,2.01,34.36
987,202708809,-2.44,997.56,95.70,-1.16,-1.04,1.34,34.31
988,202712859,-5.86,997.56,92.29,-1.34,-0.98,0.85,34.36
989,202716916,-8.79,992.68,88.87,-1.46,-0.73,0.24,34.36
990,202720965,-10.25,982.42,96.68,-1.52,-0.55,-0.12,34.21
991,202726760,-5.37,982.42,89.84,-1.46,-0.61,-0.06,34.31
992,202730809,-11.23,983.40,91.31,-1.65,-0.67,-0.24,33.88
993,202734859,-13.18,979.00,90.82,-1.71,-0.49,-0.43,34.50
994,202738916,-13.18,977.54,93.75,-1.52,-0.30,-0.43,34.36
995,202742965,-9.77,970.21,90.33,-1.89,-0.18,-0.18,34.21
996,202748760,-15.62,974.12,90.33,-1.46,0.06,0.06,34.40
997,202752809,-11.23,974.61,89.36,-1.52,-0.18,0.61,34.40
998,202756859,-9.77,975.10,87.89,-1.40,0.00,0.67,34.31
999,202760916,-13.67,979.49,91.80,-1.34,0.12,1.10,34.31
1000,202764965,-6.84,979.00,90.82,-1.22,0.12,1.10,34.40
1001,202770760,-14.65,974.12,90.82,-1.34,0.12,1.28,34.40
1002,202774809,-11.72,972.66,88.87,-1.22,0.37,1.52,34.16
1003,202778859,-8.30,975.59,94.73,-1.10,0.00,1.95,34.21
1004,202782916,-9.28,982.42,84.47,-1.04,0.12,1.77,34.31
1005,202788760,-8.30,987.79,93.75,-1.04,-0.12,1.52,34.02
1006,202792809,-3.42,992.68,93.26,-1.34,0.06,1.04,34.21
1007,202796859,-4.88,995.12,91.31,-1.52,0.06,0.61,34.40
1008,202800916,-8.79,992.19,91.31,-1.46,0.18,0.24,34.21
1009,202804965,-7.32,986.82,91.31,-1.59,0.12,-0.24,34.12
1010,202810760,-9.28,984.86,91.80,-1.52,0.18,-0.43,34.31
1011,202814809,-10.74,982.42,92.29,-1.59,0.30,-0.49,34.31
1012,202818859,-9.77,979.00,94.73,-1.59,0.37,-0.30,34.21
1013,202822916,-11.72,975.59,90.82,-1.46,0.24,0.00,34.12
1014,202826965,-10.74,971.68,94.24,-1.52,0.49,0.30,34.36
1015,202832760,-10.25,974.61,94.73,-1.52,0.37,0.67,34.36
1016,202836809,-14.65,969.24,94.24,-0.98,0.18,1.04,34.50
1017,202840859,-11.23,973.14,90.33,-0.85,0.00,1.40,34.36
1018,202844916,-11.23,976.07,90.82,-1.10,0.37,1.28,34.21
1019,202848965,-14.65,971.19,92.77,-0.79,0.30,1.46,34.36
1020,202854760,-14.16,970.21,89.36,-1.10,0.55,1.89,34.31
1021,202858809,-11.23,970.21,86.43,-0.91,0.37,2.32,34.12
1022,202862859,-11.72,974.61,90.33,-0.79,0.18,2.38,34.21
1023,202866916,-8.30,983.40,92.77,-0.85,0.18,2.44,34.21
1024,202870965,-9.28,989.26,94.24,-0.79,-0.06,2.07,34.21
1025,202876760,-3.91,992.19,94.73,-0.91,0.12,1.77,34.12
1026,202880809,-1.95,998.54,91.31,-1.22,-0.18,0.91,34.12
1027,202884859,-2.93,994.63,98.14,-1.46,0.06,0.67,34.36
1028,202888916,-1.95,986.82,92.77,-1.65,-0.06,0.06,34.31
1029,202892965,-4.88,986.82,92.29,-1.83,0.18,-0.79,34.21
1030,202898760,-5.37,983.89,98.63,-2.01,0.06,-0.85,34.02
1031,202902809,-4.88,979.00,93.26,-2.01,0.30,-1.10,34.31
1032,202906859,-8.79,975.59,89.84,-1.95,0.06,-1.16,34.12
1033,202910916,-14.16,970.70,94.24,-2.38,0.18,-1.52,34.31
1034,202914965,-10.25,971.19,95.21,-2.56,-0.37,-1.16,34.16
1035,202920760,-14.65,963.38,94.24,-2.32,-0.18,-1.22,34.21
1036,202924809,-8.79,969.24,96.19,-2.13,-0.61,-1.34,34.31
1037,202928859,-18.55,958.50,87.89,-2.07,-0.61,-0.91,34.21
1038,202932916,-18.55,958.50,85.94,-2.26,-1.04,-0.55,34.21
1039,202936965,-13.67,958.01,90.82,-2.07,-1.28,-0.49,34.12
1040,202942760,-15.62,969.24,87.89,-1.89,-1.52,-0.30,34.21
1041,202946809,-10.25,978.03,90.82,-1.95,-1.52,-0.30,34.16
1042,202950859,-5.37,978.52,86.91,-2.26,-1.89,-0.30,34.31
1043,202954916,-10.25,980.47,90.82,-2.44,-1.71,-0.49,34.31
1044,202958965,-6.35,975.59,85.45,-2.32,-1.59,-0.67,34.12
1045,202964760,-6.35,979.00,83.01,-2.38,-1.52,-0.43,34.12
1046,202968809,4.88,978.03,83.01,-2.44,-1.40,-0.24,34.31
1047,202972859,6.84,982.91,84.47,-2.44,-1.52,-0.24,34.12
1048,202976916,3.42,983.40,86.91,-2.38,-1.28,-0.30,34.31
1049,202980965,-0.98,983.89,83.01,-2.26,-1.28,-0.06,34.21
1050,202986760,6.84,983.40,80.08,-2.32,-1.22,0.24,34.31
1051,202990809,-0.98,980.96,80.08,-2.32,-1.16,0.55,34.31
1052,202994859,-1.95,982.91,83.50,-2.38,-0.85,0.37,34.02
1053,202998916,-2.93,981.45,85.94,-2.50,-0.91,0.30,34.36
1054,203004760,-5.37,979.98,88.38,-2.50,-0.85,-0.06,34.31
1055,203008809,-10.25,971.68,85.94,-2.26,-0.98,0.12,34.31
1056,203012859,-16.11,968.75,88.87,-2.44,-0.91,0.18,34.31
1057,203016916,-13.18,972.66,87.40,-2.50,-0.98,0.43,33.88
1058,203020965,-14.16,969.73,84.96,-2.32,-0.98,0.37,34.55
1059,203026760,-11.72,970.21,83.01,-2.38,-0.79,0.55,34.31
1060,203030809,-11.72,967.29,90.82,-2.26,-0.67,0.37,34.31
1061,203034859,-13.18,965.82,90.33,-2.01,-0.73,0.18,34.31
1062,203038916,-16.60,954.10,85.45,-1.89,-0.61,0.55,34.02
1063,203042965,-13.18,950.68,87.40,-1.46,-0.61,1.28,34.12
1064,203048760,-8.79,954.10,87.89,-1.16,-0.55,1.77,34.31
1065,203052809,-15.14,951.66,90.82,-0.61,-0.24,2.07,34.50
1066,203056859,-20.02,958.01,87.89,-0.61,-0.55,2.32,34.40
1067,203060916,-12.70,952.15,90.82,-0.30,-0.55,2.44,34.12
1068,203064965,-21.00,952.15,86.91,0.37,-0.61,2.93,34.21
1069,203070760,-16.11,963.38,91.31,0.24,-0.49,2.93,34.31
1070,203074809,-17.09,971.19,89.36,0.43,-0.37,3.29,33.88
1071,203078859,-16.60,981.45,87.40,0.67,-0.61,2.93,34.21
1072,203082916,-23.93,984.37,86.43,0.55,-0.67,2.56,34.31
1073,203086965,-21.97,991.70,93.26,0.24,-0.67,2.32,34.02
1074,203092760,-16.60,984.86,92.29,0.43,-0.73,1.46,33.88
1075,203096809,-16.60,986.82,91.80,0.18,-0.79,1.16,33.97
1076,203100859,-14.65,988.77,89.84,0.18,-0.85,0.85,34.21
1077,203104916,-10.25,985.84,92.77,0.30,-0.98,0.55,34.21
1078,203108965,-15.14,989.26,98.14,0.18,-0.98,0.55,34.12
1079,203114760,-16.11,989.75,92.77,-0.24,-1.04,0.12,34.31
1080,203118809,-11.72,986.33,91.80,-0.43,-1.04,-0.12,34.31
1081,203122859,-9.77,984.86,90.33,-0.12,-0.98,-0.30,34.21
1082,203126916,-11.23,982.42,97.17,0.12,-0.91,-0.24,34.21
1083,203130965,-10.74,978.52,92.77,0.06,-0.91,-0.12,34.16
1084,203136760,-7.32,977.54,97.17,0.12,-0.79,0.18,33.97
1085,203140809,-12.21,974.12,93.26,0.00,-0.49,0.12,34.50
1086,203144859,-13.18,971.19,94.24,0.00,-0.67,0.55,34.16
1087,203148916,-8.30,972.17,97.17,0.30,-0.61,0.91,34.40
1088,203152965,-13.18,974.12,95.21,0.43,-0.67,1.28,34.21
1089,203158760,-8.79,982.42,93.26,0.00,-0.49,1.65,34.40
1090,203162809,-10.25,980.96,89.36,0.18,-0.30,1.46,34.40
1091,203166859,-6.35,987.30,91.31,0.12,-0.43,1.34,34.21
1092,203170916,-5.86,985.84,95.21,0.06,-0.30,1.59,34.21
1093,203174965,0.49,985.35,98.14,-0.12,-0.12,1.59,34.31
1094,203180760,-4.39,991.21,97.17,-0.06,0.12,1.71,34.21
1095,203184809,-2.93,989.26,92.77,-0.37,0.18,1.46,34.21
1096,203188859,-1.46,989.26,89.36,-0.43,0.43,1.04,33.88
1097,203192916,0.49,989.26,96.19,-0.37,0.06,0.85,34.02
1098,203196965,-7.81,995.61,102.54,-0.67,0.43,0.73,34.31
1099,203202760,-11.23,988.77,100.10,-0.49,0.61,0.37,34.31
1100,203206809,-14.16,987.79,94.73,-0.98,0.55,0.00,34.21
1101,203210859,-17.58,984.37,94.73,-1.04,0.73,0.06,34.02
1102,203214916,-12.70,986.33,95.70,-0.79,0.91,-0.37,34.31
1103,203220760,-15.62,975.10,93.75,-0.73,1.04,-0.30,34.36
1104,203224809,-16.60,973.63,92.29,-0.73,0.98,-0.37,34.21
1105,203228859,-17.58,975.10,92.29,-0.91,1.28,0.06,34.12
1106,203232916,-16.60,977.05,91.80,-0.67,1.04,-0.18,34.16
1107,203236965,-13.18,973.14,94.73,-0.24,1.10,0.00,34.31
1108,203242760,-18.07,969.24,93.75,-0.24,1.10,0.24,34.31
1109,203246809,-18.07,971.68,90.33,-0.30,0.98,0.30,34.40
1110,203250859,-19.53,968.26,88.87,-0.49,0.79,0.37,34.21
1111,203254916,-16.11,973.14,89.84,-0.49,0.67,0.55,34.02
1112,203258965,-18.07,977.05,91.31,-0.37,0.61,0.73,34.40
1113,203264760,-16.60,977.05,89.84,0.00,0.55,0.55,34.36
1114,203268809,-18.55,980.47,91.31,-0.37,0.18,0.61,34.02
1115,203272859,-11.23,979.49,92.77,-0.73,-0.24,0.61,34.40
1116,203276916,-17.09,981.45,87.89,-0.67,-0.37,0.37,34.50
1117,203280965,-17.09,980.47,86.91,-0.79,-0.30,0.24,34.31
1118,203286760,-13.67,981.45,90.82,-0.73,-0.30,0.24,34.31
1119,203290809,-15.14,977.54,93.26,-1.04,-0.24,0.06,34.36
1120,203294859,-14.16,977.54,88.38,-1.16,-0.67,-0.06,34.36
1121,203298916,-15.14,969.73,89.36,-1.22,-0.98,-0.06,34.31
1122,203302965,-13.67,970.21,88.38,-1.22,-1.04,0.12,34.31
1123,203308760,-13.18,969.73,92.29,-1.10,-0.73,0.30,34.12
1124,203312809,-13.67,959.96,91.80,-1.10,-0.91,0.37,34.12
1125,203316859,-15.62,967.77,92.77,-0.91,-1.04,0.67,34.36
1126,203320916,-11.72,966.80,89.84,-0.98,-1.10,1.22,34.40
1127,203324965,-13.18,964.84,83.50,-0.73,-1.28,1.65,34.31
1128,203330760,-9.77,971.19,87.89,-0.67,-1.34,1.89,34.02
1129,203334809,-5.37,970.21,85.94,-0.67,-1.34,1.95,34.12
1130,203338859,-8.79,968.75,91.80,-0.85,-1.65,2.26,34.40
1131,203342916,-11.72,973.14,84.47,-0.73,-1.71,2.38,34.31
1132,203346965,-4.39,976.07,93.26,-0.61,-1.77,2.26,34.21
1133,203352760,0.98,976.56,91.80,-0.73,-1.65,2.26,34.21
1134,203356809,-10.74,975.10,87.40,-0.61,-1.71,2.20,34.21
1135,203360859,-6.35,979.49,90.82,-0.85,-1.71,2.38,34.36
1136,203364916,-2.93,983.40,88.87,-1.10,-1.52,2.07,34.31
1137,203368965,0.49,987.30,87.89,-0.98,-1.59,2.01,34.02
1138,203374760,0.49,993.16,88.38,-0.98,-1.16,1.59,34.31
1139,203378809,1.46,990.72,92.29,-1.34,-1.10,1.16,34.12
1140,203382859,0.49,984.37,90.82,-1.34,-0.98,0.43,34.31
1141,203386916,-1.46,979.49,90.33,-1.22,-0.91,0.49,34.31
1142,203390965,-3.42,971.68,89.36,-1.28,-0.79,0.49,34.40
1143,203396760,-6.35,967.77,86.91,-1.22,-0.73,0.67,34.21
1144,203400809,-5.86,968.26,89.84,-1.22,-0.61,1.40,34.12
1145,203404859,0.00,963.87,92.77,-1.04,-0.37,1.59,34.36
1146,203408916,-1.95,968.75,90.33,-0.85,-0.67,2.01,34.36
1147,203412965,-3.42,970.21,83.98,-0.49,-0.12,2.68,34.31
1148,203418760,-1.95,968.26,86.43,-0.24,-0.24,2.87,34.31
1149,203422809,-3.42,969.24,86.43,-0.18,0.12,3.35,34.31
1150,203426859,1.46,972.66,89.36,-0.18,0.06,3.17,34.12
1151,203430916,-6.84,971.68,85.45,0.12,0.00,3.60,34.40
1152,203434965,-1.46,974.61,96.19,0.24,0.18,3.48,34.21
1153,203440760,-4.39,982.42,93.26,0.30,0.37,3.29,34.50
1154,203444809,-1.95,984.37,95.70,0.06,0.30,2.99,34.40
1155,203448859,-3.42,990.23,92.77,-0.12,0.55,3.05,34.21
1156,203452916,2.44,989.26,87.89,0.00,0.49,2.32,34.40
1157,203458760,-2.93,987.79,91.80,-0.30,0.61,1.83,34.12
1158,203462809,-3.42,984.86,85.45,-0.30,0.91,1.65,34.16
1159,203466859,-4.39,986.82,87.89,-0.30,0.73,1.40,34.21
1160,203470916,-4.88,983.89,89.36,-0.67,0.61,0.98,34.12
1161,203474965,-7.81,986.33,85.94,-0.79,0.91,0.85,34.31
1162,203480760,-6.35,979.49,85.94,-0.55,0.98,0.73,34.02
1163,203484809,-12.21,970.70,86.43,-0.79,0.91,1.04,34.31
1164,203488859,-7.81,974.12,85.45,-0.43,0.98,0.98,34.12
1165,203492916,-12.21,973.63,82.03,-0.73,0.91,1.22,34.12
1166,203496965,-14.65,976.07,86.43,-0.24,0.91,1.10,34.16
1167,203502760,-15.14,973.14,86.91,-0.55,1.10,1.40,34.31
1168,203506809,-13.18,966.80,89.84,-0.61,0.91,1.40,34.31
1169,203510859,-13.18,972.66,81.54,-0.12,0.67,1.83,34.36
1170,203514916,-11.23,970.21,83.98,-0.18,0.49,1.65,34.40
1171,203518965,-9.28,967.77,84.47,-0.30,0.85,1.89,34.40
1172,203524760,-11.23,973.14,82.52,0.12,0.43,1.95,34.36
1173,203528809,-12.70,970.21,82.52,0.00,0.30,2.20,34.21
1174,203532859,-5.86,974.61,81.05,0.30,0.43,1.95,34.21
1175,203536916,-11.23,975.59,83.01,0.30,0.43,2.26,34.36
1176,203540965,-8.79,980.96,79.59,0.18,0.18,2.01,34.36
1177,203546760,-7.81,985.35,91.80,0.37,0.61,1.89,33.83
1178,203550809,-10.25,977.05,94.24,-0.12,0.55,1.34,34.16
1179,203554859,-13.18,983.40,93.26,-0.06,0.43,1.04,34.50
1180,203558916,-9.77,978.52,94.24,-0.37,0.79,0.24,34.40
1181,203562965,-11.72,976.56,88.38,-0.61,0.85,0.12,33.88
1182,203568760,-14.65,972.66,86.91,-0.43,0.67,0.18,34.02
1183,203572809,-15.14,971.19,93.75,-0.37,0.61,0.06,34.12
1184,203576859,-16.11,967.29,90.33,-0.24,0.73,-0.06,34.31
1185,203580916,-14.16,967.29,90.33,-0.12,0.67,0.00,34.16
1186,203584965,-18.55,963.87,87.89,-0.18,0.55,0.30,34.21
1187,203590760,-15.62,965.33,89.84,0.06,0.30,0.06,34.21
1188,203594809,-11.72,959.96,89.84,0.37,0.18,0.67,34.31
1189,203598859,-12.70,957.03,89.84,0.49,0.24,0.73,34.31
1190,203602916,-12.21,958.50,91.80,0.49,0.30,1.04,34.21
1191,203606965,-13.67,959.47,91.31,0.79,0.37,1.52,34.02
1192,203612760,-7.32,965.82,90.33,1.28,0.12,1.65,34.21
1193,203616809,-8.30,967.77,90.33,1.46,-0.06,1.59,34.12
1194,203620859,-6.35,974.12,91.31,1.46,0.00,1.83,34.31
1195,203624916,-3.91,980.96,90.33,1.59,-0.12,1.95,34.31
1196,203628965,-4.39,986.33,89.84,1.46,-0.37,1.71,34.12
1197,203634760,-11.72,993.65,86.91,1.28,-0.37,1.34,34.40
1198,203638809,-3.91,995.61,87.40,1.52,-0.43,0.73,34.40
1199,203642859,-9.77,994.63,89.84,1.28,-0.49,0.12,34.16
1200,203646916,-7.32,996.09,88.87,1.22,-0.55,-0.12,34.21
1201,203650965,-5.86,988.77,85.45,0.85,-0.91,-0.18,34.21
1202,203656760,-3.91,985.84,83.01,0.85,-0.85,-0.18,34.40
1203,203660809,-7.81,988.28,84.47,0.67,-1.22,-0.24,34.21
1204,203664859,-2.93,991.70,84.47,0.43,-1.10,-0.24,34.12
1205,203668916,2.44,983.89,78.61,0.49,-0.98,0.12,34.31
1206,203674760,0.00,980.96,84.47,0.49,-1.10,0.43,34.36
1207,203678809,-1.46,986.82,84.96,0.24,-1.10,0.98,34.31
1208,203682859,3.42,986.82,83.98,0.12,-0.91,1.52,34.16
1209,203686916,2.93,990.72,82.52,0.00,-0.98,1.52,34.12
1210,203690965,-2.44,990.23,79.59,0.00,-0.91,1.65,34.36
1211,203696760,1.95,988.28,83.98,-0.37,-0.85,2.44,33.97
1212,203700809,5.37,994.63,82.52,-0.24,-0.73,2.13,34.12
1213,203704859,-0.98,998.54,86.91,-0.43,-0.73,2.20,34.21
1214,203708916,-0.49,999.02,88.38,-0.55,-0.55,2.56,34.02
1215,203712965,-2.44,999.02,82.03,-0.79,-0.37,2.44,34.40
1216,203718760,0.98,1001.46,87.40,-1.16,-0.37,2.32,34.31
1217,203722809,3.42,998.54,89.36,-1.28,-0.37,1.89,34.36
1218,203726859,-1.46,995.61,89.36,-1.28,-0.30,2.07,34.21
1219,203730916,-2.44,985.35,86.43,-1.77,-0.49,1.46,34.21
1220,203734965,4.88,993.16,94.24,-1.89,-0.12,1.46,34.12
1221,203740760,1.95,986.82,88.38,-1.95,-0.30,1.22,34.16
1222,203744809,-2.44,984.86,86.91,-2.01,0.00,1.16,34.21
1223,203748859,5.86,983.40,88.87,-2.07,-0.12,0.91,34.40
1224,203752916,1.95,975.59,88.87,-2.07,0.18,0.91,34.16
1225,203756965,4.88,972.66,92.77,-2.20,-0.06,0.49,34.31
1226,203762760,5.37,965.33,89.36,-2.20,0.18,0.73,34.31
1227,203766809,1.95,964.36,89.36,-1.89,0.24,0.91,34.40
1228,203770859,1.46,960.45,90.33,-1.95,-0.12,1.28,34.31
1229,203774916,-2.93,958.50,91.31,-1.65,-0.06,1.28,34.36
1230,203778965,0.98,958.98,91.80,-1.04,0.12,1.71,34.21
1231,203784760,-2.93,963.38,95.21,-1.10,-0.06,1.89,34.12
1232,203788809,-1.46,965.82,92.77,-0.73,-0.24,1.59,33.83
1233,203792859,-1.46,969.24,92.29,-0.73,-0.24,1.52,34.31
1234,203796916,-0.98,970.70,90.82,-0.37,-0.24,1.40,34.31
1235,203800965,-2.93,973.63,86.91,-0.73,-0.12,1.28,34.02
1236,203806760,-7.32,973.63,89.36,-0.61,-0.67,1.34,34.12
1237,203810809,-0.98,972.66,81.05,-0.37,-0.61,1.22,34.36
1238,203814859,-1.95,976.56,85.45,-0.49,-0.43,1.16,34.31
1239,203818916,0.00,978.52,81.54,-0.49,-0.43,0.98,34.40
1240,203822965,3.91,984.86,84.96,-0.85,-0.79,0.67,34.02
1241,203828760,3.42,985.84,79.10,-0.79,-0.67,0.30,34.36
1242,203832809,3.42,991.21,77.64,-0.91,-0.43,0.00,34.21
1243,203836859,3.42,986.33,80.08,-1.22,-0.43,0.06,34.21
1244,203840916,0.49,976.07,75.20,-0.91,-0.61,0.12,34.16
1245,203844965,5.37,980.47,76.66,-1.34,-0.61,0.30,34.21
1246,203850760,2.44,979.49,79.59,-0.98,-0.85,0.61,34.12
1247,203854809,-1.46,977.05,78.12,-1.22,-0.85,0.85,34.40
1248,203858859,5.86,975.59,78.12,-0.98,-0.73,1.40,34.02
1249,203862916,5.86,974.61,77.15,-1.04,-0.79,1.59,34.16
1250,203866965,8.30,972.66,78.12,-0.98,-0.61,2.44,34.36
1251,203872760,3.42,974.12,77.64,-1.04,-0.43,2.38,34.31
1252,203876809,2.93,974.61,79.10,-0.55,-0.55,2.68,34.40
1253,203880859,0.49,975.10,82.03,-0.61,-0.79,3.17,34.02
1254,203884916,6.84,977.05,80.08,-0.55,-0.61,3.05,34.16
1255,203890760,4.88,982.42,83.50,-0.73,-0.55,3.17,34.36
1256,203894809,5.37,983.40,83.01,-0.85,-0.67,2.87,34.40
1257,203898859,8.30,986.33,79.10,-0.85,-0.79,2.56,34.21
1258,203902916,8.79,984.86,82.03,-0.73,-0.61,2.50,34.02
1259,203906965,8.79,981.93,83.01,-0.85,-0.06,1.83,34.21
1260,203912760,11.72,988.77,83.98,-1.04,-0.12,1.46,34.31
1261,203916809,10.74,988.28,81.54,-1.16,0.00,1.04,34.16
1262,203920859,4.39,983.89,83.50,-1.28,0.00,0.37,34.21
1263,203924916,0.00,975.59,85.94,-1.16,0.30,0.30,34.16
1264,203928965,0.49,972.17,82.52,-1.34,0.24,0.49,34.21
1265,203934760,3.91,971.19,85.45,-1.34,0.12,0.49,34.31
1266,203938809,0.49,967.29,81.54,-1.22,0.00,0.49,34.21
1267,203942859,-0.98,964.36,86.91,-0.98,0.12,0.79,34.50
1268,203946916,3.42,964.84,83.98,-0.67,0.12,0.91,34.21
1269,203950965,0.49,964.84,85.94,-0.37,0.24,1.34,34.40
1270,203956760,5.37,969.24,84.96,-0.37,0.12,1.40,34.36
1271,203960809,2.44,963.87,82.03,-0.24,0.37,1.77,34.21
1272,203964859,5.86,966.80,86.43,-0.12,0.12,2.13,34.40
1273,203968916,0.00,970.70,88.38,0.18,0.24,2.38,34.50
1274,203972965,-3.91,970.21,86.91,0.55,0.00,2.13,34.21
1275,203978760,-1.46,970.70,84.47,0.30,-0.06,2.44,34.16
1276,203982809,2.93,977.05,85.45,0.18,-0.06,2.50,34.02
1277,203986859,4.39,982.91,84.47,0.12,-0.18,2.26,34.40
1278,203990916,5.37,989.26,84.96,0.00,-0.06,1.95,34.31
1279,203994965,10.74,997.07,88.87,-0.30,-0.06,1.59,34.02
1280,204000760,9.77,993.16,86.91,-0.43,0.00,1.10,34.21
1281,204004809,9.28,993.65,87.40,-0.61,0.12,0.55,34.02
1282,204008859,6.84,989.26,91.31,-0.67,0.18,0.06,34.36
1283,204012916,9.77,992.19,91.31,-0.61,0.18,-0.37,34.16
1284,204016965,7.81,983.40,88.87,-1.22,0.24,-0.79,33.97
1285,204022760,3.91,977.05,90.33,-1.04,0.24,-0.73,34.12
1286,204026809,3.91,971.19,92.29,-1.16,0.12,-0.49,34.16
1287,204030859,-1.46,972.66,85.94,-1.10,0.55,-0.30,34.36
1288,204034916,1.95,969.24,86.91,-1.16,0.43,0.12,34.31
1289,204038965,1.46,965.33,87.40,-0.85,0.12,0.24,34.02
1290,204044760,2.93,967.29,85.45,-0.61,0.43,0.49,34.16
1291,204048809,-0.49,972.66,82.52,-0.61,0.30,0.73,34.36
1292,204052859,0.49,967.77,81.54,-0.61,0.12,1.04,34.31
1293,204056916,0.98,975.10,83.50,-0.49,0.18,1.28,34.50
1294,204060965,0.00,977.05,81.54,-0.24,0.06,1.34,34.02
1295,204066760,-2.93,978.52,78.12,-0.43,-0.12,1.34,34.31
1296,204070809,-0.98,975.10,75.20,-0.61,-0.12,1.89,34.21
1297,204074859,-1.46,978.03,76.17,-0.49,-0.24,1.65,34.21
1298,204078916,1.46,979.00,78.12,-0.49,-0.67,1.95,34.36
1299,204082965,1.95,987.30,79.59,-0.43,-0.73,2.20,34.21
1300,204088760,3.91,985.35,82.03,-0.79,-0.73,2.07,34.21
1301,204092809,12.70,990.23,81.05,-0.79,-0.73,1.77,34.21
1302,204096859,14.65,988.77,81.54,-0.61,-0.61,1.59,34.21
1303,204100916,18.55,988.77,80.57,-0.55,-0.67,1.77,34.31
1304,204104965,12.21,989.75,81.05,-0.79,-0.61,1.46,34.21
1305,204110760,15.14,994.63,81.54,-1.04,-0.61,1.22,34.31
1306,204114809,6.84,989.26,80.08,-0.98,-0.12,1.28,34.31
1307,204118859,11.23,985.35,79.59,-1.10,-0.37,0.98,34.12
1308,204122916,12.21,989.75,82.52,-1.22,-0.24,1.16,34.21
1309,204128760,10.74,988.28,83.98,-1.52,0.06,1.34,34.50
1310,204132809,6.35,988.28,82.03,-1.28,-0.06,1.04,34.50
1311,204136859,6.84,991.21,84.96,-1.52,0.12,0.55,34.40
1312,204140916,5.37,992.68,86.43,-1.59,0.06,0.24,34.12
1313,204144965,5.37,995.61,86.43,-2.07,0.00,-0.06,34.40
1314,204150760,6.84,986.33,83.98,-1.95,0.06,-0.49,34.31
1315,204154809,4.39,975.10,82.52,-1.89,0.00,0.00,34.12
1316,204158859,3.91,964.36,81.05,-1.65,0.00,0.30,34.31
1317,204162916,0.98,964.84,79.59,-1.89,0.00,0.79,34.02
1318,204166965,11.23,969.24,83.50,-1.65,-0.18,1.28,34.21
1319,204172760,4.39,964.36,79.59,-1.46,-0.06,1.95,34.36
1320,204176809,12.21,972.17,80.08,-1.34,-0.06,2.20,34.40
1321,204180859,10.25,979.49,82.03,-1.22,0.12,2.38,34.36
1322,204184916,3.91,977.54,84.47,-1.28,0.06,2.50,34.31
1323,204188965,2.93,977.05,78.12,-1.28,0.06,2.56,34.40
1324,204194760,6.35,969.24,84.47,-0.98,0.06,2.56,34.40
1325,204198809,0.98,974.61,83.50,-1.16,0.12,2.56,34.02
1326,204202859,-1.95,968.75,82.03,-1.28,0.18,2.56,34.16
1327,204206916,-3.91,972.17,81.54,-1.10,0.18,2.74,34.21
1328,204210965,-3.42,977.05,85.45,-0.91,-0.30,2.87,34.40
1329,204216760,-3.91,986.33,91.31,-0.91,-0.18,2.26,33.88
1330,204220809,0.98,985.84,88.87,-1.10,0.00,1.83,34.02
1331,204224859,-0.49,987.30,86.91,-0.98,0.06,1.16,34.36
1332,204228916,2.93,988.28,83.50,-1.46,-0.12,0.30,34.50
1333,204232965,3.42,985.35,86.91,-1.10,-0.06,-0.43,34.02
1334,204238760,0.98,979.98,87.40,-1.40,-0.12,-0.85,34.02
1335,204242809,1.95,975.59,88.87,-1.28,0.12,-1.22,34.12
1336,204246859,2.93,973.14,83.50,-1.10,0.24,-1.10,34.36
1337,204250916,-0.98,971.68,80.57,-1.16,-0.18,-1.46,34.36
1338,204254965,1.46,971.19,82.03,-0.98,-0.18,-1.40,33.88
1339,204260760,-0.49,970.70,83.50,-1.10,-0.30,-1.40,34.40
1340,204264809,7.81,967.29,80.57,-0.73,-0.61,-1.28,34.31
1341,204268859,6.84,971.68,79.10,-0.43,-0.49,-0.91,34.21
1342,204272916,3.91,970.70,80.08,-0.61,-0.61,-0.79,34.40
1343,204276965,3.42,970.70,79.10,-0.49,-0.73,-0.85,33.88
1344,204282760,5.37,961.43,77.15,-0.49,-0.98,-0.12,34.31
1345,204286809,5.37,960.94,73.73,-0.37,-0.73,0.91,34.36
1346,204290859,4.39,972.17,76.17,-0.18,-1.04,1.46,34.21
1347,204294916,6.35,978.03,76.17,-0.18,-1.10,1.83,34.40
1348,204298965,7.81,983.89,77.15,-0.37,-1.10,1.83,34.40
1349,204304760,7.81,986.33,77.15,-0.06,-1.10,1.83,34.02
1350,204308809,5.37,989.75,77.15,-0.73,-0.98,1.46,34.21
1351,204312859,8.79,993.16,81.05,-0.73,-0.91,1.46,34.21
1352,204316916,6.35,986.33,81.54,-0.98,-0.98,1.16,34.36
1353,204320965,8.79,988.77,85.45,-0.98,-0.98,0.91,34.40
1354,204326760,7.32,994.63,83.50,-1.34,-0.91,0.37,34.21
1355,204330809,6.84,988.28,83.98,-1.59,-0.79,-0.06,34.31
1356,204334859,11.72,984.86,79.10,-1.40,-0.61,-0.43,34.02
1357,204338916,9.77,984.37,83.50,-1.46,-0.67,-0.37,34.31
1358,204344760,10.25,978.52,87.40,-1.65,-0.61,-0.55,34.31
1359,204348809,11.72,968.26,83.50,-1.46,-0.79,-0.30,34.02
1360,204352859,9.28,966.80,84.47,-1.10,-0.73,0.43,34.21
1361,204356916,10.74,960.45,88.87,-1.10,-0.49,0.91,34.21
1362,204360965,9.77,969.24,89.36,-0.73,-0.91,1.10,34.21
1363,204366760,12.70,970.21,81.54,-0.98,-0.79,1.40,34.40
1364,204370809,9.77,973.14,84.96,-0.85,-0.49,1.28,34.40
1365,204374859,6.35,976.56,82.52,-0.67,-0.73,1.34,34.40
1366,204378916,7.81,981.45,86.43,-0.73,-0.67,1.10,34.21
1367,204382965,10.25,974.61,86.43,-0.61,-0.67,1.16,34.31
1368,204388760,10.25,975.59,87.40,-0.85,-0.55,1.10,34.21
1369,204392809,10.74,988.77,88.38,-0.73,-0.73,0.67,34.31
1370,204396859,9.28,983.89,88.87,-0.85,-0.43,0.61,34.40
1371,204400916,9.77,987.79,92.77,-0.85,-0.37,0.06,34.31
1372,204404965,9.77,992.68,88.38,-1.28,-0.55,-0.43,34.12
1373,204410760,6.84,987.79,88.87,-1.40,-0.43,-0.30,34.02
1374,204414809,3.91,980.96,86.91,-1.22,-0.55,-0.85,34.21
1375,204418859,11.23,981.45,83.98,-1.40,-0.37,-1.04,34.31
1376,204422916,8.30,979.49,82.03,-1.40,-0.18,-0.98,34.50
1377,204426965,11.72,975.10,85.45,-1.46,-0.30,-0.91,34.36
1378,204432760,9.28,969.24,83.98,-1.59,-0.12,-0.61,34.02
1379,204436809,5.86,972.17,83.01,-1.77,0.00,-0.12,34.31
1380,204440859,7.81,974.12,80.08,-1.59,0.00,0.00,34.31
1381,204444916,4.39,971.68,85.45,-1.40,-0.18,0.30,34.21
1382,204448965,2.93,966.31,82.52,-1.46,0.00,0.55,33.97
1383,204454760,2.44,965.33,84.47,-1.46,-0.18,0.61,34.12
1384,204458809,4.39,967.77,83.50,-1.40,-0.55,1.16,33.97
1385,204462859,3.42,968.75,84.47,-1.16,-0.30,1.10,34.31
1386,204466916,7.32,970.21,81.05,-0.85,-0.43,1.28,34.21
1387,204470965,12.70,972.17,85.94,-1.16,-0.43,1.04,34.16
1388,204476760,4.88,969.73,88.38,-1.16,-0.55,0.79,34.16
1389,204480809,10.25,975.59,83.50,-0.98,-0.79,0.06,34.36
1390,204484859,3.91,976.56,84.47,-1.10,-0.61,0.06,34.31
1391,204488916,6.84,977.05,85.45,-1.16,-0.73,-0.67,34.21
1392,204492965,0.00,971.68,78.12,-0.98,-0.98,-0.85,34.02
1393,204498760,-1.95,965.82,84.47,-1.28,-1.28,-1.10,34.12
1394,204502809,-4.39,958.01,84.96,-0.98,-1.04,-1.28,34.36
1395,204506859,-6.84,948.73,83.50,-0.73,-1.52,-0.85,34.16
1396,204510916,-4.39,942.87,83.01,-0.67,-1.52,-0.49,34.36
1397,204514965,-0.49,948.24,85.45,-0.06,-1.65,0.43,34.12
1398,204520760,-1.95,955.08,83.50,0.06,-2.13,0.61,34.36
1399,204524809,-0.49,959.96,77.15,0.43,-2.01,1.16,34.40
1400,204528859,3.42,965.33,77.15,0.67,-2.20,1.46,34.16
1401,204532916,8.30,965.33,80.57,0.73,-2.13,1.77,34.21
1402,204536965,10.25,970.21,77.15,0.98,-2.07,1.65,34.21
1403,204542760,8.79,977.05,79.10,1.04,-2.07,1.89,34.31
1404,204546809,2.93,980.96,80.08,1.10,-2.01,1.71,34.21
1405,204550859,7.32,988.77,78.61,0.85,-1.95,1.65,33.97
1406,204554916,10.25,995.12,79.59,0.73,-2.01,1.59,34.36
1407,204560760,13.18,999.02,79.59,0.79,-1.59,1.40,34.36
1408,204564809,11.23,1004.39,80.08,0.55,-1.34,0.79,34.31
1409,204568859,13.18,1002.44,80.08,0.18,-1.65,0.43,34.31
1410,204572916,10.74,1004.88,77.15,0.00,-1.40,-0.06,33.97
1411,204576965,9.77,1000.49,80.08,-0.12,-1.22,0.06,34.12
1412,204581015,9.77,993.65,77.15,0.00,-0.91,-0.18,34.50
1413,204586760,4.39,987.30,78.61,-0.30,-0.91,-0.06,34.12
1414,204590809,12.70,986.82,80.08,-0.24,-0.55,0.24,34.21
1415,204594859,10.25,985.35,82.03,-0.24,-0.43,0.24,34.21
1416,204598916,5.86,979.00,82.03,0.00,-0.24,0.37,34.31
1417,204604760,7.32,979.49,82.52,-0.24,-0.18,0.98,34.31
1418,204608809,6.84,986.82,78.61,-0.12,-0.30,1.22,34.16
1419,204612859,5.37,984.86,84.47,-0.12,-0.18,1.22,34.40
1420,204616916,11.23,989.26,83.50,-0.18,0.06,1.10,34.12
1421,204620965,8.30,991.70,88.87,-0.18,0.12,0.91,34.31
1422,204626760,6.84,993.65,84.96,-0.30,0.24,0.79,34.50
1423,204630809,9.77,993.65,82.03,-0.37,0.55,0.18,34.16
1424,204634859,9.77,992.19,82.03,-0.18,0.43,-0.18,34.36
1425,204638916,10.25,990.72,89.36,-0.49,0.37,-0.43,34.50
1426,204642965,9.77,986.82,85.94,-0.55,0.37,-0.61,34.02
1427,204648760,5.37,987.30,81.54,-0.79,0.49,-1.04,34.12
1428,204652809,6.35,978.52,83.98,-0.73,0.30,-0.67,33.88
1429,204656859,7.81,975.10,87.89,-0.79,0.43,-0.79,34.31
1430,204660916,10.25,976.07,83.98,-0.61,0.30,-0.79,34.21
1431,204664965,5.37,980.96,85.45,-0.73,0.30,-0.79,34.36
1432,204670760,0.98,970.21,85.94,-0.61,0.37,-0.61,34.12
1433,204674809,3.42,969.24,82.03,-0.61,0.18,-0.06,34.21
1434,204678859,0.49,970.70,81.05,-0.43,0.00,0.24,34.02
1435,204682916,3.91,971.68,79.10,-0.55,-0.12,0.43,34.50
1436,204686965,6.84,974.12,83.50,-0.37,-0.30,0.73,33.97
1437,204692760,5.37,978.52,83.01,-0.24,0.00,0.73,34.21
1438,204696809,0.49,984.37,84.47,-0.79,-0.49,0.61,34.21
1439,204700859,2.93,988.28,83.01,-0.73,-0.55,0.91,34.40
1440,204704916,2.44,987.30,81.54,-0.98,-0.49,0.85,34.36
1441,204708965,5.37,986.82,82.03,-0.85,-1.16,0.85,34.02
1442,204714760,4.39,988.77,80.57,-0.85,-0.98,0.85,34.40
1443,204718809,9.77,985.35,80.57,-1.10,-1.04,0.55,34.36
1444,204722859,6.84,990.23,81.54,-1.04,-1.22,0.37,34.21
1445,204726916,8.30,988.77,83.98,-1.40,-1.16,0.18,34.21
1446,204730965,11.72,985.84,83.98,-1.40,-1.04,0.12,34.50
1447,204736760,15.14,987.79,86.91,-1.71,-1.34,0.30,34.31
1448,204740809,12.21,983.40,79.59,-1.52,-1.16,-0.12,34.31
1449,204744859,11.23,986.33,87.89,-1.52,-1.16,0.00,34.21
1450,204748916,12.21,983.40,83.01,-1.89,-0.79,-0.06,34.02
1451,204752965,11.23,979.00,79.59,-1.83,-0.73,0.00,34.36
1452,204758760,10.25,979.98,82.52,-2.01,-0.73,-0.12,34.31
1453,204762809,10.74,977.54,85.45,-1.95,-0.61,0.12,34.02
1454,204766859,10.74,975.59,84.47,-2.20,-0.79,0.49,33.97
1455,204770916,7.81,978.03,83.98,-1.95,-0.79,0.79,34.31
1456,204774965,9.28,979.98,84.47,-1.95,-0.79,0.61,34.31
1457,204780760,14.16,978.52,79.10,-2.07,-0.79,0.67,34.40
1458,204784809,13.67,975.10,84.96,-2.01,-0.67,0.67,34.21
1459,204788859,13.67,974.61,89.36,-1.83,-0.79,0.43,34.12
1460,204792916,10.74,969.73,88.38,-1.83,-1.04,0.55,34.40
1461,204798760,10.25,969.24,83.50,-2.13,-0.91,0.67,34.31
1462,204802809,13.67,961.91,85.94,-1.71,-1.22,1.16,34.21
1463,204806859,8.79,963.87,80.08,-1.46,-1.22,1.52,34.50
1464,204810916,10.74,961.43,82.03,-1.59,-1.16,1.77,33.88
1465,204814965,7.81,962.89,81.54,-1.22,-1.16,1.95,34.31
1466,204820760,12.21,964.84,85.45,-1.40,-0.98,2.20,34.40
1467,204824809,12.21,971.19,84.47,-1.28,-0.91,2.20,34.40
1468,204828859,13.67,968.26,84.96,-1.22,-0.91,2.07,34.12
1469,204832916,14.65,975.10,86.43,-1.22,-0.85,1.95,34.12
1470,204836965,10.74,985.84,83.01,-1.10,-0.79,2.07,34.31
1471,204842760,8.79,984.86,83.01,-0.85,-0.73,1.59,34.36
1472,204846809,9.28,985.35,84.96,-0.98,-0.18,0.98,34.36
1473,204850859,11.23,991.70,80.57,-1.16,-0.06,0.37,34.31
1474,204854916,15.62,992.19,84.47,-1.10,-0.12,0.12,34.31
1475,204858965,14.16,991.70,83.01,-1.59,0.06,-0.37,34.31
1476,204864760,11.23,992.68,83.01,-1.65,-0.12,-1.04,34.21
1477,204868809,11.23,985.35,82.52,-1.83,0.30,-1.59,34.31
1478,204872859,10.74,978.52,83.01,-1.46,0.12,-1.71,34.12
1479,204876916,13.18,975.59,76.17,-1.71,0.37,-1.52,34.31
1480,204880965,9.77,976.56,78.61,-1.77,0.61,-1.71,34.36
1481,204886760,11.72,971.19,79.10,-1.89,0.18,-1.52,33.83
1482,204890809,9.28,967.77,77.15,-1.46,0.24,-1.04,34.21
1483,204894859,8.30,966.80,81.54,-1.59,0.06,-0.37,34.21
1484,204898916,3.91,958.01,80.08,-1.40,0.43,0.24,34.31
1485,204902965,4.39,953.12,76.66,-1.04,0.18,1.40,34.02
1486,204908760,6.35,963.38,75.68,-0.98,0.18,2.13,34.16
1487,204912809,7.32,969.73,77.64,-0.67,-0.06,2.74,34.12
1488,204916859,4.39,969.73,80.57,-0.79,-0.12,2.99,34.21
1489,204920916,1.95,978.03,78.12,-0.37,-0.30,3.11,34.02
1490,204924965,0.49,983.40,81.54,-0.49,-0.55,3.17,34.02
1491,204930760,-1.46,983.40,82.03,-0.85,-0.55,3.05,34.40
1492,204934809,3.42,992.68,84.47,-0.61,-0.67,2.56,34.21
1493,204938859,8.79,993.16,87.40,-1.10,-0.43,2.32,34.21
1494,204942916,5.37,996.09,84.96,-1.16,-0.67,1.28,34.16
1495,204946965,7.81,992.68,86.91,-1.40,-0.79,0.91,34.16
1496,204952760,6.84,993.65,86.43,-1.28,-0.91,0.12,34.21
1497,204956809,8.79,984.86,90.33,-1.28,-0.55,-0.43,34.50
1498,204960859,11.23,982.42,86.91,-1.34,-0.79,-0.98,34.40
1499,204964916,10.25,976.07,83.50,-1.34,-0.67,-0.98,34.31
1500,204968965,8.79,971.19,84.96,-1.28,-0.67,-0.98,34.40
1501,204974760,1.46,967.77,83.50,-1.34,-0.30,-0.79,34.50
1502,204978809,-0.98,961.43,87.40,-0.91,-0.30,-0.43,34.36
1503,204982859,9.28,964.84,87.89,-0.79,-0.55,-0.30,34.12
1504,204986916,10.25,969.73,84.47,-0.61,-0.49,0.12,34.31
1505,204990965,10.25,972.17,84.47,-0.37,-0.43,0.24,34.31
1506,204996760,5.86,974.12,82.52,-0.55,-0.37,0.37,34.40
1507,205000809,7.81,972.66,85.45,-0.06,-0.30,0.67,34.36
1508,205004859,10.74,971.68,83.50,0.00,-0.37,0.85,34.02
1509,205008916,3.42,978.52,89.36,-0.18,-0.30,1.16,34.40
1510,205014760,8.79,985.84,83.50,0.18,-0.55,1.10,34.16
1511,205018809,6.84,987.30,80.57,-0.12,-0.61,1.40,34.40
1512,205022859,5.37,988.28,78.12,-0.12,-0.61,1.22,34.21
1513,205026916,6.35,992.68,90.33,-0.43,-0.61,0.98,34.12
1514,205030965,6.35,992.68,80.57,-0.67,-0.37,0.61,34.21
1515,205036760,8.30,997.07,82.52,-0.79,-0.43,0.73,34.64
1516,205040809,4.39,995.61,83.50,-1.40,-0.43,0.00,34.40
1517,205044859,10.74,991.70,86.43,-1.46,-0.24,-0.43,34.40
1518,205048916,14.65,992.68,86.43,-1.65,-0.43,-0.67,34.12
1519,205052965,8.79,989.75,84.47,-1.65,-0.06,-0.37,34.36
1520,205058760,6.84,980.47,81.05,-1.65,-0.24,-0.37,34.21
1521,205062809,13.67,977.54,83.98,-1.59,-0.12,-0.37,34.31
1522,205066859,6.35,981.93,84.47,-1.46,-0.18,-0.30,34.31
1523,205070916,6.35,979.00,85.45,-1.52,-0.06,-0.30,34.21
1524,205074965,6.35,975.10,88.38,-1.52,0.06,0.00,34.21
1525,205080760,6.84,971.19,83.01,-1.34,-0.24,0.24,34.31
1526,205084809,7.32,976.56,80.08,-1.40,-0.18,0.61,34.31
1527,205088859,6.35,967.29,82.03,-1.34,-0.18,0.49,34.40
1528,205092916,8.79,969.73,83.50,-1.16,-0.30,0.73,34.31
1529,205096965,6.35,964.36,85.45,-1.16,-0.24,1.10,34.31
1530,205102760,7.32,967.77,83.98,-1.16,-0.37,1.10,34.21
1531,205106809,11.72,969.73,84.96,-0.55,-0.49,1.71,34.12
1532,205110859,5.86,979.98,82.52,-0.73,-0.85,1.40,34.21
1533,205114916,6.35,976.07,80.57,-0.85,-0.73,1.34,34.31
1534,205118965,7.81,979.00,83.50,-0.61,-0.98,1.22,34.02
1535,205124760,7.81,980.96,82.03,-0.98,-0.85,1.40,34.02
1536,205128809,6.35,981.45,82.52,-0.98,-0.91,1.10,34.31
1537,205132859,11.23,985.84,82.03,-1.10,-0.98,0.91,34.40
1538,205136916,8.79,980.47,83.01,-1.34,-0.98,0.49,34.40
1539,205140965,10.25,979.49,84.96,-1.34,-0.91,0.24,33.97
1540,205146760,12.21,984.37,81.05,-1.59,-0.85,-0.06,34.12
1541,205150809,10.74,981.45,83.01,-1.46,-0.85,0.18,34.36
1542,205154859,15.14,980.47,83.01,-1.46,-0.73,-0.49,34.40
1543,205158916,16.11,980.96,83.01,-1.59,-0.79,-0.06,34.12
1544,205162965,15.14,982.42,83.01,-1.65,-0.61,-0.12,34.12
1545,205168760,7.81,974.12,79.10,-1.52,-0.73,-0.61,34.12
1546,205172809,13.67,968.75,83.50,-1.71,-0.55,-0.12,34.50
1547,205176859,9.28,967.77,78.12,-1.40,-0.30,-0.06,34.31
1548,205180916,9.28,960.45,77.64,-1.40,-0.61,0.37,34.21
1549,205184965,12.70,967.29,80.08,-0.91,-0.49,0.91,34.40
1550,205190760,2.93,970.21,83.50,-1.34,-0.49,1.16,34.31
1551,205194809,5.37,971.19,82.03,-0.73,-0.49,1.34,34.21
1552,205198859,15.14,978.52,83.01,-0.67,-0.43,1.28,34.21
1553,205202916,9.28,982.91,83.50,-0.98,-0.49,1.16,34.31
1554,205206965,7.32,979.98,84.96,-0.85,-0.43,1.10,34.36
1555,205212760,9.28,978.52,89.84,-1.10,-0.49,0.73,34.40
1556,205216809,9.77,971.68,86.91,-0.98,-0.30,0.79,34.50
1557,205220859,10.74,971.19,81.05,-0.79,-0.67,0.73,33.83
1558,205224916,8.30,974.12,85.94,-0.79,-0.30,0.73,34.31
1559,205230760,11.23,979.49,87.40,-1.04,-0.18,0.61,34.21
1560,205234809,10.25,980.47,86.43,-1.04,-0.43,0.49,34.21
1561,205238859,14.65,988.77,81.54,-0.85,-0.37,0.06,34.36
1562,205242916,17.09,978.03,80.08,-1.16,-0.18,-0.06,34.31
1563,205246965,11.23,969.73,81.54,-0.91,0.06,0.06,34.31
1564,205251015,10.25,974.12,86.43,-0.98,0.06,0.12,34.36
1565,205256760,11.23,971.19,83.98,-1.04,0.24,0.18,34.21
1566,205260809,9.28,963.38,81.05,-0.67,-0.18,0.18,34.40
1567,205264859,13.18,972.17,83.01,-0.61,0.12,0.55,34.40
1568,205268916,13.18,968.26,81.54,-0.61,-0.37,0.79,34.16
1569,205274760,11.72,973.63,78.61,-0.55,-0.06,0.85,34.31
1570,205278809,11.72,972.17,83.01,-0.79,-0.37,1.10,34.40
1571,205282859,9.28,980.96,82.52,-0.61,-0.18,1.10,34.36
1572,205286916,7.32,977.54,84.96,-0.73,-0.43,0.85,34.02
1573,205290965,9.28,980.96,86.91,-0.79,-0.55,0.91,34.31
1574,205296760,9.77,981.45,83.01,-0.79,-0.37,0.91,34.31
1575,205300809,10.74,979.49,84.47,-0.67,-0.24,0.91,34.36
1576,205304859,9.28,979.49,86.43,-0.85,-0.30,0.91,34.36
1577,205308916,12.21,984.86,87.40,-0.67,-0.37,0.91,34.40
1578,205312965,10.74,987.30,88.38,-0.73,-0.30,0.85,33.88
1579,205318760,18.55,990.72,88.87,-0.91,-0.06,0.43,34.12
1580,205322809,12.70,988.28,86.91,-0.91,0.06,0.30,33.97
1581,205326859,12.70,985.84,86.43,-0.98,0.18,-0.06,34.36
1582,205330916,8.79,977.05,86.91,-1.04,0.00,0.06,34.02
1583,205334965,5.86,979.00,85.94,-1.40,0.12,0.06,34.21
1584,205340760,1.46,978.52,83.01,-1.28,0.37,0.06,34.12
1585,205344809,8.79,983.40,86.91,-1.28,0.37,-0.37,34.21
1586,205348859,8.79,977.54,85.94,-1.40,0.12,-0.37,34.31
1587,205352916,5.86,978.03,84.96,-1.40,0.12,-0.37,34.36
1588,205356965,9.28,971.19,84.96,-1.22,0.24,-0.06,34.21
1589,205362760,7.81,973.14,83.50,-1.10,0.12,0.18,34.36
1590,205366809,7.81,975.59,89.84,-1.10,-0.06,0.67,34.02
1591,205370859,13.67,979.98,92.77,-1.10,-0.12,0.67,34.31
1592,205374916,15.62,980.96,89.36,-1.04,-0.30,0.61,34.31
1593,205378965,7.32,980.47,94.24,-0.61,-0.18,0.49,34.02
1594,205384760,15.62,977.54,90.82,-0.91,-0.24,0.43,34.36
1595,205388809,14.16,976.07,91.31,-1.10,-0.06,0.79,34.31
1596,205392859,11.72,980.96,93.26,-1.04,0.00,0.79,34.31
1597,205396916,9.77,985.84,90.82,-1.28,-0.12,1.04,34.21
1598,205400965,13.18,988.28,92.77,-1.52,-0.06,0.73,33.97
1599,205406760,13.18,992.68,94.73,-1.52,0.30,0.37,34.02
1600,205410809,9.77,994.14,92.77,-1.71,-0.06,-0.18,34.31
1601,205414859,6.35,987.79,94.24,-1.89,0.12,0.06,34.12
1602,205418916,9.28,991.70,88.87,-2.13,0.61,-0.49,34.40
1603,205422965,7.81,985.84,88.87,-2.26,0.37,-0.24,34.12
1604,205428760,10.25,985.84,87.40,-2.32,0.37,-0.49,34.21
1605,205432809,13.18,986.82,89.36,-2.38,0.18,-0.61,34.31
1606,205436859,8.79,975.10,85.94,-2.50,0.30,-0.37,34.31
1607,205440916,8.79,972.66,82.03,-2.87,0.00,-0.12,34.31
1608,205444965,9.28,972.17,92.77,-2.62,-0.06,0.06,34.21
1609,205450760,11.23,974.61,82.52,-2.50,-0.06,0.55,34.21
1610,205454809,11.72,976.07,81.54,-2.87,-0.37,0.79,34.31
1611,205458859,14.65,977.05,79.10,-2.87,-0.37,0.61,34.21
1612,205462916,16.11,980.47,80.57,-2.87,-0.37,0.98,34.31
1613,205468760,11.23,976.56,81.05,-2.74,-0.30,0.79,33.88
1614,205472809,10.74,966.80,76.66,-2.62,-0.37,1.40,34.16
1615,205476859,4.39,966.80,74.22,-2.74,-0.55,1.40,34.21
1616,205480916,4.39,967.77,72.27,-2.68,-0.61,1.59,34.02
1617,205484965,-0.98,970.21,82.52,-2.20,-0.43,1.59,34.12
1618,205490760,1.46,967.77,80.57,-2.44,-0.61,1.83,34.40
1619,205494809,3.91,970.70,79.10,-2.26,-0.85,2.20,34.12
1620,205498859,2.44,972.66,80.57,-2.26,-0.79,2.13,34.12
1621,205502916,6.35,977.05,81.54,-2.20,-0.43,1.89,33.97
1622,205506965,4.39,982.42,75.68,-2.01,-0.67,1.65,34.50
1623,205512760,6.84,979.49,81.05,-2.07,-0.49,1.46,34.31
1624,205516809,5.86,982.42,77.15,-1.89,-0.24,1.10,34.50
1625,205520859,9.77,986.82,77.64,-1.71,-0.24,0.91,34.40
1626,205524916,8.30,982.42,75.68,-1.77,-0.06,0.73,34.40
1627,205528965,14.16,984.86,81.05,-1.83,-0.06,0.49,34.36
1628,205534760,10.25,981.93,80.08,-1.52,0.30,0.18,34.21
1629,205538809,16.11,982.42,77.64,-1.59,0.24,-0.18,34.36
1630,205542859,8.30,985.84,79.10,-1.59,0.55,-0.18,34.21
1631,205546916,7.81,985.35,75.68,-1.59,0.49,-0.67,34.31
1632,205550965,3.42,979.00,77.15,-1.77,0.85,-0.73,34.31
1633,205556760,2.93,972.66,72.75,-1.22,0.85,-0.85,34.02
1634,205560809,6.35,972.66,77.64,-1.34,0.79,-0.73,34.21
1635,205564859,3.91,970.70,79.59,-1.10,0.79,-0.61,34.02
1636,205568916,3.91,974.12,80.57,-0.91,0.73,-0.12,34.31
1637,205572965,1.46,974.61,75.68,-0.85,0.61,0.12,33.83
1638,205578760,0.00,968.75,78.61,-0.85,0.79,0.00,34.02
1639,205582809,2.44,972.17,76.17,-0.73,0.67,0.06,33.83
1640,205586859,6.84,971.19,80.57,-0.61,0.55,0.24,34.21
1641,205590916,5.37,976.56,75.68,-0.55,0.43,0.18,34.12
1642,205594965,6.35,982.42,76.66,-0.49,0.55,0.30,34.02
1643,205600760,6.35,975.10,80.57,-0.49,0.43,0.00,34.31
1644,205604809,4.88,973.63,81.54,-0.49,0.43,-0.18,34.31
1645,205608859,5.86,971.68,84.47,-0.49,0.24,-0.06,34.31
1646,205612916,7.32,975.10,83.50,-0.18,0.12,-0.12,34.31
1647,205616965,3.42,974.61,89.36,0.24,0.12,0.12,34.12
1648,205622760,4.39,975.59,86.91,-0.12,0.06,-0.18,34.16
1649,205626809,6.84,983.89,85.45,-0.18,-0.06,-0.30,34.21
1650,205630859,7.32,985.84,83.98,-0.12,0.00,-0.37,34.50
1651,205634916,7.81,987.30,88.87,-0.18,0.00,-0.91,34.40
1652,205638965,6.84,982.42,89.36,-0.30,0.00,-1.16,34.31
1653,205644760,7.32,981.45,88.38,-0.24,-0.18,-1.59,34.55
1654,205648809,4.88,979.00,87.40,-0.37,-0.18,-1.52,34.21
1655,205652859,2.93,972.17,83.98,-0.30,-0.24,-1.40,33.97
1656,205656916,3.42,965.33,85.94,-0.24,-0.24,-1.10,34.40
1657,205660965,7.81,969.24,87.89,-0.30,-0.43,-0.73,34.40
1658,205666760,10.74,970.21,89.36,-0.06,-0.43,-0.12,34.21
1659,205670809,9.28,978.52,86.43,-0.18,-0.67,-0.12,34.36
1660,205674859,8.79,979.98,85.94,-0.30,-0.61,0.18,34.12
1661,205678916,12.70,981.93,86.91,-0.24,-0.67,-0.12,34.40
1662,205684760,19.53,985.35,85.45,-0.30,-0.61,0.06,34.21
1663,205688809,16.11,981.93,84.96,-0.37,-0.67,0.18,34.40
1664,205692859,15.14,987.79,88.87,-0.37,-0.67,0.30,34.36
1665,205696916,12.21,989.75,87.89,-0.55,-0.98,0.06,34.02
1666,205700965,14.65,983.89,86.43,-0.85,-0.91,-0.06,34.31
1667,205706760,14.16,987.79,90.82,-0.91,-0.91,-0.12,34.21
1668,205710809,14.65,983.40,89.36,-0.91,-1.22,-0.24,34.31
1669,205714859,14.65,979.00,88.38,-1.28,-1.22,-0.24,34.50
1670,205718916,9.28,967.77,84.96,-0.98,-1.46,-0.49,34.16
1671,205722965,12.70,966.31,85.94,-0.98,-1.46,0.18,34.16
1672,205728760,9.28,960.94,85.94,-1.04,-1.46,0.24,34.02
1673,205732809,18.07,959.96,88.38,-0.67,-1.46,0.91,34.40
1674,205736859,14.65,960.45,86.43,-0.67,-1.40,1.52,34.21
1675,205740916,16.11,968.26,83.50,-0.24,-1.59,1.89,34.21
1676,205744965,16.60,973.14,88.87,-0.37,-1.52,2.20,34.31
1677,205750760,19.04,976.07,87.40,-0.24,-1.59,2.68,34.21
1678,205754809,15.62,968.26,83.01,-0.06,-1.89,3.60,34.31
1679,205758859,15.62,979.00,83.01,-0.24,-1.46,3.72,34.31
1680,205762916,10.25,984.37,85.45,0.00,-1.59,3.78,34.21
1681,205766965,12.70,984.86,84.47,-0.37,-1.46,3.66,34.21
1682,205772760,13.18,989.75,88.38,-0.30,-1.40,2.93,34.31
1683,205776809,12.70,991.21,88.87,-0.79,-1.34,2.80,33.97
1684,205780859,15.14,992.68,87.40,-0.91,-1.04,2.44,34.16
1685,205784916,18.55,995.61,83.50,-1.10,-1.34,1.59,34.40
1686,205788965,19.53,989.26,85.45,-1.28,-1.16,0.73,34.12
1687,205794760,17.58,991.21,85.45,-1.40,-1.04,0.00,34.02
1688,205798809,15.62,982.91,87.89,-1.65,-0.79,-0.73,33.83
1689,205802859,17.09,978.52,85.45,-1.65,-0.85,-0.98,34.31
1690,205806916,19.04,979.98,85.94,-1.95,-0.49,-1.34,34.50
1691,205810965,17.09,977.05,86.43,-1.83,-0.49,-1.59,34.12
1692,205816760,15.14,963.38,85.94,-1.77,-0.43,-1.59,34.02
1693,205820809,15.62,964.36,85.45,-1.71,-0.24,-1.59,34.16
1694,205824859,13.18,958.01,84.96,-1.71,0.00,-1.28,34.21
1695,205828916,6.35,958.98,84.47,-1.34,-0.24,-0.37,34.31
1696,205832965,11.72,952.64,85.45,-0.91,-0.18,0.06,34.12
1697,205838760,10.74,958.01,82.03,-0.85,-0.24,0.91,34.21
1698,205842809,14.16,964.84,85.45,-0.61,-0.18,1.40,34.12
1699,205846859,8.79,962.89,80.08,-0.49,-0.24,1.59,34.21
1700,205850916,8.79,969.73,81.54,-0.43,-0.43,1.89,34.40
1701,205854965,10.74,974.12,84.96,-0.30,-0.24,2.01,34.31
1702,205860760,9.77,975.59,83.98,-0.24,-0.37,1.89,34.21
1703,205864809,12.70,984.37,83.50,-0.37,-0.43,1.89,34.40
1704,205868859,9.28,989.26,83.50,-0.30,-0.24,1.59,33.88
1705,205872916,9.77,987.79,84.47,-0.49,-0.12,1.59,34.12
1706,205876965,14.65,990.72,83.98,-0.91,-0.67,1.04,34.31
1707,205882760,13.18,991.70,87.40,-0.91,-0.24,0.55,34.16
1708,205886809,13.18,987.30,89.84,-1.10,-0.24,0.18,34.21
1709,205890859,17.58,991.70,86.91,-1.04,-0.43,-0.18,33.97
1710,205894916,15.14,989.26,88.38,-1.46,-0.30,-0.49,34.40
1711,205900760,16.11,987.30,85.45,-1.46,-0.06,-0.67,34.31
1712,205904809,19.53,982.42,88.87,-1.34,-0.24,-0.67,34.64
1713,205908859,17.09,976.56,87.40,-1.40,-0.18,-0.73,34.40
1714,205912916,12.21,979.00,82.52,-1.52,-0.06,-0.43,34.02
1715,205916965,11.23,979.00,88.87,-1.40,-0.06,-0.55,34.40
1716,205921015,11.23,974.12,83.01,-1.40,0.12,-0.12,34.31
1717,205926760,9.77,972.66,84.96,-1.04,-0.18,0.49,34.12
1718,205930809,9.77,978.03,80.57,-1.22,-0.30,0.79,34.40
1719,205934859,6.84,978.52,82.03,-1.16,-0.06,0.98,34.40
1720,205938916,9.77,976.07,79.59,-1.04,-0.24,1.16,34.40
1721,205944760,9.77,978.52,81.05,-1.04,0.00,1.52,34.21
1722,205948809,6.84,971.68,80.57,-0.91,-0.37,1.83,34.21
1723,205952859,9.28,978.52,83.98,-0.85,-0.55,2.13,34.31
1724,205956916,7.81,988.77,84.96,-1.10,-0.24,1.65,34.21
1725,205960965,11.23,988.28,81.05,-1.28,-0.55,1.77,34.16
1726,205966760,7.81,987.30,82.52,-1.28,-0.49,0.91,34.31
1727,205970809,7.81,988.77,81.05,-1.40,-0.37,0.67,34.36
1728,205974859,7.32,990.23,85.94,-1.59,-0.55,0.49,34.40
1729,205978916,8.79,988.77,86.43,-1.59,-0.67,0.06,34.40
1730,205982965,6.35,989.75,82.52,-1.83,-0.37,-0.49,34.21
1731,205988760,9.77,987.79,86.91,-1.95,-0.49,-1.04,34.31
1732,205992809,8.30,990.72,87.89,-2.07,-0.43,-1.52,34.31
1733,205996859,9.28,988.77,86.43,-1.89,-0.24,-2.01,34.16
1734,206000916,8.79,983.40,83.01,-2.20,-0.30,-2.01,34.40
1735,206004965,8.30,971.19,86.43,-2.13,-0.37,-2.32,34.21
1736,206010760,3.42,959.47,79.59,-1.77,-0.49,-1.83,34.36
1737,206014809,0.00,956.54,83.50,-1.59,-0.12,-0.98,34.21
1738,206018859,1.46,959.96,82.52,-1.22,-0.43,-0.61,34.16
1739,206022916,6.84,962.40,80.57,-1.10,-0.30,0.00,34.50
1740,206026965,4.88,965.82,79.59,-1.10,-0.61,0.30,34.21
1741,206032760,7.81,971.19,80.57,-0.85,-0.61,0.79,34.02
1742,206036809,10.25,973.63,82.03,-0.73,-0.98,0.67,34.02
1743,206040859,4.39,968.75,82.52,-0.49,-0.61,0.85,34.40
1744,206044916,3.91,979.49,85.94,-0.43,-0.61,1.16,34.31
1745,206048965,3.91,982.42,83.01,-0.73,-0.91,1.10,34.12
1746,206054760,11.23,987.79,82.52,-0.85,-0.61,0.98,34.21
1747,206058809,9.77,987.79,84.96,-0.79,-0.91,0.49,34.21
1748,206062859,7.32,985.84,86.43,-1.04,-0.55,0.12,34.12
1749,206066916,9.28,988.77,86.91,-0.91,-0.85,-0.43,34.21
1750,206070965,12.21,983.89,84.47,-1.22,-0.67,-0.73,34.02
1751,206076760,12.70,989.75,86.43,-1.34,-0.67,-1.28,34.21
1752,206080809,11.23,985.35,85.94,-1.65,-0.61,-1.46,34.31
1753,206084859,8.30,983.89,87.89,-1.95,-0.85,-1.77,34.31
1754,206088916,17.09,978.03,86.43,-1.46,-0.49,-1.52,34.31
1755,206092965,17.58,976.56,81.54,-1.52,-0.43,-1.40,34.31
1756,206098760,17.09,966.80,83.50,-1.77,-0.49,-1.28,34.31
1757,206102809,9.77,967.77,84.47,-1.40,-0.43,-0.61,34.12
1758,206106859,7.32,964.36,83.01,-1.52,-0.61,-0.37,34.21
1759,206110916,5.86,959.47,81.54,-1.16,-0.61,0.55,34.40
1760,206114965,6.35,960.94,83.50,-0.91,-0.79,1.46,34.31
1761,206120760,9.28,967.29,83.98,-1.04,-0.73,1.89,34.21
1762,206124809,8.30,981.45,84.47,-0.85,-0.67,2.01,34.21
1763,206128859,13.18,978.52,87.40,-0.91,-0.73,2.13,34.21
1764,206132916,12.21,978.52,85.45,-0.91,-0.73,1.83,34.31
1765,206138760,15.62,978.03,82.52,-0.79,-0.91,1.71,34.40
1766,206142809,12.70,982.42,88.87,-1.04,-0.91,1.46,34.31
1767,206146859,11.72,982.42,90.33,-1.10,-0.79,0.98,34.36
1768,206150916,9.77,984.86,86.91,-1.16,-0.91,0.61,33.97
1769,206154965,14.65,986.33,87.40,-1.40,-0.73,0.24,34.50
1770,206160760,13.67,992.68,89.84,-1.65,-0.79,-0.30,34.36
1771,206164809,13.18,990.23,83.01,-1.59,-0.24,-1.28,34.55
1772,206168859,9.77,984.86,85.94,-1.95,-0.55,-1.59,34.16
1773,206172916,10.74,975.59,88.87,-1.83,-0.73,-1.95,33.97
1774,206176965,9.28,970.21,83.98,-1.65,-0.67,-1.83,34.02
1775,206182760,9.77,968.75,86.43,-1.89,-0.67,-1.95,34.21
1776,206186809,8.30,970.70,87.89,-1.59,-0.67,-1.40,34.40
1777,206190859,11.72,969.73,86.43,-1.59,-0.67,-1.28,34.31
1778,206194916,9.77,961.43,89.84,-1.28,-0.61,-0.98,34.21
1779,206198965,12.70,965.82,87.40,-1.22,-0.37,-0.67,34.21
1780,206204760,17.58,969.73,87.89,-0.98,-0.43,-0.12,34.21
1781,206208809,13.67,955.57,81.54,-0.85,-0.24,0.67,34.21
1782,206212859,12.70,957.52,85.45,-0.49,-0.43,1.16,34.36
1783,206216916,14.16,956.05,79.59,-0.12,-0.30,1.83,34.31
1784,206220965,12.21,967.77,84.96,0.00,0.00,2.38,34.16
1785,206226760,10.25,975.59,85.94,-0.12,-0.12,2.50,34.16
1786,206230809,8.30,992.19,87.40,-0.06,-0.06,2.50,34.12
1787,206234859,7.81,991.21,83.98,-0.43,-0.06,2.26,34.31
1788,206238916,6.84,993.65,85.94,-0.73,0.06,2.07,34.21
1789,206242965,5.86,996.09,86.91,-0.91,0.00,1.65,34.12
1790,206248760,6.84,994.14,91.80,-0.85,0.00,1.10,34.12
1791,206252809,10.74,990.23,90.82,-1.10,0.18,0.61,34.21
1792,206256859,6.35,991.21,88.38,-1.16,-0.06,0.18,34.21
1793,206260916,12.21,990.23,90.33,-1.22,0.12,-0.18,34.36
1794,206264965,9.77,989.75,86.43,-1.65,-0.06,-0.43,34.12
1795,206270760,14.16,980.96,91.80,-1.89,-0.06,-0.61,33.97
1796,206274809,9.77,973.14,88.87,-1.77,-0.12,-0.49,34.21
1797,206278859,9.28,975.10,88.38,-1.52,-0.24,-0.73,34.31
1798,206282916,8.79,972.17,89.36,-1.77,-0.18,-0.43,34.12
1799,206286965,8.79,969.24,87.40,-1.40,0.00,-0.30,34.12
1800,206292760,4.88,957.03,89.36,-1.40,-0.12,0.30,34.36
1801,206296809,5.86,962.40,87.40,-0.91,-0.43,0.79,34.31
1802,206300859,5.86,972.66,89.84,-1.10,-0.73,1.04,34.31
1803,206304916,3.42,970.70,88.87,-0.79,-0.43,1.40,34.40
1804,206308965,0.49,964.36,84.47,-1.16,-0.67,1.59,34.31
1805,206314760,-2.44,966.80,87.40,-0.67,-0.85,2.26,34.21
1806,206318809,6.84,981.45,83.01,-0.85,-0.98,2.20,34.31
1807,206322859,2.93,988.28,85.94,-0.91,-0.91,2.13,33.97
1808,206326916,1.95,988.28,90.33,-1.34,-1.22,1.71,34.21
1809,206330965,6.35,991.70,85.94,-1.52,-1.16,1.10,34.31
1810,206336760,3.42,996.09,87.40,-1.65,-1.04,0.24,34.40
1811,206340809,5.86,990.23,90.33,-2.13,-0.85,-0.49,34.40
1812,206344859,5.86,987.79,89.84,-2.38,-0.91,-1.10,34.21
1813,206348916,3.42,982.91,89.36,-2.26,-0.91,-1.52,34.12
1814,206354760,3.91,988.28,94.24,-2.38,-0.98,-1.65,34.21
1815,206358809,6.35,977.05,88.38,-2.62,-0.98,-2.01,34.12
1816,206362859,3.91,960.94,87.40,-2.50,-1.10,-1.95,34.31
1817,206366916,6.35,952.15,84.47,-2.07,-1.16,-1.71,34.02
1818,206370965,4.39,957.52,84.96,-2.07,-1.46,-1.16,34.40
1819,206376760,10.74,962.40,89.84,-1.95,-1.46,-0.37,34.31
1820,206380809,6.84,960.45,93.26,-1.65,-1.34,-0.43,34.36
1821,206384859,13.18,960.94,87.40,-1.34,-1.65,0.00,34.21
1822,206388916,9.77,959.47,86.43,-1.16,-1.52,0.49,34.12
1823,206392965,7.81,956.54,84.96,-0.67,-1.46,1.16,34.40
1824,206398760,12.21,958.50,85.45,-0.61,-1.71,1.65,34.31
1825,206402809,17.09,968.75,86.43,-0.37,-1.95,2.26,34.21
1826,206406859,13.18,975.10,83.98,-0.06,-1.77,2.20,34.12
1827,206410916,14.16,985.84,88.87,0.06,-1.83,2.01,34.36
1828,206414965,13.67,983.40,87.40,-0.49,-2.01,1.59,34.31
1829,206420760,14.16,990.23,82.52,-0.37,-1.77,1.52,34.64
1830,206424809,12.21,995.61,87.89,-0.73,-1.34,0.85,34.36
1831,206428859,13.67,999.51,85.94,-0.91,-1.52,0.49,34.21
1832,206432916,22.46,998.54,93.75,-1.10,-1.52,-0.18,34.31
1833,206436965,23.93,996.58,86.91,-1.22,-1.16,-0.85,34.31
1834,206442760,21.97,993.65,90.33,-1.40,-1.10,-1.28,34.02
1835,206446809,16.11,984.37,83.98,-1.34,-0.85,-1.71,34.16
1836,206450859,18.07,984.86,86.43,-1.40,-0.61,-1.40,34.50
1837,206454916,17.09,981.45,90.82,-1.40,-0.49,-1.40,34.21
1838,206458965,18.07,980.47,91.80,-1.46,-0.30,-1.28,34.16
1839,206464760,19.53,978.52,87.89,-1.46,-0.06,-1.16,34.02
1840,206468809,14.65,978.52,86.91,-1.46,-0.30,-1.28,34.21
1841,206472859,12.21,974.12,90.82,-1.28,-0.06,-1.40,34.55
1842,206476916,10.25,967.29,82.52,-1.46,0.06,-1.10,34.31
1843,206480965,14.16,961.43,81.54,-0.91,0.30,-0.67,34.02
1844,206486760,10.74,964.36,85.94,-0.91,0.18,0.00,34.21
1845,206490809,11.23,964.84,88.87,-0.73,0.12,0.55,34.40
1846,206494859,6.84,966.31,83.50,-0.43,0.18,0.79,34.31
1847,206498916,11.72,967.29,83.50,-0.37,-0.37,0.79,34.16
1848,206502965,11.72,978.03,86.43,-0.55,-0.12,0.79,34.02
1849,206508760,14.65,982.42,89.36,-0.49,-0.24,0.55,34.21
1850,206512809,9.28,972.66,87.89,-0.73,-0.12,0.18,34.16
1851,206516859,3.91,979.98,91.31,-0.79,-0.24,0.06,34.31
1852,206520916,8.30,981.45,89.36,-0.73,-0.61,-0.24,34.31
1853,206524965,4.88,979.00,86.43,-0.67,-0.43,-0.18,34.31
1854,206530760,13.18,980.47,87.89,-0.98,-0.12,-0.49,34.31
1855,206534809,9.28,987.30,87.40,-0.85,-0.12,-0.85,34.31
1856,206538859,7.32,981.93,91.80,-0.91,-0.18,-0.98,33.97
1857,206542916,10.25,979.49,89.84,-0.98,-0.18,-1.10,34.40
1858,206546965,7.81,980.47,89.36,-0.91,-0.18,-1.16,34.36
1859,206552760,9.28,981.93,90.33,-0.79,0.12,-1.40,34.50
1860,206556809,5.86,979.98,88.87,-1.10,0.00,-1.34,34.02
1861,206560859,8.79,973.14,87.89,-0.98,0.06,-1.04,34.12
1862,206564916,10.74,973.63,81.05,-0.91,0.00,-1.16,34.31
1863,206570760,12.21,978.03,85.45,-0.91,0.24,-1.10,34.21
1864,206574809,10.74,973.14,85.94,-0.98,-0.06,-0.91,34.50
1865,206578859,7.32,965.33,81.54,-0.98,0.06,-0.73,34.36
1866,206582916,4.88,964.84,85.45,-0.73,-0.12,0.00,33.97
1867,206586965,10.25,970.70,84.96,-0.85,-0.43,0.30,34.36
1868,206591015,8.79,977.05,93.75,-0.55,-0.43,0.73,34.40
1869,206596760,11.72,981.45,88.38,-0.79,-0.18,0.85,34.21
1870,206600809,6.35,981.93,86.43,-0.91,-0.79,0.79,34.36
1871,206604859,11.72,977.54,89.84,-0.73,-0.79,1.04,34.31
1872,206608916,8.79,980.96,89.84,-0.79,-0.67,0.85,34.50
1873,206614760,8.79,984.37,93.26,-0.98,-0.43,0.79,34.40
1874,206618809,9.28,991.21,92.77,-1.04,-0.61,0.73,34.02
1875,206622859,16.60,987.79,88.87,-1.16,-0.73,0.49,34.50
1876,206626916,11.23,985.84,93.75,-1.28,-0.55,0.61,34.02
1877,206630965,12.70,982.42,91.31,-1.28,-0.67,0.00,34.21
1878,206636760,14.65,982.42,92.29,-1.52,-0.67,-0.06,34.21
1879,206640809,10.25,975.10,89.36,-1.65,-0.67,0.30,34.31
1880,206644859,5.37,976.07,90.82,-1.40,-0.67,0.30,34.36
1881,206648916,12.70,980.96,92.77,-1.59,-0.43,0.30,34.50
1882,206652965,13.18,981.45,88.87,-1.34,-0.37,0.37,34.40
1883,206658760,19.04,989.26,96.19,-1.65,-0.61,0.00,34.16
1884,206662809,9.77,988.28,85.94,-1.89,-0.37,-0.06,34.02
1885,206666859,15.14,985.84,83.98,-2.20,-0.37,-0.06,34.31
1886,206670916,18.55,987.79,85.94,-2.20,-0.37,-0.24,34.21
1887,206674965,14.16,985.84,86.43,-2.38,-0.37,-0.24,34.21
1888,206680760,13.67,986.82,92.77,-2.44,-0.73,-0.18,34.12
1889,206684809,16.11,978.52,92.29,-2.56,-0.55,-0.55,33.88
1890,206688859,13.18,973.63,88.38,-2.56,-0.61,-0.06,34.21
1891,206692916,10.74,971.19,90.33,-2.38,-0.61,0.30,34.40
1892,206696965,9.28,971.19,88.38,-2.32,-0.67,0.79,34.02
1893,206702760,8.30,963.38,86.91,-2.50,-0.61,0.79,34.21
1894,206706809,6.35,969.24,87.89,-2.38,-0.98,1.22,34.16
1895,206710859,11.72,958.50,88.38,-1.95,-0.67,1.46,34.36
1896,206714916,6.35,958.98,88.38,-1.77,-0.67,1.71,34.36
1897,206718965,8.79,956.05,83.01,-1.52,-0.79,2.26,34.21
1898,206724760,5.37,959.47,86.91,-1.46,-0.85,2.74,34.40
1899,206728809,6.84,962.40,89.36,-1.28,-0.73,2.93,34.21
1900,206732859,6.84,968.26,85.45,-1.28,-0.79,2.87,34.40
1901,206736916,11.72,972.17,84.96,-0.98,-0.98,2.74,34.31
1902,206740965,5.37,966.31,87.40,-1.28,-0.55,2.38,34.21
1903,206746760,10.74,979.00,87.40,-1.04,-0.98,1.71,34.36
1904,206750809,8.30,984.86,89.84,-1.34,-0.91,1.04,34.12
1905,206754859,5.86,981.93,90.33,-1.22,-0.85,0.61,34.21
1906,206758916,11.72,975.59,89.84,-1.22,-0.79,-0.06,34.36
1907,206762965,15.14,975.59,89.84,-1.10,-0.55,-0.12,34.40
1908,206768760,17.09,981.93,89.84,-1.16,-0.55,-0.79,34.40
1909,206772809,10.74,977.54,87.89,-1.10,-0.49,-1.59,34.12
1910,206776859,14.65,979.00,87.40,-1.22,-0.24,-1.77,34.12
1911,206780916,12.70,983.89,90.82,-1.28,-0.30,-2.07,34.31
1912,206784965,12.21,973.14,83.50,-1.22,-0.12,-2.26,34.02
1913,206790760,12.21,957.52,85.45,-0.98,-0.24,-1.65,34.36
1914,206794809,8.79,958.01,85.45,-0.49,-0.30,-0.37,34.40
1915,206798859,8.30,967.29,88.38,-0.43,0.00,-0.12,34.12
1916,206802916,11.23,962.89,88.87,-0.12,-0.24,0.30,34.36
1917,206808760,11.23,971.68,89.36,0.00,-0.18,0.79,34.36
1918,206812809,11.23,976.07,87.89,0.24,-0.18,1.40,34.40
1919,206816859,11.72,983.40,85.45,0.43,-0.18,1.52,34.31
1920,206820916,15.14,991.21,81.54,0.06,-0.30,1.28,33.97
1921,206824965,12.70,992.68,87.40,0.12,-0.18,1.34,34.21
1922,206830760,15.14,1000.49,87.89,-0.06,-0.24,0.91,34.36
1923,206834809,15.14,1001.46,86.91,-0.30,-0.24,0.49,34.31
1924,206838859,11.72,999.02,88.87,-0.61,-0.30,0.30,34.40
1925,206842916,15.14,1000.49,87.40,-0.55,-0.18,-0.06,34.16
1926,206846965,11.23,996.58,88.87,-0.85,-0.30,-0.73,34.12
1927,206852760,5.86,994.14,90.82,-1.10,-0.18,-0.85,34.21
1928,206856809,10.74,985.84,85.45,-1.16,-0.24,-0.79,34.16
1929,206860859,9.77,983.40,90.33,-1.22,-0.43,-0.85,34.31
1930,206864916,9.77,983.89,87.40,-1.34,-0.18,-0.73,34.40
1931,206868965,12.21,977.54,95.70,-1.40,-0.30,-0.61,34.12
1932,206874760,10.74,978.52,88.38,-1.52,0.00,-0.55,34.21
1933,206878809,-0.49,972.17,88.38,-1.40,-0.43,-0.06,33.78
1934,206882859,-0.98,964.84,86.91,-1.46,-0.43,0.12,34.40
1935,206886916,-0.49,962.40,89.36,-1.16,-0.43,0.85,34.31
1936,206890965,1.46,967.77,86.91,-0.98,-0.61,1.34,34.31
1937,206896760,3.91,971.68,92.29,-1.04,-0.91,1.71,34.21
1938,206900809,7.81,973.14,92.29,-0.79,-0.91,1.95,34.02
1939,206904859,3.42,972.17,94.24,-0.98,-1.10,1.65,34.31
1940,206908916,6.35,980.47,93.75,-0.91,-1.10,1.52,34.40
1941,206912965,4.88,980.96,88.87,-1.16,-0.98,1.16,34.21
1942,206918760,7.32,983.40,89.36,-1.34,-1.22,0.85,34.21
1943,206922809,7.32,983.89,87.40,-1.10,-0.91,0.37,34.02
1944,206926859,7.81,984.86,90.82,-1.10,-0.91,0.12,34.16
1945,206930916,4.39,987.30,91.80,-1.34,-0.91,-0.24,34.31
1946,206934965,9.77,984.86,93.75,-1.52,-0.85,-0.91,33.88
1947,206940760,9.77,984.37,91.80,-1.46,-1.16,-1.40,34.02
1948,206944809,7.32,979.00,92.77,-1.46,-0.61,-1.59,34.21
1949,206948859,1.95,976.56,90.82,-1.71,-0.98,-1.95,34.02
1950,206952916,-1.46,975.59,87.40,-1.77,-0.85,-1.89,34.31
1951,206956965,6.35,964.36,86.91,-1.65,-0.67,-1.71,34.31
1952,206962760,11.23,966.31,84.47,-1.28,-0.98,-1.16,34.21
1953,206966809,6.35,959.96,88.87,-1.16,-0.98,-0.85,34.02
1954,206970859,6.84,961.43,84.47,-0.91,-1.10,-0.18,34.31
1955,206974916,5.86,961.43,88.38,-0.85,-0.85,0.30,34.36
1956,206978965,5.86,969.24,83.50,-0.55,-1.04,0.55,34.12
1957,206984760,9.77,973.14,86.91,-0.30,-0.79,0.73,34.31
1958,206988809,7.81,968.75,83.98,-0.37,-1.04,1.28,34.36
1959,206992859,10.25,977.05,87.40,-0.37,-1.04,1.40,34.12
1960,206996916,10.74,981.93,88.38,-0.61,-1.10,1.77,34.40
1961,207000965,10.74,981.45,87.40,-0.67,-0.98,1.65,34.31
1962,207006760,12.21,986.33,87.40,-0.73,-1.04,1.59,34.55
1963,207010809,11.23,990.72,87.40,-0.85,-0.91,1.59,34.50
1964,207014859,9.28,995.12,86.43,-0.98,-0.79,1.10,33.97
1965,207018916,12.21,995.61,89.84,-1.04,-0.79,0.67,34.21
1966,207024760,14.65,991.21,92.77,-1.34,-0.37,0.24,34.40
1967,207028809,13.18,991.21,90.82,-1.16,-0.49,-0.30,34.21
1968,207032859,14.65,985.84,93.26,-1.46,-0.49,-0.49,34.31
1969,207036916,9.77,979.00,91.80,-1.59,0.00,-0.61,34.21
1970,207040965,7.32,978.03,93.75,-1.83,-0.12,-0.67,34.31
1971,207046760,12.70,972.66,88.87,-1.40,-0.18,-0.61,34.21
1972,207050809,12.21,973.63,86.91,-1.46,-0.30,-0.79,34.40
1973,207054859,13.67,968.75,86.91,-1.46,-0.30,-0.91,34.50
1974,207058916,12.21,963.38,91.80,-1.40,-0.12,-0.55,34.31
1975,207062965,11.23,963.38,89.36,-0.98,-0.12,-0.43,34.21
1976,207068760,11.23,963.87,86.43,-0.98,-0.43,-0.12,34.31
1977,207072809,8.30,961.43,88.38,-0.79,-0.61,0.30,34.40
1978,207076859,9.28,965.82,89.36,-0.61,-0.61,0.43,34.36
1979,207080916,9.28,971.68,90.33,-0.61,-0.43,0.30,34.21
1980,207084965,7.81,971.19,85.94,-0.49,-0.61,0.67,34.21
1981,207090760,3.91,973.63,93.26,-0.43,-0.67,0.67,34.21
1982,207094809,6.84,968.26,87.40,-0.30,-0.61,0.49,34.31
1983,207098859,5.86,969.24,91.31,-0.30,-0.61,0.98,34.36
1984,207102916,5.86,970.21,86.43,-0.18,-0.55,1.22,34.12
1985,207106965,7.81,976.56,88.87,-0.30,-0.49,1.28,34.21
1986,207112760,7.81,983.40,88.38,-0.24,-0.30,0.79,34.02
1987,207116809,9.28,976.07,90.33,-0.49,-0.43,0.73,34.02
1988,207120859,8.30,976.56,85.45,-0.43,-0.24,0.67,34.31
1989,207124916,5.86,976.07,89.36,-0.37,-0.30,0.79,34.21
1990,207128965,11.23,978.03,86.91,-0.61,-0.43,0.61,34.21
1991,207134760,13.18,977.54,88.87,-0.61,-0.37,0.55,34.02
1992,207138809,6.84,976.07,85.94,-0.55,0.00,0.30,34.12
1993,207142859,9.77,982.42,86.91,-0.49,-0.37,0.18,34.36
1994,207146916,8.79,983.40,86.91,-0.61,-0.37,0.12,34.40
1995,207150965,10.25,984.86,88.38,-0.61,-0.37,-0.06,34.21
1996,207156760,10.74,983.40,90.33,-0.67,-0.37,-0.55,34.12
1997,207160809,15.62,983.89,89.36,-0.91,-0.67,-0.67,34.21
1998,207164859,10.74,978.03,83.50,-0.91,-0.43,-0.73,34.21
1999,207168916,9.77,971.19,88.38,-1.10,-0.67,-0.49,34.31
2000,207172965,10.74,969.24,88.87,-1.04,-0.49,-0.12,34.16
2001,207178760,14.16,972.66,91.80,-0.98,-0.67,0.24,34.21
2002,207182809,7.81,969.24,88.38,-1.04,-0.79,0.73,34.50
2003,207186859,1.95,969.24,89.36,-0.79,-0.49,1.22,34.31
2004,207190916,5.86,965.82,89.36,-0.79,-0.43,1.65,34.50
2005,207194965,10.25,967.77,83.98,-0.85,-0.43,2.38,34.21
2006,207200760,10.74,972.66,88.38,-0.67,-0.30,2.68,34.40
2007,207204809,4.88,974.61,87.40,-0.79,-0.67,2.93,34.31
2008,207208859,2.93,978.03,93.26,-0.55,-0.55,3.11,34.02
2009,207212916,5.37,981.45,90.82,-0.73,-0.79,3.05,34.21
2010,207216965,5.37,986.82,85.45,-0.67,-0.79,2.93,34.40
2011,207222760,8.30,995.61,89.84,-0.91,-0.85,2.50,34.36
2012,207226809,6.84,992.19,89.36,-0.85,-0.85,1.71,34.31
2013,207230859,10.25,998.54,90.33,-0.85,-0.73,1.04,34.12
2014,207234916,4.39,993.16,86.91,-1.22,-0.91,0.55,34.50
2015,207240760,8.79,989.26,92.77,-1.52,-0.73,0.12,34.16
2016,207244809,12.21,986.82,93.75,-1.59,-0.98,-0.43,34.36
2017,207248859,7.32,988.77,90.33,-1.95,-0.61,-0.73,34.31
2018,207252916,10.74,985.35,90.82,-1.95,-0.61,-1.16,34.31
2019,207256965,3.91,981.93,95.21,-2.13,-0.67,-1.59,34.40
2020,207261015,2.93,979.00,88.38,-2.07,-0.30,-1.77,34.36
2021,207266760,1.95,968.75,89.36,-2.13,-0.37,-1.89,34.02
2022,207270809,2.44,959.96,88.38,-2.13,-0.55,-0.91,34.31
2023,207274859,-0.49,955.57,86.91,-1.71,-0.67,-0.43,34.31
2024,207278916,-1.95,949.71,85.94,-1.65,-0.85,0.12,34.31
2025,207284760,0.00,946.78,88.87,-1.65,-0.91,0.98,34.12
2026,207288809,-1.46,945.80,87.40,-1.10,-1.16,1.89,34.21
2027,207292859,6.84,953.61,82.52,-0.73,-1.40,2.38,34.21
2028,207296916,6.35,955.57,84.96,-0.73,-1.65,2.93,33.97
2029,207300965,5.86,965.33,80.08,-0.43,-1.71,3.11,34.50
2030,207306760,14.16,968.75,85.45,-0.30,-1.83,3.29,34.21
2031,207310809,10.74,973.63,88.87,-0.37,-1.77,2.99,34.31
2032,207314859,15.14,979.00,88.38,-0.24,-2.07,3.41,34.21
2033,207318916,12.70,984.86,92.77,-0.30,-2.20,3.17,34.31
2034,207322965,14.65,992.19,95.21,-0.37,-2.20,2.68,34.02
2035,207328760,14.65,989.75,91.31,-0.37,-2.13,2.32,34.12
2036,207332809,17.58,993.65,92.77,-0.85,-1.95,1.59,34.16
2037,207336859,11.72,993.65,95.70,-0.98,-1.95,1.10,34.31
2038,207340916,14.65,995.12,92.77,-0.98,-1.89,0.43,34.50
2039,207344965,15.62,988.28,91.80,-0.98,-1.65,0.06,34.31
2040,207350760,15.62,987.30,90.82,-1.04,-1.59,-0.37,34.16
2041,207354809,17.09,987.30,89.36,-1.34,-1.34,-0.61,34.12
2042,207358859,14.65,983.89,86.91,-1.22,-1.22,-0.30,34.21
2043,207362916,17.58,979.00,91.80,-1.22,-0.85,-0.18,34.36
2044,207366965,11.72,983.40,89.36,-1.10,-0.55,-0.49,34.31
2045,207372760,17.09,976.07,88.38,-1.04,-0.55,-0.37,34.31
2046,207376809,14.65,975.10,84.96,-1.10,-0.55,0.18,34.31
2047,207380859,11.72,975.59,88.87,-0.79,-0.43,0.24,34.40
2048,207384916,15.62,979.98,88.38,-0.79,-0.43,0.30,34.21
2049,207388965,8.79,976.07,86.43,-0.49,-0.37,0.30,34.02
2050,207394760,13.67,981.93,88.87,-0.85,-0.37,0.79,34.02
2051,207398809,12.21,981.45,83.98,-0.73,-0.37,0.85,34.40
2052,207402859,16.11,979.00,87.40,-0.91,-0.43,0.67,34.40
2053,207406916,17.09,983.40,86.43,-0.73,-0.55,0.79,34.21
2054,207410965,14.65,981.45,87.89,-1.10,-0.37,0.98,34.16
2055,207416760,13.18,976.07,85.45,-1.04,-0.61,0.98,34.36
2056,207420809,11.72,976.07,87.40,-1.10,-0.37,0.91,34.31
2057,207424859,8.79,971.19,86.43,-0.98,-0.73,1.16,34.31
2058,207428916,15.14,967.29,90.82,-1.04,-0.61,1.28,34.21
2059,207432965,12.70,967.77,88.87,-1.28,-0.73,1.40,34.21
2060,207438760,10.74,965.33,86.91,-1.10,-0.98,1.46,34.31
2061,207442809,7.32,961.43,92.77,-1.16,-1.04,1.34,34.31
2062,207446859,10.25,966.80,90.82,-1.04,-1.16,1.40,34.02
2063,207450916,10.74,963.38,94.73,-1.04,-1.16,1.28,34.50
2064,207454965,5.86,962.89,96.68,-0.98,-1.28,1.34,34.21
2065,207460760,11.72,961.43,97.17,-1.04,-1.34,1.34,34.31
2066,207464809,11.23,959.96,95.70,-0.49,-1.34,0.98,34.31
2067,207468859,9.77,966.31,93.75,-0.67,-1.65,1.10,34.16
2068,207472916,17.09,957.03,97.66,-0.67,-1.59,0.98,34.21
2069,207478760,13.67,955.57,94.24,-0.43,-1.65,1.52,34.31
2070,207482809,13.67,958.98,91.31,0.00,-1.65,1.65,34.31
2071,207486859,19.04,962.89,94.73,0.43,-1.59,1.77,34.21
2072,207490916,13.67,962.89,96.68,0.37,-2.07,1.71,34.12
2073,207494965,15.62,970.21,93.26,0.43,-1.89,1.59,34.02
2074,207500760,14.65,974.61,89.36,0.37,-1.77,1.77,34.36
2075,207504809,19.53,981.93,91.31,0.61,-1.40,1.59,34.31
2076,207508859,21.00,987.79,87.89,0.43,-1.40,1.34,34.40
2077,207512916,19.04,997.07,86.43,0.18,-1.16,1.28,34.12
2078,207516965,17.09,998.54,83.01,-0.06,-1.04,0.73,34.31
2079,207522760,21.48,996.58,80.08,-0.24,-1.10,0.12,34.31
2080,207526809,21.48,995.12,80.57,-0.30,-1.04,-0.06,34.40
2081,207530859,19.04,988.28,82.03,-0.55,-0.67,0.06,34.40
2082,207534916,26.37,989.75,83.01,-0.67,-0.67,0.24,34.31
2083,207538965,23.44,987.79,83.98,-0.73,-0.79,0.30,34.40
2084,207544760,22.95,982.91,79.59,-0.79,-0.49,0.55,34.21
2085,207548809,16.11,980.47,82.52,-0.55,-0.55,1.16,33.88
2086,207552859,19.04,979.49,83.01,-0.85,-0.18,1.83,34.16
2087,207556916,21.48,985.35,83.98,-0.49,-0.24,2.07,34.31
2088,207560965,27.34,986.82,82.52,-0.49,0.06,2.13,34.36
2089,207566760,11.72,983.89,83.50,-0.67,-0.12,2.74,34.12
2090,207570809,18.07,984.37,84.96,-0.61,0.06,2.56,33.97
2091,207574859,17.09,984.37,86.91,-0.79,0.24,2.56,34.21
2092,207578916,19.53,986.33,88.38,-0.73,0.30,2.80,34.36
2093,207582965,19.04,991.21,88.87,-0.85,0.61,2.56,34.02
2094,207588760,16.60,993.65,91.31,-0.98,0.55,2.26,34.36
2095,207592809,21.97,998.05,90.82,-0.98,0.85,1.77,34.31
2096,207596859,11.72,990.72,94.73,-1.10,0.91,1.34,34.21
2097,207600916,13.67,992.68,94.24,-0.98,0.98,0.73,34.31
2098,207604965,11.72,982.42,90.82,-1.04,1.10,0.43,34.21
2099,207610760,15.14,980.96,90.82,-1.10,0.91,0.30,33.97
2100,207614809,14.16,984.37,89.84,-1.10,1.04,0.00,34.31
2101,207618859,16.11,975.10,90.82,-1.04,1.04,-0.12,34.31
2102,207622916,16.60,973.14,92.77,-1.04,1.04,0.00,34.31
2103,207626965,21.00,968.75,87.40,-1.04,1.22,0.12,34.02
2104,207632760,11.72,972.17,91.31,-0.73,1.10,0.37,34.31
2105,207636809,8.30,970.21,88.87,-0.85,0.79,0.85,34.16
2106,207640859,-0.98,968.75,88.87,-0.67,0.85,1.10,34.40
2107,207644916,1.95,975.10,88.38,-0.73,0.79,1.34,34.64
2108,207648965,2.44,980.47,88.87,-0.61,0.49,1.40,34.36
2109,207654760,4.39,979.98,89.36,-0.85,0.37,1.46,34.21
2110,207658809,6.84,986.33,85.45,-1.16,0.00,1.28,34.31
2111,207662859,3.91,984.37,87.40,-1.10,0.06,1.04,34.21
2112,207666916,3.42,982.91,86.91,-1.28,-0.12,0.61,34.02
2113,207670965,3.42,981.45,90.33,-1.10,-0.06,0.30,34.21
2114,207676760,10.25,977.54,94.24,-1.65,-0.24,0.12,34.21
2115,207680809,9.77,981.45,90.82,-1.77,-0.49,-0.24,34.02
2116,207684859,12.70,977.54,95.70,-1.77,-0.55,-0.55,34.02
2117,207688916,11.72,976.07,91.31,-1.95,-0.61,-0.55,34.40
2118,207694760,9.28,979.00,98.14,-1.71,-0.85,-0.73,34.21
2119,207698809,5.86,965.82,93.75,-1.71,-0.79,-0.49,34.02
2120,207702859,10.25,962.89,93.26,-1.52,-0.98,-0.30,34.64
2121,207706916,8.79,960.94,92.77,-1.10,-0.98,-0.30,33.97
2122,207710965,11.72,971.68,93.26,-1.28,-0.79,0.18,34.21
2123,207716760,11.72,965.82,94.73,-0.98,-1.10,0.06,34.40
2124,207720809,11.72,965.82,89.36,-0.85,-1.34,0.67,34.36
2125,207724859,14.16,972.66,86.91,-0.98,-1.10,1.10,34.31
2126,207728916,13.67,978.03,86.91,-0.67,-1.22,0.98,34.12
2127,207732965,16.11,978.03,86.43,-0.73,-1.22,1.04,34.12
2128,207738760,9.28,975.59,87.40,-0.79,-1.22,1.22,34.31
2129,207742809,14.16,984.37,88.38,-0.85,-1.34,1.28,34.12
2130,207746859,18.07,987.79,86.43,-1.04,-1.40,0.98,34.40
2131,207750916,19.04,997.07,84.96,-1.10,-1.65,0.73,34.36
2132,207754965,23.44,998.05,86.43,-1.16,-1.10,0.61,34.12
2133,207760760,20.51,1001.95,84.47,-1.40,-1.10,0.18,34.21
2134,207764809,20.02,1004.39,83.50,-1.59,-1.22,-0.24,34.21
2135,207768859,22.95,997.56,82.03,-2.07,-0.79,-0.67,34.31
2136,207772916,26.37,995.12,83.50,-1.95,-0.85,-0.98,34.21
2137,207776965,26.86,988.77,84.96,-2.13,-0.73,-0.79,34.40
2138,207782760,23.44,990.72,86.91,-2.20,-0.67,-1.22,34.40
2139,207786809,23.93,988.77,84.96,-2.20,-0.55,-1.04,34.31
2140,207790859,25.88,986.33,91.80,-2.26,-0.24,-0.73,34.36
2141,207794916,27.83,988.77,92.29,-2.01,-0.18,-0.91,34.31
2142,207798965,25.88,990.23,91.31,-2.32,-0.43,-0.85,34.12
2143,207804760,26.37,986.82,89.84,-2.50,0.06,-0.67,34.31
2144,207808809,28.32,980.96,89.36,-2.07,0.06,-0.61,34.02
2145,207812859,18.55,979.49,85.45,-2.07,0.24,-0.24,34.12
2146,207816916,19.04,981.93,86.43,-2.26,0.24,-0.43,34.31
2147,207820965,17.09,980.96,88.38,-2.13,0.18,-0.43,34.02
2148,207826760,15.62,972.17,90.33,-1.95,0.30,-0.67,34.16
2149,207830809,15.62,973.14,91.31,-1.95,0.30,-0.61,34.21
2150,207834859,14.16,971.68,89.84,-1.95,0.30,-0.91,34.21
2151,207838916,10.25,965.33,89.36,-1.77,0.30,-0.98,34.40
2152,207842965,12.21,963.38,85.45,-1.77,0.12,-0.61,33.97
2153,207848760,5.37,956.05,94.73,-1.52,0.06,-0.79,34.21
2154,207852809,3.42,959.47,89.36,-1.52,-0.37,-0.85,34.21
2155,207856859,4.88,957.52,85.94,-0.98,-0.49,-0.49,34.21
2156,207860916,7.32,953.12,83.98,-1.16,-0.49,0.00,34.40
2157,207864965,8.30,957.03,85.94,-0.91,-0.61,0.24,34.21
2158,207870760,9.77,962.89,90.33,-0.55,-0.55,0.55,34.21
2159,207874809,8.30,962.89,94.24,-0.49,-0.85,0.67,34.36
2160,207878859,19.53,964.84,92.29,-0.12,-0.79,0.79,34.21
2161,207882916,12.21,966.31,89.84,-0.30,-0.79,0.73,34.31
2162,207886965,5.37,971.68,92.29,-0.30,-0.73,0.67,34.16
2163,207892760,13.18,975.59,92.29,-0.43,-0.85,0.49,34.31
2164,207896809,10.25,977.54,94.24,-0.37,-0.73,0.06,34.21
2165,207900859,13.67,980.47,89.36,-0.55,-0.79,-0.43,34.36
2166,207904916,13.18,975.59,87.89,-0.43,-0.91,-0.91,34.36
2167,207910760,13.18,979.49,89.84,-0.37,-0.91,-1.22,34.31
2168,207914809,18.55,969.24,92.29,-0.61,-0.91,-1.22,34.40
2169,207918859,14.65,975.10,92.29,-0.37,-1.10,-1.46,33.97
2170,207922916,19.04,973.14,83.50,-0.37,-0.73,-1.16,34.12
2171,207926965,21.97,969.73,84.96,-0.37,-0.55,-1.04,34.36
2172,207931015,20.02,971.19,83.50,-0.18,-0.73,-0.91,34.21
2173,207936760,15.62,966.80,85.94,-0.18,-0.55,-0.85,34.16
2174,207940809,13.18,965.33,86.43,0.00,-0.43,-0.30,34.31
2175,207944859,15.62,966.80,83.98,0.06,-0.43,0.06,34.40
2176,207948916,12.70,964.84,83.98,0.06,-0.49,0.79,34.31
2177,207954760,13.67,975.59,84.96,0.43,-0.79,1.22,34.36
2178,207958809,18.55,974.12,87.89,0.30,-0.73,1.16,34.31
2179,207962859,21.00,972.66,86.91,0.37,-0.85,1.65,34.40
2180,207966916,20.02,975.10,85.94,0.30,-0.79,1.65,34.12
2181,207970965,22.95,982.42,85.45,0.61,-0.67,1.77,34.31
2182,207976760,25.88,979.98,87.89,0.12,-0.73,1.89,34.31
2183,207980809,25.88,979.98,87.40,0.43,-0.79,2.01,34.12
2184,207984859,25.88,981.45,91.80,0.61,-0.91,1.95,34.31
2185,207988916,22.95,981.45,85.94,0.49,-0.67,1.77,34.31
2186,207992965,21.97,987.30,88.87,0.00,-0.61,1.77,34.16
2187,207998760,23.93,993.16,88.38,0.12,-0.43,1.10,34.02
2188,208002809,18.07,994.14,88.38,-0.18,-0.43,0.55,34.12
2189,208006859,20.51,989.26,89.84,-0.43,-0.18,0.18,34.36
2190,208010916,19.53,990.23,87.40,-0.43,-0.18,-0.43,34.31
2191,208014965,18.55,986.82,91.80,-0.67,-0.06,-0.43,34.31
2192,208020760,21.00,984.37,86.43,-0.73,-0.06,-1.10,33.97
2193,208024809,11.23,980.96,89.84,-0.79,0.12,-1.28,33.97
2194,208028859,15.62,974.61,85.45,-0.55,0.06,-1.34,34.40
2195,208032916,9.77,962.40,84.47,-0.67,-0.06,-0.98,34.21
2196,208036965,16.11,952.64,82.52,-0.37,0.00,-0.43,34.21
2197,208042760,17.09,955.57,80.57,0.06,-0.30,0.06,34.36
2198,208046809,18.07,959.96,84.47,0.30,-0.06,1.04,34.02
2199,208050859,21.48,965.33,84.47,0.18,-0.06,1.34,34.36
2200,208054916,19.04,969.73,88.87,0.37,-0.18,1.83,34.21
2201,208058965,20.51,969.73,86.91,0.85,-0.06,1.95,33.88
2202,208064760,22.95,980.47,86.91,0.55,0.06,1.59,34.21
2203,208068809,19.53,984.86,83.98,0.43,0.37,1.59,34.31
2204,208072859,18.55,991.70,80.57,0.30,0.24,1.71,34.21
2205,208076916,15.14,993.16,82.03,0.06,0.30,1.59,34.36
2206,208080965,12.21,990.72,87.40,0.06,0.37,1.52,34.12
2207,208086760,12.21,997.07,83.98,-0.12,0.30,1.04,34.31
2208,208090809,11.23,998.05,87.40,-0.30,0.37,0.85,34.31
2209,208094859,4.88,997.07,85.94,-0.79,0.30,0.43,34.31
2210,208098916,9.28,994.63,91.80,-1.04,0.37,-0.18,34.31
2211,208102965,7.32,991.70,87.40,-1.10,0.12,-0.91,34.21
2212,208108760,9.77,989.75,90.82,-1.28,-0.06,-0.91,34.31
2213,208112809,12.21,968.75,90.82,-1.46,-0.12,-0.79,34.36
2214,208116859,11.23,959.47,90.33,-1.04,0.06,-0.61,34.21
2215,208120916,14.65,958.01,90.82,-0.98,-0.06,-0.37,34.40
2216,208124965,14.65,971.19,91.80,-0.91,0.06,0.24,34.21
2217,208130760,14.16,969.73,88.87,-0.49,-0.43,0.43,34.36
2218,208134809,8.79,966.31,86.43,-0.73,-0.18,0.73,34.16
2219,208138859,13.18,966.80,85.94,-0.37,-0.18,1.28,34.31
2220,208142916,12.21,961.91,89.36,-0.37,-0.24,1.95,34.50
2221,208148760,9.28,974.61,84.96,-0.06,-0.43,2.44,34.40
2222,208152809,11.23,975.10,85.94,-0.30,-0.79,2.32,34.21
2223,208156859,12.70,982.91,85.45,-0.43,-0.55,2.56,34.40
2224,208160916,5.37,985.84,86.91,-0.43,-0.49,2.50,34.31
2225,208164965,5.37,991.70,87.89,-0.61,-0.49,2.20,34.50
2226,208170760,3.42,990.72,84.96,-1.04,-0.85,1.89,34.12
2227,208174809,4.39,993.65,88.87,-1.28,-0.73,0.91,34.21
2228,208178859,4.39,992.19,88.38,-1.59,-0.98,0.61,34.50
2229,208182916,8.79,987.79,84.96,-1.52,-0.98,0.67,34.02
2230,208186965,7.32,986.82,83.98,-1.95,-1.22,0.24,34.21
2231,208192760,12.21,984.37,85.45,-1.95,-1.16,-0.12,34.21
2232,208196809,16.60,980.96,83.98,-1.89,-1.59,-0.49,34.12
2233,208200859,24.41,978.52,85.45,-1.83,-1.40,-0.55,34.12
2234,208204916,21.00,972.17,86.43,-2.07,-1.46,-0.49,34.40
2235,208208965,21.48,972.66,89.84,-1.95,-1.10,-0.30,34.40
2236,208214760,21.97,958.01,89.36,-1.89,-1.16,0.06,34.50
2237,208218809,23.93,955.08,89.84,-1.40,-1.40,1.28,34.31
2238,208222859,18.07,958.01,86.43,-1.16,-1.46,2.01,34.31
2239,208226916,19.53,965.82,90.82,-0.91,-1.28,2.13,34.36
2240,208230965,18.07,968.75,91.31,-0.79,-1.22,2.62,34.21
2241,208236760,18.07,975.59,86.43,-0.67,-1.46,2.74,34.21
2242,208240809,18.55,978.03,87.40,-0.79,-1.34,2.68,34.02
2243,208244859,12.21,982.91,87.40,-0.55,-1.34,2.50,34.36
2244,208248916,16.11,990.72,85.45,-0.73,-1.46,2.26,34.31
2245,208252965,13.18,991.21,84.47,-0.79,-1.22,1.71,34.21
2246,208258760,17.09,997.07,86.43,-1.22,-1.16,1.40,34.02
2247,208262809,17.58,1001.46,85.45,-1.34,-1.16,0.73,33.88
2248,208266859,17.09,1001.46,86.43,-1.34,-1.04,0.06,34.40
2249,208270916,17.09,1001.95,86.91,-1.77,-0.67,-0.49,34.40
2250,208274965,16.11,996.58,85.94,-1.89,-0.67,-1.22,34.16
2251,208280760,19.04,990.72,83.01,-1.95,-0.79,-1.52,34.12
2252,208284809,19.04,979.00,83.98,-2.01,-0.43,-1.77,34.31
2253,208288859,14.16,968.75,82.52,-1.83,-0.12,-1.52,34.12
2254,208292916,14.65,958.01,82.52,-1.65,-0.49,-1.10,34.31
2255,208296965,17.09,954.10,84.96,-1.34,-0.12,-0.06,34.02
2256,208302760,18.55,959.96,84.47,-1.04,0.06,0.24,34.16
2257,208306809,17.58,963.38,83.01,-0.67,-0.18,0.98,34.21
2258,208310859,19.53,964.84,85.94,-0.67,-0.43,1.59,34.16
2259,208314916,20.02,971.68,89.84,-0.43,-0.18,1.77,34.21
2260,208318965,15.62,981.45,88.38,-0.30,-0.37,1.83,34.21
2261,208324760,14.16,982.42,88.38,-0.24,-0.18,1.46,34.31
2262,208328809,18.07,983.40,90.33,-0.61,0.06,1.40,34.21
2263,208332859,15.14,986.33,87.89,-0.55,-0.12,1.10,34.21
2264,208336916,11.23,987.30,88.38,-0.79,-0.06,0.79,34.21
2265,208340965,12.21,991.21,89.36,-1.04,0.12,-0.06,34.21
2266,208346760,9.77,991.21,86.43,-1.10,-0.12,-0.49,34.40
2267,208350809,10.25,985.84,91.80,-1.46,0.00,-1.46,34.50
2268,208354859,10.74,989.75,84.96,-1.71,-0.06,-2.07,34.31
2269,208358916,7.32,980.96,83.01,-1.46,-0.30,-2.07,34.12
2270,208364760,11.23,967.77,84.96,-1.71,-0.37,-2.13,34.16
2271,208368809,9.77,964.36,83.01,-1.65,-0.55,-1.89,34.36
2272,208372859,9.77,965.33,83.50,-1.65,-0.55,-1.59,34.36
2273,208376916,15.14,946.29,82.03,-1.46,-0.67,-0.79,34.21
2274,208380965,16.11,948.24,75.68,-0.85,-0.73,0.24,34.36
2275,208386760,15.14,954.59,84.47,-0.55,-0.91,1.46,34.31
2276,208390809,18.07,966.80,89.36,-0.06,-1.10,2.07,34.36
2277,208394859,16.60,975.59,87.89,-0.12,-1.10,2.50,34.21
2278,208398916,16.60,981.45,84.47,-0.37,-0.98,2.80,34.16
2279,208402965,15.62,986.82,83.98,-0.37,-1.16,2.56,34.40
2280,208408760,20.51,990.72,83.01,-0.37,-1.16,2.20,34.36
2281,208412809,23.44,999.02,90.82,-0.73,-1.16,1.65,34.21
2282,208416859,23.93,993.65,85.94,-0.73,-1.40,1.22,34.40
2283,208420916,20.02,998.05,84.96,-1.04,-1.04,0.85,34.21
2284,208424965,21.00,997.07,86.43,-1.28,-0.73,0.37,34.36
2285,208430760,19.53,1000.49,88.87,-1.34,-1.10,-0.12,34.21
2286,208434809,18.07,991.70,88.38,-1.59,-0.98,-0.61,34.40
2287,208438859,21.97,997.07,90.33,-2.07,-1.04,-0.79,34.16
2288,208442916,22.46,987.30,85.45,-1.95,-0.85,-1.40,34.21
2289,208446965,21.97,983.89,85.45,-2.20,-0.98,-1.16,34.31
2290,208452760,21.48,975.10,90.33,-2.13,-0.79,-1.22,34.16
2291,208456809,23.93,973.14,87.40,-2.44,-0.73,-0.79,34.16
2292,208460859,24.41,967.29,90.82,-2.38,-0.55,-0.85,34.31
2293,208464916,15.14,962.89,85.94,-2.13,-1.10,-0.18,34.31
2294,208468965,16.11,965.33,89.84,-1.89,-0.98,0.37,34.12
2295,208474760,18.07,965.33,89.84,-1.77,-0.91,0.85,34.31
2296,208478809,17.58,965.82,88.87,-1.65,-0.85,1.34,34.02
2297,208482859,20.51,961.91,91.31,-1.46,-1.16,1.59,34.36
2298,208486916,23.93,961.91,89.36,-1.10,-0.79,1.65,34.31
2299,208490965,17.58,962.40,89.84,-1.34,-0.98,2.01,34.21
2300,208496760,21.00,966.31,90.33,-0.73,-0.67,2.26,34.40
2301,208500809,22.46,972.17,88.87,-0.61,-0.79,2.13,34.31
2302,208504859,20.51,972.66,90.33,-0.79,-0.73,2.13,34.21
2303,208508916,19.53,978.52,91.80,-0.79,-0.73,1.95,34.40
2304,208512965,20.02,984.86,88.38,-0.98,-0.91,1.34,34.12
2305,208518760,18.55,987.79,88.87,-1.04,-0.67,1.04,34.21
2306,208522809,18.55,992.19,87.40,-1.16,-0.49,0.18,34.31
2307,208526859,16.11,988.28,86.91,-1.28,-0.55,-0.30,34.40
2308,208530916,20.02,989.26,90.82,-1.52,-0.55,-0.73,34.31
2309,208534965,21.48,987.30,95.70,-1.59,-0.37,-1.16,34.31
2310,208540760,20.02,985.84,86.91,-1.89,-0.43,-1.46,34.12
2311,208544809,18.07,981.45,85.45,-1.83,-0.43,-1.59,34.02
2312,208548859,20.51,976.07,86.43,-1.95,-0.18,-1.83,34.31
2313,208552916,17.58,977.05,89.84,-1.83,0.06,-1.59,34.31
2314,208556965,15.14,967.29,87.89,-1.59,0.06,-1.46,34.40
2315,208562760,17.09,958.50,85.45,-1.28,0.12,-0.55,34.21
2316,208566809,16.11,962.40,85.45,-1.28,-0.06,0.55,34.64
2317,208570859,13.67,964.36,87.40,-0.98,0.06,1.10,34.21
2318,208574916,18.55,969.24,88.87,-0.79,-0.30,1.59,34.31
2319,208580760,15.62,973.14,86.43,-0.61,-0.06,1.65,34.21
2320,208584809,15.14,973.63,89.84,-0.61,0.00,1.95,34.40
2321,208588859,12.70,979.00,84.96,-0.73,-0.06,2.07,34.21
2322,208592916,13.67,979.98,91.31,-0.67,-0.06,1.95,34.21
2323,208596965,10.25,981.45,91.80,-0.43,-0.12,1.59,34.40
2324,208601015,15.62,986.33,92.77,-0.37,-0.12,1.40,34.31
2325,208606760,16.11,988.28,91.80,-0.49,-0.37,1.10,34.21
2326,208610809,17.09,997.07,95.21,-0.85,-0.30,0.73,34.50
2327,208614859,17.09,997.56,97.17,-1.04,-0.37,0.18,34.31
2328,208618916,14.65,999.51,94.73,-1.10,-0.43,-0.73,34.40
2329,208624760,19.04,999.02,87.89,-1.22,-0.18,-1.40,34.36
2330,208628809,18.07,992.68,90.33,-1.65,-0.12,-2.20,34.21
2331,208632859,14.16,985.84,88.87,-1.77,-0.30,-2.74,34.31
2332,208636916,14.16,980.47,92.29,-1.65,-0.30,-2.68,34.21
2333,208640965,15.14,974.61,91.80,-1.77,-0.06,-2.80,34.21
2334,208646760,10.74,969.73,92.29,-1.59,-0.43,-2.32,34.12
2335,208650809,9.28,963.38,84.96,-1.46,-0.12,-1.77,33.97
2336,208654859,9.77,958.01,83.50,-1.10,-0.12,-0.67,34.40
2337,208658916,5.86,952.64,85.94,-1.10,-0.18,-0.06,34.12
2338,208662965,8.79,956.05,88.38,-0.79,-0.61,0.91,34.36
2339,208668760,12.70,964.36,90.33,-0.30,-0.55,1.65,34.21
2340,208672809,6.84,970.21,89.36,-0.49,-0.85,1.89,34.31
2341,208676859,16.60,977.54,89.36,-0.24,-1.10,1.95,34.40
2342,208680916,11.23,987.30,90.33,-0.43,-1.16,2.13,34.21
2343,208684965,13.18,994.14,86.91,-0.61,-1.16,1.77,34.21
2344,208690760,11.72,994.63,85.94,-0.55,-0.98,1.28,34.16
2345,208694809,14.16,994.63,86.91,-0.98,-1.16,0.73,34.12
2346,208698859,14.16,991.21,91.31,-1.34,-1.22,0.18,34.50
2347,208702916,16.11,995.12,92.29,-1.46,-1.28,-0.37,34.36
2348,208706965,12.70,992.68,89.84,-1.71,-1.04,-0.73,34.21
2349,208712760,19.04,991.70,90.82,-1.95,-0.98,-1.28,34.12
2350,208716809,13.67,992.19,93.26,-2.13,-1.10,-1.34,33.97
2351,208720859,16.60,988.77,88.38,-2.26,-0.91,-1.46,34.21
2352,208724916,16.11,976.07,87.89,-2.13,-0.73,-1.71,34.21
2353,208728965,16.60,971.68,87.89,-2.01,-0.85,-1.59,34.12
2354,208734760,15.62,964.36,84.96,-2.13,-1.22,-1.46,34.21
2355,208738809,14.16,959.47,83.01,-1.71,-0.91,-0.61,34.12
2356,208742859,14.65,948.24,85.94,-1.52,-0.79,0.06,34.21
2357,208746916,11.23,952.15,88.87,-0.91,-0.85,0.85,34.31
2358,208750965,12.21,955.57,90.33,-0.98,-0.73,1.59,34.02
2359,208756760,9.28,962.89,90.82,-0.37,-1.16,2.01,34.31
2360,208760809,10.74,969.24,89.84,-0.37,-1.04,2.20,34.31
2361,208764859,16.11,979.49,92.29,-0.37,-1.22,2.07,34.16
2362,208768916,20.02,987.30,91.80,-0.61,-1.16,1.95,34.40
2363,208772965,16.11,989.75,87.89,-0.61,-1.10,1.22,34.36
2364,208778760,19.04,992.68,87.40,-1.04,-1.04,0.37,34.31
2365,208782809,21.97,988.77,91.31,-0.91,-1.34,-0.30,34.21
2366,208786859,17.58,991.21,85.94,-1.40,-0.91,-0.73,34.21
2367,208790916,16.60,987.30,86.91,-1.46,-1.16,-1.22,34.64
2368,208794965,24.41,980.96,86.91,-1.34,-1.10,-1.65,34.36
2369,208800760,18.55,981.93,90.33,-1.77,-1.34,-1.95,34.31
2370,208804809,24.41,969.24,88.87,-1.28,-1.04,-1.89,34.40
2371,208808859,26.37,962.40,88.38,-1.46,-1.04,-1.77,34.02
2372,208812916,24.90,960.94,85.94,-1.52,-0.79,-1.40,34.21
2373,208818760,21.00,958.50,86.91,-1.22,-0.67,-0.73,34.40
2374,208822809,18.55,950.20,82.52,-0.91,-0.85,0.12,34.40
2375,208826859,18.07,949.22,85.45,-0.49,-1.16,1.04,34.50
2376,208830916,17.09,952.64,87.89,-0.18,-0.61,1.83,34.02
2377,208834965,17.09,964.36,86.43,-0.12,-0.61,2.50,34.31
2378,208840760,17.09,965.82,87.40,0.30,-0.61,2.93,34.50
2379,208844809,12.70,973.14,89.36,0.12,-0.61,3.17,34.21
2380,208848859,16.60,983.89,95.70,0.12,-0.55,3.11,34.21
2381,208852916,16.60,996.58,93.75,0.06,-0.49,2.68,34.16
2382,208856965,19.04,1000.00,92.29,0.00,-0.43,1.77,34.21
2383,208862760,17.58,1002.44,94.24,-0.49,-0.18,0.91,34.31
2384,208866809,20.51,1005.37,87.89,-0.79,-0.24,-0.55,34.36
2385,208870859,19.53,1000.00,87.89,-1.22,0.18,-1.04,34.31
2386,208874916,20.02,993.65,94.73,-1.52,0.12,-1.89,34.16
2387,208878965,18.07,988.28,93.75,-1.83,0.24,-2.13,34.31
2388,208884760,18.55,986.82,94.24,-1.71,0.18,-2.99,34.36
2389,208888809,20.02,975.59,90.33,-2.01,0.30,-3.29,33.88
2390,208892859,17.58,966.80,97.17,-1.89,0.37,-3.29,34.50
2391,208896916,20.51,957.52,95.21,-1.83,0.37,-2.93,34.02
2392,208900965,11.23,950.20,86.91,-1.52,0.43,-2.32,34.31
2393,208906760,16.11,951.17,91.31,-1.22,0.37,-1.52,34.36
2394,208910809,11.23,950.68,90.33,-1.04,0.24,-1.04,34.21
2395,208914859,11.23,955.08,95.70,-0.91,0.12,-0.24,34.36
2396,208918916,10.25,956.54,91.80,-0.37,0.12,0.37,34.36
2397,208922965,8.79,954.59,92.77,0.00,0.06,1.04,34.12
2398,208928760,11.72,965.82,91.80,0.12,-0.06,1.95,34.02
2399,208932809,7.81,967.77,94.24,0.24,0.06,2.44,34.02
2400,208936859,11.23,976.07,93.75,0.24,0.00,2.56,34.21
2401,208940916,6.35,982.91,90.33,0.24,-0.30,2.68,34.36
2402,208944965,10.74,988.28,94.73,0.30,-0.06,2.44,34.12
2403,208950760,9.28,987.30,92.29,0.00,-0.24,2.13,34.02
2404,208954809,13.67,995.61,88.87,0.00,-0.06,1.46,34.21
2405,208958859,21.97,993.65,94.73,-0.30,-0.18,1.34,34.02
2406,208962916,17.09,1000.00,91.31,-0.61,0.37,0.98,34.21
2407,208966965,12.21,1006.84,85.94,-0.98,0.18,0.30,34.21
2408,208972760,10.25,999.02,87.40,-1.10,0.49,-0.12,34.40
2409,208976809,13.18,992.68,88.87,-1.59,0.37,-0.91,34.21
2410,208980859,13.18,989.26,94.24,-1.40,0.67,-0.91,34.40
2411,208984916,8.30,989.26,89.84,-1.59,0.43,-1.10,34.02
2412,208988965,5.86,981.93,85.45,-1.77,0.43,-1.16,34.31
2413,208994760,9.77,978.03,86.91,-1.71,0.24,-1.04,34.31
2414,208998809,16.60,970.70,89.36,-1.65,0.12,-0.73,34.31
2415,209002859,13.67,974.12,91.80,-1.28,-0.30,-0.79,34.21
2416,209006916,12.21,968.75,86.43,-1.40,-0.18,-0.61,34.21
2417,209010965,12.21,966.31,86.91,-1.04,-0.12,-0.06,34.36
2418,209016760,10.25,963.87,86.91,-1.16,-0.12,0.24,34.31
2419,209020809,9.28,965.82,86.91,-1.22,-0.18,0.67,34.40
2420,209024859,6.84,964.84,90.33,-1.22,-0.49,0.91,34.21
2421,209028916,8.30,970.70,87.40,-0.98,-0.85,1.28,34.31
2422,209034760,11.23,980.47,88.87,-1.04,-0.61,1.40,34.16
2423,209038809,10.25,986.33,85.94,-0.98,-0.85,1.40,34.02
2424,209042859,10.74,988.28,86.43,-1.04,-0.79,0.98,34.36
2425,209046916,10.74,990.72,83.01,-1.52,-0.73,0.55,34.12
2426,209050965,7.81,987.79,84.47,-1.52,-0.98,0.24,34.40
2427,209056760,8.30,981.45,85.94,-1.83,-0.91,-0.12,34.31
2428,209060809,9.28,986.82,83.01,-1.89,-0.91,-0.55,34.21
2429,209064859,12.70,984.86,83.50,-2.20,-0.91,-1.10,34.21
2430,209068916,13.67,979.00,84.96,-2.32,-0.79,-1.28,34.21
2431,209072965,13.18,978.03,83.01,-2.26,-0.85,-1.16,34.21
2432,209078760,17.09,973.14,86.43,-2.13,-0.91,-1.22,34.31
2433,209082809,17.09,966.31,84.96,-2.01,-0.91,-1.16,34.40
2434,209086859,16.11,966.80,86.43,-1.95,-0.98,-0.91,34.21
2435,209090916,17.58,957.52,87.89,-1.46,-0.98,-0.79,34.12
2436,209094965,18.55,951.66,91.80,-1.16,-1.16,0.12,34.50
2437,209100760,16.60,946.29,87.89,-0.98,-1.04,0.73,34.40
2438,209104809,15.14,949.71,94.24,-0.43,-1.28,1.89,34.36
2439,209108859,20.51,956.54,84.96,0.06,-1.28,2.56,34.12
2440,209112916,20.02,962.89,91.80,0.43,-1.22,2.93,34.31
2441,209116965,16.60,977.54,92.29,0.30,-1.16,2.68,34.36
2442,209122760,18.55,976.07,87.40,0.49,-1.16,2.87,33.88
2443,209126809,15.62,983.40,86.43,0.30,-1.16,2.26,34.16
2444,209130859,16.60,985.35,87.89,0.06,-1.22,1.83,34.40
2445,209134916,14.16,990.72,86.91,0.06,-1.16,1.65,34.21
2446,209138965,15.14,992.19,88.87,-0.12,-0.73,0.98,34.02
2447,209144760,15.14,996.09,84.96,-0.30,-0.91,0.37,34.21
2448,209148809,15.14,996.58,88.38,-0.55,-0.85,-0.30,34.40
2449,209152859,20.02,995.12,89.36,-0.55,-0.98,-0.79,34.36
2450,209156916,22.95,988.28,85.45,-0.61,-0.91,-1.22,34.31
2451,209160965,23.93,988.28,86.43,-0.73,-0.85,-1.46,34.21
2452,209166760,28.32,979.98,86.43,-0.79,-0.61,-1.46,33.97
2453,209170809,25.88,972.17,81.05,-0.79,-0.61,-1.40,34.40
2454,209174859,20.51,974.12,84.47,-0.79,-0.73,-1.10,34.31
2455,209178916,25.88,969.24,85.45,-0.73,-0.18,-0.67,34.40
2456,209182965,21.97,969.73,84.47,-0.49,-0.24,-0.49,34.02
2457,209188760,11.72,963.38,85.45,-0.43,-0.37,0.43,34.36
2458,209192809,11.72,969.24,89.84,0.00,-0.67,1.28,34.31
2459,209196859,11.23,965.33,87.89,0.06,-0.61,1.28,34.31
2460,209200916,14.65,972.17,81.54,0.30,-0.49,1.95,34.21
2461,209204965,13.18,973.14,87.40,0.18,-0.61,1.89,34.36
2462,209210760,10.74,982.42,86.43,0.18,-0.73,2.01,34.50
2463,209214809,12.70,985.84,89.36,-0.12,-0.55,1.71,34.36
2464,209218859,13.18,987.79,87.89,-0.37,-0.79,1.22,34.21
2465,209222916,14.65,988.28,86.91,-0.24,-0.98,0.91,34.21
2466,209226965,12.70,990.23,90.33,-0.37,-0.55,0.30,34.36
2467,209232760,16.11,988.77,94.24,-0.55,-0.61,0.00,34.31
2468,209236809,16.11,984.37,92.77,-0.79,-0.43,-0.67,34.40
2469,209240859,22.95,983.89,92.29,-1.10,-0.67,-0.67,34.16
2470,209244916,18.55,983.40,91.31,-1.28,-0.49,-1.10,34.31
2471,209250760,18.55,976.56,90.82,-0.98,-0.67,-0.91,34.31
2472,209254809,11.72,971.19,90.33,-0.98,-0.79,-0.79,34.36
2473,209258859,13.18,965.82,87.40,-0.91,-0.73,-0.79,34.40
2474,209262916,12.70,961.43,86.91,-0.67,-0.67,-0.61,34.40
2475,209266965,14.16,966.80,91.80,-0.79,-0.67,-0.37,34.16
2476,209271015,11.72,958.98,93.26,-1.04,-0.73,0.18,34.31
2477,209276760,12.21,958.50,89.36,-0.61,-0.85,0.61,34.16
2478,209280809,16.11,961.91,92.77,-0.30,-0.91,1.34,34.40
2479,209284859,13.18,972.66,88.38,-0.12,-1.16,1.52,34.16
2480,209288916,13.18,971.19,86.91,-0.37,-1.04,1.71,34.31
2481,209294760,11.72,974.12,90.82,-0.06,-1.16,1.77,34.36
2482,209298809,15.62,974.12,86.91,-0.30,-1.34,2.07,34.40
2483,209302859,19.53,979.98,87.89,-0.12,-1.59,2.32,34.21
2484,209306916,13.18,985.84,88.38,-0.37,-1.46,2.13,34.12
2485,209310965,13.18,990.72,87.89,-0.12,-1.65,1.71,34.31
2486,209316760,17.09,988.28,92.29,-0.37,-1.46,1.28,34.31
2487,209320809,17.09,995.61,92.29,-0.67,-1.59,1.22,34.21
2488,209324859,21.00,994.14,88.87,-0.91,-1.40,0.67,33.88
2489,209328916,19.04,996.09,90.33,-0.85,-1.52,0.24,34.31
2490,209332965,25.39,988.28,89.84,-0.85,-1.52,-0.24,34.21
2491,209338760,22.95,982.91,90.82,-0.79,-1.46,0.00,34.12
2492,209342809,23.44,981.93,93.26,-0.85,-1.46,0.24,34.21
2493,209346859,23.93,983.40,91.80,-0.73,-1.22,0.06,34.55
2494,209350916,24.41,987.30,87.89,-0.61,-1.16,0.06,34.40
2495,209354965,22.95,983.89,88.38,-1.10,-0.79,-0.06,34.40
2496,209360760,21.00,979.49,86.91,-0.98,-0.79,-0.18,34.12
2497,209364809,25.88,978.03,85.45,-0.85,-0.79,-0.18,34.21
2498,209368859,19.04,979.49,87.89,-0.85,-0.61,0.30,34.21
2499,209372916,17.09,974.61,89.36,-0.91,-0.18,0.18,34.21
2500,209376965,16.60,971.19,83.50,-0.67,-0.24,0.37,34.21
2501,209382760,16.11,972.66,93.26,-0.49,-0.24,0.73,34.16
2502,209386809,14.65,971.68,90.33,-0.37,-0.18,1.10,34.02
2503,209390859,19.04,978.03,87.89,-0.79,-0.12,1.34,34.31
2504,209394916,19.04,983.89,87.40,-0.73,-0.06,1.22,34.21
2505,209398965,18.07,984.86,89.36,-0.73,0.24,1.16,34.02
2506,209404760,19.04,987.79,82.52,-0.79,0.18,0.79,34.36
2507,209408809,11.23,988.28,88.87,-0.98,0.37,0.24,34.50
2508,209412859,13.18,990.72,85.45,-1.16,0.30,-0.06,34.16
2509,209416916,19.04,989.75,86.91,-1.22,0.24,-0.37,34.50
2510,209420965,15.14,984.37,87.40,-1.34,0.24,-0.18,34.02
2511,209426760,12.21,984.37,93.75,-1.46,0.24,-0.67,34.31
2512,209430809,15.14,980.47,86.91,-1.34,0.37,-1.10,34.50
2513,209434859,9.77,973.14,86.91,-1.22,0.24,-0.67,34.31
2514,209438916,11.23,973.63,84.96,-1.22,0.37,-0.67,34.21
2515,209442965,12.21,969.24,87.40,-1.16,0.24,-0.37,34.31
2516,209448760,11.23,977.05,84.96,-0.85,0.30,-0.12,34.31
2517,209452809,11.72,977.54,84.96,-0.91,0.30,0.00,34.12
2518,209456859,9.77,973.63,86.91,-0.79,0.49,0.06,34.02
2519,209460916,6.35,975.59,85.45,-0.85,0.24,0.18,34.31
2520,209464965,8.30,974.61,80.57,-0.61,0.18,0.49,34.21
2521,209470760,4.88,975.59,84.96,-0.79,0.18,0.30,34.36
2522,209474809,7.81,982.42,85.45,-0.85,0.12,0.43,34.21
2523,209478859,4.39,986.33,82.52,-0.91,-0.18,0.49,33.97
2524,209482916,6.84,988.28,82.52,-1.10,-0.43,0.12,34.31
2525,209488760,10.74,982.91,87.89,-1.22,-0.37,0.12,34.16
2526,209492809,13.67,980.47,86.43,-1.16,-0.49,0.06,34.21
2527,209496859,16.11,976.56,88.87,-0.98,-0.67,0.12,34.31
2528,209500916,19.53,980.47,87.89,-1.34,-0.85,0.06,34.02
2529,209504965,18.55,979.98,84.96,-1.34,-0.67,0.12,34.31
2530,209510760,17.09,981.93,87.89,-1.40,-0.79,0.00,34.36
2531,209514809,18.55,978.03,88.38,-1.28,-0.67,-0.18,34.31
2532,209518859,22.46,982.91,84.47,-1.22,-0.73,-0.12,34.40
2533,209522916,13.67,980.47,90.33,-1.28,-0.55,-0.18,33.97
2534,209526965,14.65,982.91,91.31,-1.28,-0.55,-0.06,34.55
2535,209532760,13.18,979.49,85.94,-1.16,-0.37,-0.24,34.31
2536,209536809,9.28,978.52,87.40,-1.34,-0.30,-0.12,34.40
2537,209540859,10.74,970.70,88.38,-1.28,-0.24,0.18,34.50
2538,209544916,11.23,969.24,86.43,-1.16,-0.12,0.12,34.21
2539,209548965,7.32,966.80,85.45,-0.98,-0.49,0.37,34.31
2540,209554760,12.70,976.07,84.47,-1.04,-0.24,0.37,34.40
2541,209558809,10.25,976.07,83.50,-1.16,-0.49,0.49,33.97
2542,209562859,16.11,975.10,90.33,-1.04,-0.43,0.55,34.31
2543,209566916,22.95,971.19,85.45,-0.98,-0.06,0.43,34.21
2544,209570965,21.97,975.10,84.96,-0.91,-0.06,0.73,34.12
2545,209576760,24.41,975.59,88.87,-0.98,-0.30,0.79,34.12
2546,209580809,23.44,979.00,89.36,-0.85,-0.43,0.73,34.12
2547,209584859,24.41,978.52,89.36,-1.10,-0.43,0.67,34.50
2548,209588916,19.53,975.10,84.96,-1.16,-0.30,0.55,34.21
2549,209592965,20.51,978.03,88.87,-1.40,-0.67,0.30,34.16
2550,209598760,16.60,980.47,90.33,-1.22,-0.43,0.37,34.02
2551,209602809,16.60,979.49,93.26,-1.28,-0.49,0.06,34.02
2552,209606859,15.62,972.66,88.38,-1.40,-0.24,-0.24,34.12
2553,209610916,17.09,971.68,86.91,-1.34,-0.37,-0.12,34.40
2554,209614965,15.62,978.52,91.80,-0.98,-0.43,-0.18,34.31
2555,209620760,18.55,976.07,90.33,-1.10,-0.12,0.06,34.16
2556,209624809,17.58,980.47,87.40,-0.91,-0.18,-0.24,34.36
2557,209628859,16.11,977.05,83.50,-1.04,-0.37,-0.24,34.50
2558,209632916,17.58,967.77,85.45,-0.73,-0.24,-0.06,33.97
2559,209636965,19.53,959.96,90.82,-0.67,-0.24,0.30,34.02
2560,209642760,13.67,966.80,86.43,-0.43,-0.24,0.91,34.36
2561,209646809,19.53,967.29,87.89,-0.43,-0.49,1.34,34.12
2562,209650859,20.51,969.24,86.91,-0.37,-0.37,1.46,34.21
2563,209654916,16.11,969.24,83.50,-0.43,-0.30,1.77,34.31
2564,209658965,23.44,975.59,89.84,-0.18,-0.12,1.65,34.02
2565,209664760,20.51,976.56,88.87,-0.18,-0.37,1.77,34.12
2566,209668809,17.58,982.42,87.89,-0.37,-0.37,2.01,34.36
2567,209672859,15.14,989.26,89.36,-0.67,0.00,1.28,34.12
2568,209676916,16.11,992.68,86.91,-0.61,-0.06,1.22,34.36
2569,209680965,17.58,988.28,87.40,-0.79,0.00,0.79,34.02
2570,209686760,17.09,983.89,83.01,-0.73,-0.24,0.67,34.36
2571,209690809,18.55,979.98,86.91,-0.98,-0.24,0.43,34.36
2572,209694859,13.67,979.98,89.84,-1.04,-0.18,0.24,34.21
2573,209698916,11.72,982.42,85.94,-1.28,-0.30,0.00,34.40
2574,209704760,18.55,982.42,90.33,-1.04,-0.30,-0.37,34.31
2575,209708809,20.51,984.86,85.45,-1.28,-0.18,-0.49,34.21
2576,209712859,14.16,982.42,85.45,-1.46,-0.24,-0.73,34.21
2577,209716916,15.14,976.07,92.77,-1.46,-0.43,-0.98,34.16
2578,209720965,15.14,972.17,86.91,-1.52,-0.73,-1.10,34.40
2579,209726760,12.70,958.98,84.47,-1.59,-0.30,-0.79,34.31
2580,209730809,14.65,959.47,81.05,-0.85,-0.73,-0.24,34.40
2581,209734859,18.07,958.01,84.47,-0.91,-0.85,0.49,34.40
2582,209738916,10.25,965.82,90.33,-0.85,-0.85,0.73,34.31
2583,209742965,12.70,972.66,82.03,-0.91,-0.98,1.28,34.31
2584,209748760,17.58,980.47,88.38,-0.91,-1.28,1.65,34.50
2585,209752809,15.14,981.45,85.45,-0.85,-1.28,1.77,34.31
2586,209756859,21.97,976.56,88.38,-0.85,-1.34,1.34,34.50
2587,209760916,17.09,974.12,84.96,-0.85,-0.91,1.71,34.31
2588,209764965,13.67,977.05,86.43,-1.04,-1.34,1.71,34.36
2589,209770760,17.58,977.05,84.47,-1.28,-1.16,1.65,34.31
2590,209774809,23.44,983.40,88.38,-1.04,-1.28,1.52,34.36
2591,209778859,22.46,984.86,84.47,-0.85,-1.22,1.34,34.36
2592,209782916,21.97,986.82,85.45,-1.40,-1.10,0.98,34.40
2593,209786965,23.93,989.75,88.38,-1.40,-0.91,0.73,33.83
2594,209792760,25.39,988.28,88.38,-1.59,-0.98,0.49,34.21
2595,209796809,21.00,985.35,87.40,-1.52,-0.79,-0.12,34.21
2596,209800859,15.62,980.47,86.91,-1.34,-0.79,-0.24,34.36
2597,209804916,16.60,974.61,86.91,-1.22,-0.18,-0.12,34.50
2598,209808965,19.04,971.68,90.82,-1.34,-0.43,0.12,34.21
2599,209814760,18.07,969.73,89.84,-1.22,-0.79,0.43,33.97
2600,209818809,19.04,970.21,88.38,-1.34,-0.49,0.85,34.36
2601,209822859,20.02,969.73,89.84,-0.98,-0.43,0.85,34.50
2602,209826916,16.11,970.21,86.43,-1.16,-0.49,1.28,34.31
2603,209830965,26.37,971.68,86.43,-1.04,-0.43,1.46,34.12
2604,209836760,24.41,975.59,88.38,-0.79,-0.79,1.89,33.97
2605,209840809,24.41,977.05,84.47,-0.73,-0.85,1.83,34.31
2606,209844859,21.00,981.93,93.26,-0.79,-0.79,1.71,34.36
2607,209848916,21.48,985.35,92.77,-0.79,-0.67,2.01,34.40
2608,209852965,16.11,990.23,90.82,-0.73,-0.43,1.77,34.12
2609,209858760,19.53,995.61,88.38,-1.10,-0.61,1.71,34.31
2610,209862809,18.07,995.12,89.36,-1.04,-0.43,0.98,34.21
2611,209866859,18.55,994.63,89.84,-1.40,-0.30,0.61,34.36
2612,209870916,14.65,989.26,85.94,-1.46,0.00,0.24,34.40
2613,209874965,15.14,986.82,89.84,-1.65,-0.06,0.18,34.36
2614,209880760,19.53,983.89,88.87,-1.71,0.24,-0.12,34.21
2615,209884809,16.11,979.00,90.33,-1.52,0.30,-0.37,34.36
2616,209888859,17.58,981.93,90.82,-1.52,0.37,-0.18,34.12
2617,209892916,16.60,983.40,87.89,-1.52,0.30,-0.67,34.36
2618,209896965,12.21,975.10,84.47,-1.52,0.43,-0.61,34.50
2619,209902760,12.70,974.12,87.89,-1.10,0.43,-0.18,34.31
2620,209906809,13.67,970.70,90.82,-1.04,0.55,0.06,34.36
2621,209910859,18.07,975.10,89.84,-1.10,0.30,0.43,34.02
2622,209914916,16.11,979.00,91.80,-1.16,0.37,0.18,34.31
2623,209920760,16.11,979.98,87.40,-1.16,0.43,0.18,34.31
2624,209924809,11.23,982.42,85.94,-1.16,0.61,-0.12,34.21
2625,209928859,10.74,980.47,86.43,-1.16,0.49,-0.30,34.40
2626,209932916,3.91,978.03,88.38,-1.28,0.49,-0.37,34.02
2627,209936965,1.46,972.17,84.96,-1.16,0.18,-0.24,34.12
2628,209941015,1.95,971.68,83.98,-1.40,-0.18,-0.24,34.36
2629,209946760,0.00,967.77,86.91,-1.16,0.00,0.00,34.31
2630,209950809,5.86,979.49,86.91,-1.59,-0.24,0.24,34.21
2631,209954859,9.77,982.42,87.40,-1.71,-0.85,-0.06,34.64
2632,209958916,9.28,987.30,87.89,-1.40,-0.67,-0.12,34.40
2633,209964760,9.77,979.98,84.96,-1.52,-0.85,-0.37,34.36
2634,209968809,9.77,979.00,83.50,-1.89,-0.98,-0.79,34.40
2635,209972859,11.23,974.12,88.38,-1.89,-1.10,-0.67,34.36
2636,209976916,10.74,958.01,83.98,-1.95,-1.52,-0.67,34.21
2637,209980965,13.18,958.01,87.40,-1.59,-1.46,0.06,34.31
2638,209986760,10.25,965.33,86.43,-1.40,-1.83,0.55,34.21
2639,209990809,14.65,970.70,90.82,-1.40,-1.95,0.55,34.40
2640,209994859,15.14,982.91,90.82,-1.16,-1.89,0.55,34.40
2641,209998916,17.09,985.84,88.87,-1.28,-1.83,0.18,34.16
2642,210002965,18.07,983.40,88.87,-1.34,-1.89,-0.12,34.12
2643,210008760,13.67,981.93,85.94,-1.34,-2.20,-0.37,34.21
2644,210012809,15.14,980.47,83.98,-1.10,-1.89,-0.67,34.12
2645,210016859,18.55,970.21,88.38,-1.16,-1.95,-0.55,34.16
2646,210020916,19.04,972.17,85.94,-0.98,-2.44,-0.37,34.40
2647,210024965,18.55,977.05,81.05,-1.16,-1.89,0.00,34.31
2648,210030760,16.11,989.75,83.50,-1.10,-2.01,-0.18,34.12
2649,210034809,17.58,992.68,81.54,-1.46,-1.83,-0.43,34.12
2650,210038859,17.09,988.28,82.03,-1.52,-1.83,-0.49,34.36
2651,210042916,20.02,974.61,83.01,-1.22,-1.65,-0.37,34.31
2652,210046965,23.44,971.68,84.96,-1.46,-1.89,-0.12,34.02
2653,210052760,20.02,973.14,86.43,-1.04,-1.46,0.06,34.16
2654,210056809,25.39,978.52,84.47,-1.04,-1.46,0.67,34.21
2655,210060859,15.62,982.42,84.96,-1.16,-1.46,0.73,34.21
2656,210064916,21.48,986.33,84.47,-1.28,-1.22,0.49,34.40
2657,210068965,22.46,985.84,85.45,-1.10,-1.16,0.30,34.02
2658,210074760,22.95,985.84,87.89,-1.22,-0.91,0.43,34.21
2659,210078809,24.41,983.89,89.36,-1.28,-1.04,0.30,34.36
2660,210082859,21.00,979.49,87.89,-1.40,-0.91,0.00,34.36
2661,210086916,22.46,971.19,90.33,-1.34,-0.85,0.12,34.64
2662,210090965,19.04,980.47,89.36,-1.46,-0.91,0.24,34.16
2663,210096760,22.95,979.49,94.24,-1.34,-0.73,0.37,34.16
2664,210100809,18.55,975.10,87.89,-1.46,-0.91,0.00,34.21
2665,210104859,16.60,976.56,93.26,-1.46,-0.98,-0.12,34.31
2666,210108916,16.11,977.05,92.29,-1.40,-0.79,-0.49,34.12
2667,210112965,13.67,975.10,88.38,-1.65,-0.91,-0.61,34.50
2668,210118760,16.60,967.29,84.96,-1.71,-0.79,-0.79,34.36
2669,210122809,11.72,962.40,86.91,-1.34,-0.98,-0.55,34.21
2670,210126859,11.23,962.89,88.87,-1.52,-1.10,-0.49,34.02
2671,210130916,12.70,957.03,88.38,-1.65,-1.22,-0.61,34.02
2672,210134965,17.09,963.87,91.31,-1.10,-1.22,-0.37,34.31
2673,210140760,14.16,961.43,89.84,-1.28,-1.28,-0.43,34.31
2674,210144809,14.16,961.91,86.43,-1.22,-1.52,0.06,34.36
2675,210148859,22.46,962.40,87.89,-1.16,-1.77,0.00,34.12
2676,210152916,21.97,962.89,84.47,-0.98,-1.71,0.18,34.36
2677,210158760,19.04,964.36,86.91,-0.55,-2.01,0.43,34.21
2678,210162809,24.41,967.77,92.77,-0.30,-2.07,0.49,34.31
2679,210166859,25.88,971.19,89.84,-0.43,-1.89,0.49,34.36
2680,210170916,23.93,969.73,87.40,-0.24,-2.13,0.79,34.12
2681,210174965,24.90,967.77,89.36,-0.55,-2.13,0.55,34.50
2682,210180760,24.41,975.59,89.84,-0.37,-2.07,0.61,34.21
2683,210184809,20.02,970.70,87.89,-0.18,-1.95,0.43,34.21
2684,210188859,20.51,975.59,87.40,-0.55,-1.95,0.91,34.36
2685,210192916,22.95,986.33,87.89,-0.43,-1.77,0.98,33.97
2686,210196965,17.09,983.40,86.43,-0.55,-1.95,0.98,34.21
2687,210202760,22.46,994.14,82.03,-0.85,-1.95,0.79,34.16
2688,210206809,20.02,993.65,91.31,-1.10,-1.71,0.49,34.12
2689,210210859,25.39,985.35,86.91,-1.22,-1.52,0.37,34.36
2690,210214916,24.90,980.96,85.45,-1.28,-1.40,0.24,34.21
2691,210218965,21.97,976.07,88.38,-1.28,-1.40,0.55,34.31
2692,210224760,26.37,975.10,83.01,-1.40,-1.34,0.73,34.40
2693,210228809,24.41,977.05,90.33,-1.34,-1.40,1.16,34.12
2694,210232859,30.76,977.54,90.82,-1.52,-1.40,1.28,34.31
2695,210236916,25.88,978.52,94.24,-1.34,-1.22,1.28,34.16
2696,210240965,23.44,976.56,93.75,-1.40,-1.22,1.46,34.12
2697,210246760,20.02,972.66,92.29,-1.28,-1.10,1.46,34.16
2698,210250809,27.34,971.68,96.19,-1.40,-1.28,1.77,34.21
2699,210254859,21.00,969.73,91.31,-1.22,-0.79,1.71,34.21
2700,210258916,16.11,976.07,91.31,-1.04,-0.85,1.52,34.31
2701,210262965,24.41,971.68,95.70,-0.85,-0.98,1.34,34.21
2702,210268760,20.51,974.12,90.82,-0.49,-0.85,1.34,34.21
2703,210272809,22.46,980.47,91.31,-0.85,-0.61,1.22,34.12
2704,210276859,18.07,980.47,91.31,-0.61,-0.85,1.16,34.36
2705,210280916,24.41,982.42,95.70,-0.73,-0.49,0.98,34.40
2706,210284965,20.02,987.79,92.29,-0.98,-0.49,0.67,34.02
2707,210290760,18.55,980.96,90.82,-0.67,-0.12,0.67,34.21
2708,210294809,14.16,983.89,93.26,-0.67,-0.24,0.49,34.21
2709,210298859,17.58,987.79,91.80,-0.67,-0.12,0.43,34.31
2710,210302916,15.62,985.84,92.29,-0.67,0.00,0.00,34.21
2711,210306965,12.21,983.89,87.89,-0.85,0.24,-0.12,34.21
2712,210312760,9.77,984.86,86.43,-1.04,0.12,-0.06,34.12
2713,210316809,10.74,975.10,88.87,-0.91,-0.06,0.12,34.31
2714,210320859,10.74,982.42,88.87,-0.98,0.18,0.12,34.36
2715,210324916,4.88,979.00,90.82,-0.98,0.00,0.30,34.02
2716,210328965,6.35,978.03,92.77,-0.98,0.00,0.67,34.31
2717,210334760,11.23,985.84,88.38,-0.98,-0.12,0.85,34.40
2718,210338809,15.62,987.30,91.31,-1.04,-0.30,0.55,34.21
2719,210342859,11.23,984.37,86.43,-0.98,-0.12,0.67,34.12
2720,210346916,14.16,981.93,87.89,-1.22,-0.24,0.43,34.21
2721,210350965,5.86,974.12,84.96,-1.28,-0.30,0.61,34.31
2722,210356760,11.72,976.07,88.38,-1.16,-0.79,0.85,34.31
2723,210360809,9.77,972.17,91.31,-0.91,-0.67,0.98,34.36
2724,210364859,12.70,976.07,93.75,-1.04,-0.91,1.04,34.02
2725,210368916,15.62,982.91,92.77,-1.40,-0.85,0.91,34.50
2726,210374760,15.62,985.35,91.31,-1.40,-0.98,0.85,34.36
2727,210378809,16.11,982.42,91.80,-1.34,-0.73,0.37,34.31
2728,210382859,15.62,982.91,91.80,-1.46,-0.85,-0.12,34.12
2729,210386916,15.14,979.49,89.84,-1.65,-0.79,-0.37,34.12
2730,210390965,19.04,968.26,94.24,-1.46,-0.85,-0.61,34.16
2731,210396760,14.16,960.94,91.80,-1.04,-0.98,-0.24,34.12
2732,210400809,13.67,966.80,92.29,-1.16,-0.98,-0.12,34.40
2733,210404859,15.14,968.75,93.26,-0.79,-1.28,-0.06,34.21
2734,210408916,19.04,976.56,96.19,-0.79,-1.16,0.00,33.78
2735,210412965,12.21,976.07,95.70,-0.73,-0.85,-0.24,34.31
2736,210418760,17.09,978.52,101.56,-0.85,-0.73,-0.30,34.31
2737,210422809,12.70,969.24,91.80,-0.61,-0.85,-0.24,34.21
2738,210426859,17.09,973.63,94.24,-0.37,-0.61,-0.24,34.50
2739,210430916,14.16,978.03,92.29,-0.61,-0.91,0.37,34.21
2740,210434965,21.48,983.40,93.75,-0.67,-0.85,-0.18,34.31
2741,210440760,21.97,982.91,96.19,-0.91,-0.73,-0.30,34.36
2742,210444809,23.44,990.23,90.82,-0.98,-0.61,-0.37,34.50
2743,210448859,21.00,991.21,89.84,-0.85,-0.61,-0.67,34.40
2744,210452916,26.37,994.63,91.31,-1.22,-0.49,-0.85,34.40
2745,210456965,26.86,994.14,93.26,-1.52,-0.43,-0.98,34.40
2746,210462760,17.58,990.72,90.82,-1.34,-0.61,-1.52,34.31
2747,210466809,17.58,983.40,90.82,-1.83,-0.67,-1.04,34.12
2748,210470859,24.41,980.47,88.38,-1.83,-0.79,-1.16,34.40
2749,210474916,20.51,983.89,87.89,-1.89,-0.61,-0.98,34.12
2750,210478965,17.09,977.05,90.33,-2.13,-0.43,-1.04,34.21
2751,210484760,17.09,971.68,93.26,-2.20,-0.79,-0.06,33.83
2752,210488809,17.09,964.36,86.91,-1.71,-1.10,0.24,34.21
2753,210492859,18.07,972.17,87.40,-1.65,-0.85,0.55,34.40
2754,210496916,21.00,980.47,88.87,-1.52,-0.98,0.79,34.21
2755,210500965,21.97,982.91,86.91,-2.07,-1.10,0.91,34.21
2756,210506760,21.97,977.54,91.31,-1.77,-0.91,0.67,34.02
2757,210510809,19.53,971.19,88.38,-1.89,-1.10,0.91,34.21
2758,210514859,13.18,973.14,90.82,-1.89,-1.16,0.79,34.31
2759,210518916,16.60,970.70,90.33,-1.71,-0.98,1.16,34.40
2760,210522965,14.65,974.61,92.77,-1.95,-1.16,1.16,34.21
2761,210528760,16.11,980.47,93.26,-2.07,-1.10,0.79,34.31
2762,210532809,16.11,977.05,90.82,-1.77,-1.16,0.49,34.40
2763,210536859,12.21,983.40,94.24,-2.13,-1.16,0.30,34.40
2764,210540916,19.04,981.45,88.38,-2.01,-1.04,0.18,34.40
2765,210544965,21.48,977.05,93.26,-2.07,-0.98,0.00,34.36
2766,210550760,18.07,974.12,87.89,-2.26,-0.91,-0.30,34.36
2767,210554809,21.00,975.10,93.26,-2.01,-0.73,-0.73,34.40
2768,210558859,18.55,969.73,93.26,-2.07,-0.55,-0.91,34.40
2769,210562916,17.58,965.33,91.31,-1.95,-0.67,-0.67,34.40
2770,210566965,20.02,963.87,90.82,-1.71,-0.98,-0.30,34.21
2771,210572760,22.46,960.94,92.29,-1.52,-0.73,-0.18,34.31
2772,210576809,17.58,965.33,91.31,-1.34,-0.61,0.06,34.12
2773,210580859,16.60,971.19,87.89,-1.46,-0.55,0.18,34.21
2774,210584916,16.60,968.26,88.38,-1.34,-0.67,-0.24,34.31
2775,210588965,20.02,969.73,89.84,-1.04,-0.73,-0.06,34.31
2776,210594760,18.07,967.77,89.84,-0.98,-0.55,0.24,34.21
2777,210598809,13.18,962.40,88.38,-0.61,-0.73,0.37,34.40
2778,210602859,17.09,963.38,92.77,-0.67,-0.61,0.61,34.21
2779,210606916,13.18,972.17,86.43,-0.55,-0.73,0.85,34.36
2780,210612760,15.62,974.12,92.29,-0.49,-0.73,0.85,34.16
2781,210616809,21.00,977.05,91.31,-0.49,-0.67,0.37,34.21
2782,210620859,19.53,979.98,90.33,-0.43,-0.67,0.12,34.31
2783,210624916,20.51,980.96,91.31,-0.43,-0.67,0.12,34.16
2784,210628965,17.58,981.93,83.98,-0.61,-0.73,0.24,34.64
2785,210634760,21.97,976.56,86.91,-0.49,-0.73,0.30,34.36
2786,210638809,23.93,977.05,86.43,-0.49,-0.55,0.37,34.02
2787,210642859,23.93,975.10,85.94,-0.61,-0.67,0.49,34.16
2788,210646916,21.00,973.14,88.38,-0.55,-0.61,0.55,33.97
2789,210650965,25.39,976.56,88.87,-0.67,-0.43,0.73,34.21
2790,210656760,25.39,980.47,89.36,-0.55,-0.37,0.67,34.36
2791,210660809,19.04,982.42,90.33,-0.67,-0.55,0.79,34.40
2792,210664859,17.58,987.30,92.29,-0.98,-0.30,0.43,34.40
2793,210668916,18.55,982.91,89.84,-0.91,-0.30,0.43,34.40
2794,210672965,13.18,982.42,91.31,-1.16,-0.55,0.37,34.36
2795,210678760,14.65,979.00,87.40,-0.98,-0.49,0.18,34.40
2796,210682809,18.07,975.10,85.45,-1.04,-0.61,0.49,34.21
2797,210686859,18.55,975.10,92.77,-1.16,-0.79,0.43,34.21
2798,210690916,17.58,979.98,93.26,-0.98,-0.67,0.49,34.36
2799,210694965,15.62,982.91,91.80,-0.98,-0.30,0.30,34.31
2800,210700760,19.04,983.89,91.80,-1.04,-0.49,0.43,34.21
2801,210704809,19.53,978.03,89.84,-1.22,-0.49,0.00,34.16
2802,210708859,20.51,969.73,91.80,-1.22,-0.55,0.18,34.31
2803,210712916,16.11,967.77,89.84,-1.10,-0.91,0.61,34.31
2804,210716965,15.14,969.24,93.26,-0.85,-0.61,0.91,34.12
2805,210722760,15.62,977.05,90.82,-0.98,-0.55,1.04,34.12
2806,210726809,13.18,978.03,87.89,-0.79,-0.61,1.46,34.02
2807,210730859,13.18,979.49,89.84,-0.85,-0.79,1.59,34.31
2808,210734916,12.70,979.49,91.31,-0.85,-0.55,1.77,34.21
2809,210738965,16.60,986.33,89.84,-0.98,-0.61,1.46,34.21
2810,210744760,13.18,987.79,90.82,-1.34,-0.79,0.91,34.21
2811,210748809,14.16,980.96,88.87,-1.22,-0.67,0.91,34.21
2812,210752859,9.77,984.37,84.96,-1.34,-0.67,0.49,34.40
2813,210756916,8.30,984.37,87.89,-1.52,-0.73,0.49,34.12
2814,210760965,6.84,979.49,87.89,-1.52,-1.04,0.37,33.97
2815,210766760,11.72,978.52,90.33,-1.65,-0.98,0.30,34.40
2816,210770809,16.11,981.45,91.80,-1.59,-1.34,0.18,34.36
2817,210774859,12.21,976.56,97.66,-1.34,-1.16,0.00,34.36
2818,210778916,16.60,977.05,93.26,-1.46,-1.40,-0.12,34.31
2819,210782965,21.00,977.54,96.19,-1.77,-1.28,-0.18,34.40
2820,210788760,20.02,971.19,91.80,-1.46,-1.40,0.30,34.50
2821,210792809,20.02,962.40,91.80,-1.52,-1.28,0.49,34.31
2822,210796859,13.67,962.40,90.82,-1.28,-1.52,0.61,34.12
2823,210800916,18.55,960.94,87.89,-1.04,-1.52,0.55,34.36
2824,210804965,11.72,962.89,94.24,-1.04,-1.65,1.16,34.21
2825,210810760,14.65,968.75,91.31,-1.10,-1.46,1.28,34.31
2826,210814809,20.02,972.17,91.31,-0.91,-1.16,1.22,34.31
2827,210818859,19.04,979.98,88.38,-0.85,-1.77,1.40,33.88
2828,210822916,16.60,976.07,90.82,-0.98,-1.59,1.22,34.36
2829,210828760,13.67,970.70,90.82,-0.73,-1.52,1.28,34.21
2830,210832809,15.62,979.00,91.80,-0.79,-1.52,1.16,34.40
2831,210836859,17.09,984.37,93.75,-1.04,-1.59,1.04,34.31
2832,210840916,16.60,988.28,90.82,-0.98,-1.40,0.79,33.83
2833,210844965,21.00,989.75,96.19,-1.10,-1.59,0.24,34.50
2834,210850760,20.02,989.75,90.33,-1.10,-1.40,-0.06,34.50
2835,210854809,25.88,990.23,93.75,-1.10,-1.34,-0.49,34.31
2836,210858859,25.88,986.33,91.80,-1.16,-1.40,-0.91,34.31
2837,210862916,25.88,979.98,91.80,-1.10,-1.10,-0.98,34.12
2838,210866965,23.44,977.54,91.31,-1.16,-0.91,-0.85,34.40
2839,210872760,22.46,984.37,92.29,-1.16,-0.73,-1.16,34.21
2840,210876809,27.83,983.89,89.84,-1.22,-0.79,-1.04,34.36
2841,210880859,24.41,977.54,92.77,-1.04,-0.67,-1.04,34.31
2842,210884916,25.39,979.00,93.75,-1.10,-0.67,-0.91,34.21
2843,210888965,22.46,980.47,94.24,-0.91,-0.67,-0.49,34.31
2844,210894760,18.55,973.63,93.26,-0.85,-0.37,-0.18,34.21
2845,210898809,14.65,974.12,92.77,-0.98,-0.55,0.37,34.12
2846,210902859,18.07,971.19,93.75,-0.85,-0.49,0.37,34.36
2847,210906916,18.55,976.07,93.75,-0.85,-0.30,0.49,34.21
2848,210910965,10.74,976.56,92.29,-0.73,-0.24,0.91,34.31
2849,210916760,15.14,979.00,87.40,-0.98,-0.18,0.91,34.16
2850,210920809,14.65,982.91,94.73,-1.04,-0.12,1.10,34.21
2851,210924859,12.70,987.30,94.24,-1.16,-0.12,0.55,34.36
2852,210928916,12.70,985.35,95.70,-1.16,-0.43,0.43,34.21
2853,210932965,14.16,979.49,96.68,-1.65,0.00,0.00,34.02
2854,210938760,10.74,980.96,92.77,-1.77,-0.18,-0.24,34.02
2855,210942809,15.62,973.14,92.29,-1.52,-0.18,-0.30,34.02
2856,210946859,10.74,968.75,91.31,-1.22,-0.18,-0.06,34.21
2857,210950916,18.55,968.75,96.19,-1.40,-0.12,-0.37,34.50
2858,210954965,23.93,972.17,95.21,-1.46,-0.12,-0.24,34.12
2859,210960760,21.48,968.75,94.24,-1.22,-0.37,-0.24,34.16
2860,210964809,21.00,974.12,93.75,-1.28,-0.37,-0.55,34.36
2861,210968859,21.00,979.00,94.73,-1.22,-0.37,-0.43,34.40
2862,210972916,17.58,974.12,93.75,-0.91,-0.24,-0.37,34.21
2863,210976965,14.65,973.14,90.82,-0.79,-0.61,-0.30,34.21
2864,210982760,16.11,973.14,93.75,-0.91,-0.43,-0.43,34.40
2865,210986809,20.51,968.75,92.77,-0.98,-0.37,-0.24,34.21
2866,210990859,18.07,971.19,93.26,-0.79,-0.73,0.00,34.40
2867,210994916,15.14,966.80,96.19,-0.67,-0.67,0.06,34.64
2868,210998965,18.07,971.19,88.38,-0.79,-0.61,0.49,34.36
2869,211004760,21.97,979.00,91.80,-0.98,-0.79,0.18,34.40
2870,211008809,19.53,986.82,100.10,-0.85,-0.67,0.18,34.21
2871,211012859,21.00,989.26,95.70,-1.04,-0.85,0.24,34.31
2872,211016916,22.95,988.77,96.19,-1.16,-0.73,0.37,34.36
2873,211020965,21.48,987.30,89.36,-1.28,-1.04,-0.06,34.21
2874,211026760,21.48,983.40,90.82,-1.59,-0.73,-0.18,34.50
2875,211030809,22.46,979.49,92.77,-1.77,-0.85,-0.30,34.31
2876,211034859,25.39,980.47,91.80,-1.65,-0.98,-0.18,34.12
2877,211038916,24.90,976.56,94.73,-1.65,-0.73,-0.12,34.40
2878,211044760,24.41,971.68,88.87,-1.89,-0.55,0.06,34.36
2879,211048809,23.93,970.70,91.80,-1.83,-0.43,0.43,34.36
2880,211052859,24.90,966.80,96.19,-1.59,-0.61,0.55,34.36
2881,211056916,22.46,970.21,89.36,-1.46,-0.61,0.49,34.12
2882,211060965,19.53,971.19,89.84,-1.46,-0.43,0.73,34.36
2883,211066760,20.02,966.80,93.26,-1.40,-0.49,0.85,34.21
2884,211070809,20.51,963.38,91.31,-1.22,-0.61,1.16,34.21
2885,211074859,18.55,956.05,92.77,-1.16,-0.30,1.65,34.21
2886,211078916,19.53,959.96,91.80,-0.91,-0.43,1.95,34.02
2887,211082965,16.11,961.43,93.26,-0.61,-0.61,2.38,34.36
2888,211088760,14.16,971.19,95.70,-0.24,-0.49,2.62,34.36
2889,211092809,18.07,973.63,89.84,-0.43,-0.49,2.50,34.40
2890,211096859,13.67,978.03,98.14,-0.61,-0.18,2.68,34.40
2891,211100916,13.67,983.40,93.26,-0.43,-0.24,2.20,34.12
2892,211104965,16.60,984.86,89.84,-0.37,0.06,1.52,34.40
2893,211110760,13.67,980.96,91.31,-0.43,-0.12,1.52,34.40
2894,211114809,19.53,978.52,95.21,-0.55,0.06,1.04,34.50
2895,211118859,14.65,983.40,89.84,-0.55,0.18,0.61,34.36
2896,211122916,17.09,987.30,92.29,-0.55,0.24,0.30,34.31
2897,211126965,16.11,990.23,90.82,-0.79,0.49,0.12,34.40
2898,211132760,18.55,988.77,90.33,-0.55,0.37,-0.24,34.12
2899,211136809,15.14,988.28,91.31,-0.98,0.30,-0.91,34.02
2900,211140859,13.18,987.79,90.33,-1.10,0.43,-1.04,34.36
2901,211144916,11.72,984.86,92.77,-0.98,0.43,-1.22,34.40
2902,211148965,14.65,983.40,89.84,-1.04,0.61,-1.22,34.21
2903,211154760,14.65,980.96,88.38,-1.10,0.30,-1.22,34.12
2904,211158809,11.72,974.61,88.87,-1.34,0.24,-1.10,34.21
2905,211162859,15.14,970.21,97.17,-1.22,0.18,-0.49,34.31
2906,211166916,11.23,973.63,91.31,-0.79,-0.24,-0.12,34.21
2907,211170965,11.72,975.10,91.31,-0.85,-0.37,0.06,34.02
2908,211176760,12.70,977.05,88.87,-0.79,-0.37,0.73,33.97
2909,211180809,16.60,972.66,89.36,-0.91,-0.73,1.10,34.21
2910,211184859,9.77,978.03,88.38,-0.91,-0.98,1.22,34.16
2911,211188916,14.65,977.54,89.84,-0.91,-1.34,1.28,34.50
2912,211192965,11.23,979.49,89.36,-1.16,-1.46,1.22,34.12
2913,211198760,12.70,980.47,91.80,-1.34,-1.59,1.22,34.31
2914,211202809,7.81,986.33,96.68,-1.40,-1.77,1.28,34.36
2915,211206859,10.74,983.40,89.84,-1.59,-1.71,0.91,34.31
2916,211210916,9.28,986.82,93.75,-1.71,-1.95,0.55,34.31
2917,211214965,15.14,984.37,93.75,-1.46,-2.07,0.43,34.16
2918,211220760,16.60,986.82,97.66,-1.83,-2.01,0.12,34.40
2919,211224809,14.65,980.47,97.17,-1.89,-2.13,0.06,34.31
2920,211228859,20.02,977.54,94.24,-1.89,-2.32,0.12,34.36
2921,211232916,19.53,978.52,93.75,-1.83,-2.20,-0.12,34.31
2922,211236965,20.02,979.00,88.87,-1.59,-2.20,0.06,34.31
2923,211242760,20.51,974.12,96.19,-1.83,-2.07,0.06,34.50
2924,211246809,25.39,969.24,94.73,-1.46,-2.01,0.18,34.31
2925,211250859,21.48,966.80,93.75,-1.34,-1.83,0.30,34.02
2926,211254916,25.88,976.07,91.31,-1.28,-2.01,0.61,34.02
2927,211258965,22.95,973.14,93.26,-1.10,-1.59,0.67,34.40
2928,211264760,21.48,978.03,96.68,-1.04,-1.95,1.10,34.36
2929,211268809,13.67,973.63,91.80,-1.22,-1.59,0.98,34.40
2930,211272859,14.65,966.80,91.80,-1.04,-1.77,1.28,34.31
2931,211276916,21.48,974.12,96.68,-0.73,-1.83,1.65,34.36
2932,211282760,20.02,975.59,98.14,-0.73,-1.77,2.01,34.31
2933,211286809,20.51,982.42,94.24,-0.61,-1.71,1.71,34.50
2934,211290859,28.32,988.77,94.73,-1.16,-1.40,0.98,34.31
2935,211294916,24.41,994.14,89.84,-1.10,-1.16,0.79,34.02
2936,211298965,28.81,987.79,90.82,-0.98,-1.16,0.18,34.36
2937,211304760,27.83,987.30,90.82,-1.10,-0.91,0.12,34.31
2938,211308809,28.32,980.47,95.21,-1.22,-0.85,-0.12,34.36
2939,211312859,23.93,982.91,90.33,-1.04,-0.61,-0.18,34.31
2940,211316916,22.95,980.96,94.73,-0.91,-0.49,-0.37,34.02
2941,211320965,26.37,985.84,91.80,-1.34,-0.43,-0.61,34.21
2942,211326760,28.32,978.52,90.33,-1.22,-0.06,-0.73,33.97
2943,211330809,22.46,975.10,90.33,-1.16,0.00,-0.37,34.21
2944,211334859,20.02,972.17,90.33,-1.28,-0.24,0.00,34.40
2945,211338916,23.44,972.17,87.89,-0.91,0.00,0.30,34.31
2946,211342965,20.02,976.07,92.77,-0.98,0.24,0.30,34.31
2947,211348760,22.46,972.66,91.31,-0.85,0.24,0.49,34.31
2948,211352809,20.02,971.19,90.82,-0.79,0.30,0.55,34.02
2949,211356859,17.09,972.66,93.26,-0.91,0.24,0.55,34.21
2950,211360916,15.62,971.19,95.21,-0.73,0.37,0.67,34.12
2951,211364965,16.11,976.56,91.31,-0.91,0.24,0.37,34.21
2952,211370760,14.16,974.61,92.29,-0.91,0.24,0.30,33.88
2953,211374809,18.07,978.52,91.80,-0.79,0.00,-0.06,34.21
2954,211378859,12.70,974.61,94.24,-0.85,0.24,-0.30,34.31
2955,211382916,16.60,977.05,92.77,-0.85,0.30,-0.67,34.16
2956,211386965,15.62,973.63,96.19,-0.98,0.24,-0.79,33.88
2957,211392760,16.11,961.91,92.77,-0.73,-0.18,-0.91,34.02
2958,211396809,12.70,960.94,95.21,-0.49,0.12,-0.61,34.16
2959,211400859,12.21,959.96,95.21,-0.43,-0.06,-0.43,34.40
2960,211404916,16.11,960.45,98.14,-0.49,0.00,-0.30,34.21
2961,211408965,11.23,961.43,94.73,-0.12,-0.06,0.06,34.12
2962,211414760,13.18,966.31,98.14,0.00,-0.24,0.30,34.31
2963,211418809,14.65,968.75,93.26,0.00,0.12,0.24,34.21
2964,211422859,18.07,972.66,92.29,0.24,-0.30,0.37,34.31
2965,211426916,16.11,975.59,96.68,0.37,0.06,0.24,34.50
2966,211430965,17.09,982.91,94.73,0.06,-0.24,0.30,33.97
2967,211436760,14.16,983.40,95.21,-0.12,-0.18,0.24,34.31
2968,211440809,20.02,990.23,97.66,-0.12,0.00,0.12,34.31
2969,211444859,16.60,991.70,95.21,-0.24,-0.18,-0.24,34.36
2970,211448916,20.51,989.75,97.17,-0.61,-0.12,-0.30,34.21
2971,211452965,16.11,986.33,94.24,-0.55,0.00,-0.73,34.16
2972,211458760,13.67,980.96,93.75,-0.61,0.24,-0.73,34.31
2973,211462809,10.74,973.63,95.21,-0.49,0.00,-0.24,34.21
2974,211466859,16.60,979.98,95.70,-0.49,0.18,-0.06,34.02
2975,211470916,14.65,976.07,96.19,-0.67,-0.18,0.12,34.31
2976,211474965,14.16,977.54,94.24,-0.79,-0.30,0.49,34.31
2977,211480760,15.14,976.07,91.31,-0.67,-0.43,0.55,34.36
2978,211484809,18.55,977.05,95.70,-0.55,-0.49,0.73,34.40
2979,211488859,18.55,976.07,89.84,-0.61,-0.37,0.67,34.16
2980,211492916,18.55,979.98,98.63,-0.61,-0.55,0.61,34.31
2981,211498760,20.02,979.49,100.10,-0.67,-0.43,0.49,34.36
2982,211502809,23.44,983.89,99.61,-0.85,-0.73,0.61,34.31
2983,211506859,20.02,987.79,96.19,-1.04,-0.79,-0.06,34.40
2984,211510916,21.97,991.70,97.66,-1.22,-0.79,-0.06,34.21
2985,211514965,20.51,987.30,96.68,-1.40,-1.04,-0.24,34.21
2986,211520760,17.09,989.75,98.14,-1.65,-0.61,-0.30,34.21
2987,211524809,23.44,981.45,93.75,-1.59,-0.98,-0.49,34.36
2988,211528859,26.86,981.45,96.19,-1.83,-1.04,-0.30,34.31
2989,211532916,24.90,977.54,93.26,-1.83,-0.98,-0.43,34.12
2990,211536965,20.02,978.03,94.73,-1.71,-0.98,0.00,34.31
2991,211542760,19.53,976.07,92.29,-1.89,-1.10,0.18,34.02
2992,211546809,17.09,973.63,87.89,-1.77,-1.10,0.37,34.31
2993,211550859,19.53,968.26,93.75,-1.71,-0.98,0.79,34.40
2994,211554916,18.07,968.26,94.73,-1.89,-0.85,1.28,34.31
2995,211558965,18.55,973.14,96.19,-1.65,-0.85,1.46,34.21
2996,211564760,26.37,976.07,93.75,-1.65,-0.98,1.77,34.31
2997,211568809,23.93,981.93,93.26,-1.59,-1.16,1.95,34.36
2998,211572859,26.86,977.05,94.24,-1.59,-0.85,1.77,34.36
2999,211576916,25.88,977.05,98.14,-1.65,-0.73,1.83,34.12
3000,211580965,24.90,978.52,94.24,-1.77,-0.79,1.83,34.31
3001,211586760,26.86,979.98,95.21,-1.65,-0.91,1.52,34.02
3002,211590809,24.90,979.98,96.68,-1.95,-0.73,1.46,34.12
3003,211594859,30.27,982.42,90.33,-1.95,-0.85,1.10,34.40
3004,211598916,29.79,986.82,94.24,-2.01,-0.79,0.79,34.50
3005,211602965,26.86,988.28,90.33,-2.01,-0.43,0.73,33.97
3006,211608760,22.46,987.79,90.33,-2.26,-0.24,0.12,34.31
3007,211612809,23.44,985.35,90.33,-2.32,0.00,-0.55,34.16
3008,211616859,18.55,979.00,91.31,-2.32,-0.06,-0.67,34.31
3009,211620916,18.55,972.17,92.29,-2.20,-0.12,-0.55,34.31
3010,211624965,15.14,970.21,90.33,-2.32,-0.12,-0.43,34.02
3011,211630760,23.93,965.33,87.40,-2.26,-0.18,-0.18,34.50
3012,211634809,16.60,957.03,84.96,-1.83,-0.12,0.18,34.36
3013,211638859,21.97,958.98,91.31,-1.59,-0.37,0.79,34.36
3014,211642916,19.04,959.96,85.94,-1.28,-0.49,0.98,34.40
3015,211646965,24.90,957.03,89.84,-0.98,-0.37,1.59,33.97
3016,211652760,25.88,963.87,90.82,-0.85,-0.37,1.95,34.40
3017,211656809,20.02,966.31,87.40,-0.61,-0.30,2.20,34.40
3018,211660859,18.07,967.77,90.82,-0.43,-0.49,2.26,34.31
3019,211664916,18.55,971.68,92.29,-0.61,-0.30,2.13,34.40
3020,211668965,20.02,975.10,92.77,-0.24,-0.18,1.89,34.31
3021,211674760,19.53,977.54,93.26,-0.37,-0.24,1.65,34.31
3022,211678809,21.97,985.84,90.33,-0.49,-0.30,1.10,34.31
3023,211682859,21.48,984.86,88.38,-0.37,-0.24,0.55,34.21
3024,211686916,20.51,991.70,87.40,-0.24,0.06,0.18,34.31
3025,211690965,19.53,979.98,90.33,-0.30,0.00,-0.37,34.50
3026,211696760,17.58,980.47,86.43,-0.43,0.18,-0.61,34.40
3027,211700809,22.95,976.07,86.43,-0.43,0.24,-0.79,34.21
3028,211704859,19.04,975.59,91.31,-0.24,0.37,-0.85,34.12
3029,211708916,22.95,977.54,89.84,0.12,0.30,-0.91,34.40
3030,211714760,21.00,976.56,95.21,-0.06,0.30,-0.55,34.31
3031,211718809,19.53,979.00,89.36,0.06,0.24,-0.61,34.40
3032,211722859,19.04,978.03,84.47,0.00,0.43,-0.61,34.50
3033,211726916,18.07,978.52,88.87,0.18,0.55,-0.55,33.88
3034,211730965,18.55,975.10,89.36,0.12,0.73,-0.49,34.21
3035,211736760,16.11,974.61,94.73,0.30,0.37,-0.49,34.31
3036,211740809,15.14,972.66,89.36,0.30,0.18,0.12,34.40
3037,211744859,12.70,974.61,89.84,0.49,0.12,0.55,34.21
3038,211748916,10.25,974.12,87.89,0.37,0.37,0.91,33.97
3039,211752965,11.72,980.96,87.40,0.55,0.12,0.98,34.21
3040,211758760,11.72,987.79,87.89,0.24,0.12,1.10,34.50
3041,211762809,14.65,991.21,93.26,0.18,0.24,0.85,34.40
3042,211766859,17.58,997.56,93.75,-0.18,0.12,0.24,34.36
3043,211770916,21.97,993.65,97.66,0.00,0.18,0.24,34.40
3044,211774965,20.02,994.14,94.24,-0.30,0.00,-0.37,34.02
3045,211780760,15.14,992.68,90.82,-0.37,0.00,-0.30,34.50
3046,211784809,19.53,991.21,95.70,-0.49,0.18,-0.43,34.31
3047,211788859,13.67,984.86,92.77,-0.61,-0.12,-0.49,34.21
3048,211792916,13.18,981.45,95.70,-0.79,0.06,-0.73,34.36
3049,211796965,10.74,982.42,96.19,-0.79,-0.24,-0.43,34.21
3050,211802760,12.70,977.54,94.24,-0.67,-0.55,-0.55,34.02
3051,211806809,9.77,973.63,92.77,-0.49,-0.55,-0.24,34.16
3052,211810859,13.67,966.31,94.24,-0.73,-0.49,0.06,34.36
3053,211814916,11.23,972.17,91.31,-0.67,-0.67,0.61,34.50
3054,211818965,14.16,973.63,89.84,-0.85,-0.85,0.67,34.21
3055,211824760,17.09,974.12,92.77,-0.61,-0.91,0.67,34.12
3056,211828809,18.07,974.61,93.75,-0.67,-1.04,0.91,34.12
3057,211832859,15.62,978.52,94.24,-0.79,-1.28,0.79,34.31
3058,211836916,16.11,977.05,92.77,-0.79,-1.16,0.73,34.02
3059,211840965,20.51,988.28,97.66,-0.85,-1.22,0.85,34.16
3060,211846760,17.09,987.79,94.73,-0.85,-1.34,0.55,33.88
3061,211850809,21.97,991.70,92.29,-1.16,-1.40,0.43,34.02
3062,211854859,18.55,991.21,94.24,-1.34,-1.46,0.12,34.31
3063,211858916,21.48,989.75,94.24,-1.52,-1.22,-0.30,34.31
3064,211862965,29.79,984.86,96.68,-1.59,-1.28,-0.43,34.21
3065,211868760,24.41,985.84,97.66,-1.77,-1.10,-0.85,34.40
3066,211872809,21.48,985.35,96.68,-1.77,-1.04,-0.79,34.55
3067,211876859,19.04,977.05,93.26,-2.20,-0.91,-0.55,34.21
3068,211880916,18.07,975.59,92.77,-1.95,-0.98,-0.61,34.31
3069,211884965,19.04,964.36,94.24,-1.89,-1.16,-0.24,34.31
3070,211890760,17.58,960.45,88.38,-1.65,-0.91,0.30,34.31
3071,211894809,17.09,965.82,97.66,-1.34,-0.91,0.91,34.31
3072,211898859,22.95,971.19,91.80,-1.65,-0.91,1.10,34.36
3073,211902916,19.53,971.19,88.38,-1.10,-0.85,1.52,34.40
3074,211906965,24.90,979.00,94.24,-1.22,-0.79,1.04,34.21
3075,211912760,22.95,982.42,93.75,-1.34,-0.79,1.22,34.40
3076,211916809,23.93,975.59,94.73,-1.40,-0.55,0.73,34.36
3077,211920859,21.48,974.61,89.84,-1.40,-0.61,0.67,34.02
3078,211924916,21.00,970.70,93.75,-1.46,-0.49,0.98,34.40
3079,211928965,22.95,966.80,91.80,-1.34,-0.73,1.10,34.36
3080,211934760,27.83,972.17,92.29,-1.46,-0.91,1.16,34.36
3081,211938809,21.97,973.14,92.77,-1.59,-0.67,0.67,34.02
3082,211942859,22.46,971.68,96.19,-1.34,-0.67,0.43,34.12
3083,211946916,21.00,972.17,92.29,-1.40,-0.85,0.30,34.31
3084,211952760,21.97,973.63,92.77,-1.59,-0.73,-0.18,34.31
3085,211956809,24.41,970.21,93.75,-1.34,-0.73,0.06,34.21
3086,211960859,26.86,969.24,94.73,-1.40,-1.04,0.12,34.55
3087,211964916,21.48,964.84,95.70,-1.52,-1.04,-0.12,34.21
3088,211968965,27.34,964.84,94.73,-1.59,-0.79,-0.06,34.31
3089,211974760,22.95,968.26,96.19,-1.34,-0.91,0.00,34.36
3090,211978809,24.90,973.14,94.24,-1.40,-0.85,-0.06,34.40
3091,211982859,21.48,978.03,95.70,-1.10,-0.61,-0.12,34.16
3092,211986916,26.86,970.70,94.73,-1.28,-0.49,-0.06,34.12
3093,211990965,19.04,966.31,91.80,-0.98,-0.43,-0.18,34.36
3094,211996760,23.93,967.77,96.68,-1.22,-0.24,-0.18,34.21
3095,212000809,19.53,968.75,87.40,-0.79,-0.12,-0.12,34.02
3096,212004859,21.97,969.24,92.29,-0.98,-0.24,-0.06,34.40
3097,212008916,21.00,966.31,90.82,-1.16,-0.18,-0.24,34.31
3098,212012965,23.44,970.21,94.73,-1.22,0.06,0.18,34.31
3099,212018760,19.53,972.17,89.36,-1.04,-0.12,0.49,34.21
3100,212022809,19.53,970.70,87.40,-0.98,-0.24,0.55,34.16
3101,212026859,23.44,968.26,86.91,-0.73,-0.30,0.79,34.21
3102,212030916,29.79,972.66,90.82,-0.85,-0.49,0.98,34.21
3103,212034965,24.41,975.10,86.91,-1.04,-0.30,0.85,34.40
3104,212040760,27.34,974.12,90.82,-1.10,-0.24,0.98,34.02
3105,212044809,23.44,972.17,91.31,-0.79,-0.37,1.34,34.02
3106,212048859,22.46,966.31,88.87,-0.85,-0.18,1.46,34.21
3107,212052916,25.39,973.14,92.77,-0.85,-0.43,2.01,34.21
3108,212056965,26.86,974.61,92.77,-0.73,0.12,2.07,34.21
3109,212062760,19.04,978.03,89.84,-0.79,-0.18,1.77,33.88
3110,212066809,24.41,984.37,92.77,-0.98,-0.06,1.71,34.16
3111,212070859,21.00,985.84,98.14,-0.73,0.18,1.71,34.31
3112,212074916,20.51,984.37,99.61,-1.10,0.30,1.16,34.31
3113,212078965,19.04,979.98,99.61,-0.73,0.24,0.79,34.02
3114,212084760,11.72,981.45,95.70,-0.67,0.18,0.55,34.21
3115,212088809,18.55,982.91,97.66,-0.79,0.24,0.30,34.31
3116,212092859,18.55,981.45,97.66,-0.73,0.30,0.00,34.21
3117,212096916,17.09,977.54,92.29,-0.55,0.37,-0.61,34.31
3118,212100965,20.51,979.98,97.17,-0.79,0.49,-0.49,34.12
3119,212106760,20.02,974.61,97.17,-0.91,0.12,-0.43,34.21
3120,212110809,21.00,976.07,93.26,-0.37,0.24,-0.49,34.31
3121,212114859,18.55,973.63,92.29,-0.30,0.37,-0.37,34.12
3122,212118916,24.41,974.61,97.17,-0.18,0.37,-0.30,34.40
3123,212122965,19.53,975.10,93.75,-0.18,0.30,-0.12,34.36
3124,212128760,16.11,975.59,91.80,-0.06,0.24,-0.12,34.36
3125,212132809,16.11,970.21,88.87,0.06,0.61,0.67,34.21
3126,212136859,12.21,976.56,87.40,0.06,0.30,0.98,34.12
3127,212140916,13.67,983.89,93.26,0.18,0.49,1.22,34.21
3128,212144965,11.23,985.84,90.82,0.00,0.43,0.91,34.21
3129,212150760,9.28,989.75,90.33,0.06,0.30,1.22,34.12
3130,212154809,16.11,992.68,88.87,-0.12,0.30,0.79,34.31
3131,212158859,15.14,1001.46,87.89,-0.18,0.18,0.43,34.21
3132,212162916,12.70,997.56,88.38,-0.24,0.37,0.24,34.12
3133,212168760,12.70,995.61,90.82,-0.43,0.18,-0.12,34.50
3134,212172809,10.74,994.63,86.43,-0.61,0.37,-0.43,34.40
3135,212176859,11.72,994.63,89.84,-0.98,-0.06,-0.67,34.50
3136,212180916,18.07,995.61,89.84,-1.28,-0.06,-0.91,34.02
3137,212184965,14.65,993.16,88.87,-1.22,0.06,-1.10,34.21
3138,212190760,12.21,986.82,90.33,-1.34,0.30,-1.40,34.21
3139,212194809,14.16,986.33,92.29,-1.65,0.30,-1.59,34.21
3140,212198859,12.21,981.45,94.24,-1.40,-0.06,-1.83,34.40
3141,212202916,12.21,969.24,90.33,-1.28,0.30,-1.77,34.02
3142,212206965,9.77,960.94,86.43,-1.28,-0.06,-1.10,34.31
3143,212212760,7.32,957.03,87.89,-0.98,0.00,-0.61,34.31
3144,212216809,10.74,962.40,89.36,-0.67,-0.30,0.30,34.50
3145,212220859,7.32,963.38,94.24,-0.30,-0.30,0.61,34.31
3146,212224916,9.77,966.80,93.26,-0.55,-0.49,0.79,34.21
3147,212228965,11.72,971.68,86.91,-0.18,-0.49,0.91,34.21
3148,212234760,10.74,969.24,91.80,-0.37,-0.79,1.04,34.21
3149,212238809,10.25,966.80,89.84,-0.24,-0.91,0.98,34.21
3150,212242859,14.65,973.63,91.80,-0.06,-1.04,1.34,34.21
3151,212246916,10.25,977.54,93.75,-0.30,-0.98,0.98,34.40
3152,212250965,13.18,978.03,94.24,-0.43,-1.28,0.73,34.31
3153,212256760,9.28,977.05,93.26,-0.37,-1.46,0.43,34.31
3154,212260809,10.74,976.07,91.80,-0.55,-1.28,0.12,34.02
3155,212264859,17.58,982.42,98.14,-0.43,-1.65,0.00,34.31
3156,212268916,15.62,980.47,95.70,-0.49,-1.77,0.00,34.16
3157,212272965,21.00,979.00,92.29,-0.67,-1.34,-0.18,34.21
3158,212278760,24.41,978.52,94.24,-0.67,-1.28,-0.30,34.21
3159,212282809,23.93,979.49,95.70,-0.61,-1.46,-0.43,34.02
3160,212286859,24.90,973.63,98.63,-0.61,-1.34,-0.37,34.31
3161,212290916,26.86,973.14,88.87,-0.61,-1.28,-0.37,34.16
3162,212294965,28.81,973.63,91.31,-0.67,-0.98,0.24,34.02
3163,212300760,28.32,978.03,90.33,-0.67,-0.73,0.18,34.16
3164,212304809,33.69,980.47,95.21,-0.55,-0.79,0.30,34.12
3165,212308859,34.18,978.03,91.31,-0.61,-0.67,0.67,34.31
3166,212312916,31.74,984.37,93.26,-0.67,-0.61,0.73,34.31
3167,212316965,22.95,978.52,94.73,-0.85,-0.55,0.37,34.02
3168,212322760,21.00,973.14,95.70,-0.43,-0.18,0.61,34.31
3169,212326809,20.02,974.12,97.17,-0.43,-0.43,0.85,34.21
3170,212330859,25.88,973.14,94.73,-0.61,-0.18,0.98,34.21
3171,212334916,23.93,974.61,101.07,-0.73,-0.37,0.85,34.36
3172,212338965,29.30,979.00,100.10,-0.73,-0.06,0.85,34.31
3173,212344760,28.81,979.00,95.21,-0.79,-0.30,0.37,34.31
3174,212348809,28.32,977.54,95.70,-0.79,-0.24,0.12,34.31
3175,212352859,26.37,975.59,92.77,-0.67,0.12,0.00,34.02
3176,212356916,26.86,970.70,95.21,-0.73,0.18,0.06,34.21
3177,212360965,30.76,972.17,96.19,-0.79,0.12,-0.06,34.12
3178,212366760,28.81,973.63,96.19,-0.55,0.12,0.06,34.21
3179,212370809,27.83,974.61,90.33,-0.37,0.61,-0.06,34.02
3180,212374859,29.30,972.17,92.77,-0.43,0.37,-0.06,34.12
3181,212378916,25.39,969.73,95.21,-0.55,0.61,-0.24,34.36
3182,212384760,28.32,976.07,96.19,-0.67,0.61,0.06,34.21
3183,212388809,23.93,972.66,94.73,-0.37,0.55,0.06,34.31
3184,212392859,23.93,973.14,91.80,-0.30,0.61,0.06,34.36
3185,212396916,24.90,969.24,93.26,-0.37,0.85,0.30,34.12
3186,212400965,19.04,971.68,92.29,-0.12,0.67,0.30,34.31
3187,212405015,25.88,968.26,89.36,-0.12,0.79,0.73,34.12
3188,212410760,22.95,969.73,87.89,-0.24,0.49,1.22,34.31
3189,212414809,20.51,972.17,89.84,-0.06,0.55,1.59,34.21
3190,212418859,27.83,982.91,92.77,-0.12,0.49,1.46,34.36
3191,212422916,22.95,983.40,90.82,-0.24,0.73,1.46,34.40
3192,212428760,22.46,984.86,90.33,-0.30,0.49,1.34,34.21
3193,212432809,15.62,986.33,92.29,-0.61,0.49,1.28,34.31
3194,212436859,11.72,986.82,89.36,-0.85,0.61,0.91,34.50
3195,212440916,17.09,981.93,91.80,-0.91,0.61,0.67,34.02
3196,212444965,16.60,977.54,88.38,-0.98,0.43,0.79,34.12
3197,212450760,17.09,969.24,86.91,-0.79,0.37,1.16,34.21
3198,212454809,12.21,969.24,89.84,-0.73,0.12,1.16,34.64
3199,212458859,15.14,972.66,91.80,-0.85,0.24,1.52,34.31
3200,212462916,9.77,976.56,91.31,-0.49,0.12,1.65,34.31
3201,212466965,11.72,983.89,90.33,-0.85,0.12,1.52,34.31
3202,212472760,16.11,985.84,93.75,-0.91,0.12,1.10,34.02
3203,212476809,15.62,982.42,96.19,-0.79,0.06,0.79,34.21
3204,212480859,10.74,980.96,92.29,-1.04,-0.06,0.67,34.31
3205,212484916,11.23,974.12,87.89,-0.98,-0.06,0.43,34.21
3206,212488965,12.70,978.52,91.31,-1.04,-0.06,0.55,34.12
3207,212494760,16.11,981.45,93.26,-1.10,-0.30,0.37,34.16
3208,212498809,15.62,979.98,89.36,-1.40,-0.06,0.24,34.31
3209,212502859,12.21,979.00,87.89,-1.59,-0.30,0.67,34.31
3210,212506916,14.65,975.59,86.43,-1.40,-0.37,0.55,34.40
3211,212510965,14.65,972.17,88.38,-1.34,-0.49,0.67,34.16
3212,212516760,10.25,973.14,83.01,-1.34,-0.67,0.49,33.64
3213,212520809,19.53,972.17,87.89,-1.65,-0.67,0.49,34.21
3214,212524859,11.23,967.77,88.38,-1.40,-0.85,0.55,34.31
3215,212528916,16.60,969.73,82.03,-1.28,-0.91,0.67,34.21
3216,212532965,17.58,966.31,82.03,-1.34,-1.16,0.91,34.31
3217,212538760,20.51,964.36,86.43,-0.98,-1.40,1.59,34.21
3218,212542809,22.46,965.33,88.87,-1.16,-1.46,2.20,34.21
3219,212546859,22.46,971.68,88.38,-0.85,-1.40,2.32,34.31
3220,212550916,21.97,975.59,90.33,-0.79,-1.71,2.74,34.50
3221,212554965,23.44,976.07,89.36,-0.79,-1.83,2.87,34.31
3222,212560760,23.44,978.52,94.24,-0.67,-1.52,2.74,34.16
3223,212564809,22.46,986.82,91.31,-0.61,-1.83,2.38,34.40
3224,212568859,26.37,989.75,90.33,-0.49,-1.71,2.01,34.21
3225,212572916,21.48,993.16,90.33,-0.67,-1.52,1.71,34.40
3226,212576965,28.32,990.23,89.36,-0.55,-1.16,1.16,34.31
3227,212582760,28.81,992.68,90.82,-0.85,-1.04,0.85,34.40
3228,212586809,25.39,991.21,90.82,-1.04,-1.04,0.43,34.12
3229,212590859,20.51,981.93,89.36,-0.98,-0.73,-0.18,34.12
3230,212594916,21.48,983.40,87.89,-1.10,-0.79,0.00,34.36
3231,212598965,23.93,982.91,92.77,-1.22,-0.79,0.06,34.40
3232,212604760,22.95,989.26,88.38,-1.10,-0.49,-0.37,34.31
3233,212608809,25.39,999.51,96.68,-1.34,-0.18,-0.91,34.12
3234,212612859,21.48,991.21,88.38,-1.28,0.06,-0.98,34.02
3235,212616916,23.44,985.35,93.75,-1.28,0.18,-1.34,34.21
3236,212622760,22.46,980.96,87.40,-1.40,0.43,-1.16,34.31
3237,212626809,22.46,968.75,88.38,-1.34,0.37,-1.16,34.40
3238,212630859,16.11,959.47,86.91,-0.91,0.49,-0.37,34.21
3239,212634916,18.07,954.59,82.52,-0.49,0.43,0.55,34.02
3240,212638965,20.02,959.96,86.91,-0.37,0.49,1.34,34.31
3241,212644760,17.58,972.66,88.87,-0.18,0.43,2.07,34.36
3242,212648809,21.00,981.93,90.33,-0.30,0.18,2.13,34.50
3243,212652859,21.48,988.77,87.89,-0.43,0.30,2.01,34.21
3244,212656916,23.44,986.33,86.43,-0.61,0.43,1.95,34.12
3245,212660965,18.55,985.35,85.45,-0.49,0.37,1.52,34.36
3246,212666760,13.18,983.89,89.36,-0.55,0.55,1.46,34.36
3247,212670809,10.74,977.05,88.87,-0.37,0.43,1.77,34.16
3248,212674859,7.81,982.91,92.29,-0.30,0.12,1.59,34.36
3249,212678916,16.60,985.35,91.31,-0.79,0.30,1.46,34.50
3250,212682965,20.51,988.77,89.36,-0.73,0.18,1.52,34.21
3251,212688760,14.65,996.09,87.89,-1.10,0.06,0.85,34.36
3252,212692809,17.58,1000.00,90.33,-1.28,0.00,-0.18,34.31
3253,212696859,17.09,988.77,93.26,-1.46,-0.12,-0.67,34.31
3254,212700916,18.55,983.89,92.29,-1.40,-0.06,-1.16,34.40
3255,212704965,24.41,976.56,88.38,-1.59,0.00,-1.22,34.31
3256,212710760,20.51,971.68,88.87,-1.71,-0.18,-1.04,34.16
3257,212714809,21.48,967.29,91.31,-1.40,-0.37,-0.79,34.16
3258,212718859,21.48,971.68,91.80,-1.34,-0.61,-0.79,34.40
3259,212722916,23.44,976.56,88.87,-1.10,-0.49,-0.30,34.02
3260,212726965,23.44,978.52,90.33,-1.16,-0.67,-0.37,34.21
3261,212732760,18.55,977.54,92.77,-1.34,-0.85,-0.24,34.02
3262,212736809,19.53,973.14,87.89,-1.28,-0.79,0.18,33.97
3263,212740859,18.55,970.21,91.31,-1.28,-1.16,0.37,34.31
3264,212744916,18.07,973.63,90.33,-1.28,-0.91,0.73,34.31
3265,212748965,15.62,975.59,94.73,-1.22,-1.34,0.73,34.21
3266,212754760,21.97,971.19,84.96,-1.34,-1.22,0.98,34.31
3267,212758809,18.55,981.45,87.89,-1.10,-1.46,1.10,34.31
3268,212762859,24.41,984.37,87.40,-1.16,-1.22,0.98,34.36
3269,212766916,22.95,982.42,89.84,-1.22,-1.40,0.79,34.02
3270,212770965,24.41,982.42,88.87,-1.52,-1.34,0.12,34.16
3271,212776760,23.44,980.96,91.80,-1.59,-1.28,-0.06,34.50
3272,212780809,25.88,978.03,87.40,-1.83,-1.40,-0.24,34.21
3273,212784859,26.86,976.56,86.91,-1.65,-1.10,-0.30,34.36
3274,212788916,27.83,973.14,88.87,-1.59,-1.65,-0.37,34.21
3275,212792965,28.81,973.63,92.29,-1.34,-1.40,-0.24,34.36
3276,212798760,30.76,973.14,88.38,-1.46,-1.22,-0.18,34.31
3277,212802809,27.83,969.73,86.43,-1.22,-1.40,0.06,34.55
3278,212806859,27.34,968.75,90.33,-1.65,-1.28,0.18,34.12
3279,212810916,25.39,969.24,86.91,-1.34,-1.40,0.67,34.21
3280,212814965,26.37,972.66,88.38,-1.52,-1.34,0.67,34.16
3281,212820760,25.88,975.10,87.89,-1.34,-1.34,1.10,34.36
3282,212824809,26.37,971.19,87.89,-1.40,-1.22,0.79,34.36
3283,212828859,26.86,971.19,87.89,-1.22,-1.16,0.91,34.21
3284,212832916,21.97,973.14,89.84,-1.40,-1.16,0.85,34.21
3285,212838760,26.37,969.24,87.40,-1.40,-1.16,1.22,34.40
3286,212842809,24.90,970.21,90.33,-1.16,-1.04,1.40,34.31
3287,212846859,25.88,969.73,87.89,-1.10,-0.98,1.59,34.12
3288,212850916,28.32,978.03,93.75,-1.34,-1.10,1.40,34.21
3289,212854965,28.32,975.59,96.19,-0.98,-0.91,1.34,34.21
3290,212860760,36.62,979.98,93.75,-1.16,-0.98,0.91,34.16
3291,212864809,32.71,971.19,91.80,-1.04,-0.61,0.91,34.21
3292,212868859,30.27,975.10,91.31,-1.22,-0.43,1.10,34.36
3293,212872916,32.23,975.10,91.80,-1.28,-0.18,1.16,34.31
3294,212876965,32.23,978.52,90.82,-1.16,0.06,1.16,34.36
3295,212882760,30.76,977.05,95.70,-1.22,-0.12,1.10,34.36
3296,212886809,30.27,976.56,93.75,-1.10,-0.06,0.67,34.21
3297,212890859,24.41,972.17,88.87,-1.28,0.18,0.85,34.36
3298,212894916,24.90,979.49,89.36,-1.10,0.12,0.79,34.21
3299,212898965,20.51,979.00,93.26,-1.16,-0.12,0.43,34.36
3300,212904760,21.48,986.82,93.75,-1.22,0.18,0.00,34.31
3301,212908809,19.53,971.19,91.31,-1.22,0.06,-0.12,34.02
3302,212912859,20.51,972.17,88.38,-1.28,0.06,-0.12,34.31
3303,212916916,21.00,973.63,90.82,-0.98,-0.37,-0.37,34.55
3304,212920965,25.88,975.10,91.80,-1.10,-0.18,-0.06,34.50
3305,212926760,24.90,982.42,95.70,-0.91,0.06,-0.61,34.12
3306,212930809,21.00,981.45,94.24,-1.16,-0.18,-0.67,34.21
3307,212934859,23.93,982.42,89.84,-0.91,-0.18,-0.79,34.31
3308,212938916,26.37,982.42,90.82,-0.91,-0.12,-0.98,34.36
3309,212942965,22.46,971.19,96.19,-0.91,-0.12,-1.10,34.12
3310,212948760,23.44,970.21,91.80,-1.16,-0.30,-0.73,34.12
3311,212952809,22.95,969.73,90.82,-0.98,-0.43,0.06,34.12
3312,212956859,19.53,964.36,95.21,-0.61,-0.61,0.18,34.50
3313,212960916,21.00,969.24,89.36,-0.73,-0.49,0.73,34.12
3314,212964965,13.67,970.21,89.36,-0.79,-0.49,0.98,34.12
3315,212970760,21.48,972.17,91.31,-0.79,-0.73,1.28,34.02
3316,212974809,22.46,977.05,93.75,-0.79,-0.73,1.71,34.21
3317,212978859,15.14,982.42,93.26,-0.61,-0.91,1.59,34.36
3318,212982916,18.07,982.42,98.63,-0.85,-0.55,1.95,34.31
3319,212986965,19.53,984.37,92.77,-0.98,-0.79,1.71,34.21
3320,212992760,15.62,986.82,94.73,-1.10,-0.85,1.52,34.21
3321,212996809,19.04,984.86,93.26,-1.28,-1.04,0.98,34.16
3322,213000859,21.48,988.77,98.63,-1.22,-1.10,1.16,34.31
3323,213004916,24.41,992.68,99.61,-1.46,-1.22,0.79,34.31
3324,213008965,20.02,992.19,93.75,-1.52,-1.04,0.49,34.31
3325,213014760,20.02,990.23,97.17,-1.77,-0.98,0.18,34.40
3326,213018809,24.90,992.19,100.10,-1.71,-1.28,-0.43,34.31
3327,213022859,21.00,984.86,95.70,-1.95,-1.10,-0.67,34.02
3328,213026916,21.97,982.91,93.75,-2.13,-0.98,-0.98,34.40
3329,213030965,28.32,984.37,94.73,-2.13,-0.85,-1.04,34.21
3330,213036760,22.95,979.49,95.70,-2.13,-0.91,-1.28,34.16
3331,213040809,24.41,978.03,99.61,-1.95,-0.91,-1.10,34.21
3332,213044859,27.34,972.66,96.19,-1.65,-0.79,-0.85,34.40
3333,213048916,21.97,967.77,101.07,-1.65,-0.79,-0.61,34.21
3334,213054760,24.41,968.26,90.82,-1.65,-0.85,0.06,34.31
3335,213058809,10.74,967.77,91.31,-1.34,-0.49,0.37,34.21
3336,213062859,20.02,976.56,88.38,-1.22,-0.85,1.16,34.40
3337,213066916,16.60,981.45,91.80,-1.22,-0.79,1.16,34.12
3338,213070965,18.07,984.37,92.77,-1.28,-0.91,1.28,34.36
3339,213075015,16.11,984.37,93.26,-1.22,-0.73,1.10,34.31
3340,213080760,14.16,986.33,96.19,-1.04,-0.67,0.85,34.21
3341,213084809,20.51,987.79,92.29,-1.40,-0.79,0.30,34.40
3342,213088859,23.93,992.68,90.33,-1.52,-0.49,0.24,34.21
3343,213092916,22.46,989.75,87.40,-1.46,-0.43,-0.24,34.40
3344,213098760,17.58,989.75,90.33,-1.59,-0.37,-0.43,34.31
3345,213102809,22.46,984.37,91.31,-1.89,-0.37,-1.10,34.50
3346,213106859,19.53,979.98,87.89,-1.77,-0.24,-1.16,34.21
3347,213110916,15.62,973.14,89.84,-1.77,-0.12,-1.10,34.21
3348,213114965,21.97,968.75,87.89,-1.59,-0.43,-1.22,34.21
3349,213120760,20.51,971.19,85.94,-1.46,-0.18,-1.16,34.31
3350,213124809,16.60,966.80,88.87,-1.16,-0.30,-0.98,34.40
3351,213128859,12.21,961.91,86.91,-1.40,-0.24,-0.79,34.40
3352,213132916,14.65,956.54,86.43,-1.22,-0.37,-0.30,34.31
3353,213136965,17.58,961.43,87.89,-0.73,-0.43,0.00,34.36
3354,213142760,19.04,967.29,89.84,-0.61,-0.55,0.61,34.21
3355,213146809,16.60,970.21,87.40,-0.85,-0.67,0.73,34.12
3356,213150859,19.53,972.66,89.84,-0.98,-0.79,0.67,34.02
3357,213154916,15.14,971.19,93.26,-0.91,-0.79,0.98,34.02
3358,213158965,15.62,979.98,94.24,-0.55,-0.79,0.79,34.40
3359,213164760,17.58,978.03,92.77,-0.55,-0.79,0.67,34.31
3360,213168809,18.55,971.19,90.82,-0.61,-0.85,0.61,34.21
3361,213172859,16.11,974.61,92.77,-0.67,-0.91,0.79,34.31
3362,213176916,20.51,969.24,91.80,-0.43,-0.79,0.79,34.40
3363,213180965,20.51,971.68,85.45,-0.12,-0.79,0.91,34.02
3364,213186760,18.55,969.24,87.89,-0.30,-1.10,0.79,34.12
3365,213190809,25.88,975.59,95.70,-0.30,-0.91,1.10,34.02
3366,213194859,22.46,979.98,93.26,-0.73,-1.16,1.16,34.31
3367,213198916,28.32,985.35,90.33,-0.91,-1.04,0.79,34.50
3368,213202965,29.30,985.35,91.80,-0.67,-1.04,0.79,34.12
3369,213208760,25.39,982.42,92.29,-0.73,-1.10,0.55,34.40
3370,213212809,22.95,966.80,90.33,-0.73,-1.28,1.28,34.21
3371,213216859,27.34,960.45,92.77,-0.61,-1.40,1.65,34.64
3372,213220916,25.39,957.03,90.82,-0.43,-1.34,2.56,34.16
3373,213224965,31.25,962.40,86.91,-0.24,-1.83,3.54,34.40
3374,213230760,30.27,974.61,94.73,-0.30,-1.59,4.21,34.02
3375,213234809,32.23,977.05,92.29,-0.18,-1.77,4.39,34.40
3376,213238859,36.13,987.79,92.77,-0.06,-1.71,4.15,34.21
3377,213242916,38.09,993.16,94.24,-0.24,-1.71,4.09,34.36
3378,213246965,29.30,985.35,89.84,-0.55,-1.77,3.96,34.40
3379,213252760,28.81,979.49,87.40,-0.61,-1.77,3.96,34.31
3380,213256809,28.32,984.37,99.12,-0.55,-1.65,3.60,34.40
3381,213260859,29.79,989.75,93.75,-0.55,-1.40,3.66,34.21
3382,213264916,32.23,994.63,97.17,-0.91,-1.52,3.11,34.31
3383,213268965,32.71,999.02,101.56,-1.22,-1.04,2.44,34.21
3384,213274760,32.23,1003.91,99.61,-1.46,-1.04,1.40,34.50
3385,213278809,33.20,1005.86,100.10,-1.95,-0.85,0.24,34.31
3386,213282859,28.32,998.05,103.03,-2.07,-0.49,-0.67,34.21
3387,213286916,29.79,993.65,100.59,-2.68,-0.30,-1.59,34.16
3388,213292760,29.79,985.35,100.59,-2.56,-0.37,-2.32,34.16
3389,213296809,29.30,973.14,101.56,-2.74,0.06,-2.80,34.16
3390,213300859,25.88,958.50,93.26,-2.62,-0.06,-2.99,34.16
3391,213304916,26.37,955.08,98.63,-2.44,0.06,-2.80,34.16
3392,213308965,19.04,958.98,95.70,-2.07,0.06,-2.26,34.36
3393,213314760,25.88,948.24,93.26,-1.77,0.43,-1.83,34.21
3394,213318809,21.48,929.69,92.77,-0.91,0.30,-0.67,34.40
3395,213322859,24.90,935.06,91.31,-0.61,0.06,0.67,34.40
3396,213326916,20.51,944.34,91.80,-0.18,0.06,1.28,34.12
3397,213330965,22.95,956.54,90.82,-0.06,-0.18,1.95,34.31
3398,213336760,22.46,967.77,94.73,-0.12,0.06,2.38,34.31
3399,213340809,21.97,976.56,90.82,0.30,0.12,2.26,34.31
3400,213344859,23.93,977.54,89.84,0.18,-0.18,1.95,34.50
3401,213348916,19.53,984.37,94.24,0.12,-0.06,1.89,34.36
3402,213352965,19.04,989.75,92.77,0.06,-0.24,1.71,34.36
3403,213358760,20.02,993.65,92.29,-0.49,-0.37,1.04,34.36
