seq,timestamp_us,ax_mg,ay_mg,az_mg,gx_dps,gy_dps,gz_dps,temp_c
0,11091788,-661.62,-21.97,-742.68,-0.61,-0.43,0.18,30.28
1,11095852,-659.18,-20.51,-743.65,-0.61,-0.30,0.30,29.99
2,11099902,-658.69,-20.02,-745.61,-0.61,-0.30,0.30,29.99
3,11103960,-663.09,-26.37,-744.63,-0.49,-0.67,0.37,30.67
4,11108010,-658.69,-19.53,-740.23,-0.73,-0.61,0.18,30.43
5,11112060,-660.64,-19.53,-746.09,-0.67,-0.43,0.18,30.33
6,11116109,-660.64,-19.53,-746.09,-0.49,-0.73,0.49,30.19
7,11120159,-658.69,-23.44,-750.98,-0.67,-0.67,0.43,30.33
8,11124209,-661.62,-21.97,-742.68,-0.61,-0.67,0.24,30.33
9,11128259,-658.69,-24.41,-746.09,-0.91,-0.55,0.37,30.09
10,11132310,-657.71,-19.53,-744.63,-0.91,-0.79,0.37,30.43
11,11136360,-663.09,-20.51,-740.23,-0.55,-0.85,0.24,30.33
12,11141799,-660.64,-23.44,-743.65,-0.55,-0.49,0.24,30.33
13,11145849,-661.62,-24.90,-743.65,-0.43,-0.67,0.18,30.33
14,11149899,-664.55,-21.97,-744.14,-0.49,-0.67,0.12,30.19
15,11153957,-659.67,-19.53,-741.70,-0.55,-0.55,0.37,30.19
16,11159799,-658.20,-22.95,-744.14,-0.49,-0.37,0.06,30.19
17,11163849,-664.55,-20.51,-750.98,-0.49,-0.49,0.12,30.09
18,11167899,-661.13,-20.51,-749.51,-0.85,-0.49,0.12,30.33
19,11171957,-665.04,-23.93,-741.70,-0.79,-0.24,0.06,30.33
20,11176007,-658.69,-24.41,-748.54,-0.67,-0.24,0.24,30.33
21,11181799,-660.16,-21.00,-743.65,-0.73,-0.49,0.12,30.19
22,11185849,-663.57,-24.41,-747.07,-0.73,-0.37,0.12,30.47
23,11189899,-662.11,-21.48,-745.12,-0.55,-0.37,0.06,30.33
24,11193957,-661.13,-22.46,-745.61,-0.79,-0.61,0.18,30.33
25,11198007,-665.04,-22.46,-743.65,-0.55,-0.91,0.30,30.19
26,11203799,-660.16,-23.93,-746.09,-0.73,-0.30,0.18,30.33
27,11207849,-662.60,-20.51,-743.65,-0.79,-1.16,0.49,29.99
28,11211899,-661.13,-19.53,-745.61,-0.79,-1.04,0.18,30.09
29,11215957,-660.64,-20.02,-738.77,-0.61,-0.67,0.06,30.33
30,11221799,-660.16,-21.00,-745.12,-0.49,-0.55,0.12,30.62
31,11225849,-665.53,-22.95,-743.65,-0.61,-1.16,0.43,29.90
32,11229899,-658.20,-22.46,-743.16,-0.73,-0.67,0.30,30.33
33,11233957,-660.16,-24.90,-742.19,-0.55,-0.73,0.18,30.19
34,11238007,-666.50,-21.97,-745.61,-0.61,-1.16,0.30,30.33
35,11243799,-662.11,-21.48,-748.54,-0.73,-1.65,0.30,30.33
36,11247849,-662.11,-23.44,-746.58,-0.79,-1.71,0.06,30.28
37,11251899,-660.64,-21.48,-746.58,-0.85,-1.77,0.18,30.28
38,11255957,-662.60,-25.39,-746.09,-0.55,-1.59,0.12,30.33
39,11260007,-660.16,-18.07,-746.58,-0.61,-1.71,0.18,30.33
40,11265799,-662.11,-25.88,-744.14,-0.67,-1.16,0.24,29.80
41,11269849,-667.48,-17.58,-742.68,-0.61,-1.10,0.37,30.33
42,11273899,-662.11,-16.11,-745.61,-0.67,-1.04,0.30,30.62
43,11277957,-659.18,-21.00,-742.68,-0.61,-0.67,0.12,30.33
44,11282007,-660.64,-20.51,-746.09,-0.67,-0.49,0.24,29.95
45,11287799,-662.60,-19.53,-742.68,-0.61,-0.85,0.24,30.28
46,11291849,-654.30,-22.95,-737.30,-0.91,-0.43,0.18,30.19
47,11295899,-667.97,-25.88,-748.05,-0.98,-0.06,-0.06,30.47
48,11299957,-667.48,-21.48,-747.07,-0.61,-0.06,0.37,30.67
49,11304007,-666.99,-20.02,-745.12,-0.61,-0.24,0.12,30.19
50,11309799,-664.55,-20.02,-745.61,-0.79,0.43,0.30,30.33
51,11313849,-658.69,-23.93,-748.05,-0.67,0.12,0.12,30.33
52,11317899,-663.09,-24.90,-744.63,-0.73,-0.73,0.06,30.33
53,11321957,-662.60,-20.51,-744.63,-0.67,-1.10,0.12,30.47
54,11326007,-659.18,-24.41,-742.68,-0.73,-1.22,0.43,29.99
55,11331799,-660.16,-24.90,-748.05,-0.67,-1.28,0.37,30.47
56,11335849,-661.62,-22.46,-743.16,-0.79,-1.46,0.18,30.52
57,11339899,-659.67,-23.44,-744.63,-0.73,-1.10,0.30,30.33
58,11343957,-661.62,-23.44,-745.12,-0.49,-0.98,0.37,30.47
59,11348007,-662.11,-22.46,-746.58,-0.55,-0.67,0.43,30.43
60,11353799,-661.62,-17.09,-741.21,-0.55,-0.73,0.24,30.43
61,11357849,-664.06,-22.95,-742.68,-0.67,-0.79,0.43,30.28
62,11361899,-661.62,-20.02,-750.98,-0.55,-0.61,0.49,29.95
63,11365957,-654.79,-19.53,-740.72,-0.55,-1.46,0.12,30.43
64,11370007,-659.18,-25.39,-745.12,-0.49,-1.83,0.12,30.33
65,11375799,-661.13,-21.97,-746.58,-0.49,-2.07,0.30,30.33
66,11379849,-665.04,-18.55,-741.70,-0.73,-2.20,0.00,30.19
67,11383899,-660.16,-21.00,-748.05,-1.10,-2.32,0.12,29.95
68,11387957,-662.60,-21.97,-743.16,-0.55,-1.40,0.37,30.28
69,11392007,-664.06,-23.44,-741.70,-0.79,0.24,0.06,30.33
70,11397799,-665.04,-22.46,-741.21,-0.73,1.04,0.00,30.09
71,11401849,-663.57,-26.37,-748.05,-0.49,0.49,0.12,30.33
72,11405899,-662.60,-22.46,-747.56,-0.49,-0.12,0.06,30.33
73,11409957,-657.23,-20.51,-747.56,-0.73,-1.34,0.30,30.47
74,11414007,-663.57,-24.90,-745.61,-0.55,-1.77,0.30,30.33
75,11419799,-663.57,-21.00,-745.61,-0.67,-1.95,-0.06,30.62
76,11423849,-663.09,-21.00,-744.63,-0.73,-1.71,0.18,30.62
77,11427899,-663.09,-22.46,-744.14,-0.61,-1.59,0.12,30.33
78,11431957,-662.11,-23.44,-748.05,-0.61,-1.04,0.12,30.33
79,11436007,-662.11,-18.55,-742.19,-0.67,-0.98,0.43,30.43
80,11441799,-663.09,-24.41,-740.23,-0.73,-0.43,0.18,30.28
81,11445849,-661.13,-21.00,-745.12,-0.55,-0.55,0.18,30.43
82,11449899,-664.06,-25.88,-740.23,-0.73,-0.55,0.18,30.43
83,11453957,-656.74,-25.88,-742.68,-0.67,-0.67,0.24,30.19
84,11459799,-661.62,-25.39,-744.63,-0.61,-0.79,0.06,30.19
85,11463849,-666.99,-17.58,-743.65,-0.49,-0.85,0.18,30.33
86,11467899,-665.04,-18.55,-742.19,-0.43,-0.73,0.24,30.52
87,11471957,-662.11,-21.97,-741.21,-0.67,-0.24,0.12,30.19
88,11476006,-663.57,-23.93,-744.14,-0.98,-0.43,0.30,30.43
89,11481799,-666.02,-21.48,-747.56,-0.61,-0.18,0.24,30.33
90,11485849,-662.11,-21.00,-743.16,-0.61,0.24,0.18,29.90
91,11489899,-666.02,-26.37,-744.63,-0.43,-0.24,0.30,30.52
92,11493957,-666.99,-21.48,-746.58,-0.61,-0.73,0.37,30.33
93,11498006,-656.74,-22.46,-745.12,-0.61,-0.85,0.24,30.09
94,11503799,-663.09,-20.51,-746.09,-0.61,-0.85,0.18,29.95
95,11507849,-659.67,-19.53,-744.63,-0.61,-1.34,0.30,30.09
96,11511899,-665.53,-18.55,-741.70,-0.85,-1.10,0.30,30.09
97,11515956,-665.04,-24.90,-745.12,-0.67,-0.49,0.30,30.33
98,11520006,-660.16,-23.93,-744.63,-0.61,-0.30,0.12,30.19
99,11525799,-664.55,-21.00,-745.12,-0.55,-0.55,0.18,30.19
100,11529849,-666.99,-22.46,-745.61,-0.85,-0.24,0.24,30.43
101,11533899,-661.13,-20.51,-746.09,-0.79,-0.12,0.12,30.43
102,11537956,-665.04,-23.44,-745.61,-0.67,-0.49,0.18,30.33
103,11542006,-664.06,-25.88,-742.19,-0.79,-0.55,0.30,30.19
104,11547799,-663.57,-23.93,-747.07,-0.49,-0.37,0.30,30.33
105,11551849,-663.57,-20.51,-746.58,-0.61,-0.49,0.00,30.28
106,11555899,-664.55,-21.97,-743.65,-0.91,-0.49,0.18,30.47
107,11559956,-661.62,-23.93,-747.56,-0.79,-0.37,-0.06,30.52
108,11564006,-663.57,-19.53,-747.56,-0.73,0.06,0.00,30.19
109,11569799,-660.64,-25.39,-747.07,-0.55,-0.61,0.18,30.33
110,11573849,-658.69,-24.90,-746.09,-0.61,-0.67,0.30,30.28
111,11577898,-662.60,-23.93,-746.58,-0.55,-0.67,0.18,30.28
112,11581956,-662.60,-21.00,-741.70,-0.55,-1.10,0.12,30.33
113,11586006,-663.09,-23.44,-744.63,-0.55,-1.16,0.30,30.28
114,11591799,-661.13,-21.48,-742.68,-0.67,-1.04,0.30,30.52
115,11595849,-664.55,-22.46,-747.07,-0.73,-0.67,0.43,30.43
116,11599898,-661.62,-18.07,-739.75,-0.43,-0.85,0.37,29.95
117,11603955,-657.71,-18.55,-738.28,-0.73,-0.85,0.30,30.33
118,11608005,-664.55,-27.83,-744.63,-0.91,-0.55,0.37,30.43
119,11613799,-661.13,-18.55,-745.61,-0.67,-0.43,0.12,30.67
120,11617848,-662.11,-18.55,-745.12,-0.49,-0.55,0.43,30.33
121,11621898,-665.04,-22.95,-740.72,-0.67,-0.55,0.18,30.19
122,11625955,-662.11,-21.00,-741.21,-0.55,-0.67,0.18,30.47
123,11630005,-662.60,-19.53,-741.21,-0.37,-0.91,-0.12,30.09
124,11635799,-657.23,-18.07,-738.28,-0.79,-0.73,0.12,30.19
125,11639848,-657.23,-22.95,-744.63,-0.79,-0.24,0.30,30.33
126,11643898,-659.18,-21.97,-744.63,-0.91,-0.43,0.06,30.19
127,11647955,-658.69,-24.90,-745.61,-0.61,-0.18,0.30,30.52
128,11652005,-662.11,-19.04,-746.58,-0.85,-0.37,0.12,30.33
129,11657799,-662.11,-22.95,-747.56,-0.43,-0.37,0.43,30.62
130,11661848,-666.02,-21.48,-742.19,-0.73,-0.79,0.37,30.33
131,11665898,-662.60,-19.53,-748.54,-0.55,-1.16,0.24,30.33
132,11669955,-659.18,-19.04,-744.14,-0.37,-1.22,0.18,30.33
133,11674005,-662.11,-19.53,-740.72,-0.61,-1.40,0.18,30.33
134,11679799,-662.60,-21.48,-743.16,-0.37,-1.83,0.24,30.43
135,11683848,-661.13,-21.97,-746.09,-0.67,-1.52,0.18,30.62
136,11687898,-662.60,-21.97,-743.65,-0.73,-1.46,0.06,30.33
137,11691955,-663.57,-25.39,-745.12,-0.61,-1.40,0.30,30.62
138,11697799,-662.11,-22.46,-746.09,-0.73,-0.91,0.06,30.47
139,11701848,-665.53,-25.88,-741.70,-0.79,-1.16,0.30,30.09
140,11705898,-661.62,-19.04,-743.16,-0.67,-0.73,0.18,30.33
141,11709955,-664.55,-25.39,-744.63,-0.61,-0.85,0.18,30.09
142,11714005,-661.62,-22.46,-743.16,-0.79,-0.85,0.30,30.19
143,11719799,-659.18,-23.93,-743.65,-0.73,-0.61,0.37,29.99
144,11723848,-665.04,-21.97,-740.23,-0.73,-0.43,0.24,29.80
145,11727898,-662.11,-21.48,-742.19,-0.61,-0.18,0.18,30.43
146,11731955,-663.09,-20.51,-744.63,-0.55,-0.37,0.18,30.47
147,11736005,-662.60,-17.58,-740.72,-0.61,-0.12,0.24,30.09
148,11741799,-664.55,-22.46,-746.58,-0.55,0.00,0.30,29.99
149,11745848,-663.09,-22.95,-741.21,-0.73,-0.18,0.12,30.09
150,11749898,-662.11,-21.48,-744.63,-0.85,-0.73,0.18,30.28
151,11753955,-660.64,-18.07,-742.68,-0.67,-0.55,0.24,30.09
152,11758005,-664.06,-21.97,-747.56,-0.67,-1.16,0.43,30.19
153,11763799,-662.11,-22.95,-744.63,-0.61,-1.04,0.49,29.95
154,11767848,-659.67,-23.93,-746.58,-0.43,-0.98,0.30,30.33
155,11771898,-664.06,-19.53,-746.58,-0.55,-0.55,0.06,30.28
156,11775955,-666.02,-21.00,-745.61,-0.61,-0.85,0.24,30.43
157,11780005,-666.50,-21.00,-746.09,-0.43,-1.10,0.00,29.95
158,11785799,-667.48,-24.41,-744.63,-0.61,-1.04,0.24,30.33
159,11789848,-663.09,-20.02,-740.72,-0.79,-1.16,0.30,30.47
160,11793898,-661.62,-21.48,-739.26,-0.49,-1.40,0.12,30.09
161,11797955,-660.64,-21.48,-741.70,-0.49,-1.28,0.12,30.47
162,11802005,-663.57,-27.34,-743.16,-0.67,-0.55,0.24,30.33
163,11807799,-660.16,-19.04,-746.09,-0.73,-0.67,0.06,30.28
164,11811848,-666.02,-21.97,-745.12,-0.91,-0.18,0.30,30.33
165,11815898,-659.67,-23.93,-741.21,-0.73,0.24,0.24,30.14
166,11819955,-662.60,-20.02,-748.05,-0.55,0.06,0.37,30.33
167,11824005,-663.57,-22.46,-744.63,-0.67,-0.67,0.24,30.47
168,11829799,-662.60,-23.44,-742.19,-0.67,-0.55,0.30,30.19
169,11833848,-666.50,-22.95,-741.21,-0.61,-0.79,0.30,30.43
170,11837898,-658.69,-24.90,-744.14,-0.55,-0.98,0.24,29.95
171,11841955,-666.02,-21.97,-741.21,-0.49,-0.79,0.18,30.43
172,11846005,-661.62,-21.00,-742.19,-0.61,-0.55,0.18,30.19
173,11851799,-663.09,-22.95,-747.07,-0.67,-0.43,0.24,30.33
174,11855848,-665.04,-21.00,-743.16,-0.49,-0.67,0.12,30.33
175,11859898,-662.60,-26.86,-743.65,-0.79,-0.61,0.30,29.95
176,11863955,-665.53,-21.00,-745.61,-0.49,-0.73,0.30,30.33
177,11868005,-666.50,-22.46,-741.70,-0.73,-1.46,0.06,30.52
178,11873799,-659.18,-15.62,-737.30,-0.61,-1.46,0.30,30.43
179,11877848,-666.99,-21.48,-744.63,-0.73,-2.07,0.06,30.09
180,11881898,-669.43,-21.48,-741.70,-0.30,-1.89,0.43,30.28
181,11885955,-666.02,-19.04,-735.35,-0.18,-0.85,0.43,30.33
182,11890005,-662.60,-20.02,-740.72,-1.22,-0.24,0.18,30.33
183,11895799,-662.60,-21.00,-746.58,-0.67,-0.55,0.06,30.43
184,11899848,-663.09,-24.90,-749.02,0.30,-2.13,0.30,30.47
185,11903898,-663.57,-17.58,-736.33,0.43,-2.26,0.24,30.28
186,11907955,-666.50,-24.90,-743.16,-1.89,-1.77,-0.18,29.99
187,11912005,-670.41,-23.93,-744.63,-0.98,-0.73,0.37,30.67
188,11917799,-665.04,-23.93,-747.56,-0.37,-0.79,0.12,30.43
189,11921848,-659.18,-24.90,-744.63,0.37,-1.10,0.67,30.33
190,11925898,-668.46,-20.51,-738.77,0.18,-1.22,0.61,30.28
191,11929955,-670.41,-19.53,-739.75,-0.91,-1.10,0.30,30.33
192,11935799,-661.62,-20.02,-740.23,-0.61,-1.10,0.12,30.19
193,11939848,-658.20,-23.44,-743.16,-0.67,-0.73,0.30,30.33
194,11943898,-660.16,-21.48,-740.23,-0.55,0.06,0.37,30.33
195,11947955,-666.99,-23.44,-742.19,-0.98,0.43,-0.06,30.33
196,11952005,-666.02,-28.81,-745.61,-0.73,0.37,0.37,30.33
197,11957799,-662.11,-20.02,-747.07,-0.43,0.00,0.55,30.19
198,11961848,-663.09,-24.90,-741.70,-0.43,-0.06,0.18,29.99
199,11965898,-657.71,-21.48,-744.14,-1.16,-0.43,0.12,30.52
200,11969955,-667.48,-17.09,-741.70,-0.85,-0.49,0.43,30.33
201,11974005,-662.11,-22.46,-741.70,-0.49,-0.37,0.37,29.95
202,11979799,-663.57,-21.48,-740.72,-0.67,-0.73,0.00,29.99
203,11983848,-663.57,-23.93,-745.61,-0.43,-0.91,0.43,30.14
204,11987898,-661.62,-22.46,-742.68,-0.49,-1.28,0.18,30.47
205,11991955,-663.57,-24.90,-741.21,-0.61,-0.98,0.18,30.14
206,11996005,-663.09,-21.00,-742.19,-0.98,-0.85,0.24,29.95
207,12001799,-665.53,-18.07,-744.63,-0.61,-1.10,0.18,30.28
208,12005848,-664.06,-25.88,-743.65,-0.24,-0.79,0.37,30.09
209,12009898,-664.55,-24.90,-741.70,-0.73,-0.61,0.00,30.19
210,12013955,-668.46,-23.44,-747.56,-0.85,-0.85,0.18,30.28
211,12018005,-661.13,-22.95,-743.16,-0.67,-0.98,0.37,29.95
212,12023799,-664.55,-21.97,-742.19,-0.67,-0.37,0.06,30.47
213,12027848,-656.25,-23.44,-745.61,-0.79,-0.06,0.61,29.95
214,12031898,-665.53,-22.46,-742.19,-0.49,-0.30,0.61,30.33
215,12035955,-666.02,-22.46,-743.16,-0.67,-0.24,0.00,30.33
216,12040005,-664.55,-22.95,-742.68,-0.85,-0.06,-0.06,30.62
217,12045799,-666.02,-20.02,-744.63,-0.67,-0.49,0.37,30.28
218,12049848,-663.57,-18.07,-742.19,-0.37,-0.49,0.24,30.33
219,12053898,-663.09,-21.97,-739.75,-0.67,-0.79,0.12,30.33
220,12057955,-662.60,-21.97,-748.54,-0.98,-0.67,0.30,30.19
221,12062005,-664.06,-17.58,-744.63,-0.67,-0.79,0.30,30.28
222,12067799,-666.02,-20.51,-744.14,-0.61,-0.61,0.37,30.52
223,12071848,-661.62,-24.41,-746.09,-0.91,-0.37,0.00,30.33
224,12075898,-661.62,-21.97,-744.63,-0.73,-0.55,0.06,30.19
225,12079955,-662.60,-19.04,-743.16,-0.12,-0.79,0.12,30.47
226,12084005,-664.55,-21.48,-739.26,-0.61,-0.55,0.12,30.33
227,12089799,-663.09,-24.90,-747.07,-0.49,-0.67,0.30,30.33
228,12093848,-663.09,-19.04,-739.75,-0.43,-0.85,0.37,30.43
229,12097898,-664.06,-25.88,-740.23,-0.49,-0.67,0.18,30.19
230,12101955,-665.53,-20.51,-741.70,-0.85,-0.49,0.18,30.33
231,12106005,-664.06,-22.95,-742.19,-0.37,-0.67,0.37,30.43
232,12111799,-669.43,-21.48,-740.72,-0.30,-0.61,0.49,30.33
233,12115848,-663.09,-21.00,-740.72,-0.91,-0.43,0.30,30.43
234,12119898,-662.11,-23.44,-744.14,-0.73,-0.24,0.30,30.33
235,12123955,-666.02,-23.93,-738.77,-0.37,-0.67,0.24,30.62
236,12128005,-666.50,-20.51,-745.12,-0.67,-0.24,0.06,30.33
237,12133799,-666.99,-24.41,-744.63,-1.04,-0.30,0.30,30.67
238,12137848,-665.04,-20.51,-744.63,-0.55,-0.61,0.18,30.33
239,12141898,-663.57,-21.48,-740.72,-0.49,-0.85,0.12,30.47
240,12145955,-664.06,-23.44,-742.68,-0.91,-0.37,0.24,30.28
241,12150005,-661.62,-21.48,-745.61,-0.55,-0.73,0.18,30.62
242,12155799,-663.57,-24.41,-746.58,-0.43,-0.91,0.43,30.33
243,12159848,-661.62,-23.44,-743.16,-0.79,-0.67,0.18,30.33
244,12163898,-663.57,-21.00,-740.72,-0.55,-0.43,0.06,30.28
245,12167955,-666.02,-20.51,-746.09,-0.61,-0.79,0.12,30.47
246,12173799,-661.13,-25.39,-741.21,-0.49,-0.61,0.12,30.19
247,12177848,-668.95,-19.53,-742.19,-0.73,-0.67,0.24,30.19
248,12181898,-663.57,-21.48,-742.68,-0.49,-0.67,0.18,30.33
249,12185955,-662.11,-26.86,-742.19,-0.67,-0.91,0.12,30.33
250,12190005,-663.57,-21.48,-739.75,-0.85,-0.55,0.37,30.33
251,12195799,-661.62,-21.48,-744.63,-0.43,-0.49,0.18,30.09
252,12199848,-660.64,-21.97,-739.75,-0.43,-0.79,0.12,30.09
253,12203898,-660.16,-26.37,-740.23,-0.73,-0.67,0.24,30.47
254,12207955,-661.62,-19.53,-743.16,-0.85,-0.37,0.37,30.52
255,12212005,-664.55,-22.95,-744.63,-0.49,-0.06,0.30,30.19
256,12217799,-662.11,-21.97,-742.68,-0.49,-0.37,-0.06,30.19
257,12221848,-661.62,-19.04,-740.23,-0.79,-0.55,0.43,30.19
258,12225898,-664.06,-22.46,-744.63,-0.55,-0.37,0.06,30.52
259,12229955,-661.62,-22.95,-744.63,-0.61,-0.49,0.00,30.14
260,12234005,-664.06,-18.55,-744.14,-0.73,-0.67,0.18,29.95
261,12239799,-665.53,-21.97,-744.14,-0.61,-0.67,0.18,30.28
262,12243848,-665.53,-22.95,-740.23,-0.24,-0.85,0.37,30.47
263,12247898,-661.13,-22.95,-741.70,-0.79,-0.67,0.30,30.33
264,12251955,-665.53,-18.07,-748.54,-0.67,-0.91,0.43,30.28
265,12256005,-660.64,-14.16,-745.61,-0.43,-0.79,0.18,30.09
266,12261799,-666.99,-21.00,-737.30,-0.49,-0.73,0.18,30.33
267,12265848,-664.06,-28.32,-744.63,-0.73,-0.55,0.37,30.28
268,12269898,-666.99,-20.51,-747.07,-0.49,-0.79,0.18,30.43
269,12273955,-661.13,-24.90,-743.16,-0.49,-0.43,0.12,30.62
270,12278005,-664.06,-21.00,-742.68,-0.73,-0.43,0.24,30.33
271,12283799,-661.62,-21.48,-745.61,-0.79,-0.67,0.43,30.52
272,12287848,-661.13,-23.44,-747.56,-0.37,-0.67,0.12,30.43
273,12291898,-666.50,-19.53,-741.70,-0.43,-0.49,0.00,30.19
274,12295955,-663.09,-25.39,-743.16,-0.73,-0.49,0.30,30.28
275,12300005,-663.09,-21.00,-738.77,-0.67,-0.67,0.24,30.33
276,12305799,-663.09,-18.55,-738.28,-0.43,-0.55,0.12,30.19
277,12309848,-662.11,-24.90,-744.63,-1.04,-0.67,0.30,29.99
278,12313898,-662.11,-19.04,-742.19,-0.67,-0.61,0.43,29.90
279,12317955,-666.50,-21.97,-744.14,-0.37,-0.61,0.24,30.43
280,12322005,-663.57,-26.86,-742.19,-0.85,-0.30,0.18,30.47
281,12327799,-663.09,-21.48,-743.65,-0.24,-0.49,0.18,30.33
282,12331848,-659.67,-21.00,-743.16,-0.18,-0.55,0.30,30.43
283,12335898,-664.06,-22.95,-738.77,-0.55,-0.55,0.12,29.75
284,12339955,-666.02,-20.02,-745.12,-0.79,-0.61,0.18,30.19
285,12344005,-662.60,-22.46,-743.65,-0.49,-0.73,0.18,30.33
286,12349799,-662.11,-20.02,-742.19,-0.73,-0.85,0.12,30.28
287,12353848,-664.06,-22.95,-740.72,-0.73,0.00,0.12,30.19
288,12357898,-666.50,-20.51,-747.07,-0.49,-0.30,0.30,30.33
289,12361955,-664.55,-18.55,-741.21,-0.37,-0.67,0.43,30.33
290,12366005,-666.50,-24.90,-739.75,-0.61,-0.49,0.24,30.19
291,12371799,-661.13,-25.88,-744.63,-0.73,-0.49,0.24,30.28
292,12375848,-665.53,-19.53,-741.70,-0.55,-0.73,0.24,30.33
293,12379898,-664.55,-25.88,-743.16,-0.37,-0.61,0.18,30.33
294,12383955,-664.06,-27.34,-739.26,-0.73,-0.24,0.24,30.33
295,12388005,-665.53,-17.58,-743.16,-0.49,-0.55,0.18,30.67
296,12393799,-665.04,-23.44,-741.70,-0.43,-0.67,0.24,30.33
297,12397848,-663.09,-23.93,-743.16,-0.85,-0.43,0.12,30.09
298,12401898,-663.57,-24.41,-744.14,-0.49,-0.79,0.43,30.62
299,12405955,-665.53,-17.09,-743.16,-0.43,-0.85,0.24,30.43
300,12411799,-654.30,-29.79,-737.30,-0.55,-0.91,0.18,29.95
301,12415848,-663.57,-25.39,-743.16,-0.79,-0.30,0.30,30.33
302,12419898,-666.99,-24.90,-745.61,-0.61,-0.61,0.37,30.43
303,12423955,-660.64,-21.48,-742.19,-0.55,-0.73,0.24,30.28
304,12428005,-658.69,-24.41,-745.12,-0.67,-0.67,0.43,30.33
305,12433799,-665.53,-22.46,-744.63,-0.67,-0.37,0.12,30.47
306,12437848,-669.43,-23.93,-745.61,-0.49,-0.67,0.18,30.19
307,12441898,-665.04,-23.93,-741.21,-0.73,-0.91,0.18,30.52
308,12445955,-664.55,-23.44,-744.63,-0.85,-0.67,0.18,30.33
309,12450005,-666.50,-20.51,-744.14,-0.18,-1.04,0.18,30.14
310,12455799,-661.13,-21.48,-741.21,-0.67,-0.98,0.18,30.09
311,12459848,-660.16,-23.93,-740.72,-0.79,-0.55,0.24,29.99
312,12463898,-668.46,-21.97,-739.26,-0.43,-0.18,0.30,30.52
313,12467955,-664.55,-21.00,-743.65,-0.43,-0.37,0.24,30.19
314,12472005,-666.99,-24.41,-744.14,-0.67,-0.18,0.37,30.19
315,12477799,-663.09,-19.04,-745.12,-0.55,-0.37,-0.12,30.43
316,12481848,-663.09,-21.97,-743.16,-0.49,-0.98,0.06,30.33
317,12485898,-660.16,-21.00,-744.14,-0.79,-0.98,0.06,30.62
318,12489955,-663.57,-21.97,-738.77,-0.73,-0.67,0.43,30.52
319,12494005,-665.04,-22.95,-742.19,-0.43,-0.43,0.12,29.99
320,12499799,-664.06,-23.44,-740.23,-0.43,-0.85,0.24,30.43
321,12503848,-667.48,-20.02,-742.68,-0.67,-0.49,0.30,30.43
322,12507898,-666.50,-19.04,-743.65,-0.49,-0.55,0.12,30.62
323,12511955,-665.04,-24.41,-741.21,-0.49,-0.55,0.18,30.33
324,12516005,-661.62,-25.39,-745.61,-0.73,-0.61,0.18,30.43
325,12521799,-660.16,-21.48,-743.65,-0.61,-0.73,0.12,30.47
326,12525848,-656.25,-22.46,-738.28,-0.49,-0.67,-0.06,30.47
327,12529898,-661.62,-21.00,-739.75,-0.43,-0.85,0.30,30.28
328,12533955,-666.02,-14.16,-749.51,-1.10,-0.73,0.30,30.28
329,12538005,-669.43,-19.04,-744.14,-0.43,-0.30,0.18,30.33
330,12543799,-661.62,-20.51,-745.61,-0.55,-0.49,0.12,30.09
331,12547848,-663.09,-18.55,-741.70,-0.85,-0.55,0.30,30.19
332,12551898,-661.62,-21.00,-739.75,-0.49,-0.67,0.30,30.19
333,12555955,-663.09,-20.02,-744.63,-0.49,-0.55,0.12,30.33
334,12560005,-662.11,-19.53,-739.26,-0.85,-0.55,0.30,30.19
335,12565799,-666.02,-22.46,-744.63,-0.67,-0.55,0.18,30.43
336,12569848,-662.60,-24.90,-741.21,-0.55,-0.43,0.18,30.47
337,12573898,-662.60,-21.48,-742.19,-0.67,-0.55,0.06,30.33
338,12577955,-662.60,-21.00,-743.65,-0.85,-0.49,0.24,30.19
339,12582005,-664.06,-23.44,-741.70,-0.55,-0.73,0.24,30.33
340,12587799,-663.09,-14.65,-741.21,-0.49,-0.67,0.00,30.33
341,12591848,-662.60,-26.86,-745.12,-0.85,-0.67,0.24,30.09
342,12595898,-667.97,-23.93,-741.21,-0.73,-0.61,0.24,30.33
343,12599955,-670.90,-25.39,-741.21,-0.49,-0.79,0.18,30.19
344,12604005,-667.48,-23.44,-743.65,-0.43,-0.43,0.06,30.33
345,12609799,-663.09,-18.55,-742.19,-0.85,-0.67,0.18,29.99
346,12613848,-662.11,-24.41,-744.63,-0.37,-0.55,0.18,30.62
347,12617898,-664.55,-23.93,-744.14,-0.49,-0.30,0.24,30.33
348,12621955,-661.13,-25.39,-747.07,-0.37,-0.30,0.18,30.43
349,12626005,-666.99,-17.09,-744.63,-0.61,-0.67,0.37,30.33
350,12631799,-664.06,-21.48,-739.75,-0.43,-0.73,0.18,30.09
351,12635848,-660.16,-22.46,-740.72,-0.85,-0.49,0.24,30.47
352,12639898,-664.06,-21.97,-741.70,-0.79,-0.49,0.24,30.52
353,12643955,-664.55,-22.95,-742.68,-0.30,-0.55,0.18,30.28
354,12649799,-663.09,-22.95,-744.63,-0.55,-0.67,0.24,29.99
355,12653848,-663.09,-17.09,-747.07,-0.55,-0.43,0.24,29.90
356,12657898,-662.60,-24.90,-744.14,-0.55,-0.85,0.18,30.43
357,12661955,-662.60,-21.00,-740.72,-0.49,-0.55,0.12,30.19
358,12666005,-665.53,-22.95,-743.65,-0.67,-0.43,0.18,30.62
359,12671799,-666.02,-21.00,-744.14,-0.67,-0.73,0.12,29.95
360,12675848,-661.62,-22.46,-738.77,-0.55,-0.67,0.43,29.95
361,12679898,-665.04,-20.51,-743.65,-0.73,-0.30,0.12,30.33
362,12683955,-666.50,-19.04,-743.65,-1.04,-0.55,0.37,30.33
363,12688005,-665.04,-20.51,-744.14,-0.49,-0.91,0.37,29.80
364,12693799,-658.69,-20.51,-740.72,-0.55,-0.85,0.24,30.28
365,12697848,-661.62,-20.02,-739.75,-0.67,-0.43,0.18,30.19
366,12701898,-664.55,-18.07,-739.75,-0.18,-0.79,-0.12,30.52
367,12705955,-665.53,-25.39,-742.19,-0.49,-0.61,0.12,30.09
368,12710005,-667.97,-21.48,-742.68,-0.79,-0.49,0.12,30.33
369,12715799,-663.57,-21.97,-740.72,-0.61,-0.49,0.18,30.33
370,12719848,-666.50,-22.95,-741.70,-0.49,-0.55,0.30,30.28
371,12723898,-663.57,-20.51,-741.70,-0.55,-0.61,0.30,30.33
372,12727955,-663.57,-23.93,-742.19,-0.55,-0.37,0.30,30.43
373,12732005,-662.11,-20.02,-740.72,-0.30,-0.67,0.30,29.99
374,12737799,-662.11,-23.44,-743.16,-0.43,-0.91,0.12,30.33
375,12741848,-664.55,-25.39,-742.19,-0.61,-0.18,0.12,30.43
376,12745898,-666.02,-23.44,-740.72,-0.73,-0.30,0.24,30.43
377,12749955,-663.09,-23.93,-738.28,-0.37,-0.61,0.18,30.28
378,12754005,-658.20,-21.48,-739.26,-0.61,-0.67,0.37,30.33
379,12759799,-663.09,-21.00,-746.09,-0.79,-0.49,0.18,30.47
380,12763848,-659.18,-21.48,-743.65,-0.49,-0.79,0.24,30.09
381,12767898,-664.55,-17.58,-742.19,-0.37,-0.73,0.30,29.99
382,12771955,-663.09,-18.55,-740.72,-0.73,-0.37,0.18,30.09
383,12776005,-664.06,-20.02,-743.65,-0.43,-0.61,0.37,30.33
384,12781799,-665.53,-19.04,-740.23,-0.49,-0.61,0.24,30.33
385,12785848,-663.09,-21.97,-742.68,-0.61,-0.55,0.18,30.33
386,12789898,-668.46,-19.53,-745.12,-0.55,-0.55,0.00,30.28
387,12793955,-665.04,-19.04,-737.79,-0.43,-0.61,0.18,30.62
388,12798005,-666.99,-27.34,-744.63,-0.73,-0.55,0.18,30.33
389,12803799,-664.55,-16.60,-741.70,-0.67,-0.49,0.30,30.43
390,12807848,-668.95,-21.97,-744.63,-0.30,-0.43,0.18,30.33
391,12811898,-665.04,-22.46,-740.23,-0.91,-0.49,0.12,29.95
392,12815955,-666.02,-27.83,-745.12,-0.67,-0.55,0.24,30.43
393,12820005,-663.57,-23.93,-739.26,-0.61,-0.61,0.06,29.95
394,12825799,-665.53,-21.00,-740.23,-0.55,-0.37,0.24,30.33
395,12829848,-665.53,-23.93,-741.70,-0.85,-0.79,0.43,30.47
396,12833898,-664.55,-20.51,-747.07,-0.61,-0.91,0.37,30.19
397,12837955,-665.53,-26.37,-744.63,-0.49,-0.24,0.24,30.43
398,12842005,-660.64,-20.51,-740.72,-0.67,-0.37,0.37,30.19
399,12847799,-664.06,-18.07,-750.00,-0.98,-0.55,0.37,30.19
400,12851848,-659.67,-19.04,-746.09,-0.67,-0.73,0.24,30.33
401,12855898,-664.06,-22.95,-741.70,-0.73,-0.73,0.12,30.19
402,12859955,-665.53,-17.58,-745.12,-0.67,-0.49,0.49,30.47
403,12864005,-665.04,-19.04,-742.68,-0.43,-0.73,0.24,30.43
404,12869799,-662.60,-24.41,-741.70,-0.43,-0.37,0.18,30.33
405,12873848,-664.06,-21.97,-741.70,-0.79,-0.55,0.24,30.33
406,12877898,-662.60,-20.02,-745.12,-0.61,-0.73,0.24,30.47
407,12881955,-664.55,-22.95,-748.54,-0.24,-0.61,0.24,30.47
408,12887799,-660.64,-22.95,-740.23,-0.79,-0.79,0.12,30.19
409,12891848,-663.57,-21.00,-744.63,-0.61,-0.73,0.55,30.19
410,12895898,-667.97,-20.02,-743.65,-0.30,-0.79,0.30,30.43
411,12899955,-664.55,-24.90,-742.68,-0.61,-0.37,0.12,30.19
412,12904005,-662.60,-20.02,-744.14,-0.67,-0.49,0.30,30.52
413,12909799,-661.62,-21.00,-741.70,-0.49,-0.67,0.37,29.95
414,12913848,-665.53,-25.88,-739.26,-0.49,-0.37,0.18,30.19
415,12917898,-663.09,-20.51,-742.68,-1.16,-0.49,0.00,30.33
416,12921955,-661.62,-24.41,-741.70,-0.79,-0.73,0.37,30.28
417,12926005,-663.09,-21.48,-739.75,-0.37,-0.73,-0.18,29.99
418,12931799,-665.04,-24.90,-742.19,-0.61,-0.30,0.06,29.95
419,12935848,-665.04,-22.95,-740.72,-0.85,-0.37,0.30,30.09
420,12939898,-666.50,-22.46,-740.23,-0.37,-0.67,0.30,30.28
421,12943955,-659.67,-18.55,-739.26,-0.49,-0.73,0.18,30.33
422,12948005,-665.53,-20.51,-743.65,-0.67,-0.37,0.06,30.09
423,12953799,-664.55,-22.95,-744.63,-0.73,-0.79,0.30,30.33
424,12957848,-666.50,-17.58,-735.84,-0.49,-0.91,0.43,30.33
425,12961898,-661.13,-21.00,-742.68,-0.79,-0.61,0.43,30.09
426,12965955,-664.06,-21.48,-742.19,-1.04,-0.49,0.43,30.28
427,12970005,-666.99,-21.00,-744.63,-0.49,-0.85,0.12,29.95
428,12975799,-666.50,-21.00,-737.79,-0.79,-0.49,0.12,30.33
429,12979848,-663.09,-21.97,-739.26,-0.67,-0.43,0.06,30.33
430,12983898,-666.99,-19.53,-743.16,-0.37,-0.91,0.30,29.99
431,12987955,-663.57,-20.51,-740.72,-0.61,-0.73,0.37,30.33
432,12992005,-665.04,-21.00,-742.19,-0.73,-0.55,0.24,30.47
433,12997799,-666.50,-17.58,-743.65,-0.61,-0.55,0.37,30.43
434,13001848,-662.11,-20.51,-739.26,-0.73,-0.67,0.24,30.33
435,13005898,-662.11,-27.83,-740.23,-0.73,-0.49,0.06,30.19
436,13009955,-661.62,-24.90,-744.63,-0.61,-0.49,0.30,30.43
437,13014005,-664.06,-21.00,-745.61,-0.61,-0.73,0.18,30.47
438,13019799,-663.57,-23.44,-743.16,-0.49,-0.67,0.30,30.43
439,13023848,-667.48,-23.93,-743.16,-0.85,-0.37,0.06,30.52
440,13027898,-664.55,-23.44,-741.21,-0.67,-0.55,0.18,30.09
441,13031955,-665.04,-21.97,-741.21,-0.49,-0.91,0.30,30.52
442,13036005,-662.11,-22.46,-742.68,-0.79,-0.24,0.18,30.19
443,13041799,-664.06,-21.97,-748.54,-0.98,-0.24,0.18,30.33
444,13045848,-661.13,-23.93,-741.70,-0.55,-0.91,0.24,30.28
445,13049898,-662.60,-21.97,-737.79,-0.73,-0.98,0.24,29.99
446,13053955,-663.57,-20.51,-744.63,-0.73,-0.37,0.24,30.28
447,13058005,-662.11,-21.97,-741.21,-0.55,-0.37,0.00,30.19
448,13063799,-663.09,-23.44,-743.16,-0.49,-0.61,0.30,30.43
449,13067848,-661.62,-20.51,-739.26,-0.85,-0.12,0.24,30.33
450,13071898,-663.57,-22.95,-737.30,-0.67,-0.43,0.30,30.28
451,13075955,-660.16,-22.46,-740.72,-0.24,-0.73,0.06,30.47
452,13080005,-661.62,-25.39,-742.19,-0.79,-0.61,0.49,30.47
453,13085799,-665.53,-18.55,-745.61,-0.73,-0.43,0.37,29.99
454,13089848,-661.62,-21.97,-741.21,-0.55,-0.61,0.24,30.67
455,13093898,-665.53,-21.48,-743.65,-0.67,-0.85,0.24,30.28
456,13097955,-665.53,-21.97,-746.58,-0.67,-0.67,0.12,30.43
457,13102005,-664.55,-23.44,-741.70,-0.30,-0.61,0.12,30.52
458,13107799,-661.62,-25.88,-742.19,-0.55,-0.67,0.06,30.33
459,13111848,-663.09,-21.00,-744.14,-0.79,-0.73,0.49,30.33
460,13115898,-662.11,-20.02,-740.72,-0.30,-0.67,0.18,30.43
461,13119955,-666.50,-22.95,-738.28,-0.61,-0.61,0.06,30.33
462,13125799,-662.60,-20.02,-747.07,-0.67,-0.37,0.49,30.09
463,13129848,-666.99,-20.02,-738.28,-0.61,-0.55,0.43,29.99
464,13133898,-663.09,-20.02,-741.70,-0.61,-0.24,0.12,30.33
465,13137955,-667.48,-20.02,-743.16,-0.91,-0.24,0.30,30.43
466,13142005,-665.53,-19.04,-747.56,-0.85,-0.55,0.24,30.33
467,13147799,-664.06,-22.46,-744.63,-0.37,-0.55,0.18,30.33
468,13151848,-663.57,-19.53,-738.77,-0.55,-0.37,0.18,30.19
469,13155898,-667.97,-23.93,-740.23,-0.85,-0.37,0.37,30.33
470,13159955,-667.48,-20.02,-738.28,-0.37,-0.85,0.30,30.33
471,13164005,-659.18,-21.48,-747.56,-0.49,-0.61,0.18,30.09
472,13169799,-660.16,-21.48,-743.65,-0.67,-0.49,-0.06,29.99
473,13173848,-665.53,-17.09,-743.65,-0.85,-0.85,0.43,29.90
474,13177898,-665.53,-21.00,-743.65,-0.49,-0.61,0.00,30.28
475,13181955,-658.69,-24.90,-741.21,-0.85,-0.24,0.18,30.28
476,13186005,-664.06,-25.39,-740.23,-0.91,-0.49,0.12,30.28
477,13191799,-666.99,-21.48,-745.12,-0.43,-0.67,0.30,30.47
478,13195848,-661.62,-21.97,-744.63,-0.43,-0.55,0.24,30.43
479,13199898,-662.11,-20.02,-740.72,-0.79,-0.67,0.43,30.47
480,13203955,-662.11,-21.48,-742.68,-0.61,-0.79,0.37,30.43
481,13208005,-664.55,-23.93,-739.75,-0.30,-0.67,0.18,30.33
482,13213799,-663.57,-21.00,-737.30,-0.73,-0.18,0.37,30.33
483,13217848,-664.06,-18.07,-739.75,-1.04,-0.18,0.37,29.99
484,13221898,-665.53,-24.41,-747.56,-0.73,-0.30,0.12,30.47
485,13225955,-661.62,-21.48,-737.79,-0.55,-0.30,0.00,30.33
486,13230005,-663.09,-23.93,-742.19,-1.10,-0.12,0.37,30.33
487,13235799,-666.50,-21.97,-744.63,-0.37,-0.43,0.37,30.47
488,13239848,-662.60,-20.02,-738.28,-0.43,-0.79,0.30,30.33
489,13243898,-660.64,-22.46,-737.30,-0.79,-0.55,0.24,30.33
490,13247955,-664.55,-20.51,-743.16,-0.73,-0.98,0.30,30.33
491,13252005,-664.55,-22.46,-742.19,-0.43,-1.04,0.37,30.28
492,13257799,-660.16,-20.51,-740.72,-0.85,-0.37,0.18,30.09
493,13261848,-661.62,-20.51,-741.21,-0.73,-0.06,0.37,30.47
494,13265898,-669.43,-23.44,-739.75,-0.55,-0.43,0.24,30.19
495,13269955,-662.60,-23.44,-740.23,-0.37,-0.49,0.12,30.43
496,13274005,-662.11,-21.00,-743.65,-0.85,-0.49,0.18,30.33
497,13279799,-663.57,-21.97,-748.54,-0.49,-0.61,0.18,30.47
498,13283848,-667.48,-22.46,-744.63,-0.24,-0.85,0.37,30.33
499,13287898,-665.04,-24.41,-741.21,-0.85,-0.37,0.37,30.47
500,13291955,-664.55,-15.62,-744.63,-0.98,-0.55,0.24,29.99
501,13296005,-666.99,-23.44,-741.21,-0.85,-0.61,0.24,29.80
502,13301799,-659.67,-22.95,-745.61,-0.55,-0.91,0.30,30.43
503,13305848,-657.23,-16.60,-745.61,-0.61,-0.49,0.37,30.43
504,13309898,-657.23,-19.04,-743.16,-0.73,-0.85,0.06,30.28
505,13313955,-663.09,-21.00,-740.23,-0.43,-0.91,0.30,30.43
506,13318005,-661.13,-21.00,-742.68,-0.61,-0.49,0.00,30.14
507,13323799,-668.95,-18.55,-745.12,-0.73,-0.37,0.30,30.62
508,13327848,-667.48,-26.37,-748.54,-0.37,-0.79,0.24,30.52
509,13331898,-661.62,-18.07,-739.26,-0.49,-0.79,0.37,30.52
510,13335955,-661.13,-20.02,-742.68,-0.79,-0.73,0.30,30.09
511,13340005,-660.64,-20.51,-741.21,-0.61,-0.85,0.06,30.28
512,13345799,-665.04,-19.53,-737.30,-0.24,-1.40,0.06,30.47
513,13349848,-662.60,-25.39,-736.82,-0.73,-0.67,0.12,30.33
514,13353898,-668.46,-22.95,-745.12,-0.49,-0.30,0.30,30.33
515,13357955,-668.46,-24.90,-744.63,-0.43,-0.24,0.37,30.33
516,13363799,-661.62,-26.37,-743.65,-0.61,-0.06,0.37,30.19
517,13367848,-660.16,-26.86,-745.12,-0.67,-0.24,0.12,30.19
518,13371898,-664.06,-25.39,-742.68,-0.43,-0.85,0.24,30.19
519,13375955,-662.60,-24.90,-741.70,-0.67,-0.55,0.18,30.43
520,13380005,-662.60,-21.97,-745.61,-0.79,-0.55,0.37,30.33
521,13385799,-664.06,-19.04,-748.54,-0.43,-0.61,0.24,30.33
522,13389848,-666.99,-26.37,-741.70,-0.55,-0.85,0.30,30.09
523,13393898,-666.02,-21.97,-742.19,-0.67,-0.49,0.24,30.47
524,13397955,-663.09,-21.48,-743.65,-0.30,-0.49,0.18,30.33
525,13402005,-661.13,-25.39,-741.70,-0.55,-0.61,0.12,29.95
526,13407799,-661.13,-26.37,-740.23,-0.55,-0.73,0.24,30.33
527,13411848,-665.04,-20.51,-742.68,-0.55,-0.49,0.12,29.95
528,13415898,-662.11,-23.44,-740.23,-0.55,-0.43,0.12,30.43
529,13419955,-664.55,-22.46,-744.14,-0.85,-0.49,0.06,30.47
530,13424005,-662.11,-21.97,-745.12,-0.79,-0.43,0.37,30.09
531,13429799,-663.57,-15.62,-742.68,-0.61,-0.49,0.18,30.19
532,13433848,-662.60,-22.46,-741.21,-0.37,-0.61,0.24,30.33
533,13437898,-662.60,-22.46,-744.14,-0.85,-0.73,0.30,30.33
534,13441955,-661.62,-21.48,-742.68,-0.79,-0.91,0.37,30.43
535,13446005,-660.16,-24.90,-743.16,-0.43,-0.61,0.24,29.95
536,13451799,-666.50,-21.48,-742.68,-0.67,-0.61,0.12,30.33
537,13455848,-665.53,-20.51,-744.63,-0.79,-0.67,0.37,30.33
538,13459898,-666.02,-20.02,-742.68,-0.37,-0.61,0.06,30.28
539,13463955,-663.09,-21.00,-737.79,-0.55,-0.43,0.00,30.47
540,13468005,-666.99,-20.02,-744.14,-0.85,-0.43,0.18,30.28
541,13473799,-665.04,-24.90,-742.19,-0.61,-0.49,0.49,30.19
542,13477848,-662.60,-24.41,-738.77,-0.49,-0.67,0.12,30.33
543,13481898,-665.04,-22.95,-743.65,-0.98,-0.37,0.30,30.19
544,13485955,-662.11,-20.51,-741.21,-0.73,-0.85,0.18,30.47
545,13490005,-668.46,-21.00,-742.19,-0.49,-0.67,0.24,30.67
546,13495799,-666.02,-22.46,-740.72,-0.61,-0.30,0.12,30.19
547,13499848,-664.55,-21.97,-745.12,-0.91,-0.67,0.24,30.33
548,13503898,-662.60,-22.46,-746.09,-0.43,-0.61,0.55,30.19
549,13507955,-666.02,-21.97,-742.19,-0.49,-0.49,0.24,30.52
550,13512005,-659.67,-25.88,-743.65,-0.73,-0.37,0.18,30.43
551,13517799,-664.06,-24.90,-744.14,-0.61,-0.73,0.49,30.43
552,13521848,-662.11,-21.00,-740.72,-0.43,-0.61,0.12,30.19
553,13525898,-663.09,-20.02,-739.75,-0.91,-0.37,0.18,30.47
554,13529955,-663.09,-21.97,-747.56,-0.98,-0.30,0.30,30.33
555,13534005,-663.09,-18.07,-744.63,-0.55,-0.67,0.24,30.47
556,13539799,-663.57,-27.34,-740.23,-0.49,-0.79,0.06,30.33
557,13543848,-660.64,-23.44,-745.12,-0.85,-0.37,0.06,30.62
558,13547898,-667.48,-21.48,-744.14,-0.55,-0.79,0.37,30.33
559,13551955,-671.87,-23.44,-738.77,-0.67,-0.73,0.37,30.43
560,13556005,-665.53,-21.97,-741.21,-0.73,-0.43,0.37,30.33
561,13561799,-662.11,-21.97,-747.56,-0.79,-0.61,0.49,30.47
562,13565848,-662.60,-19.53,-740.23,-0.49,-0.67,0.06,30.47
563,13569898,-662.11,-20.02,-739.26,-0.55,-0.91,0.30,30.28
564,13573955,-668.46,-20.51,-741.70,-0.91,-0.49,0.24,30.62
565,13578005,-663.09,-21.97,-748.05,-0.43,-0.91,0.30,30.33
566,13583799,-667.97,-22.95,-740.23,-0.61,-0.79,0.18,30.33
567,13587848,-664.06,-22.46,-745.12,-1.04,-0.30,0.55,30.43
568,13591898,-666.02,-20.51,-745.12,-0.79,-0.67,0.37,30.33
569,13595955,-665.53,-22.95,-741.70,-0.37,-0.67,0.12,30.33
570,13601799,-662.60,-25.88,-744.63,-0.73,-0.67,0.18,30.33
571,13605848,-664.55,-20.02,-744.14,-0.49,-0.67,0.30,29.95
572,13609898,-665.53,-18.55,-744.14,-0.43,-0.73,0.24,30.62
573,13613955,-664.55,-23.44,-741.70,-0.55,-0.73,0.18,30.33
574,13618005,-660.16,-24.90,-746.09,-0.67,-0.24,0.12,30.52
575,13623799,-660.64,-21.97,-740.72,-0.55,-0.43,0.37,30.43
576,13627848,-664.06,-22.46,-738.77,-0.67,-0.55,0.30,30.19
577,13631898,-660.16,-22.46,-740.23,-0.91,-0.49,0.24,30.33
578,13635955,-666.99,-21.00,-744.14,-0.79,-0.43,0.24,30.47
579,13640005,-661.62,-22.95,-740.23,-0.37,-0.67,0.30,30.19
580,13645799,-662.11,-24.41,-740.72,-0.73,-0.55,0.24,30.28
581,13649848,-664.06,-22.95,-744.63,-0.67,-0.30,0.30,30.19
582,13653898,-668.46,-23.44,-747.07,-0.43,-0.67,0.18,30.62
583,13657955,-664.55,-23.93,-746.58,-0.55,-0.61,0.30,30.43
584,13662005,-659.18,-22.46,-741.70,-0.85,-0.73,0.30,30.47
585,13667799,-665.04,-22.46,-742.68,-0.61,-0.06,0.24,30.09
586,13671848,-663.57,-21.00,-744.63,-0.49,-0.67,0.00,30.33
587,13675898,-662.11,-21.48,-742.19,-0.91,-0.61,0.30,30.19
588,13679955,-666.99,-17.09,-745.61,-0.79,-0.79,0.18,30.47
589,13684005,-667.48,-17.58,-744.14,-0.43,-0.49,0.18,29.99
590,13689799,-663.57,-21.00,-744.14,-0.79,-0.67,0.24,30.28
591,13693848,-666.02,-22.95,-746.09,-0.55,-0.61,0.12,30.52
592,13697898,-666.99,-19.53,-744.14,-0.43,-0.55,0.18,30.43
593,13701955,-666.50,-23.44,-745.12,-0.49,-0.43,-0.24,30.47
594,13706005,-666.02,-24.41,-743.16,-0.67,-0.55,0.24,30.52
595,13711799,-666.50,-20.51,-742.19,-0.67,-0.49,0.37,30.33
596,13715848,-666.02,-26.37,-741.70,-0.49,-0.73,0.00,30.33
597,13719898,-663.09,-19.04,-738.77,-0.67,-0.55,0.18,30.09
598,13723955,-661.13,-21.48,-740.72,-0.61,-0.49,0.43,30.67
599,13728005,-660.64,-22.46,-742.19,-0.43,-0.43,0.12,30.28
600,13733799,-663.09,-20.02,-746.58,-0.55,-0.55,0.12,30.19
601,13737848,-661.13,-21.00,-741.70,-0.79,-0.55,0.37,30.47
602,13741898,-669.43,-19.53,-740.23,-0.37,-0.73,0.12,30.33
603,13745955,-669.92,-18.07,-741.70,-0.49,-0.61,-0.30,30.43
604,13750005,-667.48,-22.46,-739.75,-0.85,-0.49,0.12,30.52
605,13755799,-665.04,-18.55,-744.63,-0.67,-0.55,0.43,30.33
606,13759848,-664.55,-19.04,-745.61,-0.43,-0.55,-0.06,30.33
607,13763898,-664.55,-21.97,-745.12,-0.85,-0.43,0.06,29.99
608,13767955,-665.53,-24.41,-742.19,-0.91,-0.49,0.24,30.33
609,13772005,-665.04,-16.11,-736.82,-0.49,-0.85,0.30,30.52
610,13777799,-662.11,-20.02,-743.65,-0.49,-0.55,0.18,30.19
611,13781848,-663.57,-20.02,-745.12,-0.79,-0.49,0.18,30.43
612,13785898,-663.57,-26.37,-746.58,-0.43,-0.55,0.43,30.47
613,13789955,-661.62,-21.00,-745.61,-0.43,-0.85,0.00,30.43
614,13794005,-663.09,-23.44,-741.21,-0.67,-0.30,0.12,30.62
615,13799799,-658.69,-24.41,-743.16,-0.91,-0.55,0.37,30.33
616,13803848,-662.11,-25.39,-743.65,-0.49,-1.04,0.24,30.33
617,13807898,-665.53,-19.04,-740.23,-0.55,-0.55,0.18,30.47
618,13811955,-664.55,-22.95,-740.23,-1.16,-0.37,0.06,30.62
619,13816005,-665.04,-20.51,-742.19,-0.91,-0.55,0.37,30.33
620,13821799,-666.99,-19.04,-743.65,-0.37,-0.61,0.00,30.33
621,13825848,-661.62,-22.95,-738.77,-0.55,0.00,-0.06,30.19
622,13829898,-663.57,-26.37,-743.16,-0.79,-0.37,0.30,30.14
623,13833955,-661.62,-21.97,-743.65,-0.30,-0.73,0.30,30.33
624,13839799,-666.02,-21.97,-742.19,-0.85,-0.43,0.30,30.14
625,13843848,-661.62,-24.41,-744.63,-1.04,-0.55,0.37,30.33
626,13847898,-661.62,-22.95,-743.16,-0.49,-0.79,0.24,30.81
627,13851955,-664.06,-20.02,-740.23,-0.55,-0.98,0.06,30.47
628,13856005,-659.67,-22.46,-741.70,-0.73,-0.55,0.43,30.43
629,13861799,-663.09,-21.48,-744.14,-0.61,-0.37,0.12,30.19
630,13865848,-665.04,-25.39,-741.21,-0.55,-0.67,0.30,29.90
631,13869898,-662.60,-23.93,-747.56,-0.67,-0.49,0.18,30.52
632,13873955,-665.53,-25.88,-743.16,-0.61,-0.55,0.18,29.99
633,13878005,-666.02,-21.00,-745.61,-0.55,-0.79,0.37,30.33
634,13883799,-666.50,-21.48,-739.75,-0.55,-0.61,0.30,30.43
635,13887848,-664.06,-20.51,-745.12,-0.91,-0.30,0.55,30.28
636,13891898,-661.13,-22.46,-746.58,-0.37,-0.55,0.24,30.33
637,13895955,-666.50,-23.93,-740.72,-0.49,-0.91,0.18,30.43
638,13900005,-660.64,-21.48,-740.23,-0.91,-0.73,0.37,30.33
639,13905799,-660.64,-26.37,-742.19,-0.79,-0.43,0.49,30.19
640,13909848,-659.67,-21.00,-740.23,-0.91,-0.43,0.06,30.47
641,13913898,-661.13,-22.46,-745.12,-0.85,-0.55,-0.06,30.43
642,13917955,-666.02,-24.90,-744.63,-1.10,-0.06,0.37,30.33
643,13922005,-662.11,-21.48,-744.63,-0.73,-0.43,0.06,29.99
644,13927799,-665.53,-22.46,-743.16,-0.30,-0.43,0.43,30.33
645,13931848,-664.55,-19.04,-745.61,-0.55,-0.43,0.18,30.33
646,13935898,-662.11,-18.55,-744.14,-0.61,-0.43,0.49,30.47
647,13939955,-664.55,-21.97,-741.70,-0.55,-0.85,0.12,30.33
648,13944005,-665.04,-25.39,-740.23,-0.73,-0.98,0.30,30.33
649,13949799,-668.46,-18.55,-743.65,-0.61,-0.67,0.43,30.33
650,13953848,-663.09,-15.14,-746.09,-0.49,-0.73,0.18,30.33
651,13957898,-663.57,-22.95,-742.19,-0.55,-0.55,0.00,30.14
652,13961955,-666.02,-27.34,-747.56,-0.85,-0.79,0.43,30.62
653,13966005,-662.11,-22.46,-743.16,-0.61,-0.37,0.37,30.62
654,13971799,-662.11,-23.93,-743.16,-0.37,-0.30,0.12,30.43
655,13975848,-664.06,-22.46,-740.72,-0.85,-0.85,0.24,30.33
656,13979898,-665.04,-20.51,-742.68,-0.61,-0.37,0.30,29.99
657,13983955,-664.55,-19.53,-745.61,-0.55,-0.61,0.00,30.19
658,13988005,-664.06,-24.41,-744.14,-0.85,-0.37,0.18,30.33
659,13993799,-667.97,-23.44,-747.56,-0.85,-0.49,0.24,30.33
660,13997848,-666.02,-19.04,-743.16,-0.37,-0.30,-0.06,30.33
661,14001898,-663.57,-22.95,-742.19,-0.61,-0.30,0.18,30.33
662,14005955,-659.67,-22.95,-746.09,-0.91,-0.79,0.37,30.19
663,14010005,-667.97,-19.04,-743.16,-0.61,-0.79,0.37,30.33
664,14015799,-662.60,-19.53,-739.26,-0.55,-1.04,0.37,30.19
665,14019848,-661.62,-22.46,-742.19,-1.10,-0.73,0.24,30.19
666,14023898,-659.67,-20.51,-745.12,-0.91,-0.43,0.43,30.43
667,14027955,-660.64,-15.62,-743.65,-0.49,-0.67,0.12,30.47
668,14032005,-670.90,-22.95,-740.23,-0.37,-0.61,0.18,30.47
669,14037799,-664.55,-23.93,-738.77,-0.55,-0.55,0.24,30.47
670,14041848,-666.99,-19.04,-744.14,-0.24,-0.43,0.37,30.33
671,14045898,-665.04,-21.48,-740.23,-0.55,-0.43,0.06,30.47
672,14049955,-663.09,-28.32,-746.09,-0.79,-0.55,0.18,30.33
673,14054005,-663.09,-18.07,-742.19,-0.61,-0.49,0.18,30.19
674,14059799,-666.02,-24.41,-740.23,-0.61,-0.43,0.24,30.47
675,14063848,-662.60,-21.97,-741.70,-0.55,-0.49,0.30,30.67
676,14067898,-667.48,-27.83,-740.23,-0.85,-0.67,0.43,30.43
677,14071955,-664.55,-20.51,-743.16,-0.85,-0.73,0.43,30.67
678,14077799,-659.67,-21.97,-739.26,-0.55,-0.49,0.12,29.99
679,14081848,-659.67,-20.51,-746.58,-1.04,-0.37,0.12,30.09
680,14085898,-659.18,-23.44,-739.26,-0.49,-0.85,0.43,30.19
681,14089955,-662.60,-20.51,-741.21,-0.49,-0.98,0.37,30.52
682,14094005,-664.06,-20.51,-745.12,-0.73,-0.43,0.06,30.47
683,14099799,-662.60,-22.46,-745.12,-0.55,-0.67,0.37,29.95
684,14103848,-669.92,-24.41,-740.72,-0.55,-0.67,-0.06,30.33
685,14107898,-665.53,-22.46,-740.72,-0.91,-0.37,0.00,30.52
686,14111955,-662.11,-21.00,-744.63,-0.61,0.00,0.18,30.43
687,14116005,-661.13,-24.41,-743.16,-0.43,-0.61,0.24,29.99
688,14121799,-666.50,-22.46,-738.28,-0.12,-0.67,0.12,29.99
689,14125848,-660.16,-21.97,-742.68,-0.79,-0.30,-0.06,30.19
690,14129898,-669.43,-20.02,-743.16,-0.43,-0.67,0.24,30.33
691,14133955,-660.64,-21.97,-739.75,-0.43,-0.98,0.18,30.33
692,14138005,-665.04,-22.95,-739.26,-0.49,-0.49,0.37,30.33
693,14143799,-664.55,-19.53,-748.54,-0.85,-0.49,0.37,30.33
694,14147848,-667.97,-21.97,-746.58,-0.30,-0.55,0.12,30.52
695,14151898,-665.53,-22.95,-744.14,-0.37,-0.79,0.06,30.43
696,14155955,-663.57,-22.46,-743.65,-0.73,-0.49,0.18,30.33
697,14160005,-661.13,-23.93,-743.16,-0.79,-0.61,0.18,29.99
698,14165799,-661.62,-26.37,-743.65,-0.67,-0.79,0.24,30.43
699,14169848,-664.55,-21.97,-740.72,-0.61,-0.73,0.43,30.43
700,14173898,-662.60,-20.51,-738.28,-0.49,-0.37,0.43,30.47
701,14177955,-666.50,-25.88,-743.65,-0.55,-0.24,0.06,30.67
702,14182005,-665.53,-24.41,-747.07,-0.55,-0.55,0.06,30.47
703,14187799,-658.20,-23.44,-739.75,-0.73,-0.18,0.18,30.33
704,14191848,-661.13,-21.97,-743.16,-0.55,-0.67,0.18,30.19
705,14195898,-656.25,-22.95,-738.77,-0.55,-0.79,0.18,29.90
706,14199955,-664.06,-24.41,-744.63,-0.49,-0.67,0.12,30.14
707,14204005,-662.60,-21.48,-739.75,-0.91,-0.61,0.12,30.47
708,14209799,-661.13,-24.41,-743.65,-0.73,-0.73,0.12,30.47
709,14213848,-657.71,-20.51,-736.82,-0.37,-0.55,0.24,30.19
710,14217898,-667.97,-21.97,-741.70,-0.67,-0.49,0.30,29.99
711,14221955,-664.06,-23.44,-741.70,-0.67,-0.37,0.30,30.67
712,14226005,-663.09,-24.41,-743.16,-0.73,-0.55,0.24,30.33
713,14231799,-664.06,-21.48,-746.09,-0.79,-0.61,0.06,30.33
714,14235848,-664.55,-20.02,-747.07,-0.37,-0.49,0.43,30.47
715,14239898,-662.60,-22.46,-741.21,-0.30,-0.98,0.18,29.95
716,14243955,-661.62,-22.95,-742.19,-0.73,-0.79,0.30,30.28
717,14248005,-665.04,-20.02,-745.12,-0.91,-0.55,0.37,30.28
718,14253799,-667.97,-23.93,-742.68,-0.37,-0.55,0.06,30.28
719,14257848,-663.09,-19.53,-740.72,-0.61,-0.37,0.06,30.33
720,14261898,-662.60,-21.00,-742.19,-0.79,-0.43,0.24,30.33
721,14265955,-666.02,-19.53,-742.68,-0.37,-0.55,0.37,30.43
722,14270005,-659.67,-22.46,-743.16,-0.55,-0.67,0.18,30.47
723,14275799,-659.67,-21.48,-739.26,-0.73,-0.67,0.30,30.52
724,14279848,-665.53,-22.46,-746.09,-0.43,-0.85,0.30,30.62
725,14283898,-663.57,-20.51,-743.65,-0.49,-0.73,-0.06,30.52
726,14287955,-662.60,-22.95,-737.79,-0.79,-0.55,0.18,30.33
727,14292005,-662.11,-19.53,-740.72,-0.79,-0.61,0.55,30.52
728,14297799,-666.99,-21.00,-742.19,-0.49,-0.49,0.06,30.52
729,14301848,-659.67,-20.02,-742.68,-0.73,-0.37,-0.06,30.43
730,14305898,-665.04,-19.04,-743.65,-0.61,-0.43,0.24,30.33
731,14309955,-665.04,-21.48,-745.61,-0.61,-0.79,0.30,30.47
732,14315799,-666.50,-21.97,-742.68,-0.24,-0.73,-0.12,30.33
733,14319848,-664.06,-25.39,-739.26,-0.91,-0.79,0.06,30.28
734,14323898,-664.55,-22.46,-744.63,-0.49,-0.79,0.24,30.62
735,14327955,-663.09,-19.04,-742.19,-0.61,-0.73,0.37,30.43
736,14332005,-665.04,-21.00,-742.19,-0.79,-0.49,0.06,30.33
737,14337799,-666.99,-23.93,-744.63,-0.67,-0.49,0.18,30.19
738,14341848,-660.64,-25.88,-742.19,-0.43,-0.49,0.30,30.09
739,14345898,-661.62,-21.00,-740.23,-0.55,-0.49,0.18,30.43
740,14349955,-666.02,-20.51,-737.79,-0.91,-0.49,0.12,30.52
741,14354005,-664.55,-19.53,-740.23,-0.67,-0.43,0.12,29.80
742,14359799,-660.64,-22.46,-740.72,-0.37,-0.79,0.30,30.33
743,14363848,-661.62,-22.95,-741.21,-1.04,-0.55,0.43,30.09
744,14367898,-662.60,-21.48,-738.77,-0.49,-0.67,0.55,30.47
745,14371955,-666.50,-18.07,-742.19,-0.37,-0.67,0.12,30.43
746,14376005,-666.99,-21.48,-743.16,-0.61,-0.43,0.30,29.95
747,14381799,-666.50,-24.41,-745.61,-0.85,-0.30,0.24,30.09
748,14385848,-664.06,-18.07,-743.65,-0.61,-0.85,0.30,30.52
749,14389898,-662.60,-24.90,-742.68,-0.49,-1.22,0.30,30.52
750,14393955,-662.60,-19.53,-743.16,-0.73,-0.85,0.12,30.33
751,14398005,-661.62,-21.97,-744.14,-0.67,-0.98,0.43,30.33
752,14403799,-663.09,-21.00,-738.77,-0.30,-1.04,0.12,30.33
753,14407848,-662.60,-18.55,-739.26,-0.61,-0.24,0.18,30.52
754,14411898,-658.69,-24.41,-740.23,-0.85,-0.43,0.12,30.43
755,14415955,-664.06,-23.44,-741.21,-0.55,-0.43,0.12,30.62
756,14420005,-665.04,-23.93,-740.72,-0.61,-0.37,0.24,30.33
757,14425799,-665.04,-25.39,-745.61,-0.73,-0.18,0.18,30.43
758,14429848,-666.50,-22.46,-745.12,-0.55,-0.67,0.18,30.28
759,14433898,-664.06,-24.90,-738.28,-0.55,-0.73,0.12,30.33
760,14437955,-658.69,-19.04,-739.26,-0.98,-0.61,0.30,30.47
761,14442005,-659.67,-20.51,-743.65,-0.67,-0.85,0.06,30.33
762,14447799,-665.53,-21.48,-740.23,-0.55,-1.28,0.18,30.19
763,14451848,-662.60,-22.46,-741.21,-0.73,-0.67,0.06,30.43
764,14455898,-664.55,-23.44,-743.16,-0.85,-0.12,0.30,29.99
765,14459955,-665.53,-19.04,-745.12,-0.43,-0.37,0.24,30.19
766,14464005,-663.09,-18.55,-743.65,-0.79,-0.43,0.12,30.62
767,14469799,-665.04,-25.88,-743.16,-0.67,-0.30,0.24,30.19
768,14473848,-666.50,-22.46,-744.63,-0.67,-0.85,0.49,30.43
769,14477898,-666.50,-21.48,-739.26,-0.73,-1.22,0.30,30.19
770,14481955,-666.50,-18.07,-738.77,-0.67,-1.16,0.49,30.62
771,14486005,-662.60,-22.46,-740.23,-0.85,-0.91,0.30,30.09
772,14491799,-662.11,-21.97,-745.61,-0.43,-0.91,0.37,30.28
773,14495848,-662.60,-21.00,-737.79,-0.79,-0.49,0.30,30.33
774,14499898,-666.99,-25.39,-745.12,-0.91,-0.30,0.24,30.43
775,14503955,-667.48,-21.97,-743.65,-0.67,-0.49,0.37,30.33
776,14508005,-664.55,-22.46,-739.75,-0.55,-0.67,0.18,30.19
777,14513799,-666.02,-23.93,-746.09,-1.04,-0.37,0.06,30.47
778,14517848,-661.62,-22.95,-744.14,-0.43,-0.30,0.12,30.28
779,14521898,-664.06,-21.48,-741.70,-0.18,-0.61,0.06,30.43
780,14525955,-657.71,-21.48,-740.23,-0.73,-0.73,0.37,30.33
781,14530005,-662.11,-21.48,-742.19,-0.37,-0.79,0.37,30.33
782,14535799,-661.13,-23.44,-743.16,-0.49,-0.79,0.18,30.43
783,14539848,-659.67,-24.90,-744.14,-0.55,-0.67,0.00,30.52
784,14543898,-666.50,-25.88,-743.65,-0.79,-0.73,0.49,30.52
785,14547955,-664.55,-23.44,-739.26,-0.67,-0.61,0.24,29.99
786,14553799,-663.57,-23.44,-742.19,-0.43,-0.55,0.18,30.28
787,14557848,-667.97,-26.86,-742.19,-0.85,-0.91,0.06,30.33
788,14561898,-664.06,-22.46,-749.02,-0.73,-0.73,0.24,30.33
789,14565955,-662.60,-24.90,-743.65,-0.24,-1.04,0.18,30.47
790,14570005,-662.11,-21.48,-740.23,-0.49,-1.04,0.12,30.47
791,14575799,-664.06,-20.02,-742.19,-1.10,-0.98,0.49,29.95
792,14579848,-661.62,-15.14,-742.19,-0.55,-0.79,0.18,30.28
793,14583898,-665.04,-22.95,-738.77,-0.43,-0.61,0.18,30.33
794,14587955,-660.16,-23.44,-740.23,-0.85,-0.79,0.30,30.47
795,14592005,-666.02,-21.97,-739.75,-0.43,-0.61,0.43,30.19
796,14597799,-666.50,-23.93,-745.61,-0.43,-0.18,0.30,30.28
797,14601848,-659.18,-26.86,-740.23,-0.79,-0.12,0.18,30.33
798,14605898,-667.97,-15.62,-745.12,-0.67,-0.37,0.49,30.47
799,14609955,-665.53,-20.02,-741.70,-0.37,-0.12,0.06,30.28
800,14614005,-662.60,-24.90,-741.70,-0.91,-0.37,0.00,30.19
801,14619799,-665.04,-21.97,-744.63,-0.91,-0.61,0.12,30.28
802,14623848,-669.43,-19.53,-741.70,-0.30,-0.79,0.37,30.52
803,14627898,-662.60,-23.44,-741.21,-0.37,-0.79,-0.12,30.52
804,14631955,-661.13,-25.88,-744.63,-0.98,-0.49,0.37,30.47
805,14636005,-665.04,-26.86,-744.14,-0.67,-0.49,0.49,30.09
806,14641799,-664.55,-19.53,-742.19,-0.61,-0.24,0.12,30.62
807,14645848,-662.60,-21.00,-742.68,-0.79,-0.18,0.30,30.52
808,14649898,-663.09,-19.04,-742.68,-0.79,-0.55,0.55,30.47
809,14653955,-665.04,-21.00,-743.16,-0.55,-0.73,0.24,30.43
810,14658005,-662.60,-21.48,-742.19,-0.73,-0.73,0.12,30.33
811,14663799,-663.09,-21.48,-742.68,-0.91,-0.55,0.18,30.33
812,14667848,-662.60,-19.53,-741.21,-0.30,-0.73,0.55,30.62
813,14671898,-666.02,-15.62,-742.68,-0.43,-0.55,0.12,29.99
814,14675955,-666.50,-24.41,-744.14,-0.85,0.00,0.12,30.47
815,14680005,-666.50,-24.41,-745.12,-0.61,-0.30,0.43,30.33
816,14685799,-666.99,-20.02,-746.09,-0.55,-0.67,0.37,30.47
817,14689848,-662.60,-21.00,-744.14,-0.73,-0.18,0.00,30.28
818,14693898,-659.18,-23.93,-742.68,-0.79,-0.18,0.49,30.43
819,14697955,-663.57,-23.44,-744.14,-0.79,-0.91,0.61,30.19
820,14702005,-666.02,-21.48,-740.23,-0.61,-0.73,0.30,30.52
821,14707799,-660.16,-19.04,-737.79,-0.85,-0.12,0.18,30.19
822,14711848,-665.04,-20.51,-743.65,-0.37,-0.55,0.30,30.67
823,14715898,-663.57,-16.60,-738.77,-0.43,-0.79,0.00,29.99
824,14719955,-665.04,-23.44,-743.65,-0.55,-0.55,0.12,30.62
825,14724005,-663.57,-23.93,-744.14,-0.79,-0.43,0.61,30.33
826,14729799,-668.46,-17.09,-742.19,-0.30,-0.55,0.37,30.43
827,14733848,-663.57,-22.46,-745.12,-0.37,-0.67,0.37,30.47
828,14737898,-665.04,-19.04,-739.26,-0.49,-0.67,0.12,30.33
829,14741955,-660.64,-17.09,-744.63,-0.79,-0.61,0.12,30.33
830,14746005,-663.09,-20.02,-743.65,-0.43,-1.04,0.24,30.28
831,14751799,-665.53,-20.51,-740.72,-0.79,-0.67,0.43,30.47
832,14755848,-662.11,-19.53,-737.30,-0.55,-0.55,0.30,30.47
833,14759898,-663.09,-20.51,-743.16,-0.61,-0.67,0.30,30.47
834,14763955,-662.60,-21.00,-740.72,-0.79,-0.49,0.18,30.33
835,14768005,-660.16,-22.95,-744.14,-0.79,-0.55,0.49,30.43
836,14773799,-662.11,-17.58,-740.72,-0.67,-0.55,0.24,30.09
837,14777848,-659.67,-23.93,-745.61,-0.30,-0.85,0.06,30.67
838,14781898,-661.13,-23.93,-742.68,-0.79,-0.67,0.37,30.47
839,14785955,-662.11,-21.00,-745.12,-0.37,-0.67,0.30,30.19
840,14791799,-662.60,-24.90,-741.70,-0.37,-0.55,-0.06,30.33
841,14795848,-666.50,-25.39,-740.72,-0.79,-0.55,0.12,29.95
842,14799898,-666.02,-24.41,-746.09,-0.55,-0.49,0.12,30.33
843,14803955,-661.13,-22.46,-740.23,-0.43,-0.67,0.24,30.33
844,14808005,-662.60,-26.37,-741.70,-0.73,-0.79,0.43,30.33
845,14813799,-660.64,-21.00,-743.16,-0.67,-0.73,0.49,30.33
846,14817848,-661.62,-24.90,-744.14,-0.61,-0.49,0.18,30.33
847,14821898,-666.50,-22.46,-741.21,-0.67,-0.67,0.18,30.43
848,14825955,-665.04,-22.95,-744.14,-0.61,-0.61,0.43,30.33
849,14830005,-666.02,-20.02,-742.19,-0.61,-0.61,0.37,30.33
850,14835799,-667.48,-25.39,-740.72,-0.61,-0.67,0.18,30.09
851,14839848,-664.55,-23.93,-740.72,-0.79,-0.55,0.30,30.33
852,14843898,-663.57,-20.02,-741.21,-0.79,-0.49,0.30,30.52
853,14847955,-660.16,-23.93,-742.68,-0.73,-0.24,0.18,30.33
854,14852005,-663.57,-23.93,-744.63,-0.49,-0.61,0.12,30.28
855,14857799,-665.04,-15.62,-746.09,-0.67,-0.61,0.37,30.33
856,14861848,-666.50,-18.55,-742.19,-0.79,-0.49,0.12,30.47
857,14865898,-665.04,-18.07,-745.12,-0.67,-0.79,-0.06,30.67
858,14869955,-666.99,-23.44,-745.61,-0.85,-0.61,0.37,30.43
859,14874005,-670.41,-17.09,-745.61,-0.61,-0.43,0.37,29.99
860,14879799,-667.48,-24.90,-745.12,-0.43,-0.49,0.06,30.71
861,14883848,-659.18,-26.37,-739.75,-0.73,-0.67,0.30,30.52
862,14887898,-664.06,-20.51,-743.65,-0.79,-0.55,0.43,30.19
863,14891955,-667.97,-21.00,-741.21,-0.37,-0.55,0.18,30.62
864,14896005,-662.11,-24.90,-739.26,-0.61,-0.61,0.18,30.47
865,14901799,-663.09,-20.51,-739.75,-0.91,-0.67,0.43,30.47
866,14905848,-663.57,-23.44,-740.23,-0.43,-0.55,0.18,30.52
867,14909898,-661.13,-24.41,-737.79,-0.73,-0.73,-0.06,30.19
868,14913955,-659.67,-21.48,-742.68,-0.79,-0.79,0.00,30.43
869,14918005,-667.48,-21.97,-739.26,-0.43,-0.79,0.55,30.52
870,14923799,-666.99,-23.93,-742.19,-0.43,-0.49,0.30,30.28
871,14927848,-655.27,-22.46,-740.72,-0.79,-0.37,0.12,30.62
872,14931898,-661.62,-22.95,-745.12,-0.67,-0.49,0.43,30.33
873,14935955,-666.02,-20.02,-748.54,-0.61,-0.43,0.37,30.67
874,14940005,-663.09,-24.41,-744.14,-0.73,-0.55,0.00,30.19
875,14945799,-662.11,-24.90,-744.63,-0.85,-0.30,0.49,30.47
876,14949848,-666.02,-21.00,-744.63,-0.49,-0.73,0.18,30.62
877,14953898,-666.99,-19.53,-745.61,-0.67,-0.73,0.00,30.28
878,14957955,-662.11,-26.37,-746.09,-0.91,-0.37,0.18,30.09
879,14962005,-666.50,-21.97,-746.09,-0.73,-0.61,0.49,30.47
880,14967799,-664.55,-20.02,-741.70,-0.43,-0.61,-0.06,30.33
881,14971848,-662.60,-21.97,-744.63,-0.61,-0.24,0.24,30.62
882,14975898,-663.09,-22.95,-744.63,-0.61,-0.37,0.30,30.09
883,14979955,-662.60,-17.09,-743.16,-0.24,-0.91,0.18,30.33
884,14984005,-662.11,-23.44,-742.68,-0.55,-0.85,0.18,30.52
885,14989799,-663.09,-27.83,-739.26,-0.85,-0.73,0.30,30.43
886,14993848,-664.55,-21.97,-742.68,-0.67,-0.85,0.55,30.52
887,14997898,-658.69,-25.88,-736.33,-0.55,-0.85,0.06,30.52
888,15001955,-660.16,-24.41,-744.63,-0.85,-0.24,-0.12,30.47
889,15006005,-666.50,-21.97,-746.58,-0.61,-0.37,0.06,30.43
890,15011799,-665.53,-26.37,-750.49,-0.30,-1.04,0.37,30.62
891,15015848,-660.16,-21.97,-742.68,-0.43,-0.61,-0.06,30.47
892,15019898,-666.02,-21.97,-740.72,-0.73,-0.85,0.18,30.62
893,15023955,-663.09,-20.51,-739.75,-0.67,-1.16,0.24,30.28
894,15029799,-666.50,-22.46,-740.72,-0.55,-1.10,0.18,30.09
895,15033848,-666.99,-21.97,-744.63,-0.73,0.12,0.24,30.47
896,15037898,-667.97,-21.48,-748.54,-0.67,-0.18,0.18,30.47
897,15041955,-663.57,-23.44,-742.68,-0.49,-0.12,0.24,30.33
898,15046005,-667.48,-22.46,-739.26,-0.61,0.00,0.06,30.52
899,15051799,-663.09,-21.97,-746.09,-0.79,-0.43,0.30,30.33
900,15055848,-663.57,-22.46,-738.77,-0.24,-0.85,0.06,29.95
901,15059898,-666.50,-24.41,-738.77,-0.73,-0.67,0.24,30.28
902,15063955,-666.99,-20.51,-745.12,-0.73,-0.49,0.12,30.33
903,15068005,-664.06,-21.97,-742.19,-0.73,-0.30,0.18,30.28
904,15073799,-661.13,-21.00,-741.21,-0.49,-0.61,0.18,29.99
905,15077848,-664.55,-22.95,-748.54,-0.61,0.06,0.43,30.28
906,15081898,-669.43,-22.95,-744.63,-0.49,-0.12,0.18,30.33
907,15085955,-656.74,-24.41,-742.19,-0.55,-0.98,0.00,30.52
908,15090005,-665.04,-21.00,-742.68,-0.73,-1.04,0.43,30.47
909,15095799,-660.16,-25.88,-741.70,-0.55,-0.55,0.24,30.67
910,15099848,-662.11,-23.44,-745.12,-0.43,-0.91,0.24,30.33
911,15103898,-665.04,-22.95,-737.79,-0.67,-0.73,0.24,30.28
912,15107955,-665.53,-17.58,-742.68,-0.98,-0.43,0.06,30.67
913,15112005,-664.55,-15.62,-744.63,-0.55,-0.67,0.24,30.09
914,15117799,-667.48,-23.93,-743.16,-0.67,-0.61,0.24,30.47
915,15121848,-663.57,-23.93,-744.63,-0.73,-0.61,0.43,30.28
916,15125898,-663.57,-21.97,-739.26,-0.73,-0.55,0.43,30.47
917,15129955,-662.11,-21.00,-742.68,-0.67,-0.91,0.12,30.47
918,15134005,-662.60,-22.95,-740.23,-0.79,-0.85,0.12,30.47
919,15139799,-664.55,-18.55,-743.65,-0.67,-0.55,0.61,30.43
920,15143848,-664.55,-22.46,-745.12,-0.49,-0.37,0.37,30.33
921,15147898,-661.13,-22.46,-741.21,-0.49,-0.49,-0.18,30.43
922,15151955,-660.16,-21.48,-745.61,-0.55,-0.61,0.43,30.33
923,15156005,-662.60,-19.53,-742.19,-0.61,-0.43,0.30,30.47
924,15161799,-666.50,-24.90,-742.19,-0.49,-0.73,0.30,30.43
925,15165848,-661.13,-23.93,-743.16,-0.98,-0.79,0.49,30.62
926,15169898,-670.90,-20.51,-746.58,-0.73,-0.55,0.55,30.19
927,15173955,-666.02,-21.97,-744.63,-0.49,-0.55,0.06,30.52
928,15178005,-661.62,-23.44,-745.12,-0.73,-0.49,0.12,30.52
929,15183799,-667.97,-22.46,-747.07,-0.73,-0.61,0.55,30.47
930,15187848,-663.57,-22.95,-742.68,-0.55,-0.67,0.30,30.47
931,15191898,-662.11,-18.07,-741.70,-0.49,-0.91,-0.06,30.33
932,15195955,-664.55,-24.41,-742.68,-0.98,-0.91,0.00,30.47
933,15200005,-665.53,-21.97,-740.23,-0.61,-0.61,0.55,30.52
934,15205799,-667.97,-17.09,-741.21,-0.37,-0.49,0.12,30.33
935,15209848,-664.55,-23.93,-742.19,-0.79,-0.43,0.06,30.33
936,15213898,-666.02,-22.95,-747.56,-0.55,-0.55,0.43,30.43
937,15217955,-666.99,-20.51,-741.70,-0.30,-0.24,0.18,30.43
938,15222005,-663.57,-22.46,-739.75,-0.55,-0.61,-0.12,30.33
939,15227799,-661.13,-26.37,-744.14,-0.98,-0.49,0.12,30.52
940,15231848,-666.99,-19.53,-743.16,-0.37,-0.85,0.67,30.33
941,15235898,-665.53,-21.00,-743.16,-0.73,-0.79,0.00,30.43
942,15239955,-662.60,-22.46,-742.68,-0.98,-0.43,0.06,30.33
943,15244005,-666.50,-21.48,-745.12,-0.73,-0.67,0.61,30.47
944,15249799,-666.99,-19.53,-740.72,-0.37,-0.30,0.24,30.81
945,15253848,-666.50,-24.41,-739.75,-0.67,-0.30,0.00,30.33
946,15257898,-662.60,-22.95,-742.68,-0.91,-0.55,0.43,30.43
947,15261955,-662.11,-21.00,-743.16,-0.55,-0.79,0.30,30.33
948,15267799,-666.50,-21.48,-738.77,-0.55,-0.30,0.24,30.33
949,15271848,-660.64,-23.93,-742.19,-0.98,-0.24,0.12,30.47
950,15275898,-663.57,-19.53,-746.09,-0.67,-0.79,0.43,30.43
951,15279955,-662.60,-24.41,-735.84,-0.55,-0.85,0.18,30.33
952,15284005,-667.97,-17.58,-747.56,-0.79,-0.30,0.00,30.33
953,15289799,-664.55,-19.04,-746.58,-0.61,-0.55,0.55,30.09
954,15293848,-658.20,-18.07,-743.16,-0.37,-0.79,0.12,29.99
955,15297898,-662.60,-23.44,-741.21,-0.67,-0.55,0.18,30.33
956,15301955,-664.06,-20.51,-748.05,-0.85,-0.43,0.18,30.33
957,15306005,-667.97,-21.48,-743.16,-0.49,-0.73,0.12,30.28
958,15311799,-664.55,-24.41,-743.16,-0.61,-0.79,0.12,30.19
959,15315848,-663.09,-26.37,-738.77,-0.91,-0.12,0.06,30.28
960,15319898,-664.06,-18.07,-740.72,-0.67,-0.98,0.30,30.28
961,15323955,-665.53,-20.51,-740.72,-0.30,-0.73,0.18,30.33
962,15328005,-662.11,-19.04,-737.79,-0.73,-0.30,0.06,30.33
963,15333799,-661.13,-24.41,-745.12,-0.91,-0.24,0.12,30.33
964,15337848,-663.09,-21.00,-738.28,-0.73,-0.85,0.06,30.43
965,15341898,-663.57,-21.97,-741.70,-0.43,-0.61,0.06,30.67
966,15345955,-659.18,-22.46,-741.21,-0.67,-0.37,0.18,30.33
967,15350005,-663.09,-20.02,-746.58,-0.37,-0.37,0.24,30.43
968,15355799,-665.53,-18.55,-741.70,-0.67,-0.91,0.18,30.52
969,15359848,-663.09,-24.41,-740.72,-0.91,-0.24,0.18,30.47
970,15363898,-668.46,-23.44,-745.61,-0.91,-0.67,0.55,30.43
971,15367955,-666.99,-20.51,-743.65,-0.61,-0.91,0.06,30.47
972,15372005,-664.06,-24.90,-742.68,-0.61,-0.55,0.18,30.43
973,15377799,-660.16,-25.88,-741.70,-0.85,-0.37,0.30,30.52
974,15381848,-665.53,-17.58,-745.61,-0.43,-0.49,-0.06,30.71
975,15385898,-663.09,-23.44,-740.72,-0.67,-0.79,0.24,30.71
976,15389955,-664.55,-19.53,-739.75,-0.67,-0.55,0.43,30.62
977,15394005,-666.50,-19.04,-750.00,-0.79,-0.37,0.37,30.33
978,15399799,-661.62,-18.55,-739.75,-0.61,-0.61,0.24,30.67
979,15403848,-665.04,-20.02,-744.63,-0.73,-0.67,0.24,30.33
980,15407898,-665.53,-14.65,-742.68,-0.67,-0.24,0.18,30.19
981,15411955,-665.53,-21.97,-745.12,-0.43,-0.67,-0.06,30.09
982,15416005,-664.55,-21.48,-739.75,-0.61,-0.79,0.24,30.09
983,15421799,-662.60,-23.44,-746.09,-0.67,-0.67,0.43,30.62
984,15425848,-663.09,-20.02,-743.16,-0.55,-0.55,0.12,30.62
985,15429898,-666.50,-25.88,-743.65,-0.61,-0.79,0.12,30.19
986,15433955,-666.02,-26.86,-741.70,-0.91,-0.24,0.24,30.43
987,15438005,-667.97,-19.53,-742.19,-0.61,-0.30,0.43,30.43
988,15443799,-662.11,-16.11,-740.23,-0.61,-0.73,0.00,30.52
989,15447848,-665.04,-22.95,-742.19,-0.67,-0.37,0.06,30.43
990,15451898,-662.60,-18.07,-740.23,-0.61,-0.61,0.55,30.19
991,15455955,-662.60,-20.02,-741.70,-0.61,-0.55,0.06,30.47
992,15460005,-660.64,-21.48,-735.35,-0.61,-0.67,0.06,30.33
993,15465799,-666.50,-23.44,-740.23,-0.73,-0.49,0.24,30.47
994,15469848,-663.09,-22.46,-738.77,-0.55,-0.61,0.18,30.67
995,15473898,-664.06,-22.46,-739.75,-0.43,-0.67,0.30,30.33
996,15477955,-661.62,-23.44,-737.30,-0.91,-0.67,0.43,30.33
997,15482005,-658.20,-19.53,-745.12,-0.37,-0.55,0.49,30.47
998,15487799,-664.06,-22.46,-741.21,-0.24,-0.55,0.12,30.43
999,15491848,-661.62,-22.46,-741.70,-0.79,-0.55,0.06,30.47
1000,15495898,-667.97,-21.00,-741.21,-0.73,-0.49,0.30,30.43
1001,15499955,-668.95,-18.55,-741.21,-0.49,-0.30,0.30,30.47
1002,15505799,-661.13,-24.41,-740.72,-0.55,-0.49,-0.30,30.28
1003,15509848,-659.67,-22.46,-740.72,-0.79,-0.49,0.61,30.28
1004,15513898,-666.02,-17.58,-747.07,-0.37,-0.79,0.67,30.52
1005,15517955,-662.60,-21.97,-737.79,-0.24,-0.61,-0.18,30.33
1006,15522005,-659.18,-23.93,-739.26,-0.91,-0.49,0.06,30.47
1007,15527799,-661.62,-21.48,-743.16,-0.61,-0.61,0.73,29.99
1008,15531848,-664.55,-21.97,-741.70,-0.30,-0.61,0.30,29.90
1009,15535898,-661.62,-22.46,-741.70,-1.04,-0.30,-0.18,30.52
1010,15539955,-664.06,-21.97,-747.07,-0.91,-0.18,0.37,30.33
1011,15544005,-666.50,-20.02,-743.16,-0.55,-0.37,0.30,30.33
1012,15549799,-663.09,-18.55,-740.72,-0.61,-0.73,0.18,30.19
1013,15553848,-662.11,-20.02,-747.07,-0.91,-0.85,0.24,30.47
1014,15557898,-664.06,-22.46,-739.26,-0.55,-1.10,0.67,30.47
1015,15561955,-662.60,-21.00,-738.77,-0.43,-1.10,0.18,30.62
1016,15566005,-662.11,-24.41,-740.72,-0.79,-0.67,0.18,30.33
1017,15571799,-666.99,-17.58,-743.65,-0.98,-0.37,0.24,30.28
1018,15575848,-662.11,-21.48,-744.14,-0.18,-0.49,0.30,30.33
1019,15579898,-662.11,-16.60,-740.23,-0.49,-0.49,0.30,30.43
1020,15583955,-662.11,-21.97,-742.19,-0.85,-0.12,0.30,30.67
1021,15588005,-662.60,-21.00,-736.82,-0.43,-1.10,0.00,30.28
1022,15593799,-663.57,-24.41,-740.72,-1.16,-1.34,0.06,30.62
1023,15597848,-673.34,-19.53,-750.49,-0.73,-0.37,0.67,30.19
1024,15601898,-664.06,-26.86,-748.54,0.12,-0.55,-0.12,30.81
1025,15605955,-660.64,-23.44,-733.40,0.91,-1.04,-0.18,30.43
1026,15610005,-664.06,-21.00,-736.82,-1.22,-0.91,0.12,30.52
1027,15615799,-664.55,-21.48,-743.65,-1.95,-0.61,0.98,30.62
1028,15619848,-666.02,-20.02,-746.58,-0.06,-0.85,-0.18,30.52
1029,15623898,-672.36,-23.44,-741.70,-0.06,-0.55,-0.18,30.62
1030,15627955,-664.06,-26.37,-739.75,-0.49,-0.06,0.00,30.47
1031,15632005,-668.46,-25.88,-741.21,-0.79,0.12,0.37,30.43
1032,15637799,-665.53,-19.53,-742.68,-0.55,-0.55,0.43,30.33
1033,15641848,-665.04,-19.04,-744.14,-0.85,-0.49,0.24,30.62
1034,15645898,-663.57,-21.97,-743.16,-0.73,-0.49,0.37,30.19
1035,15649955,-661.62,-23.44,-740.23,-0.37,-0.79,0.24,30.43
1036,15654005,-664.55,-21.00,-738.28,-0.30,-0.73,-0.18,30.47
1037,15659799,-662.11,-25.88,-741.21,-1.22,-0.49,0.24,30.33
1038,15663848,-666.50,-23.93,-743.65,-0.73,-0.30,0.30,30.33
1039,15667898,-666.99,-21.48,-743.65,-0.43,-0.24,0.30,30.47
1040,15671955,-663.57,-20.02,-744.63,-0.43,-0.55,0.06,30.43
1041,15676005,-665.53,-21.00,-738.77,-0.67,-0.49,0.43,30.43
1042,15681799,-661.62,-22.95,-743.16,-0.67,-0.73,0.18,30.33
1043,15685848,-667.97,-22.95,-735.84,-0.61,-0.73,0.18,30.52
1044,15689898,-665.04,-24.41,-746.09,-0.67,-0.55,0.18,30.47
1045,15693955,-671.39,-24.90,-743.65,-0.37,-0.30,0.12,30.62
1046,15698005,-666.99,-21.00,-746.09,-0.79,-0.55,-0.06,30.47
1047,15703799,-664.06,-23.93,-741.70,-0.85,-0.43,0.43,30.47
1048,15707848,-662.60,-21.48,-740.72,-0.73,-0.55,0.43,30.33
1049,15711898,-660.64,-21.97,-740.23,-0.43,-0.43,0.18,30.47
1050,15715955,-657.23,-24.90,-727.54,-0.43,-0.91,0.30,30.47
1051,15720005,-668.46,-19.53,-738.28,-1.04,-0.67,0.00,30.62
1052,15725799,-666.50,-24.41,-744.63,-1.52,0.12,0.30,30.28
1053,15729848,-666.50,-21.48,-750.49,-0.43,-0.43,0.00,30.67
1054,15733898,-674.32,-18.07,-755.37,-0.43,-1.46,0.18,30.52
1055,15737955,-665.53,-20.51,-751.95,-0.18,-1.28,0.98,30.43
1056,15743799,-661.13,-18.07,-747.07,1.10,-2.68,0.18,30.28
1057,15747848,-651.86,-24.90,-726.07,0.06,-3.72,-0.49,30.28
1058,15751898,-656.25,-21.97,-732.91,-1.46,-2.68,0.55,30.43
1059,15755955,-670.90,-24.41,-745.61,-2.13,-1.46,1.40,30.47
1060,15760005,-672.85,-21.00,-751.46,-0.49,0.30,0.55,30.62
1061,15765799,-673.34,-23.44,-754.39,0.00,1.40,-0.49,30.28
1062,15769848,-663.09,-22.95,-743.65,0.06,1.34,0.24,30.33
1063,15773898,-658.20,-16.60,-736.82,-1.04,0.73,0.24,30.52
1064,15777955,-656.74,-19.53,-738.28,-1.28,-0.43,0.49,30.33
1065,15782005,-663.57,-17.09,-739.26,-0.79,-0.79,0.85,30.43
1066,15787799,-665.04,-20.51,-742.68,-0.49,-0.73,0.00,30.09
1067,15791848,-666.50,-29.30,-741.21,-0.79,0.55,-0.67,30.33
1068,15795898,-663.09,-27.83,-741.70,-1.16,1.04,0.49,30.43
1069,15799955,-668.46,-20.02,-747.07,-0.85,0.91,0.85,30.33
1070,15804005,-668.46,-23.93,-745.12,-0.55,0.67,0.18,30.43
1071,15809799,-660.16,-27.83,-747.56,-0.55,-0.24,0.37,30.09
1072,15813848,-662.60,-18.55,-742.19,0.12,-1.83,0.43,30.33
1073,15817898,-657.23,-20.51,-739.75,-0.24,-1.89,0.12,30.43
1074,15821955,-662.11,-24.41,-741.21,-1.40,-1.59,0.06,30.52
1075,15826005,-667.48,-23.44,-749.51,-1.16,-1.34,0.30,30.43
1076,15831799,-664.06,-19.53,-744.14,-0.37,-1.04,0.37,30.14
1077,15835848,-663.09,-20.02,-741.21,-0.55,-0.61,0.00,30.52
1078,15839898,-666.99,-26.37,-747.07,-1.04,-0.37,0.00,30.47
1079,15843955,-668.95,-21.48,-751.95,0.00,-0.49,0.98,30.43
1080,15848005,-658.69,-19.04,-743.65,1.40,-0.85,0.43,30.67
1081,15853799,-659.18,-20.02,-729.49,-0.18,-1.77,-0.79,30.33
1082,15857848,-653.32,-29.30,-733.89,-2.32,-0.98,0.18,30.67
1083,15861898,-670.41,-23.44,-743.16,-2.13,-0.24,1.59,30.33
1084,15865955,-675.29,-17.09,-749.02,-0.67,0.91,0.06,30.33
1085,15870005,-674.32,-23.93,-746.58,0.06,0.85,-0.12,30.33
1086,15875799,-666.50,-20.51,-741.70,-0.18,0.43,0.37,30.62
1087,15879848,-660.16,-21.00,-734.86,-1.04,0.00,0.55,30.33
1088,15883898,-658.20,-21.00,-743.16,-1.28,-0.61,0.30,29.95
1089,15887955,-665.53,-20.02,-739.26,-0.67,-1.59,0.43,30.52
1090,15892005,-669.92,-21.00,-742.68,-0.30,-1.59,0.06,30.28
1091,15897799,-665.04,-26.37,-739.75,-0.43,-0.91,-0.06,30.62
1092,15901848,-663.57,-25.39,-749.02,-0.55,-0.49,0.37,30.62
1093,15905898,-668.46,-20.51,-741.21,-0.73,-0.49,0.61,30.19
1094,15909955,-665.53,-19.53,-741.70,-0.73,-0.37,0.12,30.47
1095,15914005,-666.99,-21.48,-744.14,-0.12,-0.24,0.00,30.19
1096,15919799,-667.48,-24.41,-744.14,-0.67,-0.55,-0.18,30.09
1097,15923848,-667.48,-25.39,-745.61,-1.04,-1.10,1.04,30.67
1098,15927898,-667.97,-19.53,-745.61,-0.30,-1.65,0.30,30.28
1099,15931955,-666.02,-20.51,-741.70,0.79,-1.71,-0.24,30.67
1100,15936005,-661.62,-20.51,-732.91,-0.98,-1.40,-0.73,30.52
1101,15941799,-656.74,-25.88,-734.86,-1.89,-1.34,0.49,30.33
1102,15945848,-667.48,-14.65,-747.56,0.61,-0.98,1.10,30.67
1103,15949898,-671.39,-21.97,-731.93,-0.79,-0.18,-0.61,30.43
1104,15953955,-670.41,-24.90,-749.02,-1.89,2.13,0.00,30.43
1105,15958005,-664.06,-21.48,-751.46,-0.24,0.49,0.12,30.28
1106,15963799,-660.16,-21.97,-738.77,1.34,-0.73,0.43,30.62
1107,15967848,-657.71,-20.51,-736.82,-1.65,-1.22,-0.37,30.67
1108,15971898,-657.23,-25.39,-743.65,-2.13,-1.71,0.18,30.43
1109,15975955,-664.55,-20.51,-745.61,-0.06,-1.77,0.49,30.28
1110,15981799,-669.92,-22.46,-737.79,-0.24,-1.22,-0.24,30.19
1111,15985848,-668.46,-27.83,-746.58,-0.55,-0.18,0.06,30.28
1112,15989898,-668.95,-21.48,-743.16,-0.85,0.24,0.18,30.62
1113,15993955,-669.43,-20.51,-742.19,-0.55,-0.12,0.55,30.28
1114,15998005,-666.99,-19.04,-741.70,-0.79,-0.43,0.12,30.43
1115,16003799,-663.57,-20.51,-742.68,-0.30,-0.79,0.37,30.33
1116,16007848,-662.11,-18.07,-738.77,-0.24,-1.22,0.06,30.47
1117,16011898,-666.02,-19.53,-737.79,-0.79,-1.16,-0.12,30.67
1118,16015955,-663.09,-21.97,-740.23,-1.22,-0.98,0.12,30.43
1119,16020005,-667.48,-21.00,-743.65,-0.98,-0.30,0.85,30.28
1120,16025799,-663.09,-21.00,-743.16,-0.37,0.12,0.43,30.43
1121,16029848,-665.04,-22.95,-736.82,-0.30,-0.18,-0.18,30.43
1122,16033898,-659.67,-24.90,-739.75,-0.61,-0.49,0.37,30.62
1123,16037955,-662.11,-19.04,-740.72,-0.73,-0.43,0.85,30.33
1124,16042005,-664.55,-19.53,-742.19,-0.91,-0.49,0.30,30.19
1125,16047799,-664.06,-22.95,-742.68,-0.79,-0.55,-0.06,30.62
1126,16051848,-664.06,-21.97,-740.23,-0.67,-0.67,0.24,30.47
1127,16055898,-661.62,-21.00,-744.63,-0.49,-0.49,0.37,30.47
1128,16059955,-667.97,-19.04,-745.61,-0.67,-0.49,0.06,30.47
1129,16064005,-665.04,-19.04,-743.16,-0.91,-0.55,0.37,30.33
1130,16069799,-664.06,-18.07,-744.14,0.00,-0.18,0.79,30.28
1131,16073848,-660.16,-23.44,-735.84,0.18,-1.16,-0.37,30.19
1132,16077898,-659.18,-23.93,-737.30,-0.49,-0.85,-0.24,30.52
1133,16081955,-666.02,-25.39,-743.16,-1.59,-0.85,0.61,30.33
1134,16086005,-670.41,-18.55,-746.09,-0.85,-0.43,1.10,30.52
1135,16091799,-667.48,-20.51,-747.56,-0.43,-0.30,-0.37,30.47
1136,16095848,-664.55,-16.11,-733.40,-4.51,1.52,-0.98,30.43
1137,16099898,-669.92,-0.98,-723.14,-3.78,3.11,-3.41,30.62
1138,16103955,-664.06,-15.62,-717.29,-9.76,12.01,-11.59,30.62
1139,16108005,-650.39,-40.53,-750.98,-8.96,17.62,-10.73,30.28
1140,16113799,-660.16,-38.57,-753.42,-3.48,19.63,-3.11,30.33
1141,16117848,-668.46,-21.97,-747.56,-0.49,25.30,0.30,30.28
1142,16121898,-662.11,-28.32,-760.74,-0.43,24.88,0.61,30.19
1143,16125955,-722.66,-78.12,-752.44,2.50,9.94,3.54,30.62
1144,16130005,-787.60,-96.68,-719.24,10.24,-25.30,10.79,30.62
1145,16135799,-452.15,65.92,-895.51,5.49,-33.72,11.77,30.33
1146,16139848,-664.55,-2.93,-802.25,8.78,-44.76,4.51,30.43
1147,16143898,-654.30,-38.57,-771.00,10.30,-57.26,4.76,30.19
1148,16147955,-650.88,-37.11,-730.47,9.15,-61.71,11.34,30.47
1149,16152005,-670.90,-12.70,-707.52,9.70,-58.66,12.56,30.33
1150,16157799,-680.66,2.44,-653.32,1.34,-44.94,7.44,30.33
1151,16161848,-679.20,11.72,-664.55,-7.44,-8.05,-4.45,30.33
1152,16165898,-621.09,11.72,-708.50,-11.89,16.77,-11.89,30.19
1153,16169955,-709.47,-7.81,-684.57,-9.45,44.94,-12.80,30.47
1154,16174005,-663.57,-51.76,-681.64,-2.74,46.83,-8.35,30.43
1155,16179799,-660.16,-37.11,-733.89,-2.68,50.79,0.43,30.33
1156,16183848,-667.97,-7.32,-759.28,-8.11,43.48,0.00,30.62
1157,16187898,-670.90,-12.70,-767.58,-5.30,33.17,-2.20,30.62
1158,16191955,-665.53,-18.07,-765.62,-4.45,20.91,-4.27,30.33
1159,16196005,-661.13,-25.39,-767.09,-4.82,12.01,-5.43,30.43
1160,16201799,-670.90,-21.97,-772.95,-4.82,7.20,-4.76,30.47
1161,16205848,-662.60,-21.97,-750.98,-5.24,2.38,-4.63,30.62
1162,16209898,-650.88,-28.81,-742.68,-4.02,1.22,-3.05,30.47
1163,16213955,-650.39,-28.32,-748.05,-1.71,-0.61,-0.91,30.62
1164,16219799,-657.23,-22.95,-752.44,-0.49,-4.94,0.24,30.33
1165,16223848,-658.69,-32.23,-763.18,0.98,-9.94,2.20,30.33
1166,16227898,-665.53,-25.39,-766.60,3.11,-14.76,4.57,30.33
1167,16231955,-666.99,-26.86,-759.77,4.02,-19.21,4.88,30.47
1168,16236005,-669.43,-23.44,-754.88,4.82,-23.41,5.98,30.86
1169,16241799,-658.69,-16.11,-740.72,5.85,-24.27,5.18,30.09
1170,16245848,-662.60,-15.14,-727.54,4.27,-20.98,1.52,30.33
1171,16249898,-660.64,-24.90,-720.70,2.26,-16.59,0.12,30.33
1172,16253955,-662.60,-26.37,-723.63,0.43,-12.50,1.28,30.43
1173,16258005,-666.50,-23.44,-723.14,0.49,-5.67,1.83,30.09
1174,16263799,-671.39,-18.55,-724.61,-0.61,0.98,0.61,29.99
1175,16267848,-668.95,-26.37,-732.91,-1.46,7.13,0.06,30.47
1176,16271898,-668.95,-23.44,-738.77,-2.13,10.00,-0.30,30.33
1177,16275955,-667.48,-21.00,-735.35,-2.44,10.91,-0.61,30.52
1178,16280005,-657.71,-20.51,-736.82,-3.72,10.24,-1.10,30.28
1179,16285799,-658.69,-22.46,-734.37,-4.21,9.27,-1.46,30.33
1180,16289848,-658.20,-19.53,-729.49,-7.20,9.15,-2.32,30.28
1181,16293898,-677.25,-21.48,-760.74,-2.87,8.35,-2.13,30.67
1182,16297955,-700.20,-29.79,-786.62,-2.44,8.48,-2.13,30.28
1183,16302005,-671.87,-26.86,-764.65,-0.79,7.62,0.24,30.43
1184,16307799,-647.46,-21.00,-734.37,1.34,3.17,1.40,30.52
1185,16311848,-643.55,-21.48,-719.73,-1.77,-3.72,0.61,30.67
1186,16315898,-666.02,-21.00,-740.72,-0.91,-4.21,-0.30,30.43
1187,16319955,-674.80,-30.27,-770.51,-1.46,-5.37,-0.79,30.47
1188,16324005,-677.25,-33.20,-763.67,-0.18,-6.04,0.43,30.52
1189,16329799,-665.53,-19.04,-744.14,2.07,-6.83,2.01,30.43
1190,16333848,-669.92,-18.55,-746.58,1.22,-6.28,1.28,30.43
1191,16337898,-663.57,-20.02,-740.72,0.79,-6.65,0.30,30.47
1192,16341955,-658.20,-26.37,-730.47,1.34,-7.32,-0.24,30.67
1193,16346005,-658.69,-26.86,-728.03,0.61,-6.52,0.18,30.62
1194,16351799,-667.97,-23.44,-730.47,-0.24,-4.39,1.10,30.62
1195,16355848,-668.95,-19.04,-736.33,-0.61,-1.59,0.49,30.43
1196,16359898,-675.29,-25.39,-741.21,-1.16,0.37,-0.12,30.43
1197,16363955,-674.32,-21.97,-749.51,-1.83,3.11,0.30,30.33
1198,16368005,-669.43,-24.90,-748.05,-1.22,3.84,0.85,30.33
1199,16373799,-669.43,-18.07,-742.19,-0.18,3.66,0.12,30.28
1200,16377848,-660.16,-22.95,-731.45,-0.79,2.50,-0.73,30.43
1201,16381898,-657.23,-21.48,-735.35,-1.83,2.20,-0.49,30.09
1202,16385955,-665.04,-26.86,-739.75,-2.38,1.71,0.30,30.19
1203,16390005,-670.41,-22.95,-747.56,-2.87,2.50,0.06,30.47
1204,16395799,-670.90,-17.58,-749.51,-1.04,2.56,-0.06,30.43
1205,16399848,-670.41,-21.48,-744.63,-0.43,1.16,0.00,30.28
1206,16403898,-672.85,-25.88,-744.63,-0.49,0.12,-0.18,30.33
1207,16407955,-667.48,-24.41,-755.37,-0.49,-0.61,0.73,30.33
1208,16412005,-663.09,-23.44,-738.77,0.91,-2.68,0.55,30.43
1209,16417799,-656.74,-20.51,-735.35,0.61,-4.33,-0.12,30.67
1210,16421848,-661.62,-21.97,-731.93,-1.10,-3.54,-0.61,30.43
1211,16425898,-669.92,-25.39,-751.95,-1.34,-2.80,0.37,30.19
1212,16429955,-671.87,-27.83,-754.39,-0.49,-1.89,1.22,30.33
1213,16434005,-669.43,-23.44,-746.58,0.24,-1.28,0.79,30.43
1214,16439799,-663.09,-21.97,-744.14,0.06,-1.16,0.06,30.33
1215,16443848,-666.02,-20.51,-737.79,-0.06,-1.46,-0.24,30.33
1216,16447898,-659.18,-25.88,-731.93,-0.61,-1.89,0.12,30.62
1217,16451955,-662.60,-20.02,-736.33,-0.91,-1.65,0.24,30.19
1218,16457799,-666.50,-20.02,-743.16,-1.28,-0.67,0.67,30.33
1219,16461848,-671.39,-22.95,-742.68,-0.91,0.85,0.37,30.33
1220,16465898,-669.43,-19.53,-744.14,-1.10,1.40,-0.06,30.62
1221,16469955,-664.06,-23.44,-744.63,-1.16,1.71,0.06,30.62
1222,16474005,-665.53,-19.53,-745.12,-0.79,1.40,0.24,30.52
1223,16479799,-665.53,-21.00,-736.33,-0.55,0.37,0.18,30.47
1224,16483848,-662.60,-21.48,-742.68,-0.73,0.00,-0.24,30.19
1225,16487898,-663.09,-21.97,-737.30,-0.85,-0.91,-0.18,30.47
1226,16491955,-666.50,-21.97,-740.72,-1.16,-0.73,0.06,30.43
1227,16496005,-667.97,-20.02,-748.54,-1.40,-0.24,0.49,29.80
1228,16501799,-668.46,-20.51,-749.02,-0.55,-0.73,0.49,30.09
1229,16505848,-667.97,-20.02,-740.23,0.12,-1.28,0.12,30.09
1230,16509898,-655.27,-21.48,-741.21,-0.24,-1.16,-0.06,30.28
1231,16513955,-663.09,-22.46,-740.23,-0.24,-1.77,-0.37,30.81
1232,16518005,-661.62,-24.41,-736.33,-0.37,-2.01,0.37,30.14
1233,16523799,-663.09,-28.81,-735.35,-0.91,-1.71,0.61,30.33
1234,16527848,-671.87,-16.60,-744.63,-0.61,-0.79,0.06,30.14
1235,16531898,-665.04,-25.88,-739.75,-2.13,-0.37,-0.12,30.67
1236,16535955,-665.04,-24.90,-754.88,-1.22,-0.18,0.67,30.19
1237,16540005,-675.78,-24.41,-748.05,-0.18,-1.04,0.79,30.33
1238,16545799,-665.53,-17.58,-744.63,1.10,-1.10,0.61,30.47
1239,16549848,-666.02,-24.41,-735.35,1.16,-2.26,-0.49,30.62
1240,16553898,-656.74,-32.23,-727.05,-1.16,-2.68,-1.10,30.28
1241,16557955,-666.02,-29.30,-734.86,-1.95,-1.65,0.73,30.52
1242,16562005,-671.87,-24.41,-746.58,-2.13,-0.67,1.59,30.47
1243,16567799,-676.27,-23.44,-755.86,-1.28,0.79,1.04,30.62
1244,16571848,-670.90,-17.09,-749.51,0.49,1.59,0.00,30.52
1245,16575898,-660.16,-19.53,-739.75,0.67,0.79,-1.22,30.09
1246,16579955,-658.20,-23.44,-733.89,-0.67,-0.43,-1.10,30.43
1247,16584005,-656.74,-29.30,-733.40,-1.28,-1.10,0.18,30.28
1248,16589799,-666.02,-21.97,-741.21,-1.22,-1.52,1.59,30.43
1249,16593848,-670.90,-19.04,-747.07,-0.61,-1.22,0.79,30.62
1250,16597898,-667.48,-19.53,-742.19,-0.91,-0.18,-0.30,30.33
1251,16601955,-668.95,-20.02,-743.16,-0.61,0.43,-0.49,30.52
1252,16606005,-664.06,-26.37,-746.09,-0.49,0.67,0.00,30.33
1253,16611799,-665.53,-19.04,-746.09,-0.73,-0.24,0.30,30.33
1254,16615848,-661.13,-17.09,-738.28,-0.61,-0.79,0.61,30.33
1255,16619898,-668.46,-19.53,-737.30,-0.30,-1.46,0.55,30.33
1256,16623955,-663.09,-20.02,-736.33,-0.49,-1.65,-0.30,30.33
1257,16628005,-667.48,-27.34,-740.23,-1.28,-1.46,-0.43,30.33
1258,16633799,-669.43,-24.41,-746.58,-0.98,-0.73,0.67,30.62
1259,16637848,-669.43,-20.02,-744.14,-0.49,-0.43,0.61,30.47
1260,16641898,-666.99,-21.00,-741.21,-0.67,-0.18,-0.18,30.33
1261,16645955,-665.04,-21.97,-742.68,-0.49,-0.30,-0.37,30.62
1262,16650005,-659.18,-19.04,-736.82,-0.06,-0.98,-0.06,30.52
1263,16655799,-664.06,-22.46,-740.23,-1.16,-1.04,-0.06,30.43
1264,16659848,-669.92,-24.41,-752.44,-1.40,-0.43,0.37,30.33
1265,16663898,-672.85,-21.97,-751.95,-0.49,-0.61,0.98,30.33
1266,16667955,-662.60,-20.02,-740.72,0.55,-0.98,0.24,30.52
1267,16672005,-648.44,-23.44,-722.66,0.43,-1.22,-0.85,30.47
1268,16677799,-658.69,-26.86,-730.96,-1.83,-1.65,-0.79,30.52
1269,16681848,-682.62,-24.41,-757.81,-2.74,0.12,1.77,30.47
1270,16685898,-676.27,-21.00,-759.28,-0.98,1.16,1.83,30.43
1271,16689955,-668.95,-18.55,-749.51,1.28,-0.06,0.37,30.33
1272,16695799,-657.23,-18.07,-727.54,1.77,-0.79,-0.79,30.19
1273,16699848,-665.53,-26.37,-738.77,-1.71,-0.49,-1.04,30.19
1274,16703898,-663.57,-26.86,-747.07,-2.01,-0.79,0.30,30.67
1275,16707955,-666.99,-24.90,-745.12,-0.49,-1.59,1.65,30.43
1276,16712005,-665.53,-19.53,-735.35,0.00,-1.10,1.04,30.67
1277,16717799,-666.50,-21.97,-733.89,-0.85,0.61,-0.18,30.33
1278,16721848,-669.92,-19.04,-749.02,-1.65,1.40,-0.85,30.09
1279,16725898,-670.90,-27.83,-746.09,-0.67,0.79,0.00,30.52
1280,16729955,-667.97,-23.93,-745.61,-0.18,0.49,0.98,30.19
1281,16734005,-661.62,-24.90,-740.23,0.00,-0.24,0.43,30.09
1282,16739799,-657.71,-22.46,-736.82,0.00,-1.59,0.12,30.19
1283,16743848,-661.13,-21.00,-735.84,-1.10,-1.52,-0.49,30.28
1284,16747898,-666.02,-25.88,-740.72,-1.95,-0.79,0.24,30.33
1285,16751955,-667.48,-25.88,-752.44,-1.28,-0.37,1.04,30.43
1286,16756005,-668.95,-21.97,-748.05,-0.12,0.06,1.10,29.95
1287,16761799,-666.02,-23.44,-740.23,-0.18,0.49,0.00,30.33
1288,16765848,-661.13,-19.04,-738.77,-0.55,0.00,-0.61,30.47
1289,16769898,-657.23,-22.95,-739.75,-0.73,-1.40,0.06,30.52
1290,16773955,-664.06,-24.41,-742.19,-0.67,-1.52,0.98,30.67
1291,16778005,-664.55,-16.11,-739.26,-1.04,-1.40,0.43,30.33
1292,16783799,-665.04,-22.46,-741.70,-0.73,-1.04,0.12,30.09
1293,16787848,-666.50,-19.53,-738.77,-0.73,-0.37,-0.18,30.52
1294,16791898,-668.95,-21.97,-746.58,-0.85,0.00,0.24,30.33
1295,16795955,-667.97,-21.97,-745.12,-0.37,0.00,0.43,30.67
1296,16800005,-663.09,-16.60,-740.72,-0.43,-0.73,0.18,30.28
1297,16805799,-665.04,-21.00,-736.33,-0.49,-0.98,0.06,30.67
1298,16809848,-667.48,-23.93,-747.56,-1.46,-0.18,0.49,30.28
1299,16813898,-668.46,-22.46,-748.54,-0.37,-0.37,0.79,30.43
1300,16817955,-658.69,-19.04,-734.86,0.61,-1.40,0.12,30.62
1301,16822005,-657.71,-21.00,-723.14,-0.37,-0.85,-0.49,30.33
1302,16827799,-656.74,-20.51,-736.82,-1.40,-0.49,0.06,30.47
1303,16831848,-669.92,-26.86,-745.61,-2.32,-0.73,0.43,30.47
1304,16835898,-673.34,-23.44,-750.98,-1.52,0.12,0.98,30.43
1305,16839955,-670.90,-21.48,-751.95,-0.30,0.91,0.98,30.52
1306,16844005,-666.99,-15.14,-740.72,0.67,0.30,-0.30,30.43
1307,16849799,-662.60,-20.51,-737.30,0.12,-0.73,-0.91,30.67
1308,16853848,-652.83,-26.37,-738.77,-1.16,-1.77,0.12,30.33
1309,16857898,-666.02,-21.97,-739.75,-0.67,-2.50,1.16,30.33
1310,16861955,-663.09,-17.09,-739.26,-0.49,-2.62,1.10,30.33
1311,16866005,-667.97,-21.97,-736.82,-0.67,-1.77,0.18,30.52
1312,16871799,-666.99,-20.02,-745.12,-0.67,-0.12,-0.30,30.52
1313,16875848,-668.46,-22.95,-739.75,-0.98,0.30,0.18,30.47
1314,16879898,-669.43,-27.83,-739.75,-0.67,-0.18,0.67,30.43
1315,16883955,-665.53,-21.48,-741.70,-0.37,-0.12,0.79,30.52
1316,16888005,-665.04,-18.07,-740.72,-0.12,-0.98,0.06,30.52
1317,16893799,-661.13,-21.48,-733.40,-0.73,-1.28,-0.79,30.33
1318,16897848,-661.13,-21.48,-738.77,-0.73,-1.04,0.18,30.47
1319,16901898,-666.02,-23.44,-739.26,-0.85,-0.73,0.91,30.47
1320,16905955,-673.34,-21.00,-746.58,-1.04,0.24,0.49,30.52
1321,16910005,-674.32,-23.93,-746.58,-1.16,0.49,-0.06,30.67
1322,16915799,-669.43,-21.97,-743.65,-0.30,0.49,0.06,30.67
1323,16919848,-659.67,-23.44,-740.72,-0.18,0.00,0.06,30.47
1324,16923898,-658.20,-27.34,-736.82,-0.67,-0.24,-0.30,30.47
1325,16927955,-658.69,-26.37,-739.26,-1.16,-1.40,-0.18,30.28
1326,16933799,-666.50,-21.00,-745.12,-1.46,-0.79,0.79,30.33
1327,16937848,-674.80,-19.04,-753.42,-1.16,-0.12,0.85,30.33
1328,16941898,-665.53,-21.00,-750.00,0.12,0.00,0.18,30.62
1329,16945955,-667.48,-21.97,-738.77,0.79,-0.85,-0.30,30.52
1330,16950005,-660.16,-23.93,-734.86,-0.49,-1.22,-0.49,30.19
1331,16954054,-657.23,-24.90,-737.79,-1.22,-1.16,0.49,30.62
1332,16959799,-666.02,-23.93,-742.68,-0.91,-1.59,1.40,30.67
1333,16963848,-672.85,-20.51,-737.79,-0.49,-0.79,0.43,30.47
1334,16967898,-669.92,-21.97,-746.09,-1.16,0.12,-0.49,30.47
1335,16971955,-668.46,-24.41,-745.12,-0.79,0.49,-0.49,30.19
1336,16977799,-666.50,-25.88,-744.14,-0.37,-0.12,0.55,30.19
1337,16981848,-664.06,-16.60,-740.23,-0.55,-0.43,0.49,30.33
1338,16985898,-662.11,-18.55,-740.72,-0.91,-0.73,0.18,30.43
1339,16989955,-661.13,-23.93,-742.68,-0.49,-0.55,0.18,30.28
1340,16994005,-661.62,-23.44,-739.26,-0.49,-0.91,0.12,30.09
1341,16999799,-665.53,-26.37,-741.70,-1.40,0.06,-0.18,30.19
1342,17003848,-666.50,-24.41,-745.61,-1.04,0.30,0.85,30.33
1343,17007898,-669.43,-19.53,-743.65,-0.30,-0.06,0.85,30.43
1344,17011955,-664.06,-23.44,-737.30,-0.49,0.00,-0.06,30.28
1345,17016005,-666.50,-19.04,-743.16,-0.61,-0.79,-0.49,30.19
1346,17021799,-665.53,-24.90,-737.30,-0.55,-1.22,-0.06,30.47
1347,17025848,-666.50,-24.90,-744.14,-0.61,-0.98,1.22,30.33
1348,17029898,-664.06,-20.51,-740.72,-0.24,-1.65,0.73,30.43
1349,17033955,-663.57,-17.58,-731.93,0.00,-1.28,-0.30,30.67
1350,17038005,-666.99,-21.97,-734.86,-1.04,-0.55,-0.61,30.52
1351,17043799,-669.92,-26.37,-747.07,-1.16,0.37,0.18,30.33
1352,17047848,-672.85,-23.93,-744.14,-0.06,0.30,0.79,30.67
1353,17051898,-670.90,-18.07,-744.14,-0.49,-0.18,0.00,30.47
1354,17055955,-664.55,-24.41,-740.72,-0.91,-0.43,-0.12,30.33
1355,17060005,-666.99,-20.02,-741.21,-0.61,-0.24,0.67,30.52
1356,17065799,-662.11,-15.14,-738.77,0.00,-1.40,0.37,30.52
1357,17069848,-662.60,-24.41,-728.03,-0.37,-1.34,-0.43,30.43
1358,17073898,-665.53,-28.32,-737.79,-1.83,-0.67,0.12,30.09
1359,17077955,-668.46,-23.44,-747.56,-1.52,0.12,0.91,30.47
1360,17082005,-666.02,-19.04,-750.00,-0.37,0.18,1.10,30.67
1361,17087799,-667.48,-21.48,-744.63,-0.61,0.55,0.00,30.43
1362,17091848,-664.06,-22.95,-744.63,-0.43,0.30,-0.37,30.33
1363,17095898,-661.13,-23.93,-740.23,-0.06,-0.85,0.06,30.33
1364,17099955,-659.67,-22.46,-736.33,-0.49,-1.65,0.30,30.33
1365,17104005,-665.53,-26.86,-742.19,-0.98,-1.59,0.30,30.62
1366,17109799,-665.04,-22.46,-742.68,-0.91,-1.34,0.43,30.33
1367,17113848,-665.04,-22.46,-740.23,-0.49,-1.04,0.12,30.62
1368,17117898,-669.43,-22.46,-739.26,-0.55,-0.37,0.06,30.47
1369,17121955,-669.92,-21.97,-744.14,-0.67,0.00,0.37,30.47
1370,17126005,-666.50,-19.53,-739.26,-0.37,-0.61,0.18,30.43
1371,17131799,-665.04,-22.95,-737.30,-0.79,-0.55,0.30,30.47
1372,17135848,-660.64,-24.41,-744.63,-0.79,-0.79,0.12,30.33
1373,17139898,-665.04,-22.95,-743.16,-0.67,-0.98,0.00,30.43
1374,17143955,-667.48,-23.44,-742.19,-0.73,-0.91,0.06,30.43
1375,17148005,-660.16,-22.95,-735.84,-0.67,-0.43,0.24,30.62
1376,17153799,-662.11,-27.34,-740.23,-0.18,-0.61,0.00,30.71
1377,17157848,-664.06,-27.83,-742.68,-2.38,-0.18,-0.18,30.47
1378,17161898,-678.22,-21.00,-754.39,-1.52,-0.67,0.43,30.43
1379,17165955,-674.32,-24.41,-758.30,-0.61,-0.55,1.16,30.62
1380,17171799,-670.41,-17.09,-744.63,2.07,-1.04,1.22,30.33
1381,17175848,-648.93,-18.07,-714.84,0.91,-3.23,-1.46,29.95
1382,17179898,-649.41,-31.25,-727.05,-1.71,-2.93,-0.18,30.62
1383,17183955,-667.48,-26.37,-740.23,-2.38,-2.32,1.28,30.47
1384,17188005,-676.76,-23.93,-753.42,-2.07,-0.06,1.71,30.47
1385,17192054,-671.39,-16.60,-750.00,0.49,0.67,0.98,30.43
1386,17197799,-666.02,-17.09,-743.65,0.85,1.71,-0.37,30.62
1387,17201848,-664.55,-25.39,-734.37,-0.91,1.28,-1.52,30.47
1388,17205898,-666.02,-30.27,-745.12,-2.20,0.67,-0.37,30.47
1389,17209955,-667.97,-21.48,-750.49,-1.28,-0.61,2.01,30.33
1390,17215799,-665.04,-18.55,-744.63,0.79,-1.52,1.77,30.19
1391,17219848,-666.02,-17.09,-729.49,-0.12,-1.22,-0.91,30.33
1392,17223898,-664.55,-24.90,-741.70,-2.44,0.24,-1.71,30.81
1393,17227955,-667.97,-28.81,-749.51,-2.38,0.79,-0.24,30.28
1394,17232005,-668.46,-26.86,-746.09,-1.95,1.28,1.52,30.33
1395,17237799,-665.53,-20.51,-746.58,-0.18,0.55,1.16,30.47
1396,17241848,-672.36,-18.55,-744.14,-0.43,0.00,-0.61,30.33
1397,17245898,-666.99,-25.88,-749.02,-0.30,-0.43,-0.24,30.81
1398,17249955,-665.04,-26.37,-746.09,-0.06,-1.95,-0.30,30.62
1399,17254005,-664.55,-28.81,-737.79,-0.43,-2.44,-0.12,30.19
1400,17259799,-662.11,-22.46,-742.19,-0.24,-2.56,0.79,30.62
1401,17263848,-668.46,-19.04,-741.70,-1.28,-1.95,0.73,30.43
1402,17267898,-666.99,-21.97,-739.26,-0.37,-1.10,0.24,30.47
1403,17271955,-668.46,-26.86,-746.09,-0.98,-0.18,-0.18,30.52
1404,17276005,-668.46,-25.88,-749.51,-0.37,0.98,0.06,30.19
1405,17281799,-669.92,-20.51,-742.68,-0.24,0.73,0.00,30.47
1406,17285848,-664.06,-23.93,-738.77,-0.79,-0.30,0.18,30.33
1407,17289898,-662.60,-24.41,-735.84,-0.67,-0.79,0.43,30.67
1408,17293955,-660.64,-22.95,-743.16,-1.04,-0.73,0.00,30.43
1409,17298005,-666.02,-22.46,-742.68,-1.10,-0.85,0.24,30.52
1410,17303799,-669.92,-21.97,-746.09,-0.37,-0.79,0.24,30.47
1411,17307848,-667.48,-20.51,-736.82,-0.91,0.06,-0.18,30.67
1412,17311898,-664.55,-24.90,-741.21,-1.22,0.73,0.24,30.43
1413,17315955,-669.43,-21.97,-745.12,-1.04,0.37,0.98,30.67
1414,17320005,-665.04,-18.55,-739.75,-0.24,-0.30,0.43,30.52
1415,17325799,-666.50,-16.11,-739.26,-0.55,-0.43,-0.24,30.47
1416,17329848,-662.60,-21.00,-742.68,-0.49,-0.98,0.12,30.47
1417,17333898,-670.90,-22.46,-745.61,-0.37,-1.59,0.43,30.33
1418,17337955,-664.55,-21.97,-739.26,-0.85,-1.16,0.55,30.43
1419,17342005,-662.60,-23.93,-745.12,-1.16,-0.55,0.12,30.43
1420,17347799,-669.43,-21.00,-743.16,-0.43,-0.79,0.24,30.47
1421,17351848,-665.53,-23.93,-735.84,0.12,-0.85,0.00,30.52
1422,17355898,-658.20,-21.00,-740.72,-0.67,-0.67,-0.24,30.43
1423,17359955,-665.53,-28.81,-743.16,-0.91,-0.49,0.24,30.62
1424,17364005,-668.46,-24.90,-744.63,-0.49,-1.04,0.37,30.67
1425,17369799,-670.90,-23.93,-742.68,-0.98,0.12,0.24,30.43
1426,17373848,-661.13,-19.53,-740.23,-0.12,-0.67,-0.24,30.43
1427,17377898,-665.53,-29.30,-730.96,-0.30,-0.91,-0.43,30.28
1428,17381955,-665.04,-19.04,-735.35,-1.22,-0.67,0.24,30.67
1429,17386005,-671.87,-23.44,-747.07,-1.65,-0.18,0.98,30.62
1430,17391799,-673.34,-20.02,-745.61,-0.61,-0.12,0.85,30.47
1431,17395848,-669.92,-22.95,-737.79,-0.37,-0.12,-0.24,30.33
1432,17399898,-668.46,-23.93,-738.77,-0.37,0.24,-0.49,30.33
1433,17403955,-664.06,-27.34,-744.63,-0.24,-0.18,-0.30,30.33
1434,17409799,-663.09,-25.39,-740.23,-0.67,-1.40,0.49,30.43
1435,17413848,-660.16,-22.95,-732.42,-0.79,-1.40,0.73,30.19
1436,17417898,-671.87,-20.02,-736.82,-0.79,-1.04,-0.12,30.52
1437,17421955,-677.25,-28.81,-752.44,-1.28,-0.30,-0.12,30.52
1438,17426005,-672.85,-26.86,-747.07,-0.30,-0.30,0.06,30.67
1439,17430054,-679.69,-22.95,-758.30,-0.67,-0.43,0.37,30.52
1440,17435799,-660.64,-19.53,-748.05,0.43,-0.55,1.22,30.62
1441,17439848,-652.34,-15.62,-729.00,0.43,-2.74,-0.79,30.62
1442,17443898,-657.23,-26.86,-729.00,-1.10,-2.68,-0.67,30.67
1443,17447955,-668.95,-26.86,-741.21,-1.28,-1.28,0.79,30.28
1444,17453799,-674.32,-22.95,-750.00,-1.46,-0.18,0.85,29.95
1445,17457848,-673.83,-22.95,-748.54,0.24,0.67,0.24,30.19
1446,17461898,-662.60,-19.53,-743.65,-0.43,0.98,-0.37,30.71
1447,17465955,-663.09,-24.90,-738.77,-0.61,0.85,-0.18,30.47
1448,17470005,-664.55,-22.46,-745.12,-1.04,0.30,0.49,30.33
1449,17475799,-662.60,-22.95,-740.72,-0.67,-0.67,0.73,30.19
1450,17479848,-660.16,-20.51,-737.30,-0.24,-0.85,0.24,30.43
1451,17483898,-666.50,-21.97,-739.75,-1.10,-0.18,-0.24,30.52
1452,17487955,-666.02,-22.46,-742.68,-1.34,0.30,-0.30,30.33
1453,17492005,-667.97,-24.41,-746.58,-0.61,0.30,0.49,30.43
1454,17497799,-666.99,-22.95,-746.58,-0.49,0.43,0.85,30.62
1455,17501848,-668.46,-21.00,-739.75,-0.43,-0.49,-0.18,30.43
1456,17505898,-661.62,-26.37,-736.82,-0.49,-0.79,-0.43,30.62
1457,17509955,-664.55,-23.44,-737.30,-0.30,-1.52,0.12,30.28
1458,17514005,-661.13,-24.41,-737.30,-1.04,-1.40,0.12,30.33
1459,17519799,-666.02,-24.90,-741.70,-1.04,-1.28,0.24,30.47
1460,17523848,-675.78,-27.83,-755.86,-1.28,-0.49,0.79,30.43
1461,17527898,-671.39,-19.04,-750.98,0.24,-0.18,0.91,30.67
1462,17531955,-659.67,-20.51,-732.42,0.85,-1.10,-0.37,30.62
1463,17536005,-656.25,-26.37,-727.05,-0.37,-2.13,-0.55,30.43
1464,17541799,-659.18,-23.44,-735.35,-1.16,-1.10,0.91,30.43
1465,17545848,-670.90,-21.97,-748.05,-2.26,0.24,0.43,30.62
1466,17549898,-671.87,-20.51,-752.93,-1.22,0.43,0.61,30.19
1467,17553955,-670.41,-21.97,-745.61,0.24,0.61,0.37,30.47
1468,17558005,-671.39,-24.41,-738.77,0.06,0.55,-0.24,30.52
1469,17563799,-665.04,-23.93,-735.35,-0.91,0.00,-0.55,30.67
1470,17567848,-660.16,-24.90,-744.14,-0.61,-1.89,0.67,30.52
1471,17571898,-665.04,-13.67,-734.86,-0.24,-1.89,1.10,30.33
1472,17575955,-667.48,-25.39,-739.26,-1.16,-1.22,0.30,30.52
1473,17580005,-667.48,-23.93,-748.05,-1.22,-0.43,-0.55,30.47
1474,17585799,-667.97,-21.48,-748.54,-0.43,0.18,0.18,30.33
1475,17589848,-669.92,-25.39,-743.16,-0.85,0.85,0.37,30.67
1476,17593898,-666.02,-22.95,-745.61,-0.67,0.30,0.24,30.28
1477,17597955,-664.55,-19.53,-744.14,-0.06,-1.10,0.30,30.47
1478,17602005,-663.09,-23.93,-735.35,0.24,-1.77,0.00,30.62
1479,17607799,-662.60,-21.97,-732.42,-1.16,-1.89,-0.18,30.52
1480,17611848,-666.50,-24.90,-740.72,-1.22,-1.16,0.55,30.43
1481,17615898,-676.27,-25.39,-744.14,-0.24,-0.79,0.98,30.43
1482,17619955,-674.32,-18.07,-744.63,-0.55,0.12,0.18,30.43
1483,17624005,-673.34,-25.39,-746.58,-0.49,0.49,-0.24,30.62
1484,17629799,-666.02,-21.97,-745.61,-0.30,-0.12,0.24,30.62
1485,17633848,-666.50,-23.44,-737.79,-0.12,-1.10,0.18,30.62
1486,17637898,-664.55,-25.88,-738.77,-0.85,-0.67,0.06,30.47
1487,17641955,-660.16,-21.97,-736.33,-1.10,-0.79,0.00,30.33
1488,17647799,-671.39,-23.44,-737.30,-0.55,-0.98,0.30,30.33
1489,17651848,-668.95,-20.51,-746.58,-0.67,-0.06,0.18,30.43
1490,17655898,-666.99,-23.93,-749.02,-0.91,0.37,0.06,30.62
1491,17659955,-664.55,-26.86,-746.09,-0.37,-0.24,0.06,30.47
1492,17664005,-668.46,-21.48,-740.72,-0.30,-0.37,0.00,30.62
1493,17668054,-664.06,-25.39,-739.75,-0.85,-0.61,0.12,30.33
1494,17673799,-665.53,-23.44,-744.14,-0.79,-0.67,0.49,30.52
1495,17677848,-666.50,-18.07,-741.70,-0.73,-1.16,0.30,30.47
1496,17681898,-667.97,-23.93,-740.72,-0.73,-1.10,0.00,30.67
1497,17685955,-662.60,-21.00,-747.56,-0.73,-0.18,0.30,30.43
1498,17691799,-666.50,-21.00,-743.65,-0.55,-0.37,0.43,30.33
1499,17695848,-666.99,-21.00,-740.72,-0.61,-0.43,0.06,30.33
1500,17699898,-664.55,-22.46,-740.72,-0.91,-0.43,0.43,30.67
1501,17703955,-665.04,-23.93,-743.65,-0.37,-0.79,0.30,30.43
1502,17708005,-666.50,-23.93,-734.37,-0.73,-0.91,-0.06,30.43
1503,17713799,-665.53,-24.41,-746.09,-0.73,-0.79,0.49,30.43
1504,17717848,-662.11,-22.46,-743.65,-0.55,-0.30,0.49,30.67
1505,17721898,-668.95,-21.00,-748.05,-0.61,-0.43,0.00,30.52
1506,17725955,-664.55,-22.46,-737.79,-0.73,-0.61,-0.06,30.33
1507,17730005,-663.57,-25.39,-741.70,-0.67,-0.49,0.55,30.33
1508,17735799,-663.09,-22.46,-741.21,-0.30,-0.79,0.30,30.62
1509,17739848,-666.02,-22.95,-736.33,-0.61,-0.98,-0.18,30.62
1510,17743898,-667.48,-22.95,-742.68,-0.61,-0.91,0.18,30.33
1511,17747955,-664.06,-20.51,-743.16,-0.43,-0.55,0.43,30.67
1512,17752005,-670.41,-24.90,-741.21,-0.43,-0.43,0.18,30.33
1513,17757799,-666.99,-24.41,-739.26,-0.67,-0.30,0.06,30.43
1514,17761848,-665.53,-21.97,-743.65,-0.37,-0.12,0.43,30.47
1515,17765898,-665.53,-20.51,-737.30,-0.24,-0.55,0.12,30.47
1516,17769955,-664.06,-26.37,-736.33,-0.67,-0.79,-0.12,30.43
1517,17774005,-662.60,-24.90,-740.72,-0.98,-0.67,0.30,30.33
1518,17779799,-661.62,-23.93,-741.21,-0.43,-0.67,0.61,30.33
1519,17783848,-666.50,-21.48,-737.30,-0.91,-0.49,-0.12,30.52
1520,17787898,-667.97,-21.97,-747.07,-0.98,-0.30,-0.12,30.09
1521,17791955,-666.50,-19.04,-739.75,-0.43,-0.24,0.43,30.09
1522,17796005,-665.04,-25.88,-740.72,-0.18,-0.37,0.61,30.43
1523,17801799,-668.95,-20.02,-738.77,-0.67,-0.55,-0.06,30.67
1524,17805848,-663.09,-26.37,-740.23,-0.43,-0.79,0.30,30.47
1525,17809898,-666.02,-26.37,-741.70,-0.18,-0.55,0.55,30.09
1526,17813955,-666.02,-23.93,-740.23,-0.73,-0.49,0.12,30.52
1527,17818005,-665.53,-21.97,-742.68,-0.79,-0.18,0.00,30.52
1528,17823799,-664.06,-20.51,-749.02,-0.12,-0.61,0.61,30.47
1529,17827848,-663.57,-24.41,-742.68,-0.73,-0.37,0.24,30.43
1530,17831898,-669.43,-21.97,-742.19,-1.04,-0.30,-0.30,30.52
1531,17835955,-663.57,-18.55,-744.63,-0.79,-0.79,0.79,30.47
1532,17840005,-669.92,-22.95,-742.68,-0.18,-0.98,0.61,30.62
1533,17845799,-661.13,-20.02,-740.23,-0.73,-0.55,-0.06,30.52
1534,17849848,-666.02,-24.90,-744.14,-0.98,-0.85,0.00,30.33
1535,17853898,-664.55,-25.88,-744.63,-0.55,-0.98,0.61,30.52
1536,17857955,-665.04,-27.83,-746.09,-0.55,-0.79,0.43,30.47
1537,17862005,-668.46,-23.44,-744.63,-0.61,-0.43,-0.06,30.52
1538,17867799,-665.04,-20.02,-740.72,-0.37,-0.37,0.24,30.47
1539,17871848,-666.99,-23.44,-737.30,-0.49,-0.79,0.12,30.62
1540,17875898,-666.50,-23.93,-741.70,-1.22,-0.79,0.24,30.52
1541,17879955,-668.46,-24.41,-748.05,-1.10,-0.43,0.79,30.47
1542,17885799,-665.04,-21.00,-744.63,-0.24,-0.61,0.79,30.19
1543,17889848,-670.41,-25.39,-741.70,0.06,-0.24,-0.24,30.09
1544,17893898,-661.62,-25.88,-737.79,-0.79,-0.43,-0.55,30.67
1545,17897955,-658.20,-21.00,-744.63,-0.55,-1.10,0.43,30.47
1546,17902005,-663.57,-19.04,-734.37,-0.49,-1.46,0.91,30.52
1547,17906054,-662.60,-22.95,-738.28,-0.98,-0.91,0.30,30.43
1548,17911799,-664.06,-25.39,-740.72,-0.79,-0.49,0.18,30.47
1549,17915848,-670.90,-21.97,-739.26,-0.55,-0.12,0.37,30.47
1550,17919898,-668.95,-22.95,-741.21,-0.55,0.18,0.30,30.33
1551,17923955,-666.99,-23.93,-742.19,-0.85,0.18,0.49,30.43
1552,17929799,-668.46,-22.95,-745.12,-0.37,-0.55,0.43,30.19
1553,17933848,-663.09,-20.51,-738.28,-0.49,-0.67,-0.06,30.33
1554,17937898,-661.13,-24.41,-735.35,-0.55,-0.79,0.06,30.33
1555,17941955,-668.46,-21.00,-741.21,-1.04,-0.98,0.37,30.47
1556,17946005,-668.46,-20.02,-742.68,-0.61,-1.34,0.67,30.67
1557,17951799,-666.50,-24.41,-742.19,-1.22,-0.24,0.06,30.33
1558,17955848,-668.95,-22.46,-746.58,-0.61,-0.18,0.24,30.43
1559,17959898,-662.11,-19.04,-744.63,-0.49,-0.49,0.18,30.52
1560,17963955,-665.53,-21.48,-740.72,-0.49,-0.55,0.37,30.43
1561,17968005,-665.04,-21.48,-739.75,-0.61,-0.67,0.12,30.09
1562,17973799,-670.41,-20.02,-746.58,-0.61,-1.22,0.61,30.47
1563,17977848,-664.06,-22.46,-742.19,-0.49,-1.04,0.12,30.47
1564,17981898,-656.74,-24.90,-734.37,-0.37,-0.91,-0.12,30.43
1565,17985955,-658.20,-23.44,-734.37,-0.67,-1.04,-0.12,30.67
1566,17990005,-669.43,-25.88,-746.09,-1.95,-0.12,0.61,30.47
1567,17995799,-677.25,-22.46,-756.84,-1.83,1.28,0.91,30.62
1568,17999848,-666.99,-20.51,-750.00,1.04,-0.37,0.61,30.67
1569,18003898,-663.09,-21.00,-728.03,2.68,-0.91,0.24,30.67
1570,18007955,-654.79,-23.44,-728.52,0.06,-0.98,-1.04,30.67
1571,18012005,-660.16,-22.95,-736.33,-2.68,-1.59,-0.30,30.33
1572,18017799,-667.97,-28.32,-747.07,-2.50,-1.40,1.22,30.62
1573,18021848,-670.90,-17.09,-748.05,-0.43,-0.24,1.34,30.43
1574,18025898,-676.27,-19.04,-744.14,0.18,0.55,0.06,30.33
1575,18029955,-662.11,-17.58,-739.75,0.06,1.10,-0.91,30.52
1576,18034005,-662.11,-27.83,-739.26,-0.30,0.18,-0.73,30.62
1577,18039799,-663.57,-26.37,-739.75,-0.85,-0.91,0.73,30.62
1578,18043848,-668.95,-24.90,-736.82,-0.55,-1.95,1.28,30.43
1579,18047898,-666.02,-13.67,-738.28,-0.06,-1.89,0.67,30.19
1580,18051955,-664.55,-21.48,-736.33,-0.55,-1.52,-0.49,30.62
1581,18056005,-663.09,-24.41,-741.70,-1.46,-0.43,-0.79,30.33
1582,18061799,-668.95,-26.37,-750.00,-0.91,0.24,0.73,30.43
1583,18065848,-672.36,-18.07,-746.58,0.00,0.06,1.34,30.47
1584,18069898,-668.46,-20.51,-738.28,-0.43,-0.37,0.18,30.14
1585,18073955,-665.04,-23.93,-738.28,-0.49,-0.61,-0.55,30.47
1586,18078005,-655.76,-22.95,-738.77,-0.37,-1.40,0.24,30.62
1587,18083799,-663.57,-25.39,-738.77,-0.98,-1.40,0.43,30.47
1588,18087848,-666.99,-26.37,-746.58,-1.34,-0.49,0.49,30.33
1589,18091898,-675.29,-21.97,-745.12,-0.55,-0.43,0.73,30.52
1590,18095955,-667.48,-20.51,-741.70,-0.06,0.18,-0.12,30.43
1591,18100005,-663.09,-22.95,-741.70,-0.91,0.37,-0.37,30.62
1592,18105799,-666.50,-25.39,-745.12,-0.43,-0.30,0.06,30.19
1593,18109848,-666.50,-22.46,-739.75,-0.43,-0.85,0.79,30.33
1594,18113898,-666.99,-21.97,-742.19,-0.91,-0.85,0.06,30.43
1595,18117955,-665.04,-24.90,-744.14,-1.22,-0.73,0.00,30.52
1596,18123799,-664.06,-22.46,-742.19,-0.37,-0.55,0.55,30.43
1597,18127848,-675.78,-22.46,-744.14,-0.49,-0.24,0.24,30.19
1598,18131898,-669.92,-18.55,-745.12,-0.85,0.00,-0.18,30.52
1599,18135955,-662.11,-21.00,-744.14,-0.43,-0.67,0.18,30.62
1600,18140005,-662.11,-19.53,-734.37,-0.12,-1.34,0.67,30.47
1601,18144054,-657.71,-22.95,-729.98,-0.67,-0.85,0.00,30.47
1602,18149799,-665.04,-20.51,-741.21,-1.59,-0.79,-0.43,30.28
1603,18153848,-678.71,-25.39,-754.88,-0.85,0.00,1.16,30.62
1604,18157898,-665.04,-17.09,-747.07,-0.06,0.24,1.34,30.43
1605,18161955,-663.57,-15.14,-735.35,1.04,-0.73,-0.37,30.33
1606,18167799,-656.25,-23.44,-730.47,-0.85,-1.89,-1.04,30.28
1607,18171848,-666.50,-28.32,-744.63,-1.65,-1.28,1.22,30.19
1608,18175898,-674.80,-27.34,-751.46,-1.04,-0.85,1.65,30.47
1609,18179955,-672.36,-20.02,-744.63,0.24,-0.73,0.67,30.62
1610,18184005,-664.55,-21.48,-735.84,0.73,-0.79,-0.73,30.19
1611,18189799,-663.09,-25.39,-733.89,-0.98,-0.06,-0.67,30.33
1612,18193848,-657.23,-27.83,-741.21,-1.71,0.30,0.85,30.43
1613,18197898,-672.36,-21.97,-748.05,-1.04,-0.61,1.40,30.67
1614,18201955,-676.27,-24.90,-750.98,-0.67,0.06,0.91,30.52
1615,18206005,-660.16,-21.00,-737.79,0.18,0.18,-0.18,30.33
1616,18211799,-653.81,-26.86,-731.93,0.49,-1.04,-1.10,30.19
1617,18215848,-654.79,-26.37,-732.91,-1.16,-1.16,0.61,30.52
1618,18219898,-670.41,-20.51,-746.09,-2.44,0.12,0.85,30.43
1619,18223955,-673.34,-21.00,-757.81,-2.32,0.85,0.91,30.67
1620,18228005,-671.87,-17.09,-752.93,0.55,0.55,0.73,30.47
1621,18233799,-667.48,-19.53,-735.35,1.04,-0.43,-0.61,30.62
1622,18237848,-659.67,-26.37,-739.75,-0.85,-0.85,-1.10,30.52
1623,18241898,-660.16,-31.25,-739.26,-1.34,-1.59,0.24,30.52
1624,18245955,-666.99,-19.04,-740.72,-0.73,-1.77,1.40,30.67
1625,18250005,-669.92,-19.04,-742.68,-0.30,-1.46,1.04,30.47
1626,18255799,-662.60,-21.48,-741.21,-0.49,-0.79,-0.61,30.43
1627,18259848,-662.11,-23.93,-739.26,-0.30,-0.61,-0.55,30.47
1628,18263898,-663.57,-26.37,-744.14,-0.85,-0.61,-0.06,30.33
1629,18267955,-668.46,-22.46,-746.09,-0.73,-0.18,1.04,30.47
1630,18272005,-663.57,-21.48,-745.61,-0.37,-0.37,0.98,30.62
1631,18277799,-672.85,-17.58,-741.21,-0.06,-0.61,-0.43,30.86
1632,18281848,-666.50,-22.46,-744.63,-1.34,-0.24,-0.61,30.33
1633,18285898,-668.46,-27.83,-746.09,-0.67,-0.30,0.61,30.28
1634,18289955,-665.04,-21.00,-739.26,0.37,-1.46,0.67,30.52
1635,18294005,-665.04,-23.44,-737.30,-0.85,-0.91,0.12,30.33
1636,18299799,-668.95,-22.95,-737.79,-1.71,-0.18,-0.12,30.62
1637,18303848,-671.39,-27.34,-750.49,-1.28,0.37,0.55,30.19
1638,18307898,-671.39,-20.51,-748.05,-0.79,0.79,0.85,30.33
1639,18311955,-668.46,-21.48,-745.61,-0.24,0.61,0.37,30.43
1640,18316005,-663.09,-21.97,-741.70,0.00,0.18,0.00,30.33
1641,18321799,-655.76,-21.97,-740.23,-0.37,-1.04,-0.24,30.62
1642,18325848,-663.57,-29.30,-739.26,-1.22,-1.77,0.67,30.52
1643,18329898,-665.04,-19.53,-742.19,-0.49,-1.95,1.10,30.43
1644,18333955,-671.87,-21.48,-736.82,-0.24,-1.46,0.49,29.95
1645,18338005,-668.46,-25.88,-738.77,-0.24,-0.55,-0.49,30.47
1646,18343799,-667.97,-24.90,-745.12,-1.04,-0.37,-0.37,30.47
1647,18347848,-670.90,-19.04,-741.70,-0.43,-0.18,0.91,30.67
1648,18351898,-669.43,-16.60,-741.21,-0.49,-0.24,0.67,30.62
1649,18355955,-665.04,-20.02,-739.75,-0.67,-0.55,0.06,30.43
1650,18361799,-661.13,-19.53,-739.75,-0.12,-0.85,-0.12,30.33
1651,18365848,-664.55,-23.93,-730.96,-0.91,-0.79,0.06,30.33
1652,18369898,-665.53,-23.93,-741.70,-1.40,-0.49,0.30,30.47
1653,18373955,-670.90,-19.53,-739.75,-1.28,0.00,0.98,30.43
1654,18378005,-667.97,-20.02,-744.63,-0.43,0.18,0.67,30.19
1655,18382054,-664.06,-20.02,-738.77,-0.30,-0.06,-0.30,30.67
1656,18387799,-663.09,-22.95,-737.79,-0.91,-0.24,-0.24,30.52
1657,18391848,-664.55,-23.93,-740.23,-0.67,-0.55,0.73,30.62
1658,18395898,-672.36,-18.55,-742.19,-0.61,-0.67,0.55,30.43
1659,18399955,-670.41,-18.07,-745.12,-1.22,-0.61,0.37,29.99
1660,18405799,-668.95,-20.02,-744.63,-0.49,-0.43,0.79,30.33
1661,18409848,-664.06,-23.93,-738.28,0.18,-1.22,-0.18,30.47
1662,18413898,-664.06,-23.44,-736.33,-0.85,-0.85,-0.61,30.47
1663,18417955,-666.50,-25.39,-745.61,-1.46,-0.67,0.24,30.52
1664,18422005,-666.50,-22.46,-741.70,-0.67,-1.28,1.04,30.33
1665,18427799,-669.43,-20.51,-737.79,-0.18,-0.79,0.61,30.19
1666,18431848,-663.57,-20.02,-746.58,-1.04,-0.12,-0.61,30.52
1667,18435898,-664.06,-21.48,-741.21,-0.49,-0.49,-0.06,30.67
1668,18439955,-665.53,-22.95,-740.72,-0.37,-1.04,0.43,30.52
1669,18444005,-664.55,-20.02,-741.21,-0.67,-0.98,0.61,30.33
1670,18449799,-666.99,-25.39,-749.51,-1.16,-0.73,0.24,30.62
1671,18453848,-663.57,-20.51,-741.70,-0.12,-0.73,0.00,30.47
1672,18457898,-663.57,-21.48,-740.23,-0.55,-0.24,0.12,30.62
1673,18461955,-662.60,-24.41,-743.16,-1.04,0.18,0.12,30.43
1674,18466005,-663.57,-23.44,-747.07,-0.67,-0.37,0.49,30.43
1675,18471799,-675.78,-22.46,-740.23,-0.61,-0.37,0.73,30.52
1676,18475848,-661.62,-21.97,-746.09,-0.85,-0.12,-0.18,30.47
1677,18479898,-663.09,-22.46,-745.12,-0.37,-0.49,-0.12,30.33
1678,18483955,-665.53,-22.95,-740.23,-0.37,-0.98,0.37,30.47
1679,18488005,-666.99,-22.95,-739.26,-0.73,-0.73,0.12,30.33
1680,18493799,-670.90,-22.46,-744.14,-0.85,-0.12,0.30,30.33
1681,18497848,-666.50,-19.04,-746.58,-0.37,-0.79,0.37,30.62
1682,18501898,-663.57,-23.93,-735.35,-0.24,-0.49,0.24,30.19
1683,18505955,-665.04,-21.00,-738.77,-1.04,-0.55,0.18,30.52
1684,18510005,-665.04,-22.46,-744.14,-0.67,-0.85,0.43,30.43
1685,18515799,-671.39,-21.97,-742.19,-0.43,-0.79,0.37,30.33
1686,18519848,-666.99,-19.53,-743.65,-0.85,-0.37,0.12,30.71
1687,18523898,-666.99,-23.44,-746.58,-0.73,-0.43,0.43,30.43
1688,18527955,-666.99,-21.00,-745.61,-0.55,-0.79,0.18,30.62
1689,18532005,-672.36,-19.53,-742.19,-0.55,-0.49,0.12,30.47
1690,18537799,-671.87,-19.04,-740.23,-0.73,-0.18,0.24,30.67
1691,18541848,-667.48,-21.00,-743.16,-0.43,-0.67,0.24,30.52
1692,18545898,-662.11,-18.55,-741.21,-0.43,-0.61,0.12,30.19
1693,18549955,-666.99,-22.46,-741.21,-0.91,-0.79,0.18,30.62
1694,18554005,-666.02,-25.88,-744.14,-0.79,-0.24,0.49,30.47
1695,18559799,-667.48,-25.88,-742.68,-0.49,-0.61,0.30,30.67
1696,18563848,-662.11,-27.83,-740.72,-0.73,-0.98,0.00,30.19
1697,18567898,-666.02,-17.09,-743.65,-0.73,-0.43,0.37,30.28
1698,18571955,-668.95,-21.00,-746.09,-0.61,-0.49,0.24,30.52
1699,18576005,-667.48,-25.88,-746.09,-0.67,-0.61,0.12,30.62
1700,18581799,-665.04,-22.46,-743.65,-0.61,-0.49,0.12,30.28
1701,18585848,-665.04,-20.51,-744.14,-0.43,-0.61,0.43,30.47
1702,18589898,-672.85,-20.51,-743.16,-0.73,-0.67,-0.06,30.47
1703,18593955,-667.97,-25.39,-743.16,-0.61,-0.67,-0.06,30.43
1704,18599799,-658.69,-24.90,-739.26,-0.37,-0.79,0.37,30.28
1705,18603848,-663.57,-27.34,-740.23,-0.49,-0.67,0.30,30.62
1706,18607898,-665.04,-26.86,-740.72,-0.79,-0.55,0.00,30.47
1707,18611955,-661.62,-21.48,-745.61,-0.91,-0.85,0.18,30.67
1708,18616005,-668.95,-22.46,-744.14,-0.49,-0.43,0.67,30.47
1709,18620054,-672.36,-24.90,-737.30,-1.04,-0.12,-0.18,30.43
1710,18625799,-665.04,-23.93,-743.16,-0.85,-0.18,0.00,30.52
1711,18629848,-669.43,-24.41,-743.16,-0.43,-0.37,0.61,30.52
1712,18633898,-666.50,-25.39,-739.26,-0.43,-0.67,0.18,30.28
1713,18637955,-664.06,-25.88,-742.68,-0.98,-0.98,0.00,30.47
1714,18643799,-668.46,-21.97,-740.23,-0.55,-0.73,0.61,30.43
1715,18647848,-668.95,-21.00,-741.70,-0.67,-1.04,0.18,30.33
1716,18651898,-663.09,-22.95,-738.77,-0.79,-0.37,-0.18,30.62
1717,18655955,-667.97,-23.93,-744.14,-0.85,-0.12,0.12,30.62
1718,18660005,-665.53,-25.39,-746.58,-0.18,-0.30,0.67,30.33
1719,18665799,-671.39,-21.97,-740.23,-0.61,-0.37,-0.18,30.19
1720,18669848,-664.55,-24.41,-744.14,-0.91,-0.61,-0.18,30.43
1721,18673898,-667.48,-21.97,-743.16,-0.49,-0.98,0.79,30.47
1722,18677955,-663.09,-21.97,-740.72,-0.43,-1.04,0.49,30.62
1723,18682005,-666.02,-24.41,-741.21,-0.91,-0.55,-0.49,30.47
1724,18687799,-663.57,-25.88,-745.12,-0.73,-0.85,0.30,30.52
1725,18691848,-666.99,-25.88,-739.26,-0.06,-0.61,0.73,30.43
1726,18695898,-668.95,-23.93,-740.23,-0.55,-0.30,-0.12,30.43
1727,18699955,-669.43,-25.88,-750.98,-2.13,0.24,-0.24,30.33
1728,18704005,-667.48,-28.81,-750.98,-0.61,-0.67,0.98,30.62
1729,18709799,-666.99,-18.07,-743.16,1.04,-1.52,1.16,30.67
1730,18713848,-657.23,-18.55,-724.61,-0.06,-1.34,-1.16,30.47
1731,18717898,-660.16,-27.34,-742.19,-2.01,-1.28,-0.61,30.09
1732,18721955,-664.55,-23.93,-744.14,-1.77,-1.10,1.16,30.43
1733,18726005,-674.32,-22.95,-745.12,-0.91,-0.18,1.22,30.52
1734,18731799,-671.87,-19.04,-747.56,-0.49,0.49,0.30,30.47
1735,18735848,-665.53,-21.48,-742.68,0.18,-0.18,-0.61,30.47
1736,18739898,-661.62,-25.88,-738.77,-0.43,-0.49,-0.55,30.19
1737,18743955,-658.69,-17.58,-735.84,-1.10,-0.91,0.55,30.62
1738,18748005,-660.64,-22.95,-738.28,-1.34,-1.28,1.40,30.62
1739,18753799,-677.25,-19.04,-742.19,0.55,-1.34,0.37,30.52
1740,18757848,-669.92,-27.34,-740.72,-1.65,0.30,-1.04,30.33
1741,18761898,-664.55,-22.46,-748.54,-0.98,0.24,0.12,30.33
1742,18765955,-671.39,-21.97,-746.58,0.24,-0.18,0.85,30.52
1743,18770005,-663.57,-17.58,-735.35,0.00,-0.43,0.24,30.43
1744,18775799,-664.06,-21.00,-740.23,-1.34,-0.37,-0.37,30.19
1745,18779848,-661.13,-23.93,-743.16,-0.06,-1.28,0.49,30.47
1746,18783898,-665.53,-21.97,-736.82,0.18,-1.46,0.18,30.52
1747,18787955,-667.48,-25.39,-740.23,-1.16,-0.18,-0.06,30.33
1748,18792005,-671.39,-21.00,-743.16,-0.91,-0.12,0.00,30.47
1749,18797799,-669.92,-21.00,-746.58,-0.67,-0.24,0.37,30.52
1750,18801848,-669.92,-25.88,-740.23,-0.55,0.24,0.37,30.47
1751,18805898,-662.60,-21.00,-749.02,-0.43,-0.06,0.06,30.67
1752,18809955,-661.62,-19.53,-743.16,-0.06,-1.28,0.24,30.62
1753,18814005,-663.57,-21.97,-737.30,-0.73,-1.34,0.30,30.52
1754,18819799,-667.97,-21.48,-739.26,-1.10,-0.79,0.24,30.62
1755,18823848,-666.99,-24.90,-744.14,-0.98,-0.55,0.43,30.19
1756,18827898,-670.90,-23.93,-746.09,-1.04,-0.43,0.24,30.52
1757,18831955,-673.83,-23.44,-744.63,-0.98,-0.37,0.06,30.47
1758,18837799,-672.36,-22.95,-750.98,-0.37,-0.12,0.24,30.33
1759,18841848,-658.20,-23.44,-738.77,0.18,-1.10,0.37,30.33
1760,18845898,-654.30,-25.88,-731.45,-0.67,-1.65,-0.12,30.62
1761,18849955,-655.76,-23.93,-724.61,-0.98,-2.26,0.06,30.43
1762,18854005,-664.55,-26.86,-739.75,-2.50,-1.83,0.37,30.62
1763,18858054,-681.64,-26.37,-760.25,-1.89,0.30,1.40,30.62
1764,18863799,-680.66,-17.09,-757.32,0.37,1.04,0.91,30.52
1765,18867848,-665.53,-17.09,-737.30,1.89,-0.43,-0.85,30.62
1766,18871898,-652.83,-26.37,-724.12,0.06,-1.28,-1.04,30.52
1767,18875955,-660.64,-26.37,-734.37,-2.38,-1.83,0.73,30.43
1768,18881799,-665.53,-22.46,-747.56,-1.65,-1.65,1.95,30.28
1769,18885848,-667.48,-18.07,-735.35,0.67,-1.95,0.30,30.43
1770,18889898,-666.50,-23.93,-729.98,0.00,0.06,-1.46,30.52
1771,18893955,-661.13,-23.93,-742.19,-1.71,1.10,-1.22,30.33
1772,18898005,-667.97,-26.86,-753.42,-1.46,1.28,0.67,30.33
1773,18903799,-669.92,-19.53,-751.46,-0.67,0.55,1.22,30.09
1774,18907848,-667.48,-18.55,-744.63,-0.73,0.18,0.30,30.62
1775,18911898,-662.11,-20.51,-738.28,0.61,-1.10,-0.61,30.67
1776,18915955,-653.32,-24.41,-728.03,0.24,-1.89,-0.73,30.09
1777,18920005,-656.74,-28.81,-729.00,-1.22,-1.65,0.12,30.47
1778,18925799,-674.32,-25.39,-746.58,-2.87,-0.24,0.67,30.62
1779,18929848,-679.20,-19.53,-759.77,-1.28,0.55,1.22,30.52
1780,18933898,-677.25,-16.60,-750.98,0.61,0.37,0.67,30.33
1781,18937955,-660.16,-16.11,-734.86,1.71,-0.61,-0.37,30.62
1782,18942005,-648.93,-23.44,-726.07,0.79,-2.32,-0.79,30.47
1783,18947799,-653.81,-29.30,-727.05,-1.40,-2.68,0.43,30.47
1784,18951848,-669.43,-22.95,-740.72,-2.13,-1.52,1.10,30.52
1785,18955898,-675.78,-18.55,-745.12,-1.22,-0.24,1.28,30.52
1786,18959955,-673.34,-16.11,-744.14,0.00,0.61,0.06,30.43
1787,18964005,-668.46,-21.00,-744.14,-0.24,1.59,-0.79,30.62
1788,18969799,-662.60,-25.88,-742.19,-0.91,0.91,-0.49,30.33
1789,18973848,-661.13,-24.90,-738.77,-0.67,-0.91,0.91,30.52
1790,18977898,-668.95,-23.44,-739.26,-0.73,-1.28,0.55,30.28
1791,18981955,-664.06,-20.51,-745.12,-0.73,-0.79,0.73,30.62
1792,18986005,-661.13,-23.93,-736.82,0.73,-1.65,0.12,30.43
1793,18991799,-662.11,-27.34,-729.49,-0.43,-1.22,-0.98,30.43
1794,18995848,-671.87,-27.34,-740.72,-2.38,0.79,0.30,30.81
1795,18999898,-673.34,-20.02,-757.32,-1.89,0.98,1.10,30.19
1796,19003955,-671.87,-16.60,-754.39,0.55,0.43,1.16,30.62
1797,19008005,-662.60,-19.04,-739.26,0.85,-0.12,-0.49,30.52
1798,19013799,-655.76,-24.90,-737.30,-0.49,-0.67,-0.85,30.67
1799,19017848,-658.20,-23.44,-739.75,-1.04,-1.77,0.61,30.47
1800,19021898,-664.55,-21.48,-742.68,-1.10,-1.95,0.91,30.33
1801,19025955,-666.99,-23.44,-742.68,-1.46,-1.04,0.55,30.19
1802,19030005,-669.43,-19.04,-744.14,-0.73,-0.67,0.43,30.47
1803,19035799,-667.97,-21.00,-742.68,0.12,-0.06,0.00,30.47
1804,19039848,-664.55,-25.39,-740.23,-0.67,0.06,-0.30,30.67
1805,19043898,-667.97,-19.53,-740.23,-0.85,0.06,0.55,30.62
1806,19047955,-662.60,-21.00,-739.26,-0.43,-0.67,0.73,30.19
1807,19052005,-674.32,-23.93,-735.84,-0.85,-0.85,-0.18,30.43
1808,19057799,-672.85,-22.95,-756.35,-2.20,0.18,-0.49,30.47
1809,19061848,-663.09,-20.02,-745.12,0.49,-1.34,0.91,30.52
1810,19065898,-666.02,-19.53,-731.45,0.85,-1.77,0.61,30.33
1811,19069955,-661.62,-21.97,-728.03,-1.04,-0.43,-0.37,30.67
1812,19075799,-665.53,-22.46,-744.14,-1.65,0.12,-0.06,30.19
1813,19079848,-666.99,-25.88,-747.07,-0.67,-0.12,0.61,30.47
1814,19083898,-665.53,-20.51,-740.72,0.06,0.18,0.49,30.43
1815,19087955,-669.92,-23.44,-739.75,-0.67,0.06,-0.24,30.43
1816,19092005,-666.50,-24.90,-745.12,-0.67,-0.55,-0.18,30.67
1817,19096054,-666.50,-22.46,-747.07,-0.61,-1.10,0.06,30.52
1818,19101799,-665.53,-24.90,-742.68,-0.73,-1.22,0.43,30.47
1819,19105848,-666.50,-20.02,-739.26,-0.49,-1.46,0.37,30.86
1820,19109898,-667.48,-22.46,-736.82,-0.43,-1.16,0.00,30.47
1821,19113955,-666.02,-23.44,-740.72,-0.67,-0.37,-0.06,30.28
1822,19119799,-666.02,-24.41,-744.14,-1.04,-0.06,0.06,30.43
1823,19123848,-670.41,-20.02,-742.68,-0.49,-0.30,0.43,30.28
1824,19127898,-670.90,-20.02,-745.61,-0.43,0.00,-0.06,30.43
1825,19131955,-666.02,-23.44,-740.72,-0.55,-0.43,-0.12,30.67
1826,19136005,-666.99,-17.09,-745.12,-0.55,-1.04,-0.06,30.52
1827,19141799,-665.04,-24.41,-739.75,-0.67,-1.22,0.37,30.47
1828,19145848,-667.97,-20.51,-743.16,-0.85,-0.55,0.55,30.33
1829,19149898,-668.95,-20.51,-741.21,-0.37,-0.61,0.24,30.43
1830,19153955,-669.43,-22.46,-744.14,-0.43,-0.30,0.12,30.28
1831,19158005,-665.04,-26.37,-739.75,-0.67,-0.12,0.12,30.33
1832,19163799,-659.67,-22.46,-740.23,-0.43,-0.43,0.37,30.19
1833,19167848,-663.57,-21.48,-741.21,-0.43,-0.30,0.18,30.67
1834,19171898,-666.99,-21.48,-745.12,-0.91,-0.55,-0.18,30.62
1835,19175955,-667.97,-25.39,-753.42,-1.22,-0.24,0.30,30.43
1836,19180005,-672.85,-20.51,-750.49,-0.18,-0.37,0.61,30.62
1837,19185799,-669.92,-24.41,-743.65,0.24,-1.28,0.00,30.33
1838,19189848,-661.62,-25.39,-731.45,-0.37,-1.77,0.06,30.47
1839,19193898,-660.64,-21.48,-737.79,-1.04,-1.40,0.37,30.33
1840,19197955,-664.55,-22.95,-739.26,-1.52,-0.98,0.43,30.52
1841,19202005,-668.95,-22.46,-746.58,-1.16,-0.37,0.55,30.62
1842,19207799,-673.34,-20.51,-746.58,0.12,0.37,0.43,30.67
1843,19211848,-666.02,-18.55,-738.28,-0.12,0.55,-0.55,30.33
1844,19215898,-659.67,-25.39,-742.19,-0.73,-0.06,-0.43,30.19
1845,19219955,-662.11,-23.44,-743.65,-1.16,-0.67,0.79,30.67
1846,19224005,-663.09,-18.55,-743.65,-0.55,-1.28,1.22,30.47
1847,19229799,-673.34,-18.55,-744.63,-0.49,-1.46,-0.12,30.52
1848,19233848,-654.30,-25.39,-741.21,-0.24,-1.16,-0.67,30.33
1849,19237898,-657.23,-26.37,-734.86,-0.18,-1.16,0.00,30.19
1850,19241955,-667.48,-22.46,-737.79,-1.52,-0.73,0.67,30.52
1851,19246005,-674.80,-24.90,-751.95,-1.89,0.49,0.73,30.19
1852,19251799,-670.41,-19.04,-757.81,-0.43,0.49,0.61,30.62
1853,19255848,-664.06,-15.62,-737.79,1.22,-0.98,-0.37,30.52
1854,19259898,-656.25,-27.34,-730.47,0.06,-1.46,-1.16,30.43
1855,19263955,-658.20,-24.41,-735.35,-1.89,-2.01,0.49,30.67
1856,19268005,-668.95,-23.93,-745.61,-1.65,-1.65,1.22,30.81
1857,19273799,-673.34,-20.02,-746.09,-0.55,-1.04,0.67,30.62
1858,19277848,-665.04,-23.44,-740.23,-0.12,-0.30,-0.61,30.62
1859,19281898,-666.02,-21.48,-743.16,-0.24,0.00,-0.37,30.28
1860,19285955,-668.95,-21.97,-740.72,-0.61,-0.06,0.30,30.62
1861,19290005,-665.53,-25.88,-744.14,-1.65,-0.18,0.61,30.81
1862,19295799,-670.41,-21.48,-746.58,-1.10,-0.30,0.91,30.33
1863,19299848,-668.46,-14.16,-742.68,0.18,-0.73,0.43,30.33
1864,19303898,-663.57,-20.51,-740.72,0.18,-0.49,-0.61,30.67
1865,19307955,-664.06,-23.93,-738.28,-1.10,-0.79,-0.79,30.43
1866,19313799,-665.53,-25.88,-745.12,-1.16,-0.91,0.61,30.62
1867,19317848,-670.41,-16.11,-739.26,-0.85,-0.61,1.10,30.33
1868,19321898,-668.46,-20.51,-742.68,-0.49,-0.12,-0.06,30.52
1869,19325955,-667.48,-23.44,-739.75,-0.37,-0.12,-0.24,30.47
1870,19330005,-661.13,-24.90,-740.23,-0.12,-0.37,-0.18,30.62
1871,19334054,-664.06,-21.97,-742.19,-0.67,-0.30,0.30,30.62
1872,19339799,-665.53,-23.93,-745.61,-1.10,-0.61,0.43,30.71
1873,19343848,-669.43,-19.53,-745.12,-0.61,-0.55,0.67,30.33
1874,19347898,-662.11,-21.48,-736.33,-0.30,-0.98,-0.06,30.43
1875,19351955,-661.62,-24.41,-733.40,-1.10,-0.79,-0.61,30.43
1876,19357799,-666.50,-26.37,-748.54,-1.04,-0.67,0.43,30.28
1877,19361848,-667.97,-20.51,-748.05,-0.61,-0.37,1.10,30.09
1878,19365898,-670.41,-18.55,-743.65,-0.30,-0.12,-0.12,30.52
1879,19369955,-666.50,-24.90,-747.07,-0.85,-0.30,-0.61,30.33
1880,19374005,-665.04,-25.39,-741.21,-0.06,-0.98,0.12,30.33
1881,19379799,-663.09,-19.53,-732.42,0.18,-1.83,0.37,30.47
1882,19383848,-659.67,-21.00,-729.98,-1.10,-1.34,0.37,30.43
1883,19387898,-660.64,-21.48,-739.75,-1.46,-0.49,0.73,30.47
1884,19391955,-667.97,-21.97,-745.12,-1.65,0.49,0.30,30.43
1885,19396005,-667.97,-21.48,-747.07,-0.67,1.40,0.12,30.19
1886,19401799,-667.48,-23.93,-744.63,0.24,0.98,-0.06,30.47
1887,19405848,-666.50,-21.97,-741.70,-0.12,-0.30,0.00,30.62
1888,19409898,-661.62,-24.90,-731.45,-0.91,-1.16,0.43,30.62
1889,19413955,-663.57,-23.93,-739.26,-0.91,-1.71,0.55,30.62
1890,19418005,-662.60,-18.07,-739.75,-0.24,-1.89,0.67,30.62
1891,19423799,-667.48,-16.60,-740.23,-0.24,-0.91,-0.24,30.33
1892,19427848,-664.55,-23.44,-741.21,-1.04,0.24,0.12,30.43
1893,19431898,-667.48,-24.90,-744.63,-0.49,0.24,0.55,30.33
1894,19435955,-668.46,-22.95,-743.65,-0.55,0.00,0.30,30.52
1895,19440005,-665.04,-24.90,-741.70,-0.79,-0.18,0.00,30.67
1896,19445799,-669.43,-17.58,-744.63,-0.49,-0.91,0.37,30.52
1897,19449848,-664.06,-18.55,-739.75,0.30,-1.46,0.30,30.33
1898,19453898,-661.62,-24.90,-730.47,-0.24,-1.71,-0.30,30.33
1899,19457955,-658.20,-23.44,-733.89,-0.91,-0.98,0.37,30.62
1900,19462005,-666.02,-21.00,-745.12,-1.22,-0.43,0.73,30.43
1901,19467799,-671.39,-22.95,-751.46,-1.10,0.18,0.43,30.81
1902,19471848,-668.95,-23.44,-744.63,-0.43,0.79,0.12,30.67
1903,19475898,-667.48,-21.97,-742.68,-0.12,0.37,-0.49,30.43
1904,19479955,-663.09,-23.93,-737.30,-0.55,-0.12,-0.12,30.47
1905,19484005,-662.60,-20.51,-740.23,-1.16,-0.73,0.61,30.62
1906,19489799,-665.53,-19.04,-742.68,-0.98,-1.22,0.79,30.19
1907,19493848,-666.02,-19.53,-740.72,-0.61,-1.04,0.12,30.62
1908,19497898,-666.50,-25.88,-740.23,-0.91,-0.98,-0.43,30.33
1909,19501955,-668.46,-25.39,-743.16,-0.61,-0.06,0.06,30.47
1910,19506005,-668.46,-22.95,-743.16,-0.37,-0.30,0.73,30.47
1911,19511799,-667.48,-21.48,-737.79,-0.73,-0.24,0.18,30.52
1912,19515848,-663.09,-19.04,-740.72,-0.91,-0.67,0.30,30.33
1913,19519898,-667.97,-23.93,-738.77,-0.37,-0.98,0.55,30.62
1914,19523955,-664.55,-20.02,-738.28,-0.43,-1.04,0.12,30.62
1915,19528005,-664.55,-26.37,-739.75,-0.91,-0.79,0.06,30.43
1916,19533799,-669.43,-24.90,-747.56,-0.85,-0.85,0.73,30.52
1917,19537848,-667.97,-22.46,-739.26,-0.49,-0.67,0.30,30.67
1918,19541898,-667.97,-22.95,-743.16,-0.79,-0.49,-0.30,30.47
1919,19545955,-665.53,-29.30,-743.65,-0.79,-0.61,-0.06,30.62
1920,19551799,-661.62,-22.95,-742.68,-0.49,-0.55,0.79,30.43
1921,19555848,-668.95,-21.00,-739.75,-0.85,-0.55,0.18,30.47
1922,19559898,-664.06,-25.39,-741.21,-0.79,-0.43,-0.12,30.09
1923,19563955,-667.97,-25.39,-742.19,-0.67,-0.24,0.43,30.67
1924,19568005,-666.99,-21.00,-740.23,-0.30,-0.55,0.55,30.62
1925,19572054,-667.97,-24.90,-740.23,-0.49,-0.24,-0.18,30.67
1926,19577799,-666.99,-21.97,-743.65,-0.61,-0.43,0.18,30.47
1927,19581848,-666.02,-14.16,-739.75,-0.49,-0.91,0.49,30.28
1928,19585898,-670.90,-26.37,-742.68,-0.61,-0.85,0.06,30.43
1929,19589955,-667.97,-23.93,-744.63,-0.73,-0.61,-0.12,30.19
1930,19595799,-667.48,-26.37,-743.65,-0.18,-0.98,0.49,30.33
1931,19599848,-665.53,-21.00,-743.16,-0.30,-0.61,0.18,30.33
1932,19603898,-667.97,-24.41,-741.21,-1.22,-0.30,0.12,30.47
1933,19607955,-664.06,-25.39,-743.16,-0.61,-0.37,0.18,30.43
1934,19612005,-667.48,-24.90,-744.63,0.06,-0.98,0.49,30.28
1935,19617799,-665.53,-25.88,-741.21,-0.61,-0.61,-0.06,30.43
1936,19621848,-665.04,-19.53,-746.58,-0.79,-0.55,0.30,30.62
1937,19625898,-666.50,-23.44,-740.23,-0.43,-0.91,0.37,30.47
1938,19629955,-667.48,-22.46,-743.65,-0.61,-0.67,0.00,30.52
1939,19634005,-665.04,-22.46,-745.61,-0.85,-0.12,0.00,30.28
1940,19639799,-663.57,-25.39,-743.16,-0.55,-0.55,0.18,30.67
1941,19643848,-668.95,-20.51,-739.75,-0.49,-0.73,0.24,30.43
1942,19647898,-667.97,-19.04,-739.75,-0.98,-0.49,0.00,30.62
1943,19651955,-666.99,-23.93,-746.58,-1.04,-0.61,0.30,30.86
1944,19656005,-666.99,-18.55,-745.61,-0.18,-0.91,0.55,30.62
1945,19661799,-666.02,-23.44,-739.26,0.00,-0.79,0.37,30.67
1946,19665848,-664.06,-23.93,-737.79,-0.61,-0.61,-0.18,30.52
1947,19669898,-665.53,-25.39,-740.23,-0.67,-0.79,0.55,30.47
1948,19673955,-666.99,-23.93,-737.30,-1.16,-1.40,0.18,30.47
1949,19678005,-664.55,-22.46,-743.65,-1.34,-0.37,0.55,30.47
1950,19683799,-673.83,-23.93,-747.56,-0.43,0.12,0.55,30.33
1951,19687848,-667.97,-23.93,-745.61,0.12,-0.18,-0.12,30.33
1952,19691898,-664.55,-22.95,-738.28,-0.30,-0.43,-0.30,30.43
1953,19695955,-659.18,-26.86,-739.75,-1.04,-0.79,0.30,30.67
1954,19700005,-669.43,-25.39,-741.21,-0.79,-1.04,0.79,30.52
1955,19705799,-666.50,-21.97,-740.23,-0.55,-1.28,0.37,30.47
1956,19709848,-668.46,-26.86,-741.70,-0.91,-0.12,-0.12,30.43
1957,19713898,-667.48,-23.44,-745.12,-0.55,0.12,0.12,30.33
1958,19717955,-667.48,-25.39,-743.65,-0.49,0.00,0.61,30.62
1959,19722005,-666.50,-22.46,-743.65,-1.10,-0.18,0.24,30.33
1960,19727799,-661.62,-17.58,-745.61,-0.61,-0.12,0.37,30.62
1961,19731848,-662.60,-21.48,-744.14,-0.30,-0.73,-0.12,30.62
1962,19735898,-663.09,-22.46,-742.19,-0.61,-1.10,-0.06,30.43
1963,19739955,-664.06,-26.86,-744.14,-0.79,-0.85,0.43,30.62
1964,19744005,-670.41,-18.55,-743.65,-0.73,-0.67,0.43,30.62
1965,19749799,-669.43,-25.88,-744.63,-0.85,-0.37,0.43,30.62
1966,19753848,-669.43,-18.55,-744.14,-0.49,-0.24,0.18,30.62
1967,19757898,-666.50,-20.51,-745.61,-0.24,-0.49,0.37,30.62
1968,19761955,-661.13,-20.51,-739.26,-0.30,-0.98,0.18,30.47
1969,19766005,-664.06,-22.95,-738.77,-0.91,-0.98,-0.06,30.47
1970,19771799,-666.50,-22.46,-745.61,-0.73,-1.04,0.43,30.81
1971,19775848,-671.39,-25.88,-742.19,0.00,-0.49,0.73,30.67
1972,19779898,-666.99,-20.51,-740.72,-0.30,-0.55,-0.24,30.47
1973,19783955,-663.57,-25.39,-736.33,-0.12,-0.79,-0.49,30.43
1974,19789799,-670.41,-20.02,-740.23,-0.85,-0.55,0.43,30.43
1975,19793848,-668.46,-21.48,-746.09,-1.22,-0.30,0.49,30.33
1976,19797898,-669.92,-22.46,-741.21,-0.91,-0.06,0.06,30.43
1977,19801955,-665.04,-22.95,-743.65,-0.49,0.12,0.12,30.62
1978,19806005,-666.99,-20.02,-743.65,0.00,-0.06,-0.24,30.67
1979,19810054,-662.60,-21.97,-735.84,-0.91,-0.37,-0.18,30.33
1980,19815799,-663.09,-21.48,-740.23,-0.85,-0.55,0.49,30.33
1981,19819848,-666.50,-20.51,-743.16,-0.30,-1.10,0.67,30.33
1982,19823898,-666.02,-21.48,-743.65,-0.30,-0.85,0.00,30.62
1983,19827955,-664.06,-21.97,-741.70,-0.73,-0.49,-0.37,30.47
1984,19833799,-666.99,-22.95,-745.61,-0.49,-0.43,0.43,30.33
1985,19837848,-667.97,-21.97,-743.16,-0.61,-0.18,0.55,30.19
1986,19841898,-662.11,-24.41,-744.63,-1.04,-0.30,-0.12,30.71
1987,19845955,-661.13,-25.88,-745.12,-0.55,-0.49,0.37,30.33
1988,19850005,-661.62,-22.46,-739.75,-0.06,-1.04,0.30,30.62
1989,19855799,-662.60,-21.00,-741.21,-0.55,-0.73,0.12,30.28
1990,19859848,-658.20,-23.44,-742.19,-0.98,-0.73,0.43,30.67
1991,19863898,-665.53,-21.97,-744.14,-0.55,-0.85,0.55,30.47
1992,19867955,-667.48,-17.09,-738.77,-0.55,-0.37,-0.06,30.52
1993,19872005,-660.64,-21.48,-740.23,-1.16,-0.12,-0.37,30.47
1994,19877799,-662.11,-19.53,-743.16,-0.73,-0.37,0.06,30.33
1995,19881848,-665.53,-21.00,-741.21,-0.55,-0.43,0.67,30.67
1996,19885898,-665.04,-20.51,-737.30,-0.91,-0.73,0.00,30.52
1997,19889955,-664.06,-23.93,-745.61,-0.91,-0.67,-0.12,30.81
1998,19894005,-663.57,-21.48,-747.07,-0.43,-0.73,0.73,30.71
1999,19899799,-667.48,-21.97,-741.21,-0.43,-0.61,0.49,30.33
2000,19903848,-664.55,-28.32,-742.68,-0.79,-0.06,0.06,30.52
2001,19907898,-668.46,-17.58,-741.21,-0.49,-0.55,0.37,30.52
2002,19911955,-668.95,-20.02,-740.72,-0.24,-0.55,0.43,30.47
2003,19916005,-661.62,-20.02,-739.26,-0.79,-0.61,0.06,30.67
2004,19921799,-668.46,-18.55,-746.58,-0.73,-0.73,0.12,30.47
2005,19925848,-667.48,-25.39,-740.23,-0.43,-0.85,0.43,30.62
2006,19929898,-667.48,-20.02,-739.26,-0.79,-0.43,-0.12,30.47
2007,19933955,-666.50,-23.93,-742.68,-0.85,-0.30,-0.18,30.81
2008,19938005,-666.99,-22.95,-742.19,-0.24,-0.67,0.61,30.43
2009,19943799,-664.55,-20.51,-735.84,-0.37,-0.98,0.18,30.62
2010,19947848,-669.92,-25.39,-741.21,-0.79,0.00,0.12,30.62
2011,19951898,-663.57,-23.93,-744.63,-0.67,-0.37,0.37,30.09
2012,19955955,-666.50,-19.53,-741.21,-0.43,-0.73,0.61,30.43
2013,19960005,-669.43,-22.46,-740.23,-0.67,-0.61,0.12,30.47
2014,19965799,-664.06,-21.00,-744.14,-0.67,-0.43,0.24,30.52
2015,19969848,-664.55,-21.00,-740.23,-0.43,-0.85,0.30,30.33
2016,19973898,-668.95,-21.00,-740.72,-0.49,-0.61,0.06,30.33
2017,19977955,-665.53,-21.00,-739.75,-1.04,-0.30,-0.18,30.47
2018,19982005,-666.50,-24.41,-744.63,-0.67,-0.79,0.67,30.47
2019,19987799,-664.55,-20.02,-741.21,-0.37,-1.04,0.12,30.67
2020,19991848,-664.06,-27.34,-740.72,-0.73,-0.49,0.18,30.62
2021,19995898,-660.16,-21.48,-744.63,-0.67,-0.43,0.37,30.47
2022,19999955,-669.43,-15.62,-745.12,-0.30,-0.91,0.30,30.52
2023,20004005,-663.57,-25.88,-741.21,-0.91,-0.79,0.24,30.62
2024,20009799,-662.11,-23.44,-743.16,-0.61,-0.12,0.30,30.62
2025,20013848,-667.48,-20.51,-737.79,-0.67,-0.91,0.37,30.67
2026,20017898,-666.02,-19.04,-743.16,-0.73,-0.85,-0.06,30.33
2027,20021955,-664.55,-21.00,-739.26,-0.98,-0.61,0.30,30.47
2028,20027799,-666.02,-18.55,-743.16,-0.61,-0.49,0.30,30.33
2029,20031848,-662.11,-21.48,-741.70,-0.55,-0.73,0.00,30.33
2030,20035898,-662.60,-26.86,-739.26,-0.67,-0.55,-0.06,30.62
2031,20039955,-669.43,-18.55,-742.19,-0.73,-0.37,0.37,30.43
2032,20044005,-668.95,-18.55,-742.68,-0.24,-0.73,0.18,30.67
2033,20048054,-665.04,-23.44,-742.68,-0.43,-0.55,0.00,30.62
2034,20053799,-661.62,-23.93,-740.23,-0.85,-0.37,0.30,30.47
2035,20057848,-664.55,-23.44,-743.65,-0.55,-0.55,0.49,30.19
2036,20061898,-664.55,-20.02,-742.19,-0.43,-0.67,0.37,30.67
2037,20065955,-662.11,-20.02,-741.21,-1.16,-0.49,0.06,30.43
2038,20071799,-662.11,-22.95,-741.70,-0.55,-0.30,0.49,30.43
2039,20075848,-668.46,-22.95,-739.75,-0.30,-0.61,0.00,30.09
2040,20079898,-664.06,-23.93,-737.79,-0.67,-0.73,-0.12,30.62
2041,20083955,-662.11,-23.44,-746.58,-0.91,-0.67,0.18,30.47
2042,20088005,-670.90,-23.93,-744.63,-0.30,-0.67,0.61,30.52
2043,20093799,-665.53,-21.48,-743.16,-0.55,-0.55,0.00,30.33
2044,20097848,-663.57,-24.41,-742.68,-0.85,-0.37,0.06,30.62
2045,20101898,-668.95,-22.46,-741.21,-0.37,-0.55,0.55,30.67
2046,20105955,-672.36,-22.95,-746.58,-0.49,-0.55,0.30,30.43
2047,20110005,-667.48,-22.46,-743.16,-0.85,-0.61,-0.18,30.33
2048,20115799,-666.99,-24.41,-746.09,-0.73,-0.73,0.43,30.52
2049,20119848,-663.09,-26.86,-743.65,-0.43,-0.98,0.49,30.43
2050,20123898,-666.99,-18.55,-742.19,-0.98,-0.55,-0.37,30.47
2051,20127955,-666.99,-26.86,-741.70,-0.91,-0.67,-0.12,30.47
2052,20132005,-670.41,-20.02,-745.61,-0.55,-0.49,0.67,30.47
2053,20137799,-669.43,-21.97,-739.75,-0.37,-0.37,0.37,30.43
2054,20141848,-660.64,-21.00,-743.65,-0.91,-0.55,-0.12,30.47
2055,20145898,-665.53,-22.95,-744.63,-0.79,-0.85,0.37,30.67
2056,20149955,-666.50,-18.55,-738.28,-0.12,-1.16,0.43,30.62
2057,20154005,-666.99,-24.41,-741.21,-0.73,-0.67,-0.24,30.43
2058,20159799,-666.50,-23.93,-746.09,-1.10,-0.55,0.12,30.52
2059,20163848,-668.46,-21.97,-744.63,-0.12,-0.61,0.55,30.62
2060,20167898,-671.39,-24.41,-741.21,-0.43,-0.49,0.12,30.47
2061,20171955,-658.69,-23.93,-743.16,-0.85,-0.18,-0.12,30.67
2062,20176005,-663.57,-24.90,-742.19,-0.43,-0.91,0.43,30.47
2063,20181799,-668.95,-23.44,-740.72,-0.55,-0.73,0.43,30.62
2064,20185848,-664.55,-21.48,-740.72,-1.16,-0.30,-0.12,30.62
2065,20189898,-663.57,-23.93,-743.65,-0.85,-0.49,0.24,30.19
2066,20193955,-669.43,-24.41,-738.28,-0.24,-0.91,0.37,30.67
2067,20198005,-664.55,-19.53,-739.26,-0.55,-0.61,0.00,30.52
2068,20203799,-667.48,-21.48,-743.65,-1.04,-0.30,-0.06,30.62
2069,20207848,-667.48,-21.97,-742.19,-0.18,-0.91,0.73,30.43
2070,20211898,-664.55,-19.04,-738.77,-0.49,-0.98,0.24,30.33
2071,20215955,-666.99,-21.97,-734.37,-1.04,-0.18,-0.18,30.67
2072,20220005,-669.43,-26.86,-744.63,-0.98,-0.61,0.37,30.43
2073,20225799,-666.02,-20.02,-740.72,-0.49,-1.04,0.67,30.52
2074,20229848,-668.46,-22.46,-741.70,-0.67,-0.49,0.12,30.47
2075,20233898,-665.04,-19.04,-745.61,-0.79,-0.49,-0.12,30.67
2076,20237955,-666.02,-23.93,-741.21,-0.24,-0.73,0.00,30.43
2077,20242005,-666.02,-23.44,-735.84,-0.61,-0.85,0.43,30.47
2078,20247799,-663.09,-24.90,-740.23,-0.91,-0.49,0.37,30.52
2079,20251848,-666.99,-21.00,-745.12,-0.67,-0.43,0.30,30.62
2080,20255898,-662.11,-19.53,-738.77,-0.49,-0.61,0.18,30.47
2081,20259955,-664.06,-25.39,-740.23,-0.73,-0.43,0.00,30.43
2082,20265799,-666.99,-19.53,-743.65,-0.43,-0.24,0.37,30.47
2083,20269848,-669.92,-21.48,-737.79,-0.37,-0.73,0.24,30.14
2084,20273898,-666.50,-26.86,-743.16,-0.55,-0.61,0.18,30.62
2085,20277955,-663.09,-24.41,-741.21,-0.73,-0.55,0.43,30.47
2086,20282005,-666.99,-26.86,-742.68,-0.61,-0.79,0.43,30.71
2087,20286054,-662.60,-22.46,-737.30,-0.37,-0.73,0.00,30.33
2088,20291799,-663.57,-21.00,-740.23,-0.79,-0.55,0.00,30.67
2089,20295848,-666.50,-19.04,-739.26,-0.49,-0.43,0.43,30.33
2090,20299898,-664.06,-21.97,-739.75,-0.30,-0.67,0.12,30.67
2091,20303955,-660.64,-24.41,-738.77,-0.55,-0.73,0.18,30.33
2092,20309799,-666.02,-20.02,-746.58,-0.79,-0.37,0.37,30.47
2093,20313848,-666.99,-19.04,-743.16,-0.61,-0.67,0.18,30.33
2094,20317898,-667.48,-23.93,-739.75,-0.55,-0.85,0.06,30.33
2095,20321955,-666.02,-21.97,-741.70,-0.98,-0.91,0.24,30.62
2096,20326005,-665.53,-20.02,-743.65,-0.55,-0.61,0.49,30.19
2097,20331799,-666.50,-19.53,-741.70,-0.37,-0.73,0.12,30.33
2098,20335848,-666.02,-25.39,-741.70,-0.98,-0.55,0.00,30.81
2099,20339898,-663.57,-20.51,-742.19,-0.43,-0.43,0.55,30.52
2100,20343955,-669.92,-21.00,-740.72,-0.18,-0.61,0.06,30.67
2101,20348005,-666.02,-21.00,-745.12,-0.67,-0.30,-0.24,30.47
2102,20353799,-663.09,-20.51,-743.16,-0.73,-0.30,0.24,30.47
2103,20357848,-664.06,-23.93,-738.28,-0.43,-0.37,0.24,30.52
2104,20361898,-666.50,-21.48,-739.26,-0.73,-0.55,0.00,30.33
2105,20365955,-664.55,-23.44,-744.63,-1.28,-0.30,0.12,30.47
2106,20370005,-667.48,-22.95,-749.02,-0.85,-0.37,0.43,30.67
2107,20375799,-670.41,-17.09,-743.16,-0.18,-0.49,0.43,30.62
2108,20379848,-663.57,-22.95,-735.84,-0.49,-0.18,-0.55,30.33
2109,20383898,-663.09,-23.44,-744.63,-0.67,-0.37,0.24,30.33
2110,20387955,-667.48,-21.97,-746.58,-0.37,-0.73,0.67,30.43
2111,20392005,-666.50,-24.90,-739.26,-0.73,-0.61,-0.06,30.62
2112,20397799,-663.57,-22.95,-738.28,-0.85,-0.55,0.06,30.52
2113,20401848,-669.43,-19.04,-743.16,-0.43,-0.67,0.49,30.47
2114,20405898,-671.87,-22.46,-741.21,-0.18,-0.91,0.30,30.62
2115,20409955,-663.57,-26.86,-742.19,-0.91,-0.30,-0.18,30.43
2116,20414005,-668.46,-26.37,-742.19,-0.79,-0.61,0.30,30.47
2117,20419799,-666.02,-21.97,-742.19,-0.24,-0.79,0.43,30.33
2118,20423848,-666.02,-23.44,-743.65,-0.73,-0.49,-0.12,30.43
2119,20427898,-668.95,-23.44,-741.70,-1.04,-0.18,0.06,30.47
2120,20431955,-667.97,-21.00,-745.12,-0.61,-0.61,0.43,30.14
2121,20436005,-668.95,-17.09,-744.14,-0.43,-0.49,0.12,30.43
2122,20441799,-665.53,-24.41,-738.77,-0.91,-0.37,-0.30,30.67
2123,20445848,-662.60,-23.44,-740.72,-0.55,-0.61,0.49,30.19
2124,20449898,-666.02,-19.53,-741.70,-0.43,-0.73,0.49,30.28
2125,20453955,-670.90,-21.97,-739.26,-1.04,-0.18,-0.12,30.62
2126,20458005,-670.41,-22.46,-741.21,-0.67,-0.43,0.12,30.47
2127,20463799,-666.02,-22.95,-743.16,-0.37,-0.79,0.43,30.52
2128,20467848,-666.50,-26.86,-742.68,-0.79,-0.43,0.00,30.67
2129,20471898,-662.60,-22.95,-744.63,-1.04,-0.30,0.43,30.47
2130,20475955,-660.64,-21.48,-737.30,-0.30,-0.61,0.43,30.52
2131,20480005,-664.55,-22.95,-739.26,-0.79,-0.98,-0.30,30.47
2132,20485799,-673.34,-28.32,-749.02,-1.77,-0.18,0.06,30.47
2133,20489848,-672.85,-21.00,-750.00,0.49,-0.30,1.16,30.62
2134,20493898,-667.97,-14.16,-730.47,1.71,-1.95,-0.55,30.52
2135,20497955,-656.74,-29.30,-729.98,-1.34,-2.56,-0.91,30.43
2136,20503799,-666.50,-22.95,-745.12,-3.29,-1.34,0.98,30.43
2137,20507848,-675.78,-23.93,-751.95,0.06,-1.22,1.83,30.33
2138,20511898,-669.43,-21.00,-735.84,2.68,-1.83,-0.24,30.43
2139,20515955,-660.16,-22.95,-729.00,0.43,-1.83,-1.46,30.33
2140,20520005,-661.13,-29.30,-736.82,-2.20,-0.85,0.55,30.52
2141,20524054,-666.99,-23.44,-747.07,-1.52,-0.43,1.46,30.62
2142,20529799,-668.46,-19.53,-746.09,-0.18,-0.18,0.24,30.33
2143,20533848,-667.48,-19.53,-737.79,0.24,0.43,-1.10,30.62
2144,20537898,-666.99,-27.34,-741.21,-0.61,1.10,-0.61,30.47
2145,20541955,-657.71,-24.41,-737.79,-0.98,0.67,0.43,30.43
2146,20547799,-666.02,-20.51,-738.77,-1.59,0.55,0.61,30.43
2147,20551848,-673.34,-20.51,-750.49,-1.52,0.85,0.30,30.43
2148,20555898,-669.43,-19.53,-747.56,-0.55,0.91,0.06,30.43
2149,20559955,-668.46,-21.48,-740.72,-0.06,0.43,-0.30,30.43
2150,20564005,-663.09,-25.39,-738.28,-0.24,0.12,-0.18,30.47
2151,20569799,-664.06,-26.86,-742.19,-0.91,-0.49,0.24,30.52
2152,20573848,-665.53,-21.48,-743.16,-1.22,-0.91,0.79,30.67
2153,20577898,-666.50,-19.53,-743.16,-0.30,-1.04,0.55,30.47
2154,20581955,-663.57,-19.04,-742.68,-0.12,-1.34,0.06,30.86
2155,20586005,-667.97,-21.00,-735.35,-0.30,-1.28,-0.55,30.28
2156,20591799,-662.11,-24.41,-740.72,-0.91,-1.40,0.00,30.81
2157,20595848,-666.99,-21.00,-741.70,-0.91,-1.22,0.79,30.43
2158,20599898,-672.36,-18.55,-745.61,-1.16,-1.10,0.55,30.47
2159,20603955,-668.95,-22.95,-745.12,-0.06,-0.67,0.37,30.67
2160,20608005,-666.99,-22.46,-743.65,1.16,-0.73,-0.24,30.67
2161,20613799,-657.23,-28.32,-732.91,-0.30,-1.77,-0.37,30.43
2162,20617848,-665.04,-25.39,-730.96,-2.07,-1.16,0.49,30.62
2163,20621898,-664.06,-25.39,-743.16,-2.38,-0.06,0.91,30.62
2164,20625955,-671.87,-20.51,-749.51,-0.61,1.22,0.91,30.33
2165,20630005,-670.90,-19.53,-744.63,0.06,1.52,-0.30,30.43
2166,20635799,-668.46,-19.04,-747.07,-0.49,1.59,-1.04,30.62
2167,20639848,-665.53,-23.93,-743.16,-0.73,0.24,0.67,30.62
2168,20643898,-658.69,-22.95,-739.75,-0.73,-0.61,0.91,30.19
2169,20647955,-660.16,-20.51,-736.82,-1.04,-1.52,0.30,30.62
2170,20652005,-668.95,-21.00,-737.79,-0.67,-1.59,0.24,30.43
2171,20657799,-665.04,-21.97,-740.23,-0.06,-1.52,0.18,30.52
2172,20661848,-666.02,-21.97,-741.21,-0.61,-0.43,0.00,30.52
2173,20665898,-670.41,-25.39,-742.19,-0.79,-0.06,0.37,30.43
2174,20669955,-664.06,-19.04,-744.63,-0.43,-0.37,0.98,30.52
2175,20674005,-664.06,-19.04,-739.75,-0.18,-0.73,0.49,30.67
2176,20679799,-663.57,-22.46,-740.23,-0.61,-1.16,-0.18,30.52
2177,20683848,-664.55,-19.53,-735.84,-0.37,-1.95,0.49,30.81
2178,20687898,-665.04,-24.90,-739.75,-0.61,-1.89,0.30,30.33
2179,20691955,-665.53,-25.39,-741.21,-0.98,-1.04,0.00,30.67
2180,20696005,-671.87,-24.90,-746.58,-0.98,-0.49,0.55,30.62
2181,20701799,-666.02,-20.02,-742.19,-0.37,-0.12,0.67,30.43
2182,20705848,-667.48,-23.93,-741.21,-0.67,0.12,-0.06,30.62
2183,20709898,-661.13,-21.00,-745.61,-0.61,0.24,-0.37,30.43
2184,20713955,-664.55,-22.46,-739.75,-0.43,-0.61,0.61,30.62
2185,20718005,-661.62,-18.55,-736.82,-0.67,-0.49,0.37,30.67
2186,20723799,-666.50,-25.39,-742.19,-1.10,-0.30,-0.24,30.47
2187,20727848,-670.41,-24.41,-747.07,-0.67,-0.55,0.37,30.62
2188,20731898,-666.99,-22.95,-745.61,-0.12,-0.67,0.24,30.62
2189,20735955,-666.02,-26.37,-746.58,-0.55,-0.49,-0.24,30.52
2190,20741799,-666.02,-23.93,-742.68,-0.85,-0.37,0.12,30.28
2191,20745848,-660.64,-17.58,-742.19,-0.30,-1.16,0.49,30.52
2192,20749898,-663.09,-26.37,-736.33,-0.61,-0.91,0.24,30.33
2193,20753955,-658.69,-23.93,-744.14,-1.04,-0.49,-0.18,30.62
2194,20758005,-664.55,-27.34,-743.65,-0.67,-0.79,0.24,30.47
2195,20762054,-669.92,-19.53,-741.21,-0.30,-0.91,0.49,30.67
2196,20767799,-664.55,-23.93,-740.23,-0.85,-0.73,-0.12,30.47
2197,20771848,-657.71,-25.88,-731.93,-0.43,-0.61,0.43,30.52
2198,20775898,-661.13,-20.02,-730.96,-0.37,-1.22,0.67,30.67
2199,20779955,-670.41,-26.37,-742.68,-2.07,-0.67,0.06,30.09
2200,20785799,-680.18,-28.81,-762.70,-2.62,0.30,0.67,30.28
2201,20789848,-678.22,-21.00,-763.18,1.40,-0.55,1.10,30.33
2202,20793898,-658.69,-16.60,-729.00,2.80,-2.38,-0.43,30.67
2203,20797955,-646.00,-24.90,-719.73,-0.12,-3.05,-0.67,30.71
2204,20802005,-651.86,-25.39,-726.56,-2.68,-2.38,0.85,30.28
2205,20807799,-665.53,-25.88,-738.77,-2.38,-1.28,0.85,30.52
2206,20811848,-679.20,-22.46,-751.46,-1.16,0.73,0.12,30.47
2207,20815898,-682.13,-24.41,-756.35,0.30,2.50,0.00,30.67
2208,20819955,-670.41,-25.88,-753.91,1.34,2.13,-0.55,30.43
2209,20824005,-661.62,-24.90,-739.26,0.12,0.12,-0.55,30.33
2210,20829799,-650.88,-21.48,-729.00,-1.28,-1.34,0.91,30.33
2211,20833848,-661.62,-21.00,-736.33,-2.13,-2.26,0.85,30.62
2212,20837898,-666.02,-23.93,-743.65,-0.79,-1.89,0.61,30.52
2213,20841955,-670.41,-19.04,-738.28,0.49,-1.04,-0.30,30.62
2214,20846005,-669.43,-23.93,-735.35,-0.49,0.79,-0.61,30.43
2215,20851799,-664.55,-22.95,-747.56,-1.59,1.40,0.43,30.62
2216,20855848,-666.02,-22.46,-746.58,-1.34,0.73,0.91,30.47
2217,20859898,-668.46,-19.53,-745.61,-0.55,-0.06,0.85,30.62
2218,20863955,-666.02,-17.58,-741.70,-0.12,-1.22,0.06,30.95
2219,20868005,-666.99,-18.55,-743.16,0.18,-1.83,-0.49,30.43
2220,20873799,-661.13,-26.86,-739.26,0.18,-2.26,0.12,30.62
2221,20877848,-669.92,-22.95,-737.79,-0.85,-1.65,0.55,30.52
2222,20881898,-670.41,-20.51,-738.28,-1.40,-0.67,0.43,30.52
2223,20885955,-666.99,-23.44,-741.70,-1.34,0.43,0.24,30.43
2224,20890005,-670.90,-21.97,-749.51,-0.30,0.85,0.49,30.33
2225,20895799,-668.95,-19.04,-739.26,0.55,0.00,0.00,30.67
2226,20899848,-664.06,-22.95,-739.26,-0.91,-0.30,-0.37,30.67
2227,20903898,-663.09,-24.90,-740.72,-0.98,-0.49,0.55,30.33
2228,20907955,-664.55,-23.44,-744.63,-1.16,-1.16,0.73,30.62
2229,20912005,-670.41,-23.93,-747.56,-0.98,-1.16,0.37,30.67
2230,20917799,-670.41,-22.46,-744.63,-0.73,-0.91,-0.18,30.43
2231,20921848,-663.09,-21.97,-741.70,-0.06,-0.67,-0.18,30.47
2232,20925898,-665.04,-21.48,-740.23,-0.49,-0.67,0.00,30.43
2233,20929955,-663.57,-24.90,-739.75,-0.98,-0.30,0.55,30.52
2234,20934005,-668.95,-21.00,-740.23,-1.04,-0.12,0.61,30.47
2235,20939799,-665.53,-21.97,-740.23,-0.55,-0.37,0.24,30.67
2236,20943848,-669.43,-25.88,-742.68,-0.55,-0.61,-0.43,30.62
2237,20947898,-662.60,-22.46,-743.65,-0.55,-0.55,0.06,30.62
2238,20951955,-662.60,-20.02,-745.12,-0.43,-0.67,0.61,30.47
2239,20956005,-665.53,-27.83,-741.21,-0.61,-0.91,0.30,30.52
2240,20961799,-666.99,-22.95,-738.77,-1.04,-0.79,0.00,30.86
2241,20965848,-666.50,-23.44,-746.58,-0.37,-0.79,0.43,30.43
2242,20969898,-668.46,-20.51,-737.30,0.12,-0.79,0.24,30.43
2243,20973955,-666.02,-21.97,-735.84,-0.67,-0.12,-0.24,30.33
2244,20979799,-662.11,-20.51,-745.61,-0.91,-0.24,0.12,30.33
2245,20983848,-666.99,-15.62,-740.72,-0.55,-0.49,0.43,30.47
2246,20987898,-666.02,-18.07,-740.23,-0.67,-0.49,-0.06,30.67
2247,20991955,-666.50,-23.93,-742.68,-0.85,-0.30,-0.06,30.33
2248,20996005,-665.53,-23.93,-744.63,-0.18,-0.98,0.61,30.52
2249,21001799,-666.02,-21.00,-741.21,-0.55,-0.79,0.37,30.28
2250,21005848,-663.57,-28.32,-738.77,-1.04,-0.30,-0.06,29.95
2251,21009898,-657.71,-21.00,-733.89,-0.55,-0.67,0.61,30.33
2252,21013955,-675.29,-15.62,-743.16,-0.18,-0.61,0.37,30.62
2253,21018005,-670.41,-25.88,-744.63,-1.71,0.37,-0.37,30.33
2254,21023799,-664.06,-22.95,-746.09,-0.79,0.37,0.30,30.28
2255,21027848,-676.27,-23.93,-746.09,-0.18,-1.34,0.24,30.28
2256,21031898,-669.43,-26.37,-742.19,0.00,-1.46,0.37,30.67
2257,21035955,-662.60,-17.58,-736.33,0.00,-1.83,-0.30,30.81
2258,21040005,-659.67,-29.79,-732.42,-0.61,-2.80,-0.12,30.52
2259,21045799,-659.18,-22.95,-731.45,-0.43,-2.68,0.73,30.62
2260,21049848,-666.99,-26.86,-745.61,-1.59,-0.49,0.00,30.67
2261,21053898,-671.87,-20.02,-751.46,-0.37,0.73,0.18,30.62
2262,21057955,-665.04,-19.04,-745.12,0.43,0.67,0.49,30.62
2263,21062005,-664.55,-21.48,-739.75,-0.30,0.79,-0.12,30.33
2264,21067799,-662.11,-22.46,-741.70,-1.40,0.79,0.24,30.67
2265,21071848,-662.11,-21.48,-736.33,-0.85,-0.55,0.55,30.19
2266,21075898,-669.43,-19.04,-737.79,-0.30,-0.79,0.24,30.62
2267,21079955,-667.97,-22.46,-739.26,-0.79,0.00,-0.18,30.62
2268,21084005,-665.04,-21.48,-744.63,-1.10,0.37,0.12,30.81
2269,21089799,-665.04,-21.97,-743.16,-0.67,0.06,0.67,30.67
