seq,timestamp_us,ax_mg,ay_mg,az_mg,gx_dps,gy_dps,gz_dps,temp_c
0,266605107,-2.44,-28.81,-999.51,-0.79,-0.85,0.30,38.09
1,266609173,-1.46,-27.83,-998.05,-1.22,-0.67,0.06,37.90
2,266613222,6.35,-20.02,-995.12,-1.22,-0.67,0.06,37.90
3,266617274,4.88,-22.46,-997.07,-1.04,-0.79,0.30,38.05
4,266621324,0.00,-27.83,-1000.49,-1.28,-0.91,0.24,38.38
5,266625373,2.44,-24.90,-998.05,-1.04,-0.98,0.24,38.00
6,266629423,-0.98,-23.44,-996.58,-1.04,-0.67,0.30,38.19
7,266633473,-0.98,-23.44,-996.58,-1.22,-1.04,0.24,38.05
8,266637522,0.98,-26.86,-995.12,-1.04,-0.67,0.18,38.05
9,266641572,2.44,-19.04,-999.51,-1.10,-0.61,0.18,38.52
10,266645621,-0.98,-19.04,-996.58,-1.34,-0.67,0.06,38.19
11,266649670,1.46,-23.44,-1000.49,-0.98,-0.79,0.18,38.00
12,266655770,1.95,-20.51,-1002.44,-0.85,-0.85,0.18,38.33
13,266659820,1.95,-20.51,-1002.44,-1.28,-0.55,0.12,38.05
14,266663869,3.91,-19.04,-994.63,-0.85,-0.49,0.24,38.33
15,266667926,6.35,-21.00,-998.05,-1.10,-0.79,0.12,38.05
16,266671976,3.42,-21.00,-999.51,-1.22,-0.85,0.37,38.09
17,266676025,2.93,-18.07,-998.54,-1.22,-0.49,0.43,38.09
18,266681770,1.46,-21.00,-992.19,-1.04,-0.67,0.43,38.24
19,266685820,0.98,-25.88,-1001.46,-1.16,-0.67,0.37,38.19
20,266689869,4.39,-23.44,-999.02,-0.91,-0.37,0.24,38.24
21,266693926,1.95,-24.41,-998.54,-0.91,-0.79,0.43,38.38
22,266697976,-2.44,-25.39,-1000.98,-0.85,-0.91,0.24,38.09
23,266703770,-7.32,-28.81,-1004.39,-0.91,-0.91,0.30,37.85
24,266707820,0.00,-26.86,-996.09,-1.10,-0.30,0.37,38.19
25,266711869,0.00,-28.32,-994.14,-1.22,-0.55,0.12,38.19
26,266715926,2.93,-31.25,-997.07,-1.16,-0.73,0.06,38.09
27,266719976,-0.98,-30.27,-997.56,-1.16,-0.91,0.18,38.19
28,266725770,1.46,-26.37,-993.16,-0.98,-0.37,0.30,38.19
29,266729820,0.98,-25.39,-991.70,-1.04,-0.73,0.30,38.24
30,266733869,-0.49,-27.34,-996.58,-1.16,-0.55,0.24,38.33
31,266737926,1.46,-21.97,-1001.95,-0.98,-0.67,0.30,38.00
32,266741976,0.49,-25.39,-996.58,-0.98,-0.49,0.06,38.05
33,266747770,0.98,-24.90,-999.51,-1.04,-0.61,0.00,38.24
34,266751820,1.95,-22.46,-998.54,-0.73,-1.10,0.24,38.19
35,266755869,5.37,-24.90,-1000.49,-1.28,-0.61,0.24,38.43
36,266759926,3.42,-28.32,-999.02,-1.10,-0.79,0.24,38.00
37,266765770,2.44,-25.39,-997.07,-1.28,-0.73,0.12,37.90
38,266769820,5.37,-25.39,-997.56,-1.22,-0.85,0.00,38.05
39,266773869,5.86,-19.04,-997.07,-1.16,-0.73,0.06,38.05
40,266777926,9.28,-16.11,-998.05,-1.22,-0.73,0.43,38.19
41,266781976,8.30,-21.97,-997.56,-1.04,-0.79,0.43,37.90
42,266786025,-0.49,-23.44,-998.05,-1.22,-0.73,0.49,38.05
43,266791770,-0.49,-22.46,-998.54,-1.22,-0.49,0.30,38.24
44,266795820,3.42,-24.90,-997.07,-1.16,-0.73,0.30,38.24
45,266799869,-4.88,-27.83,-991.21,-1.16,-0.85,0.37,38.33
46,266803926,0.49,-24.41,-996.58,-1.22,-0.79,0.24,38.43
47,266809770,3.42,-23.93,-1002.93,-1.04,-0.43,0.18,38.33
48,266813820,0.00,-21.97,-996.09,-1.04,-0.61,0.37,38.43
49,266817869,1.46,-29.30,-1000.00,-1.16,-0.91,0.24,38.09
50,266821926,-4.88,-23.44,-992.19,-1.10,-0.91,0.18,38.09
51,266825976,-3.91,-31.74,-1000.49,-1.16,-0.43,0.12,38.00
52,266831770,-4.88,-28.81,-999.51,-1.16,-0.98,0.37,38.09
53,266835820,-6.84,-24.90,-994.63,-1.04,-0.85,0.30,38.33
54,266839869,2.44,-25.88,-996.09,-1.34,-0.61,0.30,37.90
55,266843926,4.88,-26.37,-995.61,-0.98,-0.37,0.18,38.33
56,266847976,0.00,-22.46,-997.07,-0.98,-0.73,0.43,38.09
57,266853770,2.93,-23.93,-999.02,-1.04,-0.79,0.30,38.09
58,266857820,9.77,-25.39,-998.05,-0.98,-0.49,0.12,38.38
59,266861869,7.81,-21.48,-997.56,-1.22,-0.79,0.12,38.00
60,266865926,2.93,-20.51,-1002.44,-1.04,-0.73,0.24,38.05
61,266869976,3.91,-21.00,-998.05,-1.04,-0.73,0.12,37.90
62,266875770,7.81,-21.00,-999.02,-1.28,-0.61,0.00,38.33
63,266879820,0.49,-25.88,-995.61,-1.22,-0.67,0.18,38.24
64,266883869,4.88,-27.83,-1001.95,-1.10,-0.79,0.12,37.90
65,266887926,6.35,-22.46,-1001.46,-0.98,-0.43,0.24,38.43
66,266891976,6.35,-23.44,-999.02,-1.10,-0.73,0.24,38.19
67,266897770,3.91,-23.44,-994.14,-1.10,-0.79,0.30,38.19
68,266901820,1.46,-22.46,-997.56,-1.16,-0.85,0.24,38.33
69,266905869,4.39,-22.46,-999.51,-1.10,-0.55,0.24,37.90
70,266909926,-1.46,-22.46,-998.05,-1.10,-0.85,0.24,38.19
71,266913976,-2.93,-21.97,-995.12,-1.16,-0.85,0.18,38.33
72,266919770,0.00,-23.93,-999.02,-1.22,-0.73,0.24,38.24
73,266923820,0.00,-25.39,-997.07,-1.10,-0.91,0.18,38.33
74,266927869,-0.98,-23.44,-992.68,-0.85,-0.79,0.12,38.33
75,266931926,-8.79,-25.39,-997.56,-1.16,-0.73,0.18,38.09
76,266935976,-2.44,-21.97,-994.63,-0.98,-0.67,0.30,38.24
77,266941770,0.49,-26.37,-995.61,-1.16,-0.61,0.18,38.05
78,266945820,-0.98,-27.83,-1000.49,-1.22,-0.79,0.24,38.19
79,266949869,0.49,-30.27,-1000.49,-1.04,-0.61,0.37,38.24
80,266953926,-0.98,-32.23,-997.07,-1.16,-0.55,0.30,38.33
81,266957976,0.49,-26.37,-996.09,-0.98,-0.79,0.18,38.19
82,266963770,-0.49,-29.79,-994.14,-0.85,-0.85,0.12,38.19
83,266967820,1.46,-22.95,-998.05,-1.04,-0.67,0.06,38.38
84,266971869,3.42,-28.32,-1001.95,-1.04,-0.49,0.12,38.05
85,266975926,9.28,-31.25,-998.54,-1.04,-0.73,0.30,38.00
86,266981770,4.88,-24.90,-993.65,-1.16,-1.04,0.06,38.19
87,266985820,2.93,-24.41,-999.02,-1.04,-0.67,0.24,38.05
88,266989869,10.74,-20.51,-995.12,-1.28,-0.55,0.30,38.24
89,266993926,6.35,-21.48,-993.65,-1.22,-0.73,-0.18,38.09
90,266997976,1.46,-28.81,-999.51,-0.98,-0.79,0.12,37.90
91,267003770,6.84,-26.86,-994.63,-1.10,-0.73,0.12,38.00
92,267007820,-2.44,-26.37,-993.65,-1.04,-0.61,0.43,38.19
93,267011869,0.00,-23.93,-994.63,-1.22,-1.10,0.18,38.19
94,267015926,-3.42,-23.93,-1000.00,-0.98,-0.85,0.43,38.19
95,267019976,-0.49,-24.41,-1001.46,-1.16,-0.43,0.30,38.00
96,267025770,1.46,-21.97,-994.63,-1.28,-0.67,0.18,38.00
97,267029820,-7.81,-22.46,-997.56,-1.04,-0.73,0.00,38.24
98,267033869,-5.37,-23.44,-1002.44,-1.22,-0.85,0.24,38.33
99,267037926,0.00,-21.00,-995.61,-0.98,-0.61,0.12,38.33
100,267041976,-1.95,-23.44,-996.09,-0.98,-0.67,0.37,38.09
101,267047770,-2.44,-26.37,-996.58,-1.16,-0.79,0.37,38.24
102,267051820,-0.98,-25.39,-999.02,-1.16,-0.67,0.37,38.38
103,267055869,-1.46,-16.60,-997.07,-0.91,-0.55,0.18,38.09
104,267059926,1.95,-23.93,-994.14,-1.10,-0.85,0.55,38.24
105,267063976,-1.46,-26.86,-994.63,-1.22,-0.85,0.55,38.09
106,267069770,1.46,-25.88,-997.07,-1.22,-0.55,0.24,38.05
107,267073820,2.93,-23.44,-997.56,-1.22,-0.67,0.24,38.24
108,267077869,5.86,-29.30,-996.09,-1.10,-0.85,0.24,38.09
109,267081926,0.49,-27.34,-997.56,-0.98,-0.61,0.30,38.00
110,267085976,-1.46,-25.88,-997.56,-1.10,-0.43,0.24,38.38
111,267091770,6.84,-27.34,-997.56,-1.04,-0.55,0.24,38.19
112,267095820,6.35,-23.93,-997.07,-1.04,-0.91,0.24,38.24
113,267099869,0.49,-23.93,-997.56,-1.10,-0.61,0.43,38.19
114,267103926,6.35,-20.02,-997.07,-1.10,-0.61,0.37,37.90
115,267107976,9.77,-24.90,-995.12,-1.16,-0.79,0.12,38.24
116,267113770,-0.49,-24.90,-996.09,-0.79,-0.79,0.12,38.43
117,267117820,0.98,-18.07,-1001.46,-1.04,-0.91,0.12,38.05
118,267121869,3.91,-17.58,-999.02,-1.16,-0.67,0.18,38.19
119,267125926,5.37,-21.48,-998.05,-1.16,-0.73,0.30,38.19
120,267129976,1.95,-16.11,-999.51,-1.10,-1.10,0.37,38.00
121,267135770,0.49,-20.51,-994.14,-1.22,-0.61,0.37,38.09
122,267139820,0.98,-23.93,-994.14,-0.91,-0.55,0.24,38.05
123,267143869,1.46,-21.97,-997.07,-0.85,-0.73,0.18,38.00
124,267147926,-1.95,-25.39,-1000.00,-0.85,-0.91,-0.06,38.24
125,267151976,1.46,-20.51,-999.02,-0.85,-0.98,0.43,38.19
126,267157770,-0.98,-21.48,-1000.00,-0.91,-0.73,0.37,38.33
127,267161820,4.88,-23.93,-996.09,-1.04,-0.91,0.18,38.43
128,267165869,3.42,-24.90,-994.63,-1.10,-0.67,0.06,38.00
129,267169926,5.86,-28.32,-993.65,-1.22,-0.49,0.30,38.00
130,267173976,4.39,-23.93,-999.02,-0.79,-0.67,0.18,38.33
131,267179770,1.95,-25.39,-997.07,-0.98,-0.73,0.12,38.33
132,267183820,2.93,-24.41,-998.05,-0.91,-0.49,0.30,38.05
133,267187869,-1.46,-31.25,-995.61,-0.85,-0.37,0.00,38.19
134,267191926,1.46,-26.86,-996.09,-1.04,-0.85,0.06,38.00
135,267197770,-0.98,-29.30,-1002.93,-1.16,-0.91,0.30,38.33
136,267201820,0.49,-31.74,-996.58,-1.46,-0.61,0.24,37.90
137,267205869,7.81,-31.74,-995.12,-1.16,-0.67,0.43,38.24
138,267209926,4.39,-30.27,-996.09,-1.10,-0.79,0.24,38.05
139,267213976,0.00,-26.86,-1000.00,-1.10,-0.79,0.24,38.09
140,267219770,5.37,-29.30,-999.51,-0.91,-0.98,0.12,38.43
141,267223820,1.46,-29.30,-999.02,-1.04,-0.67,0.24,38.19
142,267227869,1.95,-26.37,-997.56,-1.22,-0.73,0.30,38.00
143,267231926,1.95,-28.32,-997.56,-1.10,-0.73,0.24,38.19
144,267235976,-1.46,-23.44,-998.54,-1.04,-0.67,0.18,37.90
145,267241770,0.98,-22.95,-995.61,-0.98,-0.79,0.18,38.09
146,267245820,-1.46,-22.46,-994.14,-0.91,-0.67,0.24,38.24
147,267249869,0.00,-19.04,-995.61,-1.16,-0.61,0.37,38.19
148,267253926,-3.91,-20.02,-998.54,-0.98,-0.55,0.24,38.38
149,267257976,-2.44,-22.95,-992.19,-0.85,-0.85,0.12,38.05
150,267263770,-0.98,-19.53,-998.05,-0.79,-0.49,0.37,38.09
151,267267820,1.46,-20.02,-999.51,-1.10,-0.55,0.24,38.24
152,267271869,-1.95,-23.93,-998.54,-1.34,-0.49,0.00,37.90
153,267275926,-0.98,-18.55,-1000.98,-1.22,-0.85,0.30,38.09
154,267279976,1.46,-21.97,-998.05,-1.04,-0.61,0.49,38.24
155,267285770,-1.46,-20.51,-1000.49,-1.28,-0.49,0.37,38.38
156,267289820,2.93,-20.02,-998.05,-1.10,-0.61,0.12,38.19
157,267293869,2.44,-23.93,-998.54,-1.04,-0.73,0.37,38.05
158,267297926,3.42,-23.44,-997.56,-1.04,-0.85,0.43,38.19
159,267301976,1.46,-24.90,-999.02,-1.34,-0.61,0.24,37.85
160,267307770,4.88,-20.02,-997.07,-1.22,-0.73,0.30,38.19
161,267311820,4.39,-28.32,-997.56,-0.98,-0.73,0.30,38.33
162,267315869,7.81,-26.86,-997.56,-1.16,-0.61,0.18,38.00
163,267319926,5.37,-23.93,-997.56,-0.98,-0.79,0.12,38.38
164,267323976,4.88,-32.23,-995.12,-1.10,-0.85,0.43,38.33
165,267329770,1.95,-29.30,-998.05,-1.22,-0.79,0.43,38.33
166,267333820,2.93,-24.90,-991.21,-1.04,-0.49,0.30,38.24
167,267337869,3.91,-25.39,-992.68,-0.98,-0.49,0.18,37.90
168,267341926,2.44,-26.37,-998.54,-0.98,-0.98,0.18,38.33
169,267345976,-0.98,-22.95,-996.09,-0.98,-0.79,0.37,38.19
170,267351770,-0.49,-21.97,-1000.49,-1.04,-0.55,0.12,38.09
171,267355820,0.00,-22.46,-995.12,-1.34,-0.79,-0.06,38.33
172,267359869,2.93,-23.93,-998.54,-1.28,-0.98,0.12,38.19
173,267363926,-1.46,-25.88,-1000.98,-1.16,-0.79,0.43,38.00
174,267367976,0.98,-21.97,-998.54,-0.98,-0.79,0.30,38.09
175,267373770,-0.98,-18.07,-997.07,-1.22,-0.49,0.24,38.24
176,267377820,0.00,-22.46,-995.61,-1.34,-0.85,0.12,38.19
177,267381869,-3.42,-21.97,-995.61,-1.10,-0.67,0.06,38.24
178,267385926,-0.98,-20.02,-997.07,-1.10,-0.73,0.00,37.90
179,267389976,1.95,-20.02,-996.09,-1.10,-0.67,0.06,38.38
180,267395770,-2.44,-22.95,-993.16,-0.91,-0.91,0.24,38.19
181,267399820,2.93,-24.41,-994.14,-1.22,-0.43,0.49,38.33
182,267403869,-0.49,-21.00,-996.58,-1.04,-0.55,0.43,38.00
183,267407926,-3.42,-24.41,-995.61,-1.22,-0.55,0.37,38.00
184,267413770,0.98,-26.37,-999.02,-1.04,-0.73,0.43,38.43
185,267417820,-2.93,-25.39,-1002.44,-1.10,-0.49,0.37,37.90
186,267421869,1.95,-24.41,-999.51,-1.28,-0.61,0.24,38.19
187,267425926,0.98,-27.34,-990.72,-1.28,-0.61,0.24,38.24
188,267429976,-2.93,-24.90,-1001.46,-1.10,-0.73,0.30,38.00
189,267435770,3.91,-25.39,-998.05,-0.91,-0.49,0.37,37.85
190,267439820,2.44,-28.81,-993.65,-1.04,-0.79,0.18,38.19
191,267443869,3.42,-25.39,-996.58,-1.16,-0.91,0.37,38.24
192,267447926,-1.46,-31.25,-999.51,-1.10,-0.61,0.43,38.33
193,267451976,4.39,-23.93,-999.02,-0.98,-0.43,0.12,38.24
194,267457770,4.39,-25.88,-992.68,-0.98,-0.61,0.24,38.33
195,267461820,3.42,-24.41,-994.63,-0.98,-0.61,0.18,38.19
196,267465869,4.88,-22.95,-1004.39,-1.10,-0.67,0.43,38.05
197,267469926,0.00,-24.41,-997.07,-1.22,-0.55,0.24,38.09
198,267473976,4.88,-23.44,-996.58,-1.10,-0.91,0.43,38.52
199,267479770,-4.88,-24.90,-996.58,-0.98,-0.91,0.24,38.43
200,267483820,4.88,-28.81,-998.54,-1.34,-0.67,0.18,38.33
201,267487869,3.42,-24.90,-999.02,-1.10,-0.85,0.30,38.05
202,267491926,-0.98,-25.88,-997.07,-1.16,-0.85,0.18,38.00
203,267495976,-1.95,-22.95,-999.51,-1.10,-0.85,0.24,38.33
204,267501770,-4.39,-24.41,-1000.49,-0.79,-0.73,0.30,38.52
205,267505820,8.79,-20.02,-998.54,-1.10,-0.37,0.30,38.00
206,267509869,0.49,-21.97,-995.61,-1.10,-0.85,0.49,38.00
207,267513926,1.46,-21.48,-998.05,-1.16,-0.79,0.18,38.19
208,267517976,1.46,-21.48,-998.05,-0.91,-0.98,0.18,38.09
209,267523770,0.98,-20.02,-995.61,-1.04,-0.85,0.30,38.38
210,267527820,-2.44,-21.97,-1000.49,-1.10,-0.79,0.12,38.38
211,267531869,-0.49,-24.90,-998.54,-1.04,-0.61,0.37,38.09
212,267535926,-2.44,-26.86,-997.56,-1.04,-0.24,0.30,38.19
213,267539976,-0.49,-27.34,-991.70,-1.04,-0.79,0.37,38.09
214,267545770,2.93,-24.41,-993.16,-1.16,-0.98,0.37,38.33
215,267549820,3.42,-20.02,-1000.49,-1.16,-0.61,0.30,38.24
216,267553869,1.95,-25.88,-997.07,-1.28,-0.49,0.37,37.90
217,267557926,3.42,-22.95,-996.09,-1.16,-0.61,0.18,38.43
218,267561976,1.46,-25.88,-998.05,-1.22,-0.91,0.37,38.24
219,267567770,4.88,-28.81,-1001.95,-1.04,-0.43,0.30,38.38
220,267571820,0.00,-22.95,-994.63,-1.10,-0.61,0.24,38.05
221,267575869,5.86,-28.32,-998.54,-1.04,-0.85,0.43,38.19
222,267579926,2.93,-26.37,-998.54,-1.10,-0.79,0.12,37.90
223,267583976,2.93,-27.83,-997.07,-1.10,-0.73,0.37,38.24
224,267589770,2.93,-26.86,-997.56,-0.98,-0.79,0.18,38.24
225,267593820,2.93,-25.39,-997.56,-0.91,-0.91,0.49,38.33
226,267597869,-2.44,-27.34,-998.05,-1.10,-0.67,0.24,38.19
227,267601926,-1.46,-27.34,-995.61,-1.16,-0.67,0.18,37.90
228,267607770,3.42,-21.48,-1000.00,-0.98,-0.61,0.00,38.19
229,267611820,0.49,-27.83,-994.14,-1.10,-0.79,0.37,38.05
230,267615869,-4.39,-23.93,-1000.00,-1.04,-0.73,0.37,38.00
231,267619926,3.91,-27.34,-997.56,-1.04,-0.67,0.37,37.90
232,267623976,-0.98,-24.90,-1000.98,-1.04,-0.73,0.12,37.85
233,267628025,0.49,-26.86,-1000.49,-1.22,-1.10,0.30,38.24
234,267633770,2.93,-24.41,-1000.49,-0.67,-0.43,0.30,38.19
235,267637820,0.49,-23.44,-996.58,-1.22,-0.61,0.37,38.19
236,267641869,2.93,-24.41,-994.63,-0.91,-0.67,0.12,38.09
237,267645926,4.39,-22.95,-999.02,-0.91,-0.49,0.06,38.19
238,267651770,-4.39,-23.44,-1003.42,-1.22,-0.67,0.18,38.09
239,267655820,0.49,-17.58,-999.02,-0.98,-0.73,0.24,38.24
240,267659869,-2.93,-27.34,-995.12,-1.04,-0.73,0.24,38.33
241,267663926,0.00,-21.00,-997.07,-0.91,-0.61,0.18,37.85
242,267667976,1.46,-23.93,-998.05,-1.10,-0.30,0.37,38.19
243,267673770,0.98,-23.44,-995.61,-1.16,-0.73,0.55,38.05
244,267677820,1.95,-24.90,-1000.49,-0.98,-0.67,0.18,38.38
245,267681869,-0.49,-25.39,-997.56,-0.98,-0.67,0.30,38.00
246,267685926,3.42,-22.46,-1001.46,-1.22,-0.55,0.37,38.33
247,267689976,6.84,-24.90,-999.02,-1.04,-0.61,0.24,38.05
248,267695770,5.37,-24.90,-997.56,-1.10,-0.73,0.37,37.85
249,267699820,5.86,-25.39,-998.54,-1.22,-0.67,0.24,38.09
250,267703869,5.37,-26.37,-996.09,-1.10,-0.61,0.18,38.00
251,267707926,4.88,-25.88,-996.09,-0.85,-1.04,0.18,38.19
252,267711976,0.00,-28.32,-1002.93,-1.04,-0.61,0.18,38.24
253,267717770,1.95,-26.37,-1002.93,-1.16,-0.73,0.12,38.19
254,267721820,0.49,-24.90,-997.56,-1.16,-0.85,0.18,38.09
255,267725869,0.98,-24.41,-997.56,-1.10,-0.85,0.37,38.19
256,267729926,0.00,-25.39,-1002.44,-1.28,-0.79,0.18,38.09
257,267733976,-3.42,-27.34,-998.54,-1.40,-0.67,0.12,38.33
258,267739770,-3.91,-24.41,-995.12,-1.16,-0.67,0.24,38.05
259,267743820,-2.44,-24.41,-1000.98,-1.22,-0.73,0.24,38.19
260,267747869,-6.84,-24.41,-999.51,-1.40,-0.73,0.24,38.33
261,267751926,0.98,-19.04,-994.63,-0.98,-0.49,0.24,37.90
262,267755976,0.49,-24.41,-996.58,-1.10,-0.85,0.37,38.24
263,267761770,2.93,-27.83,-1000.49,-0.98,-0.67,0.12,38.19
264,267765820,2.93,-24.90,-998.54,-0.98,-0.67,0.30,38.05
265,267769869,-0.49,-25.88,-998.05,-1.10,-0.73,0.37,38.19
266,267773926,-0.98,-27.83,-999.02,-0.98,-0.43,0.24,38.09
267,267777976,-3.42,-23.44,-998.05,-1.22,-0.79,0.37,38.33
268,267783770,2.44,-24.41,-997.56,-0.98,-0.61,0.24,38.19
269,267787820,4.39,-21.00,-999.02,-0.91,-0.79,0.24,38.05
270,267791869,2.93,-24.41,-999.02,-0.91,-0.85,0.30,38.33
271,267795926,1.95,-24.41,-999.02,-1.16,-0.67,0.24,37.85
272,267799976,9.28,-26.37,-1002.44,-1.16,-0.55,0.37,38.09
273,267805770,7.81,-21.97,-996.58,-0.98,-0.79,0.37,38.24
274,267809820,1.95,-21.97,-1000.00,-0.91,-0.67,0.37,38.19
275,267813869,3.42,-22.46,-999.02,-0.98,-0.55,0.18,38.52
276,267817926,5.37,-16.11,-997.56,-0.98,-0.49,0.37,37.90
277,267823770,6.35,-21.48,-994.63,-0.85,-0.85,0.00,38.19
278,267827820,1.95,-24.90,-999.51,-1.04,-0.73,0.12,38.05
279,267831869,3.42,-21.97,-997.56,-0.98,-0.61,0.24,38.19
280,267835926,6.84,-22.46,-995.61,-1.04,-0.79,0.18,38.09
281,267839976,1.95,-21.97,-997.07,-0.91,-0.73,0.06,38.00
282,267845770,-0.49,-24.90,-996.09,-1.22,-1.04,0.24,38.09
283,267849820,3.91,-26.37,-993.65,-1.10,-0.30,0.37,37.90
284,267853869,3.91,-27.34,-993.16,-1.16,-0.61,0.06,38.09
285,267857926,0.98,-22.95,-992.19,-1.10,-0.85,0.30,38.19
286,267861976,2.44,-29.79,-995.61,-1.04,-0.85,0.24,38.00
287,267867770,0.98,-23.93,-1000.49,-1.10,-0.49,0.18,38.33
288,267871820,0.00,-22.46,-996.58,-0.91,-0.85,0.12,38.05
289,267875869,3.42,-21.00,-999.02,-0.79,-0.85,0.37,38.09
290,267879926,1.46,-24.90,-999.02,-1.04,-0.55,0.24,38.33
291,267883976,2.44,-27.34,-998.05,-1.22,-0.43,0.24,38.52
292,267889770,3.42,-25.88,-994.63,-0.91,-0.67,0.37,38.38
293,267893820,-2.93,-26.37,-996.09,-1.04,-0.73,0.43,38.24
294,267897869,-4.39,-24.90,-1001.46,-1.16,-0.67,0.12,38.19
295,267901926,-5.37,-26.37,-996.58,-1.16,-0.55,0.24,38.38
296,267905976,-0.98,-27.83,-997.56,-1.04,-0.91,0.55,38.19
297,267911770,-9.28,-26.86,-996.09,-1.22,-0.67,0.37,38.33
298,267915820,-1.95,-26.86,-993.16,-1.10,-0.73,0.43,38.24
299,267919869,0.00,-23.93,-997.56,-1.16,-0.73,0.49,38.00
300,267923926,4.39,-22.95,-1000.00,-1.28,-0.61,0.55,38.24
301,267927976,-0.98,-27.83,-998.54,-1.04,-0.67,0.43,38.00
302,267933770,2.93,-24.90,-1000.00,-1.22,-0.61,0.12,38.38
303,267937820,-1.95,-25.88,-993.65,-0.98,-0.73,0.18,38.19
304,267941869,-1.46,-28.32,-995.12,-1.10,-0.85,0.18,37.71
305,267945926,-0.49,-26.37,-996.58,-1.10,-0.67,0.43,38.24
306,267949976,-1.46,-25.39,-994.63,-1.22,-0.67,0.12,38.19
307,267955770,0.00,-24.41,-996.58,-1.34,-0.79,0.43,38.09
308,267959820,-2.93,-18.55,-997.07,-1.22,-0.79,0.24,38.24
309,267963869,-7.81,-23.93,-994.63,-1.22,-0.55,0.18,38.19
310,267967926,0.49,-26.86,-998.05,-0.98,-0.49,0.06,38.19
311,267971976,1.95,-23.44,-997.07,-1.22,-0.67,0.49,37.90
312,267977770,4.88,-18.55,-1000.00,-0.98,-0.73,0.06,38.05
313,267981820,5.37,-18.55,-996.58,-0.91,-0.61,0.37,38.00
314,267985869,8.30,-18.55,-997.56,-1.04,-0.79,0.30,38.19
315,267989926,4.39,-17.09,-999.02,-0.85,-0.67,0.37,38.19
316,267993976,4.88,-25.39,-1001.95,-0.98,-0.98,0.37,38.19
317,267999770,7.32,-19.04,-993.65,-0.98,-0.67,0.18,38.09
318,268003820,4.39,-22.46,-997.07,-1.22,-0.67,0.12,38.19
319,268007869,5.86,-23.93,-997.07,-1.16,-0.85,0.18,38.24
320,268011926,0.49,-22.46,-1001.46,-0.98,-0.73,0.24,38.09
321,268015976,1.95,-22.46,-996.58,-1.10,-0.85,0.18,38.38
322,268021770,4.88,-23.44,-998.05,-1.28,-0.55,0.30,38.05
323,268025820,0.49,-24.41,-997.07,-1.10,-0.61,0.43,38.33
324,268029869,7.32,-23.93,-996.58,-1.22,-0.73,0.06,38.05
325,268033926,3.42,-23.44,-997.07,-1.10,-0.67,0.30,37.90
326,268039770,2.44,-23.93,-997.56,-0.85,-0.91,0.37,38.24
327,268043820,2.93,-23.93,-999.51,-1.10,-0.85,0.24,37.71
328,268047869,0.00,-21.48,-1000.49,-0.98,-0.73,0.37,38.52
329,268051926,2.93,-26.37,-995.61,-1.28,-0.79,0.30,38.24
330,268055976,-0.98,-22.95,-994.14,-1.04,-0.61,0.24,38.00
331,268061770,1.95,-25.39,-997.56,-1.10,-0.85,0.18,38.19
332,268065820,1.46,-24.41,-996.58,-1.28,-0.73,0.37,38.19
333,268069869,0.98,-27.34,-996.09,-1.04,-0.91,0.18,37.85
334,268073926,-2.44,-26.37,-997.07,-1.04,-0.85,0.06,38.24
335,268077976,-1.46,-24.90,-998.54,-1.22,-0.85,0.12,38.00
336,268083770,-0.49,-26.86,-993.16,-1.16,-0.37,0.24,38.09
337,268087820,-1.46,-28.81,-995.61,-1.10,-0.85,0.24,38.19
338,268091869,1.46,-26.86,-1000.98,-1.22,-0.79,0.12,38.33
339,268095926,0.49,-24.41,-1001.46,-1.16,-0.79,0.30,38.05
340,268099976,4.88,-23.93,-1003.42,-1.16,-0.73,0.24,38.33
341,268105770,-0.98,-28.32,-997.07,-1.04,-0.79,0.55,38.00
342,268109820,0.98,-21.97,-997.56,-0.98,-0.67,0.24,38.33
343,268113869,3.42,-25.88,-1000.49,-1.16,-0.61,0.12,38.24
344,268117926,1.46,-23.93,-993.65,-1.22,-0.85,0.12,38.19
345,268121976,1.46,-23.93,-1001.46,-1.04,-0.98,0.24,38.19
346,268127770,2.44,-25.88,-1001.46,-1.04,-0.73,0.30,38.19
347,268131820,-0.98,-24.41,-995.61,-1.16,-0.61,0.43,38.00
348,268135869,5.37,-20.51,-996.58,-1.04,-0.91,0.24,38.05
349,268139926,-4.39,-24.41,-995.12,-0.98,-0.91,0.12,38.00
350,268143976,-1.95,-22.46,-998.54,-1.10,-0.67,0.37,38.09
351,268149770,-0.98,-22.95,-998.54,-1.28,-0.43,0.24,38.05
352,268153820,-0.49,-27.83,-994.14,-1.10,-1.04,0.30,38.52
353,268157869,-0.49,-26.37,-1001.46,-0.91,-0.91,0.43,38.33
354,268161926,0.49,-24.41,-1000.49,-1.22,-0.61,0.24,37.90
355,268165976,0.98,-20.02,-1001.95,-1.10,-0.61,0.18,38.09
356,268171770,0.00,-24.41,-991.21,-0.91,-0.61,0.43,38.33
357,268175820,-3.91,-28.32,-1000.98,-0.98,-0.67,0.30,38.19
358,268179869,2.93,-25.88,-1000.49,-1.16,-0.43,0.12,38.33
359,268183926,3.42,-25.88,-992.68,-1.34,-0.67,0.24,38.09
360,268187976,-3.91,-24.90,-996.09,-1.16,-1.04,0.12,38.00
361,268193770,0.49,-23.93,-996.09,-1.04,-0.73,0.37,38.19
362,268197820,6.35,-25.39,-998.54,-1.10,-0.43,0.06,38.19
363,268201869,6.35,-25.88,-995.12,-0.91,-0.67,-0.06,38.00
364,268205926,1.95,-26.37,-997.07,-1.04,-0.91,0.24,38.00
365,268209976,-1.46,-24.41,-997.07,-1.16,-0.79,0.30,38.24
366,268215770,3.42,-27.34,-996.58,-1.10,-0.43,0.37,38.24
367,268219820,4.39,-25.39,-999.51,-1.10,-0.61,0.37,38.00
368,268223869,4.88,-27.83,-994.14,-0.98,-0.61,0.24,38.43
369,268227926,1.95,-26.86,-999.02,-1.16,-0.79,0.24,38.19
370,268231976,5.37,-21.97,-993.65,-1.04,-0.55,0.18,38.19
371,268237770,4.39,-23.93,-998.54,-1.10,-0.79,0.24,38.24
372,268241820,0.00,-21.48,-999.51,-1.04,-0.85,0.30,38.19
373,268245869,0.98,-20.02,-1001.46,-1.16,-0.55,0.24,38.19
374,268249926,1.95,-28.81,-998.54,-0.98,-0.67,0.24,38.00
375,268255770,1.95,-29.30,-996.58,-1.10,-0.98,0.30,38.33
376,268259820,0.49,-24.90,-997.56,-1.16,-0.85,0.30,38.09
377,268263869,3.91,-21.00,-999.51,-1.22,-0.49,0.18,38.19
378,268267926,-0.49,-26.86,-993.16,-1.16,-0.67,0.24,38.33
379,268271976,-4.88,-25.88,-997.07,-0.98,-0.73,0.18,37.85
380,268277770,0.00,-21.00,-1000.49,-1.10,-0.85,0.24,38.05
381,268281820,-4.88,-25.39,-999.51,-1.22,-0.43,0.18,38.19
382,268285869,-3.42,-26.86,-1000.49,-1.04,-0.79,0.24,38.00
383,268289926,-1.95,-28.32,-1000.00,-0.98,-0.79,0.12,38.19
384,268293976,0.98,-24.90,-998.05,-1.04,-0.49,0.43,38.19
385,268299770,0.49,-26.37,-995.12,-0.98,-0.79,0.43,38.24
386,268303820,0.98,-24.90,-997.07,-1.04,-0.79,0.18,38.24
387,268307869,3.91,-21.97,-997.56,-1.10,-0.85,0.18,37.90
388,268311926,2.93,-25.39,-1000.00,-1.16,-0.61,0.12,38.33
389,268315976,3.42,-27.34,-996.09,-0.91,-0.73,0.37,38.24
390,268321770,0.98,-26.37,-996.58,-1.04,-0.73,0.18,38.00
391,268325820,2.44,-21.97,-995.61,-0.79,-0.61,0.37,38.19
392,268329869,5.37,-26.86,-997.07,-1.04,-0.55,0.30,38.00
393,268333926,5.86,-25.88,-997.56,-1.04,-0.67,0.12,38.09
394,268337976,1.95,-23.44,-996.09,-1.40,-0.85,0.30,38.09
395,268343770,0.98,-28.81,-1002.93,-0.91,-0.61,0.18,38.33
396,268347820,7.32,-23.93,-991.21,-1.10,-0.67,0.30,38.09
397,268351869,-0.98,-25.88,-998.54,-1.10,-0.79,0.24,37.85
398,268355926,-2.93,-22.95,-998.05,-1.22,-0.67,0.00,38.52
399,268359976,3.42,-21.97,-1000.49,-1.04,-0.43,0.06,38.24
400,268365770,4.39,-24.90,-993.16,-1.10,-0.91,0.18,38.00
401,268369820,0.98,-25.39,-999.51,-1.28,-0.85,0.24,37.90
402,268373869,0.49,-27.34,-1002.44,-1.10,-0.79,0.12,38.09
403,268377926,0.49,-23.44,-999.51,-1.28,-0.61,0.12,38.09
404,268381976,2.93,-26.37,-990.72,-0.98,-0.67,0.37,38.24
405,268387770,-0.49,-23.93,-996.58,-1.10,-0.79,0.30,38.19
406,268391820,-1.46,-28.81,-999.02,-1.10,-0.49,0.24,38.24
407,268395869,-1.95,-23.93,-996.58,-1.10,-0.61,0.24,38.19
408,268399926,2.93,-23.44,-998.05,-1.10,-0.98,0.37,38.33
409,268403976,-1.46,-21.97,-997.56,-1.22,-0.55,0.30,38.24
410,268409770,4.39,-24.90,-999.02,-1.16,-0.61,0.37,38.05
411,268413820,3.42,-22.95,-995.61,-1.16,-0.91,0.18,38.09
412,268417869,3.42,-24.90,-992.68,-1.04,-0.91,0.37,38.24
413,268421926,0.98,-24.41,-1002.44,-1.34,-0.55,0.30,38.05
414,268425976,4.39,-26.37,-999.02,-1.16,-0.49,0.24,38.24
415,268431770,8.30,-26.86,-996.58,-0.98,-0.79,0.37,38.19
416,268435820,2.93,-23.44,-997.56,-1.04,-0.79,0.18,38.19
417,268439869,2.44,-29.30,-1002.44,-1.34,-0.79,0.30,38.38
418,268443926,-0.49,-25.39,-998.54,-1.04,-0.67,0.18,38.05
419,268449770,2.44,-27.83,-995.61,-1.04,-0.79,0.30,38.05
420,268453820,-0.98,-27.34,-993.65,-1.04,-0.79,0.37,37.85
421,268457869,1.95,-21.97,-995.12,-1.16,-0.79,0.30,38.38
422,268461926,-0.49,-22.95,-995.12,-1.22,-0.55,0.18,38.38
423,268465976,0.98,-24.41,-995.12,-1.04,-0.85,0.18,38.05
424,268470025,-1.46,-22.46,-994.63,-1.04,-0.49,0.24,38.19
425,268475770,3.42,-23.44,-997.56,-0.98,-0.43,0.18,38.24
426,268479820,5.86,-27.34,-997.56,-0.98,-1.10,0.49,38.24
427,268483869,-4.88,-23.44,-995.12,-0.91,-1.04,0.18,38.33
428,268487926,0.00,-25.88,-999.51,-1.10,-0.67,0.00,38.19
429,268493770,1.46,-24.41,-998.54,-1.28,-0.43,0.18,38.19
430,268497820,2.93,-24.90,-993.16,-1.10,-0.85,0.12,38.24
431,268501869,0.00,-23.44,-996.58,-1.10,-0.85,0.37,38.05
432,268505926,4.39,-27.34,-1000.00,-1.16,-0.55,0.24,38.38
433,268509976,1.95,-26.37,-998.54,-1.16,-0.43,0.30,38.09
434,268515770,0.49,-27.34,-997.56,-1.22,-0.67,0.24,38.38
435,268519820,3.91,-25.39,-1000.98,-0.98,-1.04,0.06,38.05
436,268523869,-1.95,-23.93,-1001.46,-0.98,-0.67,0.24,37.90
437,268527927,4.39,-24.41,-997.07,-1.34,-0.73,0.37,38.09
438,268531976,4.88,-27.34,-996.58,-0.98,-0.67,0.12,38.24
439,268537770,0.00,-23.44,-998.54,-0.91,-0.55,0.24,38.19
440,268541820,0.00,-26.37,-995.12,-1.16,-0.73,0.06,38.19
441,268545869,0.49,-25.39,-997.07,-0.98,-0.43,0.43,38.09
442,268549926,-0.98,-29.30,-997.56,-1.04,-0.85,0.43,38.43
443,268553976,-2.93,-22.46,-998.54,-0.98,-0.85,0.37,37.90
444,268559770,-2.93,-23.44,-993.65,-1.04,-0.79,0.43,38.05
445,268563820,-0.49,-22.46,-997.07,-1.04,-0.73,0.55,38.33
446,268567869,2.44,-24.90,-999.02,-1.28,-0.55,0.24,37.90
447,268571926,0.98,-23.44,-996.09,-1.10,-0.61,0.24,38.19
448,268575976,0.98,-22.46,-999.51,-1.40,-0.55,0.55,38.09
449,268581770,3.42,-24.90,-995.61,-1.10,-0.98,-0.12,38.09
450,268585820,-4.39,-25.39,-1002.44,-1.16,-0.67,0.37,38.05
451,268589869,-0.98,-22.46,-997.07,-1.34,-0.61,0.30,38.24
452,268593926,3.42,-21.97,-996.58,-1.04,-0.73,0.18,38.19
453,268597976,-1.95,-24.90,-995.61,-0.98,-0.91,0.37,38.00
454,268603770,2.93,-19.04,-995.61,-1.10,-0.67,0.18,38.19
455,268607820,-0.98,-29.79,-999.51,-1.16,-0.85,0.37,38.24
456,268611869,3.91,-26.37,-996.58,-1.04,-0.85,0.18,38.19
457,268615926,-4.39,-25.88,-999.02,-1.40,-0.61,0.30,38.19
458,268619976,0.00,-25.88,-999.02,-1.16,-0.61,0.18,38.52
459,268625770,1.95,-24.90,-998.54,-1.22,-0.67,0.24,38.19
460,268629820,3.42,-23.93,-998.05,-1.04,-0.91,0.49,38.33
461,268633869,-0.98,-28.32,-1000.49,-1.16,-0.79,0.24,38.19
462,268637926,1.95,-27.83,-998.05,-0.98,-0.79,0.55,38.00
463,268641976,3.42,-21.97,-995.12,-1.10,-0.73,0.30,38.24
464,268647770,2.93,-22.46,-999.51,-1.16,-1.10,0.18,38.38
465,268651820,-0.49,-26.86,-1003.42,-1.16,-0.49,0.12,38.24
466,268655869,1.95,-25.39,-999.02,-0.98,-0.55,0.06,38.09
467,268659926,2.93,-23.44,-993.65,-1.04,-0.79,0.18,38.24
468,268665770,3.42,-27.83,-997.56,-1.04,-0.85,0.24,37.90
469,268669820,2.93,-26.37,-1000.98,-1.16,-0.55,0.37,37.90
470,268673869,-0.49,-26.37,-995.12,-1.10,-0.61,0.12,38.19
471,268677926,3.91,-24.90,-993.16,-0.85,-0.61,0.30,38.24
472,268681976,-4.39,-26.37,-996.58,-0.98,-0.85,0.12,38.00
473,268687770,2.93,-26.37,-996.09,-1.40,-0.43,0.30,38.52
474,268691820,4.39,-26.37,-994.14,-1.10,-0.67,0.18,38.09
475,268695869,2.93,-23.44,-997.07,-1.04,-0.98,0.18,38.00
476,268699926,1.95,-21.48,-999.51,-1.22,-0.79,0.06,38.09
477,268703976,0.49,-23.93,-1002.44,-1.04,-0.61,0.37,38.05
478,268709770,4.39,-24.41,-1000.98,-1.22,-0.73,0.00,38.33
479,268713820,-0.49,-31.25,-999.02,-1.28,-1.04,0.30,38.43
480,268717869,-0.49,-24.90,-1002.93,-1.16,-0.61,0.37,38.33
481,268721926,4.39,-28.81,-1000.00,-1.52,-0.67,0.18,38.19
482,268725976,3.42,-20.51,-991.70,-0.98,-0.73,0.30,38.19
483,268731770,-1.46,-25.88,-996.58,-0.85,-0.91,0.24,38.19
484,268735820,3.91,-22.95,-998.54,-1.16,-0.61,0.24,38.09
485,268739869,5.86,-23.44,-999.02,-0.91,-0.55,0.24,37.90
486,268743926,-1.46,-23.44,-991.70,-1.22,-0.85,0.18,38.09
487,268747976,1.95,-27.34,-1000.00,-1.16,-0.79,0.24,38.38
488,268753770,-2.44,-23.44,-1000.00,-1.34,-0.49,0.18,38.24
489,268757820,0.98,-23.44,-996.58,-0.91,-0.67,0.24,38.19
490,268761869,-0.49,-29.30,-1000.98,-1.10,-0.91,0.30,37.81
491,268765926,-2.93,-28.32,-1000.98,-1.04,-0.91,0.30,38.09
492,268769976,-1.46,-21.48,-1000.00,-1.04,-0.61,0.30,38.24
493,268775770,-0.98,-24.41,-996.09,-0.91,-0.67,0.18,38.19
494,268779820,0.00,-25.39,-998.05,-1.04,-0.79,0.18,38.33
495,268783869,-1.95,-26.86,-995.12,-1.04,-0.67,0.43,38.09
496,268787926,0.98,-22.95,-998.54,-1.34,-0.49,0.12,38.09
497,268791976,-2.93,-24.41,-996.58,-0.79,-0.73,0.37,38.24
498,268797770,2.93,-25.39,-998.54,-1.16,-0.73,0.49,38.09
499,268801820,1.46,-21.97,-1000.98,-1.04,-0.61,0.37,38.19
500,268805869,2.44,-22.46,-999.02,-1.22,-0.85,0.12,37.90
501,268809927,3.42,-24.90,-999.02,-0.79,-0.91,0.00,38.33
502,268813976,0.98,-25.88,-995.61,-1.28,-0.61,0.37,38.00
503,268819770,3.42,-27.83,-1000.00,-1.34,-0.79,0.49,38.33
504,268823820,1.46,-21.97,-997.07,-1.16,-0.79,0.24,38.09
505,268827869,1.46,-28.81,-1001.46,-1.22,-0.79,-0.06,38.24
506,268831926,3.91,-24.41,-1004.39,-1.10,-0.55,0.30,38.19
507,268835976,2.93,-25.39,-999.51,-1.04,-0.43,0.37,38.09
508,268841770,1.46,-25.39,-993.65,-1.10,-0.67,0.30,38.33
509,268845820,-1.95,-25.39,-998.05,-0.91,-0.73,0.30,38.19
510,268849869,2.44,-24.90,-1001.95,-1.22,-0.55,0.12,38.38
511,268853926,-2.93,-23.44,-997.07,-1.28,-0.85,0.24,38.05
512,268857976,1.46,-25.88,-1000.00,-1.16,-0.79,0.18,38.09
513,268863770,-2.44,-23.44,-990.72,-1.04,-0.67,0.18,38.19
514,268867820,-3.42,-25.88,-1000.00,-1.28,-0.61,0.12,38.09
515,268871869,-2.44,-27.34,-994.63,-1.16,-0.67,0.18,38.05
516,268875926,-0.49,-27.34,-1002.44,-0.91,-0.85,0.24,37.85
517,268881770,-0.98,-21.97,-1000.98,-1.28,-0.61,0.18,38.19
518,268885820,4.39,-25.39,-1001.46,-0.85,-0.79,0.30,38.00
519,268889869,2.93,-25.88,-999.51,-1.16,-0.85,0.30,38.00
520,268893927,1.95,-25.88,-997.56,-1.22,-0.85,0.37,38.33
521,268897976,2.93,-24.41,-1001.95,-1.04,-0.67,0.30,38.00
522,268903770,5.86,-26.86,-996.58,-1.22,-0.79,0.12,38.24
523,268907820,-2.93,-22.95,-995.61,-1.22,-0.61,0.00,38.19
524,268911869,3.91,-26.37,-999.51,-1.10,-0.67,0.18,38.24
525,268915926,0.49,-26.37,-996.58,-1.16,-0.55,0.43,38.24
526,268919976,2.93,-24.90,-997.56,-1.16,-0.79,0.18,38.00
527,268925770,6.35,-21.00,-992.68,-1.22,-1.04,0.30,38.19
528,268929820,-1.46,-22.95,-1001.46,-1.10,-0.67,0.06,38.05
529,268933869,1.95,-25.88,-999.02,-1.16,-0.49,0.06,37.90
530,268937927,1.46,-22.95,-996.09,-0.98,-0.55,0.18,38.09
531,268941976,2.44,-27.34,-999.02,-1.16,-0.73,0.43,38.38
532,268947770,0.49,-31.25,-997.56,-1.34,-0.79,0.06,38.33
533,268951820,2.44,-23.93,-992.68,-1.04,-0.49,0.12,38.24
534,268955869,5.37,-25.39,-994.63,-1.22,-0.91,0.24,38.19
535,268959926,0.00,-22.95,-992.68,-1.04,-1.04,0.43,38.09
536,268963976,1.95,-23.93,-1000.98,-1.10,-0.79,0.24,37.90
537,268969770,2.93,-27.34,-999.51,-0.98,-0.61,0.18,38.38
538,268973820,1.46,-23.93,-995.61,-1.28,-1.04,0.30,38.52
539,268977869,-2.93,-22.46,-997.56,-1.22,-0.85,0.00,37.85
540,268981927,1.95,-24.41,-1001.46,-1.28,-0.73,0.43,38.43
541,268985976,0.98,-23.44,-998.54,-1.10,-0.61,0.30,38.19
542,268991770,-3.42,-25.88,-998.05,-0.73,-0.85,0.37,38.05
543,268995820,-2.44,-22.46,-1000.00,-1.16,-1.04,0.12,38.38
544,268999869,-1.46,-24.41,-999.51,-0.91,-0.49,0.18,38.33
545,269003926,0.98,-23.93,-997.07,-1.10,-0.61,0.30,38.33
546,269007976,-0.98,-23.93,-996.58,-1.16,-0.61,0.24,38.05
547,269013770,-4.39,-23.93,-998.05,-1.10,-0.91,0.30,38.24
548,269017820,0.49,-26.37,-996.58,-1.04,-0.49,0.24,38.33
549,269021869,1.46,-21.97,-995.61,-1.22,-0.79,0.12,38.19
550,269025926,-3.42,-21.97,-998.05,-1.04,-0.98,0.43,38.38
551,269029976,0.98,-24.41,-995.12,-1.22,-0.79,0.18,38.33
552,269035770,0.98,-20.02,-996.58,-1.28,-0.43,0.30,38.38
553,269039820,1.95,-25.88,-995.12,-1.16,-1.04,0.12,38.09
554,269043869,-4.88,-26.37,-998.05,-1.16,-0.73,0.30,38.19
555,269047926,0.49,-26.86,-1001.95,-0.98,-0.73,0.24,37.90
556,269051976,1.46,-22.95,-995.61,-1.22,-0.37,0.49,38.33
557,269057770,-1.95,-22.46,-993.65,-0.98,-0.85,0.30,38.19
558,269061820,1.46,-26.37,-1000.49,-1.10,-0.61,0.24,38.19
559,269065869,1.46,-26.86,-1000.00,-1.16,-0.55,0.30,38.05
560,269069926,7.32,-18.55,-1000.98,-1.16,-0.55,0.43,37.90
561,269073976,3.42,-23.93,-997.56,-0.91,-1.04,0.30,38.24
562,269079770,-5.86,-26.86,-995.12,-1.04,-0.61,0.37,38.19
563,269083820,-2.44,-24.41,-998.54,-1.34,-0.43,0.18,38.09
564,269087869,2.44,-21.97,-998.05,-1.04,-0.49,0.30,38.38
565,269091926,0.49,-30.27,-999.51,-1.10,-0.61,0.43,38.24
566,269097770,0.49,-25.39,-997.56,-1.04,-0.85,0.12,38.00
567,269101820,-1.46,-21.97,-998.54,-1.10,-0.37,0.43,37.90
568,269105869,1.95,-24.41,-998.05,-1.22,-0.67,0.37,38.09
569,269109927,3.91,-24.41,-994.14,-1.16,-0.85,0.37,38.33
570,269113976,1.95,-21.48,-999.51,-1.16,-0.43,0.43,37.90
571,269119770,0.98,-24.90,-998.54,-1.34,-0.79,0.37,38.33
572,269123820,3.91,-23.93,-994.63,-0.85,-0.79,0.37,38.09
573,269127869,2.44,-25.39,-997.07,-1.10,-0.55,0.12,38.19
574,269131926,2.44,-26.37,-993.16,-1.28,-0.73,0.18,38.00
575,269135976,2.93,-26.86,-993.65,-1.22,-0.91,0.12,37.85
576,269141770,5.37,-31.74,-997.07,-1.16,-0.91,0.18,38.24
577,269145820,-1.46,-24.41,-1002.93,-1.16,-0.79,0.30,38.00
578,269149869,1.95,-24.90,-996.09,-1.04,-0.73,0.18,37.90
579,269153926,1.95,-22.46,-998.54,-1.10,-0.91,0.18,38.19
580,269157976,2.44,-23.44,-998.05,-1.04,-0.49,0.24,38.24
581,269163770,3.91,-27.34,-997.56,-1.40,-0.55,0.18,38.19
582,269167820,0.00,-22.95,-999.51,-1.22,-0.67,0.12,38.19
583,269171869,5.37,-23.93,-1000.98,-1.22,-0.85,0.18,38.05
584,269175927,0.00,-27.83,-995.61,-1.04,-0.67,0.24,38.33
585,269179976,-0.49,-22.95,-995.61,-1.22,-0.49,0.18,38.09
586,269185770,4.39,-25.39,-998.05,-1.10,-0.79,0.18,38.00
587,269189820,0.98,-20.51,-993.65,-0.98,-0.73,0.18,38.09
588,269193869,4.39,-24.41,-1002.93,-1.10,-0.61,0.30,37.85
589,269197927,0.98,-24.90,-999.02,-1.04,-0.55,0.12,38.05
590,269201976,0.98,-26.37,-996.58,-0.98,-0.85,0.06,38.19
591,269207770,-0.98,-25.88,-997.07,-1.04,-0.79,0.06,38.43
592,269211820,1.46,-19.04,-1002.44,-0.85,-0.55,0.24,38.24
593,269215869,2.93,-26.37,-1000.49,-1.22,-0.79,0.37,38.24
594,269219926,0.98,-28.81,-992.68,-1.16,-0.85,0.30,38.09
595,269223976,-2.44,-27.34,-999.02,-1.16,-0.67,0.18,38.19
596,269229770,4.39,-26.37,-1000.98,-1.04,-0.49,0.12,38.19
597,269233820,0.49,-23.93,-1000.98,-0.79,-0.67,0.12,38.24
598,269237869,0.98,-24.41,-995.61,-1.04,-0.79,0.37,38.19
599,269241926,-0.98,-26.37,-1000.98,-1.16,-0.67,0.37,38.05
600,269245976,1.46,-22.46,-1000.49,-1.34,-0.73,0.18,38.19
601,269251770,1.46,-25.88,-995.61,-1.10,-0.61,0.37,38.43
602,269255820,1.95,-25.39,-997.07,-1.10,-0.67,0.43,38.09
603,269259869,1.95,-27.34,-1000.49,-1.40,-0.67,0.24,37.90
604,269263926,0.98,-25.39,-1000.98,-1.46,-0.49,0.49,37.81
605,269267976,0.49,-25.88,-998.54,-1.04,-0.79,0.24,38.19
606,269273770,-0.49,-26.86,-997.56,-1.10,-0.55,0.30,38.19
607,269277820,0.49,-21.00,-1001.95,-0.98,-0.30,0.37,38.33
608,269281869,1.95,-29.30,-997.56,-0.98,-0.49,0.24,38.24
609,269285926,3.91,-24.41,-997.56,-0.85,-0.91,0.18,37.85
610,269291770,-2.93,-25.39,-996.09,-1.28,-0.79,0.43,38.00
611,269295820,-1.46,-24.41,-996.09,-1.40,-0.55,0.37,37.90
612,269299869,2.44,-24.90,-996.09,-0.91,-0.55,0.43,38.24
613,269303926,0.49,-21.48,-995.61,-1.04,-0.85,-0.06,38.05
614,269307976,0.49,-23.44,-1003.91,-0.91,-0.85,0.24,38.05
615,269312025,1.46,-25.39,-997.56,-1.10,-0.55,0.06,38.24
616,269317770,6.84,-21.97,-1002.44,-0.85,-0.67,0.18,38.43
617,269321820,-0.98,-25.39,-998.05,-1.16,-0.98,0.12,38.19
618,269325869,-1.46,-20.02,-1001.46,-1.10,-0.73,0.24,38.24
619,269329926,-0.49,-27.34,-998.54,-1.16,-0.55,0.12,38.24
620,269335770,5.37,-24.90,-1000.00,-1.28,-0.61,0.18,38.19
621,269339820,-5.37,-21.97,-998.05,-1.28,-0.91,0.00,37.90
622,269343869,3.91,-22.95,-995.12,-1.10,-0.73,0.24,37.90
623,269347926,0.49,-24.90,-997.07,-1.10,-0.49,0.37,38.24
624,269351976,-2.44,-28.32,-996.09,-1.04,-0.91,-0.12,38.24
625,269357770,1.95,-23.93,-997.07,-1.10,-1.10,0.24,38.33
626,269361820,-5.37,-23.93,-1002.44,-1.04,-0.55,0.24,38.09
627,269365869,4.39,-26.86,-1002.44,-0.98,-0.61,0.18,38.19
628,269369926,2.44,-26.37,-997.56,-1.16,-1.04,0.30,38.38
629,269373976,0.49,-26.37,-1000.00,-1.04,-0.73,0.37,38.19
630,269379770,-0.49,-25.39,-1000.98,-1.16,-0.67,0.24,38.24
631,269383820,0.49,-26.86,-998.05,-1.22,-0.73,0.24,38.09
632,269387869,0.00,-27.34,-997.56,-1.22,-0.43,0.37,37.85
633,269391926,0.98,-28.81,-1006.35,-0.91,-0.67,0.12,38.19
634,269395976,-0.49,-23.93,-996.58,-1.04,-0.67,0.06,38.05
635,269401770,3.42,-26.37,-996.09,-1.04,-0.79,0.24,38.33
636,269405820,0.49,-28.81,-995.12,-1.16,-0.85,0.18,38.24
637,269409869,-0.49,-25.88,-1000.00,-1.04,-0.73,0.30,38.09
638,269413926,1.95,-28.81,-1000.00,-0.98,-0.55,0.30,38.09
639,269417976,6.84,-23.44,-995.61,-1.16,-0.73,0.12,38.05
640,269423770,-0.49,-26.37,-999.51,-0.91,-0.67,0.43,38.33
641,269427820,0.49,-22.95,-1001.46,-0.79,-0.49,0.37,38.19
642,269431869,0.98,-21.97,-996.58,-1.04,-0.55,0.12,38.19
643,269435926,5.37,-24.90,-998.05,-1.04,-0.55,0.00,38.24
644,269439976,1.95,-26.86,-1000.49,-1.28,-0.91,0.12,38.19
645,269445770,0.98,-26.37,-1000.00,-1.28,-0.85,0.49,38.05
646,269449820,-0.49,-26.37,-1000.49,-1.10,-0.37,0.37,38.19
647,269453869,1.46,-24.41,-997.56,-1.04,-0.67,0.24,38.43
648,269457926,-4.39,-23.93,-1000.98,-1.22,-0.67,0.37,38.05
649,269461976,-4.88,-27.34,-1000.49,-1.34,-0.61,0.06,38.05
650,269467770,-0.98,-29.79,-998.54,-1.28,-0.67,0.37,38.05
651,269471820,0.49,-21.97,-998.05,-1.10,-0.67,0.24,38.24
652,269475869,-1.95,-25.39,-996.09,-1.16,-0.85,0.24,38.33
653,269479926,4.39,-20.51,-999.51,-1.10,-0.55,0.18,38.05
654,269483976,4.88,-24.41,-1000.49,-1.10,-0.85,0.30,38.33
655,269489770,2.44,-26.86,-994.63,-1.10,-0.85,0.18,38.38
656,269493820,2.93,-28.81,-999.51,-1.22,-0.61,0.30,38.38
657,269497869,-3.42,-26.37,-995.61,-1.40,-0.79,0.30,38.24
658,269501926,-1.95,-25.88,-994.14,-1.16,-0.61,0.24,38.09
659,269507770,1.95,-22.46,-997.56,-1.10,-0.67,0.43,38.05
660,269511820,-4.39,-21.00,-995.61,-1.04,-0.67,0.30,37.85
661,269515869,-0.98,-22.46,-1006.84,-1.28,-0.43,0.18,37.85
662,269519926,-0.98,-21.97,-998.05,-1.22,-0.67,0.06,38.19
663,269523976,2.93,-29.79,-1000.00,-1.16,-0.85,0.30,38.00
664,269529770,-1.46,-22.46,-1002.93,-1.10,-0.67,0.12,38.33
665,269533820,3.42,-23.44,-996.58,-0.98,-0.73,0.06,38.43
666,269537869,-2.44,-28.32,-997.07,-1.04,-0.98,0.18,38.00
667,269541926,-0.98,-24.90,-1001.95,-1.22,-0.79,0.06,38.09
668,269545976,1.46,-26.37,-1000.00,-1.10,-0.55,0.12,37.90
669,269551770,0.98,-28.32,-999.02,-1.10,-0.79,0.30,38.24
670,269555820,3.42,-26.37,-996.58,-1.16,-0.85,0.06,37.90
671,269559869,0.49,-23.44,-1002.44,-1.46,-0.49,0.30,38.52
672,269563926,3.91,-24.90,-997.56,-1.04,-0.79,0.12,38.09
673,269567976,0.00,-29.30,-997.07,-1.28,-0.73,0.12,37.90
674,269573770,-4.39,-25.88,-998.05,-1.40,-0.85,0.18,38.00
675,269577820,0.49,-24.90,-996.09,-0.98,-0.67,0.12,38.00
676,269581869,2.44,-24.90,-997.07,-1.22,-0.61,0.00,38.05
677,269585926,-1.95,-29.79,-998.05,-0.91,-0.91,0.06,38.09
678,269589976,-3.42,-25.88,-996.58,-1.16,-0.67,0.18,38.33
679,269595770,0.00,-26.37,-1005.86,-1.22,-0.85,0.24,38.09
680,269599820,1.46,-24.41,-995.61,-1.16,-0.98,0.12,38.19
681,269603869,2.93,-24.90,-999.02,-1.10,-0.85,0.12,38.00
682,269607926,-0.98,-25.39,-999.51,-1.10,-0.79,0.12,38.09
683,269611976,5.37,-24.41,-995.12,-1.22,-0.67,0.37,38.19
684,269617770,0.00,-20.51,-993.65,-1.04,-0.91,0.18,38.09
685,269621820,0.98,-28.32,-998.05,-1.04,-0.91,0.06,38.09
686,269625869,1.46,-29.79,-995.61,-0.98,-0.67,0.37,37.85
687,269629926,-0.98,-26.37,-995.12,-0.98,-0.49,0.24,38.05
688,269633976,-0.98,-23.44,-995.61,-1.04,-0.85,0.24,38.19
689,269639770,-1.95,-20.51,-998.54,-1.04,-0.79,0.12,38.38
690,269643820,-2.44,-26.37,-1002.93,-1.16,-0.85,0.18,38.33
691,269647869,1.95,-24.90,-996.09,-1.10,-0.79,-0.06,38.19
692,269651926,-1.46,-26.86,-996.58,-1.04,-1.10,0.24,38.24
693,269655976,-2.93,-26.86,-996.58,-1.22,-0.67,0.24,38.24
694,269661770,2.93,-21.97,-994.14,-1.10,-0.43,0.37,37.90
695,269665820,0.49,-29.30,-993.65,-1.10,-0.98,0.24,38.38
696,269669869,-0.49,-27.34,-994.14,-0.91,-0.79,0.00,38.09
697,269673926,1.46,-24.90,-996.09,-1.22,-0.85,0.30,38.24
698,269677976,1.46,-24.41,-1000.49,-1.10,-0.43,0.06,38.33
699,269683770,0.49,-30.76,-1000.49,-0.67,-0.67,0.37,38.00
700,269687820,0.49,-29.79,-997.07,-0.85,-0.98,0.06,38.05
701,269691869,0.98,-23.44,-999.02,-1.22,-0.67,0.00,38.33
702,269695927,-0.49,-24.41,-1000.49,-0.98,-0.61,0.24,38.24
703,269699976,2.44,-22.95,-996.09,-1.04,-0.73,0.24,38.09
704,269705770,-1.95,-28.81,-995.12,-0.98,-0.55,0.06,38.19
705,269709820,0.49,-22.95,-998.54,-0.98,-0.49,0.24,38.38
706,269713869,1.95,-22.95,-1000.49,-1.16,-0.79,0.49,38.19
707,269717926,0.00,-21.00,-1000.98,-1.04,-0.67,0.37,38.05
708,269723770,-1.95,-26.37,-999.02,-1.16,-0.91,0.37,38.33
709,269727820,1.95,-26.86,-1001.95,-0.98,-0.55,0.37,38.00
710,269731869,0.00,-25.88,-998.54,-0.91,-0.91,0.18,38.33
711,269735926,0.98,-26.86,-997.07,-1.16,-0.79,0.18,38.57
712,269739976,0.98,-24.41,-1002.93,-1.28,-0.61,0.30,37.90
713,269745770,-0.49,-25.88,-1002.93,-1.16,-0.49,0.12,37.85
714,269749820,1.46,-25.39,-1000.00,-0.91,-0.85,0.24,38.09
715,269753869,-0.49,-21.00,-997.07,-1.10,-0.91,0.30,38.09
716,269757926,0.49,-28.81,-995.12,-1.10,-0.98,0.18,38.33
717,269761976,1.95,-27.83,-1001.46,-1.22,-0.55,0.00,38.24
718,269767770,-2.93,-31.25,-995.12,-0.98,-0.79,0.18,38.19
719,269771820,-2.93,-28.81,-1001.46,-0.91,-0.79,0.30,38.33
720,269775869,-4.39,-27.34,-1000.00,-0.98,-0.61,0.12,38.43
721,269779926,2.93,-20.51,-997.07,-1.04,-0.43,0.18,38.24
722,269783976,-2.93,-24.90,-999.02,-1.10,-0.61,0.06,38.09
723,269789770,-2.93,-22.95,-1000.00,-1.40,-1.04,0.49,38.19
724,269793820,0.00,-25.88,-999.51,-1.04,-0.43,-0.06,38.05
725,269797869,0.49,-23.44,-998.05,-0.98,-0.67,0.18,37.71
726,269801926,0.98,-28.32,-999.51,-1.10,-0.85,0.30,38.19
727,269805976,-2.44,-22.46,-995.61,-1.04,-0.79,0.18,38.05
728,269811770,-3.42,-25.39,-1001.46,-1.10,-0.79,0.18,38.05
729,269815820,4.39,-27.83,-996.09,-0.91,-0.67,0.18,38.24
730,269819869,0.49,-27.83,-995.12,-1.16,-0.85,0.06,38.00
731,269823926,-1.95,-26.37,-999.02,-1.16,-0.85,0.12,38.24
732,269827976,-2.93,-26.86,-994.63,-1.28,-0.61,0.00,38.00
733,269833770,-0.49,-23.93,-995.61,-1.04,-0.73,0.49,38.19
734,269837820,2.44,-21.97,-998.05,-1.10,-0.79,0.30,38.19
735,269841869,0.98,-21.97,-1002.44,-1.16,-0.67,0.12,38.33
736,269845926,3.42,-23.93,-1001.46,-1.22,-0.73,0.18,38.19
737,269849976,0.49,-21.97,-1000.00,-1.16,-0.61,0.18,38.09
738,269855770,0.00,-28.32,-996.09,-1.04,-1.04,0.12,38.19
739,269859820,-0.49,-27.34,-999.51,-1.22,-0.67,0.37,38.33
740,269863869,-0.49,-24.90,-999.02,-1.28,-0.55,0.37,37.90
741,269867926,0.49,-25.39,-1000.49,-1.16,-0.61,0.24,37.90
742,269871976,0.98,-25.88,-995.12,-1.22,-0.79,0.06,38.52
743,269877770,0.00,-26.37,-1002.93,-1.16,-0.67,0.30,38.24
744,269881820,0.49,-21.97,-992.68,-1.04,-0.79,0.24,38.24
745,269885869,0.98,-25.39,-995.12,-0.98,-0.85,0.30,38.24
746,269889927,-0.49,-25.39,-996.09,-1.10,-0.67,0.18,38.19
747,269893976,-1.46,-22.46,-997.56,-1.16,-0.67,0.30,38.19
748,269899770,3.42,-23.93,-998.05,-1.04,-0.79,0.18,38.24
749,269903820,-1.95,-24.41,-997.56,-1.10,-0.79,0.06,38.38
750,269907869,1.95,-22.95,-1002.93,-1.16,-0.55,0.37,38.38
751,269911927,0.98,-23.44,-997.07,-1.04,-0.79,0.18,38.00
752,269915976,-1.95,-24.90,-998.05,-1.04,-0.55,0.24,38.05
753,269921770,1.46,-26.86,-996.58,-1.16,-0.85,0.18,38.09
754,269925820,-0.49,-25.39,-1000.49,-1.04,-0.73,0.12,38.52
755,269929869,1.95,-21.97,-998.05,-1.04,-0.85,0.24,38.24
756,269933927,5.37,-27.34,-998.05,-1.16,-0.73,0.30,38.19
757,269939770,-4.88,-28.81,-993.65,-1.10,-0.73,0.24,38.19
758,269943820,2.93,-24.90,-1000.00,-1.22,-0.49,0.12,38.24
759,269947869,1.46,-22.95,-1002.93,-1.10,-0.43,0.06,38.24
760,269951926,-1.95,-28.32,-1000.98,-1.28,-0.91,0.18,38.24
761,269955976,-0.49,-24.90,-1000.49,-0.79,-0.79,0.12,38.05
762,269961770,-7.32,-25.39,-999.51,-1.34,-0.67,0.18,38.24
763,269965820,-1.46,-23.44,-997.07,-1.28,-0.67,0.24,38.05
764,269969869,-3.42,-26.37,-994.63,-1.10,-0.55,0.43,38.43
765,269973926,-0.49,-29.30,-1000.49,-0.98,-0.61,0.12,38.19
766,269977976,0.98,-25.88,-998.05,-1.22,-0.49,0.30,38.24
767,269983770,0.98,-25.39,-995.12,-1.10,-0.91,0.12,38.05
768,269987820,1.46,-26.37,-1000.00,-1.22,-0.67,0.30,38.33
769,269991869,5.86,-21.97,-1000.98,-1.22,-0.79,0.18,38.00
770,269995927,-4.39,-26.37,-1000.00,-1.16,-0.67,0.43,38.24
771,269999976,1.95,-27.34,-997.07,-1.04,-0.73,0.30,38.05
772,270005770,-2.93,-26.37,-999.51,-0.98,-0.91,0.55,38.38
773,270009820,1.46,-21.48,-993.65,-1.46,-0.55,0.12,38.19
774,270013869,-0.49,-23.93,-1000.49,-1.28,-0.85,0.06,37.90
775,270017926,1.46,-26.37,-998.05,-1.04,-0.85,0.37,38.05
776,270021976,1.46,-26.37,-999.02,-1.10,-0.67,0.24,38.24
777,270027770,4.88,-24.90,-1000.98,-0.91,-0.67,0.06,38.38
778,270031820,0.49,-25.88,-999.02,-0.98,-0.79,0.30,38.19
779,270035869,-0.98,-24.90,-996.58,-0.85,-0.91,0.43,38.09
780,270039926,-2.93,-25.39,-997.07,-1.10,-0.55,0.37,38.00
781,270043976,2.93,-27.83,-1000.00,-1.04,-0.61,0.12,38.19
782,270049770,2.44,-22.95,-993.65,-1.04,-0.98,0.18,38.09
783,270053820,0.98,-25.39,-997.56,-1.16,-0.73,0.18,38.19
784,270057869,2.44,-25.88,-1001.46,-0.98,-0.79,0.30,38.33
785,270061926,3.91,-20.02,-1000.00,-1.04,-0.49,0.12,38.33
786,270065976,4.88,-27.83,-994.14,-1.10,-0.91,0.37,38.38
787,270071770,-0.49,-26.86,-996.58,-1.10,-1.10,0.43,38.05
788,270075820,-1.46,-26.86,-1000.98,-1.04,-0.73,0.37,38.19
789,270079869,-0.49,-26.37,-997.56,-1.04,-0.73,0.37,38.19
790,270083926,0.00,-28.32,-999.02,-1.04,-0.91,0.18,38.33
791,270087976,-2.93,-28.32,-999.02,-0.98,-0.91,0.37,38.33
792,270093770,0.49,-25.88,-998.05,-1.10,-0.61,0.18,38.09
793,270097820,3.91,-23.44,-999.51,-1.16,-0.73,0.18,38.33
794,270101869,-1.46,-24.90,-997.07,-1.04,-0.85,0.30,38.33
795,270105927,-0.98,-23.93,-995.61,-1.10,-0.79,0.00,37.90
796,270109976,3.42,-28.32,-999.02,-1.22,-0.61,0.12,38.19
797,270115770,-1.46,-19.53,-995.12,-1.34,-0.67,0.12,38.33
798,270119820,-0.98,-24.41,-999.02,-1.22,-0.85,-0.06,38.33
799,270123869,0.49,-22.95,-1001.95,-1.16,-0.73,0.24,38.19
800,270127926,1.95,-25.39,-997.07,-1.04,-0.61,0.30,37.90
801,270133770,0.98,-23.93,-1000.00,-1.04,-0.61,0.24,37.85
802,270137820,0.98,-25.39,-1003.91,-1.04,-0.61,0.18,37.90
803,270141869,8.79,-27.34,-1000.49,-1.28,-0.37,0.24,38.33
804,270145926,3.42,-26.37,-996.09,-1.16,-0.61,0.37,38.33
805,270149976,1.46,-23.93,-997.56,-1.28,-0.85,0.24,38.00
806,270154025,3.91,-21.97,-997.07,-0.91,-0.61,0.06,38.19
807,270159770,1.46,-24.41,-1000.98,-1.22,-0.79,0.37,38.33
808,270163820,3.42,-25.39,-995.61,-1.04,-0.55,0.37,38.24
809,270167869,3.42,-27.83,-997.56,-0.98,-0.73,0.06,38.05
810,270171926,-1.95,-21.00,-1001.95,-1.16,-0.79,0.24,38.33
811,270177770,0.49,-26.86,-999.02,-1.34,-0.55,0.12,38.00
812,270181820,-0.49,-27.34,-996.09,-1.10,-0.67,0.43,38.33
813,270185869,4.88,-24.90,-995.12,-1.04,-0.85,0.24,38.05
814,270189926,-1.95,-29.79,-1000.98,-1.52,-0.61,0.37,38.00
815,270193976,2.93,-22.95,-997.56,-1.22,-0.55,0.30,38.09
816,270199770,0.49,-21.97,-996.58,-1.16,-0.91,0.18,38.05
817,270203820,-3.42,-24.90,-1000.00,-1.16,-0.79,0.37,38.00
818,270207869,-1.95,-21.97,-997.07,-1.10,-0.55,0.18,38.00
819,270211927,0.49,-28.81,-999.02,-1.16,-0.49,0.24,38.33
820,270215976,-2.44,-27.83,-999.02,-1.16,-0.91,0.06,38.19
821,270221770,-4.39,-26.37,-998.05,-1.28,-0.61,0.30,38.52
822,270225820,0.00,-25.39,-998.05,-0.91,-0.49,0.18,38.19
823,270229869,3.42,-20.02,-996.09,-1.04,-0.67,0.18,38.00
824,270233926,1.46,-27.83,-994.14,-0.98,-0.91,0.06,38.09
825,270237976,7.81,-26.37,-996.58,-1.22,-0.49,0.24,38.19
826,270243770,1.46,-26.86,-999.51,-1.04,-0.61,0.37,38.00
827,270247820,-2.44,-24.90,-998.05,-0.98,-0.67,0.43,38.38
828,270251869,-9.77,-26.37,-997.56,-0.98,-0.55,0.37,38.05
829,270255927,2.93,-27.83,-1000.98,-1.22,-0.67,0.30,38.24
830,270259976,4.39,-27.34,-997.07,-1.10,-0.79,0.24,38.19
831,270265770,-3.91,-24.90,-995.12,-0.85,-0.67,0.37,38.19
832,270269820,1.46,-22.95,-1000.49,-1.28,-0.85,0.00,38.19
833,270273869,2.93,-26.86,-1000.00,-1.28,-0.85,0.30,38.33
834,270277926,3.42,-27.34,-998.54,-1.04,-0.79,0.37,38.24
835,270281976,2.44,-23.44,-996.58,-1.04,-0.85,0.43,38.33
836,270287770,2.44,-23.93,-998.54,-0.98,-0.91,0.24,38.19
837,270291820,-0.49,-24.41,-1000.98,-0.98,-0.73,0.24,38.05
838,270295869,-1.95,-20.02,-1001.46,-1.04,-0.67,0.37,38.33
839,270299926,-3.42,-19.53,-1000.00,-1.04,-0.79,0.24,38.00
840,270303976,-2.44,-24.90,-999.02,-1.22,-0.61,0.24,38.19
841,270309770,0.98,-26.86,-994.63,-0.98,-0.67,0.24,38.00
842,270313820,-3.91,-23.93,-1001.95,-0.98,-0.79,0.49,38.43
843,270317869,-1.46,-22.46,-997.56,-1.10,-0.79,0.24,38.05
844,270321926,2.93,-26.86,-998.05,-0.73,-0.37,0.49,38.09
845,270325976,1.95,-25.88,-1000.98,-0.98,-0.43,0.24,38.19
846,270331770,4.88,-25.39,-999.02,-0.98,-0.91,0.30,38.19
847,270335820,-0.98,-27.83,-997.07,-1.22,-0.73,0.18,38.19
848,270339869,4.39,-24.90,-997.07,-1.10,-0.43,0.18,38.33
849,270343926,-0.49,-26.37,-1002.44,-1.22,-0.91,0.24,38.00
850,270349770,2.93,-26.86,-998.54,-0.98,-0.98,0.49,38.19
851,270353820,3.42,-27.34,-1001.95,-0.98,-0.43,0.30,38.09
852,270357869,1.46,-22.95,-998.05,-0.98,-0.67,0.43,38.19
853,270361926,-0.98,-29.30,-1001.95,-1.10,-0.85,0.00,38.24
854,270365976,-2.93,-24.41,-998.05,-1.16,-0.85,0.24,38.09
855,270371770,0.49,-24.41,-1000.98,-1.16,-0.49,0.24,37.90
856,270375820,1.95,-26.86,-996.09,-0.98,-0.43,0.55,38.05
857,270379869,3.91,-24.90,-993.65,-0.91,-1.04,0.24,38.24
858,270383926,-1.46,-29.30,-999.51,-1.10,-0.73,0.37,38.33
859,270387976,3.42,-28.32,-999.02,-0.98,-0.55,0.18,38.05
860,270393770,2.93,-26.86,-996.58,-1.04,-0.79,0.12,38.24
861,270397820,-0.49,-27.83,-994.63,-0.91,-0.73,0.37,38.19
862,270401869,-1.95,-27.34,-999.51,-1.16,-0.55,0.37,38.09
863,270405926,0.98,-22.46,-1001.46,-0.91,-0.49,0.12,38.19
864,270409976,0.49,-23.44,-1001.95,-1.28,-0.67,0.24,38.24
865,270415770,0.00,-22.46,-998.54,-1.16,-1.04,0.43,38.09
866,270419820,3.91,-25.39,-1000.49,-1.04,-0.67,0.30,38.38
867,270423869,-4.39,-24.41,-996.58,-1.04,-0.55,0.49,38.05
868,270427926,1.46,-27.83,-997.56,-1.16,-0.85,0.30,38.33
869,270431976,-2.44,-27.83,-999.51,-1.22,-0.98,0.37,38.09
870,270437770,2.44,-24.41,-997.07,-1.34,-0.79,0.24,38.38
871,270441820,5.37,-26.86,-998.54,-1.04,-0.79,0.24,38.09
872,270445869,1.46,-30.27,-993.16,-1.16,-0.73,0.18,37.85
873,270449926,-1.46,-25.88,-996.09,-1.04,-1.04,0.24,38.19
874,270453976,3.42,-26.86,-999.02,-1.28,-0.79,0.18,38.33
875,270459770,4.39,-28.32,-997.07,-0.91,-0.61,0.18,38.33
876,270463820,-0.98,-26.37,-997.07,-0.91,-0.98,0.00,38.33
877,270467869,1.95,-25.88,-1002.93,-0.98,-0.79,0.18,37.85
878,270471926,2.93,-24.41,-1000.98,-1.16,-0.49,0.30,38.09
879,270475976,2.44,-27.34,-996.09,-0.91,-0.91,0.30,38.09
880,270481770,1.46,-27.34,-995.12,-1.04,-0.73,0.43,38.00
881,270485820,-0.98,-23.93,-998.54,-1.16,-0.55,0.18,38.33
882,270489869,-1.46,-25.39,-998.05,-1.04,-0.43,0.24,38.05
883,270493926,1.46,-27.83,-994.14,-1.28,-0.85,-0.06,38.24
884,270497976,-4.39,-29.79,-1000.00,-0.98,-0.85,0.00,38.19
885,270503770,3.42,-23.44,-998.05,-0.98,-0.43,0.24,38.52
886,270507820,-0.49,-26.37,-994.63,-1.16,-0.67,0.24,38.33
887,270511869,0.98,-26.86,-1001.95,-0.98,-0.49,0.12,38.24
888,270515926,2.93,-25.88,-1000.98,-1.22,-0.73,0.43,38.00
889,270519976,-8.30,-28.81,-1000.49,-1.34,-0.43,-0.12,38.00
890,270525770,-0.49,-26.86,-998.54,-1.28,-0.91,0.24,38.05
891,270529820,1.46,-26.37,-999.51,-1.22,-0.73,0.37,38.19
892,270533869,-2.93,-21.48,-997.56,-0.98,-0.73,0.37,38.33
893,270537926,2.44,-22.95,-997.07,-1.40,-0.49,0.30,38.00
894,270541976,0.98,-25.88,-995.61,-1.16,-0.91,0.12,38.09
895,270547770,-7.32,-28.81,-994.63,-1.16,-0.91,0.18,38.24
896,270551820,0.98,-23.93,-999.51,-0.98,-0.43,0.06,38.24
897,270555869,1.95,-25.39,-1000.00,-1.22,-0.61,0.30,38.33
898,270559926,-1.46,-25.39,-999.51,-0.98,-0.85,0.18,38.05
899,270565770,-4.88,-31.25,-1001.46,-1.22,-0.73,0.24,38.00
900,270569820,2.44,-22.95,-998.54,-0.98,-0.61,0.24,38.00
901,270573869,3.91,-24.41,-1000.98,-0.98,-0.67,0.12,38.38
902,270577926,-1.46,-25.39,-1000.00,-1.34,-0.85,0.49,38.09
903,270581976,3.91,-24.90,-1001.95,-0.91,-0.73,0.06,38.05
904,270587770,-1.95,-27.34,-998.54,-0.91,-0.49,0.24,38.38
905,270591820,-2.44,-25.88,-995.12,-1.04,-0.91,0.37,38.33
906,270595869,0.49,-23.44,-1002.44,-1.16,-0.61,0.37,38.19
907,270599926,0.98,-25.39,-1000.98,-0.98,-0.55,0.24,38.19
908,270603976,0.49,-26.37,-995.61,-1.16,-0.49,0.30,37.90
909,270609770,3.91,-22.95,-998.54,-0.98,-0.79,0.30,38.09
910,270613820,-1.95,-26.86,-997.07,-1.10,-0.79,0.12,38.38
911,270617869,2.93,-23.93,-997.56,-1.28,-0.55,0.24,38.33
912,270621927,2.93,-20.51,-994.14,-1.04,-0.67,0.24,38.09
913,270625976,-0.49,-28.81,-997.56,-1.04,-0.73,0.37,38.19
914,270631770,-1.46,-26.86,-1001.46,-1.22,-0.85,0.43,38.00
915,270635820,2.93,-21.48,-996.58,-1.28,-0.55,0.30,38.19
916,270639869,1.46,-21.97,-997.07,-1.04,-0.79,0.12,37.71
917,270643926,0.98,-23.93,-998.54,-0.98,-0.91,0.06,38.24
918,270647976,-1.46,-24.90,-1000.49,-1.16,-0.61,0.43,38.33
919,270653770,4.88,-24.90,-1000.49,-1.04,-0.30,0.06,38.43
920,270657820,2.93,-23.44,-996.58,-0.98,-0.73,0.43,38.19
921,270661869,-0.98,-25.88,-999.02,-1.22,-0.91,0.06,37.90
922,270665926,-2.44,-23.44,-1000.49,-1.16,-0.61,0.24,38.38
923,270669976,0.00,-24.90,-999.51,-0.85,-0.49,0.12,38.33
924,270675770,-1.95,-23.93,-999.02,-0.91,-0.67,0.12,38.33
925,270679820,-1.46,-25.88,-1000.49,-1.34,-0.79,0.30,38.09
926,270683869,-2.93,-18.07,-998.54,-1.10,-0.73,0.00,38.24
927,270687927,7.81,-21.00,-997.07,-0.98,-0.55,0.37,38.19
928,270691976,-3.42,-22.46,-1000.49,-1.16,-0.91,0.12,38.19
929,270697770,0.00,-30.27,-1003.42,-1.10,-0.61,0.30,38.05
930,270701820,-2.93,-29.79,-998.54,-1.10,-0.61,0.24,38.09
931,270705869,-0.98,-25.39,-994.14,-1.04,-0.91,0.24,38.19
932,270709926,3.91,-28.81,-998.05,-1.22,-0.73,0.12,38.24
933,270713976,2.93,-21.48,-1003.42,-1.22,-0.55,0.24,38.33
934,270719770,-4.88,-27.83,-997.56,-0.91,-0.55,0.18,38.24
935,270723820,1.95,-26.86,-995.61,-1.10,-0.61,0.24,38.43
936,270727869,-1.95,-26.37,-1002.44,-1.04,-0.79,0.18,38.43
937,270731927,-2.44,-23.93,-998.54,-1.10,-0.67,0.24,38.00
938,270735976,0.98,-24.90,-997.56,-1.16,-0.49,0.18,38.38
939,270741770,-1.46,-23.93,-1004.39,-1.22,-0.61,0.18,38.19
940,270745820,0.98,-25.39,-1000.98,-1.16,-0.55,0.30,38.33
941,270749869,-0.98,-22.95,-998.05,-1.16,-0.55,0.24,38.43
942,270753927,-1.46,-21.48,-998.05,-1.04,-0.67,0.12,38.09
943,270757976,1.95,-27.34,-996.58,-1.28,-0.79,0.37,38.19
944,270763770,-0.49,-26.37,-1000.49,-0.91,-0.61,0.18,38.24
945,270767820,4.88,-21.97,-997.07,-0.91,-0.85,0.37,38.09
946,270771869,1.46,-22.46,-998.05,-1.16,-0.91,0.24,38.33
947,270775927,-2.93,-26.37,-996.09,-1.16,-0.91,0.30,38.19
948,270781770,3.42,-23.93,-1000.00,-1.10,-0.73,0.24,38.05
949,270785820,1.46,-20.02,-994.14,-1.16,-0.67,0.12,38.33
950,270789869,0.49,-28.81,-997.56,-1.10,-0.61,0.37,38.09
951,270793926,-1.46,-32.23,-1002.44,-1.10,-0.91,0.12,38.19
952,270797976,0.98,-27.83,-996.09,-1.04,-0.61,0.06,37.90
953,270803770,2.44,-21.97,-996.09,-1.16,-0.73,0.12,38.33
954,270807820,-4.88,-26.37,-996.58,-1.04,-0.73,0.37,38.05
955,270811869,4.88,-27.83,-999.51,-1.10,-0.61,0.30,38.05
956,270815926,1.46,-22.46,-999.02,-1.10,-0.49,0.12,38.00
957,270819976,-0.98,-26.86,-992.68,-0.98,-0.98,0.24,38.19
958,270825770,-2.44,-30.27,-995.12,-1.16,-0.67,0.24,38.19
959,270829820,-0.98,-26.86,-1001.95,-1.16,-0.49,0.12,38.24
960,270833869,3.42,-24.90,-997.56,-1.04,-0.73,0.12,38.00
961,270837926,-1.46,-27.83,-996.09,-1.04,-0.61,0.24,38.00
962,270841976,-0.98,-25.88,-1000.00,-0.98,-0.85,0.37,38.33
963,270847770,1.46,-22.95,-994.14,-0.98,-0.43,0.12,38.24
964,270851820,0.00,-24.41,-995.61,-0.85,-0.73,0.24,38.05
965,270855869,0.98,-29.79,-1000.49,-1.10,-0.73,0.24,38.00
966,270859926,0.98,-27.34,-1003.42,-1.22,-0.79,0.49,38.09
967,270863976,-0.49,-28.32,-1000.98,-1.28,-0.43,0.18,38.19
968,270869770,3.42,-27.34,-998.05,-0.98,-0.61,0.06,37.90
969,270873820,-1.95,-22.95,-1002.93,-0.85,-0.85,0.00,38.33
970,270877869,0.00,-23.93,-999.51,-1.10,-0.55,0.18,37.90
971,270881926,2.44,-27.34,-995.12,-1.16,-0.55,0.24,38.19
972,270885976,3.42,-22.95,-994.14,-1.28,-0.85,0.37,38.05
973,270891770,1.46,-26.86,-999.51,-1.10,-0.79,0.55,38.19
974,270895820,-3.91,-27.34,-998.54,-0.98,-0.55,0.18,38.05
975,270899869,6.84,-24.41,-994.63,-1.16,-0.55,0.24,38.00
976,270903926,1.95,-22.95,-995.61,-1.10,-0.98,0.37,38.19
977,270907976,2.93,-28.81,-997.07,-0.98,-0.61,0.06,37.90
978,270913770,2.93,-26.86,-997.56,-1.22,-0.43,0.30,38.33
979,270917820,1.95,-24.41,-997.56,-0.98,-0.91,0.18,38.24
980,270921869,3.91,-29.30,-996.58,-0.85,-0.79,0.37,38.19
981,270925926,-1.46,-25.39,-999.02,-1.22,-0.91,0.43,38.33
982,270929976,0.98,-24.41,-997.07,-1.28,-0.43,0.37,38.00
983,270935770,2.44,-22.46,-997.56,-0.98,-0.30,0.37,38.09
984,270939820,0.00,-25.88,-998.54,-1.22,-0.85,0.18,38.00
985,270943869,3.42,-25.39,-998.05,-1.04,-0.67,0.37,38.24
986,270947926,0.49,-25.88,-998.05,-1.16,-0.37,0.24,38.19
987,270951976,-0.49,-25.88,-992.19,-1.10,-0.67,0.43,38.05
988,270957770,5.86,-25.88,-1000.00,-0.85,-0.85,0.24,38.33
989,270961820,-0.98,-25.39,-997.56,-1.16,-0.61,0.24,38.33
990,270965869,2.93,-23.93,-996.58,-1.16,-0.61,0.37,38.05
991,270969927,0.98,-27.34,-993.65,-0.91,-0.61,0.37,38.09
992,270975770,-3.91,-25.88,-998.54,-0.91,-0.79,0.24,38.33
993,270979820,0.00,-27.83,-994.14,-1.16,-0.30,0.24,37.85
994,270983869,-1.95,-24.41,-996.09,-0.91,-0.67,0.43,38.33
995,270987926,-1.46,-27.83,-994.63,-1.10,-0.91,0.18,38.19
996,270991976,-0.49,-27.34,-999.02,-0.91,-0.85,0.12,37.90
997,270996025,2.93,-23.44,-998.05,-1.10,-0.79,0.49,38.24
998,271001770,3.91,-29.30,-993.16,-0.85,-0.73,0.43,38.19
999,271005820,-0.49,-25.88,-1001.95,-0.85,-0.73,0.30,38.38
1000,271009869,1.46,-19.53,-1000.98,-0.91,-0.73,0.24,38.19
1001,271013926,0.49,-25.88,-996.09,-1.16,-0.30,0.30,38.33
1002,271019770,1.95,-23.93,-996.09,-0.98,-0.73,0.24,38.24
1003,271023820,-2.44,-21.00,-998.05,-1.04,-0.67,0.06,38.00
1004,271027869,0.49,-23.44,-998.05,-1.04,-0.67,0.18,38.19
1005,271031926,-3.91,-27.34,-997.56,-1.28,-0.49,0.30,38.05
1006,271035976,0.98,-22.95,-997.56,-1.10,-0.85,0.30,38.09
1007,271041770,4.88,-25.39,-998.05,-1.22,-0.73,0.12,38.43
1008,271045820,0.49,-24.90,-993.65,-1.28,-0.67,0.37,38.19
1009,271049869,1.95,-25.39,-994.63,-1.10,-0.61,0.12,38.00
1010,271053926,0.49,-22.95,-999.51,-1.22,-0.79,0.30,38.24
1011,271057976,0.98,-22.46,-1005.37,-1.16,-0.73,0.37,38.24
1012,271063770,0.00,-25.39,-1001.46,-1.10,-0.55,0.12,38.33
1013,271067820,-1.46,-30.27,-996.09,-1.22,-0.79,0.24,38.19
1014,271071869,-3.42,-25.39,-996.58,-0.98,-0.55,0.37,38.24
1015,271075926,-2.93,-23.93,-1000.98,-1.10,-0.67,0.49,38.19
1016,271079976,-1.46,-25.88,-996.58,-1.10,-0.73,0.12,38.05
1017,271085770,-0.49,-26.37,-994.63,-1.16,-0.98,0.30,38.05
1018,271089820,0.00,-22.46,-1003.91,-1.22,-0.61,0.18,38.24
1019,271093869,1.95,-21.00,-1000.49,-1.16,-0.73,0.30,38.05
1020,271097926,-0.98,-27.34,-997.56,-1.10,-0.49,0.30,37.85
1021,271101976,0.49,-30.27,-995.61,-1.34,-0.91,0.24,38.05
1022,271107770,3.91,-26.37,-995.12,-1.10,-0.73,0.30,38.19
1023,271111820,2.44,-23.93,-1001.95,-1.16,-0.55,0.18,38.19
1024,271115869,6.35,-25.39,-995.61,-1.16,-0.79,0.24,38.05
1025,271119926,0.49,-26.86,-997.07,-0.91,-0.85,0.24,38.38
1026,271123976,0.98,-27.34,-1000.49,-1.04,-0.73,0.30,38.24
1027,271129770,0.49,-25.39,-997.56,-1.04,-0.61,0.30,38.38
1028,271133820,3.91,-25.39,-997.56,-1.04,-0.85,0.12,38.24
1029,271137869,0.49,-27.34,-1002.44,-1.10,-0.73,0.12,38.00
1030,271141926,0.00,-21.48,-1004.88,-1.10,-0.37,0.06,38.38
1031,271145976,1.46,-25.39,-1000.00,-0.98,-0.73,0.18,38.05
1032,271151770,0.49,-22.95,-1001.95,-1.04,-0.61,0.55,38.19
1033,271155820,-0.49,-25.88,-1001.46,-1.16,-0.91,0.12,38.33
1034,271159869,0.49,-28.32,-1000.49,-1.04,-0.55,0.43,38.19
1035,271163926,4.39,-26.86,-998.05,-1.10,-0.73,0.12,38.05
1036,271167976,-0.49,-24.90,-997.56,-1.10,-0.85,0.24,38.09
1037,271173770,-0.49,-22.95,-1000.00,-0.91,-0.79,0.18,38.33
1038,271177820,0.49,-22.46,-1000.49,-1.34,-0.67,0.43,38.19
1039,271181869,4.39,-25.88,-997.56,-0.98,-0.91,0.12,38.09
1040,271185927,3.91,-26.86,-996.58,-0.85,-1.04,0.37,38.33
1041,271191770,0.49,-21.48,-996.09,-1.16,-0.91,0.24,38.38
1042,271195820,2.44,-25.39,-995.61,-1.16,-0.61,0.55,38.05
1043,271199869,0.98,-22.46,-998.54,-1.16,-0.67,0.30,38.19
1044,271203926,2.44,-23.93,-996.58,-0.85,-0.73,0.18,38.19
1045,271207976,0.00,-28.32,-1000.49,-1.04,-0.49,0.18,37.90
1046,271213770,2.44,-26.37,-1000.98,-1.10,-0.61,0.37,38.24
1047,271217820,-0.98,-26.86,-1002.44,-0.91,-0.85,0.24,38.00
1048,271221869,1.46,-26.37,-995.12,-1.10,-0.67,0.43,38.00
1049,271225926,-3.42,-23.93,-994.63,-0.98,-0.61,0.24,38.24
1050,271229976,2.44,-24.41,-998.05,-1.34,-0.85,0.30,37.90
1051,271235770,0.98,-23.44,-1000.00,-0.73,-1.04,0.30,38.43
1052,271239820,0.49,-28.32,-1000.49,-0.98,-0.79,0.18,38.09
1053,271243869,0.98,-25.39,-998.54,-1.16,-0.37,0.24,38.05
1054,271247926,1.46,-21.00,-1000.00,-0.91,-0.67,0.18,38.24
1055,271251976,3.91,-26.86,-1001.95,-1.16,-0.98,0.06,38.00
1056,271257770,-3.42,-24.41,-1000.49,-1.16,-0.55,0.24,38.33
1057,271261820,1.95,-25.88,-999.51,-1.16,-0.67,0.06,38.19
1058,271265869,1.46,-25.88,-998.05,-0.85,-0.73,0.37,38.00
1059,271269927,0.00,-24.90,-997.07,-1.04,-0.67,0.24,38.33
1060,271273976,0.49,-25.39,-998.54,-1.04,-0.61,0.37,38.19
1061,271279770,2.44,-21.48,-994.63,-0.91,-0.73,0.12,38.38
1062,271283820,3.42,-26.86,-999.51,-1.28,-0.79,0.49,38.09
1063,271287869,1.46,-24.90,-1002.44,-1.22,-0.73,0.12,37.90
1064,271291926,-0.49,-29.30,-997.56,-1.22,-0.24,0.12,38.19
1065,271295976,0.98,-26.86,-999.51,-0.91,-0.73,0.12,38.09
1066,271301770,1.46,-24.90,-998.05,-1.04,-1.04,0.12,38.00
1067,271305820,3.42,-23.44,-1001.46,-1.22,-0.30,0.18,38.19
1068,271309869,2.93,-23.93,-997.56,-1.10,-0.61,0.37,38.33
1069,271313926,0.49,-23.44,-996.58,-0.98,-0.79,0.30,38.09
1070,271317976,5.37,-23.44,-997.56,-0.98,-0.91,0.12,38.00
1071,271323770,4.88,-27.34,-1002.44,-1.16,-0.61,0.49,38.19
1072,271327820,0.49,-23.93,-996.58,-1.04,-0.55,0.37,38.33
1073,271331869,-1.95,-23.93,-1001.95,-1.04,-0.91,0.43,38.19
1074,271335926,0.00,-24.41,-999.51,-1.04,-0.85,0.37,38.05
1075,271339976,1.46,-21.97,-1000.49,-1.16,-0.55,0.49,38.24
1076,271345770,-0.49,-25.88,-998.54,-1.04,-0.55,0.24,38.33
1077,271349820,1.46,-26.37,-998.05,-1.16,-1.10,0.24,38.00
1078,271353869,0.00,-27.34,-999.51,-1.16,-0.67,0.06,38.00
1079,271357926,4.88,-24.41,-999.51,-0.98,-0.61,0.37,38.19
1080,271361976,4.39,-23.93,-997.56,-1.28,-0.55,0.55,38.24
1081,271367770,-1.95,-26.86,-997.07,-1.16,-1.04,0.37,38.19
1082,271371820,0.98,-28.32,-998.05,-1.22,-0.85,0.12,38.43
1083,271375869,1.95,-22.46,-999.51,-0.91,-0.61,0.12,38.43
1084,271379926,-2.93,-25.39,-996.58,-0.98,-0.73,0.24,37.71
1085,271383976,0.98,-23.93,-997.07,-1.22,-0.98,0.00,38.19
1086,271389770,-1.46,-22.95,-997.56,-1.04,-0.55,0.00,38.05
1087,271393820,1.46,-26.37,-996.09,-1.16,-0.67,0.12,38.24
1088,271397869,3.42,-26.37,-1000.00,-1.10,-0.91,0.30,38.24
1089,271401926,-3.42,-19.53,-1002.44,-1.22,-0.91,0.30,38.24
1090,271407770,-3.42,-32.23,-998.05,-1.16,-0.55,0.18,38.33
1091,271411820,2.93,-22.95,-993.65,-1.04,-0.55,0.06,38.19
1092,271415869,4.39,-24.90,-998.54,-1.04,-0.98,0.37,37.90
1093,271419926,-1.95,-27.83,-997.56,-0.98,-0.73,0.06,38.09
1094,271423976,3.91,-23.93,-998.54,-1.34,-0.43,0.30,38.00
1095,271429770,3.42,-22.95,-996.58,-1.10,-0.61,0.12,38.24
1096,271433820,-2.44,-23.93,-1001.46,-1.28,-0.85,0.49,38.05
1097,271437869,3.42,-18.55,-1002.44,-1.16,-0.79,0.24,38.09
1098,271441926,-0.49,-23.93,-996.58,-1.16,-0.67,0.30,38.09
1099,271445976,-1.46,-24.90,-997.07,-0.98,-0.73,0.30,38.24
1100,271451770,4.39,-25.39,-998.05,-0.91,-0.85,0.30,38.33
1101,271455820,1.46,-26.86,-998.54,-1.10,-0.73,0.18,38.19
1102,271459869,2.93,-22.95,-998.05,-1.10,-0.79,0.30,38.24
1103,271463926,0.00,-21.48,-990.72,-0.98,-0.73,0.24,38.19
1104,271467976,0.98,-28.81,-1000.00,-1.04,-0.79,0.24,38.43
1105,271473770,-1.46,-27.34,-1001.95,-0.91,-0.67,0.24,38.09
1106,271477820,-6.84,-23.93,-999.02,-0.91,-0.55,0.06,38.05
1107,271481869,1.95,-25.39,-998.05,-1.10,-0.73,0.30,38.24
1108,271485926,-0.98,-25.88,-996.58,-1.04,-0.61,0.18,38.19
1109,271489976,5.37,-24.90,-1000.49,-1.28,-0.73,0.30,38.24
1110,271495770,0.49,-23.44,-999.02,-1.10,-0.61,0.37,38.19
1111,271499820,3.91,-24.90,-996.09,-1.22,-0.67,0.06,38.09
1112,271503869,0.49,-25.39,-997.07,-1.04,-0.73,0.24,38.00
1113,271507926,1.46,-24.90,-1000.98,-1.10,-0.61,0.37,38.52
1114,271511976,2.93,-21.48,-992.19,-0.98,-0.61,0.24,38.33
1115,271517770,0.98,-27.34,-998.54,-1.16,-0.85,0.37,38.38
1116,271521820,0.98,-25.88,-999.51,-1.34,-0.73,0.49,38.19
1117,271525869,0.98,-25.39,-995.12,-1.22,-0.61,0.49,38.24
1118,271529926,0.00,-25.39,-998.05,-1.34,-0.79,0.24,38.38
1119,271533976,-2.93,-28.32,-998.54,-1.22,-0.79,0.30,38.24
1120,271539770,1.95,-30.27,-1003.91,-0.98,-0.55,0.18,38.24
1121,271543820,6.35,-23.44,-998.54,-1.04,-0.73,0.06,38.52
1122,271547869,2.44,-26.37,-999.02,-0.98,-0.79,0.43,38.00
1123,271551926,1.46,-26.37,-1000.98,-1.22,-0.91,0.24,38.19
1124,271555976,2.93,-26.86,-1000.00,-1.16,-0.49,0.37,38.19
1125,271561770,1.95,-26.37,-998.54,-0.98,-0.55,0.18,38.38
1126,271565820,1.95,-25.39,-998.54,-1.16,-0.91,0.18,38.19
1127,271569869,-4.39,-23.44,-997.07,-1.04,-0.55,0.30,38.05
1128,271573926,2.44,-25.39,-1000.00,-1.10,-0.55,0.30,38.09
1129,271577976,-0.98,-26.37,-997.56,-0.91,-0.73,0.30,38.19
1130,271583770,-0.49,-25.39,-994.63,-1.10,-0.73,0.24,38.05
1131,271587820,-3.91,-26.37,-1003.42,-1.10,-0.73,0.12,38.19
1132,271591869,0.98,-23.44,-1000.49,-1.04,-0.55,0.06,38.05
1133,271595926,-0.98,-24.41,-993.16,-1.04,-0.67,0.12,37.90
1134,271599976,-3.42,-26.86,-997.56,-1.28,-0.79,0.12,38.09
1135,271605770,-0.49,-25.39,-1002.44,-1.10,-0.67,0.24,38.24
1136,271609820,4.39,-28.32,-999.02,-1.22,-0.55,0.12,38.24
1137,271613869,0.49,-24.90,-1000.00,-0.98,-0.91,0.37,38.52
1138,271617926,1.46,-24.41,-992.19,-1.40,-0.85,0.24,38.05
1139,271623770,-1.46,-28.81,-1000.49,-1.28,-0.55,0.30,38.24
1140,271627820,2.44,-25.88,-1000.49,-1.16,-0.55,0.37,38.00
1141,271631869,4.39,-25.39,-993.65,-1.16,-0.79,0.18,38.09
1142,271635926,1.95,-27.83,-996.09,-1.22,-0.85,0.24,38.33
1143,271639976,4.39,-24.41,-1002.93,-1.34,-0.61,0.12,38.09
1144,271645770,0.49,-24.90,-1000.98,-1.04,-0.67,0.37,38.19
1145,271649820,2.93,-26.37,-998.54,-1.04,-0.79,0.30,38.33
1146,271653869,0.00,-29.30,-1000.49,-1.22,-0.73,0.18,38.19
1147,271657926,0.00,-28.32,-994.63,-1.34,-0.55,0.37,38.00
1148,271661976,3.42,-27.34,-999.51,-1.10,-0.91,0.37,38.19
1149,271667770,3.42,-24.41,-995.12,-1.04,-1.10,0.06,38.38
1150,271671820,-0.49,-24.41,-1001.95,-1.10,-0.91,0.37,38.00
1151,271675869,0.00,-24.41,-999.02,-1.28,-0.67,0.37,37.90
1152,271679927,4.39,-27.34,-998.54,-1.04,-0.85,0.37,38.05
1153,271683976,-5.86,-26.86,-1000.49,-1.22,-0.79,0.49,38.19
1154,271689770,0.98,-22.95,-995.12,-1.16,-0.61,0.18,38.00
1155,271693820,4.88,-22.46,-1000.00,-0.91,-0.73,0.30,38.09
1156,271697869,-3.42,-22.95,-994.63,-0.98,-0.91,0.30,37.81
1157,271701926,-4.88,-27.34,-1000.98,-1.16,-0.79,0.43,38.24
1158,271705976,-1.46,-24.90,-1000.00,-1.16,-0.73,0.55,38.38
1159,271711770,-1.46,-26.86,-997.07,-1.16,-0.91,0.24,38.24
1160,271715820,-0.98,-23.44,-998.05,-1.04,-0.67,0.30,38.05
1161,271719869,4.39,-27.34,-995.61,-1.10,-0.61,0.43,38.19
1162,271723927,1.95,-22.95,-999.51,-1.22,-0.49,0.37,38.00
1163,271727976,2.93,-22.95,-994.63,-1.16,-0.67,0.24,38.19
1164,271733770,1.95,-25.39,-1003.42,-1.04,-0.85,0.43,38.24
1165,271737820,-4.88,-23.93,-998.05,-1.04,-0.61,0.24,38.33
1166,271741869,4.39,-26.86,-998.54,-1.10,-0.67,0.18,38.05
1167,271745927,-0.49,-27.83,-996.09,-1.16,-0.91,0.18,38.24
1168,271749976,-0.98,-29.79,-994.14,-1.10,-0.67,0.24,38.24
1169,271755770,2.44,-29.79,-1001.46,-1.22,-0.55,0.18,38.05
1170,271759820,2.93,-23.93,-999.51,-0.91,-0.79,0.18,38.19
1171,271763869,7.81,-28.32,-1000.98,-1.04,-0.49,0.37,38.05
1172,271767926,-1.46,-24.41,-1005.86,-1.04,-0.79,0.00,38.00
1173,271771976,1.46,-23.44,-1002.44,-0.85,-0.67,0.24,38.33
1174,271777770,2.44,-24.90,-995.61,-1.22,-0.67,0.18,38.19
1175,271781820,0.00,-28.32,-998.05,-0.98,-0.98,0.24,38.19
1176,271785869,-1.46,-31.74,-997.07,-1.34,-0.49,0.18,38.24
1177,271789926,-1.46,-21.48,-999.51,-1.04,-0.55,0.06,38.05
1178,271793976,2.93,-23.44,-993.16,-0.98,-0.67,0.12,37.85
1179,271799770,-4.39,-24.41,-995.61,-1.34,-0.67,0.06,38.09
1180,271803820,1.95,-23.93,-1000.00,-1.22,-0.73,0.12,38.00
1181,271807869,0.49,-23.44,-1001.46,-1.04,-0.55,0.12,38.33
1182,271811926,-0.49,-21.48,-995.12,-1.28,-0.73,0.24,37.90
1183,271817770,6.35,-24.90,-998.54,-1.22,-0.85,0.12,38.05
1184,271821820,0.98,-29.79,-1002.93,-1.28,-0.55,0.24,37.90
1185,271825869,0.49,-24.90,-995.12,-1.16,-0.73,0.30,38.24
1186,271829926,-0.49,-29.79,-995.61,-1.04,-0.67,0.18,38.09
1187,271833976,0.49,-30.27,-997.56,-1.10,-0.85,0.18,38.19
1188,271839770,0.98,-24.41,-1001.46,-1.16,-0.61,0.18,37.90
1189,271843820,5.37,-25.88,-996.09,-0.98,-0.67,0.12,38.00
1190,271847869,2.93,-24.90,-998.05,-1.10,-0.91,0.18,38.33
1191,271851926,0.00,-23.93,-999.02,-1.16,-0.85,0.12,38.33
1192,271855976,-4.88,-27.34,-998.54,-1.22,-0.55,0.12,37.85
1193,271861770,-0.98,-26.37,-997.07,-1.10,-0.67,0.24,38.19
1194,271865820,-0.49,-21.97,-995.61,-0.73,-0.91,0.18,38.19
1195,271869869,-4.88,-24.41,-996.58,-1.22,-0.79,0.37,38.09
1196,271873926,4.88,-24.41,-995.61,-0.98,-0.43,0.24,38.19
1197,271877976,2.93,-24.41,-998.54,-1.04,-0.61,0.37,38.19
1198,271883770,-0.49,-25.39,-999.02,-0.85,-0.98,0.12,38.05
1199,271887820,3.42,-24.90,-995.12,-1.34,-0.67,0.18,38.33
1200,271891869,0.98,-25.88,-992.68,-1.10,-0.55,0.06,38.09
1201,271895927,-0.49,-26.37,-997.07,-0.85,-0.49,0.37,37.90
1202,271899976,-1.95,-21.48,-1003.42,-1.16,-0.61,0.18,38.09
1203,271905770,-4.39,-28.32,-995.61,-1.28,-0.67,0.06,38.38
1204,271909820,0.49,-24.90,-996.09,-1.16,-0.98,0.24,38.00
1205,271913869,0.98,-26.37,-993.65,-1.04,-0.79,0.06,38.00
1206,271917927,-0.98,-23.44,-1000.98,-1.28,-0.85,0.24,38.19
1207,271921976,2.44,-28.32,-1001.95,-0.91,-0.49,0.30,38.24
1208,271927770,3.91,-21.48,-995.61,-1.10,-0.79,0.12,38.09
1209,271931820,3.42,-21.97,-997.07,-0.85,-0.55,0.00,38.33
1210,271935869,-0.49,-22.95,-998.05,-1.04,-0.79,0.24,38.19
1211,271939926,4.39,-30.27,-998.05,-1.04,-0.79,0.49,38.38
1212,271943976,1.95,-23.44,-999.02,-0.98,-0.61,0.37,38.00
1213,271949770,-1.46,-24.41,-995.61,-1.16,-0.91,0.24,38.09
1214,271953820,3.91,-22.95,-998.05,-1.22,-0.67,0.24,38.24
1215,271957869,1.46,-25.88,-1001.95,-0.98,-0.61,0.24,38.19
1216,271961926,2.93,-21.00,-1001.46,-1.10,-0.85,0.37,38.09
1217,271965976,-1.95,-22.95,-998.05,-1.22,-0.49,0.24,38.43
1218,271971770,0.98,-23.44,-1001.95,-1.16,-0.24,0.37,38.38
1219,271975820,0.00,-22.46,-1000.00,-1.10,-0.55,0.37,38.24
1220,271979869,-1.46,-24.90,-999.51,-1.16,-0.85,0.37,38.09
1221,271983926,0.00,-26.86,-999.51,-1.65,-0.55,0.24,38.19
1222,271987976,2.93,-24.90,-1002.93,-1.16,-0.67,0.24,38.24
1223,271993770,4.88,-25.88,-994.63,-1.16,-0.73,0.37,38.09
1224,271997820,3.91,-27.34,-997.56,-1.22,-0.73,0.12,38.19
1225,272001869,2.93,-21.48,-1000.49,-0.73,-0.61,0.24,38.33
1226,272005926,-0.98,-27.83,-997.56,-1.04,-0.73,0.30,37.66
1227,272009976,1.95,-20.51,-998.54,-1.10,-0.98,0.18,38.05
1228,272015770,-0.49,-24.41,-999.02,-0.85,-0.73,0.43,38.19
1229,272019820,-0.98,-22.95,-999.51,-0.98,-0.67,0.18,38.19
1230,272023869,1.46,-25.88,-1003.42,-1.04,-0.67,0.06,38.19
1231,272027927,-1.95,-26.37,-1000.00,-1.10,-0.67,0.24,37.90
1232,272033770,0.49,-26.86,-992.19,-1.04,-0.61,0.37,38.09
1233,272037820,-0.98,-23.93,-998.05,-0.98,-0.79,0.24,38.05
1234,272041869,4.39,-20.51,-995.12,-0.98,-0.61,0.12,38.00
1235,272045926,3.42,-24.41,-997.07,-1.10,-0.91,0.18,38.19
1236,272049976,-5.86,-22.95,-1000.98,-1.16,-0.67,0.37,38.00
1237,272055770,1.95,-27.34,-1004.39,-1.16,-0.85,0.24,38.19
1238,272059820,2.44,-27.83,-999.51,-1.10,-0.79,0.18,38.38
1239,272063869,-0.49,-26.86,-1000.49,-1.04,-0.91,0.37,38.19
1240,272067926,0.98,-27.83,-998.54,-1.28,-0.73,0.24,38.52
1241,272071976,2.44,-24.41,-1000.49,-0.98,-0.61,0.24,38.00
1242,272077770,1.46,-22.46,-997.56,-1.16,-0.67,0.00,38.38
1243,272081820,-6.84,-26.86,-997.56,-0.85,-1.04,0.30,38.09
1244,272085869,3.91,-27.83,-996.58,-0.98,-0.85,0.37,38.09
1245,272089926,2.93,-29.30,-998.05,-1.52,-0.67,0.43,38.24
1246,272093976,3.42,-25.39,-997.07,-1.16,-0.61,0.30,38.24
1247,272099770,0.98,-29.79,-993.16,-1.16,-0.91,0.24,38.33
1248,272103820,2.93,-22.95,-1002.44,-1.04,-0.73,0.37,38.33
1249,272107869,2.44,-28.81,-992.19,-1.16,-0.91,0.30,38.09
1250,272111926,3.42,-25.88,-997.07,-0.79,-0.79,0.00,38.19
1251,272115976,0.98,-26.37,-998.05,-1.22,-0.91,0.06,37.85
1252,272121770,3.42,-28.32,-999.02,-1.16,-0.73,0.30,38.33
1253,272125820,7.81,-26.86,-993.65,-1.16,-0.85,0.49,38.05
1254,272129869,5.37,-25.39,-995.12,-1.04,-0.79,0.37,38.00
1255,272133926,0.00,-26.37,-998.05,-1.16,-0.73,0.37,38.09
1256,272137976,3.91,-25.88,-1000.98,-1.22,-0.49,0.37,38.38
1257,272143770,2.93,-22.95,-998.54,-1.10,-0.79,0.24,38.09
1258,272147820,2.93,-25.88,-999.51,-1.04,-0.91,0.06,38.19
1259,272151869,-0.98,-27.83,-1001.46,-1.16,-0.79,0.30,38.33
1260,272155926,1.46,-21.48,-997.56,-1.16,-0.61,0.37,38.24
1261,272159976,0.98,-24.41,-998.05,-0.98,-0.61,0.37,38.09
1262,272165770,-4.39,-22.46,-997.56,-1.22,-0.91,0.30,38.24
1263,272169820,1.46,-24.90,-1001.46,-1.04,-0.67,0.12,38.00
1264,272173869,1.95,-27.34,-998.05,-0.98,-0.61,0.30,38.38
1265,272177926,-2.44,-24.41,-998.54,-1.28,-0.85,0.43,38.09
1266,272181976,0.00,-25.88,-995.61,-1.16,-0.67,0.12,38.33
1267,272187770,4.88,-25.39,-1001.95,-1.16,-0.55,0.12,38.05
1268,272191820,0.98,-26.86,-995.12,-0.98,-0.98,0.06,38.33
1269,272195869,-0.98,-27.34,-996.58,-1.16,-0.91,0.30,38.09
1270,272199926,0.00,-25.39,-1003.91,-1.34,-0.67,0.43,38.05
1271,272203976,3.42,-24.41,-999.02,-1.34,-0.67,0.30,38.38
1272,272209770,2.44,-22.46,-999.51,-1.04,-0.73,0.49,38.33
1273,272213820,4.39,-25.39,-997.07,-1.28,-0.73,0.43,38.24
1274,272217869,-1.46,-21.00,-1000.00,-1.04,-0.49,0.30,38.24
1275,272221926,0.98,-24.41,-1006.35,-1.16,-0.61,0.18,38.05
1276,272225976,4.88,-28.81,-997.07,-1.16,-0.91,0.24,38.33
1277,272231770,1.95,-27.34,-997.07,-1.10,-0.73,0.30,38.19
1278,272235820,-2.93,-24.90,-1002.44,-1.22,-0.43,0.18,38.19
1279,272239869,1.95,-26.37,-996.09,-1.10,-0.61,0.24,38.19
1280,272243926,-5.37,-24.41,-995.61,-0.98,-1.04,0.49,37.90
1281,272249770,-2.44,-25.39,-997.56,-1.22,-0.98,0.18,38.33
1282,272253820,3.42,-26.37,-1000.98,-1.04,-0.49,0.24,37.90
1283,272257869,-2.93,-24.90,-996.58,-1.10,-0.79,0.18,38.19
1284,272261926,-0.49,-21.00,-999.02,-1.10,-0.98,0.24,38.24
1285,272265976,-1.46,-26.37,-997.56,-1.10,-0.73,0.30,38.00
1286,272271770,1.95,-21.97,-999.02,-1.04,-0.85,0.24,38.33
1287,272275820,4.39,-25.39,-992.68,-1.04,-0.67,0.24,38.09
1288,272279869,-2.44,-27.34,-999.51,-1.22,-1.10,0.43,38.00
1289,272283926,-1.46,-24.90,-998.05,-1.40,-0.73,0.30,38.09
1290,272287976,0.98,-27.34,-997.07,-1.28,-0.49,0.30,38.33
1291,272293770,-1.46,-24.41,-1001.46,-1.10,-0.91,0.06,38.33
1292,272297820,-6.84,-24.41,-1000.98,-1.04,-0.79,0.24,38.19
1293,272301869,-3.91,-24.41,-999.02,-1.10,-0.55,0.18,38.33
1294,272305926,-0.49,-26.37,-996.58,-1.04,-0.67,0.37,38.09
1295,272309976,4.39,-28.81,-997.56,-1.10,-0.98,0.18,38.09
1296,272315770,-2.93,-27.34,-993.16,-1.10,-0.91,0.24,38.19
1297,272319820,0.98,-23.93,-995.12,-0.91,-0.55,0.37,38.09
1298,272323869,0.00,-22.95,-996.09,-1.10,-0.49,0.37,37.90
1299,272327926,0.00,-23.44,-997.07,-1.10,-1.16,0.49,38.19
1300,272331976,-2.44,-23.93,-1000.49,-1.22,-0.79,0.30,38.05
1301,272337770,-0.98,-31.74,-998.54,-1.10,-0.30,0.06,38.24
1302,272341820,0.49,-25.88,-996.58,-0.98,-0.79,0.18,38.33
1303,272345869,2.93,-23.44,-997.56,-1.10,-0.91,0.30,38.05
1304,272349926,0.98,-32.23,-999.02,-1.16,-0.79,0.12,38.38
1305,272353976,3.91,-23.93,-1000.98,-0.98,-0.67,0.06,38.05
1306,272359770,0.98,-22.95,-997.07,-1.16,-0.91,0.30,38.33
1307,272363820,-2.44,-23.44,-997.56,-1.04,-0.79,0.18,38.43
1308,272367869,-0.98,-25.39,-1003.42,-1.34,-0.30,0.18,38.43
1309,272371926,1.46,-25.88,-993.16,-1.10,-0.67,0.24,38.19
1310,272375976,1.46,-28.81,-994.14,-1.34,-0.91,0.43,38.00
1311,272381770,2.44,-23.44,-1001.95,-0.98,-0.67,0.18,38.24
1312,272385820,2.93,-25.88,-999.51,-1.04,-0.67,0.18,38.24
1313,272389869,1.46,-22.95,-995.61,-1.28,-0.55,0.24,38.33
1314,272393926,-1.46,-24.41,-999.02,-1.34,-0.73,0.18,38.33
1315,272397976,4.39,-26.37,-1000.00,-1.22,-0.73,0.12,38.38
1316,272403770,0.98,-24.41,-998.54,-0.91,-0.55,0.18,38.33
1317,272407820,2.93,-27.83,-996.09,-1.22,-0.67,0.37,38.33
1318,272411869,0.49,-24.90,-1000.98,-1.10,-0.91,0.18,38.19
1319,272415926,0.00,-30.76,-1001.46,-0.98,-0.73,0.30,38.19
1320,272419976,-0.98,-24.90,-992.68,-1.04,-0.43,0.55,38.33
1321,272425770,-0.49,-26.86,-997.07,-1.04,-0.85,0.30,38.33
1322,272429820,-2.93,-24.41,-1001.46,-0.91,-0.67,0.00,38.19
1323,272433869,-4.39,-25.88,-1000.98,-1.10,-0.43,0.37,38.09
1324,272437926,3.91,-24.90,-997.07,-0.98,-0.73,0.24,37.85
1325,272441976,0.98,-24.90,-1000.00,-0.91,-0.73,0.18,38.19
1326,272447770,-4.39,-24.41,-998.05,-1.16,-0.67,0.06,38.00
1327,272451820,0.00,-19.53,-999.02,-1.34,-0.55,0.12,38.19
1328,272455869,-1.95,-22.95,-995.61,-1.34,-0.73,0.00,38.19
1329,272459926,0.98,-23.93,-996.58,-0.85,-0.85,0.30,37.90
1330,272465770,1.95,-22.46,-997.07,-1.22,-0.55,0.55,38.19
1331,272469820,-4.39,-23.44,-996.58,-0.98,-0.67,0.12,38.52
1332,272473869,-0.49,-23.44,-995.12,-1.16,-0.61,0.24,38.19
1333,272477927,-3.42,-27.34,-1004.88,-0.98,-0.73,0.30,38.19
1334,272481976,0.00,-24.90,-1001.46,-1.22,-0.49,0.18,38.09
1335,272487770,-0.49,-23.44,-999.02,-1.16,-0.55,0.18,38.05
1336,272491820,2.93,-24.90,-996.58,-1.10,-0.85,0.24,38.00
1337,272495869,1.95,-27.83,-998.54,-1.16,-0.73,0.30,38.05
1338,272499926,-0.98,-23.93,-1001.46,-0.91,-0.55,0.37,38.33
1339,272503976,3.42,-24.90,-997.07,-0.91,-0.61,0.12,38.19
1340,272509770,1.95,-29.30,-1000.00,-0.98,-0.85,0.24,38.24
1341,272513820,0.98,-28.32,-1001.95,-1.10,-0.43,0.12,38.33
1342,272517869,6.35,-24.41,-1000.98,-1.16,-0.79,0.30,37.90
1343,272521927,0.98,-24.41,-998.05,-1.04,-0.91,0.24,38.33
1344,272525976,-2.93,-21.97,-993.65,-1.10,-0.85,0.30,38.05
1345,272531770,-2.44,-25.39,-999.51,-0.98,-0.55,0.12,38.09
1346,272535820,0.98,-27.34,-994.14,-0.98,-0.79,0.12,38.19
1347,272539869,0.49,-25.39,-999.02,-0.79,-0.73,-0.18,38.09
1348,272543926,-0.49,-29.79,-1001.46,-1.22,-0.61,0.18,38.24
1349,272547976,3.42,-22.46,-1000.49,-1.10,-0.61,0.37,38.19
1350,272553770,4.39,-24.90,-999.51,-0.91,-0.61,0.00,38.19
1351,272557820,-2.44,-27.34,-1003.91,-1.16,-0.91,0.12,38.09
1352,272561869,4.88,-25.39,-997.56,-1.28,-0.61,0.24,38.05
1353,272565926,5.37,-20.02,-996.58,-0.98,-0.55,0.00,38.00
1354,272569976,-2.93,-20.02,-996.09,-0.98,-0.91,0.30,38.00
1355,272575770,0.98,-27.34,-1001.95,-0.98,-0.85,0.37,38.43
1356,272579820,-1.95,-21.97,-995.61,-1.04,-0.67,0.30,38.33
1357,272583869,3.42,-26.37,-998.05,-1.16,-0.61,0.30,38.09
1358,272587926,0.00,-26.86,-1000.49,-1.22,-0.67,0.30,38.19
1359,272591976,-1.46,-25.88,-998.54,-1.28,-0.98,0.24,38.09
1360,272597770,0.00,-25.88,-1002.93,-1.16,-0.73,0.06,38.05
1361,272601820,-0.49,-26.86,-994.14,-1.10,-0.49,0.24,38.05
1362,272605869,-0.49,-24.90,-998.54,-1.04,-0.67,0.30,38.24
1363,272609926,1.95,-25.88,-1000.98,-0.91,-0.91,0.06,38.33
1364,272613976,3.42,-25.88,-998.05,-1.22,-0.61,0.24,38.19
1365,272619770,4.39,-26.86,-993.16,-1.04,-0.79,0.30,38.19
1366,272623820,3.42,-26.86,-996.58,-0.98,-0.61,0.18,38.09
1367,272627869,0.98,-23.93,-997.07,-0.85,-0.91,0.30,38.19
1368,272631926,2.44,-24.90,-1000.00,-0.98,-0.55,0.00,37.90
1369,272635976,3.91,-22.95,-998.54,-0.91,-0.55,0.30,38.09
1370,272641770,0.49,-23.93,-1000.49,-1.04,-0.61,0.37,38.19
1371,272645820,0.49,-26.37,-1001.46,-0.91,-0.55,0.06,38.24
1372,272649869,0.00,-20.51,-1000.00,-1.04,-0.67,0.18,38.24
1373,272653926,-2.44,-25.39,-997.07,-0.98,-0.73,0.37,38.24
1374,272659770,-0.49,-24.90,-996.58,-0.91,-0.79,0.30,38.24
1375,272663820,1.46,-21.97,-998.54,-1.28,-0.61,0.24,38.09
1376,272667869,1.95,-21.97,-993.65,-0.91,-0.67,0.12,38.33
1377,272671926,-0.49,-21.00,-997.07,-1.04,-0.91,0.43,38.24
1378,272675976,-3.91,-26.86,-1002.44,-1.28,-0.67,0.18,38.00
1379,272681770,1.46,-23.44,-995.61,-0.98,-0.61,0.18,38.19
1380,272685820,-0.98,-22.95,-997.07,-0.98,-0.61,0.24,38.19
1381,272689869,0.00,-22.95,-999.02,-1.04,-0.91,0.24,38.00
1382,272693926,2.93,-27.34,-997.56,-1.10,-0.55,0.12,38.19
1383,272697976,2.93,-28.32,-998.05,-1.10,-0.55,0.18,38.00
1384,272703770,-1.95,-28.81,-995.12,-0.98,-0.73,0.30,38.62
1385,272707820,3.91,-27.34,-1000.49,-1.28,-0.61,0.37,38.09
1386,272711869,1.95,-25.88,-1004.88,-1.34,-0.85,0.37,38.24
1387,272715926,0.49,-24.90,-997.07,-1.10,-0.49,0.30,38.00
1388,272719976,4.88,-21.97,-995.61,-1.22,-0.98,0.18,38.19
1389,272725770,-2.44,-26.86,-1002.44,-1.16,-0.73,0.24,38.19
1390,272729820,2.93,-23.93,-998.54,-1.16,-0.67,0.24,38.09
1391,272733869,1.46,-25.88,-996.58,-0.98,-0.98,0.12,37.90
1392,272737926,1.95,-22.46,-998.05,-0.98,-0.91,0.12,38.19
1393,272741976,0.98,-23.93,-1000.98,-1.16,-0.73,0.12,38.09
1394,272747770,0.49,-23.44,-1002.44,-0.91,-0.61,0.24,38.24
1395,272751820,4.39,-25.39,-998.54,-1.10,-0.73,0.12,38.24
1396,272755869,-1.46,-25.39,-1001.95,-1.28,-0.85,0.12,38.33
1397,272759926,1.46,-21.97,-1000.49,-1.04,-0.30,0.30,38.05
1398,272763976,5.86,-29.30,-999.02,-1.46,-0.61,0.30,38.09
1399,272769770,0.00,-22.46,-994.14,-0.98,-0.98,0.30,38.09
1400,272773820,-1.46,-25.88,-998.54,-0.85,-0.73,0.30,38.05
1401,272777869,3.42,-24.41,-999.02,-1.04,-0.30,0.30,38.05
1402,272781926,2.93,-24.41,-997.07,-1.10,-0.67,0.24,38.33
1403,272785976,5.37,-28.32,-997.07,-0.91,-0.73,0.18,38.33
1404,272791770,1.95,-26.37,-997.56,-1.10,-0.73,0.49,38.09
1405,272795820,3.91,-23.93,-995.61,-1.16,-0.49,0.06,38.33
1406,272799869,1.46,-23.44,-998.54,-0.98,-0.67,0.18,38.33
1407,272803926,0.00,-29.30,-996.58,-1.22,-0.79,0.18,38.19
1408,272807976,-0.49,-23.44,-999.02,-1.16,-0.61,0.30,38.05
1409,272813770,3.42,-26.37,-998.54,-1.22,-0.55,0.12,38.33
1410,272817820,5.37,-27.34,-994.63,-1.28,-0.55,0.30,38.09
1411,272821869,3.42,-30.27,-998.05,-1.22,-0.67,0.37,38.24
1412,272825927,3.91,-24.90,-998.54,-1.04,-0.67,0.18,38.52
1413,272829976,0.00,-21.48,-995.12,-0.91,-0.79,0.30,38.19
1414,272835770,1.95,-24.41,-997.56,-1.10,-0.85,-0.06,38.24
1415,272839820,0.49,-26.37,-996.58,-1.10,-0.73,0.37,38.24
1416,272843869,2.44,-27.34,-1000.98,-1.10,-0.61,0.12,38.24
1417,272847926,4.39,-21.97,-995.12,-1.10,-0.55,0.06,38.24
1418,272851976,1.95,-21.00,-995.61,-1.10,-0.85,0.18,38.19
1419,272857770,1.46,-26.86,-996.58,-1.22,-0.79,0.30,38.09
1420,272861820,-1.95,-24.90,-992.19,-0.85,-0.67,0.30,38.24
1421,272865869,0.49,-22.46,-1000.49,-1.16,-0.91,0.43,38.09
1422,272869926,3.42,-27.34,-996.58,-1.16,-0.55,0.24,38.33
1423,272875770,0.98,-24.41,-1000.49,-1.34,-0.73,0.06,38.33
1424,272879820,1.95,-23.44,-993.65,-1.22,-0.67,0.37,37.85
1425,272883869,2.93,-25.39,-996.58,-1.22,-0.85,0.12,38.43
1426,272887926,-1.95,-23.44,-1001.46,-1.16,-0.79,0.30,38.24
1427,272891976,1.46,-22.95,-997.56,-1.16,-0.79,0.30,38.33
1428,272897770,4.39,-24.41,-998.54,-1.28,-0.73,0.18,38.05
1429,272901820,0.98,-23.44,-997.07,-0.91,-0.91,0.12,38.05
1430,272905869,-5.86,-22.46,-1001.46,-1.22,-0.67,0.18,38.38
1431,272909926,-0.49,-22.46,-997.07,-0.85,-0.85,0.37,38.09
1432,272913976,4.39,-24.90,-997.07,-0.98,-0.55,0.18,38.00
1433,272919770,-0.98,-27.83,-998.05,-1.10,-0.73,0.55,38.33
1434,272923820,2.93,-25.39,-996.58,-0.98,-0.55,0.24,38.19
1435,272927869,-0.49,-26.86,-993.16,-1.28,-0.67,0.37,38.09
1436,272931926,-2.44,-26.86,-994.14,-1.10,-0.79,0.24,38.24
1437,272935976,-2.93,-27.34,-998.54,-0.91,-0.91,0.37,38.38
1438,272941770,1.46,-25.88,-1001.46,-1.22,-0.55,0.24,38.00
1439,272945820,1.46,-24.90,-997.56,-1.10,-0.79,0.12,38.09
1440,272949869,3.42,-25.39,-998.54,-0.85,-0.79,0.18,38.00
1441,272953926,0.98,-30.27,-999.02,-1.16,-0.79,0.12,38.33
1442,272957976,-2.44,-24.41,-997.56,-1.22,-0.61,0.00,38.09
1443,272963770,2.44,-23.93,-996.09,-1.10,-0.61,0.12,38.09
1444,272967820,-4.39,-22.95,-996.58,-1.10,-0.79,0.12,38.33
1445,272971869,-1.95,-22.95,-1000.00,-0.98,-0.61,0.30,37.90
1446,272975926,3.42,-25.88,-994.63,-1.28,-0.67,0.24,38.00
1447,272979976,2.44,-22.95,-992.68,-1.04,-0.91,0.49,38.19
1448,272985770,-0.98,-28.32,-997.07,-1.04,-1.10,0.37,38.19
1449,272989820,1.95,-25.88,-1000.98,-1.16,-0.85,0.37,38.05
1450,272993869,1.95,-27.34,-1000.98,-1.04,-0.61,0.24,38.09
1451,272997926,0.98,-23.44,-998.05,-0.91,-0.73,0.18,38.09
1452,273001976,2.93,-23.93,-997.56,-0.91,-0.91,0.37,38.24
1453,273007770,3.42,-26.86,-999.51,-1.28,-0.79,0.12,38.05
1454,273011820,0.49,-25.88,-994.14,-1.04,-0.67,0.37,38.19
1455,273015869,1.46,-26.86,-998.05,-1.10,-0.85,0.43,38.09
1456,273019927,3.42,-28.81,-999.51,-1.28,-0.73,0.43,38.38
1457,273023976,2.93,-26.37,-1000.00,-1.22,-0.61,0.24,38.43
1458,273029770,1.95,-23.44,-997.07,-1.10,-0.79,0.18,38.33
1459,273033820,1.46,-23.44,-998.05,-1.22,-0.85,0.24,38.09
1460,273037869,-2.93,-20.51,-999.51,-1.10,-1.04,0.12,38.19
1461,273041926,8.79,-24.90,-997.07,-1.22,-0.61,0.24,38.09
1462,273045976,6.84,-21.97,-996.58,-0.85,-0.79,0.12,38.19
1463,273051770,0.49,-24.41,-999.02,-1.04,-0.85,0.24,38.24
1464,273055820,2.44,-24.41,-998.54,-1.04,-0.55,0.37,38.43
1465,273059869,1.95,-21.48,-999.51,-0.98,-0.98,0.18,38.00
1466,273063926,2.44,-21.00,-1000.00,-0.91,-0.91,0.24,38.19
1467,273067976,0.98,-25.88,-995.61,-0.98,-0.85,0.37,38.19
1468,273073770,-0.98,-21.48,-1003.91,-1.16,-0.85,0.12,38.33
1469,273077820,2.93,-21.00,-998.54,-1.10,-0.49,0.37,38.09
1470,273081869,0.00,-28.81,-997.56,-0.85,-0.85,0.24,38.24
1471,273085926,2.44,-23.93,-999.51,-0.98,-0.67,0.24,38.00
1472,273091770,-1.46,-22.95,-1000.00,-1.16,-0.67,0.37,38.52
1473,273095820,4.39,-23.93,-994.63,-0.85,-0.79,0.43,38.09
1474,273099869,0.98,-29.79,-997.56,-0.98,-0.73,0.12,38.00
1475,273103926,1.46,-26.86,-998.54,-1.04,-0.67,0.24,38.19
1476,273107976,-2.93,-22.95,-998.05,-1.34,-0.67,0.30,37.90
1477,273113770,1.46,-21.48,-998.54,-1.04,-0.61,0.24,38.43
1478,273117820,0.00,-26.37,-997.56,-1.16,-0.73,0.24,38.09
1479,273121869,1.95,-27.83,-997.07,-1.04,-0.61,0.30,38.19
1480,273125926,4.39,-22.95,-997.56,-1.28,-0.79,0.24,38.24
1481,273129976,3.91,-24.41,-998.54,-1.22,-0.98,0.18,38.09
1482,273135770,2.93,-31.25,-995.12,-1.40,-1.04,0.30,38.19
1483,273139820,-2.44,-25.39,-1000.49,-0.98,-0.61,0.18,38.19
1484,273143869,4.39,-24.41,-995.61,-1.16,-0.73,0.24,38.24
1485,273147926,0.00,-23.93,-998.05,-1.22,-0.79,0.37,38.38
1486,273151976,-2.44,-23.93,-997.07,-1.16,-0.98,0.43,38.05
1487,273157770,0.49,-23.44,-998.54,-0.91,-0.49,0.12,38.00
1488,273161820,-1.95,-23.93,-993.65,-1.34,-0.73,0.49,38.43
1489,273165869,3.91,-25.88,-996.09,-1.34,-0.91,0.37,38.05
1490,273169926,3.91,-25.39,-996.58,-0.91,-0.61,0.30,38.00
1491,273173976,4.39,-28.81,-996.09,-1.10,-0.55,0.18,38.09
1492,273179770,4.88,-21.48,-996.58,-1.16,-0.73,0.18,38.19
1493,273183820,-0.49,-28.81,-996.58,-1.22,-0.67,0.12,38.24
1494,273187869,0.98,-25.88,-1001.46,-1.04,-0.67,0.30,38.05
1495,273191926,-0.98,-21.48,-998.05,-1.10,-0.61,0.12,38.38
1496,273195976,-0.49,-23.93,-997.07,-1.16,-0.85,0.24,38.19
1497,273201770,2.44,-27.83,-998.05,-1.10,-0.73,0.18,38.24
1498,273205820,0.49,-25.88,-998.05,-0.85,-0.61,0.12,38.38
1499,273209869,7.81,-26.86,-999.51,-1.16,-0.79,0.30,38.24
1500,273213926,2.93,-26.86,-995.61,-1.04,-0.85,0.24,38.05
1501,273217976,-0.49,-24.41,-1001.95,-1.04,-0.79,0.49,38.19
1502,273223770,-1.46,-25.88,-999.51,-1.10,-0.85,0.30,38.33
1503,273227820,-1.46,-21.00,-993.65,-1.04,-0.67,0.24,38.43
1504,273231869,0.49,-24.90,-1001.46,-0.98,-0.67,0.18,37.85
1505,273235926,2.44,-23.44,-997.07,-1.10,-0.49,0.18,38.09
1506,273239976,6.84,-25.39,-999.02,-1.10,-0.73,0.37,38.05
1507,273245770,0.98,-24.41,-994.14,-1.10,-0.73,0.18,38.33
1508,273249820,-4.39,-28.81,-996.09,-1.28,-0.85,0.37,38.00
1509,273253869,2.44,-23.44,-1001.95,-1.22,-0.55,0.06,38.19
1510,273257926,-0.49,-30.27,-998.54,-1.16,-0.73,0.30,38.19
1511,273261976,-2.44,-20.51,-992.68,-0.98,-0.67,0.12,38.19
1512,273267770,-0.49,-24.90,-995.61,-0.98,-0.98,0.18,38.24
1513,273271820,-0.49,-26.86,-1000.00,-1.22,-0.73,0.30,38.33
1514,273275869,3.91,-27.34,-995.12,-1.04,-0.73,0.06,38.24
1515,273279926,1.46,-27.34,-994.63,-0.98,-1.04,0.37,38.19
1516,273285770,0.98,-27.34,-1000.00,-1.16,-0.67,0.24,37.90
1517,273289820,2.44,-23.93,-1000.98,-1.28,-0.73,0.18,38.05
1518,273293869,-0.98,-26.37,-993.65,-0.91,-0.79,0.24,38.19
1519,273297926,-1.95,-25.88,-996.09,-0.98,-0.98,0.30,38.43
1520,273301976,3.91,-24.41,-997.56,-0.91,-0.55,0.24,38.19
1521,273306025,1.46,-19.53,-1000.00,-0.91,-0.43,0.24,38.19
1522,273311770,3.42,-21.48,-994.63,-1.04,-0.73,0.37,38.09
1523,273315820,1.95,-26.37,-998.05,-1.16,-0.67,0.12,38.33
1524,273319869,0.49,-21.48,-1004.39,-1.16,-0.37,0.30,38.33
1525,273323926,0.49,-21.48,-995.12,-0.98,-0.61,0.30,38.38
1526,273329770,7.81,-21.48,-993.65,-1.04,-0.85,0.30,38.43
1527,273333820,-0.98,-24.90,-1001.95,-1.16,-0.73,0.18,38.33
1528,273337869,4.39,-25.39,-999.02,-0.85,-0.49,0.49,38.33
1529,273341926,2.93,-22.46,-990.72,-1.10,-0.79,0.18,38.38
1530,273345976,-0.98,-24.90,-999.02,-1.22,-0.85,0.12,38.19
1531,273351770,-4.39,-23.93,-999.02,-1.10,-0.79,0.18,38.24
1532,273355820,1.46,-28.81,-998.54,-1.34,-0.55,0.06,38.33
1533,273359869,0.98,-25.39,-994.14,-1.04,-0.85,0.24,38.24
1534,273363926,-3.42,-23.93,-999.51,-1.16,-0.98,0.43,38.00
1535,273367976,-1.95,-27.83,-1000.49,-1.22,-0.85,0.30,38.00
1536,273373770,5.37,-25.88,-1000.49,-1.22,-0.43,0.43,38.19
1537,273377820,-1.95,-18.07,-993.16,-0.98,-0.73,0.12,38.19
1538,273381869,2.44,-26.37,-996.09,-0.85,-0.91,0.30,38.00
1539,273385927,0.98,-22.46,-1001.46,-0.91,-0.37,0.18,38.24
1540,273389976,1.46,-25.88,-995.61,-1.10,-0.49,0.24,38.33
1541,273395770,4.39,-21.00,-997.07,-1.28,-0.85,0.37,38.43
1542,273399820,1.46,-26.37,-1000.00,-1.04,-0.85,0.24,38.09
1543,273403869,3.42,-21.97,-997.56,-0.98,-0.49,0.06,38.00
1544,273407926,1.95,-25.88,-997.07,-1.04,-0.49,0.18,38.05
1545,273411976,2.93,-21.97,-997.56,-1.16,-0.91,0.18,38.24
1546,273417770,-2.93,-25.88,-994.14,-1.16,-0.79,0.24,38.33
1547,273421820,3.42,-29.30,-998.54,-0.98,-0.67,0.30,38.43
1548,273425869,5.37,-24.90,-993.65,-1.04,-0.73,0.12,38.19
1549,273429926,2.44,-23.93,-998.54,-1.22,-1.04,0.37,38.09
1550,273433976,-2.44,-27.83,-994.63,-0.98,-0.61,0.12,38.05
1551,273439770,2.93,-26.37,-999.02,-1.10,-0.37,0.24,38.05
1552,273443820,1.95,-21.00,-996.58,-1.16,-0.91,0.30,37.85
1553,273447869,-0.98,-28.32,-997.07,-1.04,-0.85,0.18,38.19
1554,273451926,1.46,-19.53,-1001.95,-1.34,-0.49,0.24,38.09
1555,273455976,4.39,-20.02,-997.07,-1.16,-0.79,0.12,38.19
1556,273461770,1.95,-25.39,-996.09,-0.85,-0.91,0.12,38.19
1557,273465820,0.49,-23.93,-1002.44,-1.10,-0.67,0.18,38.24
1558,273469869,0.98,-25.39,-1003.91,-1.04,-0.79,0.30,38.24
1559,273473926,3.91,-26.37,-997.07,-1.22,-0.67,0.24,37.85
1560,273477976,3.42,-26.37,-992.68,-1.10,-0.49,0.43,38.24
1561,273483770,-2.93,-27.83,-996.09,-0.98,-0.79,0.18,38.72
1562,273487820,0.98,-21.97,-996.09,-1.16,-0.79,0.18,38.05
1563,273491869,-0.98,-22.46,-996.58,-1.04,-0.79,0.24,38.00
1564,273495926,-6.35,-29.30,-997.56,-1.10,-1.04,0.18,37.85
1565,273501770,-2.44,-26.86,-1002.44,-0.73,-0.85,0.24,38.24
1566,273505820,-0.98,-25.39,-994.63,-1.10,-0.61,0.37,38.05
1567,273509869,0.49,-23.93,-1001.95,-1.28,-0.55,0.43,38.19
1568,273513926,0.49,-26.86,-998.05,-1.16,-0.91,0.12,38.09
1569,273517976,3.91,-21.48,-999.02,-1.04,-0.67,0.18,37.90
1570,273523770,2.44,-23.44,-1000.49,-1.34,-0.91,0.37,37.90
1571,273527820,-0.98,-28.81,-997.07,-0.91,-0.61,0.00,38.19
1572,273531869,1.95,-21.97,-998.05,-1.22,-0.61,0.24,38.09
1573,273535926,3.91,-25.39,-996.09,-1.22,-0.79,0.24,38.33
1574,273539976,2.44,-20.02,-1000.00,-1.16,-0.61,0.37,38.00
1575,273545770,2.44,-22.46,-997.07,-0.98,-0.73,0.00,38.05
1576,273549820,1.46,-22.95,-1003.91,-1.10,-0.55,0.30,38.19
1577,273553869,-2.93,-27.34,-997.07,-1.10,-0.67,0.30,38.33
1578,273557926,-0.49,-23.93,-996.58,-0.91,-0.91,0.24,38.24
1579,273561976,-3.42,-27.34,-1000.00,-1.22,-0.73,0.24,38.24
1580,273567770,0.98,-27.34,-1005.86,-1.04,-0.67,0.30,38.19
1581,273571820,2.93,-22.46,-998.05,-1.34,-0.67,0.24,38.24
1582,273575869,1.46,-24.90,-998.05,-1.04,-0.79,0.55,38.05
1583,273579927,-4.88,-25.88,-995.12,-1.10,-0.61,0.37,38.09
1584,273583976,0.49,-23.93,-1000.98,-0.98,-0.61,0.49,38.38
1585,273589770,3.42,-24.41,-998.05,-1.10,-0.67,0.43,38.09
1586,273593820,2.44,-21.00,-999.02,-1.04,-0.98,0.30,38.00
1587,273597869,0.00,-20.51,-998.54,-1.16,-0.73,0.00,38.00
1588,273601926,3.42,-22.46,-999.02,-1.28,-0.49,0.37,38.19
1589,273605976,2.93,-23.44,-1000.00,-0.79,-0.49,0.12,38.24
1590,273611770,1.95,-28.32,-994.14,-1.04,-0.67,0.18,38.24
1591,273615820,-0.49,-27.34,-999.02,-0.91,-0.49,0.06,38.19
1592,273619869,2.93,-26.37,-1000.00,-1.16,-0.43,0.37,38.09
1593,273623926,-2.44,-22.46,-996.58,-1.04,-0.73,0.30,38.19
1594,273627976,-0.49,-28.32,-995.12,-1.04,-0.73,0.30,38.09
1595,273633770,0.49,-21.97,-999.02,-1.10,-0.91,0.18,38.19
1596,273637820,6.35,-25.39,-996.09,-0.85,-0.55,0.24,38.33
1597,273641869,1.95,-23.44,-996.09,-1.10,-0.67,0.30,38.19
1598,273645926,0.49,-20.02,-1000.49,-0.91,-0.85,0.43,38.43
1599,273649976,-0.49,-22.95,-1001.95,-1.28,-0.49,0.30,38.00
1600,273655770,0.49,-20.02,-995.61,-1.22,-0.49,0.37,38.05
1601,273659820,2.93,-23.93,-997.07,-0.91,-0.91,0.24,38.38
1602,273663869,0.00,-22.46,-999.02,-1.28,-0.55,0.30,38.09
1603,273667926,1.95,-23.93,-1001.95,-1.04,-0.43,0.12,38.09
1604,273671976,3.91,-21.48,-999.02,-1.04,-0.79,0.37,38.43
1605,273677770,3.42,-23.93,-990.72,-0.98,-0.73,0.18,38.33
1606,273681820,-0.49,-25.39,-999.02,-1.10,-0.61,0.30,38.24
1607,273685869,-0.98,-24.90,-999.02,-1.10,-0.61,0.49,38.24
1608,273689926,2.44,-25.39,-999.51,-1.16,-0.67,0.24,37.85
1609,273693976,-2.93,-21.97,-994.14,-1.16,-0.85,0.37,38.09
1610,273699770,-1.95,-18.07,-999.02,-1.10,-0.67,0.37,38.33
1611,273703820,0.00,-22.46,-995.61,-1.10,-0.55,0.30,38.09
1612,273707869,2.93,-28.81,-997.56,-1.10,-0.73,0.43,38.24
1613,273711927,-1.46,-29.79,-995.61,-1.04,-0.91,0.12,38.05
1614,273717770,1.46,-21.00,-1000.00,-1.10,-0.43,0.30,38.24
1615,273721820,6.84,-24.90,-993.65,-1.28,-0.67,0.43,37.71
1616,273725869,1.46,-21.48,-994.14,-1.28,-0.61,0.24,38.19
1617,273729926,2.44,-30.27,-1000.49,-1.16,-0.67,0.18,37.90
1618,273733976,4.39,-24.41,-998.05,-1.22,-0.37,0.12,37.85
1619,273739770,2.44,-26.37,-997.07,-1.10,-0.73,0.30,38.00
1620,273743820,5.37,-25.88,-997.07,-1.04,-0.91,0.12,38.19
1621,273747869,2.44,-28.81,-998.05,-1.16,-0.55,0.43,38.19
1622,273751926,1.95,-24.41,-999.51,-1.04,-0.49,0.30,38.38
1623,273755976,1.46,-25.39,-999.02,-0.73,-0.61,0.24,38.00
1624,273761770,-7.32,-24.90,-994.14,-1.22,-1.16,0.37,38.19
1625,273765820,3.91,-22.95,-1002.93,-1.40,-0.73,0.37,38.05
1626,273769869,1.46,-24.41,-1000.00,-1.16,-0.61,0.24,38.43
1627,273773926,1.46,-25.88,-998.54,-1.10,-0.61,0.30,38.09
1628,273777976,-0.49,-20.02,-994.63,-1.16,-0.98,0.24,38.19
1629,273783770,-1.95,-21.00,-1001.46,-1.16,-0.73,0.12,38.19
1630,273787820,-0.49,-26.37,-997.07,-1.28,-0.67,0.12,38.00
1631,273791869,2.44,-23.93,-993.65,-1.22,-0.85,0.49,38.00
1632,273795927,-1.46,-23.44,-1000.98,-1.04,-1.10,0.30,38.33
1633,273799976,0.49,-24.41,-1000.49,-1.10,-0.55,0.18,38.24
1634,273805770,1.95,-19.53,-1000.98,-1.16,-0.67,0.24,38.43
1635,273809820,-1.95,-25.88,-992.19,-1.04,-0.79,0.18,37.85
1636,273813869,-2.93,-22.95,-998.54,-1.16,-0.67,0.24,38.19
1637,273817926,5.37,-25.88,-1000.98,-1.04,-0.43,0.18,38.19
1638,273821976,1.46,-26.37,-1001.95,-1.16,-0.73,0.24,38.09
1639,273827770,0.98,-30.76,-996.09,-0.91,-0.85,0.30,38.19
1640,273831820,-2.93,-26.86,-996.58,-1.10,-0.61,0.37,38.24
1641,273835869,2.93,-23.93,-1000.00,-0.98,-0.55,0.37,38.24
1642,273839926,6.35,-23.93,-998.05,-1.10,-1.04,0.30,38.19
1643,273843976,2.44,-29.30,-995.12,-1.16,-0.98,0.24,38.00
1644,273849770,-3.42,-25.39,-997.07,-1.16,-0.67,0.24,38.38
1645,273853820,4.39,-25.39,-999.51,-1.16,-0.43,0.30,38.09
1646,273857869,4.88,-24.90,-996.58,-0.85,-0.67,0.37,38.19
1647,273861926,-1.95,-27.83,-998.54,-1.22,-1.10,0.12,38.24
1648,273865976,0.98,-30.76,-997.07,-1.22,-0.73,0.30,38.33
1649,273871770,3.42,-24.90,-997.07,-1.28,-0.49,0.49,38.33
1650,273875820,2.44,-21.97,-999.02,-1.16,-0.61,0.37,38.19
1651,273879869,-2.44,-26.86,-996.58,-1.16,-1.04,0.12,38.19
1652,273883926,0.98,-24.90,-1000.00,-1.16,-0.61,0.43,37.71
1653,273887976,5.37,-25.88,-999.51,-1.16,-0.43,0.30,38.09
1654,273893770,3.42,-23.44,-997.07,-1.22,-0.73,0.12,38.24
1655,273897820,0.00,-25.39,-997.56,-1.16,-0.73,0.43,38.19
1656,273901869,1.95,-21.97,-997.07,-1.22,-0.67,0.43,38.24
1657,273905926,2.44,-23.44,-993.65,-0.98,-0.79,0.24,38.09
1658,273909976,6.35,-22.46,-993.16,-1.04,-0.85,0.37,38.05
1659,273915770,0.98,-23.44,-999.51,-1.28,-0.79,0.24,38.09
1660,273919820,0.98,-21.97,-998.54,-1.16,-0.73,0.18,38.33
1661,273923869,1.95,-23.93,-992.19,-0.98,-0.67,0.12,38.09
1662,273927926,0.49,-25.39,-996.09,-1.22,-0.73,0.30,37.85
1663,273933770,0.00,-23.93,-1000.49,-1.28,-0.79,0.30,38.24
1664,273937820,2.44,-23.44,-999.02,-0.79,-0.79,0.12,38.05
1665,273941869,3.42,-27.83,-997.56,-0.98,-0.73,0.24,38.09
1666,273945927,-0.98,-25.39,-998.54,-1.22,-0.85,-0.06,38.33
1667,273949976,1.95,-25.39,-1000.49,-1.28,-0.79,0.18,38.00
1668,273955770,3.42,-24.90,-997.56,-1.22,-0.61,0.49,38.33
1669,273959820,0.98,-26.37,-993.65,-1.16,-0.79,0.06,38.33
1670,273963869,0.00,-24.41,-1001.46,-1.10,-0.73,0.06,38.19
1671,273967926,-1.95,-24.90,-1004.88,-0.91,-0.67,0.12,38.43
1672,273971976,1.46,-30.27,-995.61,-0.91,-0.67,0.18,38.00
1673,273977770,0.49,-22.46,-1000.49,-1.22,-0.91,0.12,38.24
1674,273981820,3.42,-28.81,-998.54,-1.10,-0.67,0.30,38.00
1675,273985869,-1.46,-25.39,-1000.00,-1.34,-0.61,0.18,38.09
1676,273989927,1.95,-21.48,-999.02,-1.04,-0.67,0.37,38.05
1677,273993976,-0.98,-22.95,-997.56,-1.10,-0.79,0.12,38.38
1678,273999770,-0.98,-24.90,-999.51,-1.34,-0.73,0.12,38.33
1679,274003820,2.44,-21.97,-999.51,-1.28,-0.61,0.18,38.09
1680,274007869,0.49,-22.95,-998.54,-0.91,-0.73,0.24,37.90
1681,274011926,-0.98,-20.51,-996.09,-1.16,-0.79,0.12,38.09
1682,274015976,0.49,-23.93,-998.05,-1.10,-0.55,0.12,38.19
1683,274021770,2.44,-23.93,-997.56,-1.10,-0.79,0.24,38.19
1684,274025820,-2.44,-27.34,-999.02,-1.04,-0.85,0.43,38.33
1685,274029869,-1.46,-25.88,-1002.93,-1.22,-0.73,0.12,37.85
1686,274033926,-0.49,-26.37,-1004.39,-1.22,-0.67,0.24,38.33
1687,274037976,2.93,-25.39,-998.05,-1.10,-0.79,0.37,38.33
1688,274043770,2.44,-26.37,-1000.98,-1.28,-0.79,0.24,38.24
1689,274047820,0.00,-27.83,-997.07,-1.22,-0.79,0.12,38.33
1690,274051869,5.37,-24.90,-991.70,-0.91,-0.73,0.06,38.24
1691,274055926,1.95,-26.37,-995.61,-0.98,-0.79,0.18,38.05
1692,274059976,-1.46,-26.86,-997.56,-1.28,-1.10,0.30,38.19
1693,274065770,0.98,-26.86,-998.54,-1.28,-0.55,0.30,38.33
1694,274069820,5.86,-25.88,-997.56,-0.91,-0.73,0.06,38.24
1695,274073869,0.00,-24.41,-998.54,-1.10,-0.67,0.30,38.33
1696,274077926,5.37,-25.39,-999.51,-1.22,-0.79,-0.12,38.33
1697,274081976,0.98,-24.41,-1001.46,-1.04,-0.55,0.49,38.43
1698,274087770,2.93,-25.88,-997.07,-1.16,-0.67,0.30,38.05
1699,274091820,-0.49,-25.88,-997.07,-0.79,-1.04,0.30,38.33
1700,274095869,1.95,-29.79,-1001.95,-1.40,-0.67,0.12,38.09
1701,274099926,4.39,-29.30,-993.65,-1.22,-0.49,0.18,38.05
1702,274103976,5.86,-19.04,-1000.49,-0.91,-0.85,0.37,38.24
1703,274109770,-3.91,-28.81,-997.07,-1.10,-0.73,0.24,38.19
1704,274113820,-2.93,-26.86,-1001.95,-1.40,-0.43,0.06,38.43
1705,274117869,1.46,-22.95,-997.07,-1.04,-0.37,0.37,38.38
1706,274121926,0.49,-27.34,-997.56,-0.98,-0.91,0.30,38.33
1707,274127770,0.00,-27.83,-994.63,-1.04,-1.10,0.37,38.05
1708,274131820,0.00,-26.86,-1006.35,-0.98,-0.43,0.12,38.33
1709,274135869,-7.81,-23.93,-996.09,-1.16,-0.49,0.30,38.24
1710,274139926,2.44,-23.93,-996.09,-1.22,-0.55,0.30,38.19
1711,274143976,2.93,-27.34,-999.02,-1.10,-0.85,0.24,38.19
1712,274148025,1.95,-28.81,-1001.95,-1.22,-0.49,0.49,38.33
1713,274153770,0.00,-24.90,-999.02,-1.28,-0.61,0.37,38.09
1714,274157820,2.44,-26.86,-997.56,-0.91,-0.85,0.06,38.19
1715,274161869,-0.49,-24.41,-1000.49,-1.04,-0.98,0.37,38.38
1716,274165926,1.46,-21.48,-998.05,-1.10,-0.61,0.30,38.05
1717,274171770,8.30,-25.88,-998.54,-0.91,-0.73,0.49,38.09
1718,274175820,-0.49,-21.97,-999.02,-0.85,-0.98,0.18,38.38
1719,274179869,3.42,-28.32,-998.05,-1.34,-0.73,0.55,38.43
1720,274183926,5.37,-24.41,-1001.46,-1.28,-0.61,0.12,38.05
1721,274187976,0.98,-27.83,-998.54,-1.34,-0.79,0.18,38.24
1722,274193770,3.42,-28.32,-1000.98,-1.28,-0.85,0.30,38.09
1723,274197820,-4.88,-25.39,-1001.46,-1.28,-0.79,0.12,38.24
1724,274201869,-0.98,-22.46,-995.61,-1.16,-0.73,0.24,38.05
1725,274205926,2.44,-26.86,-996.58,-0.91,-0.73,0.18,38.33
1726,274209976,-3.42,-24.41,-1000.98,-1.10,-1.16,0.55,38.00
1727,274215770,-2.44,-26.86,-1000.00,-1.10,-0.67,0.12,38.38
1728,274219820,0.98,-25.39,-999.02,-1.10,-0.61,0.12,38.43
1729,274223869,-1.46,-23.44,-996.58,-1.04,-0.85,0.24,38.00
1730,274227926,4.39,-24.90,-999.51,-1.04,-0.85,0.30,38.00
1731,274231976,0.49,-27.34,-995.12,-1.22,-0.49,0.18,38.24
1732,274237770,5.37,-25.88,-1001.95,-0.98,-0.85,0.43,38.24
1733,274241820,0.00,-28.32,-999.02,-0.98,-0.73,0.18,38.19
1734,274245869,0.00,-25.88,-998.05,-1.04,-0.85,0.06,38.05
1735,274249926,0.49,-26.86,-998.54,-0.98,-0.73,0.24,38.33
1736,274253976,2.44,-27.34,-996.09,-1.22,-0.61,0.30,38.52
1737,274259770,-1.46,-27.34,-997.07,-1.04,-0.91,0.18,38.09
1738,274263820,-2.44,-29.79,-998.54,-1.16,-0.67,0.00,38.24
1739,274267869,1.95,-24.90,-997.07,-1.10,-0.73,0.06,38.38
1740,274271926,-2.44,-30.27,-999.51,-1.40,-0.91,0.18,38.19
1741,274275976,-9.28,-26.37,-998.54,-1.28,-0.79,0.24,38.52
1742,274281770,1.46,-23.93,-1000.00,-1.10,-0.79,0.37,38.24
1743,274285820,1.95,-27.34,-1000.49,-1.04,-0.49,0.55,38.05
1744,274289869,2.44,-24.90,-995.61,-1.22,-0.73,0.24,38.24
1745,274293926,-1.95,-25.88,-995.61,-1.10,-0.67,0.37,38.24
1746,274297976,1.95,-23.93,-999.51,-1.04,-0.55,0.12,38.38
1747,274303770,0.00,-22.46,-1000.00,-1.22,-0.85,0.37,38.00
1748,274307820,2.44,-20.51,-1000.00,-1.16,-0.67,0.49,38.05
1749,274311869,2.93,-21.00,-1001.46,-0.91,-0.67,0.18,38.19
1750,274315926,2.44,-24.90,-1002.93,-1.16,-0.55,0.30,37.90
1751,274319976,3.91,-21.00,-997.56,-0.98,-0.79,0.18,38.05
1752,274325770,0.00,-26.86,-994.14,-1.10,-0.73,0.30,38.19
1753,274329820,0.49,-27.34,-999.02,-1.28,-0.79,0.30,38.24
1754,274333869,-0.49,-21.48,-1001.46,-1.16,-0.79,0.18,38.24
1755,274337926,-0.98,-30.27,-995.12,-1.16,-0.61,0.30,38.00
1756,274343770,-0.98,-26.86,-996.09,-1.10,-0.91,0.43,38.33
1757,274347820,-0.98,-24.90,-996.58,-0.91,-0.43,0.18,38.19
1758,274351869,4.39,-26.37,-998.05,-1.10,-0.85,0.06,38.00
1759,274355926,-3.42,-25.88,-994.14,-1.22,-0.79,0.43,38.19
1760,274359976,1.95,-25.39,-999.51,-1.22,-0.73,0.24,38.19
1761,274365770,6.35,-21.48,-994.14,-1.04,-0.49,0.18,38.00
1762,274369820,-0.49,-23.93,-995.12,-1.40,-0.98,0.12,38.19
1763,274373869,4.88,-28.81,-998.54,-1.04,-0.85,0.18,38.33
1764,274377926,5.86,-25.88,-999.02,-1.16,-0.91,0.37,38.52
1765,274381976,3.42,-21.00,-998.05,-1.16,-0.43,0.24,38.19
1766,274387770,0.98,-21.00,-995.12,-0.85,-0.55,0.24,38.24
1767,274391820,-2.93,-24.41,-1000.49,-1.10,-0.85,0.12,38.33
1768,274395869,-1.95,-22.95,-1000.49,-1.10,-0.61,0.24,38.09
1769,274399927,1.46,-21.97,-995.12,-0.98,-0.55,-0.12,38.24
1770,274403976,0.98,-26.37,-997.07,-0.55,-0.79,0.24,38.19
1771,274409770,-3.91,-22.46,-997.07,-1.16,-0.79,0.30,38.19
1772,274413820,0.98,-24.90,-996.09,-1.10,-0.37,0.12,38.00
1773,274417869,-0.49,-27.83,-1000.49,-0.98,-0.55,0.24,38.05
1774,274421926,0.49,-23.93,-999.02,-0.91,-0.73,0.55,38.33
1775,274425976,3.42,-29.30,-1000.00,-0.98,-0.79,0.24,38.19
1776,274431770,-4.39,-28.32,-1001.95,-1.28,-0.61,0.06,38.33
1777,274435820,2.44,-22.95,-997.56,-1.04,-0.85,0.37,38.19
1778,274439869,0.00,-25.39,-994.14,-1.04,-1.04,0.55,37.90
1779,274443926,1.95,-22.95,-1000.00,-1.22,-0.73,0.30,38.19
1780,274447976,0.49,-24.41,-998.05,-0.85,-0.61,0.00,38.24
1781,274453770,3.91,-25.88,-999.51,-0.98,-0.67,0.49,38.43
1782,274457820,-1.46,-28.81,-1000.00,-0.98,-0.79,0.18,38.33
1783,274461869,0.00,-26.86,-998.05,-1.22,-0.61,0.12,38.09
1784,274465926,2.44,-25.39,-996.09,-0.98,-0.73,0.00,38.19
1785,274469976,0.98,-23.93,-994.14,-1.10,-0.91,0.30,38.09
1786,274475770,-2.44,-24.41,-997.56,-0.91,-0.79,0.18,38.19
1787,274479820,4.88,-21.97,-996.09,-1.04,-0.73,0.18,38.19
1788,274483869,1.46,-26.37,-999.51,-1.22,-0.79,0.24,38.33
1789,274487926,-2.44,-28.32,-999.02,-0.73,-1.10,0.61,38.33
1790,274491976,6.84,-27.34,-994.14,-0.98,-0.79,0.37,38.24
1791,274497770,0.98,-25.39,-998.54,-1.10,-0.67,0.12,38.24
1792,274501820,1.46,-28.32,-996.58,-1.10,-0.49,0.06,38.09
1793,274505869,0.98,-26.86,-996.09,-1.10,-0.79,0.24,38.19
1794,274509926,-4.39,-29.30,-996.09,-1.04,-0.85,0.24,38.05
1795,274513976,0.00,-25.88,-996.09,-1.04,-0.85,0.43,38.19
1796,274519770,-3.91,-22.95,-1000.00,-1.10,-0.61,0.30,38.33
1797,274523820,0.49,-25.39,-998.54,-1.22,-0.67,0.43,38.24
1798,274527869,-1.95,-30.27,-1002.93,-1.16,-0.37,0.24,38.00
1799,274531926,4.39,-25.88,-999.02,-1.34,-0.61,0.49,38.09
1800,274535976,-1.95,-27.83,-997.07,-0.98,-0.61,0.43,38.33
1801,274541770,0.49,-27.83,-997.07,-1.10,-0.67,0.37,38.24
1802,274545820,0.49,-26.86,-994.14,-1.22,-0.49,0.18,37.90
1803,274549869,4.39,-26.37,-999.02,-1.16,-0.73,0.06,38.05
1804,274553926,-3.91,-24.90,-995.12,-1.28,-0.91,0.18,38.05
1805,274559770,-0.49,-23.93,-1002.44,-1.22,-0.73,0.37,37.85
1806,274563820,0.98,-29.30,-996.58,-1.04,-0.37,0.37,38.05
1807,274567869,-2.44,-26.37,-994.63,-1.10,-0.67,0.18,38.19
1808,274571926,-1.95,-24.90,-999.51,-1.16,-0.67,0.24,38.09
1809,274575976,0.00,-23.44,-998.54,-0.85,-0.73,0.37,37.90
1810,274581770,4.39,-21.00,-999.51,-1.04,-0.73,0.18,38.24
1811,274585820,4.39,-22.46,-996.58,-1.10,-0.73,0.37,38.19
1812,274589869,-3.42,-25.88,-998.54,-1.16,-0.67,0.18,38.19
1813,274593927,3.91,-25.39,-999.51,-0.85,-0.85,0.12,38.19
1814,274597976,-0.49,-28.32,-998.05,-0.91,-0.85,0.18,38.05
1815,274603770,-1.95,-24.90,-997.07,-0.85,-0.73,0.30,38.09
1816,274607820,6.84,-25.88,-997.56,-0.91,-0.73,0.37,38.19
1817,274611869,0.00,-22.95,-996.58,-0.98,-0.98,0.49,38.19
1818,274615926,1.95,-21.97,-992.68,-1.10,-0.61,0.24,38.24
1819,274619976,1.46,-23.93,-999.51,-1.04,-0.73,0.37,38.33
1820,274625770,1.46,-19.04,-997.56,-1.34,-0.55,0.06,38.24
1821,274629820,4.88,-20.51,-1000.00,-0.85,-0.73,0.30,38.38
1822,274633869,2.44,-23.44,-996.09,-1.10,-0.85,0.43,37.90
1823,274637926,-0.49,-25.88,-998.05,-1.10,-0.55,0.12,38.24
1824,274641976,1.46,-23.44,-1003.91,-1.10,-0.61,0.12,38.05
1825,274647770,3.42,-24.41,-996.58,-1.16,-0.67,0.18,38.09
1826,274651820,-0.98,-25.88,-997.56,-0.91,-0.67,0.37,38.33
1827,274655869,-1.95,-28.32,-999.51,-1.04,-0.85,0.18,38.05
1828,274659926,0.49,-27.83,-995.12,-1.10,-0.79,0.06,38.09
1829,274663976,1.46,-27.34,-996.58,-1.22,-0.73,0.24,38.05
1830,274669770,2.44,-28.32,-999.02,-0.98,-0.85,0.12,38.05
1831,274673820,1.46,-29.30,-997.56,-0.98,-0.67,0.18,38.24
1832,274677869,-0.49,-23.93,-997.07,-0.91,-0.67,0.24,38.38
1833,274681926,3.91,-23.44,-994.63,-0.98,-0.85,0.61,38.33
1834,274685976,-1.46,-27.83,-994.14,-1.10,-0.85,0.30,38.09
1835,274691770,0.98,-30.76,-998.54,-0.91,-0.67,0.24,38.24
1836,274695820,3.42,-25.39,-995.61,-1.28,-0.55,0.24,38.38
1837,274699869,1.46,-29.30,-993.65,-1.04,-0.85,0.37,38.33
1838,274703927,-1.95,-26.37,-1001.95,-1.28,-1.04,0.37,38.24
1839,274707976,-0.98,-26.86,-999.02,-0.98,-0.43,0.24,38.19
1840,274713770,1.95,-24.41,-999.02,-0.98,-1.04,0.12,38.19
1841,274717820,2.44,-25.88,-996.58,-1.04,-0.91,0.49,38.00
1842,274721869,-0.98,-21.97,-1000.98,-1.22,-0.85,0.12,38.38
1843,274725926,1.46,-23.44,-999.51,-0.98,-0.37,0.12,38.00
1844,274729976,2.44,-21.48,-1000.00,-0.91,-0.85,0.49,38.24
1845,274735770,-0.98,-26.37,-1000.00,-1.10,-0.73,0.18,38.57
1846,274739820,-1.95,-25.39,-1003.42,-1.04,-0.67,0.30,38.38
1847,274743869,3.42,-20.51,-1000.49,-1.34,-0.67,0.24,38.33
1848,274747926,-6.35,-25.88,-998.05,-0.91,-0.91,0.24,38.00
1849,274751976,-1.95,-23.44,-999.51,-1.22,-0.85,0.06,38.19
1850,274757770,-1.95,-26.37,-999.51,-1.16,-0.85,0.24,38.00
1851,274761820,1.46,-22.46,-999.02,-1.16,-0.67,0.37,38.24
1852,274765869,1.95,-21.00,-998.05,-1.10,-0.91,0.24,38.19
1853,274769926,-0.49,-25.39,-997.56,-1.28,-0.73,0.12,37.90
1854,274775770,4.88,-27.83,-999.02,-1.34,-0.73,0.37,38.19
1855,274779820,5.86,-23.93,-996.58,-0.91,-0.61,0.12,38.09
1856,274783869,-0.49,-28.32,-1000.00,-1.10,-0.91,0.24,38.24
1857,274787927,1.46,-22.95,-1000.00,-1.04,-0.79,0.12,38.19
1858,274791976,-0.49,-22.95,-1001.95,-1.16,-0.73,0.12,37.71
1859,274797770,-0.98,-23.44,-996.09,-1.04,-0.73,0.12,38.00
1860,274801820,0.00,-26.86,-1000.98,-1.16,-0.79,0.24,38.24
1861,274805869,0.98,-25.39,-998.54,-1.10,-0.61,0.00,38.19
1862,274809926,0.98,-27.34,-995.61,-0.98,-0.73,-0.06,38.33
1863,274813976,0.00,-27.83,-997.07,-0.91,-0.67,0.49,38.00
1864,274819770,3.42,-28.32,-1000.98,-1.28,-0.73,0.18,38.38
1865,274823820,3.91,-23.93,-997.07,-1.22,-0.61,0.18,38.19
1866,274827869,3.91,-22.95,-1000.49,-1.16,-0.91,0.37,37.90
1867,274831926,-2.44,-25.88,-1000.00,-1.22,-0.91,0.06,38.24
1868,274835976,1.46,-25.88,-997.56,-1.04,-0.55,0.37,38.05
1869,274841770,1.95,-20.02,-998.54,-1.10,-0.37,0.24,38.24
1870,274845820,-3.42,-25.39,-998.54,-1.04,-0.79,0.24,38.33
1871,274849869,0.49,-26.37,-999.51,-1.04,-0.61,0.18,38.05
1872,274853926,-3.91,-21.00,-1000.98,-1.04,-0.85,0.49,38.33
1873,274857976,1.95,-24.90,-999.02,-1.04,-0.55,0.12,38.33
1874,274863770,-1.95,-21.48,-998.05,-1.40,-0.79,0.18,38.52
1875,274867820,-0.98,-22.95,-1006.84,-1.16,-0.43,0.55,38.19
1876,274871869,-2.93,-25.39,-1000.00,-1.28,-0.67,0.24,38.00
1877,274875926,-0.49,-23.44,-1000.00,-1.16,-0.55,0.18,38.19
1878,274879976,4.88,-22.95,-998.54,-1.10,-0.73,0.49,38.09
1879,274885770,0.98,-25.88,-999.51,-1.16,-0.73,0.24,38.33
1880,274889820,3.42,-21.48,-995.12,-1.10,-0.55,0.24,38.24
1881,274893869,4.39,-21.48,-993.16,-0.98,-0.85,0.12,38.19
1882,274897926,3.91,-27.83,-996.09,-0.98,-0.73,0.18,38.33
1883,274901976,0.49,-26.86,-1000.49,-1.04,-0.61,0.18,38.05
1884,274907770,1.46,-29.79,-998.54,-0.98,-0.61,0.24,38.33
1885,274911820,3.42,-29.79,-997.07,-0.91,-0.85,0.30,38.33
1886,274915869,-2.93,-29.79,-996.09,-1.16,-0.85,0.30,38.24
1887,274919926,2.93,-28.32,-997.56,-1.22,-0.49,0.18,38.19
1888,274923976,7.81,-25.88,-996.58,-1.22,-0.55,0.37,38.09
1889,274929770,-3.42,-25.39,-994.14,-1.04,-0.49,0.24,38.38
1890,274933820,4.39,-20.02,-995.61,-1.28,-0.85,0.43,38.19
1891,274937869,1.46,-22.95,-997.07,-1.22,-0.49,0.37,38.24
1892,274941926,5.37,-22.95,-997.56,-1.10,-0.49,0.30,38.00
1893,274945976,2.93,-24.41,-995.61,-1.16,-1.04,0.55,38.09
1894,274951770,-1.46,-23.93,-1003.42,-1.22,-0.85,0.30,38.19
1895,274955820,-0.98,-23.93,-997.56,-1.22,-0.55,0.24,38.19
1896,274959869,2.93,-25.39,-997.56,-1.28,-0.67,0.24,38.52
1897,274963926,-0.49,-25.39,-996.58,-1.04,-0.73,0.06,38.09
1898,274969770,-3.91,-28.81,-1004.39,-1.10,-0.55,0.12,37.85
1899,274973820,0.98,-21.97,-997.07,-1.04,-0.85,0.37,37.81
1900,274977869,-1.95,-24.90,-998.54,-1.22,-0.85,0.18,38.33
1901,274981926,0.98,-29.79,-998.05,-0.98,-0.91,0.12,38.24
1902,274985976,2.44,-27.83,-1000.49,-1.04,-0.73,0.18,38.00
1903,274990025,5.86,-20.51,-1000.98,-0.98,-0.43,0.24,38.05
1904,274995770,3.42,-25.39,-995.61,-1.10,-0.79,0.24,38.38
1905,274999820,2.44,-21.48,-998.54,-1.10,-0.55,-0.06,38.33
1906,275003869,9.28,-19.04,-997.56,-1.16,-0.55,0.12,38.24
1907,275007926,4.88,-20.02,-996.58,-1.04,-0.49,0.06,38.09
1908,275013770,3.91,-24.41,-996.58,-0.98,-0.73,0.30,38.33
1909,275017820,1.46,-21.97,-999.02,-1.28,-0.79,0.24,38.24
1910,275021869,9.28,-22.95,-998.54,-1.10,-0.43,0.06,38.43
1911,275025926,0.49,-22.95,-997.56,-1.10,-0.61,0.49,38.19
1912,275029976,-1.95,-26.37,-994.63,-1.16,-0.98,0.18,38.19
1913,275035770,-2.93,-24.90,-1000.98,-1.28,-0.67,0.37,38.33
1914,275039820,-2.44,-25.39,-994.63,-1.16,-0.61,0.30,38.33
1915,275043869,-2.44,-33.20,-993.65,-0.98,-0.73,0.30,38.00
1916,275047926,2.44,-26.86,-995.61,-0.98,-0.79,0.30,38.09
1917,275051976,-1.46,-30.76,-996.09,-0.98,-0.55,0.30,38.19
1918,275057770,-1.46,-26.37,-997.56,-1.16,-0.79,0.30,38.00
1919,275061820,-5.37,-28.32,-1000.98,-1.28,-0.85,0.37,38.24
1920,275065869,-5.37,-24.90,-1002.93,-1.16,-0.79,0.49,38.19
1921,275069926,-1.46,-21.97,-1000.00,-1.16,-0.61,0.49,38.52
1922,275073976,2.93,-25.39,-996.58,-1.16,-0.73,0.18,38.24
1923,275079770,-3.42,-23.44,-997.56,-0.98,-0.67,0.43,38.19
1924,275083820,-1.46,-29.79,-1005.37,-1.16,-0.61,0.24,38.05
1925,275087869,-1.46,-26.86,-1001.46,-1.10,-0.43,0.43,38.00
1926,275091926,-1.95,-25.39,-996.09,-0.91,-0.73,0.18,38.24
1927,275095976,2.44,-22.46,-997.07,-1.10,-0.67,0.49,38.38
1928,275101770,0.98,-25.39,-1003.91,-1.16,-0.73,0.18,38.19
1929,275105820,4.39,-23.44,-996.58,-1.28,-0.49,0.24,38.19
1930,275109869,3.91,-17.09,-994.14,-1.22,-0.98,0.12,38.43
1931,275113926,0.00,-20.51,-1000.00,-0.98,-0.79,0.30,38.24
1932,275117976,3.42,-22.95,-997.07,-0.98,-0.55,0.30,38.24
1933,275123770,-0.49,-21.48,-998.54,-1.04,-0.55,0.30,38.19
1934,275127820,-2.44,-26.37,-993.16,-0.98,-0.85,0.12,37.90
1935,275131869,1.95,-24.90,-997.56,-0.91,-0.98,0.06,38.19
1936,275135926,8.30,-20.51,-995.61,-1.10,-0.55,0.18,38.38
1937,275139976,2.44,-26.37,-998.05,-1.16,-0.91,0.24,38.33
1938,275145770,-4.39,-23.93,-998.05,-1.28,-0.73,0.43,38.43
1939,275149820,-0.98,-24.90,-1000.00,-0.91,-0.79,0.30,38.38
1940,275153869,1.46,-21.97,-993.65,-1.10,-0.73,0.37,38.24
1941,275157926,0.49,-26.37,-996.58,-1.04,-0.91,0.06,37.90
1942,275161976,-0.49,-26.37,-999.02,-1.16,-0.85,0.18,38.33
1943,275167770,0.98,-31.74,-999.02,-1.10,-0.61,0.37,38.33
1944,275171820,1.95,-27.83,-995.61,-1.16,-0.61,0.12,38.43
1945,275175869,-3.91,-25.39,-992.19,-1.22,-0.91,0.30,38.05
1946,275179926,-2.93,-28.81,-994.63,-1.22,-0.73,0.43,38.05
1947,275185770,0.00,-24.90,-999.02,-1.28,-0.55,0.18,38.19
1948,275189820,0.98,-20.02,-999.02,-0.98,-0.91,0.30,38.09
1949,275193869,0.49,-25.88,-996.09,-1.16,-0.73,0.30,38.52
1950,275197926,2.93,-26.86,-1002.44,-1.34,-0.67,0.43,38.09
1951,275201976,1.95,-21.97,-993.16,-1.22,-0.67,0.18,38.00
1952,275207770,0.98,-20.51,-996.58,-1.16,-0.67,0.24,38.05
1953,275211820,0.98,-28.32,-998.05,-1.28,-0.98,0.43,38.09
1954,275215869,1.46,-27.34,-996.09,-1.34,-0.43,0.24,38.00
1955,275219926,3.42,-23.44,-1000.98,-1.16,-0.61,0.18,38.33
1956,275223976,6.84,-22.95,-994.63,-0.98,-0.91,0.30,38.19
1957,275229770,4.88,-23.44,-998.54,-1.16,-0.79,0.43,38.09
1958,275233820,4.39,-23.93,-994.14,-1.22,-0.30,0.24,38.24
1959,275237869,5.37,-26.86,-992.68,-1.10,-0.61,0.30,38.19
1960,275241927,0.49,-21.00,-1001.95,-1.04,-1.04,0.30,38.09
1961,275245976,-3.42,-21.48,-997.56,-0.98,-0.67,0.24,38.09
1962,275251770,-0.49,-21.48,-1001.46,-1.16,-0.79,0.12,38.24
1963,275255820,1.95,-22.46,-999.02,-1.04,-0.61,0.30,38.09
1964,275259869,0.00,-26.86,-998.05,-0.98,-0.67,0.06,38.05
1965,275263926,-0.49,-24.90,-993.16,-1.10,-0.91,0.30,38.33
1966,275267976,0.98,-25.39,-1000.49,-1.04,-0.43,0.24,38.24
1967,275273770,0.49,-26.86,-997.56,-1.04,-0.67,0.12,38.33
1968,275277820,-0.49,-21.97,-1000.00,-1.04,-0.98,0.49,38.05
1969,275281869,6.84,-26.37,-998.54,-1.28,-0.61,0.12,38.05
1970,275285926,1.46,-23.93,-1000.49,-0.91,-0.67,0.30,38.09
1971,275289976,4.88,-24.90,-996.09,-1.16,-0.61,0.37,38.19
1972,275295770,3.42,-25.88,-1000.98,-0.91,-0.91,0.37,38.33
1973,275299820,-0.49,-28.32,-1000.49,-0.73,-0.61,0.37,38.09
1974,275303869,7.81,-26.86,-999.02,-0.98,-0.67,0.24,37.90
1975,275307927,3.42,-29.79,-997.56,-0.91,-0.79,0.37,38.24
1976,275311976,-3.42,-27.83,-1000.49,-0.98,-0.61,0.24,38.33
1977,275317770,3.91,-22.95,-1000.00,-1.04,-0.61,0.24,38.09
1978,275321820,3.42,-25.88,-995.12,-1.04,-0.49,0.06,38.00
1979,275325869,-0.98,-25.88,-998.54,-1.22,-0.85,0.37,38.19
1980,275329926,4.39,-26.37,-996.09,-0.91,-0.55,0.00,38.24
1981,275333976,2.44,-18.55,-997.56,-1.04,-0.49,0.37,38.24
1982,275339770,-1.46,-21.00,-1000.00,-1.10,-0.73,0.30,38.19
1983,275343820,0.00,-22.95,-996.58,-1.22,-0.61,0.18,38.05
1984,275347869,0.98,-25.88,-1000.49,-1.10,-0.43,0.12,38.38
1985,275351927,1.95,-29.79,-995.12,-0.79,-0.49,0.12,38.19
1986,275355976,-2.44,-27.34,-993.65,-0.91,-0.73,0.12,38.33
1987,275361770,-3.91,-26.37,-994.63,-1.10,-0.73,0.37,38.24
1988,275365820,-3.91,-25.39,-998.54,-1.16,-0.79,0.30,38.33
1989,275369869,2.93,-21.48,-994.63,-0.91,-0.79,0.24,38.24
1990,275373926,-1.46,-25.88,-998.54,-1.10,-0.79,0.24,37.90
1991,275377976,0.00,-24.90,-998.05,-1.10,-0.67,0.30,38.33
1992,275383770,4.88,-26.86,-998.05,-1.16,-0.43,0.24,38.24
1993,275387820,0.49,-25.39,-996.09,-1.10,-0.91,0.43,38.00
1994,275391869,-2.93,-26.86,-995.61,-0.98,-0.67,0.37,38.38
1995,275395926,-2.44,-26.86,-1001.46,-1.22,-0.61,0.37,37.90
1996,275401770,3.42,-23.93,-996.09,-1.16,-0.61,0.00,38.09
1997,275405820,2.44,-24.90,-998.05,-1.28,-0.67,-0.06,38.05
1998,275409869,-0.98,-27.83,-998.54,-1.28,-0.91,0.12,38.09
1999,275413927,0.49,-26.86,-997.07,-1.34,-0.91,0.24,38.05
2000,275417976,2.44,-25.88,-1002.44,-1.40,-0.85,0.24,38.19
2001,275423770,5.37,-29.79,-993.65,-1.04,-0.73,0.30,38.00
2002,275427820,0.49,-26.37,-997.56,-1.16,-0.61,0.37,38.19
2003,275431869,-1.46,-25.88,-998.05,-1.10,-0.67,0.06,38.38
2004,275435926,1.46,-22.95,-994.63,-0.73,-0.67,0.43,38.00
2005,275439976,1.95,-25.88,-996.09,-1.10,-0.91,0.30,37.90
2006,275445770,3.42,-22.95,-999.51,-1.16,-0.61,0.30,38.38
2007,275449820,4.39,-23.93,-999.51,-1.10,-0.55,0.24,38.19
2008,275453869,2.44,-24.41,-996.58,-1.16,-0.55,0.18,38.19
2009,275457926,1.46,-21.97,-1000.98,-1.10,-1.04,0.30,38.00
2010,275461976,-3.91,-26.37,-993.16,-1.10,-0.79,-0.06,38.19
2011,275467770,3.91,-26.37,-997.56,-1.10,-0.73,0.24,38.38
2012,275471820,2.44,-20.51,-999.02,-1.10,-0.49,0.12,38.09
2013,275475869,0.49,-24.90,-1000.00,-1.22,-0.91,0.18,38.00
2014,275479926,-2.93,-24.41,-1000.00,-1.10,-0.73,0.18,38.24
2015,275483976,3.91,-23.93,-996.09,-1.28,-0.73,0.18,38.05
2016,275489770,-1.95,-21.48,-996.58,-1.10,-0.61,0.24,38.38
2017,275493820,0.00,-27.83,-994.63,-1.22,-0.73,0.06,38.24
2018,275497869,3.42,-21.00,-1001.46,-1.04,-0.61,0.06,38.00
2019,275501926,0.49,-24.41,-996.58,-1.16,-0.55,0.30,38.19
2020,275505976,0.00,-25.88,-995.61,-0.85,-0.91,0.00,38.19
2021,275511770,0.49,-27.34,-999.02,-1.28,-0.79,0.37,38.19
2022,275515820,2.93,-22.95,-1001.46,-0.98,-0.67,0.12,38.52
2023,275519869,3.42,-24.41,-996.58,-0.91,-0.61,0.43,38.19
2024,275523926,-0.98,-24.41,-1001.95,-1.04,-0.73,0.18,38.19
2025,275527976,0.49,-23.93,-999.51,-1.28,-0.79,0.30,38.24
2026,275533770,3.91,-26.37,-995.12,-1.10,-0.61,0.30,38.43
2027,275537820,-0.49,-22.46,-997.07,-1.10,-0.79,0.18,38.19
2028,275541869,0.98,-25.88,-1000.00,-1.04,-1.04,0.24,38.24
2029,275545926,5.37,-27.83,-1001.95,-1.10,-0.67,0.37,38.24
2030,275549976,-0.49,-23.93,-999.51,-1.04,-0.61,0.00,38.57
2031,275555770,2.44,-27.83,-995.61,-1.04,-0.61,0.18,38.09
2032,275559820,2.93,-24.90,-999.02,-0.85,-0.49,0.06,38.19
2033,275563869,-0.49,-25.39,-993.65,-1.10,-0.73,0.12,37.90
2034,275567926,3.42,-22.95,-1001.95,-0.98,-0.79,0.30,38.00
2035,275571976,-2.93,-26.86,-997.07,-1.04,-0.91,0.30,38.19
2036,275577770,1.95,-29.79,-1000.98,-1.16,-0.61,0.18,38.24
2037,275581820,-2.93,-21.97,-998.05,-1.10,-0.79,0.24,38.19
2038,275585869,2.44,-25.88,-993.65,-1.10,-0.67,0.37,38.00
2039,275589926,-1.46,-24.41,-996.58,-0.98,-0.55,0.37,38.00
2040,275593976,-0.49,-23.93,-1000.00,-0.98,-0.61,0.24,38.33
2041,275599770,0.49,-19.53,-1000.98,-1.16,-0.61,0.30,38.33
2042,275603820,0.49,-24.41,-998.05,-1.10,-0.79,0.18,38.24
2043,275607869,-1.95,-28.81,-1000.00,-1.22,-0.67,0.24,38.24
2044,275611926,3.91,-23.93,-997.56,-1.16,-0.55,0.24,37.85
2045,275617770,-0.98,-22.46,-1000.00,-1.04,-0.67,0.24,38.00
2046,275621820,-1.46,-25.39,-994.63,-1.10,-0.98,0.24,38.24
2047,275625869,4.39,-25.88,-1001.46,-1.04,-0.98,0.43,38.09
2048,275629926,2.44,-24.90,-1004.88,-1.04,-0.67,0.30,38.24
2049,275633976,0.49,-23.44,-998.05,-0.98,-0.55,0.12,37.85
2050,275639770,0.98,-23.44,-996.58,-1.10,-0.79,0.43,38.33
2051,275643820,5.86,-22.95,-1000.49,-1.04,-0.79,0.12,38.33
2052,275647869,7.32,-22.46,-996.58,-1.16,-0.55,0.18,38.24
2053,275651926,-0.49,-25.88,-999.02,-1.22,-0.79,0.12,38.24
2054,275655976,0.49,-23.44,-1002.93,-0.91,-0.85,0.12,38.33
2055,275661770,-1.95,-23.93,-1002.93,-1.10,-0.73,0.49,38.09
2056,275665820,0.98,-25.88,-998.05,-1.22,-0.67,0.12,38.09
2057,275669869,0.98,-24.41,-997.07,-0.98,-0.85,0.12,38.05
2058,275673926,-2.44,-27.34,-999.51,-0.85,-1.04,0.30,38.24
2059,275677976,-2.93,-22.95,-999.51,-0.85,-0.61,0.43,38.05
2060,275683770,2.93,-23.93,-999.02,-1.10,-0.61,0.49,38.19
2061,275687820,0.00,-23.44,-999.02,-1.04,-0.79,0.37,38.05
2062,275691869,0.49,-28.32,-997.07,-0.98,-0.73,0.18,38.33
2063,275695926,-0.98,-28.81,-1000.98,-1.16,-0.73,0.18,38.09
2064,275699976,-4.39,-24.41,-1000.00,-0.79,-0.73,0.18,38.38
2065,275705770,-0.49,-21.00,-996.58,-0.85,-0.67,0.00,38.19
2066,275709820,-1.46,-22.95,-996.09,-1.04,-0.73,0.24,38.19
2067,275713869,0.98,-23.93,-999.51,-1.04,-0.91,0.06,38.24
2068,275717927,3.91,-22.95,-995.61,-0.98,-0.61,0.06,38.33
2069,275721976,-1.46,-27.83,-996.58,-1.22,-0.85,0.37,38.19
2070,275727770,1.95,-25.39,-998.05,-1.16,-0.79,0.24,38.09
2071,275731820,3.91,-21.00,-996.58,-0.85,-0.55,0.37,38.24
2072,275735869,0.98,-22.95,-998.54,-1.10,-0.43,0.37,38.24
2073,275739926,-4.88,-26.86,-995.61,-1.34,-0.79,0.30,38.05
2074,275743976,-1.95,-29.30,-1002.44,-1.10,-0.67,0.18,38.33
2075,275749770,-2.44,-23.44,-993.16,-1.34,-0.55,0.18,38.24
2076,275753820,2.93,-27.83,-995.61,-0.79,-0.91,0.12,38.19
2077,275757869,1.46,-26.86,-1001.46,-0.98,-0.85,0.37,38.19
2078,275761926,1.46,-25.88,-998.54,-1.10,-0.67,0.24,38.19
2079,275765976,1.46,-26.86,-999.02,-1.10,-0.73,0.00,38.19
2080,275771770,-0.49,-24.41,-999.51,-1.16,-0.73,0.12,38.09
2081,275775820,1.46,-29.79,-995.61,-0.91,-0.55,0.18,38.38
2082,275779869,1.95,-23.93,-998.54,-0.91,-0.73,0.37,38.24
2083,275783926,3.42,-26.37,-1003.42,-1.04,-0.61,0.00,37.90
2084,275787976,-0.98,-30.27,-993.16,-1.22,-0.73,0.06,38.09
2085,275793770,3.42,-24.41,-997.56,-1.10,-0.49,0.37,38.43
2086,275797820,-1.46,-20.51,-999.51,-1.16,-0.55,0.30,38.00
2087,275801869,-4.39,-19.04,-1000.49,-0.98,-0.98,0.37,38.24
2088,275805926,-1.95,-23.44,-998.05,-1.10,-0.91,0.37,38.05
2089,275811770,-2.44,-27.34,-1005.37,-1.22,-0.67,0.49,38.00
2090,275815820,1.46,-21.48,-999.02,-1.10,-0.61,0.24,38.00
2091,275819869,0.49,-25.88,-996.09,-1.04,-0.73,0.24,38.19
2092,275823926,0.98,-22.46,-996.58,-1.22,-0.79,0.18,38.52
2093,275827976,0.49,-27.34,-999.02,-1.04,-0.61,0.37,38.00
2094,275832025,0.98,-26.86,-1000.98,-1.16,-0.79,0.37,38.19
2095,275837770,1.95,-26.37,-995.12,-0.91,-0.79,0.18,38.19
2096,275841820,1.95,-22.95,-997.56,-0.98,-0.91,0.12,38.43
2097,275845869,0.49,-27.83,-994.63,-0.98,-0.67,0.37,38.43
2098,275849927,6.35,-24.90,-996.09,-0.79,-0.67,0.24,38.19
2099,275855770,-2.93,-28.32,-999.02,-0.85,-0.55,0.18,38.09
2100,275859820,-0.49,-25.39,-1000.49,-1.04,-0.49,0.49,38.19
2101,275863869,0.98,-28.32,-998.05,-1.28,-0.55,0.06,38.19
2102,275867926,1.46,-24.41,-995.12,-1.04,-0.67,0.37,38.05
2103,275871976,2.44,-28.32,-995.12,-1.10,-0.85,0.12,38.24
2104,275877770,-2.44,-25.39,-999.02,-0.98,-0.79,0.30,38.24
2105,275881820,4.39,-25.39,-996.58,-1.22,-0.61,0.37,38.33
2106,275885869,3.91,-23.93,-996.09,-1.10,-0.79,0.24,38.24
2107,275889926,-0.49,-26.86,-994.63,-1.16,-0.73,0.18,38.33
2108,275893976,-2.44,-24.41,-998.05,-0.98,-0.37,0.18,38.00
2109,275899770,-1.46,-24.41,-1000.98,-1.04,-0.67,0.24,38.19
2110,275903820,1.46,-26.86,-996.58,-1.10,-0.79,0.24,38.24
2111,275907869,0.49,-29.30,-1002.44,-1.22,-1.10,0.24,37.85
2112,275911926,0.00,-27.83,-1001.95,-1.16,-0.67,0.06,38.33
2113,275915976,4.39,-25.39,-996.09,-1.04,-0.73,0.24,38.09
2114,275921770,-1.46,-28.32,-999.02,-1.10,-0.79,0.49,38.33
2115,275925820,-0.98,-25.39,-998.05,-0.91,-0.91,0.49,38.00
2116,275929869,-0.98,-24.41,-1003.91,-0.91,-0.67,0.12,38.00
2117,275933927,-1.46,-24.90,-998.05,-1.16,-0.61,0.30,38.19
2118,275937976,-4.39,-24.90,-997.56,-1.04,-0.79,0.37,38.33
2119,275943770,-0.49,-26.37,-997.56,-0.91,-0.85,0.24,38.38
2120,275947820,0.98,-21.48,-1002.93,-1.16,-0.37,0.12,38.09
2121,275951869,1.46,-23.44,-998.54,-1.16,-0.79,0.43,38.38
2122,275955926,-2.93,-29.30,-1001.95,-1.34,-0.85,0.30,38.19
2123,275959976,0.49,-21.48,-998.54,-1.22,-0.85,0.12,38.33
2124,275965770,0.49,-21.97,-999.51,-1.10,-0.43,0.30,38.24
2125,275969820,-2.93,-28.81,-992.68,-1.22,-0.73,0.30,38.09
2126,275973869,-2.93,-27.83,-1000.00,-1.10,-0.67,0.37,38.24
2127,275977926,-4.39,-23.44,-1001.95,-1.10,-0.55,0.43,38.24
2128,275981976,-1.95,-24.41,-1000.98,-1.16,-0.79,0.12,38.19
2129,275987770,-0.98,-24.90,-1001.95,-0.91,-0.61,0.18,38.19
2130,275991820,1.46,-26.37,-997.56,-0.98,-0.73,0.12,38.09
2131,275995869,-4.39,-23.44,-999.51,-1.46,-0.37,0.12,38.19
2132,275999926,1.95,-22.46,-998.05,-1.28,-0.85,0.12,37.90
2133,276003976,-2.44,-25.39,-997.07,-0.91,-0.79,0.24,38.24
2134,276009770,-1.46,-30.76,-999.02,-0.91,-0.79,0.18,38.19
2135,276013820,1.46,-24.90,-999.51,-1.16,-0.55,0.24,38.33
2136,276017869,3.91,-24.41,-997.56,-1.04,-0.79,0.12,38.19
2137,276021926,0.00,-28.32,-1001.95,-1.10,-0.98,0.37,38.05
2138,276027770,-4.39,-23.93,-998.54,-1.16,-0.79,0.37,38.33
2139,276031820,5.37,-26.86,-1003.91,-1.04,-0.49,0.12,38.00
2140,276035869,5.37,-21.48,-1000.00,-1.10,-0.43,0.37,38.33
2141,276039926,-0.49,-26.37,-1000.49,-1.22,-0.85,0.43,38.43
2142,276043976,-2.44,-27.34,-999.51,-0.91,-0.55,0.18,37.85
2143,276049770,0.49,-24.41,-996.58,-1.04,-0.67,0.24,38.19
2144,276053820,-2.93,-29.30,-999.51,-1.10,-0.79,0.30,38.19
2145,276057869,-3.91,-31.74,-1001.95,-1.04,-0.67,0.43,38.38
2146,276061926,4.39,-24.41,-999.02,-1.28,-0.43,0.12,38.00
2147,276065976,-1.46,-24.90,-998.54,-0.91,-0.79,0.49,38.00
2148,276071770,0.98,-25.88,-993.16,-1.04,-1.04,0.30,38.00
2149,276075820,-0.98,-24.41,-996.09,-1.28,-0.61,0.30,38.19
2150,276079869,1.46,-19.53,-1000.00,-1.22,-0.61,0.30,38.19
2151,276083926,-0.98,-26.37,-997.56,-1.34,-0.85,0.37,38.33
2152,276087976,-2.44,-22.95,-998.05,-0.85,-0.85,0.24,38.24
2153,276093770,0.00,-28.81,-1000.98,-0.98,-0.79,0.12,38.33
2154,276097820,1.46,-24.90,-1000.98,-1.04,-0.43,0.12,38.19
2155,276101869,-0.98,-23.44,-995.12,-1.10,-1.04,0.30,38.19
2156,276105927,-7.32,-27.83,-1000.49,-0.98,-0.55,0.12,38.19
2157,276109976,-1.46,-22.46,-998.05,-1.10,-0.43,0.12,38.00
2158,276115770,1.46,-21.48,-999.02,-1.22,-0.73,0.18,38.05
2159,276119820,-0.49,-25.88,-998.05,-1.22,-1.10,0.43,38.19
2160,276123869,0.49,-22.95,-1000.98,-0.98,-0.85,0.18,38.05
2161,276127927,-0.98,-25.39,-1001.46,-1.16,-0.43,0.18,38.33
2162,276131976,-2.44,-25.88,-998.54,-1.04,-0.55,0.18,38.52
2163,276137770,-1.46,-23.44,-994.63,-0.98,-0.79,0.24,38.19
2164,276141820,0.49,-29.30,-996.58,-1.16,-0.73,0.43,38.33
2165,276145869,-1.95,-20.51,-997.56,-1.10,-0.43,0.24,37.90
2166,276149927,-0.49,-20.51,-994.14,-1.16,-0.61,0.24,38.19
2167,276153976,-1.46,-28.81,-995.12,-1.04,-0.79,0.24,38.19
2168,276159770,0.98,-26.86,-997.56,-1.22,-1.04,0.24,38.24
2169,276163820,3.42,-26.37,-1001.95,-1.22,-0.37,0.06,38.09
2170,276167869,0.49,-26.37,-998.05,-0.91,-0.98,0.18,38.09
2171,276171926,0.49,-28.81,-999.02,-0.98,-0.85,0.24,38.43
2172,276175976,-0.98,-28.81,-998.05,-1.04,-0.79,0.49,38.33
2173,276181770,1.95,-31.25,-999.51,-1.04,-0.61,0.24,38.38
2174,276185820,-1.95,-26.86,-996.58,-1.10,-0.85,0.30,38.33
2175,276189869,4.39,-30.27,-998.05,-1.16,-0.73,0.06,38.09
2176,276193926,1.46,-29.30,-1000.00,-1.34,-0.73,0.18,38.24
2177,276197976,-2.44,-28.32,-997.07,-1.28,-0.61,0.30,38.09
2178,276203770,2.93,-29.30,-996.09,-1.16,-0.61,0.30,38.43
2179,276207820,-2.44,-25.88,-998.54,-1.04,-0.67,0.06,38.19
2180,276211869,3.42,-22.95,-995.61,-1.10,-0.55,0.00,38.19
2181,276215926,2.93,-23.93,-994.63,-1.10,-0.67,0.12,37.90
2182,276219976,6.84,-19.53,-997.56,-1.10,-0.85,0.24,38.05
2183,276225770,1.46,-21.00,-996.09,-1.28,-0.73,0.37,38.33
2184,276229820,3.42,-23.44,-1000.00,-0.98,-0.43,0.06,38.33
2185,276233869,-0.98,-23.44,-997.56,-1.10,-0.98,0.37,38.43
2186,276237926,-2.93,-23.93,-998.54,-1.22,-0.91,0.24,38.19
2187,276243770,1.95,-22.95,-1000.49,-1.28,-0.79,0.12,38.09
2188,276247820,1.46,-24.41,-999.02,-1.16,-0.73,0.06,37.90
2189,276251869,-1.95,-25.39,-1002.44,-1.22,-0.67,0.18,38.43
2190,276255926,0.49,-26.86,-998.54,-1.16,-0.98,0.12,38.33
2191,276259976,-1.46,-24.90,-1004.39,-1.04,-0.61,0.43,38.19
2192,276265770,0.49,-24.41,-995.12,-1.04,-0.67,0.37,38.00
2193,276269820,-2.44,-24.90,-998.05,-1.22,-0.91,0.49,38.00
2194,276273869,0.49,-21.00,-998.05,-1.10,-0.67,0.12,38.19
2195,276277926,-0.98,-24.90,-999.02,-1.22,-0.67,0.24,38.52
2196,276281976,4.39,-26.86,-997.56,-1.10,-0.67,0.18,38.43
2197,276287770,1.46,-24.90,-996.58,-0.98,-0.73,0.37,38.19
2198,276291820,1.46,-25.39,-1000.00,-1.16,-0.43,0.30,38.24
2199,276295869,0.49,-23.93,-1000.00,-0.98,-0.55,0.24,37.90
2200,276299926,0.00,-24.90,-994.14,-1.16,-0.73,0.30,38.33
2201,276303976,-4.88,-20.51,-998.05,-1.10,-0.61,0.12,38.24
2202,276309770,2.93,-21.97,-1002.93,-1.10,-0.61,0.24,38.19
2203,276313820,-0.98,-27.34,-996.09,-1.22,-0.73,0.30,38.33
2204,276317869,-3.42,-23.93,-998.54,-0.98,-0.67,0.37,38.00
2205,276321926,-0.98,-29.79,-1000.00,-1.40,-0.85,0.49,38.33
2206,276325976,-4.39,-24.41,-998.54,-1.28,-0.55,0.18,38.05
2207,276331770,-3.42,-27.34,-999.02,-1.10,-0.79,0.37,38.19
2208,276335820,0.49,-30.27,-998.05,-0.98,-0.79,0.30,38.24
2209,276339869,0.49,-27.83,-1002.44,-0.91,-0.91,0.18,38.00
2210,276343926,-1.95,-23.44,-997.56,-0.98,-0.67,0.49,38.24
2211,276347976,1.95,-29.79,-998.54,-1.04,-0.85,0.49,38.19
2212,276353770,0.98,-31.74,-994.14,-1.28,-1.04,0.37,38.24
2213,276357820,-0.98,-25.39,-997.56,-1.10,-0.73,0.18,38.38
2214,276361869,3.91,-26.37,-996.09,-1.10,-0.61,0.24,38.24
2215,276365926,0.98,-22.95,-998.05,-0.98,-0.67,0.30,38.19
2216,276369976,-2.93,-27.83,-996.58,-0.85,-0.85,0.30,38.33
2217,276375770,-1.46,-26.86,-998.54,-1.04,-0.61,0.37,38.33
2218,276379820,0.00,-22.46,-996.09,-0.91,-0.91,0.24,38.33
2219,276383869,-0.98,-27.83,-995.61,-1.16,-0.98,0.18,38.33
2220,276387926,-1.95,-24.90,-1000.49,-1.10,-0.98,0.55,38.24
2221,276391976,1.95,-29.30,-1000.98,-1.10,-0.67,0.18,38.19
2222,276397770,3.91,-21.48,-996.09,-1.04,-0.67,0.12,38.00
2223,276401820,1.46,-29.79,-997.56,-0.98,-0.98,0.24,38.19
2224,276405869,0.00,-23.44,-999.51,-1.22,-0.73,0.37,38.43
2225,276409926,2.93,-21.00,-1001.95,-1.04,-0.61,0.24,37.90
2226,276413976,3.42,-23.93,-998.54,-1.04,-0.98,0.06,38.24
2227,276419770,-2.93,-24.90,-996.09,-0.91,-0.98,0.12,38.05
2228,276423820,3.42,-27.83,-999.51,-1.16,-0.49,0.24,38.09
2229,276427869,1.95,-22.95,-996.58,-0.98,-0.43,0.18,38.24
2230,276431926,0.98,-25.88,-993.65,-0.91,-0.73,0.12,38.00
2231,276435976,0.98,-30.76,-993.16,-0.91,-0.55,0.30,38.24
2232,276441770,0.00,-25.88,-998.05,-1.16,-0.85,0.30,38.19
2233,276445820,-2.93,-23.93,-996.09,-1.10,-0.43,0.18,38.33
2234,276449869,-0.98,-25.39,-991.21,-0.67,-0.73,0.43,38.38
2235,276453926,-1.95,-26.86,-997.07,-1.16,-0.73,0.18,38.24
2236,276459770,1.46,-28.32,-998.54,-0.98,-0.79,0.37,38.38
2237,276463820,0.49,-30.76,-996.58,-1.16,-0.79,0.30,38.05
2238,276467869,-1.46,-28.32,-991.21,-0.91,-0.85,0.37,38.19
2239,276471926,-1.46,-25.88,-996.09,-1.22,-0.91,0.37,38.19
2240,276475976,0.49,-29.30,-996.09,-1.16,-0.61,0.18,38.00
2241,276481770,-3.91,-26.86,-997.07,-0.91,-0.85,0.43,38.09
2242,276485820,1.95,-27.34,-997.07,-1.10,-0.91,0.37,38.19
2243,276489869,2.44,-21.97,-1001.95,-0.98,-0.55,0.30,38.00
2244,276493926,2.44,-23.44,-997.56,-1.16,-0.73,0.49,38.24
2245,276497976,0.00,-21.97,-995.61,-1.22,-0.85,0.18,37.90
2246,276503770,2.44,-23.93,-1000.00,-1.28,-0.73,0.24,38.09
2247,276507820,2.44,-22.46,-1000.98,-0.98,-0.67,0.30,38.09
2248,276511869,4.39,-21.48,-998.54,-1.28,-0.55,0.43,38.19
2249,276515926,-2.44,-27.83,-998.05,-1.10,-0.73,0.06,38.19
2250,276519976,-4.39,-24.90,-1001.95,-1.16,-1.04,0.12,38.33
2251,276525770,0.00,-24.41,-1000.49,-1.10,-0.67,0.30,38.09
2252,276529820,-2.44,-25.39,-996.58,-0.98,-0.85,0.24,38.43
2253,276533869,-0.98,-26.86,-997.56,-0.98,-0.85,0.06,38.09
2254,276537926,-2.93,-23.44,-998.54,-1.10,-0.91,0.18,38.19
2255,276541976,2.44,-23.93,-998.54,-1.16,-0.67,0.18,38.19
2256,276547770,7.81,-26.86,-992.68,-0.91,-0.91,0.37,38.24
2257,276551820,0.00,-24.41,-997.56,-1.28,-0.61,0.37,38.19
2258,276555869,3.91,-27.34,-998.54,-0.98,-0.61,0.12,38.05
2259,276559926,5.86,-27.34,-999.51,-1.22,-0.49,0.30,38.05
2260,276563976,4.88,-26.86,-995.61,-1.28,-0.61,0.06,38.43
2261,276569770,5.86,-26.37,-1002.44,-0.98,-0.98,0.30,38.52
2262,276573820,0.00,-24.90,-999.02,-0.98,-0.73,-0.12,38.19
2263,276577869,8.30,-24.90,-997.07,-0.91,-0.67,0.24,38.33
2264,276581926,-0.49,-27.83,-997.07,-1.16,-1.04,0.18,38.09
2265,276585976,-1.95,-27.34,-997.07,-1.10,-0.55,0.06,38.38
2266,276591770,0.98,-23.93,-998.05,-1.16,-0.55,0.24,38.33
2267,276595820,0.00,-24.41,-998.05,-1.04,-0.91,0.12,38.19
2268,276599869,-0.49,-23.44,-998.05,-0.91,-1.04,0.30,38.19
2269,276603926,-1.46,-27.83,-998.05,-1.16,-0.85,0.24,38.24
2270,276607976,-4.39,-27.34,-999.51,-1.22,-0.49,0.18,38.38
2271,276613770,-1.95,-25.39,-996.09,-1.10,-0.73,0.24,38.19
2272,276617820,-2.93,-21.97,-998.54,-1.10,-0.91,0.37,38.33
2273,276621869,-1.46,-29.79,-995.12,-1.04,-0.49,0.49,38.43
2274,276625926,1.46,-23.44,-996.09,-1.16,-0.61,0.30,37.85
2275,276629976,0.98,-18.07,-996.09,-1.04,-0.79,0.30,38.09
2276,276635770,-3.42,-25.39,-1000.98,-1.16,-0.85,0.30,38.19
2277,276639820,2.93,-22.46,-1000.00,-0.98,-0.79,0.55,38.19
2278,276643869,5.86,-23.44,-999.02,-1.16,-0.91,0.18,38.00
2279,276647926,2.44,-25.39,-994.63,-0.91,-0.91,0.30,38.00
2280,276653770,-4.39,-25.88,-1000.00,-1.10,-0.73,0.30,37.90
2281,276657820,1.46,-25.88,-999.51,-1.10,-0.67,0.18,38.05
2282,276661869,-1.46,-22.46,-997.56,-0.91,-0.91,0.43,38.33
2283,276665926,3.42,-28.32,-993.65,-1.04,-1.04,0.24,38.38
2284,276669976,0.98,-21.97,-998.05,-1.22,-0.61,0.37,38.00
2285,276674025,2.93,-20.51,-998.54,-1.16,-0.73,0.30,38.19
2286,276679770,-1.46,-25.39,-998.05,-1.22,-0.79,0.06,38.00
2287,276683820,3.42,-27.34,-999.02,-1.16,-0.67,0.24,38.19
2288,276687869,0.49,-22.95,-998.05,-1.28,-0.55,0.49,38.19
2289,276691926,3.42,-24.90,-996.09,-1.10,-0.49,0.24,38.33
2290,276697770,3.91,-27.83,-994.63,-1.28,-0.91,0.61,38.19
2291,276701820,-4.39,-27.34,-996.58,-1.10,-0.43,0.37,38.19
2292,276705869,1.46,-24.41,-998.05,-1.28,-0.49,0.00,38.19
2293,276709927,-2.93,-22.95,-1000.00,-1.22,-0.61,0.12,38.24
2294,276713976,3.91,-26.37,-995.61,-1.16,-0.91,0.30,38.09
2295,276719770,6.35,-26.86,-995.61,-1.16,-0.73,0.18,38.00
2296,276723820,-2.93,-24.41,-999.51,-1.04,-0.49,0.18,37.90
2297,276727869,-3.91,-25.39,-997.07,-0.85,-0.85,0.12,37.90
2298,276731926,-1.95,-29.30,-997.56,-1.22,-0.79,0.30,38.33
2299,276735976,2.93,-23.93,-1000.00,-1.04,-0.67,0.30,38.09
2300,276741770,1.46,-25.39,-995.12,-1.16,-0.61,0.24,38.57
2301,276745820,-0.49,-23.93,-996.09,-0.85,-0.98,0.24,38.33
2302,276749869,4.39,-22.46,-998.05,-1.04,-0.85,0.30,38.00
2303,276753926,3.91,-28.81,-1000.98,-1.16,-0.73,0.37,37.90
2304,276757976,1.46,-25.39,-995.61,-1.28,-0.79,0.37,38.09
2305,276763770,-1.46,-26.37,-997.07,-1.10,-0.79,0.18,38.33
2306,276767820,-2.93,-24.90,-1003.42,-1.10,-0.49,0.12,38.19
2307,276771869,0.98,-26.86,-996.58,-1.04,-0.67,0.24,37.90
2308,276775926,3.42,-27.83,-996.58,-0.91,-0.85,0.18,38.24
2309,276779976,-0.49,-22.95,-997.56,-1.22,-0.91,0.24,38.33
2310,276785770,-1.95,-27.83,-1000.49,-0.91,-0.61,0.24,38.05
2311,276789820,0.49,-21.97,-998.05,-1.04,-0.43,0.18,38.19
2312,276793869,0.98,-30.27,-994.14,-0.91,-0.91,0.18,38.09
2313,276797926,-4.88,-28.81,-1000.98,-1.34,-0.79,0.37,38.24
2314,276801976,3.91,-26.86,-1000.98,-1.22,-0.79,0.18,38.38
2315,276807770,0.98,-26.86,-1000.00,-1.16,-0.61,0.24,38.24
2316,276811820,0.98,-31.25,-995.12,-1.16,-0.55,0.18,38.24
2317,276815869,-0.98,-27.83,-1001.95,-1.04,-0.73,0.30,38.00
2318,276819926,5.37,-28.32,-996.58,-1.28,-0.73,0.24,38.24
2319,276823976,4.88,-26.37,-1000.49,-1.04,-0.79,0.37,38.33
2320,276829770,4.88,-30.76,-996.09,-1.16,-1.10,0.18,38.19
2321,276833820,-3.91,-27.34,-999.51,-1.04,-0.49,0.37,38.24
2322,276837869,0.98,-23.93,-998.05,-1.22,-0.43,0.24,38.38
2323,276841926,-3.42,-24.41,-995.12,-1.34,-0.73,0.24,37.90
2324,276845976,-0.98,-27.34,-1000.49,-1.28,-0.79,0.30,38.24
2325,276851770,-1.95,-23.44,-1001.95,-1.28,-0.55,0.18,38.19
2326,276855820,5.37,-23.93,-999.02,-1.04,-0.73,0.30,38.00
2327,276859869,0.98,-28.81,-998.05,-0.85,-0.98,0.18,38.52
2328,276863927,-3.91,-27.34,-996.09,-1.28,-0.91,0.18,38.00
2329,276869770,0.00,-24.41,-995.61,-1.16,-0.43,0.12,38.33
2330,276873820,5.86,-25.39,-996.09,-0.98,-0.98,0.30,38.00
2331,276877869,2.44,-25.39,-995.61,-1.10,-0.61,0.18,38.19
2332,276881927,4.88,-23.93,-1000.49,-1.34,-0.85,0.30,38.05
2333,276885976,4.39,-22.95,-1000.98,-0.98,-0.79,0.24,38.09
2334,276891770,0.00,-26.37,-995.12,-1.04,-0.67,0.37,38.24
2335,276895820,0.98,-26.86,-999.51,-0.98,-0.73,0.24,38.00
2336,276899869,3.91,-25.39,-1000.49,-1.10,-0.98,0.24,38.24
2337,276903926,1.95,-28.32,-994.14,-1.16,-0.73,0.37,38.33
2338,276907976,0.49,-23.44,-1000.00,-0.98,-0.85,0.18,38.00
2339,276913770,2.44,-23.93,-998.54,-1.04,-0.79,0.18,38.19
2340,276917820,-2.93,-27.34,-996.09,-0.98,-0.55,0.24,38.19
2341,276921869,0.49,-22.46,-996.09,-1.28,-0.61,0.18,38.09
2342,276925926,4.39,-23.44,-998.54,-1.28,-0.85,0.49,38.24
2343,276929976,-4.88,-27.83,-995.12,-1.04,-0.85,0.24,38.05
2344,276935770,1.46,-22.95,-995.61,-1.46,-0.67,0.06,38.09
2345,276939820,0.00,-26.37,-992.19,-1.16,-0.67,0.12,38.05
2346,276943869,0.00,-26.37,-995.12,-1.10,-0.85,0.18,37.90
2347,276947926,-3.42,-26.86,-999.02,-1.22,-0.61,0.37,38.09
2348,276951976,3.91,-22.95,-996.09,-1.22,-0.55,0.18,38.00
2349,276957770,2.93,-21.97,-995.61,-1.04,-0.79,0.12,38.00
2350,276961820,0.98,-29.30,-996.58,-1.16,-0.61,0.37,38.00
2351,276965869,-0.98,-23.93,-1001.46,-1.04,-0.55,0.24,37.71
2352,276969926,0.98,-23.93,-998.54,-1.04,-0.73,0.37,38.00
2353,276973976,3.42,-21.97,-996.58,-1.04,-0.79,0.55,38.43
2354,276979770,1.46,-26.37,-998.54,-1.10,-0.67,0.30,38.19
2355,276983820,0.49,-22.46,-997.07,-1.22,-0.73,0.18,38.38
2356,276987869,2.93,-22.95,-1000.00,-1.28,-1.04,0.43,38.38
2357,276991927,0.49,-21.48,-999.02,-0.91,-0.85,0.24,38.33
2358,276995976,0.98,-23.44,-999.02,-0.91,-0.73,0.18,38.24
2359,277001770,2.93,-22.46,-1004.39,-1.10,-0.55,0.18,38.43
2360,277005820,4.88,-23.93,-996.58,-1.34,-1.04,0.30,38.19
2361,277009869,4.39,-28.81,-996.09,-1.22,-0.98,0.18,38.33
2362,277013927,1.46,-27.83,-998.54,-1.04,-0.55,0.18,38.24
2363,277017976,6.35,-24.90,-998.05,-1.10,-0.67,0.24,38.19
2364,277023770,4.39,-21.97,-996.58,-1.04,-0.73,0.24,38.05
2365,277027820,-0.49,-28.32,-997.07,-1.04,-0.79,0.18,38.43
2366,277031869,4.39,-22.46,-1001.95,-1.28,-0.61,0.43,38.09
2367,277035927,2.44,-23.93,-994.63,-1.16,-0.85,0.24,38.19
2368,277039976,-0.49,-24.90,-996.09,-1.10,-0.98,0.24,38.38
2369,277045770,0.00,-23.93,-999.51,-0.98,-0.79,0.30,38.19
2370,277049820,4.39,-23.44,-994.63,-1.10,-0.55,0.37,38.33
2371,277053869,6.35,-27.34,-994.14,-0.98,-0.73,0.30,38.19
2372,277057926,3.42,-26.86,-997.56,-0.73,-0.91,0.00,38.24
2373,277061976,2.44,-28.81,-996.58,-1.22,-0.79,0.30,38.19
2374,277067770,0.98,-29.79,-1000.49,-1.10,-0.49,0.43,38.43
2375,277071820,-0.98,-22.46,-997.07,-0.98,-0.67,0.43,37.90
2376,277075869,-3.91,-28.32,-1001.46,-0.91,-0.98,0.24,38.19
2377,277079926,0.49,-28.32,-1000.00,-1.10,-0.61,0.37,37.85
2378,277085770,1.95,-21.00,-997.07,-1.04,-0.49,0.30,38.09
2379,277089820,2.93,-25.88,-997.07,-0.91,-1.16,0.30,38.00
2380,277093869,-0.49,-23.44,-998.05,-0.98,-0.85,0.37,38.38
2381,277097926,3.91,-20.51,-998.54,-1.04,-0.61,0.30,38.33
2382,277101976,0.98,-20.51,-993.65,-1.16,-0.79,0.18,38.05
2383,277107770,0.49,-28.32,-995.61,-1.40,-0.79,0.49,38.09
2384,277111820,1.46,-23.93,-1001.46,-1.16,-0.85,0.37,38.24
2385,277115869,0.98,-22.46,-998.05,-1.10,-0.37,0.49,38.33
2386,277119926,0.98,-21.97,-999.51,-1.16,-0.79,0.37,37.90
2387,277123976,4.88,-24.90,-995.61,-1.16,-0.98,0.43,38.19
2388,277129770,-0.98,-24.90,-997.07,-1.16,-0.67,0.18,38.09
2389,277133820,-2.44,-21.97,-997.56,-1.04,-0.79,0.30,38.24
2390,277137869,1.95,-27.83,-998.05,-1.04,-0.55,0.24,38.09
2391,277141927,0.00,-20.02,-1001.46,-1.46,-0.79,0.37,38.24
2392,277145976,0.49,-25.39,-997.56,-1.28,-0.55,0.30,38.38
2393,277151770,2.93,-23.44,-997.07,-0.98,-0.61,0.18,38.33
2394,277155820,-1.95,-25.88,-993.65,-1.10,-0.91,0.24,38.19
2395,277159869,0.49,-28.81,-998.05,-1.04,-0.73,0.24,38.05
2396,277163926,4.88,-23.44,-1001.46,-1.04,-0.61,0.24,38.05
2397,277167976,4.88,-29.79,-1001.95,-1.16,-0.49,0.18,38.24
2398,277173770,1.46,-28.32,-996.58,-0.98,-0.79,0.18,38.33
2399,277177820,-0.98,-24.41,-992.68,-1.04,-0.73,0.43,38.19
2400,277181869,0.98,-22.46,-999.51,-1.16,-0.79,0.06,38.33
2401,277185926,-0.98,-25.88,-999.51,-0.85,-0.61,0.37,38.09
2402,277189976,1.95,-26.37,-998.05,-1.10,-0.98,0.18,38.33
2403,277195770,0.98,-23.44,-999.51,-1.28,-0.49,0.18,38.24
2404,277199820,1.46,-25.39,-997.56,-1.28,-0.73,0.06,38.24
2405,277203869,0.49,-23.44,-994.14,-1.16,-0.91,0.12,38.24
2406,277207926,0.98,-25.88,-998.05,-1.04,-0.91,0.00,38.19
2407,277211976,-0.49,-27.34,-999.51,-1.28,-0.43,0.30,38.38
2408,277217770,3.42,-21.97,-995.61,-1.04,-0.49,0.24,38.24
2409,277221820,-2.93,-23.44,-999.02,-1.10,-0.85,0.18,38.00
2410,277225869,-1.95,-20.51,-999.51,-1.10,-0.73,0.43,38.33
2411,277229926,3.91,-23.44,-998.05,-1.10,-0.61,0.24,38.24
2412,277233976,1.46,-24.41,-995.61,-1.04,-0.85,0.18,38.33
2413,277239770,0.00,-22.95,-1001.95,-1.28,-0.79,0.12,38.19
2414,277243820,0.00,-20.51,-997.56,-1.04,-0.85,0.24,38.00
2415,277247869,-0.49,-22.95,-997.56,-1.10,-0.61,0.30,38.24
2416,277251926,2.44,-22.46,-997.56,-1.28,-0.85,0.24,38.05
2417,277255976,-1.95,-24.90,-992.68,-1.04,-0.73,0.30,38.33
2418,277261770,2.93,-24.41,-1001.46,-1.16,-0.79,0.37,38.19
2419,277265820,0.00,-20.51,-994.14,-1.22,-0.85,0.37,38.24
2420,277269869,0.49,-26.37,-996.09,-1.04,-0.79,0.37,38.19
2421,277273926,2.44,-26.37,-995.12,-0.91,-0.61,0.43,37.90
2422,277277976,-1.46,-24.41,-1002.44,-1.04,-0.43,0.06,38.05
2423,277283770,2.93,-24.41,-993.65,-1.04,-0.67,0.18,38.19
2424,277287820,-3.42,-25.39,-996.58,-1.16,-0.73,0.43,38.33
2425,277291869,1.46,-29.30,-999.51,-1.16,-0.61,0.18,38.19
2426,277295926,-0.98,-27.34,-998.05,-1.16,-0.55,0.06,38.19
2427,277301770,0.98,-24.90,-992.68,-1.16,-0.85,0.24,38.19
2428,277305820,-0.98,-24.41,-995.61,-1.16,-0.85,0.30,38.33
2429,277309869,1.95,-29.30,-1000.98,-0.98,-0.67,0.12,38.33
2430,277313927,3.42,-23.44,-998.05,-1.28,-0.61,0.12,38.24
2431,277317976,-2.44,-27.34,-996.58,-1.28,-0.91,0.24,37.90
2432,277323770,3.91,-27.83,-1000.49,-1.10,-0.91,0.43,38.24
2433,277327820,-1.46,-22.46,-998.54,-1.10,-0.73,0.30,38.09
2434,277331869,3.91,-27.83,-997.56,-0.98,-0.67,0.18,38.19
2435,277335926,2.44,-26.86,-993.16,-1.22,-0.85,0.37,38.24
2436,277339976,3.42,-25.39,-997.56,-0.98,-0.85,0.06,38.19
2437,277345770,-0.98,-29.79,-1002.93,-1.16,-0.79,0.06,38.33
2438,277349820,2.44,-27.34,-997.07,-0.98,-0.91,0.18,38.19
2439,277353869,0.00,-26.86,-996.58,-1.10,-0.91,0.06,38.19
2440,277357926,0.49,-23.44,-1003.42,-1.16,-0.67,0.24,38.33
2441,277361976,-2.93,-21.48,-996.58,-1.22,-0.61,0.12,38.19
2442,277367770,-1.46,-27.83,-998.54,-0.85,-0.98,0.24,38.00
2443,277371820,-1.46,-22.46,-999.02,-1.16,-0.73,0.24,37.85
2444,277375869,-0.49,-27.83,-996.09,-1.04,-0.67,0.18,38.00
2445,277379926,-1.46,-23.44,-991.21,-1.22,-0.73,0.12,38.52
2446,277383976,1.95,-23.44,-996.09,-1.16,-0.73,0.06,38.05
2447,277389770,-3.42,-22.46,-997.56,-1.28,-0.55,0.18,38.52
2448,277393820,2.93,-28.32,-996.58,-1.04,-0.43,0.24,38.24
2449,277397869,2.44,-27.83,-997.07,-1.22,-0.73,0.06,37.90
2450,277401926,-0.98,-25.88,-1000.00,-1.10,-0.98,0.18,38.33
2451,277405976,-3.42,-25.88,-997.56,-1.04,-0.79,0.55,38.24
2452,277411770,-3.91,-25.88,-1000.00,-1.16,-0.30,0.37,38.24
2453,277415820,-1.46,-25.88,-996.09,-1.10,-0.55,0.24,38.19
2454,277419869,1.46,-27.83,-994.14,-1.10,-1.04,0.18,38.38
2455,277423926,0.00,-24.90,-997.56,-1.10,-0.73,0.24,38.38
2456,277427976,-0.98,-27.34,-1000.98,-1.16,-0.43,0.12,38.09
2457,277433770,0.49,-23.44,-999.02,-1.04,-0.61,0.37,38.19
2458,277437820,0.00,-23.93,-997.56,-1.04,-0.85,0.24,38.05
2459,277441869,-0.49,-21.48,-1002.44,-1.10,-0.73,0.30,38.09
2460,277445926,-0.98,-23.93,-997.07,-1.34,-0.37,0.55,38.24
2461,277449976,4.88,-25.39,-993.65,-1.34,-1.10,0.12,38.09
2462,277455770,0.49,-31.25,-996.58,-1.16,-0.85,0.37,38.19
2463,277459820,0.49,-26.86,-997.56,-1.28,-0.79,0.49,38.38
2464,277463869,6.84,-21.97,-998.54,-1.16,-0.43,0.43,38.33
2465,277467927,3.91,-20.51,-998.54,-1.16,-0.85,0.30,38.00
2466,277471976,-0.98,-23.93,-998.54,-1.40,-0.79,-0.12,38.43
2467,277477770,1.95,-28.32,-999.51,-0.91,-0.91,0.06,38.09
2468,277481820,0.98,-28.32,-997.56,-1.28,-0.91,0.18,38.19
2469,277485869,1.95,-26.86,-997.07,-1.22,-0.79,0.12,38.33
2470,277489926,1.46,-29.30,-998.05,-0.98,-0.85,0.12,38.00
2471,277495770,0.49,-24.41,-998.05,-1.16,-0.55,0.43,38.33
2472,277499820,1.46,-26.86,-995.61,-1.10,-0.79,0.24,38.00
2473,277503869,4.39,-26.86,-999.02,-0.98,-0.73,0.24,37.85
2474,277507926,-0.98,-30.27,-1000.49,-1.10,-0.73,0.30,38.00
2475,277511976,1.46,-27.34,-997.07,-1.22,-0.61,0.12,38.05
2476,277517770,2.93,-27.34,-998.54,-0.98,-0.85,0.37,38.19
2477,277521820,-0.49,-24.90,-993.16,-1.22,-0.79,0.12,38.19
2478,277525869,-2.93,-26.37,-1000.00,-1.10,-0.67,0.18,38.00
2479,277529926,0.00,-22.95,-996.58,-1.16,-0.73,0.30,38.24
2480,277533976,3.91,-26.37,-994.63,-0.98,-0.73,0.12,38.00
2481,277539770,-0.98,-23.44,-999.02,-0.61,-0.67,0.18,38.24
2482,277543820,1.46,-23.93,-1000.49,-1.28,-0.61,0.30,38.33
2483,277547869,-2.93,-25.88,-999.02,-1.22,-0.55,0.24,38.24
2484,277551926,0.00,-29.30,-998.05,-1.22,-0.85,0.37,38.00
2485,277555976,-0.49,-23.93,-1000.98,-0.85,-0.85,0.30,38.19
2486,277561770,0.00,-24.41,-999.02,-1.04,-0.55,0.24,38.09
2487,277565820,1.46,-24.41,-997.07,-1.10,-0.73,0.12,38.19
2488,277569869,-4.39,-21.00,-992.68,-1.10,-0.91,0.18,38.00
2489,277573926,0.98,-24.90,-1001.46,-1.04,-0.67,0.24,38.38
2490,277577976,3.91,-24.90,-998.54,-1.28,-0.61,0.12,38.19
2491,277583770,2.44,-28.81,-996.09,-1.04,-0.55,0.30,38.09
2492,277587820,3.91,-29.30,-999.51,-1.10,-0.43,0.00,38.24
2493,277591869,1.95,-27.34,-997.56,-1.10,-0.67,0.06,38.24
2494,277595926,2.44,-25.39,-998.54,-1.22,-0.79,0.30,38.09
2495,277599976,4.88,-27.34,-994.14,-1.04,-0.85,0.12,38.24
2496,277605770,1.46,-23.44,-997.56,-1.10,-0.91,0.18,38.24
2497,277609820,1.95,-24.90,-996.58,-1.10,-0.61,0.37,38.09
2498,277613869,-0.98,-21.48,-994.63,-1.04,-0.85,0.30,37.90
2499,277617927,0.00,-23.44,-999.51,-0.98,-0.85,0.43,38.05
2500,277621976,8.79,-23.93,-1000.00,-1.10,-0.61,0.12,38.33
2501,277627770,-0.98,-26.37,-996.09,-1.10,-0.55,0.18,38.19
2502,277631820,3.42,-24.41,-1000.00,-1.22,-0.91,0.06,38.09
2503,277635869,0.49,-23.93,-997.56,-1.16,-0.91,0.06,38.24
2504,277639927,2.93,-24.90,-1000.49,-1.04,-0.73,0.37,38.19
2505,277643976,0.98,-21.00,-999.51,-0.98,-0.49,0.18,38.19
2506,277649770,0.00,-24.90,-996.58,-1.04,-0.85,0.30,38.24
2507,277653820,-1.46,-26.37,-997.07,-0.85,-0.73,0.37,38.19
2508,277657869,2.93,-19.04,-1000.00,-1.22,-0.49,0.37,38.19
2509,277661926,-0.98,-24.90,-995.12,-1.10,-0.67,-0.06,38.38
2510,277665976,-4.39,-23.93,-999.02,-1.28,-0.79,0.24,38.00
2511,277671770,0.49,-23.44,-995.61,-1.16,-0.79,0.24,38.33
2512,277675820,1.46,-22.46,-998.05,-0.91,-0.43,0.30,38.19
2513,277679869,4.88,-23.93,-998.54,-0.85,-0.67,0.00,38.19
2514,277683926,7.81,-25.88,-996.58,-1.16,-1.10,0.06,38.00
2515,277687976,-0.98,-29.79,-1000.00,-1.28,-0.73,0.30,38.19
2516,277693770,2.44,-27.83,-997.07,-1.10,-0.79,0.18,38.09
2517,277697820,0.00,-28.81,-995.61,-0.98,-0.73,0.37,38.38
2518,277701869,-2.44,-25.88,-992.68,-1.22,-0.61,0.30,38.38
2519,277705926,1.95,-23.44,-998.54,-0.98,-0.43,-0.06,38.05
2520,277711770,0.98,-24.41,-1000.49,-1.04,-0.67,0.06,38.33
2521,277715820,3.42,-30.27,-993.65,-1.10,-0.85,0.24,38.09
2522,277719869,0.98,-26.86,-998.05,-1.10,-0.79,0.18,38.09
2523,277723926,2.93,-25.39,-998.54,-1.04,-0.73,0.24,38.19
2524,277727976,-0.49,-28.32,-994.63,-1.28,-0.61,0.00,37.85
2525,277733770,-0.98,-28.32,-1000.00,-1.04,-0.73,0.30,38.19
2526,277737820,-4.39,-25.88,-999.51,-1.04,-0.79,0.18,38.24
2527,277741869,-0.49,-27.83,-1000.49,-1.28,-0.49,0.06,38.19
2528,277745926,6.84,-24.41,-998.05,-1.22,-0.30,0.12,38.09
2529,277749976,4.88,-24.41,-998.54,-0.91,-0.91,0.18,38.00
2530,277755770,2.44,-22.95,-1002.44,-1.10,-0.79,0.24,38.05
2531,277759820,4.39,-25.88,-1000.00,-1.10,-0.30,0.24,38.33
2532,277763869,1.46,-26.86,-996.09,-1.28,-0.67,0.12,38.19
2533,277767926,-2.93,-22.46,-993.16,-1.04,-0.98,0.24,38.24
2534,277771976,0.00,-29.30,-998.54,-0.98,-0.67,0.06,38.24
2535,277777770,1.46,-25.88,-996.58,-1.10,-0.49,0.18,38.19
2536,277781820,-0.49,-23.44,-993.16,-1.22,-0.79,0.24,38.19
2537,277785869,0.00,-22.46,-1000.98,-1.04,-0.67,0.30,38.05
2538,277789926,-2.93,-18.07,-1000.49,-1.22,-0.61,0.24,38.33
2539,277793976,1.46,-25.88,-994.14,-0.98,-0.73,0.24,38.05
2540,277799770,5.37,-24.41,-994.63,-1.10,-0.85,0.24,38.19
2541,277803820,1.95,-20.51,-995.12,-1.40,-0.85,0.49,38.52
2542,277807869,1.46,-20.02,-1000.00,-1.16,-0.79,0.24,37.90
2543,277811926,-0.49,-21.97,-997.56,-1.16,-0.55,0.37,38.00
2544,277815976,-1.46,-21.48,-995.61,-1.22,-0.98,0.00,38.09
2545,277821770,1.46,-28.32,-1000.00,-1.10,-0.73,0.37,38.19
2546,277825820,0.98,-23.93,-1000.98,-1.04,-0.61,0.43,38.19
2547,277829869,5.86,-24.90,-994.63,-1.04,-0.49,0.30,38.19
2548,277833926,4.39,-21.97,-995.61,-1.04,-0.79,0.37,38.24
2549,277837976,0.49,-25.88,-998.54,-1.10,-0.61,0.61,38.38
2550,277843770,2.44,-21.97,-995.61,-1.10,-0.61,0.30,38.43
2551,277847820,5.86,-25.39,-994.63,-1.04,-1.10,0.30,38.05
2552,277851869,1.46,-25.88,-996.09,-1.16,-1.04,0.18,38.00
2553,277855926,-0.98,-27.83,-998.54,-1.10,-0.79,0.18,38.19
2554,277859976,1.95,-26.86,-1000.00,-0.98,-0.61,0.18,38.52
2555,277865770,-1.46,-23.44,-995.12,-1.04,-0.91,0.18,38.09
2556,277869820,0.00,-28.32,-997.56,-0.98,-0.91,0.24,38.19
2557,277873869,3.42,-26.86,-1000.00,-1.22,-0.55,0.18,38.24
2558,277877927,3.42,-22.46,-996.58,-1.22,-0.67,0.18,38.09
2559,277881976,1.46,-21.97,-996.09,-1.04,-0.49,0.30,38.24
2560,277887770,-7.32,-25.88,-995.12,-0.98,-0.85,0.30,38.19
2561,277891820,2.44,-23.93,-993.65,-1.16,-0.43,0.24,38.33
2562,277895869,4.88,-24.90,-995.12,-1.28,-0.61,0.37,38.24
2563,277899926,-0.49,-27.34,-996.58,-0.91,-0.79,0.43,37.90
2564,277903976,2.44,-24.90,-999.02,-1.16,-0.79,0.24,38.19
2565,277909770,1.95,-24.90,-1001.46,-1.10,-0.55,0.24,38.09
2566,277913820,0.98,-24.41,-997.07,-1.04,-0.79,0.24,38.19
2567,277917869,-2.93,-25.88,-991.70,-0.98,-0.91,0.18,38.24
2568,277921926,-4.39,-25.39,-1000.00,-1.22,-0.61,0.37,38.19
2569,277927770,-1.95,-24.90,-999.02,-1.04,-0.61,0.06,38.19
2570,277931820,0.49,-23.93,-999.51,-1.04,-0.67,0.18,37.90
2571,277935869,0.49,-21.00,-1000.98,-1.22,-0.73,0.12,38.33
2572,277939926,1.46,-25.88,-999.02,-0.91,-0.67,0.43,38.09
2573,277943976,0.49,-23.44,-999.51,-0.98,-0.61,0.18,38.24
2574,277949770,0.98,-25.39,-994.14,-0.98,-0.79,0.24,38.38
2575,277953820,-1.46,-23.44,-997.07,-1.10,-0.67,0.24,38.09
2576,277957869,1.46,-26.86,-1000.49,-1.22,-0.79,0.37,38.43
2577,277961926,1.46,-25.39,-998.54,-0.98,-0.49,0.18,38.19
2578,277965976,2.44,-26.37,-996.09,-1.10,-0.73,0.24,38.09
2579,277971770,-1.46,-27.34,-997.07,-1.16,-0.73,0.12,38.24
2580,277975820,1.95,-25.88,-996.09,-0.85,-0.49,0.30,38.19
2581,277979869,-0.49,-28.32,-1000.00,-0.98,-0.85,0.18,38.09
2582,277983926,-0.49,-24.90,-994.63,-0.98,-0.73,0.18,38.19
2583,277987976,4.39,-26.86,-999.02,-1.04,-0.79,0.30,38.19
2584,277993770,2.44,-25.88,-995.61,-0.98,-0.49,0.18,38.24
2585,277997820,6.84,-24.41,-997.07,-0.79,-0.79,0.43,38.24
2586,278001869,3.91,-25.88,-996.58,-1.22,-0.85,0.12,38.00
2587,278005927,-0.98,-28.32,-999.02,-0.98,-0.55,0.12,38.19
2588,278009976,-3.42,-25.88,-999.51,-1.22,-0.30,0.18,38.43
2589,278015770,1.95,-23.44,-999.02,-0.91,-0.61,0.18,38.05
2590,278019820,1.46,-23.44,-1000.98,-0.98,-0.67,0.24,38.05
2591,278023869,1.95,-23.93,-997.07,-1.04,-0.61,0.18,38.09
2592,278027926,1.95,-24.90,-999.02,-1.04,-0.55,0.30,38.33
2593,278031976,-0.98,-21.48,-993.16,-0.85,-0.85,0.18,38.19
2594,278037770,0.98,-26.37,-1000.00,-1.16,-0.79,0.30,38.43
2595,278041820,3.91,-26.86,-1003.42,-1.16,-0.67,0.30,38.24
2596,278045869,5.86,-25.39,-997.56,-1.22,-0.55,0.06,38.43
2597,278049926,0.00,-22.95,-997.07,-0.91,-0.79,0.24,38.33
2598,278053976,2.93,-25.39,-1000.49,-1.10,-0.55,0.24,38.19
2599,278059770,3.91,-26.37,-999.51,-0.85,-0.61,0.30,38.05
2600,278063820,0.00,-24.90,-999.02,-0.91,-0.98,0.24,38.33
2601,278067869,4.88,-26.86,-1000.98,-0.98,-0.79,0.43,38.19
2602,278071926,2.93,-24.90,-1001.46,-0.98,-0.49,0.06,38.09
2603,278075976,-1.46,-23.93,-1000.00,-1.16,-0.49,0.12,38.43
2604,278081770,0.00,-23.44,-994.63,-1.04,-0.91,0.24,38.19
2605,278085820,-1.95,-23.44,-1000.98,-0.85,-0.67,0.37,38.38
2606,278089869,2.93,-24.41,-999.51,-1.10,-0.61,0.49,38.19
2607,278093926,4.88,-26.37,-996.58,-1.28,-0.61,0.30,38.05
2608,278097976,0.49,-28.81,-994.63,-1.10,-0.79,0.30,38.43
2609,278103770,0.49,-24.41,-995.61,-1.16,-0.98,0.24,38.19
2610,278107820,2.93,-23.44,-999.51,-0.85,-0.73,0.30,38.09
2611,278111869,-0.98,-26.86,-995.61,-0.98,-0.43,0.18,38.05
2612,278115926,-1.46,-23.93,-998.54,-0.91,-0.85,0.43,38.00
2613,278119976,-0.49,-24.90,-996.58,-1.22,-0.73,0.18,38.19
2614,278125770,2.93,-24.90,-996.58,-1.04,-0.30,0.24,38.19
2615,278129820,5.37,-24.41,-1001.46,-1.04,-0.91,0.43,38.33
2616,278133869,-0.98,-25.88,-997.07,-1.16,-0.85,0.12,38.19
2617,278137926,0.00,-26.37,-1001.95,-0.98,-0.49,0.43,37.90
2618,278143770,-0.49,-21.97,-1003.42,-1.28,-0.55,0.49,38.24
2619,278147820,4.39,-21.48,-998.05,-1.04,-1.04,0.24,38.24
2620,278151869,0.98,-23.93,-999.02,-1.22,-0.91,0.06,38.19
2621,278155927,3.91,-27.34,-1001.46,-0.98,-0.43,0.24,38.19
2622,278159976,2.93,-22.46,-1000.49,-1.16,-0.55,0.18,38.00
2623,278165770,-0.98,-27.34,-998.54,-1.22,-0.91,0.30,38.43
2624,278169820,-2.93,-30.27,-1000.49,-1.16,-0.73,0.18,38.33
2625,278173869,-4.39,-26.37,-999.51,-1.34,-0.43,0.24,38.33
2626,278177926,2.44,-19.04,-994.14,-0.98,-0.55,0.30,38.24
2627,278181976,2.44,-26.37,-996.09,-1.16,-0.91,0.37,38.19
2628,278187770,-1.95,-26.37,-996.09,-1.10,-1.10,0.43,38.09
2629,278191820,0.49,-25.39,-999.02,-1.22,-0.49,0.43,38.05
2630,278195869,0.00,-23.44,-994.63,-1.22,-0.85,0.37,37.90
2631,278199926,0.98,-26.37,-999.02,-1.04,-0.91,0.30,38.33
2632,278203976,0.98,-27.34,-1003.91,-1.04,-0.43,0.24,38.33
2633,278209770,3.42,-22.46,-998.05,-1.16,-0.49,0.30,38.33
2634,278213820,3.91,-26.37,-994.63,-0.91,-0.91,0.12,38.19
2635,278217869,0.00,-29.79,-999.51,-1.04,-0.91,0.24,37.90
2636,278221927,0.00,-26.37,-1005.86,-1.04,-0.91,0.12,38.05
2637,278225976,2.44,-24.90,-1000.49,-1.04,-0.43,0.43,38.38
2638,278231770,0.98,-23.93,-998.05,-1.16,-0.79,0.49,38.24
2639,278235820,2.93,-23.44,-999.02,-1.22,-0.49,0.30,38.09
2640,278239869,8.30,-24.90,-998.54,-1.40,-0.67,0.24,38.05
2641,278243927,4.39,-27.34,-1001.95,-1.22,-0.79,0.24,38.19
2642,278247976,0.00,-26.37,-999.51,-0.98,-0.73,0.18,38.38
2643,278253770,0.49,-27.83,-1000.00,-1.22,-0.73,0.18,38.09
2644,278257820,0.98,-23.93,-996.58,-0.98,-0.55,0.43,38.00
2645,278261869,0.98,-22.95,-997.56,-1.10,-0.49,0.24,38.33
2646,278265926,0.98,-26.37,-994.63,-0.91,-0.98,0.30,37.90
2647,278269976,2.93,-22.46,-994.14,-1.40,-0.79,0.30,38.38
2648,278275770,2.44,-22.95,-997.56,-1.10,-0.61,0.24,38.52
2649,278279820,-3.42,-24.41,-1000.00,-1.10,-0.79,0.18,38.09
2650,278283869,0.00,-24.90,-999.02,-1.10,-0.67,0.18,38.19
2651,278287926,-3.42,-27.83,-996.58,-1.28,-0.73,0.24,38.05
2652,278291976,1.95,-23.44,-998.05,-1.28,-0.67,0.37,38.33
2653,278297770,0.00,-25.39,-1001.95,-1.10,-0.61,0.24,38.19
2654,278301820,-1.46,-25.39,-998.05,-1.22,-0.79,0.43,38.33
2655,278305869,0.98,-26.86,-993.65,-0.98,-0.67,0.06,38.24
2656,278309926,1.46,-23.44,-993.65,-1.16,-0.73,0.12,37.90
2657,278313976,2.44,-24.41,-996.09,-1.22,-0.85,0.12,38.24
2658,278319770,0.00,-24.90,-999.02,-0.98,-0.43,0.12,38.19
2659,278323820,-3.42,-24.90,-996.09,-1.04,-0.73,0.30,38.09
2660,278327869,1.95,-27.83,-997.56,-0.98,-0.61,0.30,38.24
2661,278331926,-1.95,-24.90,-995.61,-0.85,-0.73,0.18,37.90
2662,278337770,1.95,-23.44,-997.56,-1.22,-0.43,0.24,38.24
2663,278341820,1.46,-20.51,-997.07,-0.73,-0.67,0.24,38.19
2664,278345869,-0.49,-27.34,-997.07,-1.16,-0.91,0.18,38.19
2665,278349926,-2.93,-25.88,-1000.98,-1.04,-0.85,0.49,38.09
2666,278353976,-2.44,-23.93,-997.07,-1.22,-0.49,0.12,37.90
2667,278359770,5.86,-27.34,-999.02,-1.28,-0.73,0.24,38.00
2668,278363820,3.42,-26.37,-997.56,-0.98,-0.79,0.12,38.33
2669,278367869,-0.98,-24.90,-1000.49,-1.16,-0.91,0.24,38.24
2670,278371926,4.39,-25.88,-999.02,-1.04,-0.79,0.24,38.05
2671,278375976,2.44,-20.02,-999.02,-1.28,-0.91,0.24,37.90
2672,278381770,2.93,-20.02,-997.56,-1.10,-0.55,0.24,38.09
2673,278385820,-1.46,-28.32,-1002.44,-1.16,-0.61,0.30,38.19
2674,278389869,1.95,-27.83,-997.56,-1.10,-0.85,0.24,38.33
2675,278393926,0.49,-21.48,-992.68,-1.16,-0.73,0.24,38.24
2676,278397976,-0.49,-21.48,-1000.98,-1.04,-0.79,0.00,38.33
2677,278403770,-0.98,-26.37,-999.02,-1.10,-0.49,0.24,38.19
2678,278407820,0.49,-21.00,-1000.49,-1.22,-0.79,0.06,38.00
2679,278411869,3.42,-28.81,-999.51,-1.16,-0.79,0.30,37.85
2680,278415926,-1.95,-24.41,-1001.95,-0.91,-0.85,-0.12,38.33
2681,278419976,-0.98,-24.90,-999.02,-1.10,-0.73,0.12,38.05
2682,278425770,-0.49,-21.00,-996.09,-1.10,-0.73,0.37,38.33
2683,278429820,-1.46,-25.39,-998.54,-0.98,-0.85,0.30,38.52
2684,278433869,-0.49,-23.93,-997.56,-1.22,-0.55,0.18,38.00
2685,278437927,1.46,-29.30,-1001.95,-1.04,-0.49,0.24,38.38
2686,278441976,-4.39,-28.81,-998.05,-1.04,-1.04,0.30,38.24
2687,278447770,-2.93,-26.86,-996.58,-1.22,-0.85,0.12,38.19
2688,278451820,-1.46,-28.81,-997.56,-1.16,-0.49,0.37,38.09
2689,278455869,4.39,-24.90,-1000.49,-1.16,-0.73,0.43,37.90
2690,278459927,-0.49,-29.79,-996.58,-0.98,-0.85,0.24,38.09
2691,278463976,-3.91,-25.39,-1001.95,-1.04,-0.79,0.43,38.43
2692,278469770,-0.98,-27.34,-1000.49,-1.22,-0.61,0.12,38.09
2693,278473820,4.39,-22.95,-998.54,-1.22,-0.61,0.12,38.19
2694,278477869,-2.93,-26.86,-996.58,-0.98,-0.85,0.00,38.19
2695,278481926,-0.98,-25.88,-998.54,-1.04,-0.79,0.55,38.38
2696,278485976,-0.98,-26.86,-996.09,-1.10,-0.91,0.18,38.19
2697,278491770,4.39,-23.93,-999.51,-1.10,-0.73,0.24,38.19
2698,278495820,3.42,-22.95,-1000.00,-1.04,-0.91,0.24,38.00
2699,278499869,0.00,-23.93,-1000.00,-0.98,-0.79,0.12,37.90
2700,278503927,-2.44,-24.90,-1000.00,-1.10,-0.37,0.30,38.00
2701,278507976,-0.98,-23.93,-999.51,-0.98,-0.91,0.24,38.05
2702,278513770,-5.37,-30.27,-999.51,-1.16,-0.85,0.24,38.09
2703,278517820,-5.37,-21.97,-1001.95,-1.22,-0.67,0.24,38.19
2704,278521869,-0.49,-21.48,-1000.49,-1.16,-0.55,0.43,38.09
2705,278525926,-3.42,-28.81,-995.61,-1.22,-0.85,0.43,38.05
2706,278529976,-2.44,-24.90,-999.51,-1.10,-0.67,0.43,38.09
2707,278535770,-0.98,-26.37,-1001.95,-1.10,-0.49,0.24,38.24
2708,278539820,-0.49,-23.93,-1001.46,-1.16,-0.43,0.00,38.09
2709,278543869,2.44,-22.95,-1000.00,-1.10,-0.85,0.24,38.33
2710,278547926,-1.95,-27.83,-995.12,-0.98,-0.98,0.37,38.05
2711,278553770,2.93,-30.76,-1001.46,-0.91,-0.73,0.43,38.09
2712,278557820,-2.44,-23.93,-998.05,-1.22,-0.61,0.18,38.05
2713,278561869,0.98,-24.41,-995.12,-1.22,-0.73,0.37,38.24
2714,278565926,-7.32,-26.37,-999.51,-1.22,-0.73,0.12,38.05
2715,278569976,1.95,-21.48,-996.58,-0.98,-0.43,0.30,38.05
2716,278575770,1.95,-23.44,-1000.00,-1.16,-0.85,0.18,38.19
2717,278579820,2.93,-25.88,-1001.95,-0.91,-0.79,0.24,38.19
2718,278583869,-0.49,-23.93,-1001.95,-1.16,-0.73,0.24,38.19
2719,278587926,-0.49,-22.46,-998.54,-0.98,-0.49,0.12,38.19
2720,278591976,3.42,-25.88,-997.56,-1.04,-0.79,0.43,38.05
2721,278597770,1.46,-29.79,-995.12,-0.85,-0.91,0.30,38.05
2722,278601820,0.49,-25.88,-994.14,-0.98,-0.55,0.24,38.09
2723,278605869,3.91,-28.32,-998.54,-1.22,-0.73,0.00,38.33
2724,278609926,-2.44,-29.30,-999.51,-0.98,-0.37,0.30,38.24
2725,278613976,-0.49,-26.37,-1000.49,-0.98,-0.61,0.30,38.00
2726,278619770,0.49,-27.83,-1004.88,-1.28,-0.67,0.12,38.19
2727,278623820,-1.46,-26.37,-997.56,-1.34,-0.79,0.30,38.33
2728,278627869,0.49,-25.88,-997.56,-0.98,-1.04,0.18,38.05
2729,278631926,-3.42,-28.81,-999.02,-1.04,-0.73,0.12,38.33
2730,278635976,1.95,-23.93,-1000.49,-1.16,-0.49,0.30,38.19
2731,278641770,-0.98,-30.27,-1000.98,-1.22,-0.85,0.12,38.33
2732,278645820,1.46,-27.34,-999.51,-0.91,-0.85,0.18,37.85
2733,278649869,-2.93,-22.46,-996.09,-1.34,-0.61,0.24,38.05
2734,278653926,0.49,-23.93,-995.12,-1.16,-0.61,0.18,38.19
2735,278657976,0.49,-27.83,-1000.98,-1.16,-0.85,0.18,38.19
2736,278663770,-0.49,-21.48,-1000.98,-1.28,-0.98,0.43,38.24
2737,278667820,-1.95,-27.83,-998.54,-0.85,-0.73,0.18,38.00
2738,278671869,0.49,-26.37,-1000.98,-1.34,-0.55,0.43,38.09
2739,278675926,-0.49,-23.44,-999.51,-0.85,-0.98,0.12,38.24
2740,278679976,0.98,-23.44,-997.56,-1.10,-0.61,0.24,38.24
2741,278685770,0.49,-23.44,-998.05,-1.16,-0.37,0.43,38.24
2742,278689820,4.88,-25.39,-994.63,-1.28,-0.85,0.18,38.33
2743,278693869,-2.44,-25.88,-1000.98,-1.04,-0.85,0.30,38.38
2744,278697926,-0.98,-24.41,-998.54,-0.91,-0.91,0.18,38.19
2745,278701976,-1.95,-23.44,-995.61,-1.16,-0.61,0.18,38.19
2746,278707770,-1.46,-26.37,-999.02,-1.10,-0.79,0.43,38.19
2747,278711820,-4.88,-23.44,-1000.00,-0.98,-0.79,0.12,38.24
2748,278715869,-0.49,-24.90,-999.02,-0.85,-0.73,0.30,38.33
2749,278719926,0.98,-20.02,-997.56,-0.85,-0.67,0.24,38.00
2750,278723976,0.98,-26.37,-995.61,-1.22,-0.91,0.24,38.43
2751,278729770,-4.88,-26.37,-996.58,-0.91,-0.91,0.06,38.24
2752,278733820,1.95,-24.41,-1000.00,-1.04,-0.37,0.12,38.24
2753,278737869,0.98,-24.41,-998.05,-1.22,-0.73,0.24,38.33
2754,278741927,0.98,-27.34,-994.14,-1.16,-0.79,0.24,38.00
2755,278745976,-1.46,-25.39,-1000.49,-1.04,-0.67,0.24,38.19
2756,278751770,2.93,-30.27,-998.54,-1.16,-0.49,0.18,38.19
2757,278755820,1.95,-22.95,-999.02,-1.22,-0.91,0.30,38.09
2758,278759869,0.00,-29.30,-996.09,-1.22,-0.73,0.12,38.05
2759,278763926,1.46,-31.25,-1002.93,-1.04,-0.49,0.30,38.19
2760,278769770,4.39,-32.23,-997.56,-0.98,-0.37,0.37,38.05
2761,278773820,1.95,-24.41,-997.56,-1.10,-0.79,0.30,38.05
2762,278777869,2.44,-26.86,-1001.95,-1.10,-0.79,0.06,38.38
2763,278781927,-0.49,-23.93,-1000.00,-1.22,-0.55,0.00,38.05
2764,278785976,1.95,-23.93,-1000.00,-0.98,-0.61,0.30,37.90
2765,278791770,2.44,-25.88,-999.02,-0.85,-0.79,0.24,38.33
2766,278795820,1.95,-25.39,-998.54,-1.10,-0.73,0.49,38.05
2767,278799869,1.95,-26.37,-999.51,-0.91,-0.43,0.43,38.05
2768,278803926,3.42,-22.46,-994.14,-0.91,-1.04,0.43,38.09
2769,278807976,-1.95,-26.37,-998.05,-1.16,-0.91,0.06,38.38
2770,278813770,-1.95,-25.39,-999.51,-1.28,-0.79,0.24,38.33
2771,278817820,0.49,-22.95,-999.51,-1.10,-0.73,0.30,38.24
2772,278821869,0.98,-21.48,-997.07,-0.91,-0.79,0.37,38.19
2773,278825927,-0.98,-25.39,-999.51,-1.04,-0.91,0.18,38.19
2774,278829976,-1.95,-26.86,-994.63,-0.98,-0.61,0.30,38.09
2775,278835770,3.42,-23.44,-998.54,-1.22,-0.61,0.30,38.24
2776,278839820,2.93,-20.51,-995.61,-0.91,-0.98,0.06,37.85
2777,278843869,3.91,-23.44,-997.07,-1.34,-0.79,0.37,37.90
2778,278847926,-0.98,-23.93,-996.58,-0.91,-0.61,0.30,38.24
2779,278851976,0.49,-26.86,-998.54,-1.10,-0.67,0.24,38.24
2780,278857770,0.00,-27.34,-998.54,-0.91,-0.73,0.12,38.19
2781,278861820,0.98,-24.90,-1000.49,-0.98,-0.61,0.49,38.09
2782,278865869,6.35,-23.44,-1000.00,-0.98,-0.55,0.37,38.05
2783,278869926,1.46,-28.32,-999.02,-1.16,-0.61,0.30,38.19
2784,278873976,6.35,-23.44,-998.54,-1.10,-0.73,0.43,38.19
2785,278879770,-0.49,-22.46,-993.65,-1.10,-0.49,0.12,38.00
2786,278883820,1.46,-24.41,-995.61,-1.22,-0.55,0.43,38.33
2787,278887869,7.32,-24.90,-995.12,-1.10,-0.61,0.12,38.19
2788,278891927,-1.95,-24.41,-1001.46,-1.22,-0.85,0.12,37.90
2789,278895976,-2.44,-28.32,-995.61,-1.46,-0.61,0.30,38.43
2790,278901770,4.39,-20.02,-1000.00,-1.28,-0.61,0.30,38.24
2791,278905820,1.46,-25.39,-997.07,-0.98,-0.79,0.06,38.38
2792,278909869,-2.44,-23.93,-1000.00,-1.16,-0.85,0.18,38.09
2793,278913926,0.49,-24.90,-998.05,-1.16,-0.49,0.18,38.24
2794,278917976,3.91,-25.88,-995.61,-1.04,-0.67,0.24,38.33
2795,278923770,-0.49,-24.90,-998.54,-1.10,-0.79,0.12,38.09
2796,278927820,2.44,-27.34,-998.54,-1.10,-0.61,0.24,38.24
2797,278931869,-2.93,-25.88,-1000.98,-1.04,-0.73,0.43,38.05
2798,278935927,-3.91,-29.79,-998.54,-1.28,-0.85,0.18,38.00
2799,278939976,-1.46,-25.88,-1001.95,-0.91,-0.49,0.43,38.24
2800,278945770,4.39,-26.86,-996.58,-1.10,-0.61,0.18,38.33
2801,278949820,6.84,-23.93,-1000.98,-1.10,-0.73,0.18,38.43
2802,278953869,0.49,-24.90,-996.09,-1.04,-0.85,0.18,38.33
2803,278957926,-1.95,-27.34,-1000.98,-1.04,-0.85,0.12,38.00
2804,278963770,4.39,-26.37,-1000.49,-1.10,-0.61,0.37,38.00
2805,278967820,1.46,-29.79,-998.05,-1.04,-0.85,0.12,38.00
2806,278971869,0.00,-27.83,-995.12,-1.16,-0.73,0.24,38.43
2807,278975927,-1.95,-29.79,-1000.49,-1.16,-0.79,0.06,38.33
2808,278979976,1.46,-24.90,-997.07,-1.40,-0.79,0.12,37.81
2809,278984025,7.32,-27.83,-996.09,-1.16,-0.61,0.12,38.00
2810,278989770,0.98,-29.30,-995.12,-1.04,-0.61,0.37,38.19
2811,278993820,1.46,-25.88,-992.19,-1.16,-0.55,-0.06,38.33
2812,278997869,3.42,-21.97,-995.61,-1.16,-0.55,0.00,38.19
2813,279001926,-0.49,-22.95,-996.58,-1.10,-0.79,0.18,37.90
2814,279007770,2.44,-27.83,-998.05,-1.16,-0.73,0.37,38.09
2815,279011820,1.46,-25.39,-998.05,-1.22,-0.67,0.06,38.19
2816,279015869,3.91,-31.74,-996.09,-1.10,-0.61,0.18,38.33
2817,279019926,-1.46,-25.39,-997.07,-1.34,-0.79,0.12,38.19
2818,279023976,1.46,-23.44,-1003.42,-1.04,-0.43,0.37,38.05
2819,279029770,-2.93,-24.90,-998.54,-1.28,-0.55,0.30,38.24
2820,279033820,-1.46,-24.41,-995.12,-1.10,-0.61,0.49,38.24
2821,279037869,0.00,-28.32,-998.54,-0.85,-0.85,0.61,38.19
2822,279041926,-4.88,-23.93,-999.51,-1.16,-0.55,0.37,38.09
2823,279045976,3.42,-24.41,-996.58,-1.16,-0.55,0.18,38.33
2824,279051770,0.98,-26.37,-995.61,-0.98,-0.91,0.24,38.33
2825,279055820,-4.88,-25.39,-999.02,-0.91,-1.04,0.30,38.38
2826,279059869,0.49,-21.48,-1001.95,-0.91,-0.61,0.24,38.05
2827,279063927,5.37,-24.41,-998.05,-1.04,-0.61,0.12,38.33
2828,279067976,1.46,-23.93,-999.51,-1.22,-0.73,0.12,38.05
2829,279073770,0.00,-26.37,-999.51,-0.98,-0.85,0.43,38.24
2830,279077820,-1.95,-28.32,-998.54,-1.04,-0.55,0.30,38.19
2831,279081869,0.00,-31.74,-1000.00,-1.04,-0.55,0.18,38.05
2832,279085927,0.49,-26.86,-997.56,-1.16,-0.98,0.24,38.19
2833,279089976,-4.39,-27.34,-998.05,-1.10,-0.79,0.30,38.05
2834,279095770,0.00,-22.46,-1000.00,-1.10,-0.67,0.24,38.09
2835,279099820,-0.98,-24.41,-997.56,-1.16,-0.85,0.24,38.09
2836,279103869,-0.49,-25.39,-998.05,-1.04,-0.73,0.24,38.19
2837,279107926,0.49,-25.88,-1000.00,-1.10,-0.61,0.12,38.24
2838,279111976,1.46,-26.86,-1001.46,-1.16,-0.73,0.30,38.05
2839,279117770,-0.49,-21.48,-1001.95,-1.16,-0.79,0.24,38.05
2840,279121820,-2.44,-22.46,-1002.44,-1.16,-0.91,0.24,38.24
2841,279125869,3.42,-21.97,-1003.91,-1.10,-0.73,0.24,38.00
2842,279129927,-2.93,-26.37,-996.58,-1.04,-0.67,0.12,38.43
2843,279133976,2.44,-27.83,-998.05,-1.04,-0.85,0.00,38.09
2844,279139770,-1.46,-22.95,-1001.46,-0.98,-0.91,0.18,38.09
2845,279143820,-1.95,-25.88,-999.02,-1.04,-0.43,0.06,38.09
2846,279147869,0.98,-27.34,-995.61,-1.10,-0.91,0.12,38.19
2847,279151926,-0.98,-25.88,-1000.98,-1.10,-0.85,0.30,38.19
2848,279155976,0.98,-28.81,-1004.39,-0.98,-0.49,0.06,38.19
2849,279161770,4.39,-21.48,-997.07,-1.16,-0.79,0.43,38.24
2850,279165820,1.95,-27.34,-1000.00,-1.16,-0.85,0.30,38.57
2851,279169869,-0.98,-27.34,-997.56,-1.16,-0.73,0.12,38.09
2852,279173926,3.91,-22.95,-1002.44,-1.16,-0.73,0.12,38.05
2853,279179770,0.98,-25.39,-1002.93,-1.04,-0.61,0.06,38.09
2854,279183820,1.46,-25.88,-997.56,-1.04,-0.85,0.37,38.00
2855,279187869,-2.44,-27.83,-995.12,-1.10,-0.73,0.24,38.19
2856,279191926,1.95,-24.90,-999.02,-1.28,-0.79,0.12,38.43
2857,279195976,4.39,-23.93,-996.58,-1.04,-0.79,0.18,38.09
2858,279201770,-2.44,-23.93,-999.51,-0.98,-1.04,0.18,37.90
2859,279205820,4.39,-24.41,-1001.95,-1.16,-0.61,0.18,38.19
2860,279209869,4.39,-21.48,-1000.00,-1.28,-0.61,0.30,38.33
2861,279213926,-1.46,-29.79,-998.05,-1.22,-1.10,0.24,38.24
2862,279217976,-3.42,-30.76,-1000.00,-0.98,-0.98,0.24,37.85
2863,279223770,-5.86,-27.83,-998.54,-1.16,-0.61,0.30,38.09
2864,279227820,3.42,-27.83,-999.51,-1.10,-0.61,0.30,38.24
2865,279231869,0.00,-29.79,-995.61,-1.16,-0.91,0.55,38.24
2866,279235927,2.44,-27.83,-998.05,-1.16,-0.85,0.43,38.38
2867,279239976,0.49,-21.00,-1000.49,-0.98,-0.55,0.18,38.33
2868,279245770,5.86,-28.81,-998.05,-0.98,-0.91,0.30,38.05
2869,279249820,-1.95,-24.41,-996.09,-1.10,-0.91,0.30,38.09
2870,279253869,-1.95,-21.48,-999.02,-1.10,-0.79,0.18,38.19
2871,279257926,-1.46,-23.44,-999.51,-1.04,-0.55,0.12,38.09
2872,279261976,-2.44,-24.41,-996.58,-1.16,-0.67,0.30,38.19
2873,279267770,3.42,-24.90,-993.16,-1.04,-0.85,0.49,38.33
2874,279271820,-1.95,-25.88,-1001.95,-1.22,-0.61,0.00,38.52
2875,279275869,1.95,-25.88,-996.58,-1.28,-0.61,0.24,37.90
2876,279279926,4.39,-29.30,-999.51,-0.91,-0.79,0.06,38.24
2877,279283976,4.39,-25.39,-997.56,-1.40,-0.79,0.30,38.19
2878,279289770,1.46,-29.30,-1000.98,-1.04,-0.98,0.49,38.09
2879,279293820,-0.49,-24.90,-996.09,-0.98,-0.61,0.30,38.24
2880,279297869,-1.95,-27.83,-1000.49,-0.98,-0.73,0.49,38.05
2881,279301926,-2.44,-28.32,-998.54,-1.04,-0.98,0.24,38.19
2882,279305976,1.95,-29.30,-1000.49,-0.98,-0.79,0.24,38.24
2883,279311770,-1.46,-25.39,-997.07,-0.98,-0.79,0.18,38.19
2884,279315820,-0.49,-27.34,-995.12,-0.91,-0.85,0.43,38.43
2885,279319869,3.42,-24.41,-998.05,-0.91,-0.91,0.43,38.09
2886,279323927,0.00,-27.34,-1000.98,-1.22,-0.79,0.18,38.05
2887,279327976,2.44,-26.86,-997.07,-0.91,-0.67,0.06,38.09
2888,279333770,0.49,-27.34,-996.58,-1.04,-0.67,0.24,38.09
2889,279337820,-0.49,-27.34,-1000.00,-1.22,-0.85,0.24,38.43
2890,279341869,0.98,-26.37,-998.54,-1.22,-0.43,0.24,38.19
2891,279345926,1.46,-24.41,-997.07,-0.91,-0.67,0.24,38.05
2892,279349976,-6.84,-24.41,-1000.98,-1.22,-0.79,0.43,38.19
2893,279355770,1.95,-26.37,-1001.95,-1.04,-0.67,0.30,38.05
2894,279359820,4.39,-22.46,-1001.95,-1.10,-0.61,0.18,38.19
2895,279363869,-2.93,-22.46,-998.05,-1.04,-0.73,0.12,38.05
2896,279367926,-2.93,-22.95,-1001.46,-1.10,-0.67,0.24,38.19
2897,279371976,-0.98,-24.41,-1000.98,-1.04,-0.73,0.06,38.24
2898,279377770,3.91,-25.88,-1002.44,-1.28,-0.49,0.43,38.19
2899,279381820,7.32,-23.93,-998.54,-1.16,-0.55,0.30,38.24
2900,279385869,0.49,-24.90,-1004.88,-1.10,-0.79,0.18,38.33
2901,279389926,3.42,-23.44,-997.07,-1.04,-0.67,0.12,37.85
2902,279395770,0.00,-21.97,-997.07,-1.10,-0.79,0.30,38.38
2903,279399820,-0.49,-22.95,-996.09,-0.91,-0.85,0.43,38.09
2904,279403869,-1.46,-22.46,-1001.95,-1.10,-0.73,0.43,38.09
2905,279407927,-2.93,-22.95,-997.56,-1.16,-0.73,0.24,38.19
2906,279411976,0.49,-24.41,-998.05,-1.16,-0.79,0.37,38.38
2907,279417770,0.49,-25.88,-998.54,-0.98,-0.85,0.24,38.05
2908,279421820,-2.44,-23.93,-1000.00,-1.40,-0.49,0.30,38.19
2909,279425869,1.95,-26.37,-999.51,-0.91,-1.04,0.06,38.19
2910,279429927,-3.91,-25.39,-1000.98,-1.04,-0.85,0.24,38.19
2911,279433976,2.93,-24.41,-1000.49,-1.10,-0.73,0.49,38.43
2912,279439770,-0.49,-24.90,-995.61,-1.16,-0.49,0.24,37.90
2913,279443820,0.49,-28.32,-996.58,-1.10,-0.79,0.24,38.19
2914,279447869,-1.46,-29.79,-1000.49,-1.10,-0.85,0.18,38.24
2915,279451927,0.49,-23.93,-1000.49,-1.04,-0.79,0.24,38.09
2916,279455976,-0.98,-26.37,-1002.93,-0.98,-0.73,0.06,38.24
2917,279461770,3.91,-23.93,-996.09,-1.04,-0.73,-0.06,38.09
2918,279465820,-2.44,-25.39,-996.09,-1.16,-0.67,0.06,38.05
2919,279469869,-4.88,-23.93,-1005.37,-0.85,-0.49,0.18,38.00
2920,279473927,1.95,-22.95,-1001.46,-1.04,-0.67,0.06,38.00
2921,279477976,-2.44,-26.37,-997.56,-0.85,-0.79,0.18,38.38
2922,279483770,0.49,-24.41,-997.07,-1.22,-0.67,0.30,38.19
2923,279487820,0.98,-23.44,-999.51,-1.04,-0.79,0.24,38.19
2924,279491869,1.95,-26.86,-997.56,-1.04,-0.49,0.24,37.90
2925,279495926,4.88,-24.41,-998.54,-1.04,-0.91,0.12,38.24
2926,279499976,-0.49,-26.86,-997.07,-1.10,-0.79,0.37,38.33
2927,279505770,-0.49,-25.88,-1001.46,-0.73,-0.37,0.37,38.19
2928,279509820,-2.44,-26.86,-997.07,-1.16,-0.67,0.30,38.43
2929,279513869,-2.44,-24.41,-999.51,-1.16,-0.73,0.06,38.19
2930,279517926,-1.95,-24.41,-996.58,-1.22,-0.79,0.12,38.19
2931,279521976,-1.46,-26.86,-999.02,-1.10,-0.55,0.12,38.43
2932,279527770,0.00,-24.41,-998.54,-1.16,-0.61,0.12,38.00
2933,279531820,-0.49,-25.39,-997.07,-0.91,-0.61,0.37,38.19
2934,279535869,1.46,-24.41,-1001.95,-1.10,-0.61,0.30,38.38
2935,279539926,3.42,-22.95,-997.56,-1.16,-0.49,0.30,38.09
2936,279543976,4.88,-26.37,-997.07,-1.22,-0.73,0.18,38.19
2937,279549770,-0.98,-24.90,-1000.98,-1.04,-0.85,0.24,38.00
2938,279553820,0.00,-28.81,-997.07,-1.04,-0.61,0.18,38.38
2939,279557869,2.44,-25.88,-999.51,-0.98,-0.67,0.37,38.09
2940,279561926,1.95,-26.37,-995.12,-0.98,-0.73,0.43,38.09
2941,279565976,0.00,-28.32,-999.51,-1.34,-0.79,0.24,38.38
2942,279571770,-1.95,-25.39,-996.58,-1.28,-0.67,0.06,38.33
2943,279575820,6.35,-22.95,-1000.00,-0.98,-0.79,0.00,38.05
2944,279579869,-1.46,-28.81,-1000.98,-1.22,-0.98,0.00,38.24
2945,279583926,0.98,-29.79,-999.02,-1.04,-0.61,0.18,38.19
2946,279587976,-2.44,-25.88,-999.02,-1.28,-0.85,0.18,38.19
2947,279593770,3.42,-26.86,-995.61,-1.16,-0.79,0.18,38.33
2948,279597820,3.42,-25.88,-998.05,-0.98,-0.98,0.49,38.43
2949,279601869,-3.91,-31.25,-998.54,-0.91,-0.73,0.43,38.09
2950,279605926,-3.91,-24.41,-998.54,-1.04,-0.55,0.24,38.19
2951,279611770,2.44,-26.86,-997.56,-1.10,-0.91,0.30,38.38
2952,279615820,-2.44,-26.86,-1001.46,-1.34,-0.67,0.18,38.00
2953,279619869,1.95,-25.88,-1001.46,-0.98,-0.79,0.00,38.05
2954,279623927,-0.49,-21.00,-997.07,-1.16,-0.79,0.12,38.33
2955,279627976,-3.91,-23.44,-999.51,-1.28,-0.85,0.12,38.19
2956,279633770,-2.93,-27.34,-999.02,-0.98,-0.67,0.24,38.05
2957,279637820,4.88,-24.90,-999.51,-0.85,-0.67,0.12,38.38
2958,279641869,0.98,-22.46,-996.58,-1.10,-0.79,0.24,38.19
2959,279645926,-1.46,-22.46,-997.07,-0.98,-0.73,0.24,38.09
2960,279649976,-0.98,-24.90,-1001.46,-1.04,-0.79,0.30,38.19
2961,279655770,6.35,-24.90,-999.02,-0.98,-0.61,0.24,38.33
2962,279659820,0.49,-24.90,-998.05,-1.16,-0.91,0.43,38.05
2963,279663869,6.35,-28.32,-995.61,-1.04,-0.61,0.24,38.33
2964,279667926,0.49,-22.95,-1001.46,-1.10,-0.55,0.43,38.09
2965,279671976,2.93,-21.48,-995.61,-0.85,-0.73,0.24,38.19
2966,279677770,-3.42,-26.86,-1000.49,-0.91,-0.73,0.43,38.19
2967,279681820,4.39,-25.39,-1000.98,-1.04,-0.79,0.24,38.19
2968,279685869,1.46,-28.32,-1000.98,-1.10,-0.61,0.18,37.90
2969,279689926,4.39,-21.97,-996.58,-1.10,-0.67,0.06,38.24
2970,279693976,0.49,-28.32,-996.09,-0.73,-1.10,0.37,38.33
2971,279699770,-1.46,-25.88,-999.02,-1.22,-0.61,0.30,38.19
2972,279703820,0.00,-33.20,-1003.42,-1.22,-0.55,0.18,38.00
2973,279707869,3.42,-27.34,-996.58,-1.16,-0.73,0.00,38.24
2974,279711926,-3.91,-21.97,-1000.00,-0.98,-0.79,0.37,38.00
2975,279715976,-0.98,-26.86,-1000.49,-1.10,-0.73,0.18,38.19
2976,279721770,0.49,-23.93,-997.56,-1.10,-0.49,0.06,38.05
2977,279725820,1.46,-29.30,-997.56,-1.10,-0.73,0.30,38.19
2978,279729869,-1.95,-30.76,-996.09,-0.98,-0.79,0.12,38.05
2979,279733927,1.95,-30.27,-1000.00,-1.16,-0.98,0.18,38.33
2980,279737976,-0.98,-24.41,-996.09,-1.16,-0.73,0.06,38.33
2981,279743770,4.39,-28.32,-998.54,-0.91,-1.04,0.12,38.00
2982,279747820,-1.46,-27.34,-998.05,-1.04,-0.73,0.18,38.19
2983,279751869,2.93,-25.39,-999.02,-1.28,-0.91,0.12,38.33
2984,279755926,2.44,-23.93,-998.05,-1.16,-0.67,-0.12,38.24
2985,279759976,0.49,-23.93,-995.12,-0.85,-0.79,0.12,38.24
2986,279765770,-1.95,-27.83,-998.54,-1.04,-0.91,0.24,38.33
2987,279769820,0.49,-32.23,-1000.98,-1.04,-0.37,0.12,38.38
2988,279773869,0.00,-22.46,-1001.95,-0.79,-0.73,-0.06,38.33
2989,279777927,2.93,-27.83,-1001.95,-1.28,-0.91,0.12,38.09
2990,279781976,2.44,-24.90,-997.56,-1.16,-0.61,0.18,38.24
2991,279787770,-1.46,-18.55,-1003.91,-1.10,-0.61,0.06,38.09
2992,279791820,3.42,-20.02,-998.05,-0.85,-0.67,0.55,38.33
2993,279795869,-1.95,-26.86,-993.16,-0.91,-0.79,0.18,38.57
2994,279799926,-1.46,-25.88,-998.54,-0.98,-0.73,0.30,38.00
2995,279805770,-0.98,-28.32,-997.56,-1.22,-0.85,0.43,37.85
2996,279809820,4.39,-25.39,-996.09,-0.98,-0.55,0.24,38.19
2997,279813869,-1.95,-20.51,-998.05,-0.98,-0.73,0.37,38.19
2998,279817926,0.98,-22.95,-999.51,-1.04,-0.67,0.30,38.33
2999,279821976,0.00,-23.93,-994.63,-0.91,-0.61,0.18,38.19
3000,279826025,2.44,-24.90,-995.61,-1.10,-0.91,0.12,38.33
3001,279831770,0.98,-23.93,-995.12,-1.16,-0.73,0.30,38.43
3002,279835820,4.39,-23.93,-994.14,-0.91,-0.91,0.12,38.43
3003,279839869,2.93,-23.44,-997.56,-1.16,-0.85,0.12,38.09
3004,279843927,0.49,-27.83,-996.58,-1.16,-0.91,0.24,38.33
3005,279849770,3.91,-29.30,-1000.98,-1.16,-0.73,0.24,38.38
3006,279853820,-3.91,-26.37,-1000.00,-1.10,-0.61,0.18,38.19
3007,279857869,3.42,-25.39,-998.54,-1.04,-0.73,0.12,38.19
3008,279861927,2.44,-24.90,-997.56,-1.10,-0.98,0.43,38.05
3009,279865976,0.49,-21.48,-996.09,-1.04,-0.98,0.24,38.52
3010,279871770,4.88,-23.44,-995.61,-1.22,-0.79,0.18,38.52
3011,279875820,3.91,-23.44,-994.14,-1.34,-0.85,0.37,38.05
3012,279879869,-0.49,-29.30,-1000.00,-1.04,-1.04,0.30,38.00
3013,279883927,2.44,-29.79,-1000.49,-1.10,-0.73,0.24,38.43
3014,279887976,0.49,-24.90,-995.61,-1.04,-0.55,0.24,38.24
3015,279893770,-2.93,-24.90,-996.09,-1.16,-0.61,0.30,38.24
3016,279897820,0.98,-23.44,-997.56,-1.04,-0.61,0.37,38.24
3017,279901869,-1.46,-23.44,-1000.98,-1.22,-0.85,0.43,38.19
3018,279905926,7.81,-26.86,-995.61,-1.40,-0.67,0.06,38.24
3019,279909976,-2.44,-23.44,-999.02,-0.79,-0.79,0.30,38.24
3020,279915770,-1.46,-22.95,-994.63,-1.16,-0.79,0.18,38.43
3021,279919820,3.91,-21.97,-999.02,-1.10,-0.49,0.43,38.33
3022,279923869,0.00,-23.93,-995.61,-1.16,-0.85,0.12,38.05
3023,279927926,0.00,-21.00,-995.12,-0.91,-0.98,0.24,37.66
3024,279931976,0.49,-25.39,-997.56,-0.91,-0.73,0.30,38.38
3025,279937770,2.93,-24.41,-996.58,-1.04,-0.79,0.30,38.33
3026,279941820,0.98,-22.95,-996.09,-1.10,-0.67,0.12,38.33
3027,279945869,3.42,-22.95,-1000.98,-1.04,-1.10,0.43,38.09
3028,279949927,-0.98,-25.88,-1000.00,-1.22,-0.67,0.18,38.38
3029,279953976,7.32,-26.37,-993.65,-1.16,-0.67,0.18,38.38
3030,279959770,0.00,-25.39,-1001.95,-1.10,-0.85,0.24,38.33
3031,279963820,0.49,-24.41,-996.09,-0.98,-0.67,0.24,38.00
3032,279967869,1.95,-27.34,-1002.44,-1.22,-0.61,0.30,38.24
3033,279971926,0.00,-26.86,-1002.44,-0.91,-0.49,0.18,38.05
3034,279975976,0.00,-26.86,-999.02,-0.79,-0.91,0.06,38.00
3035,279981770,0.49,-21.48,-996.09,-1.16,-0.73,0.18,38.24
3036,279985820,5.86,-23.93,-997.07,-1.34,-0.67,0.24,38.33
3037,279989869,0.98,-26.86,-998.05,-1.10,-0.79,0.24,38.24
3038,279993927,0.98,-28.32,-997.07,-1.10,-0.67,0.18,38.00
3039,279997976,-1.46,-28.81,-1000.00,-1.04,-0.98,0.37,38.33
3040,280003770,0.49,-26.37,-1000.00,-1.04,-0.43,0.37,38.24
3041,280007820,4.88,-24.41,-1000.00,-1.16,-0.73,0.24,38.33
3042,280011869,6.35,-27.34,-999.02,-1.34,-0.91,0.30,38.24
3043,280015926,-1.46,-23.44,-999.02,-0.98,-0.91,0.37,38.09
3044,280021770,0.98,-24.90,-997.07,-0.91,-0.67,0.37,38.19
3045,280025820,4.39,-25.88,-996.09,-1.28,-0.79,0.24,38.00
3046,280029869,-0.98,-27.34,-997.56,-1.04,-0.73,0.24,38.33
3047,280033926,-1.95,-21.97,-1000.00,-1.10,-0.73,0.12,38.38
3048,280037976,-1.46,-27.34,-994.63,-1.16,-0.49,0.24,38.00
3049,280043770,-0.98,-23.44,-996.09,-1.22,-0.91,0.24,37.90
3050,280047820,-1.46,-24.41,-998.05,-1.16,-0.79,0.24,38.33
3051,280051869,2.44,-21.48,-999.51,-1.28,-0.61,0.30,38.19
3052,280055926,-1.95,-23.44,-996.09,-1.22,-0.73,0.18,38.19
3053,280059976,-1.95,-25.88,-999.51,-1.22,-0.91,0.12,38.00
3054,280065770,-1.95,-22.95,-1000.00,-1.22,-0.67,0.49,38.24
3055,280069820,2.93,-23.44,-995.12,-1.16,-0.61,0.24,38.09
3056,280073869,-0.98,-25.39,-994.14,-1.04,-0.55,0.43,38.19
3057,280077927,-3.42,-28.32,-996.09,-1.16,-0.67,0.30,38.43
3058,280081976,7.32,-27.83,-999.02,-1.10,-0.79,0.43,38.00
3059,280087770,4.88,-21.97,-999.51,-0.98,-0.67,0.43,38.24
3060,280091820,3.91,-22.95,-995.12,-1.28,-0.91,0.18,38.24
3061,280095869,-1.46,-27.83,-998.54,-0.85,-0.79,0.30,37.85
3062,280099926,2.44,-21.48,-997.56,-1.10,-0.73,0.18,38.19
3063,280103976,2.44,-23.44,-997.07,-1.16,-0.79,0.43,38.24
3064,280109770,0.98,-23.93,-996.58,-1.28,-0.85,0.24,38.19
3065,280113820,-1.95,-30.27,-997.56,-0.98,-0.67,0.30,38.19
3066,280117869,1.95,-23.44,-996.58,-0.98,-0.85,0.06,37.85
3067,280121926,7.81,-28.32,-997.07,-1.22,-0.79,0.30,38.33
3068,280125976,0.98,-27.83,-993.16,-0.98,-0.85,0.37,38.52
3069,280131770,-5.86,-24.41,-1001.46,-0.98,-0.79,0.30,38.38
3070,280135820,0.00,-26.86,-995.61,-1.22,-0.61,0.37,38.19
3071,280139869,3.42,-31.25,-996.09,-1.22,-0.79,0.18,37.90
3072,280143927,-2.93,-25.39,-999.02,-1.28,-0.79,0.18,38.00
3073,280147976,1.95,-25.88,-1002.93,-1.10,-0.49,0.24,38.43
3074,280153770,2.44,-21.97,-997.07,-1.10,-0.73,0.24,38.33
3075,280157820,2.44,-23.93,-995.61,-1.16,-0.67,0.30,38.24
3076,280161869,2.44,-26.37,-993.65,-0.91,-0.91,0.00,38.33
3077,280165926,3.42,-28.32,-1000.49,-1.22,-0.67,0.06,38.19
3078,280169976,1.95,-22.95,-998.05,-0.91,-0.37,0.24,38.24
3079,280175770,4.39,-22.95,-993.65,-1.04,-0.73,0.24,38.19
3080,280179820,0.98,-28.32,-998.54,-1.22,-0.79,0.43,38.38
3081,280183869,1.95,-23.44,-1001.46,-1.22,-0.43,0.37,38.24
3082,280187926,1.95,-17.58,-1000.49,-1.10,-0.49,0.37,38.19
3083,280191976,2.44,-20.51,-1000.00,-1.22,-0.98,0.06,38.43
3084,280197770,1.46,-27.34,-998.05,-1.04,-0.61,0.06,38.05
3085,280201820,3.91,-22.95,-999.02,-1.10,-0.73,0.24,38.09
3086,280205869,-0.98,-24.90,-997.56,-1.04,-0.79,0.18,37.90
3087,280209926,-0.49,-26.37,-996.58,-1.10,-0.91,0.18,38.24
3088,280213976,-0.49,-25.88,-1000.00,-1.10,-0.67,0.18,38.33
3089,280219770,2.93,-24.90,-1000.00,-1.04,-0.61,0.12,38.19
3090,280223820,4.88,-19.53,-994.63,-0.79,-0.79,0.43,38.19
3091,280227869,-0.98,-27.34,-995.61,-0.98,-0.85,0.24,38.24
3092,280231927,0.00,-25.88,-997.07,-1.40,-0.61,0.18,38.09
3093,280237770,-0.49,-27.83,-998.54,-0.85,-0.67,0.43,37.90
3094,280241820,1.95,-26.86,-997.07,-1.22,-0.79,0.12,38.05
3095,280245869,-3.42,-27.34,-998.54,-1.10,-0.79,0.30,37.90
3096,280249926,0.98,-24.41,-1000.49,-1.16,-0.79,0.06,38.33
3097,280253976,1.95,-27.34,-996.09,-1.40,-0.43,0.18,38.05
3098,280259770,0.49,-26.37,-994.63,-1.10,-0.67,0.24,38.24
3099,280263820,-2.44,-27.34,-995.61,-1.10,-0.61,0.37,37.90
3100,280267869,0.98,-27.34,-998.05,-0.91,-0.67,0.24,38.19
3101,280271927,-0.49,-27.34,-996.09,-1.04,-0.55,0.24,38.24
3102,280275976,-1.46,-27.34,-999.51,-1.04,-0.67,0.12,38.00
3103,280281770,2.44,-27.83,-1003.42,-1.40,-0.85,0.30,38.33
3104,280285820,-0.49,-23.44,-994.14,-1.04,-0.61,0.06,38.09
3105,280289869,0.00,-18.07,-992.68,-1.22,-1.04,0.43,38.24
3106,280293926,-1.46,-23.44,-993.65,-1.34,-0.79,0.37,38.24
3107,280297976,0.00,-23.44,-1003.42,-1.22,-0.73,0.18,38.05
3108,280303770,0.98,-26.86,-999.51,-1.16,-0.61,0.18,38.24
3109,280307820,-0.98,-26.37,-994.63,-1.10,-0.85,0.24,38.00
3110,280311869,0.98,-26.86,-995.61,-1.16,-0.79,0.30,38.24
3111,280315926,1.46,-26.37,-1001.46,-1.10,-0.73,0.12,38.19
3112,280319976,0.98,-23.93,-997.56,-0.91,-0.73,0.18,38.33
3113,280325770,-1.95,-24.90,-997.56,-1.28,-0.98,0.30,38.43
3114,280329820,-2.93,-27.83,-993.65,-1.22,-0.73,0.30,38.33
3115,280333869,6.84,-29.79,-1000.98,-1.16,-0.43,0.18,37.90
3116,280337926,3.42,-27.83,-999.02,-1.34,-0.61,0.12,38.00
3117,280341976,1.46,-26.37,-995.61,-1.22,-0.73,0.12,38.19
3118,280347770,-0.98,-26.86,-996.09,-1.04,-0.73,0.30,38.24
3119,280351820,-4.88,-24.90,-994.14,-1.10,-0.49,0.30,38.05
3120,280355869,1.95,-27.34,-996.58,-1.04,-0.55,0.18,38.24
3121,280359927,1.46,-23.44,-996.09,-1.10,-0.85,0.30,38.19
3122,280363976,0.98,-23.44,-1002.93,-0.85,-0.49,0.00,38.05
3123,280369770,1.46,-24.90,-998.05,-1.10,-0.55,0.30,38.43
3124,280373820,-1.46,-21.48,-993.65,-0.91,-0.91,0.12,38.57
3125,280377869,-5.86,-26.37,-995.12,-0.98,-0.73,0.12,38.05
3126,280381927,-0.98,-22.46,-995.12,-1.40,-0.55,0.49,38.05
3127,280385976,1.95,-29.79,-999.02,-1.22,-0.67,0.06,38.33
3128,280391770,0.00,-26.86,-998.05,-1.16,-0.85,-0.12,38.19
3129,280395820,-2.44,-22.46,-999.02,-1.28,-0.61,0.24,38.19
3130,280399869,-1.46,-22.46,-1000.49,-1.16,-0.49,0.18,38.19
3131,280403927,-0.98,-25.39,-998.54,-0.85,-0.67,0.06,38.33
3132,280407976,-1.95,-26.86,-994.63,-1.10,-0.67,0.49,38.19
3133,280413770,-2.93,-26.37,-998.05,-0.98,-0.67,0.55,38.24
3134,280417820,1.95,-24.41,-999.51,-0.91,-0.30,0.30,38.19
3135,280421869,1.95,-23.44,-994.14,-1.10,-0.37,0.12,38.24
3136,280425926,-0.98,-27.83,-995.12,-1.04,-0.79,0.12,38.00
3137,280429976,-1.95,-26.37,-997.56,-1.16,-0.55,0.24,38.19
3138,280435770,-2.93,-25.88,-1002.44,-0.91,-0.61,0.43,38.19
3139,280439820,0.49,-24.41,-995.12,-1.04,-0.85,0.18,38.24
3140,280443869,-3.91,-25.39,-997.07,-1.22,-0.67,0.30,38.24
3141,280447927,-1.95,-26.86,-1005.37,-1.04,-0.61,0.12,37.90
3142,280453770,5.37,-20.02,-1001.46,-0.98,-0.61,0.00,38.24
3143,280457820,-0.98,-28.32,-996.58,-1.10,-1.04,0.18,38.33
3144,280461869,-1.46,-28.81,-996.09,-1.10,-0.55,0.18,38.33
3145,280465926,0.00,-25.88,-1000.98,-1.28,-0.55,0.18,38.38
3146,280469976,4.39,-28.32,-998.54,-1.16,-0.67,0.24,38.00
3147,280475770,0.00,-26.86,-999.51,-1.10,-0.67,0.30,38.24
3148,280479820,-0.98,-24.41,-995.61,-1.04,-0.61,0.43,38.33
3149,280483869,-1.46,-24.41,-1003.91,-1.10,-0.43,0.37,38.33
3150,280487927,0.49,-21.97,-996.09,-1.10,-0.67,0.30,38.19
3151,280491976,-3.91,-29.79,-999.51,-0.85,-0.73,0.24,38.33
3152,280497770,-1.46,-23.44,-998.54,-1.16,-0.79,0.43,38.19
3153,280501820,5.37,-23.44,-1000.49,-1.22,-0.55,0.30,38.09
3154,280505869,2.93,-23.93,-1000.00,-1.10,-0.61,0.43,37.85
3155,280509926,-0.49,-26.37,-999.51,-1.16,-0.91,0.18,38.43
3156,280513976,-0.49,-25.88,-1003.91,-1.10,-0.67,0.24,38.38
3157,280519770,-0.98,-23.44,-998.54,-0.98,-0.67,0.37,38.19
3158,280523820,-0.49,-25.39,-998.05,-1.22,-0.91,0.37,38.24
3159,280527869,-4.88,-26.37,-998.05,-1.10,-0.67,0.12,38.33
3160,280531926,-2.93,-23.93,-1001.46,-1.28,-0.73,0.12,38.19
3161,280535976,1.95,-22.95,-996.58,-1.04,-0.55,0.49,38.33
3162,280541770,1.46,-26.37,-997.56,-1.22,-0.67,0.18,38.09
3163,280545820,-0.49,-26.86,-999.51,-1.16,-0.79,0.24,38.24
3164,280549869,3.91,-24.90,-997.07,-1.04,-0.37,0.30,38.19
3165,280553927,1.95,-23.93,-993.65,-1.10,-0.91,0.30,38.19
3166,280557976,1.95,-25.39,-996.09,-1.16,-0.67,0.18,38.33
3167,280563770,4.39,-29.79,-1002.44,-1.10,-0.79,0.37,38.33
3168,280567820,1.46,-24.41,-998.54,-1.22,-0.55,0.55,38.05
3169,280571869,-2.93,-25.88,-996.09,-1.10,-0.79,0.12,38.38
3170,280575926,-3.42,-25.88,-997.07,-1.34,-0.79,0.30,38.52
3171,280579976,2.93,-21.00,-1003.42,-1.10,-1.04,0.37,38.19
3172,280585770,0.49,-24.41,-999.02,-1.10,-0.91,0.12,38.09
3173,280589820,-5.86,-25.39,-1002.93,-1.10,-1.04,0.06,38.24
3174,280593869,-4.88,-27.83,-999.51,-1.28,-0.79,0.24,38.09
3175,280597926,3.91,-24.90,-1000.49,-1.16,-0.55,0.12,38.19
3176,280601976,1.95,-26.37,-997.56,-1.10,-0.61,0.18,38.38
3177,280607770,0.49,-25.39,-1000.49,-1.16,-0.91,0.30,38.33
3178,280611820,0.00,-29.30,-1001.95,-1.46,-0.55,0.30,38.38
3179,280615869,-4.39,-19.04,-999.51,-1.16,-0.61,0.43,38.33
3180,280619927,-0.98,-21.48,-996.09,-1.16,-0.73,0.18,38.05
3181,280623976,0.49,-29.30,-998.05,-0.79,-0.73,0.12,38.00
3182,280629770,-0.49,-23.44,-1000.98,-0.85,-0.61,0.24,38.00
3183,280633820,3.91,-26.37,-991.70,-1.34,-0.55,0.12,38.09
3184,280637869,2.44,-22.95,-995.61,-1.22,-0.91,0.18,38.24
3185,280641926,0.98,-25.88,-1000.00,-1.10,-0.67,0.43,38.05
3186,280647770,0.49,-26.86,-1000.98,-1.04,-0.67,0.37,38.19
3187,280651820,2.93,-25.39,-994.14,-0.98,-0.79,0.24,38.05
3188,280655869,-0.49,-28.32,-994.63,-1.04,-0.79,0.12,38.19
3189,280659926,0.00,-25.88,-1001.46,-0.98,-0.91,0.43,38.24
3190,280663976,0.98,-22.95,-1000.98,-1.34,-0.43,0.24,38.19
3191,280668025,-1.46,-20.02,-1002.44,-1.16,-0.49,0.30,38.38
3192,280673770,-2.44,-22.95,-996.09,-0.85,-0.79,0.12,38.19
3193,280677820,-7.32,-22.95,-1000.49,-1.28,-0.67,0.37,38.19
3194,280681869,0.00,-22.46,-1004.88,-1.28,-0.37,0.30,38.00
3195,280685926,1.46,-28.32,-996.09,-0.91,-0.61,0.37,38.19
3196,280691770,-3.91,-28.81,-995.61,-0.98,-0.98,0.37,38.05
3197,280695820,-1.95,-26.86,-1003.42,-1.10,-0.67,0.43,38.24
3198,280699869,-2.44,-27.34,-996.58,-1.22,-0.43,0.12,38.19
3199,280703926,0.49,-24.90,-996.09,-1.04,-0.61,0.12,38.05
3200,280707976,3.91,-29.79,-996.09,-1.16,-0.85,0.24,38.24
3201,280713770,0.00,-28.32,-998.54,-1.04,-0.61,0.37,38.43
3202,280717820,4.88,-24.41,-996.09,-1.22,-0.85,0.12,38.05
3203,280721869,3.91,-23.44,-999.02,-1.16,-0.85,-0.06,37.90
3204,280725926,1.46,-27.34,-996.09,-1.16,-0.67,0.43,38.19
3205,280729976,-3.91,-26.37,-1000.00,-1.10,-0.67,0.30,38.33
3206,280735770,-1.95,-24.90,-999.51,-0.91,-0.67,0.37,38.24
3207,280739820,1.46,-29.30,-997.56,-1.04,-0.91,0.24,38.52
3208,280743869,0.98,-24.41,-996.09,-1.28,-0.67,0.37,38.05
3209,280747926,0.98,-25.88,-995.61,-0.91,-0.79,0.12,38.19
3210,280751976,5.37,-31.74,-996.09,-1.10,-0.73,0.24,38.52
3211,280757770,-2.93,-25.39,-999.51,-0.91,-0.98,0.24,38.24
3212,280761820,-2.44,-26.86,-999.02,-1.10,-0.49,0.30,38.33
3213,280765869,0.49,-22.46,-997.07,-1.16,-0.61,0.30,38.19
3214,280769926,0.98,-25.88,-998.05,-1.04,-0.73,0.06,38.00
3215,280773976,-0.49,-26.86,-1000.00,-1.16,-0.91,0.24,38.24
3216,280779770,4.88,-23.44,-999.51,-0.98,-0.55,0.12,38.24
3217,280783820,0.49,-22.46,-999.02,-0.91,-0.61,0.24,38.19
3218,280787869,-0.98,-27.34,-997.56,-1.10,-1.04,0.24,38.09
3219,280791926,0.49,-24.41,-999.02,-1.04,-0.91,0.18,38.05
3220,280795976,-2.93,-24.90,-999.02,-0.98,-0.79,0.24,38.09
3221,280801770,-4.88,-25.88,-995.12,-1.40,-0.73,0.43,38.00
3222,280805820,-1.95,-29.30,-1000.00,-1.10,-0.73,0.55,38.38
3223,280809869,0.00,-28.32,-998.05,-0.98,-0.79,0.49,38.38
3224,280813926,0.98,-21.48,-998.54,-1.04,-0.79,0.37,38.38
3225,280817976,1.46,-29.79,-997.07,-1.22,-0.85,0.24,38.00
3226,280823770,0.00,-26.86,-997.56,-0.98,-0.73,0.30,38.38
3227,280827820,-0.49,-27.34,-1001.46,-1.16,-0.30,0.43,38.09
3228,280831869,3.42,-24.41,-998.05,-1.22,-0.91,0.12,38.33
3229,280835926,-0.49,-27.34,-996.58,-1.16,-0.85,0.43,38.00
3230,280839976,0.00,-26.86,-1001.46,-1.04,-0.43,0.24,38.24
3231,280845770,-4.39,-25.39,-998.05,-1.22,-0.49,0.24,38.24
3232,280849820,1.95,-22.95,-998.54,-1.10,-0.61,0.30,38.43
3233,280853869,0.98,-23.93,-1000.49,-1.10,-0.67,0.18,38.33
3234,280857926,1.95,-26.37,-999.02,-0.98,-0.43,0.30,37.90
3235,280863770,4.39,-24.90,-996.58,-0.98,-0.73,0.30,38.33
3236,280867820,2.93,-27.34,-994.63,-0.98,-0.79,0.37,38.24
3237,280871869,2.44,-27.83,-996.58,-1.22,-0.73,0.18,38.00
3238,280875926,0.49,-22.95,-1001.95,-1.34,-0.55,0.49,38.09
3239,280879976,-0.49,-28.81,-997.56,-0.91,-0.67,0.30,38.05
3240,280885770,-1.46,-26.86,-994.14,-0.98,-0.85,0.37,38.19
3241,280889820,-3.91,-30.27,-997.07,-1.40,-0.49,0.24,38.19
3242,280893869,-2.93,-26.37,-999.51,-1.04,-0.67,0.18,38.33
3243,280897926,1.95,-26.86,-1001.46,-1.10,-0.67,0.12,38.05
3244,280901976,-1.46,-28.81,-1003.42,-1.10,-0.79,0.06,38.00
3245,280907770,-3.42,-25.88,-1004.39,-1.16,-0.49,0.12,38.19
3246,280911820,0.98,-20.02,-1000.49,-0.91,-0.49,0.55,38.05
3247,280915869,-2.44,-25.39,-995.61,-1.46,-0.73,0.43,38.19
3248,280919926,-1.95,-20.02,-999.51,-0.91,-0.79,0.12,38.19
3249,280923976,-4.88,-25.88,-1000.98,-1.16,-0.43,0.30,38.19
3250,280929770,2.44,-30.76,-997.07,-0.85,-0.55,0.43,38.19
3251,280933820,0.49,-21.48,-993.65,-1.28,-0.67,0.18,38.52
3252,280937869,-2.44,-26.37,-998.05,-1.16,-0.85,0.37,38.09
3253,280941927,0.49,-21.48,-999.02,-1.04,-0.67,0.18,38.38
3254,280945976,2.44,-21.48,-995.12,-1.28,-0.61,0.18,38.05
3255,280951770,0.49,-22.46,-997.07,-1.16,-0.55,0.24,38.24
3256,280955820,0.49,-28.32,-1001.95,-0.98,-0.79,0.12,38.33
3257,280959869,1.46,-26.37,-998.05,-1.04,-0.79,0.12,38.00
3258,280963927,0.49,-28.81,-995.12,-1.16,-0.79,0.06,38.00
3259,280967976,-1.95,-22.95,-1000.98,-1.16,-0.79,0.24,38.43
3260,280973770,-1.95,-28.32,-1001.46,-1.46,-0.73,0.30,38.19
3261,280977820,1.95,-21.48,-998.54,-1.04,-0.79,0.24,38.43
3262,280981869,2.93,-21.00,-995.12,-1.10,-0.61,0.43,37.90
3263,280985926,0.00,-24.41,-1000.98,-1.22,-0.79,0.30,38.38
3264,280989976,0.98,-27.34,-999.51,-0.91,-0.55,0.24,38.05
3265,280995770,2.93,-21.00,-1000.00,-0.98,-0.49,0.30,38.00
3266,280999820,0.49,-23.44,-1000.00,-1.16,-0.91,0.06,38.33
3267,281003869,-3.42,-22.95,-996.09,-1.28,-0.73,0.37,38.19
3268,281007926,1.95,-21.97,-1000.49,-1.34,-0.85,0.00,38.24
3269,281011976,1.95,-23.44,-994.63,-1.16,-0.61,0.00,38.24
3270,281017770,2.93,-26.37,-1001.95,-1.22,-0.85,0.30,38.38
3271,281021820,2.44,-24.41,-996.58,-1.16,-0.67,0.37,38.24
3272,281025869,-0.98,-27.34,-1000.49,-1.10,-0.55,0.18,38.19
3273,281029926,1.46,-25.39,-997.56,-1.04,-0.73,0.30,38.00
3274,281033976,-4.39,-24.90,-995.61,-0.91,-0.73,0.24,38.33
3275,281039770,4.88,-27.83,-1000.00,-1.10,-0.67,0.43,38.24
3276,281043820,5.86,-26.86,-996.09,-1.10,-0.91,0.06,38.24
3277,281047869,2.44,-24.41,-996.09,-1.10,-0.73,0.18,38.24
3278,281051926,0.00,-24.90,-1004.39,-1.10,-0.67,0.18,38.09
3279,281055976,1.95,-25.88,-999.51,-0.98,-0.55,0.30,38.19
3280,281061770,5.86,-22.95,-998.54,-1.04,-0.73,0.18,38.33
3281,281065820,0.00,-25.88,-1000.49,-1.10,-0.91,0.24,38.09
3282,281069869,0.98,-24.41,-999.02,-1.28,-0.67,0.06,38.24
3283,281073927,1.95,-27.83,-999.02,-1.22,-0.43,0.24,38.33
3284,281079770,3.42,-22.95,-997.07,-1.10,-0.79,0.43,38.38
3285,281083820,3.91,-25.88,-1002.44,-1.10,-0.98,0.37,38.00
3286,281087869,1.46,-24.41,-1001.46,-1.10,-0.61,0.24,38.09
3287,281091926,5.37,-26.37,-999.51,-1.22,-0.55,0.12,38.33
3288,281095976,2.44,-27.34,-999.51,-0.98,-0.91,0.24,38.00
3289,281101770,-3.91,-28.81,-1002.44,-0.98,-0.91,0.30,38.19
3290,281105820,1.95,-26.86,-1000.00,-1.34,-0.73,0.24,38.43
3291,281109869,5.86,-27.83,-994.14,-1.16,-0.73,0.12,38.33
3292,281113926,-0.49,-21.97,-1000.00,-1.10,-0.85,0.43,38.24
3293,281117976,-3.42,-24.41,-1000.98,-1.04,-0.67,0.30,38.19
3294,281123770,-0.49,-22.95,-1004.88,-0.98,-0.67,0.00,38.19
3295,281127820,4.39,-24.41,-995.61,-1.16,-0.67,0.12,38.09
3296,281131869,1.46,-25.88,-998.54,-1.10,-0.79,0.43,38.57
3297,281135926,-2.44,-26.37,-1002.44,-1.16,-0.49,0.24,38.09
3298,281139976,3.91,-26.37,-1001.95,-1.28,-0.79,0.06,38.24
3299,281145770,-1.46,-20.51,-1001.95,-1.04,-0.79,0.24,38.43
3300,281149820,-1.46,-27.83,-998.54,-1.22,-0.85,0.18,38.09
3301,281153869,0.98,-29.30,-1004.88,-1.10,-0.49,0.18,38.19
3302,281157926,0.49,-25.39,-998.05,-1.04,-0.61,0.06,38.38
3303,281161976,0.00,-27.34,-997.07,-0.98,-0.67,0.30,38.33
3304,281167770,-1.95,-23.93,-998.05,-1.28,-0.79,0.37,38.19
3305,281171820,-0.98,-26.37,-1000.98,-0.98,-0.67,0.18,38.24
3306,281175869,2.93,-24.90,-994.14,-1.16,-0.43,0.24,37.90
3307,281179927,4.39,-25.39,-999.51,-0.91,-0.85,0.12,38.33
3308,281183976,-6.84,-28.32,-995.61,-1.16,-0.67,0.37,38.24
3309,281189770,-0.98,-26.37,-1001.95,-1.16,-0.73,0.18,38.33
3310,281193820,4.39,-23.93,-999.51,-1.10,-0.73,0.30,38.19
3311,281197869,-0.49,-24.90,-998.54,-1.10,-0.91,0.24,38.33
3312,281201926,-4.39,-21.48,-1000.49,-0.91,-0.85,0.30,38.24
3313,281205976,0.49,-24.90,-999.51,-1.28,-0.61,0.06,38.19
3314,281211770,0.00,-25.88,-996.09,-1.22,-0.91,0.18,38.33
3315,281215820,1.95,-26.37,-994.63,-0.98,-0.79,0.06,38.00
3316,281219869,0.00,-25.88,-1001.46,-1.04,-0.67,0.37,38.33
3317,281223926,-0.49,-27.83,-997.07,-1.10,-0.61,0.12,38.43
3318,281227976,0.49,-26.37,-991.21,-1.16,-0.67,0.18,38.05
3319,281233770,0.98,-27.34,-999.51,-1.16,-0.85,0.18,38.19
3320,281237820,-0.49,-23.93,-997.56,-1.04,-0.67,0.18,38.43
3321,281241869,1.46,-23.93,-999.02,-1.16,-0.98,0.30,38.24
3322,281245927,1.95,-21.97,-997.07,-1.04,-0.98,0.06,37.85
3323,281249976,0.00,-24.41,-1001.46,-1.10,-0.79,0.18,38.38
3324,281255770,0.00,-27.34,-998.05,-1.04,-0.67,0.37,38.24
3325,281259820,-1.95,-20.02,-995.12,-1.04,-0.79,0.18,38.33
3326,281263869,-1.46,-27.83,-995.61,-0.85,-0.79,0.30,38.38
3327,281267926,1.46,-22.95,-1001.46,-1.10,-0.55,0.24,37.90
3328,281271976,0.49,-22.95,-1000.98,-1.22,-0.73,0.30,38.24
3329,281277770,2.93,-24.90,-996.09,-1.10,-0.85,0.12,38.24
3330,281281820,-1.95,-25.39,-999.51,-1.22,-0.61,0.37,38.09
3331,281285869,1.95,-28.32,-1000.98,-1.04,-0.61,0.24,38.09
3332,281289926,-3.42,-23.93,-998.54,-1.16,-0.85,0.30,38.19
3333,281295770,-6.84,-27.83,-995.61,-1.10,-0.85,0.18,38.24
3334,281299820,-0.98,-26.37,-998.05,-1.10,-0.85,0.18,38.33
3335,281303869,-3.42,-24.41,-1001.46,-1.16,-0.61,0.37,38.52
3336,281307926,-1.95,-28.81,-998.05,-1.10,-0.85,0.37,38.19
3337,281311976,0.00,-26.86,-996.09,-0.98,-0.79,0.18,38.00
3338,281317770,1.46,-23.44,-1001.46,-1.28,-0.55,0.30,38.05
3339,281321820,-3.91,-25.88,-1000.00,-1.40,-0.43,-0.12,38.24
3340,281325869,1.95,-21.97,-997.07,-0.91,-0.85,0.24,38.24
3341,281329926,2.93,-29.30,-996.09,-0.91,-0.85,0.12,38.38
3342,281333976,0.98,-26.86,-995.12,-1.22,-0.91,0.43,38.24
3343,281339770,0.00,-22.46,-998.54,-1.34,-0.73,0.24,38.33
3344,281343820,-6.35,-26.86,-993.16,-1.10,-0.67,0.30,38.09
3345,281347869,0.98,-21.00,-1001.46,-1.04,-0.67,0.24,38.19
3346,281351926,0.00,-21.97,-997.07,-0.85,-0.49,0.24,38.19
3347,281355976,1.46,-22.95,-999.51,-0.98,-0.49,0.06,38.09
3348,281361770,0.98,-21.48,-998.05,-1.40,-0.85,0.24,38.19
3349,281365820,-1.95,-27.83,-999.51,-1.16,-0.85,0.30,38.05
3350,281369869,2.93,-25.39,-996.09,-1.16,-0.43,0.30,38.00
3351,281373926,1.46,-22.46,-994.14,-0.85,-0.79,0.18,38.33
3352,281377976,-0.49,-23.93,-1000.98,-1.04,-0.98,0.18,38.00
3353,281383770,-2.44,-21.00,-999.02,-0.91,-0.61,0.37,38.24
3354,281387820,1.95,-26.37,-997.56,-1.10,-0.79,0.12,38.09
3355,281391869,5.37,-22.95,-997.07,-1.10,-0.67,0.30,38.05
3356,281395926,0.00,-24.90,-1002.93,-1.04,-0.85,0.30,38.00
3357,281399976,-2.93,-21.48,-1000.49,-1.10,-0.85,0.30,38.19
3358,281405770,1.95,-23.93,-999.51,-1.04,-0.61,0.18,38.24
3359,281409820,0.00,-23.93,-994.63,-1.04,-0.79,0.37,38.09
3360,281413869,0.98,-25.88,-997.56,-1.10,-0.98,0.18,38.19
3361,281417926,1.95,-23.93,-1001.46,-1.22,-0.61,0.24,38.05
3362,281421976,1.46,-24.90,-997.07,-1.16,-0.79,0.12,38.33
3363,281427770,0.00,-29.30,-998.54,-1.16,-0.73,0.18,38.19
3364,281431820,-3.42,-25.88,-1004.39,-1.10,-0.43,0.30,38.33
3365,281435869,-1.46,-24.41,-999.51,-1.04,-0.49,0.18,38.09
3366,281439927,-2.44,-24.90,-995.61,-1.16,-0.79,0.37,38.19
3367,281443976,1.95,-27.83,-993.65,-0.85,-0.85,0.30,38.19
3368,281449770,-2.93,-24.90,-1001.46,-1.22,-0.79,0.24,38.33
3369,281453820,0.00,-23.93,-1000.98,-1.10,-0.73,0.24,38.09
3370,281457869,1.95,-29.79,-998.05,-1.04,-0.85,0.24,38.38
3371,281461926,-0.98,-26.86,-995.61,-1.10,-0.85,0.43,38.19
3372,281465976,0.00,-28.81,-997.07,-1.04,-0.61,0.18,38.19
3373,281471770,0.98,-24.41,-999.02,-1.10,-0.67,0.00,38.00
3374,281475820,-1.46,-25.88,-993.65,-1.16,-0.61,0.24,38.05
3375,281479869,0.00,-23.44,-1000.49,-1.04,-1.04,0.24,38.24
3376,281483927,-1.46,-27.34,-999.02,-1.28,-0.73,0.37,37.85
3377,281489770,1.95,-24.90,-998.05,-1.04,-0.73,0.24,37.85
3378,281493820,0.49,-26.37,-993.16,-1.10,-1.10,0.30,38.05
3379,281497869,-2.93,-24.41,-1000.49,-1.04,-0.67,0.24,38.24
3380,281501927,1.95,-25.88,-999.51,-1.04,-0.61,0.37,38.09
3381,281505976,2.93,-22.46,-994.63,-0.98,-0.61,0.24,38.05
3382,281510025,0.98,-25.39,-996.58,-1.04,-0.67,0.18,38.24
3383,281515770,1.46,-25.88,-999.02,-1.28,-0.79,0.43,38.33
3384,281519820,-2.44,-23.44,-997.07,-0.98,-0.67,0.24,38.43
3385,281523869,0.49,-26.37,-1000.00,-1.16,-0.85,0.37,38.05
3386,281527926,-1.95,-23.44,-999.51,-1.10,-0.79,0.24,38.09
3387,281533770,0.49,-24.90,-1003.91,-0.98,-0.79,0.24,38.09
3388,281537820,4.88,-24.90,-995.12,-1.16,-0.49,-0.06,38.09
3389,281541869,-3.91,-22.46,-998.54,-1.28,-0.67,0.24,38.00
3390,281545926,-2.44,-25.39,-999.51,-0.85,-0.49,0.30,38.33
3391,281549976,-4.39,-23.44,-1000.49,-1.22,-0.61,0.24,38.09
3392,281555770,-0.49,-24.90,-994.14,-1.28,-0.73,0.49,38.24
3393,281559820,0.98,-21.48,-994.63,-1.10,-0.67,0.18,38.19
3394,281563869,0.00,-24.41,-995.12,-1.10,-0.49,0.18,38.05
3395,281567926,3.91,-25.88,-1000.49,-0.98,-0.79,0.37,38.24
3396,281571976,1.95,-25.88,-998.05,-1.22,-0.55,0.37,38.19
3397,281577770,-2.44,-27.83,-998.54,-1.04,-0.73,0.30,37.85
3398,281581820,-5.86,-24.41,-997.56,-0.98,-0.49,0.37,38.24
3399,281585869,2.93,-23.44,-998.54,-1.16,-0.43,0.24,38.00
3400,281589926,-0.98,-27.34,-1000.00,-1.04,-0.85,0.18,38.19
3401,281593976,-1.46,-25.39,-999.02,-1.04,-0.79,0.24,38.19
3402,281599770,1.95,-23.93,-1002.93,-1.10,-0.37,0.18,38.24
3403,281603820,3.42,-21.97,-994.14,-0.98,-0.49,0.24,38.24
