seq,timestamp_us,ax_mg,ay_mg,az_mg,gx_dps,gy_dps,gz_dps,temp_c
0,413623074,187.50,0.98,987.30,-1.28,-0.37,0.37,37.90
1,413627139,195.31,3.91,978.52,-1.34,-0.43,0.12,37.71
2,413631188,197.75,5.86,981.45,-1.16,0.00,0.49,38.00
3,413635238,188.48,0.49,987.79,-1.28,0.18,0.43,37.71
4,413639288,188.48,0.49,987.79,-1.34,0.30,0.55,37.85
5,413643337,186.04,3.91,989.26,-1.28,0.24,0.49,37.71
6,413647387,191.41,8.30,979.49,-1.40,-0.30,0.79,37.66
7,413651437,196.78,3.91,986.82,-1.95,-0.12,0.73,37.90
8,413655486,180.18,2.93,986.82,-2.26,0.12,0.61,38.00
9,413661770,181.15,0.00,988.77,-1.95,-0.61,0.61,37.71
10,413665820,181.15,0.00,988.77,-1.83,-1.28,0.55,37.85
11,413669869,185.06,0.00,991.21,-1.77,-1.40,0.55,37.52
12,413673926,187.50,-1.46,989.75,-1.83,-1.52,0.85,37.81
13,413677976,190.43,5.86,987.30,-1.71,-1.52,0.49,37.66
14,413682025,190.92,-0.98,987.30,-1.77,-1.59,0.24,37.85
15,413687770,186.52,-0.98,990.23,-1.77,-1.65,0.37,37.85
16,413691820,184.57,-0.98,993.16,-1.46,-1.71,-0.06,37.90
17,413695869,189.45,0.98,989.26,-1.34,-1.77,0.37,37.52
18,413699926,191.89,-2.93,987.30,-1.52,-1.77,0.30,37.71
19,413703976,191.89,1.46,982.42,-1.28,-1.52,0.24,37.85
20,413709770,192.38,5.86,980.47,-1.52,-0.79,0.37,37.85
21,413713820,188.48,-2.44,985.35,-1.83,-0.67,0.49,37.85
22,413717869,189.94,-2.93,989.75,-1.65,-0.98,0.55,37.85
23,413721927,189.45,-2.93,985.84,-1.59,-0.91,0.24,37.90
24,413725976,187.50,-1.46,986.33,-1.40,-0.79,0.61,37.85
25,413731770,184.08,-2.93,986.82,-1.52,-0.85,0.67,38.00
26,413735820,187.01,-6.35,986.82,-1.22,-1.10,0.55,38.09
27,413739869,193.85,-4.88,988.77,-1.40,-1.04,0.61,37.85
28,413743926,190.92,1.46,984.37,-1.28,-0.98,0.24,37.71
29,413747976,189.94,-1.46,983.89,-1.16,-0.55,0.18,37.90
30,413753770,187.99,-4.39,989.26,-0.85,-0.55,0.30,37.90
31,413757820,189.94,-1.46,979.00,-0.49,-0.67,0.06,37.71
32,413761869,194.34,3.42,981.93,-0.55,-0.55,0.30,38.00
33,413765926,196.29,3.91,988.28,-0.79,-0.73,0.37,38.00
34,413769976,196.78,2.44,990.23,-0.91,-0.24,0.24,37.85
35,413775770,186.04,1.95,986.33,-1.04,-0.06,0.18,37.90
36,413779820,182.13,9.28,980.47,-0.91,-0.30,0.30,37.90
37,413783869,196.78,11.72,975.59,-1.10,-0.06,0.55,37.85
38,413787926,169.92,-4.39,989.26,-1.22,0.30,0.37,37.71
39,413791976,173.83,-8.30,994.63,-0.85,-0.49,0.00,37.85
40,413797770,186.52,6.84,993.65,-0.91,-1.10,0.06,38.00
41,413801820,205.57,16.60,981.45,-1.34,-0.98,0.37,37.85
42,413805869,187.99,7.32,991.21,-1.83,-0.49,0.18,38.19
43,413809926,177.73,0.00,989.26,-1.83,-0.98,0.37,37.66
44,413815770,186.52,7.81,986.82,-1.83,-1.40,0.37,37.66
45,413819820,182.62,3.42,982.91,-1.89,-1.59,0.55,37.66
46,413823869,174.80,0.49,990.23,-1.59,-1.83,0.43,37.66
47,413827926,186.04,2.93,985.84,-1.77,-2.50,0.30,37.85
48,413831976,192.38,8.79,987.30,-2.07,-2.44,0.55,37.71
49,413836025,194.82,5.37,986.82,-2.01,-2.68,0.24,38.00
50,413841770,188.48,9.28,987.79,-2.32,-2.38,0.37,38.00
51,413845820,186.52,3.91,979.98,-2.50,-2.44,0.49,37.71
52,413849869,190.43,-1.95,987.79,-2.62,-2.44,0.85,38.05
53,413853926,189.45,-7.32,985.35,-2.20,-2.13,0.49,37.90
54,413859770,188.48,-3.42,990.72,-2.20,-2.26,0.61,37.71
55,413863820,191.41,-6.35,983.89,-2.01,-2.32,0.61,37.66
56,413867869,186.04,-3.42,990.72,-2.07,-2.26,0.61,38.05
57,413871926,190.92,-8.79,984.86,-1.95,-2.38,0.49,37.71
58,413875976,188.96,-8.30,982.42,-1.71,-2.38,0.61,37.90
59,413881770,189.45,-10.25,983.40,-1.46,-2.26,0.61,37.90
60,413885820,182.62,-13.18,990.23,-0.91,-2.80,0.37,37.90
61,413889869,191.41,0.00,991.21,-0.85,-2.93,0.49,37.81
62,413893926,199.71,2.93,980.47,-0.73,-2.80,0.73,37.85
63,413897976,197.27,0.98,982.91,-0.85,-2.38,1.10,37.71
64,413903770,198.73,-3.91,986.33,-0.79,-2.32,0.91,37.81
65,413907820,200.20,2.44,987.30,-0.73,-1.34,0.73,38.05
66,413911869,200.68,0.49,976.07,-0.61,-1.04,0.79,37.85
67,413915926,197.27,0.98,983.89,-0.98,-0.67,1.04,37.85
68,413919976,194.82,-1.95,984.86,-1.16,-0.43,1.04,37.85
69,413925770,202.15,2.93,983.89,-0.85,-0.06,0.85,37.90
70,413929820,200.20,-6.84,983.40,-1.28,0.18,0.67,38.00
71,413933869,189.45,-5.86,985.35,-1.22,0.49,0.67,37.71
72,413937926,187.50,-5.86,987.30,-0.98,0.24,0.85,37.90
73,413941976,185.06,-13.67,984.86,-0.67,0.00,0.79,37.90
74,413947770,202.64,-6.84,986.82,-0.43,0.30,0.55,37.71
75,413951820,194.34,-1.46,983.89,-0.37,0.37,0.06,37.85
76,413955869,196.29,2.93,983.40,-0.55,0.79,0.49,37.66
77,413959926,186.04,-0.49,987.30,-0.37,0.73,0.55,37.71
78,413963976,187.50,-6.84,985.84,-0.30,0.37,0.00,37.66
79,413969770,186.04,0.49,984.37,-0.18,0.30,0.24,38.00
80,413973820,179.20,4.39,992.68,-0.18,-0.06,0.30,37.90
81,413977869,184.08,5.86,989.26,-0.37,-0.43,0.49,37.85
82,413981926,187.99,8.30,986.33,-0.55,-0.49,0.37,37.66
83,413985976,190.92,8.30,984.86,-0.91,-0.49,0.37,37.85
84,413991770,183.59,2.93,983.89,-0.79,-0.79,0.18,38.00
85,413995820,181.64,2.44,987.30,-0.85,-0.91,0.18,37.66
86,413999869,186.52,-0.98,983.40,-1.22,-0.85,0.30,38.00
87,414003926,186.04,2.44,984.86,-1.22,-1.34,0.24,37.57
88,414007976,187.01,6.35,984.86,-1.40,-1.22,0.49,37.85
89,414013770,182.62,-4.88,984.37,-1.52,-1.40,0.30,38.00
90,414017820,185.06,-1.95,985.35,-1.40,-2.07,0.12,37.90
91,414021869,198.24,2.93,983.89,-1.34,-1.65,0.24,38.00
92,414025926,198.73,0.00,982.42,-1.40,-1.40,0.06,37.71
93,414031770,189.45,-3.42,985.35,-1.28,-1.40,0.00,37.90
94,414035820,187.99,-2.44,982.91,-1.16,-1.52,0.24,37.57
95,414039869,193.85,-2.93,985.35,-0.79,-1.34,0.18,37.85
96,414043926,191.41,-3.42,980.47,-0.85,-1.28,0.18,37.66
97,414047976,190.92,-4.39,986.82,-0.85,-1.10,0.00,37.71
98,414053770,197.75,4.39,984.37,-0.98,-1.16,0.06,37.71
99,414057820,203.12,-0.98,976.56,-1.04,-0.49,-0.06,37.90
100,414061869,198.24,2.44,983.40,-1.10,0.24,0.06,37.85
101,414065926,198.73,3.42,986.33,-1.22,0.55,0.30,37.85
102,414069976,193.85,-3.91,985.35,-1.10,0.61,0.55,37.71
103,414075770,196.78,-0.49,987.30,-1.04,0.85,0.37,37.81
104,414079820,188.96,-2.44,988.28,-1.10,0.73,0.06,37.71
105,414083869,191.41,-4.39,987.79,-0.98,0.67,0.18,37.85
106,414087926,199.71,-3.42,981.93,-0.73,0.73,0.37,37.71
107,414091976,196.78,2.44,987.79,-0.49,1.04,0.43,37.85
108,414097770,189.45,-4.39,987.79,-0.73,0.67,0.30,37.85
109,414101820,177.25,-5.86,986.82,-0.37,0.61,0.06,37.81
110,414105869,186.52,0.49,985.35,-0.61,0.24,0.24,37.66
111,414109926,178.71,5.86,989.26,-0.55,-0.12,0.55,37.85
112,414113976,175.29,0.49,990.72,-0.67,-0.61,0.43,37.85
113,414119770,181.64,2.44,990.23,-0.67,-1.34,0.37,37.71
114,414123820,191.41,13.67,979.98,-1.10,-1.10,0.24,37.85
115,414127869,179.69,6.35,986.82,-1.28,-1.16,0.49,37.66
116,414131926,183.59,2.44,992.68,-1.22,-1.71,0.37,37.71
117,414135976,187.50,1.95,988.28,-1.40,-1.89,0.24,37.85
118,414141770,187.50,3.42,988.77,-1.52,-1.89,0.12,37.85
119,414145820,185.06,7.32,985.84,-1.77,-2.26,0.24,37.90
120,414149869,182.13,-0.49,990.23,-1.77,-2.26,0.12,37.71
121,414153926,180.18,-1.95,981.45,-1.65,-2.44,0.06,37.85
122,414157976,192.87,0.49,982.91,-1.83,-2.50,0.12,37.85
123,414163770,191.89,11.23,984.37,-2.13,-2.07,0.18,37.85
124,414167820,192.38,1.46,984.86,-2.13,-2.13,0.43,37.85
125,414171869,195.31,3.42,981.45,-2.32,-2.07,0.49,37.85
126,414175926,198.24,3.42,978.52,-2.62,-1.77,0.49,37.85
127,414179976,195.80,3.91,981.93,-2.62,-1.28,0.43,37.66
128,414185770,187.50,-9.77,984.86,-2.50,-1.34,0.73,38.09
129,414189820,202.15,-4.88,985.35,-2.20,-1.16,0.37,37.71
130,414193869,197.75,0.98,983.40,-2.01,-0.91,0.61,37.85
131,414197926,195.31,-8.30,981.45,-2.20,-0.79,0.61,37.81
132,414201976,196.78,-4.39,983.40,-2.07,-0.73,0.55,37.85
133,414207770,196.29,-5.37,983.89,-1.83,-0.61,0.37,37.90
134,414211820,198.73,-4.88,982.91,-1.65,-0.18,0.61,37.81
135,414215869,187.99,-7.81,985.84,-1.22,-0.37,0.30,38.19
136,414219927,189.45,-1.95,989.75,-1.46,-0.55,0.55,37.66
137,414223976,188.96,-4.88,989.26,-1.28,-0.73,0.49,37.90
138,414229770,190.43,-0.98,985.84,-1.40,-0.43,0.37,37.71
139,414233820,190.43,-4.88,991.70,-1.34,-0.91,0.18,37.57
140,414237869,184.57,1.46,985.84,-1.22,-1.16,0.18,37.71
141,414241926,189.94,3.91,986.33,-1.34,-1.28,0.24,37.66
142,414247770,184.57,6.35,982.91,-1.40,-1.71,0.12,37.85
143,414251820,189.94,2.93,988.28,-1.52,-1.71,0.18,37.85
144,414255869,190.43,1.46,988.28,-1.28,-1.65,0.24,38.00
145,414259926,193.85,5.86,987.30,-1.16,-1.59,0.06,37.85
146,414263976,191.41,0.49,984.86,-1.77,-1.59,0.12,37.66
147,414269770,185.55,-0.49,986.82,-1.34,-1.65,0.18,37.57
148,414273820,196.78,-3.42,984.37,-1.10,-1.71,0.06,37.90
149,414277869,197.27,-0.98,986.82,-1.16,-1.52,-0.06,37.85
150,414281926,198.73,5.37,987.79,-1.10,-1.52,0.18,37.90
151,414285976,202.15,0.00,984.86,-0.91,-1.28,0.18,37.66
152,414291770,197.27,1.95,981.93,-0.98,-0.79,0.18,37.90
153,414295820,199.22,-0.49,987.30,-0.79,-0.91,0.12,38.00
154,414299869,200.20,-6.35,985.35,-0.98,-0.91,0.12,37.66
155,414303926,202.64,0.98,982.91,-0.91,-0.37,0.00,37.85
156,414307976,199.22,-1.95,984.37,-0.85,-0.24,0.24,37.85
157,414313770,189.45,-6.35,991.70,-0.67,-0.06,0.12,37.85
158,414317820,194.34,6.84,982.42,-0.61,0.06,0.06,37.71
159,414321869,197.75,3.42,981.93,-0.98,0.00,0.24,37.66
160,414325926,197.75,10.25,985.35,-1.10,0.49,-0.06,37.85
161,414329976,190.92,0.00,986.33,-0.91,0.73,0.18,37.66
162,414335770,183.11,-4.88,992.19,-0.91,0.49,0.06,37.90
163,414339820,188.48,0.98,988.28,-0.98,-0.18,0.18,37.85
164,414343869,198.24,4.88,983.40,-0.85,0.06,0.37,37.71
165,414347926,191.41,0.49,988.77,-1.40,0.37,0.24,37.66
166,414351976,181.64,-3.42,989.26,-1.28,0.12,0.24,37.81
167,414357770,184.57,-7.81,985.84,-0.91,-0.12,0.18,37.85
168,414361820,187.99,-1.95,985.84,-1.04,-0.24,0.12,37.52
169,414365869,188.48,9.28,980.47,-1.10,-0.79,0.30,37.71
170,414369926,189.45,3.42,986.82,-0.91,-0.67,0.12,37.85
171,414373976,196.78,5.37,988.77,-1.40,-0.37,0.24,37.66
172,414379770,178.22,-4.88,986.33,-1.52,-0.67,0.12,37.90
173,414383820,183.59,-0.98,987.30,-1.28,-1.10,0.06,37.90
174,414387869,188.96,0.49,985.84,-0.85,-1.10,0.18,37.71
175,414391926,190.43,0.49,987.30,-0.91,-1.40,0.24,38.00
176,414395976,185.06,-4.88,987.79,-1.22,-1.59,0.30,37.71
177,414401770,191.89,-4.88,984.86,-0.91,-1.77,0.06,37.90
178,414405820,193.36,-1.46,987.79,-0.91,-1.71,0.12,37.85
179,414409869,196.78,1.46,986.82,-1.04,-1.77,-0.06,37.85
180,414413926,200.20,8.79,984.37,-1.10,-1.46,0.37,37.81
181,414417976,194.82,2.44,980.96,-1.52,-1.04,0.55,38.00
182,414423770,197.27,1.95,985.84,-1.40,-0.91,0.49,37.90
183,414427820,198.24,1.95,980.96,-1.65,-0.91,0.06,37.85
184,414431869,202.15,-4.39,983.89,-1.40,-0.67,0.18,37.85
185,414435926,203.61,4.88,979.98,-1.40,-0.06,0.12,37.57
186,414439976,200.68,-5.37,982.42,-1.59,0.43,-0.06,37.85
187,414445770,197.27,-5.37,983.40,-1.59,0.73,-0.37,37.85
188,414449820,188.96,-4.88,988.77,-0.98,0.49,-0.06,37.71
189,414453869,194.82,-3.91,983.89,-1.16,0.30,0.37,38.24
190,414457926,192.87,1.95,986.82,-1.28,0.73,0.18,37.81
191,414463770,191.89,-0.49,983.89,-1.46,0.85,0.49,38.09
192,414467820,182.62,-5.86,987.30,-1.04,0.55,0.30,37.47
193,414471869,185.06,-0.49,989.26,-0.67,0.12,0.30,37.85
194,414475926,189.94,0.98,992.68,-1.04,-0.18,0.30,38.00
195,414479976,186.52,2.93,994.14,-0.98,-0.37,0.49,37.90
196,414485770,186.04,-2.93,988.77,-1.16,-0.67,0.49,37.66
197,414489820,187.50,5.37,987.79,-1.10,-0.98,0.12,38.00
198,414493869,191.89,8.79,986.82,-1.52,-1.04,0.24,37.85
199,414497926,185.06,1.95,986.82,-1.71,-1.28,0.49,37.90
200,414501976,195.31,3.91,986.82,-1.83,-1.40,0.24,37.90
201,414507770,190.43,3.91,983.89,-1.71,-1.10,0.18,37.81
202,414511820,184.57,1.95,990.72,-1.52,-1.04,0.37,37.90
203,414515869,187.01,2.44,988.77,-1.83,-1.04,0.37,37.71
204,414519926,195.31,6.84,982.91,-1.89,-1.16,0.18,37.90
205,414523976,198.24,-2.93,978.52,-2.50,-0.73,0.49,38.00
206,414529770,188.96,-3.91,988.28,-2.07,-0.85,0.30,38.00
207,414533820,191.41,-3.91,986.82,-2.26,-0.98,0.43,37.90
208,414537869,192.87,-3.42,984.37,-1.77,-0.79,0.37,37.90
209,414541926,184.08,-5.37,984.37,-1.59,-0.85,0.37,37.90
210,414545976,183.59,-7.81,985.84,-1.46,-1.04,0.18,37.71
211,414551770,188.96,-9.28,986.33,-1.16,-0.98,0.12,37.85
212,414555820,200.68,6.35,982.91,-1.28,-0.85,0.12,37.85
213,414559869,203.12,3.91,984.37,-1.16,-0.73,0.18,37.52
214,414563926,190.43,-3.42,988.28,-1.10,-0.43,0.49,37.90
215,414567976,193.85,-10.25,989.26,-0.98,-0.43,0.12,38.09
216,414573770,196.29,-4.39,985.35,-0.79,-0.18,0.37,37.71
217,414577820,197.75,-6.35,985.84,-0.61,0.12,0.18,37.90
218,414581869,190.43,-2.44,984.37,-0.24,0.12,0.00,37.81
219,414585926,200.68,-1.46,980.96,-0.37,0.55,0.49,37.81
220,414589976,199.22,8.30,978.03,-0.30,0.85,0.67,37.85
221,414595770,202.15,-3.91,986.33,-0.67,1.22,0.37,37.85
222,414599820,185.06,-2.93,985.84,-0.55,0.98,0.49,37.66
223,414603869,186.52,-1.95,980.47,-0.24,0.67,0.30,37.71
224,414607926,193.85,2.93,984.86,-0.49,0.67,0.24,38.00
225,414611976,183.11,1.46,987.30,-0.67,0.43,0.12,37.90
226,414617770,172.85,-2.44,992.19,-0.85,0.00,0.00,37.85
227,414621820,185.55,1.46,983.40,-0.61,-0.85,0.24,37.81
228,414625869,184.57,-1.46,992.19,-0.67,-0.91,0.30,37.66
229,414629926,182.13,7.32,988.77,-0.85,-1.10,0.24,37.57
230,414633976,179.69,-1.95,992.68,-0.98,-1.40,0.12,37.85
231,414639770,186.04,13.18,984.37,-1.22,-1.52,0.49,37.71
232,414643820,197.75,12.70,986.82,-1.95,-0.98,0.43,37.85
233,414647869,188.96,-0.98,987.79,-2.01,-0.79,0.37,37.90
234,414651927,183.11,-3.91,990.23,-1.89,-0.98,0.49,37.47
235,414655976,192.38,-2.44,984.86,-1.77,-1.04,0.30,38.00
236,414661770,200.68,0.98,983.89,-1.83,-0.79,0.55,38.00
237,414665820,194.34,-4.39,984.86,-1.95,-0.55,0.37,37.90
238,414669869,188.96,-4.39,982.91,-1.77,-0.18,0.49,38.05
239,414673926,191.89,-9.77,983.89,-1.28,-0.06,0.49,37.66
240,414679770,189.94,-6.84,980.96,-1.16,-0.37,0.55,37.85
241,414683820,190.92,-8.79,984.37,-0.49,-0.61,0.49,37.85
242,414687869,196.78,-0.98,985.84,-0.55,-0.73,0.18,37.85
243,414691926,190.92,1.46,983.89,-0.18,-0.67,0.06,37.90
244,414695976,184.08,0.00,988.77,-0.43,-0.91,0.24,37.57
245,414701770,184.08,-2.44,988.77,-0.43,-1.10,0.30,38.00
246,414705820,178.22,5.37,985.35,-0.55,-1.71,0.24,37.85
247,414709869,183.11,4.88,988.28,-0.91,-1.89,0.37,37.81
248,414713926,189.94,1.95,988.28,-0.91,-2.01,0.30,37.71
249,414717976,189.45,5.86,986.33,-1.10,-1.95,0.43,37.81
250,414723770,197.27,5.37,985.35,-1.65,-1.83,0.49,38.00
251,414727820,187.99,1.95,981.93,-2.01,-1.52,0.73,38.00
252,414731869,190.43,-3.91,989.26,-2.13,-1.34,0.61,37.66
253,414735926,189.94,-4.88,988.77,-1.89,-1.28,0.73,38.00
254,414739976,199.71,0.00,983.40,-1.89,-1.34,0.73,38.00
255,414745770,200.20,-2.44,982.91,-1.77,-0.61,0.79,37.85
256,414749820,194.82,-5.86,985.35,-1.52,-0.49,0.91,37.85
257,414753869,186.52,-5.37,991.70,-1.65,0.00,0.85,37.52
258,414757926,190.43,-2.44,989.26,-1.34,0.00,0.79,37.81
259,414761976,185.55,-6.84,987.30,-1.10,-0.18,0.85,37.81
260,414767770,198.24,2.44,979.00,-0.91,0.06,1.28,37.81
261,414771820,206.54,43.95,987.79,-0.37,-0.12,2.38,37.85
262,414775869,157.71,-22.46,997.07,-1.52,0.12,1.28,37.71
263,414779926,174.32,-7.81,994.14,-0.67,-1.83,0.61,38.05
264,414783976,214.36,17.58,978.03,-0.85,-1.71,0.61,37.85
265,414789770,198.73,3.91,983.40,-1.40,-0.73,0.30,38.00
266,414793820,200.68,11.23,979.49,-0.30,-1.28,0.18,38.00
267,414797869,196.78,-10.74,985.35,-0.37,-1.04,-0.24,37.66
268,414801926,203.61,66.89,976.56,-0.49,-1.28,1.16,38.00
269,414805976,173.83,-20.02,989.26,-1.89,-1.04,0.43,37.81
270,414811770,171.39,2.93,997.07,-1.16,-2.50,0.30,37.71
271,414815820,208.50,1.46,979.98,-1.59,-1.52,0.43,37.81
272,414819869,187.99,-3.42,983.89,-1.52,-1.22,0.49,38.00
273,414823926,181.15,1.46,984.37,-1.59,-1.40,0.43,37.90
274,414827976,192.38,5.86,983.89,-1.40,-1.52,0.43,37.85
275,414833770,202.64,7.32,982.91,-1.59,-1.28,0.49,37.90
276,414837820,193.85,-7.32,986.33,-1.83,-0.61,0.37,38.00
277,414841869,182.13,-6.84,987.79,-1.28,-1.22,0.37,37.71
278,414845926,197.75,-1.95,984.86,-1.10,-1.16,0.43,37.81
279,414849976,204.10,0.49,984.86,-1.22,-0.67,0.85,37.66
280,414855770,194.34,1.46,987.30,-1.22,-0.12,1.10,37.81
281,414859820,200.68,-5.37,984.37,-1.40,0.24,1.04,37.85
282,414863869,188.96,-13.67,987.30,-1.40,0.67,1.04,37.71
283,414867926,188.48,-4.39,987.30,-1.22,0.49,0.85,37.81
284,414873770,191.89,1.46,984.86,-1.22,0.24,0.73,37.81
285,414877820,182.62,1.95,990.72,-1.16,0.12,0.61,37.52
286,414881869,179.69,-8.79,988.28,-0.85,-0.43,0.67,37.85
287,414885926,178.22,-1.46,986.33,-0.73,-0.85,0.43,37.85
288,414889976,188.96,5.86,983.89,-0.91,-1.40,0.24,37.66
289,414894025,189.94,7.32,989.75,-1.04,-1.83,0.37,37.85
290,414899770,185.06,1.46,989.26,-1.22,-1.83,0.18,37.90
291,414903820,200.20,4.88,981.93,-1.28,-1.65,0.00,38.00
292,414907869,191.41,4.39,987.79,-1.40,-1.77,0.24,37.85
293,414911926,185.06,-2.93,986.82,-1.28,-2.01,0.18,37.85
294,414917770,193.85,-0.98,984.86,-1.22,-2.26,0.18,37.71
295,414921820,215.82,9.77,978.52,-1.40,-1.52,0.43,38.00
296,414925869,209.47,7.81,985.84,-1.89,-0.49,0.49,37.90
297,414929926,196.29,0.00,984.86,-1.83,-0.18,0.43,38.00
298,414933976,197.75,0.00,984.37,-1.59,0.43,0.37,37.85
299,414939770,197.27,-6.84,979.98,-1.71,0.37,0.49,38.09
300,414943820,193.36,-3.91,990.23,-1.52,0.30,0.49,37.90
301,414947869,191.41,-7.81,990.72,-1.46,0.43,0.49,37.90
302,414951926,197.27,-0.98,983.40,-0.91,0.24,0.24,37.66
303,414955976,194.34,-5.86,983.89,-0.91,0.55,0.06,37.66
304,414961770,184.08,-1.46,986.82,-0.98,0.55,0.37,37.90
305,414965820,187.50,-3.91,986.33,-0.43,0.37,0.24,38.00
306,414969869,190.92,-0.49,987.79,-0.43,0.12,0.06,37.52
307,414973926,190.92,3.42,981.93,-0.55,0.06,0.00,37.71
308,414977976,186.52,-2.93,983.40,-0.85,-0.18,0.24,37.66
309,414983770,182.62,0.49,988.77,-1.22,-0.37,0.30,37.90
310,414987820,189.94,-1.95,983.40,-1.34,-0.37,0.24,37.71
311,414991869,190.43,3.91,988.28,-1.46,-0.67,0.06,37.52
312,414995926,191.41,-4.39,990.72,-1.34,-0.79,0.06,37.81
313,414999976,185.55,0.00,983.89,-1.16,-0.85,0.30,37.85
314,415005770,190.43,6.84,987.30,-1.28,-0.55,0.30,37.90
315,415009820,186.04,-3.42,988.77,-1.34,-0.73,0.61,37.85
316,415013869,182.13,-5.86,990.72,-1.46,-0.73,0.18,37.90
317,415017927,190.43,0.98,985.35,-1.40,-1.22,0.49,37.90
318,415021976,199.22,6.84,982.91,-1.52,-0.85,0.43,37.90
319,415027770,203.12,16.11,983.89,-1.95,-0.43,0.43,37.90
320,415031820,188.96,-7.81,984.86,-2.01,0.37,0.43,37.90
321,415035869,190.92,-4.88,985.84,-2.01,0.24,0.67,37.85
322,415039926,190.92,0.98,988.77,-2.01,0.12,0.67,37.85
323,415043976,190.43,2.44,990.72,-2.07,-0.12,0.67,37.85
324,415049770,192.87,2.44,985.84,-1.77,-0.12,0.67,37.90
325,415053820,187.99,0.98,986.82,-1.59,0.24,0.49,37.71
326,415057869,192.38,-1.46,986.33,-1.77,-0.30,0.73,37.85
327,415061926,186.52,-3.42,991.21,-1.71,-0.37,0.67,37.85
328,415065976,218.26,12.21,975.59,-1.71,-0.06,-0.24,37.85
329,415071770,199.71,9.28,979.00,-2.26,0.91,-0.06,37.90
330,415075820,170.41,-3.42,995.12,-2.13,0.24,0.24,38.00
331,415079869,162.11,-10.25,998.05,-1.46,-0.85,0.43,37.85
332,415083926,179.20,-3.42,990.23,-1.04,-1.59,0.55,37.66
333,415089770,196.78,-0.98,982.42,-0.91,-2.01,0.37,38.00
334,415093820,202.64,2.93,986.82,-1.40,-1.34,0.24,37.66
335,415097869,195.80,1.46,987.30,-1.40,-0.98,0.18,38.00
336,415101927,196.29,2.44,984.37,-1.59,-0.43,0.49,37.90
337,415105976,193.36,1.46,983.40,-1.71,-0.37,0.49,37.52
338,415111770,187.01,-5.37,992.19,-1.89,-0.24,0.24,37.90
339,415115820,182.62,-8.79,983.89,-1.71,-0.61,0.43,37.85
340,415119869,200.68,1.46,981.93,-1.28,-0.91,0.37,37.90
341,415123926,196.78,-1.46,987.79,-1.34,-0.12,0.55,37.85
342,415127976,187.01,-4.39,984.37,-1.59,0.06,0.37,37.81
343,415133770,192.87,-7.32,987.30,-1.52,-0.06,0.30,38.05
344,415137820,187.99,-3.42,983.89,-1.10,-0.06,0.24,37.71
345,415141869,185.06,-9.28,986.33,-0.91,-0.37,0.18,37.71
346,415145926,186.52,-4.88,986.82,-0.67,-0.18,0.43,37.90
347,415149976,201.66,4.88,986.82,-0.67,-0.37,0.49,37.85
348,415155770,203.61,6.35,980.47,-1.22,-0.12,0.37,37.85
349,415159820,195.31,4.39,986.33,-1.34,0.37,0.67,37.85
350,415163869,205.57,6.35,982.42,-1.59,0.67,0.67,37.85
351,415167926,194.34,2.44,990.23,-1.46,0.91,0.91,37.85
352,415171976,182.62,-2.93,991.70,-1.40,1.16,0.79,38.00
353,415177770,178.71,-10.25,986.33,-1.28,0.55,0.43,37.85
354,415181820,187.99,2.93,982.42,-0.85,0.37,0.12,37.81
355,415185869,188.48,0.49,988.28,-0.85,0.24,0.24,37.52
356,415189926,187.50,-0.49,989.26,-0.85,0.49,0.24,37.90
357,415193976,184.57,-1.46,989.75,-0.61,0.18,0.18,37.90
358,415199770,182.13,-2.93,987.79,-0.43,-0.12,0.06,37.90
359,415203820,187.99,-3.42,991.21,-0.55,-0.24,0.06,37.90
360,415207869,179.20,-1.95,996.09,-0.79,-0.91,0.12,37.66
361,415211926,185.55,-8.30,986.82,-0.67,-1.16,0.18,37.85
362,415215976,187.99,-6.35,986.33,-0.61,-1.46,0.06,38.05
363,415221770,192.38,2.93,985.84,-0.49,-1.40,0.00,38.00
364,415225820,190.43,2.44,989.75,-0.79,-1.28,0.24,37.85
365,415229869,188.96,-0.98,983.40,-1.04,-1.16,0.18,37.71
366,415233926,184.08,2.93,985.35,-0.98,-1.16,0.12,38.05
367,415237976,190.92,2.93,981.93,-1.34,-1.46,0.00,37.90
368,415243770,188.96,2.44,985.35,-1.16,-1.10,-0.12,37.85
369,415247820,198.73,0.49,980.96,-1.28,-0.91,0.18,38.00
370,415251869,201.17,6.35,982.91,-1.46,-0.67,0.18,37.90
371,415255927,186.04,-5.37,987.79,-1.40,-0.61,0.24,37.85
372,415259976,179.69,-12.70,988.77,-1.16,-0.67,0.18,37.90
373,415265770,188.96,-8.30,985.84,-1.04,-0.79,0.12,38.05
374,415269820,195.80,2.44,983.89,-1.16,-0.61,0.43,37.71
375,415273869,198.24,0.98,988.77,-0.91,-0.30,0.43,37.90
376,415277926,179.20,-4.88,993.16,-1.16,-0.24,0.55,37.52
377,415281976,186.04,-5.37,987.30,-0.98,-0.79,0.43,37.85
378,415287770,188.48,1.46,987.30,-0.79,-0.55,0.37,37.66
379,415291820,194.34,0.98,987.79,-1.04,-0.73,0.43,37.81
380,415295869,188.48,-2.44,990.23,-0.67,-0.79,0.55,37.85
381,415299926,182.62,0.98,986.33,-0.55,-0.91,0.37,37.66
382,415305770,187.50,2.44,981.93,-0.73,-1.10,0.30,38.00
383,415309820,189.94,3.42,987.30,-1.04,-1.46,0.24,37.57
384,415313869,188.96,2.44,984.37,-1.22,-1.46,0.43,37.85
385,415317926,191.41,8.30,983.40,-1.46,-1.40,0.24,37.85
386,415321976,188.96,5.37,986.33,-1.46,-1.34,0.37,37.57
387,415327770,189.94,4.39,989.26,-1.52,-1.34,0.49,37.71
388,415331820,189.94,1.95,983.89,-1.59,-1.40,0.24,37.85
389,415335869,186.52,-0.98,987.30,-1.52,-1.71,0.30,38.00
390,415339926,194.34,5.86,985.84,-1.40,-1.89,0.49,37.85
391,415343976,197.27,0.49,981.45,-1.46,-1.28,0.43,37.85
392,415349770,187.99,-6.35,986.33,-1.52,-1.16,0.49,37.81
393,415353820,186.04,0.49,988.28,-1.65,-1.40,0.37,37.71
394,415357869,193.85,0.00,984.37,-1.59,-1.46,0.24,37.66
395,415361926,195.31,-2.93,979.98,-1.65,-1.22,0.43,38.00
396,415365976,180.66,8.79,987.79,-1.04,-1.28,0.49,38.09
397,415371770,191.41,-6.35,984.37,-1.71,-1.34,0.67,37.90
398,415375820,182.62,-1.95,989.75,-1.40,-1.40,0.49,38.00
399,415379869,188.96,-6.84,986.33,-1.22,-1.46,0.49,37.66
400,415383926,191.89,1.46,991.21,-1.46,-1.65,0.49,38.00
401,415387976,194.34,-2.93,986.33,-1.59,-1.28,0.18,38.00
402,415393770,191.89,-1.95,983.89,-1.77,-1.10,0.37,37.85
403,415397820,191.41,-5.86,989.26,-1.46,-1.10,0.43,37.90
404,415401869,191.89,-5.86,990.23,-1.28,-1.16,0.37,37.57
405,415405926,195.31,-7.32,983.89,-1.52,-1.28,0.61,37.81
406,415409976,194.82,-5.86,984.37,-1.34,-0.91,0.24,37.90
407,415415770,189.45,-6.35,982.91,-1.04,-1.10,0.61,37.90
408,415419820,191.41,-9.77,988.28,-0.85,-1.04,0.49,37.85
409,415423869,190.92,-2.44,985.35,-0.55,-1.40,0.18,37.85
410,415427926,192.38,-3.42,990.23,-0.49,-1.28,0.30,38.00
411,415431976,199.71,-5.86,982.42,-0.55,-1.04,0.12,38.05
412,415437770,203.12,-0.49,986.33,-0.30,-0.55,-0.12,37.90
413,415441820,197.27,0.98,983.40,-0.30,-0.18,0.18,37.90
414,415445869,205.57,-0.49,978.03,-0.18,0.30,-0.06,37.71
415,415449926,196.78,-1.46,988.28,-0.37,0.43,0.18,37.85
416,415453976,193.36,-3.42,984.86,-0.49,0.61,0.00,37.85
417,415459770,201.66,2.44,981.45,-0.18,0.85,-0.06,37.81
418,415463820,193.85,5.86,986.33,-0.37,1.10,0.24,37.66
419,415467869,185.55,0.98,983.40,-0.06,1.10,0.18,38.00
420,415471927,183.59,-0.49,984.86,-0.49,1.04,0.37,37.81
421,415475976,187.01,4.39,986.33,-0.12,0.91,0.18,37.90
422,415481770,190.43,8.30,985.84,-0.61,0.91,0.24,38.00
423,415485820,182.62,-0.98,988.77,-0.79,0.79,0.24,37.66
424,415489869,177.73,8.79,989.26,-0.98,0.61,0.12,37.66
425,415493926,184.08,2.44,984.86,-1.16,0.18,0.37,37.66
426,415497976,178.22,4.88,989.75,-1.10,-0.12,0.30,37.85
427,415503770,180.66,0.98,987.30,-1.52,-0.91,0.37,37.85
428,415507820,183.59,1.95,987.30,-1.34,-0.98,0.24,38.00
429,415511869,179.20,-5.37,984.86,-1.65,-1.16,0.43,38.00
430,415515926,183.59,0.49,986.33,-1.52,-1.40,0.06,37.57
431,415521770,187.50,-8.79,990.23,-1.40,-1.95,0.00,37.90
432,415525820,190.43,2.93,985.84,-1.52,-1.71,0.18,37.52
433,415529869,195.80,2.44,982.42,-1.59,-1.34,0.00,37.66
434,415533926,194.82,-5.86,987.30,-1.65,-1.28,-0.06,37.71
435,415537976,187.99,-2.93,985.35,-1.46,-1.28,-0.24,37.66
436,415543770,195.31,-6.35,984.86,-1.22,-1.16,-0.24,37.81
437,415547820,186.52,1.46,989.75,-1.16,-1.04,-0.73,37.85
438,415551869,189.45,0.49,987.30,-1.46,-1.22,-0.79,38.05
439,415555926,191.89,0.49,989.26,-1.10,-0.98,-0.67,37.85
440,415559976,195.80,2.44,980.96,-1.28,-0.98,-0.24,37.85
441,415565770,197.75,3.91,975.59,-1.34,-0.49,-0.06,37.90
442,415569820,188.96,-3.42,991.21,-1.22,-0.06,0.37,37.81
443,415573869,181.64,-2.44,985.35,-0.98,-0.37,0.49,37.90
444,415577926,187.01,1.95,988.28,-1.34,-0.49,0.49,38.05
445,415581976,181.64,0.00,985.35,-1.34,-0.85,0.61,37.66
446,415587770,183.59,0.00,988.77,-0.98,-1.16,0.61,37.85
447,415591820,187.50,1.95,986.82,-1.22,-1.16,0.37,37.52
448,415595869,188.96,1.46,984.86,-1.22,-1.10,0.55,37.71
449,415599927,187.99,1.95,986.82,-1.40,-1.59,0.43,37.85
450,415603976,185.55,-0.98,988.77,-1.46,-1.59,0.49,38.00
451,415609770,187.50,-1.95,988.28,-1.28,-1.46,0.12,37.81
452,415613820,188.96,-5.37,983.40,-1.16,-1.95,0.30,37.71
453,415617869,188.48,-0.49,985.35,-1.22,-1.83,0.24,37.71
454,415621926,187.99,1.46,986.33,-1.22,-1.89,0.12,37.85
455,415625976,188.96,-1.46,985.84,-1.16,-1.71,0.06,38.09
456,415631770,189.45,-1.95,984.37,-0.79,-1.95,0.24,37.90
457,415635820,198.73,0.98,984.86,-0.73,-1.46,0.24,37.90
458,415639869,199.71,0.00,982.42,-1.16,-1.46,0.24,37.90
459,415643926,187.50,4.88,990.23,-1.16,-1.52,0.18,37.85
460,415647976,194.82,0.98,988.28,-1.22,-1.52,0.49,38.05
461,415653770,197.27,4.88,980.47,-1.59,-1.04,0.18,37.66
462,415657820,193.36,3.42,987.30,-1.34,-0.91,0.43,38.00
463,415661869,193.36,-1.95,982.91,-1.52,-0.49,0.49,37.85
464,415665926,181.64,1.46,983.40,-1.77,-0.91,0.55,37.90
465,415669976,194.82,0.00,987.79,-1.52,-1.10,0.37,37.66
466,415675770,190.43,-3.42,988.77,-1.46,-1.16,0.30,38.00
467,415679820,193.36,-6.35,989.75,-1.10,-1.65,0.24,37.85
468,415683869,196.78,-0.49,985.84,-1.10,-1.34,0.37,37.71
469,415687926,191.41,8.79,985.84,-1.16,-0.91,0.06,37.71
470,415691976,189.45,4.88,985.35,-1.40,-1.28,0.37,37.71
471,415697770,180.18,3.42,988.28,-1.65,-0.98,0.06,38.00
472,415701820,194.82,-0.49,987.79,-1.59,-1.52,0.30,37.71
473,415705869,191.89,-0.49,991.21,-1.59,-1.28,0.43,37.90
474,415709926,195.80,-1.46,989.75,-1.59,-1.22,0.30,37.66
475,415713976,198.24,6.35,991.21,-1.89,-1.28,0.37,38.00
476,415719770,203.61,0.49,981.45,-1.59,-0.61,0.67,37.71
477,415723820,197.27,-0.98,987.79,-1.46,0.00,0.30,38.05
478,415727869,192.38,-4.39,986.33,-1.52,0.00,0.49,37.90
479,415731926,194.34,-0.98,990.23,-1.46,-0.12,0.55,37.71
480,415737770,191.41,-5.37,985.84,-1.59,0.06,0.55,37.85
481,415741820,191.41,-1.95,986.82,-1.16,0.00,0.49,37.81
482,415745869,191.89,-0.98,987.30,-1.16,-0.30,0.43,37.90
483,415749926,185.55,-4.39,995.12,-1.04,-0.49,0.37,38.19
484,415753976,184.08,-5.86,985.35,-1.10,-0.67,0.24,37.71
485,415759770,198.24,2.44,979.98,-0.67,-0.85,0.00,37.90
486,415763820,182.13,2.93,986.33,-1.04,-0.61,0.24,38.00
487,415767869,177.25,-2.93,991.70,-1.28,-1.40,0.43,38.00
488,415771926,189.94,1.95,984.37,-0.85,-1.40,0.24,37.90
489,415775976,191.89,7.81,981.93,-1.16,-1.28,0.43,37.66
490,415781770,188.48,2.44,987.30,-1.46,-1.34,0.37,37.85
491,415785820,183.11,-3.91,987.30,-1.34,-1.16,0.43,37.90
492,415789869,191.89,3.91,986.33,-1.16,-1.52,0.37,37.66
493,415793926,193.85,5.86,981.93,-1.46,-1.16,0.30,37.85
494,415797976,185.55,1.95,988.28,-1.71,-1.46,0.30,37.90
495,415803770,193.36,-0.98,990.72,-1.65,-1.10,0.24,37.85
496,415807820,186.04,-3.91,987.79,-1.59,-1.04,0.55,37.85
497,415811869,192.87,-9.28,984.86,-1.46,-1.16,0.43,37.66
498,415815927,190.92,-7.32,983.40,-1.40,-1.34,0.18,38.00
499,415819976,199.22,-5.37,985.84,-0.98,-1.04,0.18,38.00
500,415825770,205.57,-0.98,980.47,-1.28,-0.67,0.24,37.85
501,415829820,207.52,3.91,980.96,-0.98,-0.12,0.18,37.71
502,415833869,195.80,-4.88,985.35,-0.79,0.30,0.00,37.66
503,415837926,196.29,-3.42,986.33,-0.79,0.49,0.18,38.00
504,415841976,202.15,-5.37,979.49,-0.67,0.61,0.12,37.90
505,415847770,195.80,0.00,983.89,-0.91,1.16,-0.06,37.81
506,415851820,189.94,-2.93,983.40,-0.43,0.91,0.24,37.85
507,415855869,194.34,0.49,983.89,-0.30,1.16,0.12,37.81
508,415859926,192.87,0.49,984.37,-0.49,1.28,0.43,37.85
509,415863976,193.36,0.49,980.96,-0.61,1.28,0.18,37.90
510,415869770,195.80,-0.98,985.35,-0.55,1.34,0.37,37.81
511,415873820,186.52,-1.46,987.30,-0.61,1.59,0.49,37.85
512,415877869,180.18,-3.91,989.26,-0.79,1.40,0.24,37.85
513,415881926,178.22,-1.46,988.77,-0.73,0.91,0.30,37.66
514,415885976,182.13,-0.98,994.14,-0.67,0.61,0.12,37.90
515,415891770,186.04,7.81,990.72,-0.98,0.37,0.24,37.66
516,415895820,184.57,10.25,987.30,-1.22,0.24,0.30,37.90
517,415899869,180.66,4.39,989.26,-1.83,0.06,0.43,37.71
518,415903926,182.62,9.28,992.19,-1.71,-0.06,0.24,37.71
519,415907976,184.08,10.25,990.23,-2.26,-0.37,0.49,37.81
520,415913770,178.22,3.91,988.28,-2.20,-0.61,0.61,37.90
521,415917820,184.57,11.72,986.33,-2.32,-0.79,0.49,37.85
522,415921869,191.89,3.42,979.00,-2.50,-0.67,0.43,38.09
523,415925926,183.11,5.86,987.30,-2.62,-0.55,0.49,37.57
524,415931770,183.59,-0.98,988.77,-2.56,-1.04,0.37,37.90
525,415935820,190.43,1.46,990.72,-2.44,-0.79,0.43,37.71
526,415939869,196.29,-4.39,983.89,-2.20,-0.91,0.55,37.85
527,415943927,185.55,-6.84,989.75,-2.20,-1.10,0.43,37.85
528,415947976,189.94,-5.37,987.79,-1.83,-1.34,0.55,37.71
529,415952025,193.36,-7.32,987.30,-1.52,-1.10,0.30,37.66
530,415957770,193.36,-4.88,984.86,-1.52,-0.98,0.49,38.05
531,415961820,192.38,-6.84,989.26,-1.10,-1.04,0.06,37.47
532,415965869,195.80,-4.39,982.91,-1.04,-1.10,0.06,37.90
533,415969926,194.34,-2.93,986.82,-0.98,-1.10,0.43,37.71
534,415975770,189.45,-5.37,986.82,-1.16,-0.85,0.37,37.90
535,415979820,190.43,-6.84,989.75,-0.79,-0.85,0.06,37.85
536,415983869,191.41,-0.98,985.35,-0.49,-0.85,-0.12,37.71
537,415987926,190.92,1.95,985.35,-0.37,-1.04,0.12,37.85
538,415991976,199.71,3.42,983.40,-0.24,-0.79,0.18,38.00
539,415997770,193.85,-2.93,984.37,-0.55,-0.30,-0.06,38.00
540,416001820,193.36,5.86,986.33,-0.67,-0.30,-0.06,37.81
541,416005869,189.45,2.44,989.75,-0.91,-0.06,0.18,37.66
542,416009926,189.94,-0.98,990.23,-0.91,-0.12,0.24,37.71
543,416013976,190.92,0.98,987.30,-0.85,0.06,0.12,37.85
544,416019770,190.92,0.00,984.37,-1.04,0.06,0.18,37.81
545,416023820,191.41,0.49,989.75,-0.85,0.12,0.37,37.71
546,416027869,184.08,7.32,990.72,-0.98,0.06,0.55,37.47
547,416031926,187.01,-6.35,986.82,-1.04,-0.37,0.24,38.05
548,416035976,186.04,4.39,984.86,-1.16,0.00,0.49,37.85
549,416041770,199.22,6.35,985.35,-1.22,0.30,0.49,37.81
550,416045820,176.27,-3.42,988.28,-1.83,0.30,0.24,37.81
551,416049869,176.27,-6.35,991.70,-1.40,-0.24,0.24,37.71
552,416053926,180.18,1.95,988.77,-1.22,-0.73,0.18,37.85
553,416057976,187.01,0.49,984.86,-1.10,-1.10,0.24,37.85
554,416063770,190.43,2.44,989.75,-1.34,-1.40,0.18,37.66
555,416067820,188.48,2.93,986.82,-1.46,-1.22,0.12,37.66
556,416071869,190.92,0.98,984.86,-1.34,-1.10,0.30,37.66
557,416075926,195.80,-1.95,981.93,-1.28,-1.46,0.37,37.71
558,416079976,183.59,-4.39,986.33,-1.34,-1.34,0.06,38.00
559,416085770,187.01,-1.95,981.93,-1.34,-1.52,0.37,38.05
560,416089820,195.31,3.42,981.45,-1.46,-1.77,0.06,37.85
561,416093869,192.87,-0.49,984.86,-1.46,-1.59,0.30,37.81
562,416097926,181.64,-9.28,990.23,-1.28,-1.40,0.12,37.85
563,416101976,179.69,-7.81,985.84,-1.22,-1.28,0.24,37.90
564,416107770,195.31,0.49,980.47,-1.10,-1.59,0.49,37.66
565,416111820,202.15,0.00,983.89,-1.46,-1.10,0.49,37.71
566,416115869,192.38,-8.79,986.33,-1.34,-0.55,0.43,37.81
567,416119926,194.82,0.00,982.42,-1.10,-0.55,0.49,37.66
568,416123976,187.50,-2.44,981.93,-0.91,-0.12,0.43,38.19
569,416129770,186.52,-6.84,989.26,-1.04,-0.49,0.18,37.66
570,416133820,209.96,6.84,981.93,-0.73,-0.12,0.30,37.85
571,416137869,199.71,9.28,979.98,-1.04,0.37,0.18,37.81
572,416141926,185.06,1.95,984.37,-1.28,0.73,0.06,37.66
573,416147770,179.69,0.49,988.77,-1.46,0.43,0.37,37.90
574,416151820,182.62,-2.44,987.79,-1.10,-0.24,0.18,37.57
575,416155869,190.92,4.39,983.89,-0.79,-0.49,0.30,37.66
576,416159926,190.92,4.88,987.30,-0.85,-0.30,0.24,37.90
577,416163976,184.57,-1.95,987.30,-1.10,-0.79,0.18,37.52
578,416169770,187.01,1.95,988.28,-1.16,-0.91,0.12,38.05
579,416173820,190.92,4.88,986.82,-1.22,-0.98,0.30,37.71
580,416177869,197.27,4.39,986.82,-1.16,-1.04,0.49,37.66
581,416181926,193.36,2.44,984.86,-1.52,-0.67,0.49,37.81
582,416185976,196.78,-2.93,985.35,-1.28,-0.55,0.79,37.66
583,416191770,191.89,6.35,981.93,-1.52,-0.37,0.67,37.81
584,416195820,184.57,-4.88,989.75,-1.52,-0.24,0.49,37.71
585,416199869,183.59,-0.98,991.70,-1.40,-0.37,0.37,37.90
586,416203926,183.59,-0.98,984.86,-1.40,-0.73,0.24,37.85
587,416207976,188.48,1.95,987.30,-1.59,-0.91,0.37,37.90
588,416213770,182.13,3.42,985.84,-1.59,-0.98,0.30,38.00
589,416217820,187.01,-3.91,989.26,-1.65,-0.85,0.06,37.71
590,416221869,184.08,-2.44,987.79,-1.71,-1.16,0.30,37.66
591,416225926,193.85,3.42,987.30,-1.77,-1.04,0.37,37.71
592,416229976,192.38,-6.84,989.26,-1.46,-1.28,0.00,37.85
593,416235770,187.01,-3.42,988.28,-1.59,-1.52,0.24,37.81
594,416239820,193.85,-3.91,984.37,-1.34,-1.28,0.18,37.85
595,416243869,193.36,-3.91,982.91,-1.52,-1.34,0.37,37.66
596,416247926,193.85,-5.37,986.82,-1.59,-1.34,0.30,37.66
597,416251976,194.34,-2.93,985.35,-1.34,-1.22,0.43,38.00
598,416257770,194.82,-1.46,985.35,-0.98,-0.85,0.00,38.00
599,416261820,192.87,-3.42,986.33,-1.22,-0.91,-0.12,37.90
600,416265869,199.71,3.42,987.79,-0.79,-0.98,0.06,37.85
601,416269926,198.73,-0.49,984.86,-0.98,-0.30,-0.06,37.85
602,416273976,191.89,1.46,989.75,-1.10,-0.12,0.43,37.90
603,416279770,186.04,-3.91,986.33,-1.04,-0.30,0.18,37.85
604,416283820,195.31,3.91,982.42,-1.16,0.00,0.30,37.85
605,416287869,199.22,-3.91,984.86,-1.04,0.43,0.18,37.71
606,416291926,192.87,0.49,983.89,-1.10,0.73,0.30,37.81
607,416295976,195.80,-2.93,987.79,-0.91,0.98,0.18,37.85
608,416301770,187.50,0.00,987.30,-1.04,0.85,0.30,37.85
609,416305820,182.13,-3.91,988.77,-1.10,0.67,0.30,37.90
610,416309869,179.69,-6.84,982.42,-0.61,0.18,0.55,37.81
611,416313926,187.99,0.49,988.77,-0.49,0.30,0.00,37.85
612,416317976,185.55,5.86,987.79,-0.67,0.30,0.00,38.00
613,416323770,184.57,2.93,987.30,-0.98,-0.06,0.43,38.00
614,416327820,176.76,0.00,994.14,-0.85,-0.67,0.00,37.85
615,416331869,176.76,-4.39,996.58,-0.73,-1.10,-0.18,37.85
616,416335926,178.22,3.42,988.28,-0.49,-1.71,-0.12,37.66
617,416339976,187.99,4.88,986.82,-1.16,-1.59,-0.06,37.71
618,416345770,190.92,9.77,989.26,-1.16,-1.77,-0.18,37.66
619,416349820,186.52,0.00,984.86,-1.46,-1.65,0.18,37.85
620,416353869,184.57,-1.95,986.33,-1.59,-1.77,0.30,37.66
621,416357926,189.45,5.37,987.30,-1.34,-1.89,0.43,37.66
622,416363770,194.34,6.35,990.23,-1.34,-1.95,0.12,37.85
623,416367820,189.45,3.91,990.72,-1.40,-1.65,0.24,37.71
624,416371869,188.96,0.49,987.79,-1.34,-1.83,0.18,37.66
625,416375927,194.82,0.98,982.42,-1.40,-1.46,0.00,38.05
626,416379976,201.66,-1.46,982.91,-1.59,-1.04,0.67,37.66
627,416385770,194.82,-4.39,979.98,-1.28,-0.67,0.37,38.05
628,416389820,190.43,0.98,986.33,-1.16,-0.61,0.24,37.81
629,416393869,195.31,-5.37,986.33,-0.91,-0.61,0.24,37.90
630,416397926,190.43,-3.42,986.33,-0.98,-0.18,0.24,37.71
631,416401976,195.31,-2.44,987.30,-0.73,-0.73,0.37,37.85
632,416407770,190.92,1.46,984.86,-0.85,-0.43,0.12,37.85
633,416411820,188.96,-3.42,989.26,-0.85,-0.49,0.24,37.81
634,416415869,195.31,5.37,982.91,-0.61,-0.30,0.43,37.90
635,416419926,194.34,6.35,979.00,-0.91,-0.43,0.61,37.85
636,416423976,185.06,2.44,987.30,-1.16,-0.49,0.73,37.90
637,416429770,177.25,-2.93,986.33,-1.22,-0.79,0.91,37.90
638,416433820,181.15,3.91,984.86,-0.91,-1.16,0.85,37.90
639,416437869,195.31,5.86,985.35,-1.22,-1.16,0.73,37.52
640,416441926,188.96,-0.49,988.77,-1.10,-0.55,0.67,37.90
641,416445976,187.99,-5.86,986.82,-1.16,-0.55,0.24,37.85
642,416451770,185.06,2.93,991.21,-1.28,-0.43,0.24,38.00
643,416455820,189.94,3.91,987.30,-1.46,-1.04,0.18,38.00
644,416459869,193.36,3.91,988.77,-1.28,-0.79,0.06,37.52
645,416463926,184.57,-4.88,988.28,-1.59,-0.67,0.43,37.85
646,416467976,188.96,0.00,986.82,-1.34,-0.67,0.12,37.81
647,416473770,187.50,5.86,984.86,-1.71,-0.85,0.18,38.00
648,416477820,183.59,-4.39,988.28,-1.46,-0.79,0.06,37.85
649,416481869,187.50,0.49,994.14,-1.52,-0.98,0.30,37.81
650,416485926,190.92,7.32,985.35,-1.65,-1.16,0.37,37.81
651,416489976,193.85,3.42,983.89,-1.71,-0.98,0.55,38.00
652,416495770,190.43,1.46,983.40,-1.65,-0.79,0.43,37.90
653,416499820,190.43,-2.44,986.33,-1.40,-0.49,0.37,37.85
654,416503869,195.31,3.42,984.86,-1.46,-0.61,0.49,37.90
655,416507926,203.12,7.81,984.37,-1.52,-0.43,0.43,38.00
656,416511976,196.29,2.93,979.49,-1.65,-0.12,0.00,37.71
657,416517770,187.50,-2.44,990.72,-1.59,0.06,0.55,37.85
658,416521820,193.85,4.39,983.89,-1.65,0.12,0.55,37.66
659,416525869,197.27,0.00,984.37,-1.52,0.30,0.61,37.71
660,416529926,183.59,-1.46,988.77,-1.65,0.37,0.49,37.85
661,416533976,188.48,-3.42,987.79,-1.28,0.06,0.67,37.85
662,416539770,190.92,0.49,986.82,-1.28,0.18,0.55,37.66
663,416543820,184.08,-5.37,988.77,-1.40,-0.18,0.49,37.71
664,416547869,181.15,-6.84,983.89,-1.40,-0.49,0.30,37.66
665,416551926,187.99,1.46,985.84,-1.22,-0.55,0.49,37.52
666,416555976,193.36,0.98,987.30,-1.16,-0.30,0.67,37.85
667,416561770,195.31,-1.95,990.23,-1.22,-0.37,0.37,37.57
668,416565820,189.94,1.46,988.77,-1.52,-0.30,0.43,37.85
669,416569869,175.29,-2.93,990.23,-1.34,-0.24,0.24,37.85
670,416573926,182.62,-1.46,990.23,-1.34,-0.73,0.49,37.66
671,416579770,181.64,-0.49,994.63,-1.40,-1.16,0.30,37.85
672,416583820,181.15,3.91,985.35,-1.22,-1.04,0.24,37.66
673,416587869,187.01,0.98,984.86,-1.34,-1.16,0.06,37.85
674,416591926,192.38,2.44,987.30,-1.34,-1.10,0.06,37.85
675,416595976,192.38,3.42,989.75,-1.40,-1.22,0.18,37.66
676,416601770,186.52,5.37,990.23,-1.46,-1.16,0.18,38.00
677,416605820,188.48,2.44,984.37,-1.52,-1.04,0.37,37.85
678,416609869,187.50,1.46,983.40,-1.89,-0.91,0.12,37.85
679,416613926,187.50,-2.44,986.82,-2.20,-1.04,0.30,38.00
680,416617976,189.45,-2.93,985.84,-2.01,-1.28,0.37,37.90
681,416623770,187.01,1.95,982.42,-1.77,-1.34,0.61,37.90
682,416627820,195.31,3.91,984.37,-1.95,-1.16,0.49,37.81
683,416631869,195.80,-2.93,985.84,-1.46,-0.91,0.37,37.57
684,416635926,188.48,-3.91,987.30,-1.65,-0.73,0.43,37.85
685,416639976,186.52,-6.84,986.33,-1.46,-0.73,0.43,37.81
686,416645770,186.52,-6.35,986.33,-1.22,-1.22,0.37,37.85
687,416649820,187.01,-12.21,984.86,-0.73,-0.85,0.06,37.85
688,416653869,196.78,-1.95,985.84,-0.49,-0.73,-0.06,37.90
689,416657926,195.80,-0.98,983.89,-0.30,-0.73,0.12,37.90
690,416661976,186.52,-2.44,987.30,-0.61,-1.10,0.12,37.71
691,416667770,189.94,-1.95,986.33,-0.61,-1.04,0.18,37.85
692,416671820,185.06,-4.88,990.23,-0.30,-1.10,0.18,37.85
693,416675869,193.85,-0.98,985.35,-0.24,-0.91,0.30,37.66
694,416679926,194.82,-5.86,989.75,-0.43,-1.10,0.24,37.85
695,416683976,198.73,1.46,983.89,-0.12,-0.55,0.49,37.81
696,416689770,206.54,4.39,979.98,-0.49,0.18,0.67,37.90
697,416693820,201.66,3.42,984.86,-0.79,0.85,0.43,37.90
698,416697869,189.45,-5.86,983.89,-0.79,1.34,0.37,37.90
699,416701927,185.55,-3.91,983.89,-0.73,1.16,0.43,37.57
700,416705976,185.06,-1.46,989.26,-0.43,0.91,0.37,38.09
701,416711770,184.57,2.44,988.28,-0.49,0.79,0.37,37.90
702,416715820,188.96,-0.98,984.86,-0.55,1.16,0.24,37.85
703,416719869,185.55,-0.98,983.40,-0.73,0.91,0.55,37.90
704,416723926,191.89,4.88,985.84,-0.73,1.16,0.18,37.66
705,416727976,184.08,0.00,987.30,-0.79,0.91,0.18,37.85
706,416733770,178.22,0.49,987.30,-0.67,0.55,0.30,37.85
707,416737820,191.41,5.37,985.84,-1.04,0.18,0.18,38.00
708,416741869,187.01,11.72,986.33,-1.46,0.37,0.12,37.71
709,416745926,190.92,4.88,985.84,-1.59,0.55,0.18,37.81
710,416749976,177.25,0.00,989.75,-1.59,0.43,0.12,37.85
711,416755770,181.15,1.95,989.75,-1.77,-0.30,0.43,38.00
712,416759820,185.55,0.00,986.33,-1.65,-0.24,0.37,37.71
713,416763869,176.76,-4.39,989.75,-1.71,-0.67,0.73,38.00
714,416767926,174.80,-1.95,989.26,-1.71,-1.22,0.43,37.52
715,416771976,179.69,-2.44,988.77,-1.40,-1.52,0.18,37.85
716,416777770,184.08,2.44,992.19,-1.77,-1.95,0.30,37.66
717,416781820,189.45,0.00,990.23,-1.77,-2.07,0.30,37.90
718,416785869,186.52,-4.88,987.79,-1.89,-2.32,0.37,38.00
719,416789927,182.62,-6.84,993.65,-1.59,-2.32,0.30,37.71
720,416795770,189.94,0.00,986.82,-1.52,-2.38,0.24,37.90
721,416799820,190.92,-0.49,989.26,-1.77,-2.32,0.67,38.00
722,416803869,192.38,-0.98,984.37,-1.77,-2.38,0.67,37.85
723,416807926,188.48,-5.86,990.72,-1.83,-2.32,0.30,38.09
724,416811976,189.45,-3.42,985.35,-1.59,-2.38,0.30,37.71
725,416817770,195.80,-4.39,981.45,-1.28,-2.07,0.67,37.85
726,416821820,197.75,-5.37,982.42,-1.40,-1.77,0.55,37.85
727,416825869,190.92,-6.84,989.75,-1.28,-1.59,0.24,37.85
728,416829926,196.78,0.98,985.35,-1.10,-1.40,0.12,37.90
729,416833976,207.03,11.23,979.00,-1.16,-0.79,0.12,37.85
730,416839770,208.98,-0.49,980.47,-1.16,-0.12,0.18,37.90
731,416843820,194.82,-7.32,985.84,-1.16,0.06,0.18,37.81
732,416847869,190.92,-5.86,985.84,-1.22,0.06,0.43,37.57
733,416851926,187.99,-0.49,984.37,-0.91,0.06,0.43,38.00
734,416855976,191.41,0.98,985.84,-0.67,0.12,0.55,37.85
735,416861770,188.48,-1.46,988.77,-0.67,0.12,0.37,37.71
736,416865820,181.64,-0.98,983.40,-0.61,0.00,0.37,37.85
737,416869869,182.62,-0.49,986.82,-0.49,-0.30,0.00,37.66
738,416873926,187.50,1.95,985.35,-0.49,-0.37,0.18,37.71
739,416877976,179.20,-3.91,990.23,-0.55,-0.43,-0.06,37.71
740,416883770,178.71,-0.98,990.23,-0.18,-1.16,-0.06,37.85
741,416887820,189.45,0.49,985.35,-0.67,-1.65,-0.24,38.05
742,416891869,182.62,-2.44,989.75,-0.61,-1.89,-0.12,37.57
743,416895926,184.57,0.49,988.28,-0.55,-2.13,-0.24,38.00
744,416899976,189.45,1.95,985.35,-0.61,-1.77,-0.24,37.90
745,416905770,193.36,4.39,986.82,-0.85,-2.01,-0.43,37.71
746,416909820,199.71,5.37,985.84,-0.67,-2.07,-0.12,37.90
747,416913869,202.64,12.21,984.86,-1.10,-1.40,-0.37,37.85
748,416917926,193.85,10.74,986.33,-1.71,-0.55,0.00,37.85
749,416921976,184.57,3.91,991.70,-1.89,-0.73,0.24,37.66
750,416927770,188.48,3.42,988.77,-2.32,-0.67,0.37,37.85
751,416931820,189.45,-1.46,982.42,-2.32,-0.55,0.61,37.85
752,416935869,192.38,0.00,984.37,-2.26,-0.73,0.67,37.90
753,416939926,183.59,-4.88,988.77,-2.62,-0.43,0.55,37.85
754,416943976,191.89,-4.39,983.40,-2.26,-0.49,0.55,37.85
755,416949770,191.41,-9.28,985.35,-2.13,0.00,0.67,37.81
756,416953820,190.43,-3.91,988.28,-2.07,-0.43,0.67,38.00
757,416957869,187.50,-0.49,989.26,-2.01,-0.30,0.61,37.85
758,416961926,190.92,-6.84,989.75,-1.71,-0.37,0.55,37.47
759,416965976,180.18,-8.79,990.72,-1.28,-0.67,0.43,37.90
760,416971770,185.06,-9.28,987.30,-0.91,-0.73,0.24,37.66
761,416975820,187.99,-0.98,989.75,-0.85,-1.04,0.18,37.66
762,416979869,182.13,-3.42,989.75,-0.79,-1.22,-0.24,37.85
763,416983926,183.59,-2.44,985.84,-0.55,-1.77,0.06,37.85
764,416989770,187.50,1.95,982.91,-0.91,-1.83,-0.06,37.90
765,416993820,189.94,0.98,987.30,-1.16,-1.52,0.18,37.66
766,416997869,192.38,1.46,988.28,-1.04,-1.34,0.12,37.66
767,417001926,195.80,0.98,981.45,-1.28,-1.04,0.30,37.85
768,417005976,192.38,2.93,984.37,-1.46,-0.91,0.37,37.71
769,417011770,197.27,-3.42,980.47,-1.52,-0.49,0.30,37.66
770,417015820,195.80,2.44,980.96,-1.52,0.06,0.55,37.71
771,417019869,199.22,0.49,980.96,-1.46,0.12,0.98,37.71
772,417023926,187.99,1.46,985.84,-1.34,0.30,0.67,37.90
773,417027976,191.41,-4.39,987.79,-1.34,-0.06,0.49,37.66
774,417033770,185.55,2.44,990.72,-1.22,0.12,0.91,37.85
775,417037820,188.96,2.44,984.86,-1.65,0.00,0.85,37.85
776,417041869,186.04,-0.49,987.30,-1.89,-0.12,0.85,37.71
777,417045926,182.62,0.49,984.86,-1.52,-0.24,0.73,37.90
778,417049976,175.78,-0.98,988.77,-1.65,-0.85,0.61,38.00
779,417055770,175.78,-6.35,990.23,-1.59,-1.46,0.79,38.00
780,417059820,185.06,-0.98,984.86,-1.46,-1.52,0.37,37.81
781,417063869,184.08,-3.91,985.35,-1.52,-1.65,0.49,37.57
782,417067926,192.87,-1.46,983.40,-1.22,-1.89,0.24,37.71
783,417071976,198.24,1.46,987.79,-1.65,-1.59,0.37,37.85
784,417077770,186.52,-1.95,987.30,-1.40,-1.59,0.06,38.05
785,417081820,187.01,-4.88,984.37,-1.46,-1.83,0.06,37.66
786,417085869,183.11,-0.98,987.79,-1.52,-1.77,0.24,37.52
787,417089926,190.92,-5.86,984.37,-1.46,-1.95,0.12,37.90
788,417093976,195.31,-4.88,983.40,-1.28,-1.77,-0.06,37.85
789,417099770,201.17,-3.91,979.00,-1.22,-1.59,-0.06,37.90
790,417103820,187.99,-3.42,982.91,-1.28,-1.40,0.12,37.71
791,417107869,198.24,-2.44,984.86,-1.22,-0.91,0.18,37.71
792,417111926,198.24,0.49,984.86,-1.04,-0.49,0.00,38.00
793,417115976,191.89,0.98,983.40,-1.10,-0.61,0.24,37.85
794,417121770,197.27,1.95,987.30,-1.52,-0.30,0.12,37.85
795,417125820,188.48,-2.44,980.96,-0.98,-0.06,0.18,37.81
796,417129869,190.43,-3.42,985.35,-0.73,-0.12,0.37,37.85
797,417133926,189.94,-3.91,980.47,-0.98,0.18,0.55,37.85
798,417137976,191.41,-6.84,984.86,-1.16,0.18,0.43,38.00
799,417143770,178.22,-1.95,986.33,-0.91,-0.18,0.30,38.00
800,417147820,187.99,-2.44,987.79,-0.55,-0.37,0.24,37.85
801,417151869,185.06,0.00,986.82,-0.67,-0.55,0.30,37.85
802,417155926,186.04,-6.84,991.21,-0.79,-0.91,0.18,37.90
803,417159976,184.57,-0.98,988.28,-0.73,-1.22,0.12,38.00
804,417165770,181.64,-7.81,986.82,-0.61,-1.77,0.37,37.71
805,417169820,183.11,4.39,986.82,-0.43,-1.52,0.12,37.85
806,417173869,193.85,0.49,983.40,-0.67,-1.95,0.18,38.19
807,417177926,195.80,2.93,981.45,-0.67,-1.22,-0.18,37.85
808,417181976,193.36,0.00,983.89,-1.16,-1.22,0.30,37.90
809,417187770,190.92,3.91,986.33,-1.10,-1.04,0.37,37.90
810,417191820,186.04,-3.91,991.70,-1.04,-1.16,0.00,37.90
811,417195869,195.80,0.49,983.40,-0.91,-1.34,-0.06,37.85
812,417199926,207.52,9.28,979.98,-1.46,-0.67,0.37,37.66
813,417205770,199.22,2.44,981.93,-1.71,0.06,0.43,37.90
814,417209820,187.99,-2.93,984.37,-1.59,0.00,0.55,37.52
815,417213869,195.80,-4.39,984.86,-1.59,-0.06,0.55,38.00
816,417217926,194.34,-6.84,986.82,-1.40,0.00,0.43,37.85
817,417221976,177.73,-8.79,986.82,-1.16,0.12,0.24,37.71
818,417227770,192.38,-10.25,986.82,-1.16,-0.43,0.18,37.85
819,417231820,190.92,-2.93,986.82,-0.79,-0.24,0.18,37.85
820,417235869,185.06,2.93,989.26,-0.91,-0.49,0.24,38.00
821,417239926,189.45,-2.44,988.28,-0.73,-0.61,0.30,37.90
822,417243976,189.45,-0.49,984.86,-0.91,-0.73,0.30,37.57
823,417249770,194.82,0.00,984.86,-0.73,-0.67,0.18,37.85
824,417253820,187.01,0.00,984.37,-1.04,-0.55,0.37,37.85
825,417257869,185.06,-4.88,988.28,-0.79,-0.49,0.00,37.90
826,417261926,192.87,0.98,983.89,-0.85,-0.49,0.37,38.00
827,417265976,189.94,6.35,985.84,-0.85,-0.43,0.30,37.71
828,417271770,188.48,0.00,985.35,-0.85,-0.49,0.18,37.85
829,417275820,181.64,-0.49,987.30,-0.85,-0.67,-0.06,37.71
830,417279869,187.50,1.95,986.82,-0.79,-0.73,0.00,37.66
831,417283926,194.82,3.91,978.52,-1.10,-0.24,0.30,37.85
832,417287976,188.48,-0.98,984.37,-1.40,0.00,0.37,37.85
833,417293770,185.06,0.49,989.26,-1.59,0.06,0.37,37.85
834,417297820,186.04,-3.42,986.82,-1.28,-0.43,0.18,37.71
835,417301869,187.01,-3.91,986.33,-1.16,-0.30,0.18,37.66
836,417305926,186.52,-3.91,987.79,-1.22,-0.79,0.18,37.81
837,417309976,187.99,-0.98,985.35,-1.04,-0.85,0.37,37.85
838,417315770,187.01,-1.95,985.84,-0.98,-0.67,0.49,38.00
839,417319820,187.01,-1.46,990.23,-1.22,-0.98,0.37,37.90
840,417323869,192.87,6.35,983.40,-1.16,-0.98,0.24,37.57
841,417327926,189.94,3.91,987.79,-1.28,-0.79,0.49,37.66
842,417331976,193.36,0.49,989.75,-1.59,-0.73,0.37,38.00
843,417337770,187.01,-1.46,984.37,-1.28,-0.85,0.18,37.85
844,417341820,189.94,-3.91,986.82,-1.28,-0.91,0.43,37.85
845,417345869,198.24,0.49,983.40,-1.28,-0.79,0.55,37.85
846,417349926,186.52,-3.42,980.47,-1.16,-0.43,0.49,37.71
847,417353976,186.04,-7.32,988.28,-1.40,-0.67,0.30,37.71
848,417359770,186.04,-2.93,988.77,-1.10,-0.67,0.49,37.85
849,417363820,192.38,-0.98,988.77,-0.67,-0.73,0.37,37.85
850,417367869,190.43,-0.49,984.37,-1.04,-0.79,0.06,37.81
851,417371926,190.43,0.49,985.84,-0.91,-0.43,0.00,37.85
852,417375976,187.99,-6.84,984.37,-0.79,-0.49,-0.18,37.90
853,417381770,185.55,-6.35,985.35,-0.73,-0.73,-0.18,37.90
854,417385820,187.99,-6.84,988.77,-0.55,-0.67,0.00,37.71
855,417389869,190.43,-2.93,983.89,-0.61,-0.79,-0.24,37.90
856,417393926,198.24,-0.98,984.86,-0.43,-0.98,-0.43,37.52
857,417397976,194.34,-0.98,981.93,-0.43,-0.37,-0.85,37.85
858,417403770,196.78,0.98,984.86,-0.67,0.12,-1.16,37.85
859,417407820,194.82,2.44,983.40,-0.73,0.49,-1.34,37.90
860,417411869,187.50,0.49,985.84,-0.79,0.43,-0.67,37.66
861,417415926,206.05,-1.46,982.91,-1.04,0.98,-0.49,37.71
862,417421770,152.34,3.91,1000.00,-1.04,0.43,-0.67,37.85
863,417425820,196.29,9.77,981.45,-0.91,0.12,0.06,37.66
864,417429869,185.55,1.95,986.33,-1.52,0.06,0.49,38.00
865,417433926,189.45,-0.49,984.37,-1.83,0.00,0.30,37.81
866,417437976,186.04,5.37,988.77,-1.83,0.12,0.55,37.66
867,417443770,185.06,0.00,988.77,-1.77,0.43,0.24,37.90
868,417447820,192.87,0.98,986.33,-1.59,0.37,0.24,37.85
869,417451869,180.66,-4.88,993.16,-1.71,0.30,0.37,37.90
870,417455926,184.08,-0.98,990.23,-1.71,0.06,0.12,37.85
871,417459976,183.11,-5.37,987.30,-1.28,-0.12,0.30,37.57
872,417465770,183.11,-1.95,987.79,-1.16,-0.43,0.06,38.00
873,417469820,180.66,-3.42,992.68,-1.28,-1.04,0.00,38.00
874,417473869,174.32,-5.86,989.26,-0.85,-1.16,-0.12,37.66
875,417477926,182.13,-5.86,988.77,-0.73,-1.65,0.00,37.85
876,417481976,189.94,4.39,987.79,-0.85,-1.71,0.00,37.57
877,417487770,187.99,5.86,989.26,-0.91,-2.07,0.00,37.90
878,417491820,186.04,-2.44,987.79,-0.91,-2.50,0.12,37.90
879,417495869,179.20,-4.88,986.33,-0.85,-2.50,0.12,37.71
880,417499926,191.41,4.88,989.26,-0.73,-2.50,-0.18,38.00
881,417503976,184.57,3.42,986.82,-1.10,-2.56,-0.43,37.90
882,417509770,194.82,5.37,984.86,-0.91,-2.32,-0.06,37.90
883,417513820,211.43,13.67,977.05,-1.59,-1.34,0.18,37.85
884,417517869,202.64,5.37,980.96,-2.01,-0.43,0.24,37.66
885,417521926,192.38,-6.35,987.30,-1.89,-0.06,0.30,37.90
886,417525976,189.94,-5.37,981.93,-1.77,0.12,0.43,37.90
887,417531770,192.38,-2.93,982.42,-1.83,0.37,0.37,37.85
888,417535820,187.99,-3.91,987.79,-1.59,0.49,0.43,37.85
889,417539869,192.87,-7.32,985.84,-1.46,0.49,0.67,37.85
890,417543927,200.68,4.88,982.42,-1.28,0.98,0.49,37.52
891,417547976,194.34,-4.88,985.84,-1.28,1.16,0.73,37.90
892,417553770,188.96,-2.44,984.37,-1.04,1.40,0.37,37.90
893,417557820,175.78,-7.32,989.75,-1.04,0.98,0.73,37.90
894,417561869,186.52,-2.93,984.86,-0.79,0.49,0.67,37.85
895,417565926,183.11,-3.91,990.72,-0.73,0.37,0.61,37.85
896,417569976,179.20,-1.46,994.14,-0.73,0.18,0.30,38.00
897,417575770,184.57,4.39,984.86,-0.73,-0.24,0.49,38.00
898,417579820,179.20,1.95,984.86,-0.61,-0.55,0.30,37.85
899,417583869,187.01,5.37,988.77,-0.24,-0.73,0.30,37.90
900,417587926,189.45,11.23,987.79,-0.85,-0.43,0.12,37.66
901,417591976,184.57,2.93,990.23,-1.10,-0.55,0.49,38.00
902,417597770,170.90,-0.49,990.23,-0.85,-1.16,0.37,37.85
903,417601820,181.64,3.91,984.37,-1.04,-1.65,0.24,37.90
904,417605869,193.85,9.28,981.45,-1.34,-1.40,0.43,37.66
905,417609926,187.99,5.86,986.82,-1.83,-1.10,0.37,37.66
906,417613976,191.89,2.44,988.77,-1.77,-1.22,0.30,37.85
907,417619770,190.92,4.88,986.82,-2.13,-0.98,0.43,37.85
908,417623820,192.87,6.84,985.84,-2.26,-0.85,0.43,37.71
909,417627869,188.48,4.39,986.33,-2.38,-0.67,0.55,37.85
910,417631926,182.62,-1.46,987.30,-2.68,-0.55,0.67,37.81
911,417637770,178.22,-2.93,989.75,-2.44,-1.04,0.73,38.05
912,417641820,183.59,-1.46,980.96,-2.13,-1.10,0.79,37.71
913,417645869,187.01,-9.77,990.23,-2.01,-1.22,0.91,37.66
914,417649926,184.08,-7.32,987.79,-1.77,-1.28,0.12,37.85
915,417653976,185.55,-0.98,987.79,-1.22,-1.59,0.49,37.66
916,417659770,192.38,0.00,985.84,-1.34,-1.89,0.43,37.85
917,417663820,191.89,-7.81,986.82,-1.65,-1.83,0.49,38.00
918,417667869,184.08,-5.86,988.28,-1.28,-1.65,0.55,37.66
919,417671926,184.08,-1.46,983.40,-0.85,-1.89,0.30,37.81
920,417675976,189.94,-1.95,981.93,-1.04,-2.07,0.24,37.85
921,417681770,198.73,5.37,984.86,-0.91,-1.89,0.18,37.85
922,417685820,193.85,-0.98,984.37,-1.28,-1.40,0.55,37.71
923,417689869,193.85,3.42,981.45,-1.46,-1.40,0.30,37.52
924,417693926,190.43,-0.49,987.30,-1.77,-1.28,0.24,37.90
925,417697976,189.94,-2.44,981.93,-1.59,-1.40,0.37,37.81
926,417703770,188.48,-7.32,981.93,-1.22,-1.10,0.06,37.81
927,417707820,195.80,-3.42,983.40,-0.73,-1.16,0.18,37.90
928,417711869,201.66,-4.39,983.89,-1.04,-0.91,0.30,37.71
929,417715926,191.41,-5.37,988.77,-0.67,-0.73,0.24,37.90
930,417719976,192.38,-1.46,986.82,-0.67,-0.79,0.00,37.85
931,417725770,202.15,5.86,979.98,-0.73,-0.73,0.18,37.71
932,417729820,188.96,0.98,985.84,-0.85,-0.43,0.43,37.85
933,417733869,187.99,-5.86,988.77,-0.73,-0.30,0.37,37.66
934,417737927,190.92,1.95,984.86,-0.73,-0.79,0.30,37.66
935,417741976,191.41,3.42,985.84,-0.85,-0.61,0.37,37.71
936,417747770,189.94,2.93,985.84,-0.61,-1.04,0.67,38.00
937,417751820,188.96,3.42,984.86,-1.16,-0.67,0.37,37.71
938,417755869,189.94,-5.37,981.93,-1.16,-0.37,0.30,37.85
939,417759926,184.57,0.00,988.28,-1.40,-0.79,0.37,37.71
940,417763976,181.64,-9.77,989.75,-1.10,-1.10,0.49,37.90
941,417769770,184.08,1.95,993.16,-0.79,-1.34,0.18,37.85
942,417773820,192.87,-5.86,985.35,-0.98,-1.34,0.37,37.85
943,417777869,187.99,-3.42,987.79,-0.79,-1.28,0.18,37.71
944,417781926,187.50,5.86,985.84,-0.85,-1.34,0.06,38.00
945,417785976,189.45,1.95,985.84,-1.46,-1.22,-0.06,37.90
946,417791770,181.15,0.98,986.33,-1.52,-1.28,-0.06,37.90
947,417795820,182.62,3.42,986.33,-1.40,-1.95,0.00,37.90
948,417799869,187.01,4.39,983.89,-1.46,-1.89,0.00,37.90
949,417803926,197.75,6.35,982.42,-1.77,-1.46,0.00,37.85
950,417807976,191.41,9.77,983.40,-2.01,-1.10,0.24,37.85
951,417813770,193.85,-2.93,988.28,-2.20,-0.85,0.30,38.00
952,417817820,189.45,1.95,989.26,-1.89,-0.85,0.24,37.90
953,417821869,193.36,-4.88,983.40,-1.77,-0.73,0.00,37.85
954,417825926,189.94,-2.44,984.86,-1.77,-0.79,0.37,37.71
955,417831770,195.80,-0.98,986.33,-1.65,-0.79,0.24,37.71
956,417835820,192.38,-0.98,987.30,-1.40,-0.67,0.12,37.81
957,417839869,200.68,-2.44,988.28,-1.34,-0.67,0.30,37.85
958,417843926,204.59,-0.49,980.47,-1.59,-0.18,0.43,38.24
959,417847976,191.41,-1.95,982.42,-1.04,0.18,0.18,37.66
960,417852025,188.96,-9.28,983.89,-0.85,-0.12,0.30,38.05
961,417857770,188.96,-4.88,987.79,-0.85,0.06,0.37,37.90
962,417861820,194.82,-2.93,985.35,-1.04,0.67,0.37,37.85
963,417865869,183.59,-8.79,986.33,-0.61,0.30,0.49,37.85
964,417869926,187.99,-2.93,986.33,-0.79,0.30,0.61,37.71
965,417875770,187.50,-2.93,984.86,-0.49,0.30,0.73,37.85
966,417879820,189.94,3.42,985.84,-0.67,0.61,0.67,37.90
967,417883869,187.01,2.93,985.84,-0.91,0.61,0.98,38.09
968,417887926,185.55,-0.98,984.86,-1.22,0.73,0.91,37.85
969,417891976,176.76,-2.93,990.72,-1.22,0.18,0.67,37.71
970,417897770,184.08,2.44,988.77,-1.04,0.00,0.43,38.00
971,417901820,185.55,6.84,987.30,-1.52,-0.24,0.55,37.57
972,417905869,180.66,5.86,986.33,-1.77,-0.49,0.73,37.66
973,417909926,187.99,4.39,988.77,-1.77,-0.73,0.79,37.85
974,417913976,184.08,-4.39,986.82,-1.71,-0.79,0.85,37.90
975,417919770,182.62,-3.91,988.77,-1.71,-0.85,0.91,37.66
976,417923820,183.11,-0.98,991.21,-1.83,-1.28,1.04,38.00
977,417927869,187.01,-3.91,986.33,-1.65,-1.46,0.73,37.47
978,417931926,174.32,-10.74,990.23,-1.71,-1.40,0.49,37.90
979,417935976,182.62,-8.30,990.23,-1.22,-2.07,0.61,37.90
980,417941770,181.15,-1.46,987.30,-1.28,-1.89,0.37,37.71
981,417945820,190.43,-4.39,981.93,-1.34,-2.13,0.24,37.66
982,417949869,201.17,-3.42,983.40,-1.34,-1.77,0.43,37.71
983,417953926,194.34,-0.98,978.03,-1.52,-1.46,0.43,37.71
984,417957976,193.85,0.49,984.86,-1.65,-1.10,0.37,38.00
985,417963770,196.29,-1.95,985.35,-1.40,-1.04,0.12,37.90
986,417967820,198.24,-0.49,979.98,-1.10,-0.67,0.49,37.90
987,417971869,194.82,-2.93,988.77,-0.98,-0.06,0.24,37.85
988,417975926,192.38,-5.37,988.28,-1.16,-0.24,0.55,37.66
989,417979976,186.52,-9.77,983.40,-0.98,-0.30,0.49,37.85
990,417985770,196.78,-3.91,984.37,-0.91,-0.06,0.43,37.71
991,417989820,189.94,-6.84,986.33,-0.67,0.00,0.24,37.85
992,417993869,191.89,-5.86,994.63,-0.49,0.12,0.30,37.85
993,417997926,192.87,0.98,982.91,-0.55,0.06,0.12,37.90
994,418001976,186.52,-4.88,989.75,-0.49,0.24,0.18,37.71
995,418007770,183.59,0.00,991.70,-0.43,-0.37,0.37,37.90
996,418011820,183.59,-0.49,986.82,-0.43,-0.85,0.43,37.71
997,418015869,183.59,1.46,988.77,-0.55,-0.61,0.24,37.71
998,418019926,192.38,8.30,983.40,-0.55,-0.98,0.55,37.71
999,418023976,188.96,6.35,982.91,-0.79,-0.85,0.85,37.90
1000,418029770,180.18,1.95,986.82,-0.98,-0.85,0.73,37.90
1001,418033820,178.71,-6.84,993.65,-0.61,-1.22,0.67,38.05
1002,418037869,184.57,0.00,988.28,-0.30,-1.65,1.22,37.71
1003,418041927,197.75,8.30,985.84,-0.43,-1.71,1.04,37.66
1004,418047770,186.04,0.00,984.37,-0.61,-1.65,1.04,37.85
1005,418051820,188.96,3.42,981.93,-0.61,-1.65,0.98,37.71
1006,418055869,195.80,7.81,979.98,-0.91,-1.65,0.85,37.52
1007,418059926,186.04,0.98,986.82,-0.91,-1.46,0.73,37.71
1008,418063976,195.80,10.74,986.82,-1.40,-1.16,0.43,37.57
1009,418069770,195.80,12.70,983.40,-2.01,-0.79,0.37,37.90
1010,418073820,187.50,5.37,992.68,-2.38,-0.98,0.43,37.81
1011,418077869,188.96,2.44,990.72,-2.20,-0.91,0.49,37.85
1012,418081926,187.01,-4.39,987.79,-2.26,-0.91,0.30,37.71
1013,418085976,194.34,-2.93,979.98,-2.01,-1.22,0.30,37.52
1014,418091770,194.34,-5.37,978.52,-2.01,-0.67,0.18,38.05
1015,418095820,185.55,-7.81,988.77,-1.59,-0.55,0.24,37.81
1016,418099869,186.04,-8.79,985.84,-1.34,-1.04,0.00,37.66
1017,418103926,190.92,-6.35,986.33,-1.10,-0.91,0.24,37.90
1018,418107976,195.80,-3.42,985.35,-1.10,-0.91,0.12,37.90
1019,418113770,193.36,-0.98,985.84,-0.67,-0.67,0.06,37.81
1020,418117820,187.99,-6.35,986.82,-0.79,-0.79,0.24,38.00
1021,418121869,184.08,-8.79,983.89,-0.61,-0.67,0.00,37.66
1022,418125926,184.08,-5.37,987.79,-0.43,-0.73,0.00,37.71
1023,418129976,187.50,-1.95,986.33,-0.18,-0.91,0.12,37.90
1024,418135770,190.92,-1.95,988.28,-0.30,-0.79,0.06,37.90
1025,418139820,188.48,1.46,986.33,-0.24,-1.04,0.24,37.71
1026,418143869,193.36,-1.46,989.26,-0.49,-0.73,0.18,37.52
1027,418147926,190.43,6.84,983.89,-0.79,-1.10,0.24,37.90
1028,418151976,187.99,6.35,985.35,-0.85,-0.98,0.24,38.00
1029,418157770,187.01,6.84,983.40,-1.16,-1.04,0.61,37.85
1030,418161820,187.99,-4.88,992.68,-1.40,-0.91,0.91,37.71
1031,418165869,180.66,-4.88,989.75,-1.40,-1.10,0.55,37.66
1032,418169926,182.62,0.98,986.82,-1.10,-1.59,0.49,37.90
1033,418173976,200.20,7.81,984.86,-1.40,-1.71,0.61,37.85
1034,418179770,205.08,7.81,980.96,-1.95,-0.91,0.55,37.90
1035,418183820,184.57,-1.95,983.89,-2.26,-0.24,0.67,37.85
1036,418187869,186.52,0.00,990.23,-2.01,-0.55,0.49,37.85
1037,418191926,196.29,1.46,985.35,-2.07,-0.18,0.55,37.85
1038,418195976,185.06,-5.37,989.26,-1.89,-0.49,0.24,37.81
1039,418201770,179.69,-9.28,988.28,-1.46,-0.98,0.12,37.90
1040,418205820,194.34,-0.98,983.40,-1.22,-1.59,0.06,38.00
1041,418209869,192.87,-5.86,990.23,-1.28,-1.40,-0.18,38.00
1042,418213926,186.52,-2.44,984.37,-0.91,-1.16,0.12,37.85
1043,418217976,198.24,-6.84,983.40,-1.10,-1.28,0.18,37.85
1044,418223770,194.34,-2.93,984.86,-0.98,-0.91,0.37,37.85
1045,418227820,197.75,-0.98,983.89,-1.10,-1.10,0.18,38.00
1046,418231869,191.41,1.46,983.40,-1.04,-0.79,0.24,37.90
1047,418235926,191.41,-5.37,991.70,-0.79,-0.55,0.43,37.71
1048,418239976,188.48,-5.86,990.72,-0.67,-0.91,0.06,38.00
1049,418245770,198.24,-0.98,986.82,-0.73,-1.04,0.12,37.85
1050,418249820,201.66,0.98,986.33,-0.91,-0.49,0.43,37.57
1051,418253869,193.36,4.39,987.30,-0.98,-0.24,0.30,37.85
1052,418257926,184.57,0.00,988.77,-1.16,0.18,0.43,37.66
1053,418263770,180.18,-8.30,991.70,-1.16,-0.61,0.49,37.85
1054,418267820,190.92,0.49,985.35,-1.04,-0.73,0.12,37.57
1055,418271869,184.57,0.98,989.26,-1.22,-0.79,0.12,37.66
1056,418275926,192.38,0.49,990.23,-0.91,-0.85,0.00,38.00
1057,418279976,186.52,1.95,985.35,-0.98,-0.55,0.30,37.66
1058,418285770,189.94,8.30,989.26,-1.04,-0.55,0.43,37.85
1059,418289820,187.01,3.91,986.82,-1.22,-0.24,0.43,37.81
1060,418293869,186.04,-3.42,988.77,-1.16,-0.37,0.24,37.85
1061,418297926,188.96,1.46,991.70,-1.16,-0.18,0.49,37.90
1062,418301976,191.41,2.93,985.84,-0.98,-0.12,0.67,37.71
1063,418307770,200.68,-0.49,986.82,-1.28,0.30,0.55,37.85
1064,418311820,189.94,1.95,987.79,-1.28,0.00,0.30,37.57
1065,418315869,194.82,5.37,982.91,-1.52,0.06,0.79,37.71
1066,418319926,184.57,0.98,987.30,-1.83,0.30,0.61,37.85
1067,418323976,181.15,-4.39,992.68,-1.52,0.06,0.55,37.85
1068,418329770,182.62,-4.39,987.79,-1.40,-0.37,0.37,38.00
1069,418333820,188.96,-0.49,990.72,-1.28,-0.18,0.12,37.85
1070,418337869,184.57,-0.49,991.21,-1.77,-0.43,0.30,37.71
1071,418341926,186.52,-2.93,985.35,-1.34,-0.73,0.06,37.85
1072,418345976,186.52,-2.44,991.70,-1.10,-0.79,0.18,37.81
1073,418351770,188.48,3.42,986.33,-1.34,-0.85,0.12,37.85
1074,418355820,181.64,-0.98,986.33,-1.28,-1.04,0.12,37.90
1075,418359869,186.52,-3.91,990.72,-1.22,-0.98,0.24,37.81
1076,418363926,192.38,-3.91,988.28,-1.10,-1.22,0.18,37.66
1077,418367976,193.36,2.93,980.96,-1.10,-1.22,0.49,37.66
1078,418373770,191.41,-3.91,982.42,-1.10,-0.98,0.73,37.85
1079,418377820,193.85,-7.32,983.89,-0.98,-0.67,0.43,37.90
1080,418381869,201.66,-3.91,982.91,-1.10,-0.55,0.43,37.71
1081,418385927,191.89,-2.93,987.79,-1.10,-0.24,0.73,37.85
1082,418389976,188.48,-0.98,990.72,-1.16,-0.37,0.61,37.90
1083,418395770,188.48,3.91,989.75,-0.91,-0.24,0.55,38.00
1084,418399820,195.31,1.95,987.30,-0.73,-0.37,0.73,37.90
1085,418403869,193.85,-0.49,985.84,-0.85,-0.30,0.55,37.90
1086,418407926,196.29,1.95,988.77,-0.73,-0.18,0.61,37.90
1087,418411976,187.99,0.98,984.37,-0.79,0.18,0.24,38.00
1088,418417770,190.43,-0.98,981.93,-1.10,0.43,0.06,37.90
1089,418421820,190.92,3.91,994.14,-0.85,0.18,0.37,37.81
1090,418425869,192.38,-2.93,987.79,-0.85,-0.06,0.24,37.85
1091,418429926,184.57,-3.91,986.82,-0.67,0.12,0.30,37.71
1092,418433976,185.06,1.95,989.26,-0.85,-0.24,0.30,37.66
1093,418439770,188.48,2.44,985.84,-1.10,-0.24,0.12,38.05
1094,418443820,188.96,-2.44,991.21,-1.04,-0.30,0.30,38.00
1095,418447869,187.01,-1.46,985.84,-1.04,-0.49,0.24,37.90
1096,418451926,200.20,7.32,985.84,-0.85,-0.30,0.49,37.66
1097,418455976,195.80,3.42,983.89,-1.22,0.06,-0.06,37.85
1098,418461770,192.87,-2.44,984.86,-1.34,0.24,0.06,37.81
1099,418465820,188.96,4.88,984.86,-1.46,0.12,0.43,37.90
1100,418469869,183.11,-1.95,988.77,-1.10,-0.06,0.30,37.71
1101,418473926,191.41,3.42,987.30,-1.22,-0.43,0.30,37.52
1102,418479770,190.92,-4.39,982.42,-1.22,0.06,0.24,37.71
1103,418483820,188.48,-0.49,983.89,-1.40,0.18,0.61,37.66
1104,418487869,183.11,0.00,992.68,-1.71,0.12,0.55,37.71
1105,418491927,176.27,1.46,995.61,-1.89,-0.37,0.73,38.00
1106,418495976,174.32,-2.44,995.61,-1.89,-1.28,0.43,37.52
1107,418501770,182.62,1.95,985.35,-1.77,-1.71,0.49,38.09
1108,418505820,183.11,-7.32,984.37,-1.65,-1.95,0.55,37.66
1109,418509869,181.64,-6.84,990.23,-1.28,-2.07,0.12,38.00
1110,418513926,187.99,3.91,992.68,-1.34,-1.95,0.37,37.90
1111,418517976,189.94,3.42,990.23,-1.52,-2.20,0.37,37.66
1112,418523770,185.55,4.88,981.93,-1.65,-2.50,0.30,37.85
1113,418527820,182.13,-4.39,988.77,-1.46,-2.07,-0.06,38.00
1114,418531869,187.50,-2.44,987.30,-1.10,-2.32,0.18,37.85
1115,418535926,196.29,-1.46,981.93,-1.28,-1.95,-0.18,37.90
1116,418539976,193.36,-6.84,985.84,-1.59,-1.52,0.18,37.57
1117,418545770,194.82,-0.98,984.37,-1.28,-1.52,0.00,37.85
1118,418549820,193.85,0.98,981.45,-1.28,-0.98,0.12,38.00
1119,418553869,202.64,6.35,982.42,-1.40,-0.98,0.18,37.85
1120,418557926,195.80,-5.86,989.75,-1.71,-0.37,0.30,37.85
1121,418561976,190.43,-6.35,992.19,-1.59,-0.43,0.37,37.85
1122,418567770,190.92,-5.37,982.91,-1.28,-0.06,0.43,38.05
1123,418571820,192.38,-3.91,988.28,-1.16,-0.24,0.30,37.90
1124,418575869,197.75,-0.49,988.77,-0.85,0.00,0.37,37.81
1125,418579927,198.24,-0.49,984.37,-1.10,0.30,0.43,37.90
1126,418583976,189.94,-2.44,984.86,-0.91,0.73,0.55,37.66
1127,418589770,191.41,-6.84,985.84,-0.55,0.43,0.24,37.71
1128,418593820,182.13,-9.28,989.75,-0.30,0.06,0.37,37.71
1129,418597869,185.06,-1.95,986.33,-0.18,0.00,0.30,37.71
1130,418601926,191.89,6.35,985.35,-0.18,-0.18,0.30,37.71
1131,418605976,189.45,4.39,984.37,-0.37,-0.12,0.06,37.71
1132,418611770,187.01,1.95,983.89,-0.49,-0.18,0.18,38.09
1133,418615820,187.01,1.46,989.75,-0.98,-0.18,0.06,37.85
1134,418619869,187.50,-0.49,985.84,-0.85,-0.18,0.43,37.90
1135,418623926,180.18,-2.44,990.23,-1.04,-0.24,0.12,37.85
1136,418627976,180.66,-1.46,990.72,-0.91,-0.55,0.06,37.85
1137,418633770,195.31,4.39,982.42,-0.85,-0.55,0.18,37.71
1138,418637820,182.13,-3.42,988.28,-1.34,-0.06,0.12,37.81
1139,418641869,173.83,-1.95,988.77,-1.34,-0.37,0.24,37.90
1140,418645927,180.18,0.49,989.26,-1.22,-0.67,0.24,37.85
1141,418649976,180.18,3.42,985.84,-1.10,-1.04,0.30,37.71
1142,418655770,189.94,2.93,987.79,-1.28,-1.22,0.18,37.85
1143,418659820,190.43,4.39,984.37,-1.28,-1.10,0.18,37.85
1144,418663869,195.31,4.88,984.37,-1.52,-1.16,-0.06,38.05
1145,418667926,190.43,6.35,984.86,-1.89,-0.73,0.18,37.66
1146,418671976,193.36,1.95,993.16,-1.83,-0.43,0.24,38.00
1147,418677770,190.92,0.49,986.82,-1.95,-0.73,0.43,37.85
1148,418681820,191.89,-2.44,983.89,-1.65,-0.37,0.55,38.00
1149,418685869,186.52,-9.28,984.86,-1.71,-0.37,0.79,37.66
1150,418689926,190.92,-1.95,986.82,-1.46,-0.18,0.37,37.66
1151,418695770,190.43,-8.30,985.35,-1.59,-0.55,0.30,37.90
1152,418699820,188.48,-1.95,985.35,-1.16,-0.30,0.43,37.57
1153,418703869,192.87,-2.93,989.75,-1.40,0.06,0.43,37.85
1154,418707926,195.31,-3.91,985.35,-1.22,0.00,0.55,37.81
1155,418711976,188.96,-4.88,984.86,-0.91,0.00,0.49,37.85
1156,418717770,187.50,-8.79,990.23,-0.79,0.00,0.37,37.85
1157,418721820,191.89,-3.42,987.30,-0.61,-0.49,0.18,37.66
1158,418725869,192.87,-3.42,991.70,-0.49,-0.61,0.30,37.81
1159,418729926,189.45,-3.42,990.23,-0.37,-0.30,0.12,38.00
1160,418733976,187.50,1.95,987.79,-0.24,-0.61,0.18,37.90
1161,418739770,187.01,0.49,986.82,-0.49,-0.73,0.06,38.00
1162,418743820,183.59,1.95,986.82,-0.73,-0.98,0.24,37.90
1163,418747869,188.96,4.39,983.40,-0.61,-0.67,0.06,37.81
1164,418751926,195.31,8.79,986.82,-0.98,-0.49,0.24,37.85
1165,418755976,191.89,10.74,987.30,-1.22,0.06,0.37,38.00
1166,418761770,187.50,1.95,989.75,-1.52,0.43,0.43,38.00
1167,418765820,176.27,-0.49,980.96,-1.65,-0.12,0.06,37.85
1168,418769869,184.57,2.93,983.89,-1.77,-0.24,0.43,37.85
1169,418773926,181.64,1.95,992.68,-1.65,-0.43,0.37,38.00
1170,418777976,174.32,-6.84,990.23,-1.40,-0.85,0.43,37.71
1171,418783770,187.50,-1.46,988.77,-1.59,-1.22,0.55,37.66
1172,418787820,203.61,6.84,982.42,-1.83,-0.91,0.49,38.00
1173,418791869,203.61,1.46,980.96,-1.95,-0.30,0.55,37.85
1174,418795926,183.59,-3.42,987.79,-2.07,-0.06,0.73,37.85
1175,418799976,181.15,0.98,984.37,-2.01,-0.30,0.67,37.90
1176,418805770,187.50,-5.86,984.86,-1.89,-0.61,0.61,37.85
1177,418809820,179.69,-7.32,993.16,-1.71,-0.91,0.67,37.81
1178,418813869,182.62,-4.39,989.26,-1.52,-1.10,0.55,37.90
1179,418817926,191.89,1.95,985.35,-1.71,-1.22,0.79,37.85
1180,418821976,195.80,-8.79,984.37,-1.46,-0.85,0.55,37.85
1181,418827770,182.62,-7.81,990.23,-1.16,-0.85,0.37,37.57
1182,418831820,184.57,-0.98,984.86,-0.79,-1.16,0.06,37.90
1183,418835869,192.87,-2.93,981.45,-1.16,-1.16,-0.06,37.66
1184,418839927,191.41,-1.95,988.28,-0.85,-0.49,-0.06,37.85
1185,418843976,180.66,-6.84,991.70,-0.55,-0.85,-0.12,38.00
1186,418849770,181.64,-7.32,991.21,-0.43,-1.04,-0.18,37.71
1187,418853820,197.27,3.42,980.96,-0.55,-0.91,0.06,38.09
1188,418857869,193.85,-2.44,988.28,-0.85,-0.61,0.00,37.90
1189,418861926,185.55,0.49,986.82,-0.49,-0.43,0.06,37.66
1190,418865976,189.45,3.42,985.84,-0.67,-0.49,0.24,37.71
1191,418871770,190.43,3.42,986.82,-0.91,-0.06,0.24,37.71
1192,418875820,181.64,-3.42,988.28,-0.85,-0.55,0.18,37.90
1193,418879869,188.96,-3.91,985.84,-0.85,-0.49,0.30,37.90
1194,418883926,185.55,-1.95,985.35,-1.16,-0.79,0.37,37.66
1195,418889770,185.55,-2.44,990.72,-0.85,-0.91,0.24,37.52
1196,418893820,191.41,-1.46,986.33,-0.73,-0.61,0.73,37.57
1197,418897869,195.31,0.00,984.86,-0.85,-0.67,0.49,37.81
1198,418901927,190.43,-2.44,984.37,-0.91,-0.55,0.55,37.90
1199,418905976,189.45,3.42,985.35,-0.61,-0.43,0.49,37.52
1200,418910025,185.06,1.46,983.89,-0.61,-0.61,0.12,38.00
1201,418915770,183.59,-2.44,985.84,-1.04,-0.85,0.12,37.71
1202,418919820,184.57,-0.98,991.70,-0.85,-1.16,0.00,37.66
1203,418923869,186.52,4.88,989.26,-0.79,-1.52,0.00,37.66
1204,418927926,185.55,3.91,985.84,-0.98,-1.52,-0.12,37.85
1205,418933770,187.01,3.42,982.42,-0.98,-1.71,0.24,38.05
1206,418937820,190.43,-0.98,984.86,-0.98,-1.28,-0.18,37.71
1207,418941869,194.82,-3.42,983.89,-1.40,-1.22,0.06,38.00
1208,418945926,191.89,4.88,983.89,-1.28,-0.98,-0.12,37.81
1209,418949976,183.59,-5.37,988.28,-1.65,-0.55,0.00,37.66
1210,418955770,182.62,-4.39,989.75,-1.52,-0.79,0.00,37.85
1211,418959820,192.38,-6.35,986.82,-1.28,-1.04,0.18,37.71
1212,418963869,191.89,-0.49,983.40,-1.10,-0.91,0.37,37.57
1213,418967926,193.85,0.00,983.40,-0.98,-0.98,0.18,37.90
1214,418971976,198.73,4.88,982.91,-1.10,-0.37,0.30,37.71
1215,418977770,191.41,0.00,982.91,-1.46,0.12,0.61,37.90
1216,418981820,187.50,-1.95,987.79,-1.34,0.24,0.43,37.85
1217,418985869,189.45,0.98,990.72,-1.28,-0.06,0.24,37.52
1218,418989927,192.38,2.44,984.86,-1.40,-0.06,0.18,37.90
1219,418993976,182.62,-2.93,993.16,-1.52,-0.06,0.37,38.00
1220,418999770,182.62,-7.32,987.79,-1.46,-0.49,0.30,37.71
1221,419003820,183.59,-4.39,987.30,-1.34,-1.04,0.55,37.71
1222,419007869,187.50,-3.42,987.79,-1.16,-1.16,0.73,37.52
1223,419011926,188.96,-3.91,983.40,-1.16,-1.34,0.73,37.81
1224,419015976,187.01,-4.39,984.86,-0.73,-1.34,0.24,37.90
1225,419021770,186.52,0.00,989.26,-0.85,-1.40,0.12,37.81
1226,419025820,188.96,2.93,988.28,-0.85,-1.59,0.06,37.85
1227,419029869,192.38,2.93,986.82,-1.16,-1.28,-0.24,37.81
1228,419033927,182.62,0.00,986.82,-1.52,-1.46,0.00,37.85
1229,419037976,184.08,-2.93,989.75,-1.34,-1.59,0.00,37.90
1230,419043770,179.20,1.46,990.23,-1.34,-2.01,-0.12,37.90
1231,419047820,190.92,5.37,985.84,-1.40,-2.26,0.24,37.85
1232,419051869,199.71,-0.49,987.30,-1.40,-1.71,0.18,38.00
1233,419055927,210.45,5.37,981.93,-1.71,-1.40,0.43,37.85
1234,419059976,206.05,3.42,980.47,-2.20,-0.43,0.49,37.71
1235,419065770,187.99,-6.35,986.33,-1.83,-0.12,0.37,37.66
1236,419069820,183.59,-8.30,988.28,-1.77,-0.55,0.24,37.90
1237,419073869,184.08,-4.39,983.89,-1.40,-0.79,0.24,37.81
1238,419077927,182.13,-7.32,984.37,-1.34,-0.79,0.37,37.85
1239,419081976,184.57,-6.35,985.84,-1.10,-1.28,0.43,38.00
1240,419087770,183.11,-4.88,987.30,-1.10,-1.83,0.30,37.85
1241,419091820,198.24,3.91,981.45,-1.34,-1.28,0.43,37.71
1242,419095869,195.31,-2.44,981.93,-1.28,-1.28,0.55,37.90
1243,419099926,187.01,-5.86,985.35,-1.46,-1.28,0.43,37.85
1244,419105770,181.15,-6.35,992.68,-1.10,-1.28,-0.06,38.00
1245,419109820,186.04,0.49,981.93,-0.73,-1.46,-0.24,37.52
1246,419113869,192.38,2.93,986.82,-0.85,-1.28,0.00,37.90
1247,419117926,190.43,-0.49,984.37,-1.10,-1.22,0.24,37.66
1248,419121976,189.45,-1.95,988.28,-1.16,-1.16,0.12,37.66
1249,419127770,189.45,-1.95,982.91,-0.98,-1.28,0.12,37.85
1250,419131820,204.10,10.74,979.49,-1.28,-0.61,0.43,37.66
1251,419135869,198.24,3.42,979.00,-1.40,0.00,0.67,37.90
1252,419139926,195.80,-2.93,982.42,-1.65,0.30,0.61,37.66
1253,419143976,187.50,-2.44,986.33,-1.52,0.61,0.61,37.52
1254,419149770,183.59,-3.91,989.75,-1.28,0.43,0.24,37.90
1255,419153820,188.96,-1.95,989.26,-1.04,0.24,0.24,37.85
1256,419157869,181.64,-4.39,987.79,-1.04,-0.24,0.61,37.66
1257,419161926,184.57,-2.93,986.82,-0.91,-0.37,0.55,37.81
1258,419165976,179.69,-0.98,992.19,-0.67,-0.85,0.24,37.90
1259,419171770,180.18,2.44,990.23,-0.49,-1.46,0.37,37.85
1260,419175820,178.71,-0.98,987.30,-0.30,-1.52,0.24,37.81
1261,419179869,178.71,1.95,987.30,-0.55,-1.83,0.18,37.66
1262,419183926,190.92,2.93,983.89,-0.37,-2.07,0.37,37.85
1263,419187976,186.52,2.93,987.30,-0.85,-2.20,0.37,37.66
1264,419193770,181.15,0.49,993.16,-0.79,-2.44,0.12,37.85
1265,419197820,187.99,3.42,989.26,-1.04,-2.74,0.49,37.85
1266,419201869,192.87,5.86,986.82,-1.22,-2.93,0.49,37.71
1267,419205926,197.75,3.91,987.30,-1.10,-2.87,0.85,37.85
1268,419209976,191.41,-3.42,982.91,-1.46,-2.32,0.85,37.66
1269,419215770,203.61,-3.42,976.07,-1.10,-1.95,1.10,38.00
1270,419219820,203.12,-4.39,980.96,-1.10,-0.91,0.06,37.85
1271,419223869,201.66,0.98,983.40,-0.79,-0.37,0.12,37.52
1272,419227926,201.66,2.44,979.00,-0.98,-0.24,0.12,37.71
1273,419231976,200.20,1.95,984.37,-1.22,0.06,0.24,37.85
1274,419237770,206.54,-2.44,981.93,-1.10,0.98,0.06,37.85
1275,419241820,185.06,-11.72,987.30,-0.73,1.16,0.18,37.90
1276,419245869,189.45,-8.79,988.77,-0.61,0.73,0.18,37.90
1277,419249926,194.82,0.00,990.23,-0.37,0.67,0.37,37.71
1278,419253976,192.38,-2.93,981.93,-0.37,0.85,0.37,37.71
1279,419259770,184.08,-5.86,985.35,-0.24,0.55,-0.12,37.71
1280,419263820,167.97,2.44,999.02,0.91,0.73,-0.91,37.90
1281,419267869,185.06,32.71,984.86,-0.37,-0.18,0.18,37.71
1282,419271926,160.16,-24.41,997.07,0.00,-0.43,-0.43,37.66
1283,419275976,187.99,14.65,984.86,-0.79,-1.52,0.06,38.00
1284,419281770,188.96,1.46,987.30,-0.73,-1.10,0.00,37.90
1285,419285820,190.92,0.49,989.75,-0.73,-0.98,0.24,37.85
1286,419289869,182.13,-5.37,985.84,-0.61,-1.22,0.00,38.00
1287,419293926,185.06,2.44,990.72,-0.43,-1.71,0.30,37.66
1288,419297976,191.41,5.37,984.37,-0.67,-1.34,0.12,37.90
1289,419303770,199.22,3.91,981.45,-1.16,-1.04,0.24,38.00
1290,419307820,193.85,-3.91,985.84,-0.98,-0.12,0.49,37.90
1291,419311869,181.64,4.88,986.82,-1.52,0.18,0.61,37.66
1292,419315926,170.90,-20.51,999.02,-0.37,-0.43,-0.43,37.71
1293,419321770,208.01,36.62,980.47,-1.77,-1.04,0.43,37.85
1294,419325820,179.69,-0.49,987.30,-1.71,0.49,0.00,37.57
1295,419329869,192.38,1.46,984.37,-1.46,-0.06,0.55,38.00
1296,419333926,199.22,0.00,978.03,-1.52,0.49,0.30,37.85
1297,419337976,185.06,-4.88,981.93,-1.28,0.67,0.37,37.66
1298,419343770,190.43,-0.49,985.84,-1.34,0.55,0.30,37.90
1299,419347820,193.36,-0.98,983.40,-1.22,0.37,0.30,37.71
1300,419351869,197.27,-2.44,986.33,-1.34,0.79,0.49,37.71
1301,419355926,183.11,0.00,985.84,-1.10,0.55,0.43,37.85
1302,419359976,190.92,-0.49,987.79,-1.22,0.61,0.67,37.85
1303,419365770,190.43,-4.88,987.79,-1.04,0.61,0.55,37.66
1304,419369820,185.06,-2.44,987.30,-0.91,0.24,0.18,37.66
1305,419373869,179.69,0.98,989.26,-0.79,0.24,0.49,37.66
1306,419377926,184.08,-0.49,989.26,-0.67,-0.06,0.37,37.90
1307,419381976,179.69,0.00,992.19,-0.55,-0.30,0.37,37.85
1308,419387770,181.15,0.00,986.82,-1.04,-0.79,0.30,37.71
1309,419391820,184.08,1.46,989.26,-0.91,-0.98,0.24,38.00
1310,419395869,188.96,2.44,982.91,-0.79,-1.16,0.12,37.85
1311,419399927,184.57,-4.88,984.37,-0.67,-0.91,0.43,37.85
1312,419403976,185.55,4.88,984.86,-0.79,-0.98,0.00,37.71
1313,419409770,192.87,-1.46,982.91,-1.40,-0.79,0.24,37.81
1314,419413820,186.52,3.91,985.84,-1.59,-1.10,0.43,37.90
1315,419417869,190.92,3.42,988.77,-1.52,-0.85,0.12,37.52
1316,419421926,197.75,7.32,984.37,-1.95,-0.61,0.30,38.00
1317,419425976,188.96,5.37,984.37,-2.20,-0.18,0.55,37.85
1318,419431770,191.41,4.88,982.91,-2.44,-0.18,0.73,37.85
1319,419435820,182.13,0.98,993.65,-2.32,-0.18,0.37,37.90
1320,419439869,175.29,-3.42,991.21,-1.95,-0.55,0.43,37.52
1321,419443926,179.69,0.49,986.33,-2.20,-0.85,0.73,38.05
1322,419447976,185.06,-6.35,992.19,-2.01,-0.98,0.79,37.85
1323,419453770,186.52,-5.86,990.23,-1.83,-1.16,0.79,37.85
1324,419457820,192.38,1.95,984.37,-1.71,-1.16,0.73,37.85
1325,419461869,192.87,1.95,984.37,-1.65,-1.16,0.61,37.85
1326,419465926,190.43,-4.88,984.37,-1.65,-0.91,0.73,37.90
1327,419469976,181.15,-9.77,988.28,-1.59,-1.10,0.55,37.85
1328,419475770,185.55,-5.37,988.77,-1.10,-1.22,0.37,37.90
1329,419479820,192.38,-0.49,983.89,-0.91,-1.34,0.18,38.19
1330,419483869,201.17,-0.49,985.35,-1.10,-1.16,0.24,37.90
1331,419487926,191.41,-5.37,983.89,-0.85,-0.73,0.12,37.85
1332,419491976,189.45,0.98,983.40,-0.85,-0.43,0.12,37.85
1333,419497770,191.89,0.98,984.37,-0.98,-0.55,0.18,37.85
1334,419501820,189.45,-8.30,985.35,-0.55,-0.24,0.12,38.05
1335,419505869,181.64,-3.42,982.42,-0.24,-0.49,-0.12,37.90
1336,419509926,187.50,-3.42,981.45,-0.06,-0.79,0.00,37.71
1337,419513976,190.43,-2.93,985.35,-0.24,-0.30,0.06,37.85
1338,419519770,188.48,4.39,987.79,-0.30,-0.61,0.37,37.57
1339,419523820,184.57,3.42,984.37,-0.43,-0.67,0.18,37.85
1340,419527869,187.01,1.46,988.28,-0.55,-0.85,0.49,37.85
1341,419531926,187.01,4.39,990.23,-0.61,-0.91,0.24,37.57
1342,419537770,195.31,6.84,984.86,-1.10,-0.85,0.49,37.85
1343,419541820,180.18,1.46,985.84,-0.85,-0.91,0.30,37.57
1344,419545869,180.66,-2.93,985.35,-1.22,-1.22,0.12,37.57
1345,419549926,189.45,3.42,986.33,-1.22,-1.16,0.67,37.90
1346,419553976,185.06,0.00,988.28,-1.16,-1.22,0.55,37.71
1347,419559770,174.80,1.46,990.23,-1.28,-1.52,0.37,37.71
1348,419563820,179.69,0.00,989.75,-0.79,-2.01,0.67,37.66
1349,419567869,185.55,2.93,989.26,-0.79,-2.74,1.28,37.90
1350,419571926,197.27,2.93,981.45,-0.91,-2.44,1.40,37.85
1351,419575976,186.04,2.93,987.30,-1.22,-2.01,0.98,37.81
1352,419581770,181.64,-0.49,986.33,-1.28,-1.83,1.04,37.81
1353,419585820,184.08,-4.39,989.75,-1.28,-2.13,0.91,37.85
1354,419589869,187.99,-1.95,986.33,-0.91,-2.44,1.04,37.90
1355,419593926,187.50,-19.04,980.47,-0.91,-2.62,1.34,37.71
1356,419597976,222.17,45.41,977.05,-0.43,-1.46,3.17,37.85
1357,419603770,157.71,-23.93,997.07,-1.89,-1.28,1.22,37.66
1358,419607820,204.10,17.58,976.07,-0.79,-2.38,0.79,37.71
1359,419611869,204.59,3.91,976.56,-1.52,-1.28,0.67,37.52
1360,419615926,180.18,-8.30,989.75,-1.40,-1.10,0.79,37.71
1361,419619976,183.59,-5.86,983.89,-1.16,-1.28,0.55,37.71
1362,419625770,187.50,-30.76,984.86,-0.55,-1.28,0.30,38.05
1363,419629820,200.20,61.52,983.89,0.24,-0.85,0.43,37.90
1364,419633869,219.24,0.98,976.56,-1.89,-0.67,1.22,37.71
1365,419637926,156.74,-2.93,998.05,-1.34,-0.06,0.49,37.85
1366,419641976,185.55,-0.98,987.30,-1.22,-1.46,0.24,38.00
1367,419647770,207.03,7.81,983.40,-1.28,-0.85,0.24,37.85
1368,419651820,186.52,-2.93,985.35,-1.46,-0.30,0.24,37.85
1369,419655869,185.06,0.98,986.82,-1.22,-0.67,0.49,37.90
1370,419659926,189.45,-2.44,985.35,-1.22,-0.61,0.12,37.90
1371,419663976,194.82,0.00,986.33,-1.22,-0.73,0.12,37.85
1372,419669770,190.92,-0.98,985.84,-1.40,-0.30,0.18,37.85
1373,419673820,190.43,0.49,990.23,-1.04,-0.43,0.30,37.71
1374,419677869,190.43,1.46,987.30,-1.10,-0.73,0.49,37.81
1375,419681926,188.48,0.49,985.84,-0.73,-0.61,0.30,37.71
1376,419685976,196.29,2.93,982.42,-0.98,-0.30,0.61,38.05
1377,419691770,190.43,-2.44,983.89,-1.22,-0.49,0.43,37.71
1378,419695820,178.71,-5.37,991.21,-1.04,0.00,0.30,37.66
1379,419699869,181.64,-2.44,988.28,-0.98,-0.37,0.43,37.90
1380,419703926,196.78,6.84,982.42,-0.98,-0.67,0.49,37.57
1381,419707976,186.52,7.32,986.33,-1.04,-0.37,0.30,37.85
1382,419713770,191.89,4.88,985.84,-1.40,-0.12,0.24,37.90
1383,419717820,185.06,1.95,989.26,-1.46,-0.30,0.37,37.57
1384,419721869,187.50,1.95,987.30,-1.65,-0.37,0.79,38.00
1385,419725926,186.52,4.39,981.93,-1.89,-0.55,0.67,37.57
1386,419729976,183.59,2.44,988.77,-2.07,-0.67,0.61,37.71
1387,419735770,178.22,-6.35,984.86,-2.20,-0.79,0.24,37.90
1388,419739820,181.64,-3.42,982.91,-2.07,-1.34,0.06,37.85
1389,419743869,188.96,2.44,986.33,-1.59,-1.65,0.18,38.19
1390,419747926,191.89,-1.95,986.82,-1.71,-1.34,0.24,37.52
1391,419753770,189.45,1.46,985.35,-1.65,-1.28,0.37,38.00
1392,419757820,189.94,-6.84,989.26,-1.77,-1.22,0.18,37.71
1393,419761869,187.99,-10.25,992.68,-1.65,-1.28,0.06,37.85
1394,419765926,196.78,-3.42,986.33,-1.28,-1.34,0.30,37.90
1395,419769976,191.41,1.95,979.49,-1.59,-1.22,0.06,38.05
1396,419775770,183.59,-1.46,983.89,-1.40,-1.46,0.37,37.90
1397,419779820,190.43,-6.35,985.35,-1.46,-1.52,0.24,37.85
1398,419783869,198.73,-5.37,982.91,-1.59,-1.52,0.12,37.85
1399,419787926,199.71,0.98,983.89,-1.34,-1.10,0.00,37.71
1400,419791976,186.04,-11.72,986.82,-1.28,-0.98,-0.24,37.85
1401,419797770,185.06,-3.42,985.84,-0.91,-1.28,-0.18,37.71
1402,419801820,193.85,4.39,987.79,-0.79,-1.28,-0.49,37.85
1403,419805869,193.36,2.44,989.26,-0.61,-0.98,0.18,37.47
1404,419809926,199.22,1.95,986.33,-0.67,-0.98,-0.06,37.90
1405,419813976,196.29,5.37,983.40,-0.98,-0.61,-0.12,37.85
1406,419819770,192.87,2.44,979.98,-1.28,0.06,-0.18,37.85
1407,419823820,190.92,1.46,984.37,-1.10,-0.24,-0.12,37.66
1408,419827869,187.99,-4.88,985.35,-0.91,-0.24,-0.24,37.71
1409,419831926,191.41,-4.39,984.37,-0.73,-0.55,0.18,38.19
1410,419835976,197.27,4.88,981.45,-0.98,-0.06,0.12,37.90
1411,419841770,200.20,6.35,985.84,-1.04,0.37,0.30,37.90
1412,419845820,185.55,-2.44,984.86,-1.04,0.43,0.06,37.81
1413,419849869,186.52,0.98,985.35,-0.91,0.30,0.24,37.52
1414,419853926,199.22,2.93,981.45,-1.22,0.30,0.37,37.85
1415,419857976,195.80,3.42,986.33,-1.22,0.30,0.24,37.90
1416,419863770,181.64,2.44,988.28,-1.04,0.49,0.30,37.71
1417,419867820,184.08,-0.98,987.79,-1.22,0.12,0.37,38.00
1418,419871869,187.50,0.98,989.75,-1.16,0.00,0.18,37.85
1419,419875926,183.11,1.95,989.26,-1.04,-0.43,0.12,37.85
1420,419879976,184.08,0.98,989.26,-0.91,-0.67,0.06,38.00
1421,419885770,186.04,0.49,985.35,-0.73,-1.10,0.43,37.71
1422,419889820,177.73,0.49,990.23,-0.61,-0.98,0.30,37.71
1423,419893869,184.08,-0.98,988.28,-0.85,-1.52,0.37,37.81
1424,419897926,182.13,4.39,985.35,-0.61,-1.65,-0.06,37.85
1425,419901976,185.55,2.44,984.86,-0.73,-1.65,0.06,37.66
1426,419907770,191.41,2.44,986.33,-0.98,-1.77,0.12,37.85
1427,419911820,193.85,-1.95,981.93,-1.04,-1.28,0.12,37.81
1428,419915869,190.92,4.39,981.45,-0.98,-1.28,-0.12,37.90
1429,419919926,201.66,3.91,981.93,-0.73,-0.73,0.06,37.57
1430,419923976,194.34,1.95,985.35,-1.28,-0.61,-0.30,37.90
1431,419929770,185.55,-1.46,986.82,-1.40,-0.61,-0.12,37.66
1432,419933820,189.94,6.84,988.28,-1.28,-0.30,-0.18,37.85
1433,419937869,194.82,7.32,981.45,-1.40,-0.37,-0.06,37.90
1434,419941926,185.06,-2.93,990.72,-1.89,-0.24,0.24,37.66
1435,419947770,182.62,-7.32,991.70,-1.52,-0.73,-0.06,37.57
1436,419951820,191.41,1.95,983.40,-1.52,-0.61,0.24,37.85
1437,419955869,187.50,-1.46,985.84,-1.34,-0.73,0.61,38.00
1438,419959926,189.94,-11.72,988.28,-1.16,-0.85,0.37,37.85
1439,419963976,181.64,-5.37,986.33,-1.28,-0.85,0.61,37.71
1440,419968025,185.06,-0.49,983.89,-1.10,-1.40,0.37,37.90
1441,419973770,177.25,-6.84,989.75,-1.04,-1.77,0.30,37.85
1442,419977820,183.11,-4.88,986.82,-0.43,-1.83,0.12,37.85
1443,419981869,180.66,1.95,986.33,-0.49,-1.71,0.18,37.71
1444,419985926,189.94,5.86,984.86,-0.91,-2.32,0.06,37.71
1445,419991770,190.43,8.79,987.30,-1.16,-2.13,0.30,38.00
1446,419995820,200.68,-0.49,986.33,-1.40,-1.89,0.00,37.85
1447,419999869,192.87,3.42,980.47,-1.65,-1.83,-0.18,37.90
1448,420003926,205.08,10.74,984.37,-1.65,-1.59,0.18,37.90
1449,420007976,198.73,6.35,983.89,-2.26,-0.61,0.37,37.71
1450,420013770,190.43,-2.44,984.37,-2.13,-0.24,0.30,37.81
1451,420017820,189.45,-2.44,984.37,-1.89,-0.67,0.49,37.85
1452,420021869,192.38,-9.77,989.26,-1.65,-0.67,0.73,37.66
1453,420025926,185.06,-5.86,987.30,-1.59,-0.73,0.37,37.85
1454,420029976,188.48,-2.44,985.35,-1.16,-0.85,0.37,37.85
1455,420035770,195.31,0.98,986.33,-0.91,-0.43,0.43,37.90
1456,420039820,188.96,-4.88,990.23,-0.91,-0.55,0.49,37.81
1457,420043869,190.92,-0.49,988.77,-1.04,-0.37,0.67,37.66
1458,420047926,189.45,-2.93,985.84,-0.98,-0.67,0.61,37.71
1459,420051976,181.15,0.49,989.26,-0.98,-1.04,0.37,37.85
1460,420057770,186.04,0.00,987.30,-0.73,-1.34,0.37,37.85
1461,420061820,186.52,-9.28,990.23,-0.43,-1.59,0.43,37.66
1462,420065869,185.06,-6.35,984.86,-0.73,-1.71,0.37,37.71
1463,420069926,184.08,4.88,982.91,-0.55,-2.01,0.06,38.00
1464,420073976,188.96,4.88,987.79,-0.91,-2.13,0.12,38.00
1465,420079770,188.96,0.00,985.84,-0.67,-2.07,0.43,38.05
1466,420083820,197.27,7.32,982.42,-0.85,-1.65,0.24,37.71
1467,420087869,196.78,2.93,984.37,-0.85,-1.65,0.12,38.00
1468,420091926,189.45,-6.84,983.40,-1.28,-1.52,0.37,38.00
1469,420095976,192.87,4.88,986.82,-0.85,-1.28,0.12,37.90
1470,420101770,200.20,10.25,981.45,-1.16,-1.34,0.00,37.85
1471,420105820,198.73,6.84,983.40,-1.65,-0.67,0.49,37.85
1472,420109869,189.45,0.49,986.82,-1.95,-0.55,0.55,38.00
1473,420113926,188.96,-7.32,987.30,-1.77,-0.85,0.30,37.85
1474,420117976,189.45,-0.49,985.84,-1.46,-1.10,0.43,37.90
1475,420123770,186.52,-4.39,984.37,-1.40,-1.16,0.43,37.85
1476,420127820,192.38,2.44,985.84,-1.10,-1.28,0.24,37.85
1477,420131869,194.82,-0.49,982.42,-1.40,-1.10,0.18,37.85
1478,420135926,194.34,4.39,985.35,-1.10,-0.91,0.00,37.37
1479,420139976,190.92,0.00,987.30,-0.98,-1.04,-0.06,37.90
1480,420145770,187.01,-3.91,983.89,-0.55,-0.98,0.06,37.85
1481,420149820,187.01,-2.44,991.21,-0.43,-1.46,0.00,37.81
1482,420153869,194.82,0.49,988.28,-0.67,-1.34,0.06,37.85
1483,420157926,203.12,2.93,984.86,-0.67,-1.22,-0.06,37.81
1484,420163770,200.68,9.28,982.91,-0.85,-0.37,0.12,37.85
1485,420167820,191.89,0.49,984.37,-1.16,-0.55,-0.12,37.85
1486,420171869,183.59,0.49,987.30,-1.28,-0.91,0.06,37.90
1487,420175926,192.38,5.86,983.40,-1.46,-0.55,0.30,37.90
1488,420179976,183.59,1.95,988.77,-1.59,-0.49,0.24,37.71
1489,420185770,181.64,-0.49,990.72,-1.71,-0.61,0.30,37.52
1490,420189820,191.89,2.93,982.91,-1.46,-1.04,0.18,37.66
1491,420193869,192.87,0.98,986.82,-1.40,-1.04,0.49,37.71
1492,420197926,191.41,-2.44,982.91,-1.40,-0.67,0.37,37.85
1493,420201976,182.13,-2.93,986.82,-1.46,-1.04,0.24,37.52
1494,420207770,189.45,-2.93,988.77,-1.22,-1.34,0.30,37.85
1495,420211820,196.78,0.49,981.45,-0.73,-1.10,0.30,37.85
1496,420215869,191.89,7.81,979.98,-1.04,-0.85,0.43,38.00
1497,420219926,189.45,-4.39,988.77,-1.16,-1.22,0.18,37.85
1498,420223976,186.04,0.49,987.79,-1.10,-1.16,0.24,37.90
1499,420229770,189.94,1.95,985.35,-0.98,-0.98,0.37,37.90
1500,420233820,201.17,2.44,980.47,-1.28,-1.22,0.24,37.90
1501,420237869,197.27,-0.98,978.52,-1.28,-0.91,0.49,37.66
1502,420241926,193.36,-4.39,988.28,-1.10,-0.67,0.49,37.85
1503,420245976,191.41,3.91,989.26,-1.16,-0.91,0.37,37.85
1504,420251770,206.05,3.42,981.45,-1.16,-0.12,0.73,37.71
1505,420255820,185.55,-3.91,992.19,-1.46,-0.06,0.79,37.85
1506,420259869,188.48,-5.37,991.70,-0.98,-0.12,0.67,37.71
1507,420263926,200.68,3.91,985.84,-0.67,-0.43,0.61,38.00
1508,420267976,202.15,-1.46,980.47,-1.04,-0.24,0.49,37.81
1509,420273770,197.75,-4.88,990.23,-0.79,0.18,0.55,37.71
1510,420277820,187.99,5.37,987.79,-0.79,0.30,0.55,37.85
1511,420281869,189.45,5.37,981.45,-0.98,0.43,0.49,37.71
1512,420285926,189.94,7.32,983.89,-1.28,0.30,0.55,37.90
1513,420289976,192.87,-2.44,982.91,-1.28,0.43,0.43,38.05
1514,420295770,188.48,-1.46,990.23,-1.10,0.06,0.30,37.90
1515,420299820,195.80,4.39,983.40,-1.28,-0.12,0.12,37.85
1516,420303869,197.27,0.98,984.86,-1.46,0.18,0.37,37.85
1517,420307926,190.43,0.49,987.30,-1.40,0.49,0.12,37.71
1518,420311976,183.59,-0.49,984.37,-1.65,0.61,0.24,37.90
1519,420317770,192.87,10.25,986.33,-1.40,0.49,0.37,37.81
1520,420321820,195.80,-2.44,986.82,-1.40,0.85,0.37,37.90
1521,420325869,186.52,-1.95,989.26,-1.28,0.85,0.49,37.90
1522,420329926,187.01,7.81,986.33,-1.10,0.73,0.12,37.85
1523,420333976,187.50,7.81,986.33,-1.46,0.79,0.67,37.66
1524,420339770,188.48,2.93,984.86,-1.40,0.73,0.30,37.90
1525,420343820,186.04,1.95,984.86,-1.22,0.61,0.43,37.85
1526,420347869,178.22,0.49,987.30,-1.52,0.30,0.61,37.66
1527,420351926,179.20,-3.91,985.84,-1.40,0.00,0.30,37.66
1528,420355976,178.22,0.00,990.23,-1.34,-0.55,0.18,37.71
1529,420361770,194.34,-1.95,983.89,-0.98,-0.61,0.06,37.71
1530,420365820,189.94,4.88,983.40,-1.16,-0.24,0.30,38.00
1531,420369869,182.13,0.49,988.28,-1.04,-0.61,0.43,37.85
1532,420373926,178.71,-1.46,988.77,-1.16,-0.85,0.06,37.66
1533,420379770,186.04,2.93,986.82,-1.16,-1.16,0.37,37.90
1534,420383820,190.92,5.37,988.28,-1.28,-1.16,0.37,37.81
1535,420387869,191.89,1.95,984.37,-1.65,-1.16,0.30,37.85
1536,420391926,183.59,-5.37,990.23,-1.71,-1.28,0.06,38.09
1537,420395976,196.78,4.39,986.82,-1.16,-1.40,0.43,37.81
1538,420401770,196.78,0.98,985.84,-1.77,-1.10,0.43,38.09
1539,420405820,190.43,-1.46,986.33,-1.71,-0.98,0.24,37.90
1540,420409869,187.50,-1.95,988.28,-1.65,-1.16,0.37,37.85
1541,420413926,195.31,-0.98,985.35,-1.40,-1.04,0.18,37.85
1542,420417976,189.94,-2.93,985.84,-1.10,-1.04,0.24,37.71
1543,420423770,187.99,-6.84,989.26,-0.91,-1.04,0.00,37.71
1544,420427820,193.85,1.95,985.35,-0.49,-0.98,-0.06,37.66
1545,420431869,206.54,9.77,982.91,-0.73,-0.67,-0.12,37.85
1546,420435926,201.66,7.81,983.89,-1.28,-0.06,0.06,37.81
1547,420439976,189.45,-2.93,984.86,-1.04,0.37,0.06,37.85
1548,420445770,192.87,0.49,984.86,-0.98,0.24,0.18,37.71
1549,420449820,187.99,-0.98,986.33,-0.73,0.18,0.30,37.85
1550,420453869,190.92,3.91,986.82,-0.79,-0.06,0.30,37.57
1551,420457926,187.99,3.91,985.35,-0.85,-0.24,0.06,37.85
1552,420461976,183.59,4.39,984.37,-1.16,-0.12,0.06,37.85
1553,420467770,189.94,5.37,985.84,-1.16,-0.18,0.12,37.85
1554,420471820,187.99,4.39,988.28,-1.40,-0.55,0.30,37.90
1555,420475869,182.13,1.95,989.26,-1.46,-0.98,0.24,37.66
1556,420479926,185.55,4.88,986.82,-1.10,-0.98,0.06,37.81
1557,420483976,192.38,10.25,987.30,-1.28,-0.91,0.37,38.00
1558,420489770,194.82,3.91,989.26,-1.40,-0.85,0.06,37.90
1559,420493820,186.04,-6.35,981.93,-1.52,-1.04,0.24,37.90
1560,420497869,187.50,-4.39,985.35,-1.22,-0.98,0.12,37.85
1561,420501926,194.82,3.91,985.84,-1.16,-1.22,0.12,37.85
1562,420505976,198.24,12.70,984.37,-1.34,-0.73,-0.06,37.66
1563,420511770,193.36,3.91,986.33,-1.59,-0.24,0.00,38.00
1564,420515820,187.99,-2.93,981.93,-1.34,-0.37,0.06,37.85
1565,420519869,187.50,1.46,985.35,-1.28,-0.30,0.18,37.85
1566,420523927,191.41,1.46,985.35,-1.46,-0.43,0.18,38.00
1567,420527976,188.48,4.39,987.79,-1.77,-0.49,0.37,38.00
1568,420533770,186.52,-1.46,990.23,-1.52,-0.24,0.18,38.00
1569,420537820,185.06,-5.37,989.26,-1.28,-0.55,0.55,37.90
1570,420541869,180.18,-5.37,988.28,-0.85,-0.73,0.55,37.90
1571,420545926,187.01,5.37,992.19,-0.67,-1.28,0.55,37.90
1572,420549976,190.43,3.42,987.30,-0.98,-1.16,0.30,37.90
1573,420555770,185.06,-1.46,985.84,-0.79,-1.16,0.24,37.71
1574,420559820,191.89,2.93,982.91,-0.98,-1.46,0.18,37.81
1575,420563869,195.80,5.86,979.49,-1.04,-1.04,0.30,37.66
1576,420567926,187.01,0.98,985.84,-1.52,-0.98,0.43,37.81
1577,420571976,188.96,0.98,985.84,-1.40,-0.85,0.18,37.71
1578,420577770,190.43,-4.88,982.91,-1.40,-0.98,0.24,37.90
1579,420581820,185.06,-2.93,985.35,-1.10,-1.16,0.24,38.00
1580,420585869,194.34,0.98,985.84,-1.34,-1.34,0.49,37.71
1581,420589926,194.82,3.42,982.91,-1.40,-0.98,0.43,37.66
1582,420595770,191.41,5.37,981.93,-1.16,-0.79,0.30,37.66
1583,420599820,191.89,1.95,986.33,-1.40,-0.85,0.55,37.47
1584,420603869,196.78,5.86,986.82,-1.52,-0.61,0.61,37.71
1585,420607926,189.94,2.44,986.33,-1.52,-0.37,0.73,37.85
1586,420611976,190.43,5.37,982.91,-1.71,-0.18,0.55,37.57
1587,420617770,190.92,-1.95,986.82,-1.77,-0.30,0.37,37.90
1588,420621820,186.52,-0.49,983.40,-1.71,-0.67,0.30,37.85
1589,420625869,187.99,3.91,986.82,-1.59,-0.85,0.73,37.85
1590,420629926,183.59,0.98,986.82,-1.52,-0.85,0.37,37.71
1591,420633976,185.06,3.91,986.82,-1.71,-0.98,0.49,38.00
1592,420639770,182.13,-10.74,988.28,-1.65,-1.10,0.43,37.66
1593,420643820,175.78,-3.91,990.72,-1.71,-1.65,0.06,37.90
1594,420647869,187.50,2.93,986.33,-1.46,-2.13,0.00,38.00
1595,420651926,180.18,-0.98,990.72,-1.40,-2.13,0.12,38.00
1596,420655976,187.50,-5.86,990.23,-1.10,-2.50,0.37,37.90
1597,420661770,184.08,-5.37,980.96,-1.34,-2.38,-0.12,37.66
1598,420665820,192.87,5.86,984.86,-1.16,-2.62,-0.06,37.81
1599,420669869,195.80,3.42,981.93,-1.28,-2.20,0.00,37.66
1600,420673926,195.31,0.00,984.86,-1.71,-1.77,-0.18,37.66
1601,420677976,197.27,-1.46,982.91,-1.46,-1.89,0.00,38.00
1602,420683770,191.89,-3.42,988.28,-1.59,-1.65,0.30,37.85
1603,420687820,190.92,-5.86,986.33,-1.28,-1.40,0.12,38.09
1604,420691869,188.96,-0.98,988.28,-0.91,-1.59,0.12,37.66
1605,420695926,199.22,3.42,985.35,-0.73,-1.34,0.18,37.85
1606,420699976,205.57,3.42,984.86,-0.91,-0.73,0.49,37.90
1607,420705770,190.92,-6.84,987.79,-0.79,-0.85,0.30,37.90
1608,420709820,195.80,-1.46,981.45,-0.55,-0.67,0.43,37.71
1609,420713869,199.71,4.39,976.56,-0.43,-0.67,0.43,37.85
1610,420717927,198.73,1.95,986.33,-0.73,-0.55,0.24,38.00
1611,420721976,192.38,-0.49,988.28,-0.79,-0.37,0.43,37.57
1612,420727770,191.89,2.44,986.33,-0.55,-0.18,0.37,37.85
1613,420731820,191.41,-1.95,985.35,-1.04,0.00,0.55,37.81
1614,420735869,180.66,-1.46,988.77,-0.98,-0.18,0.24,37.71
1615,420739926,190.92,-3.91,987.30,-0.91,-0.49,0.43,37.57
1616,420743976,197.75,4.88,984.86,-0.55,-0.55,0.12,37.71
1617,420749770,188.48,7.81,986.82,-0.73,-0.49,0.24,37.52
1618,420753820,188.96,4.39,985.35,-1.22,-0.73,0.24,37.90
1619,420757869,187.99,2.44,991.21,-1.16,-0.79,0.00,38.00
1620,420761927,187.99,-2.44,982.42,-1.04,-0.85,0.18,37.66
1621,420765976,186.04,0.49,987.30,-0.73,-0.91,-0.12,37.81
1622,420771770,188.96,6.84,987.30,-0.91,-0.98,0.00,37.71
1623,420775820,196.29,4.39,981.93,-1.04,-0.55,0.06,37.90
1624,420779869,195.80,-1.46,984.37,-0.98,-0.55,-0.30,38.00
1625,420783926,189.45,1.95,986.33,-0.79,-0.73,-0.43,37.66
1626,420787976,183.59,-0.49,988.77,-1.16,-0.61,-0.18,38.00
1627,420793770,191.89,9.77,985.35,-0.85,-0.85,0.06,38.00
1628,420797820,200.68,3.91,983.40,-1.52,-0.37,0.30,37.66
1629,420801869,187.50,5.86,991.70,-1.65,-0.30,0.24,37.66
1630,420805926,187.50,0.49,989.75,-1.52,-0.85,0.24,37.66
1631,420811770,187.50,6.35,981.93,-1.52,-0.73,0.30,38.00
1632,420815820,184.57,0.98,988.77,-1.65,-0.91,0.30,37.90
1633,420819869,185.55,-0.49,990.72,-1.65,-1.10,0.24,37.85
1634,420823926,182.13,-3.42,988.28,-1.46,-1.22,0.30,38.00
1635,420827976,199.22,-1.95,981.93,-1.34,-1.46,0.43,37.52
1636,420833770,193.36,5.86,980.47,-1.34,-1.04,0.30,37.71
1637,420837820,199.71,-0.49,985.84,-1.65,-0.73,0.37,37.66
1638,420841869,191.41,0.98,987.30,-1.59,-0.24,0.37,37.71
1639,420845926,185.55,0.98,987.79,-1.28,-0.61,0.73,37.85
1640,420849976,188.48,0.49,987.30,-1.28,-1.16,0.55,38.00
1641,420855770,188.48,0.00,985.84,-1.40,-1.10,0.49,37.85
1642,420859820,186.52,-2.93,987.79,-1.04,-1.52,0.43,37.85
1643,420863869,193.85,0.98,982.42,-0.79,-1.46,0.49,37.71
1644,420867926,197.75,2.44,981.45,-0.85,-1.40,0.30,37.81
1645,420871976,192.87,0.49,983.40,-0.67,-0.85,0.37,37.66
1646,420877770,194.82,-1.95,981.93,-0.85,-0.55,0.37,37.71
1647,420881820,198.24,2.93,980.47,-0.79,-0.61,0.49,38.00
1648,420885869,202.15,9.77,982.42,-1.04,-0.49,0.61,37.85
1649,420889926,202.64,8.30,984.86,-1.28,0.12,0.79,37.71
1650,420893976,200.20,9.77,985.35,-1.65,0.67,0.55,37.71
1651,420899770,178.22,1.46,986.33,-1.89,0.24,0.73,37.81
1652,420903820,189.45,0.98,989.75,-1.83,0.30,0.73,37.85
1653,420907869,188.96,-1.46,985.35,-1.83,0.43,0.55,37.85
1654,420911926,191.89,1.46,983.89,-1.71,0.18,0.55,37.85
1655,420915976,198.24,6.35,985.84,-1.95,0.49,0.37,37.52
1656,420921770,183.59,-5.86,990.23,-1.77,0.67,0.30,37.90
1657,420925820,180.18,-11.23,991.21,-1.71,0.00,0.24,37.90
1658,420929869,187.01,-5.86,987.30,-1.59,-0.55,0.37,38.05
1659,420933926,191.41,0.98,990.72,-1.40,-0.49,0.30,38.00
1660,420937976,188.48,-0.98,988.77,-1.22,-0.61,0.30,38.00
1661,420943770,185.06,-0.49,985.35,-1.10,-0.79,0.18,38.00
1662,420947820,187.99,-3.42,991.21,-1.16,-0.79,0.00,37.66
1663,420951869,186.52,-0.98,990.72,-1.28,-1.16,-0.18,37.85
1664,420955927,191.41,-0.98,985.84,-1.10,-1.28,0.24,37.71
1665,420959976,191.41,7.32,988.28,-0.98,-1.16,0.37,37.71
1666,420965770,191.89,0.00,987.30,-1.16,-0.91,0.49,37.90
1667,420969820,193.85,-1.95,984.86,-1.28,-0.79,0.30,37.85
1668,420973869,193.85,1.95,986.33,-1.52,-0.91,0.55,37.85
1669,420977926,194.82,-4.88,986.33,-1.46,-0.43,0.55,37.71
1670,420981976,182.13,-1.95,986.82,-1.40,-0.49,0.37,37.90
1671,420987770,191.89,-0.98,989.75,-1.46,-0.49,0.61,37.85
1672,420991820,191.89,1.95,982.42,-1.28,-0.43,0.43,38.05
1673,420995869,192.38,0.98,983.40,-1.46,-0.12,0.61,37.90
1674,420999926,186.52,-4.39,985.84,-1.40,-0.30,0.43,37.52
1675,421005770,186.52,-7.32,990.23,-1.34,-0.30,0.67,37.57
1676,421009820,197.75,4.39,981.93,-1.10,-0.30,0.61,37.71
1677,421013869,189.45,3.42,982.42,-1.46,-0.18,0.37,37.90
1678,421017926,183.59,-2.93,988.28,-1.16,-0.18,0.43,37.90
1679,421021976,186.52,0.00,987.30,-1.04,-0.43,0.06,37.66
1680,421026025,184.08,-1.46,987.79,-0.91,-0.73,0.12,37.90
1681,421031770,185.55,1.95,989.26,-0.91,-0.67,0.00,37.90
1682,421035820,185.06,0.00,988.28,-1.16,-1.28,0.06,37.85
1683,421039869,184.57,-3.42,988.28,-1.04,-1.22,0.18,37.85
1684,421043926,186.52,3.42,988.77,-1.04,-1.59,0.12,37.66
1685,421049770,189.45,0.98,989.26,-1.40,-1.65,0.06,37.85
1686,421053820,197.27,2.93,986.82,-0.91,-1.83,0.30,38.00
1687,421057869,190.43,5.86,983.89,-1.04,-1.40,0.30,37.90
1688,421061926,194.34,6.84,980.96,-1.28,-1.46,0.06,37.37
1689,421065976,193.36,8.79,990.23,-1.59,-1.22,0.12,37.85
1690,421071770,194.82,3.42,985.84,-1.77,-0.85,0.37,37.90
1691,421075820,186.04,-2.44,985.35,-1.59,-0.79,0.37,37.90
1692,421079869,191.89,-0.49,983.40,-1.65,-0.79,0.37,37.52
1693,421083926,190.43,-4.39,987.30,-1.89,-1.10,0.43,37.85
1694,421087976,191.89,0.00,989.26,-1.52,-0.98,0.30,37.66
1695,421093770,190.43,-1.46,981.93,-1.40,-0.98,0.49,37.85
1696,421097820,197.75,-2.93,982.91,-1.40,-0.98,0.37,37.85
1697,421101869,192.87,-2.44,985.35,-1.34,-0.67,0.24,37.71
1698,421105926,184.57,-3.91,991.70,-1.22,-0.67,0.24,37.71
1699,421109976,184.57,0.98,990.72,-1.16,-0.98,0.00,37.81
1700,421115770,187.99,-2.93,987.79,-0.98,-1.22,0.06,37.90
1701,421119820,191.41,-0.49,986.82,-0.98,-1.46,-0.06,37.81
1702,421123869,187.50,6.84,981.45,-0.85,-1.16,0.06,37.66
1703,421127926,183.11,0.00,988.77,-0.55,-1.28,0.12,37.85
1704,421131976,185.55,-0.98,991.21,-0.98,-1.59,-0.12,37.90
1705,421137770,190.43,5.37,983.89,-0.73,-1.52,0.30,37.71
1706,421141820,198.73,11.72,982.42,-1.10,-1.16,0.12,38.00
1707,421145869,191.89,8.30,987.30,-1.28,-0.79,0.18,38.19
1708,421149926,182.62,-3.42,991.21,-1.77,-0.73,0.30,37.81
1709,421153976,186.04,2.44,987.79,-1.65,-1.16,0.24,38.00
1710,421159770,196.78,2.93,978.52,-1.65,-1.16,0.12,37.85
1711,421163820,193.85,-0.98,986.33,-1.83,-0.55,0.37,37.85
1712,421167869,187.99,-6.84,990.23,-1.59,-0.55,0.18,37.90
1713,421171926,190.43,-6.35,984.86,-1.40,-0.67,0.43,37.90
1714,421175976,188.48,-4.88,982.91,-1.10,-0.30,0.12,37.90
1715,421181770,188.96,-1.46,983.40,-1.28,-0.12,-0.06,38.00
1716,421185820,195.80,2.44,986.33,-1.10,0.30,0.24,38.19
1717,421189869,187.01,0.98,986.82,-1.22,0.06,0.24,37.90
1718,421193926,184.57,-0.49,985.84,-1.16,-0.12,0.00,37.66
1719,421197976,187.99,1.46,986.82,-0.85,-0.18,-0.18,37.90
1720,421203770,192.38,-4.39,987.30,-1.28,-0.30,0.00,37.85
1721,421207820,189.94,-9.77,986.82,-0.79,-0.37,0.24,37.66
1722,421211869,184.57,-1.95,987.79,-0.98,-0.73,0.12,37.81
1723,421215926,189.45,0.49,985.35,-0.85,-0.91,0.24,37.57
1724,421221770,186.04,-0.98,990.23,-0.61,-1.04,0.24,37.85
1725,421225820,202.64,0.00,983.89,-0.61,-0.85,0.24,37.66
1726,421229869,197.75,-1.46,983.40,-0.73,-0.61,0.37,37.85
1727,421233926,193.36,0.00,992.68,-0.91,-0.43,0.37,37.85
1728,421237976,196.29,-1.95,982.91,-0.85,-0.30,0.43,37.66
1729,421243770,196.29,7.32,982.42,-1.10,-0.24,0.18,37.90
1730,421247820,192.38,8.30,987.30,-1.28,0.30,0.37,37.57
1731,421251869,184.57,0.49,986.33,-1.71,0.55,0.43,38.00
1732,421255926,189.45,-2.93,985.84,-1.65,0.37,0.61,37.66
1733,421259976,189.94,-1.95,987.79,-1.95,0.43,0.91,37.28
1734,421265770,185.55,-3.91,987.30,-1.65,0.49,0.67,37.85
1735,421269820,191.41,5.37,982.91,-1.83,0.67,0.79,37.85
1736,421273869,188.48,2.93,983.89,-2.01,1.16,0.67,38.00
1737,421277926,181.15,-1.46,989.75,-1.89,0.91,0.67,37.85
1738,421281976,171.39,-0.49,989.26,-1.83,0.30,0.85,37.90
1739,421287770,172.36,-2.93,992.68,-1.77,-0.18,0.67,37.66
1740,421291820,186.04,-1.95,986.82,-1.77,-0.79,0.85,38.00
1741,421295869,182.62,-1.46,991.70,-1.77,-1.10,0.85,37.66
1742,421299926,176.76,-1.95,991.70,-1.77,-1.34,0.67,37.71
1743,421303976,186.04,-4.88,993.65,-1.77,-1.71,0.37,37.81
1744,421309770,188.96,-1.46,989.26,-1.52,-1.95,0.12,38.00
1745,421313820,189.45,-4.39,985.35,-1.46,-2.20,0.06,37.90
1746,421317869,190.43,-3.91,985.84,-1.40,-2.38,0.00,37.71
1747,421321926,198.24,0.00,981.93,-1.22,-2.13,0.12,38.00
1748,421325976,204.59,2.93,980.96,-1.40,-1.59,-0.12,37.71
1749,421331770,187.50,-5.37,984.86,-1.52,-1.22,0.12,37.90
1750,421335820,194.82,-6.84,983.89,-1.04,-1.28,-0.06,38.00
1751,421339869,197.75,-2.44,979.49,-1.22,-0.85,0.24,37.57
1752,421343926,191.89,-2.44,983.40,-1.10,-0.91,0.00,37.66
1753,421347976,189.45,0.49,986.33,-1.22,-0.91,0.06,37.90
1754,421353770,192.38,0.00,985.35,-0.91,-0.67,0.24,37.71
1755,421357820,201.66,-1.46,976.07,-0.79,-0.79,0.30,37.66
1756,421361869,195.80,1.95,983.89,-0.79,-0.49,0.30,37.85
1757,421365926,197.75,0.00,984.86,-1.10,-0.49,0.67,37.85
1758,421369976,194.34,3.91,987.79,-0.85,-0.12,0.49,37.81
1759,421375770,193.36,0.49,987.30,-0.73,-0.24,0.61,37.90
1760,421379820,183.59,-1.46,985.35,-0.43,-0.24,0.55,37.85
1761,421383869,191.41,-0.98,988.28,-0.61,-0.37,0.43,38.00
1762,421387926,192.87,1.95,984.86,-0.61,-0.12,0.55,37.66
1763,421391976,191.41,2.93,980.96,-0.85,-0.06,0.55,37.85
1764,421397770,184.57,-2.93,986.82,-0.79,0.00,0.18,37.90
1765,421401820,187.99,-3.42,989.75,-0.85,-0.43,0.49,37.66
1766,421405869,186.04,5.37,980.47,-0.67,-0.55,0.43,37.85
1767,421409927,187.99,0.98,983.40,-0.85,-0.67,0.49,37.85
1768,421413976,185.55,0.00,987.30,-1.22,-0.49,0.49,37.85
1769,421419770,184.08,0.00,988.77,-0.85,-0.43,0.37,37.85
1770,421423820,191.41,5.37,984.86,-1.04,-0.55,0.24,37.85
1771,421427869,192.87,6.84,985.84,-0.98,-0.61,0.18,38.00
1772,421431926,185.55,2.44,989.26,-1.34,-0.37,0.00,37.66
1773,421437770,186.04,6.84,984.86,-1.34,-0.30,0.12,37.90
1774,421441820,185.06,2.44,987.30,-1.71,-0.30,0.24,37.52
1775,421445869,185.55,5.86,986.33,-2.07,-0.37,0.43,37.85
1776,421449926,185.55,4.39,986.82,-1.89,-0.18,0.55,37.85
1777,421453976,189.45,2.44,980.96,-1.89,-0.12,0.55,37.71
1778,421459770,184.57,-2.44,986.82,-2.07,-0.37,0.73,37.90
1779,421463820,183.11,-3.91,989.26,-1.89,-0.79,0.61,37.71
1780,421467869,188.48,-3.91,985.35,-1.46,-0.85,0.67,37.66
1781,421471926,188.48,-3.42,985.84,-1.10,-0.85,0.37,37.90
1782,421475976,194.82,-0.98,981.45,-1.28,-0.73,0.30,37.66
1783,421481770,187.01,-7.32,985.84,-1.22,-0.91,0.24,37.71
1784,421485820,189.45,0.98,981.93,-0.98,-0.85,0.30,37.57
1785,421489869,191.41,1.95,982.42,-1.16,-0.91,0.18,37.85
1786,421493926,188.96,-6.84,985.35,-0.73,-1.04,0.24,37.85
1787,421497976,185.06,-5.86,986.33,-0.79,-1.28,0.00,37.90
1788,421503770,185.55,-3.91,985.35,-0.43,-1.34,-0.24,38.00
1789,421507820,202.64,3.42,984.37,-0.61,-1.65,-0.18,37.71
1790,421511869,208.98,6.84,980.96,-0.61,-0.55,0.18,37.57
1791,421515926,197.27,4.39,981.93,-0.91,0.30,0.43,37.85
1792,421519976,194.82,1.46,988.28,-1.10,0.30,0.43,37.66
1793,421525770,187.50,-4.39,986.82,-1.04,0.55,0.43,37.85
1794,421529820,198.24,2.93,980.96,-0.85,0.61,0.67,37.85
1795,421533869,190.43,1.46,984.86,-1.28,0.98,0.55,37.85
1796,421537926,189.94,6.35,981.45,-1.16,0.79,0.37,37.71
1797,421541976,190.92,9.77,988.28,-1.22,0.79,0.37,37.90
1798,421547770,191.41,4.88,989.26,-1.65,0.91,0.79,37.90
1799,421551820,182.13,1.46,987.79,-1.65,0.43,0.85,37.85
1800,421555869,174.80,-0.49,988.28,-1.77,0.24,0.55,37.71
1801,421559926,181.64,2.93,987.79,-1.89,-0.55,0.55,37.66
1802,421563976,178.71,-4.88,984.37,-1.77,-0.55,0.85,37.66
1803,421569770,183.59,-4.88,986.33,-1.46,-0.98,0.67,37.85
1804,421573820,183.11,-4.88,991.70,-1.65,-1.16,0.73,37.81
1805,421577869,186.52,-4.39,993.16,-1.71,-1.59,0.55,37.85
1806,421581926,179.69,-5.86,990.23,-1.59,-1.71,0.67,37.85
1807,421585976,185.55,-4.39,987.30,-1.40,-2.13,0.37,38.09
1808,421591770,182.62,-2.44,989.26,-1.22,-2.38,0.12,37.90
1809,421595820,186.04,3.91,994.14,-1.46,-2.74,0.24,37.85
1810,421599869,187.01,0.98,985.35,-1.34,-2.80,0.30,37.71
1811,421603926,188.96,-2.93,982.42,-1.52,-2.93,0.18,38.00
1812,421607976,194.34,-8.30,986.82,-1.28,-3.11,0.06,37.66
1813,421613770,194.82,-3.91,987.79,-0.85,-2.80,0.12,38.00
1814,421617820,205.08,8.79,982.42,-1.16,-2.20,0.18,37.90
1815,421621869,195.80,4.39,984.37,-1.40,-1.65,0.55,37.71
1816,421625926,187.99,-11.23,992.19,-1.59,-1.34,0.37,37.66
1817,421629976,189.94,-8.79,989.26,-0.91,-1.34,0.30,37.85
1818,421635770,199.22,-3.91,983.89,-0.73,-1.28,0.24,37.85
1819,421639820,199.22,0.98,979.49,-0.91,-0.73,0.18,37.66
1820,421643869,211.43,7.81,982.91,-0.91,0.06,0.37,37.85
1821,421647926,198.24,-3.42,987.79,-1.04,0.67,0.61,37.57
1822,421653770,185.55,0.49,987.30,-1.04,0.67,0.55,37.52
1823,421657820,188.48,-0.98,987.79,-0.91,0.00,0.61,37.85
1824,421661869,180.66,-3.91,988.77,-0.73,-0.18,0.18,37.71
1825,421665926,185.55,-0.49,987.30,-0.73,-0.37,0.55,37.71
1826,421669976,187.01,-2.44,984.86,-0.67,-0.43,0.37,37.57
1827,421675770,184.57,0.00,985.35,-0.61,-0.73,0.18,37.90
1828,421679820,179.20,-0.98,994.14,-0.61,-1.22,0.37,37.71
1829,421683869,187.01,4.39,988.28,-0.37,-1.52,0.12,38.00
1830,421687926,193.85,10.25,983.89,-0.55,-1.71,0.06,37.85
1831,421691976,195.80,3.91,988.28,-0.73,-1.46,0.30,37.90
1832,421697770,187.01,3.42,991.21,-0.73,-1.52,0.24,37.66
1833,421701820,194.34,1.46,988.77,-0.61,-1.65,0.18,37.90
1834,421705869,199.71,5.37,983.89,-0.91,-1.34,0.12,37.90
1835,421709926,197.27,0.98,981.45,-1.16,-0.98,0.30,37.81
1836,421713976,198.24,8.30,985.84,-1.46,-0.43,0.24,37.85
1837,421719770,194.82,7.32,987.79,-1.71,-0.24,0.24,37.81
1838,421723820,192.38,2.93,985.84,-1.59,-0.24,0.55,38.00
1839,421727869,185.55,-1.46,985.35,-1.65,-0.55,0.43,37.85
1840,421731926,193.36,-4.39,986.82,-1.22,-0.67,0.43,37.85
1841,421735976,188.48,-4.88,983.40,-1.10,-0.73,0.43,37.66
1842,421741770,192.38,-2.93,986.33,-1.22,-0.85,0.49,37.81
1843,421745820,184.57,-0.98,990.72,-1.28,-0.91,0.30,38.00
1844,421749869,188.48,0.98,990.23,-0.91,-1.28,0.30,37.66
1845,421753927,187.50,-4.88,986.33,-1.04,-1.46,0.18,37.66
1846,421757976,180.18,-0.98,988.28,-0.85,-1.34,0.43,37.85
1847,421763770,189.94,-1.95,984.86,-0.85,-1.83,0.85,37.85
1848,421767820,186.52,0.00,984.37,-1.10,-1.89,1.16,37.85
1849,421771869,187.99,-4.39,984.86,-0.85,-2.20,1.52,37.66
1850,421775926,191.41,0.98,987.30,-0.91,-1.71,1.10,38.00
1851,421779976,191.89,2.93,984.86,-0.91,-1.65,0.73,37.71
1852,421785770,197.27,3.42,981.93,-1.04,-1.46,0.79,38.00
1853,421789820,193.85,2.44,984.37,-1.22,-0.73,0.61,38.00
1854,421793869,189.45,4.88,986.33,-1.28,-0.91,0.37,37.90
1855,421797926,184.08,-0.49,983.89,-1.16,-0.85,0.12,37.90
1856,421801976,185.55,1.46,988.28,-1.46,-1.22,-0.18,38.00
1857,421807770,192.38,0.98,988.77,-1.28,-1.04,-0.12,38.05
1858,421811820,200.20,5.86,980.96,-1.65,-1.04,0.24,37.90
1859,421815869,195.31,3.42,983.40,-1.95,-0.67,0.24,38.00
1860,421819926,183.59,-0.98,987.79,-1.89,-0.85,0.24,37.66
1861,421823976,187.99,-4.39,986.82,-1.89,-0.98,0.30,37.90
1862,421829770,192.87,-0.49,987.79,-1.65,-0.85,0.00,37.90
1863,421833820,195.31,-1.46,980.47,-1.59,-0.85,0.30,37.66
1864,421837869,191.41,-0.98,983.89,-1.71,-0.98,0.49,37.90
1865,421841926,196.29,-1.46,981.93,-1.52,-0.79,0.18,37.52
1866,421845976,198.24,2.44,983.40,-1.34,-0.67,0.43,37.71
1867,421851770,208.01,6.84,983.40,-1.71,-0.12,0.55,37.90
1868,421855820,196.78,-2.44,983.89,-1.59,0.12,0.43,37.66
1869,421859869,190.92,-9.28,989.75,-1.52,0.12,0.85,37.85
1870,421863927,193.85,-3.42,987.30,-1.22,-0.12,0.79,37.66
1871,421869770,185.55,-5.37,986.82,-1.04,-0.24,0.79,38.09
1872,421873820,191.41,-6.35,982.91,-0.79,-0.61,0.61,37.71
1873,421877869,193.36,1.95,984.37,-1.22,-0.67,0.24,37.85
1874,421881926,198.24,8.30,979.00,-0.91,-0.30,0.61,37.85
1875,421885976,189.45,-5.37,988.77,-1.16,0.30,0.55,37.66
1876,421891770,187.01,-6.35,989.75,-0.98,0.00,0.67,37.85
1877,421895820,192.38,0.98,981.93,-0.98,0.12,0.37,37.71
1878,421899869,197.27,-1.95,982.91,-0.85,0.24,0.55,37.85
1879,421903926,186.04,-2.44,987.79,-0.91,0.06,0.37,37.90
1880,421907976,188.96,-0.49,986.33,-0.85,0.00,0.18,37.90
1881,421913770,189.94,-4.88,989.26,-1.22,-0.18,0.24,37.90
1882,421917820,210.94,7.81,981.93,-1.16,0.43,0.24,37.85
1883,421921869,199.22,1.46,978.52,-1.71,1.16,0.49,37.85
1884,421925926,182.62,-1.95,987.30,-1.71,0.98,0.43,38.00
1885,421929976,177.25,0.00,993.65,-1.22,0.73,0.49,37.85
1886,421935770,184.57,0.00,986.82,-0.91,0.18,0.55,38.00
1887,421939820,187.50,-3.91,987.79,-0.73,0.06,0.67,37.57
1888,421943869,188.96,-1.46,982.91,-0.85,-0.43,0.30,37.90
1889,421947926,182.13,2.93,983.40,-0.67,-0.43,0.18,37.90
1890,421951976,187.50,7.32,980.96,-0.79,-0.49,0.30,37.90
1891,421957770,190.92,4.39,985.84,-0.98,-0.37,0.24,37.90
1892,421961820,188.96,-0.49,987.30,-1.22,-0.12,0.18,37.85
1893,421965869,181.64,1.46,985.84,-0.85,-0.61,0.00,37.66
1894,421969926,185.06,4.39,985.35,-1.22,-0.73,0.06,37.85
1895,421973976,187.50,-0.49,991.21,-1.10,-1.10,0.12,37.90
1896,421979770,191.89,0.00,986.82,-1.16,-1.04,0.06,38.00
1897,421983820,188.96,2.44,984.37,-1.16,-1.34,0.06,37.85
1898,421987869,195.80,2.44,982.42,-1.40,-0.91,0.43,37.90
1899,421991926,193.36,-3.91,985.35,-1.65,-0.67,0.24,37.66
1900,421995976,185.55,-3.91,984.86,-1.52,-0.55,0.37,37.85
1901,422001770,184.08,-6.84,986.33,-1.52,-1.04,0.24,37.85
1902,422005820,193.85,0.00,983.40,-1.28,-1.10,0.18,37.85
1903,422009869,187.01,-2.44,991.21,-1.16,-0.98,0.00,37.90
1904,422013926,194.34,-0.49,986.82,-1.22,-0.67,0.12,37.85
1905,422017976,199.22,2.93,985.35,-1.16,-0.37,0.18,37.85
1906,422023770,186.04,-0.98,992.68,-1.34,-0.37,0.18,37.85
1907,422027820,187.99,-6.35,983.89,-0.91,-0.73,0.18,37.90
1908,422031869,184.57,-2.44,983.40,-0.85,-0.98,0.00,38.00
1909,422035926,200.20,1.95,985.84,-0.49,-0.85,0.06,37.52
1910,422039976,204.59,7.81,981.45,-0.79,-0.30,0.24,37.71
1911,422045770,191.41,2.44,983.40,-1.16,0.12,0.37,37.85
1912,422049820,185.55,-2.93,988.28,-0.85,-0.30,0.55,37.90
1913,422053869,189.45,0.98,988.77,-0.91,-0.73,0.37,37.90
1914,422057926,193.85,2.93,986.82,-0.91,-0.37,0.43,37.37
1915,422063770,190.43,6.84,986.33,-0.98,-0.30,0.55,37.57
1916,422067820,193.85,4.39,985.35,-1.16,0.06,0.73,37.66
1917,422071869,187.01,2.44,985.84,-1.40,-0.18,0.79,37.52
1918,422075926,188.96,3.42,985.35,-1.22,0.12,1.04,37.90
1919,422079976,190.92,6.35,987.30,-1.34,-0.06,1.04,37.37
1920,422084025,188.96,-2.44,985.84,-1.28,-0.06,0.91,37.85
1921,422089770,187.01,-0.49,985.84,-1.40,-0.06,1.04,37.85
1922,422093820,188.48,1.95,984.37,-1.22,-0.30,1.65,37.85
1923,422097869,187.01,-2.44,982.42,-1.10,-0.18,1.22,37.85
1924,422101926,188.96,-1.46,990.72,-1.04,0.18,0.91,37.66
1925,422107770,183.59,-5.86,987.30,-0.98,-0.49,0.67,37.90
1926,422111820,189.45,-0.98,987.30,-0.91,-0.61,0.55,37.85
1927,422115869,187.99,-1.95,983.89,-1.10,-0.61,0.61,38.00
1928,422119926,191.41,0.00,988.77,-1.16,-0.67,0.43,37.90
1929,422123976,189.45,0.98,986.82,-0.85,-0.49,0.12,37.85
1930,422129770,187.01,-0.49,984.86,-0.85,-0.30,0.30,38.00
1931,422133820,192.87,0.49,985.84,-0.61,-0.49,0.24,38.00
1932,422137869,189.94,1.95,991.70,-0.85,-0.43,0.30,37.85
1933,422141927,188.96,6.84,985.35,-0.73,-0.30,0.49,37.85
1934,422145976,194.34,1.95,984.37,-1.16,-0.43,0.06,37.85
1935,422151770,187.01,5.86,987.79,-1.10,-0.18,0.18,37.90
1936,422155820,192.38,0.98,985.35,-1.04,-0.24,0.18,37.81
1937,422159869,193.85,5.86,983.40,-1.22,-0.49,0.49,37.66
1938,422163926,190.43,4.88,985.84,-1.71,-0.37,0.30,37.81
1939,422167976,183.11,-2.44,988.28,-1.46,-0.37,0.49,37.90
1940,422173770,179.20,-2.44,987.79,-1.65,-0.49,0.49,37.71
1941,422177820,181.64,-0.49,988.77,-1.83,-0.61,0.49,37.66
1942,422181869,184.08,-5.86,984.86,-1.77,-0.55,0.49,37.52
1943,422185926,185.06,-2.44,990.72,-1.65,-1.10,0.24,37.90
1944,422189976,184.57,0.00,986.82,-1.40,-1.04,0.43,38.00
1945,422195770,178.71,-0.49,986.82,-1.65,-1.28,0.43,37.85
1946,422199820,192.87,4.39,984.86,-1.65,-1.46,0.73,37.85
1947,422203869,182.62,0.00,989.26,-1.65,-1.46,0.79,37.66
1948,422207926,184.57,-5.86,986.82,-1.59,-1.52,0.55,37.85
1949,422211976,183.11,3.91,988.28,-1.52,-1.46,0.43,37.85
1950,422217770,187.99,-5.37,989.75,-1.46,-1.89,0.55,37.71
1951,422221820,192.38,-7.32,987.30,-1.16,-1.95,0.30,37.90
1952,422225869,194.82,-4.88,989.75,-1.04,-2.07,0.06,38.00
1953,422229927,197.27,0.00,982.42,-0.98,-1.83,0.12,37.71
1954,422233976,200.68,0.98,986.33,-0.98,-1.52,0.06,37.71
1955,422239770,198.73,-0.49,986.33,-1.28,-1.10,0.12,38.00
1956,422243820,195.80,-2.93,983.89,-0.85,-0.61,0.43,37.85
1957,422247869,206.54,0.49,983.40,-1.10,-0.43,0.18,37.85
1958,422251926,194.82,-5.37,985.35,-1.04,0.18,0.18,37.52
1959,422255976,191.41,-4.39,985.84,-1.28,0.12,0.30,37.90
1960,422261770,188.96,-0.98,983.89,-1.16,0.06,0.49,37.85
1961,422265820,191.89,-4.39,988.77,-1.10,-0.12,0.18,37.71
1962,422269869,189.94,-8.79,986.82,-0.55,0.12,0.24,37.85
1963,422273926,188.48,-5.86,984.86,-0.49,-0.12,0.06,37.52
1964,422279770,196.78,5.86,983.89,-0.43,-0.18,0.37,37.47
1965,422283820,200.20,3.91,983.40,-0.91,0.18,0.30,37.66
1966,422287869,191.41,2.93,989.26,-1.16,0.49,0.37,37.90
1967,422291926,181.64,-4.39,987.79,-0.79,0.37,0.12,37.85
1968,422295976,180.66,2.44,987.79,-0.91,0.00,0.30,37.66
1969,422301770,186.04,-7.81,984.37,-0.73,-0.49,0.24,37.71
1970,422305820,193.36,1.46,981.45,-1.10,-0.12,-0.12,37.85
1971,422309869,190.43,3.91,982.91,-0.85,0.00,-0.06,37.85
1972,422313926,192.38,8.30,986.82,-1.10,0.43,0.00,38.19
1973,422317976,187.01,-0.98,991.21,-1.10,0.49,0.24,37.66
1974,422323770,181.15,-2.93,986.82,-1.46,0.30,0.12,37.90
1975,422327820,174.80,-3.91,989.26,-0.67,-0.06,0.12,37.81
1976,422331869,187.99,2.93,983.40,-0.98,-0.24,0.12,37.85
1977,422335926,187.50,5.37,987.30,-1.04,-0.18,0.30,37.81
1978,422339976,179.69,1.46,988.28,-1.10,-0.49,0.37,37.85
1979,422345770,189.94,1.95,987.79,-1.04,-0.55,0.37,38.00
1980,422349820,183.11,-0.98,987.30,-1.04,-0.98,0.55,37.71
1981,422353869,184.08,1.46,985.84,-1.16,-1.04,0.37,37.71
1982,422357927,187.01,-0.98,985.35,-1.22,-1.22,0.61,37.85
1983,422361976,177.25,-0.49,981.93,-1.04,-1.22,0.30,37.85
1984,422367770,187.01,0.49,986.82,-0.91,-1.34,0.30,37.90
1985,422371820,190.43,-2.93,985.84,-0.98,-1.22,0.43,37.66
1986,422375869,183.11,-5.86,984.86,-0.98,-1.46,0.30,37.66
1987,422379926,195.31,4.88,983.89,-0.98,-1.46,0.30,37.71
1988,422383976,197.75,4.39,985.35,-1.04,-0.98,0.30,37.85
1989,422389770,189.45,-2.93,987.30,-1.22,-0.85,0.37,37.90
1990,422393820,183.59,-5.37,991.70,-0.73,-0.98,0.00,37.90
1991,422397869,190.43,-1.46,982.91,-0.43,-1.28,0.18,37.66
1992,422401926,188.48,-0.98,984.37,-0.61,-1.34,0.06,37.85
1993,422405976,192.38,4.88,985.35,-0.67,-1.04,0.18,37.90
1994,422411770,187.50,0.98,980.47,-0.73,-0.73,0.06,37.90
1995,422415820,188.48,7.81,990.72,-1.28,-0.55,0.00,38.05
1996,422419869,186.04,2.44,990.72,-1.04,-0.61,0.24,37.90
1997,422423926,188.48,-0.49,984.37,-1.10,-0.73,0.30,37.81
1998,422427976,189.94,3.42,986.82,-1.59,-0.73,0.61,37.85
1999,422433770,188.48,4.88,988.28,-1.52,-0.73,0.43,38.00
2000,422437820,196.78,-2.93,984.86,-1.89,-0.61,0.73,37.81
2001,422441869,204.59,3.91,985.35,-2.32,-0.30,0.37,37.85
2002,422445927,198.73,1.95,981.45,-2.38,0.49,0.49,37.71
2003,422449976,188.48,0.49,986.33,-2.26,0.67,0.37,37.85
2004,422455770,186.52,-1.95,989.26,-2.26,0.12,0.49,37.66
2005,422459820,182.13,3.91,983.40,-1.89,0.00,0.43,37.71
2006,422463869,188.96,-6.35,988.28,-1.77,-0.18,0.43,37.90
2007,422467926,182.62,-6.35,986.33,-1.77,-0.30,0.06,37.71
2008,422471976,184.57,-2.93,988.28,-1.04,-1.10,0.18,37.85
2009,422477770,193.36,-3.91,981.93,-0.91,-1.04,0.18,37.90
2010,422481820,187.01,-6.35,985.84,-1.16,-0.73,0.06,38.00
2011,422485869,186.52,-4.39,987.79,-0.67,-0.98,0.24,37.90
2012,422489926,185.55,-1.46,984.37,-0.55,-1.28,0.30,37.71
2013,422495770,185.06,-3.42,991.21,-0.55,-1.52,0.24,38.19
2014,422499820,184.08,-4.88,985.35,-0.55,-1.59,0.37,37.71
2015,422503869,182.62,0.49,989.75,-0.67,-2.07,0.06,37.71
2016,422507926,184.57,5.37,984.86,-0.79,-2.07,0.24,37.85
2017,422511976,185.55,0.98,988.28,-1.04,-2.07,0.49,37.66
2018,422517770,183.11,4.39,989.75,-0.91,-2.20,0.37,37.85
2019,422521820,201.66,5.37,981.93,-1.34,-1.34,0.55,38.00
2020,422525869,193.36,-0.49,980.47,-1.34,-0.55,0.37,37.71
2021,422529926,185.55,1.95,990.72,-1.83,-0.79,0.24,37.66
2022,422533976,184.57,-4.88,991.70,-1.65,-0.85,0.24,37.37
2023,422539770,183.59,3.42,990.23,-1.89,-1.10,0.30,38.00
2024,422543820,195.31,-1.95,985.35,-1.59,-0.91,0.43,37.57
2025,422547869,190.43,-3.42,984.37,-1.89,-0.85,0.49,37.85
2026,422551927,192.38,-2.93,985.84,-1.65,-0.79,0.49,38.00
2027,422555976,190.43,0.00,982.91,-1.34,-0.91,0.43,37.90
2028,422561770,196.78,-0.98,985.84,-1.46,-0.49,0.37,37.85
2029,422565820,191.41,-3.42,985.84,-1.34,-0.30,0.37,37.81
2030,422569869,187.01,-4.39,985.84,-0.98,-0.24,0.30,37.71
2031,422573926,184.08,-3.91,984.86,-0.73,-0.67,0.43,37.66
2032,422577976,188.48,-5.37,986.33,-0.73,-0.79,0.37,37.90
2033,422583770,186.04,-0.49,988.28,-0.85,-1.16,0.24,37.90
2034,422587820,188.48,0.98,988.28,-1.16,-1.28,0.30,37.71
2035,422591869,188.96,3.91,982.91,-0.91,-1.22,0.55,37.66
2036,422595926,187.01,1.46,983.40,-1.16,-1.04,0.43,37.85
2037,422599976,185.55,-1.46,985.35,-1.10,-1.34,0.67,37.85
2038,422605770,184.08,-5.37,987.30,-1.16,-1.46,0.18,37.71
2039,422609820,196.29,2.44,982.91,-1.34,-1.46,0.43,37.85
2040,422613869,191.41,4.39,986.82,-0.85,-1.04,0.30,38.00
2041,422617926,194.34,6.35,989.26,-1.34,-0.91,0.43,37.71
2042,422621976,196.29,0.49,987.79,-1.40,-0.49,0.61,37.90
2043,422627770,194.34,-1.46,988.28,-1.28,-0.43,0.49,38.00
2044,422631820,193.85,-2.44,987.30,-1.28,-0.06,0.55,37.71
2045,422635869,198.73,-6.35,986.82,-1.40,-0.18,0.55,38.00
2046,422639926,187.99,-6.35,983.89,-1.40,0.18,0.43,37.90
2047,422643976,190.92,-2.44,984.37,-1.22,0.24,0.49,37.85
2048,422649770,184.57,-6.35,989.75,-1.22,0.00,0.00,38.00
2049,422653820,198.73,5.86,987.30,-1.10,0.12,0.30,37.85
2050,422657869,197.75,-0.98,979.98,-1.22,0.61,0.30,38.05
2051,422661926,196.29,1.46,981.45,-0.98,0.91,0.37,37.57
2052,422665976,185.06,-0.49,986.82,-1.22,0.91,0.49,37.90
2053,422671770,182.62,-4.88,991.21,-0.91,0.73,0.30,38.05
2054,422675820,178.71,1.46,990.23,-0.61,0.30,0.49,38.09
2055,422679869,189.45,0.49,984.37,-0.67,0.06,0.49,38.00
2056,422683926,192.87,1.46,986.33,-0.91,0.18,0.55,37.71
2057,422687976,182.62,-0.49,990.72,-0.85,0.00,0.67,37.71
2058,422693770,187.50,1.46,984.37,-0.85,-0.12,0.55,37.71
2059,422697820,182.13,-2.44,988.28,-0.98,-0.18,0.55,37.71
2060,422701869,185.06,-3.42,992.68,-0.85,-0.55,0.12,37.71
2061,422705926,179.69,0.49,990.72,-0.91,-0.79,0.06,37.52
2062,422711770,187.50,0.98,987.79,-0.91,-1.16,0.06,37.85
2063,422715820,187.99,5.86,984.37,-1.10,-0.85,0.24,37.71
2064,422719869,177.25,2.93,988.28,-1.04,-0.98,0.18,37.71
2065,422723927,184.08,1.46,985.35,-1.16,-1.28,0.30,37.81
2066,422727976,186.04,1.46,984.86,-1.16,-1.59,0.18,37.52
2067,422733770,187.01,5.86,986.82,-1.28,-1.40,0.30,37.90
2068,422737820,192.38,5.37,984.37,-1.40,-1.40,0.24,37.71
2069,422741869,188.96,-0.49,985.35,-1.46,-1.16,0.30,37.90
2070,422745926,183.11,-3.42,982.91,-1.71,-1.52,0.24,37.90
2071,422749976,185.55,-2.44,986.33,-1.71,-1.59,0.00,37.85
2072,422755770,187.01,-1.95,988.77,-1.28,-1.71,0.12,37.81
2073,422759820,198.73,0.00,984.37,-1.52,-1.10,0.12,38.00
2074,422763869,198.24,5.86,983.40,-1.59,-1.16,0.24,37.71
2075,422767926,195.80,1.95,981.93,-1.65,-0.79,0.43,37.85
2076,422771976,196.29,-5.86,989.26,-2.07,-0.12,0.37,37.57
2077,422777770,193.85,-4.88,985.84,-1.77,-0.12,0.30,37.66
2078,422781820,190.43,-6.35,985.84,-1.83,0.00,0.24,37.85
2079,422785869,190.43,-6.35,985.35,-1.89,-0.24,0.06,37.66
2080,422789926,186.52,-3.42,987.79,-1.34,-0.37,0.24,38.05
2081,422793976,186.04,-6.84,983.89,-1.46,-0.30,0.43,37.85
2082,422799770,188.96,0.49,986.82,-1.16,-0.12,0.30,37.71
2083,422803820,196.78,0.98,981.93,-1.28,-0.12,0.37,38.09
2084,422807869,190.43,0.00,986.82,-1.34,0.18,0.37,37.66
2085,422811926,182.62,2.93,984.37,-1.22,0.24,0.49,37.90
2086,422815976,187.99,-1.95,985.84,-1.22,-0.06,0.67,37.85
2087,422821770,181.64,-6.35,987.79,-1.16,0.18,0.24,37.85
2088,422825820,179.20,-1.46,988.77,-0.91,-0.06,-0.06,37.66
2089,422829869,183.11,0.49,990.72,-1.22,-0.49,0.06,37.85
2090,422833926,189.45,-0.49,986.82,-0.79,-0.67,0.18,37.66
2091,422837976,192.87,-1.46,982.42,-0.98,-0.67,0.24,37.66
2092,422843770,180.66,1.95,981.45,-0.73,-0.91,0.06,37.71
2093,422847820,181.64,0.98,985.35,-0.98,-0.49,0.00,38.00
2094,422851869,178.22,1.46,986.82,-0.79,-0.91,0.00,37.85
2095,422855926,187.50,-1.95,985.35,-0.73,-1.46,0.12,38.00
2096,422859976,195.80,0.00,982.42,-0.73,-1.16,0.12,38.19
2097,422865770,182.13,-2.44,988.77,-0.91,-1.10,-0.12,37.90
2098,422869820,186.04,-4.39,986.33,-1.04,-1.46,0.12,37.85
2099,422873869,189.45,3.42,984.37,-0.61,-1.40,0.18,37.85
2100,422877926,195.80,3.42,981.93,-0.98,-1.16,0.06,37.71
2101,422881976,199.71,-3.42,982.91,-0.91,-1.10,0.30,37.85
2102,422887770,195.31,2.93,985.84,-1.10,-0.49,0.12,38.00
2103,422891820,202.15,2.44,979.00,-1.04,-0.06,0.24,38.05
2104,422895869,201.17,4.88,985.84,-1.40,0.43,0.73,37.85
2105,422899926,185.55,0.98,988.77,-1.34,0.55,0.43,37.52
2106,422903976,184.08,-3.91,991.70,-0.98,0.24,0.49,38.00
2107,422909770,195.31,6.84,987.30,-1.16,0.18,0.61,37.85
2108,422913820,182.62,0.00,988.77,-1.22,0.55,0.73,37.71
2109,422917869,181.64,0.00,984.86,-1.34,0.06,0.55,37.85
2110,422921926,179.69,-7.81,983.40,-1.04,0.00,0.12,37.81
2111,422927770,183.59,-2.44,983.89,-1.22,-0.06,0.06,37.90
2112,422931820,185.55,0.98,987.79,-1.16,-0.67,0.18,38.05
2113,422935869,180.18,2.93,984.37,-1.28,-0.73,0.43,37.81
2114,422939926,182.13,-1.95,986.33,-0.91,-0.91,0.43,37.71
2115,422943976,181.64,-3.42,987.79,-1.22,-1.16,0.18,37.85
2116,422949770,180.66,-4.88,991.21,-1.10,-1.28,0.24,37.81
2117,422953820,185.55,-2.44,986.82,-0.91,-1.28,0.12,38.00
2118,422957869,187.99,-3.91,983.40,-1.04,-1.71,0.00,37.85
2119,422961926,178.71,-4.39,985.35,-0.91,-1.46,0.12,37.90
2120,422965976,190.43,-1.95,988.28,-0.85,-1.95,0.06,37.90
2121,422971770,190.43,-4.88,985.84,-0.85,-1.71,-0.30,37.85
2122,422975820,185.06,-2.93,982.91,-0.85,-1.59,0.00,37.85
2123,422979869,193.36,-2.44,980.96,-0.67,-1.22,-0.06,37.71
2124,422983926,193.85,0.49,988.77,-0.85,-1.22,-0.18,37.90
2125,422987976,206.54,5.37,981.45,-1.04,-0.61,-0.18,37.66
2126,422993770,193.36,-2.44,988.77,-1.34,0.12,0.06,37.71
2127,422997820,194.34,4.88,987.79,-1.28,-0.18,0.12,37.52
2128,423001869,191.41,1.95,984.37,-1.16,0.00,0.30,37.81
2129,423005926,189.94,-4.39,979.98,-0.91,0.43,0.24,37.90
2130,423009976,188.48,-0.98,980.96,-0.91,0.37,0.37,37.90
2131,423015770,197.75,3.91,981.93,-1.10,0.73,0.49,37.85
2132,423019820,184.57,-8.30,987.79,-1.46,0.79,0.49,37.81
2133,423023869,187.99,-4.88,986.82,-1.10,0.61,0.37,37.66
2134,423027926,193.36,2.44,987.30,-0.85,0.73,0.49,37.90
2135,423031976,187.50,0.49,986.82,-0.98,0.49,0.43,37.90
2136,423037770,182.13,-6.84,993.65,-0.98,0.43,0.30,38.00
2137,423041820,184.08,-2.44,985.35,-0.73,0.00,0.49,37.85
2138,423045869,186.52,-1.46,983.40,-0.73,0.12,0.06,37.71
2139,423049926,179.20,0.49,988.28,-0.43,0.06,0.12,38.00
2140,423053976,183.59,8.30,986.82,-0.61,-0.06,0.24,37.85
2141,423059770,190.43,11.23,985.84,-0.85,0.00,0.12,37.85
2142,423063820,179.20,4.39,988.77,-1.04,-0.24,0.12,37.85
2143,423067869,173.34,2.93,985.35,-1.10,-0.79,0.30,37.66
2144,423071926,180.66,7.81,981.93,-0.98,-0.98,0.30,38.00
2145,423075976,185.55,3.42,986.82,-1.28,-1.22,0.37,38.05
2146,423081770,186.04,4.88,985.35,-1.46,-0.98,0.37,38.05
2147,423085820,181.64,9.28,990.72,-1.46,-1.28,0.49,37.90
2148,423089869,192.38,11.23,979.00,-1.77,-0.91,0.37,37.57
2149,423093926,190.43,2.93,986.33,-2.32,-0.67,0.61,37.85
2150,423097976,179.69,-0.49,986.33,-2.38,-0.61,0.67,37.71
2151,423103770,176.27,-3.91,988.77,-2.20,-0.85,0.49,37.66
2152,423107820,182.62,-1.95,989.75,-1.95,-1.34,0.30,37.81
2153,423111869,192.87,0.00,987.79,-1.83,-1.34,0.43,37.71
2154,423115926,184.08,-1.95,994.14,-1.65,-1.34,0.30,37.71
2155,423121770,194.82,-3.91,985.35,-2.01,-1.16,0.49,37.71
2156,423125820,184.57,-6.84,986.82,-1.83,-0.73,0.49,37.66
2157,423129869,188.96,-2.93,987.79,-1.95,-0.98,0.43,38.00
2158,423133927,183.11,-2.44,985.35,-1.52,-0.55,0.37,37.90
2159,423137976,188.96,-8.30,986.33,-1.28,-1.04,0.24,37.90
2160,423142025,188.96,-2.44,987.79,-1.16,-1.22,0.06,37.85
2161,423147770,187.99,-3.91,988.77,-0.98,-1.16,0.43,37.66
2162,423151820,193.85,-1.46,986.82,-0.79,-0.98,0.37,37.85
2163,423155869,191.89,-1.46,985.35,-0.79,-0.91,0.30,37.52
2164,423159926,195.31,1.46,986.82,-0.67,-0.61,0.49,37.90
2165,423165770,187.01,-3.42,982.91,-0.61,-0.43,-0.06,38.00
2166,423169820,192.87,-6.84,985.35,-0.49,-0.67,0.37,37.66
2167,423173869,187.99,3.91,982.42,-0.37,-0.61,0.06,37.85
2168,423177926,185.06,4.39,984.86,-0.79,-0.30,0.18,37.57
2169,423181976,188.48,-0.49,987.79,-0.67,-0.73,0.12,37.85
2170,423187770,186.04,-3.91,980.96,-0.67,-0.12,0.37,37.90
2171,423191820,199.22,6.35,981.45,-0.67,0.00,0.30,37.85
2172,423195869,196.78,5.37,985.35,-0.98,0.18,0.37,37.66
2173,423199927,186.04,2.93,989.75,-1.34,0.43,0.37,37.90
2174,423203976,177.25,-2.44,985.84,-1.04,0.24,0.24,37.85
2175,423209770,178.22,4.39,991.21,-1.46,-0.12,0.24,38.00
2176,423213820,176.27,-0.98,986.33,-1.34,-0.61,0.12,37.90
2177,423217869,173.83,-0.98,986.82,-1.22,-0.85,0.24,37.81
2178,423221926,177.73,-0.49,985.84,-1.34,-1.28,0.61,37.85
2179,423225976,175.78,0.00,987.30,-1.34,-1.83,0.12,37.66
2180,423231770,177.25,-0.49,990.72,-1.28,-2.32,0.24,37.71
2181,423235820,190.43,9.28,983.40,-1.65,-2.20,0.30,38.00
2182,423239869,188.96,2.44,983.40,-1.59,-1.59,0.30,37.85
2183,423243926,181.64,1.46,987.79,-1.77,-1.83,0.37,38.00
2184,423247976,180.66,-1.46,988.28,-1.65,-2.01,0.43,37.85
2185,423253770,186.52,1.46,984.86,-1.59,-2.01,0.55,37.81
2186,423257820,191.89,-0.49,984.37,-1.83,-1.89,0.49,37.85
2187,423261869,188.48,-4.39,985.84,-1.71,-1.95,0.67,37.81
2188,423265926,183.59,-4.39,991.70,-1.22,-2.07,0.49,37.81
2189,423269976,188.48,-4.39,986.82,-1.28,-1.89,0.67,37.71
2190,423275770,194.82,0.98,984.86,-1.28,-1.71,0.85,37.85
2191,423279820,194.82,0.98,983.89,-1.65,-1.22,0.79,37.71
2192,423283869,184.57,-7.32,990.23,-1.59,-1.04,0.73,37.85
2193,423287926,182.62,-4.39,985.35,-1.28,-1.16,1.34,37.90
2194,423291976,193.36,-6.35,985.84,-1.34,-1.52,1.77,37.71
2195,423297770,206.05,-3.42,982.91,-1.10,-0.79,1.22,37.81
2196,423301820,191.89,-5.86,982.42,-0.91,-0.12,1.28,37.66
2197,423305869,190.92,-4.39,980.47,-0.49,0.00,0.85,37.85
2198,423309926,198.24,-2.93,978.52,-0.61,0.49,0.55,37.66
2199,423313976,192.87,-0.49,990.72,-0.61,1.16,0.24,38.00
2200,423319770,196.29,0.00,986.82,-0.55,1.34,0.30,38.00
2201,423323820,188.48,1.46,980.96,-0.79,1.52,0.43,37.81
2202,423327869,186.52,5.37,989.26,-0.79,1.59,0.24,38.05
2203,423331926,175.78,-1.46,984.37,-0.91,1.59,0.18,37.71
2204,423337770,172.36,-0.98,990.23,-0.79,1.04,0.43,38.00
2205,423341820,183.11,5.86,988.77,-0.85,0.37,0.24,37.90
2206,423345869,182.62,-1.46,986.82,-1.04,0.06,0.30,37.90
2207,423349926,177.73,-2.44,990.23,-0.91,0.06,0.37,37.85
2208,423353976,178.22,2.44,990.72,-1.46,-0.85,0.18,37.66
2209,423359770,179.20,2.93,985.35,-1.16,-1.04,0.61,37.85
2210,423363820,179.69,-1.95,988.77,-1.28,-1.77,0.06,37.85
2211,423367869,172.85,-3.91,988.28,-1.16,-2.07,0.06,37.85
2212,423371926,182.13,0.49,982.91,-1.10,-2.32,-0.06,37.90
2213,423375976,181.64,0.49,991.21,-1.16,-2.80,-0.06,37.66
2214,423381770,183.11,3.42,985.84,-1.59,-2.80,0.00,38.00
2215,423385820,179.20,-4.39,988.77,-1.46,-3.05,-0.06,37.85
2216,423389869,185.55,-3.91,984.37,-1.34,-3.23,-0.06,37.71
2217,423393926,184.08,-4.88,987.30,-1.34,-3.35,-0.24,37.66
2218,423397976,188.48,0.00,983.40,-1.40,-3.11,-0.24,37.71
2219,423403770,195.31,7.32,984.37,-1.40,-3.05,0.00,37.85
2220,423407820,203.61,2.44,980.47,-1.52,-2.38,0.00,37.85
2221,423411869,204.10,0.49,981.45,-1.95,-1.77,0.18,37.66
2222,423415926,190.92,-3.42,980.96,-1.83,-1.22,-0.06,37.85
2223,423419976,196.78,0.00,983.40,-1.77,-0.79,-0.43,37.85
2224,423425770,194.82,-2.93,984.86,-1.52,-0.79,-0.18,37.71
2225,423429820,187.99,-6.84,987.79,-1.52,-0.37,0.06,37.81
2226,423433869,192.38,-1.46,983.40,-1.28,-0.73,0.00,37.66
2227,423437926,196.78,1.46,984.86,-1.34,0.06,0.43,38.00
2228,423441976,195.31,-3.91,984.86,-1.16,0.30,0.49,37.85
2229,423447770,181.64,-5.37,985.84,-0.98,-0.06,0.43,37.81
2230,423451820,184.08,0.49,981.45,-0.85,-0.06,0.49,37.81
2231,423455869,189.45,2.44,982.42,-0.91,-0.30,0.61,37.57
2232,423459926,186.52,-0.49,982.42,-0.85,-0.43,0.49,37.71
2233,423463976,187.50,1.95,982.42,-0.85,-0.30,0.55,37.85
2234,423469770,183.11,-0.49,986.82,-0.85,-0.49,0.37,37.90
2235,423473820,184.08,0.49,986.33,-0.91,-0.91,0.30,37.66
2236,423477869,194.82,-2.93,983.40,-1.16,-0.79,0.18,37.81
2237,423481927,208.50,8.30,981.93,-1.10,-0.73,0.06,37.90
2238,423485976,192.87,3.42,982.91,-1.16,0.00,-0.06,37.81
2239,423491770,184.08,-3.42,985.84,-1.40,-0.12,0.00,37.66
2240,423495820,187.99,0.98,990.72,-1.28,-0.12,0.12,37.81
2241,423499869,188.48,1.46,990.23,-1.34,-0.43,0.12,37.66
2242,423503927,179.69,0.98,986.33,-1.16,-0.67,0.12,37.81
2243,423507976,179.69,-6.84,990.72,-1.22,-1.04,-0.06,37.85
2244,423513770,186.04,-5.37,987.79,-0.79,-1.04,-0.12,38.00
2245,423517820,190.43,3.42,984.37,-0.73,-1.16,-0.12,37.81
2246,423521869,194.34,3.42,984.86,-0.98,-0.85,0.00,37.85
2247,423525926,189.94,-0.49,985.35,-1.16,-1.10,0.06,37.57
2248,423529976,188.96,0.98,984.86,-1.10,-0.91,0.24,37.90
2249,423535770,185.55,1.95,982.91,-1.16,-0.98,0.30,37.71
2250,423539820,192.38,-3.91,984.86,-1.46,-0.79,0.18,37.85
2251,423543869,194.34,-7.81,987.30,-1.34,-0.37,0.55,37.71
2252,423547927,186.04,-2.93,990.23,-1.22,-0.55,0.49,37.57
2253,423553770,186.52,1.46,983.89,-0.73,-1.04,0.43,37.90
2254,423557820,192.87,0.00,984.86,-0.79,-0.79,0.73,37.66
2255,423561869,185.55,0.98,984.37,-1.04,-0.49,0.43,37.71
2256,423565926,192.87,0.00,979.49,-0.91,-0.18,0.49,37.85
2257,423569976,187.50,0.00,988.28,-1.10,-0.12,0.18,37.57
2258,423575770,176.76,1.46,987.79,-0.91,-0.73,0.55,37.90
2259,423579820,185.06,2.93,985.84,-0.73,-0.98,0.37,37.85
2260,423583869,192.38,-3.91,982.91,-1.04,-0.91,0.67,37.90
2261,423587926,184.08,4.39,986.33,-1.04,-0.73,0.49,37.71
2262,423591976,181.15,-1.46,989.75,-1.22,-0.91,0.18,37.71
2263,423597770,180.66,1.46,990.72,-1.04,-1.16,0.00,37.85
2264,423601820,181.64,1.95,984.37,-1.04,-1.46,0.12,37.66
2265,423605869,188.96,8.30,984.86,-1.10,-1.22,0.12,37.90
2266,423609927,185.06,0.49,988.28,-1.10,-1.40,0.12,37.90
2267,423613976,183.11,-1.46,986.33,-0.91,-1.40,0.37,38.00
2268,423619770,188.48,2.44,976.56,-0.98,-1.34,0.06,38.09
2269,423623820,192.38,-0.49,987.79,-1.16,-1.28,0.24,37.85
2270,423627869,192.38,3.91,982.91,-1.10,-1.22,0.06,37.85
2271,423631926,185.06,0.00,984.37,-1.22,-0.98,0.37,37.85
2272,423635976,186.52,0.98,986.82,-0.98,-1.34,0.30,37.71
2273,423641770,192.38,4.39,988.28,-1.22,-1.40,0.30,37.37
2274,423645820,193.36,0.00,985.84,-1.28,-1.46,0.37,37.71
2275,423649869,191.41,0.00,980.96,-1.22,-1.65,0.24,37.57
2276,423653927,197.75,5.37,984.86,-1.40,-1.28,0.18,37.85
2277,423657976,201.17,2.44,984.37,-1.46,-0.79,0.55,37.85
2278,423663770,200.68,4.39,980.96,-1.71,-0.43,0.30,38.00
2279,423667820,187.50,-0.98,982.91,-1.59,-0.30,0.37,37.85
2280,423671869,189.45,-1.95,980.96,-1.40,-0.43,0.55,37.85
2281,423675926,188.96,-0.49,984.86,-1.59,-0.18,0.61,37.71
2282,423679976,198.73,-1.46,985.84,-1.34,-0.37,0.55,37.71
2283,423685770,188.48,-6.35,984.86,-1.34,-0.24,0.43,37.90
2284,423689820,192.38,-3.91,987.30,-0.98,-0.06,0.37,37.85
2285,423693869,186.04,0.00,985.35,-1.10,-0.18,0.37,37.85
2286,423697926,187.50,-2.93,988.28,-1.04,-0.18,0.24,37.71
2287,423701976,182.13,-2.93,982.91,-0.79,-0.30,0.30,37.85
2288,423707770,186.04,1.46,985.84,-0.85,-0.43,0.18,37.85
2289,423711820,177.73,-8.30,984.37,-0.85,-0.55,0.30,37.90
2290,423715869,188.48,-3.42,983.89,-0.67,-0.91,0.37,37.81
2291,423719926,193.85,-0.49,981.93,-0.43,-0.91,-0.18,37.71
2292,423723976,192.87,12.21,987.79,-0.67,-0.55,-0.18,37.71
2293,423729770,187.99,2.93,985.35,-0.98,-0.43,0.06,37.90
2294,423733820,181.15,1.95,986.33,-1.10,-0.49,0.24,37.66
2295,423737869,182.62,1.46,985.35,-1.22,-0.79,-0.12,37.90
2296,423741927,182.13,2.93,986.82,-1.10,-0.91,0.18,37.57
2297,423745976,177.25,0.98,986.82,-1.22,-0.85,0.24,37.85
2298,423751770,185.06,6.35,985.84,-1.10,-0.91,0.12,37.71
2299,423755820,193.85,5.86,981.45,-1.34,-1.10,0.30,37.66
2300,423759869,193.36,6.35,983.40,-1.28,-0.98,0.30,37.85
2301,423763926,182.62,3.91,985.84,-1.28,-0.79,0.30,37.37
2302,423769770,185.06,-4.39,985.84,-1.59,-1.04,0.12,37.66
2303,423773820,182.13,-5.86,989.26,-1.46,-1.52,0.18,37.85
2304,423777869,188.48,1.46,984.37,-1.28,-1.59,0.00,37.81
2305,423781926,187.99,1.95,984.86,-1.40,-1.46,0.24,37.85
2306,423785976,195.31,1.46,982.91,-1.59,-1.59,0.37,37.66
2307,423791770,198.24,-3.91,985.84,-1.52,-1.28,0.18,38.00
2308,423795820,190.43,-2.44,983.89,-1.46,-0.85,0.43,37.71
2309,423799869,190.43,-0.49,985.35,-1.65,-0.79,0.00,37.66
2310,423803927,199.71,-2.44,986.82,-1.52,-0.67,0.30,37.71
2311,423807976,186.52,-8.79,989.26,-1.28,-0.30,0.55,37.71
2312,423813770,183.11,-3.42,982.91,-0.85,-0.98,0.30,37.85
2313,423817820,195.31,-4.88,980.96,-0.73,-0.67,0.00,37.85
2314,423821869,192.87,-6.35,989.75,-0.79,-0.73,0.12,37.66
2315,423825926,180.66,0.00,989.26,-0.61,-0.73,0.06,37.81
2316,423829976,189.94,2.93,985.84,-0.67,-0.73,0.43,38.00
2317,423835770,189.94,7.32,988.28,-1.04,-0.79,0.37,37.90
2318,423839820,183.11,-6.35,991.70,-1.22,-0.98,0.12,37.85
2319,423843869,177.73,-0.49,989.26,-1.22,-1.40,0.06,37.57
2320,423847926,187.50,4.88,983.40,-0.85,-1.40,0.24,37.71
2321,423851976,188.96,6.84,985.84,-0.91,-1.16,0.30,37.90
2322,423857770,191.89,0.98,984.37,-1.10,-0.73,0.24,37.85
2323,423861820,186.04,0.49,990.72,-1.34,-0.85,0.37,38.00
2324,423865869,194.34,4.88,980.47,-1.40,-0.98,0.30,37.66
2325,423869926,195.31,0.00,986.82,-1.40,-0.98,0.18,37.85
2326,423873976,191.89,-5.86,985.84,-1.52,-0.30,0.37,37.71
2327,423879770,187.99,1.46,985.84,-1.59,-0.61,0.55,37.71
2328,423883820,200.20,-0.49,984.86,-1.22,-0.67,0.43,38.00
2329,423887869,198.73,4.88,984.37,-1.16,-0.24,0.24,37.85
2330,423891926,188.96,0.98,982.42,-1.46,0.30,0.30,37.66
2331,423895976,188.48,1.95,985.84,-1.46,0.55,0.49,38.05
2332,423901770,182.13,-1.95,988.28,-1.10,-0.18,0.37,37.85
2333,423905820,185.06,-3.91,988.77,-1.16,-0.43,0.43,37.85
2334,423909869,184.08,-0.98,981.45,-0.91,-0.49,0.18,37.85
2335,423913926,191.89,2.93,986.33,-0.85,-0.73,0.00,37.71
2336,423917976,194.82,7.81,977.54,-0.67,-0.73,0.00,37.85
2337,423923770,194.34,-1.46,987.30,-0.98,-0.43,0.24,38.00
2338,423927820,192.87,1.46,984.86,-1.10,-0.61,0.37,37.90
2339,423931869,188.48,4.39,985.35,-0.79,-0.37,0.30,37.85
2340,423935926,187.99,-0.98,985.35,-1.10,-0.49,0.24,37.90
2341,423939976,188.96,4.88,987.79,-0.98,-0.67,0.43,37.66
2342,423945770,193.85,-0.98,984.86,-1.10,-0.49,0.30,37.71
2343,423949820,195.80,5.37,984.37,-1.40,-0.18,0.30,37.85
2344,423953869,187.01,0.00,984.37,-1.59,0.00,0.67,37.90
2345,423957926,182.62,2.44,986.82,-1.28,0.06,0.61,37.52
2346,423961976,189.45,6.35,982.91,-1.71,0.18,0.61,37.66
2347,423967770,187.99,-2.44,985.35,-1.83,0.18,0.30,37.90
2348,423971820,173.83,-1.95,992.19,-1.71,-0.24,0.43,37.71
2349,423975869,181.64,6.35,983.89,-1.59,-1.04,0.55,38.05
2350,423979926,181.15,0.98,987.30,-1.89,-0.61,0.37,37.57
2351,423985770,178.22,-6.84,986.33,-1.77,-0.91,0.55,37.81
2352,423989820,185.06,-3.91,983.89,-1.65,-1.46,0.49,37.85
2353,423993869,187.01,1.46,982.42,-1.71,-1.22,0.43,37.81
2354,423997926,195.31,2.44,984.86,-1.52,-1.22,0.49,38.00
2355,424001976,187.50,-6.84,990.72,-1.65,-0.61,0.55,37.66
2356,424007770,182.13,-4.88,989.26,-1.71,-0.61,0.18,37.85
2357,424011820,184.57,0.49,989.26,-1.34,-1.10,0.06,37.85
2358,424015869,189.45,-0.98,992.19,-1.22,-1.22,0.12,37.90
2359,424019927,192.87,1.46,984.86,-0.85,-0.98,0.24,37.90
2360,424023976,188.96,4.39,984.86,-1.40,-0.98,0.30,37.66
2361,424029770,189.45,-0.98,985.35,-1.16,-0.85,0.37,37.90
2362,424033820,194.34,0.49,985.84,-1.10,-0.49,0.30,37.85
2363,424037869,190.43,-4.88,988.28,-1.22,-0.43,0.43,37.57
2364,424041926,192.87,-5.37,980.47,-0.79,-0.30,0.37,38.05
2365,424045976,193.36,0.49,984.86,-1.04,-0.30,0.49,37.85
2366,424051770,189.94,3.42,984.86,-0.98,-0.24,0.43,37.85
2367,424055820,184.57,-4.88,984.37,-0.67,-0.43,0.55,37.85
2368,424059869,191.41,-6.84,987.30,-0.73,-0.49,0.49,37.85
2369,424063926,182.62,1.95,984.86,-0.61,-0.18,0.37,37.90
2370,424067976,191.89,-4.39,984.86,-0.61,-0.06,0.30,37.90
2371,424073770,185.55,-2.44,985.35,-0.49,-0.24,0.37,37.85
2372,424077820,184.57,0.98,979.00,-0.79,-0.24,0.12,38.00
2373,424081869,178.71,-2.44,991.70,-0.91,-0.49,0.18,37.71
2374,424085926,192.87,2.44,986.33,-0.98,-0.49,0.12,37.90
2375,424089976,189.45,0.00,980.96,-1.16,0.06,0.37,37.90
2376,424095770,184.08,3.91,984.86,-1.28,0.24,0.37,37.85
2377,424099820,182.62,0.00,984.86,-1.34,0.06,0.24,37.90
2378,424103869,183.11,3.91,985.84,-1.40,0.24,0.30,37.66
2379,424107926,181.64,-1.95,981.93,-1.28,0.06,0.55,37.85
2380,424111976,181.15,-0.49,984.86,-1.46,-0.49,0.55,37.90
2381,424117770,180.66,-5.37,988.28,-1.22,-0.67,0.30,37.85
2382,424121820,191.41,-4.39,983.40,-1.34,-1.16,0.55,37.66
2383,424125869,192.87,1.95,978.52,-1.04,-0.79,0.49,37.90
2384,424129926,186.04,-4.39,990.23,-1.40,-0.49,0.55,38.00
2385,424133976,183.59,2.93,983.40,-1.28,-1.10,0.49,37.81
2386,424139770,183.59,5.37,986.82,-1.10,-1.22,0.24,38.00
2387,424143820,189.94,-7.32,981.93,-1.34,-1.16,0.37,37.81
2388,424147869,188.96,3.42,986.33,-1.16,-1.28,0.18,37.81
2389,424151926,187.01,-1.95,985.84,-1.04,-1.28,0.12,37.66
2390,424155976,186.52,-1.46,985.35,-0.98,-1.22,0.06,37.52
2391,424161770,188.96,2.93,986.33,-1.10,-1.46,0.37,38.05
2392,424165820,189.94,3.91,987.30,-1.16,-1.10,0.37,37.85
2393,424169869,184.57,-5.86,989.75,-1.10,-0.91,0.06,37.66
2394,424173926,191.89,-4.39,985.84,-1.10,-1.34,0.30,37.66
2395,424179770,194.82,-0.49,985.35,-1.10,-0.85,0.30,37.66
2396,424183820,192.38,-0.49,982.91,-1.04,-0.55,0.06,37.71
2397,424187869,179.69,-0.49,986.33,-0.85,-0.24,0.06,37.90
2398,424191926,189.45,-8.79,985.84,-0.79,-0.43,0.18,37.71
2399,424195976,185.55,-3.42,985.84,-0.67,-0.67,0.18,37.52
2400,424200025,187.99,-0.49,991.21,-0.49,-0.79,0.18,37.85
2401,424205770,189.94,4.88,988.77,-0.61,-1.10,-0.06,37.85
2402,424209820,186.52,5.86,986.82,-0.85,-0.91,0.12,37.85
2403,424213869,186.04,7.32,986.82,-0.91,-1.10,-0.12,37.81
2404,424217926,185.06,6.35,984.86,-1.22,-1.10,-0.06,37.85
2405,424223770,188.96,3.42,987.30,-1.10,-1.16,0.12,38.00
2406,424227820,195.31,6.35,981.93,-1.52,-1.04,0.12,37.66
2407,424231869,188.48,2.93,984.86,-1.89,-1.10,0.18,37.81
2408,424235926,182.13,4.39,988.28,-2.07,-0.98,0.43,37.85
2409,424239976,192.38,11.23,980.96,-1.95,-0.98,0.37,37.71
2410,424245770,194.82,3.91,980.96,-2.32,-0.67,0.49,38.09
2411,424249820,189.94,-2.93,988.28,-2.56,-0.67,0.43,38.00
2412,424253869,182.62,-4.39,989.75,-2.26,-0.67,0.06,37.52
2413,424257926,187.50,-2.44,988.77,-2.20,-1.22,0.30,37.66
2414,424261976,187.50,0.98,985.35,-2.07,-1.10,0.49,37.71
2415,424267770,188.96,-2.93,986.33,-2.26,-0.85,0.49,37.85
2416,424271820,189.94,-4.88,985.84,-1.65,-0.85,0.24,37.85
2417,424275869,189.45,-4.88,988.28,-1.77,-0.73,0.49,37.57
2418,424279926,184.08,-6.84,983.89,-1.65,-0.79,0.37,37.71
2419,424283976,182.13,-9.28,988.28,-1.04,-1.16,0.30,38.00
2420,424289770,181.64,-13.18,984.86,-0.85,-1.52,0.30,37.57
2421,424293820,180.18,-1.95,987.79,-0.49,-1.59,0.06,37.71
2422,424297869,187.01,-4.39,984.37,-0.55,-2.07,-0.06,37.57
2423,424301926,197.27,5.37,981.93,-0.43,-1.95,0.18,37.90
2424,424305976,197.75,-1.46,981.45,-0.55,-1.34,0.61,37.90
2425,424311770,188.96,2.93,987.79,-0.85,-1.16,0.43,37.90
2426,424315820,192.87,-0.98,983.89,-0.98,-1.10,0.37,37.85
2427,424319869,185.55,-2.44,981.93,-1.04,-0.98,0.37,37.52
2428,424323926,183.11,-9.28,987.30,-0.91,-0.85,0.24,37.81
2429,424327976,184.57,-2.93,987.30,-0.79,-1.46,0.30,37.90
2430,424333770,195.80,-1.95,985.35,-0.91,-1.10,0.24,37.71
2431,424337820,189.94,-3.91,984.37,-0.85,-0.49,0.37,37.71
2432,424341869,183.59,0.98,986.82,-0.85,-0.73,0.24,37.90
2433,424345926,188.48,-2.93,991.70,-1.16,-0.67,0.18,37.81
2434,424349976,191.41,-0.98,987.30,-0.85,-0.67,0.06,37.71
2435,424355770,186.52,0.00,989.75,-0.43,-0.79,0.12,37.81
2436,424359820,193.36,-5.86,988.77,-0.79,-0.91,0.12,37.85
2437,424363869,184.08,1.95,987.30,-0.79,-1.04,0.18,37.85
2438,424367927,192.87,-0.98,987.30,-0.61,-0.91,0.37,37.28
2439,424371976,186.52,5.86,986.82,-0.61,-1.10,0.24,38.00
2440,424377770,198.73,5.37,982.91,-0.98,-0.91,0.49,37.52
2441,424381820,187.50,-0.98,985.84,-1.22,-0.61,0.30,37.66
2442,424385869,190.43,3.91,986.33,-1.10,-0.91,0.18,37.52
2443,424389926,193.85,5.37,978.52,-1.28,-0.91,0.30,37.71
2444,424395770,194.34,4.39,985.84,-1.59,-0.61,0.12,37.90
2445,424399820,187.99,-3.91,983.89,-1.40,-0.61,0.18,37.71
2446,424403869,184.57,-3.91,988.28,-1.52,-0.73,0.30,37.85
2447,424407926,188.48,-0.49,984.37,-1.16,-1.04,0.37,37.71
2448,424411976,187.01,-0.49,986.82,-1.10,-0.73,0.67,37.85
2449,424417770,192.38,-5.86,986.33,-0.98,-0.85,0.43,37.66
2450,424421820,194.82,0.00,981.93,-0.98,-0.37,0.06,37.90
2451,424425869,189.45,3.42,983.89,-1.16,-0.12,0.24,37.90
2452,424429927,189.94,0.98,986.82,-1.04,-0.24,0.37,37.85
2453,424433976,184.57,-6.35,989.26,-1.10,-0.24,0.24,37.52
2454,424439770,181.15,-2.44,984.37,-1.04,-0.55,0.24,37.71
2455,424443820,181.64,7.32,987.79,-1.04,-0.61,0.49,37.90
2456,424447869,188.48,2.93,988.28,-1.10,-0.79,0.43,38.00
2457,424451926,187.99,2.44,983.89,-1.16,-0.85,0.55,38.00
2458,424455976,184.08,-0.98,982.42,-1.59,-0.73,0.49,37.71
2459,424461770,187.99,5.86,993.16,-1.34,-0.98,0.55,37.71
2460,424465820,185.06,0.98,987.30,-1.71,-1.40,0.37,37.90
2461,424469869,185.06,1.95,989.75,-1.59,-1.52,0.49,37.71
2462,424473926,190.92,0.00,982.91,-1.52,-1.46,0.61,38.05
2463,424477976,186.52,-2.44,987.30,-1.46,-1.40,0.12,37.85
2464,424483770,188.48,2.93,989.75,-1.40,-1.40,0.12,37.81
2465,424487820,191.89,-1.95,987.30,-1.40,-1.46,0.12,37.85
2466,424491869,190.92,-0.98,988.28,-1.28,-1.28,0.24,37.52
2467,424495927,190.43,2.44,986.33,-1.40,-1.28,0.30,37.85
2468,424499976,189.94,0.49,986.33,-1.10,-1.28,0.43,37.71
2469,424505770,188.96,-3.42,988.77,-0.98,-1.28,0.00,37.85
2470,424509820,192.38,0.00,985.84,-1.04,-1.59,0.18,37.90
2471,424513869,190.43,0.00,986.33,-1.10,-1.77,0.30,37.57
2472,424517926,190.43,0.49,990.23,-1.34,-1.16,0.24,37.66
2473,424521976,181.15,0.98,984.86,-1.10,-1.52,0.18,37.81
2474,424527770,193.85,5.37,988.77,-0.98,-1.65,0.37,37.66
2475,424531820,194.82,0.98,986.82,-1.28,-1.46,0.37,37.85
2476,424535869,208.01,3.42,977.05,-1.28,-1.28,0.49,37.66
2477,424539926,196.29,0.00,983.40,-1.34,-0.43,0.37,37.66
2478,424543976,191.89,-2.93,990.72,-1.40,-0.43,0.49,37.85
2479,424549770,192.38,3.91,986.33,-1.40,-0.61,0.43,37.90
2480,424553820,196.78,-2.44,983.89,-1.22,-0.24,0.61,37.81
2481,424557869,200.20,-1.95,979.00,-1.34,-0.06,0.43,37.85
2482,424561926,193.36,-0.98,986.82,-1.10,-0.24,0.30,37.57
2483,424565976,192.38,-4.39,983.89,-1.10,0.12,0.18,37.90
2484,424571770,189.45,0.00,987.30,-0.98,0.18,0.00,37.85
2485,424575820,185.06,-0.98,990.23,-0.85,-0.24,0.00,37.85
2486,424579869,187.50,3.42,985.84,-0.91,-0.30,0.00,37.81
2487,424583926,189.94,0.49,987.30,-0.98,-0.18,-0.06,37.66
2488,424587976,186.04,0.00,985.35,-0.85,-0.30,0.30,37.85
2489,424593770,186.52,-1.46,981.45,-0.85,-0.67,0.24,38.05
2490,424597820,187.01,0.00,984.37,-0.67,-0.55,0.37,37.71
2491,424601869,187.50,-1.46,989.26,-0.61,-0.30,0.12,37.71
2492,424605927,186.04,4.88,984.86,-0.85,-0.61,0.18,37.52
2493,424611770,194.34,4.39,985.84,-0.98,-0.55,0.06,37.90
2494,424615820,184.57,-1.46,982.42,-0.98,-0.91,0.30,37.66
2495,424619869,188.96,6.35,983.40,-1.34,-0.73,0.37,37.85
2496,424623927,190.43,4.88,983.40,-1.34,-0.55,0.18,37.90
2497,424627976,188.48,-2.44,986.33,-1.28,-0.30,0.12,37.66
2498,424633770,184.57,-1.46,990.72,-1.28,-0.67,0.30,37.81
2499,424637820,202.15,4.39,981.93,-1.22,-0.61,0.30,37.81
2500,424641869,198.24,3.91,982.91,-1.46,-0.06,0.30,37.85
2501,424645926,182.62,-3.42,987.79,-1.52,-0.24,0.55,37.71
2502,424649976,187.99,-8.79,983.89,-1.46,-0.49,0.43,37.52
2503,424655770,184.57,-1.95,984.86,-1.10,-0.67,0.30,37.81
2504,424659820,184.57,-2.93,986.33,-1.04,-0.85,0.30,37.85
2505,424663869,186.04,-2.44,988.77,-0.98,-0.98,0.18,37.85
2506,424667926,186.04,-0.49,983.40,-0.98,-1.04,0.30,37.85
2507,424671976,191.41,-0.98,982.42,-1.22,-0.98,0.24,37.85
2508,424677770,191.41,-0.98,981.93,-1.04,-0.79,0.37,37.85
2509,424681820,191.41,1.46,987.79,-1.22,-1.10,0.30,38.00
2510,424685869,194.34,1.46,988.77,-1.10,-0.73,0.24,37.66
2511,424689926,195.31,4.88,983.89,-1.34,-0.43,0.55,37.85
2512,424693976,196.78,-4.88,988.77,-1.52,-0.37,0.67,37.85
2513,424699770,189.45,-10.25,985.35,-1.34,0.18,0.37,38.00
2514,424703820,186.04,-2.44,979.98,-1.16,-0.43,0.55,37.52
2515,424707869,193.85,-2.93,981.93,-1.16,0.06,0.61,37.90
2516,424711926,182.62,-2.93,986.82,-1.10,0.06,0.30,38.00
2517,424715976,191.41,0.98,987.30,-1.04,0.00,0.24,37.85
2518,424721770,189.45,7.81,981.93,-0.79,-0.24,0.30,37.71
2519,424725820,182.62,0.49,986.33,-0.79,0.00,0.24,37.90
2520,424729869,186.52,0.00,988.77,-0.85,-0.06,0.12,37.85
2521,424733927,183.59,6.35,982.42,-1.16,-0.18,0.12,37.71
2522,424737976,186.04,4.39,986.82,-0.98,-0.18,0.49,38.19
2523,424743770,185.55,3.42,983.40,-1.16,-0.30,0.43,38.05
2524,424747820,198.73,1.46,980.96,-1.22,-0.43,0.30,37.85
2525,424751869,192.38,3.42,984.37,-1.28,-0.37,0.24,37.81
2526,424755927,191.89,9.77,982.91,-1.34,0.06,0.30,37.71
2527,424759976,188.48,-1.95,986.82,-1.46,0.06,0.18,37.71
2528,424765770,183.11,0.00,989.75,-1.46,0.06,0.37,37.71
2529,424769820,188.48,7.32,984.37,-1.16,-0.43,0.12,38.00
2530,424773869,191.41,2.44,986.33,-1.10,-0.30,0.30,37.71
2531,424777926,180.18,-1.95,986.33,-1.34,-0.43,0.67,37.71
2532,424781976,179.69,-6.84,987.30,-1.28,-0.61,0.24,37.81
2533,424787770,183.11,0.98,980.96,-0.98,-0.85,0.24,38.00
2534,424791820,186.52,6.35,984.37,-1.22,-0.73,0.37,37.85
2535,424795869,184.08,-0.49,988.77,-1.16,-0.91,0.43,37.85
2536,424799926,181.64,0.00,985.84,-1.40,-0.98,0.37,37.71
2537,424803976,183.11,1.46,984.86,-1.28,-1.40,0.43,37.81
2538,424809770,183.59,1.46,989.26,-1.28,-1.22,0.55,37.71
2539,424813820,180.18,-0.49,989.75,-1.46,-1.46,0.18,37.52
2540,424817869,185.06,2.44,986.33,-1.77,-1.95,0.37,37.85
2541,424821926,189.94,-0.98,988.28,-1.52,-1.95,0.30,37.52
2542,424827770,183.59,1.46,981.93,-1.59,-2.20,0.30,37.66
2543,424831820,183.59,-4.39,989.26,-1.46,-2.20,0.18,37.52
2544,424835869,187.50,1.95,984.86,-1.46,-2.38,0.30,37.90
2545,424839926,190.43,6.84,984.37,-1.40,-2.56,0.24,37.85
2546,424843976,190.92,0.00,987.30,-2.01,-2.13,0.06,37.52
2547,424849770,190.92,-2.93,986.33,-1.89,-2.07,0.30,37.71
2548,424853820,195.31,7.32,979.98,-1.77,-1.77,0.49,37.57
2549,424857869,198.73,5.37,981.45,-2.20,-1.59,0.55,37.66
2550,424861927,198.73,-3.42,983.40,-1.83,-1.28,0.67,37.85
2551,424865976,205.57,5.37,977.05,-2.07,-0.85,0.61,37.71
2552,424871770,199.71,1.95,983.40,-2.13,-0.30,0.67,37.90
2553,424875820,193.36,-5.86,983.89,-1.95,-0.06,0.85,38.00
2554,424879869,192.38,-8.79,990.23,-1.71,0.06,0.37,37.90
2555,424883926,192.38,-3.42,982.91,-1.34,0.06,0.49,37.85
2556,424887976,188.96,-0.49,983.40,-1.10,0.00,0.55,37.90
2557,424893770,196.29,-3.91,980.96,-1.04,0.12,0.18,37.85
2558,424897820,194.82,-3.42,985.35,-1.16,0.43,0.30,37.85
2559,424901869,190.43,-6.84,985.84,-0.79,0.43,0.18,37.81
2560,424905926,189.45,-8.30,981.45,-0.67,0.43,-0.06,37.90
2561,424909976,188.48,2.93,988.77,-0.85,0.43,-0.12,37.71
2562,424915770,192.38,0.00,986.33,-0.55,0.61,0.18,37.90
2563,424919820,178.22,-2.44,988.28,-0.67,0.06,0.43,37.85
2564,424923869,178.71,-1.46,987.79,-0.61,-0.24,0.37,37.71
2565,424927927,177.73,-2.44,989.26,-0.98,-0.55,0.55,37.90
2566,424931976,180.18,-0.98,987.30,-0.85,-0.85,0.43,37.71
2567,424937770,177.73,-1.46,987.30,-0.79,-1.10,0.37,37.66
2568,424941820,182.13,6.84,986.33,-1.04,-1.40,0.37,37.81
2569,424945869,180.66,1.95,989.26,-1.34,-1.77,0.61,37.85
2570,424949926,183.59,-3.42,987.30,-1.16,-1.71,0.49,37.90
2571,424953976,181.15,-4.88,986.82,-1.22,-1.95,0.18,37.85
2572,424959770,180.18,-3.42,989.75,-1.04,-2.38,0.43,37.90
2573,424963820,188.48,-4.88,989.26,-1.04,-2.32,0.18,37.90
2574,424967869,189.94,-4.39,984.37,-0.67,-2.38,0.18,37.52
2575,424971926,194.34,1.46,979.00,-0.85,-2.13,-0.12,37.90
2576,424975976,207.03,9.28,984.37,-0.98,-1.89,0.12,37.90
2577,424981770,206.05,5.37,982.42,-1.16,-0.98,-0.12,37.52
2578,424985820,196.78,-0.49,987.30,-1.52,-0.06,0.18,37.66
2579,424989869,192.87,0.00,982.42,-1.40,0.00,0.18,37.85
2580,424993926,195.31,3.42,981.45,-1.34,0.43,0.37,37.71
2581,424997976,201.17,-4.39,984.37,-1.10,0.55,0.43,37.81
2582,425003770,194.34,1.95,981.45,-1.40,0.61,0.43,37.85
2583,425007820,191.89,0.49,985.35,-1.04,1.10,0.49,37.90
2584,425011869,190.43,-5.86,985.35,-1.04,0.85,0.67,38.00
2585,425015926,193.36,-0.98,984.86,-0.91,1.04,0.67,37.66
2586,425019976,191.41,1.46,984.86,-1.04,0.79,0.43,37.71
2587,425025770,189.45,-1.46,983.40,-1.10,0.91,0.67,37.81
2588,425029820,182.13,-0.98,987.79,-0.91,0.37,0.37,37.71
2589,425033869,176.76,-3.91,990.72,-0.43,0.06,0.55,37.85
2590,425037926,178.71,0.49,988.77,-0.49,-0.24,0.49,37.52
2591,425043770,185.06,7.81,989.26,-0.55,-0.73,0.37,37.71
2592,425047820,186.52,6.84,984.86,-0.73,-0.85,0.43,37.81
2593,425051869,185.55,9.28,985.35,-1.22,-0.67,0.49,38.05
2594,425055926,182.13,6.35,984.86,-1.46,-0.85,0.18,37.71
2595,425059976,185.06,3.91,986.33,-1.83,-1.04,0.24,37.66
2596,425065770,186.04,7.81,986.82,-1.95,-1.10,0.06,37.90
2597,425069820,182.13,2.44,992.68,-1.77,-1.40,0.24,37.71
2598,425073869,191.89,0.00,985.35,-1.83,-1.40,0.43,37.81
2599,425077926,191.41,3.42,982.91,-1.77,-1.16,0.55,37.85
2600,425081976,206.54,9.28,979.49,-1.89,-0.61,0.49,37.71
2601,425087770,191.89,-8.30,980.96,-1.71,0.00,0.55,37.66
2602,425091820,187.50,-4.39,989.26,-1.40,-0.37,0.49,37.85
2603,425095869,191.41,-1.95,985.84,-1.34,-0.55,0.43,37.52
2604,425099926,190.43,-4.39,986.82,-1.52,-0.67,0.30,37.71
2605,425103976,181.64,-2.44,989.75,-1.22,-0.61,0.55,37.66
2606,425109770,187.01,-4.88,986.33,-1.40,-0.85,0.43,37.85
2607,425113820,183.11,-3.42,984.86,-1.16,-1.16,0.30,38.00
2608,425117869,186.04,-0.98,981.45,-1.16,-1.04,0.49,37.71
2609,425121926,187.50,0.98,988.28,-1.28,-1.22,0.30,38.00
2610,425125976,190.92,6.35,986.82,-1.46,-0.98,0.61,37.71
2611,425131770,189.94,-0.49,987.79,-1.40,-0.98,0.61,38.00
2612,425135820,190.43,2.93,982.91,-1.52,-1.16,0.12,37.71
2613,425139869,190.92,2.44,981.93,-1.40,-1.16,0.55,37.71
2614,425143927,182.62,-1.46,990.23,-1.59,-1.04,0.79,37.81
2615,425147976,181.64,-10.25,986.82,-1.16,-0.98,0.67,38.09
2616,425153770,190.92,-1.46,979.00,-0.91,-1.16,0.37,37.85
2617,425157820,193.36,-3.42,981.93,-1.22,-1.10,0.55,37.85
2618,425161869,190.43,-1.46,985.35,-0.98,-0.18,0.18,37.85
2619,425165926,186.52,-3.42,988.28,-1.04,-0.49,-0.12,37.57
2620,425169976,184.08,-3.42,989.75,-0.79,-0.55,0.24,37.71
2621,425175770,189.45,2.93,982.91,-0.79,-0.73,0.00,37.90
2622,425179820,182.62,0.49,991.70,-0.73,-1.22,0.12,37.66
2623,425183869,186.52,-1.46,983.40,-1.04,-1.22,0.18,37.90
2624,425187926,191.89,-0.98,981.93,-1.04,-1.22,0.18,37.90
2625,425191976,188.96,0.00,983.89,-0.91,-1.46,-0.06,37.90
2626,425197770,187.99,1.46,987.79,-0.85,-1.40,0.24,37.90
2627,425201820,193.85,1.46,981.93,-0.79,-1.16,-0.12,37.90
2628,425205869,191.41,2.44,986.33,-1.10,-0.98,0.18,37.85
2629,425209926,190.43,5.37,987.30,-0.85,-1.10,0.24,37.66
2630,425213976,193.36,0.49,988.77,-0.98,-1.10,0.37,37.85
2631,425219770,194.82,1.46,985.35,-0.98,-0.73,0.67,37.81
2632,425223820,194.82,4.88,983.40,-0.79,-0.91,0.49,37.71
2633,425227869,194.82,0.00,991.21,-0.79,-0.55,0.12,37.90
2634,425231926,196.29,-1.95,983.89,-0.85,-0.79,0.43,37.71
2635,425237770,191.41,-3.42,987.79,-0.91,-0.61,0.43,37.66
2636,425241820,199.22,5.37,982.42,-1.04,-0.30,0.49,37.71
2637,425245869,194.82,2.93,985.35,-1.22,0.06,0.37,37.85
2638,425249927,189.45,-0.49,984.37,-0.91,0.18,0.55,38.05
2639,425253976,182.13,-1.46,984.37,-1.04,0.30,0.55,37.66
2640,425258025,185.55,0.00,984.86,-0.98,-0.06,0.67,37.85
2641,425263770,191.89,-0.98,985.35,-0.73,-0.18,0.49,37.85
2642,425267820,183.59,-1.46,984.86,-0.85,-0.18,0.24,37.66
2643,425271869,188.48,3.42,984.37,-0.73,-0.43,0.30,37.85
2644,425275926,183.11,2.93,985.35,-0.67,-0.43,0.24,37.85
2645,425281770,180.18,-2.44,990.23,-1.10,-0.73,0.24,37.71
2646,425285820,187.99,-0.98,987.30,-0.79,-1.28,0.37,37.81
2647,425289869,189.94,0.98,983.89,-1.04,-1.22,0.30,38.00
2648,425293926,190.43,2.93,981.93,-1.34,-1.04,0.12,38.00
2649,425297976,189.94,4.39,983.40,-1.34,-1.10,0.00,38.00
2650,425303770,189.45,6.35,979.98,-1.46,-1.28,0.30,37.85
2651,425307820,183.11,4.88,987.79,-1.59,-0.91,0.30,37.85
2652,425311869,181.15,-8.30,985.84,-1.71,-1.04,0.18,37.52
2653,425315926,188.48,0.49,986.33,-1.46,-1.28,0.30,37.90
2654,425319976,199.71,1.95,984.37,-1.28,-1.34,0.18,37.85
2655,425325770,191.41,-0.49,987.30,-1.59,-0.98,-0.12,37.90
2656,425329820,194.34,3.42,985.35,-1.46,-0.73,0.00,37.71
2657,425333869,189.94,6.84,981.45,-1.46,-0.49,0.18,37.52
2658,425337926,194.82,7.32,981.93,-1.52,-0.73,0.49,37.71
2659,425341976,197.27,2.44,982.42,-1.65,-0.43,0.18,37.90
2660,425347770,186.04,-4.39,984.37,-1.46,-0.24,0.30,37.52
2661,425351820,187.01,-1.95,984.37,-1.16,-0.24,0.12,37.66
2662,425355869,191.89,0.49,987.79,-1.34,-0.12,0.30,37.85
2663,425359926,193.85,3.91,989.75,-1.34,-0.18,0.49,37.71
2664,425363976,190.92,-4.39,986.33,-1.40,0.06,0.61,37.85
2665,425369770,190.43,1.95,982.91,-1.22,0.00,0.43,37.71
2666,425373820,186.04,-4.39,985.84,-1.34,0.06,0.61,37.57
2667,425377869,183.59,-6.35,987.79,-1.46,0.00,0.73,38.00
2668,425381926,183.11,-5.86,985.35,-1.34,-0.18,0.49,37.85
2669,425385976,184.08,1.46,985.84,-1.04,-0.61,0.18,37.85
2670,425391770,186.52,-1.46,986.82,-0.98,-0.79,0.30,37.81
2671,425395820,185.06,1.46,982.42,-1.04,-0.67,0.43,38.05
2672,425399869,187.01,-1.95,983.89,-1.10,-0.98,0.43,37.85
2673,425403927,185.55,2.44,990.72,-1.04,-1.22,0.24,38.00
2674,425407976,187.99,3.42,985.35,-0.98,-1.16,0.18,38.00
2675,425413770,189.45,6.35,982.91,-1.10,-1.16,0.12,37.85
2676,425417820,194.34,5.86,982.42,-1.40,-0.55,0.06,37.66
2677,425421869,185.06,8.30,986.33,-1.71,-0.73,0.30,37.66
2678,425425926,190.92,6.35,984.37,-1.71,-0.79,0.06,37.66
2679,425429976,190.92,5.37,989.26,-1.71,-0.67,0.30,37.90
2680,425435770,187.99,0.98,983.89,-1.59,-0.67,0.37,37.90
2681,425439820,197.75,-3.42,984.37,-1.71,-0.55,0.43,37.85
2682,425443869,192.38,2.93,987.30,-1.34,-0.43,0.37,37.85
2683,425447927,196.29,0.00,985.84,-1.59,-0.12,0.43,37.85
2684,425453770,196.78,2.93,982.91,-1.52,0.06,0.55,38.19
2685,425457820,182.13,-4.39,989.75,-1.59,0.30,0.61,37.57
2686,425461869,185.55,-4.88,986.82,-1.22,0.18,0.24,37.85
2687,425465926,187.50,-1.95,985.84,-1.22,-0.06,0.43,37.85
2688,425469976,192.38,-0.98,987.79,-1.16,0.12,0.24,37.71
2689,425475770,190.92,-3.42,984.37,-1.16,-0.06,0.30,37.66
2690,425479820,189.94,-4.39,980.47,-0.91,0.00,0.37,37.71
2691,425483869,189.45,-2.93,985.84,-0.85,-0.49,0.18,38.00
2692,425487926,189.94,-3.91,986.33,-1.04,-0.49,0.30,37.85
2693,425491976,187.99,2.44,986.33,-1.16,-0.37,0.55,37.71
2694,425497770,187.01,1.95,982.91,-0.85,-0.30,0.98,37.85
2695,425501820,187.50,0.49,985.35,-1.04,-0.43,0.61,37.90
2696,425505869,186.52,-0.49,985.35,-1.04,-0.43,0.67,37.71
2697,425509926,185.06,-6.84,989.26,-0.91,-0.79,0.67,37.81
2698,425513976,187.99,-0.98,986.33,-0.73,-0.79,0.43,37.85
2699,425519770,188.48,2.44,983.89,-0.55,-0.67,0.61,37.66
2700,425523820,188.48,-1.95,987.79,-1.04,-1.10,0.24,37.85
2701,425527869,185.55,2.44,990.72,-0.79,-1.10,0.43,37.66
2702,425531926,195.31,0.49,983.40,-0.91,-0.79,0.30,37.85
2703,425535976,194.34,4.39,980.96,-0.91,-0.61,-0.06,37.71
2704,425541770,201.17,0.49,979.98,-1.22,-0.18,0.12,37.85
2705,425545820,191.89,3.42,988.77,-1.10,0.06,0.12,37.81
2706,425549869,194.34,7.32,983.40,-1.34,0.00,0.06,37.66
2707,425553926,194.82,5.86,984.37,-1.40,0.43,0.43,37.81
2708,425557976,191.89,2.44,986.33,-1.40,0.67,0.18,37.71
2709,425563770,183.59,-4.39,989.26,-1.22,0.61,0.24,38.05
2710,425567820,192.38,7.81,985.84,-1.28,0.61,0.49,37.71
2711,425571869,193.36,-0.98,985.84,-1.59,0.55,0.67,37.85
2712,425575926,187.01,-2.44,985.84,-1.46,0.55,0.55,37.71
2713,425579976,183.11,-1.95,985.35,-1.46,0.61,0.30,37.85
2714,425585770,188.96,3.42,979.49,-1.34,0.12,0.49,37.85
2715,425589820,179.69,1.95,992.68,-1.52,0.43,0.43,37.85
2716,425593869,173.34,-2.44,991.70,-1.65,-0.43,0.30,37.66
2717,425597926,178.71,3.42,987.79,-1.65,-0.85,0.43,38.05
2718,425601976,177.73,0.49,990.72,-1.65,-0.98,0.91,37.85
2719,425607770,177.73,3.91,989.26,-1.95,-1.22,0.55,37.71
2720,425611820,174.80,-6.84,984.37,-2.13,-1.40,0.30,37.85
2721,425615869,178.22,-3.42,990.23,-2.07,-1.89,0.43,37.85
2722,425619926,186.52,-2.93,987.79,-1.89,-2.13,0.18,37.66
2723,425623976,181.15,1.95,983.89,-1.71,-2.44,0.55,37.71
2724,425629770,190.92,-5.37,995.12,-1.71,-2.26,0.49,37.66
2725,425633820,192.38,6.35,981.93,-1.83,-1.89,0.37,37.71
2726,425637869,189.94,-6.35,983.89,-1.95,-1.89,0.12,37.71
2727,425641926,195.31,-2.44,984.86,-1.52,-1.83,0.24,37.66
2728,425645976,187.50,-7.81,985.84,-1.46,-1.77,0.18,37.71
2729,425651770,192.87,-3.91,982.91,-1.34,-1.40,0.06,37.90
2730,425655820,190.43,3.91,991.21,-1.28,-1.52,0.06,37.85
2731,425659869,193.85,-5.86,983.89,-1.16,-1.34,0.12,38.00
2732,425663926,195.80,-1.46,982.91,-1.16,-1.22,0.12,37.81
2733,425669770,200.20,1.95,983.40,-1.10,-0.98,0.06,37.90
2734,425673820,194.82,2.44,980.47,-1.34,-0.61,0.37,37.66
2735,425677869,191.89,-0.98,983.40,-1.04,-0.55,0.24,37.66
2736,425681926,187.50,2.93,985.35,-1.10,-0.61,0.24,38.00
2737,425685976,186.52,3.42,987.79,-1.28,-0.91,0.43,37.66
2738,425691770,189.94,-1.95,982.91,-1.22,-0.98,0.37,37.90
2739,425695820,188.48,1.95,982.42,-0.98,-0.98,0.49,38.00
2740,425699869,192.38,2.93,984.37,-1.16,-0.85,0.24,37.81
2741,425703926,189.94,-2.44,985.84,-1.04,-0.49,0.24,37.47
2742,425707976,190.43,4.88,987.30,-0.98,-0.55,0.24,37.57
2743,425713770,195.31,5.86,983.89,-1.10,-0.24,0.06,38.00
2744,425717820,189.94,0.49,983.40,-1.34,0.24,0.24,37.85
2745,425721869,187.01,-2.44,989.26,-1.10,0.49,0.30,37.90
2746,425725926,183.59,-4.88,985.84,-1.28,0.43,0.00,37.85
2747,425729976,187.99,-0.49,984.37,-1.10,0.30,0.00,37.85
2748,425735770,187.99,-4.39,991.21,-1.40,-0.18,0.06,37.85
2749,425739820,186.04,-0.98,986.82,-0.98,-0.12,0.30,37.52
2750,425743869,192.38,1.46,988.28,-0.79,0.00,0.37,37.71
2751,425747926,187.50,1.46,986.82,-0.73,0.00,0.37,37.90
2752,425751976,181.64,-4.39,988.28,-1.04,0.06,0.06,37.85
2753,425757770,180.18,-3.91,988.28,-0.73,-0.06,-0.06,37.85
2754,425761820,178.22,1.95,986.82,-0.79,-0.67,0.18,38.00
2755,425765869,181.15,5.86,993.16,-0.91,-0.61,0.30,37.71
2756,425769926,183.59,0.98,991.70,-1.10,-1.16,0.18,37.85
2757,425773976,184.08,0.98,990.23,-1.22,-1.10,0.24,37.85
2758,425779770,187.50,2.44,985.35,-1.34,-1.34,0.67,37.57
2759,425783820,190.43,4.88,984.37,-1.40,-1.34,0.61,37.90
2760,425787869,183.11,-4.39,987.30,-1.71,-0.98,0.61,37.66
2761,425791926,194.82,3.91,982.42,-1.65,-1.28,0.12,37.90
2762,425795976,197.27,4.88,979.98,-1.52,-0.85,0.18,37.81
2763,425801770,182.62,-2.44,987.30,-1.77,-0.85,0.06,37.85
2764,425805820,186.52,-3.42,985.35,-1.16,-0.98,0.06,37.52
2765,425809869,187.99,-4.88,983.89,-1.46,-1.28,-0.06,38.00
2766,425813926,187.50,-3.91,983.40,-0.98,-1.28,0.00,37.85
2767,425817976,186.04,-0.49,980.47,-1.40,-0.79,0.00,37.71
2768,425823770,191.41,-5.86,981.93,-1.16,-0.73,-0.12,38.00
2769,425827820,195.31,0.00,985.84,-1.16,-0.49,0.12,37.90
2770,425831869,193.85,-1.46,980.47,-1.10,-0.30,0.24,37.52
2771,425835926,189.45,-2.44,984.86,-1.28,-0.24,0.24,37.85
2772,425839976,189.45,1.95,987.79,-0.98,0.24,-0.06,37.85
2773,425845770,192.87,0.49,988.28,-1.16,-0.06,0.43,37.90
2774,425849820,190.92,1.95,984.37,-1.16,-0.12,0.55,37.85
2775,425853869,187.01,-6.35,989.26,-1.28,0.06,0.43,37.85
2776,425857927,183.59,-1.95,988.28,-0.98,-0.55,0.18,37.66
2777,425861976,187.50,-0.49,987.79,-0.79,-0.73,0.43,37.66
2778,425867770,188.96,-1.46,987.79,-1.16,-0.91,0.12,38.00
2779,425871820,183.11,0.98,988.28,-1.10,-0.55,0.12,37.90
2780,425875869,185.06,0.49,985.35,-1.04,-1.04,0.61,37.71
2781,425879926,184.57,0.98,984.86,-1.16,-0.91,0.43,37.71
2782,425885770,187.99,0.98,980.96,-1.52,-1.10,0.18,37.71
2783,425889820,181.64,-3.91,989.75,-1.34,-0.73,0.43,37.90
2784,425893869,177.25,0.00,988.28,-1.04,-1.34,-0.06,37.85
2785,425897926,178.71,0.98,989.26,-1.10,-1.71,0.18,37.85
2786,425901976,183.59,3.91,989.26,-1.04,-1.83,0.00,37.28
2787,425907770,187.99,0.49,987.30,-1.71,-1.71,0.49,38.09
2788,425911820,189.45,0.00,982.91,-1.22,-1.71,0.12,37.66
2789,425915869,192.38,1.46,981.45,-1.34,-1.71,0.18,37.81
2790,425919926,191.89,5.37,983.89,-1.65,-1.22,0.24,37.81
2791,425923976,198.73,-1.95,981.45,-1.65,-1.04,0.43,37.90
2792,425929770,189.45,1.95,987.30,-1.52,-0.79,0.37,37.90
2793,425933820,186.04,-6.84,989.26,-1.34,-0.79,0.12,37.90
2794,425937869,186.52,-6.84,989.75,-1.34,-0.73,0.43,38.00
2795,425941926,190.92,0.98,985.35,-1.10,-0.79,0.37,38.05
2796,425945976,193.85,2.93,985.84,-0.98,-0.79,0.67,37.90
2797,425951770,195.80,-1.95,987.30,-1.28,-0.73,0.37,37.90
2798,425955820,188.96,-4.39,984.37,-1.28,-0.37,0.00,37.85
2799,425959869,184.57,0.49,987.30,-0.91,-0.43,0.18,37.57
2800,425963926,190.43,-1.46,989.26,-1.04,-0.61,0.06,37.85
2801,425967976,187.99,-5.37,984.86,-1.28,-0.73,0.12,37.71
2802,425973770,183.11,-2.93,981.93,-1.10,-0.91,0.30,37.71
2803,425977820,188.96,3.42,982.91,-1.28,-0.91,0.55,37.85
2804,425981869,197.75,-1.46,981.93,-1.34,-0.85,0.18,37.57
2805,425985926,188.96,-6.35,988.77,-0.91,-1.16,0.24,37.66
2806,425989976,191.41,1.46,986.33,-0.85,-0.67,0.24,37.90
2807,425995770,190.43,0.00,985.84,-1.10,-0.79,0.18,37.85
2808,425999820,182.13,-5.37,990.72,-1.10,-0.79,0.43,37.66
2809,426003869,179.69,-6.35,985.35,-0.61,-0.98,0.06,37.85
2810,426007926,189.94,5.86,981.93,-0.43,-1.16,0.12,37.81
2811,426011976,184.08,1.46,985.84,-0.49,-1.28,-0.06,37.71
2812,426017770,186.04,0.98,988.77,-0.37,-1.71,-0.12,38.00
2813,426021820,191.41,10.25,980.96,-0.43,-1.77,0.00,37.85
2814,426025869,205.57,8.30,979.98,-0.91,-1.59,0.18,37.71
2815,426029926,190.43,4.39,984.86,-1.34,-1.16,0.30,37.90
2816,426033976,188.96,4.39,988.77,-1.22,-1.34,0.18,37.90
2817,426039770,190.92,3.91,981.45,-1.59,-1.22,0.37,38.05
2818,426043820,185.55,1.95,984.86,-1.52,-0.91,0.12,37.85
2819,426047869,191.41,1.46,984.86,-1.52,-1.10,0.06,37.66
2820,426051926,192.87,0.98,983.40,-1.65,-0.55,0.24,37.52
2821,426055976,190.43,-5.37,981.45,-1.71,-0.43,0.12,37.90
2822,426061770,189.45,-3.91,986.33,-1.34,-0.37,0.18,37.85
2823,426065820,189.45,-1.46,988.77,-1.04,-0.49,0.12,38.00
2824,426069869,192.87,1.46,981.93,-1.04,-0.55,0.30,37.90
2825,426073926,197.75,0.98,980.96,-1.34,0.00,0.30,37.81
2826,426077976,190.43,-0.49,982.91,-1.04,0.12,0.24,37.85
2827,426083770,191.41,-3.42,988.77,-1.28,-0.06,0.61,37.52
2828,426087820,186.52,-0.98,984.37,-0.98,-0.30,0.67,37.57
2829,426091869,185.55,-2.93,985.35,-1.22,-0.55,0.24,37.71
2830,426095926,186.52,-0.98,988.28,-1.16,-0.67,0.37,37.85
2831,426101770,183.11,-0.98,987.79,-0.91,-0.67,0.43,38.09
2832,426105820,187.99,-1.46,987.30,-0.85,-1.10,0.37,37.71
2833,426109869,186.04,0.98,984.37,-1.04,-1.04,0.30,37.71
2834,426113927,176.76,4.39,985.84,-0.91,-1.16,0.43,37.81
2835,426117976,183.11,5.86,989.75,-1.04,-1.40,0.43,37.57
2836,426123770,185.55,3.91,987.30,-1.10,-1.34,0.30,37.90
2837,426127820,190.43,0.00,986.82,-1.16,-1.22,0.49,37.57
2838,426131869,192.38,2.93,985.84,-1.16,-1.22,0.61,37.90
2839,426135927,189.45,-1.46,984.86,-1.34,-1.04,0.49,37.85
2840,426139976,187.01,-6.84,984.86,-1.40,-1.10,0.43,37.85
2841,426145770,186.52,1.95,988.28,-1.10,-1.04,0.00,37.85
2842,426149820,198.24,6.35,984.37,-1.16,-0.67,0.18,38.00
2843,426153869,192.87,-2.44,983.89,-1.59,-0.30,0.37,37.66
2844,426157926,189.45,-1.46,986.33,-1.34,-0.49,0.30,37.81
2845,426161976,191.41,0.49,983.89,-1.34,-0.49,0.55,37.90
2846,426167770,187.50,-3.91,990.72,-1.22,-0.55,0.43,38.00
2847,426171820,193.85,2.93,981.45,-0.98,-0.61,0.37,37.90
2848,426175869,195.31,5.86,979.00,-0.91,-0.49,0.55,37.81
2849,426179926,194.34,0.98,986.33,-1.34,-0.18,0.43,37.71
2850,426183976,191.41,-0.98,984.37,-1.28,-0.37,0.49,37.57
2851,426189770,187.01,-1.46,984.86,-1.34,-0.24,0.49,37.90
2852,426193820,189.45,0.49,984.37,-1.28,-0.37,0.61,37.85
2853,426197869,184.57,1.95,987.79,-1.10,-0.67,0.43,37.57
2854,426201926,181.64,-1.46,991.21,-1.22,-0.91,0.49,37.71
2855,426205976,182.13,2.44,989.26,-1.52,-1.16,0.43,37.71
2856,426211770,184.57,0.49,992.68,-1.28,-1.22,0.67,37.85
2857,426215820,186.04,0.49,988.77,-1.34,-1.59,0.67,38.09
2858,426219869,184.57,-0.49,990.23,-1.59,-1.28,0.61,37.90
2859,426223926,189.45,0.98,986.33,-1.34,-1.22,0.61,37.85
2860,426227976,185.06,-0.49,991.70,-1.65,-1.40,0.00,38.09
2861,426233770,186.04,1.46,988.28,-1.22,-1.65,0.12,37.85
2862,426237820,197.27,1.46,980.47,-1.52,-1.10,0.18,38.00
2863,426241869,192.87,-1.95,982.42,-1.77,-0.85,0.12,37.85
2864,426245926,187.50,-8.30,983.89,-1.46,-0.49,0.30,37.85
2865,426249976,190.92,-3.91,982.42,-1.28,-0.37,0.43,37.85
2866,426255770,197.75,-2.93,984.86,-1.22,-0.06,0.37,38.09
2867,426259820,192.38,-6.35,987.30,-1.28,0.00,0.24,37.85
2868,426263869,199.22,-3.91,985.84,-1.22,0.06,0.43,37.85
2869,426267926,192.87,1.95,979.00,-1.16,0.24,0.30,37.52
2870,426271976,191.89,-2.44,982.91,-1.22,0.43,0.61,37.90
2871,426277770,198.24,-4.88,983.89,-1.28,0.73,0.37,37.85
2872,426281820,184.57,-5.86,983.89,-1.22,0.49,0.61,37.66
2873,426285869,187.99,-5.37,982.42,-0.98,0.49,0.37,37.85
2874,426289927,181.15,-2.44,987.30,-0.67,0.24,0.30,37.71
2875,426295770,186.52,1.46,986.33,-0.79,0.18,-0.06,37.71
2876,426299820,186.52,-0.49,986.82,-0.61,-0.12,0.12,37.71
2877,426303869,180.18,2.44,985.35,-0.91,-0.24,0.06,37.71
2878,426307926,184.08,1.46,988.77,-1.04,-0.43,0.18,37.90
2879,426311976,180.18,-1.46,989.75,-1.22,-0.49,0.24,37.52
2880,426316025,182.13,1.95,992.68,-1.16,-0.85,0.24,37.90
2881,426321770,180.66,-0.98,985.84,-1.04,-0.73,0.30,37.71
2882,426325820,184.57,1.95,983.89,-1.28,-0.98,0.30,37.90
2883,426329869,190.43,0.49,991.21,-1.16,-1.46,0.43,37.90
2884,426333926,195.31,0.49,986.82,-1.04,-1.04,0.49,37.81
2885,426339770,189.94,3.42,984.37,-1.22,-0.91,0.73,37.81
2886,426343820,183.11,-2.93,983.89,-1.40,-1.10,0.79,37.57
2887,426347869,187.01,-2.44,990.72,-1.34,-1.40,0.98,37.66
2888,426351927,187.50,-0.98,982.91,-1.22,-1.40,1.46,37.66
2889,426355976,191.41,-0.49,983.40,-0.91,-1.52,1.95,37.71
2890,426361770,195.31,3.91,984.86,-1.16,-1.22,1.28,37.85
2891,426365820,198.24,-5.86,979.98,-1.10,-0.85,0.91,37.71
2892,426369869,191.41,-4.39,982.91,-1.22,-0.61,0.30,37.66
2893,426373926,186.04,2.44,984.86,-1.04,-0.43,0.43,37.90
2894,426377976,188.48,-2.93,988.28,-1.04,-0.55,0.49,37.85
2895,426383770,185.06,-3.91,986.82,-0.98,-0.61,0.24,37.90
2896,426387820,185.55,1.46,987.30,-1.04,-0.85,0.37,37.85
2897,426391869,187.99,-3.91,987.30,-0.67,-1.04,0.18,37.85
2898,426395926,186.04,1.95,986.82,-1.10,-0.79,0.24,37.85
2899,426399976,189.94,4.39,981.93,-0.98,-0.85,0.18,37.85
2900,426405770,184.57,-2.44,982.91,-1.04,-1.04,0.24,37.71
2901,426409820,182.13,-1.46,983.40,-1.22,-1.22,0.12,37.66
2902,426413869,181.64,0.98,988.28,-1.04,-1.59,0.00,37.66
2903,426417926,188.48,3.42,984.37,-1.04,-1.52,-0.06,37.85
2904,426421976,191.41,4.39,978.03,-1.22,-1.16,0.06,37.90
2905,426427770,185.55,-0.98,988.28,-1.59,-1.28,-0.18,37.81
2906,426431820,187.99,-1.46,984.86,-1.10,-1.65,-0.18,38.00
2907,426435869,195.80,0.98,984.37,-1.22,-1.22,-0.12,37.85
2908,426439926,195.31,0.00,980.47,-1.59,-1.34,0.00,37.66
2909,426443976,195.80,-3.42,982.91,-1.28,-0.85,0.12,37.90
2910,426449770,187.01,0.00,988.28,-1.28,-0.55,-0.12,38.05
2911,426453820,186.04,-0.49,983.40,-0.98,-0.91,0.30,38.00
2912,426457869,196.29,1.46,989.26,-1.10,-0.61,0.37,37.71
2913,426461926,193.36,-0.49,990.23,-0.98,-0.67,0.49,37.57
2914,426465976,189.45,-1.95,981.45,-0.91,-0.79,0.18,37.71
2915,426471770,191.89,1.95,982.42,-0.73,-0.73,0.30,38.05
2916,426475820,194.82,-4.39,983.40,-0.55,-0.85,0.24,37.85
2917,426479869,183.11,-1.46,989.26,-0.61,-1.10,0.30,37.85
2918,426483926,187.99,0.00,982.42,-0.61,-1.16,0.12,37.66
2919,426487976,190.43,-0.49,983.89,-0.55,-1.16,0.18,37.85
2920,426493770,192.38,5.86,986.82,-0.30,-0.98,0.30,37.71
2921,426497820,191.89,1.95,987.30,-0.85,-0.85,0.37,37.52
2922,426501869,185.06,1.46,985.35,-0.98,-0.98,0.06,37.71
2923,426505926,190.43,0.49,984.86,-1.04,-0.79,0.30,37.71
2924,426511770,190.92,7.32,986.82,-1.34,-0.37,0.18,37.71
2925,426515820,184.08,1.46,982.42,-1.34,-0.61,0.18,37.57
2926,426519869,179.20,3.91,988.28,-1.59,-0.61,0.30,37.71
2927,426523926,190.43,6.84,987.30,-1.16,-0.67,0.18,37.85
2928,426527976,193.36,1.95,985.84,-1.40,-0.49,0.43,37.52
2929,426533770,190.92,0.00,985.84,-1.89,-0.37,0.24,37.71
2930,426537820,183.59,-3.91,988.28,-1.77,-0.49,0.24,37.85
2931,426541869,184.57,-4.39,987.30,-1.59,-0.67,0.30,38.00
2932,426545926,187.50,-7.81,987.79,-1.59,-0.43,0.30,37.90
2933,426549976,191.89,0.49,983.89,-1.59,-0.79,0.18,37.71
2934,426555770,189.94,-2.44,980.96,-1.16,-0.30,0.30,37.90
2935,426559820,187.50,-3.91,987.79,-1.52,-0.49,0.30,37.66
2936,426563869,182.62,-8.30,986.33,-1.28,-0.49,0.30,37.85
2937,426567927,188.96,-3.42,985.84,-1.04,-0.67,0.06,37.85
2938,426571976,191.89,-4.39,985.35,-0.98,-0.79,0.37,37.90
2939,426577770,192.38,0.98,983.40,-1.04,-1.10,0.24,38.05
2940,426581820,198.24,-0.49,981.45,-0.73,-0.73,0.12,37.85
2941,426585869,195.31,0.49,986.33,-0.85,-0.55,0.24,37.57
2942,426589926,184.57,-1.46,986.82,-1.04,-0.30,0.12,37.85
2943,426593976,190.43,3.42,982.91,-1.10,-0.49,0.30,37.66
2944,426599770,192.38,0.49,983.89,-0.79,0.06,0.24,37.71
2945,426603820,180.66,-1.46,985.35,-0.73,-0.24,0.24,37.71
2946,426607869,188.48,-1.46,991.21,-0.73,-0.37,0.49,37.71
2947,426611926,188.48,2.44,990.23,-0.85,-0.43,0.37,38.19
2948,426615976,189.94,1.46,987.30,-0.67,-0.37,0.43,37.66
2949,426621770,182.62,3.91,983.89,-0.79,-0.61,0.30,37.85
2950,426625820,186.52,3.42,983.89,-1.10,-0.73,0.30,37.90
2951,426629869,190.92,4.88,986.33,-1.28,-0.67,0.18,37.66
2952,426633926,190.92,9.77,982.42,-1.28,-0.30,0.73,37.71
2953,426637976,186.04,1.46,985.84,-1.77,-0.61,0.49,37.71
2954,426643770,187.01,0.98,982.91,-1.65,-0.61,0.18,38.00
2955,426647820,182.62,-0.49,982.91,-1.83,-0.98,0.24,37.71
2956,426651869,187.01,-1.95,980.47,-1.83,-0.85,0.37,37.81
2957,426655926,186.52,-5.86,991.21,-2.13,-0.98,0.49,37.57
2958,426659976,183.59,-4.39,987.30,-1.95,-1.22,0.12,37.71
2959,426665770,186.04,-0.98,989.75,-2.01,-1.34,0.30,37.90
2960,426669820,189.45,5.37,979.49,-2.20,-1.40,0.55,37.71
2961,426673869,195.80,0.49,984.37,-2.01,-1.40,0.43,37.66
2962,426677927,194.82,2.44,983.40,-2.07,-1.10,0.37,37.66
2963,426681976,190.92,1.46,986.82,-2.13,-0.98,0.61,38.00
2964,426687770,192.87,-2.93,984.86,-2.32,-0.73,0.79,37.85
2965,426691820,181.64,-11.72,990.23,-1.65,-0.79,0.49,37.85
2966,426695869,184.08,-10.74,990.72,-1.71,-0.85,0.55,37.85
2967,426699926,190.92,-1.46,983.40,-1.40,-0.85,0.37,37.52
2968,426703976,191.89,3.42,983.89,-1.95,-1.04,0.12,37.81
2969,426709770,191.89,-0.98,986.82,-1.52,-0.37,0.43,37.85
2970,426713820,182.62,-6.84,987.30,-1.71,-0.73,0.61,37.85
2971,426717869,179.69,-1.46,984.86,-1.65,-0.37,0.61,37.81
2972,426721926,190.43,-5.86,980.96,-1.52,-0.73,0.55,37.85
2973,426727770,185.55,-6.35,988.77,-1.65,-0.37,0.24,37.85
2974,426731820,184.57,-6.35,990.23,-1.28,-0.43,0.61,37.66
2975,426735869,183.11,-5.86,987.30,-1.04,-0.67,0.37,37.85
2976,426739926,191.89,-3.91,987.79,-0.91,-0.61,0.43,37.85
2977,426743976,186.52,-7.32,988.77,-0.91,-0.91,0.30,37.66
2978,426749770,177.73,-9.28,992.19,-0.73,-1.10,-0.12,37.90
2979,426753820,184.08,-2.93,986.82,-0.61,-1.83,0.24,37.66
2980,426757869,180.18,6.84,987.30,-0.37,-1.52,0.06,37.81
2981,426761926,184.08,-3.42,991.21,-0.67,-1.77,0.00,37.85
2982,426765976,187.01,0.98,980.96,-0.43,-1.77,0.00,37.66
2983,426771770,201.17,6.35,982.91,-0.85,-1.65,0.12,37.85
2984,426775820,189.94,-1.46,989.75,-0.79,-1.52,0.12,37.85
2985,426779869,191.89,-2.44,987.79,-0.79,-1.10,0.00,37.85
2986,426783926,198.24,6.35,982.91,-1.16,-1.16,0.00,37.90
2987,426787976,200.20,7.32,982.91,-0.91,-0.67,0.30,37.90
2988,426793770,196.29,7.81,986.33,-1.10,-0.30,0.43,37.85
2989,426797820,189.45,1.46,989.26,-1.34,-0.18,0.43,38.00
2990,426801869,187.50,5.86,984.86,-1.22,-0.12,0.55,37.37
2991,426805926,200.20,1.46,980.96,-1.16,0.12,0.49,37.90
2992,426809976,187.99,1.95,984.86,-1.16,0.18,0.24,37.81
2993,426815770,187.99,-5.86,987.79,-1.22,0.12,0.55,38.00
2994,426819820,187.99,0.49,981.93,-0.98,-0.12,0.49,38.00
2995,426823869,185.06,-2.93,982.91,-1.10,0.12,0.24,37.90
2996,426827926,179.20,-2.44,989.26,-0.91,-0.49,0.37,37.71
2997,426831976,179.69,-6.84,989.26,-1.04,-0.67,0.30,37.90
2998,426837770,180.18,-2.93,988.28,-0.61,-1.22,0.37,37.85
2999,426841820,187.99,-1.95,985.35,-0.91,-1.28,0.06,37.90
3000,426845869,188.48,-1.95,987.79,-0.55,-1.10,-0.06,37.66
3001,426849926,191.41,8.79,985.35,-0.79,-1.04,0.24,37.85
3002,426853976,191.89,3.91,979.98,-0.98,-0.91,0.37,38.09
3003,426859770,188.48,-0.49,986.33,-1.65,-0.79,0.43,37.85
3004,426863820,185.06,-5.86,985.35,-0.98,-1.16,0.12,37.57
3005,426867869,191.41,-1.46,983.89,-0.98,-1.22,0.24,37.90
3006,426871926,188.96,-1.46,987.30,-1.22,-1.28,0.37,37.85
3007,426875976,189.94,-3.91,990.23,-1.16,-1.28,0.30,37.85
3008,426881770,190.43,-1.95,986.82,-1.22,-1.71,0.37,37.66
3009,426885820,191.41,-0.49,986.33,-1.16,-1.52,-0.06,37.90
3010,426889869,186.04,3.91,986.33,-1.28,-1.04,0.00,37.85
3011,426893926,187.99,-2.93,985.84,-1.22,-1.34,0.00,37.90
3012,426897976,195.31,4.88,982.91,-1.34,-0.98,-0.18,37.85
3013,426903770,192.38,2.93,977.54,-1.16,-0.73,0.12,37.90
3014,426907820,195.31,-3.42,984.86,-1.16,-0.67,0.37,37.71
3015,426911869,194.34,1.95,981.93,-1.04,-0.30,0.37,38.00
3016,426915927,194.34,3.42,980.96,-1.59,-0.37,0.18,37.66
3017,426919976,187.50,-3.91,981.45,-1.28,-0.06,0.37,37.81
3018,426925770,183.11,-5.86,986.33,-1.04,0.00,0.24,37.81
3019,426929820,183.59,1.46,986.82,-0.91,-0.79,0.37,38.00
3020,426933869,187.01,3.42,986.82,-1.10,-0.61,0.24,37.81
3021,426937926,178.71,1.95,992.19,-0.91,-0.55,0.06,37.66
3022,426943770,187.01,-0.49,984.86,-1.22,-1.04,0.49,37.71
3023,426947820,184.57,-1.46,990.23,-1.04,-0.98,0.18,37.52
3024,426951869,187.50,3.42,984.37,-1.16,-1.34,-0.18,37.81
3025,426955926,196.78,5.86,987.30,-1.34,-1.34,0.18,38.05
3026,426959976,195.31,-2.93,979.49,-1.52,-0.91,0.06,37.57
3027,426965770,191.41,-2.93,980.47,-1.28,-1.04,0.18,37.71
3028,426969820,194.34,-1.95,983.40,-1.34,-0.79,0.06,37.85
3029,426973869,191.41,0.98,986.33,-1.40,-0.91,0.18,37.81
3030,426977926,191.41,2.44,990.72,-1.40,-0.85,0.24,37.90
3031,426981976,187.01,0.98,987.30,-1.16,-0.61,0.12,37.85
3032,426987770,196.29,2.93,985.35,-1.46,-0.85,0.37,37.90
3033,426991820,195.31,0.98,981.93,-1.16,-0.85,0.18,37.81
3034,426995869,188.48,1.46,986.33,-1.34,-0.67,0.30,37.57
3035,426999926,185.06,0.98,984.86,-1.40,-0.73,0.37,37.81
3036,427003976,185.06,0.98,988.28,-1.28,-0.43,0.55,37.57
3037,427009770,183.59,-5.37,990.23,-1.46,-0.79,0.37,37.71
3038,427013820,188.96,-3.42,988.28,-1.16,-1.16,0.24,37.85
3039,427017869,189.94,1.46,981.45,-1.22,-1.16,0.37,37.52
3040,427021926,189.94,0.98,985.84,-1.22,-1.22,0.49,37.90
3041,427025976,188.48,-2.44,985.35,-1.40,-0.91,0.24,38.00
3042,427031770,201.66,3.42,979.98,-1.28,-0.49,0.43,37.85
3043,427035820,185.06,-3.42,983.89,-1.34,-0.30,0.18,38.00
3044,427039869,184.57,-3.91,983.40,-1.28,-0.30,-0.06,37.66
3045,427043926,188.48,0.00,987.79,-1.28,-0.73,0.30,37.90
3046,427047976,189.45,-1.95,987.30,-1.28,-0.91,0.30,37.71
3047,427053770,188.48,-7.32,986.33,-1.10,-0.79,0.37,37.90
3048,427057820,193.85,-7.81,985.84,-1.16,-0.30,0.12,37.85
3049,427061869,179.69,-5.37,986.82,-1.10,-0.30,0.06,37.71
3050,427065926,195.31,1.46,982.91,-0.85,-0.30,-0.18,37.90
3051,427069976,200.68,2.93,984.37,-1.22,-0.18,0.06,37.71
3052,427075770,186.52,-2.93,986.33,-1.04,0.06,0.18,37.81
3053,427079820,187.50,-4.39,991.70,-1.04,-0.12,0.18,37.85
3054,427083869,194.82,-2.93,985.35,-0.98,-0.24,0.43,37.85
3055,427087926,184.08,-4.39,986.82,-0.79,-0.43,0.30,37.81
3056,427091976,186.04,-2.44,990.23,-0.91,-0.43,0.18,37.81
3057,427097770,185.06,0.00,986.33,-0.67,-0.24,0.18,37.85
3058,427101820,186.52,2.44,991.70,-1.10,-0.12,0.12,37.66
3059,427105869,187.01,1.46,984.37,-0.91,-0.30,0.12,37.71
3060,427109926,190.43,5.37,989.26,-0.98,-0.18,0.24,37.85
3061,427113976,191.89,-0.98,982.91,-1.28,-0.24,0.12,37.66
3062,427119770,189.45,1.95,987.30,-1.28,-0.24,0.18,37.71
3063,427123820,188.48,-1.46,990.72,-1.10,-0.37,-0.24,37.85
3064,427127869,188.96,-3.42,985.84,-1.22,-0.43,-0.12,37.90
3065,427131926,190.92,3.42,987.79,-1.40,-0.85,-0.24,37.52
3066,427135976,190.43,2.44,984.37,-1.22,-0.49,0.00,37.90
3067,427141770,181.15,0.00,989.26,-1.46,-0.67,0.30,37.57
3068,427145820,193.36,5.37,986.33,-1.65,-0.85,0.24,37.66
3069,427149869,192.87,0.98,985.35,-1.28,-0.61,0.43,37.71
3070,427153926,191.41,6.84,982.91,-1.65,-0.37,0.61,37.71
3071,427159770,187.50,0.98,989.26,-1.77,-0.30,0.49,38.00
3072,427163820,181.15,-2.93,983.89,-1.89,-0.67,0.49,37.52
3073,427167869,186.52,1.95,984.37,-1.65,-0.73,0.79,37.90
3074,427171926,188.48,0.98,986.82,-1.83,-1.04,0.73,37.85
3075,427175976,179.20,-1.46,988.77,-1.95,-0.91,0.49,37.85
3076,427181770,177.25,-0.98,986.33,-1.59,-1.22,0.55,37.85
3077,427185820,187.50,1.95,983.40,-1.83,-1.71,0.55,37.66
3078,427189869,192.87,-0.98,987.30,-1.46,-1.46,0.55,37.90
3079,427193926,186.52,-9.77,989.26,-1.59,-1.28,0.18,37.85
3080,427197976,187.01,1.46,988.77,-1.46,-1.28,0.12,37.85
3081,427203770,192.38,-0.98,979.98,-1.28,-1.52,0.30,37.90
3082,427207820,179.69,-7.32,985.84,-1.40,-1.52,0.12,37.85
3083,427211869,187.99,-8.79,992.68,-1.04,-1.71,-0.06,37.57
3084,427215926,186.52,-7.32,983.40,-0.98,-1.89,-0.06,37.57
3085,427219976,193.85,-6.35,985.84,-0.79,-2.07,0.06,38.09
3086,427225770,193.85,-4.39,984.37,-0.98,-2.01,-0.37,37.85
3087,427229820,194.82,-1.95,981.93,-0.79,-1.52,-0.37,37.66
3088,427233869,192.38,0.00,979.00,-0.85,-1.52,-0.24,37.81
3089,427237926,196.78,4.88,983.40,-0.98,-1.28,-0.18,37.71
3090,427241976,192.87,-1.95,984.37,-1.04,-0.73,-0.24,37.85
3091,427247770,194.82,-0.49,990.23,-0.73,-0.67,-0.06,37.66
3092,427251820,201.17,5.37,979.49,-0.79,-0.12,0.12,37.66
3093,427255869,192.38,-3.42,985.84,-0.85,-0.06,0.55,37.37
3094,427259926,189.94,-0.49,984.37,-0.55,0.18,0.43,37.90
3095,427263976,195.31,6.84,985.84,-0.67,0.24,0.73,38.05
3096,427269770,196.29,-2.93,983.89,-1.04,0.24,0.73,37.90
3097,427273820,190.43,-1.46,982.42,-0.67,0.37,0.61,37.90
3098,427277869,195.31,3.91,980.47,-0.91,0.61,0.49,37.85
3099,427281926,181.64,0.49,985.84,-0.79,0.67,0.61,37.52
3100,427285976,182.62,1.46,986.82,-0.98,0.49,0.37,37.71
3101,427291770,185.55,-1.46,985.84,-0.85,0.18,0.18,38.00
3102,427295820,181.15,-1.95,987.30,-0.73,-0.18,-0.12,37.66
3103,427299869,181.15,4.39,988.77,-1.10,-0.18,0.06,37.85
3104,427303926,181.15,2.44,987.79,-1.22,-0.43,-0.24,37.85
3105,427307976,176.76,0.98,994.14,-1.16,-0.98,0.24,37.81
3106,427313770,181.15,-0.98,987.30,-1.16,-0.91,0.18,38.00
3107,427317820,181.64,1.46,989.26,-1.16,-1.46,0.18,37.90
3108,427321869,184.57,5.86,987.79,-1.28,-1.71,0.12,37.66
3109,427325926,188.48,5.37,990.23,-1.22,-1.77,0.37,37.71
3110,427329976,187.01,0.98,985.35,-1.46,-1.71,0.37,37.81
3111,427335770,189.94,-3.91,982.42,-1.28,-1.34,0.37,38.00
3112,427339820,188.96,0.98,981.93,-1.16,-1.52,0.12,37.71
3113,427343869,187.50,0.98,986.82,-1.28,-1.34,0.00,37.85
3114,427347926,190.92,3.42,988.77,-1.22,-1.59,0.43,37.85
3115,427353770,197.27,6.84,985.84,-1.46,-0.91,0.24,37.66
3116,427357820,190.92,-4.39,991.70,-1.52,-0.73,0.30,37.71
3117,427361869,189.45,-4.88,990.23,-1.34,-1.10,0.24,37.85
3118,427365926,194.34,0.49,988.77,-1.04,-0.85,0.43,38.00
3119,427369976,199.22,0.98,986.33,-1.34,-0.73,0.30,37.52
3120,427374025,198.24,-4.39,984.86,-1.10,-0.43,0.61,37.85
3121,427379770,194.34,2.93,982.91,-1.04,-0.18,0.37,37.85
3122,427383820,194.82,2.93,983.40,-1.22,0.06,0.24,37.66
3123,427387869,182.62,-5.37,987.30,-1.22,0.00,0.18,37.85
3124,427391927,198.24,2.93,982.91,-1.04,-0.24,0.30,37.85
3125,427397770,193.85,0.98,980.47,-1.22,0.06,0.12,37.81
3126,427401820,183.11,-7.32,984.86,-1.16,-0.06,0.37,37.81
3127,427405869,178.71,-1.95,988.77,-1.10,-0.37,0.24,37.85
3128,427409926,190.92,0.00,983.89,-1.16,-0.37,0.43,37.85
3129,427413976,191.41,2.93,985.35,-0.91,-0.55,0.49,37.71
3130,427419770,193.85,5.37,981.45,-1.16,-0.30,0.49,37.66
3131,427423820,194.34,3.42,984.37,-1.40,0.30,0.55,37.85
3132,427427869,187.50,0.98,986.82,-1.34,0.06,0.37,37.37
3133,427431926,183.11,0.49,991.21,-1.40,-0.37,0.24,37.85
3134,427435976,188.48,3.42,989.75,-1.46,-0.24,0.24,37.66
3135,427441770,186.52,1.46,990.72,-1.46,-0.49,0.06,37.81
3136,427445820,176.76,-1.95,987.30,-1.04,-0.85,0.18,37.90
3137,427449869,187.50,7.32,985.35,-0.98,-1.16,0.12,37.66
3138,427453926,181.15,1.46,989.26,-1.28,-1.40,0.24,37.85
3139,427457976,184.08,6.35,988.77,-1.22,-1.46,0.12,38.00
3140,427463770,186.52,1.46,983.89,-1.16,-1.77,0.30,37.85
3141,427467820,191.89,7.32,980.96,-1.71,-1.59,0.67,37.90
3142,427471869,197.27,8.30,987.30,-2.13,-1.28,0.61,37.85
3143,427475926,190.92,-0.49,986.33,-2.26,-1.04,0.55,37.85
3144,427479976,190.92,-1.95,986.82,-2.26,-1.04,0.43,37.90
3145,427485770,193.85,-0.98,984.37,-1.95,-0.98,0.61,37.85
3146,427489820,187.99,-4.88,990.72,-1.95,-1.22,0.43,37.90
3147,427493869,194.34,-5.37,987.30,-1.71,-1.22,0.73,37.90
3148,427497926,192.87,-1.46,983.40,-1.59,-1.16,0.30,37.57
3149,427501976,193.36,-2.44,985.84,-1.59,-0.79,0.18,37.90
3150,427507770,194.34,-8.30,986.33,-1.65,-1.04,0.30,37.90
3151,427511820,189.45,-10.74,985.84,-1.16,-0.49,0.30,37.81
3152,427515869,194.34,-3.91,983.40,-0.91,-0.67,0.43,38.00
3153,427519926,188.96,-5.86,983.89,-1.34,-0.06,0.37,37.90
3154,427523976,194.82,-2.44,986.82,-0.91,0.12,0.37,38.05
3155,427529770,187.99,-4.88,985.35,-0.85,0.06,0.30,38.00
3156,427533820,192.87,-2.93,980.96,-1.04,0.18,0.18,37.57
3157,427537869,182.13,-4.39,991.70,-0.98,-0.06,0.06,37.71
3158,427541926,182.13,-0.98,988.28,-0.91,-0.43,0.12,37.81
3159,427545976,187.01,-0.98,986.33,-0.79,-0.55,0.24,37.90
3160,427551770,191.89,0.98,988.77,-0.73,-0.73,0.24,37.85
3161,427555820,186.52,-2.93,987.79,-0.85,-0.98,0.24,37.71
3162,427559869,190.92,1.46,981.93,-0.98,-0.98,0.24,37.85
3163,427563926,187.99,5.86,984.86,-0.98,-0.55,0.37,37.33
3164,427569770,188.96,5.86,985.84,-1.28,-0.55,0.24,37.66
3165,427573820,185.06,-6.84,986.82,-1.16,-0.55,0.24,37.52
3166,427577869,179.69,-6.84,986.82,-0.91,-0.79,0.12,37.85
3167,427581926,184.08,2.44,986.33,-0.91,-0.91,0.24,37.71
3168,427585976,185.06,0.98,986.82,-0.85,-1.10,0.06,37.71
3169,427591770,187.99,2.44,983.40,-0.91,-1.22,0.06,37.71
3170,427595820,179.69,-2.93,990.23,-0.61,-1.28,-0.06,37.81
3171,427599869,191.41,0.49,986.82,-0.49,-1.59,0.00,37.71
3172,427603926,190.43,5.86,985.84,-0.73,-1.28,0.06,37.85
3173,427607976,192.87,2.44,989.26,-1.04,-1.10,-0.12,37.66
3174,427613770,188.96,-6.35,982.42,-1.04,-0.85,-0.06,37.85
3175,427617820,187.99,-0.49,985.35,-0.91,-0.67,0.00,37.85
3176,427621869,192.87,-4.39,985.84,-0.49,-0.67,-0.06,37.71
3177,427625926,192.87,0.00,983.89,-0.85,-0.85,0.00,38.00
3178,427629976,192.87,-5.37,982.91,-0.91,-0.55,-0.43,37.85
3179,427635770,185.55,-0.98,985.35,-1.10,-0.73,0.00,37.81
3180,427639820,190.43,-1.95,985.35,-1.16,-0.73,0.06,37.90
3181,427643869,195.31,4.39,980.47,-0.91,-0.79,0.18,37.85
3182,427647926,198.73,-0.98,982.91,-1.10,-0.37,0.30,37.85
3183,427651976,186.04,5.86,988.28,-1.16,-0.37,0.37,37.57
3184,427657770,189.94,3.42,987.30,-1.16,-0.18,0.37,37.85
3185,427661820,186.04,-3.42,988.77,-1.22,-0.06,0.43,38.05
3186,427665869,186.04,-4.39,988.77,-1.77,-0.06,0.49,37.47
3187,427669926,184.08,-1.46,987.30,-1.52,-0.30,0.49,37.85
3188,427673976,184.08,1.46,983.89,-1.40,-0.49,0.55,37.66
3189,427679770,180.18,-2.93,984.86,-1.52,-0.55,0.79,38.00
3190,427683820,181.64,-6.35,983.89,-1.52,-1.22,0.49,37.85
3191,427687869,190.43,-1.95,983.89,-1.65,-1.34,0.37,37.66
3192,427691926,186.52,4.39,979.98,-1.40,-1.04,0.37,38.00
3193,427695976,184.08,8.30,986.82,-1.59,-1.10,0.18,37.85
3194,427701770,185.06,2.93,989.75,-1.71,-0.98,0.49,37.90
3195,427705820,192.38,-2.44,988.28,-1.59,-1.10,0.24,37.81
3196,427709869,188.96,0.49,983.40,-1.46,-1.10,0.12,37.85
3197,427713926,180.66,1.95,984.86,-1.59,-1.40,0.06,37.71
3198,427717976,189.94,-4.39,988.28,-1.46,-1.65,0.00,37.85
3199,427723770,186.04,-1.95,986.82,-1.10,-1.65,0.06,37.66
3200,427727820,197.75,1.95,981.45,-1.16,-1.46,0.18,37.66
3201,427731869,194.34,-1.46,979.49,-1.59,-1.22,0.24,37.66
3202,427735926,188.96,-2.93,985.84,-1.34,-1.22,0.18,37.66
3203,427739976,192.38,2.44,983.89,-1.28,-0.85,-0.06,37.71
3204,427745770,219.24,8.79,974.61,-1.52,-0.37,0.37,37.71
3205,427749820,217.29,0.49,977.54,-1.77,1.52,0.67,37.71
3206,427753869,149.41,-0.49,998.05,-1.52,0.67,0.49,37.85
3207,427757926,191.41,-8.79,981.93,-1.10,-0.43,0.37,37.57
3208,427761976,196.78,0.49,978.52,-1.16,0.00,0.43,37.57
3209,427767770,185.55,-2.93,986.82,-1.59,0.30,0.49,37.81
3210,427771820,178.71,-4.39,983.40,-1.22,0.18,0.43,37.71
3211,427775869,191.89,-0.98,979.98,-1.04,0.12,0.67,37.81
3212,427779927,190.43,-3.91,987.30,-1.10,0.30,0.55,37.66
3213,427785770,195.80,-1.95,986.82,-0.98,0.55,0.55,37.85
3214,427789820,193.85,-16.60,983.40,-0.73,0.30,0.55,37.37
3215,427793869,199.22,9.77,983.89,-0.49,0.85,0.79,37.85
3216,427797927,188.96,-5.37,986.82,-1.52,1.16,0.79,38.05
3217,427801976,178.71,0.00,988.77,-1.04,0.49,0.79,37.90
3218,427807770,184.08,-2.93,987.30,-1.10,0.18,0.37,37.85
3219,427811820,179.20,-1.95,988.77,-0.98,0.00,0.49,37.90
3220,427815869,177.73,-2.44,989.26,-0.79,-0.37,0.43,37.52
3221,427819927,182.13,3.42,990.23,-1.04,-0.85,0.18,37.90
3222,427823976,187.50,2.93,983.89,-0.98,-0.79,0.30,37.71
3223,427829770,188.48,1.46,983.89,-1.04,-0.67,-0.06,37.57
3224,427833820,187.01,1.46,986.33,-1.22,-1.10,0.00,37.71
3225,427837869,179.69,6.35,988.77,-1.46,-0.85,0.06,37.85
3226,427841926,184.08,5.37,985.35,-1.28,-1.16,0.18,37.66
3227,427845976,181.64,-3.42,986.82,-1.46,-1.46,0.18,37.71
3228,427851770,184.57,-1.95,992.19,-1.46,-1.52,0.00,37.85
3229,427855820,185.06,-1.95,982.42,-1.28,-1.95,-0.06,37.81
3230,427859869,188.96,2.44,983.40,-1.65,-1.77,0.18,37.66
3231,427863926,199.22,-1.95,982.91,-1.77,-1.46,0.49,37.85
3232,427867976,195.80,-6.35,983.40,-1.65,-1.22,0.43,37.81
3233,427873770,187.99,-5.86,987.79,-1.52,-1.10,0.18,37.57
3234,427877820,190.43,-6.35,984.86,-1.16,-1.46,0.37,37.66
3235,427881869,189.94,-8.30,987.30,-1.28,-1.22,0.55,37.66
3236,427885926,189.45,-6.84,981.93,-1.04,-1.40,0.43,38.00
3237,427889976,187.50,-2.93,983.40,-1.04,-1.10,0.30,37.71
3238,427895770,196.78,-0.49,985.84,-0.73,-1.16,0.49,37.81
3239,427899820,196.78,-0.98,983.40,-0.98,-0.55,0.18,37.85
3240,427903869,192.38,-6.35,980.47,-0.91,-0.43,0.37,37.66
3241,427907926,194.82,-4.88,983.40,-0.85,0.00,0.00,37.71
3242,427911976,193.85,-1.95,985.35,-0.85,0.00,0.24,37.90
3243,427917770,190.92,-0.49,986.33,-0.79,0.18,0.30,37.90
3244,427921820,182.62,3.42,988.28,-0.73,0.18,0.30,37.85
3245,427925869,187.50,2.93,983.89,-0.85,0.12,0.55,37.90
3246,427929926,187.99,1.95,986.33,-0.67,0.06,0.24,37.66
3247,427933976,188.96,0.98,986.33,-0.79,0.00,0.37,37.81
3248,427939770,189.45,4.88,984.86,-0.73,-0.18,0.37,37.66
3249,427943820,189.45,9.28,985.35,-1.04,0.06,0.30,37.81
3250,427947869,189.45,5.86,991.70,-1.10,0.37,0.43,37.85
3251,427951926,181.15,1.95,985.84,-1.40,0.18,0.49,37.90
3252,427955976,186.04,0.49,985.84,-1.46,-0.12,0.43,37.85
3253,427961770,179.69,2.93,981.45,-1.95,-0.24,0.67,37.85
3254,427965820,177.25,-1.95,992.19,-1.46,-0.43,0.37,37.90
3255,427969869,183.11,-5.86,987.79,-1.46,-0.79,0.79,37.66
3256,427973926,187.01,-2.44,981.93,-1.28,-0.85,0.73,37.71
3257,427977976,193.36,0.00,984.86,-1.40,-0.85,0.67,37.66
3258,427983770,182.62,-6.84,985.84,-1.34,-0.67,0.43,37.66
3259,427987820,175.78,0.49,988.77,-1.10,-1.10,0.30,37.90
3260,427991869,182.13,2.44,979.00,-1.16,-1.28,0.12,37.71
3261,427995926,180.66,-0.49,988.28,-1.28,-1.65,0.30,37.71
3262,428001770,174.32,-2.44,988.28,-1.52,-1.89,0.06,37.52
3263,428005820,182.62,0.00,988.28,-1.40,-2.26,0.00,37.52
3264,428009869,185.06,5.37,988.77,-1.28,-2.56,0.12,37.90
3265,428013926,186.04,1.46,990.23,-1.40,-2.62,0.30,38.00
3266,428017976,192.38,2.44,985.35,-1.34,-2.62,0.24,37.71
3267,428023770,197.75,-2.93,982.42,-1.52,-2.38,0.49,37.90
3268,428027820,198.73,-2.93,986.82,-1.65,-1.77,0.43,37.71
3269,428031869,189.94,-0.98,988.77,-1.89,-1.34,0.43,38.00
3270,428035927,192.87,-6.35,986.33,-1.59,-1.46,0.49,37.90
3271,428039976,194.82,-8.30,982.42,-1.28,-1.34,0.43,37.57
3272,428045770,198.24,-4.88,987.79,-1.10,-1.16,0.37,37.71
3273,428049820,194.82,-6.35,989.26,-0.79,-0.67,0.24,37.71
3274,428053869,196.78,-3.91,987.30,-0.61,-0.61,0.24,37.90
3275,428057926,188.96,-0.49,979.98,-0.49,-0.73,0.18,37.71
3276,428061976,195.80,-0.98,985.84,-0.30,-0.67,0.18,37.85
3277,428067770,193.85,-2.44,986.33,-0.06,-0.98,0.00,37.85
3278,428071820,196.29,7.32,985.35,-0.18,-0.43,0.06,37.85
3279,428075869,193.36,2.93,987.30,-0.24,-0.30,0.00,37.57
3280,428079927,187.99,6.84,990.23,-0.55,-0.30,0.49,38.00
3281,428083976,189.94,0.00,984.37,-0.79,-0.55,0.06,37.66
3282,428089770,189.45,1.95,984.86,-0.85,-0.55,0.18,37.85
3283,428093820,186.52,3.42,984.86,-1.10,-0.55,0.43,37.66
3284,428097869,193.85,1.46,986.82,-0.79,-0.61,0.37,37.57
3285,428101927,190.43,4.39,984.37,-0.91,-0.12,0.18,37.52
3286,428105976,191.89,5.86,984.86,-1.22,0.06,0.12,37.71
3287,428111770,193.36,0.98,984.37,-1.46,0.18,0.18,37.81
3288,428115820,181.15,-4.39,992.19,-1.46,0.24,0.37,37.71
3289,428119869,187.01,6.84,986.82,-1.22,-0.06,0.30,37.66
3290,428123926,188.96,5.37,989.75,-1.16,0.06,0.61,37.85
3291,428127976,187.50,1.95,984.37,-1.46,-0.24,0.24,37.90
3292,428133770,188.48,-3.91,986.33,-1.34,-0.12,0.43,38.00
3293,428137820,183.11,0.00,984.37,-1.52,-0.37,0.55,37.52
3294,428141869,185.55,2.44,991.21,-1.40,-0.79,0.37,37.90
3295,428145926,185.55,-0.49,988.28,-1.46,-0.73,0.49,37.90
3296,428149976,184.08,-2.93,987.30,-1.59,-0.67,0.49,38.00
3297,428155770,187.01,2.93,987.30,-1.59,-1.28,0.61,38.00
3298,428159820,187.99,-1.95,989.26,-1.65,-1.22,0.61,37.71
3299,428163869,184.57,-1.46,985.84,-1.40,-1.59,0.43,38.05
3300,428167926,191.41,2.44,983.89,-1.28,-1.77,0.37,37.52
3301,428171976,193.85,2.44,983.89,-1.22,-1.52,0.43,37.57
3302,428177770,184.57,-2.44,987.79,-1.22,-1.59,0.18,37.85
3303,428181820,188.48,-2.44,979.00,-1.22,-1.59,0.49,37.85
3304,428185869,187.01,-1.46,986.33,-1.40,-1.40,0.61,37.81
3305,428189926,190.43,-0.98,983.89,-1.10,-1.46,0.43,37.37
3306,428193976,189.45,-5.37,982.42,-1.65,-1.40,0.43,37.90
3307,428199770,187.50,0.00,989.26,-1.10,-1.52,0.37,37.85
3308,428203820,202.64,5.86,985.35,-1.28,-1.10,0.37,37.85
3309,428207869,196.29,0.98,984.86,-1.52,-0.98,0.67,37.66
3310,428211926,192.38,0.98,988.28,-1.22,-0.67,0.49,37.57
3311,428217770,192.87,1.46,983.40,-1.40,-0.43,0.37,37.85
3312,428221820,193.85,0.98,980.96,-1.71,-0.18,0.49,37.52
3313,428225869,191.89,3.42,987.79,-1.46,0.24,0.91,37.85
3314,428229926,185.06,4.39,987.30,-1.59,0.06,0.79,37.66
3315,428233976,190.43,-0.98,983.40,-1.59,0.06,0.85,37.66
3316,428239770,192.38,2.44,981.45,-1.65,0.00,1.34,37.81
3317,428243820,187.01,-1.46,987.79,-1.22,-0.30,0.98,37.81
3318,428247869,188.48,4.39,989.26,-1.28,-0.12,0.85,37.81
3319,428251926,183.11,-2.44,986.82,-1.59,-0.30,0.79,38.00
3320,428255976,185.55,-5.37,987.79,-1.40,-0.49,0.79,37.66
3321,428261770,176.27,-6.35,991.21,-1.22,-0.61,0.18,37.85
3322,428265820,178.22,0.00,987.30,-1.10,-1.34,0.24,37.85
3323,428269869,186.52,4.39,982.91,-1.28,-1.46,0.00,37.90
3324,428273926,183.11,1.46,986.33,-1.22,-1.59,0.06,37.71
3325,428277976,188.48,-2.44,988.77,-1.34,-1.95,0.12,37.81
3326,428283770,191.89,0.49,983.40,-1.40,-1.95,0.06,37.81
3327,428287820,185.06,0.49,985.35,-1.46,-1.59,0.06,37.66
3328,428291869,188.96,0.98,981.45,-1.59,-1.83,0.30,37.85
3329,428295926,190.43,0.49,986.82,-1.16,-1.65,0.00,37.90
3330,428299976,197.75,-1.46,983.40,-1.16,-1.40,0.24,37.85
3331,428305770,187.99,0.98,982.91,-1.59,-1.04,0.24,37.85
3332,428309820,187.99,-8.79,986.33,-1.52,-1.10,0.43,37.71
3333,428313869,181.64,-9.28,990.23,-0.98,-1.10,0.55,37.71
3334,428317926,193.85,-0.49,986.33,-0.98,-1.10,0.49,38.00
3335,428321976,194.34,-3.42,984.37,-0.91,-0.73,0.30,37.71
3336,428327770,191.89,-2.93,987.30,-1.04,-0.67,0.18,37.71
3337,428331820,194.34,-2.44,989.26,-0.79,-0.67,0.30,37.90
3338,428335869,199.22,-0.49,985.84,-0.73,-0.61,0.37,37.71
3339,428339926,192.38,-0.49,987.79,-0.73,-0.18,0.43,37.85
3340,428343976,190.43,1.95,984.86,-1.04,-0.30,0.30,37.81
3341,428349770,187.50,0.00,985.84,-0.91,-0.24,0.18,37.85
3342,428353820,194.82,-1.46,986.33,-0.67,-0.37,0.06,37.85
3343,428357869,198.24,-2.93,986.82,-0.73,-0.18,0.24,38.00
3344,428361926,184.08,-5.37,992.68,-0.37,-0.24,-0.18,37.85
3345,428365976,188.48,-3.91,987.30,-0.24,-0.61,0.00,37.85
3346,428371770,186.52,1.95,983.89,-0.30,-0.67,0.18,37.90
3347,428375820,186.52,0.00,992.19,-0.30,-0.73,-0.06,37.85
3348,428379869,184.08,-0.98,986.33,-0.37,-0.91,-0.24,37.85
3349,428383926,184.08,3.91,988.77,-0.43,-1.46,-0.30,37.52
3350,428387976,188.48,3.91,988.77,-0.55,-1.65,-0.18,37.85
3351,428393770,191.89,7.81,987.79,-0.79,-1.34,-0.30,37.85
3352,428397820,184.08,2.93,989.75,-0.85,-1.65,-0.24,37.66
3353,428401869,187.99,9.28,987.79,-1.16,-1.83,-0.12,37.85
3354,428405926,193.36,7.81,988.77,-1.34,-1.71,-0.06,37.66
3355,428409976,194.34,2.44,984.37,-1.46,-1.59,0.06,37.85
3356,428415770,198.24,1.46,985.84,-1.65,-1.10,0.12,37.90
3357,428419820,195.80,0.49,985.35,-1.65,-0.91,0.12,37.90
3358,428423869,191.41,-2.44,988.77,-1.40,-0.91,0.12,38.09
3359,428427926,193.85,-2.44,984.86,-1.46,-1.10,0.18,37.47
3360,428433770,189.45,-3.91,985.35,-1.10,-0.98,0.49,37.81
3361,428437820,199.22,1.95,982.91,-1.16,-0.85,0.49,37.81
3362,428441869,192.87,-1.46,987.79,-1.46,-0.55,0.55,37.85
3363,428445926,187.01,-7.32,985.84,-1.16,-0.67,0.55,37.85
3364,428449976,184.57,-7.32,987.30,-0.85,-0.55,0.30,37.71
3365,428455770,190.92,2.93,987.79,-0.91,-0.73,0.43,37.85
3366,428459820,188.96,-3.91,985.35,-0.98,-0.67,0.24,37.90
3367,428463869,190.43,-2.93,987.30,-1.04,-0.85,0.00,38.00
3368,428467927,184.57,0.98,985.84,-0.85,-1.28,0.06,37.85
3369,428471976,196.29,4.39,986.82,-1.10,-1.16,0.30,37.71
3370,428477770,188.96,0.98,987.79,-1.04,-0.98,0.06,37.66
3371,428481820,191.89,-4.39,984.86,-1.04,-0.91,-0.06,37.85
3372,428485869,189.94,3.91,986.33,-0.98,-0.73,-0.24,37.81
3373,428489927,187.01,0.49,990.72,-0.98,-0.79,0.06,37.90
3374,428493976,195.31,0.00,986.82,-1.16,-0.85,0.06,38.00
3375,428499770,188.96,0.49,983.40,-1.04,-0.98,-0.06,38.00
3376,428503820,191.89,5.86,988.28,-1.22,-0.61,-0.18,38.05
3377,428507869,187.01,-5.37,987.79,-1.34,-0.67,0.06,37.66
3378,428511926,187.50,0.00,990.23,-1.28,-0.73,0.12,37.90
3379,428515976,189.94,-0.49,984.37,-1.22,-0.98,-0.12,37.90
3380,428521770,185.06,1.95,983.89,-1.22,-1.16,0.12,37.90
3381,428525820,191.89,0.98,984.37,-0.98,-1.28,0.24,37.85
3382,428529869,191.89,6.35,983.89,-1.10,-1.28,0.30,37.85
3383,428533926,194.34,8.79,986.82,-1.10,-1.22,0.43,37.85
3384,428537976,194.34,0.98,984.86,-1.34,-0.73,0.37,37.71
3385,428543770,189.45,-0.98,984.37,-1.52,-0.73,0.24,37.85
3386,428547820,191.89,2.44,981.45,-1.40,-0.91,0.06,37.85
3387,428551869,192.38,0.49,980.47,-1.34,-0.98,0.37,37.81
3388,428555926,187.50,3.42,985.35,-1.40,-0.67,0.37,37.85
3389,428559976,195.31,2.93,987.30,-1.46,-0.73,0.49,37.90
3390,428565770,193.36,8.79,979.00,-1.71,-0.30,0.61,37.85
3391,428569820,194.34,-1.46,984.37,-1.46,-0.43,0.49,37.85
3392,428573869,184.08,-7.81,987.30,-1.59,-0.30,0.43,37.66
3393,428577926,184.08,-1.46,988.28,-1.40,-0.55,0.30,38.00
3394,428581976,192.87,-5.37,980.96,-0.85,-0.61,0.43,37.71
3395,428587770,190.92,-2.93,985.35,-0.67,-0.67,0.12,37.71
3396,428591820,193.85,-3.42,986.33,-0.91,-0.37,0.30,37.71
3397,428595869,192.38,3.42,988.77,-0.30,-0.55,0.24,37.85
3398,428599926,189.45,-2.93,987.30,-0.49,-0.06,0.18,37.52
3399,428603976,190.43,-1.46,987.79,-0.43,-0.73,0.06,37.85
3400,428609770,190.43,1.95,989.26,-0.61,-0.67,0.24,38.00
3401,428613820,197.75,1.46,984.37,-0.67,-0.37,0.00,37.85
3402,428617869,199.22,8.30,983.89,-0.85,-0.12,0.12,37.66
3403,428621926,196.29,5.86,985.35,-0.85,0.24,0.18,37.66
