seq,timestamp_us,ax_mg,ay_mg,az_mg,gx_dps,gy_dps,gz_dps,temp_c
0,223611333,456.54,657.23,-572.27,-0.61,-1.46,0.06,34.55
1,223615397,457.52,652.83,-577.15,-0.73,-1.34,0.18,34.64
2,223621803,464.84,654.79,-574.22,-0.85,-1.40,-0.37,34.36
3,223625852,464.84,654.79,-574.22,-1.04,-0.85,-0.91,34.50
4,223629902,460.45,652.83,-572.27,-1.22,-0.55,-0.79,34.64
5,223633959,459.96,656.74,-571.29,-1.28,-0.85,-1.10,34.21
6,223638008,455.57,655.27,-571.29,-1.16,-0.91,-0.98,34.64
7,223642058,456.54,652.34,-569.34,-1.16,-0.85,-1.16,34.40
8,223646107,456.54,656.25,-567.38,-0.98,-1.22,-1.16,34.21
9,223651803,456.54,655.76,-562.99,-1.10,-1.52,-1.10,34.40
10,223655852,458.50,662.60,-560.55,-1.28,-1.52,-1.34,34.64
11,223659902,457.03,662.60,-564.45,-1.40,-1.52,-1.34,34.36
12,223663959,458.01,661.62,-566.89,-1.46,-1.77,-1.04,34.50
13,223668008,459.47,662.11,-567.87,-1.46,-1.40,-1.28,34.55
14,223673803,458.01,660.64,-564.94,-1.71,-1.77,-1.22,34.55
15,223677852,460.45,663.09,-561.52,-1.83,-1.52,-1.46,34.88
16,223681902,458.50,658.20,-561.52,-1.83,-1.59,-1.52,34.50
17,223685959,452.64,656.25,-562.50,-1.65,-1.77,-1.34,34.64
18,223691803,454.59,651.37,-560.06,-1.89,-1.83,-0.98,34.74
19,223695852,455.08,655.27,-560.06,-1.65,-1.71,-0.91,34.50
20,223699902,457.03,662.11,-551.76,-1.65,-1.71,-0.61,34.40
21,223703959,463.87,659.67,-556.64,-1.40,-1.95,-0.61,34.64
22,223708008,465.82,658.20,-562.50,-1.16,-2.20,-0.43,34.50
23,223713803,464.84,656.74,-566.41,-1.34,-1.95,-0.43,34.64
24,223717852,467.77,652.34,-569.82,-1.28,-1.52,-0.49,34.40
25,223721902,467.29,662.11,-563.96,-1.46,-1.28,-0.55,34.55
26,223725959,469.24,655.76,-565.43,-1.46,-1.10,-0.37,34.21
27,223730008,461.43,657.71,-564.45,-1.89,-0.85,-0.24,34.40
28,223735803,466.80,661.13,-567.87,-1.34,-0.79,-0.43,34.50
29,223739852,468.75,661.62,-568.85,-1.65,-1.10,-0.12,34.40
30,223743902,463.38,655.76,-572.27,-1.46,-1.28,-0.12,34.16
31,223747959,464.84,657.71,-567.87,-1.71,-1.04,0.00,34.31
32,223752008,461.91,661.13,-564.45,-1.83,-1.34,-0.12,34.64
33,223757803,461.91,655.27,-564.45,-1.65,-1.28,-0.06,34.55
34,223761852,458.98,653.81,-568.36,-1.59,-0.91,-0.18,34.21
35,223765902,461.43,651.37,-567.87,-1.28,-1.34,-0.30,34.40
36,223769959,461.91,650.88,-564.94,-1.46,-0.91,-0.18,34.40
37,223774008,465.33,650.39,-561.04,-1.59,-0.85,-0.43,34.40
38,223779803,459.96,649.90,-562.01,-1.83,-0.73,-0.61,34.50
39,223783852,454.10,654.30,-563.48,-1.52,-1.28,-0.61,34.21
40,223787902,456.54,653.32,-569.34,-1.40,-1.59,-0.37,34.55
41,223791959,456.05,656.74,-568.85,-1.22,-1.95,-0.61,34.40
42,223796008,455.08,660.16,-568.36,-1.16,-2.62,-0.79,34.12
43,223801803,449.71,655.27,-570.80,-1.52,-2.50,-0.55,34.31
44,223805852,454.10,659.18,-565.92,-1.22,-2.50,-0.49,34.21
45,223809902,456.54,658.20,-569.82,-1.34,-2.56,-0.37,34.31
46,223813959,451.66,665.53,-567.38,-1.83,-2.50,-0.30,34.64
47,223818008,451.66,663.09,-567.87,-1.16,-2.38,-0.12,34.31
48,223823803,455.57,667.48,-565.92,-1.04,-1.83,-0.12,34.36
49,223827852,445.31,661.62,-574.71,-0.85,-2.87,0.18,34.50
50,223831902,450.20,651.86,-570.31,-1.10,-3.35,0.61,34.40
51,223835959,446.78,661.13,-561.04,-1.10,-2.87,0.79,34.64
52,223840008,456.54,669.92,-567.38,-1.22,-3.17,0.85,34.36
53,223845803,457.52,670.41,-559.57,-1.46,-1.89,0.61,34.31
54,223849852,456.54,665.04,-562.99,-1.59,-1.34,0.43,34.50
55,223853902,453.61,661.13,-572.27,-1.77,-1.22,0.55,34.64
56,223857959,452.15,662.11,-578.61,-1.16,-1.52,0.91,34.69
57,223862008,452.15,659.67,-571.78,-0.91,-1.95,0.98,34.50
58,223867803,456.54,654.30,-573.73,-0.73,-2.01,0.67,34.31
59,223871852,456.54,658.20,-581.54,-0.79,-2.44,0.79,34.40
60,223875902,462.89,659.18,-582.03,-0.24,-1.89,0.67,34.40
61,223879959,464.84,664.55,-587.89,-0.30,-1.83,0.55,34.40
62,223884008,464.36,660.64,-583.50,-0.43,-1.34,0.61,34.64
63,223889803,461.43,659.18,-580.08,-0.49,-1.52,0.30,34.88
64,223893852,460.94,657.71,-582.52,-0.18,-1.59,0.06,34.64
65,223897902,458.01,660.16,-584.96,-0.06,-1.71,0.18,34.40
66,223901959,456.54,654.79,-586.43,0.18,-1.71,0.18,34.55
67,223907803,459.47,654.79,-586.91,0.12,-1.83,0.18,34.69
68,223911852,458.50,664.55,-579.10,0.12,-1.83,0.06,34.55
69,223915902,463.38,664.55,-574.71,0.30,-1.52,-0.24,34.64
70,223919959,462.89,665.04,-579.10,0.43,-1.40,-0.18,34.21
71,223924008,458.01,664.55,-578.61,0.24,-1.34,-0.85,34.69
72,223929803,455.08,666.50,-574.22,0.12,-1.10,-0.79,34.55
73,223933852,451.66,665.04,-568.36,0.18,-1.65,-0.73,34.50
74,223937902,449.71,665.04,-568.36,0.37,-1.83,-0.55,34.31
75,223941959,450.20,666.50,-567.38,0.24,-1.95,-0.67,34.36
76,223946008,447.75,670.41,-568.36,0.43,-2.01,-0.67,34.55
77,223951803,454.59,668.46,-562.99,0.24,-2.56,-1.22,34.55
78,223955852,449.22,668.46,-563.96,0.18,-2.38,-0.79,34.55
79,223959902,448.73,668.46,-568.85,0.00,-2.80,-0.85,34.36
80,223963959,447.75,665.53,-566.89,-0.49,-2.74,-0.61,34.55
81,223968008,456.05,666.02,-561.04,0.00,-2.99,-0.79,34.50
82,223973803,457.52,664.55,-555.66,-0.55,-2.87,-0.55,34.69
83,223977852,453.61,666.02,-561.04,-0.73,-2.62,-0.55,34.69
84,223981902,453.61,663.57,-560.06,-0.91,-2.20,-0.61,34.21
85,223985959,450.68,663.09,-562.01,-1.16,-2.32,-0.30,34.50
86,223990008,453.61,662.60,-556.64,-1.52,-2.32,-0.37,34.64
87,223995803,453.12,660.64,-556.64,-1.40,-2.13,-0.37,34.02
88,223999852,457.52,657.23,-559.08,-1.59,-2.20,-0.43,34.31
89,224003902,458.50,657.23,-559.08,-1.65,-2.26,-0.61,34.40
90,224007959,457.03,649.90,-566.89,-1.77,-2.01,-0.06,34.40
91,224012008,459.47,650.39,-564.94,-1.77,-2.38,-0.18,34.50
92,224017803,453.12,645.51,-563.48,-1.95,-2.50,0.24,34.40
93,224021852,455.08,652.34,-562.50,-2.01,-2.50,0.61,34.36
94,224025902,449.22,655.76,-567.87,-1.77,-2.62,0.49,34.83
95,224029959,456.54,655.27,-564.45,-1.83,-2.87,0.85,34.40
96,224034008,456.05,657.23,-573.73,-1.59,-3.29,0.79,34.31
97,224039803,454.10,659.18,-568.85,-1.77,-3.17,0.49,34.31
98,224043852,458.98,662.11,-563.96,-1.59,-2.56,0.49,34.40
99,224047902,460.45,660.64,-562.01,-1.89,-2.20,0.37,34.21
100,224051959,455.57,665.04,-568.85,-2.01,-1.65,0.43,34.74
101,224056008,457.03,661.62,-576.17,-1.89,-1.52,0.30,34.36
102,224061803,454.59,664.06,-573.73,-1.89,-1.52,0.12,34.69
103,224065852,451.17,661.13,-581.05,-1.46,-1.77,0.18,34.50
104,224069902,444.34,662.60,-581.54,-1.95,-1.40,0.24,34.64
105,224073959,446.78,661.13,-578.12,-2.13,-1.52,0.37,34.64
106,224078008,444.34,655.76,-577.15,-2.13,-1.52,0.30,34.64
107,224083803,444.34,663.57,-575.20,-1.83,-1.65,0.18,34.36
108,224087852,447.75,662.60,-574.71,-2.13,-1.40,-0.12,34.64
109,224091902,449.71,663.09,-573.73,-2.26,-1.46,-0.12,34.88
110,224095959,448.24,659.67,-574.71,-2.13,-1.46,-0.06,34.69
111,224100008,449.71,659.18,-580.57,-2.13,-1.22,0.18,34.55
112,224105803,446.78,657.23,-578.61,-1.89,-1.65,0.18,34.40
113,224109852,446.29,657.71,-583.01,-1.65,-2.44,0.49,34.55
114,224113902,446.78,658.69,-580.08,-1.40,-2.87,0.37,34.36
115,224117959,454.59,652.34,-579.10,-1.28,-2.93,0.24,34.64
116,224123803,452.15,657.23,-577.15,-1.16,-3.05,0.30,34.40
117,224127852,462.40,657.71,-575.68,-1.46,-2.56,-0.12,34.40
118,224131902,462.89,659.67,-574.22,-1.34,-2.26,-0.12,34.64
119,224135959,466.31,656.25,-564.94,-1.59,-2.20,0.06,34.40
120,224140008,457.52,655.27,-574.71,-1.28,-2.80,0.06,34.69
121,224145803,456.54,657.23,-573.24,-1.28,-3.41,0.12,34.50
122,224149852,458.01,656.74,-575.20,-1.28,-3.35,0.06,34.40
123,224153902,461.91,663.57,-575.68,-1.16,-2.99,-0.12,34.40
124,224157959,458.01,662.60,-577.15,-1.16,-2.87,-0.24,34.12
125,224162008,460.94,666.02,-575.20,-1.04,-2.93,-0.24,34.64
126,224167803,457.03,669.43,-571.78,-1.10,-2.62,-0.30,34.64
127,224171852,457.52,667.48,-574.22,-0.79,-2.93,-0.49,34.64
128,224175902,452.15,672.36,-575.20,-0.61,-2.56,-0.67,34.12
129,224179959,461.43,660.64,-579.59,-0.67,-2.38,-0.85,34.12
130,224184008,454.59,661.62,-578.12,-0.67,-1.83,-1.10,34.40
131,224189803,455.08,662.11,-577.64,-0.55,-1.59,-1.16,34.50
132,224193852,449.71,657.71,-579.59,-0.24,-1.22,-1.04,34.50
133,224197902,451.17,651.86,-588.87,-0.30,-1.04,-0.67,34.50
134,224201959,446.78,649.90,-581.54,-0.37,-0.91,-0.73,34.31
135,224206008,440.92,650.88,-576.66,-0.18,-1.40,-0.85,34.55
136,224211803,445.31,651.86,-574.71,-0.30,-1.46,-0.98,34.31
137,224215852,446.78,655.27,-565.43,-0.06,-1.71,-1.04,34.40
138,224219902,450.20,649.90,-564.45,-0.18,-1.83,-1.10,34.74
139,224223959,449.71,653.81,-560.06,-0.18,-1.22,-1.04,34.64
140,224228008,451.17,657.71,-560.55,-0.18,-1.34,-0.98,34.40
141,224233803,449.71,658.69,-559.08,-0.49,-1.22,-0.49,34.31
142,224237852,442.38,657.71,-565.43,-0.37,-1.71,0.00,34.50
143,224241902,447.75,660.64,-562.99,0.00,-2.50,0.43,34.55
144,224245959,454.10,663.57,-559.08,-0.24,-2.93,0.61,34.36
145,224250008,455.08,666.99,-563.96,-0.24,-2.56,0.43,34.55
146,224255803,465.82,667.48,-562.99,-0.67,-2.38,0.37,34.31
147,224259852,462.89,664.06,-555.66,-1.10,-1.65,0.67,34.55
148,224263902,455.57,666.50,-564.45,-1.40,-1.65,0.67,34.40
149,224267959,455.08,663.57,-565.43,-1.40,-1.83,0.49,34.40
150,224272008,453.12,665.04,-566.41,-1.46,-1.83,0.73,34.40
151,224277803,452.15,659.18,-563.96,-1.65,-1.95,0.61,34.36
152,224281852,456.05,658.69,-561.04,-1.83,-1.71,0.30,34.31
153,224285902,448.73,652.34,-555.18,-2.01,-1.77,0.37,34.31
154,224289959,453.12,657.23,-558.59,-1.83,-1.89,0.61,34.74
155,224294008,453.61,659.67,-560.55,-2.13,-2.26,0.30,34.50
156,224299803,455.57,658.20,-562.50,-2.62,-2.07,0.37,34.64
157,224303852,457.52,660.64,-565.92,-2.56,-1.89,0.67,34.64
158,224307902,451.17,661.62,-563.48,-2.80,-2.07,0.79,34.50
159,224311959,450.68,654.30,-566.41,-2.68,-2.01,0.73,34.40
160,224316008,455.57,658.20,-569.82,-2.68,-2.13,0.98,34.55
161,224321803,451.66,657.71,-576.17,-2.62,-2.26,1.10,34.74
162,224325852,447.27,657.71,-571.29,-2.50,-2.56,0.91,34.64
163,224329902,445.31,661.13,-569.34,-2.56,-2.38,1.22,34.31
164,224333959,445.80,661.13,-577.15,-2.38,-2.13,1.40,34.64
165,224339803,445.31,665.53,-575.20,-2.32,-2.26,1.59,34.69
166,224343852,443.85,663.57,-579.59,-1.83,-2.07,1.59,34.50
167,224347902,447.75,657.71,-576.66,-1.71,-1.59,1.89,34.50
168,224351959,449.22,660.16,-582.52,-1.83,-1.22,1.65,34.21
169,224356008,444.82,660.16,-579.59,-1.71,-0.49,2.01,34.64
170,224360058,447.75,659.18,-583.50,-1.46,-0.30,2.01,34.50
171,224365803,437.50,656.74,-586.91,-1.59,0.06,1.71,34.64
172,224369852,444.34,654.79,-583.98,-1.40,0.61,1.95,34.88
173,224373902,448.24,657.23,-584.96,-1.59,1.22,1.83,34.36
174,224377959,446.29,653.81,-586.91,-1.52,1.59,1.89,34.55
175,224383803,445.80,654.79,-588.38,-1.10,1.77,2.01,34.55
176,224387852,446.78,660.16,-583.50,-1.22,1.46,2.44,34.69
177,224391902,444.34,659.18,-580.08,-0.73,1.40,2.38,34.40
178,224395959,444.82,656.25,-577.64,-0.79,1.22,2.20,34.21
179,224400008,452.15,656.74,-579.10,-0.73,1.22,2.38,34.40
180,224405803,453.61,660.16,-572.27,-1.04,1.16,2.38,34.55
181,224409852,451.17,667.48,-578.12,-0.79,1.10,1.89,34.50
182,224413902,448.73,664.55,-576.17,-0.73,0.73,2.26,34.31
183,224417959,448.24,668.95,-579.10,-0.91,0.55,2.07,34.55
184,224422008,448.24,673.34,-573.73,-1.04,0.24,1.89,34.50
185,224427803,446.78,677.25,-566.89,-1.22,-0.06,1.71,34.50
186,224431852,448.73,676.76,-570.80,-1.40,-0.24,1.40,34.21
187,224435902,440.92,673.83,-572.75,-1.28,-0.61,1.34,34.64
188,224439959,441.41,674.80,-568.36,-1.59,-0.61,1.10,34.50
189,224444008,438.48,679.69,-567.38,-1.46,-1.28,0.73,34.50
190,224449803,440.43,678.71,-566.89,-1.34,-1.16,1.16,34.40
191,224453852,434.08,681.15,-562.50,-1.65,-1.71,1.04,34.21
192,224457902,434.08,681.64,-562.99,-1.83,-1.71,1.04,34.69
193,224461959,437.50,681.64,-564.94,-1.95,-1.71,0.91,34.40
194,224466008,437.01,682.13,-564.94,-1.95,-1.40,0.61,34.31
195,224471803,438.48,677.25,-560.55,-2.20,-1.22,0.73,34.36
196,224475852,445.80,671.87,-559.57,-2.32,-0.49,0.49,34.36
197,224479902,450.68,675.78,-560.55,-2.62,0.00,0.55,34.50
198,224483959,447.75,674.32,-560.55,-2.20,0.43,0.18,34.50
199,224488008,442.87,671.87,-562.99,-2.56,0.37,0.00,34.36
200,224493803,445.31,659.67,-562.50,-2.26,0.49,-0.06,34.40
201,224497852,448.73,658.20,-565.92,-2.26,0.18,-0.30,34.40
202,224501902,453.12,660.64,-564.94,-2.26,0.43,-0.55,34.40
203,224505959,456.54,658.69,-569.34,-1.95,0.18,-0.55,34.55
204,224510008,456.05,656.25,-568.85,-2.07,-0.06,-0.61,34.50
205,224515803,460.45,656.25,-572.75,-2.01,-0.06,-0.67,34.36
206,224519852,463.38,661.13,-570.31,-2.44,-0.43,-0.98,34.36
207,224523902,462.89,663.09,-566.89,-2.20,-0.49,-1.22,34.55
208,224527959,458.50,663.09,-567.38,-2.38,-0.49,-1.40,34.50
209,224532008,463.87,655.76,-571.29,-2.32,-0.30,-1.52,34.50
210,224537803,463.87,659.18,-570.80,-2.44,-0.85,-1.59,34.64
211,224541852,462.89,662.60,-573.24,-2.62,-0.30,-1.83,34.50
212,224545902,459.96,664.55,-567.87,-2.32,-0.43,-2.01,34.50
213,224549959,452.64,664.55,-572.75,-2.20,-0.91,-1.46,34.55
214,224554008,448.24,663.09,-577.15,-2.07,-1.52,-1.46,34.55
215,224559803,449.71,669.43,-582.03,-1.89,-1.89,-1.77,34.64
216,224563852,448.73,666.02,-577.15,-1.40,-2.26,-2.13,34.64
217,224567902,448.73,662.11,-576.66,-1.46,-2.32,-1.83,34.40
218,224571959,456.05,662.11,-577.15,-1.46,-1.77,-1.71,34.64
219,224577803,452.64,663.57,-577.15,-1.40,-1.16,-1.77,34.40
220,224581852,452.15,660.16,-577.64,-1.52,-0.30,-1.46,34.64
221,224585902,448.73,657.71,-581.05,-1.28,-0.43,-1.46,34.55
222,224589959,443.85,658.69,-584.47,-1.10,-0.55,-1.04,34.31
223,224594008,440.92,658.69,-583.01,-0.85,-0.79,-0.91,34.31
224,224599803,442.87,652.34,-580.57,-0.37,-0.91,-0.85,34.50
225,224603852,444.34,655.27,-575.20,0.06,-0.98,-0.55,34.50
226,224607902,448.73,651.86,-579.10,0.24,-1.10,-0.24,34.74
227,224611959,448.24,653.32,-581.05,0.43,-0.79,-0.43,34.40
228,224616008,445.80,651.37,-581.05,0.73,-0.61,-0.18,34.50
229,224621803,446.29,652.83,-576.66,0.55,-0.98,-0.49,34.64
230,224625852,443.36,655.76,-575.68,1.10,-0.67,-0.24,34.64
231,224629902,454.10,653.81,-573.73,1.46,-1.04,0.00,34.50
232,224633959,451.66,654.79,-568.85,1.28,-0.55,0.00,34.64
233,224638008,453.61,662.11,-572.75,1.22,-0.24,-0.18,34.55
234,224643803,451.66,666.02,-564.45,1.34,-0.06,-0.37,34.40
235,224647852,454.10,659.67,-565.92,1.28,0.12,-0.55,34.50
236,224651902,454.10,673.34,-560.06,1.65,-0.18,-0.98,34.50
237,224655959,452.15,669.92,-558.11,1.52,-0.12,-1.16,34.55
238,224660008,451.66,672.36,-559.08,1.89,-0.24,-1.10,34.55
239,224665803,447.27,676.76,-562.01,1.77,-0.61,-1.28,34.40
240,224669852,455.57,683.11,-566.41,1.89,-1.10,-1.65,34.50
241,224673902,454.10,680.18,-573.24,1.83,-0.85,-1.95,34.40
242,224677959,444.82,683.11,-562.50,2.20,-1.16,-2.07,34.36
243,224682008,445.80,676.27,-569.82,2.13,-1.04,-2.01,34.31
244,224687803,451.66,669.43,-571.29,2.20,-0.98,-2.01,34.31
245,224691852,454.59,665.53,-575.20,1.52,0.06,-1.71,34.40
246,224695902,448.73,666.99,-571.78,0.61,0.79,-1.59,34.40
247,224699959,442.38,666.02,-570.31,0.37,1.71,-1.59,34.40
248,224704008,439.94,658.69,-579.59,-0.30,2.26,-1.40,34.21
249,224709803,431.64,657.71,-577.15,-0.24,2.62,-1.40,34.40
250,224713852,430.66,664.06,-577.64,-0.24,2.26,-1.28,34.74
251,224717902,437.01,658.69,-577.64,-0.18,2.56,-1.10,34.40
252,224721959,438.48,655.27,-578.61,0.06,2.26,-0.43,34.40
253,224726008,433.59,649.90,-580.08,0.06,2.20,-0.43,34.36
254,224731803,427.25,649.41,-578.61,0.37,1.77,0.12,34.50
255,224735852,426.27,652.34,-577.64,0.37,1.10,0.73,34.50
256,224739902,428.71,653.81,-581.05,0.49,0.67,0.73,34.50
257,224743959,433.11,651.37,-583.98,0.30,0.67,0.91,34.55
258,224748008,442.87,653.32,-579.59,0.18,0.73,0.85,34.21
259,224753803,443.85,661.62,-579.59,0.00,1.28,0.85,34.31
260,224757852,443.85,656.74,-585.45,-0.30,1.34,0.98,34.74
261,224761902,439.94,664.55,-583.50,-0.37,1.59,0.85,34.31
262,224765959,439.45,662.60,-584.96,-0.73,1.65,0.73,34.40
263,224770008,437.99,664.06,-579.59,-0.79,1.40,0.73,34.55
264,224775803,436.52,664.06,-586.91,-0.79,0.79,1.10,34.40
265,224779852,436.52,667.97,-584.47,-0.67,0.49,0.79,34.69
266,224783902,438.96,671.87,-583.98,-0.49,0.43,0.49,34.31
267,224787959,439.45,672.85,-580.57,-0.85,0.30,0.43,34.40
268,224793803,438.96,671.87,-574.22,-0.79,0.18,0.55,34.74
269,224797852,444.34,674.32,-571.78,-1.04,0.55,0.79,34.40
270,224801902,435.55,673.83,-567.87,-0.91,0.37,0.79,34.36
271,224805959,439.45,671.39,-572.75,-0.91,0.18,0.61,34.31
272,224810008,440.92,669.43,-572.75,-1.16,-0.43,0.24,34.50
273,224815803,443.85,672.85,-571.29,-1.34,-0.24,0.30,34.40
274,224819852,446.29,669.43,-573.24,-1.28,-1.16,0.24,34.40
275,224823902,444.82,671.39,-572.75,-1.59,-1.46,0.06,34.36
276,224827959,447.27,668.95,-571.29,-1.59,-1.65,0.00,34.40
277,224832008,453.12,672.36,-565.43,-1.95,-2.07,0.00,34.50
278,224837803,453.61,672.85,-567.87,-2.13,-2.13,-0.30,34.36
279,224841852,453.12,667.97,-564.94,-2.68,-1.59,-0.61,34.50
280,224845902,450.20,666.99,-564.45,-2.99,-1.46,-0.79,34.40
281,224849959,458.01,669.43,-574.22,-3.17,-1.71,-0.55,34.50
282,224854008,455.57,668.46,-574.71,-3.29,-1.95,-0.98,34.40
283,224859803,451.17,672.85,-581.05,-3.29,-2.32,-0.91,34.64
284,224863852,451.17,668.46,-580.08,-3.23,-2.62,-1.10,34.64
285,224867902,455.08,669.43,-577.64,-3.17,-3.29,-0.73,34.64
286,224871959,462.40,669.43,-571.29,-3.17,-3.35,-0.85,34.36
287,224876008,461.91,669.43,-578.61,-3.66,-3.35,-0.91,34.55
288,224881803,460.94,670.41,-577.64,-3.54,-3.17,-0.98,34.21
289,224885852,458.01,664.06,-582.52,-3.66,-2.99,-1.16,34.40
290,224889902,458.01,662.11,-582.52,-3.84,-3.05,-0.85,34.40
291,224893959,457.52,662.60,-583.98,-3.60,-2.93,-1.22,34.50
292,224898008,451.66,660.16,-581.54,-3.54,-3.41,-1.16,34.64
293,224903803,449.22,661.13,-584.96,-3.29,-3.90,-0.79,34.21
294,224907852,447.75,652.83,-582.03,-2.68,-4.15,-0.73,34.40
295,224911902,450.20,652.83,-572.27,-2.99,-4.45,-0.67,34.50
296,224915959,456.54,655.76,-577.15,-2.80,-4.57,-0.67,34.50
297,224920008,450.20,653.32,-571.29,-2.93,-4.09,-0.85,34.40
298,224925803,455.08,652.34,-571.78,-2.68,-4.15,-0.67,34.31
299,224929852,451.66,657.71,-572.27,-2.44,-4.33,-0.79,34.02
300,224933902,450.68,656.74,-570.80,-2.56,-4.09,-0.79,34.40
301,224937959,447.75,657.23,-565.43,-2.74,-4.02,-0.55,34.40
302,224942008,459.96,656.74,-564.94,-2.68,-4.09,-0.24,34.21
303,224947803,457.03,662.11,-564.94,-2.93,-4.02,0.00,34.50
304,224951852,451.17,662.60,-562.99,-3.17,-3.84,0.43,34.40
305,224955902,452.15,663.09,-558.11,-3.35,-3.78,0.43,34.64
306,224959959,450.68,671.39,-554.20,-4.02,-3.54,0.73,34.50
307,224964008,445.31,672.85,-551.76,-3.96,-3.23,0.61,34.74
308,224969803,447.75,670.90,-553.71,-4.15,-2.99,0.49,34.64
309,224973852,439.94,667.48,-551.76,-4.39,-2.68,0.43,34.64
310,224977902,439.45,667.97,-547.36,-4.57,-2.87,0.79,34.31
311,224981959,438.96,675.29,-544.92,-4.45,-2.87,0.91,34.64
312,224986008,439.94,672.36,-547.85,-4.63,-2.93,0.79,34.55
313,224991803,436.52,667.97,-548.34,-4.70,-2.26,0.61,34.50
314,224995852,439.45,668.46,-543.46,-4.57,-1.95,0.37,34.55
315,224999902,438.48,666.99,-545.90,-4.70,-1.71,0.49,34.21
316,225003959,442.38,671.39,-546.88,-4.57,-1.34,0.00,34.55
317,225009803,443.36,659.67,-547.85,-4.70,-0.91,0.18,34.50
318,225013852,434.57,664.55,-547.85,-4.39,-0.85,0.24,34.36
319,225017902,445.31,659.18,-546.39,-4.63,-1.10,0.24,34.69
320,225021959,438.48,662.60,-542.97,-4.45,-1.04,0.30,34.21
321,225026008,443.85,663.09,-547.85,-4.51,-0.73,0.43,34.21
322,225030058,443.36,665.53,-549.32,-4.27,-0.73,0.24,34.40
323,225035803,442.87,664.55,-547.85,-4.33,-0.85,0.37,34.50
324,225039852,440.92,667.97,-546.88,-4.39,-0.73,0.37,34.64
325,225043902,450.68,665.04,-548.83,-4.45,-0.79,0.37,34.50
326,225047959,451.17,673.34,-547.85,-4.09,-0.30,0.18,34.64
327,225053803,453.61,670.41,-549.80,-4.15,-0.18,0.24,34.64
328,225057852,448.24,673.83,-559.08,-4.09,-0.24,0.18,34.50
329,225061902,448.73,670.41,-560.06,-4.02,-0.37,0.18,34.64
330,225065959,444.82,668.46,-561.52,-3.35,-0.55,0.12,34.31
331,225070008,447.27,676.27,-559.57,-3.11,-0.85,-0.06,34.40
332,225075803,448.24,677.73,-568.85,-2.87,-0.73,-0.18,34.55
333,225079852,455.57,671.39,-567.38,-2.56,-0.55,-0.43,34.93
334,225083902,453.61,668.46,-569.34,-2.50,-0.37,-0.18,34.64
335,225087959,451.17,667.97,-568.85,-2.20,0.00,-0.43,34.64
336,225092008,450.68,666.50,-572.27,-2.32,0.24,-0.61,34.74
337,225097803,449.71,666.50,-572.27,-2.26,0.30,-0.49,34.40
338,225101852,443.85,670.41,-574.22,-2.50,0.43,-0.98,34.31
339,225105902,440.92,673.83,-567.87,-2.20,1.04,-0.91,34.64
340,225109959,439.94,669.92,-570.31,-1.95,1.22,-0.91,34.69
341,225114008,444.82,673.34,-570.31,-1.89,1.22,-0.98,34.69
342,225119803,439.94,675.29,-569.34,-1.65,1.10,-1.40,34.36
343,225123852,437.50,675.78,-569.34,-1.46,1.10,-1.10,34.40
344,225127902,435.55,671.39,-568.85,-1.40,0.79,-1.59,34.64
345,225131959,439.45,673.34,-569.34,-1.22,0.79,-1.22,34.64
346,225136008,440.43,675.78,-573.24,-0.98,0.61,-1.16,34.40
347,225141803,438.96,677.25,-582.03,-0.55,0.00,-1.28,34.31
348,225145852,445.31,672.85,-582.52,-0.06,-0.85,-1.34,34.36
349,225149902,448.73,676.27,-586.91,-0.12,-0.91,-1.16,34.50
350,225153959,453.61,676.76,-579.10,-0.06,-0.85,-1.04,34.40
351,225158008,456.54,673.34,-576.66,-0.12,-0.24,-1.34,34.40
352,225163803,464.36,676.76,-573.73,-0.61,0.49,-1.28,34.50
353,225167852,463.38,673.83,-570.31,-0.67,1.52,-1.46,34.64
354,225171902,463.87,673.83,-574.22,-1.16,2.20,-1.83,34.64
355,225175959,454.59,672.36,-572.27,-1.04,2.20,-1.77,34.83
356,225180008,448.73,671.87,-574.71,-1.22,2.01,-1.22,34.31
357,225185803,443.36,671.87,-566.41,-0.98,1.34,-1.16,34.21
358,225189852,445.80,674.32,-554.69,-1.04,0.91,-0.67,34.55
359,225193902,450.68,680.18,-555.66,-1.10,0.61,-0.98,34.69
360,225197959,445.80,686.04,-550.29,-1.83,0.85,-0.98,34.55
361,225202008,449.22,685.55,-545.90,-2.32,1.46,-1.22,34.36
362,225207803,447.27,690.43,-545.41,-2.80,1.95,-1.52,34.50
363,225211852,436.52,692.38,-545.90,-3.41,2.44,-1.71,34.64
364,225215902,434.08,691.41,-546.39,-3.72,2.44,-1.59,34.36
365,225219959,423.83,692.38,-548.83,-3.66,2.01,-2.01,34.50
366,225224008,423.83,691.41,-549.32,-3.78,1.52,-1.89,34.36
367,225229803,421.87,692.87,-548.34,-3.72,1.28,-1.83,34.55
368,225233852,423.34,692.87,-547.85,-3.84,0.24,-2.26,34.50
369,225237902,432.13,689.94,-547.85,-3.60,0.12,-2.32,34.64
370,225241959,425.78,693.85,-547.36,-3.60,-0.24,-2.38,34.64
371,225247803,436.52,690.92,-547.36,-3.72,-0.06,-2.32,34.40
372,225251852,430.18,691.89,-548.83,-3.66,-0.18,-2.38,34.40
373,225255902,435.06,693.36,-545.41,-3.90,-0.37,-2.32,34.64
374,225259959,440.92,686.52,-543.95,-3.66,-0.85,-2.50,34.31
375,225264008,442.38,690.92,-548.34,-3.72,-1.04,-2.68,34.40
376,225269803,446.29,691.41,-549.32,-3.90,-1.22,-2.62,34.64
377,225273852,450.20,683.11,-545.41,-3.84,-1.34,-2.99,34.50
378,225277902,450.68,678.71,-546.88,-3.96,-1.28,-3.05,34.50
379,225281959,448.73,679.20,-547.85,-3.84,-1.22,-2.99,34.40
380,225286008,450.68,676.27,-543.95,-4.21,-0.85,-2.99,34.36
381,225291803,447.75,676.27,-542.48,-4.39,-1.04,-3.05,34.50
382,225295852,454.10,682.13,-551.76,-4.33,-1.16,-3.05,34.69
383,225299902,455.08,678.22,-548.83,-4.33,-1.34,-2.87,34.40
384,225303959,452.15,677.25,-552.73,-4.15,-1.40,-3.17,34.50
385,225308008,457.03,679.20,-552.73,-4.57,-1.71,-3.11,34.69
386,225313803,451.17,674.80,-552.25,-4.39,-1.65,-2.99,34.50
387,225317852,448.73,678.71,-552.73,-4.27,-1.52,-2.74,34.64
388,225321902,450.68,675.78,-560.06,-4.15,-1.89,-2.56,34.64
389,225325959,458.98,673.83,-562.50,-3.90,-1.77,-2.32,34.69
390,225330008,459.96,671.87,-563.48,-3.48,-2.13,-2.20,34.64
391,225335803,457.52,675.29,-568.36,-3.05,-2.50,-1.65,34.50
392,225339852,454.59,673.83,-570.80,-2.80,-2.68,-1.40,34.31
393,225343902,457.03,670.90,-575.68,-2.44,-2.68,-1.40,34.64
394,225347959,454.10,669.92,-580.08,-2.07,-2.68,-1.34,34.55
395,225352008,459.96,672.85,-583.01,-2.13,-2.07,-1.16,34.31
396,225357803,462.89,671.87,-583.50,-1.95,-2.38,-0.91,34.50
397,225361852,468.26,665.53,-589.36,-1.71,-2.20,-0.79,34.31
398,225365902,467.29,670.41,-593.26,-1.22,-2.38,-0.61,34.55
399,225369959,462.40,669.43,-588.87,-0.67,-2.50,-0.30,34.88
400,225374008,457.52,665.04,-584.96,-0.61,-2.44,0.06,34.12
401,225379803,463.38,663.57,-586.43,-0.73,-2.38,0.18,34.31
402,225383852,460.45,655.76,-585.45,-0.30,-2.13,0.12,34.50
403,225387902,459.96,656.74,-581.05,-0.24,-2.13,0.12,34.69
404,225391959,458.01,659.18,-575.68,0.00,-2.20,0.18,34.50
405,225396008,458.98,658.20,-575.20,0.06,-2.26,0.37,34.21
406,225401803,461.43,657.23,-571.78,0.24,-2.38,0.30,34.50
407,225405852,464.84,660.64,-566.41,0.06,-1.95,0.30,34.69
408,225409902,458.01,652.83,-564.94,0.30,-1.71,0.12,34.64
409,225413959,456.54,664.06,-565.92,0.30,-1.34,0.24,34.55
410,225418008,451.66,659.67,-564.45,0.37,-0.85,0.24,34.69
411,225423803,447.27,660.16,-564.45,0.55,-1.46,0.43,34.50
412,225427852,450.68,658.20,-566.89,0.67,-1.46,0.67,34.64
413,225431902,448.24,664.06,-562.99,0.85,-2.13,0.91,34.50
414,225435959,441.41,668.46,-564.94,0.85,-2.13,0.85,34.69
415,225440008,440.43,662.11,-563.48,1.04,-2.32,1.16,34.50
416,225445803,440.92,666.02,-559.57,1.28,-2.50,0.91,34.40
417,225449852,436.04,668.46,-559.57,0.98,-2.80,1.10,34.36
418,225453902,437.99,672.85,-560.06,0.67,-2.68,1.10,34.36
419,225457959,438.96,668.46,-551.76,0.61,-2.26,1.40,34.64
420,225463803,435.06,672.36,-549.32,0.49,-2.44,1.22,34.36
421,225467852,439.94,670.90,-552.25,0.43,-2.38,1.28,34.50
422,225471902,443.85,677.73,-550.29,0.61,-2.44,1.65,34.64
423,225475959,439.45,678.22,-547.85,0.37,-2.44,1.95,34.31
424,225480008,439.94,676.76,-544.92,0.18,-2.44,1.83,34.64
425,225485803,438.48,676.27,-545.90,0.06,-2.13,1.71,34.50
426,225489852,443.36,678.22,-545.90,-0.12,-1.95,1.83,34.64
427,225493902,439.94,680.66,-546.88,0.06,-2.01,1.77,34.64
428,225497959,441.89,678.71,-547.36,-0.06,-1.83,1.83,34.31
429,225502008,441.89,678.22,-538.09,-0.49,-1.89,1.52,34.74
430,225507803,444.34,680.66,-541.02,-0.67,-1.89,1.65,34.55
431,225511852,441.41,682.13,-542.48,-0.98,-1.71,1.71,34.55
432,225515902,436.52,681.64,-541.99,-1.22,-2.01,1.89,34.40
433,225519959,439.94,681.15,-541.50,-1.28,-1.83,1.65,34.40
434,225524008,437.01,678.71,-543.46,-1.52,-1.59,1.65,34.50
435,225529803,441.89,678.71,-540.53,-1.59,-1.28,1.46,34.64
436,225533852,434.57,683.11,-540.04,-1.52,-1.22,1.22,34.64
437,225537902,434.57,680.18,-550.78,-1.83,-1.28,1.22,34.40
438,225541959,438.48,685.55,-545.90,-1.89,-1.46,0.98,34.69
439,225546008,438.96,684.08,-547.36,-1.77,-1.46,1.10,34.83
440,225551803,436.52,684.57,-542.97,-1.77,-1.40,0.85,34.36
441,225555852,435.55,684.57,-541.50,-1.95,-0.73,0.55,34.40
442,225559902,436.04,682.13,-549.32,-2.07,-1.04,0.55,34.74
443,225563959,434.08,678.71,-545.90,-1.89,-0.61,0.30,34.64
444,225568008,439.45,675.78,-545.90,-1.71,-0.91,0.24,34.31
445,225573803,442.38,679.20,-553.22,-1.77,-1.04,0.49,34.36
446,225577852,431.15,690.92,-557.62,-1.34,-1.22,0.61,34.31
447,225581902,431.15,687.01,-553.71,-1.28,-1.10,0.55,34.64
448,225585959,435.55,682.62,-556.64,-1.16,-1.16,0.24,34.31
449,225590008,437.99,681.15,-554.69,-1.40,-1.34,-0.18,34.31
450,225595803,444.82,682.62,-553.22,-1.83,-0.85,-0.12,34.36
451,225599852,438.96,676.76,-553.22,-1.52,-0.49,-0.24,34.40
452,225603902,438.96,680.18,-557.13,-1.52,-0.12,-0.12,34.40
453,225607959,440.92,675.29,-559.57,-1.52,0.06,-0.06,34.50
454,225612008,443.85,679.69,-562.01,-1.28,0.24,-0.18,34.21
455,225617803,440.92,683.59,-563.96,-1.22,0.18,-0.37,34.88
456,225621852,441.89,677.73,-560.55,-1.28,0.61,-0.49,34.40
457,225625902,439.94,677.25,-562.01,-1.10,0.79,-0.30,34.69
458,225629959,437.50,678.22,-562.50,-0.98,0.98,-0.18,34.50
459,225634008,440.43,674.32,-563.96,-1.10,1.40,-0.24,34.36
460,225639803,439.45,680.18,-558.11,-0.79,1.10,-0.55,34.69
461,225643852,439.94,676.27,-560.55,-0.55,1.52,-0.55,34.50
462,225647902,443.85,677.73,-559.57,-0.67,1.40,-0.61,34.16
463,225651959,441.89,678.71,-562.50,-0.67,1.71,-0.73,34.50
464,225656008,437.99,677.25,-565.92,-0.37,2.13,-0.67,34.40
465,225661803,436.04,677.73,-568.36,-0.37,2.01,-0.85,34.64
466,225665852,435.55,680.18,-566.41,-0.06,2.20,-0.79,34.31
467,225669902,438.48,682.13,-564.94,0.06,1.89,-0.79,34.36
468,225673959,436.04,678.22,-566.89,-0.06,1.83,-0.98,34.50
469,225679803,437.01,679.20,-563.96,0.37,2.01,-1.04,34.64
470,225683852,442.87,678.22,-571.29,0.24,1.65,-0.91,34.50
471,225687902,444.34,682.13,-572.27,0.37,1.40,-1.16,34.64
472,225691959,439.94,681.15,-573.73,0.55,1.16,-1.16,34.40
473,225696008,440.92,682.13,-575.68,0.61,1.10,-1.10,34.69
474,225701803,445.31,683.59,-572.27,0.55,1.16,-1.22,34.83
475,225705852,443.36,684.08,-570.31,0.55,0.85,-1.16,34.40
476,225709902,442.38,683.11,-564.45,0.43,1.04,-1.22,34.64
477,225713959,442.87,681.64,-566.89,0.55,0.91,-1.40,34.40
478,225718008,437.99,683.59,-572.75,0.55,1.28,-1.16,34.40
479,225723803,440.92,675.29,-564.45,0.55,1.40,-1.40,34.55
480,225727852,439.45,671.87,-570.80,0.37,1.52,-1.28,34.40
481,225731902,441.41,671.87,-566.41,0.91,1.16,-1.04,34.64
482,225735959,433.11,670.90,-573.24,0.73,0.79,-0.98,34.21
483,225740008,436.04,674.32,-571.78,0.79,0.55,-0.67,34.50
484,225745803,444.34,674.32,-571.29,0.85,0.30,-0.79,34.69
485,225749852,445.80,673.83,-575.68,0.91,0.85,-0.61,34.64
486,225753902,443.85,669.43,-567.38,0.79,1.16,-0.61,34.64
487,225757959,434.57,678.22,-572.75,0.67,0.91,-0.55,34.40
488,225762008,439.45,672.85,-572.27,0.73,0.85,-0.55,34.74
489,225767803,437.50,671.87,-572.27,0.85,0.85,-0.79,34.40
490,225771852,436.04,668.46,-568.85,1.16,0.37,-0.67,34.21
491,225775902,437.01,673.83,-566.89,1.22,0.30,-0.61,34.40
492,225779959,436.52,671.39,-568.36,1.04,0.49,-0.61,34.50
493,225784008,433.11,667.48,-565.92,0.91,0.85,-0.37,34.55
494,225789803,436.04,672.36,-568.85,1.16,0.67,-0.30,34.31
495,225793852,433.11,674.80,-573.24,1.10,0.49,-0.18,34.21
496,225797902,428.22,674.32,-572.75,1.10,-0.06,-0.37,34.50
497,225801959,425.29,678.22,-570.31,1.40,-0.79,-0.18,34.50
498,225806008,434.57,677.25,-567.38,1.22,-0.98,0.24,34.40
499,225811803,433.59,676.27,-569.82,1.16,-1.40,0.55,34.40
500,225815852,441.89,681.64,-565.92,0.85,-1.46,0.49,34.12
501,225819902,439.45,676.76,-562.01,0.91,-1.28,0.61,34.50
502,225823959,440.43,677.25,-560.06,0.67,-1.40,0.43,34.64
503,225828008,439.45,685.06,-563.96,0.49,-1.65,0.85,34.40
504,225833803,437.99,675.78,-556.15,0.18,-1.46,1.16,34.69
505,225837852,445.31,682.62,-557.62,-0.12,-1.59,0.91,34.64
506,225841902,440.92,675.29,-554.20,-0.37,-1.52,0.98,34.40
507,225845959,440.92,677.25,-559.08,-0.61,-1.34,1.04,34.40
508,225850008,444.34,676.76,-556.64,-0.73,-1.22,0.85,34.31
509,225855803,442.87,672.36,-558.59,-0.98,-1.40,0.98,34.64
510,225859852,439.94,683.11,-563.48,-0.67,-1.59,1.10,34.40
511,225863902,437.50,678.22,-555.18,-0.98,-1.46,1.59,34.36
512,225867959,441.41,680.66,-553.22,-1.10,-1.40,1.77,34.55
513,225872008,437.99,673.83,-554.69,-0.85,-1.10,1.34,34.36
514,225877803,437.99,677.73,-558.59,-1.28,-1.22,1.65,34.40
515,225881852,434.57,681.15,-558.59,-1.34,-1.34,1.59,34.55
516,225885902,439.45,675.29,-561.52,-1.59,-1.22,1.59,34.36
517,225889959,439.94,675.78,-559.08,-1.65,-0.85,1.46,34.50
518,225895803,434.57,681.64,-560.06,-1.59,-0.61,1.40,34.40
519,225899852,432.13,680.66,-563.48,-1.65,-0.55,1.52,34.64
520,225903902,430.66,674.80,-566.41,-1.77,-0.37,1.46,34.93
521,225907959,435.06,674.80,-567.87,-1.28,-0.61,1.34,34.36
522,225912008,435.06,677.73,-572.75,-1.28,-1.40,1.40,34.55
523,225916058,430.18,676.76,-566.41,-0.98,-1.77,1.59,34.64
524,225921803,431.15,676.27,-562.01,-0.91,-1.34,1.52,34.64
525,225925852,434.57,676.27,-566.89,-0.85,-1.65,1.71,34.64
526,225929902,434.57,682.13,-565.43,-0.98,-1.77,1.59,34.40
527,225933959,438.48,680.18,-566.89,-0.55,-2.07,1.59,34.64
528,225939803,439.94,684.57,-567.38,-0.43,-1.83,1.46,34.69
529,225943852,440.43,679.69,-565.43,-0.18,-1.89,1.28,34.40
530,225947902,442.87,679.69,-566.89,-0.18,-1.59,1.10,34.69
531,225951959,441.41,680.18,-569.82,0.12,-1.40,0.85,34.50
532,225956008,443.36,676.76,-566.89,-0.30,-1.22,0.91,34.50
533,225961803,440.92,675.78,-569.34,-0.37,-0.79,0.73,34.74
534,225965852,438.96,679.20,-569.82,-0.43,-0.55,0.49,34.55
535,225969902,440.43,677.25,-566.89,-0.43,-0.73,0.49,34.55
536,225973959,437.99,679.20,-566.41,0.00,-1.04,0.49,34.50
537,225978008,436.52,675.29,-570.80,0.12,-2.01,0.67,34.40
538,225983803,438.48,678.22,-569.82,0.06,-2.01,0.49,34.40
539,225987852,441.89,674.32,-562.50,0.43,-2.44,0.55,34.31
540,225991902,441.89,679.20,-562.50,0.12,-2.20,0.49,34.36
541,225995959,441.41,674.80,-562.99,0.12,-2.20,0.55,34.64
542,226000008,437.99,676.76,-559.08,0.18,-1.95,0.30,34.74
543,226005803,440.43,679.20,-562.01,0.12,-1.77,0.73,34.31
544,226009852,439.94,681.64,-564.45,0.06,-1.65,0.30,34.31
545,226013902,434.08,682.62,-561.52,0.00,-1.83,0.30,34.40
546,226017959,438.48,680.18,-562.50,-0.06,-1.28,0.37,34.40
547,226022008,439.45,679.20,-558.59,-0.06,-1.28,0.12,34.50
548,226027803,437.50,676.76,-562.50,-0.18,-1.16,0.00,34.31
549,226031852,437.01,681.15,-562.99,0.06,-1.04,0.12,34.50
550,226035902,437.99,684.08,-561.52,0.12,-1.04,0.37,34.50
551,226039959,434.57,680.66,-569.82,-0.24,-0.85,0.12,34.83
552,226044008,435.06,680.66,-567.38,0.12,-0.98,0.18,34.40
553,226049803,434.08,683.59,-560.55,-0.06,-0.85,0.06,34.64
554,226053852,437.01,672.85,-566.41,-0.18,-0.43,0.43,34.50
555,226057902,435.55,679.69,-561.04,0.06,-0.67,0.24,34.64
556,226061959,431.64,676.76,-560.06,-0.30,-0.55,0.24,34.55
557,226066008,435.06,679.20,-558.59,0.12,-0.73,0.37,34.16
558,226071803,433.11,677.25,-561.52,-0.06,-1.10,0.24,34.55
559,226075852,431.15,674.32,-561.04,0.12,-1.34,0.30,34.64
560,226079902,435.06,677.25,-557.62,0.61,-1.22,0.30,34.55
561,226083959,436.52,676.27,-558.11,0.30,-1.34,0.18,34.64
562,226088008,437.99,673.83,-559.57,0.06,-0.85,0.06,34.50
563,226093803,439.94,676.76,-561.52,0.37,-0.55,-0.24,34.40
564,226097852,437.99,673.83,-564.94,-0.18,-0.43,-0.30,34.36
565,226101902,441.89,671.87,-560.55,0.12,-0.49,-0.37,34.36
566,226105959,436.04,669.43,-564.94,0.24,-0.49,-0.24,34.50
567,226110008,439.94,669.43,-562.50,0.18,-0.67,-0.30,34.40
568,226115803,435.06,675.78,-563.48,0.37,-1.28,0.06,34.40
569,226119852,437.99,675.78,-558.11,0.12,-1.77,-0.06,34.64
570,226123902,440.43,673.34,-560.06,0.12,-1.83,-0.30,34.21
571,226127959,440.92,678.22,-559.57,-0.06,-1.46,-0.12,34.50
572,226133803,441.89,676.76,-558.59,0.00,-1.40,-0.37,34.74
573,226137852,443.36,673.83,-561.52,0.06,-1.28,-0.30,34.40
574,226141902,441.89,676.76,-563.48,-0.12,-1.16,-0.18,34.74
575,226145959,448.24,677.73,-561.52,-0.12,-0.67,0.06,34.31
576,226150008,446.29,673.34,-559.08,-0.30,-0.49,-0.06,34.50
577,226155803,439.45,675.78,-565.92,-0.24,0.00,0.00,34.64
578,226159852,433.59,669.43,-566.41,-0.49,-0.24,-0.12,34.50
579,226163902,437.50,674.32,-564.45,0.06,-0.24,0.00,34.40
580,226167959,435.55,679.20,-569.34,-0.12,-0.91,0.00,34.21
581,226172008,433.59,674.32,-569.34,0.00,-0.98,0.24,34.64
582,226177803,433.59,676.76,-568.36,-0.24,-1.10,-0.06,34.40
583,226181852,436.52,673.83,-562.50,-0.12,-1.40,0.43,34.50
584,226185902,438.96,671.87,-566.89,-0.12,-1.59,0.43,34.64
585,226189959,439.45,669.92,-565.43,0.24,-1.10,0.55,34.64
586,226194008,439.94,677.73,-565.92,0.00,-1.34,0.67,34.40
587,226199803,442.38,676.27,-566.89,-0.06,-1.04,0.49,34.50
588,226203852,440.92,673.34,-564.45,-0.37,-0.85,0.37,34.40
589,226207902,437.99,672.36,-563.48,-0.30,-0.61,0.43,34.40
590,226211959,438.96,671.39,-567.87,-0.30,-0.30,0.24,34.50
591,226216008,436.04,672.85,-569.34,-0.30,-0.55,0.24,34.69
592,226221803,437.01,674.80,-569.34,-0.43,-0.98,0.61,34.36
593,226225852,433.11,679.20,-562.99,-0.12,-1.04,0.18,34.31
594,226229902,438.48,677.73,-560.06,-0.30,-1.04,0.18,34.55
595,226233959,438.48,676.27,-561.04,-0.49,-0.91,0.24,34.50
596,226238008,437.50,674.80,-564.94,-0.73,-0.55,-0.18,34.69
597,226243803,442.38,676.27,-566.41,-0.55,-0.30,-0.12,34.40
598,226247852,436.52,674.80,-565.43,-0.73,-0.12,-0.30,34.40
599,226251902,434.57,673.83,-566.41,-0.91,-0.24,-0.24,34.74
600,226255959,434.57,674.32,-567.87,-0.91,0.06,0.00,34.64
601,226260008,437.99,674.32,-570.80,-0.55,-0.24,0.00,34.31
602,226265803,435.06,676.27,-572.75,-0.67,-0.43,-0.30,34.21
603,226269852,433.59,677.73,-570.31,-1.04,-0.79,0.24,34.40
604,226273902,436.52,672.85,-569.34,-0.91,-0.85,0.00,34.50
605,226277959,432.62,671.39,-567.38,-0.85,-0.49,0.00,34.55
606,226282008,432.13,678.71,-565.92,-1.40,0.24,0.18,34.21
607,226287803,430.66,677.73,-565.43,-1.34,0.85,-0.18,34.50
608,226291852,430.18,676.76,-566.89,-1.34,1.04,-0.06,34.40
609,226295902,426.27,680.18,-563.48,-1.40,0.91,0.12,34.21
610,226299959,425.78,677.73,-565.43,-1.34,0.85,-0.06,34.64
611,226304008,424.32,673.83,-567.87,-1.16,0.79,0.00,34.69
612,226309803,422.85,677.25,-566.89,-0.79,0.37,-0.12,34.40
613,226313852,422.85,684.08,-566.41,-0.43,0.12,-0.30,34.64
614,226317902,425.29,676.27,-562.01,-0.37,0.00,-0.43,34.02
615,226321959,427.73,679.69,-567.38,-0.24,-0.18,-0.37,34.50
616,226326008,429.69,682.62,-565.43,-0.24,0.00,-0.30,34.64
617,226331803,430.18,680.18,-563.96,-0.06,0.00,-0.61,34.64
618,226335852,431.15,675.78,-554.69,0.06,0.18,-0.30,34.31
619,226339902,427.73,676.76,-560.06,-0.06,0.00,-0.18,34.21
620,226343959,433.59,677.73,-560.55,-0.06,-0.12,-0.12,34.69
621,226349803,437.99,678.71,-562.01,-0.24,-0.55,-0.37,34.50
622,226353852,442.87,681.15,-568.36,-0.55,-0.79,0.00,34.64
623,226357902,445.31,684.57,-564.94,-0.24,-0.91,-0.12,34.40
624,226361959,440.92,684.08,-561.04,-0.43,-0.91,-0.12,34.36
625,226366008,445.31,678.22,-564.94,-0.73,-0.73,-0.12,34.64
626,226371803,444.34,677.73,-562.50,-1.04,-0.43,-0.24,34.64
627,226375852,439.45,679.69,-563.96,-1.34,0.18,-0.18,34.40
628,226379902,441.89,679.20,-562.99,-1.04,-0.12,0.06,34.21
629,226383959,442.38,687.01,-561.52,-1.28,0.00,0.00,34.40
630,226388008,437.50,687.99,-564.45,-1.10,0.18,-0.37,34.50
631,226393803,436.04,682.13,-565.43,-1.34,0.30,-0.24,34.50
632,226397852,431.64,678.71,-571.29,-1.22,0.18,-0.37,34.50
633,226401902,431.15,675.29,-564.94,-1.28,0.30,-0.12,34.50
634,226405959,420.90,675.78,-570.31,-0.98,-0.06,0.06,34.50
635,226410008,421.39,679.69,-571.78,-1.04,-0.67,0.24,34.64
636,226415803,414.06,672.85,-573.73,-0.73,-1.04,0.79,34.64
637,226419852,421.39,672.36,-568.85,-0.18,-1.89,0.91,34.74
638,226423902,426.27,678.71,-568.85,-0.24,-2.20,0.91,34.64
639,226427959,419.43,672.85,-573.73,-0.30,-2.50,0.91,34.40
640,226432008,420.90,674.32,-573.24,0.00,-2.32,0.73,34.64
641,226437803,418.46,679.69,-574.22,-0.12,-2.80,0.79,34.64
642,226441852,421.39,678.71,-572.27,0.06,-2.74,0.67,34.16
643,226445902,433.11,685.06,-573.73,-0.24,-2.62,0.30,34.64
644,226449959,426.27,683.11,-571.78,-0.43,-2.56,0.24,34.40
645,226454008,429.20,686.52,-567.87,-0.85,-2.26,0.12,34.55
646,226459803,433.59,684.08,-572.75,-1.40,-1.16,-0.55,34.31
647,226463852,421.39,680.66,-583.50,-1.65,-1.04,-0.98,34.36
648,226467902,411.62,679.69,-584.47,-1.83,-1.16,-0.98,34.64
649,226471959,411.13,687.01,-585.45,-1.65,-1.46,-0.61,34.69
650,226476008,408.20,690.43,-584.47,-1.89,-2.01,-0.85,34.36
651,226481803,404.30,692.87,-591.31,-2.13,-2.13,-0.98,34.31
652,226485852,396.00,692.38,-596.68,-2.13,-2.99,-0.79,34.55
653,226489902,388.18,689.94,-600.59,-2.26,-3.48,-1.04,34.64
654,226493959,383.30,694.34,-603.52,-2.44,-4.39,-0.61,34.21
655,226498008,378.91,690.92,-602.05,-2.20,-5.18,-0.55,34.36
656,226503803,374.51,694.34,-598.14,-2.26,-6.04,-0.18,34.50
657,226507852,367.68,703.61,-605.47,-2.56,-7.38,-0.06,34.36
658,226511902,371.09,702.64,-610.84,-2.26,-8.05,0.00,34.64
659,226515959,366.70,707.03,-611.33,-2.50,-8.96,0.00,34.31
660,226520008,363.77,707.52,-617.68,-2.62,-9.21,-0.06,34.50
661,226525803,356.45,707.52,-614.75,-2.44,-9.21,-0.37,34.64
662,226529852,351.56,707.03,-616.70,-2.68,-9.51,-0.73,34.55
663,226533902,352.54,704.10,-621.58,-3.17,-9.15,-1.10,34.83
664,226537959,349.12,704.59,-629.39,-3.48,-9.15,-1.22,34.50
665,226542008,345.70,701.17,-628.42,-3.54,-8.90,-1.83,34.36
666,226547803,343.75,704.10,-628.42,-3.90,-9.57,-1.65,34.40
667,226551852,336.43,706.54,-628.42,-4.15,-9.88,-2.56,34.64
668,226555902,336.43,707.03,-630.86,-4.45,-10.18,-3.23,34.40
669,226559959,340.33,711.91,-631.84,-4.39,-10.55,-3.66,34.64
670,226565803,339.36,716.80,-630.37,-5.18,-10.49,-4.88,34.50
671,226569852,340.82,719.24,-632.81,-6.16,-10.18,-5.91,34.50
672,226573902,339.84,721.68,-641.60,-6.46,-9.63,-7.26,34.40
673,226577959,323.73,732.91,-645.02,-6.89,-9.76,-7.80,34.31
674,226582008,324.22,738.77,-649.41,-7.13,-10.43,-8.41,34.31
675,226587803,313.96,749.02,-655.27,-7.20,-12.01,-10.00,34.64
676,226591852,304.20,757.81,-664.06,-7.62,-13.84,-11.71,34.69
677,226595902,297.36,757.81,-666.99,-7.93,-15.37,-13.11,34.69
678,226599959,299.32,759.28,-664.55,-7.99,-16.89,-14.09,34.21
679,226604008,290.04,767.58,-662.60,-8.23,-18.35,-15.61,34.50
680,226609803,284.18,773.93,-663.57,-7.99,-20.43,-16.89,34.64
681,226613852,279.79,782.71,-664.55,-7.62,-23.35,-18.90,34.31
682,226617902,282.71,786.62,-667.97,-7.74,-25.43,-20.12,34.40
683,226621959,286.13,789.06,-669.92,-7.44,-27.20,-21.34,34.40
684,226626008,285.64,791.02,-667.48,-7.07,-29.33,-22.38,34.55
685,226631803,288.57,803.22,-668.46,-6.46,-31.59,-23.23,34.50
686,226635852,288.57,816.89,-670.41,-6.40,-34.21,-24.82,34.69
687,226639902,293.46,830.57,-675.78,-6.34,-35.67,-26.16,34.69
688,226643959,296.88,852.05,-682.62,-6.83,-37.38,-28.29,34.55
689,226648008,294.43,864.75,-682.13,-7.01,-38.48,-30.55,34.64
690,226653803,292.48,875.98,-687.01,-7.56,-39.88,-32.99,34.02
691,226657852,280.76,887.21,-685.06,-7.99,-42.20,-35.79,34.50
692,226661902,276.37,894.04,-687.01,-7.80,-44.09,-37.44,34.64
693,226665959,274.90,901.86,-685.55,-7.99,-46.71,-39.82,34.64
694,226670008,273.44,907.71,-686.52,-7.80,-49.82,-41.77,34.40
695,226675803,266.60,913.09,-687.99,-7.62,-52.44,-43.41,34.50
696,226679852,273.93,919.43,-698.24,-7.87,-54.88,-46.10,34.55
697,226683902,282.71,925.29,-708.50,-8.48,-56.65,-47.68,34.50
698,226687959,292.97,934.57,-712.89,-9.33,-58.11,-50.00,34.55
699,226692008,294.92,931.64,-718.26,-10.30,-58.96,-52.50,34.40
700,226697803,298.83,937.99,-716.31,-11.71,-59.57,-54.88,34.40
701,226701852,289.55,941.89,-722.17,-12.93,-59.94,-57.80,34.36
702,226705902,287.60,940.92,-719.24,-14.15,-60.49,-60.00,34.40
703,226709959,284.67,939.94,-729.98,-15.12,-61.34,-63.11,34.50
704,226714008,277.34,938.96,-727.05,-16.34,-62.50,-65.79,34.40
705,226719803,276.86,937.99,-735.35,-16.40,-64.21,-68.35,34.50
706,226723852,269.04,941.41,-743.16,-17.26,-66.52,-71.52,34.50
707,226727902,258.79,941.41,-742.68,-17.99,-67.80,-73.29,34.50
708,226731959,251.95,942.38,-742.68,-18.66,-69.70,-76.16,34.55
709,226736008,236.33,936.52,-747.07,-19.02,-71.89,-78.41,34.21
710,226741803,224.61,942.38,-744.63,-19.45,-73.72,-81.10,34.55
711,226745852,209.96,947.75,-740.23,-19.45,-76.65,-83.41,34.50
712,226749902,194.82,958.50,-737.79,-19.39,-79.15,-85.06,34.50
713,226753959,186.04,962.89,-742.68,-19.21,-81.83,-87.01,34.50
714,226758008,170.41,972.66,-749.02,-18.84,-84.45,-88.96,34.40
715,226763803,149.90,981.45,-755.37,-19.02,-86.95,-91.59,34.55
716,226767852,135.25,983.89,-753.91,-18.84,-90.12,-94.57,34.40
717,226771902,122.07,983.40,-752.44,-18.60,-92.20,-95.79,34.31
718,226775959,116.21,996.09,-756.84,-18.35,-94.82,-97.93,34.55
719,226781803,107.42,995.12,-750.49,-17.80,-97.93,-99.51,34.40
720,226785852,71.78,1019.53,-789.06,-16.34,-102.26,-102.56,34.31
721,226789902,60.55,1018.07,-795.90,-15.91,-105.79,-105.00,34.40
722,226793959,34.67,1023.93,-801.76,-15.79,-108.78,-107.32,34.40
723,226798008,30.27,1034.67,-797.85,-15.30,-112.74,-110.55,34.55
724,226802058,21.48,1036.62,-792.48,-14.76,-117.26,-113.11,34.40
725,226807803,14.16,1045.90,-784.67,-14.57,-120.79,-115.79,34.64
726,226811852,1.46,1070.80,-766.11,-14.57,-124.57,-119.09,34.40
727,226815902,1.46,1097.66,-764.65,-14.27,-127.32,-121.34,34.31
728,226819959,5.86,1113.77,-768.55,-14.57,-129.45,-123.72,34.40
729,226825803,4.39,1134.28,-774.41,-15.06,-130.61,-126.65,34.40
730,226829852,-12.21,1163.09,-767.58,-16.71,-131.52,-130.43,34.64
731,226833902,-16.11,1176.27,-767.09,-17.80,-132.62,-134.21,34.40
732,226837959,-23.44,1185.06,-766.11,-18.96,-132.07,-137.20,34.36
733,226842008,-36.13,1184.08,-764.65,-21.34,-130.61,-141.22,34.50
734,226847803,-55.18,1179.20,-742.68,-23.29,-129.88,-145.18,34.40
735,226851852,-62.01,1174.32,-711.43,-24.76,-129.27,-148.72,34.64
736,226855902,-83.50,1169.43,-711.91,-26.16,-128.72,-151.59,34.40
737,226859959,-97.17,1169.92,-710.45,-26.77,-128.41,-153.48,34.55
738,226864008,-120.12,1169.43,-709.96,-27.32,-128.90,-155.49,34.69
739,226869803,-146.97,1164.06,-715.33,-27.44,-131.65,-156.71,34.40
740,226873852,-169.43,1160.64,-721.68,-26.83,-135.98,-158.41,34.40
741,226877902,-192.87,1154.30,-719.73,-26.28,-139.76,-159.27,34.64
742,226881959,-206.05,1152.34,-726.07,-25.12,-144.76,-160.67,34.36
743,226886008,-205.08,1153.81,-729.00,-24.45,-149.33,-161.34,34.40
744,226891803,-208.98,1153.81,-729.00,-23.35,-153.54,-161.16,34.31
745,226895852,-210.45,1159.67,-734.86,-23.23,-158.66,-161.65,34.21
746,226899902,-208.98,1159.18,-741.70,-22.93,-162.01,-162.07,34.64
747,226903959,-210.45,1160.16,-740.72,-23.05,-165.61,-161.59,34.64
748,226908008,-204.10,1157.23,-718.26,-23.90,-168.17,-161.46,34.40
749,226913803,-209.47,1165.53,-708.01,-25.00,-169.27,-160.79,34.31
750,226917852,-193.36,1161.62,-682.62,-26.83,-170.30,-160.85,34.31
751,226921902,-185.55,1152.34,-662.60,-28.17,-169.70,-160.55,34.36
752,226925959,-182.13,1146.48,-666.02,-29.82,-168.35,-160.43,34.55
753,226930008,-179.69,1117.68,-670.41,-32.68,-165.06,-160.73,34.50
754,226935803,-190.43,1088.87,-656.25,-35.00,-160.55,-161.22,34.16
755,226939852,-206.54,1048.34,-627.93,-37.62,-156.04,-160.12,34.50
756,226943902,-245.12,1021.97,-640.62,-38.72,-152.87,-159.76,34.50
757,226947959,-267.09,992.68,-630.37,-40.12,-150.43,-159.51,34.69
758,226952008,-301.76,963.87,-638.18,-41.46,-150.18,-157.20,34.36
759,226957803,-331.54,938.48,-639.65,-41.28,-150.91,-155.55,34.50
760,226961852,-356.93,929.20,-629.39,-40.30,-155.24,-152.56,34.40
761,226965902,-356.45,916.99,-614.26,-38.78,-159.21,-149.70,34.36
762,226969959,-350.10,914.55,-614.75,-37.38,-163.60,-146.16,34.36
763,226974008,-331.05,914.55,-612.79,-36.46,-165.49,-143.29,34.64
764,226979803,-319.82,897.95,-609.86,-36.22,-166.71,-140.61,34.64
765,226983852,-296.88,877.44,-608.40,-36.71,-166.52,-137.80,34.36
766,226987902,-288.57,870.12,-588.38,-38.05,-164.51,-136.22,34.40
767,226991959,-285.16,853.03,-575.20,-40.18,-159.51,-134.39,34.88
768,226996008,-272.95,810.55,-524.90,-42.56,-151.71,-131.65,34.21
769,227001803,-329.59,825.68,-557.62,-44.21,-144.57,-129.88,34.64
770,227005852,-347.17,801.76,-516.11,-46.34,-139.57,-127.50,34.40
771,227009902,-365.72,774.90,-518.07,-46.77,-136.71,-125.49,34.40
772,227013959,-388.18,750.98,-521.48,-46.95,-133.05,-122.99,34.64
773,227019803,-426.27,731.45,-519.53,-47.07,-130.67,-120.43,34.40
774,227023852,-464.36,723.63,-514.65,-45.55,-131.65,-116.89,34.36
775,227027902,-489.26,709.47,-518.55,-43.78,-132.99,-113.66,34.50
776,227031959,-513.18,704.59,-520.51,-42.26,-133.96,-110.85,34.40
777,227036008,-523.93,697.27,-509.28,-40.55,-135.06,-107.20,34.50
778,227041803,-535.16,688.48,-502.93,-38.41,-135.91,-103.54,34.55
779,227045852,-558.59,682.13,-489.26,-35.98,-136.95,-99.33,34.74
780,227049902,-569.82,677.25,-476.56,-33.90,-138.17,-94.76,34.36
781,227053959,-552.25,648.93,-424.80,-32.68,-139.15,-91.71,34.12
782,227058008,-592.77,675.78,-464.36,-29.76,-139.88,-86.16,34.64
783,227063803,-569.34,662.11,-442.87,-27.26,-141.65,-82.32,34.64
784,227067852,-593.75,646.97,-443.85,-25.06,-141.71,-77.50,34.50
785,227071902,-608.40,664.06,-409.67,-23.60,-143.84,-74.27,34.40
786,227075959,-579.10,679.69,-399.41,-21.71,-145.61,-70.85,34.50
787,227080008,-555.66,681.15,-390.62,-20.24,-145.61,-66.40,34.64
788,227085803,-546.88,678.22,-354.00,-20.73,-141.83,-62.13,34.55
789,227089852,-554.20,680.18,-307.62,-20.85,-135.18,-57.56,34.31
790,227093902,-568.36,675.29,-296.39,-20.61,-131.34,-55.24,34.64
791,227097959,-587.40,664.55,-307.62,-20.61,-126.89,-53.41,34.40
792,227102008,-599.12,648.93,-311.04,-20.43,-122.80,-51.10,34.93
793,227107803,-604.00,631.84,-301.76,-19.51,-120.49,-48.29,34.21
794,227111852,-604.98,621.09,-304.20,-16.77,-118.60,-43.72,34.40
795,227115902,-607.91,610.35,-306.15,-15.18,-116.59,-40.85,34.50
796,227119959,-617.19,605.96,-290.04,-13.60,-113.78,-37.87,34.50
797,227124008,-615.23,610.35,-279.30,-11.65,-110.98,-35.30,34.31
798,227129803,-624.51,609.86,-277.34,-10.06,-108.23,-32.87,34.31
799,227133852,-622.07,602.05,-273.44,-8.60,-104.57,-29.45,34.21
800,227137902,-623.54,594.73,-256.84,-7.80,-101.52,-27.26,34.50
801,227141959,-619.14,594.73,-241.70,-6.77,-97.62,-24.45,34.64
802,227146008,-615.23,593.26,-223.63,-5.73,-93.29,-21.10,34.40
803,227151803,-621.58,602.54,-223.63,-4.51,-89.15,-17.99,34.31
804,227155852,-620.12,604.00,-223.14,-4.27,-83.66,-15.43,34.50
805,227159902,-633.30,602.54,-222.17,-3.72,-79.02,-14.09,34.40
806,227163959,-655.27,611.33,-226.56,-3.60,-73.60,-13.05,34.31
807,227168008,-688.48,621.09,-209.96,-3.84,-69.02,-12.32,34.31
808,227173803,-694.34,615.72,-199.22,-3.05,-65.85,-10.98,34.50
809,227177852,-714.36,598.14,-184.57,-1.16,-62.99,-7.93,34.40
810,227181902,-721.68,593.75,-183.11,0.55,-61.77,-5.67,34.40
811,227185959,-727.54,592.77,-185.06,2.62,-59.39,-2.68,34.50
812,227190008,-728.52,585.45,-191.41,4.88,-57.68,1.04,34.55
813,227195803,-733.89,592.29,-194.34,7.01,-56.52,4.15,34.83
814,227199852,-740.23,595.21,-195.80,9.70,-56.46,7.32,34.50
815,227203902,-737.30,602.54,-199.71,11.16,-56.22,9.82,34.64
816,227207959,-734.37,604.98,-199.22,12.99,-55.06,12.13,34.50
817,227212008,-723.14,613.77,-190.92,14.39,-52.93,14.45,34.50
818,227217803,-718.75,618.65,-194.34,14.94,-50.30,16.71,34.55
819,227221852,-729.49,636.23,-206.54,15.24,-46.10,18.84,34.36
820,227225902,-746.58,648.93,-198.73,15.73,-43.90,19.63,34.36
821,227229959,-762.21,659.18,-184.57,16.83,-42.01,21.04,34.50
822,227235803,-759.28,677.25,-176.76,17.68,-40.85,22.62,34.55
823,227239852,-753.91,686.52,-183.59,18.84,-40.30,23.90,34.31
824,227243902,-747.56,687.01,-206.05,19.70,-39.51,24.45,34.40
825,227247959,-741.21,699.22,-209.96,19.70,-38.17,25.49,34.21
826,227252008,-745.61,708.01,-210.94,20.12,-36.04,26.16,34.40
827,227257803,-750.98,708.50,-205.57,20.79,-35.24,27.20,34.36
828,227261852,-741.70,707.03,-192.38,22.56,-34.70,28.60,34.50
829,227265902,-729.98,712.40,-177.25,24.09,-34.09,30.06,34.64
830,227269959,-715.33,720.70,-176.76,25.00,-32.62,31.28,34.40
831,227274008,-707.52,735.35,-162.11,25.43,-28.60,32.80,34.74
832,227279803,-706.05,741.70,-132.32,24.94,-22.50,34.51,34.50
833,227283852,-705.57,744.63,-88.38,24.27,-13.54,35.98,34.50
834,227287902,-727.54,731.93,-79.10,24.15,-6.40,37.38,34.50
835,227291959,-743.65,709.47,-86.43,24.39,-1.83,39.39,34.40
836,227296008,-755.37,687.01,-93.26,25.55,0.30,42.93,34.40
837,227301803,-778.32,673.34,-117.19,28.66,-0.24,47.20,34.40
838,227305852,-789.06,671.39,-149.90,33.90,-5.49,51.77,34.36
839,227309902,-769.04,674.32,-164.55,37.44,-10.55,54.51,34.64
840,227313959,-726.56,681.15,-177.25,41.83,-16.83,57.99,34.74
841,227318008,-686.52,680.18,-189.45,45.18,-21.22,61.40,34.64
842,227323803,-652.34,682.62,-195.31,46.89,-22.07,64.45,34.12
843,227327852,-617.68,687.01,-183.59,48.23,-20.43,67.50,34.36
844,227331902,-601.56,694.34,-185.55,48.72,-18.54,69.02,34.64
845,227335959,-594.73,699.71,-183.11,49.15,-14.82,69.88,34.55
846,227340008,-585.45,705.57,-173.83,49.21,-9.63,69.94,34.64
847,227345803,-584.96,708.01,-162.60,49.09,-5.30,70.00,34.31
848,227349852,-567.38,695.80,-147.46,49.45,-0.18,70.61,34.21
849,227353902,-548.34,675.78,-139.16,50.30,2.93,71.28,34.50
850,227357959,-541.50,660.64,-136.72,51.59,6.52,73.11,34.88
851,227362008,-529.79,652.83,-137.21,53.11,9.09,75.37,34.36
852,227367803,-524.41,641.11,-136.23,55.30,11.04,77.56,34.31
853,227371852,-491.21,642.58,-137.21,57.74,12.07,79.39,34.31
854,227375902,-457.52,639.65,-125.49,58.90,12.68,80.49,34.36
855,227379959,-424.32,641.60,-124.51,59.45,15.61,81.71,34.64
856,227384008,-393.07,634.77,-107.91,58.54,21.65,81.95,34.40
857,227389803,-380.86,626.46,-96.19,56.71,29.51,82.32,34.64
858,227393852,-386.72,616.21,-71.78,54.94,40.79,82.32,34.31
859,227397902,-393.55,608.89,-27.34,54.39,47.93,82.99,34.50
860,227401959,-393.07,603.03,-3.91,53.78,55.79,83.78,34.50
861,227406008,-387.70,574.71,7.81,52.93,62.87,85.61,34.31
862,227411803,-383.79,544.92,-6.84,53.66,68.35,88.17,34.64
863,227415852,-381.35,498.54,-45.90,55.79,70.85,91.52,34.64
864,227419902,-382.32,471.68,-79.10,58.23,71.59,93.90,34.40
865,227423959,-375.00,452.64,-98.63,61.77,70.61,96.28,34.50
866,227428008,-362.30,440.43,-117.19,65.00,68.78,98.66,34.50
867,227433803,-355.96,434.08,-122.56,67.99,66.89,100.30,34.50
868,227437852,-332.03,405.27,-111.33,70.98,64.27,101.83,34.50
869,227441902,-307.62,391.11,-99.61,73.54,61.46,103.17,34.21
870,227445959,-285.64,376.46,-99.61,76.16,58.60,105.00,34.55
871,227451803,-257.32,373.54,-103.03,76.83,57.44,106.46,34.50
872,227455852,-229.98,368.65,-99.61,76.83,59.21,107.32,34.36
873,227459902,-223.63,368.16,-79.10,75.55,63.48,106.16,34.31
874,227463959,-208.50,368.16,-67.87,74.21,66.89,105.18,34.21
875,227468008,-219.24,354.49,-53.22,73.23,70.49,104.09,34.50
876,227472058,-232.42,355.47,-30.76,72.56,74.70,103.54,34.74
877,227477803,-248.05,360.84,-15.62,72.26,79.70,102.26,34.64
878,227481852,-280.27,354.98,-5.37,71.52,83.11,101.04,34.40
879,227485902,-284.67,329.10,-2.93,72.38,84.57,100.85,34.64
880,227489959,-307.62,316.89,-32.71,73.96,84.76,104.33,34.50
881,227495803,-318.85,301.76,-17.58,75.91,85.85,102.07,34.50
882,227499852,-348.63,285.16,1.46,77.68,84.82,102.44,34.40
883,227503902,-368.16,267.09,3.91,80.12,81.04,103.78,34.69
884,227507959,-373.05,253.42,-10.25,82.44,77.01,105.43,34.31
885,227512008,-379.39,256.35,-21.48,85.30,71.10,107.20,34.64
886,227517803,-375.00,265.14,-34.18,88.66,64.82,108.17,34.69
887,227521852,-373.05,267.09,-48.34,92.01,57.99,108.84,34.64
888,227525902,-366.21,278.32,-65.92,93.96,53.72,109.02,34.64
889,227529959,-369.63,285.16,-77.64,96.46,49.45,109.39,34.69
890,227534008,-371.58,298.83,-86.43,98.84,45.67,108.78,34.50
891,227539803,-371.09,315.43,-76.17,100.73,42.56,107.56,34.50
892,227543852,-361.82,327.15,-80.57,102.26,40.55,105.79,34.36
893,227547902,-361.82,345.21,-75.68,102.44,40.43,104.21,34.55
894,227551959,-368.65,359.86,-85.45,102.26,40.06,102.26,34.64
895,227556008,-379.88,365.23,-101.07,102.68,39.02,100.79,34.50
896,227561803,-395.02,370.12,-121.58,103.66,37.26,99.21,34.21
897,227565852,-413.57,371.58,-136.23,104.88,34.63,97.32,34.31
898,227569902,-426.27,378.91,-151.86,106.16,32.13,95.79,34.50
899,227573959,-434.08,394.53,-155.76,107.07,29.15,93.90,34.31
900,227578008,-443.36,415.53,-169.43,107.80,25.67,92.07,34.40
901,227583803,-460.94,419.92,-199.22,109.33,21.16,90.43,34.36
902,227587852,-473.14,427.73,-210.94,112.50,14.45,89.15,34.31
903,227591902,-482.42,440.92,-207.03,114.88,9.57,88.48,34.40
904,227595959,-482.91,458.01,-200.68,116.83,3.78,87.50,34.50
905,227600008,-477.05,478.52,-195.31,117.56,-1.04,85.43,34.31
906,227605803,-468.26,505.37,-182.62,116.71,-5.24,82.74,34.50
907,227609852,-421.87,541.02,-178.22,113.54,-8.05,78.78,34.40
908,227613902,-406.25,573.73,-191.89,110.67,-7.99,76.52,34.40
909,227617959,-401.86,592.29,-202.64,106.40,-6.71,73.41,34.55
910,227622008,-388.67,610.84,-194.34,102.93,-4.82,69.88,34.21
911,227627803,-370.61,621.58,-187.50,98.29,-2.13,66.34,34.64
912,227631852,-352.05,649.90,-198.73,92.13,2.26,62.20,34.40
913,227635902,-343.75,667.97,-219.73,87.93,5.85,59.39,34.50
914,227639959,-346.68,683.59,-260.25,81.83,11.16,55.79,34.64
915,227644008,-352.05,693.85,-313.48,75.85,16.46,51.65,34.31
916,227649803,-356.93,706.05,-353.03,70.79,20.49,48.17,34.55
917,227653852,-369.63,725.10,-396.97,64.94,24.02,43.96,34.64
918,227657902,-374.51,744.14,-447.75,61.40,25.73,40.91,34.31
919,227661959,-371.09,759.77,-484.86,56.77,28.11,37.80,34.50
920,227666008,-366.21,772.46,-535.64,52.80,29.45,34.94,34.64
921,227671803,-368.65,777.83,-583.50,48.66,30.00,31.95,34.50
922,227675852,-375.49,779.30,-646.48,44.33,30.06,28.96,34.36
923,227679902,-367.68,784.18,-680.18,41.71,29.45,27.50,34.36
924,227683959,-357.91,791.02,-703.61,38.72,29.02,25.73,34.64
925,227689803,-343.75,809.57,-748.05,35.85,28.84,23.96,34.69
926,227693852,-343.26,818.85,-773.93,31.77,29.15,21.16,34.50
927,227697902,-329.59,823.24,-794.43,28.72,29.45,18.78,34.74
928,227701959,-322.27,820.80,-795.41,26.16,29.63,17.07,34.36
929,227706008,-308.59,809.57,-802.25,23.35,29.88,15.55,34.50
930,227711803,-300.78,797.36,-815.92,20.98,30.12,15.00,34.40
931,227715852,-297.36,787.60,-834.96,19.70,28.23,15.24,34.40
932,227719902,-298.83,778.81,-863.28,20.30,24.51,15.67,34.40
933,227723959,-285.64,782.23,-889.16,21.04,21.10,16.34,34.40
934,227728008,-272.46,784.67,-914.55,22.74,16.16,17.38,34.40
935,227733803,-271.00,795.41,-939.45,25.43,9.09,18.60,34.55
936,227737852,-248.05,798.83,-952.15,28.05,1.22,19.88,34.40
937,227741902,-221.68,801.76,-941.89,29.39,-3.96,20.73,34.36
938,227745959,-196.78,806.64,-927.25,29.70,-6.16,21.52,34.50
939,227750008,-170.41,813.96,-914.55,28.96,-7.62,21.83,34.36
940,227755803,-148.93,828.61,-910.16,27.26,-7.13,21.89,34.40
941,227759852,-134.77,835.45,-904.30,25.55,-5.49,21.83,34.31
942,227763902,-126.46,839.84,-890.62,23.66,-4.27,21.04,34.64
943,227767959,-125.00,824.22,-870.61,21.40,-2.07,20.49,34.40
944,227772008,-133.30,824.71,-854.00,18.78,0.30,19.39,34.50
945,227777803,-140.14,821.29,-847.17,16.59,1.52,18.84,34.16
946,227781852,-147.46,813.48,-842.77,14.02,2.20,17.87,34.40
947,227785902,-155.27,803.22,-839.84,12.50,2.32,17.68,34.40
948,227789959,-158.69,798.34,-841.31,10.85,2.20,16.71,34.64
949,227794008,-165.04,790.04,-832.03,9.76,0.79,15.49,34.16
950,227799803,-165.53,787.60,-818.85,9.45,-0.91,15.00,34.21
951,227803852,-153.32,779.79,-796.87,8.23,-2.87,14.45,34.36
952,227807902,-138.18,775.88,-778.32,6.95,-3.41,14.27,34.69
953,227811959,-124.02,778.32,-768.07,5.43,-3.17,13.54,34.64
954,227816008,-126.46,774.41,-769.53,3.35,-2.07,12.87,34.21
955,227821803,-123.05,763.67,-761.72,1.22,-0.30,12.38,34.02
956,227825852,-124.51,754.88,-758.79,-1.22,2.07,11.10,34.55
957,227829902,-130.37,758.79,-747.56,-2.87,3.84,10.55,34.64
958,227833959,-142.09,755.86,-739.26,-4.57,5.12,9.57,34.50
959,227838008,-141.60,752.93,-721.19,-6.04,5.61,9.15,34.31
960,227843803,-146.00,749.02,-714.36,-7.20,5.30,7.99,34.64
961,227847852,-150.39,744.63,-712.89,-8.05,4.51,7.07,34.40
962,227851902,-159.67,738.28,-722.17,-8.72,4.45,6.65,34.50
963,227855959,-167.48,732.42,-715.82,-9.27,4.21,6.04,34.40
964,227860008,-179.20,726.56,-719.73,-8.96,3.17,5.18,34.50
965,227865803,-189.94,719.24,-716.31,-8.78,2.26,4.57,34.31
966,227869852,-206.05,712.89,-708.50,-8.60,0.30,4.02,34.50
967,227873902,-207.03,711.91,-706.05,-7.87,-1.10,3.84,34.31
968,227877959,-209.47,708.98,-705.57,-6.83,-3.72,3.84,34.40
969,227882008,-212.89,702.64,-703.12,-5.43,-7.44,4.02,34.50
970,227887803,-208.98,706.54,-691.89,-4.33,-10.61,4.33,34.64
971,227891852,-204.59,710.45,-678.71,-3.78,-12.56,4.63,34.50
972,227895902,-202.64,717.29,-670.41,-3.72,-12.93,4.39,34.21
973,227899959,-200.68,721.19,-669.43,-3.66,-13.29,4.02,34.74
974,227905803,-195.80,721.19,-666.99,-3.29,-13.60,3.84,34.36
975,227909852,-192.87,723.63,-665.53,-2.50,-14.45,3.41,34.50
976,227913902,-189.94,715.82,-654.30,-2.07,-14.88,3.66,34.40
977,227917959,-187.01,723.63,-639.16,-1.65,-14.33,3.60,34.21
978,227922008,-186.52,720.70,-632.81,-1.83,-13.84,3.78,34.50
979,227927803,-191.89,718.26,-623.54,-1.83,-13.54,3.90,34.50
980,227931852,-192.87,713.87,-623.05,-2.26,-13.11,4.09,34.40
981,227935902,-196.78,713.38,-617.68,-2.32,-12.26,4.02,34.64
982,227939959,-197.27,715.82,-618.65,-2.74,-11.40,4.02,34.36
983,227944008,-192.38,721.19,-617.68,-3.11,-10.73,4.33,34.40
984,227949803,-192.87,721.68,-616.21,-3.84,-10.00,4.21,34.40
985,227953852,-196.78,721.68,-612.30,-4.51,-9.02,4.51,34.40
986,227957902,-197.27,711.91,-612.30,-5.00,-8.48,4.15,34.64
987,227961959,-202.15,709.96,-616.21,-4.82,-8.05,4.70,34.40
988,227966008,-205.57,707.52,-612.79,-4.57,-8.05,4.76,34.40
989,227971803,-209.47,701.17,-616.70,-5.24,-7.93,5.43,34.55
990,227975852,-216.31,696.78,-612.30,-5.12,-8.11,5.30,34.36
991,227979902,-214.84,700.68,-613.77,-5.00,-8.23,5.37,34.64
992,227983959,-214.36,700.68,-606.45,-4.88,-8.48,5.55,34.31
993,227988008,-214.84,698.73,-605.47,-5.24,-8.17,6.04,34.50
994,227993803,-216.31,694.82,-586.43,-5.91,-6.71,5.85,34.21
995,227997852,-214.36,698.73,-577.15,-6.65,-5.00,4.88,34.36
996,228001902,-213.87,693.36,-570.80,-7.93,-3.60,4.51,34.50
997,228005959,-212.89,695.80,-569.34,-9.09,-2.32,3.96,34.40
998,228010008,-214.36,681.15,-579.59,-9.70,-1.16,3.54,34.69
999,228015803,-219.24,680.18,-584.47,-9.82,-0.61,3.17,34.40
1000,228019852,-223.63,671.39,-587.89,-9.94,-0.61,2.68,34.36
1001,228023902,-232.42,667.97,-584.96,-9.51,-0.91,2.26,34.36
1002,228027959,-229.49,666.50,-584.96,-9.09,-0.79,2.07,34.64
1003,228032008,-225.59,667.97,-571.78,-8.90,-1.46,2.07,34.21
1004,228037803,-222.17,664.06,-557.62,-9.09,-1.52,1.95,34.31
1005,228041852,-219.24,662.11,-541.99,-9.94,-0.73,1.89,34.40
1006,228045902,-217.77,659.67,-541.50,-10.85,0.55,1.65,34.55
1007,228049959,-222.66,656.25,-539.55,-11.89,1.77,1.46,34.50
1008,228054008,-233.40,655.27,-543.46,-12.74,2.44,0.43,34.31
1009,228059803,-241.21,644.04,-541.50,-13.90,3.41,-0.67,34.50
1010,228063852,-244.14,647.95,-518.07,-15.43,4.33,-2.07,34.31
1011,228067902,-242.68,654.79,-510.25,-16.52,5.12,-3.35,34.40
1012,228071959,-250.00,663.57,-512.70,-17.93,6.28,-4.57,34.40
1013,228076008,-267.58,666.02,-527.83,-20.06,7.87,-6.22,34.50
1014,228081803,-279.30,662.11,-529.79,-21.10,8.35,-8.05,34.40
1015,228085852,-284.67,649.41,-535.16,-21.59,6.89,-10.06,34.36
1016,228089902,-282.23,642.09,-544.92,-21.77,5.18,-11.40,34.31
1017,228093959,-280.76,638.67,-549.80,-21.65,3.54,-11.95,34.31
1018,228098008,-283.69,632.32,-543.46,-21.59,2.26,-12.62,34.55
1019,228103803,-279.79,632.32,-536.13,-21.83,1.16,-13.60,34.55
1020,228107852,-271.48,629.39,-519.53,-21.95,-0.12,-14.94,34.40
1021,228111902,-262.21,619.14,-512.21,-22.74,-0.73,-15.85,34.40
1022,228115959,-253.91,618.65,-508.30,-23.35,-0.55,-17.20,34.64
1023,228121803,-247.56,617.19,-496.09,-24.63,0.24,-18.48,34.31
1024,228125852,-246.58,613.28,-480.47,-25.67,1.34,-20.12,34.50
1025,228129902,-242.19,601.07,-463.38,-26.71,1.46,-21.65,34.55
1026,228133959,-237.79,587.40,-447.75,-27.44,1.71,-23.05,34.21
1027,228138008,-235.84,581.54,-430.18,-29.09,2.26,-24.33,34.64
1028,228143803,-233.40,573.24,-412.11,-30.12,3.05,-26.10,34.31
1029,228147852,-219.73,576.17,-396.97,-32.20,3.54,-27.44,34.40
1030,228151902,-208.50,568.36,-394.53,-32.99,4.02,-29.09,34.55
1031,228155959,-193.85,562.01,-409.67,-34.39,4.88,-29.76,34.40
1032,228160008,-194.34,570.31,-427.73,-35.55,6.28,-30.61,34.36
1033,228165803,-207.03,585.45,-464.84,-35.73,7.32,-31.34,34.31
1034,228169852,-234.37,604.49,-508.30,-34.88,6.83,-32.26,34.64
1035,228173902,-252.44,607.42,-527.83,-33.23,5.61,-33.05,34.40
1036,228177959,-265.14,620.61,-538.09,-31.71,3.60,-33.41,34.36
1037,228182008,-270.51,624.51,-535.16,-30.12,0.12,-33.66,34.55
1038,228187803,-272.95,637.21,-531.74,-28.96,-2.50,-34.15,34.50
1039,228191852,-256.35,648.93,-519.04,-29.21,-4.27,-35.06,34.64
1040,228195902,-249.51,648.93,-510.74,-29.57,-4.27,-35.85,34.50
1041,228199959,-245.61,644.04,-487.30,-30.85,-3.35,-37.38,34.64
1042,228204008,-232.91,632.32,-473.14,-32.38,-2.26,-38.35,34.50
1043,228209803,-225.10,618.16,-449.71,-34.33,-0.79,-39.82,34.40
1044,228213852,-211.91,596.19,-433.11,-36.22,0.85,-40.91,34.36
1045,228217902,-207.03,582.52,-414.06,-37.20,1.65,-41.40,34.64
1046,228221959,-205.57,567.87,-396.97,-37.93,1.89,-42.01,34.64
1047,228226008,-195.80,550.29,-381.84,-38.60,1.83,-42.07,34.50
1048,228231803,-177.73,545.41,-367.68,-39.76,2.26,-42.50,34.40
1049,228235852,-153.81,560.06,-387.70,-41.40,4.94,-42.80,34.21
1050,228239902,-173.34,608.40,-410.64,-42.68,8.23,-42.87,34.55
1051,228243959,-201.17,645.02,-441.89,-42.74,11.52,-42.32,34.55
1052,228248008,-250.49,687.99,-479.00,-40.91,12.50,-42.20,34.31
1053,228253803,-276.86,706.05,-518.07,-37.56,10.79,-41.65,34.12
1054,228257852,-291.99,710.45,-538.09,-33.60,6.52,-39.82,34.31
1055,228261902,-289.06,709.47,-542.48,-31.46,3.54,-38.48,34.40
1056,228265959,-283.20,714.84,-534.67,-29.70,1.22,-36.22,34.64
1057,228270008,-274.41,719.73,-535.64,-29.02,-0.43,-34.76,34.36
1058,228275803,-269.53,729.00,-527.34,-29.21,0.00,-33.78,34.31
1059,228279852,-263.18,723.63,-513.67,-30.24,1.22,-34.15,34.64
1060,228283902,-246.58,715.33,-496.09,-31.04,2.13,-34.76,34.36
1061,228287959,-227.05,703.61,-484.86,-32.32,3.41,-35.24,34.55
1062,228292008,-205.08,689.94,-474.61,-33.60,5.30,-35.61,34.21
1063,228297803,-181.15,668.95,-449.71,-35.30,6.71,-36.04,34.50
1064,228301852,-157.23,651.86,-432.13,-38.29,9.45,-36.22,34.31
1065,228305902,-138.18,639.16,-415.53,-40.67,11.71,-36.40,34.31
1066,228309959,-134.77,625.00,-413.57,-43.54,15.12,-36.46,34.64
1067,228314008,-126.95,627.93,-413.57,-46.16,18.48,-37.07,34.40
1068,228319803,-135.25,651.86,-438.96,-47.87,21.40,-37.56,34.50
1069,228323852,-178.22,695.31,-490.23,-49.76,26.59,-38.78,34.40
1070,228327902,-244.63,728.52,-521.97,-49.70,29.76,-40.24,34.36
1071,228331959,-292.48,753.91,-539.06,-47.93,30.55,-41.52,34.40
1072,228337803,-335.45,765.62,-552.73,-44.57,27.20,-42.26,34.64
1073,228341852,-359.86,756.35,-528.32,-39.39,19.70,-41.04,34.50
1074,228345902,-343.26,746.09,-543.46,-35.43,13.84,-38.60,34.50
1075,228349959,-328.61,757.81,-546.88,-33.23,10.12,-35.30,34.36
1076,228354008,-348.63,765.62,-557.62,-30.85,7.38,-32.87,34.64
1077,228358058,-367.68,783.69,-564.45,-27.32,3.17,-30.49,34.64
1078,228363803,-377.93,791.02,-572.75,-24.27,-2.01,-29.70,34.55
1079,228367852,-361.82,785.64,-571.78,-20.30,-9.39,-28.84,34.55
1080,228371902,-328.12,773.93,-554.20,-18.29,-14.21,-28.54,34.21
1081,228375959,-298.34,766.60,-533.69,-16.71,-18.60,-27.68,34.64
1082,228381803,-254.39,755.86,-512.21,-15.98,-21.16,-26.77,34.50
1083,228385852,-232.42,743.65,-473.63,-16.59,-21.65,-25.73,34.50
1084,228389902,-203.12,732.91,-445.80,-17.32,-21.59,-25.73,34.21
1085,228393959,-175.78,728.03,-430.66,-18.29,-21.16,-25.30,34.21
1086,228398008,-161.13,726.56,-428.22,-19.51,-19.76,-24.88,34.40
1087,228403803,-142.09,718.26,-434.57,-20.73,-17.74,-24.82,34.50
1088,228407852,-138.67,728.03,-460.94,-23.29,-12.44,-25.85,34.55
1089,228411902,-172.36,746.09,-474.61,-25.73,-5.85,-27.44,34.40
1090,228415959,-220.21,766.60,-473.14,-27.32,-0.30,-29.33,34.36
1091,228420008,-256.35,779.30,-471.19,-28.29,5.00,-32.20,34.40
1092,228425803,-284.18,784.18,-470.70,-28.48,7.50,-34.57,34.55
1093,228429852,-293.95,774.90,-493.65,-27.32,7.20,-35.91,34.21
1094,228433902,-301.76,761.72,-509.28,-26.22,6.10,-36.22,34.50
1095,228437959,-318.85,736.33,-538.09,-25.12,3.84,-35.91,34.55
1096,228442008,-333.98,731.93,-544.92,-23.17,1.46,-35.98,34.50
1097,228447803,-346.19,735.84,-549.80,-20.61,-2.68,-36.40,34.31
1098,228451852,-337.40,735.84,-554.69,-17.07,-9.21,-36.16,34.21
1099,228455902,-325.20,724.61,-546.39,-14.94,-12.74,-36.16,34.40
1100,228459959,-320.80,714.84,-531.74,-11.89,-16.34,-36.40,34.40
1101,228464008,-304.20,718.26,-518.55,-9.21,-21.16,-35.79,34.02
1102,228469803,-281.74,717.29,-498.54,-6.28,-25.91,-34.94,34.21
1103,228473852,-256.84,731.45,-471.68,-3.72,-30.12,-33.66,34.21
1104,228477902,-226.07,737.79,-442.87,-2.62,-32.62,-32.26,34.40
1105,228481959,-209.96,743.16,-422.36,-1.71,-34.27,-30.30,34.50
1106,228486008,-182.13,763.18,-404.79,-1.59,-34.02,-29.21,34.31
1107,228491803,-171.87,783.20,-391.60,-3.05,-31.16,-29.09,34.55
1108,228495852,-163.57,796.87,-378.91,-6.34,-24.82,-30.12,34.50
1109,228499902,-163.57,800.29,-371.58,-9.51,-19.15,-31.40,34.40
1110,228503959,-166.50,803.22,-382.32,-13.90,-10.30,-33.78,34.40
1111,228508008,-198.24,799.80,-403.81,-18.72,0.49,-36.46,34.31
1112,228513803,-261.72,800.78,-421.87,-23.23,10.91,-39.94,34.40
1113,228517852,-323.73,804.20,-409.67,-26.16,17.56,-44.09,34.40
1114,228521902,-338.38,799.80,-414.55,-27.20,18.23,-45.91,34.50
1115,228525959,-344.24,782.71,-433.59,-27.07,18.48,-46.89,34.64
1116,228530008,-361.33,752.93,-436.04,-26.65,18.35,-47.26,34.55
1117,228535803,-377.93,750.00,-445.80,-24.27,14.57,-46.89,34.64
1118,228539852,-380.37,735.84,-465.33,-20.37,6.89,-45.49,34.36
1119,228543902,-374.51,718.26,-480.47,-17.26,0.85,-43.78,34.31
1120,228547959,-363.77,708.50,-477.05,-13.11,-6.52,-41.83,34.55
1121,228552008,-340.33,696.78,-470.70,-9.45,-12.26,-38.90,34.40
1122,228557803,-326.66,689.45,-463.87,-6.22,-16.95,-36.71,34.40
1123,228561852,-285.16,687.50,-440.43,-4.02,-21.28,-34.33,34.64
1124,228565902,-264.16,691.89,-406.74,-3.35,-22.44,-32.87,34.36
1125,228569959,-242.68,702.15,-386.23,-3.17,-23.05,-31.71,34.64
1126,228575803,-216.80,709.96,-358.40,-5.06,-20.55,-30.24,34.64
1127,228579852,-187.50,728.52,-333.50,-7.38,-15.18,-28.66,34.21
1128,228583902,-189.94,759.28,-327.15,-9.88,-9.09,-28.41,34.55
1129,228587959,-209.96,786.62,-323.24,-12.07,-2.80,-28.66,34.36
1130,228592008,-224.61,804.20,-326.66,-15.91,4.88,-29.82,34.50
1131,228597803,-245.12,818.36,-327.64,-19.82,13.17,-31.34,34.64
1132,228601852,-257.32,820.80,-324.71,-25.24,23.96,-33.66,34.50
1133,228605902,-282.23,815.43,-326.17,-29.82,32.56,-35.67,34.74
1134,228609959,-312.99,798.83,-331.54,-33.11,39.57,-36.83,34.12
1135,228614008,-337.89,788.57,-333.98,-36.46,46.46,-38.05,34.40
1136,228619803,-372.07,774.90,-346.19,-37.87,50.55,-38.41,34.50
1137,228623852,-405.76,753.91,-361.82,-37.01,50.00,-37.87,34.55
1138,228627902,-410.64,727.54,-384.77,-34.57,46.83,-36.40,34.50
1139,228631959,-409.67,695.80,-410.64,-32.07,43.35,-34.82,34.36
1140,228636008,-409.18,665.53,-416.02,-29.15,39.09,-32.07,34.50
1141,228641803,-401.86,652.34,-415.53,-25.37,33.84,-29.70,34.40
1142,228645852,-385.25,646.00,-414.55,-21.65,27.80,-26.52,34.31
1143,228649902,-362.79,626.46,-415.04,-19.02,24.76,-24.09,34.55
1144,228653959,-345.70,621.09,-401.37,-16.52,21.28,-21.59,34.50
1145,228658008,-326.17,632.81,-392.09,-13.54,17.07,-18.84,34.31
1146,228663803,-300.78,649.41,-377.44,-11.16,13.35,-16.16,34.21
1147,228667852,-269.53,670.90,-363.28,-9.63,12.13,-13.41,34.12
1148,228671902,-259.77,692.38,-351.07,-9.76,13.54,-11.83,34.40
1149,228675959,-248.05,709.47,-333.98,-10.98,18.41,-10.85,34.50
1150,228680008,-250.00,737.79,-323.24,-13.05,24.70,-10.24,34.21
1151,228685803,-258.30,760.25,-313.48,-15.49,32.80,-10.91,34.40
1152,228689852,-273.44,775.39,-309.08,-19.33,43.17,-11.77,34.31
1153,228693902,-280.27,782.71,-314.45,-21.89,50.55,-12.20,34.55
1154,228697959,-295.90,796.87,-322.75,-24.82,59.21,-12.44,34.36
1155,228702008,-339.84,803.71,-336.91,-27.99,68.05,-13.11,34.16
1156,228707803,-377.93,810.06,-354.00,-29.94,75.24,-13.66,34.36
1157,228711852,-415.04,791.50,-386.72,-31.10,80.18,-14.57,34.31
1158,228715902,-436.04,771.00,-406.25,-30.79,81.28,-13.54,34.50
1159,228719959,-449.71,756.35,-421.87,-29.27,80.43,-12.56,34.50
1160,228724008,-455.08,729.98,-429.69,-27.44,77.44,-10.55,34.31
1161,228729803,-459.96,703.61,-442.87,-24.33,72.80,-7.74,34.64
1162,228733852,-450.20,687.50,-450.20,-18.84,65.37,-4.51,34.64
1163,228737902,-423.34,675.78,-452.64,-15.12,60.37,-2.20,34.36
1164,228741959,-396.00,657.23,-456.05,-10.73,54.39,1.10,34.64
1165,228746008,-370.61,646.97,-474.12,-7.20,48.96,3.96,34.12
1166,228751803,-327.15,636.23,-477.05,-3.48,44.76,6.71,34.36
1167,228755852,-304.20,641.11,-465.82,0.06,41.28,10.30,34.40
1168,228759902,-281.25,665.53,-439.94,2.20,39.02,12.62,34.31
1169,228763959,-255.86,700.68,-427.73,3.78,37.93,15.61,34.50
1170,228768008,-239.75,745.61,-417.48,4.33,40.61,17.44,34.64
1171,228773803,-234.86,788.09,-428.71,3.05,47.62,18.17,34.50
1172,228777852,-260.25,838.87,-424.80,0.12,58.72,17.50,34.64
1173,228781902,-274.41,861.33,-437.01,-2.50,66.95,16.65,34.02
1174,228785959,-303.22,873.54,-443.36,-5.24,78.72,14.76,34.21
1175,228791803,-350.59,890.62,-442.38,-7.68,90.06,13.05,34.40
1176,228795852,-404.79,896.00,-441.41,-10.06,99.15,11.46,34.21
1177,228799902,-438.48,896.97,-448.73,-10.43,103.29,11.52,34.64
1178,228803959,-459.47,886.23,-465.33,-9.33,105.12,13.05,34.21
1179,228808008,-468.75,873.54,-478.52,-7.26,104.57,15.06,34.50
1180,228813803,-477.54,857.91,-505.37,-4.27,101.59,17.87,34.31
1181,228817852,-463.87,840.33,-531.74,-0.30,96.04,21.83,34.50
1182,228821902,-455.57,825.68,-560.55,3.35,90.49,25.98,34.50
1183,228825959,-442.87,799.80,-575.20,6.65,85.67,29.39,34.21
1184,228830008,-425.78,780.76,-579.10,11.40,79.09,33.78,34.55
1185,228835803,-396.97,752.93,-579.10,15.37,72.93,37.80,34.55
1186,228839852,-357.42,736.33,-568.36,20.06,66.83,42.56,34.40
1187,228843902,-330.57,730.96,-552.73,22.74,62.68,46.16,34.55
1188,228847959,-294.92,741.21,-538.09,24.76,60.24,48.96,34.40
1189,228852008,-258.79,759.28,-528.32,27.20,58.60,52.13,34.64
1190,228857803,-218.75,790.04,-528.81,27.99,60.00,55.06,34.40
1191,228861852,-194.82,820.31,-535.64,27.68,66.46,56.10,34.31
1192,228865902,-187.99,851.07,-543.46,26.28,72.20,56.16,34.55
1193,228869959,-196.78,878.42,-574.71,24.27,81.28,55.73,34.40
1194,228874008,-213.38,900.39,-586.43,21.52,91.83,54.82,34.50
1195,228879803,-250.49,919.43,-606.93,18.90,102.50,52.87,34.21
1196,228883852,-294.92,921.87,-613.28,15.79,113.05,50.85,34.21
1197,228887902,-323.73,931.64,-609.38,14.27,117.68,50.00,34.40
1198,228891959,-341.31,931.15,-607.91,14.15,121.65,49.76,34.40
1199,228896008,-354.00,928.71,-608.89,14.15,123.72,50.73,34.50
1200,228901803,-364.75,920.90,-616.21,15.00,124.51,52.13,34.12
1201,228905852,-379.88,910.16,-624.51,17.13,123.17,53.90,34.31
1202,228909902,-368.16,892.58,-638.18,19.21,120.85,55.49,34.40
1203,228913959,-354.98,883.30,-641.11,22.07,116.46,58.23,34.50
1204,228918008,-335.94,863.77,-651.86,25.12,111.59,61.10,34.16
1205,228923803,-317.38,843.26,-659.67,28.72,106.83,64.27,34.36
1206,228927852,-285.16,828.61,-663.57,32.93,100.37,68.17,34.40
1207,228931902,-263.18,824.71,-657.23,35.79,95.67,70.73,34.40
1208,228935959,-236.82,838.38,-655.76,39.09,90.24,73.48,34.40
1209,228940008,-201.17,872.56,-639.65,41.28,85.43,75.79,34.21
1210,228945803,-159.67,897.46,-647.46,42.44,82.74,78.05,34.50
1211,228949852,-106.45,910.64,-691.41,42.07,85.98,79.15,34.36
1212,228953902,-106.93,903.81,-738.77,40.18,91.83,78.78,34.40
1213,228957959,-131.35,906.74,-748.05,36.95,100.18,76.59,34.50
1214,228962008,-171.39,917.48,-736.82,34.39,106.65,74.63,34.40
1215,228967803,-190.92,931.64,-722.66,32.62,110.67,73.35,34.50
1216,228971852,-211.43,936.52,-733.40,31.71,113.35,72.01,34.50
1217,228975902,-231.93,939.45,-743.16,31.46,113.66,71.52,34.55
1218,228979959,-244.63,944.82,-751.95,31.16,112.99,71.04,34.40
1219,228984008,-250.49,933.11,-757.81,31.10,111.16,70.67,34.40
1220,228989803,-245.61,935.06,-769.04,31.71,108.11,70.24,34.55
1221,228993852,-238.28,924.32,-772.46,33.17,103.90,70.61,34.50
1222,228997902,-226.07,912.60,-767.58,34.76,99.82,70.85,34.40
1223,229001959,-212.40,909.18,-772.95,38.05,92.93,71.34,34.64
1224,229007803,-187.50,904.30,-766.11,41.52,84.63,72.07,34.40
1225,229011852,-145.02,905.27,-761.23,45.61,75.06,73.05,34.50
1226,229015902,-100.10,905.27,-758.79,48.05,68.29,73.60,34.50
1227,229019959,-50.78,901.37,-758.30,49.21,64.76,73.84,34.31
1228,229024008,-10.74,900.39,-762.21,49.70,62.87,73.35,34.40
1229,229029803,32.23,883.30,-776.37,48.60,64.63,72.13,34.21
1230,229033852,57.13,871.09,-775.88,46.16,69.33,69.63,34.40
1231,229037902,62.99,862.30,-782.71,43.60,73.90,66.95,34.31
1232,229041959,63.96,874.51,-783.20,41.16,77.13,64.88,34.31
1233,229046008,54.69,887.70,-787.11,38.17,80.85,62.38,34.21
1234,229051803,36.62,906.74,-789.06,35.55,83.05,60.00,34.55
1235,229055852,24.90,922.85,-794.92,32.68,84.27,57.56,34.40
1236,229059902,20.51,929.69,-790.53,30.37,84.27,55.49,34.36
1237,229063959,17.58,924.32,-797.85,29.33,83.54,54.15,34.21
1238,229068008,18.07,920.90,-794.43,27.99,82.20,53.48,34.21
1239,229073803,14.65,917.97,-792.97,26.95,80.37,52.56,34.40
1240,229077852,10.25,916.02,-787.11,26.16,76.83,52.13,34.40
1241,229081902,3.42,910.16,-785.64,25.98,73.90,51.65,34.50
1242,229085959,5.37,911.13,-787.60,25.85,69.63,51.83,34.31
1243,229090008,8.30,903.32,-779.79,25.98,65.37,51.89,34.40
1244,229095803,18.07,899.90,-780.76,25.85,60.91,51.71,34.36
1245,229099852,37.11,893.07,-767.09,25.37,57.32,51.10,34.36
1246,229103902,53.22,879.39,-752.93,24.63,55.67,50.67,34.50
1247,229107959,68.36,875.00,-737.79,23.05,55.30,49.76,34.50
1248,229112008,92.77,869.63,-723.14,21.89,55.61,48.60,34.40
1249,229117803,114.75,854.49,-714.84,20.37,56.10,47.56,34.16
1250,229121852,131.84,839.84,-714.36,17.80,57.44,45.49,34.31
1251,229125902,141.11,834.47,-720.21,16.52,57.87,44.45,34.50
1252,229129959,141.11,837.89,-716.31,14.57,57.80,43.41,34.50
1253,229134008,150.88,841.31,-707.03,12.99,56.65,42.32,34.21
1254,229139803,167.97,851.07,-700.68,10.67,56.52,41.71,34.12
1255,229143852,179.69,854.49,-696.78,7.87,57.62,40.91,34.31
1256,229147902,189.45,860.35,-705.08,6.28,58.41,39.88,34.50
1257,229151959,188.48,861.33,-707.52,3.90,60.37,38.84,34.50
1258,229156008,176.76,859.86,-718.26,1.34,62.62,37.38,34.36
1259,229161803,156.25,861.33,-717.77,-0.49,63.72,35.91,34.21
1260,229165852,130.37,870.12,-720.21,-1.83,63.41,34.21,34.55
1261,229169902,120.12,867.19,-718.26,-2.26,62.20,33.41,34.40
1262,229173959,116.21,872.07,-722.17,-2.68,59.76,32.44,34.21
1263,229178008,119.14,873.05,-727.54,-2.62,56.95,31.71,34.21
1264,229183803,121.09,868.65,-742.68,-2.26,54.39,31.16,34.40
1265,229187852,125.98,862.30,-741.70,-2.32,51.71,29.76,34.31
1266,229191902,136.72,850.10,-744.63,-2.26,50.00,29.39,34.40
1267,229195959,134.28,840.82,-744.14,-2.26,48.35,28.66,34.31
1268,229200008,137.21,823.73,-747.07,-1.71,46.89,27.32,34.50
1269,229205803,143.55,813.48,-745.61,-1.59,44.88,26.28,34.50
1270,229209852,148.93,805.66,-743.16,-1.16,42.68,25.30,34.55
1271,229213902,156.74,795.41,-742.68,-1.04,40.91,24.39,34.31
1272,229217959,156.25,789.55,-737.79,-0.43,38.90,23.41,34.50
1273,229222008,165.53,781.25,-735.35,-0.12,36.46,22.26,34.31
1274,229227803,173.83,780.76,-726.56,0.43,33.78,21.52,34.55
1275,229231852,194.34,785.64,-712.40,0.85,31.04,20.55,34.40
1276,229235902,209.96,795.41,-700.20,1.40,29.57,20.18,34.31
1277,229239959,215.33,797.85,-699.71,1.34,28.05,19.63,34.40
1278,229245803,230.96,811.04,-694.34,0.91,27.44,19.21,34.50
1279,229249852,249.02,821.29,-694.34,0.06,26.71,19.21,34.21
1280,229253902,258.79,825.20,-691.89,-0.67,26.34,19.57,34.36
1281,229257959,269.53,833.98,-690.92,-0.85,26.10,19.94,34.31
1282,229262008,272.46,840.82,-681.15,-1.89,26.40,20.18,34.36
1283,229267803,278.81,839.84,-669.92,-3.05,27.01,20.24,34.36
1284,229271852,286.62,843.75,-654.79,-4.94,28.66,20.24,34.64
1285,229275902,294.92,837.89,-649.90,-6.52,30.43,20.06,34.31
1286,229279959,298.34,832.52,-642.58,-7.74,32.07,20.30,34.31
1287,229284008,295.90,829.59,-645.51,-9.02,33.90,20.55,34.40
1288,229289803,286.62,819.34,-646.00,-10.43,35.49,20.37,34.36
1289,229293852,277.83,810.55,-646.48,-12.44,37.44,20.12,34.31
1290,229297902,269.04,796.39,-651.37,-13.78,39.15,19.88,34.40
1291,229301959,253.42,785.16,-653.32,-14.45,40.30,19.51,34.36
1292,229306008,238.28,768.55,-657.23,-15.24,42.20,18.72,34.36
1293,229311803,220.70,753.42,-660.16,-15.43,43.23,17.50,34.40
1294,229315852,204.59,740.72,-663.57,-15.06,42.87,15.91,34.12
1295,229319902,190.92,732.42,-668.95,-14.39,41.89,15.61,34.40
1296,229323959,181.64,722.66,-668.46,-13.54,39.70,14.94,34.40
1297,229328008,182.62,720.21,-669.43,-12.07,37.07,15.12,34.50
1298,229333803,179.20,723.14,-668.46,-10.79,33.90,15.18,34.40
1299,229337852,184.57,726.07,-675.29,-8.78,30.43,15.00,34.21
1300,229341902,187.50,736.82,-682.62,-7.80,27.62,15.06,34.36
1301,229345959,193.85,737.79,-690.92,-6.10,24.88,15.00,34.36
1302,229350008,202.15,739.75,-687.50,-5.43,22.80,14.70,34.40
1303,229355803,207.52,746.58,-682.62,-4.57,21.16,14.63,34.16
1304,229359852,218.26,756.84,-678.22,-3.60,19.45,13.96,34.31
1305,229363902,228.52,766.11,-672.36,-3.29,18.78,13.60,34.50
1306,229367959,230.47,772.46,-668.46,-3.05,18.35,13.29,34.50
1307,229372008,236.82,784.18,-670.90,-3.23,18.05,12.62,34.40
1308,229377803,231.45,796.87,-676.76,-3.17,17.87,12.07,34.31
1309,229381852,238.77,805.18,-663.57,-3.78,17.44,11.28,34.40
1310,229385902,249.02,805.66,-660.16,-3.78,17.62,11.28,34.40
1311,229389959,246.09,807.62,-656.74,-3.84,17.99,11.10,34.40
1312,229394008,247.07,797.36,-665.53,-4.33,17.80,10.61,34.36
1313,229399803,250.98,792.48,-660.64,-3.84,17.56,10.24,34.40
1314,229403852,254.88,776.37,-666.50,-3.60,16.28,9.45,34.31
1315,229407902,260.74,768.07,-675.29,-3.35,14.82,9.76,34.69
1316,229411959,262.70,768.55,-676.27,-2.99,13.35,9.51,34.40
1317,229416008,265.62,756.35,-671.87,-2.87,11.83,9.02,34.36
1318,229421803,273.44,748.54,-667.97,-3.05,10.91,8.84,34.21
1319,229425852,291.02,744.14,-656.25,-3.05,9.70,8.72,34.31
1320,229429902,297.36,739.75,-650.88,-3.23,9.09,8.17,34.21
1321,229433959,307.62,741.70,-652.83,-3.11,7.74,7.87,34.64
1322,229438008,314.45,738.28,-645.02,-3.66,7.56,7.13,34.31
1323,229443803,319.82,739.26,-640.62,-4.02,7.20,6.40,34.40
1324,229447852,328.12,733.40,-632.32,-4.94,7.32,5.30,34.50
1325,229451902,334.47,738.28,-626.95,-5.24,7.87,4.57,34.50
1326,229455959,331.54,744.63,-621.09,-5.91,9.02,3.78,34.40
1327,229461803,325.68,746.58,-627.93,-6.71,9.45,3.23,34.40
1328,229465852,320.80,748.54,-631.84,-7.38,9.88,2.26,34.36
1329,229469902,314.94,752.93,-637.21,-7.62,9.27,1.95,34.36
1330,229473959,307.13,750.98,-635.25,-7.80,8.60,1.71,34.50
1331,229478008,305.18,751.95,-629.88,-8.41,7.80,0.98,34.64
1332,229483803,299.80,751.95,-631.35,-8.60,7.13,0.85,34.31
1333,229487852,294.92,743.16,-633.79,-8.54,6.04,0.43,34.50
1334,229491902,293.46,745.61,-634.28,-8.35,4.70,0.43,34.40
1335,229495959,294.92,745.61,-637.21,-7.62,3.11,0.49,34.31
1336,229500008,292.48,745.12,-638.67,-7.38,1.46,0.37,34.50
1337,229505803,293.95,742.19,-635.25,-6.95,0.37,0.43,34.31
1338,229509852,296.39,730.47,-630.86,-6.40,-0.91,0.30,34.40
1339,229513902,297.36,730.47,-629.39,-6.28,-1.10,-0.06,34.55
1340,229517959,305.66,727.54,-621.09,-5.85,-1.71,-0.30,34.31
1341,229522008,311.04,726.56,-625.98,-5.67,-1.89,-0.24,34.40
1342,229527803,309.57,719.24,-626.95,-5.06,-2.32,-0.73,34.36
1343,229531852,312.01,721.68,-629.88,-4.70,-2.56,-1.04,34.64
1344,229535902,312.01,718.26,-625.49,-4.63,-2.87,-1.46,34.64
1345,229539959,314.45,710.94,-619.14,-4.82,-2.74,-1.71,34.31
1346,229544008,314.45,716.31,-613.77,-4.63,-2.56,-1.83,34.50
1347,229549803,320.80,722.17,-610.84,-4.15,-3.17,-2.26,34.40
1348,229553852,321.78,728.52,-606.45,-4.27,-3.84,-2.56,34.02
1349,229557902,326.17,733.89,-599.12,-4.21,-3.96,-2.80,34.50
1350,229561959,330.08,734.86,-599.61,-4.57,-3.60,-2.93,34.31
1351,229566008,332.52,737.30,-593.75,-5.12,-3.05,-3.05,34.55
1352,229571803,332.52,741.70,-592.29,-5.06,-2.44,-3.54,34.36
1353,229575852,327.64,741.21,-604.98,-5.30,-2.44,-4.21,34.40
1354,229579902,324.22,747.07,-611.33,-5.55,-2.68,-3.90,34.50
1355,229583959,327.15,740.72,-608.89,-5.67,-2.68,-3.90,34.31
1356,229588008,326.17,743.65,-611.33,-5.67,-3.23,-3.66,34.21
1357,229593803,319.34,738.28,-610.35,-5.91,-3.54,-3.60,34.21
1358,229597852,324.22,736.82,-595.21,-5.85,-3.60,-3.78,34.31
1359,229601902,322.27,737.79,-585.94,-6.04,-3.29,-3.66,34.40
1360,229605959,322.27,737.30,-586.43,-6.28,-3.11,-3.54,34.21
1361,229610008,315.43,732.42,-592.29,-5.85,-3.41,-3.60,34.12
1362,229615803,315.92,732.91,-594.73,-5.00,-4.27,-3.23,34.31
1363,229619852,317.87,732.42,-600.10,-4.70,-5.30,-2.74,34.40
1364,229623902,316.41,723.14,-602.05,-4.15,-6.16,-2.44,34.50
1365,229627959,317.38,725.10,-600.59,-3.72,-6.59,-2.07,34.36
1366,229632008,320.31,725.10,-598.14,-3.05,-7.44,-1.59,34.31
1367,229637803,322.75,724.12,-598.14,-2.80,-7.80,-1.46,34.31
1368,229641852,329.59,710.94,-601.56,-2.50,-8.29,-1.59,34.21
1369,229645902,330.57,715.82,-603.03,-2.38,-8.05,-1.65,34.21
1370,229649959,335.45,717.29,-606.45,-2.50,-8.17,-1.34,34.93
1371,229654008,341.31,716.31,-603.03,-2.44,-8.17,-1.28,34.64
1372,229659803,342.29,716.31,-604.49,-2.50,-7.93,-1.28,34.50
1373,229663852,341.31,711.91,-600.59,-2.50,-7.26,-1.40,34.64
1374,229667902,347.17,706.05,-600.59,-2.32,-6.83,-1.59,34.31
1375,229671959,350.10,713.87,-600.10,-2.26,-6.40,-1.71,34.55
1376,229677803,353.52,707.03,-594.73,-2.01,-5.79,-2.01,34.40
1377,229681852,354.49,709.47,-593.75,-2.38,-5.24,-2.20,34.40
1378,229685902,353.52,706.54,-593.26,-2.26,-4.57,-2.74,34.36
1379,229689959,358.40,711.43,-594.24,-2.56,-4.39,-3.11,34.40
1380,229694008,364.75,703.61,-593.26,-2.44,-3.41,-3.60,34.31
1381,229699803,359.86,711.43,-599.12,-2.56,-2.93,-3.90,34.40
1382,229703852,352.05,708.98,-597.66,-2.62,-2.74,-4.15,34.40
1383,229707902,347.66,707.03,-594.73,-2.20,-2.56,-4.33,34.21
1384,229711959,337.89,703.12,-593.26,-2.20,-2.93,-4.39,34.31
1385,229716008,342.29,702.64,-591.80,-1.65,-3.17,-3.96,34.50
1386,229721803,338.87,704.10,-588.87,-1.04,-3.54,-3.90,34.50
1387,229725852,336.43,709.96,-582.03,-0.85,-4.21,-3.66,34.36
1388,229729902,328.12,708.01,-582.03,-0.49,-4.45,-3.66,34.50
1389,229733959,328.12,708.50,-583.50,-0.37,-4.57,-3.66,34.21
1390,229738008,329.59,711.43,-580.57,-0.30,-4.27,-3.35,34.55
1391,229743803,319.82,708.01,-582.52,-0.55,-3.48,-3.66,34.50
1392,229747852,314.45,706.54,-574.22,-0.37,-2.99,-3.48,34.55
1393,229751902,312.01,706.54,-573.73,-0.37,-3.05,-3.23,34.64
1394,229755959,309.57,708.01,-580.08,0.00,-3.60,-2.93,34.31
1395,229760008,305.66,703.12,-571.78,0.43,-3.96,-2.50,34.40
1396,229765803,308.11,709.47,-566.41,0.91,-4.88,-2.50,34.31
1397,229769852,310.55,710.94,-570.31,0.91,-5.06,-2.26,34.31
1398,229773902,310.06,710.45,-568.85,1.04,-5.37,-2.07,34.55
1399,229777959,313.96,711.91,-570.80,1.10,-5.37,-1.89,34.50
1400,229782008,318.85,709.96,-567.38,1.10,-5.12,-2.01,34.40
1401,229787803,312.01,709.47,-561.52,0.91,-4.33,-1.89,34.21
1402,229791852,318.85,712.40,-553.71,0.61,-3.48,-1.77,34.36
1403,229795902,327.64,717.29,-553.22,0.37,-2.99,-2.13,34.40
1404,229799959,326.66,718.26,-552.73,0.18,-2.13,-1.83,34.36
1405,229804008,327.64,721.68,-550.78,-0.43,-1.22,-1.89,34.31
1406,229809803,330.57,726.07,-556.15,-0.55,-0.79,-1.34,34.40
1407,229813852,328.12,729.49,-557.13,-0.61,0.24,-1.95,34.36
1408,229817902,327.64,726.56,-559.57,-1.10,0.37,-1.95,34.64
1409,229821959,323.24,726.56,-565.92,-1.34,1.10,-2.01,34.31
1410,229826008,322.27,724.61,-565.92,-1.22,1.52,-1.71,34.21
1411,229831803,320.31,730.47,-567.87,-1.65,1.52,-1.52,34.31
1412,229835852,320.31,726.56,-569.82,-1.52,1.71,-1.46,34.50
1413,229839902,323.24,730.47,-567.87,-1.71,1.83,-1.22,34.50
1414,229843959,321.78,729.49,-570.80,-1.40,1.77,-0.55,34.74
1415,229848008,318.85,727.05,-578.61,-1.65,1.52,-0.43,34.36
1416,229853803,315.92,727.54,-589.84,-1.40,1.34,-0.18,34.36
1417,229857852,316.89,721.19,-589.84,-1.16,0.73,-0.37,34.50
1418,229861902,315.92,723.14,-584.96,-0.98,0.61,-0.12,34.50
1419,229865959,313.48,717.29,-583.01,-0.61,0.18,0.06,34.50
1420,229870008,316.41,722.66,-583.50,-0.06,-0.30,0.06,34.40
1421,229875803,322.75,718.75,-582.52,0.18,-0.91,0.49,34.31
1422,229879852,328.12,719.24,-585.94,0.67,-0.79,0.79,34.50
1423,229883902,320.80,721.19,-588.38,0.24,-0.85,0.55,34.21
1424,229887959,327.64,719.24,-592.29,0.06,-0.61,0.24,34.55
1425,229893803,328.61,716.80,-591.31,0.06,-0.67,0.06,34.50
1426,229897852,329.10,717.77,-589.36,-0.06,-0.30,-0.12,34.50
1427,229901902,334.47,717.29,-588.38,0.12,0.30,-0.73,34.40
1428,229905959,337.40,715.82,-586.43,-0.55,0.79,-0.91,34.21
1429,229910008,333.98,711.43,-582.03,-0.43,1.59,-1.28,34.55
1430,229914058,334.47,712.40,-577.15,-0.30,2.44,-1.40,34.50
1431,229919803,338.87,718.26,-587.89,-0.67,2.93,-2.20,34.50
1432,229923852,327.64,718.75,-592.29,-0.91,2.93,-2.13,34.36
1433,229927902,328.12,714.36,-598.14,-1.04,3.11,-2.26,34.40
1434,229931959,323.73,718.75,-598.14,-0.67,2.93,-2.44,34.40
1435,229937803,325.68,721.19,-594.24,-0.79,2.50,-2.32,34.64
1436,229941852,329.59,728.52,-597.17,-0.79,2.26,-2.50,34.69
1437,229945902,323.24,728.03,-599.61,-0.85,2.56,-2.68,34.50
1438,229949959,330.08,728.52,-596.68,-0.85,2.26,-2.56,34.12
1439,229954008,328.12,725.10,-597.66,-0.61,2.26,-2.62,34.50
1440,229959803,322.27,722.17,-596.19,-0.73,2.56,-2.87,34.50
1441,229963852,320.80,722.17,-598.14,-0.73,2.87,-2.62,34.50
1442,229967902,315.92,728.03,-597.66,-0.37,2.87,-2.32,34.40
1443,229971959,316.89,723.14,-595.70,-0.06,2.87,-2.01,34.40
1444,229976008,312.01,721.68,-601.07,-0.18,2.38,-2.56,34.40
1445,229981803,312.50,718.26,-604.49,0.18,1.71,-2.20,34.40
1446,229985852,315.43,714.84,-603.03,0.61,0.67,-1.89,34.40
1447,229989902,315.92,713.87,-610.84,1.10,0.18,-1.59,34.64
1448,229993959,313.96,715.82,-607.42,1.10,-0.55,-2.01,34.50
1449,229998008,312.50,713.38,-606.93,1.10,-0.98,-1.89,34.40
1450,230003803,317.38,718.75,-603.03,1.22,-0.79,-2.20,34.21
1451,230007852,324.22,715.82,-594.73,1.22,0.18,-2.44,34.31
1452,230011902,324.71,713.38,-591.80,0.98,0.49,-2.93,34.74
1453,230015959,319.34,719.24,-594.73,1.10,1.22,-2.87,34.40
1454,230020008,324.71,721.19,-597.17,1.16,1.16,-3.05,34.16
1455,230025803,321.29,715.33,-596.68,1.04,1.28,-3.17,34.21
1456,230029852,320.80,714.84,-599.61,1.22,1.10,-3.17,34.12
1457,230033902,316.41,714.36,-601.56,0.91,1.22,-3.23,34.55
1458,230037959,313.96,714.84,-602.05,0.85,1.28,-3.05,34.36
1459,230042008,317.38,716.80,-601.56,0.98,1.22,-3.23,34.12
1460,230047803,313.96,720.21,-602.05,1.04,0.61,-3.05,34.21
1461,230051852,312.01,720.70,-597.17,1.04,0.43,-3.23,34.36
1462,230055902,312.50,719.73,-600.10,1.10,0.12,-3.17,34.50
1463,230059959,312.99,717.77,-597.66,1.10,-0.06,-2.93,34.40
1464,230064008,316.41,716.80,-592.29,1.04,0.12,-3.17,34.40
1465,230069803,314.94,712.40,-589.36,0.55,0.18,-3.05,34.50
1466,230073852,312.99,715.82,-597.17,0.85,0.18,-2.93,34.36
1467,230077902,308.11,712.89,-587.89,0.49,0.00,-3.05,34.50
1468,230081959,313.48,713.38,-592.29,1.04,-0.24,-2.62,34.50
1469,230086008,310.06,713.38,-594.24,0.79,-0.73,-2.44,34.69
1470,230091803,312.99,715.33,-594.73,0.67,-1.10,-2.56,34.36
1471,230095852,312.50,710.94,-593.75,0.43,-1.22,-2.32,34.50
1472,230099902,316.41,714.84,-587.40,0.24,-1.22,-2.32,34.40
1473,230103959,319.34,708.98,-589.36,-0.12,-1.40,-2.26,34.36
1474,230108008,318.36,715.33,-592.77,0.00,-1.40,-2.26,34.50
1475,230113803,318.85,722.17,-590.82,-0.12,-2.07,-2.13,34.36
1476,230117852,322.75,718.75,-589.84,-0.06,-2.32,-1.89,34.31
1477,230121902,316.89,719.24,-592.77,-0.18,-2.20,-1.65,34.12
1478,230125959,325.68,720.21,-593.75,-0.61,-2.01,-1.34,34.55
1479,230131803,325.20,720.21,-588.38,-0.79,-2.07,-1.46,34.50
1480,230135852,325.68,721.68,-589.84,-1.10,-1.71,-1.83,34.50
1481,230139902,329.59,721.19,-584.96,-1.34,-1.04,-1.71,34.36
1482,230143959,329.59,719.73,-587.40,-1.16,-0.91,-1.83,34.21
1483,230148008,329.10,715.33,-588.87,-1.52,-0.49,-1.59,34.50
1484,230153803,325.68,716.31,-594.73,-2.01,-0.30,-1.52,34.50
1485,230157852,320.80,713.87,-593.75,-1.65,-0.06,-1.10,34.50
1486,230161902,323.24,711.91,-598.63,-1.77,-0.61,-0.61,34.64
1487,230165959,319.82,710.45,-598.14,-1.34,-1.10,-0.24,34.21
1488,230170008,316.89,708.01,-604.49,-1.10,-1.59,-0.12,34.50
1489,230175803,321.78,713.38,-604.98,-1.04,-2.07,-0.12,34.40
1490,230179852,318.85,709.96,-600.59,-0.91,-2.87,-0.06,34.93
1491,230183902,320.31,711.43,-595.70,-0.85,-3.35,0.85,34.74
1492,230187959,321.78,712.89,-594.24,-0.85,-3.60,0.79,34.31
1493,230192008,326.66,713.38,-594.73,-1.04,-3.54,0.79,34.21
1494,230197803,328.61,715.33,-599.61,-1.04,-3.48,0.67,34.40
1495,230201852,327.15,715.33,-595.21,-1.40,-3.17,0.67,34.40
1496,230205902,320.80,716.80,-597.17,-1.28,-3.05,0.73,34.50
1497,230209959,314.45,715.82,-599.61,-1.65,-2.56,0.61,34.40
1498,230214008,317.38,711.91,-598.63,-2.01,-2.20,0.37,34.31
1499,230219803,312.01,708.01,-596.68,-1.95,-2.13,0.37,34.36
1500,230223852,308.11,709.47,-593.75,-2.13,-2.32,0.55,34.50
1501,230227902,307.13,708.98,-594.73,-2.13,-2.62,0.61,34.36
1502,230231959,304.69,710.45,-589.84,-2.07,-2.87,0.73,34.40
1503,230236008,306.15,712.89,-589.36,-1.83,-3.29,0.49,34.31
1504,230241803,308.11,714.36,-592.29,-1.95,-3.60,0.49,34.40
1505,230245852,317.38,712.89,-589.84,-1.71,-3.78,0.30,33.88
1506,230249902,315.43,710.45,-592.77,-1.77,-3.90,0.24,34.50
1507,230253959,311.04,712.40,-591.31,-1.65,-4.09,0.73,34.40
1508,230258008,312.50,714.84,-594.73,-1.65,-4.76,0.73,34.31
1509,230263803,309.57,714.84,-590.82,-1.71,-5.06,0.85,34.31
1510,230267852,310.55,716.31,-594.73,-1.89,-5.18,0.79,34.74
1511,230271902,311.52,719.24,-586.91,-2.01,-5.18,0.73,34.40
1512,230275959,312.99,720.70,-586.91,-2.56,-4.57,0.30,34.31
1513,230280008,319.34,720.70,-585.94,-2.62,-3.84,-0.06,34.31
1514,230285803,316.41,726.07,-584.96,-2.93,-3.66,-0.18,34.64
1515,230289852,313.96,727.54,-586.91,-3.11,-3.72,0.18,34.64
1516,230293902,308.11,729.00,-591.31,-2.87,-3.90,0.37,34.88
1517,230297959,306.64,728.03,-590.33,-2.93,-4.15,0.55,34.21
1518,230302008,305.18,727.54,-583.01,-2.74,-4.09,0.73,34.40
1519,230307803,307.62,729.98,-581.05,-2.80,-3.84,0.79,34.55
1520,230311852,308.11,726.56,-583.50,-2.93,-3.48,0.79,34.36
1521,230315902,308.11,725.59,-582.52,-2.74,-3.35,0.73,34.31
1522,230319959,305.66,729.49,-586.91,-2.80,-2.80,0.67,34.64
1523,230324008,302.73,726.07,-584.47,-2.93,-2.56,0.55,34.50
1524,230329803,303.22,723.14,-584.96,-2.99,-2.26,0.49,34.64
1525,230333852,299.32,710.45,-585.94,-3.17,-1.89,0.49,34.40
1526,230337902,304.69,707.03,-586.91,-2.80,-1.95,0.43,34.21
1527,230341959,306.15,708.50,-582.03,-2.74,-2.20,0.55,34.31
1528,230347803,300.29,707.52,-587.89,-2.13,-2.93,0.85,34.40
1529,230351852,298.83,710.45,-591.31,-2.01,-3.41,1.40,34.36
1530,230355902,296.88,711.91,-588.38,-1.89,-3.84,1.46,34.50
1531,230359959,306.64,715.82,-585.45,-1.89,-3.60,1.40,34.40
1532,230364008,307.62,717.77,-581.05,-1.89,-3.72,1.34,34.83
1533,230369803,311.52,720.21,-579.59,-1.77,-3.72,1.22,34.50
1534,230373852,309.08,725.10,-585.45,-1.52,-3.29,1.34,34.31
1535,230377902,312.01,725.10,-583.50,-1.59,-2.93,1.10,34.31
1536,230381959,313.96,722.66,-583.01,-1.71,-2.80,1.34,34.31
1537,230386008,312.01,717.29,-579.59,-1.83,-2.07,1.04,34.50
1538,230391803,311.52,721.19,-581.54,-1.89,-1.22,0.91,34.36
1539,230395852,315.43,715.33,-579.59,-2.13,-0.49,0.79,34.64
1540,230399902,308.11,715.33,-587.89,-1.83,-0.24,0.55,34.40
1541,230403959,309.57,719.73,-589.84,-1.89,-0.37,0.61,34.50
1542,230408008,308.59,720.70,-596.19,-1.65,-0.55,0.61,34.55
1543,230413803,308.59,720.70,-603.52,-1.65,-0.79,0.79,34.36
1544,230417852,306.64,717.77,-593.75,-1.34,-1.59,1.10,34.50
1545,230421902,308.59,719.24,-596.68,-1.28,-1.65,1.04,34.69
1546,230425959,309.57,720.21,-594.73,-1.59,-2.01,1.10,34.40
1547,230430008,313.96,719.73,-595.21,-1.40,-2.20,1.16,34.40
1548,230435803,311.52,719.24,-596.68,-1.10,-2.50,1.10,34.36
1549,230439852,311.04,723.14,-598.63,-0.73,-2.80,0.98,34.50
1550,230443902,312.99,726.56,-600.59,-0.67,-2.99,1.16,34.40
1551,230447959,312.50,727.05,-593.26,-0.67,-2.87,0.98,34.50
1552,230452008,313.48,733.40,-590.82,-1.16,-2.80,0.85,34.55
1553,230457803,311.04,723.14,-587.89,-1.16,-2.07,0.91,34.64
1554,230461852,313.48,726.07,-588.38,-0.98,-1.22,0.85,34.40
1555,230465902,312.50,729.00,-581.54,-1.28,-0.79,0.73,34.36
1556,230469959,312.50,729.00,-583.50,-1.22,-0.24,0.79,34.74
1557,230474008,313.96,728.52,-586.43,-1.16,-0.37,0.98,34.21
1558,230479803,303.22,727.54,-587.89,-1.10,-0.30,0.79,34.40
1559,230483852,303.22,730.96,-591.80,-1.22,-0.43,0.85,34.31
1560,230487902,307.13,728.52,-588.38,-0.91,-0.67,0.85,34.55
1561,230491959,305.18,728.52,-583.50,-0.91,-0.79,0.91,34.40
1562,230496008,308.11,728.52,-591.80,-0.55,-0.67,0.91,34.36
1563,230501803,309.08,724.12,-588.87,-0.49,-0.98,0.73,34.40
1564,230505852,307.62,722.17,-595.21,-0.43,-1.22,0.85,34.64
1565,230509902,311.04,717.77,-592.77,-0.43,-1.16,1.10,34.64
1566,230513959,312.99,716.80,-583.01,-0.37,-1.46,0.79,34.40
1567,230518008,315.92,721.68,-587.89,-0.73,-0.73,0.67,34.31
1568,230523803,320.31,722.17,-584.96,-0.85,-0.61,0.61,34.50
1569,230527852,315.92,718.26,-584.47,-0.79,-0.24,0.00,34.64
1570,230531902,321.29,722.66,-587.40,-0.98,0.12,0.06,34.64
1571,230535959,316.89,718.75,-589.36,-0.73,0.18,0.18,34.64
1572,230540008,313.96,718.26,-591.80,-0.43,-0.12,0.06,34.50
1573,230545803,311.52,722.66,-587.89,-0.06,0.12,0.00,34.64
1574,230549852,317.38,717.77,-589.84,-0.37,0.55,-0.37,34.40
1575,230553902,310.55,719.73,-581.54,-0.24,0.49,-0.24,34.40
1576,230557959,312.99,721.19,-589.36,0.00,0.67,-0.12,34.31
1577,230563803,312.99,721.68,-591.31,-0.12,0.37,-0.12,34.50
1578,230567852,313.48,725.10,-597.66,-0.06,0.43,-0.24,34.64
1579,230571902,310.06,723.63,-597.66,0.18,0.00,0.12,34.50
1580,230575959,308.11,728.03,-599.12,-0.06,0.00,0.18,34.36
1581,230580008,306.15,722.66,-598.63,-0.06,-0.43,0.18,34.64
1582,230584058,313.96,724.61,-595.21,0.00,-0.18,0.73,34.64
1583,230589803,316.89,727.05,-595.21,-0.67,-0.61,0.49,34.40
1584,230593852,314.94,727.54,-595.21,-0.43,-0.30,0.91,34.36
1585,230597902,306.15,725.59,-590.82,-0.24,-0.73,0.73,34.40
1586,230601959,309.08,726.07,-584.47,-0.85,-0.55,0.73,34.21
1587,230607803,308.59,722.17,-580.08,-0.85,-0.61,0.55,34.36
1588,230611852,310.55,721.68,-576.17,-0.85,0.18,0.30,34.50
1589,230615902,308.59,719.73,-575.68,-0.98,0.79,0.18,34.50
1590,230619959,307.13,720.70,-575.68,-1.10,0.98,0.30,34.31
1591,230624008,311.04,721.19,-580.08,-0.79,1.22,0.24,34.40
1592,230629803,307.62,722.66,-583.01,-0.37,0.91,0.37,34.64
1593,230633852,304.20,725.10,-582.03,-0.37,0.37,0.43,34.50
1594,230637902,304.20,726.56,-580.08,-0.06,0.30,0.37,34.55
1595,230641959,306.64,723.63,-583.50,0.06,0.43,0.61,34.36
1596,230646008,304.20,722.66,-586.91,0.30,0.30,0.37,34.64
1597,230651803,310.55,724.12,-585.94,0.30,0.24,0.61,34.55
1598,230655852,315.92,734.37,-594.24,0.12,0.00,0.79,34.50
1599,230659902,316.89,729.00,-591.31,-0.18,0.06,0.85,34.55
1600,230663959,320.31,727.05,-596.19,-0.49,0.43,0.61,34.40
1601,230668008,313.96,719.73,-600.59,-0.24,0.67,0.67,34.55
1602,230673803,313.96,718.26,-599.61,-0.18,0.00,0.67,34.21
1603,230677852,315.43,720.70,-603.03,-0.30,0.30,0.79,34.21
1604,230681902,315.92,720.70,-603.03,-0.37,0.18,0.55,34.40
1605,230685959,315.43,719.73,-600.59,-0.30,-0.06,0.61,34.40
1606,230690008,310.06,718.26,-598.14,0.06,-0.18,0.37,34.31
1607,230695803,315.43,718.75,-596.68,-0.12,-0.06,0.67,34.31
1608,230699852,317.87,721.19,-589.36,-0.06,0.06,0.30,34.31
1609,230703902,313.48,718.26,-590.33,-0.18,0.37,0.55,34.50
1610,230707959,317.38,723.63,-591.80,0.00,0.55,0.37,34.36
1611,230712008,312.01,718.26,-594.73,0.00,0.61,0.18,34.36
1612,230717803,308.59,716.31,-592.77,0.00,0.67,0.12,34.40
1613,230721852,312.50,719.73,-596.19,0.30,0.49,0.30,34.50
1614,230725902,312.99,719.24,-594.24,0.43,0.37,0.49,34.64
1615,230729959,312.01,724.12,-591.31,0.73,0.00,0.06,34.64
1616,230734008,315.43,717.77,-591.31,0.73,0.79,0.06,34.36
1617,230739803,315.43,722.17,-592.29,0.61,0.61,0.12,34.64
1618,230743852,318.85,720.70,-593.75,0.73,0.55,-0.18,34.55
1619,230747902,311.52,720.70,-596.19,1.10,0.37,-0.12,34.31
1620,230751959,310.55,718.75,-597.66,0.98,0.18,0.00,34.64
1621,230756008,313.48,720.21,-596.19,0.67,0.06,0.00,34.64
1622,230761803,312.01,718.26,-592.29,0.73,0.12,-0.18,34.55
1623,230765852,314.94,714.36,-589.36,0.79,0.55,-0.43,34.64
1624,230769902,315.43,721.68,-588.87,0.55,0.61,-0.55,34.21
1625,230773959,315.92,720.21,-588.38,0.85,0.18,-0.37,34.55
1626,230778008,315.92,719.73,-593.26,0.85,-0.24,-0.12,34.50
1627,230783803,311.52,725.59,-596.68,0.73,-0.67,0.12,34.69
1628,230787852,317.38,726.07,-592.29,1.04,-1.46,0.06,34.50
1629,230791902,312.01,727.05,-584.96,0.79,-1.34,0.06,34.36
1630,230795959,322.75,728.03,-582.03,0.73,-1.40,-0.18,34.50
1631,230801803,322.75,725.59,-582.03,0.67,-1.28,-0.24,34.50
1632,230805852,318.85,730.96,-580.08,0.55,-0.67,-0.06,34.64
1633,230809902,323.24,730.96,-583.01,0.18,-0.61,-0.18,34.64
1634,230813959,324.71,729.98,-581.54,-0.43,-0.37,-0.12,34.31
1635,230818008,324.71,727.54,-580.08,-0.24,-0.43,-0.18,34.40
1636,230823803,323.24,726.56,-583.01,-0.18,-0.24,-0.24,34.64
1637,230827852,325.68,722.66,-581.05,-0.73,-0.06,-0.43,34.69
1638,230831902,321.29,723.63,-587.40,-0.91,0.49,-0.24,34.64
1639,230835959,325.20,729.00,-582.52,-1.34,0.18,-0.43,34.31
1640,230840008,318.36,725.10,-583.50,-1.34,0.12,-0.30,34.64
1641,230845803,315.43,727.05,-588.38,-1.16,-0.30,-0.43,34.50
1642,230849852,313.96,730.96,-589.36,-1.46,-0.73,-0.30,34.50
1643,230853902,314.94,729.98,-590.33,-1.34,-1.16,-0.12,34.40
1644,230857959,314.94,727.54,-593.26,-1.22,-1.40,0.12,34.40
1645,230862008,316.41,726.56,-592.29,-1.34,-1.34,0.12,34.55
1646,230867803,321.29,729.00,-587.89,-1.77,-0.98,0.12,34.50
1647,230871852,316.89,719.73,-585.94,-1.71,-0.73,-0.18,34.31
1648,230875902,312.01,726.07,-588.38,-1.65,-0.49,-0.24,34.31
1649,230879959,317.87,726.56,-589.84,-1.77,-0.37,-0.18,34.36
1650,230884008,315.43,723.14,-590.82,-1.65,-1.04,-0.30,34.74
1651,230889803,315.92,720.21,-591.80,-1.59,-1.04,-0.37,34.36
1652,230893852,314.94,718.26,-592.29,-1.22,-1.10,-0.37,34.36
1653,230897902,316.41,716.31,-584.96,-1.34,-1.10,-0.49,34.88
1654,230901959,318.85,711.43,-596.19,-1.46,-0.85,-0.43,34.50
1655,230906008,315.43,712.40,-595.70,-1.22,-0.79,-0.49,34.40
1656,230911803,311.52,712.89,-592.29,-1.16,-0.91,-0.37,34.40
1657,230915852,314.45,710.45,-593.75,-1.40,-0.91,-0.43,34.40
1658,230919902,317.38,715.82,-593.26,-1.10,-1.22,-0.43,34.40
1659,230923959,313.48,718.26,-595.21,-0.73,-1.40,-0.43,34.50
1660,230928008,312.50,715.82,-598.63,-0.73,-1.34,-0.24,34.50
1661,230933803,318.85,714.36,-599.61,-0.37,-1.40,-0.43,34.31
1662,230937852,311.04,711.91,-597.17,-0.37,-1.34,-0.30,34.64
1663,230941902,316.41,709.96,-599.12,-0.43,-1.22,-0.18,34.40
1664,230945959,313.96,708.50,-596.19,-0.12,-1.16,0.00,34.40
1665,230950008,312.50,713.38,-597.17,0.00,-1.52,-0.06,34.21
1666,230955803,317.38,714.84,-598.14,0.12,-1.83,0.18,34.21
1667,230959852,316.89,713.38,-596.68,0.61,-2.20,0.18,34.31
1668,230963902,317.38,716.80,-596.19,0.67,-2.62,0.18,34.50
1669,230967959,317.38,719.24,-597.66,0.91,-2.68,0.37,34.55
1670,230972008,321.78,719.24,-589.36,0.85,-2.20,0.49,34.31
1671,230977803,321.78,713.87,-591.80,0.43,-1.89,0.18,34.50
1672,230981852,320.31,719.24,-591.80,0.55,-1.65,0.67,34.50
1673,230985902,321.29,718.26,-592.29,0.37,-1.59,0.55,34.31
1674,230989959,321.29,716.31,-587.89,0.49,-1.40,0.24,34.50
1675,230994008,321.78,719.73,-591.31,0.30,-1.04,0.24,34.40
1676,230999803,321.29,717.29,-593.26,-0.12,-0.49,0.37,34.64
1677,231003852,317.38,718.75,-592.29,-0.49,0.18,0.24,34.50
1678,231007902,320.31,717.29,-594.24,-0.55,0.00,0.12,34.31
1679,231011959,317.87,724.61,-595.70,-0.55,-0.55,0.30,34.50
1680,231017803,317.87,718.75,-594.24,-0.55,-0.43,0.43,34.36
1681,231021852,311.52,719.73,-601.56,-0.55,-0.98,0.55,34.50
1682,231025902,309.08,717.29,-597.17,-0.61,-1.16,0.85,34.64
1683,231029959,314.94,719.24,-593.75,-0.61,-1.52,0.85,34.31
1684,231034008,314.45,717.77,-595.21,-0.91,-1.59,0.73,34.64
1685,231039803,312.50,718.26,-593.26,-0.73,-1.65,0.98,34.40
1686,231043852,314.45,709.96,-585.94,-0.55,-1.34,0.79,34.50
1687,231047902,311.52,715.33,-589.36,-0.73,-1.77,0.61,34.40
1688,231051959,314.45,714.84,-590.82,-0.98,-1.40,0.49,34.21
1689,231056008,312.50,708.98,-584.47,-1.04,-1.40,0.43,34.50
1690,231061803,312.01,708.98,-584.47,-1.16,-1.04,0.43,34.50
1691,231065852,316.41,710.94,-587.89,-1.16,-0.73,0.18,34.31
1692,231069902,317.87,715.33,-590.82,-1.10,-0.98,0.49,34.36
1693,231073959,318.85,717.29,-589.84,-1.10,-0.98,0.43,34.40
1694,231078008,311.04,714.36,-592.77,-1.22,-1.16,0.37,34.40
1695,231083803,312.50,722.66,-594.73,-1.40,-1.22,0.37,34.64
1696,231087852,320.31,722.17,-595.21,-1.71,-1.04,0.55,34.36
1697,231091902,321.78,722.66,-595.70,-1.71,-1.04,0.30,34.93
1698,231095959,317.38,722.17,-602.05,-1.40,-1.04,0.55,34.40
1699,231100008,311.04,721.68,-600.59,-1.46,-1.28,0.73,34.50
1700,231105803,318.85,721.68,-600.10,-1.95,-1.77,1.16,34.21
1701,231109852,314.94,719.73,-590.82,-1.95,-1.46,1.28,34.40
1702,231113902,312.50,720.70,-593.75,-2.13,-1.59,1.34,34.74
1703,231117959,311.52,722.66,-588.38,-1.95,-1.71,1.52,34.50
1704,231122008,306.15,722.17,-593.26,-2.26,-1.71,1.40,34.36
1705,231127803,312.01,720.70,-595.21,-2.20,-1.83,1.46,34.21
1706,231131852,310.55,720.21,-597.66,-2.07,-2.44,1.34,34.36
1707,231135902,312.99,717.77,-595.21,-2.13,-2.44,1.77,34.69
1708,231139959,315.92,719.73,-592.29,-2.13,-2.38,1.52,34.50
1709,231144008,312.01,715.82,-593.75,-2.13,-2.26,1.59,34.12
1710,231149803,312.50,711.43,-597.66,-2.20,-1.89,1.46,34.21
1711,231153852,314.45,713.38,-599.12,-2.26,-2.13,1.46,34.69
1712,231157902,312.01,712.40,-595.21,-2.26,-2.32,1.28,34.50
1713,231161959,314.94,710.94,-597.66,-2.20,-2.38,1.52,34.64
1714,231166008,312.50,711.91,-598.63,-2.07,-2.50,1.34,34.40
1715,231171803,313.48,711.91,-596.68,-2.01,-2.50,1.46,34.69
1716,231175852,314.94,709.96,-595.21,-2.20,-2.44,1.71,34.40
1717,231179902,308.59,716.31,-595.70,-2.20,-2.20,1.77,34.40
1718,231183959,308.11,718.75,-596.68,-2.07,-2.26,1.89,34.69
1719,231188008,308.11,716.80,-599.61,-2.07,-2.20,1.89,34.40
1720,231193803,311.52,718.26,-591.31,-1.95,-2.44,1.95,34.55
1721,231197852,311.52,722.66,-594.73,-1.65,-2.50,2.20,34.50
1722,231201902,310.06,722.17,-596.19,-1.46,-2.68,2.26,34.21
1723,231205959,309.57,721.68,-594.73,-1.34,-2.87,2.32,34.40
1724,231210008,312.99,723.14,-593.75,-1.34,-2.68,2.26,34.50
1725,231215803,313.48,724.61,-595.21,-1.46,-3.05,2.20,34.64
1726,231219852,310.55,721.19,-596.68,-1.40,-2.56,2.50,34.50
1727,231223902,312.99,724.61,-589.84,-1.59,-2.74,2.26,34.12
1728,231227959,308.59,717.77,-592.29,-1.77,-2.26,2.32,34.50
1729,231233803,307.62,724.12,-584.47,-1.95,-2.32,2.32,34.50
1730,231237852,310.55,719.24,-589.36,-1.71,-2.32,2.32,34.64
1731,231241902,307.13,718.75,-586.91,-1.59,-3.23,2.38,34.64
1732,231245959,312.99,721.19,-590.82,-1.28,-3.23,2.38,34.31
1733,231250008,314.94,725.59,-588.87,-1.16,-3.90,2.13,34.50
1734,231255803,313.96,726.56,-588.87,-1.40,-4.33,2.32,34.31
1735,231259852,315.43,727.05,-586.43,-1.28,-4.21,2.38,34.64
1736,231263902,318.36,730.47,-583.01,-1.83,-3.96,2.20,34.50
1737,231267959,321.29,734.37,-586.91,-1.65,-3.66,2.01,33.78
1738,231272008,322.75,723.14,-581.05,-2.32,-3.54,1.77,34.55
1739,231277803,320.80,734.86,-577.64,-2.44,-2.56,1.65,34.40
1740,231281852,317.87,729.00,-581.54,-2.74,-2.32,1.34,34.55
1741,231285902,319.34,733.89,-582.03,-3.05,-1.71,1.04,34.36
1742,231289959,313.96,730.47,-585.45,-3.23,-1.65,0.79,34.50
1743,231294008,315.92,730.47,-582.03,-3.66,-1.59,0.55,34.36
1744,231299803,312.50,730.47,-586.43,-3.29,-1.59,0.79,34.64
1745,231303852,308.11,731.93,-586.43,-3.72,-1.95,0.49,34.64
1746,231307902,309.57,726.56,-583.01,-3.84,-1.71,0.61,34.69
1747,231311959,308.59,722.17,-579.59,-3.54,-1.89,0.30,34.50
1748,231316008,307.62,726.56,-581.54,-3.11,-1.65,0.43,34.36
1749,231321803,307.62,727.05,-584.47,-3.29,-1.83,0.24,34.12
1750,231325852,305.18,721.68,-584.47,-3.05,-2.32,0.37,34.21
1751,231329902,301.27,723.63,-586.43,-3.23,-2.44,0.43,34.55
1752,231333959,303.71,722.66,-582.03,-3.05,-2.56,0.49,34.40
1753,231338008,302.25,718.75,-584.96,-2.68,-2.38,0.61,34.64
1754,231343803,305.18,725.59,-584.47,-2.26,-2.50,0.91,34.21
1755,231347852,304.69,726.56,-586.43,-1.83,-2.56,0.98,34.40
1756,231351902,300.78,726.07,-593.26,-2.07,-2.20,0.91,34.64
1757,231355959,304.69,725.10,-587.89,-2.07,-2.26,0.79,34.64
1758,231360008,304.20,725.10,-584.47,-2.26,-1.46,0.67,34.12
1759,231365803,311.04,723.63,-583.50,-2.38,-0.73,0.61,34.12
1760,231369852,310.06,724.61,-584.96,-2.26,-0.06,0.67,34.16
1761,231373902,296.39,718.75,-590.33,-2.26,0.24,0.37,34.50
1762,231377959,300.78,725.10,-584.47,-1.83,-0.43,0.73,34.50
1763,231382008,293.46,726.56,-588.87,-1.46,-0.67,0.85,34.36
1764,231387803,297.85,718.75,-587.89,-1.22,-0.67,1.22,34.64
1765,231391852,307.62,721.68,-588.87,-1.28,-0.67,1.04,34.36
1766,231395902,302.25,723.14,-590.82,-1.04,-0.30,0.91,34.74
1767,231399959,306.15,720.21,-587.89,-0.85,-0.73,1.04,34.21
1768,231404008,311.04,720.70,-585.94,-0.67,-0.85,1.10,34.50
1769,231409803,308.11,725.59,-589.84,-0.37,-1.16,1.10,34.21
1770,231413852,311.04,718.26,-590.33,-0.30,-1.04,1.04,34.64
1771,231417902,313.48,716.31,-591.80,-0.24,-1.22,1.04,34.31
1772,231421959,311.52,718.75,-592.77,-0.12,-0.67,0.98,34.69
1773,231426008,317.87,717.29,-591.31,-0.18,-0.73,0.85,34.50
1774,231431803,317.38,722.17,-586.91,-0.43,-0.12,1.04,34.40
1775,231435852,308.11,722.66,-591.31,-0.43,-0.30,0.98,34.40
1776,231439902,313.48,724.12,-589.36,-0.61,-0.43,0.43,34.31
1777,231443959,312.50,723.63,-593.75,-0.30,-0.61,0.73,34.50
1778,231449803,311.52,722.17,-593.75,-0.43,-0.73,0.73,34.64
1779,231453852,316.89,725.59,-595.21,-0.49,-1.10,1.04,34.50
1780,231457902,314.94,718.26,-590.33,-0.43,-0.91,0.85,34.40
1781,231461959,316.89,727.05,-595.70,-0.30,-0.91,0.67,34.40
1782,231466008,314.45,720.21,-593.75,-0.61,-0.55,0.67,34.40
1783,231470058,312.50,722.66,-594.24,-0.85,-0.18,0.49,34.64
1784,231475803,316.89,724.61,-592.29,-0.37,-0.43,0.61,34.40
1785,231479852,308.59,727.05,-592.29,-0.43,-0.67,0.73,34.50
1786,231483902,314.94,731.45,-589.36,-0.24,-0.79,0.73,34.50
1787,231487959,314.45,730.96,-584.96,-0.61,-0.18,0.61,34.64
1788,231493803,315.43,724.12,-589.36,-0.43,-0.06,0.43,34.36
1789,231497852,315.92,727.54,-590.82,-0.91,1.04,0.00,34.50
1790,231501902,313.96,729.98,-591.31,-0.98,0.85,0.12,34.50
1791,231505959,304.20,721.68,-593.75,-0.91,1.04,0.12,34.21
1792,231510008,304.20,724.12,-590.33,-0.79,0.43,0.06,34.55
1793,231515803,303.71,724.12,-590.33,-0.55,0.24,0.18,34.50
1794,231519852,299.32,723.63,-585.45,-0.49,0.00,0.12,34.40
1795,231523902,300.29,722.66,-592.29,-0.61,0.18,0.12,34.40
1796,231527959,305.66,727.05,-593.75,-0.61,0.06,0.06,34.64
1797,231532008,305.18,720.70,-590.82,-0.43,-0.06,0.37,34.64
1798,231537803,298.83,719.73,-597.17,-0.43,-0.43,0.30,34.31
1799,231541852,306.15,719.24,-596.19,-0.12,-1.16,0.61,34.21
1800,231545902,302.25,720.70,-589.36,-0.06,-1.40,0.67,34.64
1801,231549959,302.73,717.29,-590.82,0.06,-1.34,0.61,34.40
1802,231554008,305.66,726.07,-587.89,-0.06,-1.28,0.37,34.21
1803,231559803,308.59,724.12,-588.38,0.06,-1.10,0.24,34.40
1804,231563852,310.55,719.24,-583.98,0.24,-0.91,0.49,34.31
1805,231567902,312.99,719.73,-583.50,0.30,-0.67,0.67,34.55
1806,231571959,314.45,719.24,-587.40,0.37,-0.43,0.55,34.40
1807,231576008,312.50,713.87,-584.96,0.24,-0.37,0.79,34.40
1808,231581803,309.57,721.19,-586.43,-0.06,-0.49,0.79,34.12
1809,231585852,308.59,719.24,-593.75,-0.37,-0.49,0.12,34.16
1810,231589902,312.01,720.70,-595.21,-0.37,-0.18,0.06,34.64
1811,231593959,313.48,718.26,-590.33,-0.61,0.30,0.12,34.40
1812,231598008,317.38,719.73,-589.36,-0.49,0.06,0.18,34.50
1813,231603803,313.96,722.66,-585.45,-0.73,0.06,0.18,34.36
1814,231607852,317.87,726.56,-590.82,-0.30,-0.49,0.79,34.50
1815,231611902,313.96,729.00,-583.01,-0.67,-0.49,1.04,34.64
1816,231615959,317.38,724.61,-592.29,-0.73,-0.73,0.91,34.12
1817,231620008,314.94,729.00,-582.52,-0.85,-0.67,0.98,34.31
1818,231625803,317.38,726.07,-587.40,-0.55,-0.12,1.28,34.40
1819,231629852,314.45,728.03,-585.45,-0.73,-0.06,1.22,34.64
1820,231633902,315.43,732.42,-585.94,-0.79,-0.12,1.22,34.55
1821,231637959,311.04,729.00,-581.05,-0.67,0.06,1.46,34.40
1822,231642008,306.64,727.05,-585.94,-0.85,0.24,1.71,34.50
1823,231647803,306.64,727.54,-592.29,-0.91,0.12,1.65,34.50
1824,231651852,307.62,721.19,-587.40,-0.73,-0.06,1.77,34.50
1825,231655902,304.69,719.73,-591.80,-0.85,-0.12,1.34,34.40
1826,231659959,304.20,721.19,-588.87,-0.73,-0.61,1.59,34.36
1827,231664008,309.08,721.19,-589.84,-0.55,-0.30,1.46,34.36
1828,231669803,311.52,721.19,-589.36,-0.61,-0.49,1.59,34.40
1829,231673852,308.11,716.31,-588.87,-0.30,-0.85,1.46,34.50
1830,231677902,312.01,718.75,-585.45,-0.49,-0.85,1.40,34.31
1831,231681959,310.55,720.70,-589.36,-0.55,-0.85,1.22,34.40
1832,231687803,311.04,720.21,-586.43,-0.24,-0.61,1.16,34.55
1833,231691852,310.55,721.19,-585.45,-0.43,-0.30,1.16,34.40
1834,231695902,315.43,719.24,-586.43,-0.55,-0.06,0.79,34.21
1835,231699959,318.36,721.19,-588.38,-0.55,0.00,0.85,34.21
1836,231704008,314.94,722.66,-593.26,-0.43,-0.18,0.73,34.40
1837,231709803,318.36,728.52,-595.70,-0.43,0.12,0.85,34.64
1838,231713852,312.01,723.14,-590.33,-0.73,0.43,0.55,34.64
1839,231717902,315.43,726.07,-590.82,-0.85,0.73,0.18,34.50
1840,231721959,318.85,728.03,-589.84,-1.10,0.55,0.37,34.21
1841,231726008,315.43,723.63,-593.26,-0.98,1.16,0.49,34.40
1842,231731803,318.36,729.00,-589.36,-1.22,1.40,0.30,34.31
1843,231735852,315.43,728.52,-589.36,-0.98,1.40,0.12,34.50
1844,231739902,311.04,729.00,-589.84,-0.91,0.91,0.30,34.50
1845,231743959,306.15,725.59,-589.36,-0.85,0.73,0.30,34.50
1846,231748008,303.71,726.56,-589.36,-0.55,0.06,0.73,34.40
1847,231753803,306.64,726.56,-584.47,-0.61,-0.30,0.61,34.50
1848,231757852,310.06,729.49,-589.36,-0.49,-0.37,0.79,34.31
1849,231761902,313.96,724.61,-586.43,-0.55,-0.12,0.55,34.40
1850,231765959,312.01,725.59,-583.01,-0.91,0.61,0.37,34.40
1851,231770008,309.57,724.12,-582.03,-1.28,1.16,0.24,34.74
1852,231775803,309.57,724.12,-581.54,-0.79,1.16,0.12,34.21
1853,231779852,304.69,723.14,-588.87,-0.98,0.98,0.24,34.31
1854,231783902,305.18,722.66,-584.96,-0.55,0.79,0.30,34.55
1855,231787959,308.59,721.68,-587.40,-0.85,0.73,0.37,34.40
1856,231792008,311.04,721.19,-588.38,-0.61,0.55,-0.18,34.36
1857,231797803,309.08,718.26,-584.96,-0.91,0.85,-0.06,34.02
1858,231801852,315.92,718.26,-587.89,-0.61,0.37,-0.18,34.21
1859,231805902,316.89,723.14,-585.45,-0.67,0.79,-0.43,34.69
1860,231809959,312.99,725.10,-586.91,-0.67,0.49,-0.37,34.50
1861,231814008,313.96,725.10,-588.38,-0.61,0.55,-0.24,34.36
1862,231819803,318.36,720.70,-588.38,-0.67,0.18,0.00,34.31
1863,231823852,317.87,720.70,-590.33,-0.73,0.49,-0.30,34.40
1864,231827902,317.87,724.12,-587.40,-0.79,0.61,-0.43,34.40
1865,231831959,318.36,725.10,-586.91,-0.91,0.98,-0.43,34.64
1866,231836008,321.29,726.07,-584.96,-1.10,1.04,-0.79,34.40
1867,231841803,326.66,718.75,-586.43,-1.16,1.52,-0.61,34.40
1868,231845852,321.29,725.59,-587.89,-1.04,1.28,-0.98,34.50
1869,231849902,322.27,718.75,-592.29,-1.04,1.10,-0.55,34.40
1870,231853959,316.89,719.73,-595.70,-0.91,0.79,-0.61,34.50
1871,231858008,320.80,718.26,-593.26,-0.61,0.43,-0.67,34.64
1872,231863803,319.82,716.80,-595.21,-0.67,0.67,-0.43,34.64
1873,231867852,319.82,718.26,-595.70,-0.98,0.55,-0.79,34.64
1874,231871902,319.34,719.73,-589.84,-0.79,0.43,-0.73,34.50
1875,231875959,319.34,720.70,-593.26,-0.79,0.43,-0.67,34.50
1876,231880008,322.75,722.17,-595.70,-0.79,0.49,-0.85,34.69
1877,231885803,322.27,719.24,-586.91,-0.85,0.37,-0.79,34.50
1878,231889852,318.36,714.84,-591.31,-0.98,0.30,-1.10,34.50
1879,231893902,315.43,720.21,-591.80,-1.04,0.61,-1.10,34.21
1880,231897959,311.52,715.82,-594.24,-0.79,1.04,-0.91,34.50
1881,231903803,315.92,716.31,-590.33,-0.91,0.91,-0.79,34.50
1882,231907852,316.89,713.87,-591.31,-0.67,0.91,-0.67,34.64
1883,231911902,313.96,715.82,-594.24,-0.91,0.67,-0.49,34.55
1884,231915959,308.59,717.29,-591.80,-0.37,0.24,-0.18,34.36
1885,231920008,313.48,718.26,-591.80,-0.37,0.00,-0.37,34.55
1886,231925803,308.11,722.17,-590.82,-0.55,-0.12,-0.12,34.50
1887,231929852,315.92,727.54,-583.98,-0.67,0.18,0.24,34.40
1888,231933902,315.92,727.54,-584.47,-0.55,0.37,-0.24,34.64
1889,231937959,315.92,725.59,-589.36,-0.61,0.79,-0.24,34.31
1890,231942008,313.48,727.54,-590.82,-0.73,1.46,-0.43,34.36
1891,231947803,316.89,723.63,-597.66,-0.85,1.52,-0.49,34.64
1892,231951852,315.43,723.63,-593.26,-0.91,1.65,-0.67,34.50
1893,231955902,309.08,723.14,-592.29,-0.73,1.16,-0.67,34.69
1894,231959959,310.06,720.21,-593.75,-0.73,0.98,-0.49,34.74
1895,231964008,306.15,720.70,-593.26,-0.98,0.73,-0.24,34.50
1896,231969803,311.52,718.26,-587.89,-0.85,0.37,-0.30,34.31
1897,231973852,312.01,723.14,-588.38,-0.73,-0.18,-0.43,34.50
1898,231977902,314.45,722.17,-585.45,-0.43,-0.55,-0.30,34.64
1899,231981959,315.92,718.26,-593.26,-0.55,-0.91,-0.30,34.69
1900,231986008,308.11,715.82,-590.33,-0.55,-1.59,-0.06,34.74
1901,231991803,313.48,715.82,-584.96,-0.30,-2.07,0.18,34.31
1902,231995852,315.92,716.80,-586.43,-0.30,-2.32,0.18,34.31
1903,231999902,317.87,718.26,-589.84,-0.18,-2.20,0.18,34.50
1904,232003959,316.89,725.59,-586.91,-0.49,-2.01,0.18,34.40
1905,232008008,316.89,724.61,-584.47,-0.43,-1.89,0.00,34.36
1906,232013803,325.68,724.61,-582.52,-0.85,-1.46,-0.12,34.31
1907,232017852,328.61,726.56,-583.01,-1.10,-0.85,-0.24,34.31
1908,232021902,327.15,728.52,-584.96,-1.46,-0.30,-0.61,34.55
1909,232025959,327.64,721.68,-588.87,-1.52,0.00,-0.61,34.55
1910,232030008,320.31,720.70,-594.24,-1.59,0.43,-0.85,34.21
1911,232035803,323.73,725.10,-592.77,-1.95,0.55,-0.61,34.31
1912,232039852,322.27,726.07,-591.80,-1.95,0.61,-0.49,34.40
1913,232043902,320.31,723.14,-590.33,-1.89,0.55,-0.24,34.55
1914,232047959,319.34,715.82,-584.96,-1.83,-0.06,-0.30,34.40
1915,232052008,314.45,720.70,-589.84,-1.83,-0.49,-0.24,34.21
1916,232057803,321.78,716.31,-591.31,-1.46,-0.91,0.00,34.40
1917,232061852,315.92,719.73,-589.36,-1.46,-0.49,-0.06,34.21
1918,232065902,318.85,717.29,-580.57,-1.71,-0.43,-0.06,34.64
1919,232069959,318.36,720.70,-584.47,-1.40,-0.12,-0.24,34.50
1920,232074008,317.38,712.89,-586.91,-1.52,0.12,-0.06,34.40
1921,232079803,314.45,715.82,-586.43,-1.28,0.30,0.00,34.50
1922,232083852,311.52,716.31,-592.29,-1.46,-0.06,0.12,34.40
1923,232087902,317.87,712.40,-593.75,-1.04,-0.61,0.49,34.31
1924,232091959,312.99,717.29,-592.77,-0.85,-1.10,0.61,34.64
1925,232096008,313.96,722.17,-593.26,-0.73,-1.16,0.49,34.21
1926,232101803,318.85,721.68,-591.31,-0.79,-1.40,0.43,34.64
1927,232105852,315.43,721.19,-589.36,-0.91,-1.10,0.00,34.64
1928,232109902,320.80,724.12,-583.98,-1.22,-0.91,0.18,34.31
1929,232113959,319.82,724.12,-586.91,-0.98,-0.91,0.49,34.64
1930,232119803,320.31,726.07,-584.47,-1.22,-0.67,0.43,34.55
1931,232123852,320.80,721.68,-584.96,-1.71,-0.43,0.61,34.40
1932,232127902,315.92,720.21,-579.59,-1.65,-0.06,0.55,34.55
1933,232131959,314.45,725.10,-580.08,-1.89,-0.06,0.49,34.21
1934,232136008,314.94,720.21,-581.05,-1.65,0.37,0.49,34.50
1935,232141803,315.43,728.03,-580.57,-1.77,0.24,0.67,34.40
1936,232145852,309.57,725.10,-578.61,-1.71,-0.43,0.49,34.36
1937,232149902,309.57,723.14,-579.59,-1.59,-0.37,0.18,34.55
1938,232153959,319.34,720.70,-579.59,-1.52,-0.30,0.24,34.36
1939,232158008,313.96,717.29,-583.50,-1.46,-0.06,0.43,34.50
1940,232163803,315.43,721.19,-576.66,-1.52,0.18,0.43,34.36
1941,232167852,309.08,719.73,-579.59,-1.34,0.37,0.67,34.31
1942,232171902,309.08,728.52,-581.54,-1.28,-0.18,0.67,34.21
1943,232175959,311.04,721.19,-592.29,-1.22,-0.24,0.43,34.31
1944,232180008,313.96,721.68,-592.77,-1.10,-0.91,0.85,34.40
1945,232185803,317.87,727.05,-583.50,-0.73,-0.85,0.85,34.64
1946,232189852,317.38,725.59,-587.40,-1.10,-0.79,1.16,34.64
1947,232193902,314.94,724.12,-582.52,-0.91,-0.49,0.91,34.40
1948,232197959,315.43,729.00,-588.87,-1.04,-0.55,0.85,34.40
1949,232202008,312.50,726.07,-584.47,-1.34,-0.43,0.79,34.50
1950,232207803,317.38,729.49,-589.84,-0.98,-0.55,1.04,34.36
1951,232211852,320.80,727.05,-586.43,-0.98,-0.30,1.10,34.36
1952,232215902,320.80,729.98,-589.84,-1.04,-0.24,1.04,34.50
1953,232219959,320.31,724.12,-584.96,-1.16,0.06,1.16,34.36
1954,232224008,317.87,728.03,-582.03,-1.40,0.37,1.04,34.40
1955,232229803,320.31,730.96,-581.54,-1.40,0.49,0.85,34.21
1956,232233852,321.29,724.12,-583.98,-1.10,0.85,0.55,34.40
1957,232237902,323.24,724.61,-588.38,-1.16,0.73,0.30,34.50
1958,232241959,321.78,723.63,-591.31,-1.16,0.37,0.24,34.64
1959,232246008,322.75,722.17,-593.26,-0.98,0.00,0.06,34.31
1960,232251803,319.82,718.26,-593.26,-1.10,0.12,0.00,34.36
1961,232255852,321.78,718.26,-588.87,-1.10,0.00,0.00,34.36
1962,232259902,320.31,715.82,-589.36,-1.10,-0.06,0.12,34.64
1963,232263959,323.73,722.17,-591.80,-0.79,-0.18,0.18,34.74
1964,232268008,324.71,726.07,-591.31,-0.61,-0.49,-0.18,34.16
1965,232273803,327.64,720.21,-588.87,-0.49,-0.37,-0.12,34.64
1966,232277852,327.15,724.61,-594.24,-0.85,-0.30,-0.37,34.31
1967,232281902,329.59,724.61,-592.77,-0.49,-0.67,-0.43,34.50
1968,232285959,330.57,721.19,-593.26,-0.43,-0.43,-0.37,34.55
1969,232290008,327.15,722.17,-590.82,-0.30,-0.30,-0.79,34.31
1970,232295803,318.36,722.66,-590.82,-0.37,-0.55,-0.49,34.40
1971,232299852,326.17,726.56,-588.87,-0.37,-0.30,-0.37,34.40
1972,232303902,325.20,724.61,-592.29,-0.49,-0.49,-0.85,34.64
1973,232307959,327.15,723.63,-589.36,-0.55,-0.67,-0.73,34.64
1974,232312008,323.24,722.66,-593.75,-0.43,-0.49,-0.98,34.40
1975,232317803,321.78,721.19,-592.77,-0.43,-0.49,-0.85,34.50
1976,232321852,323.73,719.24,-591.31,-0.73,-0.49,-1.22,34.40
1977,232325902,326.66,715.82,-590.82,-1.10,-0.18,-1.34,34.40
1978,232329959,323.73,712.89,-587.89,-0.98,0.00,-1.46,34.50
1979,232334008,324.22,712.40,-582.03,-0.85,0.30,-1.40,34.50
1980,232339803,322.75,715.82,-583.01,-0.98,0.18,-1.77,34.74
1981,232343852,318.85,722.66,-583.98,-0.61,-0.30,-1.16,34.50
1982,232347902,319.82,720.21,-585.94,-0.61,-0.98,-0.85,34.40
1983,232351959,316.41,720.21,-591.80,-0.24,-1.83,-0.67,34.64
1984,232357803,320.80,723.63,-584.47,-0.37,-2.26,-0.30,34.40
1985,232361852,324.22,727.05,-587.40,-0.49,-2.50,-0.61,34.50
1986,232365902,326.17,725.10,-586.43,-0.79,-2.56,-0.30,34.31
1987,232369959,324.71,730.47,-584.96,-1.04,-2.32,-0.24,34.55
1988,232374008,330.57,727.54,-590.82,-1.40,-1.89,-0.30,34.93
1989,232379803,330.57,733.89,-584.47,-1.65,-1.52,-0.24,34.50
1990,232383852,331.05,730.96,-586.91,-2.01,-1.16,-0.37,34.40
1991,232387902,327.15,727.54,-586.91,-2.32,-0.49,-0.49,34.40
1992,232391959,325.68,729.49,-586.91,-2.68,-0.24,-0.98,34.40
1993,232396008,324.71,732.91,-589.36,-2.93,-0.18,-0.91,34.64
1994,232401803,319.82,729.00,-592.77,-3.17,-0.37,-1.40,34.50
1995,232405852,319.34,725.10,-597.17,-3.23,-0.12,-1.77,34.40
1996,232409902,322.27,725.10,-593.75,-3.17,-0.24,-1.83,34.50
1997,232413959,321.29,719.73,-594.73,-3.35,-0.79,-1.83,34.64
1998,232418008,318.36,725.10,-594.24,-3.11,-1.04,-1.71,34.74
1999,232423803,316.41,725.10,-589.36,-2.99,-1.46,-1.83,34.55
2000,232427852,314.45,727.05,-590.82,-3.11,-1.77,-2.13,34.31
2001,232431902,322.75,723.14,-588.38,-3.05,-2.01,-2.20,34.40
2002,232435959,319.34,729.98,-592.77,-2.99,-2.13,-2.44,34.40
2003,232440008,319.34,729.98,-593.26,-2.93,-2.20,-2.50,34.50
2004,232445803,316.89,729.98,-593.26,-3.41,-2.07,-2.93,34.31
2005,232449852,313.48,727.05,-593.26,-3.66,-1.65,-3.05,34.21
2006,232453902,310.55,730.96,-592.29,-3.29,-1.46,-3.05,34.50
2007,232457959,311.52,732.42,-594.73,-3.60,-1.34,-3.23,34.50
2008,232462008,303.71,734.86,-590.33,-3.41,-1.46,-3.78,34.21
2009,232467803,305.66,736.82,-590.82,-3.41,-1.95,-3.41,34.50
2010,232471852,298.83,733.40,-594.24,-3.29,-2.38,-3.54,34.21
2011,232475902,298.83,727.05,-592.77,-3.35,-2.74,-3.17,34.50
2012,232479959,295.90,725.59,-593.26,-3.35,-2.99,-3.29,34.50
2013,232484008,298.83,732.91,-589.84,-2.99,-3.54,-2.99,34.36
2014,232489803,288.57,731.45,-593.26,-2.50,-4.15,-2.87,34.21
2015,232493852,296.88,731.45,-595.21,-2.44,-4.76,-2.87,34.36
2016,232497902,298.83,725.59,-589.36,-1.95,-4.94,-2.80,34.55
2017,232501959,298.34,726.07,-586.91,-2.13,-5.30,-3.11,34.69
2018,232506008,303.22,723.63,-584.96,-2.32,-4.88,-2.93,34.36
2019,232511803,301.76,726.56,-578.61,-1.89,-4.76,-2.68,34.64
2020,232515852,308.59,720.21,-571.78,-2.01,-3.72,-3.17,34.64
2021,232519902,307.62,717.29,-570.31,-2.01,-3.41,-2.99,34.64
2022,232523959,307.62,717.29,-567.87,-1.95,-2.74,-2.80,34.40
2023,232528008,306.64,715.33,-571.29,-1.65,-2.26,-2.62,34.50
2024,232533803,306.15,715.82,-574.71,-1.40,-2.26,-2.68,34.50
2025,232537852,303.71,714.84,-578.61,-1.40,-2.20,-2.38,34.40
2026,232541902,307.13,711.91,-581.54,-0.85,-2.38,-2.07,34.31
2027,232545959,305.66,717.77,-583.01,-0.85,-2.68,-1.89,34.40
2028,232550008,304.20,718.26,-585.45,-0.85,-2.99,-1.83,34.40
2029,232555803,303.71,719.73,-586.43,-0.61,-3.23,-1.77,34.36
2030,232559852,309.08,720.70,-584.47,-0.49,-2.99,-1.59,34.55
2031,232563902,311.52,716.80,-586.43,-0.91,-2.93,-1.59,34.50
2032,232567959,310.06,726.07,-582.52,-0.79,-2.62,-1.28,34.50
2033,232573803,309.57,726.07,-579.59,-1.04,-2.62,-1.46,34.50
2034,232577852,308.59,723.63,-574.71,-1.04,-1.65,-1.46,34.55
2035,232581902,309.57,723.63,-576.17,-1.04,-1.28,-1.52,34.64
2036,232585959,311.04,724.12,-575.68,-1.28,-1.04,-1.59,34.50
2037,232590008,308.59,725.10,-578.61,-1.28,-0.55,-1.59,34.74
2038,232595803,305.66,728.03,-577.64,-1.22,-0.30,-1.40,34.64
2039,232599852,303.71,733.40,-573.73,-1.16,-0.06,-1.46,34.12
2040,232603902,307.62,729.49,-578.12,-1.34,0.12,-1.40,34.50
2041,232607959,307.62,728.03,-571.78,-1.40,0.37,-1.16,34.21
2042,232612008,306.64,723.14,-571.29,-1.46,0.43,-1.04,34.50
2043,232617803,307.62,723.63,-570.31,-1.22,0.61,-0.91,34.64
2044,232621852,304.69,725.10,-578.12,-1.28,0.24,-0.73,34.64
2045,232625902,311.52,718.75,-576.17,-0.79,0.06,-0.49,34.31
2046,232629959,310.06,723.14,-577.15,-0.85,-0.06,-0.06,34.64
2047,232634008,307.62,720.21,-578.12,-0.67,-0.49,-0.18,34.50
2048,232639803,313.96,722.66,-571.78,-0.37,-0.49,0.06,34.40
2049,232643852,315.92,716.31,-581.05,-0.55,-0.24,0.00,34.36
2050,232647902,315.43,721.68,-573.73,-0.67,0.00,-0.06,34.64
2051,232651959,318.85,722.66,-570.80,-1.16,0.18,0.12,34.40
2052,232656008,314.94,714.84,-574.71,-1.10,0.79,0.12,34.64
2053,232661803,314.45,718.75,-571.78,-0.79,0.73,0.43,34.12
2054,232665852,320.31,721.68,-580.08,-0.91,0.79,0.37,34.16
2055,232669902,317.87,722.17,-576.17,-0.79,0.91,0.30,34.69
2056,232673959,318.85,720.21,-581.05,-0.98,0.85,0.37,34.50
2057,232678008,315.43,727.05,-582.03,-0.98,1.28,0.37,34.40
2058,232683803,321.29,729.00,-584.96,-1.16,1.28,0.18,34.36
2059,232687852,315.92,728.03,-584.96,-1.22,1.71,0.43,34.36
2060,232691902,310.06,730.96,-586.91,-1.28,1.89,0.30,34.40
2061,232695959,312.01,733.89,-583.98,-1.10,1.59,0.30,34.40
2062,232700008,312.01,724.12,-583.01,-1.28,1.46,0.06,34.31
2063,232705803,312.50,727.05,-586.91,-0.91,1.34,0.18,34.36
2064,232709852,311.04,728.03,-586.91,-0.79,1.52,0.55,34.40
2065,232713902,312.01,728.52,-586.43,-0.67,1.46,0.49,34.55
2066,232717959,312.50,730.96,-592.29,-0.37,0.91,0.43,34.50
2067,232722008,313.48,730.47,-585.94,-0.49,1.16,0.24,34.31
2068,232727803,310.06,732.42,-591.31,-0.43,1.28,0.12,34.55
2069,232731852,310.55,729.98,-592.29,-0.37,1.28,-0.06,34.64
2070,232735902,310.06,727.54,-589.36,-0.43,0.98,0.06,34.40
2071,232739959,309.57,727.05,-592.29,-0.43,1.22,-0.12,34.50
2072,232744008,307.62,726.56,-591.80,-0.49,0.98,0.00,34.40
2073,232749803,308.11,728.52,-585.45,-0.61,0.98,-0.24,34.50
2074,232753852,300.29,731.93,-590.33,-0.79,1.22,-0.43,34.55
2075,232757902,304.69,729.00,-590.33,-0.98,1.16,-0.55,34.40
2076,232761959,301.27,730.96,-595.21,-0.67,0.85,-0.61,34.64
2077,232766008,297.85,730.47,-592.29,-0.67,0.43,-0.24,34.64
2078,232771803,300.29,732.42,-590.82,-0.61,0.12,-0.37,34.50
2079,232775852,294.92,729.49,-588.38,-0.18,-0.30,-0.06,34.40
2080,232779902,292.97,733.40,-588.87,-0.12,-0.61,0.12,34.36
2081,232783959,298.34,729.98,-586.91,-0.37,-0.79,0.06,34.55
2082,232789803,301.76,735.84,-587.40,-0.49,-0.61,-0.12,34.40
2083,232793852,294.92,732.42,-588.38,-0.61,-1.10,-0.37,34.55
2084,232797902,300.29,733.89,-588.87,-0.55,-1.04,-0.24,34.55
2085,232801959,300.29,735.35,-584.47,-0.55,-0.79,0.06,34.12
2086,232806008,298.83,735.84,-587.40,-0.98,-0.55,-0.18,34.50
2087,232811803,296.88,738.77,-587.89,-0.85,-0.37,-0.30,34.50
2088,232815852,297.85,732.42,-587.40,-1.34,-0.24,-0.67,34.69
2089,232819902,294.92,732.91,-583.98,-1.59,0.06,-0.43,34.50
2090,232823959,300.78,735.35,-586.43,-1.34,0.12,-0.61,34.21
2091,232828008,298.83,738.28,-592.77,-1.52,-0.12,-0.67,34.83
2092,232833803,296.39,739.26,-591.80,-1.71,-0.49,-0.67,34.69
2093,232837852,294.43,734.86,-591.31,-1.59,-0.79,-0.67,34.64
2094,232841902,295.41,734.86,-596.68,-1.22,-1.16,-0.55,34.40
2095,232845959,299.80,731.93,-592.29,-1.46,-1.34,-0.43,34.31
2096,232850008,304.69,732.42,-588.38,-1.22,-1.65,-0.49,34.36
2097,232855803,307.13,734.86,-591.31,-1.40,-1.95,-0.67,34.55
2098,232859852,306.64,732.42,-590.33,-1.40,-1.89,-0.49,34.64
2099,232863902,299.80,729.49,-586.91,-1.28,-1.83,-0.85,34.50
2100,232867959,305.66,729.49,-587.89,-1.59,-1.77,-0.73,34.64
2101,232872008,303.71,732.91,-587.89,-1.52,-1.89,-0.85,34.36
2102,232877803,307.13,735.35,-590.82,-1.34,-1.95,-0.61,34.40
2103,232881852,304.20,730.96,-584.96,-1.65,-2.07,-0.79,34.02
2104,232885902,307.13,731.45,-584.47,-1.59,-2.01,-1.04,34.31
2105,232889959,306.15,732.42,-584.96,-1.22,-1.71,-0.79,34.50
2106,232894008,307.62,728.52,-582.52,-1.40,-2.07,-0.67,34.69
2107,232899803,306.64,727.54,-579.10,-1.34,-2.01,-0.55,34.16
2108,232903852,307.62,726.07,-581.05,-1.40,-2.32,-0.37,34.36
2109,232907902,305.66,725.10,-579.10,-1.34,-2.26,-0.67,34.64
2110,232911959,305.18,727.54,-580.57,-1.16,-2.32,-0.61,34.55
2111,232916008,309.57,724.12,-579.10,-1.04,-2.26,-0.61,34.12
2112,232921803,316.89,725.59,-578.12,-0.73,-2.26,-0.61,34.40
2113,232925852,313.96,728.52,-586.43,-1.10,-1.89,-0.61,34.21
2114,232929902,312.50,724.61,-583.50,-0.98,-1.65,-0.98,34.40
2115,232933959,314.45,728.52,-582.52,-1.16,-1.65,-0.67,34.64
2116,232938008,323.24,725.10,-584.96,-0.67,-1.89,-0.30,34.21
2117,232943803,317.87,725.59,-588.38,-0.85,-2.07,-0.24,34.40
2118,232947852,316.89,733.89,-585.45,-1.04,-2.07,-0.79,34.55
2119,232951902,323.73,727.54,-583.50,-1.10,-2.07,-0.67,34.64
2120,232955959,321.78,729.98,-583.01,-1.22,-1.95,-0.49,34.69
2121,232960008,322.75,724.61,-587.89,-1.52,-1.59,-0.85,34.21
2122,232965803,319.82,726.07,-583.98,-1.46,-1.59,-0.85,34.64
2123,232969852,317.87,729.98,-585.94,-1.65,-1.52,-1.16,34.64
2124,232973902,317.38,724.12,-585.45,-1.52,-1.22,-1.34,34.55
2125,232977959,314.45,726.56,-578.12,-1.71,-0.67,-1.22,34.21
2126,232982008,308.11,728.03,-580.08,-1.59,-0.79,-1.40,34.40
2127,232987803,305.18,726.56,-581.05,-1.52,-0.67,-1.34,34.40
2128,232991852,300.78,730.96,-576.17,-1.59,-0.73,-1.28,34.50
2129,232995902,302.73,726.56,-570.31,-1.28,-0.91,-1.40,34.40
2130,232999959,302.25,725.10,-572.27,-0.98,-0.98,-1.46,34.31
2131,233005803,308.11,727.54,-572.75,-1.10,-0.73,-1.59,34.40
2132,233009852,309.57,731.45,-574.22,-1.16,-0.24,-1.40,34.64
2133,233013902,301.76,732.42,-573.24,-1.10,-0.12,-1.16,34.40
2134,233017959,301.76,733.40,-578.61,-1.28,-0.12,-1.22,34.21
2135,233022008,299.32,732.42,-579.10,-1.16,-0.37,-0.98,34.64
2136,233026058,299.80,733.40,-577.15,-1.04,-0.55,-0.67,34.36
2137,233031803,306.15,730.47,-581.05,-1.22,-0.61,-0.61,34.55
2138,233035852,299.80,728.03,-578.12,-1.52,-0.55,-0.79,34.69
2139,233039902,302.73,736.33,-582.03,-1.40,-0.61,-0.85,34.74
2140,233043959,304.69,730.96,-578.61,-1.71,-0.37,-0.85,34.36
2141,233049803,303.71,726.07,-580.57,-1.46,-0.37,-0.79,34.40
2142,233053852,299.80,731.93,-578.12,-1.34,-0.24,-0.73,34.50
2143,233057902,299.32,733.40,-575.20,-1.40,-0.18,-0.73,34.55
2144,233061959,302.25,738.28,-577.64,-1.46,-0.30,-0.67,34.31
2145,233066008,302.25,729.98,-576.66,-1.40,-0.18,-0.73,34.40
2146,233071803,300.29,730.47,-583.01,-0.91,-0.43,-0.73,34.50
2147,233075852,297.85,729.49,-582.03,-1.16,-0.12,-0.61,34.55
2148,233079902,309.08,732.91,-584.47,-1.10,-0.06,-0.67,34.40
2149,233083959,301.76,728.03,-585.45,-1.22,-0.06,-0.61,34.36
2150,233088008,301.27,729.00,-583.98,-1.16,0.00,-0.67,34.36
2151,233093803,304.69,729.98,-583.50,-1.16,0.49,-0.49,34.21
2152,233097852,306.64,728.52,-586.43,-1.04,-0.12,-0.37,34.21
2153,233101902,302.25,728.52,-583.01,-0.85,0.24,-0.55,34.40
2154,233105959,302.73,726.56,-583.98,-0.73,0.00,-0.43,34.55
2155,233110008,310.55,730.96,-582.52,-0.37,-0.30,-0.30,34.36
2156,233115803,304.20,733.40,-581.05,-0.43,-0.18,-0.37,34.16
2157,233119852,305.18,731.93,-577.15,-0.06,-0.73,-0.06,34.50
2158,233123902,305.18,730.96,-585.45,-0.12,-0.61,-0.06,34.55
2159,233127959,309.08,730.96,-580.57,0.12,-0.43,-0.24,34.31
2160,233132008,309.08,729.49,-582.52,-0.30,0.18,-0.55,34.12
2161,233137803,308.59,730.96,-583.98,-0.49,0.49,-0.43,34.31
2162,233141852,306.64,729.49,-585.45,-0.18,0.43,-0.49,34.21
2163,233145902,301.76,732.42,-584.47,-0.43,0.73,-0.85,34.40
2164,233149959,299.32,729.98,-579.10,-0.30,0.67,-0.79,34.36
2165,233154008,306.15,733.40,-581.05,0.12,-0.06,-0.67,34.31
2166,233159803,305.66,732.42,-576.66,0.00,-0.30,-0.73,34.50
2167,233163852,307.62,734.86,-582.03,0.18,-0.30,-0.37,34.64
2168,233167902,301.76,730.96,-577.15,0.49,-0.18,-0.43,34.36
2169,233171959,306.64,729.49,-576.17,0.12,-0.18,-0.18,34.40
2170,233176008,310.06,730.47,-576.66,0.00,-0.18,-0.43,34.50
2171,233181803,307.62,730.47,-584.47,0.12,-0.24,-0.37,34.40
2172,233185852,310.55,729.98,-586.91,0.12,-0.67,-0.24,34.50
2173,233189902,308.11,729.98,-586.91,0.00,-0.61,-0.18,34.50
2174,233193959,304.69,733.89,-582.52,-0.18,-0.61,-0.43,34.40
2175,233198008,307.62,731.93,-578.61,-0.61,-0.49,-0.37,34.64
2176,233203803,312.01,728.52,-573.73,-0.91,-0.18,-0.61,34.64
2177,233207852,305.66,732.91,-574.71,-0.79,-0.12,-0.73,34.50
2178,233211902,307.13,734.37,-580.08,-0.98,-0.18,-0.73,34.31
2179,233215959,306.64,735.84,-583.98,-0.49,-0.30,-0.37,34.55
2180,233220008,303.71,734.37,-581.05,-0.61,-0.06,-0.49,34.64
2181,233225803,304.20,731.45,-585.94,-0.67,-0.37,-0.18,34.83
2182,233229852,300.29,729.49,-578.61,-0.85,-0.37,-0.43,34.40
2183,233233902,304.20,732.42,-581.05,-0.43,-0.73,-0.55,34.50
2184,233237959,302.25,735.35,-582.03,-0.30,-0.79,-0.30,34.50
2185,233243803,301.76,736.33,-584.47,-0.30,-1.04,-0.49,34.50
2186,233247852,304.69,734.37,-582.52,-0.67,-1.04,-0.49,34.64
2187,233251902,311.52,727.54,-580.57,-1.10,-0.73,-0.55,34.50
2188,233255959,306.64,729.00,-583.01,-1.22,-0.18,-0.61,34.50
2189,233260008,306.64,734.37,-584.96,-0.98,0.24,-0.37,34.74
2190,233265803,301.27,730.47,-582.03,-0.98,0.43,-0.55,34.31
2191,233269852,300.78,734.37,-580.57,-0.85,0.55,-0.61,34.40
2192,233273902,297.36,733.40,-586.43,-0.98,0.37,-0.55,34.50
2193,233277959,303.71,734.86,-585.94,-1.22,0.43,-0.37,34.21
2194,233282008,302.25,732.42,-588.38,-0.73,0.00,-0.37,34.40
2195,233287803,293.46,733.40,-584.96,-0.79,-0.30,-0.24,34.55
2196,233291852,292.97,729.00,-584.96,-0.37,-0.73,-0.30,34.64
2197,233295902,300.78,726.56,-586.91,-0.37,-0.91,-0.55,34.64
2198,233299959,306.15,730.96,-584.47,-0.30,-0.85,-0.37,34.55
2199,233304008,302.73,730.96,-582.52,-0.06,-0.73,-0.43,34.69
2200,233309803,303.71,730.47,-580.08,-0.18,-0.73,-0.49,34.50
2201,233313852,305.66,731.93,-584.96,-0.06,-0.61,-0.55,34.36
2202,233317902,307.13,725.10,-583.50,0.06,-0.37,-0.55,34.36
2203,233321959,311.52,722.66,-589.36,0.30,-1.04,-0.67,34.31
2204,233326008,309.08,726.56,-588.38,0.24,-1.04,-0.98,34.55
2205,233331803,305.66,729.98,-593.75,0.06,-0.91,-0.73,34.31
2206,233335852,310.55,732.91,-587.40,0.18,-1.04,-0.79,34.36
2207,233339902,310.55,728.52,-582.52,-0.12,-1.04,-0.98,34.40
2208,233343959,312.01,729.98,-579.59,-0.12,-0.91,-0.91,34.55
2209,233348008,312.99,723.63,-578.61,-0.18,-1.16,-0.73,34.36
2210,233353803,309.08,723.63,-581.05,0.00,-0.79,-1.22,34.50
2211,233357852,309.57,729.00,-580.57,0.06,-1.10,-1.16,34.31
2212,233361902,304.20,721.68,-580.08,0.00,-1.34,-0.98,34.50
2213,233365959,307.13,726.07,-578.61,-0.18,-1.34,-0.79,34.64
2214,233370008,308.59,726.07,-580.08,-0.12,-0.85,-0.85,34.21
2215,233375803,314.45,731.93,-576.17,-0.12,-0.73,-0.73,34.16
2216,233379852,312.50,731.45,-579.10,-0.43,-0.06,-0.85,34.69
2217,233383902,313.96,729.49,-578.12,-0.49,0.37,-0.61,34.36
2218,233387959,314.94,733.40,-577.64,-0.91,0.67,-0.49,34.55
2219,233392008,305.18,729.98,-581.05,-0.79,0.91,-0.61,34.21
2220,233397803,299.80,722.17,-583.01,-1.10,1.04,-0.24,34.55
2221,233401852,300.78,722.66,-581.54,-0.55,0.98,0.00,34.64
2222,233405902,296.88,729.00,-579.59,-0.43,0.73,-0.18,34.36
2223,233409959,301.76,729.00,-581.54,-0.43,0.67,-0.06,34.64
2224,233414008,301.27,723.14,-583.50,-0.61,0.61,0.24,34.40
2225,233419803,301.27,723.63,-581.54,-0.73,0.79,0.30,34.40
2226,233423852,295.41,718.75,-583.50,-0.67,0.91,0.37,34.36
2227,233427902,294.43,723.14,-584.47,-0.37,1.22,0.61,34.31
2228,233431959,293.46,719.24,-586.91,-0.30,1.10,0.73,34.50
2229,233436008,292.97,724.12,-587.40,-0.12,0.49,0.91,34.40
2230,233441803,294.43,725.10,-580.57,0.18,0.18,0.79,34.40
2231,233445852,292.97,722.17,-582.52,0.55,0.00,0.91,34.36
2232,233449902,297.36,724.61,-580.08,0.73,0.00,0.91,34.31
2233,233453959,296.88,729.98,-578.12,0.61,-0.06,1.10,34.64
2234,233459803,293.46,727.05,-577.64,0.67,-0.55,1.40,34.55
2235,233463852,297.85,731.45,-582.52,0.85,-0.37,1.46,34.40
2236,233467902,304.20,729.98,-583.01,1.16,-0.55,1.65,34.64
2237,233471959,302.73,731.93,-580.57,1.22,-0.30,1.83,34.21
2238,233476008,304.20,730.47,-581.54,1.04,0.00,1.40,34.40
2239,233481803,304.69,733.40,-583.01,0.85,-0.06,1.65,34.50
2240,233485852,302.25,729.00,-584.47,0.24,0.91,1.52,34.50
2241,233489902,303.22,730.96,-583.98,0.30,0.79,1.65,34.64
2242,233493959,299.80,729.98,-584.47,0.18,1.22,1.59,34.36
2243,233498008,300.29,732.42,-585.94,0.30,1.10,1.95,34.40
2244,233503803,295.90,734.86,-583.50,0.30,0.98,1.83,34.40
2245,233507852,295.41,732.42,-582.52,0.30,0.30,1.83,34.50
2246,233511902,291.99,730.96,-585.45,0.55,0.12,2.01,34.31
2247,233515959,298.34,732.91,-583.98,0.67,-0.18,2.07,34.64
2248,233520008,296.39,729.49,-583.98,0.61,-0.43,1.95,34.40
2249,233525803,297.36,724.61,-583.50,0.85,-0.79,2.01,34.31
2250,233529852,302.73,736.33,-586.43,0.55,-0.79,1.95,34.64
2251,233533902,309.57,728.52,-586.43,0.55,-0.67,1.89,34.55
2252,233537959,306.15,729.98,-589.84,0.43,-0.79,1.89,34.40
2253,233542008,302.25,734.37,-590.33,0.18,-0.30,1.52,34.40
2254,233547803,307.62,726.56,-590.33,-0.18,-0.30,1.46,34.36
2255,233551852,305.66,734.37,-585.94,-0.06,-0.37,1.34,34.31
2256,233555902,309.08,737.79,-586.91,-0.37,-0.06,1.28,34.88
2257,233559959,308.59,734.86,-585.45,-0.37,-0.12,1.04,34.64
2258,233564008,308.11,736.33,-586.43,-0.24,-0.24,0.98,34.50
2259,233569803,304.69,735.84,-589.36,-0.24,-0.43,0.98,34.36
2260,233573852,301.27,731.45,-592.77,-0.06,-0.43,0.79,34.31
2261,233577902,301.76,731.45,-586.91,-0.06,-0.49,0.61,34.31
2262,233581959,303.22,737.30,-584.96,0.12,-0.61,0.98,34.40
2263,233586008,300.78,735.84,-581.05,0.06,-0.37,0.73,34.50
2264,233591803,306.15,735.84,-581.05,-0.24,-0.67,0.67,34.40
2265,233595852,305.66,735.35,-584.96,-0.12,-0.43,0.61,34.64
2266,233599902,307.62,734.86,-583.98,0.06,-0.55,0.61,34.55
2267,233603959,308.59,732.42,-586.43,-0.18,-0.24,0.37,34.40
2268,233608008,303.22,729.98,-587.89,-0.55,0.61,0.18,34.31
