seq,timestamp_us,ax_mg,ay_mg,az_mg,gx_dps,gy_dps,gz_dps,temp_c
0,249377884,411.13,661.13,-615.72,-0.49,0.37,-0.18,34.50
1,249381952,406.25,661.62,-613.77,-0.73,0.18,-0.55,34.21
2,249386002,406.25,661.62,-613.77,-1.22,0.55,-0.67,34.40
3,249390051,402.83,666.02,-613.28,-1.40,0.85,-0.67,34.40
4,249394101,399.90,666.99,-608.40,-1.28,0.67,-0.61,34.50
5,249398150,395.02,662.11,-606.45,-1.28,0.61,-0.37,34.50
6,249402200,396.97,669.92,-604.49,-1.16,0.37,-0.24,34.40
7,249406249,393.55,671.87,-604.98,-1.04,-0.12,-0.37,34.50
8,249411803,399.41,666.02,-601.56,-0.91,-0.30,-0.30,34.36
9,249415852,399.90,665.04,-604.49,-1.10,-0.24,-0.49,34.64
10,249419902,398.93,661.62,-607.91,-1.16,-0.30,-0.43,34.36
11,249423959,393.55,658.69,-606.93,-1.10,-0.18,-0.37,34.74
12,249428008,396.48,661.62,-604.98,-1.16,-0.12,0.18,34.31
13,249433803,397.95,660.64,-604.49,-0.85,-0.18,0.30,34.50
14,249437852,399.41,660.16,-606.45,-0.85,-0.24,0.30,34.50
15,249441902,402.83,660.64,-605.96,-0.98,-0.12,0.24,34.21
16,249445959,405.27,657.71,-607.42,-0.61,-0.55,-0.12,34.40
17,249451803,406.25,658.69,-610.84,-0.30,-0.67,-0.12,34.40
18,249455852,412.60,655.27,-607.91,-0.24,-0.30,0.06,34.50
19,249459902,411.13,656.25,-608.40,-0.24,-0.67,0.12,34.64
20,249463959,412.60,655.76,-610.35,0.06,-0.24,-0.06,34.40
21,249468008,411.62,657.71,-614.26,-0.12,-0.49,-0.24,34.31
22,249473803,412.60,654.79,-616.70,0.12,-0.55,-0.37,34.64
23,249477852,411.62,655.76,-622.56,-0.37,-0.30,-0.49,34.50
24,249481902,411.13,653.32,-621.58,-0.61,-0.18,-1.04,34.40
25,249485959,406.74,657.23,-622.56,-0.43,-0.18,-0.79,34.31
26,249490008,404.30,654.30,-625.98,-1.04,-0.37,-0.73,34.40
27,249495803,404.79,654.30,-622.07,-0.61,-0.49,-0.79,34.55
28,249499852,394.53,659.67,-626.46,-0.85,-0.61,-0.73,34.50
29,249503902,395.51,666.99,-622.07,-1.28,-0.91,-0.55,34.55
30,249507959,394.53,661.13,-619.14,-1.22,-1.10,-0.55,34.40
31,249512008,396.97,666.50,-622.07,-1.52,-1.59,-0.37,34.64
32,249517803,394.53,666.50,-628.91,-1.46,-1.65,-0.18,34.55
33,249521852,393.07,668.95,-625.49,-1.40,-2.07,0.18,34.40
34,249525902,390.14,671.87,-620.61,-1.52,-2.62,0.18,34.50
35,249529959,396.97,666.99,-622.56,-1.28,-2.80,0.30,34.50
36,249534008,398.93,665.04,-616.21,-1.28,-2.87,-0.30,34.74
37,249539803,402.83,660.64,-612.79,-1.22,-2.68,-0.30,34.74
38,249543852,402.34,656.74,-611.82,-1.16,-2.50,0.12,34.40
39,249547902,409.67,655.27,-609.86,-1.16,-2.26,0.00,34.40
40,249551959,400.39,651.86,-611.82,-0.98,-2.20,0.43,34.64
41,249556008,392.58,656.25,-612.30,-0.67,-2.62,0.43,34.31
42,249561803,398.44,655.27,-615.72,-0.43,-3.11,0.55,34.21
43,249565852,400.39,659.18,-610.84,0.18,-3.23,0.37,34.50
44,249569902,401.37,660.16,-609.86,0.49,-3.29,0.43,34.64
45,249573959,406.25,652.83,-604.00,0.98,-3.41,0.67,34.88
46,249578008,406.74,655.76,-602.05,1.04,-3.29,0.61,34.40
47,249583803,402.34,654.30,-603.52,1.10,-2.99,0.61,34.40
48,249587852,398.93,656.74,-605.96,1.46,-2.93,0.55,34.50
49,249591902,403.81,651.37,-603.52,1.52,-2.74,0.49,34.64
50,249595959,406.25,660.64,-604.49,1.65,-2.44,0.06,34.40
51,249600008,403.81,659.67,-597.66,1.40,-1.83,-0.30,34.40
52,249605803,409.18,658.69,-592.29,1.59,-1.46,-0.24,34.36
53,249609852,410.16,662.60,-599.12,1.59,-1.04,-0.30,34.55
54,249613902,407.71,660.16,-604.00,1.65,-0.98,-0.37,34.64
55,249617959,408.20,665.53,-604.98,1.83,-1.10,-0.24,34.50
56,249622008,406.25,667.48,-607.42,1.40,-0.79,-0.12,34.64
57,249627803,404.79,666.50,-606.93,1.04,-1.59,-0.12,34.40
58,249631852,410.16,658.69,-606.45,1.46,-1.95,-0.06,34.64
59,249635902,421.39,657.23,-593.75,1.46,-2.01,-0.12,34.40
60,249639959,417.48,669.43,-601.07,1.46,-1.89,-0.06,34.64
61,249644008,421.39,667.48,-598.63,1.04,-1.16,-0.12,34.50
62,249649803,418.95,667.48,-606.93,0.98,-0.79,-0.24,34.55
63,249653852,415.53,665.04,-604.00,0.55,-0.49,-0.18,34.50
64,249657902,408.20,666.50,-606.45,0.73,-0.61,-0.24,34.36
65,249661959,406.74,666.02,-613.28,0.67,-0.67,-0.67,34.40
66,249667803,405.27,666.99,-605.96,0.43,-0.98,-0.85,34.50
67,249671852,407.71,660.16,-608.89,0.12,-0.37,-0.98,34.55
68,249675902,407.23,656.74,-611.82,-0.24,0.00,-1.22,34.64
69,249679959,401.37,650.88,-612.79,-0.91,0.49,-1.22,34.21
70,249684008,394.53,648.44,-613.28,-1.10,1.16,-0.67,34.40
71,249689803,400.88,643.07,-616.21,-1.40,1.22,-0.55,34.40
72,249693852,393.55,642.58,-615.72,-2.13,1.52,-0.55,34.55
73,249697902,387.21,642.58,-614.75,-2.20,1.77,-0.12,34.93
74,249701959,390.62,638.67,-611.82,-2.20,1.83,-0.12,34.40
75,249706008,392.09,632.81,-615.72,-1.89,1.10,0.37,34.50
76,249711803,390.62,626.95,-617.68,-1.83,1.16,0.67,34.55
77,249715852,394.53,625.49,-623.05,-2.07,0.49,0.73,34.31
78,249719902,391.11,622.07,-627.44,-1.59,0.24,1.28,34.50
79,249723959,390.14,614.75,-625.98,-1.40,-0.06,1.40,34.69
80,249728008,392.09,617.19,-628.42,-0.98,-0.85,1.83,34.40
81,249733803,396.00,618.65,-623.05,-0.43,-1.71,2.44,34.50
82,249737852,398.93,615.72,-625.98,0.43,-2.99,3.17,34.36
83,249741902,405.76,619.14,-630.86,1.04,-4.27,3.72,34.50
84,249745959,418.46,628.42,-630.37,1.65,-5.43,4.21,34.40
85,249750008,420.90,630.86,-628.42,1.71,-6.04,4.45,34.50
86,249755803,428.22,634.77,-634.77,1.46,-6.28,4.57,34.36
87,249759852,430.66,641.11,-634.28,1.40,-5.91,4.63,34.36
88,249763902,436.52,646.97,-632.81,0.85,-5.43,4.45,34.69
89,249767959,442.38,647.95,-630.37,0.30,-4.88,3.90,34.50
90,249772008,442.38,650.39,-626.46,-0.61,-3.66,3.72,34.64
91,249777803,441.41,649.41,-627.93,-1.16,-2.93,3.35,34.21
92,249781852,437.99,652.83,-623.05,-2.07,-1.71,2.87,34.64
93,249785902,435.55,649.90,-630.86,-2.44,-1.34,2.56,34.55
94,249789959,429.20,645.51,-625.00,-3.17,-0.98,2.68,34.64
95,249794008,423.34,649.41,-625.49,-3.48,-0.98,2.26,34.31
96,249799803,415.53,651.37,-624.02,-3.78,-1.65,2.38,34.21
97,249803852,410.64,651.86,-620.61,-3.96,-2.20,2.32,34.50
98,249807902,412.60,657.71,-623.54,-3.60,-2.56,2.13,34.64
99,249811959,412.11,655.27,-625.98,-3.96,-3.48,2.07,34.64
100,249816008,407.71,656.74,-624.51,-3.60,-4.82,2.56,34.31
101,249821803,412.11,663.09,-622.07,-3.54,-5.12,2.26,34.50
102,249825852,407.71,667.48,-619.14,-4.09,-5.12,2.32,34.55
103,249829902,409.18,667.48,-615.72,-4.27,-4.94,2.38,34.64
104,249833959,407.71,670.41,-616.70,-4.63,-4.63,2.01,34.74
105,249838008,400.39,675.29,-616.70,-4.88,-4.15,1.77,34.55
106,249843803,403.81,674.32,-614.26,-5.30,-4.09,1.65,34.40
107,249847852,398.93,674.80,-609.86,-5.61,-4.02,1.40,34.55
108,249851902,394.53,674.32,-613.28,-5.91,-4.27,1.22,34.55
109,249855959,391.60,674.32,-613.28,-6.16,-4.39,1.16,34.74
110,249860008,396.00,671.39,-616.21,-6.28,-4.45,1.10,34.64
111,249865803,395.51,670.90,-616.21,-6.34,-4.88,0.85,34.64
112,249869852,390.14,665.53,-621.58,-6.22,-5.37,0.79,34.64
113,249873902,387.21,669.43,-625.49,-6.22,-5.91,0.79,34.31
114,249877959,386.23,663.57,-627.93,-5.98,-6.89,0.91,34.55
115,249883803,393.07,663.57,-624.51,-5.85,-7.50,1.04,34.50
116,249887852,395.51,658.20,-619.14,-5.73,-7.74,1.16,34.31
117,249891902,394.04,662.11,-619.63,-5.49,-7.87,0.79,34.69
118,249895959,397.95,660.64,-619.14,-5.49,-7.74,0.79,34.40
119,249900008,400.88,655.27,-617.19,-5.79,-7.44,0.30,34.40
120,249905803,395.02,654.30,-615.72,-5.49,-6.83,0.18,34.40
121,249909852,394.04,652.83,-614.26,-5.85,-6.40,-0.06,34.40
122,249913902,396.97,652.34,-614.26,-5.55,-6.22,-0.12,34.64
123,249917959,394.04,645.02,-606.93,-5.37,-6.16,-0.30,34.40
124,249922008,395.02,645.51,-611.33,-5.43,-6.59,-0.30,34.55
125,249927803,393.07,643.07,-608.40,-5.12,-6.65,-0.30,34.40
126,249931852,396.00,646.00,-605.96,-5.24,-7.07,-0.49,34.50
127,249935902,394.04,647.95,-601.07,-4.94,-7.74,-0.18,34.50
128,249939959,394.04,650.88,-602.54,-4.76,-7.80,-0.06,34.36
129,249944008,393.07,653.81,-607.42,-4.21,-8.05,0.18,34.64
130,249949803,389.16,656.25,-604.00,-4.33,-8.11,0.18,34.69
131,249953852,398.93,657.71,-596.68,-3.90,-8.17,0.30,34.50
132,249957902,401.37,660.16,-598.14,-4.09,-8.05,0.37,34.40
133,249961959,402.34,661.13,-593.75,-4.15,-7.32,0.30,34.36
134,249966008,401.37,664.06,-593.26,-4.21,-6.40,0.67,34.50
135,249971803,397.46,665.53,-592.29,-4.27,-5.79,0.49,34.40
136,249975852,390.62,665.04,-595.70,-4.70,-5.00,1.04,34.40
137,249979902,391.60,657.71,-598.14,-4.57,-5.12,0.85,34.64
138,249983959,387.70,659.18,-600.59,-4.45,-5.06,0.91,34.40
139,249988008,389.65,659.67,-598.63,-4.57,-4.39,0.85,34.40
140,249993803,392.09,657.23,-590.82,-4.76,-4.02,1.04,34.31
141,249997852,392.09,653.32,-588.38,-4.94,-3.60,1.16,34.55
142,250001902,390.14,650.39,-587.40,-4.76,-3.54,1.28,34.64
143,250005959,380.37,653.81,-588.38,-4.76,-3.35,1.46,34.50
144,250010008,381.84,656.25,-583.98,-4.57,-3.54,1.46,34.31
145,250015803,387.70,654.79,-585.45,-4.63,-3.54,1.59,34.36
146,250019852,384.28,655.27,-583.98,-4.63,-3.23,1.46,34.36
147,250023902,385.74,661.13,-580.08,-4.76,-3.29,1.46,34.50
148,250027959,386.72,665.53,-579.10,-4.94,-2.93,1.52,34.83
149,250032008,387.21,671.87,-572.27,-5.06,-2.44,1.52,34.36
150,250037803,389.16,673.83,-576.17,-5.30,-2.07,1.46,34.50
151,250041852,386.72,671.39,-576.17,-5.61,-1.22,1.46,34.40
152,250045902,389.65,672.36,-582.03,-6.04,-0.91,1.46,34.36
153,250049959,388.67,679.20,-583.50,-6.16,-0.37,1.71,34.40
154,250054008,382.81,675.78,-587.40,-5.91,-0.12,1.89,34.50
155,250059803,382.81,679.20,-586.43,-5.79,-0.24,2.01,34.40
156,250063852,383.79,673.34,-597.66,-5.67,-0.30,2.32,34.64
157,250067902,384.28,676.27,-604.00,-5.37,-0.67,2.80,34.40
158,250071959,388.18,679.20,-613.28,-4.94,-1.10,3.11,34.40
159,250076008,392.58,678.71,-617.19,-4.57,-1.71,3.78,34.55
160,250081803,399.90,677.73,-623.05,-3.66,-2.07,3.78,34.55
161,250085852,402.83,678.22,-621.09,-3.29,-2.50,4.39,34.40
162,250089902,404.30,677.25,-620.61,-2.93,-2.62,4.51,34.31
163,250093959,405.76,676.27,-621.09,-2.38,-2.38,4.76,34.69
164,250098008,411.13,678.22,-617.68,-2.13,-1.95,4.88,34.55
165,250103803,412.11,675.29,-609.86,-1.95,-1.34,4.70,34.50
166,250107852,416.50,679.69,-607.91,-1.59,-0.55,4.70,34.64
167,250111902,417.48,677.25,-608.40,-1.34,0.00,4.51,34.21
168,250115959,412.60,673.34,-610.35,-1.16,0.49,4.51,34.50
169,250121803,415.04,671.39,-608.89,-1.04,1.10,4.57,34.50
170,250125852,407.71,670.41,-615.23,-1.04,1.77,4.27,34.55
171,250129902,407.23,670.41,-611.82,-0.79,2.38,4.27,34.55
172,250133959,407.23,671.39,-613.28,-0.73,2.68,4.45,34.21
173,250138008,403.32,669.43,-605.96,-0.30,2.32,4.27,34.64
174,250143803,404.30,668.95,-603.03,0.06,2.13,4.57,34.55
175,250147852,394.53,668.46,-609.38,0.06,2.50,4.33,34.64
176,250151902,393.07,669.92,-606.45,0.18,2.56,4.45,34.64
177,250155959,387.21,666.02,-593.26,0.06,2.74,4.51,34.36
178,250160008,384.28,668.46,-594.24,0.12,2.74,4.57,34.40
179,250165803,380.86,675.29,-588.38,0.49,2.56,4.45,34.55
180,250169852,384.28,673.34,-590.82,0.30,2.99,4.76,34.40
181,250173902,375.98,680.66,-587.89,0.43,2.99,4.70,34.64
182,250177959,366.70,677.25,-582.52,0.12,3.11,5.06,34.40
183,250182008,366.21,678.22,-581.54,0.18,2.93,4.94,34.50
184,250187803,361.82,678.71,-583.01,0.30,2.87,5.12,34.40
185,250191852,362.30,676.76,-573.73,0.43,2.07,5.49,34.36
186,250195902,359.86,679.69,-574.71,0.49,1.89,5.55,34.40
187,250199959,362.79,684.08,-567.38,0.67,1.52,5.55,34.40
188,250204008,357.91,684.57,-569.82,0.55,0.98,5.61,34.69
189,250209803,362.30,685.06,-567.87,0.49,1.04,5.55,34.40
190,250213852,363.28,686.52,-562.01,0.06,1.22,5.67,34.31
191,250217902,368.65,682.62,-565.43,-0.18,1.77,5.55,34.64
192,250221959,369.63,689.45,-561.52,-0.55,2.32,5.61,34.55
193,250226008,373.05,684.08,-562.01,-1.34,3.41,5.43,34.31
194,250231803,372.56,686.52,-562.01,-1.40,4.15,5.67,34.50
195,250235852,369.14,689.45,-569.34,-2.01,4.63,5.73,34.40
196,250239902,368.65,687.01,-570.31,-2.32,4.70,5.49,34.88
197,250243959,367.68,685.55,-571.29,-2.74,4.51,5.61,34.40
198,250248008,376.46,680.66,-568.85,-2.68,4.70,5.61,34.40
199,250253803,379.88,679.69,-572.75,-2.93,5.00,5.37,34.64
200,250257852,382.81,677.25,-575.20,-3.54,5.73,5.30,34.69
201,250261902,387.70,673.83,-575.20,-3.48,5.85,5.43,34.50
202,250265959,385.25,668.46,-581.54,-3.78,6.46,5.61,34.40
203,250270008,381.84,666.99,-580.57,-4.02,6.52,5.67,34.31
204,250275803,383.30,668.46,-582.03,-4.51,6.77,5.85,34.50
205,250279852,388.67,663.09,-583.98,-4.76,7.74,5.30,34.50
206,250283902,385.74,661.62,-583.01,-5.00,8.23,5.24,34.64
207,250287959,391.11,661.13,-583.98,-5.37,9.02,5.30,34.64
208,250292008,387.70,658.69,-585.94,-5.79,9.88,4.88,34.64
209,250297803,386.72,645.51,-587.40,-5.55,10.98,4.94,34.40
210,250301852,380.37,638.67,-593.26,-5.98,12.32,5.24,34.55
211,250305902,377.44,642.58,-597.66,-5.49,12.93,5.43,34.31
212,250309959,368.65,641.60,-600.59,-5.67,13.48,5.67,34.64
213,250314008,373.54,651.86,-604.00,-4.76,12.38,6.89,34.64
214,250319803,365.23,653.81,-610.35,-3.29,10.30,7.87,34.40
215,250323852,367.68,658.69,-620.61,-1.65,7.62,8.84,34.55
216,250327902,383.30,659.67,-628.91,-0.61,6.34,9.39,34.36
217,250331959,385.25,658.69,-627.93,-0.06,5.67,8.78,34.55
218,250337803,399.90,658.20,-629.88,-0.06,5.85,8.78,34.55
219,250341852,403.81,656.25,-624.02,-0.24,7.13,8.96,34.64
220,250345902,402.34,646.97,-617.68,-0.61,8.23,8.78,34.40
221,250349959,402.83,647.95,-624.02,-0.85,9.39,8.84,34.31
222,250354008,406.25,648.93,-621.09,-1.22,10.37,9.27,34.64
223,250359803,398.44,645.51,-630.86,-1.22,10.73,9.39,34.55
224,250363852,395.51,643.07,-632.81,-0.91,10.12,9.82,34.64
225,250367902,397.95,636.72,-634.28,-0.43,9.15,10.06,34.50
226,250371959,395.51,635.25,-630.37,-0.24,8.29,10.55,34.40
227,250376008,393.55,638.18,-627.44,0.43,6.71,11.28,34.40
228,250381803,399.90,636.72,-623.54,1.22,5.12,11.52,34.50
229,250385852,408.69,645.02,-617.68,1.52,3.29,12.13,34.50
230,250389902,414.06,650.39,-617.68,1.40,2.50,12.32,34.55
231,250393959,419.92,654.30,-618.16,1.28,2.07,12.32,34.40
232,250398008,424.80,658.20,-618.16,1.04,1.95,12.13,34.55
233,250403803,427.25,661.62,-616.70,0.43,2.01,12.01,34.40
234,250407852,424.80,666.02,-619.63,-0.30,1.95,11.77,34.74
235,250411902,419.43,665.53,-617.68,-0.55,1.89,11.59,34.64
236,250415959,414.06,668.95,-624.02,-1.28,1.71,11.34,34.64
237,250420008,402.83,676.76,-630.86,-2.07,1.65,10.79,34.50
238,250425803,402.34,678.71,-633.79,-2.56,1.40,9.94,34.55
239,250429852,393.55,688.96,-632.81,-3.35,0.61,9.27,34.12
240,250433902,383.79,690.92,-638.67,-3.54,0.06,8.66,34.50
241,250437959,384.77,699.71,-648.44,-3.60,-1.22,8.11,34.64
242,250442008,387.70,708.98,-654.30,-3.48,-2.80,7.32,34.31
243,250447803,378.91,717.29,-667.97,-3.29,-5.12,7.01,34.21
244,250451852,372.07,737.79,-677.73,-3.29,-7.74,6.28,34.21
245,250455902,375.49,752.44,-687.99,-3.11,-9.02,5.30,34.64
246,250459959,377.93,761.72,-691.89,-3.35,-10.55,4.27,34.64
247,250464008,376.46,781.25,-699.22,-3.35,-11.83,2.62,34.50
248,250469803,381.35,789.55,-708.98,-3.60,-13.41,0.79,34.36
249,250473852,370.61,802.25,-714.36,-3.90,-14.39,-1.28,34.55
250,250477902,372.07,819.82,-727.54,-4.27,-14.94,-2.99,34.64
251,250481959,354.98,835.94,-726.56,-4.94,-15.85,-5.37,34.40
252,250486008,347.17,854.98,-732.42,-5.61,-16.34,-8.23,34.36
253,250491803,339.84,866.21,-725.59,-6.77,-17.38,-11.59,34.31
254,250495852,333.50,878.91,-729.98,-8.17,-18.35,-15.24,34.64
255,250499902,325.68,890.14,-739.75,-8.84,-19.33,-17.80,34.50
256,250503959,315.92,898.44,-749.51,-9.51,-21.40,-20.73,34.69
257,250508008,302.25,909.18,-761.72,-10.00,-24.57,-23.48,34.40
258,250513803,280.27,919.92,-779.30,-10.06,-28.78,-26.40,34.50
259,250517852,270.51,930.18,-792.48,-10.85,-35.24,-30.37,34.64
260,250521902,260.74,947.27,-792.97,-11.04,-40.24,-32.56,34.40
261,250525959,254.88,961.91,-790.53,-11.34,-45.85,-35.43,34.64
262,250530008,264.16,988.77,-785.64,-12.20,-50.91,-38.84,34.64
263,250535803,263.67,1016.60,-778.32,-13.11,-55.37,-42.01,34.64
264,250539852,258.79,1051.27,-771.00,-14.33,-60.18,-46.83,34.55
265,250543902,255.86,1082.03,-765.14,-15.55,-63.11,-50.55,34.31
266,250547959,259.28,1087.40,-754.39,-17.26,-66.46,-54.70,34.64
267,250553803,271.00,1106.45,-762.70,-19.27,-68.90,-59.15,34.64
268,250557852,272.46,1119.63,-771.00,-21.83,-71.52,-64.15,34.31
269,250561902,268.07,1132.81,-784.18,-24.33,-73.66,-68.66,34.69
270,250565959,256.35,1137.21,-794.43,-26.10,-75.43,-72.50,34.31
271,250570008,250.49,1133.30,-804.69,-28.54,-78.48,-77.56,34.64
272,250575803,236.33,1133.30,-807.62,-30.85,-80.73,-82.99,34.55
273,250579852,217.29,1139.65,-815.43,-33.54,-84.02,-90.30,34.64
274,250583902,197.27,1140.14,-818.36,-35.67,-87.20,-95.61,34.50
275,250587959,191.41,1134.77,-827.15,-36.65,-90.18,-99.94,34.36
276,250592008,180.66,1137.70,-831.05,-38.35,-95.00,-105.30,34.55
277,250597803,173.34,1140.62,-837.40,-38.78,-101.28,-109.82,34.55
278,250601852,166.99,1145.02,-847.17,-39.57,-109.63,-115.55,34.55
279,250605902,166.99,1155.27,-850.10,-40.30,-116.28,-120.18,34.64
280,250609959,175.78,1169.92,-858.89,-41.59,-120.61,-123.72,34.40
281,250614008,185.06,1176.76,-860.35,-42.93,-125.24,-128.60,34.50
282,250619803,191.89,1188.96,-862.79,-45.24,-128.48,-133.84,34.40
283,250623852,194.34,1203.61,-863.28,-47.87,-131.71,-139.88,34.55
284,250627902,192.87,1215.82,-860.35,-50.00,-133.35,-143.66,34.50
285,250631959,187.01,1230.96,-862.30,-52.80,-135.06,-147.93,34.50
286,250636008,168.46,1237.79,-869.63,-55.00,-136.40,-152.32,34.40
287,250641803,146.97,1240.72,-888.18,-56.95,-137.68,-156.71,34.50
288,250645852,109.37,1239.75,-912.60,-58.72,-139.88,-162.32,34.50
289,250649902,76.17,1243.65,-920.90,-59.94,-141.52,-166.28,34.40
290,250653959,39.55,1249.51,-931.64,-60.98,-144.27,-170.91,34.64
291,250658008,17.58,1255.37,-933.11,-60.85,-147.74,-175.12,34.50
292,250663803,-12.70,1267.09,-932.62,-60.43,-151.52,-179.02,34.40
293,250667852,-48.34,1273.44,-943.85,-60.61,-156.65,-183.35,34.55
294,250671902,-56.64,1263.67,-927.73,-60.79,-160.12,-186.40,34.50
295,250675959,-101.56,1276.37,-944.82,-60.91,-162.87,-188.90,34.50
296,250680008,-132.81,1296.87,-945.80,-62.13,-165.49,-192.93,34.40
297,250685803,-179.69,1325.68,-974.12,-61.10,-168.90,-196.16,34.31
298,250689852,-200.68,1321.29,-973.63,-60.98,-175.85,-200.91,34.36
299,250693902,-227.54,1313.96,-961.91,-61.83,-179.76,-203.05,34.50
300,250697959,-230.47,1322.27,-947.75,-61.59,-184.15,-205.91,34.74
301,250702008,-245.61,1337.40,-921.87,-61.10,-189.33,-208.54,34.40
302,250707803,-239.26,1349.12,-926.27,-61.28,-194.33,-210.12,34.55
303,250711852,-240.72,1354.49,-922.85,-61.04,-198.60,-211.16,34.64
304,250715902,-240.72,1353.52,-918.95,-61.77,-200.55,-211.95,34.40
305,250719959,-244.14,1351.07,-911.13,-62.99,-201.83,-212.93,34.40
306,250724008,-250.98,1349.61,-908.20,-64.21,-200.73,-212.93,34.74
307,250729803,-238.77,1331.05,-869.14,-66.22,-197.20,-212.38,34.69
308,250733852,-327.64,1380.86,-909.67,-68.11,-193.72,-215.67,34.55
309,250737902,-357.42,1368.65,-881.84,-70.06,-193.72,-217.01,34.40
310,250741959,-375.00,1354.49,-871.58,-71.52,-194.70,-217.62,34.50
311,250746008,-388.18,1330.57,-861.82,-71.46,-196.83,-217.20,34.55
312,250751803,-399.41,1306.64,-855.47,-70.30,-200.61,-215.67,34.64
313,250755852,-394.04,1263.18,-857.91,-68.84,-204.09,-211.52,34.74
314,250759902,-406.25,1246.09,-847.66,-68.35,-206.40,-209.15,34.31
315,250763959,-419.43,1227.54,-827.64,-67.93,-208.11,-206.16,34.64
316,250769803,-421.87,1205.08,-783.69,-67.74,-209.33,-203.35,34.64
317,250773852,-408.69,1174.32,-713.87,-67.26,-210.18,-199.33,34.74
318,250777902,-386.72,1151.86,-675.78,-66.10,-210.12,-194.09,34.36
319,250781959,-336.91,1100.10,-607.91,-65.24,-208.60,-189.45,34.40
320,250786008,-403.32,1140.14,-675.78,-63.78,-205.61,-184.15,34.31
321,250790058,-413.57,1118.65,-643.55,-63.17,-204.70,-180.00,34.36
322,250795803,-428.71,1100.10,-633.79,-62.01,-204.39,-176.22,34.55
323,250799852,-416.02,1062.99,-600.10,-60.00,-204.57,-170.37,34.40
324,250803902,-394.53,1030.27,-582.52,-58.90,-204.63,-165.98,34.36
325,250807959,-385.25,1006.84,-572.27,-57.07,-203.96,-159.88,34.50
326,250813803,-390.62,970.21,-570.80,-55.37,-202.38,-152.80,34.36
327,250817852,-401.37,926.27,-568.85,-53.29,-201.59,-144.76,34.64
328,250821902,-417.48,903.32,-554.20,-51.59,-200.98,-137.87,34.64
329,250825959,-415.04,891.60,-520.51,-50.06,-201.16,-132.13,34.64
330,250830008,-410.64,880.37,-501.46,-47.44,-201.40,-124.09,34.50
331,250835803,-396.97,873.54,-479.98,-45.00,-200.85,-116.40,34.36
332,250839852,-386.72,844.73,-440.92,-43.23,-198.41,-108.29,34.64
333,250843902,-362.79,830.57,-405.27,-42.07,-196.34,-103.29,34.55
334,250847959,-343.75,828.12,-387.70,-40.49,-192.07,-96.95,34.69
335,250852008,-335.45,816.89,-379.88,-39.70,-185.85,-91.52,34.69
336,250857803,-347.66,812.50,-354.00,-39.63,-178.41,-86.59,34.69
337,250861852,-359.86,785.64,-326.17,-39.15,-168.84,-81.04,34.36
338,250865902,-370.12,763.18,-308.11,-38.60,-161.34,-77.62,34.55
339,250869959,-394.04,748.54,-291.50,-37.44,-152.87,-73.72,34.64
340,250874008,-419.92,724.61,-252.93,-36.16,-146.04,-69.09,34.64
341,250879803,-433.59,699.22,-227.05,-33.23,-140.55,-63.78,34.21
342,250883852,-438.48,691.89,-212.89,-28.23,-135.24,-57.01,34.50
343,250887902,-433.59,690.43,-203.12,-25.55,-130.67,-52.93,34.50
344,250891959,-425.29,686.52,-200.20,-22.87,-123.35,-48.11,34.74
345,250896008,-432.62,676.76,-189.45,-20.67,-114.94,-43.90,34.50
346,250901803,-447.75,666.99,-172.85,-18.96,-105.85,-39.70,34.40
347,250905852,-460.45,637.70,-157.71,-15.67,-96.95,-34.63,34.36
348,250909902,-457.03,597.66,-160.16,-12.80,-91.77,-30.24,34.64
349,250913959,-460.45,570.31,-152.83,-9.76,-85.37,-24.21,34.64
350,250918008,-467.29,546.39,-154.79,-6.28,-79.57,-18.05,34.40
351,250923803,-482.91,544.92,-158.20,-2.13,-75.91,-12.68,34.64
352,250927852,-497.07,555.66,-160.16,3.29,-72.07,-5.98,34.55
353,250931902,-504.39,565.43,-163.57,6.22,-69.09,-2.44,34.31
354,250935959,-499.51,573.24,-153.81,9.76,-66.34,1.34,34.40
355,250940008,-491.70,583.98,-148.44,13.29,-62.99,4.94,34.36
356,250945803,-486.33,602.54,-145.02,16.10,-58.66,8.17,34.69
357,250949852,-486.33,616.70,-155.76,18.66,-52.62,12.68,34.64
358,250953902,-484.86,622.07,-167.97,20.24,-48.35,15.61,34.64
359,250957959,-488.77,611.33,-177.73,22.56,-43.11,18.90,34.50
360,250962008,-499.02,594.73,-176.27,24.88,-38.11,22.01,34.36
361,250967803,-513.67,589.84,-177.25,27.87,-34.88,25.61,34.40
362,250971852,-530.27,593.75,-159.67,31.59,-31.65,30.06,34.50
363,250975902,-539.06,598.14,-157.23,34.21,-29.63,32.87,34.31
364,250979959,-534.67,604.49,-152.34,37.07,-26.71,35.91,34.40
365,250984008,-519.04,599.61,-144.04,39.63,-23.84,39.21,34.64
366,250989803,-505.37,585.45,-143.55,42.20,-19.51,42.80,34.40
367,250993852,-473.14,563.48,-145.51,45.30,-15.24,47.74,34.74
368,250997902,-464.84,543.95,-144.04,47.13,-11.04,51.16,34.31
369,251001959,-457.52,538.09,-137.21,49.94,-6.22,55.49,34.36
370,251007803,-458.98,527.34,-123.54,52.32,-1.77,59.45,34.64
371,251011852,-440.92,526.86,-93.26,55.49,3.23,63.84,34.50
372,251015902,-427.73,513.67,-69.82,57.38,9.39,67.87,34.21
373,251019959,-449.71,524.41,-44.43,58.35,16.34,70.67,34.40
374,251024008,-474.61,529.79,-29.30,60.00,24.70,74.09,34.74
375,251029803,-504.39,539.55,-9.77,62.07,31.59,77.74,34.50
376,251033852,-510.74,538.09,12.21,67.13,35.06,83.48,34.40
377,251037902,-504.39,531.25,-2.44,72.38,36.77,89.39,34.74
378,251041959,-508.79,517.09,-32.23,76.52,38.66,94.09,34.40
379,251046008,-514.16,505.86,-62.99,81.16,38.48,99.21,34.55
380,251051803,-491.70,505.86,-97.17,86.89,37.13,105.00,34.40
381,251055852,-451.66,487.79,-109.86,92.44,37.20,112.32,34.40
382,251059902,-399.90,467.77,-106.45,96.22,39.33,118.35,34.50
383,251063959,-365.72,440.43,-93.26,98.78,42.68,122.87,34.64
384,251068008,-342.77,434.08,-90.82,100.91,48.60,128.41,34.50
385,251073803,-318.85,433.59,-87.89,103.05,55.49,133.90,34.40
386,251077852,-299.32,444.34,-97.66,106.28,62.56,139.09,34.50
387,251081902,-247.56,435.06,-111.33,108.23,66.04,142.56,34.40
388,251085959,-190.43,430.18,-122.56,110.98,70.06,146.52,34.69
389,251090008,-131.84,404.30,-123.54,112.01,76.10,149.76,34.50
390,251095803,-86.91,375.98,-128.91,111.34,84.02,153.23,34.21
391,251099852,-56.15,371.09,-126.46,108.23,97.62,155.67,34.36
392,251103902,-56.15,362.79,-125.00,106.04,107.99,156.28,34.64
393,251107959,-67.87,366.21,-115.72,103.05,120.24,156.89,34.40
394,251112008,-81.54,371.58,-104.98,100.43,130.79,157.87,34.31
395,251117803,-104.49,353.03,-103.52,99.27,139.45,158.23,34.21
396,251121852,-121.09,297.85,-65.43,98.35,146.77,160.73,34.64
397,251125902,-118.65,254.39,-39.06,97.93,150.61,164.02,34.50
398,251129959,-123.05,226.56,-37.11,98.05,155.61,168.72,34.50
399,251134008,-157.23,198.73,-105.47,99.21,158.11,176.10,34.40
400,251139803,-134.77,139.65,-102.54,101.04,158.60,176.65,34.12
401,251143852,-143.07,60.06,-136.72,103.29,155.98,179.33,34.55
402,251147902,-143.55,-3.42,-172.36,105.49,151.52,181.28,34.69
403,251151959,-151.37,-46.87,-203.61,108.72,142.87,184.39,34.69
404,251156008,-150.88,-87.89,-186.04,111.46,132.13,186.22,34.40
405,251161803,-146.97,-102.05,-159.67,112.80,121.46,187.07,34.40
406,251165852,-131.35,-83.50,-116.21,113.41,110.43,185.55,34.40
407,251169902,-112.79,-43.95,-93.75,112.20,106.46,182.38,34.50
408,251173959,-118.65,-4.88,-75.68,109.33,105.06,177.44,34.69
409,251178008,-143.55,28.32,-65.43,106.95,105.73,171.22,34.40
410,251183803,-189.45,59.57,-63.96,105.12,104.82,163.96,34.40
411,251187852,-219.73,64.94,-52.73,103.96,100.85,155.37,34.40
412,251191902,-236.33,67.87,-16.11,102.87,97.13,149.27,34.50
413,251195959,-234.37,73.73,-11.23,100.67,91.46,142.93,34.64
414,251200008,-246.58,101.07,11.23,96.71,88.29,136.28,34.40
415,251205803,-275.88,123.54,21.48,91.22,88.11,128.90,34.69
416,251209852,-350.10,160.64,46.39,83.78,89.51,119.02,34.64
417,251213902,-411.62,181.15,41.99,80.12,87.62,112.68,34.55
418,251217959,-436.52,191.41,29.79,77.13,80.73,106.16,34.50
419,251223803,-468.26,234.86,-23.93,75.61,71.83,97.99,34.64
420,251227852,-488.77,239.75,-47.36,73.66,62.07,91.16,34.64
421,251231902,-514.16,247.07,-60.06,73.78,53.78,86.46,34.69
422,251235959,-529.30,263.67,-66.89,75.00,45.79,84.76,34.31
423,251240008,-532.23,292.48,-80.57,77.74,34.27,83.48,34.69
424,251245803,-520.51,348.14,-120.61,80.37,22.13,80.61,34.64
425,251249852,-479.98,416.02,-189.94,82.44,8.60,75.85,34.50
426,251253902,-438.96,455.57,-266.11,84.15,0.00,71.16,34.40
427,251257959,-415.53,489.75,-310.55,84.76,-5.49,67.38,34.36
428,251262008,-399.90,515.62,-327.15,85.79,-11.34,63.29,34.69
429,251267803,-377.44,540.04,-341.31,86.28,-16.22,59.88,34.40
430,251271852,-348.14,585.45,-364.75,84.45,-20.00,55.30,34.64
431,251275902,-323.24,626.95,-396.00,81.89,-20.73,51.28,34.50
432,251279959,-309.08,661.13,-429.69,79.63,-20.67,47.26,34.40
433,251284008,-297.85,677.25,-446.78,75.67,-19.09,42.13,34.50
434,251289803,-276.37,695.31,-444.82,71.52,-16.16,36.71,34.50
435,251293852,-262.70,719.24,-439.94,65.61,-10.55,30.43,34.50
436,251297902,-258.79,740.72,-451.66,60.73,-5.49,26.46,34.31
437,251301959,-266.60,743.16,-477.05,53.96,1.40,21.04,34.31
438,251306008,-277.34,737.79,-492.68,47.20,6.59,15.55,34.40
439,251311803,-274.90,726.07,-511.23,41.34,10.85,9.39,34.64
440,251315852,-274.41,731.45,-516.60,34.21,15.91,2.26,34.36
441,251319902,-267.09,739.26,-527.34,29.02,19.51,-1.83,34.31
442,251323959,-257.32,739.75,-540.53,22.99,23.35,-7.38,34.69
443,251328008,-254.39,726.56,-555.66,16.89,26.65,-12.26,34.50
444,251333803,-244.14,707.03,-551.76,11.46,28.41,-16.83,34.21
445,251337852,-229.98,680.18,-549.32,5.18,30.00,-21.04,34.40
446,251341902,-219.24,648.93,-558.11,2.01,30.85,-23.54,34.64
447,251345959,-209.47,628.91,-558.11,-0.91,29.82,-25.85,34.50
448,251350008,-196.78,599.12,-567.87,-2.80,26.95,-27.68,34.21
449,251355803,-165.04,571.78,-592.29,-4.45,23.90,-29.09,34.36
450,251359852,-121.58,572.27,-625.00,-6.16,20.06,-30.55,34.64
451,251363902,-101.56,577.64,-638.67,-7.32,17.99,-31.77,34.36
452,251367959,-93.75,573.73,-649.90,-9.09,16.10,-34.21,34.64
453,251372008,-78.61,559.08,-647.95,-10.67,14.02,-36.52,34.31
454,251377803,-56.64,533.69,-639.65,-12.99,12.38,-39.63,34.55
455,251381852,-34.67,519.04,-622.56,-16.89,12.07,-42.93,34.36
456,251385902,-33.69,511.72,-612.79,-20.30,12.50,-45.18,34.50
457,251389959,-34.67,510.74,-605.96,-24.27,13.41,-48.66,34.31
458,251394008,-46.87,512.21,-603.52,-27.68,13.78,-52.01,34.64
459,251399803,-39.55,494.63,-598.63,-30.73,13.05,-56.16,34.40
460,251403852,-15.62,461.91,-600.59,-34.82,12.68,-61.04,34.55
461,251407902,-12.21,460.45,-603.03,-37.26,13.17,-63.66,34.69
462,251411959,-24.90,454.59,-602.05,-39.88,12.62,-66.89,34.40
463,251416008,-40.04,453.61,-620.61,-41.46,10.67,-69.70,34.55
464,251421803,-49.32,446.78,-631.84,-41.40,7.01,-72.20,34.55
465,251425852,-44.92,445.31,-648.93,-40.30,0.85,-74.09,34.64
466,251429902,-40.53,445.31,-646.48,-39.70,-3.60,-75.12,34.31
467,251433959,-29.79,454.59,-638.67,-38.96,-7.74,-76.65,34.69
468,251439803,-13.18,451.66,-622.56,-39.09,-10.85,-78.29,34.40
469,251443852,9.77,447.27,-602.54,-40.79,-12.44,-81.04,34.64
470,251447902,34.67,441.41,-581.05,-42.44,-12.68,-83.17,34.50
471,251451959,53.71,439.45,-566.41,-43.66,-12.13,-84.33,34.36
472,251456008,59.57,455.57,-554.20,-45.79,-10.98,-86.10,34.55
473,251461803,54.69,472.17,-557.13,-46.95,-9.70,-87.44,34.64
474,251465852,63.48,466.80,-560.55,-47.68,-9.94,-88.90,34.40
475,251469902,71.29,438.96,-559.08,-47.99,-10.61,-89.57,34.55
476,251473959,83.50,430.18,-546.39,-48.29,-11.34,-89.09,34.21
477,251478008,83.01,430.66,-537.60,-48.48,-12.07,-89.27,34.50
478,251483803,83.50,446.78,-537.60,-48.90,-12.50,-88.90,34.64
479,251487852,65.43,468.75,-555.18,-49.15,-11.28,-89.39,34.40
480,251491902,52.25,486.82,-562.50,-48.90,-9.94,-90.37,34.64
481,251495959,24.41,489.26,-578.61,-48.54,-9.33,-90.55,34.12
482,251500008,0.49,499.51,-582.52,-47.80,-8.41,-91.71,34.64
483,251505803,-22.46,508.30,-594.24,-46.95,-8.11,-91.71,34.64
484,251509852,-59.57,530.76,-585.45,-45.67,-7.99,-91.71,34.64
485,251513902,-89.36,534.18,-587.89,-44.63,-7.56,-91.71,34.40
486,251517959,-123.54,541.50,-581.54,-43.41,-7.50,-91.71,34.36
487,251522008,-142.58,538.09,-583.98,-42.07,-8.11,-91.89,34.21
488,251527803,-143.07,535.16,-563.96,-40.49,-8.41,-91.46,34.36
489,251531852,-144.04,529.30,-544.43,-39.15,-8.60,-90.61,34.21
490,251535902,-129.39,521.48,-530.76,-37.93,-9.15,-89.70,34.50
491,251539959,-124.51,510.74,-522.46,-36.52,-9.09,-88.17,34.64
492,251544008,-115.23,490.23,-516.60,-35.00,-9.33,-86.40,34.40
493,251549803,-108.40,477.05,-519.53,-33.29,-9.57,-84.57,34.31
494,251553852,-109.37,464.36,-517.58,-31.04,-10.24,-82.32,34.40
495,251557902,-108.40,474.61,-507.32,-28.84,-11.52,-80.73,34.40
496,251561959,-101.07,483.89,-501.46,-26.46,-13.90,-78.48,34.64
497,251566008,-93.75,495.12,-497.56,-23.72,-16.83,-75.73,34.21
498,251571803,-81.54,519.53,-489.75,-21.22,-19.45,-72.74,34.31
499,251575852,-75.68,556.64,-489.26,-18.96,-21.65,-69.09,34.21
500,251579902,-74.22,588.87,-491.70,-17.38,-21.83,-67.13,34.40
501,251583959,-84.47,618.65,-491.70,-16.77,-20.91,-64.82,34.64
502,251588008,-98.14,652.83,-490.23,-16.77,-17.44,-63.66,34.21
503,251593803,-106.93,680.66,-478.52,-18.29,-11.46,-63.78,34.50
504,251597852,-117.68,683.59,-477.54,-21.65,0.24,-64.82,34.36
505,251601902,-147.46,667.48,-478.52,-24.57,9.57,-65.61,34.40
506,251605959,-167.48,658.69,-485.35,-27.26,19.94,-66.40,34.40
507,251610008,-199.71,648.44,-485.35,-28.23,26.77,-65.79,34.31
508,251615803,-215.82,625.00,-496.09,-26.89,30.24,-63.90,34.40
509,251619852,-231.45,594.73,-521.00,-22.50,29.94,-60.43,34.40
510,251623902,-232.91,582.52,-539.55,-18.90,27.32,-57.56,34.50
511,251627959,-229.00,574.71,-554.69,-13.84,20.85,-53.17,34.93
512,251632008,-216.31,585.94,-561.52,-9.33,14.02,-48.29,34.64
513,251637803,-198.24,602.05,-545.90,-5.37,7.80,-43.05,34.31
514,251641852,-165.04,650.88,-505.37,-1.28,2.44,-36.71,34.64
515,251645902,-134.28,695.80,-482.91,0.98,-0.30,-32.50,34.50
516,251649959,-115.23,724.61,-458.50,3.48,-1.28,-27.93,34.55
517,251655803,-83.01,755.37,-428.71,4.33,0.61,-23.72,34.50
518,251659852,-52.25,779.30,-423.34,4.21,8.23,-19.57,34.50
519,251663902,-53.22,798.34,-433.59,2.74,18.41,-16.95,34.50
520,251667959,-89.84,809.57,-445.31,1.71,28.41,-15.91,34.36
521,251672008,-120.61,815.43,-468.26,0.37,40.85,-15.91,34.21
522,251676058,-158.69,798.83,-490.23,-1.52,52.99,-16.59,34.40
523,251681803,-192.87,783.20,-502.93,-2.38,62.38,-16.28,34.50
524,251685852,-246.09,776.86,-503.42,-1.95,70.00,-14.76,34.55
525,251689902,-289.06,798.83,-504.39,-0.91,71.77,-12.32,34.21
526,251693959,-318.85,819.82,-506.35,1.40,71.22,-7.93,34.50
527,251699803,-336.43,836.43,-523.93,4.88,68.11,-3.66,34.64
528,251703852,-314.94,832.03,-540.04,8.35,64.94,1.22,34.40
529,251707902,-294.92,821.29,-544.43,11.16,63.90,4.63,34.69
530,251711959,-274.41,823.24,-549.80,12.50,64.45,6.77,34.50
531,251716008,-257.81,825.68,-547.85,14.02,67.01,9.09,34.50
532,251721803,-246.09,835.94,-535.16,15.37,69.94,11.59,34.40
533,251725852,-225.59,851.07,-529.79,15.85,74.63,14.88,34.55
534,251729902,-209.96,853.03,-538.57,15.85,79.88,17.93,34.36
535,251733959,-200.68,869.63,-542.48,15.91,83.48,21.16,34.50
536,251738008,-194.34,875.49,-546.39,15.67,88.05,24.51,34.50
537,251743803,-188.96,883.30,-542.97,14.76,93.11,27.80,34.40
538,251747852,-193.36,916.02,-543.46,14.70,97.26,32.32,34.31
539,251751902,-192.38,948.73,-558.11,15.73,99.21,35.06,34.50
540,251755959,-190.92,969.73,-578.61,17.56,101.40,38.60,34.21
541,251760008,-189.45,985.35,-585.45,20.18,102.87,41.46,34.64
542,251765803,-177.25,993.16,-594.24,22.93,103.23,44.27,34.21
543,251769852,-161.13,979.49,-607.42,25.73,105.55,47.74,34.31
544,251773902,-148.93,969.24,-620.12,27.13,108.29,50.00,34.69
545,251777959,-139.65,953.61,-641.11,28.05,113.05,53.41,34.21
546,251782008,-153.32,925.29,-677.25,27.80,119.70,56.40,34.36
547,251787803,-179.20,901.37,-709.47,28.23,125.73,59.21,34.21
548,251791852,-221.19,896.48,-703.12,29.39,127.50,62.80,34.21
549,251795902,-241.70,909.67,-696.78,31.22,125.73,65.73,34.40
550,251799959,-238.77,926.27,-683.59,33.54,120.30,70.12,34.21
551,251804008,-228.52,960.45,-671.39,36.22,115.12,74.82,34.40
552,251809803,-209.47,1006.84,-680.18,37.62,112.68,79.33,34.02
553,251813852,-166.99,1049.80,-691.89,37.01,113.96,82.68,34.50
554,251817902,-136.72,1060.06,-692.87,35.79,116.40,83.96,34.50
555,251821959,-114.26,1060.55,-689.45,34.21,120.30,84.33,34.50
556,251826008,-83.98,1041.99,-704.10,32.87,124.57,85.30,34.31
557,251831803,-74.22,1022.95,-730.47,32.32,129.70,86.71,34.40
558,251835852,-94.73,1001.46,-760.74,31.89,135.73,88.72,34.36
559,251839902,-117.19,982.42,-781.74,31.71,139.15,89.82,34.40
560,251843959,-140.62,960.45,-795.90,32.80,141.71,91.40,34.64
561,251848008,-151.37,938.48,-824.22,34.45,143.96,92.13,34.36
562,251853803,-173.34,910.16,-847.66,35.00,148.23,91.95,34.40
563,251857852,-210.94,891.11,-845.21,36.22,150.67,90.91,34.50
564,251861902,-229.00,883.30,-843.26,37.07,149.33,90.43,34.31
565,251865959,-234.86,889.65,-833.50,39.57,145.00,91.10,34.64
566,251870008,-232.91,896.97,-841.80,42.44,138.35,92.44,34.40
567,251875803,-218.26,899.90,-851.07,45.61,131.28,94.88,34.36
568,251879852,-173.83,904.30,-884.77,48.29,124.45,97.99,34.40
569,251883902,-139.16,915.53,-903.81,49.39,120.91,99.70,34.02
570,251887959,-123.05,922.85,-907.71,50.00,117.20,102.01,34.50
571,251893803,-94.73,944.34,-901.37,50.85,113.05,103.78,34.36
572,251897852,-48.83,963.87,-893.07,52.20,108.54,106.34,34.55
573,251901902,-2.44,994.63,-888.67,53.78,105.49,108.54,34.55
574,251905959,31.25,1035.64,-886.23,54.70,103.60,110.55,34.21
575,251910008,58.59,1076.17,-884.77,55.12,102.26,112.74,34.50
576,251915803,83.50,1114.75,-880.37,55.24,102.32,114.51,34.50
577,251919852,113.77,1141.60,-890.62,54.76,104.51,116.40,34.50
578,251923902,144.53,1153.32,-893.07,53.78,107.50,117.56,34.21
579,251927959,171.87,1149.41,-898.93,51.89,111.46,118.23,34.21
580,251932008,184.57,1136.23,-909.67,48.35,118.90,118.05,34.36
581,251937803,182.62,1115.72,-925.78,43.84,128.17,117.62,34.50
582,251941852,147.95,1076.66,-955.08,38.05,140.06,116.34,34.36
583,251945902,100.59,1041.50,-973.14,34.39,147.62,114.82,34.64
584,251949959,45.41,1004.39,-980.96,31.46,151.52,112.74,34.21
585,251954008,8.79,970.70,-981.93,28.84,153.84,110.98,34.50
586,251959803,-33.20,937.99,-1000.00,27.56,152.50,109.33,34.55
587,251963852,-70.80,904.30,-1025.39,27.07,146.77,107.99,34.12
588,251967902,-103.52,879.88,-1033.20,27.68,140.43,107.62,34.50
589,251971959,-104.00,860.84,-1034.18,29.57,129.88,107.62,34.21
590,251976008,-101.56,854.00,-1032.23,31.65,118.23,107.80,34.36
591,251981803,-94.24,856.93,-1021.97,34.39,106.04,107.99,34.02
592,251985852,-76.17,882.32,-1011.23,37.50,92.38,108.48,34.31
593,251989902,-53.22,920.90,-982.42,39.09,83.66,108.66,34.64
594,251993959,-23.93,962.40,-965.33,40.12,76.04,108.72,34.36
595,251998008,12.70,1005.37,-949.71,40.49,70.98,107.93,34.21
596,252003803,60.06,1041.99,-943.85,38.96,69.02,106.65,34.31
597,252007852,105.47,1068.85,-943.36,36.04,70.06,104.02,34.12
598,252011902,137.70,1078.12,-954.59,32.87,72.07,102.38,34.36
599,252015959,150.88,1077.64,-962.40,29.27,75.24,100.18,34.36
600,252020008,158.20,1080.57,-970.70,25.24,77.68,97.56,34.21
601,252025803,149.90,1065.43,-973.63,20.79,80.43,94.51,33.97
602,252029852,129.88,1055.66,-982.91,15.55,82.50,90.61,34.40
603,252033902,112.30,1036.62,-988.28,12.38,82.01,88.48,34.36
604,252037959,100.59,1023.93,-991.21,8.66,80.61,85.73,34.40
605,252042008,91.80,1002.93,-983.89,5.37,77.68,82.80,34.12
606,252047803,89.36,981.93,-994.14,3.11,72.20,80.24,34.40
607,252051852,80.08,952.64,-991.70,1.16,63.54,78.11,34.40
608,252055902,83.50,932.62,-995.12,0.24,56.28,77.13,34.64
609,252059959,80.08,914.06,-990.23,0.12,46.46,76.04,34.50
610,252064008,81.05,910.64,-985.84,0.00,36.28,74.57,34.50
611,252069803,86.91,910.64,-979.98,-0.43,28.05,72.56,34.55
612,252073852,96.68,920.41,-967.77,-1.40,20.12,69.15,34.50
613,252077902,107.91,916.50,-937.01,-2.80,16.77,66.34,34.31
614,252081959,120.12,922.85,-917.48,-4.27,13.54,62.68,34.40
615,252086008,142.09,934.57,-892.09,-6.40,11.40,59.45,34.40
616,252091803,153.81,943.36,-884.28,-8.35,9.94,56.10,34.36
617,252095852,187.01,963.87,-877.44,-10.79,9.51,51.83,34.40
618,252099902,204.10,967.29,-896.00,-12.50,9.51,48.78,34.21
619,252103959,210.94,961.43,-910.64,-14.76,9.09,44.57,34.50
620,252109803,216.31,964.36,-920.90,-17.01,7.99,39.76,34.40
621,252113852,222.17,953.12,-934.08,-19.21,6.40,33.96,34.64
622,252117902,227.54,945.80,-942.87,-21.10,4.21,28.90,34.50
623,252121959,226.07,933.11,-947.27,-22.74,1.95,24.82,34.12
624,252126008,229.00,925.78,-945.80,-24.27,-0.79,20.06,34.36
625,252131803,232.42,921.39,-941.41,-26.04,-3.66,15.73,34.31
626,252135852,225.10,919.43,-928.71,-28.05,-7.99,10.43,34.50
627,252139902,229.00,914.55,-921.87,-28.72,-12.50,6.77,34.40
628,252143959,225.59,908.20,-916.99,-29.63,-16.71,4.21,34.21
629,252148008,226.56,907.71,-922.85,-29.94,-22.01,0.73,34.36
630,252153803,234.37,904.79,-924.32,-29.76,-27.87,-2.50,34.36
631,252157852,250.00,908.69,-925.29,-29.33,-35.06,-6.28,34.40
632,252161902,255.86,914.55,-937.99,-29.39,-40.00,-10.18,34.55
633,252165959,260.74,929.69,-937.50,-29.94,-43.05,-13.54,34.02
634,252170008,271.00,935.55,-936.04,-30.79,-45.73,-17.87,34.36
635,252175803,277.34,944.34,-926.27,-32.68,-47.01,-22.38,34.64
636,252179852,271.00,950.68,-913.57,-34.76,-48.17,-27.87,34.50
637,252183902,274.90,961.91,-909.18,-36.16,-49.63,-31.28,34.31
638,252187959,260.74,980.47,-898.93,-37.13,-51.52,-35.30,34.50
639,252192008,257.32,993.16,-893.55,-37.80,-54.33,-39.15,34.50
640,252197803,252.93,1009.77,-893.07,-38.48,-58.17,-42.99,34.31
641,252201852,257.32,1028.32,-911.62,-39.39,-62.26,-47.74,34.36
642,252205902,256.84,1043.46,-918.46,-39.82,-65.12,-51.10,34.74
643,252209959,253.42,1059.08,-921.39,-41.16,-68.90,-55.61,34.36
644,252214008,256.35,1074.22,-924.32,-42.68,-71.71,-60.18,34.55
645,252219803,259.28,1085.45,-931.64,-44.57,-73.48,-64.63,34.40
646,252223852,263.18,1097.17,-922.36,-47.56,-75.85,-70.12,34.31
647,252227902,263.18,1101.07,-923.34,-49.21,-77.50,-73.96,34.50
648,252231959,261.72,1104.98,-920.41,-51.16,-80.06,-78.60,34.55
649,252236008,266.60,1098.63,-924.80,-53.66,-82.74,-83.29,34.36
650,252241803,264.16,1104.49,-931.64,-56.10,-84.51,-88.60,34.21
651,252245852,268.07,1105.96,-934.57,-59.27,-87.01,-94.63,34.21
652,252249902,264.16,1103.03,-936.52,-61.10,-89.57,-98.35,34.40
653,252253959,266.60,1108.40,-942.87,-63.17,-92.74,-103.23,34.40
654,252258008,265.14,1114.26,-944.82,-65.73,-96.10,-108.90,34.40
655,252263803,269.04,1111.33,-944.82,-67.93,-99.57,-114.09,34.40
656,252267852,273.93,1115.23,-952.15,-70.06,-104.02,-120.18,34.31
657,252271902,274.41,1121.58,-946.78,-71.83,-106.77,-123.60,34.64
658,252275959,279.79,1126.46,-947.27,-73.17,-111.46,-128.11,34.36
659,252280008,282.23,1137.70,-944.82,-74.63,-116.52,-131.95,34.50
660,252285803,289.55,1150.88,-947.75,-76.28,-121.46,-136.28,34.40
661,252289852,294.43,1164.06,-958.01,-78.11,-127.20,-141.10,34.21
662,252293902,295.90,1168.46,-957.03,-80.30,-130.12,-144.57,34.36
663,252297959,301.27,1169.43,-953.61,-83.60,-131.77,-149.76,34.64
664,252302008,301.76,1158.69,-929.69,-87.26,-132.32,-155.00,34.50
665,252307803,302.25,1151.37,-911.62,-90.67,-132.32,-160.00,34.31
666,252311852,292.48,1142.58,-914.55,-93.90,-133.35,-164.45,34.64
667,252315902,269.53,1133.30,-929.69,-95.98,-134.63,-167.38,34.31
668,252319959,255.86,1127.93,-940.92,-99.02,-135.06,-171.95,34.50
669,252325803,235.84,1117.68,-947.75,-101.95,-135.49,-176.52,34.50
670,252329852,233.40,1081.54,-920.41,-104.70,-136.77,-180.49,34.40
671,252333902,192.38,1086.91,-937.01,-106.95,-138.05,-184.70,34.40
672,252337959,168.95,1093.75,-941.89,-109.39,-139.76,-187.93,34.02
673,252342008,147.95,1093.75,-932.13,-110.49,-142.80,-191.52,34.40
674,252346058,138.18,1087.40,-926.27,-111.16,-147.13,-194.39,34.40
675,252351803,139.16,1081.54,-909.67,-112.32,-150.12,-196.65,34.40
676,252355852,123.05,1058.59,-881.35,-114.15,-151.34,-199.33,34.40
677,252359902,105.47,1038.09,-845.70,-115.30,-150.91,-200.61,34.40
678,252363959,79.59,1039.06,-825.68,-116.04,-151.16,-201.34,34.36
679,252369803,31.25,1041.50,-798.83,-116.10,-151.40,-202.93,34.21
680,252373852,-11.72,1060.06,-758.30,-115.91,-152.93,-206.16,34.40
681,252377902,-30.76,1067.38,-751.95,-113.78,-157.38,-206.95,34.50
682,252381959,-56.64,1070.31,-768.55,-112.26,-160.61,-207.50,34.21
683,252386008,-78.61,1076.66,-776.86,-111.28,-163.29,-208.11,34.40
684,252391803,-103.03,1085.94,-785.16,-109.76,-167.32,-209.39,34.64
685,252395852,-112.79,1079.10,-803.22,-109.63,-170.30,-210.67,34.36
686,252399902,-106.93,1073.24,-796.87,-110.00,-170.12,-211.10,34.40
687,252403959,-107.42,1060.06,-784.18,-110.73,-168.78,-211.22,34.40
688,252408008,-123.54,1052.73,-767.58,-112.38,-165.79,-212.01,34.50
689,252413803,-165.53,1046.39,-749.02,-114.15,-162.50,-213.54,34.31
690,252417852,-214.84,1032.71,-728.03,-116.04,-159.70,-216.77,34.50
691,252421902,-247.56,1020.02,-720.70,-117.07,-158.35,-218.11,34.50
692,252425959,-288.09,1011.23,-708.01,-118.17,-156.89,-218.78,34.40
693,252430008,-320.80,993.65,-689.94,-118.35,-155.85,-219.27,34.21
694,252435803,-371.09,982.91,-693.36,-118.41,-155.12,-218.90,34.40
695,252439852,-400.39,934.57,-620.61,-117.68,-155.55,-217.32,34.02
696,252443902,-479.49,955.57,-656.74,-114.45,-157.87,-214.70,34.50
697,252447959,-485.84,951.17,-596.19,-112.01,-161.28,-213.78,34.36
698,252452008,-507.81,937.01,-555.18,-109.88,-162.87,-211.28,34.31
699,252457803,-503.91,936.52,-520.02,-106.22,-165.67,-207.87,34.21
700,252461852,-502.93,930.18,-504.39,-102.44,-165.79,-203.41,34.21
701,252465902,-504.88,907.23,-490.72,-100.43,-164.39,-200.37,34.36
702,252469959,-518.55,887.70,-472.17,-97.50,-161.71,-195.49,34.50
703,252474008,-541.50,874.51,-464.36,-94.88,-158.66,-190.79,34.40
704,252479803,-579.59,865.23,-452.64,-92.74,-154.94,-186.83,34.50
705,252483852,-630.86,846.68,-420.90,-88.66,-152.62,-180.55,34.36
706,252487902,-657.71,824.71,-412.60,-85.37,-151.95,-175.30,34.55
707,252491959,-682.62,805.66,-389.65,-80.91,-152.44,-167.68,34.40
708,252496008,-701.17,778.81,-368.16,-75.30,-154.57,-159.45,34.36
709,252501803,-724.61,771.97,-340.82,-69.09,-156.77,-150.67,34.50
710,252505852,-753.42,768.07,-325.68,-60.79,-160.67,-140.67,34.40
711,252509902,-763.18,766.60,-322.27,-55.49,-164.57,-134.15,34.40
712,252513959,-757.32,767.58,-302.25,-49.15,-170.37,-126.40,34.55
713,252518008,-731.45,779.30,-280.27,-42.87,-176.22,-118.11,34.55
714,252523803,-685.55,785.16,-269.53,-37.07,-180.61,-109.39,34.40
715,252527852,-613.77,799.80,-271.97,-32.38,-180.79,-99.63,34.40
716,252531902,-578.12,821.78,-266.11,-30.61,-178.60,-94.33,34.21
717,252535959,-559.57,829.59,-262.70,-29.33,-174.09,-88.96,34.36
718,252540008,-541.50,827.15,-255.86,-29.27,-167.68,-84.33,34.40
719,252545803,-527.34,817.87,-242.68,-29.63,-160.67,-80.61,34.55
720,252549852,-530.27,796.39,-230.47,-30.49,-150.18,-75.73,34.36
721,252553902,-541.02,787.60,-213.87,-30.79,-143.60,-73.41,34.40
722,252557959,-552.73,779.79,-195.80,-31.34,-136.65,-70.37,34.31
723,252563803,-562.99,763.67,-169.43,-30.79,-131.34,-67.50,34.31
724,252567852,-570.80,743.16,-150.88,-30.43,-125.49,-64.21,34.31
725,252571902,-583.98,723.63,-139.65,-30.12,-118.66,-61.22,34.50
726,252575959,-626.95,721.19,-120.61,-29.70,-113.35,-59.45,34.40
727,252580008,-654.30,718.75,-100.59,-28.29,-109.33,-57.20,34.40
728,252585803,-666.99,714.36,-74.22,-26.10,-106.40,-54.70,34.21
729,252589852,-673.34,683.59,-56.15,-22.44,-102.56,-50.61,34.36
730,252593902,-670.41,661.13,-30.76,-19.09,-99.45,-46.34,34.50
731,252597959,-661.13,646.00,3.91,-15.85,-97.56,-42.50,34.36
732,252602008,-647.46,631.35,16.11,-11.71,-94.33,-36.83,34.31
733,252607803,-651.37,619.14,23.44,-7.13,-90.55,-30.85,34.50
734,252611852,-645.02,605.47,38.09,-1.71,-86.34,-24.33,34.50
735,252615902,-640.62,598.63,45.90,2.74,-82.26,-19.21,34.50
736,252619959,-635.74,598.14,57.62,5.98,-78.90,-15.30,34.40
737,252624008,-629.39,605.96,65.43,9.88,-73.48,-10.24,34.40
738,252629803,-634.28,615.23,73.24,13.78,-68.23,-5.55,34.69
739,252633852,-646.97,616.70,51.76,18.17,-61.40,-0.06,34.16
740,252637902,-659.18,619.63,59.08,20.37,-56.89,2.44,34.50
741,252641959,-670.41,626.46,66.41,23.66,-51.65,5.61,34.50
742,252646008,-674.80,628.42,57.62,26.65,-46.40,9.33,34.50
743,252651803,-694.82,618.65,52.73,29.88,-41.95,12.74,34.02
744,252655852,-706.54,607.42,45.90,35.79,-39.76,18.11,34.21
745,252659902,-691.41,606.45,20.51,39.82,-38.29,22.50,34.40
746,252663959,-682.13,596.19,11.23,44.21,-36.04,28.35,34.31
747,252668008,-682.13,590.82,23.93,49.57,-35.24,33.66,34.50
748,252673803,-666.02,580.08,49.80,54.33,-35.00,39.15,34.36
749,252677852,-637.21,597.66,74.71,59.88,-31.95,44.02,34.31
750,252681902,-626.46,605.47,91.31,62.56,-27.44,46.40,34.36
751,252685959,-623.54,621.58,99.61,64.70,-20.49,48.66,34.40
752,252690008,-619.14,619.14,106.93,66.77,-13.05,51.10,34.21
753,252695803,-606.93,602.05,105.96,68.72,-6.83,54.51,34.40
754,252699852,-603.52,580.08,106.45,72.13,0.12,59.39,34.31
755,252703902,-612.30,562.01,102.54,74.94,2.56,63.05,34.31
756,252707959,-617.19,552.73,101.56,78.72,5.24,68.29,34.50
757,252712008,-615.23,549.80,97.66,82.93,6.77,72.93,34.21
758,252717803,-607.42,550.29,105.96,87.44,7.68,77.56,34.64
759,252721852,-571.78,545.41,128.42,92.99,8.66,83.90,34.50
760,252725902,-574.71,558.59,114.75,97.20,10.30,88.23,34.40
761,252729959,-552.25,556.64,130.37,101.89,12.38,92.26,34.50
762,252734008,-535.64,546.39,136.72,106.10,15.91,96.77,34.40
763,252739803,-525.39,547.36,135.74,110.30,18.72,101.46,34.50
764,252743852,-493.16,536.13,112.30,114.27,22.13,106.65,34.40
765,252747902,-467.29,513.18,102.05,116.40,24.45,109.63,34.21
766,252751959,-442.87,495.61,105.96,119.02,28.05,113.54,34.50
767,252756008,-418.95,468.26,140.62,120.37,34.57,117.44,34.21
768,252761803,-408.20,469.73,163.09,122.56,41.46,121.04,34.21
769,252765852,-388.18,479.00,166.50,125.43,48.54,125.67,34.55
770,252769902,-362.30,466.31,146.00,127.68,52.87,128.05,34.31
771,252773959,-341.31,436.04,138.67,130.30,58.05,130.98,34.36
772,252779803,-312.50,400.39,132.81,132.50,62.87,134.51,34.50
773,252783852,-302.73,374.51,124.51,135.24,68.11,139.88,34.50
774,252787902,-295.90,363.28,104.98,137.50,71.89,144.63,34.31
775,252791959,-298.83,360.35,98.63,139.57,74.76,147.68,34.31
776,252796008,-275.39,356.93,89.36,142.50,77.62,150.98,34.64
777,252801803,-241.21,353.52,84.96,144.82,81.34,154.15,34.40
778,252805852,-200.20,337.89,63.96,148.05,86.10,158.54,34.55
779,252809902,-186.04,318.36,47.85,150.43,89.76,163.11,34.50
780,252813959,-175.78,299.32,32.71,153.11,93.29,167.13,34.12
781,252818008,-170.41,296.88,35.64,155.91,97.01,171.28,34.50
782,252823803,-161.13,305.66,52.25,158.48,101.16,174.51,34.40
783,252827852,-126.95,299.32,54.20,159.63,105.61,176.65,34.40
784,252831902,-102.54,281.25,21.48,159.88,109.57,178.41,34.50
785,252835959,-83.50,254.39,-25.39,159.09,112.13,179.82,34.64
786,252840008,-78.12,241.70,-55.18,158.17,114.33,181.22,34.21
787,252845803,-86.91,227.05,-68.36,157.13,114.45,182.93,34.40
788,252849852,-81.54,207.52,-60.06,156.04,111.52,184.63,34.40
789,252853902,-62.99,189.94,-40.04,154.70,109.70,185.00,34.69
790,252857959,-39.06,164.06,-30.76,152.07,109.02,185.79,34.50
791,252862008,-22.95,144.53,-21.97,147.99,109.82,186.28,34.64
792,252867803,-33.69,130.86,-33.20,144.27,111.83,186.34,34.21
793,252871852,-63.96,126.95,-31.74,140.67,114.02,185.24,34.12
794,252875902,-90.82,112.79,-11.72,139.02,115.18,184.21,34.50
795,252879959,-108.89,97.66,9.77,137.26,115.24,181.71,34.36
796,252884008,-119.63,73.73,24.41,135.30,113.66,179.33,34.40
797,252889803,-111.82,65.43,4.88,132.68,112.44,177.32,34.21
798,252893852,-136.72,73.24,-35.64,128.29,110.43,173.90,34.16
799,252897902,-164.55,88.87,-78.61,125.79,108.29,171.40,34.64
800,252901959,-193.85,108.40,-101.07,123.84,104.15,166.77,34.36
801,252906008,-220.21,138.67,-97.17,121.59,99.15,161.16,34.31
802,252911803,-225.10,162.11,-134.77,120.24,91.89,156.22,34.64
803,252915852,-241.21,190.43,-217.77,118.29,84.45,150.79,34.64
804,252919902,-290.04,231.93,-254.88,117.13,79.63,147.13,34.64
805,252923959,-330.08,265.14,-251.46,116.46,72.80,141.65,34.36
806,252928008,-357.42,298.83,-266.60,116.40,64.63,136.10,34.12
807,252933803,-370.61,322.27,-287.60,117.87,53.72,131.83,34.40
808,252937852,-364.26,348.14,-320.31,120.00,40.06,126.40,34.40
809,252941902,-344.73,386.72,-324.71,121.28,31.16,122.80,34.31
810,252945959,-322.75,431.64,-334.96,121.28,22.80,117.80,34.50
811,252950008,-298.34,488.77,-348.14,119.27,17.68,111.16,34.36
812,252955803,-270.02,543.46,-382.32,115.12,15.67,103.72,34.40
813,252959852,-255.86,586.91,-418.46,108.05,15.49,94.82,34.36
814,252963902,-266.60,617.68,-443.36,103.35,15.79,88.48,34.31
815,252967959,-264.65,646.48,-453.61,96.95,14.70,80.73,34.31
816,252972008,-245.61,693.85,-449.22,89.57,13.05,73.23,34.55
817,252977803,-236.82,734.86,-473.63,81.65,12.32,65.55,34.50
818,252981852,-227.05,778.81,-529.79,71.22,13.54,55.61,34.40
819,252985902,-212.40,777.83,-576.66,64.27,14.70,49.33,34.31
820,252989959,-211.43,785.16,-616.70,56.89,15.12,42.26,34.50
821,252995803,-220.70,779.79,-675.29,51.10,13.54,36.77,34.21
822,252999852,-201.17,773.93,-724.12,45.67,9.51,30.43,34.64
823,253003902,-160.64,770.51,-765.62,41.46,6.34,25.37,34.50
824,253007959,-133.79,772.46,-803.22,38.72,4.09,22.20,34.50
825,253012008,-115.23,770.02,-822.27,35.79,0.73,18.84,34.36
826,253017803,-106.45,777.34,-839.84,33.54,-2.99,15.24,34.40
827,253021852,-71.29,788.57,-857.42,31.10,-7.01,11.71,34.31
828,253025902,-47.85,800.78,-891.60,28.84,-8.29,8.72,34.36
829,253029959,-33.20,807.62,-914.06,26.65,-8.72,6.89,34.31
830,253034008,-35.16,804.20,-920.90,24.63,-10.00,4.21,34.40
831,253039803,-27.83,797.36,-924.32,23.72,-12.07,2.32,34.40
832,253043852,-3.42,799.32,-936.04,22.32,-14.88,1.10,34.50
833,253047902,6.35,809.08,-945.31,21.22,-16.22,0.18,34.50
834,253051959,4.39,822.75,-938.96,20.43,-17.38,-0.61,34.31
835,253056008,9.28,829.59,-934.08,19.63,-19.02,-0.43,34.50
836,253061803,19.04,834.47,-926.76,18.41,-19.57,-1.04,34.40
837,253065852,38.09,825.20,-897.95,16.16,-18.54,-1.22,34.36
838,253069902,43.46,818.36,-885.25,13.84,-16.71,-1.52,34.50
839,253073959,40.53,820.31,-878.42,10.67,-13.11,-2.38,34.50
840,253078008,28.32,820.31,-880.86,7.56,-10.37,-2.80,34.64
841,253083803,11.23,811.52,-876.95,5.73,-7.80,-3.60,34.31
842,253087852,-3.42,802.73,-866.21,3.72,-7.68,-3.48,34.31
843,253091902,-0.49,786.62,-863.28,2.74,-7.50,-3.66,34.40
844,253095959,-8.79,778.32,-859.86,1.34,-6.89,-3.29,34.50
845,253100008,-5.37,765.62,-835.45,-1.16,-5.55,-3.84,34.40
846,253105803,-0.49,767.58,-802.73,-4.09,-2.74,-5.18,34.40
847,253109852,-7.81,770.51,-773.44,-9.15,2.93,-7.20,34.21
848,253113902,-22.95,760.74,-753.42,-12.44,6.77,-8.72,34.64
849,253117959,-31.74,740.72,-739.75,-16.65,10.12,-11.34,34.55
850,253122008,-49.32,713.38,-731.93,-19.51,11.59,-13.23,34.40
851,253127803,-69.82,685.06,-721.19,-21.77,11.40,-14.70,34.21
852,253131852,-89.36,659.18,-692.87,-23.60,9.82,-16.28,34.21
853,253135902,-92.77,642.58,-676.27,-24.39,8.41,-17.07,34.40
854,253139959,-88.87,636.72,-676.76,-26.10,8.17,-18.72,34.50
855,253144008,-93.26,637.21,-682.62,-28.05,8.29,-20.12,34.31
856,253149803,-113.28,631.35,-687.01,-29.15,7.26,-21.95,34.31
857,253153852,-147.95,611.82,-689.94,-28.96,3.72,-23.23,34.31
858,253157902,-153.32,596.19,-682.62,-28.11,-0.43,-23.84,34.64
859,253161959,-163.09,603.03,-679.69,-27.01,-5.49,-24.39,34.40
860,253166008,-167.48,609.38,-680.66,-25.73,-10.30,-25.00,34.31
861,253171803,-171.39,620.12,-679.20,-24.57,-15.49,-25.43,34.50
862,253175852,-165.53,634.77,-666.99,-22.99,-21.59,-26.22,34.36
863,253179902,-153.81,639.65,-653.81,-22.20,-24.82,-26.65,34.64
864,253183959,-145.02,651.37,-629.88,-22.13,-27.62,-27.93,34.40
865,253188008,-139.16,652.34,-604.00,-23.05,-28.78,-29.27,34.64
866,253193803,-135.25,657.71,-582.52,-24.45,-28.72,-30.79,34.36
867,253197852,-127.44,662.11,-566.89,-26.77,-27.74,-33.48,34.40
868,253201902,-130.86,660.64,-548.83,-28.84,-26.46,-35.55,34.16
869,253205959,-123.54,650.88,-533.20,-31.59,-24.88,-38.41,34.64
870,253211803,-121.09,646.48,-505.37,-34.57,-22.62,-41.28,34.40
871,253215852,-104.00,628.91,-482.91,-38.35,-19.57,-43.66,34.40
872,253219902,-100.59,621.09,-477.05,-41.52,-16.77,-45.49,34.21
873,253223959,-99.12,609.38,-471.68,-43.84,-14.76,-46.77,34.36
874,253228008,-91.31,595.21,-480.96,-46.40,-12.80,-48.35,34.50
875,253232058,-83.98,596.19,-490.23,-49.45,-10.06,-49.88,34.36
876,253237803,-88.38,592.77,-489.26,-51.16,-7.20,-51.34,34.50
877,253241852,-103.03,599.12,-472.66,-54.21,-3.78,-53.23,34.31
878,253245902,-102.05,603.52,-464.36,-56.28,-1.40,-54.51,34.12
879,253249959,-105.96,600.10,-463.38,-58.72,2.07,-56.46,34.31
880,253255803,-113.77,592.77,-463.38,-61.65,5.55,-57.87,34.40
881,253259852,-130.37,592.77,-454.10,-64.76,9.15,-60.00,34.36
882,253263902,-142.58,591.80,-459.47,-66.34,11.22,-61.22,34.55
883,253267959,-150.39,599.61,-473.14,-67.62,11.89,-62.20,34.40
884,253272008,-162.11,603.03,-471.19,-68.60,12.56,-63.11,34.40
885,253277803,-174.32,599.61,-469.73,-68.23,12.07,-63.48,34.40
886,253281852,-187.50,587.89,-463.87,-67.44,8.96,-63.54,34.02
887,253285902,-177.73,573.24,-441.89,-66.89,6.77,-63.48,34.36
888,253289959,-163.57,549.32,-429.69,-67.01,5.61,-63.23,34.40
889,253294008,-155.76,536.62,-412.11,-66.77,3.72,-62.87,34.40
890,253299803,-139.16,532.71,-402.34,-66.52,2.74,-62.07,34.21
891,253303852,-125.00,524.90,-372.07,-66.95,2.62,-61.59,34.40
892,253307902,-116.21,514.65,-350.59,-67.20,2.44,-61.04,34.50
893,253311959,-98.63,505.86,-318.85,-67.44,1.83,-60.37,34.50
894,253316008,-83.50,492.68,-299.32,-67.68,2.20,-59.88,34.50
895,253321803,-56.64,479.00,-280.27,-68.78,3.41,-58.96,34.55
896,253325852,-30.76,481.93,-294.92,-70.61,7.87,-57.80,34.21
897,253329902,-48.34,522.95,-321.29,-72.74,12.26,-57.50,34.50
898,253333959,-85.94,560.55,-351.07,-74.57,17.93,-57.44,34.31
899,253338008,-140.14,589.36,-381.84,-75.00,21.89,-58.60,34.21
900,253343803,-175.29,594.73,-388.18,-74.57,22.68,-59.82,34.36
901,253347852,-193.36,584.96,-390.14,-72.80,19.82,-60.37,34.21
902,253351902,-187.01,568.36,-394.04,-71.95,17.62,-59.70,34.31
903,253355959,-191.89,565.43,-392.09,-70.85,15.98,-58.23,34.64
904,253360008,-197.27,569.82,-397.46,-69.82,15.37,-57.26,34.31
905,253365803,-202.15,570.31,-401.86,-68.78,13.35,-56.59,34.31
906,253369852,-198.73,558.11,-409.18,-66.46,10.67,-56.04,34.40
907,253373902,-203.12,540.04,-400.39,-64.57,7.56,-56.40,34.55
908,253377959,-183.59,520.51,-377.93,-62.20,2.87,-55.85,34.36
909,253382008,-155.76,515.62,-366.21,-59.76,-1.40,-54.57,34.02
910,253387803,-136.72,534.67,-350.59,-57.87,-3.60,-53.41,34.64
911,253391852,-122.07,560.55,-351.56,-56.10,-3.96,-52.07,34.50
912,253395902,-114.26,571.29,-355.47,-55.24,-3.17,-51.77,34.40
913,253399959,-111.33,574.71,-357.91,-54.70,-1.77,-51.40,34.40
914,253404008,-122.07,577.64,-363.77,-54.57,1.65,-51.40,34.21
915,253409803,-139.16,598.14,-354.98,-53.90,5.24,-51.46,34.40
916,253413852,-186.04,622.56,-351.07,-52.93,9.76,-51.34,34.40
917,253417902,-219.24,655.27,-350.10,-51.52,10.91,-51.10,34.36
918,253421959,-236.33,662.60,-339.36,-48.90,10.49,-50.85,34.64
919,253426008,-243.16,673.83,-329.10,-46.04,8.48,-49.63,34.40
920,253431803,-237.79,670.90,-331.05,-43.05,7.01,-48.23,34.21
921,253435852,-222.66,666.99,-334.96,-39.51,6.22,-46.34,34.50
922,253439902,-221.68,669.92,-327.15,-37.44,5.79,-44.94,33.88
923,253443959,-218.75,662.60,-324.71,-34.94,4.57,-43.17,34.64
924,253449803,-208.01,659.18,-332.03,-31.77,2.68,-41.71,34.40
925,253453852,-202.15,654.30,-352.54,-27.50,0.12,-40.00,34.50
926,253457902,-198.24,654.79,-363.77,-24.45,-2.38,-38.41,34.50
927,253461959,-189.94,656.25,-375.00,-22.20,-4.39,-36.95,34.12
928,253466008,-178.22,657.23,-382.32,-19.70,-5.91,-34.88,34.64
929,253471803,-171.39,655.27,-383.79,-18.29,-6.28,-33.11,34.40
930,253475852,-176.27,680.18,-377.44,-15.91,-5.91,-30.98,34.64
931,253479902,-183.11,718.26,-374.51,-14.57,-5.91,-29.45,34.64
932,253483959,-196.78,734.86,-382.81,-13.78,-5.43,-29.09,34.31
933,253488008,-203.61,741.21,-389.65,-13.29,-3.72,-28.29,34.50
934,253493803,-202.64,736.82,-379.39,-13.17,-1.83,-28.29,34.40
935,253497852,-209.47,750.00,-360.35,-13.29,1.22,-28.23,34.31
936,253501902,-210.94,765.62,-351.07,-13.60,4.76,-28.11,34.50
937,253505959,-221.68,773.93,-343.75,-13.72,7.56,-27.80,34.40
938,253510008,-225.10,778.81,-331.54,-13.29,9.94,-28.11,34.40
939,253515803,-221.68,777.34,-328.12,-12.74,12.13,-27.32,34.40
940,253519852,-210.45,768.55,-321.29,-12.80,15.30,-26.77,34.40
941,253523902,-198.24,773.93,-327.15,-12.87,18.23,-26.40,34.50
942,253527959,-199.22,777.83,-340.33,-12.87,22.01,-25.79,34.31
943,253532008,-207.03,790.53,-352.54,-11.95,25.79,-25.24,34.36
944,253537803,-226.56,812.01,-388.18,-10.91,27.38,-24.39,34.31
945,253541852,-242.19,803.22,-416.50,-8.84,26.10,-22.01,34.31
946,253545902,-232.42,805.18,-426.76,-7.32,24.63,-19.88,34.40
947,253549959,-230.47,803.71,-427.73,-6.22,24.70,-17.20,34.36
948,253554008,-236.82,814.94,-418.95,-5.12,25.43,-15.18,34.31
949,253559803,-246.58,850.10,-407.23,-4.15,25.30,-13.78,34.21
950,253563852,-242.19,880.86,-415.53,-3.66,25.61,-12.38,34.21
951,253567902,-240.23,888.18,-410.64,-3.78,26.52,-11.28,34.50
952,253571959,-241.70,886.72,-394.04,-5.06,27.74,-10.79,34.36
953,253576008,-238.28,906.25,-371.09,-6.59,29.15,-9.51,34.21
954,253581803,-238.28,934.57,-365.72,-8.05,32.56,-8.17,34.21
955,253585852,-253.42,954.59,-371.09,-10.30,37.20,-7.56,34.31
956,253589902,-259.28,962.89,-378.91,-12.07,40.18,-7.26,34.50
957,253593959,-265.14,962.40,-392.58,-14.02,44.45,-7.01,34.21
958,253598008,-280.76,957.52,-397.46,-15.43,48.35,-7.26,34.21
959,253603803,-300.29,947.75,-389.16,-16.83,51.95,-7.01,34.50
960,253607852,-311.52,934.08,-386.23,-16.83,54.21,-5.24,34.31
961,253611902,-312.01,931.64,-376.95,-15.30,52.99,-3.66,34.64
962,253615959,-297.85,932.13,-373.54,-12.80,48.11,-0.30,34.50
963,253620008,-266.11,923.34,-381.35,-9.76,43.29,3.41,34.50
964,253625803,-230.47,918.95,-395.02,-7.62,39.39,7.20,34.50
965,253629852,-197.75,918.46,-420.41,-6.04,37.87,11.10,34.50
966,253633902,-188.96,906.25,-444.34,-6.22,39.21,12.87,34.36
967,253637959,-200.68,890.14,-454.59,-6.40,42.56,14.57,34.40
968,253642008,-216.80,892.58,-462.89,-6.65,44.94,14.94,34.40
969,253647803,-230.47,897.95,-455.57,-6.52,46.04,15.61,34.40
970,253651852,-245.12,908.20,-451.66,-5.91,45.91,16.59,34.36
971,253655902,-255.86,915.53,-468.75,-5.91,46.89,17.20,34.36
972,253659959,-275.88,917.48,-478.03,-6.40,49.15,17.13,34.40
973,253665803,-303.71,927.73,-466.31,-6.40,50.73,16.34,34.40
974,253669852,-316.41,949.71,-452.15,-5.73,52.50,15.24,34.50
975,253673902,-329.10,964.84,-442.38,-5.73,54.21,14.45,34.50
976,253677959,-337.89,990.72,-425.78,-5.37,55.06,14.33,34.21
977,253682008,-336.91,1012.70,-416.99,-4.51,54.63,15.06,34.50
978,253687803,-329.10,1028.81,-409.67,-3.17,53.60,16.16,34.36
979,253691852,-321.29,1049.32,-415.53,-2.13,53.48,18.11,34.50
980,253695902,-302.25,1055.18,-428.22,-1.65,53.41,19.88,34.50
981,253699959,-294.92,1048.83,-445.80,-1.59,54.33,20.73,34.16
982,253704008,-293.95,1038.57,-458.98,-2.01,55.24,22.01,34.21
983,253709803,-284.67,1029.30,-463.38,-2.44,56.46,23.29,34.31
984,253713852,-279.30,1005.86,-457.52,-2.74,58.78,25.00,34.40
985,253717902,-273.93,980.96,-455.08,-3.35,61.10,26.71,34.55
986,253721959,-264.16,948.24,-466.31,-2.62,62.80,27.93,34.31
987,253726008,-266.60,929.69,-478.52,-1.83,62.62,29.33,34.40
988,253731803,-251.46,905.27,-490.23,-0.18,61.16,30.49,34.40
989,253735852,-235.35,875.49,-495.12,1.95,58.60,32.32,34.50
990,253739902,-225.10,864.26,-500.00,3.72,57.32,33.72,34.50
991,253743959,-216.80,843.26,-493.65,5.91,56.40,35.55,34.31
992,253748008,-203.12,844.24,-494.63,8.11,55.79,37.07,34.40
993,253753803,-196.29,847.66,-505.86,10.55,54.63,37.68,34.16
994,253757852,-189.94,873.54,-500.98,13.05,52.07,38.41,34.31
995,253761902,-188.48,924.32,-484.37,14.27,50.43,39.15,34.64
996,253765959,-179.69,969.73,-472.66,15.61,49.76,40.37,34.36
997,253770008,-167.48,1009.28,-470.70,15.43,52.50,41.10,34.40
998,253775803,-159.18,1022.46,-471.19,13.72,57.80,40.98,34.31
999,253779852,-162.60,1031.74,-472.66,10.49,67.38,39.76,34.21
1000,253783902,-181.15,1023.93,-478.52,8.17,74.82,38.35,34.31
1001,253787959,-215.33,1015.62,-488.28,6.10,82.68,37.13,34.50
1002,253792008,-250.98,1000.98,-512.21,5.06,88.66,35.85,34.31
1003,253797803,-288.09,984.37,-517.58,5.67,90.79,35.18,34.31
1004,253801852,-311.52,964.36,-532.23,8.84,87.13,35.85,34.31
1005,253805902,-313.96,948.73,-543.46,11.59,82.32,37.20,34.40
1006,253809959,-301.76,929.69,-555.18,15.67,75.49,39.57,34.36
1007,253814008,-289.55,914.06,-572.27,19.57,68.54,42.07,34.40
1008,253819803,-282.71,894.53,-587.40,23.72,61.83,43.96,34.50
1009,253823852,-263.18,870.61,-604.98,28.60,54.94,45.49,34.50
1010,253827902,-239.26,847.17,-605.47,31.65,51.71,45.85,34.21
1011,253831959,-218.75,829.10,-601.56,34.21,48.23,46.04,34.55
1012,253836008,-189.94,815.43,-608.40,36.77,45.98,45.79,34.40
1013,253841803,-160.64,798.34,-589.84,38.78,44.02,45.67,34.40
1014,253845852,-130.86,834.47,-583.01,41.71,42.01,45.98,34.50
1015,253849902,-92.77,860.84,-576.17,42.26,41.40,46.52,34.21
1016,253853959,-64.94,881.84,-569.82,42.56,42.93,46.95,34.55
1017,253858008,-42.97,911.13,-586.91,42.13,46.04,46.83,34.21
1018,253863803,-28.81,935.06,-601.07,40.49,52.01,45.79,34.21
1019,253867852,-36.62,942.38,-619.14,36.46,62.50,43.78,34.50
1020,253871902,-56.64,943.36,-606.93,34.09,69.45,42.01,34.21
1021,253875959,-82.03,949.71,-601.07,31.52,77.13,40.00,34.40
1022,253881803,-109.86,946.29,-593.75,29.88,82.44,37.68,34.50
1023,253885852,-127.93,940.43,-580.08,28.84,85.79,37.01,34.50
1024,253889902,-141.60,926.76,-578.61,28.72,87.07,37.26,34.36
1025,253893959,-149.90,915.53,-585.45,29.33,86.40,37.80,34.21
1026,253898008,-153.32,916.99,-594.73,30.91,84.02,38.96,34.40
1027,253902058,-156.25,915.04,-607.91,33.35,80.43,39.94,34.36
1028,253907803,-148.44,915.53,-615.72,35.85,76.46,40.73,34.50
1029,253911852,-145.02,899.90,-624.51,38.11,72.26,40.91,34.64
1030,253915902,-142.58,884.28,-628.42,39.33,69.76,41.16,34.40
1031,253919959,-125.49,868.16,-620.61,41.22,66.83,41.59,34.55
1032,253925803,-109.86,856.93,-615.72,42.87,64.39,42.01,34.40
1033,253929852,-84.47,860.35,-607.42,44.45,61.40,43.23,34.31
1034,253933902,-66.41,866.21,-613.77,45.55,58.54,43.48,34.40
1035,253937959,-39.55,875.00,-614.26,45.55,56.59,44.09,34.36
1036,253942008,-13.18,884.28,-611.33,46.04,54.82,45.00,34.36
1037,253947803,16.60,893.55,-623.05,45.55,53.84,45.43,34.31
1038,253951852,52.25,893.55,-622.56,43.90,55.30,46.95,34.50
1039,253955902,65.92,896.48,-633.30,42.56,57.62,47.20,34.12
1040,253959959,70.80,883.30,-644.04,40.00,61.28,46.95,34.36
1041,253964008,82.52,872.56,-645.02,37.87,65.55,46.83,34.21
1042,253969803,68.36,864.75,-644.04,35.37,70.18,45.79,34.31
1043,253973852,44.92,847.17,-640.62,32.74,76.46,44.39,34.21
1044,253977902,30.27,838.87,-627.93,31.52,79.27,43.23,34.40
1045,253981959,18.07,827.15,-623.54,30.37,81.83,42.44,34.64
1046,253986008,16.60,820.31,-621.09,30.18,83.54,42.01,34.50
1047,253991803,11.23,820.80,-628.42,29.88,84.63,41.65,34.21
1048,253995852,0.49,828.61,-636.23,30.30,84.51,41.77,34.21
1049,253999902,-9.77,833.01,-638.18,30.43,83.54,41.83,34.40
1050,254003959,-11.72,828.61,-636.23,30.91,81.04,42.44,34.40
1051,254008008,-5.86,830.08,-641.60,32.26,77.93,43.54,34.12
1052,254013803,-7.32,833.98,-636.72,33.66,74.94,43.96,34.12
1053,254017852,11.72,840.82,-616.70,34.63,71.10,44.45,34.36
1054,254021902,33.69,857.91,-604.00,35.12,68.90,44.57,34.31
1055,254025959,53.71,866.21,-604.98,35.79,66.89,45.43,34.40
1056,254030008,84.96,886.23,-608.89,35.55,65.12,46.28,34.21
1057,254035803,108.89,901.37,-620.61,35.79,64.21,47.07,34.36
1058,254039852,143.07,918.95,-628.42,35.73,62.44,48.72,34.31
1059,254043902,159.18,920.90,-646.97,35.61,61.46,49.94,34.50
1060,254047959,179.69,919.92,-653.32,35.06,61.10,51.22,34.50
1061,254052008,200.20,922.85,-666.02,34.02,61.89,51.89,34.36
1062,254057803,213.38,912.60,-666.02,33.29,63.35,52.74,34.21
1063,254061852,231.45,899.41,-663.57,32.07,66.65,52.56,34.31
1064,254065902,239.75,889.16,-653.32,30.91,69.63,51.83,34.40
1065,254069959,227.05,875.98,-649.90,29.15,73.90,50.67,34.36
1066,254074008,218.26,877.44,-637.21,27.44,77.20,49.63,34.50
1067,254079803,218.75,882.32,-627.93,26.16,79.88,48.60,34.55
1068,254083852,218.75,886.23,-620.12,24.88,82.50,47.44,34.40
1069,254087902,214.84,875.00,-632.32,23.84,84.02,46.95,34.21
1070,254091959,210.94,868.65,-643.07,22.56,85.73,46.28,34.40
1071,254096008,208.50,854.00,-651.37,21.22,86.46,45.85,34.36
1072,254101803,192.38,857.42,-653.81,20.73,85.98,45.43,34.40
1073,254105852,164.55,868.65,-661.62,20.37,83.05,45.18,34.36
1074,254109902,155.76,887.70,-665.53,20.18,80.61,45.06,34.21
1075,254113959,159.18,901.86,-665.53,19.88,77.68,45.49,34.36
1076,254119803,160.64,910.64,-659.67,19.09,74.88,45.85,34.31
1077,254123852,166.99,919.43,-650.39,17.50,72.93,45.79,34.64
1078,254127902,173.34,937.01,-646.00,16.65,72.07,46.34,34.50
1079,254131959,171.87,950.20,-647.46,15.98,71.04,46.89,34.12
1080,254136008,173.83,964.36,-648.93,15.79,68.84,47.07,34.50
1081,254141803,177.73,978.52,-662.60,15.37,66.95,47.26,34.55
1082,254145852,189.45,987.79,-652.83,15.12,64.63,46.28,34.31
1083,254149902,198.73,989.75,-654.30,14.51,63.72,45.61,34.40
1084,254153959,200.68,978.03,-661.13,13.90,63.54,44.70,34.50
1085,254158008,205.57,969.73,-675.78,13.17,63.66,43.72,34.50
1086,254163803,209.96,959.47,-674.80,12.68,63.60,42.74,34.40
1087,254167852,213.87,937.50,-680.18,12.13,63.35,41.28,34.40
1088,254171902,200.20,920.90,-686.04,12.13,62.32,40.55,34.55
1089,254175959,202.15,918.95,-685.55,12.07,60.61,39.88,34.50
1090,254180008,203.12,910.16,-684.57,11.71,58.11,39.15,34.40
1091,254185803,210.94,912.60,-684.08,11.46,56.10,38.48,34.40
1092,254189852,213.87,915.53,-682.62,10.73,53.60,38.35,34.16
1093,254193902,218.26,920.41,-683.59,10.24,52.01,38.11,34.36
1094,254197959,222.17,937.01,-686.52,9.70,50.49,37.26,34.31
1095,254202008,227.05,936.52,-685.55,8.96,48.35,36.59,34.36
1096,254207803,230.96,941.89,-685.55,8.17,46.46,35.91,34.21
1097,254211852,233.40,941.41,-679.69,7.07,44.09,34.21,34.16
1098,254215902,236.82,943.85,-680.66,6.71,43.29,33.78,34.40
1099,254219959,239.26,937.50,-679.20,6.04,42.62,32.68,34.31
1100,254224008,241.21,942.38,-673.34,5.30,41.04,31.65,34.21
1101,254229803,237.30,932.13,-667.97,5.12,39.70,30.12,34.21
1102,254233852,241.70,929.20,-662.11,4.76,38.29,28.29,34.31
1103,254237902,247.07,916.99,-650.39,4.27,37.74,27.13,34.21
1104,254241959,259.28,908.20,-644.53,3.78,37.93,25.43,34.40
1105,254246008,256.84,902.34,-638.67,2.62,38.48,23.60,34.31
1106,254251803,253.91,897.95,-639.16,2.20,39.02,22.13,34.40
1107,254255852,255.37,889.65,-642.09,1.10,38.78,20.18,34.36
1108,254259902,254.39,883.30,-642.09,0.73,38.41,18.78,34.55
1109,254263959,256.84,872.07,-649.41,0.18,37.74,17.62,34.36
1110,254268008,260.74,862.79,-655.27,-0.06,35.91,16.46,34.31
1111,254273803,263.18,848.63,-672.36,0.00,34.02,15.06,34.36
1112,254277852,269.53,835.94,-677.25,-0.06,30.49,13.66,34.36
1113,254281902,272.46,831.05,-679.69,-0.18,28.54,12.50,34.31
1114,254285959,277.83,823.24,-675.29,-0.06,25.73,11.16,34.40
1115,254290008,287.11,828.61,-673.83,-0.37,23.72,9.82,34.50
1116,254295803,289.06,825.68,-670.90,-0.73,21.65,8.60,34.21
1117,254299852,298.83,826.17,-674.80,-1.59,19.45,7.13,34.40
1118,254303902,301.76,824.71,-682.62,-1.95,18.23,6.59,34.21
1119,254307959,314.45,824.71,-687.50,-2.50,15.49,5.85,34.55
1120,254312008,316.41,825.68,-702.15,-2.87,12.87,5.30,34.40
1121,254317803,327.64,833.98,-707.03,-3.11,10.49,5.24,34.31
1122,254321852,327.64,825.68,-710.94,-4.15,7.93,4.63,34.40
1123,254325902,333.01,816.41,-704.59,-4.76,7.07,3.96,34.12
1124,254329959,337.89,810.06,-706.54,-5.30,6.04,3.17,34.21
1125,254335803,338.38,806.15,-693.36,-5.73,5.55,2.44,34.40
1126,254339852,337.40,798.34,-676.76,-6.71,5.49,1.65,34.21
1127,254343902,337.89,783.20,-670.90,-6.89,5.67,0.79,34.50
1128,254347959,331.54,775.39,-667.97,-7.13,5.61,0.18,34.31
1129,254352008,333.98,769.53,-658.69,-7.20,6.16,-0.37,34.50
1130,254357803,334.47,758.79,-640.14,-6.95,6.04,-1.04,34.36
1131,254361852,338.38,742.19,-633.79,-6.16,6.46,-1.89,34.50
1132,254365902,340.82,740.72,-637.70,-5.12,7.07,-2.44,34.50
1133,254369959,341.31,731.93,-641.11,-4.33,6.59,-2.80,34.12
1134,254374008,348.63,726.07,-645.02,-3.41,5.55,-3.29,34.50
1135,254379803,351.07,728.52,-651.86,-2.68,4.57,-3.48,34.50
1136,254383852,343.26,720.70,-655.76,-1.65,3.17,-3.54,34.40
1137,254387902,344.73,718.26,-655.27,-1.40,2.01,-3.72,34.40
1138,254391959,347.17,713.87,-655.27,-0.79,0.67,-3.41,34.21
1139,254396008,345.21,714.36,-653.32,-0.49,-0.43,-3.78,34.40
1140,254401803,354.00,710.94,-653.81,-0.37,-1.10,-4.09,34.12
1141,254405852,356.93,708.50,-644.04,-0.85,-1.65,-4.82,34.55
1142,254409902,357.91,703.61,-642.58,-0.98,-1.77,-5.06,34.50
1143,254413959,352.54,697.27,-635.25,-1.65,-1.40,-5.85,34.36
1144,254418008,345.70,695.31,-632.32,-2.01,-1.22,-6.65,34.36
1145,254423803,347.66,695.31,-625.98,-1.95,-1.22,-6.89,34.16
1146,254427852,344.24,691.41,-613.77,-1.77,-2.07,-6.95,34.16
1147,254431902,343.26,693.36,-609.38,-0.98,-3.05,-6.83,34.50
1148,254435959,338.38,695.80,-608.89,-0.55,-3.90,-7.32,34.40
1149,254440008,334.47,701.17,-603.52,-0.24,-4.76,-7.50,34.40
1150,254445803,338.87,699.22,-594.73,0.55,-5.73,-7.13,34.21
1151,254449852,341.31,698.73,-590.33,1.65,-6.40,-6.89,34.31
1152,254453902,345.70,704.59,-586.43,2.32,-6.83,-6.77,34.40
1153,254457959,348.63,699.71,-579.59,3.11,-7.13,-6.28,34.21
1154,254462008,346.68,698.73,-572.27,3.72,-7.20,-5.91,34.12
1155,254467803,352.54,706.05,-574.22,4.45,-7.26,-5.61,34.31
1156,254471852,357.91,715.33,-570.31,4.82,-7.56,-5.37,34.40
1157,254475902,366.21,716.80,-572.27,5.55,-7.56,-5.43,34.50
1158,254479959,372.07,719.24,-573.73,5.55,-7.32,-5.18,34.55
1159,254484008,370.61,720.70,-574.22,5.61,-6.10,-5.24,34.40
1160,254489803,375.49,716.31,-570.31,5.06,-5.37,-5.06,34.21
1161,254493852,375.49,724.61,-575.20,4.63,-4.27,-4.76,34.21
1162,254497902,366.21,719.73,-570.80,4.51,-3.72,-4.45,34.50
1163,254501959,366.70,716.31,-568.85,4.21,-2.99,-4.02,34.36
1164,254506008,365.72,712.40,-565.43,3.29,-1.83,-4.15,34.36
1165,254511803,362.30,709.96,-562.99,3.23,-1.34,-3.96,34.40
1166,254515852,363.28,708.01,-562.50,3.48,-1.28,-3.29,34.31
1167,254519902,360.84,705.08,-562.01,3.41,-1.71,-3.11,34.40
1168,254523959,364.75,706.05,-562.50,3.84,-2.07,-2.56,34.50
1169,254528008,357.91,703.61,-561.52,3.90,-2.50,-1.89,34.40
1170,254533803,356.45,705.57,-556.15,4.09,-3.29,-1.04,34.12
1171,254537852,359.86,702.64,-547.36,3.84,-3.84,-0.67,34.31
1172,254541902,357.91,706.05,-537.11,3.72,-4.02,-0.18,34.31
1173,254545959,363.77,704.10,-535.64,3.60,-3.96,-0.18,34.40
1174,254551803,368.65,708.50,-536.62,3.41,-3.54,0.12,34.21
1175,254555852,366.21,704.59,-539.06,2.56,-2.38,0.30,34.36
1176,254559902,374.51,703.61,-541.02,2.13,-1.28,0.18,34.31
1177,254563959,366.70,706.05,-542.48,2.20,-1.22,0.55,34.21
1178,254568008,361.82,707.52,-536.62,1.95,-1.34,0.98,34.40
1179,254573803,366.21,707.03,-536.62,1.95,-1.71,0.91,34.36
1180,254577852,364.75,700.68,-542.48,2.07,-2.01,1.22,34.40
1181,254581902,356.93,708.01,-551.27,1.65,-2.13,0.98,34.36
1182,254585959,356.93,708.01,-551.76,1.34,-1.83,0.85,34.21
1183,254590008,349.12,703.61,-547.85,0.73,-1.77,0.43,34.69
1184,254595803,358.40,705.08,-550.29,0.49,-1.95,0.79,34.31
1185,254599852,360.35,709.96,-552.25,0.00,-2.68,0.61,34.31
1186,254603902,368.16,709.47,-552.73,-0.37,-2.68,0.67,34.50
1187,254607959,375.49,710.45,-560.55,-0.73,-2.99,0.67,34.31
1188,254612008,373.05,713.87,-557.13,-1.22,-2.80,0.61,34.36
1189,254617803,375.98,713.87,-561.04,-1.77,-2.44,0.43,34.40
1190,254621852,380.37,710.94,-563.96,-2.44,-1.95,-0.18,34.36
1191,254625902,382.32,709.47,-558.11,-2.74,-1.34,-0.24,34.50
1192,254629959,383.79,709.47,-559.57,-3.17,-0.79,-0.91,34.36
1193,254634008,380.86,708.98,-561.52,-3.78,-0.61,-1.04,34.36
1194,254639803,376.46,709.96,-562.99,-3.90,-0.06,-1.40,34.16
1195,254643852,376.46,706.05,-558.11,-4.33,-0.06,-1.65,34.02
1196,254647902,376.95,707.52,-556.15,-4.21,-0.37,-1.71,34.21
1197,254651959,375.98,710.94,-553.71,-4.57,0.06,-2.07,34.40
1198,254656008,376.95,703.12,-560.55,-4.51,0.37,-2.01,34.31
1199,254661803,373.54,711.43,-559.08,-4.63,0.73,-2.07,34.36
1200,254665852,372.56,707.52,-560.55,-4.27,1.28,-2.13,34.12
1201,254669902,369.63,704.10,-560.06,-4.27,1.22,-2.68,34.50
1202,254673959,364.26,704.59,-566.41,-3.96,1.22,-2.56,34.40
1203,254678008,367.68,704.59,-570.80,-3.78,0.43,-2.74,34.31
1204,254683803,371.58,697.75,-577.64,-3.54,-0.49,-2.32,34.21
1205,254687852,378.91,702.64,-574.71,-3.23,-1.71,-2.44,34.50
1206,254691902,376.46,706.54,-578.61,-3.11,-1.65,-2.68,34.50
1207,254695959,376.95,707.52,-583.01,-3.41,-1.34,-2.93,34.36
1208,254700008,378.42,701.66,-581.54,-3.48,-0.61,-3.29,34.16
1209,254705803,377.93,701.17,-574.71,-3.60,-0.43,-3.35,34.40
1210,254709852,381.84,705.08,-580.08,-4.15,-0.55,-3.35,34.21
1211,254713902,379.39,708.50,-581.54,-3.96,-0.85,-3.54,34.50
1212,254717959,378.91,704.59,-581.05,-3.90,-1.04,-3.23,34.64
1213,254722008,378.91,706.05,-581.54,-3.84,-1.16,-3.54,34.40
1214,254727803,377.93,704.59,-575.20,-4.57,-1.10,-3.72,34.40
1215,254731852,379.88,703.12,-568.85,-4.27,-0.79,-4.39,34.40
1216,254735902,386.23,706.05,-567.38,-4.21,-0.73,-4.51,34.50
1217,254739959,385.74,715.82,-577.64,-4.51,-0.67,-4.88,34.21
1218,254744008,378.91,722.17,-579.59,-4.39,-0.79,-4.76,34.31
1219,254749803,382.81,727.54,-585.45,-4.63,-0.73,-4.76,34.12
1220,254753852,375.00,727.05,-581.54,-4.70,-0.49,-4.94,34.40
1221,254757902,374.02,730.47,-584.96,-5.00,-0.18,-5.06,34.12
1222,254761959,375.49,725.59,-584.96,-5.55,0.18,-5.37,34.50
1223,254767803,371.58,728.03,-584.47,-5.30,0.61,-5.30,34.40
1224,254771852,372.07,726.56,-583.98,-5.49,1.22,-5.43,34.50
1225,254775902,370.61,721.19,-583.98,-5.37,0.91,-5.73,34.36
1226,254779959,370.12,721.68,-584.47,-5.24,1.22,-5.85,34.21
1227,254784008,370.61,728.52,-585.45,-5.12,1.40,-5.91,34.69
1228,254788058,372.07,723.14,-585.94,-4.70,1.46,-5.85,34.31
1229,254793803,371.58,724.61,-586.91,-5.00,0.98,-5.98,34.55
1230,254797852,368.65,722.17,-588.87,-4.70,0.79,-5.98,34.36
1231,254801902,369.14,717.29,-590.33,-4.51,0.06,-6.22,34.21
1232,254805959,368.65,723.63,-592.77,-4.51,-0.55,-6.28,34.40
1233,254811803,369.14,722.17,-599.61,-4.57,-1.10,-6.16,34.50
1234,254815852,371.58,716.80,-591.31,-4.45,-2.32,-6.40,34.40
1235,254819902,372.56,714.84,-595.70,-4.51,-2.62,-6.46,34.64
1236,254823959,370.61,715.82,-587.40,-4.63,-2.87,-6.65,34.21
1237,254828008,367.19,715.33,-587.89,-4.63,-2.93,-6.59,34.31
1238,254833803,366.21,723.14,-582.52,-5.06,-2.74,-6.46,34.50
1239,254837852,368.16,727.05,-583.98,-4.94,-2.93,-6.83,34.50
1240,254841902,364.75,729.49,-583.01,-5.37,-3.11,-7.01,34.55
1241,254845959,361.82,729.00,-586.91,-5.37,-3.23,-6.71,34.50
1242,254850008,358.40,734.37,-582.03,-5.49,-3.17,-7.07,34.40
1243,254855803,361.33,727.54,-579.10,-5.30,-2.93,-7.62,34.31
1244,254859852,362.30,726.56,-580.08,-5.55,-2.32,-7.80,34.31
1245,254863902,356.93,726.07,-577.15,-5.24,-1.77,-7.93,34.40
1246,254867959,355.47,720.21,-575.20,-5.18,-1.10,-8.11,34.40
1247,254872008,355.47,720.70,-572.75,-5.06,-0.85,-8.66,34.50
1248,254877803,345.21,719.24,-571.78,-4.70,-0.73,-8.41,34.02
1249,254881852,341.31,717.29,-572.27,-4.15,-1.40,-8.05,34.21
1250,254885902,344.73,716.80,-571.29,-3.41,-1.52,-7.99,34.64
1251,254889959,346.19,722.66,-570.31,-2.74,-2.01,-7.26,34.36
1252,254894008,345.21,719.73,-575.68,-2.32,-2.62,-7.26,34.02
1253,254899803,342.77,714.36,-579.10,-2.07,-3.23,-7.07,34.31
1254,254903852,341.80,719.24,-584.47,-1.65,-4.02,-6.77,34.31
1255,254907902,344.24,713.87,-582.03,-1.65,-4.39,-7.01,34.40
1256,254911959,340.33,715.33,-578.12,-1.89,-4.76,-6.83,34.50
1257,254916008,343.26,717.77,-577.64,-1.83,-4.88,-6.89,34.21
1258,254921803,345.70,716.31,-570.80,-2.32,-4.27,-7.20,34.31
1259,254925852,347.66,717.29,-563.96,-2.32,-4.21,-7.13,34.21
1260,254929902,346.68,717.29,-559.08,-2.62,-4.21,-7.01,34.50
1261,254933959,339.84,722.17,-562.01,-2.56,-4.33,-7.26,34.55
1262,254938008,340.33,723.63,-561.04,-2.93,-4.57,-7.13,34.40
1263,254943803,340.33,726.56,-554.20,-2.62,-4.88,-7.20,34.50
1264,254947852,339.36,730.96,-550.78,-2.74,-5.43,-7.01,34.36
1265,254951902,339.84,736.33,-544.92,-2.99,-4.94,-7.07,34.40
1266,254955959,346.19,740.23,-534.67,-2.87,-4.70,-6.71,34.40
1267,254960008,346.19,742.68,-527.34,-3.29,-4.15,-6.65,34.31
1268,254965803,346.68,741.70,-521.48,-3.35,-3.54,-6.40,34.36
1269,254969852,346.19,738.77,-521.48,-3.72,-2.87,-6.22,34.36
1270,254973902,352.05,743.16,-521.48,-3.72,-2.07,-5.98,34.31
1271,254977959,344.24,742.68,-523.93,-3.84,-1.46,-5.67,34.64
1272,254982008,341.80,733.40,-533.69,-3.96,-0.61,-5.98,34.36
1273,254987803,337.89,737.79,-536.13,-3.90,-0.12,-5.79,34.36
1274,254991852,336.43,731.93,-544.43,-3.84,0.06,-5.00,34.50
1275,254995902,336.91,731.45,-545.41,-3.72,0.12,-4.82,34.12
1276,254999959,333.01,727.54,-550.29,-3.54,-0.49,-4.33,34.50
1277,255005803,326.66,720.70,-555.66,-3.35,-1.34,-3.84,34.64
1278,255009852,333.50,720.70,-559.08,-2.80,-2.01,-3.60,34.69
1279,255013902,333.01,720.21,-563.48,-2.87,-3.05,-3.48,34.36
1280,255017959,335.45,712.40,-560.55,-2.74,-3.48,-3.11,34.21
1281,255022008,336.91,717.29,-561.04,-2.38,-3.84,-2.87,34.50
1282,255027803,342.77,713.38,-564.94,-2.20,-4.15,-2.93,34.40
1283,255031852,344.73,711.91,-557.13,-2.20,-3.96,-2.80,34.36
1284,255035902,356.93,726.07,-550.29,-2.01,-3.72,-2.74,34.40
1285,255039959,356.45,724.12,-557.62,-1.89,-3.41,-2.62,34.16
1286,255044008,360.84,730.96,-559.57,-2.44,-3.05,-2.74,34.50
1287,255049803,358.89,729.98,-557.62,-2.44,-2.62,-2.56,34.50
1288,255053852,354.49,730.47,-561.52,-2.62,-2.20,-2.68,34.50
1289,255057902,359.37,727.05,-557.62,-2.93,-1.89,-2.56,34.50
1290,255061959,355.96,729.98,-559.57,-2.56,-0.98,-2.87,34.40
1291,255066008,361.33,725.10,-558.11,-2.68,-0.30,-2.87,34.69
1292,255071803,351.07,732.42,-560.06,-2.93,-0.18,-3.11,34.31
1293,255075852,352.54,739.26,-562.50,-2.74,-0.06,-2.93,34.64
1294,255079902,358.40,739.75,-563.96,-2.93,0.24,-3.23,34.64
1295,255083959,356.45,735.35,-565.92,-2.93,0.98,-3.48,34.31
1296,255088008,350.59,735.84,-563.48,-3.54,1.34,-3.60,34.50
1297,255093803,345.70,728.52,-567.87,-3.54,2.01,-4.02,34.21
1298,255097852,335.45,721.68,-565.92,-3.78,2.68,-4.27,34.21
1299,255101902,328.12,726.56,-573.73,-3.90,3.05,-4.27,34.36
1300,255105959,329.59,723.63,-572.27,-3.54,3.05,-4.21,34.40
1301,255110008,319.82,722.17,-574.22,-3.29,2.38,-3.96,34.02
1302,255115803,315.92,723.63,-572.75,-2.93,1.52,-3.90,34.12
1303,255119852,313.48,724.12,-575.68,-2.38,0.43,-3.48,34.50
1304,255123902,313.48,731.45,-569.82,-1.89,-0.18,-3.29,34.40
1305,255127959,316.41,732.42,-562.50,-1.28,-0.43,-2.87,34.40
1306,255132008,316.89,734.86,-564.45,-0.73,-0.73,-2.99,34.12
1307,255137803,324.71,732.91,-562.01,-0.67,-0.73,-3.48,34.40
1308,255141852,321.78,736.33,-566.89,-0.43,-0.73,-3.48,34.50
1309,255145902,320.31,738.28,-564.94,-0.61,-0.85,-3.23,34.40
1310,255149959,325.68,737.79,-565.43,-0.37,-0.61,-3.54,34.21
1311,255154008,319.34,735.84,-565.43,-0.43,-0.67,-3.35,34.21
1312,255159803,317.38,738.28,-558.59,-0.55,-0.49,-3.41,34.55
1313,255163852,313.48,744.14,-556.15,-0.37,0.00,-3.17,34.40
1314,255167902,317.87,736.33,-553.71,-0.49,0.06,-3.78,34.40
1315,255171959,317.87,741.21,-554.69,-0.79,-0.30,-3.66,34.50
1316,255176008,318.36,744.14,-549.80,-0.85,-0.43,-3.90,34.64
1317,255181803,321.29,743.65,-555.18,-0.91,-0.24,-3.96,34.40
1318,255185852,321.78,742.68,-550.29,-0.98,-0.55,-4.21,34.40
1319,255189902,315.43,744.14,-545.41,-1.28,-0.79,-4.21,34.21
1320,255193959,317.87,745.61,-551.76,-1.46,-0.91,-4.21,34.31
1321,255198008,320.31,744.14,-548.34,-1.40,-0.73,-4.21,34.40
1322,255203803,316.41,738.28,-550.29,-1.16,-0.85,-4.33,34.83
1323,255207852,316.41,747.07,-549.32,-1.59,-0.85,-4.39,34.55
1324,255211902,316.41,754.39,-555.18,-1.89,-0.24,-4.57,34.40
1325,255215959,316.89,751.95,-553.22,-1.52,-0.91,-4.57,34.40
1326,255221803,321.78,752.44,-548.34,-2.01,-1.22,-4.39,34.36
1327,255225852,316.89,759.77,-551.27,-2.07,-0.67,-4.63,34.31
1328,255229902,319.34,756.84,-547.85,-2.44,-0.06,-4.70,34.64
1329,255233959,312.50,759.77,-547.85,-2.38,0.00,-4.63,34.21
1330,255238008,312.50,758.30,-550.29,-2.50,0.61,-4.76,34.69
1331,255243803,313.96,755.86,-544.92,-2.56,0.73,-4.94,34.64
1332,255247852,310.06,758.79,-550.78,-2.26,0.55,-4.63,34.55
1333,255251902,318.36,751.46,-551.27,-2.01,0.37,-4.82,34.31
1334,255255959,314.94,749.02,-551.27,-1.77,-0.30,-4.88,34.16
1335,255260008,315.92,743.16,-551.76,-1.46,-0.24,-4.82,34.69
1336,255265803,310.55,750.49,-551.76,-1.52,-1.04,-4.94,34.31
1337,255269852,315.43,737.79,-554.20,-1.83,-1.16,-5.06,34.40
1338,255273902,321.29,734.37,-554.69,-1.77,-0.79,-5.24,34.40
1339,255277959,320.31,740.72,-549.80,-1.52,-0.98,-5.30,34.21
1340,255282008,321.78,743.65,-546.88,-1.83,-0.73,-5.37,34.88
1341,255287803,325.20,737.30,-553.71,-1.95,-0.67,-5.43,34.64
1342,255291852,329.10,747.56,-554.69,-1.71,-0.79,-5.98,34.55
1343,255295902,329.10,744.14,-554.69,-1.65,-0.91,-5.79,34.55
1344,255299959,339.36,741.70,-554.20,-1.95,-0.73,-5.91,34.40
1345,255304008,334.96,738.77,-555.18,-2.13,-0.06,-6.16,34.16
1346,255309803,334.96,743.16,-554.20,-2.32,0.73,-6.59,34.40
1347,255313852,333.01,744.63,-553.71,-2.32,1.28,-6.52,34.21
1348,255317902,332.03,745.12,-551.76,-2.13,1.52,-6.46,34.50
1349,255321959,331.05,747.07,-553.22,-2.38,1.83,-6.65,34.50
1350,255326008,326.17,751.95,-553.22,-2.07,1.52,-6.46,34.40
1351,255331803,324.22,751.95,-554.20,-1.95,1.28,-6.34,34.40
1352,255335852,321.78,747.56,-556.15,-1.77,0.49,-5.67,34.31
1353,255339902,319.82,744.63,-563.48,-1.28,0.30,-5.43,34.40
1354,255343959,323.24,749.51,-558.11,-0.61,-0.12,-5.18,34.40
1355,255348008,323.73,747.56,-555.66,-0.73,0.49,-5.12,33.97
1356,255353803,322.75,742.68,-558.11,-0.67,0.43,-5.12,34.40
1357,255357852,324.22,742.68,-554.69,-0.61,1.04,-5.55,34.21
1358,255361902,321.78,737.79,-556.64,-0.49,1.40,-5.24,34.40
1359,255365959,319.82,739.75,-561.04,-0.79,1.77,-5.79,34.55
1360,255370008,322.27,736.82,-555.66,-0.55,1.83,-5.61,34.21
1361,255375803,320.80,735.35,-562.99,-0.55,2.13,-5.61,34.36
1362,255379852,317.87,728.52,-561.52,-0.30,1.89,-5.55,34.64
1363,255383902,316.89,734.86,-561.04,-0.12,2.01,-5.61,34.31
1364,255387959,319.34,733.89,-561.04,0.18,1.65,-5.67,34.40
1365,255392008,325.20,734.86,-563.48,0.55,1.40,-5.73,34.36
1366,255397803,325.20,735.84,-566.89,0.73,0.98,-5.55,34.36
1367,255401852,327.64,732.42,-571.29,1.10,0.24,-5.43,34.36
1368,255405902,328.61,735.84,-571.78,1.28,0.06,-5.61,34.40
1369,255409959,331.05,735.84,-571.29,1.59,-0.37,-5.43,34.74
1370,255414008,332.03,735.84,-565.92,1.59,-0.73,-5.43,34.50
1371,255419803,326.66,734.37,-563.48,1.28,-0.61,-5.43,34.40
1372,255423852,328.12,736.82,-558.59,1.40,-0.55,-4.82,34.50
1373,255427902,327.15,739.75,-557.13,1.22,-0.24,-4.76,34.31
1374,255431959,328.12,738.28,-555.66,0.98,-0.12,-4.39,34.64
1375,255437803,327.15,743.16,-556.64,0.67,-0.24,-4.33,34.64
1376,255441852,328.61,738.28,-557.13,0.85,0.18,-3.78,34.50
1377,255445902,324.71,734.86,-552.73,0.55,0.43,-3.66,34.55
1378,255449959,320.31,737.79,-556.64,0.30,0.98,-3.72,34.36
1379,255454008,320.31,736.33,-549.80,0.24,1.40,-3.78,34.21
1380,255458058,318.36,735.84,-545.41,0.00,1.22,-3.35,34.50
1381,255463803,315.43,732.91,-546.39,-0.06,1.22,-3.17,34.55
1382,255467852,318.85,732.91,-556.64,0.24,1.10,-2.62,34.40
1383,255471902,310.55,733.89,-551.76,-0.06,1.28,-2.26,34.12
1384,255475959,312.50,727.54,-553.71,-0.49,1.34,-2.32,34.36
1385,255481803,312.99,729.98,-549.32,-0.55,1.52,-1.71,34.50
1386,255485852,306.64,724.61,-550.78,-0.49,1.52,-1.46,34.50
1387,255489902,306.64,725.59,-544.43,-0.43,1.28,-1.04,34.50
1388,255493959,312.99,726.07,-551.27,-0.55,0.85,-0.91,34.40
1389,255498008,309.57,728.03,-551.27,-0.49,0.49,-0.49,34.50
1390,255503803,313.96,734.86,-550.78,-0.30,0.06,-0.12,34.69
1391,255507852,313.96,740.23,-550.29,-0.24,-0.06,-0.12,34.40
1392,255511902,316.41,740.23,-552.73,-0.18,-0.18,-0.06,34.64
1393,255515959,317.38,740.23,-555.66,-0.55,0.00,-0.18,34.31
1394,255520008,320.31,740.23,-558.59,-0.79,0.24,0.06,34.31
1395,255525803,321.78,733.40,-557.13,-0.98,0.61,-0.24,34.50
1396,255529852,322.75,736.33,-555.18,-1.71,1.46,-0.43,34.21
1397,255533902,320.31,738.28,-558.59,-2.07,1.83,-0.49,34.50
1398,255537959,322.75,739.26,-554.20,-2.32,2.01,-0.55,34.21
1399,255542008,317.87,741.70,-558.11,-2.20,2.20,-0.79,34.64
1400,255547803,314.45,741.21,-558.59,-2.20,1.83,-0.85,34.31
1401,255551852,314.45,739.26,-554.20,-2.32,1.77,-0.30,34.40
1402,255555902,316.89,738.77,-561.04,-2.44,1.34,-0.55,34.64
1403,255559959,309.57,737.30,-558.59,-1.95,0.73,-0.43,34.40
1404,255564008,310.55,737.30,-564.94,-1.89,0.49,-0.18,34.21
1405,255569803,303.22,740.72,-562.50,-1.59,-0.12,-0.06,34.50
1406,255573852,307.13,742.68,-555.18,-1.40,-0.91,0.37,34.21
1407,255577902,309.57,744.14,-556.15,-1.34,-1.22,0.06,34.50
1408,255581959,307.13,749.02,-559.57,-1.22,-1.71,0.30,34.40
1409,255586008,312.01,750.49,-560.55,-0.91,-2.20,0.55,34.31
1410,255591803,315.43,752.44,-562.01,-1.16,-1.89,0.30,34.21
1411,255595852,318.36,758.79,-556.64,-1.40,-1.34,0.30,34.36
1412,255599902,312.50,752.93,-554.20,-1.65,-1.04,0.24,34.31
1413,255603959,314.45,755.86,-554.69,-2.01,-0.73,0.06,34.55
1414,255608008,312.01,752.93,-555.18,-2.13,-0.24,0.00,34.12
1415,255613803,314.45,754.39,-556.64,-2.26,0.43,0.00,34.64
1416,255617852,315.43,754.88,-555.18,-2.26,0.37,0.06,34.40
1417,255621902,310.06,754.88,-556.15,-2.01,-0.12,0.37,34.40
1418,255625959,305.66,760.25,-561.52,-2.01,-0.18,0.24,34.50
1419,255630008,307.13,755.86,-559.57,-1.89,-0.79,0.24,34.40
1420,255635803,316.89,752.44,-564.45,-1.89,-1.22,0.12,34.21
1421,255639852,321.29,757.32,-567.38,-1.95,-0.91,0.18,34.50
1422,255643902,321.29,750.00,-566.89,-1.83,-0.79,0.06,34.31
1423,255647959,319.82,752.93,-560.55,-2.26,-0.43,-0.30,34.50
1424,255652008,324.22,757.32,-566.41,-2.56,-0.24,-0.49,34.40
1425,255657803,321.78,757.32,-561.04,-2.50,-0.06,-0.85,34.50
1426,255661852,323.24,756.84,-563.96,-2.44,-0.12,-0.61,34.55
1427,255665902,319.34,759.77,-568.36,-2.44,-0.12,-0.85,34.16
1428,255669959,313.96,763.18,-565.92,-2.38,-0.61,-1.04,34.40
1429,255675803,320.80,755.86,-566.41,-2.32,-0.61,-1.34,34.40
1430,255679852,319.34,759.77,-566.89,-2.50,-0.91,-1.71,34.31
1431,255683902,322.27,754.88,-563.48,-2.44,-0.79,-1.83,34.40
1432,255687959,317.38,758.30,-565.43,-2.74,-0.98,-2.13,34.36
1433,255692008,317.38,750.98,-566.89,-2.68,-0.79,-2.20,34.40
1434,255697803,312.99,753.91,-568.36,-2.44,-0.73,-2.38,34.40
1435,255701852,309.08,755.86,-562.99,-2.44,-0.61,-2.44,34.50
1436,255705902,307.62,755.37,-557.62,-2.50,0.12,-2.74,34.02
1437,255709959,308.11,751.46,-559.08,-2.50,0.18,-3.05,34.02
1438,255714008,304.69,748.05,-562.01,-2.07,-0.30,-2.93,34.64
1439,255719803,306.15,750.98,-560.55,-2.13,-0.30,-2.99,34.50
1440,255723852,299.32,750.98,-562.01,-1.59,-0.79,-2.74,34.55
1441,255727902,303.22,754.88,-561.04,-1.40,-0.79,-3.05,34.50
1442,255731959,301.27,750.00,-563.96,-1.28,-1.04,-2.93,34.40
1443,255736008,302.25,754.39,-562.99,-0.85,-0.98,-3.54,34.36
1444,255741803,305.66,755.37,-562.50,-0.98,-1.40,-3.17,34.55
1445,255745852,303.71,752.44,-559.57,-0.85,-1.65,-2.99,34.21
1446,255749902,299.80,750.98,-561.04,-0.61,-1.89,-3.05,34.40
1447,255753959,297.36,751.95,-557.62,-0.73,-1.89,-2.74,34.64
1448,255758008,304.20,754.39,-562.99,-0.85,-1.71,-2.93,34.55
1449,255763803,301.27,750.00,-555.66,-0.73,-1.34,-2.93,34.40
1450,255767852,301.27,750.49,-555.66,-0.79,-1.34,-2.99,34.21
1451,255771902,303.71,750.49,-555.66,-0.37,-1.71,-2.99,34.40
1452,255775959,305.18,751.46,-563.96,-0.24,-1.89,-2.62,34.36
1453,255780008,302.73,759.28,-561.52,0.12,-2.56,-2.32,34.21
1454,255785803,306.64,758.79,-562.50,0.30,-2.93,-2.13,34.12
1455,255789852,306.64,752.93,-558.59,0.24,-2.50,-2.50,34.36
1456,255793902,310.06,752.93,-556.15,-0.24,-2.20,-2.56,34.40
1457,255797959,308.11,751.46,-559.08,-0.37,-1.65,-2.99,34.50
1458,255802008,307.62,750.00,-557.62,-0.30,-1.28,-2.74,34.31
1459,255807803,310.06,752.44,-557.13,-0.49,-1.10,-2.93,34.12
1460,255811852,307.13,750.00,-551.27,-0.55,-0.98,-2.87,34.40
1461,255815902,305.18,751.46,-555.66,-0.37,-1.28,-2.99,34.50
1462,255819959,303.22,752.93,-553.22,-0.55,-1.71,-3.23,34.50
1463,255824008,308.11,753.42,-557.62,-0.24,-2.26,-3.05,34.31
1464,255829803,309.57,753.42,-559.08,-0.18,-2.56,-3.11,34.40
1465,255833852,310.55,749.02,-553.71,-0.43,-2.38,-3.17,34.64
1466,255837902,308.11,749.51,-552.73,-0.79,-2.26,-2.99,34.21
1467,255841959,305.18,750.49,-551.76,-0.98,-1.83,-3.11,34.50
1468,255846008,306.15,748.05,-548.34,-1.10,-1.71,-3.17,34.40
1469,255851803,303.22,754.88,-548.34,-1.16,-1.34,-3.35,34.40
1470,255855852,304.69,757.32,-552.73,-1.16,-1.83,-3.23,34.40
1471,255859902,300.78,753.42,-549.80,-1.22,-2.26,-3.11,34.31
1472,255863959,303.22,750.49,-553.71,-1.28,-2.32,-2.99,34.64
1473,255868008,301.76,751.46,-548.83,-1.40,-2.44,-3.17,34.50
1474,255873803,301.76,749.51,-549.32,-1.40,-2.13,-3.05,34.55
1475,255877852,301.76,749.51,-543.46,-1.65,-1.71,-3.17,34.36
1476,255881902,301.27,747.07,-544.92,-1.65,-1.59,-3.17,34.12
1477,255885959,297.36,753.42,-551.27,-1.65,-1.16,-2.80,34.64
1478,255891803,298.34,760.25,-542.97,-1.71,-1.59,-2.74,34.40
1479,255895852,298.83,757.32,-551.76,-1.46,-1.89,-2.32,34.40
1480,255899902,302.73,750.00,-554.20,-1.65,-1.89,-2.20,34.40
1481,255903959,299.80,752.93,-556.64,-1.83,-1.83,-2.32,34.36
1482,255908008,298.83,747.56,-555.18,-1.52,-1.22,-2.07,34.40
1483,255913803,301.27,752.44,-555.66,-1.34,-1.77,-1.95,34.50
1484,255917852,301.27,750.98,-559.08,-0.85,-2.38,-1.46,34.50
1485,255921902,302.25,746.09,-559.08,-1.04,-2.32,-1.10,34.74
1486,255925959,309.57,745.12,-558.11,-0.73,-2.62,-1.28,34.36
1487,255930008,305.18,745.12,-554.20,-0.61,-2.56,-1.34,34.31
1488,255935803,305.18,747.56,-558.59,-0.55,-2.32,-1.40,34.16
1489,255939852,306.64,745.12,-561.52,-0.30,-1.83,-1.22,34.50
1490,255943902,304.69,745.12,-565.92,-0.18,-1.77,-1.16,34.55
1491,255947959,307.13,742.19,-567.87,0.00,-1.40,-1.22,34.40
1492,255952008,306.64,738.28,-565.43,0.00,-1.52,-0.98,34.64
1493,255957803,299.32,741.21,-569.34,0.37,-2.07,-0.79,34.40
1494,255961852,303.22,742.68,-570.31,1.04,-2.74,-0.61,34.40
1495,255965902,307.13,748.05,-568.36,1.28,-2.99,-0.30,34.50
1496,255969959,309.57,745.12,-567.38,1.52,-3.35,-0.24,34.40
1497,255974008,307.62,745.12,-562.01,1.40,-3.11,-0.49,34.50
1498,255979803,307.62,744.14,-553.71,1.59,-2.68,-0.79,34.40
1499,255983852,302.25,749.02,-554.20,1.83,-1.89,-0.61,34.16
1500,255987902,303.22,744.63,-550.29,1.59,-1.65,-0.91,34.50
1501,255991959,301.76,747.56,-551.76,1.52,-1.34,-0.91,34.40
1502,255996008,300.29,752.44,-549.32,1.59,-0.85,-0.79,34.40
1503,256001803,295.90,752.44,-546.88,1.40,-0.85,-0.55,34.21
1504,256005852,294.43,750.00,-548.34,1.59,-1.22,-0.67,34.21
1505,256009902,297.85,751.95,-551.76,1.52,-1.04,-0.30,34.40
1506,256013959,299.32,748.05,-549.80,1.40,-0.91,-0.37,34.40
1507,256018008,295.41,744.14,-549.80,1.22,-0.73,-0.30,34.21
1508,256023803,296.88,747.56,-547.85,1.16,-0.49,-0.18,34.31
1509,256027852,291.99,750.49,-553.22,0.98,-0.49,-0.43,34.36
1510,256031902,287.60,749.51,-549.32,1.16,-0.91,-0.24,34.40
1511,256035959,288.09,752.44,-550.29,1.04,-1.10,-0.18,34.40
1512,256040008,292.97,750.49,-547.85,0.91,-1.65,-0.06,34.31
1513,256045803,289.55,751.46,-551.76,0.91,-1.77,0.06,34.50
1514,256049852,293.95,750.00,-543.95,0.61,-1.40,0.18,34.50
1515,256053902,295.41,748.05,-544.92,0.30,-0.79,-0.18,34.50
1516,256057959,299.80,751.95,-545.41,0.06,-0.73,0.12,34.40
1517,256062008,288.57,753.91,-546.88,0.18,-0.91,-0.24,34.12
1518,256067803,291.02,751.46,-548.34,0.00,-1.16,-0.24,34.21
1519,256071852,291.50,754.39,-550.29,0.00,-1.04,-0.18,34.31
1520,256075902,289.55,746.58,-550.29,-0.12,-1.22,-0.24,34.40
1521,256079959,290.53,749.51,-554.20,-0.12,-1.40,-0.06,34.40
1522,256084008,292.48,751.46,-553.22,-0.43,-1.16,-0.43,34.50
1523,256089803,293.46,750.00,-551.76,-0.55,-1.16,-0.37,34.64
1524,256093852,288.09,750.49,-555.18,-0.73,-1.28,-0.55,34.50
1525,256097902,292.48,751.46,-550.29,-0.98,-1.22,-0.49,34.40
1526,256101959,291.02,748.54,-548.34,-0.79,-0.91,-0.55,34.55
1527,256107803,293.46,751.46,-548.34,-0.91,-1.16,-0.73,34.50
1528,256111852,287.11,750.49,-545.41,-1.04,-0.91,-0.43,34.40
1529,256115902,287.11,756.35,-545.90,-0.85,-1.04,-0.61,34.50
1530,256119959,290.53,750.98,-544.92,-0.98,-1.04,-0.18,34.12
1531,256124008,290.04,753.42,-546.39,-1.04,-0.49,-0.30,34.55
1532,256129803,288.09,750.98,-551.27,-0.79,-0.43,-0.30,34.50
1533,256133852,291.50,750.00,-551.76,-0.91,-0.43,-0.24,34.64
1534,256137902,290.53,750.49,-553.71,-0.55,-0.98,-0.06,34.31
1535,256141959,288.57,750.98,-546.39,-0.55,-0.73,-0.18,34.36
1536,256146008,292.48,752.93,-549.32,-0.61,-0.98,-0.12,34.40
1537,256151803,294.92,752.44,-548.83,-0.67,-0.67,-0.12,34.50
1538,256155852,299.32,750.00,-548.34,-0.98,-0.73,-0.18,34.64
1539,256159902,296.39,754.88,-544.43,-1.10,-0.18,-0.37,34.55
1540,256163959,298.83,749.02,-550.78,-1.04,0.00,-0.55,34.31
1541,256168008,301.27,747.56,-549.80,-1.22,0.30,-0.49,34.40
1542,256173803,302.25,755.37,-551.27,-1.34,0.43,-0.61,34.50
1543,256177852,303.71,753.91,-553.71,-1.34,0.49,-0.18,34.36
1544,256181902,302.25,758.79,-551.27,-1.22,0.67,-0.18,34.55
1545,256185959,300.78,761.23,-552.73,-1.46,0.37,0.06,34.50
1546,256190008,305.66,762.21,-550.78,-1.22,0.73,-0.24,34.64
1547,256195803,308.59,760.74,-550.29,-1.71,0.85,-0.06,34.55
1548,256199852,309.57,764.65,-554.20,-1.77,1.34,-0.24,34.36
1549,256203902,310.06,756.35,-560.06,-2.20,1.34,-0.55,34.40
1550,256207959,301.76,757.81,-563.48,-1.89,1.59,-0.85,34.64
1551,256212008,297.36,758.30,-562.01,-2.13,1.65,-0.73,34.36
1552,256217803,302.25,750.49,-562.99,-2.20,1.59,-0.73,34.21
1553,256221852,304.20,746.09,-556.15,-2.20,1.65,-0.49,34.31
1554,256225902,299.80,753.42,-560.55,-2.13,1.59,-0.73,34.40
1555,256229959,296.39,750.00,-557.13,-2.20,1.46,-0.91,34.40
1556,256234008,294.43,746.09,-558.59,-1.95,1.52,-1.22,34.40
1557,256239803,292.97,749.02,-557.13,-1.89,1.34,-1.46,34.31
1558,256243852,297.85,746.58,-561.04,-1.77,1.65,-1.52,34.50
1559,256247902,293.46,744.14,-560.06,-1.59,1.65,-1.89,34.50
1560,256251959,290.53,744.14,-557.62,-1.59,1.46,-1.59,34.55
1561,256256008,288.09,744.14,-557.13,-1.46,1.28,-1.52,34.21
1562,256261803,291.02,744.63,-555.66,-1.04,0.91,-1.46,34.55
1563,256265852,286.62,745.12,-559.08,-0.91,0.18,-1.46,34.55
1564,256269902,293.46,750.49,-559.08,-0.98,-0.12,-1.04,34.31
1565,256273959,293.46,751.46,-559.57,-0.55,-0.24,-0.79,34.36
1566,256278008,291.99,750.98,-558.59,-0.73,-0.12,-0.79,34.50
1567,256283803,291.50,747.56,-556.15,-0.85,0.18,-0.79,34.36
1568,256287852,291.99,755.86,-558.59,-0.79,0.49,-0.43,34.40
1569,256291902,288.09,755.37,-562.50,-0.55,0.49,-0.30,34.50
1570,256295959,289.06,758.79,-559.57,-0.61,0.37,0.00,34.50
1571,256300008,289.55,759.28,-562.01,-0.67,0.79,0.00,34.40
1572,256305803,291.50,749.51,-560.55,-0.85,0.85,0.24,34.16
1573,256309852,290.53,751.46,-557.62,-1.04,1.34,0.37,34.40
1574,256313902,296.88,751.95,-558.59,-1.16,1.71,0.55,34.31
1575,256317959,286.62,751.46,-562.01,-0.73,2.01,0.85,34.64
1576,256322008,285.64,751.46,-557.13,-0.79,1.46,0.91,34.40
1577,256327803,285.16,750.98,-554.20,-0.49,1.22,0.85,34.21
1578,256331852,291.02,746.58,-558.11,0.00,0.30,1.10,34.12
1579,256335902,290.04,746.58,-562.01,0.24,0.18,1.59,34.21
1580,256339959,295.41,743.65,-563.48,0.30,-0.24,1.65,34.50
1581,256345803,301.76,746.58,-560.55,0.49,-0.12,1.89,34.64
1582,256349852,301.76,750.98,-562.01,0.30,-0.12,1.71,34.21
1583,256353902,303.71,750.00,-564.45,0.43,-0.12,1.65,34.55
1584,256357959,303.71,744.63,-564.45,0.06,-0.18,1.52,34.31
1585,256362008,306.15,750.00,-561.52,0.12,0.24,1.16,34.50
1586,256367803,306.15,746.58,-563.48,-0.18,0.85,1.16,34.40
1587,256371852,306.15,748.54,-565.43,-0.24,0.91,0.91,34.40
1588,256375902,301.76,750.00,-562.99,-0.24,0.91,0.55,34.55
1589,256379959,304.69,745.61,-560.06,-0.12,0.85,0.61,34.31
1590,256384008,299.80,748.54,-561.52,0.00,0.30,0.49,34.55
1591,256389803,301.27,756.84,-553.71,0.00,0.00,0.55,34.40
1592,256393852,303.71,756.35,-557.13,0.30,-0.73,0.67,34.40
1593,256397902,301.76,757.81,-554.69,0.49,-0.79,0.67,34.36
1594,256401959,308.59,757.81,-559.08,0.30,-0.91,0.61,34.40
1595,256406008,308.11,760.74,-550.78,0.06,-0.43,0.43,34.64
1596,256411803,311.52,763.18,-549.80,-0.43,0.24,0.37,34.55
1597,256415852,305.18,759.77,-553.71,-0.91,1.10,0.00,34.31
1598,256419902,304.20,755.86,-560.55,-1.16,1.40,-0.12,34.69
1599,256423959,303.22,760.74,-559.57,-1.65,1.83,-0.49,34.40
1600,256428008,302.25,755.86,-555.66,-1.59,1.83,-0.55,34.55
1601,256433803,297.36,758.79,-554.69,-1.77,1.83,-0.30,34.31
1602,256437852,298.34,760.25,-559.08,-1.52,1.83,-0.24,34.31
1603,256441902,295.41,753.42,-557.62,-1.59,1.59,-0.06,34.64
1604,256445959,290.04,755.86,-559.08,-1.52,1.34,-0.24,34.40
1605,256450008,292.48,757.32,-554.69,-1.46,0.79,-0.30,34.31
1606,256455803,297.85,753.42,-557.62,-1.10,0.61,-0.12,34.31
1607,256459852,296.39,750.00,-558.11,-1.28,0.12,0.43,34.50
1608,256463902,295.41,753.42,-559.08,-0.98,0.06,0.18,34.50
1609,256467959,291.50,755.37,-560.06,-0.98,-0.37,0.55,34.36
1610,256472008,297.85,758.79,-557.62,-0.79,-0.49,0.49,34.31
1611,256477803,294.92,753.42,-562.01,-0.43,-1.04,0.49,34.50
1612,256481852,299.80,755.86,-560.06,-0.55,-1.22,0.43,34.40
1613,256485902,304.20,757.81,-559.08,-0.61,-1.40,0.30,34.55
1614,256489959,306.15,752.93,-561.52,-0.79,-1.34,0.00,34.31
1615,256494008,309.08,750.49,-560.06,-0.98,-0.49,-0.61,34.40
1616,256499803,310.55,744.14,-569.34,-1.89,0.24,-0.79,34.31
1617,256503852,306.15,745.61,-567.38,-1.95,1.16,-0.98,34.55
1618,256507902,302.25,742.68,-567.38,-1.95,1.28,-1.10,34.74
1619,256511959,298.83,743.65,-561.04,-1.65,1.22,-0.91,34.40
1620,256516008,302.25,745.61,-559.08,-1.46,0.49,-0.43,34.55
1621,256521803,296.88,747.07,-561.52,-1.34,-0.55,-0.37,34.40
1622,256525852,300.78,746.09,-556.64,-0.98,-1.04,-0.30,34.50
1623,256529902,303.22,747.56,-558.59,-0.85,-0.61,-0.67,34.36
1624,256533959,308.59,747.56,-562.50,-1.10,-0.73,-0.55,34.50
1625,256538008,306.64,747.07,-561.52,-0.98,-0.43,-0.43,34.40
1626,256543803,298.83,747.56,-565.92,-0.98,-0.24,-0.24,34.64
1627,256547852,302.25,744.14,-559.57,-0.91,-0.30,0.00,34.69
1628,256551902,292.97,748.05,-557.62,-1.10,-0.49,0.00,34.21
1629,256555959,295.90,747.07,-556.64,-1.04,-0.85,0.37,34.31
1630,256561803,297.85,751.46,-552.25,-0.79,-0.91,0.67,34.50
1631,256565852,298.34,753.42,-549.80,-0.85,-0.61,0.61,34.40
1632,256569902,298.83,752.93,-547.85,-1.34,-0.18,0.67,34.40
1633,256573959,299.32,749.51,-552.73,-1.59,0.18,0.37,34.40
1634,256578008,291.50,749.02,-552.73,-1.34,0.61,0.37,34.31
1635,256583803,294.92,748.54,-555.66,-1.40,-0.06,0.24,34.74
1636,256587852,296.88,752.93,-557.13,-1.04,-0.55,0.91,34.64
1637,256591902,299.32,749.51,-558.11,-1.10,-0.85,1.16,34.64
1638,256595959,296.39,750.49,-551.76,-1.10,-1.16,1.40,34.31
1639,256600008,301.27,751.46,-549.80,-0.67,-1.16,1.28,34.50
1640,256605803,296.88,752.44,-545.90,-0.61,-1.46,1.28,34.64
1641,256609852,304.20,751.95,-550.78,-0.91,-1.40,1.46,34.55
1642,256613902,307.62,752.93,-552.25,-0.67,-1.52,1.40,34.40
1643,256617959,307.13,754.39,-551.76,-1.04,-0.85,1.52,34.40
1644,256622008,308.11,750.00,-556.64,-1.28,-0.55,1.22,34.64
1645,256627803,308.59,749.51,-555.66,-1.28,-0.06,1.16,34.50
1646,256631852,306.64,742.68,-554.69,-1.46,0.12,1.10,34.40
1647,256635902,300.29,751.46,-556.15,-1.46,-0.06,1.22,34.40
1648,256639959,302.25,748.54,-559.57,-1.34,-0.18,0.98,34.40
1649,256644008,303.22,751.46,-560.55,-1.65,-0.30,1.28,34.40
1650,256649803,302.25,755.86,-558.59,-1.59,-0.79,1.16,34.31
1651,256653852,302.73,754.88,-555.66,-1.34,-1.16,1.40,34.21
1652,256657902,303.71,757.32,-555.66,-1.46,-1.16,1.04,34.55
1653,256661959,301.27,752.93,-561.04,-1.46,-0.91,0.85,34.69
1654,256666008,302.25,752.93,-551.27,-1.77,-0.73,0.73,34.36
1655,256671803,304.69,749.02,-556.15,-1.71,-0.06,0.55,34.31
1656,256675852,299.32,752.44,-549.80,-2.13,0.30,0.30,34.50
1657,256679902,298.83,753.91,-549.80,-2.01,0.12,0.37,34.40
1658,256683959,300.78,753.91,-551.76,-2.13,0.18,0.12,34.50
1659,256688008,293.95,749.02,-553.22,-2.07,-0.06,0.30,34.31
1660,256693803,293.95,750.49,-549.80,-1.59,-0.43,0.73,34.36
1661,256697852,301.27,753.42,-552.25,-1.59,-0.49,0.91,34.55
1662,256701902,294.43,752.93,-555.66,-1.65,-0.55,0.67,34.64
1663,256705959,292.97,759.28,-552.73,-1.28,-0.73,0.61,34.40
1664,256710008,301.27,761.72,-553.22,-1.65,-1.22,0.73,34.31
1665,256715803,292.97,754.88,-553.22,-1.59,-1.10,0.61,34.40
1666,256719852,295.41,760.25,-555.18,-1.46,-1.28,0.73,34.64
1667,256723902,296.39,758.79,-550.29,-1.52,-1.34,0.85,34.40
1668,256727959,297.85,756.84,-552.73,-1.22,-1.04,0.79,34.50
1669,256732008,298.83,761.72,-546.88,-1.22,-0.98,0.61,34.40
1670,256737803,302.73,760.25,-555.18,-1.59,-0.73,0.61,34.36
1671,256741852,304.69,761.23,-553.22,-1.46,-0.49,0.73,34.40
1672,256745902,307.13,760.25,-555.66,-1.16,-0.61,0.91,34.36
1673,256749959,304.20,760.25,-552.73,-1.34,-0.55,0.79,34.40
1674,256754008,308.59,754.88,-558.11,-1.10,-0.55,0.61,34.50
1675,256759803,305.66,755.86,-554.69,-1.28,-0.67,0.49,34.40
1676,256763852,307.62,755.37,-561.52,-1.59,-0.12,0.49,34.50
1677,256767902,306.64,755.86,-565.92,-1.52,-0.06,0.24,34.21
1678,256771959,302.73,753.91,-559.57,-1.59,-0.24,0.18,34.40
1679,256777803,301.76,754.39,-566.41,-1.46,-0.18,0.30,34.31
1680,256781852,297.36,751.46,-556.64,-1.22,-0.24,0.37,34.50
1681,256785902,298.34,754.39,-552.73,-1.34,-0.79,0.37,34.31
1682,256789959,295.90,755.37,-553.22,-0.98,-0.98,0.30,34.21
1683,256794008,301.27,760.25,-558.11,-0.79,-1.52,0.30,34.40
1684,256799803,297.36,754.39,-558.11,-0.73,-1.83,0.49,34.50
1685,256803852,300.29,756.35,-560.06,-0.30,-1.71,0.37,34.31
1686,256807902,294.92,753.91,-554.20,-0.24,-1.89,0.67,34.50
1687,256811959,296.39,757.32,-558.59,0.00,-2.20,1.22,34.21
1688,256816008,292.48,756.84,-552.73,0.30,-2.87,1.16,34.40
1689,256821803,290.04,761.72,-554.69,0.55,-3.23,1.77,34.64
1690,256825852,294.92,757.32,-555.18,1.22,-3.54,2.20,34.64
1691,256829902,293.46,758.30,-555.18,1.40,-3.78,2.44,34.50
1692,256833959,297.36,755.37,-558.59,1.59,-3.84,2.32,34.21
1693,256838008,292.97,750.00,-550.78,1.65,-3.84,2.62,34.40
1694,256843803,291.99,754.39,-552.25,1.46,-4.33,2.74,34.64
1695,256847852,293.46,743.16,-547.36,1.71,-4.51,3.05,34.50
1696,256851902,293.95,748.05,-551.27,2.20,-4.63,2.99,34.31
1697,256855959,297.85,740.72,-557.13,2.62,-4.88,3.60,34.40
1698,256860008,291.99,744.14,-562.01,2.74,-5.00,3.35,34.64
1699,256865803,296.39,736.82,-556.64,2.62,-4.94,3.72,34.40
1700,256869852,298.83,744.14,-550.29,2.62,-4.57,3.48,34.31
1701,256873902,300.29,745.12,-548.83,2.62,-4.76,3.54,34.93
1702,256877959,302.73,744.63,-549.32,2.56,-4.82,3.54,34.40
1703,256882008,314.94,742.68,-548.34,2.74,-4.94,3.54,34.40
1704,256887803,310.06,746.09,-552.73,2.87,-4.57,3.29,34.31
1705,256891852,316.89,739.26,-561.52,2.32,-4.15,2.68,34.12
1706,256895902,317.38,736.33,-560.55,1.95,-3.60,2.99,34.64
1707,256899959,318.36,732.91,-560.55,1.40,-2.93,2.87,34.50
1708,256904008,313.96,732.42,-559.57,1.10,-2.20,3.11,34.21
1709,256909803,311.04,736.33,-555.66,0.85,-1.59,3.17,34.50
1710,256913852,312.99,742.19,-556.15,0.55,-1.46,3.23,34.31
1711,256917902,307.13,749.51,-556.15,0.43,-1.34,2.93,34.50
1712,256921959,314.94,743.16,-559.57,0.24,-1.22,2.80,34.55
1713,256926008,315.43,750.00,-555.66,-0.18,-0.98,2.68,34.36
1714,256931803,314.94,747.56,-559.57,-0.06,-0.49,2.38,34.40
1715,256935852,310.55,742.19,-556.15,-0.30,-0.24,2.01,34.50
1716,256939902,312.01,746.09,-556.64,-0.49,-0.24,2.13,34.36
1717,256943959,305.18,750.49,-557.62,-0.67,0.00,1.95,34.64
1718,256948008,302.25,750.00,-556.15,-0.73,0.30,1.95,34.50
1719,256953803,303.71,745.61,-557.13,-0.79,0.49,1.95,34.64
1720,256957852,298.83,750.49,-562.01,-0.73,0.55,2.32,34.36
1721,256961902,299.32,748.05,-560.06,-0.49,0.12,2.20,34.55
1722,256965959,296.88,750.00,-561.04,-0.24,-0.43,2.44,34.40
1723,256970008,293.46,756.84,-558.59,0.12,-0.61,2.68,34.31
1724,256975803,293.46,754.39,-557.62,0.00,-1.52,2.87,34.55
1725,256979852,297.85,757.32,-557.13,0.30,-1.71,2.68,34.40
1726,256983902,301.76,758.79,-552.73,0.06,-1.52,2.87,34.36
1727,256987959,309.08,757.81,-555.18,0.30,-1.40,2.44,34.50
1728,256993803,310.55,754.39,-553.71,-0.12,-0.91,2.07,34.21
1729,256997852,309.57,750.49,-549.32,-0.24,0.24,2.07,34.55
1730,257001902,311.04,755.37,-554.20,-0.43,0.98,1.83,34.36
1731,257005959,308.59,748.54,-555.66,-0.91,1.22,1.77,34.36
1732,257010008,302.73,750.49,-556.15,-1.10,1.77,1.83,34.64
1733,257014058,303.22,753.42,-559.08,-1.10,1.40,1.59,34.40
1734,257019803,305.18,747.07,-554.20,-1.40,1.65,1.59,34.64
1735,257023852,304.20,751.46,-556.15,-1.16,1.59,1.16,34.64
1736,257027902,306.15,749.02,-553.22,-1.28,1.59,1.34,34.21
1737,257031959,310.55,748.54,-557.62,-1.28,1.28,1.04,34.50
1738,257037803,305.18,748.54,-555.66,-0.91,1.22,1.04,34.40
1739,257041852,302.25,742.68,-557.13,-1.28,0.85,0.98,34.31
1740,257045902,307.13,743.16,-559.57,-1.16,0.79,1.10,34.55
1741,257049959,307.13,751.46,-558.11,-0.79,0.55,0.98,34.31
1742,257054008,307.62,747.56,-560.06,-1.04,0.00,1.28,34.55
1743,257059803,305.18,748.54,-560.06,-0.98,0.18,0.91,34.50
1744,257063852,308.11,751.95,-555.18,-1.28,0.24,0.91,34.69
1745,257067902,307.62,753.42,-558.59,-1.34,0.49,0.61,34.50
1746,257071959,309.08,753.42,-552.73,-1.22,0.61,0.91,34.40
1747,257076008,303.22,753.91,-559.08,-1.22,0.67,0.61,34.50
1748,257081803,300.29,747.56,-555.66,-1.34,0.73,0.67,34.36
1749,257085852,295.41,748.05,-555.66,-1.10,1.10,0.73,34.36
1750,257089902,294.43,756.35,-559.57,-1.04,0.85,0.91,34.55
1751,257093959,295.90,753.42,-564.45,-0.55,0.37,0.67,34.31
1752,257098008,297.36,755.86,-558.11,-0.91,0.43,1.16,34.64
1753,257103803,291.50,756.84,-560.55,-0.79,0.37,1.34,34.40
1754,257107852,293.46,750.00,-558.59,-0.73,0.30,1.40,34.50
1755,257111902,293.46,750.98,-560.06,-0.55,0.24,1.77,34.40
1756,257115959,297.36,755.37,-558.11,-0.49,0.06,1.95,34.40
1757,257120008,297.85,752.44,-556.64,-0.37,-0.06,2.01,34.40
1758,257125803,297.36,745.61,-560.06,-0.18,-0.37,2.56,34.36
1759,257129852,299.80,749.51,-556.64,0.30,-0.73,2.56,34.31
1760,257133902,301.27,742.68,-554.20,0.12,-0.55,2.93,34.74
1761,257137959,302.25,740.72,-556.64,0.06,-0.55,2.74,34.40
1762,257142008,307.62,738.77,-554.69,-0.18,0.00,2.62,34.21
1763,257147803,303.22,741.70,-553.22,-0.06,0.12,2.44,34.36
1764,257151852,312.50,741.21,-556.64,0.06,0.24,2.20,34.64
1765,257155902,314.45,741.21,-559.08,-0.24,0.12,2.38,34.36
1766,257159959,321.29,738.77,-561.52,-0.12,-0.43,2.56,34.40
1767,257164008,319.34,741.21,-562.50,-0.61,-0.18,2.32,34.36
1768,257169803,324.71,740.23,-556.64,-0.55,-0.18,2.26,34.36
1769,257173852,320.80,729.49,-561.04,-0.55,-0.30,2.26,34.40
1770,257177902,319.82,738.28,-550.78,-0.49,-0.12,1.95,34.40
1771,257181959,325.68,735.84,-555.66,-0.37,-0.37,2.01,34.64
1772,257186008,324.22,742.19,-554.69,-0.98,0.00,1.71,34.40
1773,257191803,326.66,743.65,-562.01,-0.98,-0.12,1.95,34.55
1774,257195852,327.15,747.07,-557.62,-1.04,0.06,1.59,34.55
1775,257199902,326.17,746.58,-553.22,-1.28,-0.06,1.65,34.16
1776,257203959,325.68,749.51,-557.13,-1.28,0.30,1.65,34.64
1777,257208008,330.57,754.88,-554.69,-1.16,0.67,1.46,34.40
1778,257213803,327.15,757.81,-551.27,-1.28,1.16,1.10,34.40
1779,257217852,326.17,755.37,-555.66,-1.40,1.16,0.79,34.40
1780,257221902,324.22,757.81,-562.50,-1.59,1.52,0.79,34.36
1781,257225959,324.22,758.79,-561.52,-2.13,1.83,0.98,34.50
1782,257231803,321.29,754.88,-561.04,-2.07,1.89,0.67,34.50
1783,257235852,324.22,753.42,-565.43,-2.20,2.01,0.73,34.64
1784,257239902,315.43,750.00,-566.41,-2.50,2.20,0.73,34.64
1785,257243959,311.52,752.44,-565.43,-2.62,2.07,0.49,34.40
1786,257248008,306.64,751.95,-562.50,-2.32,2.01,0.30,34.50
1787,257253803,302.73,751.95,-562.99,-1.95,1.40,0.18,34.36
1788,257257852,302.73,748.05,-556.15,-2.13,0.73,0.12,34.50
1789,257261902,300.78,744.63,-566.89,-1.77,0.18,0.24,34.83
1790,257265959,302.73,745.61,-563.96,-1.77,-0.18,0.18,34.21
1791,257270008,300.78,746.58,-563.96,-1.28,-0.43,0.24,34.40
1792,257275803,300.29,746.09,-560.06,-1.71,-1.10,-0.12,34.55
1793,257279852,306.15,747.56,-560.55,-1.46,-1.10,-0.06,34.40
1794,257283902,304.20,755.86,-560.06,-1.52,-1.28,-0.30,34.64
1795,257287959,309.08,754.39,-562.01,-1.52,-1.46,-0.30,34.64
1796,257292008,312.01,753.91,-558.59,-1.40,-1.40,-0.37,34.50
1797,257297803,309.57,756.84,-558.59,-1.22,-1.28,-0.30,34.50
1798,257301852,311.52,760.25,-560.06,-1.65,-1.34,-0.37,34.12
1799,257305902,312.99,759.77,-561.52,-1.40,-1.22,-0.37,34.64
1800,257309959,311.04,750.49,-560.06,-1.89,-0.43,-0.79,34.40
1801,257314008,308.59,759.77,-562.01,-2.07,-0.06,-0.98,34.50
1802,257319803,311.52,756.35,-561.52,-2.32,0.37,-0.79,34.36
1803,257323852,305.18,756.84,-557.13,-2.87,0.91,-1.10,34.21
1804,257327902,307.62,757.81,-556.15,-2.74,0.85,-0.85,34.55
1805,257331959,303.71,750.49,-559.08,-2.38,0.49,-0.91,34.64
1806,257336008,297.85,752.93,-561.04,-2.50,0.37,-0.73,34.36
1807,257341803,297.85,754.88,-561.52,-2.20,0.00,-0.79,34.12
1808,257345852,301.76,753.42,-561.52,-2.26,-0.85,-0.67,34.31
1809,257349902,299.32,751.95,-561.52,-1.89,-0.98,-0.67,34.36
1810,257353959,300.78,755.86,-560.55,-1.71,-1.46,-0.55,34.64
1811,257358008,303.22,751.46,-567.87,-1.95,-1.16,-0.67,34.40
1812,257363803,301.76,751.46,-564.45,-1.95,-1.16,-0.91,34.31
1813,257367852,306.15,750.49,-559.08,-2.26,-0.49,-0.98,34.64
1814,257371902,301.76,752.93,-558.11,-2.44,-0.30,-1.10,34.50
1815,257375959,300.78,747.07,-556.15,-2.32,-0.43,-0.98,34.64
1816,257380008,300.78,750.98,-558.59,-2.07,-0.24,-1.04,34.02
1817,257385803,299.32,749.02,-563.96,-1.95,-0.91,-0.85,34.64
1818,257389852,299.32,748.54,-560.55,-1.95,-1.40,-1.10,34.40
1819,257393902,303.22,748.54,-558.11,-1.71,-1.65,-0.98,34.74
1820,257397959,303.71,749.51,-560.06,-1.46,-1.83,-1.04,34.50
1821,257402008,304.20,747.07,-564.45,-1.52,-2.26,-0.85,34.40
1822,257407803,310.06,750.00,-561.04,-1.40,-2.50,-1.04,34.40
1823,257411852,309.08,748.05,-556.64,-0.98,-3.72,-0.61,34.31
1824,257415902,310.06,751.46,-562.01,-0.79,-4.39,-0.37,34.50
1825,257419959,316.41,751.46,-557.62,-0.67,-4.45,-0.49,34.50
1826,257424008,315.43,748.05,-553.71,-0.79,-3.78,-0.49,34.40
1827,257429803,321.29,749.51,-555.18,-1.16,-3.17,-0.79,34.40
1828,257433852,326.66,747.56,-551.27,-1.34,-2.38,-0.73,34.55
1829,257437902,322.75,748.54,-549.80,-1.59,-1.59,-1.04,34.36
1830,257441959,317.87,747.56,-547.36,-1.71,-0.79,-1.16,34.50
1831,257447803,315.43,746.09,-554.69,-2.07,-0.49,-1.16,34.64
1832,257451852,314.45,746.58,-553.71,-2.26,-0.49,-0.98,34.36
1833,257455902,313.48,746.09,-558.59,-2.01,-0.73,-0.85,34.69
1834,257459959,315.43,746.09,-557.62,-2.07,-0.79,-0.98,34.50
1835,257464008,313.96,743.16,-555.66,-1.77,-1.34,-0.61,34.36
1836,257469803,311.04,745.61,-555.18,-1.71,-1.59,-0.85,34.36
1837,257473852,312.50,739.75,-551.76,-1.52,-1.77,-0.73,34.36
1838,257477902,315.43,742.68,-552.73,-1.46,-1.65,-0.73,34.50
1839,257481959,315.43,742.68,-548.34,-1.59,-1.46,-0.67,34.02
1840,257486008,315.43,744.14,-553.71,-1.52,-1.22,-0.67,34.50
1841,257491803,312.99,745.61,-548.34,-1.52,-1.16,-0.37,34.55
1842,257495852,309.57,745.12,-554.20,-1.22,-0.73,-0.30,34.40
1843,257499902,312.01,754.88,-549.32,-1.59,-0.79,-0.24,34.40
1844,257503959,305.66,754.88,-552.25,-1.71,-0.79,-0.12,34.50
1845,257508008,305.18,751.46,-551.76,-1.46,-0.43,-0.24,34.40
1846,257513803,305.18,747.56,-551.27,-1.83,-0.18,-0.30,34.50
1847,257517852,298.83,752.93,-555.66,-1.95,-0.37,-0.30,34.36
1848,257521902,299.80,750.00,-553.71,-1.65,-0.37,0.12,34.55
1849,257525959,302.25,751.95,-561.52,-1.52,-0.79,0.00,34.31
1850,257530008,301.76,748.54,-552.25,-1.22,-0.79,0.06,34.40
1851,257535803,300.29,747.07,-557.13,-1.28,-0.91,0.12,34.21
1852,257539852,299.80,746.58,-552.25,-1.16,-1.22,0.18,34.31
1853,257543902,300.78,743.16,-550.29,-1.16,-1.46,-0.06,34.64
1854,257547959,301.76,746.58,-548.34,-1.10,-1.34,0.24,34.50
1855,257552008,306.15,742.68,-544.92,-0.85,-1.95,0.18,34.64
1856,257557803,305.18,744.63,-550.29,-0.73,-2.07,0.00,34.31
1857,257561852,309.57,741.70,-550.78,-0.67,-2.13,0.30,34.21
1858,257565902,307.13,745.12,-552.73,-0.49,-2.38,0.30,34.40
1859,257569959,308.59,744.63,-552.25,-0.43,-2.20,0.49,34.50
1860,257574008,304.69,745.12,-554.69,-0.49,-1.89,0.49,34.21
1861,257579803,314.45,748.05,-552.25,-0.55,-1.71,0.18,34.21
1862,257583852,316.89,748.54,-547.36,-1.04,-1.40,0.30,34.21
1863,257587902,318.36,751.46,-551.27,-0.91,-1.10,0.37,34.50
1864,257591959,318.36,751.95,-554.20,-1.16,-0.85,-0.06,34.50
1865,257596008,317.38,752.93,-543.46,-1.46,-0.12,0.06,34.02
1866,257601803,316.89,756.35,-552.25,-1.71,0.18,0.18,34.50
1867,257605852,315.92,755.37,-552.25,-1.83,0.37,0.18,34.64
1868,257609902,312.50,755.86,-555.18,-1.71,0.30,0.24,34.50
1869,257613959,308.59,752.93,-554.20,-1.77,-0.06,0.49,34.55
1870,257618008,304.20,754.39,-553.71,-1.77,0.18,0.37,34.40
1871,257623803,309.57,759.77,-556.64,-2.20,0.18,0.61,34.50
1872,257627852,308.11,757.32,-553.22,-2.13,0.06,0.79,34.36
1873,257631902,308.11,756.84,-553.71,-2.13,0.55,0.43,34.64
1874,257635959,303.71,758.79,-553.71,-1.89,0.43,0.61,34.50
1875,257640008,306.15,759.28,-548.34,-1.71,0.30,0.91,34.64
1876,257645803,298.34,755.86,-557.13,-1.71,0.24,0.85,34.31
1877,257649852,299.80,758.79,-555.66,-1.59,-0.06,0.85,34.40
1878,257653902,303.22,753.91,-552.25,-1.46,0.06,0.67,34.50
1879,257657959,301.27,757.81,-550.29,-1.28,0.18,0.67,34.69
1880,257663803,302.25,759.28,-555.66,-1.34,0.55,0.73,34.64
1881,257667852,301.76,751.46,-554.20,-1.28,0.30,0.18,34.50
1882,257671902,299.80,752.44,-555.18,-1.16,0.30,0.00,34.50
1883,257675959,301.76,745.12,-548.83,-1.16,0.73,-0.18,34.21
1884,257680008,306.15,749.51,-550.29,-1.04,0.73,0.00,34.64
1885,257685803,298.83,747.56,-559.57,-0.73,0.67,0.00,34.50
1886,257689852,305.66,745.12,-557.62,-0.43,0.37,0.06,34.50
1887,257693902,308.59,745.61,-557.13,-0.37,0.06,-0.12,34.64
1888,257697959,304.69,746.09,-561.04,-0.43,-0.12,-0.18,34.40
1889,257702008,311.52,743.16,-560.55,-0.24,-0.18,-0.12,34.55
1890,257707803,305.66,743.65,-554.69,-0.43,-0.37,-0.06,34.40
1891,257711852,310.55,748.54,-556.64,-0.67,-0.55,-0.43,34.40
1892,257715902,315.43,752.93,-554.20,-0.49,-0.49,-0.30,34.40
1893,257719959,313.48,750.98,-556.15,-0.91,-0.43,-0.30,34.36
1894,257724008,315.43,747.56,-555.66,-0.79,-0.55,-0.49,34.69
1895,257729803,312.50,750.98,-549.80,-0.61,-0.61,-0.67,34.40
1896,257733852,316.41,752.44,-548.83,-0.79,-0.55,-0.43,34.40
1897,257737902,314.45,762.21,-552.25,-0.91,-0.24,-0.49,34.31
1898,257741959,314.45,760.25,-554.20,-1.16,0.06,-0.30,34.55
1899,257746008,312.99,760.25,-555.18,-1.34,0.30,-0.61,34.50
1900,257751803,316.41,756.35,-553.22,-1.46,0.43,-0.49,34.40
1901,257755852,313.48,760.25,-552.25,-1.83,0.55,-0.24,34.36
1902,257759902,307.13,758.79,-555.66,-2.07,0.73,-0.30,34.74
1903,257763959,306.15,761.72,-552.25,-2.38,0.61,-0.24,34.55
1904,257768008,307.13,758.30,-557.13,-2.38,0.61,-0.18,34.40
1905,257773803,305.18,758.79,-551.27,-2.26,0.85,-0.12,34.40
1906,257777852,301.76,758.79,-555.66,-2.20,0.79,0.30,34.02
1907,257781902,300.78,760.25,-552.73,-2.01,0.67,0.43,34.31
1908,257785959,308.11,757.81,-552.73,-1.95,0.49,0.43,34.40
1909,257790008,301.27,758.30,-549.80,-2.07,0.91,0.37,34.21
1910,257795803,304.20,750.98,-549.80,-2.07,1.22,0.43,34.12
1911,257799852,303.22,752.93,-553.22,-2.01,1.10,0.61,34.31
1912,257803902,302.73,747.07,-562.01,-1.95,1.16,0.30,34.36
1913,257807959,292.48,748.54,-555.66,-1.59,0.43,0.43,34.12
1914,257812008,299.32,749.51,-558.59,-1.34,0.30,0.49,34.40
1915,257817803,299.80,743.65,-557.13,-0.98,-0.06,0.24,34.40
1916,257821852,303.71,744.14,-554.20,-0.67,-0.49,0.37,34.40
1917,257825902,303.71,743.65,-561.04,-0.73,-0.49,0.12,34.64
1918,257829959,308.11,742.19,-557.13,-0.61,-0.37,-0.06,34.50
1919,257834008,305.66,752.44,-554.20,-0.98,-0.18,-0.12,34.16
1920,257839803,305.66,746.09,-552.73,-0.67,-0.18,-0.24,34.64
1921,257843852,311.04,750.00,-559.57,-0.61,0.00,-0.49,34.40
1922,257847902,308.59,747.56,-558.11,-0.67,-0.37,-0.18,34.55
1923,257851959,311.04,750.00,-556.64,-0.55,-0.37,-0.24,34.40
1924,257856008,312.50,751.95,-553.71,-0.67,-0.73,-0.43,34.31
1925,257861803,312.01,750.49,-549.80,-0.67,-0.55,-0.30,34.50
1926,257865852,308.59,748.05,-552.73,-0.79,-0.12,-0.12,34.36
1927,257869902,308.59,749.51,-558.11,-0.91,-0.43,-0.24,34.36
1928,257873959,309.08,753.91,-554.69,-0.91,-0.43,-0.06,34.69
1929,257879803,311.04,758.79,-552.25,-0.85,-0.18,-0.18,34.21
1930,257883852,314.45,757.81,-550.29,-0.85,-0.30,-0.12,34.40
1931,257887902,306.15,755.86,-548.83,-0.98,-0.30,0.18,34.40
1932,257891959,307.13,752.93,-552.73,-0.85,-0.67,0.06,34.40
1933,257896008,309.57,753.91,-549.32,-0.73,-0.61,0.12,34.21
1934,257900058,308.11,753.42,-540.04,-0.79,-0.61,0.18,34.64
1935,257905803,309.57,753.91,-542.97,-0.73,-0.30,0.49,34.40
1936,257909852,312.99,754.39,-546.39,-0.67,-0.37,0.18,34.40
1937,257913902,307.62,755.86,-542.48,-0.73,-0.12,0.24,34.31
1938,257917959,316.41,757.32,-548.34,-1.10,-0.06,0.18,34.64
1939,257923803,310.55,758.30,-550.29,-0.79,0.49,0.49,34.64
1940,257927852,313.48,753.42,-547.85,-1.10,0.49,0.43,34.55
1941,257931902,311.04,749.02,-553.22,-0.98,0.67,0.30,34.55
1942,257935959,307.62,752.44,-553.22,-1.22,0.49,0.30,34.31
1943,257940008,312.50,749.02,-553.71,-1.10,0.30,0.55,34.64
1944,257945803,309.57,745.61,-547.36,-1.16,0.61,0.43,34.50
1945,257949852,312.01,750.00,-556.64,-1.22,0.06,0.55,34.69
1946,257953902,311.52,751.95,-555.66,-1.52,0.49,0.30,34.64
1947,257957959,305.18,742.68,-554.20,-1.34,0.49,0.00,34.31
1948,257962008,306.64,749.51,-555.18,-1.59,0.43,0.06,34.40
1949,257967803,309.57,753.42,-553.71,-1.34,0.30,0.30,34.36
1950,257971852,303.71,752.93,-551.27,-1.16,0.06,0.43,34.31
1951,257975902,307.13,753.91,-549.32,-1.22,-0.43,0.18,34.40
1952,257979959,302.25,750.98,-549.80,-1.16,-0.67,0.06,34.36
1953,257984008,303.22,751.95,-551.27,-1.16,-0.85,0.30,34.36
1954,257989803,303.22,750.00,-547.85,-1.04,-0.37,0.18,34.12
1955,257993852,306.15,754.39,-544.92,-0.73,-0.18,0.12,34.31
1956,257997902,305.66,760.74,-549.32,-0.67,-0.37,0.12,34.64
1957,258001959,308.11,755.86,-548.83,-0.79,-0.24,-0.24,34.40
1958,258006008,303.22,757.81,-551.76,-0.91,-0.06,0.00,34.40
1959,258011803,305.18,758.79,-548.83,-0.98,0.18,0.06,34.40
1960,258015852,305.66,753.42,-555.18,-1.34,0.49,-0.18,34.02
1961,258019902,301.76,760.25,-550.29,-1.16,0.55,0.12,34.50
1962,258023959,302.25,754.39,-550.29,-1.40,0.43,0.06,34.40
1963,258028008,301.27,753.91,-551.76,-1.22,0.00,0.06,34.21
1964,258033803,304.20,759.28,-550.29,-1.22,-0.43,0.18,34.31
1965,258037852,304.20,758.79,-555.18,-1.04,-0.43,0.24,34.64
1966,258041902,304.69,752.93,-549.80,-0.73,-0.37,0.06,34.31
1967,258045959,300.29,757.81,-552.25,-1.16,-0.24,0.12,34.40
1968,258050008,305.66,753.91,-542.48,-0.91,-0.18,0.12,34.36
1969,258055803,307.13,758.79,-544.43,-1.22,0.00,0.24,34.50
1970,258059852,310.06,758.30,-548.83,-1.16,0.12,0.12,34.50
1971,258063902,309.57,758.79,-551.76,-1.10,-0.12,0.43,34.50
1972,258067959,303.22,759.28,-553.22,-0.79,-0.73,0.06,34.40
1973,258072008,303.71,755.37,-553.22,-0.55,-1.04,0.43,34.40
1974,258077803,302.73,757.81,-560.06,-0.55,-1.65,0.24,34.36
1975,258081852,313.96,760.74,-559.57,-0.30,-1.59,0.55,34.40
1976,258085902,309.08,758.30,-560.55,-0.49,-1.95,0.61,34.21
1977,258089959,314.94,760.25,-557.62,-0.18,-2.01,0.37,34.64
1978,258094008,310.06,756.35,-559.57,-0.43,-2.32,0.30,34.50
1979,258099803,313.48,760.25,-554.69,-0.37,-2.44,0.00,34.21
1980,258103852,315.92,751.95,-552.73,-0.18,-2.32,-0.18,34.40
1981,258107902,315.43,748.05,-546.39,-0.49,-1.59,-0.30,34.55
1982,258111959,315.92,751.95,-550.29,-0.67,-1.22,-0.43,34.40
1983,258117803,312.50,750.49,-551.76,-0.73,-0.67,-0.73,34.64
1984,258121852,315.43,751.95,-551.27,-0.49,-0.67,-0.67,34.50
1985,258125902,309.08,750.98,-556.15,-0.49,-0.73,-0.79,34.64
1986,258129959,312.99,752.93,-551.27,-0.55,-0.98,-1.16,34.36
1987,258134008,304.20,755.86,-555.66,-0.73,-0.85,-0.85,34.55
1988,258139803,313.48,756.35,-553.22,-0.61,-0.43,-1.16,34.50
1989,258143852,308.11,753.42,-551.76,-0.73,-0.18,-1.46,34.36
1990,258147902,313.48,760.25,-546.39,-0.73,0.06,-1.28,34.64
1991,258151959,313.96,751.95,-552.25,-0.73,0.00,-1.16,34.40
1992,258156008,310.55,758.79,-556.15,-0.85,0.00,-1.34,34.40
1993,258161803,308.11,753.91,-556.15,-0.91,-0.12,-1.16,34.55
1994,258165852,306.15,752.93,-555.18,-0.91,-0.43,-1.16,34.55
1995,258169902,303.71,751.46,-551.27,-0.79,-0.37,-0.98,34.64
1996,258173959,301.27,752.44,-555.18,-1.04,-0.43,-1.04,34.64
1997,258178008,302.25,751.95,-558.11,-0.79,-0.73,-0.85,34.40
1998,258183803,300.29,750.98,-554.20,-0.73,-0.67,-0.85,34.64
1999,258187852,300.78,748.05,-547.85,-0.49,-1.10,-0.79,34.64
2000,258191902,301.76,750.49,-555.18,-0.30,-1.10,-0.37,34.36
2001,258195959,300.78,751.95,-547.85,-0.24,-1.34,-0.30,34.36
2002,258200008,300.78,754.39,-546.39,-0.37,-1.28,0.00,34.40
2003,258205803,308.11,750.49,-547.85,-0.37,-1.34,0.18,34.40
2004,258209852,308.59,750.98,-549.32,-0.67,-1.16,-0.06,34.40
2005,258213902,311.04,754.39,-550.78,-0.30,-1.16,0.12,34.69
2006,258217959,310.55,750.98,-551.27,-0.49,-0.91,-0.24,34.50
2007,258222008,308.59,752.93,-555.18,-0.98,-0.98,-0.24,34.21
2008,258227803,310.55,751.46,-550.29,-0.91,-0.98,-0.06,34.40
2009,258231852,313.48,748.54,-554.69,-1.22,-0.98,-0.18,34.16
2010,258235902,310.55,745.12,-546.88,-1.34,-0.79,-0.37,34.55
2011,258239959,306.15,742.68,-546.88,-1.34,-0.55,0.00,34.50
2012,258244008,301.27,745.12,-548.34,-1.52,-0.85,-0.18,34.36
2013,258249803,307.62,752.44,-548.34,-1.16,-1.46,-0.18,34.31
2014,258253852,306.64,747.56,-547.36,-0.98,-1.77,0.24,34.55
2015,258257902,309.08,751.95,-544.43,-0.67,-2.07,0.12,34.50
2016,258261959,311.52,750.98,-545.90,-0.85,-1.65,0.00,34.40
2017,258266008,310.55,747.56,-550.29,-0.67,-1.83,0.24,34.31
2018,258271803,307.13,744.63,-551.76,-0.55,-1.83,0.43,34.50
2019,258275852,316.41,750.49,-550.29,-0.61,-2.01,0.37,34.31
2020,258279902,316.41,752.93,-548.34,-0.61,-1.77,0.37,34.50
2021,258283959,314.45,757.81,-541.99,-0.73,-1.59,0.12,34.50
2022,258288008,314.45,752.44,-545.41,-0.98,-0.85,0.12,34.36
2023,258293803,315.43,752.44,-551.27,-1.52,-0.24,-0.06,34.50
2024,258297852,315.43,749.02,-555.18,-1.40,0.12,-0.37,34.55
2025,258301902,312.99,748.54,-549.32,-1.71,0.30,0.06,34.50
2026,258305959,312.01,746.09,-548.83,-1.89,0.30,0.06,34.50
2027,258310008,310.55,752.93,-548.34,-2.13,0.61,0.06,34.40
2028,258315803,306.64,751.46,-546.39,-1.83,0.55,0.30,34.50
2029,258319852,309.57,753.42,-548.34,-1.59,-0.18,0.30,34.40
2030,258323902,306.64,749.51,-545.41,-1.52,-0.49,0.61,34.40
2031,258327959,305.18,754.39,-553.22,-1.28,-1.10,0.67,34.50
2032,258333803,305.18,758.30,-555.66,-1.16,-1.46,1.04,34.50
2033,258337852,305.18,759.77,-554.69,-0.85,-1.83,1.16,34.64
2034,258341902,308.59,757.81,-552.73,-1.40,-1.46,0.98,34.40
2035,258345959,308.11,757.81,-553.71,-1.46,-1.40,0.91,34.40
2036,258350008,309.57,764.16,-549.80,-1.34,-1.10,0.91,34.64
2037,258355803,306.15,757.32,-547.85,-1.46,-0.79,0.91,34.40
2038,258359852,302.25,759.28,-553.22,-1.46,-0.85,1.04,34.64
2039,258363902,305.18,763.67,-551.27,-1.10,-0.91,0.91,34.50
2040,258367959,300.78,758.79,-550.78,-1.22,-0.61,0.98,34.21
2041,258372008,302.25,759.28,-548.83,-0.79,-0.73,0.91,34.50
2042,258377803,301.27,755.37,-548.34,-0.61,-1.04,0.55,34.50
2043,258381852,302.73,754.39,-550.29,-0.67,-0.73,0.91,34.50
2044,258385902,302.25,756.35,-549.80,-0.91,-0.55,0.79,34.50
2045,258389959,304.69,750.00,-549.80,-0.85,-0.85,0.30,34.16
2046,258394008,304.20,753.42,-550.78,-0.73,-0.98,0.12,34.64
2047,258399803,306.64,757.81,-554.69,-0.30,-1.16,0.06,34.21
2048,258403852,308.11,756.84,-551.27,-0.30,-1.10,-0.12,34.50
2049,258407902,308.59,754.39,-544.92,-0.30,-0.79,-0.18,34.31
2050,258411959,310.06,755.86,-551.76,-0.55,-0.67,-0.55,34.50
2051,258416008,304.69,750.00,-553.71,-0.61,-0.73,-0.61,34.40
2052,258421803,305.66,756.35,-554.69,-0.67,-0.43,-0.55,34.31
2053,258425852,304.69,756.35,-553.71,-0.67,-0.79,-0.61,34.21
2054,258429902,309.08,754.39,-554.69,-0.55,-0.73,-0.73,34.64
2055,258433959,308.11,754.88,-552.25,-0.85,-0.79,-0.67,34.36
2056,258438008,306.15,759.28,-556.15,-0.79,-0.98,-1.04,34.55
2057,258443803,310.55,756.84,-558.11,-0.55,-1.10,-1.16,34.40
2058,258447852,314.45,756.84,-553.22,-0.49,-1.77,-0.67,34.40
2059,258451902,310.06,764.65,-556.64,-0.37,-1.83,-0.55,34.40
2060,258455959,312.99,761.23,-553.71,-0.43,-1.77,-0.55,34.36
2061,258460008,307.62,755.37,-554.20,-0.67,-2.01,-0.61,34.40
2062,258465803,309.57,757.32,-548.83,-0.85,-2.07,-0.55,34.40
2063,258469852,306.15,753.91,-548.34,-0.85,-1.95,-0.91,34.21
2064,258473902,307.13,761.72,-552.73,-0.73,-1.52,-0.79,34.31
2065,258477959,312.01,756.84,-552.73,-0.98,-1.40,-1.04,34.50
2066,258482008,308.59,758.30,-556.15,-0.79,-1.52,-0.91,34.16
2067,258487803,311.04,754.88,-552.73,-0.91,-1.59,-0.85,34.64
2068,258491852,310.55,755.37,-552.25,-0.91,-1.22,-0.73,34.50
2069,258495902,309.57,753.91,-550.29,-1.28,-1.22,-0.98,34.64
2070,258499959,311.52,757.81,-548.83,-1.16,-1.16,-0.98,34.50
2071,258504008,306.64,757.81,-551.76,-1.16,-0.98,-0.85,34.31
2072,258509803,310.06,749.51,-543.95,-0.85,-0.98,-0.67,34.50
2073,258513852,314.94,753.42,-554.20,-1.22,-1.10,-0.79,34.50
2074,258517902,315.92,754.39,-552.25,-0.85,-1.34,-0.73,34.21
2075,258521959,316.89,750.49,-560.55,-0.73,-1.71,-1.10,34.36
2076,258526008,312.01,757.81,-556.64,-0.61,-2.01,-0.85,34.64
2077,258531803,313.96,754.39,-557.62,-0.61,-1.95,-0.43,34.21
2078,258535852,309.08,753.42,-557.13,-0.91,-1.59,-0.61,34.50
2079,258539902,311.04,752.93,-552.73,-0.67,-1.77,-0.55,34.40
2080,258543959,311.52,756.35,-553.71,-0.85,-1.71,-0.43,34.88
2081,258549803,307.13,757.32,-554.69,-0.73,-1.59,-0.61,34.50
2082,258553852,311.04,754.88,-554.69,-1.10,-1.65,-0.73,34.40
2083,258557902,309.08,751.95,-555.66,-0.61,-1.71,-0.98,34.50
2084,258561959,311.04,754.39,-556.15,-0.98,-1.34,-0.98,34.40
2085,258566008,303.71,748.54,-559.08,-1.10,-1.10,-1.10,34.50
2086,258570058,306.15,752.44,-554.20,-0.85,-1.28,-0.98,34.55
2087,258575803,300.29,750.98,-557.13,-0.85,-1.16,-0.98,34.36
2088,258579852,298.34,746.58,-551.76,-0.98,-0.85,-0.85,34.40
2089,258583902,300.78,749.51,-548.34,-1.04,-1.04,-1.10,34.40
2090,258587959,300.78,748.05,-551.76,-0.55,-1.22,-1.16,34.40
2091,258593803,296.88,741.21,-553.22,-0.61,-1.46,-0.79,34.40
2092,258597852,294.43,746.58,-553.22,-0.30,-2.32,-0.61,34.64
2093,258601902,293.95,745.61,-551.27,-0.06,-2.62,-0.43,34.64
2094,258605959,300.78,750.49,-551.76,0.12,-3.05,-0.49,34.50
2095,258610008,298.83,749.51,-553.22,0.06,-3.05,-0.24,34.40
2096,258615803,300.29,750.00,-546.88,0.43,-3.90,0.18,34.55
2097,258619852,304.69,754.39,-552.73,0.43,-4.09,0.12,34.36
2098,258623902,311.04,749.51,-549.80,0.49,-4.27,0.12,34.21
2099,258627959,307.62,753.42,-551.76,0.43,-4.21,0.30,34.40
2100,258632008,315.92,758.79,-546.39,0.30,-3.60,0.30,34.36
2101,258637803,315.43,757.32,-544.43,0.00,-3.05,0.24,34.50
2102,258641852,313.48,754.88,-542.97,-0.49,-2.38,0.12,34.36
2103,258645902,318.85,759.28,-545.90,-0.49,-2.20,0.00,34.55
2104,258649959,317.87,756.35,-545.41,-1.10,-1.71,0.06,34.36
2105,258654008,315.92,753.42,-545.41,-1.28,-0.98,0.00,34.55
2106,258659803,312.50,750.98,-546.39,-1.52,-0.98,0.18,34.12
2107,258663852,307.62,752.44,-543.46,-1.59,-0.85,0.24,34.50
2108,258667902,305.66,756.35,-546.39,-1.46,-0.79,0.30,34.50
2109,258671959,307.62,757.32,-545.41,-1.28,-1.04,0.37,34.50
2110,258676008,304.69,755.86,-548.34,-1.40,-1.22,0.43,34.40
2111,258681803,301.76,753.42,-549.32,-1.71,-1.22,0.18,34.40
2112,258685852,305.66,752.93,-551.76,-1.46,-0.79,0.24,34.31
2113,258689902,302.73,752.93,-547.36,-1.65,-0.49,0.18,34.55
2114,258693959,297.36,751.46,-554.69,-1.83,-0.43,0.24,34.50
2115,258698008,297.36,750.98,-550.29,-1.40,-0.55,0.43,34.31
2116,258703803,291.50,749.02,-548.83,-1.34,-0.85,0.49,34.50
2117,258707852,290.53,752.44,-558.59,-1.22,-2.07,0.91,34.40
2118,258711902,291.99,752.93,-549.80,-0.85,-2.32,0.55,34.36
2119,258715959,295.41,753.91,-552.25,-0.67,-2.26,0.49,34.50
2120,258720008,298.34,752.44,-552.25,-0.67,-2.32,0.18,34.40
2121,258725803,294.43,755.86,-547.36,-0.98,-1.95,0.37,34.55
2122,258729852,297.36,760.25,-547.85,-1.10,-1.71,0.00,34.31
2123,258733902,293.46,756.84,-547.85,-0.98,-1.71,0.18,34.64
2124,258737959,299.32,759.77,-551.27,-0.91,-1.46,0.00,34.50
2125,258742008,300.78,766.11,-552.25,-0.98,-1.65,0.24,34.50
2126,258747803,301.76,756.84,-549.80,-0.98,-1.10,-0.06,34.50
2127,258751852,303.22,757.81,-545.41,-1.34,-1.10,-0.37,34.50
2128,258755902,305.18,761.23,-548.83,-1.71,-0.67,-0.73,34.16
2129,258759959,301.27,759.77,-548.34,-1.89,0.06,-0.67,34.50
2130,258764008,296.39,755.86,-553.22,-1.83,0.00,-0.73,34.50
2131,258769803,295.90,758.79,-548.34,-1.89,-0.37,-0.67,34.55
2132,258773852,295.90,756.84,-550.78,-1.71,-1.22,-0.06,34.40
2133,258777902,295.90,761.23,-551.76,-1.40,-1.59,-0.12,34.40
2134,258781959,295.41,760.25,-545.41,-1.40,-2.26,0.18,34.50
2135,258787803,297.36,755.37,-544.43,-0.98,-2.56,0.06,34.55
2136,258791852,300.29,760.74,-546.88,-0.61,-3.05,0.30,34.55
2137,258795902,302.73,760.25,-544.92,-1.04,-2.62,0.24,34.40
2138,258799959,302.25,762.21,-545.90,-0.98,-2.50,0.18,34.36
2139,258804008,304.69,765.62,-550.29,-1.10,-2.56,0.00,34.50
2140,258809803,306.64,763.18,-544.43,-0.98,-1.52,0.06,34.21
2141,258813852,306.64,770.02,-547.85,-1.46,-0.85,-0.12,34.40
2142,258817902,302.73,768.07,-550.78,-1.83,-0.30,-0.43,34.40
2143,258821959,307.62,762.70,-548.34,-1.95,0.24,-0.85,34.12
2144,258826008,300.78,763.18,-551.76,-2.26,0.98,-0.73,34.50
2145,258831803,304.20,755.86,-550.78,-2.32,1.59,-1.22,34.55
2146,258835852,293.95,761.23,-551.76,-2.44,1.77,-0.85,34.64
2147,258839902,287.11,761.72,-557.62,-2.32,1.52,-0.79,34.50
2148,258843959,286.62,757.32,-561.52,-1.83,1.28,-0.79,34.50
2149,258848008,283.69,753.42,-556.64,-1.59,0.30,-0.43,34.36
2150,258853803,285.64,746.09,-558.59,-1.28,-0.49,-0.24,34.40
2151,258857852,287.60,753.42,-554.69,-0.79,-1.28,-0.06,34.21
2152,258861902,290.04,753.42,-553.71,-0.49,-1.65,-0.06,34.40
2153,258865959,293.46,752.93,-558.59,-0.43,-2.07,0.12,34.55
2154,258870008,295.90,753.42,-556.15,0.06,-2.32,0.18,34.40
2155,258875803,299.32,751.46,-552.73,0.00,-2.50,0.06,34.21
2156,258879852,300.78,753.42,-555.18,0.18,-2.68,-0.12,34.31
2157,258883902,306.15,753.91,-554.69,0.06,-2.44,-0.24,34.40
2158,258887959,306.15,755.86,-553.22,-0.18,-2.26,-0.67,34.50
2159,258892008,315.43,753.91,-552.25,-0.12,-1.77,-0.43,34.31
2160,258897803,313.48,753.42,-549.32,-0.43,-1.46,-0.98,34.31
2161,258901852,311.04,756.84,-552.73,-0.61,-1.04,-1.04,34.36
2162,258905902,316.89,757.81,-556.15,-0.91,-0.73,-1.46,34.36
2163,258909959,313.48,754.88,-554.69,-1.04,-0.61,-1.40,34.64
2164,258914008,312.50,756.84,-554.20,-1.16,-0.55,-1.40,34.31
2165,258919803,309.08,751.95,-556.64,-1.04,-0.61,-1.40,34.50
2166,258923852,306.64,753.91,-557.62,-1.04,-0.98,-1.16,34.69
2167,258927902,308.59,751.46,-557.13,-1.22,-1.10,-1.28,34.50
2168,258931959,309.08,755.37,-550.78,-1.10,-0.98,-1.10,34.55
2169,258936008,310.06,755.86,-556.15,-0.98,-1.34,-0.98,34.21
2170,258941803,307.62,756.35,-552.73,-1.34,-1.46,-1.04,34.50
2171,258945852,301.76,762.21,-553.71,-1.16,-1.77,-0.91,34.40
2172,258949902,302.73,760.25,-556.64,-0.91,-1.65,-0.98,34.40
2173,258953959,300.29,754.88,-555.18,-1.22,-1.46,-0.67,34.64
2174,258958008,302.73,758.79,-553.71,-1.46,-1.22,-0.73,34.40
2175,258963803,301.27,760.74,-548.83,-1.52,-0.98,-0.91,34.88
2176,258967852,294.43,757.81,-548.34,-1.40,-0.67,-0.73,34.50
2177,258971902,295.41,760.74,-551.76,-1.65,-0.61,-0.61,34.40
2178,258975959,291.99,758.79,-548.83,-1.52,-0.98,-0.73,34.50
2179,258980008,290.04,758.79,-548.83,-1.28,-0.98,-0.49,34.40
2180,258985803,291.50,755.37,-554.20,-1.34,-1.04,-0.43,34.36
2181,258989852,288.09,752.93,-555.66,-1.10,-1.34,-0.12,34.64
2182,258993902,290.53,752.44,-553.22,-0.85,-1.34,0.12,34.31
2183,258997959,293.46,751.95,-551.27,-1.16,-1.16,0.37,34.40
2184,259003803,291.02,752.44,-558.59,-0.79,-1.71,0.12,34.40
2185,259007852,289.55,746.09,-558.11,-1.04,-1.59,0.24,34.36
2186,259011902,291.99,752.93,-555.18,-0.98,-1.89,0.43,34.36
2187,259015959,293.95,748.54,-549.32,-0.79,-2.01,0.49,34.31
2188,259020008,292.97,750.98,-550.29,-0.67,-1.89,0.30,34.64
2189,259025803,301.27,748.54,-549.32,-0.79,-1.83,0.24,34.64
2190,259029852,298.83,748.54,-548.34,-0.67,-1.95,0.49,34.40
2191,259033902,304.69,749.02,-551.27,-0.61,-1.89,0.30,34.50
2192,259037959,303.22,749.51,-550.29,-0.73,-2.01,0.61,34.21
2193,259042008,302.25,750.98,-549.32,-0.30,-1.89,0.30,34.36
2194,259047803,304.20,751.95,-549.32,-0.61,-2.32,0.30,34.64
2195,259051852,301.76,755.37,-546.39,-0.67,-2.07,0.49,34.55
2196,259055902,308.11,759.77,-547.85,-0.67,-2.38,0.43,34.31
2197,259059959,308.11,754.39,-549.80,-0.85,-2.20,0.43,34.36
2198,259064008,305.66,757.81,-554.20,-0.98,-2.13,0.30,34.55
2199,259069803,307.62,757.81,-548.34,-1.16,-1.71,0.55,34.40
2200,259073852,307.62,759.28,-550.78,-1.16,-1.04,0.24,34.69
2201,259077902,304.20,760.74,-547.36,-1.71,-0.91,-0.12,34.40
2202,259081959,304.69,759.77,-550.78,-1.77,-0.85,0.06,34.40
2203,259086008,294.43,759.77,-546.88,-1.89,-0.79,0.43,34.55
2204,259091803,299.80,759.77,-550.29,-1.83,-0.79,0.55,34.21
2205,259095852,300.29,763.18,-550.29,-1.83,-0.49,0.18,34.31
2206,259099902,303.71,765.62,-549.32,-1.83,-0.55,0.24,34.40
2207,259103959,297.36,763.67,-547.36,-1.83,-0.61,0.18,34.50
2208,259108008,299.32,765.14,-552.73,-1.40,-0.61,0.18,34.64
2209,259113803,289.06,760.25,-554.20,-1.46,-0.55,0.37,34.31
2210,259117852,291.50,758.79,-555.66,-1.28,-0.85,0.49,34.21
2211,259121902,296.39,760.25,-558.11,-1.22,-1.16,0.73,34.55
2212,259125959,294.92,758.30,-555.18,-0.91,-1.46,0.61,34.64
2213,259130008,297.36,757.32,-556.15,-0.98,-1.65,0.91,34.36
2214,259135803,299.32,758.79,-559.08,-0.73,-1.52,0.85,34.31
2215,259139852,297.85,758.30,-557.62,-0.91,-1.59,0.43,34.64
2216,259143902,298.34,754.88,-554.20,-0.67,-1.59,0.79,34.40
2217,259147959,296.39,752.93,-554.69,-0.73,-1.40,0.67,34.50
2218,259152008,292.48,754.39,-558.11,-0.73,-1.28,0.49,34.12
2219,259157803,296.88,752.44,-556.15,-0.55,-1.52,0.37,34.55
2220,259161852,296.88,753.42,-551.76,-0.55,-1.40,0.24,34.40
2221,259165902,299.80,757.32,-550.78,-0.37,-1.40,0.43,34.50
2222,259169959,302.73,753.91,-548.83,-0.24,-1.52,0.12,34.55
2223,259174008,305.18,753.91,-554.69,-0.49,-1.28,-0.24,34.40
2224,259179803,301.27,755.86,-555.66,-0.49,-1.34,-0.24,34.50
2225,259183852,300.29,752.44,-551.27,-0.61,-1.04,-0.61,34.50
2226,259187902,301.27,756.84,-555.18,-0.73,-1.04,-0.67,34.50
2227,259191959,298.83,757.32,-555.18,-0.55,-1.10,-0.85,34.64
2228,259196008,301.76,757.32,-552.73,-0.61,-1.10,-0.79,34.40
2229,259201803,298.34,761.23,-555.66,-0.55,-1.22,-0.67,34.36
2230,259205852,299.80,760.74,-552.25,-0.37,-1.22,-0.67,34.40
2231,259209902,298.34,762.70,-549.80,-0.73,-1.16,-0.79,34.21
2232,259213959,304.20,764.65,-554.69,-0.73,-0.85,-0.85,34.50
2233,259219803,295.41,759.77,-554.20,-0.73,-0.91,-0.91,34.50
2234,259223852,290.53,762.70,-553.22,-0.79,-1.10,-0.55,34.40
2235,259227902,290.04,762.21,-555.18,-0.61,-1.34,-0.61,34.88
2236,259231959,293.46,763.18,-555.66,-0.67,-1.83,-0.79,34.12
2237,259236008,290.53,762.21,-558.11,-0.61,-2.26,-0.30,34.69
2238,259241803,293.95,756.35,-554.20,-0.49,-1.83,-0.30,34.55
2239,259245852,288.57,755.37,-552.73,-0.85,-1.52,-0.37,34.50
2240,259249902,291.50,761.23,-547.85,-0.73,-1.40,-0.18,34.50
2241,259253959,288.57,752.93,-549.32,-0.85,-1.16,-0.24,34.50
2242,259258008,286.62,755.37,-554.20,-1.22,-1.10,-0.12,34.40
2243,259263803,289.06,751.95,-553.22,-0.91,-1.10,-0.06,34.50
2244,259267852,291.50,753.42,-555.66,-0.73,-1.34,0.06,34.64
2245,259271902,291.02,755.86,-549.32,-0.73,-1.71,0.06,34.55
2246,259275959,291.02,752.93,-549.80,-0.73,-1.65,0.06,34.40
2247,259280008,293.95,757.32,-543.95,-0.37,-1.52,0.00,34.69
2248,259285803,294.92,751.46,-542.48,-0.73,-1.40,0.24,34.64
2249,259289852,296.39,752.93,-547.36,-0.67,-1.16,-0.18,34.50
2250,259293902,293.46,749.51,-550.29,-0.55,-1.16,-0.12,34.55
2251,259297959,294.92,751.46,-546.88,-0.67,-1.04,0.18,34.64
2252,259302008,297.85,747.56,-547.85,-0.85,-0.91,0.30,34.36
2253,259307803,294.43,754.39,-549.32,-0.49,-0.73,0.06,34.40
2254,259311852,297.85,754.39,-548.83,-0.85,-0.67,0.00,34.40
2255,259315902,294.43,752.93,-550.78,-1.04,-0.61,0.18,34.64
2256,259319959,304.69,754.39,-546.88,-1.04,-0.79,-0.06,34.55
2257,259324008,302.25,760.25,-549.80,-1.34,-0.55,0.18,34.40
2258,259329803,294.92,755.86,-553.22,-1.40,-0.67,-0.06,34.31
2259,259333852,294.92,754.39,-551.76,-1.65,-0.61,-0.24,34.21
2260,259337902,297.85,758.79,-550.29,-1.65,-0.91,-0.30,34.55
2261,259341959,294.92,759.77,-550.78,-1.52,-1.04,0.00,34.64
2262,259346008,299.32,763.67,-555.18,-1.34,-1.59,0.06,34.36
2263,259351803,297.85,761.72,-559.08,-1.16,-1.89,0.37,34.21
2264,259355852,302.73,760.74,-554.69,-1.04,-1.89,0.43,34.31
2265,259359902,305.66,759.28,-552.73,-1.10,-1.83,0.61,34.55
2266,259363959,301.27,764.65,-558.11,-1.04,-1.40,0.43,34.64
2267,259368008,299.80,762.70,-554.69,-1.46,-0.85,0.30,34.16
2268,259373803,294.43,766.11,-553.71,-1.10,-0.55,0.37,34.31
