seq,timestamp_us,ax_mg,ay_mg,az_mg,gx_dps,gy_dps,gz_dps,temp_c
0,275611915,561.52,546.88,-594.24,-0.67,0.55,-1.04,34.69
1,275615984,564.45,542.97,-598.14,-0.43,0.37,-0.73,34.40
2,275620034,561.04,542.48,-597.17,-0.43,0.06,-0.61,34.50
3,275625803,557.62,542.97,-602.05,-0.12,-0.55,-0.18,34.50
4,275629852,564.94,546.39,-597.17,-0.24,-0.37,-0.12,34.50
5,275633902,563.48,547.85,-601.56,-0.12,-0.24,-0.18,34.21
6,275637959,564.45,543.95,-597.17,-0.43,-0.24,0.00,34.40
7,275642008,568.85,545.90,-597.17,-0.61,-0.30,0.06,34.31
8,275647803,564.94,549.32,-598.63,-0.30,0.00,0.43,34.40
9,275651852,556.64,545.41,-598.63,-0.24,-0.18,0.12,34.74
10,275655902,564.45,543.95,-599.12,-0.12,0.12,-0.18,34.31
11,275659959,566.89,538.09,-597.17,-0.06,0.37,-0.37,34.69
12,275665803,569.34,538.09,-605.47,-0.12,0.61,-0.43,34.64
13,275669852,561.04,539.55,-607.91,-0.12,0.61,-0.49,34.50
14,275673902,563.48,536.62,-609.38,-0.06,0.30,-0.12,34.50
15,275677959,557.13,536.62,-608.40,0.12,0.06,0.12,34.36
16,275682008,555.18,540.04,-609.38,0.37,-0.67,0.12,34.64
17,275687803,556.15,542.97,-607.42,0.37,-1.28,0.06,34.50
18,275691852,557.13,541.99,-606.45,0.79,-1.77,-0.12,34.64
19,275695902,564.45,543.46,-611.82,0.73,-1.89,-0.37,34.64
20,275699959,563.48,548.34,-606.93,0.61,-2.01,-0.30,34.40
21,275704008,562.50,548.34,-612.79,0.30,-1.83,-0.55,34.36
22,275709803,563.96,545.41,-612.79,0.18,-1.10,-0.67,34.50
23,275713852,554.69,542.48,-607.91,0.00,-0.73,-1.22,34.64
24,275717902,558.59,540.53,-612.30,-0.24,-0.91,-1.04,34.50
25,275721959,551.27,542.48,-610.84,-0.43,-0.79,-0.98,34.50
26,275726008,557.13,545.41,-606.45,-0.49,-0.61,-0.85,34.40
27,275731803,554.20,543.46,-604.98,-0.43,-0.49,-1.34,34.40
28,275735852,552.25,539.55,-606.45,-0.12,-0.98,-0.98,34.50
29,275739902,549.32,541.99,-605.47,-0.12,-1.28,-0.98,34.64
30,275743959,546.88,543.46,-609.38,0.18,-1.65,-0.61,34.50
31,275748008,553.22,545.90,-607.42,0.37,-1.77,-0.55,34.40
32,275753803,550.78,542.97,-603.52,0.55,-2.01,-0.79,34.21
33,275757852,558.59,544.43,-608.89,0.91,-2.50,-0.79,34.31
34,275761902,556.15,548.83,-608.89,1.04,-2.56,-0.73,34.21
35,275765959,552.25,555.18,-604.49,1.10,-3.17,-0.43,34.50
36,275770008,557.13,554.20,-613.77,0.98,-3.66,-0.43,34.69
37,275775803,552.25,550.78,-604.49,0.98,-3.23,-0.49,34.21
38,275779852,555.66,551.76,-602.54,0.79,-2.99,-0.61,34.50
39,275783902,559.08,557.62,-604.49,0.79,-3.17,-0.55,34.50
40,275787959,559.08,552.25,-606.93,0.73,-3.23,-0.49,34.21
41,275792008,556.15,555.18,-603.52,0.67,-2.87,-0.61,34.40
42,275797803,554.69,552.25,-607.42,0.43,-2.44,-0.67,34.31
43,275801852,554.69,557.13,-610.35,0.43,-2.74,-0.37,34.50
44,275805902,548.34,555.66,-604.49,0.43,-2.32,-0.49,34.64
45,275809959,552.25,554.69,-604.00,0.67,-2.50,-0.24,34.64
46,275814008,554.69,554.20,-608.89,0.85,-3.05,-0.43,34.36
47,275819803,549.80,552.25,-607.91,1.04,-2.74,-0.37,34.50
48,275823852,554.69,550.29,-600.59,0.73,-2.68,-0.24,34.50
49,275827902,551.27,551.76,-594.73,0.73,-2.32,-0.30,34.64
50,275831959,546.88,548.83,-602.05,0.61,-2.32,-0.30,34.50
51,275836008,547.36,546.88,-596.68,0.67,-2.26,-0.43,34.64
52,275841803,551.76,539.06,-596.68,0.79,-2.32,-0.18,34.55
53,275845852,554.69,542.48,-600.10,0.85,-2.32,-0.37,34.64
54,275849902,557.13,543.46,-603.52,0.98,-2.74,-0.24,34.40
55,275853959,561.52,545.90,-603.03,0.73,-2.50,-0.24,34.64
56,275858008,562.99,540.04,-604.00,0.55,-2.20,-0.37,34.64
57,275863803,565.92,542.97,-604.00,0.49,-2.20,-0.06,34.40
58,275867852,565.92,545.41,-599.61,0.24,-1.10,-0.06,34.74
59,275871902,562.50,538.57,-599.61,0.30,-0.91,-0.30,34.36
60,275875959,562.99,538.57,-601.07,-0.06,-0.55,-0.67,34.50
61,275881803,562.99,541.50,-602.54,-0.24,-0.49,-0.73,34.50
62,275885852,562.50,539.06,-598.14,-0.12,-0.12,-0.73,34.69
63,275889902,563.48,541.02,-604.00,0.12,-0.06,-0.79,34.50
64,275893959,560.06,541.99,-603.52,0.24,0.30,-0.73,34.64
65,275898008,563.48,543.46,-602.54,0.06,0.24,-0.67,34.55
66,275903803,562.99,541.50,-609.38,0.30,-0.18,-0.55,34.55
67,275907852,558.11,540.04,-608.89,0.30,-0.37,-0.43,34.64
68,275911902,552.25,541.50,-608.89,0.55,-0.55,-0.12,34.55
69,275915959,559.08,542.48,-612.79,0.12,-0.55,0.06,34.21
70,275920008,557.62,541.99,-606.45,-0.18,-0.12,0.00,34.40
71,275925803,559.57,547.36,-607.42,-0.91,0.18,-0.12,34.40
72,275929852,559.08,546.39,-614.26,-1.04,0.55,0.00,34.50
73,275933902,554.69,544.92,-612.30,-1.46,1.04,0.30,34.55
74,275937959,553.22,546.39,-613.77,-1.52,1.16,0.00,34.36
75,275942008,554.20,541.02,-609.38,-1.77,1.83,0.00,34.64
76,275947803,544.43,536.62,-605.96,-2.20,1.40,-0.06,34.55
77,275951852,552.25,541.99,-608.89,-1.83,1.52,-0.37,34.40
78,275955902,548.83,534.67,-606.93,-1.59,1.34,-0.06,34.64
79,275959959,557.13,535.16,-607.91,-2.01,1.34,-0.18,34.83
80,275964008,554.69,530.76,-609.38,-1.83,0.43,-0.06,34.64
81,275969803,548.34,527.83,-616.70,-1.34,-0.55,0.30,34.36
82,275973852,548.34,530.76,-622.07,-0.49,-2.62,0.98,34.36
83,275977902,550.29,539.06,-622.07,-0.43,-3.84,1.16,34.69
84,275981959,554.69,539.55,-621.09,0.00,-5.18,1.46,34.50
85,275986008,562.01,541.02,-623.05,-0.49,-5.67,1.52,34.40
86,275991803,569.82,547.85,-619.14,-0.73,-5.67,1.34,34.36
87,275995852,571.29,552.25,-616.21,-1.28,-5.06,0.85,34.31
88,275999902,568.36,553.71,-614.26,-1.71,-4.94,1.22,34.64
89,276003959,569.82,550.78,-611.82,-2.20,-4.57,0.85,34.64
90,276008008,565.43,550.29,-606.45,-2.32,-3.66,0.55,34.50
91,276013803,566.89,556.15,-603.03,-2.87,-2.99,0.06,34.50
92,276017852,563.48,550.78,-608.40,-3.05,-2.13,-0.67,34.50
93,276021902,564.45,548.83,-604.49,-3.23,-1.59,-0.67,34.83
94,276025959,558.59,544.43,-602.05,-3.78,-1.10,-1.22,34.50
95,276030008,552.73,539.55,-603.03,-4.02,-0.85,-1.22,34.40
96,276035803,550.78,541.99,-608.40,-3.72,-1.04,-0.91,34.64
97,276039852,543.95,534.67,-609.38,-3.96,-1.65,-1.46,34.50
98,276043902,541.99,539.55,-610.84,-3.72,-2.01,-1.10,34.36
99,276047959,540.53,536.62,-606.93,-3.60,-3.17,-1.10,34.64
100,276052008,540.04,536.13,-605.47,-3.23,-4.21,-0.91,34.31
101,276057803,549.80,534.67,-605.47,-2.68,-4.88,-0.49,34.40
102,276061852,553.22,539.06,-603.52,-2.68,-5.18,-0.55,34.50
103,276065902,557.13,541.02,-602.05,-2.56,-5.24,-0.49,34.55
104,276069959,551.76,541.50,-600.59,-2.32,-4.82,-0.55,34.64
105,276074008,546.39,541.02,-600.10,-2.32,-4.76,-0.67,34.36
106,276079803,547.85,544.92,-603.03,-2.62,-4.51,-0.61,34.40
107,276083852,550.29,550.78,-603.52,-2.56,-4.88,-0.24,34.36
108,276087902,549.32,541.02,-600.10,-2.20,-4.94,-0.18,34.31
109,276091959,553.22,549.80,-596.19,-1.95,-5.12,-0.06,34.50
110,276097803,554.20,553.22,-601.56,-2.13,-5.24,0.24,34.40
111,276101852,557.13,548.34,-598.14,-1.95,-4.94,0.18,34.40
112,276105902,554.20,555.18,-598.63,-2.26,-4.70,0.18,34.40
113,276109959,560.55,551.76,-602.54,-2.13,-4.21,0.37,34.36
114,276114008,561.04,549.32,-593.26,-2.26,-3.72,0.43,34.31
115,276118058,556.64,551.76,-591.80,-2.50,-3.23,0.18,34.50
116,276123803,561.52,551.76,-589.36,-2.68,-2.56,0.37,34.50
117,276127852,558.11,550.29,-588.87,-2.68,-2.13,0.18,34.40
118,276131902,554.69,552.73,-585.45,-3.05,-1.77,-0.12,34.40
119,276135959,559.57,551.27,-586.91,-3.35,-1.28,0.06,34.64
120,276141803,559.57,547.36,-583.50,-4.09,-0.73,-0.06,34.74
121,276145852,553.22,549.80,-585.94,-4.27,-0.37,-0.24,34.50
122,276149902,551.76,548.34,-585.94,-4.15,-0.30,-0.18,34.36
123,276153959,546.88,546.39,-586.91,-4.33,-0.49,-0.24,34.21
124,276158008,544.43,545.41,-585.45,-4.45,-0.43,-0.12,34.40
125,276163803,542.97,548.83,-588.87,-4.39,-0.91,-0.06,34.69
126,276167852,538.57,545.90,-581.54,-4.33,-1.40,0.06,34.64
127,276171902,542.48,543.46,-589.36,-4.45,-2.32,0.18,34.50
128,276175959,541.99,547.36,-588.87,-4.27,-2.62,0.12,34.64
129,276180008,543.46,550.78,-591.31,-4.33,-3.29,0.30,34.40
130,276185803,543.46,553.71,-596.19,-4.15,-3.23,0.12,34.36
131,276189852,542.48,552.73,-598.63,-4.21,-3.41,0.30,34.50
132,276193902,547.36,558.59,-593.26,-4.39,-3.23,0.06,34.64
133,276197959,549.80,556.15,-594.24,-4.70,-2.74,-0.49,34.64
134,276202008,548.34,559.08,-595.70,-4.63,-2.50,-0.43,34.64
135,276207803,548.34,563.96,-591.80,-4.76,-2.20,-0.55,34.64
136,276211852,550.78,567.38,-595.21,-4.94,-1.77,-0.55,34.36
137,276215902,551.27,566.89,-600.59,-4.94,-1.52,-0.67,34.64
138,276219959,553.71,565.43,-597.66,-5.24,-1.40,-0.79,34.50
139,276224008,551.76,567.87,-602.05,-5.67,-1.04,-1.22,34.31
140,276229803,556.15,566.89,-604.00,-5.61,-0.91,-1.10,34.31
141,276233852,549.32,564.94,-601.56,-5.73,-0.85,-1.10,34.31
142,276237902,552.73,563.96,-602.05,-5.67,-0.73,-0.85,34.64
143,276241959,547.36,561.52,-606.45,-5.73,-1.22,-1.10,34.31
144,276246008,551.27,558.11,-607.42,-5.30,-1.10,-0.85,34.21
145,276251803,552.73,562.01,-602.05,-5.43,-1.10,-0.98,34.50
146,276255852,560.06,562.01,-609.86,-5.43,-1.10,-1.16,34.36
147,276259902,556.15,560.06,-609.86,-5.24,-1.34,-1.16,34.50
148,276263959,559.57,559.08,-614.75,-5.55,-0.91,-1.40,34.64
149,276268008,551.27,556.64,-613.77,-5.79,-0.79,-1.46,34.36
150,276273803,548.83,559.57,-610.84,-5.73,-0.73,-1.59,34.50
151,276277852,549.80,558.59,-612.30,-5.73,-0.37,-1.89,34.64
152,276281902,551.27,558.11,-609.86,-5.73,-0.30,-2.01,34.64
153,276285959,554.69,559.57,-612.79,-5.73,-0.24,-2.50,34.40
154,276290008,548.83,554.20,-617.68,-5.55,-0.06,-2.80,34.55
155,276295803,550.29,553.71,-619.14,-5.79,0.12,-2.87,34.40
156,276299852,545.41,551.27,-629.88,-5.49,0.06,-3.11,34.64
157,276303902,551.27,554.20,-625.98,-5.37,0.49,-3.17,34.50
158,276307959,545.90,551.76,-624.51,-5.37,0.61,-3.41,34.64
159,276312008,541.02,545.90,-630.86,-5.06,0.79,-3.35,34.40
160,276317803,540.04,542.97,-628.42,-4.76,0.24,-3.41,34.64
161,276321852,540.04,545.90,-628.42,-4.09,-0.30,-3.29,34.64
162,276325902,540.04,543.95,-632.81,-3.35,-0.73,-3.41,34.21
163,276329959,540.04,536.62,-628.91,-2.50,-1.28,-2.93,34.64
164,276335803,544.43,539.06,-628.91,-1.89,-1.89,-2.68,34.40
165,276339852,543.95,542.97,-630.37,-1.46,-2.56,-2.62,34.50
166,276343902,544.92,547.36,-626.46,-1.10,-2.62,-2.56,34.50
167,276347959,546.88,542.48,-627.44,-0.37,-2.74,-2.62,34.31
168,276352008,546.88,548.83,-623.05,-0.06,-2.62,-2.13,34.64
169,276357803,547.85,551.76,-625.49,-0.06,-2.68,-2.01,34.50
170,276361852,544.92,550.78,-617.68,0.18,-3.05,-1.83,34.55
171,276365902,546.39,550.78,-622.07,0.73,-3.17,-1.77,34.64
172,276369959,552.73,546.39,-618.65,0.73,-3.60,-1.71,34.50
173,276374008,549.32,550.78,-616.70,0.73,-3.66,-1.65,34.50
174,276379803,548.83,551.27,-611.33,1.28,-3.41,-1.77,34.64
175,276383852,556.64,555.66,-609.86,0.98,-2.74,-1.95,34.74
176,276387902,549.32,556.15,-603.52,0.49,-2.26,-1.89,34.69
177,276391959,543.95,557.13,-603.52,0.61,-1.89,-2.32,34.36
178,276396008,548.34,555.18,-602.05,0.24,-1.46,-2.01,34.36
179,276401803,546.88,554.69,-596.19,0.24,-1.46,-2.13,34.40
180,276405852,541.02,556.64,-592.29,0.43,-1.04,-1.83,34.50
181,276409902,538.09,561.04,-587.40,0.37,-1.04,-1.71,34.74
182,276413959,538.09,559.57,-587.40,0.24,-1.04,-2.07,34.50
183,276418008,535.16,557.13,-585.94,0.55,-1.59,-2.01,34.64
184,276423803,531.25,564.94,-589.36,0.55,-1.77,-1.46,34.55
185,276427852,530.76,568.36,-580.57,0.67,-2.13,-0.98,34.21
186,276431902,535.16,572.27,-583.98,0.67,-2.20,-1.28,34.55
187,276435959,535.16,575.68,-585.45,0.85,-2.44,-0.98,34.40
188,276440008,537.60,580.57,-580.08,0.43,-2.32,-0.73,34.12
189,276445803,533.69,575.68,-587.89,0.24,-2.01,-0.61,34.40
190,276449852,534.18,581.05,-579.10,0.00,-2.07,-0.91,34.16
191,276453902,537.60,581.05,-585.94,0.12,-1.52,-1.04,34.64
192,276457959,540.53,583.50,-583.50,-0.06,-1.59,-0.91,34.88
193,276462008,536.13,584.47,-582.52,-0.43,-1.34,-0.67,34.36
194,276467803,534.18,584.96,-586.91,-0.67,-1.22,-0.91,34.21
195,276471852,538.09,581.05,-587.40,-0.61,-0.67,-0.91,34.69
196,276475902,540.53,580.08,-588.87,-0.61,-0.24,-0.85,34.40
197,276479959,536.62,581.05,-587.89,-0.91,-0.06,-0.79,34.50
198,276484008,535.64,584.96,-591.80,-0.24,-0.18,-0.49,34.36
199,276489803,541.50,579.59,-590.33,-0.06,-1.10,-0.18,34.64
200,276493852,548.34,580.57,-601.07,0.06,-1.52,0.06,34.31
201,276497902,553.22,579.59,-609.38,0.12,-1.77,0.06,34.50
202,276501959,557.13,574.22,-604.98,0.12,-1.59,-0.06,34.50
203,276506008,554.20,576.17,-607.42,-0.30,-1.52,-0.12,34.64
204,276511803,559.57,569.34,-604.49,-0.43,-0.98,-0.12,34.64
205,276515852,559.57,564.45,-601.07,-0.43,-0.61,-0.18,34.64
206,276519902,562.01,564.94,-602.05,-0.55,-0.79,-0.12,34.40
207,276523959,559.57,562.99,-608.40,-0.49,-0.85,-0.06,34.40
208,276528008,558.59,562.01,-608.40,-0.61,-0.79,0.12,34.40
209,276533803,559.57,558.59,-607.91,-0.67,-0.73,-0.18,34.55
210,276537852,560.55,557.13,-610.84,-0.43,-0.85,0.12,34.64
211,276541902,558.59,554.20,-612.79,-0.43,-1.10,0.12,34.21
212,276545959,558.11,553.71,-612.30,-0.30,-1.04,0.37,34.74
213,276551803,557.13,559.08,-608.89,-0.43,-1.52,0.43,34.40
214,276555852,565.43,562.99,-611.82,-0.61,-1.34,0.24,34.50
215,276559902,559.08,559.57,-607.42,-0.91,-0.98,-0.06,34.50
216,276563959,558.11,551.76,-608.40,-1.28,-0.73,-0.12,34.40
217,276568008,553.22,552.73,-608.40,-1.52,-0.18,-0.24,34.74
218,276573803,547.36,546.88,-604.98,-1.77,0.30,-0.24,34.64
219,276577852,547.85,545.41,-609.86,-1.77,0.37,-0.18,34.64
220,276581902,544.92,541.99,-611.82,-2.01,0.18,0.06,34.55
221,276585959,544.92,540.04,-606.93,-1.89,0.30,-0.18,34.31
222,276590008,543.46,544.92,-611.33,-1.83,0.12,0.18,34.55
223,276595803,541.50,539.06,-612.79,-1.89,0.00,0.06,34.40
224,276599852,543.95,537.60,-609.86,-2.01,0.00,0.12,34.64
225,276603902,545.41,542.97,-609.86,-1.89,0.37,0.37,34.40
226,276607959,541.50,538.57,-606.93,-1.95,0.30,0.49,34.50
227,276612008,543.46,534.67,-604.49,-2.07,0.43,0.43,34.55
228,276617803,539.06,539.55,-604.49,-2.01,0.67,0.43,34.64
229,276621852,529.79,539.55,-602.05,-1.52,0.73,0.61,34.40
230,276625902,531.25,540.53,-604.49,-1.65,0.55,0.73,34.64
231,276629959,531.74,541.99,-601.56,-1.59,0.30,1.10,34.50
232,276634008,525.39,544.43,-604.00,-1.22,0.18,1.16,34.50
233,276639803,532.23,550.78,-596.19,-0.98,0.12,1.46,34.50
234,276643852,530.27,560.55,-595.70,-1.28,0.00,1.40,34.55
235,276647902,524.90,557.13,-595.21,-1.28,0.12,1.46,34.64
236,276651959,520.02,560.06,-591.31,-1.40,0.12,1.52,34.64
237,276656008,521.48,563.48,-593.26,-1.89,0.12,1.40,34.69
238,276661803,519.53,564.45,-590.33,-1.83,0.55,1.46,34.16
239,276665852,519.53,572.75,-590.33,-2.01,0.79,1.59,34.40
240,276669902,518.07,575.20,-584.96,-2.20,1.10,1.52,34.50
241,276673959,521.48,577.15,-589.36,-2.44,1.65,1.65,34.64
242,276678008,517.58,583.98,-588.87,-2.26,2.01,1.89,34.55
243,276683803,518.55,583.50,-596.68,-2.13,1.95,2.01,34.21
244,276687852,513.67,580.08,-600.59,-2.50,1.83,1.95,34.36
245,276691902,517.09,576.66,-606.45,-2.13,1.59,2.32,34.50
246,276695959,515.62,579.10,-606.45,-1.83,1.28,2.26,34.64
247,276700008,513.18,581.05,-606.45,-1.77,0.85,2.56,34.31
248,276705803,513.67,587.40,-605.47,-1.46,0.37,2.68,34.55
249,276709852,523.44,581.54,-605.47,-1.89,0.24,2.74,34.74
250,276713902,526.37,578.61,-608.89,-1.52,0.37,2.74,34.69
251,276717959,523.93,576.17,-610.35,-1.59,0.24,2.87,34.64
252,276722008,524.90,578.61,-604.00,-1.28,0.24,2.80,34.50
253,276727803,520.51,575.68,-606.93,-1.46,0.12,2.68,34.50
254,276731852,519.04,571.78,-608.89,-1.16,0.00,2.68,34.40
255,276735902,525.39,570.31,-610.84,-1.22,-0.18,2.50,34.64
256,276739959,518.07,565.43,-609.38,-1.04,-0.61,2.38,34.64
257,276744008,525.88,570.31,-612.30,-0.91,-0.55,2.26,34.55
258,276749803,517.58,571.29,-609.38,-1.04,-0.73,2.32,34.31
259,276753852,522.46,573.24,-612.79,-0.98,-1.22,1.95,34.50
260,276757902,521.00,577.64,-614.75,-0.91,-1.83,2.01,34.31
261,276761959,522.95,582.52,-621.58,-1.10,-1.52,2.01,34.40
262,276767803,526.37,580.08,-621.09,-1.40,-1.52,1.95,34.40
263,276771852,522.95,585.45,-619.14,-1.40,-1.34,1.77,34.40
264,276775902,521.97,591.80,-621.58,-1.34,-1.22,1.40,34.50
265,276779959,521.00,583.01,-624.02,-1.52,-0.91,1.46,34.36
266,276784008,520.51,586.91,-623.05,-1.71,-0.73,1.52,34.50
267,276789803,517.58,587.89,-625.00,-1.59,-0.37,1.65,34.55
268,276793852,520.51,582.52,-627.44,-2.07,-0.37,1.52,34.69
269,276797902,514.65,580.57,-625.98,-2.01,0.30,1.34,34.64
270,276801959,510.25,574.71,-625.00,-2.07,0.55,1.65,34.21
271,276806008,510.25,576.17,-624.51,-2.44,0.79,1.65,34.64
272,276811803,510.25,569.82,-621.09,-2.38,1.22,1.59,34.40
273,276815852,502.93,566.41,-615.72,-2.62,1.83,1.46,34.50
274,276819902,506.84,560.06,-620.61,-2.87,2.13,1.28,34.50
275,276823959,496.58,548.34,-617.19,-2.93,2.01,1.46,34.40
276,276828008,493.65,543.95,-613.77,-2.62,2.13,1.71,34.55
277,276833803,488.28,542.48,-607.42,-2.56,1.83,2.26,34.64
278,276837852,480.96,536.13,-593.75,-2.68,1.46,2.38,34.55
279,276841902,480.47,535.64,-591.80,-2.80,1.40,2.20,34.64
280,276845959,476.56,533.20,-583.98,-2.93,1.65,2.38,34.50
281,276850008,474.61,531.74,-583.98,-2.44,2.26,2.68,34.64
282,276855803,464.84,528.81,-573.24,-2.74,2.44,3.11,34.83
283,276859852,460.45,528.32,-567.87,-2.93,2.74,3.17,34.40
284,276863902,453.12,528.32,-562.50,-2.87,3.17,3.48,34.50
285,276867959,450.68,523.44,-562.01,-3.05,3.72,3.78,34.50
286,276872008,449.71,522.95,-559.08,-3.23,4.33,4.21,34.50
287,276877803,438.96,523.44,-555.18,-3.17,4.70,4.70,34.36
288,276881852,431.64,519.53,-546.39,-3.29,4.82,5.55,34.50
289,276885902,430.66,515.14,-538.09,-3.35,5.06,6.10,34.69
290,276889959,424.80,519.04,-535.64,-3.29,4.88,6.83,34.40
291,276894008,427.73,513.18,-529.30,-3.29,5.18,7.74,34.31
292,276899803,416.50,507.32,-519.04,-3.48,5.55,8.41,34.40
293,276903852,415.04,507.32,-515.62,-4.02,5.91,9.09,34.31
294,276907902,416.02,497.56,-506.35,-4.39,6.65,9.70,34.64
295,276911959,408.20,496.09,-494.63,-4.57,7.32,10.30,34.40
296,276916008,403.32,489.26,-496.58,-5.00,7.93,11.04,34.50
297,276921803,395.02,481.45,-491.70,-5.12,8.23,11.77,34.40
298,276925852,396.97,471.68,-483.89,-4.82,7.62,12.44,34.69
299,276929902,389.65,465.33,-479.49,-5.30,7.62,13.05,34.36
300,276933959,389.65,459.96,-471.19,-5.12,7.74,13.23,34.64
301,276938008,385.25,456.05,-461.91,-6.10,8.54,13.54,34.40
302,276943803,382.32,447.27,-452.15,-6.77,10.12,13.29,34.50
303,276947852,367.19,443.36,-445.80,-7.68,11.77,13.29,34.40
304,276951902,358.89,434.57,-443.85,-7.68,12.32,13.05,34.55
305,276955959,349.61,431.15,-429.69,-7.99,12.62,12.93,34.64
306,276960008,340.33,421.39,-425.29,-8.05,12.44,13.11,34.31
307,276965803,333.98,414.55,-417.48,-8.84,12.93,12.87,34.64
308,276969852,314.94,402.34,-400.88,-9.70,13.48,11.89,34.64
309,276973902,306.64,395.02,-393.07,-10.06,13.90,11.10,34.40
310,276977959,295.41,381.35,-386.72,-10.61,14.57,10.12,34.74
311,276982008,275.39,374.02,-384.77,-11.52,14.63,9.21,34.50
312,276987803,259.28,369.14,-377.44,-12.32,15.18,8.48,34.74
313,276991852,235.35,354.98,-359.86,-12.62,14.94,7.01,34.50
314,276995902,215.82,353.03,-346.68,-12.93,14.57,5.79,34.31
315,276999959,207.52,348.63,-337.89,-13.05,13.66,4.57,34.69
316,277005803,195.31,337.89,-336.91,-12.87,12.62,3.23,34.64
317,277009852,182.13,336.43,-331.05,-13.11,10.73,1.34,34.64
318,277013902,171.87,334.47,-329.10,-13.17,9.51,-0.30,34.31
319,277017959,159.67,326.66,-329.59,-13.17,8.05,-1.52,34.40
320,277022008,156.74,330.08,-330.08,-12.62,6.34,-3.29,34.64
321,277027803,148.93,327.64,-337.40,-11.83,4.21,-4.76,34.50
322,277031852,139.65,327.64,-346.68,-10.91,0.55,-6.46,34.31
323,277035902,147.95,334.47,-346.68,-9.76,-3.05,-7.80,34.64
324,277039959,148.93,339.84,-357.91,-8.84,-5.79,-8.84,34.36
325,277044008,158.20,338.38,-359.37,-7.87,-9.33,-10.06,34.50
326,277049803,166.02,348.14,-355.47,-6.89,-12.38,-11.22,34.50
327,277053852,180.18,356.93,-347.17,-6.10,-15.49,-12.68,34.55
328,277057902,192.38,369.63,-339.84,-5.73,-16.83,-13.90,34.40
329,277061959,206.05,376.95,-330.57,-5.98,-17.74,-15.49,34.64
330,277066008,223.14,378.91,-322.75,-5.98,-18.72,-16.16,34.69
331,277071803,237.30,387.21,-326.66,-6.22,-19.39,-17.68,34.64
332,277075852,254.39,406.25,-328.12,-6.59,-19.63,-19.33,34.31
333,277079902,267.09,418.46,-335.94,-6.71,-19.57,-20.30,34.74
334,277083959,278.81,428.22,-345.70,-6.89,-20.00,-21.59,34.50
335,277088008,288.09,437.99,-353.52,-6.83,-20.91,-22.13,34.55
336,277093803,312.50,446.29,-364.75,-6.40,-21.95,-22.44,34.21
337,277097852,330.57,461.43,-379.88,-5.67,-24.15,-22.56,34.21
338,277101902,350.10,475.59,-385.74,-5.37,-25.43,-22.01,34.50
339,277105959,374.02,492.19,-393.07,-4.76,-27.13,-21.52,34.69
340,277110008,396.97,503.91,-409.67,-4.15,-28.23,-20.67,34.40
341,277115803,424.32,519.04,-419.92,-4.39,-28.35,-20.00,34.50
342,277119852,462.89,527.34,-425.78,-4.57,-27.20,-19.02,34.55
343,277123902,484.86,537.60,-433.11,-5.18,-25.73,-18.66,34.55
344,277127959,500.49,534.67,-447.75,-5.73,-23.05,-18.05,34.50
345,277132008,514.16,531.25,-453.61,-6.71,-20.55,-17.74,34.40
346,277137803,522.95,525.88,-460.45,-7.44,-17.56,-17.38,34.36
347,277141852,526.86,520.51,-460.45,-7.99,-14.02,-17.56,34.50
348,277145902,532.71,514.16,-458.98,-8.78,-12.01,-17.80,34.50
349,277149959,537.60,503.42,-454.10,-9.88,-9.09,-18.11,34.64
350,277154008,535.16,493.65,-449.71,-10.73,-6.71,-18.48,34.21
351,277159803,532.23,479.49,-450.68,-11.65,-4.70,-19.09,34.36
352,277163852,526.86,473.14,-450.68,-12.13,-2.50,-19.21,34.74
353,277167902,527.34,467.29,-457.03,-12.13,-2.01,-19.45,34.50
354,277171959,514.65,454.10,-458.98,-11.89,-2.56,-19.51,34.64
355,277176008,511.23,448.24,-467.77,-11.04,-3.41,-19.02,34.40
356,277181803,506.84,446.78,-466.31,-10.24,-5.00,-18.60,34.36
357,277185852,513.18,457.52,-475.10,-8.90,-7.26,-17.87,34.64
358,277189902,521.00,463.87,-477.05,-8.48,-8.41,-17.20,34.50
359,277193959,530.76,476.07,-477.54,-7.38,-9.57,-16.59,34.50
360,277198008,543.46,493.16,-480.96,-6.89,-10.06,-15.91,34.55
361,277203803,555.18,506.84,-477.05,-6.22,-10.24,-14.82,34.40
362,277207852,571.78,534.67,-486.33,-6.04,-9.51,-14.21,34.36
363,277211902,589.84,549.80,-489.75,-6.22,-8.66,-13.54,34.31
364,277215959,598.63,557.13,-489.75,-6.40,-6.95,-12.80,34.69
365,277221803,604.00,569.82,-493.65,-5.98,-4.94,-12.26,34.31
366,277225852,613.77,581.05,-494.14,-6.46,-1.95,-11.16,34.74
367,277229902,621.09,595.70,-505.37,-6.65,0.43,-10.61,34.55
368,277233959,628.42,599.61,-524.41,-6.89,2.20,-9.94,34.21
369,277238008,626.46,606.45,-533.69,-7.13,4.39,-8.72,34.50
370,277243803,626.95,607.91,-547.85,-7.44,6.77,-7.87,34.50
371,277247852,626.46,599.61,-556.15,-7.50,9.63,-6.83,34.64
372,277251902,623.54,591.31,-559.57,-7.80,11.46,-5.61,34.50
373,277255959,619.63,576.66,-557.13,-7.68,12.93,-4.88,34.50
374,277260008,613.28,577.15,-552.73,-7.44,14.21,-3.78,34.40
375,277265803,614.75,569.82,-544.43,-7.68,15.37,-2.99,34.36
376,277269852,615.72,566.89,-535.64,-7.50,16.16,-2.50,34.88
377,277273902,614.75,561.52,-529.79,-7.07,16.89,-2.32,34.64
378,277277959,617.68,558.11,-527.34,-6.89,17.38,-1.77,34.50
379,277282008,630.37,554.69,-529.30,-6.46,17.80,-1.04,34.36
380,277287803,629.88,557.62,-540.04,-5.67,17.62,-0.18,34.50
381,277291852,638.67,554.69,-549.80,-4.45,17.32,1.59,34.55
382,277295902,639.16,555.18,-556.64,-3.72,17.01,2.44,34.40
383,277299959,651.86,561.52,-557.13,-2.74,17.07,3.72,34.64
384,277304008,656.25,561.04,-565.43,-2.01,17.32,5.37,34.50
385,277309803,666.50,565.92,-560.55,-1.65,17.93,7.01,34.40
386,277313852,683.59,573.24,-559.57,-0.85,19.15,9.21,34.50
387,277317902,688.48,583.50,-562.50,-0.55,19.94,10.43,34.40
388,277321959,697.75,590.33,-565.92,-0.37,21.40,12.01,34.50
389,277326008,700.20,592.29,-562.01,-0.18,23.54,13.29,34.50
390,277331803,703.61,590.33,-572.27,-0.55,25.49,15.00,34.31
391,277335852,699.22,589.36,-577.64,-0.12,27.87,16.83,34.31
392,277339902,696.78,587.40,-583.01,0.43,28.60,17.99,34.64
393,277343959,692.87,580.08,-591.31,0.85,29.09,19.76,34.31
394,277348008,684.08,573.24,-594.24,1.40,29.57,21.28,34.50
395,277353803,686.04,564.45,-588.38,1.95,29.76,22.68,34.31
396,277357852,689.45,559.08,-587.89,2.50,30.73,24.15,34.50
397,277361902,685.06,557.62,-591.31,2.99,31.16,24.76,34.40
398,277365959,686.04,562.99,-593.75,3.17,31.65,25.67,34.64
399,277370008,685.55,556.15,-594.73,3.48,32.13,26.40,34.36
400,277375803,683.59,549.80,-593.75,3.48,32.80,27.13,34.50
401,277379852,685.06,548.83,-597.17,3.84,33.54,28.05,34.55
402,277383902,678.71,555.66,-598.14,4.33,33.05,28.72,34.88
403,277387959,683.59,558.59,-599.61,5.24,32.50,29.70,34.55
404,277392008,690.43,573.73,-602.54,6.10,31.77,30.49,34.50
405,277397803,692.38,582.03,-605.47,6.59,31.77,30.98,34.64
406,277401852,711.91,588.87,-607.91,6.71,32.32,31.40,34.55
407,277405902,720.70,599.12,-605.47,7.20,32.62,32.07,34.21
408,277409959,723.63,607.91,-611.82,7.62,33.05,32.50,34.64
409,277414008,730.47,617.68,-619.63,8.11,32.38,33.11,34.40
410,277419803,738.28,624.51,-623.05,8.54,31.77,34.15,34.50
411,277423852,750.98,639.65,-624.51,9.09,31.16,35.12,34.64
412,277427902,759.28,650.88,-631.35,9.09,30.73,35.98,34.55
413,277431959,766.11,658.20,-633.30,9.09,31.04,37.07,34.40
414,277437803,769.04,662.11,-638.67,9.33,31.34,38.23,34.69
415,277441852,780.76,667.97,-642.09,9.02,30.67,39.63,34.40
416,277445902,783.69,668.46,-640.14,9.27,30.18,41.10,34.69
417,277449959,785.16,676.27,-650.88,9.09,30.06,41.71,34.36
418,277454008,779.79,670.41,-640.62,8.05,30.00,42.26,34.50
419,277459803,783.69,666.99,-635.74,7.68,29.82,42.07,34.64
420,277463852,779.30,652.34,-633.79,6.59,30.98,41.65,34.50
421,277467902,779.30,635.25,-622.56,5.49,31.95,40.91,34.36
422,277471959,771.00,632.81,-612.79,4.70,32.74,40.18,34.21
423,277476008,759.77,627.44,-609.86,4.02,33.23,38.84,34.40
424,277481803,751.95,623.05,-605.96,3.29,32.99,37.56,34.50
425,277485852,735.84,615.72,-607.42,2.62,31.71,35.91,34.40
426,277489902,734.86,608.40,-607.42,2.56,30.24,34.88,34.50
427,277493959,729.49,616.21,-620.61,2.20,28.54,33.84,34.36
428,277498008,727.54,621.09,-620.12,2.26,26.40,32.44,34.69
429,277503803,732.91,633.30,-626.95,2.68,24.02,31.16,34.50
430,277507852,742.68,650.39,-635.25,2.13,21.52,29.76,34.50
431,277511902,743.16,666.99,-638.18,2.44,20.18,29.09,34.40
432,277515959,754.88,675.78,-640.62,2.32,18.05,28.48,34.36
433,277520008,764.65,687.50,-641.60,1.95,17.01,28.05,34.50
434,277525803,771.48,696.78,-652.83,1.40,16.52,27.74,34.16
435,277529852,775.88,714.36,-648.93,1.10,16.34,27.38,34.50
436,277533902,786.13,720.70,-648.44,0.55,16.22,27.07,34.64
437,277537959,787.11,724.61,-647.95,-0.18,16.77,26.59,34.40
438,277542008,787.60,730.96,-640.62,-0.85,17.26,26.40,34.74
439,277547803,785.64,727.05,-637.70,-1.71,17.99,25.98,34.40
440,277551852,779.79,721.19,-632.81,-2.93,18.11,25.18,34.50
441,277555902,784.18,716.31,-627.93,-3.17,18.35,24.94,34.40
442,277559959,782.23,710.94,-631.84,-3.54,17.80,24.39,34.55
443,277564008,782.71,705.08,-631.35,-3.48,16.65,24.33,34.40
444,277569803,781.74,696.29,-638.18,-3.72,15.12,23.66,34.36
445,277573852,790.04,697.27,-635.74,-3.35,12.87,23.54,34.50
446,277577902,794.92,694.82,-646.48,-3.84,11.59,22.93,34.64
447,277581959,801.76,686.04,-653.32,-3.60,10.43,22.50,34.69
448,277586008,811.52,683.11,-663.09,-3.11,9.09,22.50,34.36
449,277591803,822.27,677.73,-672.36,-2.32,7.38,22.68,34.64
450,277595852,843.26,687.50,-680.18,-1.65,4.82,22.80,34.50
451,277599902,851.56,690.92,-693.85,-1.40,3.54,22.87,34.64
452,277603959,867.68,697.27,-689.45,-0.91,1.95,22.26,34.83
453,277608008,878.42,706.54,-698.24,-1.22,1.59,21.28,34.31
454,277613803,885.25,703.61,-701.66,-2.20,2.13,20.12,34.69
455,277617852,895.51,698.24,-693.36,-3.48,4.09,18.29,34.74
456,277621902,894.53,697.75,-695.31,-4.51,5.67,17.44,34.69
457,277625959,895.02,695.31,-688.48,-5.67,7.44,16.34,34.64
458,277630008,886.72,686.52,-681.15,-6.28,8.29,14.63,34.40
459,277635803,872.07,679.69,-680.66,-7.26,8.78,13.29,34.55
460,277639852,856.45,665.04,-670.90,-8.23,8.72,11.77,34.40
461,277643902,845.70,653.81,-666.02,-8.35,8.54,10.91,34.31
462,277647959,835.45,647.95,-661.62,-8.84,7.26,9.57,34.64
463,277653803,828.61,644.04,-656.74,-8.66,5.91,8.23,34.40
464,277657852,824.71,633.79,-656.25,-8.23,4.45,7.01,34.40
465,277661902,815.43,623.54,-658.20,-8.11,2.87,5.85,34.64
466,277665959,805.18,625.00,-658.20,-7.80,1.22,4.70,34.36
467,277670008,803.22,624.02,-656.74,-7.68,-0.43,3.78,34.31
468,277674058,805.66,619.63,-654.79,-7.38,-1.59,2.80,34.64
469,277679803,806.64,619.14,-653.81,-6.83,-3.29,1.59,34.40
470,277683852,805.18,617.68,-662.11,-6.28,-4.45,0.37,34.64
471,277687902,806.64,613.28,-661.62,-5.98,-5.37,-0.55,34.21
472,277691959,810.55,619.14,-663.09,-5.49,-6.89,-1.52,34.83
473,277697803,807.13,614.75,-667.97,-4.88,-7.80,-2.80,34.88
474,277701852,815.43,614.75,-663.57,-4.70,-8.41,-4.02,34.40
475,277705902,816.41,610.35,-663.09,-4.88,-8.96,-4.63,34.64
476,277709959,816.41,612.79,-659.18,-4.45,-9.63,-4.82,34.31
477,277714008,817.38,612.30,-661.13,-4.09,-11.04,-5.24,34.40
478,277719803,821.29,610.84,-649.90,-3.11,-12.56,-5.43,34.64
479,277723852,827.64,613.28,-642.09,-2.62,-15.24,-5.12,34.50
480,277727902,841.80,614.75,-636.23,-1.71,-16.34,-5.49,34.74
481,277731959,845.70,617.19,-626.95,-1.65,-17.20,-5.43,34.50
482,277736008,854.49,625.00,-620.61,-1.34,-17.50,-5.43,34.64
483,277741803,862.30,625.49,-619.63,-0.61,-17.38,-5.49,34.64
484,277745852,873.05,632.32,-614.26,-0.67,-17.32,-5.30,34.31
485,277749902,878.42,634.28,-618.65,-1.28,-17.07,-5.12,34.50
486,277753959,883.30,644.53,-618.16,-1.59,-16.34,-5.12,34.64
487,277758008,891.11,639.16,-611.82,-1.95,-15.43,-5.12,34.64
488,277763803,895.02,639.16,-605.47,-2.32,-14.51,-4.88,34.40
489,277767852,895.02,638.67,-611.82,-3.05,-13.29,-5.00,34.31
490,277771902,893.07,640.62,-611.33,-3.17,-12.07,-5.00,34.40
491,277775959,891.11,636.23,-608.89,-3.66,-11.59,-5.00,34.64
492,277780008,890.62,634.77,-610.35,-3.90,-10.79,-4.76,34.21
493,277785803,893.07,637.21,-610.35,-3.84,-9.88,-4.39,34.31
494,277789852,887.70,629.39,-612.79,-3.96,-9.27,-3.84,34.40
495,277793902,885.25,628.91,-613.77,-3.72,-9.63,-3.35,34.64
496,277797959,887.70,625.98,-616.70,-2.99,-10.43,-2.87,34.69
497,277802008,889.65,621.58,-619.14,-2.44,-11.28,-2.50,34.31
498,277807803,895.51,624.51,-619.63,-2.32,-11.77,-1.77,34.64
499,277811852,901.37,624.02,-623.54,-2.13,-11.65,-1.83,34.64
500,277815902,902.83,622.07,-618.65,-1.95,-11.59,-1.65,34.40
501,277819959,906.25,613.77,-618.16,-1.95,-10.49,-1.89,34.64
502,277824008,908.20,611.82,-608.89,-2.56,-9.02,-2.13,34.40
503,277829803,915.53,607.91,-603.52,-2.68,-7.44,-2.56,34.50
504,277833852,908.69,607.42,-599.61,-2.93,-5.79,-2.50,34.50
505,277837902,905.76,598.14,-604.49,-3.23,-4.70,-3.23,34.40
506,277841959,895.02,598.14,-597.66,-3.41,-3.60,-3.54,34.64
507,277846008,893.55,595.21,-603.52,-3.41,-2.74,-4.27,34.50
508,277851803,890.14,593.75,-605.96,-2.87,-2.56,-4.57,34.40
509,277855852,882.81,594.24,-610.35,-2.50,-2.26,-4.76,34.55
510,277859902,874.51,592.29,-612.30,-2.38,-2.62,-4.76,34.31
511,277863959,877.93,590.33,-613.28,-2.07,-2.32,-5.00,34.64
512,277868008,868.16,594.24,-613.28,-1.52,-2.87,-4.82,34.36
513,277873803,865.72,595.21,-609.86,-1.59,-3.17,-4.82,34.50
514,277877852,861.82,594.24,-613.28,-1.34,-2.99,-4.94,34.64
515,277881902,856.45,598.63,-609.86,-1.22,-2.87,-5.06,34.02
516,277885959,860.35,595.70,-611.33,-0.98,-2.62,-5.12,34.50
517,277891803,855.47,597.17,-608.40,-1.10,-2.07,-5.30,34.55
518,277895852,852.54,592.29,-600.10,-0.67,-2.01,-5.49,34.64
519,277899902,849.12,597.17,-604.49,-0.67,-2.07,-5.49,34.40
520,277903959,849.12,592.77,-598.63,-0.43,-1.71,-5.91,34.50
521,277908008,845.70,586.43,-594.24,-0.55,-1.46,-5.85,34.50
522,277913803,836.43,587.40,-597.66,-0.12,-1.28,-6.40,34.55
523,277917852,838.87,583.50,-593.75,-0.49,-0.79,-6.89,34.50
524,277921902,830.57,577.64,-595.21,-0.49,-0.49,-7.07,34.55
525,277925959,832.03,578.61,-591.80,-0.49,-0.37,-7.32,34.12
526,277930008,827.64,582.52,-594.73,0.06,-0.91,-7.32,34.40
527,277935803,823.24,581.05,-596.68,0.55,-1.77,-7.56,34.50
528,277939852,828.61,579.59,-589.84,0.73,-2.99,-7.87,34.64
529,277943902,824.22,578.12,-599.61,1.22,-3.29,-7.99,34.64
530,277947959,825.20,580.57,-599.12,1.04,-4.02,-8.05,34.50
531,277952008,825.20,586.43,-595.70,1.16,-4.15,-8.41,34.36
532,277957803,828.12,582.03,-594.73,1.10,-4.02,-9.27,34.55
533,277961852,827.15,588.87,-598.63,0.91,-3.96,-9.51,34.31
534,277965902,828.61,589.36,-595.70,0.85,-4.02,-9.76,34.64
535,277969959,826.17,594.24,-594.73,0.67,-4.21,-10.00,34.50
536,277974008,821.29,592.29,-591.80,0.12,-4.33,-10.43,34.74
537,277979803,819.34,589.84,-591.80,-0.06,-4.02,-10.37,34.40
538,277983852,818.85,596.68,-588.38,-0.67,-3.84,-10.73,34.21
539,277987902,814.45,595.21,-591.80,-0.98,-3.78,-11.22,34.55
540,277991959,812.99,595.70,-588.87,-1.40,-3.66,-11.34,34.55
541,277996008,802.73,601.07,-595.70,-1.59,-3.84,-11.83,34.21
542,278001803,803.22,603.52,-593.75,-1.89,-3.96,-12.20,34.36
543,278005852,798.34,603.52,-588.38,-2.01,-4.09,-12.07,34.21
544,278009902,785.16,606.93,-585.45,-2.32,-4.39,-11.89,34.31
545,278013959,785.16,608.89,-583.50,-2.56,-4.88,-11.83,34.55
546,278018008,785.16,608.89,-585.45,-2.44,-5.18,-11.52,34.31
547,278023803,778.32,613.77,-588.38,-2.62,-5.79,-10.98,34.40
548,278027852,782.23,612.79,-584.96,-2.56,-6.71,-10.85,34.50
549,278031902,783.20,614.26,-588.38,-2.50,-7.20,-10.55,34.50
550,278035959,779.30,615.72,-591.31,-2.50,-7.87,-10.12,34.40
551,278040008,777.83,611.33,-588.38,-2.68,-8.48,-10.00,34.21
552,278045803,772.46,615.72,-587.89,-2.80,-9.45,-10.30,34.55
553,278049852,777.34,609.86,-587.40,-3.41,-9.02,-10.06,34.64
554,278053902,773.93,610.35,-581.05,-3.90,-8.78,-10.24,34.40
555,278057959,778.81,610.35,-581.54,-4.51,-7.74,-10.49,34.40
556,278062008,775.88,608.40,-575.20,-4.94,-7.13,-10.73,34.36
557,278067803,771.97,608.40,-576.17,-5.37,-6.34,-10.85,34.21
558,278071852,768.07,607.91,-581.54,-5.61,-6.59,-10.67,34.31
559,278075902,764.16,603.52,-580.57,-5.43,-7.50,-10.43,34.31
560,278079959,763.67,605.96,-582.03,-5.12,-7.93,-10.00,34.69
561,278084008,763.18,606.93,-587.89,-5.06,-8.29,-9.94,34.31
562,278089803,759.77,607.91,-586.43,-5.55,-8.60,-10.18,34.36
563,278093852,761.72,609.38,-584.96,-5.85,-8.11,-10.37,34.55
564,278097902,759.77,613.77,-587.89,-6.16,-8.05,-10.30,34.31
565,278101959,759.28,609.86,-583.01,-5.91,-8.11,-9.88,34.55
566,278107803,764.65,615.72,-586.43,-6.22,-7.87,-10.12,34.40
567,278111852,761.23,618.65,-589.84,-6.52,-7.68,-10.00,34.55
568,278115902,750.49,617.19,-599.61,-6.89,-7.50,-9.94,34.50
569,278119959,750.00,622.56,-600.59,-7.01,-8.05,-10.12,34.21
570,278124008,748.05,619.14,-594.24,-6.95,-8.23,-10.12,34.40
571,278129803,751.95,610.84,-597.66,-7.07,-8.41,-10.24,34.64
572,278133852,747.07,614.26,-590.82,-6.89,-8.66,-9.88,34.74
573,278137902,749.51,617.68,-594.24,-7.07,-9.21,-9.51,34.40
574,278141959,742.68,612.79,-587.89,-6.89,-9.51,-9.63,34.40
575,278146008,744.14,610.84,-590.33,-6.71,-10.00,-9.70,34.31
576,278151803,742.68,604.00,-593.75,-6.52,-10.43,-9.82,34.55
577,278155852,733.89,604.00,-587.89,-6.28,-10.73,-9.39,34.50
578,278159902,738.77,604.49,-592.29,-6.22,-11.28,-9.39,34.55
579,278163959,739.26,600.10,-589.84,-5.91,-11.59,-9.45,34.50
580,278168008,742.19,601.56,-583.50,-6.04,-12.26,-9.33,34.36
581,278173803,738.28,599.12,-588.87,-5.67,-12.44,-9.21,34.55
582,278177852,739.75,601.56,-586.91,-5.55,-12.50,-9.15,34.31
583,278181902,743.16,604.49,-577.64,-5.55,-12.44,-8.96,34.36
584,278185959,741.70,602.54,-581.05,-5.43,-11.77,-9.21,34.74
585,278190008,741.21,602.05,-574.22,-5.67,-10.79,-9.02,34.50
586,278195803,732.42,598.14,-571.78,-5.67,-10.18,-9.27,34.40
587,278199852,729.00,601.07,-572.75,-5.98,-9.27,-9.02,34.31
588,278203902,726.07,591.80,-573.24,-5.79,-8.78,-9.02,34.40
589,278207959,722.66,591.80,-567.87,-5.73,-8.29,-8.84,34.50
590,278212008,723.14,594.73,-573.24,-5.67,-7.50,-8.96,34.40
591,278217803,719.73,598.63,-570.31,-5.43,-7.07,-9.09,34.50
592,278221852,711.91,602.05,-570.31,-5.43,-6.65,-8.41,34.12
593,278225902,708.98,595.70,-571.29,-5.06,-6.59,-8.35,34.64
594,278229959,705.57,596.19,-567.38,-5.12,-6.10,-7.99,34.64
595,278234008,702.64,595.21,-561.52,-4.70,-6.10,-8.17,34.36
596,278239803,700.20,599.12,-556.64,-4.63,-6.04,-7.87,34.40
597,278243852,695.31,596.19,-553.71,-4.27,-5.73,-7.13,34.50
598,278247902,693.85,590.33,-552.25,-4.02,-5.37,-6.65,34.31
599,278251959,690.92,588.38,-547.85,-3.78,-4.94,-6.40,34.40
600,278256008,684.08,590.82,-551.27,-3.78,-4.39,-5.98,34.50
601,278261803,682.62,590.82,-549.32,-3.66,-4.21,-5.30,34.31
602,278265852,675.78,587.40,-546.39,-3.41,-4.15,-4.88,34.64
603,278269902,675.29,585.94,-542.48,-3.11,-4.33,-4.70,34.40
604,278273959,670.41,581.54,-541.02,-2.74,-5.12,-4.33,34.21
605,278278008,668.46,581.54,-526.86,-2.13,-5.49,-3.90,34.40
606,278283803,673.83,582.03,-529.79,-1.89,-5.12,-3.66,34.55
607,278287852,674.80,573.24,-532.23,-1.59,-5.37,-3.48,34.64
608,278291902,666.99,571.78,-533.69,-1.46,-5.18,-3.35,34.64
609,278295959,665.04,569.82,-534.18,-1.04,-5.67,-2.99,34.40
610,278300008,662.11,565.43,-531.25,-0.67,-6.40,-2.44,34.50
611,278305803,654.79,564.45,-533.69,0.18,-7.13,-2.13,34.50
612,278309852,650.88,569.34,-529.79,0.37,-7.62,-1.77,34.64
613,278313902,649.90,568.36,-526.37,0.49,-7.93,-1.46,34.40
614,278317959,651.37,567.38,-524.90,0.79,-7.80,-1.52,34.74
615,278323803,653.32,565.43,-519.04,0.73,-7.32,-1.89,34.55
616,278327852,647.46,565.43,-519.53,0.30,-6.46,-2.13,34.64
617,278331902,644.53,572.75,-521.97,0.12,-5.91,-2.07,34.88
618,278335959,638.18,564.45,-517.58,0.24,-5.43,-2.26,34.31
619,278340008,634.77,566.89,-522.46,0.24,-4.57,-2.68,34.74
620,278345803,632.81,564.45,-517.09,0.06,-3.41,-2.93,34.55
621,278349852,619.63,565.92,-510.74,-0.12,-2.50,-3.41,34.88
622,278353902,612.30,559.08,-507.81,-0.06,-1.83,-3.35,34.50
623,278357959,607.91,562.50,-508.30,-0.24,-1.22,-3.84,34.21
624,278362008,599.12,559.08,-500.49,-0.24,-0.30,-4.09,34.64
625,278367803,592.29,552.73,-506.35,-0.24,0.24,-4.33,34.40
626,278371852,582.03,551.76,-502.93,0.12,1.10,-4.39,34.50
627,278375902,570.80,542.48,-497.07,0.30,1.46,-4.45,34.36
628,278379959,561.52,535.16,-498.05,0.49,1.77,-4.63,34.40
629,278384008,559.57,536.62,-486.82,1.04,1.71,-4.51,34.74
630,278389803,550.78,530.76,-489.75,1.71,1.52,-4.39,34.50
631,278393852,545.90,532.23,-482.42,2.80,0.98,-3.78,34.64
632,278397902,546.39,531.25,-477.05,3.17,0.37,-3.60,34.64
633,278401959,547.36,527.83,-473.14,4.09,0.06,-3.05,34.36
634,278406008,538.09,528.32,-475.59,4.82,-0.37,-2.38,34.50
635,278411803,539.55,528.32,-478.03,5.67,-1.10,-1.71,34.40
636,278415852,532.71,523.44,-478.52,6.52,-2.56,-0.98,34.21
637,278419902,529.79,529.30,-478.52,7.20,-3.29,-0.55,34.50
638,278423959,531.25,530.76,-474.61,7.99,-4.09,-0.18,34.50
639,278428008,529.79,527.34,-469.24,8.23,-4.33,-0.18,34.64
640,278433803,536.13,524.41,-462.40,8.48,-4.21,-0.24,34.36
641,278437852,535.16,524.90,-459.96,8.54,-3.66,0.06,34.21
642,278441902,530.27,521.97,-459.47,8.41,-3.05,0.18,34.50
643,278445959,523.44,519.04,-455.57,8.54,-2.07,0.00,34.55
644,278450008,522.95,515.62,-452.15,8.11,-1.77,0.06,34.02
645,278455803,516.60,518.55,-449.71,8.05,-0.67,0.06,34.31
646,278459852,510.25,516.11,-448.73,7.62,0.06,-0.49,34.36
647,278463902,505.86,515.62,-449.22,7.38,0.49,-0.49,34.64
648,278467959,498.54,511.23,-439.94,7.13,1.10,-1.10,34.40
649,278472008,498.05,514.16,-444.34,7.01,1.95,-1.46,34.40
650,278477803,492.68,508.30,-438.96,6.34,3.48,-1.83,34.40
651,278481852,483.89,510.25,-431.64,5.79,4.21,-2.44,34.31
652,278485902,474.12,501.95,-436.04,5.18,4.94,-2.93,34.36
653,278489959,473.63,494.14,-426.76,4.94,5.61,-3.48,34.50
654,278494008,464.84,487.30,-421.87,4.82,6.04,-3.96,34.31
655,278499803,458.01,476.07,-425.29,4.63,5.85,-4.39,34.55
656,278503852,449.71,476.56,-426.27,5.06,5.37,-4.21,34.40
657,278507902,445.31,477.54,-422.85,5.55,4.63,-4.39,34.64
658,278511959,438.96,472.66,-424.32,5.85,3.60,-4.27,34.69
659,278516008,440.92,471.19,-424.80,6.77,2.56,-3.90,34.50
660,278521803,436.04,470.70,-427.73,7.32,1.10,-3.84,34.50
661,278525852,438.96,467.77,-431.64,8.11,-0.73,-3.84,34.74
662,278529902,437.50,470.21,-425.78,8.41,-1.40,-4.15,34.50
663,278533959,439.94,470.70,-426.27,8.90,-2.68,-3.90,34.50
664,278539803,441.41,466.31,-421.39,9.21,-3.35,-4.27,34.50
665,278543852,443.85,458.50,-412.60,9.45,-4.33,-4.76,34.64
666,278547902,447.27,460.45,-411.62,9.27,-4.63,-5.55,34.64
667,278551959,442.38,458.98,-409.18,8.96,-4.76,-5.43,34.36
668,278556008,442.38,459.47,-411.62,9.02,-5.12,-6.16,34.50
669,278560058,445.31,455.08,-402.34,8.96,-4.82,-6.52,34.40
670,278565803,433.11,457.52,-400.88,8.72,-5.43,-7.01,34.64
671,278569852,429.69,457.03,-397.95,8.29,-5.73,-7.87,34.69
672,278573902,426.76,457.52,-392.58,8.29,-5.91,-8.11,34.40
673,278577959,422.85,452.15,-382.81,7.87,-6.16,-8.90,34.31
674,278583803,425.78,460.94,-386.23,7.13,-5.85,-9.88,34.40
675,278587852,415.53,458.01,-379.39,6.22,-5.06,-10.98,34.50
676,278591902,405.76,454.59,-379.39,5.30,-4.09,-12.56,34.50
677,278595959,407.23,453.61,-374.51,4.39,-3.29,-13.35,34.36
678,278600008,399.90,446.78,-374.02,3.29,-2.38,-14.94,34.40
679,278605803,385.74,446.78,-372.56,2.38,-1.34,-15.98,34.50
680,278609852,368.16,443.36,-370.61,1.52,-1.16,-17.32,34.36
681,278613902,358.89,446.29,-371.58,0.98,-1.40,-18.17,34.36
682,278617959,354.00,441.41,-372.07,1.04,-2.44,-18.60,34.40
683,278622008,340.33,443.36,-375.49,0.98,-3.66,-18.90,34.55
684,278627803,335.45,440.92,-375.00,1.04,-5.30,-19.21,34.74
685,278631852,328.12,439.45,-375.00,1.10,-6.65,-19.70,34.40
686,278635902,330.57,441.41,-372.07,1.10,-7.80,-20.00,34.64
687,278639959,321.78,439.94,-374.02,0.67,-8.78,-20.37,34.50
688,278644008,317.87,443.85,-373.54,0.85,-9.39,-20.85,34.50
689,278649803,322.27,442.38,-373.54,0.55,-10.49,-21.10,34.31
690,278653852,313.96,440.43,-375.00,0.49,-11.22,-21.95,34.31
691,278657902,309.57,437.50,-374.51,0.49,-11.95,-21.71,34.31
692,278661959,306.15,434.08,-377.93,0.49,-12.44,-22.13,34.50
693,278666008,302.73,431.15,-381.84,0.73,-13.54,-22.56,34.36
694,278671803,303.71,436.52,-378.42,0.91,-14.94,-22.93,34.31
695,278675852,301.27,440.92,-377.93,1.04,-15.98,-23.11,34.40
696,278679902,310.55,440.43,-388.18,1.16,-17.13,-23.48,34.64
697,278683959,315.43,438.48,-390.62,1.52,-17.80,-23.78,34.64
698,278688008,321.29,441.41,-399.41,1.46,-19.27,-23.90,34.12
699,278693803,332.52,454.10,-407.23,2.13,-20.30,-24.02,34.36
700,278697852,338.87,468.75,-408.20,2.20,-21.52,-24.09,34.64
701,278701902,345.21,476.07,-414.55,2.13,-21.95,-24.09,34.21
702,278705959,359.37,479.49,-418.95,1.46,-21.89,-24.27,34.50
703,278710008,371.09,488.77,-419.92,1.10,-22.13,-24.21,34.50
704,278715803,375.98,497.56,-425.78,0.85,-22.32,-24.21,34.50
705,278719852,382.81,506.35,-437.01,0.30,-21.77,-23.96,34.64
706,278723902,397.46,516.60,-443.36,-0.12,-21.40,-23.48,34.64
707,278727959,400.39,521.48,-443.36,-0.43,-20.91,-23.17,34.64
708,278732008,408.69,535.64,-445.31,-0.91,-20.00,-22.68,34.50
709,278737803,416.99,537.11,-452.64,-1.22,-19.57,-21.71,34.64
710,278741852,425.29,545.41,-462.40,-0.98,-18.78,-20.49,34.40
711,278745902,437.50,548.34,-472.66,-1.04,-19.09,-19.21,34.31
712,278749959,441.41,555.66,-477.05,-0.55,-19.21,-17.62,34.50
713,278754008,452.64,561.04,-478.52,-0.67,-18.90,-16.40,34.40
714,278759803,461.43,565.92,-490.23,-0.55,-18.54,-14.82,34.69
715,278763852,475.59,568.85,-493.16,-0.73,-17.62,-12.99,34.40
716,278767902,485.35,566.89,-501.46,-0.61,-17.20,-11.77,34.64
717,278771959,490.23,571.78,-510.74,-0.79,-16.52,-10.30,34.50
718,278777803,498.54,572.75,-516.11,-1.10,-15.43,-9.02,34.64
719,278781852,518.55,570.80,-523.44,-1.10,-14.02,-7.38,34.31
720,278785902,526.37,563.96,-532.71,-1.34,-12.32,-6.34,34.64
721,278789959,536.62,568.85,-531.74,-1.59,-11.16,-5.67,34.40
722,278794008,545.41,562.50,-539.55,-1.83,-8.96,-4.45,34.50
723,278799803,555.66,557.13,-542.97,-2.13,-6.95,-3.48,34.55
724,278803852,556.64,550.78,-549.80,-2.74,-4.70,-2.74,34.64
725,278807902,557.13,556.15,-550.78,-3.29,-3.17,-2.07,34.31
726,278811959,566.89,550.29,-549.80,-3.54,-1.46,-1.65,34.31
727,278816008,562.50,543.46,-553.71,-3.96,0.12,-0.91,34.55
728,278821803,563.48,537.60,-560.55,-4.51,2.01,-0.49,34.36
729,278825852,566.89,540.04,-561.04,-4.63,3.66,0.06,34.55
730,278829902,557.13,538.09,-563.96,-4.82,4.88,0.61,34.40
731,278833959,553.22,533.69,-571.29,-5.12,5.73,0.73,34.40
732,278838008,545.41,536.13,-571.29,-5.24,6.71,0.85,34.50
733,278843803,538.09,534.18,-569.82,-5.18,7.20,1.16,34.40
734,278847852,530.27,530.27,-575.68,-4.70,7.26,1.52,34.40
735,278851902,519.53,534.18,-574.22,-4.51,7.07,1.59,34.50
736,278855959,517.58,538.57,-580.08,-3.90,6.46,1.89,34.74
737,278860008,510.25,536.62,-583.01,-3.23,6.16,2.44,34.40
738,278865803,503.91,542.48,-580.08,-2.99,5.79,2.56,34.40
739,278869852,500.00,545.90,-577.64,-2.44,6.40,2.62,34.16
740,278873902,495.12,550.29,-571.78,-2.50,6.59,2.62,34.64
741,278877959,487.79,552.25,-575.20,-2.20,6.83,2.56,34.64
742,278882008,486.82,553.71,-571.29,-1.59,7.13,2.80,34.64
743,278887803,479.49,555.66,-574.71,-0.79,6.95,2.99,34.31
744,278891852,483.89,566.41,-576.66,-0.37,6.59,2.62,34.31
745,278895902,475.59,569.34,-579.59,-0.06,6.89,2.32,34.40
746,278899959,477.05,573.24,-578.61,0.43,7.07,2.50,34.55
747,278904008,476.56,577.64,-586.91,0.55,7.80,2.26,34.31
748,278909803,472.17,576.17,-582.52,1.16,7.56,2.50,34.40
749,278913852,473.63,582.52,-588.38,1.77,7.20,2.74,34.40
750,278917902,471.19,581.54,-576.17,2.20,6.71,3.29,34.50
751,278921959,471.68,580.57,-579.59,2.80,5.91,3.84,34.40
752,278926008,477.05,585.45,-580.57,3.54,4.94,3.96,34.21
753,278931803,481.45,588.87,-578.61,3.78,4.51,4.09,34.50
754,278935852,479.98,589.36,-572.75,4.57,4.45,4.21,34.55
755,278939902,489.26,598.63,-578.61,4.70,4.21,4.39,34.40
756,278943959,495.61,595.70,-573.24,4.51,4.21,4.45,34.74
757,278948008,497.07,589.84,-576.66,4.57,4.39,4.51,34.64
758,278953803,498.05,595.21,-578.12,4.45,4.82,4.39,34.64
759,278957852,501.46,600.59,-569.82,4.09,5.55,4.82,34.40
760,278961902,500.98,599.61,-568.36,3.60,6.28,4.70,34.36
761,278965959,505.37,597.17,-569.34,3.23,6.77,4.51,34.55
762,278970008,507.32,598.14,-569.82,3.23,7.74,4.27,34.40
763,278975803,502.93,598.63,-572.75,2.93,8.35,4.39,34.64
764,278979852,501.46,595.21,-574.71,2.50,8.96,4.33,34.31
765,278983902,496.58,588.38,-573.73,2.26,9.21,4.45,34.16
766,278987959,498.05,583.50,-570.31,2.13,9.27,4.57,34.40
767,278993803,491.70,582.03,-568.85,2.07,8.90,5.00,34.36
768,278997852,495.12,585.94,-572.75,2.13,8.78,5.55,34.40
769,279001902,495.12,583.50,-570.80,2.07,8.60,5.85,34.50
770,279005959,500.00,581.54,-565.43,1.89,8.17,5.91,34.16
771,279010008,500.49,579.10,-565.92,1.77,8.23,5.73,34.50
772,279015803,498.54,568.85,-565.43,1.83,7.74,6.16,34.40
773,279019852,501.46,567.38,-564.94,1.46,7.99,6.46,34.50
774,279023902,499.02,563.48,-563.48,1.52,8.05,6.89,34.40
775,279027959,499.02,568.36,-564.45,1.40,7.74,7.32,34.36
776,279032008,500.98,563.48,-562.50,1.16,7.80,7.32,34.40
777,279037803,500.00,558.11,-560.06,0.91,7.74,7.62,34.50
778,279041852,501.95,559.57,-559.08,0.85,7.38,7.68,34.55
779,279045902,504.39,545.90,-556.64,0.73,7.50,8.05,34.64
780,279049959,502.93,541.02,-559.08,0.67,7.13,8.17,34.21
781,279054008,503.91,539.55,-551.76,0.24,7.07,8.41,34.40
782,279059803,507.81,539.06,-547.36,-0.30,7.56,8.41,34.55
783,279063852,510.25,530.76,-544.92,-0.91,8.41,8.54,34.40
784,279067902,501.46,529.79,-539.55,-1.28,9.27,8.78,34.64
785,279071959,492.68,526.37,-531.74,-1.59,10.06,8.96,34.50
786,279076008,491.21,522.95,-525.39,-1.89,10.06,8.96,34.40
787,279081803,490.72,520.02,-525.88,-2.26,10.24,9.57,34.36
788,279085852,475.59,518.55,-511.72,-2.50,10.73,9.57,34.36
789,279089902,472.17,515.62,-511.72,-2.56,10.98,9.94,34.69
790,279093959,468.26,513.18,-504.88,-3.23,11.34,10.61,34.21
791,279098008,459.47,507.32,-504.39,-3.41,11.83,11.04,34.50
792,279103803,460.94,507.81,-499.02,-3.54,11.77,11.71,34.21
793,279107852,450.68,506.84,-502.44,-2.74,11.04,12.62,34.31
794,279111902,445.80,510.74,-494.63,-2.38,9.94,13.41,34.50
795,279115959,443.85,505.86,-498.54,-1.71,8.54,14.70,34.55
796,279120008,438.48,508.79,-500.49,-0.98,6.71,15.67,34.40
797,279125803,442.87,510.25,-493.65,-0.30,5.18,17.13,34.12
798,279129852,443.36,506.84,-490.23,0.06,3.78,18.05,34.40
799,279133902,444.82,503.91,-487.79,-0.06,3.84,18.78,34.36
800,279137959,450.20,502.93,-482.42,-0.24,3.90,18.96,34.40
801,279142008,450.20,494.14,-471.68,-0.73,4.51,19.27,34.31
802,279147803,448.73,497.07,-463.87,-1.28,5.79,19.51,34.55
803,279151852,441.41,491.21,-451.17,-1.95,7.26,19.94,34.36
804,279155902,432.13,485.35,-441.41,-2.38,8.11,19.82,34.64
805,279159959,435.55,476.07,-434.57,-2.68,9.09,20.00,34.55
806,279164008,436.52,478.52,-432.62,-2.74,9.70,19.82,34.50
807,279169803,429.69,467.29,-430.66,-2.93,10.00,20.00,34.40
808,279173852,425.29,461.43,-431.64,-3.48,10.12,20.00,34.50
809,279177902,419.92,456.54,-427.73,-3.60,10.37,20.06,34.55
810,279181959,412.60,448.73,-426.27,-3.48,10.00,20.00,34.40
811,279186008,412.60,451.66,-419.92,-3.78,10.06,19.94,34.55
812,279191803,415.53,448.24,-418.95,-4.02,9.57,20.06,34.64
813,279195852,411.13,445.80,-416.99,-4.27,9.57,19.94,34.50
814,279199902,409.18,444.82,-412.11,-4.57,10.30,19.76,34.50
815,279203959,409.67,438.48,-406.74,-4.82,10.55,19.33,34.69
816,279209803,414.55,431.64,-406.25,-5.43,11.28,19.39,34.55
817,279213852,409.18,425.78,-403.32,-5.24,11.89,19.09,34.31
818,279217902,408.69,426.76,-393.07,-5.55,12.13,18.66,34.50
819,279221959,402.34,426.27,-399.90,-5.98,12.68,18.72,34.36
820,279226008,400.39,425.78,-397.46,-6.34,13.05,18.23,34.64
821,279230058,394.53,422.36,-397.46,-6.46,13.72,18.23,34.50
822,279235803,395.51,417.48,-400.88,-6.77,14.27,17.80,34.55
823,279239852,391.11,410.16,-398.93,-6.77,13.72,17.80,34.64
824,279243902,393.55,414.55,-406.74,-6.40,13.35,17.80,34.40
825,279247959,392.09,412.11,-402.34,-5.98,12.07,17.50,34.36
826,279253803,387.21,409.18,-402.34,-5.79,10.91,17.13,34.64
827,279257852,389.16,407.71,-396.97,-5.37,9.94,16.52,34.40
828,279261902,392.58,408.69,-396.00,-5.12,9.88,16.34,34.50
829,279265959,394.53,412.11,-393.07,-5.49,10.24,15.73,34.21
830,279270008,389.16,410.64,-388.18,-5.49,10.43,15.43,34.50
831,279275803,389.65,411.62,-377.44,-5.79,10.43,14.94,34.40
832,279279852,381.35,416.02,-379.88,-5.67,10.49,14.94,34.64
833,279283902,385.74,421.39,-380.86,-5.30,10.18,14.70,34.50
834,279287959,382.81,419.43,-384.28,-5.24,9.88,14.57,34.55
835,279292008,384.28,431.15,-388.67,-4.76,9.51,14.57,34.40
836,279297803,391.11,438.96,-398.93,-4.63,8.35,14.57,34.55
837,279301852,386.23,444.82,-404.30,-4.27,7.80,14.45,34.21
838,279305902,396.00,444.82,-409.67,-3.84,6.89,14.02,34.36
839,279309959,399.90,451.17,-411.62,-3.35,5.98,13.90,34.40
840,279314008,404.79,454.10,-415.53,-2.87,5.37,13.78,34.40
841,279319803,410.16,460.94,-417.97,-3.11,4.76,13.60,34.40
842,279323852,421.39,464.84,-417.97,-2.74,3.66,13.48,34.21
843,279327902,427.73,466.31,-420.90,-2.62,2.99,13.48,34.40
844,279331959,432.13,468.26,-422.85,-2.20,2.26,13.17,34.50
845,279336008,440.92,469.24,-419.43,-2.20,1.71,12.99,34.36
846,279341803,453.12,471.68,-416.02,-2.32,1.40,12.87,34.36
847,279345852,465.82,474.12,-421.39,-2.32,1.22,12.62,34.40
848,279349902,470.70,478.52,-430.18,-2.44,0.85,12.38,34.69
849,279353959,482.42,479.49,-435.06,-2.26,0.43,11.95,34.50
850,279358008,495.12,485.35,-445.31,-1.95,-0.18,12.20,34.36
851,279363803,505.86,490.23,-453.61,-1.77,-0.91,12.13,34.40
852,279367852,518.07,500.98,-457.03,-1.83,-1.59,11.77,34.55
853,279371902,528.32,493.16,-456.54,-2.20,-1.52,11.59,34.40
854,279375959,541.02,495.12,-462.40,-2.99,-0.37,10.91,34.40
855,279380008,546.39,497.56,-461.91,-4.21,1.46,10.18,34.36
856,279385803,543.95,497.07,-461.43,-5.24,2.93,9.02,34.31
857,279389852,544.43,488.77,-465.33,-6.04,4.27,8.41,34.50
858,279393902,541.50,497.56,-470.21,-6.52,4.51,8.11,34.50
859,279397959,537.11,498.05,-471.19,-6.59,4.88,7.87,34.64
860,279402008,539.06,494.63,-472.17,-6.65,4.45,7.44,34.36
861,279407803,541.50,504.88,-474.61,-6.59,3.23,7.20,34.40
862,279411852,540.53,513.18,-476.56,-6.46,1.95,6.65,34.40
863,279415902,547.85,526.86,-483.89,-6.04,1.04,6.34,34.12
864,279419959,559.57,530.76,-486.82,-6.16,0.18,5.85,34.31
865,279424008,565.43,535.64,-480.47,-6.40,-0.06,4.76,34.12
866,279429803,579.10,538.57,-487.30,-6.95,0.67,4.09,34.64
867,279433852,583.01,548.34,-483.89,-7.74,2.20,3.17,34.64
868,279437902,585.45,552.25,-490.23,-8.17,3.11,2.68,34.40
869,279441959,587.89,555.66,-491.21,-8.90,4.39,2.13,34.69
870,279447803,586.91,562.01,-492.68,-8.96,5.06,2.07,34.83
871,279451852,591.31,563.96,-489.26,-9.27,5.73,2.01,34.50
872,279455902,585.45,572.27,-492.68,-9.33,6.34,2.26,34.40
873,279459959,589.84,573.73,-495.61,-9.33,6.71,2.50,34.16
874,279464008,585.94,579.10,-497.56,-9.02,6.59,2.62,34.40
875,279469803,578.12,580.57,-497.07,-8.78,6.28,2.50,34.31
876,279473852,588.87,575.20,-503.91,-8.78,6.46,2.74,34.36
877,279477902,585.94,572.75,-508.30,-8.84,6.83,2.93,34.50
878,279481959,582.52,569.34,-507.32,-8.72,6.95,3.29,34.21
879,279486008,581.54,568.36,-507.81,-8.17,7.32,3.17,34.31
880,279491803,571.78,551.76,-509.77,-7.56,7.38,3.96,34.64
881,279495852,560.06,540.53,-508.79,-6.59,6.22,4.15,34.64
882,279499902,554.20,536.13,-504.88,-5.12,5.24,4.45,34.50
883,279503959,555.18,526.86,-511.72,-4.45,4.02,4.70,34.50
884,279508008,556.64,520.51,-498.05,-3.41,3.05,5.06,34.50
885,279513803,560.55,521.97,-497.07,-2.68,1.83,5.12,34.50
886,279517852,567.87,512.70,-496.58,-1.71,0.55,4.76,34.40
887,279521902,562.99,510.74,-494.63,-1.10,-0.24,4.63,34.40
888,279525959,573.24,512.70,-492.19,-0.49,-0.98,3.78,34.55
889,279530008,584.47,515.14,-491.70,-0.55,-1.52,3.29,34.31
890,279535803,585.94,518.55,-486.82,-0.61,-0.91,2.56,34.40
891,279539852,592.29,520.02,-479.00,-1.10,0.18,1.52,34.40
892,279543902,595.21,526.86,-475.59,-1.22,0.91,1.16,34.40
893,279547959,595.21,526.86,-482.91,-1.04,1.95,0.73,34.40
894,279552008,599.12,528.32,-493.16,-0.91,2.56,1.04,34.21
895,279557803,600.10,539.06,-499.02,-0.24,2.62,1.46,34.40
896,279561852,599.61,545.90,-505.37,0.49,2.01,1.83,34.31
897,279565902,607.91,550.29,-514.16,1.40,1.40,2.07,34.64
898,279569959,605.47,554.69,-512.70,3.05,-0.06,3.05,34.40
899,279574008,619.14,559.08,-520.02,4.02,-0.73,3.90,34.31
900,279579803,630.86,560.06,-522.95,4.94,-0.91,4.45,34.36
901,279583852,646.00,562.01,-524.41,5.79,-0.49,5.12,34.64
902,279587902,652.34,566.89,-524.90,6.22,-0.06,6.04,34.55
903,279591959,657.23,565.43,-523.93,7.38,0.30,6.59,34.64
904,279596008,658.69,562.99,-523.44,8.17,-0.24,7.68,34.40
905,279601803,671.39,559.08,-521.48,9.39,-0.67,8.05,34.36
906,279605852,687.50,558.59,-524.41,10.37,-1.34,8.60,34.36
907,279609902,700.20,560.55,-530.27,10.85,-1.65,8.90,34.40
908,279613959,712.89,554.69,-528.32,11.40,-1.52,8.84,34.12
909,279618008,729.49,549.80,-528.81,11.65,-0.98,8.60,34.21
910,279623803,738.28,551.76,-528.32,11.22,0.00,8.23,34.31
911,279627852,743.65,540.53,-527.83,11.04,1.46,8.35,34.36
912,279631902,750.00,537.11,-526.86,10.67,2.26,7.99,34.12
913,279635959,758.30,530.76,-518.55,10.49,3.84,8.11,34.50
914,279640008,751.46,524.41,-521.00,10.18,5.00,8.35,34.40
915,279645803,752.93,522.46,-517.58,9.94,6.04,8.66,34.50
916,279649852,753.42,521.97,-513.67,10.30,6.46,9.45,34.50
917,279653902,749.51,519.04,-517.58,10.06,6.83,9.76,34.31
918,279657959,750.00,520.02,-514.65,10.73,6.59,10.30,34.50
919,279663803,754.39,528.32,-521.00,11.28,6.16,11.28,34.64
920,279667852,764.16,533.20,-525.39,12.56,5.43,12.01,34.64
921,279671902,773.44,541.02,-528.32,13.54,4.76,12.87,34.40
922,279675959,780.76,545.41,-522.95,14.27,4.51,13.60,34.40
923,279680008,790.53,545.41,-524.90,15.06,4.02,14.02,34.50
924,279685803,796.39,550.78,-533.20,15.85,3.66,14.94,34.31
925,279689852,812.01,555.66,-540.04,16.40,4.21,15.55,34.64
926,279693902,814.45,553.22,-546.39,16.95,5.06,15.85,34.40
927,279697959,824.22,564.94,-543.46,16.71,6.10,16.28,34.21
928,279702008,828.61,569.34,-542.48,16.16,7.87,16.28,34.64
929,279707803,830.08,564.94,-542.48,15.91,9.88,16.46,34.36
930,279711852,830.08,555.66,-542.48,15.37,12.80,16.16,34.36
931,279715902,828.12,554.20,-540.04,14.94,14.57,16.04,34.21
932,279719959,821.29,546.88,-541.50,14.27,15.79,15.85,34.40
933,279724008,813.96,542.48,-541.02,13.66,16.52,15.55,34.50
934,279729803,809.57,530.27,-546.88,13.48,17.07,15.67,34.31
935,279733852,806.64,527.83,-551.76,13.35,17.80,15.85,34.50
936,279737902,801.27,524.90,-552.25,13.48,17.74,15.85,34.40
937,279741959,800.78,519.04,-558.59,13.29,17.13,15.55,34.40
938,279746008,803.22,522.46,-560.06,13.60,16.52,15.37,34.36
939,279751803,803.71,518.07,-562.50,13.72,15.73,15.30,34.31
940,279755852,813.48,514.65,-575.20,14.33,14.09,15.91,34.02
941,279759902,812.99,517.09,-579.10,14.94,13.05,16.04,34.64
942,279763959,819.82,517.58,-579.59,15.43,11.65,16.34,34.64
943,279768008,827.15,521.97,-577.15,16.16,10.18,16.65,34.31
944,279773803,830.57,521.48,-577.15,16.59,8.84,17.38,34.12
945,279777852,844.24,528.81,-574.22,17.20,8.29,17.87,34.21
946,279781902,847.17,536.62,-570.80,16.77,8.60,17.93,34.36
947,279785959,857.91,538.09,-565.43,16.59,9.09,18.35,34.36
948,279790008,864.26,545.41,-570.31,16.22,9.45,18.60,34.02
949,279795803,860.35,552.25,-571.78,15.61,9.51,18.78,34.31
950,279799852,869.14,552.73,-568.36,14.76,9.63,19.21,34.50
951,279803902,871.58,557.13,-565.43,14.45,10.24,19.21,34.36
952,279807959,874.02,562.01,-571.29,13.60,10.91,18.96,34.40
953,279812008,875.00,567.87,-563.96,12.87,12.13,18.78,34.36
954,279817803,876.95,564.45,-562.01,12.26,12.87,18.78,34.36
955,279821852,875.49,571.78,-563.96,11.34,13.72,19.15,34.21
956,279825902,870.12,562.50,-573.73,10.61,14.57,19.21,34.36
957,279829959,869.63,558.59,-570.31,9.94,15.49,19.27,34.50
958,279834008,869.14,555.18,-577.64,9.63,16.40,18.96,34.55
959,279839803,866.21,550.78,-574.71,8.90,17.26,18.84,34.40
960,279843852,863.28,550.29,-579.10,8.17,18.41,18.48,34.40
961,279847902,860.84,548.34,-576.66,7.44,18.90,17.80,34.50
962,279851959,855.96,541.99,-586.91,6.65,19.39,17.32,34.40
963,279856008,847.17,535.64,-585.94,5.85,20.12,16.77,34.40
964,279861803,844.24,527.34,-587.40,5.00,20.24,16.04,34.36
965,279865852,840.33,523.44,-582.03,4.70,20.43,15.67,34.21
966,279869902,830.57,515.14,-581.54,4.57,19.88,15.55,34.36
967,279873959,830.57,513.18,-587.89,4.70,18.66,15.67,34.50
968,279879803,832.03,511.72,-590.33,5.12,16.52,15.61,34.40
969,279883852,835.45,507.81,-593.75,5.43,14.27,15.79,34.64
970,279887902,847.66,513.18,-599.12,5.73,12.20,15.85,34.40
971,279891959,858.89,519.53,-602.05,6.10,10.55,16.16,34.21
972,279896008,862.79,520.51,-600.59,6.52,8.84,16.52,34.64
973,279901803,874.02,521.48,-602.05,6.46,7.56,16.83,34.55
974,279905852,888.67,528.81,-603.52,6.65,6.71,16.95,34.40
975,279909902,893.55,534.18,-608.40,6.52,5.85,16.89,34.36
976,279913959,909.18,532.71,-609.86,6.83,5.49,17.13,34.40
977,279918008,912.60,538.09,-610.84,6.52,4.94,17.20,34.40
978,279923803,924.80,541.02,-614.26,6.10,4.82,17.13,34.64
979,279927852,931.64,549.80,-613.28,5.37,4.94,17.07,34.40
980,279931902,937.50,553.22,-622.07,4.57,5.67,16.65,34.36
981,279935959,943.36,552.25,-621.58,3.90,6.95,16.10,34.36
982,279940008,949.71,549.32,-619.14,2.80,7.74,15.73,34.40
983,279945803,944.34,551.76,-617.19,1.95,8.72,15.00,34.36
984,279949852,939.94,546.88,-614.26,0.73,9.94,14.63,34.64
985,279953902,934.08,546.39,-616.21,0.24,10.49,14.33,34.64
986,279957959,931.64,536.62,-608.40,-0.49,11.16,14.21,34.40
987,279962008,929.69,535.16,-606.45,-1.40,12.44,13.84,34.31
988,279967803,924.32,532.71,-598.63,-1.89,13.11,13.23,34.21
989,279971852,906.74,526.37,-604.49,-2.87,12.99,12.62,34.40
990,279975902,909.18,526.37,-604.00,-2.74,12.38,12.38,34.64
991,279979959,904.30,525.39,-606.93,-2.93,11.28,12.50,34.40
992,279984008,905.27,523.44,-609.86,-2.93,9.82,12.07,34.36
993,279989803,899.90,518.55,-614.26,-2.74,8.05,12.32,34.36
994,279993852,910.64,519.53,-612.79,-2.68,6.52,11.89,34.21
995,279997902,905.27,520.51,-614.75,-2.44,5.24,11.59,34.69
996,280001959,904.79,520.02,-611.33,-3.05,4.70,10.85,34.55
997,280006008,905.27,524.90,-607.91,-3.29,4.57,10.18,34.36
998,280011803,906.25,520.51,-606.45,-3.60,4.76,9.45,34.12
999,280015852,907.23,525.39,-603.52,-3.90,4.63,8.72,34.21
1000,280019902,905.76,530.27,-605.47,-4.27,4.51,8.29,34.31
1001,280023959,908.69,531.25,-608.89,-4.21,3.84,7.93,34.36
1002,280028008,904.79,540.04,-613.28,-4.39,3.29,7.68,34.31
1003,280033803,902.83,538.57,-619.14,-4.21,2.80,7.20,34.50
1004,280037852,897.46,544.92,-622.56,-4.02,1.65,6.46,34.36
1005,280041902,900.39,554.69,-627.44,-3.78,0.73,6.16,34.69
1006,280045959,907.23,547.36,-634.28,-3.35,-0.30,6.04,34.69
1007,280050008,913.09,551.76,-642.09,-2.68,-1.83,5.91,34.31
1008,280055803,923.83,557.13,-639.16,-2.44,-3.23,5.55,34.40
1009,280059852,928.71,562.01,-650.39,-2.13,-4.02,5.43,34.55
1010,280063902,941.89,561.52,-650.39,-2.07,-4.51,4.88,34.40
1011,280067959,949.22,565.92,-651.37,-2.01,-4.70,4.63,34.40
1012,280072008,956.05,566.89,-653.32,-2.13,-4.88,4.45,34.36
1013,280077803,960.45,565.43,-658.20,-1.95,-4.27,3.78,34.31
1014,280081852,965.33,567.87,-658.69,-1.83,-4.82,2.99,34.50
1015,280085902,968.26,570.31,-661.62,-1.65,-5.49,2.38,34.21
1016,280089959,974.12,567.87,-657.71,-1.40,-6.04,2.07,34.50
1017,280095803,982.42,568.36,-660.16,-1.28,-6.83,1.52,34.40
1018,280099852,989.26,561.52,-664.55,-1.40,-7.38,1.10,34.40
1019,280103902,991.70,563.96,-659.18,-1.59,-7.01,0.00,34.21
1020,280107959,995.12,560.55,-659.18,-2.32,-7.13,-0.85,34.36
1021,280112008,999.51,564.94,-661.62,-2.62,-6.71,-1.83,34.40
1022,280116058,995.61,556.64,-664.55,-2.87,-6.65,-2.20,34.64
1023,280121803,992.68,554.69,-663.57,-3.29,-6.77,-2.93,34.50
1024,280125852,989.75,548.83,-659.67,-4.15,-6.89,-3.29,34.50
1025,280129902,989.75,553.71,-659.18,-4.21,-7.38,-3.90,34.31
1026,280133959,984.86,554.20,-659.67,-4.57,-7.99,-4.39,34.64
1027,280139803,983.40,547.36,-660.64,-4.76,-8.66,-4.63,34.40
1028,280143852,980.96,554.20,-651.86,-4.94,-9.21,-5.00,34.40
1029,280147902,983.89,554.20,-650.88,-5.43,-9.33,-5.49,34.40
1030,280151959,972.17,556.64,-642.58,-5.98,-8.96,-5.91,34.31
1031,280156008,972.66,560.06,-652.83,-6.46,-8.72,-6.59,34.40
1032,280161803,973.14,564.45,-645.02,-6.95,-8.17,-7.20,34.21
1033,280165852,959.96,565.92,-643.55,-7.80,-7.62,-8.29,34.64
1034,280169902,958.01,564.45,-645.02,-8.05,-7.32,-8.84,34.64
1035,280173959,951.17,555.18,-642.58,-8.54,-6.95,-9.33,34.31
1036,280178008,945.31,558.11,-643.07,-8.29,-7.32,-9.94,34.36
1037,280183803,942.87,554.20,-639.65,-8.54,-7.74,-10.43,34.40
1038,280187852,933.59,549.80,-631.35,-8.84,-7.68,-10.67,34.36
1039,280191902,923.34,551.27,-626.46,-8.78,-7.62,-10.98,34.55
1040,280195959,919.43,541.99,-621.09,-9.09,-7.56,-11.22,34.40
1041,280200008,911.13,543.95,-624.51,-9.21,-7.80,-11.71,34.40
1042,280205803,909.67,540.04,-620.12,-9.09,-7.87,-12.44,34.31
1043,280209852,899.90,537.60,-615.23,-8.72,-8.17,-12.68,34.31
1044,280213902,893.07,536.62,-615.23,-8.66,-8.54,-12.87,34.50
1045,280217959,888.67,530.27,-612.30,-8.54,-8.60,-13.29,34.40
1046,280222008,884.77,526.37,-612.30,-8.54,-9.02,-13.90,34.02
1047,280227803,884.77,523.93,-604.49,-8.11,-9.27,-14.02,34.31
1048,280231852,870.61,528.81,-607.42,-7.68,-10.00,-14.45,34.12
1049,280235902,862.30,522.46,-599.61,-7.56,-10.37,-14.82,34.36
1050,280239959,856.45,515.62,-600.10,-7.26,-11.52,-14.70,34.36
1051,280244008,856.45,513.18,-595.70,-6.95,-12.13,-15.06,34.36
1052,280249803,854.00,513.18,-593.75,-6.77,-12.44,-15.55,34.16
1053,280253852,846.19,515.14,-590.33,-6.40,-12.38,-16.22,34.55
1054,280257902,842.77,512.21,-581.05,-6.16,-12.74,-16.34,34.36
1055,280261959,843.75,512.21,-579.59,-6.34,-12.44,-16.46,34.40
1056,280266008,837.89,507.32,-577.64,-5.91,-12.80,-16.46,34.31
1057,280271803,841.80,509.28,-581.05,-5.67,-13.23,-16.71,34.36
1058,280275852,827.64,509.28,-585.94,-5.24,-14.09,-16.89,34.36
1059,280279902,830.57,511.23,-580.08,-4.51,-15.00,-17.01,34.40
1060,280283959,829.59,512.70,-585.94,-3.96,-16.46,-16.95,34.40
1061,280288008,830.08,516.11,-580.08,-3.90,-17.68,-17.26,34.36
1062,280293803,838.38,511.72,-576.66,-3.72,-18.23,-17.38,34.40
1063,280297852,836.91,517.09,-576.66,-3.78,-18.29,-17.87,34.40
1064,280301902,841.31,521.48,-575.20,-4.02,-18.41,-18.11,34.21
1065,280305959,841.80,527.34,-569.82,-3.90,-18.29,-18.78,34.31
1066,280310008,844.24,530.76,-569.34,-4.45,-18.17,-19.09,34.64
1067,280315803,843.26,531.74,-572.75,-4.88,-17.68,-19.63,34.21
1068,280319852,845.21,525.88,-570.80,-5.06,-17.07,-19.82,34.36
1069,280323902,841.31,526.86,-572.75,-5.30,-16.89,-19.94,34.36
1070,280327959,837.40,529.30,-572.75,-5.55,-17.07,-19.76,34.64
1071,280333803,842.29,537.11,-573.73,-5.67,-17.07,-19.70,34.55
1072,280337852,840.82,531.25,-575.68,-5.73,-17.01,-19.70,34.50
1073,280341902,835.45,538.57,-577.15,-5.79,-17.26,-19.63,34.50
1074,280345959,845.70,543.95,-575.20,-5.85,-17.26,-19.33,34.36
1075,280350008,843.26,543.46,-575.20,-5.49,-17.38,-18.96,34.69
1076,280355803,838.38,546.88,-578.12,-5.49,-17.50,-18.66,34.31
1077,280359852,847.66,555.66,-579.10,-4.88,-18.29,-18.05,34.64
1078,280363902,854.00,557.62,-579.10,-5.37,-18.72,-17.74,34.50
1079,280367959,853.03,559.57,-578.12,-5.37,-18.66,-17.44,34.31
1080,280372008,859.86,568.36,-579.59,-5.79,-18.05,-17.32,34.64
1081,280377803,860.84,563.96,-588.87,-5.49,-17.20,-17.20,34.55
1082,280381852,859.86,561.04,-584.96,-5.98,-16.28,-16.65,34.50
1083,280385902,858.40,567.38,-592.29,-6.46,-15.49,-16.65,34.36
1084,280389959,856.93,575.20,-596.68,-6.65,-14.88,-15.91,34.50
1085,280394008,859.86,582.03,-590.33,-6.95,-14.27,-15.91,34.64
1086,280399803,852.54,575.20,-600.59,-7.26,-13.78,-15.43,34.31
1087,280403852,852.54,577.64,-606.45,-7.07,-13.84,-15.12,34.64
1088,280407902,848.63,582.52,-610.35,-7.20,-14.15,-14.57,34.64
1089,280411959,849.61,583.50,-607.91,-7.07,-14.45,-14.33,34.50
1090,280416008,849.12,589.84,-604.49,-6.89,-15.18,-14.09,34.50
1091,280421803,854.49,590.82,-612.79,-6.77,-15.06,-13.78,34.40
1092,280425852,854.00,590.33,-608.40,-6.83,-14.39,-13.60,34.21
1093,280429902,857.42,593.75,-613.28,-7.07,-14.27,-13.29,34.40
1094,280433959,859.86,592.29,-608.40,-7.07,-13.96,-13.29,34.55
1095,280438008,856.93,602.05,-603.03,-7.20,-13.60,-13.11,34.31
1096,280443803,860.84,599.12,-606.93,-7.56,-12.62,-13.17,34.40
1097,280447852,855.47,595.70,-605.96,-7.80,-11.40,-13.23,34.50
1098,280451902,861.33,598.14,-603.03,-8.05,-10.67,-13.11,34.16
1099,280455959,854.49,600.10,-604.00,-8.48,-10.06,-13.05,34.50
1100,280460008,854.98,589.36,-595.70,-8.60,-9.45,-13.17,34.40
1101,280465803,855.47,586.91,-602.05,-8.54,-8.66,-12.93,34.21
1102,280469852,845.70,585.45,-598.14,-8.78,-7.62,-12.26,34.36
1103,280473902,842.29,585.94,-599.61,-8.96,-7.74,-12.26,34.64
1104,280477959,838.38,582.03,-604.49,-9.15,-7.93,-11.89,34.50
1105,280482008,833.01,580.57,-603.03,-9.02,-7.80,-11.59,34.40
1106,280487803,841.31,582.03,-603.52,-8.60,-7.80,-11.71,34.31
1107,280491852,834.47,580.08,-605.47,-8.54,-7.99,-11.22,34.50
1108,280495902,829.59,578.61,-610.84,-8.60,-8.23,-11.40,34.40
1109,280499959,826.66,585.45,-606.93,-8.35,-8.78,-11.04,34.50
1110,280504008,822.27,582.03,-604.49,-8.35,-8.78,-11.22,34.50
1111,280509803,825.20,577.15,-597.17,-8.11,-8.41,-11.40,34.50
1112,280513852,822.27,576.66,-604.98,-8.23,-7.20,-11.34,34.40
1113,280517902,811.52,576.17,-597.17,-8.41,-6.83,-11.40,34.21
1114,280521959,805.18,576.66,-597.66,-8.35,-6.71,-11.40,34.69
1115,280526008,804.20,573.24,-598.14,-8.29,-6.28,-11.52,34.21
1116,280531803,805.66,577.15,-594.73,-8.11,-5.85,-11.77,34.50
1117,280535852,790.53,570.31,-597.66,-8.60,-5.18,-11.77,34.64
1118,280539902,785.16,566.41,-594.24,-8.41,-4.82,-12.01,34.36
1119,280543959,777.83,567.87,-592.29,-8.41,-4.70,-12.13,34.50
1120,280549803,765.62,566.89,-590.82,-7.87,-4.88,-12.13,34.64
1121,280553852,756.35,564.45,-586.43,-7.56,-5.55,-12.38,34.64
1122,280557902,748.54,562.50,-579.59,-6.71,-6.22,-12.38,34.55
1123,280561959,744.63,561.04,-579.59,-6.10,-7.20,-12.13,34.36
1124,280566008,743.65,560.55,-578.12,-5.12,-8.11,-11.95,34.40
1125,280571803,742.68,557.13,-576.17,-4.51,-8.35,-12.44,34.64
1126,280575852,742.68,555.66,-561.52,-4.21,-7.87,-12.87,34.21
1127,280579902,739.75,556.64,-558.59,-3.90,-6.83,-13.41,34.31
1128,280583959,736.33,558.11,-546.88,-4.15,-5.79,-13.84,34.16
1129,280588008,733.40,558.11,-550.29,-4.02,-4.51,-14.57,34.50
1130,280593803,729.98,554.69,-539.06,-4.27,-2.32,-14.82,34.40
1131,280597852,715.82,547.36,-542.48,-4.27,-0.91,-14.94,34.31
1132,280601902,700.20,541.02,-542.97,-4.09,0.12,-14.94,34.64
1133,280605959,691.41,533.20,-538.57,-3.60,-0.06,-14.82,34.12
1134,280610008,684.08,532.23,-539.55,-3.11,-0.49,-14.63,34.40
1135,280615803,672.85,527.83,-534.18,-2.32,-1.40,-14.45,34.50
1136,280619852,662.11,526.37,-532.71,-1.40,-2.44,-14.15,34.55
1137,280623902,659.18,523.44,-526.37,-1.16,-2.80,-13.96,34.55
1138,280627959,649.41,519.53,-519.53,-0.85,-3.11,-13.72,34.31
1139,280632008,644.04,518.07,-512.70,-0.37,-3.60,-13.66,34.55
1140,280637803,635.25,515.62,-507.81,-0.30,-3.41,-13.48,34.36
1141,280641852,626.95,511.72,-495.61,-0.37,-2.99,-13.72,34.31
1142,280645902,619.14,508.79,-490.23,-0.12,-2.74,-13.84,34.74
1143,280649959,612.30,500.49,-486.82,-0.06,-2.38,-14.09,34.50
1144,280654008,596.19,498.05,-477.05,-0.06,-1.28,-14.21,34.40
1145,280659803,591.31,497.07,-470.21,0.18,-0.73,-14.02,34.21
1146,280663852,577.64,495.12,-461.91,0.18,0.12,-14.27,34.31
1147,280667902,560.55,487.30,-462.89,0.06,0.61,-14.45,34.69
1148,280671959,561.04,488.77,-454.59,0.49,1.28,-14.39,34.50
1149,280676008,544.43,489.26,-454.59,0.91,1.77,-14.15,34.40
1150,280681803,541.50,486.82,-452.64,1.04,2.32,-14.33,34.36
1151,280685852,520.51,483.40,-450.20,1.16,2.56,-14.27,34.40
1152,280689902,516.11,477.05,-449.71,1.59,2.26,-14.21,34.40
1153,280693959,506.84,476.07,-445.31,1.95,1.95,-13.90,34.40
1154,280698008,499.51,473.14,-438.96,2.38,1.34,-13.90,34.21
1155,280703803,490.72,469.24,-432.62,2.74,0.61,-13.96,34.64
1156,280707852,484.86,466.31,-433.59,3.17,0.55,-14.09,34.40
1157,280711902,480.47,462.89,-425.78,3.29,0.43,-13.96,34.21
1158,280715959,473.14,459.47,-421.87,3.23,0.43,-13.90,34.50
1159,280720008,466.31,452.64,-416.50,3.29,0.43,-13.84,34.64
1160,280725803,457.03,449.71,-412.60,4.15,0.00,-13.66,34.36
1161,280729852,449.71,440.92,-413.57,4.70,-0.43,-13.23,34.50
1162,280733902,443.85,440.43,-411.62,4.88,-1.16,-12.99,34.50
1163,280737959,435.06,432.62,-408.69,5.06,-1.77,-12.80,34.40
1164,280742008,436.04,431.64,-413.09,6.04,-3.05,-12.68,34.74
1165,280747803,433.11,425.78,-407.23,6.34,-4.70,-12.50,34.50
1166,280751852,432.62,425.29,-403.81,7.07,-6.10,-12.13,34.31
1167,280755902,424.80,421.87,-403.81,7.26,-7.01,-11.95,34.12
1168,280759959,423.34,424.32,-397.95,7.56,-7.62,-11.77,34.50
1169,280765803,423.34,423.34,-394.53,7.44,-7.99,-11.77,34.64
1170,280769852,417.48,423.34,-389.65,7.20,-7.80,-12.26,34.64
1171,280773902,412.60,423.34,-385.74,7.20,-7.99,-12.26,34.36
1172,280777959,406.74,418.95,-382.32,7.32,-8.11,-12.20,34.31
1173,280782008,405.27,415.04,-377.44,7.26,-8.41,-12.50,34.64
1174,280786058,396.48,418.46,-370.61,7.26,-8.11,-12.32,34.64
1175,280791803,396.48,415.53,-370.61,6.95,-7.93,-12.44,34.50
1176,280795852,389.16,408.20,-368.65,6.77,-7.99,-12.80,34.50
1177,280799902,391.60,409.18,-369.63,6.71,-8.17,-12.99,34.36
1178,280803959,390.14,409.18,-366.21,6.52,-7.93,-13.05,34.69
1179,280809803,381.84,410.64,-360.35,6.40,-7.07,-13.54,34.36
1180,280813852,376.95,408.20,-361.33,6.16,-7.13,-14.09,34.50
1181,280817902,371.58,409.18,-360.84,5.18,-6.34,-14.76,34.40
1182,280821959,372.07,402.34,-361.33,4.76,-5.61,-15.24,34.50
1183,280826008,373.05,400.39,-361.82,3.84,-5.30,-16.28,34.40
1184,280831803,371.09,396.97,-363.77,3.66,-5.00,-16.34,34.40
1185,280835852,361.33,396.97,-364.26,3.60,-5.37,-16.65,34.64
1186,280839902,358.89,394.04,-358.40,2.99,-5.73,-17.07,34.55
1187,280843959,354.00,390.14,-360.35,2.62,-6.10,-17.13,34.64
1188,280848008,360.35,391.60,-361.33,1.95,-6.77,-17.50,34.36
1189,280853803,354.98,390.62,-362.79,1.65,-7.26,-17.20,34.40
1190,280857852,354.98,393.07,-362.79,1.59,-8.29,-17.38,34.21
1191,280861902,353.03,394.04,-365.72,1.59,-9.15,-17.07,34.40
1192,280865959,346.68,393.07,-363.28,1.52,-10.55,-16.83,34.31
1193,280870008,346.19,389.16,-362.79,1.52,-11.77,-16.83,34.40
1194,280875803,352.54,395.51,-362.30,1.95,-13.35,-16.34,34.36
1195,280879852,358.89,399.41,-368.65,1.95,-14.88,-15.79,34.40
1196,280883902,361.33,401.86,-367.19,2.01,-15.37,-15.67,34.55
1197,280887959,362.79,404.79,-365.23,1.95,-16.40,-15.43,34.55
1198,280892008,372.56,411.62,-364.75,1.83,-17.38,-15.18,34.31
1199,280897803,380.37,418.46,-371.58,1.28,-18.29,-14.94,34.16
1200,280901852,386.23,423.34,-371.09,1.04,-18.23,-15.18,34.31
1201,280905902,390.14,426.76,-374.02,0.55,-18.11,-15.12,34.64
1202,280909959,395.51,429.69,-384.28,0.73,-18.17,-14.70,34.36
1203,280914008,402.83,430.66,-393.07,0.55,-18.78,-14.76,34.31
1204,280919803,404.79,438.96,-405.27,0.24,-19.45,-14.39,34.40
1205,280923852,412.11,446.29,-421.39,0.49,-21.10,-14.15,34.64
1206,280927902,416.02,450.20,-426.76,0.61,-21.95,-13.60,34.55
1207,280931959,424.80,451.17,-434.08,0.43,-22.93,-13.11,34.31
1208,280936008,431.64,458.50,-428.22,0.24,-23.29,-12.80,34.40
1209,280941803,439.94,458.01,-432.13,-0.43,-22.99,-12.62,34.50
1210,280945852,442.87,460.94,-429.20,-1.65,-22.20,-12.44,34.40
1211,280949902,449.22,472.17,-436.52,-2.26,-21.59,-12.38,34.64
1212,280953959,451.17,467.77,-439.45,-3.29,-19.70,-12.44,34.50
1213,280958008,447.27,470.70,-435.06,-4.76,-18.11,-12.87,34.55
1214,280963803,449.71,468.75,-439.94,-5.91,-16.71,-12.93,34.40
1215,280967852,444.34,469.24,-445.31,-6.46,-16.04,-13.11,34.64
1216,280971902,445.80,467.29,-448.73,-7.20,-15.30,-12.56,34.31
1217,280975959,447.27,469.73,-447.75,-7.62,-14.57,-12.38,34.69
1218,280980008,442.87,476.56,-453.61,-8.29,-14.09,-12.13,34.40
1219,280985803,434.57,480.96,-461.91,-8.66,-13.84,-11.89,34.31
1220,280989852,434.08,481.45,-462.89,-9.09,-14.27,-11.77,34.36
1221,280993902,433.59,486.33,-467.77,-9.21,-14.21,-11.71,34.21
1222,280997959,428.22,486.33,-473.14,-9.02,-13.72,-11.40,34.64
1223,281003803,429.20,493.16,-478.03,-8.84,-14.15,-11.10,34.40
1224,281007852,428.71,496.58,-483.40,-8.17,-15.00,-10.55,34.36
1225,281011902,434.57,501.46,-487.79,-7.80,-16.16,-10.49,34.21
1226,281015959,439.45,508.79,-500.00,-7.07,-17.13,-10.24,34.21
1227,281020008,449.22,506.84,-505.37,-6.71,-18.05,-10.24,34.50
1228,281025803,445.31,518.55,-515.14,-6.65,-18.23,-9.63,34.50
1229,281029852,454.10,521.97,-522.46,-5.85,-19.21,-9.51,34.36
1230,281033902,463.38,527.34,-529.79,-5.49,-19.15,-8.96,34.74
1231,281037959,467.77,535.16,-528.32,-5.30,-19.51,-8.84,34.40
1232,281042008,470.70,538.57,-527.34,-4.88,-19.88,-8.48,34.40
1233,281047803,475.59,545.90,-530.27,-4.33,-19.94,-7.99,34.31
1234,281051852,482.91,552.25,-544.43,-4.02,-19.76,-7.26,34.74
1235,281055902,492.19,556.64,-545.41,-3.84,-19.45,-6.95,34.64
1236,281059959,497.07,555.18,-547.85,-4.21,-18.78,-6.46,34.36
1237,281064008,502.93,557.62,-548.34,-4.27,-17.99,-6.34,34.64
1238,281069803,504.88,561.04,-551.27,-4.27,-17.01,-6.04,34.40
1239,281073852,512.70,565.92,-552.73,-4.57,-15.79,-6.04,34.31
1240,281077902,514.65,559.08,-557.13,-4.76,-14.57,-5.67,34.69
1241,281081959,510.25,563.48,-556.15,-5.18,-13.90,-5.55,34.64
1242,281086008,508.79,571.29,-559.08,-5.18,-13.78,-5.55,34.40
1243,281091803,510.25,562.01,-563.48,-5.49,-13.29,-5.37,34.02
1244,281095852,508.30,566.41,-559.57,-5.18,-13.11,-5.18,34.40
1245,281099902,511.23,562.50,-559.08,-5.06,-12.74,-5.06,34.31
1246,281103959,513.18,571.78,-560.55,-5.37,-12.07,-5.12,34.50
1247,281108008,517.09,570.80,-565.92,-5.12,-10.73,-4.88,34.21
1248,281113803,512.70,573.73,-556.64,-5.49,-10.12,-4.94,34.21
1249,281117852,503.42,573.24,-562.50,-5.55,-9.45,-4.82,34.21
1250,281121902,503.91,572.75,-572.27,-4.94,-9.76,-4.57,34.40
1251,281125959,495.61,571.78,-573.73,-4.63,-9.94,-4.33,34.40
1252,281130008,497.56,576.66,-569.34,-4.27,-10.00,-4.15,34.12
1253,281135803,502.44,582.52,-572.75,-3.96,-9.82,-3.96,34.31
1254,281139852,500.49,582.52,-579.10,-3.84,-9.57,-3.78,34.40
1255,281143902,497.07,586.43,-583.01,-3.90,-8.96,-3.96,34.40
1256,281147959,492.68,584.96,-580.08,-3.96,-8.48,-4.21,34.36
1257,281152008,491.21,582.52,-586.91,-3.72,-8.66,-4.39,34.31
1258,281157803,487.30,587.89,-593.26,-3.05,-8.72,-4.45,34.50
1259,281161852,486.82,585.45,-587.40,-2.80,-9.27,-4.09,34.50
1260,281165902,483.40,586.91,-592.29,-2.93,-9.15,-4.21,34.36
1261,281169959,486.33,587.40,-596.19,-2.56,-9.76,-4.02,34.50
1262,281174008,482.91,589.36,-598.14,-2.26,-10.49,-3.96,34.55
1263,281179803,481.45,585.45,-597.17,-1.89,-11.10,-3.72,34.50
1264,281183852,485.35,584.96,-600.59,-1.52,-11.77,-3.48,34.50
1265,281187902,488.28,589.36,-599.12,-1.22,-12.07,-3.05,34.31
1266,281191959,484.37,591.31,-594.24,-0.91,-12.32,-2.93,34.50
1267,281196008,486.33,590.82,-590.82,-0.73,-12.07,-3.05,34.40
1268,281201803,489.75,599.12,-589.36,-0.79,-11.40,-2.56,34.36
1269,281205852,493.16,596.19,-583.01,-1.10,-9.88,-2.80,34.31
1270,281209902,495.61,596.68,-580.57,-1.52,-9.15,-2.80,34.40
1271,281213959,489.75,590.82,-579.10,-1.52,-7.68,-2.93,34.55
1272,281219803,489.75,593.26,-578.61,-1.52,-6.65,-3.29,34.64
1273,281223852,491.70,588.87,-582.03,-1.77,-5.55,-3.48,34.64
1274,281227902,480.96,589.36,-583.50,-1.83,-5.67,-3.23,34.36
1275,281231959,486.82,590.33,-583.50,-1.83,-5.43,-2.99,34.21
1276,281236008,478.03,583.98,-584.47,-1.95,-5.49,-3.11,34.50
1277,281241803,478.03,578.12,-585.45,-2.01,-5.67,-2.87,34.50
1278,281245852,471.19,584.96,-580.08,-2.13,-5.67,-2.93,34.40
1279,281249902,468.26,582.52,-580.08,-2.13,-5.79,-2.68,34.83
1280,281253959,473.63,589.36,-579.59,-2.32,-5.73,-2.32,34.21
1281,281258008,468.26,590.82,-578.12,-2.26,-6.46,-2.13,34.64
1282,281263803,465.33,592.29,-574.22,-2.56,-6.10,-1.89,34.40
1283,281267852,458.50,592.29,-576.66,-2.93,-6.22,-1.46,34.36
1284,281271902,458.01,594.24,-571.78,-3.05,-6.04,-1.46,34.40
1285,281275959,459.96,604.98,-573.24,-3.05,-5.73,-1.10,34.36
1286,281280008,456.05,603.52,-574.22,-3.17,-5.91,-0.91,34.40
1287,281285803,457.52,609.38,-572.75,-3.29,-5.85,-0.43,34.40
1288,281289852,458.98,611.82,-580.57,-3.05,-5.91,-0.55,34.55
1289,281293902,459.47,604.49,-575.68,-3.29,-5.85,-0.43,34.40
1290,281297959,452.64,611.33,-580.08,-3.29,-5.61,-0.06,34.40
1291,281302008,458.98,613.77,-579.59,-3.35,-5.18,0.06,34.50
1292,281307803,460.45,614.75,-580.08,-3.48,-4.70,0.43,34.21
1293,281311852,468.75,616.70,-580.57,-3.78,-4.21,0.30,34.21
1294,281315902,471.68,618.65,-586.43,-3.66,-4.15,0.61,34.40
1295,281319959,470.21,617.68,-586.91,-3.66,-3.66,0.79,34.69
1296,281324008,474.12,617.19,-594.24,-3.84,-3.35,0.98,34.50
1297,281329803,481.45,618.65,-590.82,-4.15,-2.99,1.04,34.31
1298,281333852,485.35,616.21,-594.73,-4.09,-2.38,1.10,34.21
1299,281337902,486.82,612.79,-599.61,-4.51,-2.20,1.04,34.31
1300,281341959,481.93,616.70,-602.54,-4.33,-1.52,1.16,34.50
1301,281346008,486.82,615.23,-603.52,-4.51,-1.52,1.28,34.12
1302,281351803,485.35,616.21,-605.96,-4.27,-1.83,1.22,34.16
1303,281355852,490.72,614.26,-603.03,-3.90,-2.01,1.77,34.64
1304,281359902,494.14,618.16,-608.40,-4.02,-2.01,1.59,34.40
1305,281363959,496.09,612.30,-606.93,-3.78,-1.83,1.71,34.50
1306,281368008,503.91,617.19,-609.38,-4.33,-1.46,1.40,34.31
1307,281373803,502.93,615.72,-612.79,-4.27,-0.61,1.40,34.50
1308,281377852,503.42,612.30,-613.77,-4.15,0.00,1.10,34.64
1309,281381902,500.98,613.28,-616.21,-4.02,0.18,1.28,34.21
1310,281385959,499.02,618.16,-619.63,-4.21,0.06,1.40,34.40
1311,281390008,493.65,610.84,-619.63,-3.90,0.24,1.34,34.40
1312,281395803,492.19,611.82,-616.70,-4.09,0.00,1.40,34.40
1313,281399852,494.14,613.77,-617.19,-3.90,0.49,1.04,34.36
1314,281403902,491.70,608.89,-620.12,-4.09,0.24,0.98,34.55
1315,281407959,490.72,612.30,-620.12,-3.66,0.37,0.79,34.64
1316,281412008,494.14,608.40,-619.63,-3.48,0.30,0.55,34.36
1317,281417803,490.23,609.86,-621.58,-3.35,0.49,0.43,34.21
1318,281421852,489.75,611.82,-618.16,-3.29,1.16,0.37,34.50
1319,281425902,480.96,607.42,-621.58,-3.05,1.46,0.06,34.31
1320,281429959,479.00,602.05,-619.63,-2.99,0.98,0.06,34.50
1321,281435803,475.59,600.59,-620.12,-2.62,0.61,0.12,34.50
1322,281439852,477.54,599.12,-619.63,-2.01,-0.30,0.06,34.31
1323,281443902,478.52,598.14,-623.54,-1.71,-0.98,0.30,34.40
1324,281447959,477.54,596.68,-618.65,-1.40,-1.28,0.18,34.16
1325,281452008,480.47,595.70,-621.58,-0.85,-1.71,-0.18,34.21
1326,281457803,477.54,598.63,-618.16,-0.37,-2.20,-0.30,34.31
1327,281461852,481.45,604.00,-615.23,0.00,-2.07,-0.18,34.31
1328,281465902,483.89,602.05,-613.77,0.49,-2.32,-0.18,34.64
1329,281469959,484.86,604.00,-614.26,0.73,-2.32,-0.18,34.40
1330,281474008,484.86,609.86,-612.30,1.10,-2.62,-0.06,34.50
1331,281479803,490.23,604.49,-606.45,1.52,-2.50,-0.12,34.21
1332,281483852,492.68,603.03,-612.79,1.59,-2.13,-0.37,34.40
1333,281487902,497.07,605.96,-611.33,1.46,-1.83,-0.24,34.55
1334,281491959,495.61,609.86,-608.89,1.77,-1.89,-0.18,34.21
1335,281496008,498.54,613.77,-610.84,1.71,-1.59,0.18,34.36
1336,281501803,504.39,610.35,-607.91,1.83,-1.59,0.37,34.31
1337,281505852,499.02,612.30,-610.35,1.65,-1.10,0.30,34.55
1338,281509902,500.00,614.26,-602.05,1.40,-0.91,0.55,34.40
1339,281513959,496.09,616.70,-598.63,1.34,-1.10,0.37,34.21
1340,281518008,495.61,610.35,-600.10,1.34,-0.67,0.79,34.40
1341,281523803,493.16,610.35,-599.61,1.10,-0.61,0.79,34.31
1342,281527852,487.30,610.84,-595.21,0.67,-0.18,0.79,34.31
1343,281531902,488.28,611.33,-591.80,0.49,0.12,0.61,34.50
1344,281535959,486.82,610.84,-587.40,0.18,0.37,0.37,34.40
1345,281540008,482.42,612.79,-589.36,0.06,0.37,0.73,34.40
1346,281545803,480.47,613.28,-588.38,-0.55,0.43,0.67,34.12
1347,281549852,477.05,611.33,-587.40,-0.73,0.49,0.67,34.31
1348,281553902,473.63,612.79,-586.91,-0.67,0.12,0.73,34.50
1349,281557959,475.10,614.26,-587.89,-0.85,0.18,0.30,34.21
1350,281562008,468.26,610.35,-590.33,-0.98,-0.30,0.49,34.36
1351,281567803,467.29,611.82,-589.36,-0.85,-1.34,0.67,34.36
1352,281571852,468.75,618.65,-593.26,-0.73,-2.50,0.79,34.40
1353,281575902,466.80,622.07,-589.84,-0.73,-2.87,1.10,34.55
1354,281579959,475.59,620.61,-591.31,-0.85,-3.41,1.04,34.36
1355,281584008,478.52,620.61,-591.80,-1.16,-3.41,0.85,34.31
1356,281589803,479.49,619.14,-591.31,-1.59,-3.11,0.79,34.64
1357,281593852,482.42,629.39,-580.57,-1.83,-2.74,0.67,34.40
1358,281597902,483.40,626.46,-582.03,-1.77,-2.80,0.67,34.50
1359,281601959,488.77,627.93,-581.54,-1.83,-1.71,0.61,34.36
1360,281606008,484.37,625.98,-586.43,-2.01,-1.65,0.49,34.02
1361,281611803,490.23,620.12,-587.89,-2.32,-1.34,0.30,34.64
1362,281615852,479.98,624.02,-580.57,-2.32,-1.46,0.55,34.36
1363,281619902,496.58,622.07,-585.45,-2.62,-1.59,0.24,34.40
1364,281623959,488.77,624.02,-589.36,-2.62,-1.28,0.12,34.40
1365,281628008,491.70,620.12,-591.80,-2.68,-1.04,0.06,34.40
1366,281633803,493.65,620.12,-594.73,-2.87,-0.91,0.12,34.36
1367,281637852,491.70,617.68,-596.19,-3.05,-1.28,0.30,34.40
1368,281641902,489.26,619.63,-597.17,-2.93,-1.52,0.18,34.21
1369,281645959,485.84,616.70,-598.14,-2.93,-1.89,0.73,34.55
1370,281651803,489.26,623.05,-602.05,-2.80,-2.44,1.04,34.64
1371,281655852,496.58,618.65,-598.14,-3.23,-2.26,0.98,34.40
1372,281659902,491.70,620.12,-595.21,-3.23,-2.20,1.04,34.36
1373,281663959,495.12,620.61,-597.66,-2.99,-2.13,1.34,34.40
1374,281668008,495.12,621.58,-594.24,-3.41,-1.83,1.10,34.50
1375,281672058,494.14,615.23,-592.29,-3.29,-1.59,1.40,34.40
1376,281677803,492.19,622.07,-592.77,-3.66,-1.10,1.40,34.31
1377,281681852,491.70,620.61,-590.82,-3.72,-0.85,1.40,34.40
1378,281685902,492.19,620.12,-592.29,-3.72,-0.91,1.34,34.50
1379,281689959,490.72,617.68,-586.43,-3.78,-0.98,1.46,34.55
1380,281695803,489.26,614.26,-587.40,-3.72,-0.61,1.34,34.40
1381,281699852,487.79,619.14,-588.38,-3.35,-0.18,1.10,34.31
1382,281703902,487.79,615.72,-585.94,-3.41,0.30,1.10,34.40
1383,281707959,487.30,613.77,-584.47,-3.48,0.98,0.61,34.02
1384,281712008,487.79,613.77,-583.01,-3.41,1.16,0.67,34.40
1385,281717803,488.77,610.35,-588.87,-3.17,1.65,0.61,34.40
1386,281721852,485.84,608.89,-592.29,-2.87,1.71,0.79,34.40
1387,281725902,483.40,609.86,-593.26,-2.20,1.34,0.61,34.36
1388,281729959,487.79,612.79,-592.29,-1.65,0.55,0.98,34.50
1389,281734008,480.96,617.68,-595.21,-1.59,0.00,1.10,34.50
1390,281739803,484.37,617.68,-592.29,-1.28,-0.55,0.98,34.40
1391,281743852,490.23,620.61,-593.26,-0.73,-0.43,1.04,34.31
1392,281747902,488.28,616.21,-591.80,-1.10,-0.12,0.67,34.40
1393,281751959,490.23,616.70,-588.38,-1.28,0.12,0.67,34.64
1394,281756008,489.26,618.16,-592.29,-0.91,0.37,0.37,34.31
1395,281761803,488.77,620.12,-588.87,-0.67,0.67,0.43,34.40
1396,281765852,490.72,623.54,-591.31,-0.73,0.43,0.43,34.12
1397,281769902,486.33,622.56,-586.91,-0.79,0.18,0.24,34.40
1398,281773959,484.37,619.63,-591.31,-0.61,0.24,0.06,34.31
1399,281778008,487.30,618.16,-589.84,-0.61,0.24,0.18,34.31
1400,281783803,490.72,616.70,-588.38,-0.73,0.49,0.06,34.40
1401,281787852,492.19,619.14,-583.01,-0.43,0.30,0.06,34.16
1402,281791902,489.75,620.12,-582.03,-0.43,0.43,-0.12,34.21
1403,281795959,497.07,620.12,-582.03,-0.43,0.49,-0.24,34.55
1404,281800008,490.23,622.07,-579.59,-0.55,0.18,-0.24,34.36
1405,281805803,490.72,619.63,-586.91,-0.67,-0.12,-0.24,34.40
1406,281809852,495.12,615.72,-582.52,0.00,-0.85,-0.12,34.50
1407,281813902,497.56,618.65,-585.45,-0.06,-1.16,0.18,34.36
1408,281817959,503.91,618.65,-581.54,0.12,-2.38,0.00,34.16
1409,281822008,498.54,618.16,-579.10,0.37,-2.26,0.30,34.40
1410,281827803,507.81,618.16,-578.12,0.12,-2.50,0.24,34.31
1411,281831852,506.84,623.05,-582.52,0.12,-2.50,0.18,34.64
1412,281835902,513.18,619.63,-576.17,-0.12,-2.44,0.12,34.40
1413,281839959,518.07,624.02,-579.59,-0.24,-2.20,-0.06,34.21
1414,281844008,517.09,622.07,-578.12,-0.55,-1.83,0.12,34.40
1415,281849803,521.00,623.05,-575.68,-0.67,-1.59,0.00,34.64
1416,281853852,522.46,624.51,-577.15,-1.10,-0.79,-0.24,34.64
1417,281857902,521.00,625.00,-576.17,-1.34,0.06,-0.24,34.12
1418,281861959,519.53,622.56,-576.66,-1.71,0.85,-0.43,34.40
1419,281866008,515.62,622.07,-579.10,-1.77,0.37,-0.61,34.55
1420,281871803,517.09,615.23,-581.54,-1.77,0.67,-0.37,34.50
1421,281875852,522.95,619.14,-579.59,-1.89,0.24,-0.18,34.64
1422,281879902,521.00,618.65,-586.91,-2.20,0.30,-0.06,34.21
1423,281883959,520.02,621.58,-584.47,-2.62,0.24,-0.37,34.50
1424,281889803,520.51,617.68,-583.98,-2.80,0.55,-0.49,34.50
1425,281893852,522.95,617.68,-579.10,-3.17,0.24,-0.49,34.40
1426,281897902,516.11,618.16,-578.61,-3.11,0.00,-0.49,34.50
1427,281901959,516.11,618.16,-580.57,-3.05,-0.12,-0.67,34.31
1428,281906008,514.65,615.23,-580.08,-3.41,-0.12,-0.67,34.40
1429,281911803,506.35,616.70,-586.91,-3.35,-0.24,-0.73,34.40
1430,281915852,502.93,610.84,-586.43,-3.78,-0.30,-0.79,34.31
1431,281919902,504.88,613.28,-580.08,-3.54,-0.24,-0.85,34.50
1432,281923959,501.95,613.77,-573.73,-3.41,-0.12,-0.67,34.36
1433,281928008,500.49,617.19,-577.64,-3.41,0.00,-0.73,34.55
1434,281933803,503.42,616.70,-578.61,-3.41,-0.12,-0.98,34.40
1435,281937852,498.05,620.61,-579.59,-3.35,0.49,-0.85,34.50
1436,281941902,497.07,619.14,-580.08,-3.48,0.49,-1.10,34.36
1437,281945959,495.12,617.19,-581.54,-3.54,0.30,-1.10,34.31
1438,281950008,494.63,619.14,-583.01,-3.23,0.00,-1.10,34.50
1439,281955803,490.23,613.77,-587.89,-3.23,-0.24,-1.16,34.64
1440,281959852,492.19,618.16,-586.91,-3.17,-0.30,-1.34,34.50
1441,281963902,492.68,613.28,-584.96,-3.48,-0.12,-1.22,34.55
1442,281967959,490.72,617.68,-577.15,-3.17,0.24,-1.40,34.50
1443,281972008,490.23,618.16,-577.64,-3.41,0.12,-1.40,34.55
1444,281977803,485.84,615.72,-583.50,-3.29,0.24,-1.40,34.21
1445,281981852,484.86,615.23,-576.66,-3.29,0.06,-1.28,34.36
1446,281985902,488.77,617.19,-579.59,-2.99,-0.43,-1.34,34.36
1447,281989959,489.75,618.16,-575.20,-2.87,-0.79,-1.28,34.31
1448,281994008,491.21,621.09,-580.57,-3.11,-0.79,-1.28,34.21
1449,281999803,488.77,619.14,-581.54,-3.05,-0.98,-1.34,34.31
1450,282003852,488.77,614.26,-580.57,-3.17,-1.16,-1.46,34.21
1451,282007902,486.82,624.02,-575.20,-2.87,-1.28,-1.10,34.40
1452,282011959,491.21,621.58,-571.29,-2.68,-1.65,-1.22,34.40
1453,282016008,497.56,624.02,-577.15,-2.68,-1.83,-1.22,34.36
1454,282021803,497.07,622.56,-574.22,-2.68,-1.95,-1.10,34.21
1455,282025852,498.54,624.02,-576.66,-2.50,-2.20,-0.79,34.69
1456,282029902,502.93,629.88,-575.68,-2.38,-2.68,-0.79,34.50
1457,282033959,504.39,624.02,-572.75,-2.20,-2.93,-0.85,34.21
1458,282038008,502.44,624.02,-576.17,-2.07,-2.93,-0.73,34.21
1459,282043803,502.44,626.46,-579.10,-2.20,-2.56,-0.79,34.40
1460,282047852,506.35,625.00,-578.61,-2.44,-2.38,-0.85,34.40
1461,282051902,504.39,623.05,-575.68,-2.44,-2.44,-0.79,34.55
1462,282055959,512.21,628.42,-573.24,-2.44,-2.20,-0.55,34.36
1463,282060008,509.77,628.42,-575.68,-2.44,-2.20,-0.49,34.40
1464,282065803,509.77,626.46,-580.08,-2.56,-2.20,-0.55,34.36
1465,282069852,512.70,625.00,-585.45,-2.44,-1.95,-0.85,34.55
1466,282073902,512.21,625.98,-583.01,-2.38,-2.13,-0.67,34.31
1467,282077959,515.14,629.39,-582.52,-2.44,-2.01,-0.49,34.36
1468,282082008,509.77,625.00,-577.15,-2.62,-2.44,-0.73,34.40
1469,282087803,512.21,623.05,-577.64,-2.50,-2.62,-0.61,34.40
1470,282091852,508.79,622.56,-574.71,-2.32,-2.62,-0.79,34.64
1471,282095902,508.79,618.65,-577.64,-2.62,-2.56,-0.73,34.31
1472,282099959,516.60,627.93,-576.66,-2.68,-2.38,-1.04,34.50
1473,282105803,514.16,621.58,-578.12,-2.74,-1.95,-0.98,34.64
1474,282109852,509.77,625.00,-577.64,-2.80,-1.83,-0.91,34.55
1475,282113902,507.81,624.51,-579.10,-2.80,-1.65,-1.04,34.40
1476,282117959,505.86,626.95,-583.01,-2.93,-1.52,-0.91,34.40
1477,282122008,503.42,627.44,-580.57,-2.93,-1.95,-0.98,34.64
1478,282127803,502.93,625.00,-578.61,-2.93,-2.01,-1.10,34.40
1479,282131852,507.32,630.37,-579.10,-2.68,-2.20,-1.28,34.21
1480,282135902,500.49,627.93,-575.20,-2.68,-2.50,-0.91,34.31
1481,282139959,503.91,625.00,-573.73,-2.62,-2.50,-1.04,34.40
1482,282144008,497.07,626.46,-577.64,-2.62,-2.62,-0.85,34.55
1483,282149803,501.46,623.54,-576.17,-2.44,-2.99,-0.98,34.64
1484,282153852,500.49,622.56,-580.57,-2.26,-2.80,-0.79,34.40
1485,282157902,501.46,627.93,-582.03,-2.50,-2.62,-0.73,34.36
1486,282161959,498.05,625.98,-581.05,-2.44,-2.44,-0.98,34.36
1487,282166008,498.54,622.56,-577.64,-2.26,-2.32,-1.04,34.64
1488,282171803,499.51,623.54,-578.61,-2.62,-2.01,-1.04,34.50
1489,282175852,499.02,622.07,-576.17,-2.56,-1.77,-0.91,34.64
1490,282179902,498.54,625.00,-579.59,-2.32,-1.40,-1.34,34.50
1491,282183959,489.26,627.44,-578.12,-2.56,-1.10,-1.40,34.50
1492,282188008,491.70,625.98,-580.57,-2.32,-0.91,-1.59,34.40
1493,282193803,492.68,626.46,-583.50,-1.89,-0.67,-1.71,34.02
1494,282197852,490.23,622.56,-584.96,-2.07,-0.67,-1.59,34.16
1495,282201902,491.21,620.12,-586.43,-1.83,-0.55,-1.52,34.36
1496,282205959,488.77,622.07,-587.40,-1.65,-1.34,-1.40,34.40
1497,282210008,492.68,621.09,-592.29,-1.04,-1.71,-1.16,34.36
1498,282215803,484.37,623.54,-584.47,-1.34,-2.20,-0.91,34.21
1499,282219852,491.70,625.00,-588.87,-0.67,-2.50,-0.91,34.21
1500,282223902,490.72,623.54,-584.47,-0.67,-2.44,-0.98,34.55
1501,282227959,490.72,621.09,-587.40,-0.49,-2.87,-1.04,34.50
1502,282232008,492.68,624.51,-587.40,-0.30,-2.74,-1.10,34.12
1503,282237803,488.77,624.02,-590.33,-0.18,-2.80,-1.04,34.21
1504,282241852,492.68,621.09,-588.87,-0.18,-2.87,-0.91,34.21
1505,282245902,496.09,620.61,-587.40,-0.30,-3.17,-0.91,34.21
1506,282249959,494.14,622.56,-583.50,-0.24,-3.05,-1.04,34.69
1507,282254008,499.51,618.16,-583.98,-0.12,-2.44,-1.40,34.36
1508,282259803,495.12,618.65,-584.96,-0.37,-2.20,-1.34,34.31
1509,282263852,493.65,622.56,-582.52,-0.43,-1.89,-1.34,34.50
1510,282267902,496.09,621.09,-584.47,-0.30,-1.83,-1.28,34.55
1511,282271959,490.23,621.58,-580.08,-0.24,-1.46,-1.28,34.40
1512,282276008,490.23,622.56,-583.50,-0.18,-1.52,-1.46,34.40
1513,282281803,487.79,620.12,-582.52,-0.24,-1.46,-1.10,34.50
1514,282285852,491.70,616.21,-578.12,-0.06,-1.59,-1.22,34.21
1515,282289902,488.77,615.72,-582.03,0.00,-1.83,-0.98,34.21
1516,282293959,489.26,617.19,-578.12,-0.06,-2.01,-1.10,34.74
1517,282298008,488.77,614.75,-574.71,0.30,-2.32,-0.91,34.64
1518,282303803,488.77,616.70,-574.71,0.85,-2.44,-0.55,34.50
1519,282307852,485.84,613.77,-577.64,0.67,-2.68,-0.43,34.40
1520,282311902,489.26,617.68,-574.22,0.98,-3.35,0.00,34.21
1521,282315959,495.12,617.68,-573.73,0.67,-3.17,-0.30,34.69
1522,282321803,493.65,617.68,-572.27,0.98,-2.74,0.12,34.55
1523,282325852,492.19,618.16,-573.73,0.43,-2.13,0.06,34.64
1524,282329902,492.68,619.63,-571.29,0.12,-1.52,0.06,34.50
1525,282333959,490.23,615.72,-573.24,-0.30,-1.22,-0.12,34.50
1526,282338008,492.68,619.63,-566.89,-0.30,-0.91,-0.37,34.50
1527,282342058,485.35,619.14,-566.89,-0.37,-0.85,-0.43,34.50
1528,282347803,491.21,622.56,-568.85,-0.61,-0.67,-0.18,34.64
1529,282351852,488.77,616.70,-563.96,-0.85,-0.67,0.18,34.50
1530,282355902,489.75,619.63,-566.89,-0.73,-0.55,-0.06,34.40
1531,282359959,489.75,619.63,-569.82,-0.91,-0.55,0.06,34.55
1532,282365803,484.86,621.09,-571.78,-1.10,-0.91,0.43,34.55
1533,282369852,489.26,625.98,-566.41,-0.91,-1.34,0.85,34.36
1534,282373902,486.82,625.49,-569.82,-0.98,-1.89,0.79,34.50
1535,282377959,483.89,625.00,-565.43,-0.73,-2.26,1.22,34.36
1536,282382008,490.72,620.61,-567.87,-0.79,-2.07,1.22,34.36
1537,282387803,491.70,625.49,-561.04,-1.16,-2.20,1.28,34.31
1538,282391852,494.63,625.49,-561.04,-1.34,-1.77,1.40,34.40
1539,282395902,491.70,630.86,-565.43,-1.71,-1.77,1.04,34.50
1540,282399959,498.05,627.44,-567.87,-1.65,-1.83,0.91,34.50
1541,282404008,499.51,627.93,-566.89,-1.65,-1.83,0.79,34.64
1542,282409803,495.12,628.42,-565.43,-2.13,-1.40,0.67,34.50
1543,282413852,500.49,625.98,-570.80,-2.44,-0.67,0.49,34.21
1544,282417902,491.70,626.95,-567.38,-2.68,-0.37,0.43,34.69
1545,282421959,496.09,626.95,-564.94,-3.11,0.30,0.30,34.40
1546,282426008,493.65,625.98,-566.41,-3.35,0.43,0.43,34.50
1547,282431803,495.61,629.88,-572.75,-3.54,0.43,0.24,34.12
1548,282435852,490.23,631.35,-572.27,-3.54,0.00,0.49,34.12
1549,282439902,485.84,627.93,-573.73,-3.60,-0.12,0.85,34.31
1550,282443959,491.70,628.91,-571.78,-4.09,-0.37,0.49,34.50
1551,282448008,485.84,630.86,-572.27,-3.78,-0.67,0.73,34.36
1552,282453803,490.23,630.86,-578.12,-3.78,-0.61,0.55,34.12
1553,282457852,491.21,628.42,-574.71,-4.39,-0.43,0.43,34.31
1554,282461902,494.63,622.07,-580.57,-5.00,0.18,0.73,34.40
1555,282465959,487.30,622.07,-580.57,-4.70,0.73,0.61,34.50
1556,282470008,488.77,625.49,-582.03,-4.63,0.98,0.49,34.31
1557,282475803,485.84,622.56,-576.66,-4.51,0.67,0.91,34.40
1558,282479852,486.82,624.51,-581.54,-4.21,0.37,0.79,34.31
1559,282483902,486.82,626.46,-576.17,-4.02,0.18,0.79,34.50
1560,282487959,487.79,623.05,-578.61,-3.90,0.00,0.91,34.40
1561,282492008,492.68,629.39,-579.10,-3.54,0.30,1.04,34.40
1562,282497803,493.65,627.44,-579.59,-3.35,0.06,0.79,34.40
1563,282501852,493.65,626.46,-579.59,-2.99,-0.37,1.10,34.31
1564,282505902,494.63,626.95,-583.98,-2.38,-0.12,1.10,34.40
1565,282509959,499.51,625.49,-586.43,-2.32,-0.30,1.10,34.50
1566,282514008,500.98,628.91,-588.38,-2.32,-0.12,0.79,34.40
1567,282519803,501.46,625.49,-585.45,-2.38,0.30,0.55,34.31
1568,282523852,505.86,626.46,-588.38,-2.13,0.73,0.43,34.55
1569,282527902,502.93,626.46,-584.96,-2.32,0.79,0.30,34.12
1570,282531959,504.88,627.93,-587.40,-2.01,1.34,0.30,34.31
1571,282536008,505.37,625.98,-587.89,-2.01,1.83,-0.06,34.64
1572,282541803,500.98,624.51,-590.82,-1.89,1.71,0.00,34.50
1573,282545852,499.51,622.07,-594.73,-2.01,1.71,0.00,34.40
1574,282549902,498.05,621.58,-591.31,-1.34,1.59,0.18,34.16
1575,282553959,494.63,624.51,-590.33,-1.34,0.79,0.12,34.40
1576,282559803,491.70,624.51,-591.31,-0.91,0.30,0.12,34.64
1577,282563852,495.12,625.00,-583.01,-0.67,0.43,-0.24,34.64
1578,282567902,499.02,624.02,-584.47,-0.43,0.18,-0.30,34.40
1579,282571959,496.09,625.49,-583.50,-0.61,0.37,-0.43,34.50
1580,282576008,498.54,620.61,-587.40,-0.73,0.85,-0.67,34.40
1581,282581803,495.12,625.98,-587.89,-0.79,0.85,-0.91,34.64
1582,282585852,494.14,624.02,-590.82,-0.55,0.98,-1.04,34.55
1583,282589902,493.16,620.61,-595.21,-0.55,0.67,-0.91,34.40
1584,282593959,493.16,619.14,-591.31,-0.30,0.06,-1.04,34.21
1585,282598008,492.68,621.58,-595.21,-0.37,-0.30,-1.10,34.40
1586,282603803,490.72,619.14,-586.43,-0.37,-0.12,-0.91,34.50
1587,282607852,495.12,619.63,-584.47,-0.24,-0.37,-1.04,34.50
1588,282611902,494.14,624.02,-581.54,-0.24,-0.67,-1.04,34.64
1589,282615959,493.16,618.16,-584.47,0.12,-0.61,-0.98,34.50
1590,282620008,491.70,621.58,-586.43,0.24,-1.04,-0.98,34.40
1591,282625803,497.56,624.51,-584.96,0.06,-1.04,-0.85,34.69
1592,282629852,491.70,623.54,-586.43,0.30,-1.16,-0.73,34.31
1593,282633902,489.75,623.54,-583.98,0.49,-1.59,-0.49,34.50
1594,282637959,493.65,626.95,-589.36,0.30,-1.65,-0.43,34.31
1595,282642008,489.26,621.58,-583.01,0.37,-1.83,-0.24,34.40
1596,282647803,497.07,628.91,-581.05,0.43,-1.83,0.00,34.21
1597,282651852,500.49,627.44,-579.10,0.06,-1.83,-0.06,34.21
1598,282655902,495.12,629.88,-583.98,0.00,-1.77,-0.24,34.50
1599,282659959,499.02,627.93,-579.10,-0.18,-1.65,0.06,34.40
1600,282664008,502.93,629.88,-577.64,-0.30,-0.98,-0.55,34.21
1601,282669803,502.93,629.88,-574.71,-0.73,-0.79,-0.30,34.31
1602,282673852,496.58,625.00,-582.03,-0.98,-0.30,0.00,34.31
1603,282677902,498.54,628.91,-576.17,-1.04,-0.43,-0.24,34.36
1604,282681959,499.51,631.84,-581.54,-1.04,-0.61,0.00,34.36
1605,282686008,496.58,623.54,-581.05,-1.10,-0.30,0.06,34.55
1606,282691803,499.02,623.54,-583.98,-1.16,-0.55,0.24,34.40
1607,282695852,493.16,625.98,-580.08,-1.22,-1.04,0.06,34.21
1608,282699902,496.09,619.63,-580.57,-1.16,-1.34,0.18,34.69
1609,282703959,494.63,622.56,-583.50,-1.16,-1.59,0.06,34.31
1610,282708008,498.54,624.02,-580.08,-1.28,-1.89,0.24,34.21
1611,282713803,493.16,624.02,-578.61,-1.40,-1.95,0.55,34.31
1612,282717852,496.58,622.07,-579.10,-1.40,-1.89,0.55,34.50
1613,282721902,493.65,618.65,-576.17,-1.46,-1.77,0.79,34.55
1614,282725959,488.77,617.68,-576.66,-1.40,-2.44,0.73,34.50
1615,282730008,492.68,621.09,-568.85,-1.46,-2.20,0.43,34.40
1616,282735803,491.70,623.54,-573.73,-1.34,-2.56,0.85,34.40
1617,282739852,494.63,621.58,-572.75,-1.28,-2.62,0.67,34.50
1618,282743902,494.63,625.49,-570.80,-1.40,-2.50,0.73,34.12
1619,282747959,497.56,620.61,-565.43,-1.52,-2.56,1.04,34.31
1620,282752008,500.98,625.98,-563.48,-1.34,-2.20,1.10,34.40
1621,282757803,503.91,628.42,-565.92,-1.77,-2.13,0.98,34.36
1622,282761852,495.61,628.42,-566.89,-2.01,-1.34,1.34,34.55
1623,282765902,495.61,621.58,-564.45,-1.83,-1.46,1.04,34.31
1624,282769959,493.16,626.46,-566.41,-1.77,-1.46,1.10,34.50
1625,282775803,497.56,625.00,-570.80,-1.89,-1.40,1.40,34.40
1626,282779852,495.12,628.42,-572.75,-2.20,-1.22,1.65,34.40
1627,282783902,496.09,626.95,-566.89,-2.56,-1.28,1.71,34.50
1628,282787959,492.68,622.07,-569.82,-2.20,-0.73,2.01,34.40
1629,282792008,491.21,621.09,-567.87,-2.26,-0.73,1.95,34.40
1630,282797803,490.72,619.14,-567.87,-2.62,-0.67,2.07,34.40
1631,282801852,489.26,624.02,-562.01,-2.32,-0.85,2.20,34.31
1632,282805902,493.16,623.54,-560.55,-2.20,-1.10,2.50,34.40
1633,282809959,491.21,620.12,-560.55,-1.83,-1.28,2.62,34.40
1634,282814008,493.16,620.12,-566.89,-2.01,-1.40,2.68,34.50
1635,282819803,493.65,623.05,-560.55,-2.07,-1.40,2.80,34.64
1636,282823852,496.58,622.56,-569.82,-2.20,-0.79,2.56,34.40
1637,282827902,494.63,622.07,-565.92,-2.26,-0.49,2.62,34.40
1638,282831959,490.23,619.63,-572.75,-2.74,-0.30,2.50,34.40
1639,282836008,493.16,620.61,-568.36,-2.80,0.18,2.38,34.64
1640,282841803,490.23,624.02,-568.85,-2.87,0.49,2.62,34.55
1641,282845852,489.75,625.98,-571.29,-2.80,0.37,2.68,34.31
1642,282849902,491.70,622.56,-573.73,-2.62,0.18,2.99,34.64
1643,282853959,490.72,626.46,-576.66,-2.26,-0.30,3.23,34.40
1644,282858008,488.77,628.91,-574.71,-2.56,-0.55,3.48,34.64
1645,282863803,496.58,629.39,-573.73,-2.32,-0.43,3.48,34.36
1646,282867852,496.58,624.02,-574.22,-2.44,0.18,3.60,34.21
1647,282871902,490.72,626.46,-574.22,-2.44,0.24,3.72,34.40
1648,282875959,487.30,627.44,-575.20,-2.38,0.00,4.02,34.40
1649,282880008,490.72,624.51,-576.17,-2.01,-0.06,3.90,34.50
1650,282885803,489.75,627.93,-569.82,-1.89,-0.24,3.78,34.50
1651,282889852,491.21,621.09,-573.73,-1.59,-0.06,3.72,34.40
1652,282893902,492.68,626.46,-564.45,-1.59,0.37,3.72,34.36
1653,282897959,494.63,622.07,-575.20,-1.34,1.04,3.78,34.40
1654,282902008,492.68,621.58,-573.73,-1.46,1.10,3.35,34.40
1655,282907803,500.00,621.09,-581.54,-1.22,1.16,3.35,34.21
1656,282911852,493.16,623.05,-581.54,-1.16,0.85,3.54,34.55
1657,282915902,492.19,617.68,-583.98,-1.10,0.73,3.60,34.21
1658,282919959,494.63,621.09,-585.94,-1.04,0.43,3.41,34.31
1659,282924008,492.19,621.58,-585.94,-1.04,0.49,3.35,34.12
1660,282929803,490.72,622.07,-585.45,-1.10,0.67,3.48,34.40
1661,282933852,496.09,632.32,-575.68,-0.67,0.24,3.41,34.40
1662,282937902,497.56,625.98,-578.12,-0.61,0.18,3.11,34.55
1663,282941959,497.56,627.93,-578.12,-0.61,0.37,3.17,34.64
1664,282946008,495.61,625.00,-580.57,-0.43,0.37,2.80,34.55
1665,282951803,497.56,624.02,-579.59,-0.43,0.43,2.68,34.50
1666,282955852,496.58,629.39,-578.61,-0.61,0.55,2.62,34.50
1667,282959902,495.61,624.02,-577.64,-0.30,1.04,2.32,34.40
1668,282963959,495.12,629.39,-577.15,-0.61,1.34,2.38,34.55
1669,282968008,496.58,629.88,-579.10,-0.43,1.34,2.56,34.40
1670,282973803,498.05,630.37,-583.50,0.00,0.85,2.56,34.55
1671,282977852,498.05,626.46,-583.01,0.06,0.37,2.74,34.40
1672,282981902,496.58,625.98,-584.47,0.43,-0.12,2.99,34.36
1673,282985959,502.44,633.30,-584.47,0.37,-0.37,3.11,34.31
1674,282991803,502.93,631.84,-578.12,0.24,0.06,2.93,34.64
1675,282995852,498.54,630.37,-579.10,0.24,0.12,2.87,34.50
1676,282999902,499.51,630.86,-582.52,0.18,0.61,2.68,34.50
1677,283003959,500.00,628.42,-576.66,0.12,0.79,2.74,34.31
1678,283008008,499.51,627.93,-579.10,-0.06,0.85,2.68,34.50
1679,283013803,500.00,626.46,-576.17,-0.24,1.16,2.80,34.64
1680,283017852,504.39,628.91,-575.68,-0.37,1.22,2.68,34.40
1681,283021902,504.39,631.35,-570.80,-0.43,0.91,2.68,34.50
1682,283025959,504.88,622.56,-577.64,-0.55,1.16,2.56,34.36
1683,283030008,502.44,624.02,-574.71,-0.73,1.28,2.01,34.40
1684,283035803,500.00,620.61,-570.80,-1.10,1.46,2.01,34.40
1685,283039852,500.49,616.21,-574.22,-0.91,1.59,1.71,34.55
1686,283043902,504.39,617.68,-571.29,-1.16,1.65,1.52,34.50
1687,283047959,500.49,620.61,-569.34,-1.22,1.77,1.77,34.21
1688,283052008,501.46,616.21,-570.80,-0.98,1.46,1.83,34.50
1689,283057803,494.14,619.63,-571.78,-0.55,1.22,2.01,34.55
1690,283061852,501.95,619.63,-574.71,-0.30,0.12,2.32,34.36
1691,283065902,499.51,623.05,-575.68,-0.06,-0.24,2.32,34.40
1692,283069959,504.88,622.07,-572.75,0.18,-0.73,2.20,34.36
1693,283074008,506.84,621.58,-579.59,0.12,-0.91,1.95,34.50
1694,283079803,505.37,625.00,-573.73,0.30,-0.73,2.01,34.36
1695,283083852,513.67,623.05,-576.17,-0.12,-0.37,1.89,34.21
1696,283087902,512.70,626.46,-574.71,-0.49,-0.24,1.77,34.40
1697,283091959,510.74,622.56,-575.68,-0.55,0.55,1.83,34.50
1698,283096008,509.28,623.54,-573.73,-0.85,1.16,1.71,34.40
1699,283101803,505.86,619.14,-574.22,-1.10,1.10,1.71,34.36
1700,283105852,508.79,618.16,-566.41,-0.98,1.22,1.89,34.31
1701,283109902,505.86,618.65,-573.73,-0.85,0.91,1.95,34.50
1702,283113959,507.32,615.72,-570.80,-0.67,0.73,1.89,34.40
1703,283118008,503.42,619.63,-570.80,-0.55,0.30,2.13,34.36
1704,283123803,504.88,618.65,-570.31,-0.37,0.12,2.20,34.36
1705,283127852,510.25,614.26,-567.87,-0.67,0.00,2.20,34.02
1706,283131902,507.81,615.23,-568.36,-0.61,0.43,2.07,34.40
1707,283135959,508.30,611.82,-569.82,-0.61,0.49,2.44,34.50
1708,283140008,509.28,613.28,-570.80,-0.43,0.79,2.32,34.40
1709,283145803,508.30,619.14,-567.87,-0.24,0.43,2.44,34.55
1710,283149852,505.37,618.16,-567.38,-0.55,0.55,2.38,34.50
1711,283153902,508.79,617.68,-571.29,-0.61,0.43,2.26,34.74
1712,283157959,513.18,617.68,-566.89,-0.61,0.55,2.32,34.69
1713,283162008,514.16,618.65,-571.78,-0.67,0.85,2.20,34.31
1714,283167803,513.67,622.56,-571.29,-0.79,1.16,2.32,34.64
1715,283171852,511.72,622.07,-571.29,-0.61,0.79,2.38,34.69
1716,283175902,509.28,621.09,-573.73,-0.67,0.79,2.62,34.31
1717,283179959,513.18,621.58,-573.73,-0.73,0.37,2.62,34.40
1718,283184008,514.65,619.14,-571.78,-0.67,0.49,2.50,34.50
1719,283189803,514.65,617.68,-568.36,-1.10,0.67,2.50,34.40
1720,283193852,516.11,618.65,-565.92,-1.16,0.85,2.56,34.40
1721,283197902,518.07,622.56,-572.27,-0.79,0.67,2.38,34.40
1722,283201959,513.67,621.09,-571.29,-1.04,0.91,2.32,34.40
1723,283207803,514.16,616.70,-572.27,-1.10,0.98,2.26,34.55
1724,283211852,518.07,620.12,-574.71,-1.71,1.22,2.50,34.64
1725,283215902,512.21,617.68,-572.27,-1.59,1.40,2.38,34.64
1726,283219959,513.18,617.68,-567.87,-1.52,1.77,2.20,34.21
1727,283224008,511.23,609.86,-570.80,-1.83,2.07,2.20,34.36
1728,283228058,505.86,611.82,-571.78,-1.59,2.13,2.62,34.36
1729,283233803,503.42,614.26,-572.75,-1.40,1.46,2.62,34.40
1730,283237852,507.32,614.75,-569.34,-1.22,0.67,2.44,34.36
1731,283241902,507.81,611.82,-575.68,-1.22,0.43,2.62,34.31
1732,283245959,510.25,614.26,-579.10,-1.10,-0.06,2.74,34.40
1733,283251803,504.39,615.23,-573.73,-0.98,-0.18,2.93,34.50
1734,283255852,508.30,618.16,-570.31,-0.79,-0.12,2.80,34.50
1735,283259902,507.81,621.09,-567.87,-1.16,-0.06,2.87,34.55
1736,283263959,510.25,618.65,-563.48,-0.98,0.30,2.56,34.21
1737,283268008,514.16,615.72,-562.99,-1.10,0.85,2.50,34.55
1738,283273803,512.21,616.70,-564.45,-0.91,1.40,2.44,34.50
1739,283277852,510.25,611.82,-567.87,-1.22,1.28,2.07,34.64
1740,283281902,511.23,607.42,-573.73,-1.16,1.65,2.20,34.64
1741,283285959,509.28,609.38,-577.64,-1.22,1.71,2.20,34.36
1742,283290008,510.25,609.38,-572.75,-1.22,1.28,2.44,34.69
1743,283295803,507.81,605.47,-571.78,-0.98,1.22,2.62,34.55
1744,283299852,507.32,606.45,-574.22,-0.67,0.61,2.32,34.21
1745,283303902,513.18,609.38,-564.45,-0.49,0.37,2.20,34.40
1746,283307959,515.14,614.75,-571.78,-0.37,-0.43,2.44,34.40
1747,283312008,511.72,610.35,-577.15,-0.18,-1.04,2.80,34.40
1748,283317803,514.16,608.89,-573.73,-0.06,-1.40,2.93,34.31
1749,283321852,518.07,609.38,-574.71,0.37,-1.65,3.05,34.31
1750,283325902,524.41,612.79,-571.29,0.43,-2.20,3.11,34.12
1751,283329959,525.39,613.28,-572.75,0.73,-1.95,3.17,34.40
1752,283334008,528.81,615.23,-573.73,0.85,-1.59,3.29,34.36
1753,283339803,528.81,616.70,-568.36,0.85,-1.52,3.35,34.40
1754,283343852,531.25,615.72,-569.82,0.55,-0.49,3.11,34.50
1755,283347902,529.79,606.93,-564.94,0.24,0.06,2.99,34.50
1756,283351959,525.88,608.40,-563.96,-0.06,0.55,2.87,34.55
1757,283356008,532.71,608.89,-569.34,0.00,0.73,2.99,34.36
1758,283361803,528.32,604.49,-571.29,-0.06,1.16,2.99,34.31
1759,283365852,524.90,608.89,-573.73,-0.12,1.28,2.93,34.50
1760,283369902,526.37,606.45,-567.38,-0.06,1.22,2.93,34.36
1761,283373959,530.27,610.35,-566.41,0.06,1.34,3.41,34.40
1762,283378008,526.86,612.79,-568.36,-0.12,0.98,3.41,34.31
1763,283383803,525.39,608.89,-568.36,-0.12,0.98,3.54,34.50
1764,283387852,525.39,610.35,-573.73,-0.24,0.91,3.72,34.64
1765,283391902,526.86,606.93,-568.36,-0.43,1.10,3.60,34.40
1766,283395959,521.48,608.40,-564.94,-0.73,1.46,3.72,34.40
1767,283400008,521.97,606.45,-569.34,-0.49,1.52,3.78,34.40
1768,283405803,522.95,613.28,-568.85,-0.79,1.65,4.15,34.64
1769,283409852,521.00,610.35,-567.38,-0.55,1.40,4.27,34.50
1770,283413902,521.00,606.45,-568.85,-0.43,1.52,4.45,34.40
1771,283417959,522.95,614.26,-566.41,-0.55,1.46,4.21,34.55
1772,283422008,518.07,613.28,-569.82,-0.67,1.28,4.02,34.50
1773,283427803,523.44,608.40,-571.29,-0.37,1.65,4.15,34.40
1774,283431852,521.97,609.86,-568.36,-0.61,1.89,4.15,34.50
1775,283435902,519.53,607.42,-572.75,-0.49,1.59,4.15,34.21
1776,283439959,516.11,610.84,-573.73,-0.79,1.59,4.09,34.40
1777,283445803,513.67,612.79,-571.78,-0.91,1.59,4.02,34.64
1778,283449852,515.14,614.26,-574.22,-0.91,1.65,4.09,34.50
1779,283453902,511.23,614.75,-572.75,-0.85,1.59,3.96,34.31
1780,283457959,513.67,612.79,-571.29,-0.98,1.34,3.96,34.31
1781,283462008,515.14,612.30,-575.68,-1.34,1.04,3.96,34.50
1782,283467803,520.02,620.61,-576.66,-1.10,0.85,3.66,34.50
1783,283471852,518.07,616.70,-579.59,-1.22,0.43,3.66,34.64
1784,283475902,515.62,620.12,-576.66,-1.22,0.00,3.78,34.50
1785,283479959,521.97,617.19,-579.10,-1.22,-0.06,3.54,34.50
1786,283484008,521.00,615.72,-567.87,-1.16,0.12,3.60,34.50
1787,283489803,522.46,622.07,-572.75,-1.10,-0.12,3.35,34.31
1788,283493852,519.53,618.16,-574.22,-1.28,-0.24,3.35,34.50
1789,283497902,522.46,623.05,-579.59,-1.16,-0.06,3.48,34.50
1790,283501959,521.00,619.63,-577.15,-1.28,-0.06,3.35,34.64
1791,283506008,521.97,622.07,-580.57,-1.52,-0.18,3.17,34.64
1792,283511803,515.62,617.68,-577.15,-1.46,-0.30,2.93,34.55
1793,283515852,521.48,619.14,-579.59,-1.83,0.24,2.87,34.36
1794,283519902,520.51,618.16,-576.17,-1.89,0.43,2.74,34.50
1795,283523959,520.02,619.14,-577.64,-2.07,0.37,2.50,34.64
1796,283528008,517.09,621.09,-577.64,-2.13,0.30,2.38,34.50
1797,283533803,511.72,611.82,-577.64,-2.01,0.30,2.20,34.36
1798,283537852,509.77,607.91,-573.73,-2.32,0.12,2.01,34.36
1799,283541902,506.84,609.38,-579.10,-2.26,0.24,2.13,34.64
1800,283545959,511.23,609.38,-578.12,-2.20,-0.12,2.13,34.50
1801,283550008,510.74,610.84,-577.15,-1.89,-0.06,1.83,34.21
1802,283555803,510.74,610.35,-576.66,-1.77,-0.55,1.95,34.31
1803,283559852,509.28,608.89,-579.10,-1.65,-0.79,1.83,34.31
1804,283563902,506.84,606.45,-575.68,-1.65,-0.98,1.83,34.40
1805,283567959,509.28,613.28,-579.59,-1.71,-1.52,1.65,34.64
1806,283572008,509.28,610.35,-575.20,-1.46,-1.59,1.89,34.31
1807,283577803,507.81,612.79,-576.66,-1.40,-1.52,2.20,34.31
1808,283581852,512.70,613.77,-575.20,-1.40,-1.52,1.89,34.64
1809,283585902,508.30,608.89,-576.17,-1.10,-1.59,1.71,34.64
1810,283589959,506.35,608.89,-573.73,-1.16,-1.77,1.71,34.40
1811,283594008,506.84,607.42,-573.24,-1.04,-1.95,1.83,34.31
1812,283599803,510.74,608.40,-568.36,-0.91,-2.26,1.46,34.64
1813,283603852,515.62,607.91,-570.31,-1.04,-2.13,1.65,34.64
1814,283607902,516.60,609.86,-570.80,-1.04,-2.26,1.40,34.36
1815,283611959,517.58,607.42,-571.78,-1.04,-2.44,1.10,34.40
1816,283616008,519.04,605.47,-575.68,-0.73,-2.32,1.28,34.88
1817,283621803,516.11,607.91,-567.87,-0.67,-2.50,1.16,34.55
1818,283625852,519.53,608.89,-562.01,-0.67,-2.87,1.34,34.40
1819,283629902,526.86,611.33,-560.55,-0.37,-3.11,1.52,34.50
1820,283633959,528.32,613.77,-557.62,-0.37,-3.29,1.46,34.50
1821,283638008,529.79,616.70,-562.01,-0.61,-2.93,1.28,34.64
1822,283643803,529.79,615.23,-563.96,-0.67,-2.68,1.40,34.50
1823,283647852,537.60,619.14,-566.41,-0.91,-2.56,1.65,34.36
1824,283651902,534.18,622.56,-563.48,-1.16,-2.26,1.71,34.21
1825,283655959,537.11,623.54,-567.38,-1.40,-1.59,1.28,34.64
1826,283661803,533.69,624.02,-561.52,-1.83,-0.98,1.16,34.50
1827,283665852,539.06,622.56,-569.82,-2.07,-0.55,1.22,34.64
1828,283669902,528.32,617.68,-566.89,-2.38,-0.18,1.34,34.50
1829,283673959,530.27,614.75,-565.43,-2.38,-0.30,1.04,34.31
1830,283678008,533.20,612.30,-568.85,-2.44,0.00,1.22,34.40
1831,283683803,531.74,609.86,-563.96,-2.74,0.18,1.10,34.69
1832,283687852,525.88,611.82,-566.41,-2.32,-0.06,1.22,34.50
1833,283691902,525.88,609.86,-571.78,-2.13,-0.61,1.34,34.21
1834,283695959,529.79,608.40,-567.38,-2.07,-0.91,1.46,34.36
1835,283700008,524.90,607.91,-568.36,-1.77,-1.10,1.28,34.55
1836,283705803,528.32,607.91,-568.36,-1.77,-1.04,1.22,34.50
1837,283709852,528.32,605.96,-565.92,-1.77,-1.04,0.98,34.40
1838,283713902,529.79,608.89,-569.82,-1.95,-0.49,0.85,34.50
1839,283717959,528.32,605.47,-567.87,-1.65,-0.12,0.43,34.21
1840,283722008,530.76,603.52,-567.87,-1.77,-0.37,0.30,34.31
1841,283727803,533.20,600.10,-571.78,-1.83,-0.18,0.24,34.40
1842,283731852,530.27,604.00,-571.29,-1.59,0.12,0.12,34.40
1843,283735902,523.44,611.33,-572.27,-1.77,0.24,-0.12,34.40
1844,283739959,523.44,605.96,-572.27,-1.28,0.24,-0.24,34.69
1845,283744008,525.88,606.45,-570.31,-1.34,0.30,-0.67,34.40
1846,283749803,523.93,607.91,-576.17,-1.34,0.24,-0.61,34.31
1847,283753852,524.90,608.89,-574.71,-0.98,0.00,-0.61,34.31
1848,283757902,522.46,608.89,-573.73,-0.98,0.24,-0.67,34.36
1849,283761959,518.07,611.33,-574.71,-0.85,-0.18,-0.55,34.50
1850,283766008,521.48,606.45,-575.68,-0.67,-0.12,-0.61,34.69
1851,283771803,517.58,609.86,-572.27,-0.49,-0.79,0.12,34.31
1852,283775852,519.04,611.82,-576.17,-0.06,-1.34,0.06,34.31
1853,283779902,522.46,612.30,-575.68,0.00,-1.34,-0.06,34.64
1854,283783959,521.97,613.28,-573.24,0.00,-1.22,0.12,34.55
1855,283788008,526.86,610.84,-575.20,0.00,-1.22,-0.24,34.40
1856,283793803,528.81,612.79,-572.27,-0.18,-0.91,-0.37,34.21
1857,283797852,526.86,607.91,-571.78,-0.43,-0.30,-0.61,34.31
1858,283801902,524.90,602.54,-569.82,-0.49,0.00,-0.55,34.50
1859,283805959,525.39,603.03,-569.82,-0.61,0.37,-0.55,34.40
1860,283810008,519.04,606.45,-565.92,-0.61,0.30,-0.49,34.40
1861,283815803,521.48,604.00,-566.89,-0.73,0.24,-0.37,34.40
1862,283819852,514.65,600.10,-565.43,-0.30,-0.18,-0.12,34.50
1863,283823902,519.53,605.47,-565.43,-0.18,-0.43,-0.24,34.50
1864,283827959,518.55,604.98,-566.41,-0.18,-0.98,-0.12,34.74
1865,283832008,521.97,602.05,-566.41,-0.06,-1.04,-0.06,34.40
1866,283837803,522.46,609.38,-569.82,0.00,-1.28,0.30,34.50
1867,283841852,526.86,606.45,-567.87,0.12,-1.46,0.61,34.40
1868,283845902,528.81,612.79,-565.43,0.18,-1.52,0.49,34.31
1869,283849959,526.86,613.77,-565.92,-0.06,-1.71,0.49,34.55
1870,283854008,528.32,613.77,-567.87,-0.18,-1.71,0.67,34.64
1871,283859803,526.86,609.38,-568.36,-0.43,-1.34,0.61,34.50
1872,283863852,533.20,613.28,-566.41,-0.73,-0.98,0.67,34.40
1873,283867902,532.23,612.30,-563.48,-0.85,-0.67,0.61,34.50
1874,283871959,527.83,611.33,-566.89,-1.04,-0.43,0.43,34.55
1875,283877803,530.27,614.26,-567.87,-1.16,-0.24,0.30,34.64
1876,283881852,526.37,612.30,-562.99,-1.52,0.43,-0.49,34.50
1877,283885902,529.79,606.45,-561.52,-2.01,0.98,-0.49,34.40
1878,283889959,530.27,606.45,-563.48,-2.26,1.34,-0.43,34.50
1879,283894008,525.88,605.96,-564.94,-2.26,1.59,-0.30,34.50
1880,283898058,519.04,607.42,-566.41,-2.26,1.16,-0.30,34.50
1881,283903803,517.58,605.96,-569.34,-2.38,0.79,-0.37,34.50
1882,283907852,517.58,609.38,-568.85,-1.83,-0.24,0.18,34.31
1883,283911902,518.55,611.33,-566.89,-1.83,-0.98,0.18,34.50
1884,283915959,518.07,611.33,-567.87,-1.89,-1.22,0.37,34.40
1885,283921803,521.00,612.79,-566.41,-1.46,-1.59,0.30,34.74
1886,283925852,521.48,611.33,-570.80,-1.52,-2.07,0.30,34.40
1887,283929902,521.48,611.33,-566.89,-1.10,-2.01,0.12,34.40
1888,283933959,521.97,614.75,-567.38,-1.34,-2.01,0.12,34.36
1889,283938008,521.00,613.77,-564.94,-1.46,-1.16,-0.06,34.69
1890,283943803,524.41,614.26,-564.45,-1.71,-0.37,0.06,34.69
1891,283947852,526.86,610.35,-566.41,-1.95,-0.06,0.18,34.40
1892,283951902,517.58,609.38,-564.94,-1.77,0.43,0.06,34.55
1893,283955959,516.11,606.45,-565.92,-1.77,0.18,0.06,34.55
1894,283960008,519.53,610.35,-564.45,-1.46,-0.24,0.24,34.64
1895,283965803,521.48,611.82,-566.41,-1.34,-0.37,0.37,34.40
1896,283969852,524.90,610.35,-561.52,-1.16,-0.49,0.43,34.36
1897,283973902,530.27,605.96,-562.50,-1.34,-0.37,0.30,34.31
1898,283977959,526.37,611.33,-562.50,-1.34,0.18,0.24,34.50
1899,283982008,526.37,607.91,-564.94,-1.40,0.61,0.24,34.55
1900,283987803,530.27,608.89,-565.43,-1.46,1.40,0.30,34.31
1901,283991852,525.39,604.98,-567.87,-1.28,1.46,0.30,34.36
1902,283995902,523.44,605.47,-572.27,-1.52,1.34,0.30,34.55
1903,283999959,524.90,603.52,-564.94,-1.40,1.28,0.37,34.40
1904,284004008,525.39,601.07,-565.92,-1.22,1.16,0.12,34.21
1905,284009803,523.44,599.61,-566.41,-1.52,1.46,0.43,34.12
1906,284013852,521.48,599.61,-568.85,-1.16,1.40,0.12,34.21
1907,284017902,518.07,605.47,-568.36,-1.28,0.98,0.37,34.50
1908,284021959,515.14,604.00,-566.89,-1.16,0.30,0.61,34.64
1909,284026008,516.60,602.05,-565.43,-0.91,-0.37,0.79,34.21
1910,284031803,517.58,604.00,-562.50,-0.55,-0.85,0.79,34.50
1911,284035852,525.88,609.86,-563.48,-0.55,-0.85,0.67,34.50
1912,284039902,525.88,608.40,-567.38,-0.43,-0.67,0.43,34.31
1913,284043959,526.37,614.75,-562.50,-0.49,0.24,0.55,34.40
1914,284048008,528.81,613.77,-562.01,-0.91,0.49,0.30,34.31
1915,284053803,524.41,615.23,-564.45,-0.91,0.85,0.49,34.36
1916,284057852,523.44,615.72,-565.43,-1.04,1.46,0.55,34.31
1917,284061902,518.55,613.77,-562.50,-1.28,1.52,0.24,34.36
1918,284065959,521.48,615.23,-559.57,-1.34,1.65,0.61,34.40
1919,284070008,521.00,616.21,-561.52,-1.28,1.71,0.49,34.36
1920,284075803,524.41,611.82,-562.50,-1.16,1.34,0.43,34.69
1921,284079852,522.46,614.26,-565.43,-0.85,0.98,0.55,34.40
1922,284083902,519.53,614.75,-560.55,-0.91,1.10,0.55,34.31
1923,284087959,523.93,616.70,-563.96,-0.61,0.79,0.91,34.36
1924,284092008,525.39,614.26,-563.48,-0.61,0.79,0.79,34.55
1925,284097803,527.83,609.38,-565.43,-0.85,0.49,1.10,34.50
1926,284101852,528.81,608.40,-565.43,-0.61,0.37,1.22,34.50
1927,284105902,533.20,617.19,-562.01,-0.24,0.06,1.34,34.36
1928,284109959,527.83,611.33,-563.96,-0.55,0.06,1.28,34.55
1929,284115803,529.79,613.28,-564.45,-0.55,-0.67,1.22,34.40
1930,284119852,535.16,618.16,-558.59,-0.55,-0.55,1.16,34.40
1931,284123902,537.60,612.79,-559.57,-0.79,0.18,0.98,34.83
1932,284127959,543.46,613.77,-563.96,-1.22,0.43,0.85,34.31
1933,284132008,538.57,614.26,-562.50,-1.22,0.85,0.67,34.74
1934,284137803,532.23,615.72,-563.96,-1.52,1.28,0.67,34.50
1935,284141852,533.69,611.33,-561.04,-1.83,1.10,0.55,34.40
1936,284145902,535.16,610.84,-555.66,-1.65,1.16,0.49,34.50
1937,284149959,531.25,609.38,-561.04,-1.65,1.22,0.49,34.50
1938,284154008,529.79,612.30,-562.50,-1.65,1.10,0.61,34.74
1939,284159803,535.64,613.28,-565.43,-1.65,1.04,0.30,34.21
1940,284163852,534.18,616.21,-569.34,-1.46,1.28,0.43,34.40
1941,284167902,534.67,620.61,-566.41,-1.52,1.22,0.24,34.40
1942,284171959,533.20,613.77,-570.80,-1.65,1.28,0.06,34.64
1943,284176008,528.81,616.21,-571.29,-1.46,1.22,0.18,34.64
1944,284181803,527.83,609.86,-572.75,-1.52,1.52,0.12,34.40
1945,284185852,526.37,615.23,-572.27,-1.77,1.34,0.06,34.40
1946,284189902,523.93,614.75,-573.24,-1.83,1.22,0.06,34.50
1947,284193959,522.46,612.30,-572.27,-1.77,1.40,0.06,34.50
1948,284198008,524.41,604.49,-567.38,-1.83,1.34,-0.12,34.50
1949,284203803,524.90,608.40,-564.94,-1.77,1.83,0.12,34.31
1950,284207852,518.07,602.54,-567.38,-1.52,1.77,-0.06,34.40
1951,284211902,520.51,603.03,-568.85,-1.40,1.40,-0.18,34.50
1952,284215959,519.53,608.40,-570.31,-1.04,0.85,0.06,34.50
1953,284220008,521.48,606.93,-565.92,-0.61,0.12,0.24,34.21
1954,284225803,523.93,605.47,-571.78,-0.30,-0.37,0.24,34.40
1955,284229852,526.37,607.91,-572.27,0.06,-1.22,0.79,34.40
1956,284233902,528.81,608.89,-568.36,0.30,-1.46,0.61,34.40
1957,284237959,533.20,609.38,-572.27,0.55,-1.65,0.61,34.64
1958,284242008,533.69,613.28,-568.36,0.12,-1.34,0.67,34.50
1959,284247803,535.64,615.23,-567.38,0.12,-0.98,0.67,34.21
1960,284251852,539.55,612.30,-563.48,-0.12,-0.30,0.43,34.36
1961,284255902,542.48,610.84,-565.92,-0.37,0.00,0.12,34.74
1962,284259959,541.02,608.89,-564.94,-0.67,0.73,0.06,34.40
1963,284264008,541.02,607.42,-567.38,-1.10,1.59,0.00,34.40
1964,284269803,537.11,612.30,-564.45,-0.98,2.13,-0.12,34.55
1965,284273852,531.25,612.30,-564.45,-1.34,2.20,-0.12,34.50
1966,284277902,533.20,604.00,-561.04,-1.46,2.56,0.06,34.40
1967,284281959,524.41,606.45,-566.89,-1.34,2.20,-0.06,34.50
1968,284286008,524.90,604.49,-565.92,-1.28,1.89,0.00,34.50
1969,284291803,522.46,609.38,-566.41,-1.16,1.46,0.12,34.40
1970,284295852,523.93,611.33,-568.85,-0.73,0.61,0.67,34.55
1971,284299902,523.93,605.96,-568.36,-0.85,0.49,0.85,34.40
1972,284303959,516.60,613.28,-568.36,-0.61,-0.06,1.16,34.88
1973,284308008,519.53,611.82,-568.36,-0.49,-0.37,1.04,34.55
1974,284313803,524.90,611.82,-569.34,-0.37,-0.79,0.85,34.50
1975,284317852,524.90,612.79,-565.92,-0.37,-0.73,1.16,34.69
1976,284321902,527.83,616.21,-565.43,-0.30,-0.61,1.16,34.21
1977,284325959,529.30,614.26,-562.99,-0.49,-0.24,1.28,34.31
1978,284331803,527.34,617.68,-563.96,-0.73,0.06,0.67,34.55
1979,284335852,526.37,612.30,-564.45,-0.73,0.55,0.73,34.36
1980,284339902,528.81,610.35,-562.01,-0.79,0.98,0.67,34.55
1981,284343959,521.48,611.82,-570.31,-0.73,1.10,0.67,34.31
1982,284348008,522.46,613.77,-568.36,-0.85,1.10,0.85,34.40
1983,284353803,521.97,611.82,-568.36,-0.67,1.10,0.79,34.40
1984,284357852,521.97,610.84,-562.01,-0.61,0.30,0.61,34.40
1985,284361902,521.97,612.79,-562.01,-0.49,0.30,0.67,34.40
1986,284365959,518.07,608.89,-561.04,-0.55,0.06,0.98,34.21
1987,284370008,524.41,605.96,-557.62,-0.49,-0.49,0.49,34.69
1988,284375803,530.27,605.47,-563.96,-0.18,-0.67,0.73,34.21
1989,284379852,528.81,606.93,-562.99,0.00,-1.40,0.85,34.31
1990,284383902,534.18,604.00,-561.52,-0.06,-1.46,0.61,34.36
1991,284387959,535.64,607.42,-561.04,-0.30,-1.59,0.91,34.50
1992,284392008,535.64,607.91,-560.55,-0.24,-1.40,0.55,34.40
1993,284397803,533.20,604.49,-562.50,-0.55,-1.10,0.24,34.50
1994,284401852,538.57,606.45,-562.50,-0.67,-0.73,0.49,34.64
1995,284405902,540.53,605.96,-561.52,-0.91,-1.04,0.49,34.50
1996,284409959,539.55,611.82,-564.94,-1.04,-1.10,0.30,34.40
1997,284414008,540.53,613.28,-564.94,-1.22,-1.10,0.06,34.40
1998,284419803,536.13,610.35,-560.55,-1.10,-0.98,0.18,34.02
1999,284423852,539.55,617.19,-565.92,-1.28,-0.67,0.49,34.16
2000,284427902,541.02,616.70,-561.52,-1.40,-0.49,0.06,34.50
2001,284431959,541.02,616.21,-567.87,-1.77,-0.55,0.49,34.36
2002,284436008,535.16,619.63,-563.96,-1.77,-0.37,0.61,34.36
2003,284441803,530.27,617.68,-565.43,-1.95,-0.24,0.73,34.02
2004,284445852,532.71,617.68,-564.45,-2.07,-0.30,0.67,34.31
2005,284449902,530.76,622.07,-562.99,-2.44,-0.30,0.79,34.40
2006,284453959,525.88,615.72,-565.43,-2.26,-0.30,0.61,34.50
2007,284458008,521.00,618.65,-559.57,-1.95,-0.18,0.61,34.21
2008,284463803,522.95,615.72,-561.52,-1.83,-0.30,0.98,34.31
2009,284467852,523.44,615.72,-565.43,-1.77,-0.06,0.49,34.55
2010,284471902,521.48,609.86,-566.89,-1.77,-0.12,0.37,34.64
2011,284475959,519.53,610.84,-568.85,-1.52,-0.43,0.43,34.50
2012,284480008,520.51,609.38,-571.78,-1.28,-0.30,0.18,34.21
2013,284485803,519.04,607.42,-568.85,-1.10,-0.49,0.37,34.36
2014,284489852,521.48,609.38,-566.89,-0.85,-1.10,0.24,34.31
2015,284493902,522.46,609.86,-569.34,-0.73,-1.52,0.24,34.40
2016,284497959,523.44,605.96,-572.27,-0.61,-1.83,0.37,34.31
2017,284502008,526.37,609.38,-572.75,-0.43,-2.44,0.00,34.36
2018,284507803,523.44,607.91,-573.73,-0.06,-2.68,-0.37,34.40
2019,284511852,530.27,611.82,-573.73,0.00,-2.93,-0.18,34.50
2020,284515902,531.25,609.86,-572.75,-0.12,-3.05,-0.49,34.64
2021,284519959,530.76,608.40,-568.36,-0.12,-2.80,-0.55,34.69
2022,284524008,537.60,612.79,-566.41,-0.43,-2.68,-0.37,34.55
2023,284529803,530.27,615.23,-569.34,-0.30,-2.74,-0.43,34.64
2024,284533852,531.74,618.65,-570.80,-0.18,-2.80,-0.67,34.50
2025,284537902,527.83,618.65,-567.38,-0.30,-2.74,-0.67,34.16
2026,284541959,527.83,622.07,-567.87,-0.43,-2.38,-1.04,34.31
2027,284547803,535.16,611.82,-562.50,-0.55,-2.01,-1.22,34.40
2028,284551852,536.62,618.65,-562.01,-0.55,-1.59,-1.04,34.40
2029,284555902,531.25,614.26,-562.01,-0.73,-1.22,-1.04,34.64
2030,284559959,526.86,618.65,-562.99,-0.61,-1.40,-1.16,34.21
2031,284564008,529.30,619.63,-558.11,-0.79,-1.16,-1.28,34.50
2032,284569803,528.81,610.35,-559.57,-0.91,-0.98,-1.10,34.40
2033,284573852,522.95,616.70,-561.04,-0.79,-0.61,-1.34,34.64
2034,284577902,526.86,612.79,-562.50,-0.55,-1.28,-1.16,34.69
2035,284581959,522.46,616.21,-565.43,-0.30,-1.28,-1.10,34.31
2036,284586008,526.86,610.84,-561.52,-0.30,-1.10,-1.40,34.50
2037,284591803,522.46,608.89,-563.96,-0.55,-1.16,-1.59,34.40
2038,284595852,521.97,611.82,-561.04,-0.73,-1.28,-1.40,34.40
2039,284599902,524.90,610.35,-561.52,-0.61,-1.59,-1.28,34.50
2040,284603959,522.95,612.79,-565.92,-0.43,-1.89,-1.16,34.31
2041,284608008,530.27,610.35,-564.45,-0.12,-2.26,-1.22,34.50
2042,284613803,531.25,610.84,-560.55,0.00,-2.74,-1.04,34.36
2043,284617852,531.25,613.28,-567.87,-0.12,-2.99,-1.22,34.55
2044,284621902,532.71,615.72,-565.43,-0.43,-2.68,-1.34,34.31
2045,284625959,538.09,611.33,-569.82,-0.49,-2.26,-1.10,34.74
2046,284630008,535.16,615.72,-566.89,-0.49,-2.50,-1.10,34.50
2047,284635803,535.64,611.82,-562.50,-0.73,-2.32,-1.22,34.12
2048,284639852,536.13,613.77,-568.85,-0.85,-2.07,-1.04,34.36
2049,284643902,539.55,613.28,-567.38,-1.04,-2.01,-0.79,34.40
2050,284647959,534.67,608.89,-568.36,-1.40,-1.40,-1.04,34.50
2051,284652008,534.18,608.89,-563.48,-1.46,-0.61,-1.22,34.40
2052,284657803,531.25,611.33,-562.99,-1.89,-0.06,-1.22,34.12
2053,284661852,532.23,606.93,-565.43,-1.89,0.43,-1.34,34.31
2054,284665902,524.41,605.96,-563.48,-2.01,0.24,-1.10,34.40
2055,284669959,523.44,603.52,-561.52,-2.38,0.37,-1.16,34.40
2056,284674008,524.41,603.52,-556.64,-1.89,0.24,-0.85,34.21
2057,284679803,521.48,602.54,-555.18,-2.13,0.06,-0.85,34.40
2058,284683852,521.97,602.54,-564.94,-1.59,-0.18,-0.73,34.40
2059,284687902,521.48,599.61,-560.06,-1.46,-0.61,-0.67,34.64
2060,284691959,523.93,605.96,-563.48,-1.28,-0.67,-0.49,34.50
2061,284696008,526.37,604.98,-559.57,-1.40,-0.85,-0.30,34.50
2062,284701803,525.39,602.54,-562.01,-1.52,-0.73,-0.37,34.55
2063,284705852,523.93,605.47,-557.62,-1.65,-0.49,-0.12,34.40
2064,284709902,521.97,605.47,-562.50,-1.52,-0.12,-0.12,34.64
2065,284713959,517.09,601.07,-560.55,-1.40,-0.18,-0.12,34.55
2066,284718008,520.02,606.45,-560.55,-1.46,-0.18,0.06,34.31
2067,284723803,524.41,610.84,-559.57,-1.28,-0.18,0.18,34.50
2068,284727852,523.93,607.91,-560.06,-1.16,-0.55,0.18,34.31
2069,284731902,526.37,607.91,-561.04,-1.16,-0.55,0.30,34.50
2070,284735959,526.86,608.89,-559.57,-0.85,-0.91,0.43,34.50
2071,284740008,521.48,610.35,-559.08,-0.61,-0.98,0.49,34.64
2072,284745803,522.95,615.72,-560.55,-0.73,-0.79,0.61,34.55
2073,284749852,525.39,614.75,-565.43,-0.79,-0.73,0.67,34.50
2074,284753902,526.86,616.21,-559.08,-0.73,-0.67,0.73,34.31
2075,284757959,529.30,615.72,-555.18,-1.04,-0.30,0.91,34.40
2076,284763803,527.34,611.82,-559.57,-1.16,-0.55,0.73,34.50
2077,284767852,527.34,614.26,-560.55,-0.79,-0.49,0.67,34.31
2078,284771902,530.76,615.72,-557.13,-0.98,-0.43,0.67,34.36
2079,284775959,524.41,615.72,-557.13,-1.22,-0.30,0.61,34.36
2080,284780008,528.32,615.72,-557.62,-1.16,0.18,0.49,34.64
2081,284784058,533.20,608.89,-549.32,-1.22,0.30,-0.06,34.40
2082,284789803,529.79,612.79,-547.36,-1.59,0.67,-0.06,34.40
2083,284793852,526.37,610.35,-553.22,-1.59,0.85,-0.61,34.40
2084,284797902,523.44,616.21,-556.64,-1.22,0.61,-0.30,34.40
2085,284801959,522.95,611.82,-556.15,-1.16,0.43,-0.61,34.40
2086,284807803,523.44,611.82,-559.08,-1.16,0.49,-0.49,34.40
2087,284811852,525.39,613.77,-560.06,-1.04,0.12,-0.73,34.64
2088,284815902,527.34,615.23,-557.62,-1.04,-0.12,-0.73,34.40
2089,284819959,528.81,620.61,-561.52,-0.85,-0.67,-0.85,34.21
2090,284824008,528.32,618.65,-559.57,-1.10,-0.73,-0.79,34.40
2091,284829803,527.83,622.07,-565.43,-0.85,-0.49,-1.04,34.40
2092,284833852,528.81,618.16,-560.55,-1.22,-0.37,-0.73,34.50
2093,284837902,524.41,623.54,-567.38,-1.40,-0.37,-0.98,34.40
2094,284841959,521.48,623.05,-562.01,-1.22,-0.24,-1.04,34.69
2095,284846008,530.76,623.05,-564.45,-1.65,-0.30,-1.16,34.31
2096,284851803,524.90,625.49,-567.87,-1.52,-0.06,-1.16,34.64
2097,284855852,522.46,625.00,-565.43,-1.77,0.06,-0.91,34.40
2098,284859902,527.83,625.98,-563.48,-1.46,-0.12,-1.28,34.64
2099,284863959,529.30,619.63,-570.31,-1.77,0.30,-1.22,34.21
2100,284868008,527.34,621.09,-561.04,-1.71,0.43,-1.34,34.50
2101,284873803,522.95,624.02,-561.04,-1.46,-0.12,-1.34,34.21
2102,284877852,517.58,619.14,-568.36,-1.46,0.12,-1.10,34.31
2103,284881902,522.95,618.65,-561.04,-1.65,-0.18,-1.10,34.40
2104,284885959,522.95,618.65,-565.43,-1.34,-0.43,-1.40,34.50
2105,284890008,522.95,619.63,-564.94,-1.59,-0.55,-1.65,34.31
2106,284895803,522.95,620.12,-563.96,-1.34,-0.85,-1.40,34.31
2107,284899852,526.37,625.00,-566.89,-1.52,-0.73,-1.52,34.31
2108,284903902,527.34,619.14,-565.43,-1.40,-1.22,-1.52,34.12
2109,284907959,523.44,609.38,-568.36,-1.59,-1.22,-1.52,34.40
2110,284912008,528.32,617.19,-568.36,-1.83,-1.40,-1.40,34.31
2111,284917803,529.30,617.19,-565.43,-1.59,-1.40,-1.46,34.31
2112,284921852,531.25,614.75,-564.45,-1.83,-1.34,-1.28,34.50
2113,284925902,530.76,618.16,-567.87,-1.65,-1.46,-1.16,34.69
2114,284929959,531.74,617.68,-563.48,-1.95,-0.73,-1.34,34.64
2115,284934008,531.25,619.14,-564.45,-2.01,-0.91,-1.46,34.31
2116,284939803,527.34,613.28,-562.50,-2.07,-0.67,-1.40,34.50
2117,284943852,525.88,609.86,-565.92,-1.95,0.00,-1.46,34.64
2118,284947902,527.83,615.23,-564.94,-2.38,0.43,-1.22,34.50
2119,284951959,517.58,609.38,-561.52,-2.26,0.67,-1.16,34.64
2120,284956008,522.46,612.30,-561.52,-2.26,0.49,-1.22,34.64
2121,284961803,515.14,610.35,-559.08,-2.07,0.30,-0.98,34.64
2122,284965852,520.02,604.00,-567.38,-1.46,-0.37,-0.67,34.40
2123,284969902,520.51,602.54,-566.89,-1.28,-0.55,-0.85,34.36
2124,284973959,518.55,605.47,-565.43,-1.40,-1.04,-0.73,34.31
2125,284978008,521.97,607.91,-561.52,-1.28,-0.85,-0.79,34.40
2126,284983803,525.88,606.93,-566.89,-1.16,-0.85,-0.73,34.50
2127,284987852,521.00,607.42,-561.52,-0.98,-0.85,-0.61,34.50
2128,284991902,523.44,610.35,-567.87,-0.55,-1.40,-0.30,34.40
2129,284995959,524.41,612.30,-565.43,-0.73,-2.07,-0.43,34.55
2130,285001803,530.76,608.89,-567.87,-0.55,-2.07,-0.24,34.40
2131,285005852,534.18,611.33,-564.94,-0.85,-1.77,-0.37,34.64
2132,285009902,536.62,614.75,-566.89,-0.67,-1.65,-0.24,34.50
2133,285013959,539.55,617.19,-563.96,-0.37,-1.65,-0.30,34.21
2134,285018008,536.62,614.75,-567.87,-0.67,-1.46,0.00,34.74
2135,285023803,531.25,616.21,-568.36,-0.73,-1.04,0.00,34.50
2136,285027852,534.18,616.21,-563.96,-1.28,-0.55,-0.12,34.40
2137,285031902,530.27,614.75,-562.50,-1.10,0.00,-0.18,34.50
2138,285035959,528.81,614.75,-561.04,-1.04,0.00,0.06,34.55
2139,285040008,528.32,613.28,-562.50,-0.85,-0.06,-0.18,34.21
2140,285045803,527.34,613.28,-562.99,-0.79,-0.12,0.06,34.64
2141,285049852,520.02,615.72,-559.08,-1.04,-0.37,0.37,34.50
2142,285053902,523.44,612.79,-563.48,-0.55,-0.24,0.00,34.64
2143,285057959,519.04,615.23,-563.48,-0.55,0.00,-0.18,34.40
2144,285062008,518.07,612.79,-561.04,-0.73,0.00,-0.24,34.40
2145,285067803,519.53,615.72,-557.62,-0.55,-0.18,-0.24,34.83
2146,285071852,517.09,620.12,-562.50,-0.43,-0.49,-0.06,34.50
2147,285075902,516.11,617.19,-562.99,-0.30,-1.04,0.18,34.50
2148,285079959,515.14,621.09,-562.50,0.06,-1.16,0.30,34.36
2149,285084008,517.09,622.07,-564.94,0.00,-1.16,0.43,34.64
2150,285089803,516.60,615.23,-561.52,0.00,-1.04,0.43,34.21
2151,285093852,518.55,621.58,-558.59,-0.37,-0.98,0.30,34.31
2152,285097902,522.95,621.58,-556.64,-0.06,-0.73,0.49,34.69
2153,285101959,520.02,622.56,-555.66,-0.18,-0.43,0.55,34.55
2154,285106008,521.48,625.00,-559.08,-0.18,-0.67,0.24,34.31
2155,285111803,522.95,621.09,-562.01,-0.18,-0.49,0.55,34.36
2156,285115852,522.46,616.21,-562.50,-0.37,-0.61,0.55,34.31
2157,285119902,526.37,617.68,-562.99,-0.12,-0.79,0.55,34.40
2158,285123959,522.46,620.12,-561.04,-0.12,-0.43,0.49,34.64
2159,285128008,521.97,617.19,-562.01,-0.12,-0.61,0.49,34.40
2160,285133803,522.95,617.19,-558.59,-0.06,-0.91,0.61,34.21
2161,285137852,526.37,612.30,-562.50,-0.06,-1.16,0.12,34.31
2162,285141902,522.95,621.58,-560.55,0.06,-1.28,0.24,34.64
2163,285145959,523.93,613.28,-559.57,-0.12,-1.16,0.43,34.55
2164,285150008,523.44,619.14,-557.13,-0.12,-1.28,0.24,34.40
2165,285155803,524.41,615.72,-556.15,-0.06,-1.40,0.30,34.64
2166,285159852,523.44,615.23,-555.18,-0.30,-0.79,0.37,34.50
2167,285163902,520.02,617.19,-550.29,-0.18,-0.67,-0.24,34.21
2168,285167959,520.02,614.75,-555.66,-0.49,-0.55,-0.18,34.36
2169,285172008,521.48,618.65,-558.11,-0.67,-0.24,-0.24,34.40
2170,285177803,521.48,618.65,-558.11,-0.85,0.18,-0.43,34.50
2171,285181852,523.44,619.63,-552.73,-0.91,0.37,-0.43,34.50
2172,285185902,520.02,621.58,-559.08,-0.85,0.06,-0.43,34.21
2173,285189959,513.18,617.19,-564.45,-0.91,-0.30,-0.43,34.55
2174,285194008,511.72,623.05,-560.06,-0.55,-0.85,-0.37,34.50
2175,285199803,519.04,621.58,-559.57,-0.67,-1.28,-0.06,34.40
2176,285203852,522.46,619.14,-560.55,-0.43,-1.40,-0.06,34.50
2177,285207902,521.48,624.02,-561.04,-0.24,-1.77,0.06,34.16
2178,285211959,522.46,623.05,-558.11,-0.24,-1.34,0.49,34.50
2179,285217803,522.95,621.58,-561.52,-0.30,-1.52,0.49,34.64
2180,285221852,525.39,622.07,-564.94,-0.37,-0.85,0.24,34.50
2181,285225902,525.88,624.02,-557.62,-0.49,-0.37,0.30,34.40
2182,285229959,522.46,616.70,-559.57,-0.55,-0.43,0.49,34.31
2183,285234008,521.97,617.68,-557.13,-0.24,-0.24,0.49,34.31
2184,285239803,519.53,620.12,-551.76,-0.49,0.24,0.55,34.36
2185,285243852,516.60,614.75,-561.04,-0.06,0.37,0.61,34.36
2186,285247902,520.02,614.26,-558.59,-0.06,-0.18,0.73,34.40
2187,285251959,518.55,613.28,-559.08,0.18,-0.49,0.61,34.50
2188,285256008,521.00,613.77,-559.08,0.55,-0.91,0.85,34.36
2189,285261803,523.93,614.75,-558.11,0.55,-1.10,0.67,34.40
2190,285265852,529.79,613.77,-556.64,0.67,-1.04,0.73,34.64
2191,285269902,529.30,615.23,-558.59,0.79,-0.79,0.61,34.31
2192,285273959,527.34,616.21,-560.06,0.61,-0.67,0.67,34.16
2193,285278008,531.25,615.23,-562.01,0.43,-0.12,0.61,34.40
2194,285283803,529.30,612.30,-562.50,0.30,-0.06,0.49,34.40
2195,285287852,531.25,614.75,-564.94,0.18,0.18,0.49,34.64
2196,285291902,525.39,611.82,-566.89,0.49,0.12,0.37,34.50
2197,285295959,528.32,610.84,-562.99,0.12,0.18,0.43,34.40
2198,285300008,527.34,613.28,-566.89,0.12,0.06,0.37,34.50
2199,285305803,527.83,610.35,-564.45,0.24,0.24,0.24,34.40
2200,285309852,527.83,609.38,-568.85,0.49,-0.06,0.24,34.21
2201,285313902,531.25,611.33,-567.38,0.37,0.12,0.49,34.40
2202,285317959,522.46,609.86,-568.85,0.55,0.00,0.24,34.40
2203,285322008,529.30,606.45,-567.87,0.43,0.00,0.18,34.55
2204,285327803,526.37,607.42,-564.45,0.37,-0.24,0.24,34.36
2205,285331852,527.83,603.52,-564.45,0.73,-0.49,0.30,34.21
2206,285335902,524.90,614.75,-565.92,0.67,-0.12,0.12,34.50
2207,285339959,529.30,615.23,-565.43,0.61,0.00,0.37,34.64
2208,285344008,524.90,610.84,-565.43,0.61,-0.12,0.12,34.31
2209,285349803,528.32,611.82,-561.52,0.49,0.00,0.00,34.02
2210,285353852,526.37,611.33,-565.43,0.79,0.06,0.06,34.31
2211,285357902,528.32,614.26,-559.08,0.67,0.00,-0.06,34.40
2212,285361959,529.79,610.35,-558.11,0.49,0.12,0.06,34.50
2213,285366008,527.83,610.35,-555.66,0.49,0.43,-0.18,34.40
2214,285371803,528.32,615.23,-561.52,0.30,0.18,-0.30,34.55
2215,285375852,524.90,613.28,-562.01,0.55,0.24,0.00,34.36
2216,285379902,531.25,613.77,-567.87,0.55,0.24,0.18,34.40
2217,285383959,529.30,615.72,-567.38,0.49,0.18,-0.18,34.50
2218,285388008,523.93,612.30,-569.34,0.55,0.12,0.18,34.64
2219,285393803,518.07,613.28,-564.45,0.06,0.12,-0.12,34.55
2220,285397852,521.00,619.14,-562.99,0.00,0.12,-0.18,34.50
2221,285401902,520.51,615.72,-564.45,0.12,0.24,0.12,34.64
2222,285405959,520.51,618.16,-565.43,0.30,-0.24,0.49,34.64
2223,285410008,522.95,618.16,-567.87,0.12,-0.49,0.30,34.50
2224,285415803,521.00,616.70,-567.38,0.30,-0.91,0.24,34.50
2225,285419852,521.00,616.70,-568.85,0.18,-0.67,0.37,34.40
2226,285423902,521.00,615.23,-565.92,0.00,-0.49,0.24,34.50
2227,285427959,524.90,610.84,-566.89,-0.06,-0.30,0.55,34.64
2228,285433803,526.86,611.82,-561.52,-0.18,-0.24,0.67,34.64
2229,285437852,518.55,609.86,-567.38,0.18,-0.30,0.73,34.64
2230,285441902,520.02,612.79,-562.50,0.30,-0.49,0.73,34.50
2231,285445959,517.58,605.96,-563.96,0.12,-0.67,0.61,34.50
2232,285450008,524.41,611.33,-565.43,0.12,-0.73,0.61,34.74
2233,285454058,519.04,612.30,-561.52,0.12,-0.61,0.43,34.36
2234,285459803,523.44,611.82,-558.59,0.00,-0.73,0.43,34.50
2235,285463852,527.83,611.82,-560.06,-0.18,-0.37,0.67,34.55
2236,285467902,528.32,611.33,-564.94,-0.37,-0.43,0.43,34.50
2237,285471959,529.79,612.79,-564.94,-0.30,-0.61,0.55,34.31
2238,285477803,523.93,610.35,-567.38,-0.55,-0.61,0.67,34.69
2239,285481852,529.30,613.77,-565.92,-0.49,-0.73,0.61,34.36
2240,285485902,532.71,612.30,-570.31,-0.18,-0.67,1.04,34.40
2241,285489959,524.90,613.77,-570.80,-0.37,-0.79,1.10,34.31
2242,285494008,521.97,607.42,-569.82,-0.55,-0.79,0.79,34.31
2243,285499803,527.83,611.33,-562.50,-0.37,-0.67,1.04,34.36
2244,285503852,525.88,613.28,-563.96,-0.37,-0.73,0.79,34.50
2245,285507902,529.79,613.77,-562.01,-0.61,-0.61,0.67,34.64
2246,285511959,527.83,614.75,-560.06,-0.43,-0.30,0.61,34.74
2247,285516008,527.34,608.40,-563.96,-0.55,-0.55,0.43,34.40
2248,285521803,528.32,605.96,-567.87,-0.49,-0.85,0.49,34.55
2249,285525852,528.81,611.33,-568.36,-0.12,-1.16,1.04,34.40
2250,285529902,523.44,610.84,-562.01,-0.12,-1.52,1.16,34.50
2251,285533959,526.86,610.84,-563.96,-0.12,-1.65,1.16,34.40
2252,285538008,525.88,610.84,-563.48,-0.24,-0.91,1.10,34.40
2253,285543803,533.20,611.33,-559.57,-0.49,-0.61,0.85,34.36
2254,285547852,528.32,608.89,-552.73,-0.12,-0.06,0.91,34.36
2255,285551902,526.86,613.28,-556.64,-0.18,0.43,0.85,34.50
2256,285555959,528.81,613.28,-556.64,-0.37,0.43,0.79,34.50
2257,285560008,525.39,611.33,-559.57,-0.43,0.67,0.61,34.31
2258,285565803,525.39,612.79,-560.06,-0.37,0.98,0.85,34.16
2259,285569852,519.53,611.33,-564.45,-0.37,1.04,0.67,34.40
2260,285573902,521.00,616.21,-563.48,-0.18,1.10,0.79,34.50
2261,285577959,520.51,612.79,-560.06,-0.37,1.10,0.85,34.40
2262,285582008,518.55,610.35,-561.04,-0.30,0.85,0.91,34.40
2263,285587803,523.44,609.86,-562.99,0.00,0.98,0.85,34.40
2264,285591852,523.44,612.79,-555.18,-0.18,0.61,0.55,34.40
2265,285595902,521.97,614.26,-562.50,-0.06,0.49,0.61,34.50
2266,285599959,527.34,615.72,-561.52,0.18,0.43,0.49,34.50
2267,285604008,530.76,615.23,-562.99,0.00,0.73,0.55,34.12
2268,285609803,532.23,612.79,-562.99,-0.37,1.04,0.37,34.64
