seq,timestamp_us,ax_mg,ay_mg,az_mg,gx_dps,gy_dps,gz_dps,temp_c
0,258533754,-666.50,652.34,359.86,-1.46,0.12,0.61,37.28
1,258537820,-664.55,653.32,362.30,-1.52,-0.12,0.18,36.75
2,258541869,-662.11,655.76,362.30,-1.52,-0.12,0.18,36.75
3,258545925,-657.71,654.79,365.72,-1.52,-0.30,-0.85,37.28
4,258549974,-656.74,658.69,369.63,-1.71,-0.18,-1.16,36.94
5,258554024,-656.74,658.69,369.63,-1.77,0.06,-1.40,37.04
6,258558073,-651.37,660.64,370.61,-1.59,-0.12,-1.52,37.18
7,258562123,-658.20,665.04,366.21,-1.71,-0.24,-1.65,37.18
8,258566172,-659.18,665.04,361.33,-2.01,-0.43,-2.13,37.14
9,258570222,-655.27,657.71,366.21,-1.77,-0.49,-2.62,36.94
10,258574273,-658.69,659.18,374.02,-1.83,-0.30,-3.17,37.28
11,258579762,-659.18,651.37,374.02,-2.13,-0.30,-3.60,36.94
12,258583811,-659.18,633.30,371.09,-2.26,-0.18,-4.09,36.94
13,258587861,-658.20,631.84,370.12,-2.07,-0.43,-3.90,37.28
14,258591918,-658.69,627.44,369.63,-1.95,-0.12,-3.60,37.28
15,258597762,-653.81,622.07,370.12,-1.83,-0.18,-3.05,37.18
16,258601811,-650.88,623.05,372.07,-1.34,0.00,-2.50,37.28
17,258605861,-648.93,623.05,373.05,-1.28,0.12,-1.95,36.94
18,258609918,-653.32,625.98,373.05,-1.04,0.24,-2.01,37.04
19,258613968,-649.90,623.54,368.65,-0.73,0.55,-1.77,36.94
20,258619762,-654.79,635.25,368.16,-0.85,0.43,-1.95,37.14
21,258623811,-657.71,637.70,368.16,-0.73,0.91,-2.38,37.18
22,258627861,-661.13,643.07,367.68,-0.55,0.91,-2.74,37.28
23,258631918,-664.06,637.70,363.28,-0.30,1.04,-3.23,37.33
24,258635968,-666.50,640.14,361.82,-0.43,1.40,-4.15,37.14
25,258641762,-668.95,645.51,358.40,-0.24,1.40,-4.33,37.28
26,258645811,-675.78,659.67,360.35,-0.37,1.46,-5.00,37.28
27,258649861,-674.80,661.62,357.91,-0.49,1.46,-6.34,37.18
28,258653918,-675.29,667.97,354.98,-0.49,1.71,-7.01,36.94
29,258657968,-672.85,664.55,355.96,-0.73,1.71,-8.17,37.33
30,258663762,-673.83,657.23,351.56,-0.73,1.71,-9.51,37.18
31,258667811,-673.83,663.57,359.37,-0.49,1.59,-10.49,37.28
32,258671861,-670.90,659.18,363.28,-1.04,2.13,-11.22,37.14
33,258675918,-668.46,646.00,370.12,-1.04,2.32,-11.52,36.94
34,258679968,-665.04,641.60,368.65,-1.10,2.50,-11.83,36.99
35,258685762,-666.02,636.72,371.09,-1.16,2.74,-11.95,36.94
36,258689811,-665.04,637.70,369.14,-0.85,3.05,-11.95,37.37
37,258693861,-671.39,638.67,369.63,-1.22,3.35,-11.77,37.14
38,258697918,-670.41,633.79,375.49,-1.46,3.41,-11.40,36.94
39,258701968,-666.50,641.11,375.98,-1.22,3.60,-11.10,37.18
40,258707762,-666.99,640.14,378.42,-1.40,3.96,-10.79,37.33
41,258711811,-672.36,637.70,380.86,-1.59,4.21,-10.18,37.47
42,258715861,-678.22,637.21,377.44,-1.65,4.09,-10.00,37.18
43,258719918,-679.20,639.65,378.91,-1.89,4.39,-9.63,36.80
44,258723968,-672.85,641.60,379.88,-2.26,4.21,-9.27,37.18
45,258729762,-673.83,636.23,375.98,-2.26,4.33,-9.27,37.28
46,258733811,-674.32,635.74,375.49,-2.50,4.76,-8.90,37.18
47,258737861,-671.39,630.86,380.86,-2.80,4.82,-8.54,37.28
48,258741918,-671.87,627.93,380.37,-3.29,4.63,-8.41,37.18
49,258745968,-672.85,629.88,379.39,-2.80,4.82,-8.54,37.18
50,258751762,-669.92,626.95,376.95,-3.11,4.63,-8.60,37.04
51,258755811,-674.80,628.42,374.02,-3.35,4.63,-8.48,37.28
52,258759861,-669.92,626.46,375.98,-3.17,4.88,-8.11,37.18
53,258763918,-674.80,622.56,375.00,-3.66,4.82,-8.05,37.18
54,258767968,-665.04,623.54,371.09,-3.72,4.70,-7.99,36.94
55,258773762,-672.85,621.58,370.61,-3.66,4.88,-7.99,36.80
56,258777811,-672.36,621.58,371.58,-3.84,4.88,-7.80,36.94
57,258781861,-676.76,617.68,372.07,-3.84,4.88,-7.62,37.28
58,258785918,-676.27,613.28,367.19,-4.02,4.57,-7.56,37.04
59,258789968,-676.76,607.91,369.14,-4.09,4.63,-7.26,36.94
60,258795762,-679.69,609.38,367.68,-3.96,4.57,-6.83,36.80
61,258799811,-679.69,613.77,371.09,-4.51,4.76,-6.52,37.33
62,258803861,-677.73,616.70,369.63,-4.51,4.63,-5.85,36.94
63,258807918,-675.78,620.61,365.72,-4.57,4.51,-6.10,36.94
64,258813762,-675.78,616.70,369.14,-4.82,4.63,-6.52,37.18
65,258817811,-675.78,613.28,369.63,-5.18,4.70,-6.52,37.14
66,258821861,-673.34,610.35,370.61,-5.37,4.82,-6.59,36.80
67,258825918,-679.20,609.86,364.75,-5.61,4.94,-6.59,37.28
68,258829968,-681.64,607.42,363.77,-5.91,4.94,-6.46,37.04
69,258835762,-680.66,604.49,361.82,-5.91,4.88,-5.85,37.33
70,258839811,-681.64,604.49,362.30,-6.16,4.76,-5.98,37.18
71,258843861,-680.66,599.12,356.93,-6.52,4.82,-5.55,37.28
72,258847918,-679.20,600.10,359.86,-6.40,4.57,-5.37,37.04
73,258851968,-686.04,598.14,355.47,-6.40,4.39,-5.00,37.14
74,258857762,-685.55,591.31,347.17,-6.46,4.33,-5.06,37.18
75,258861811,-677.25,591.31,341.80,-6.34,4.15,-5.30,37.18
76,258865861,-682.13,585.94,341.80,-6.65,3.48,-4.51,37.18
77,258869918,-676.27,568.85,348.63,-6.65,3.48,-4.09,37.18
78,258873968,-678.22,561.04,342.77,-6.46,3.05,-2.07,37.28
79,258879762,-676.27,553.71,337.89,-6.16,2.99,-0.43,37.28
80,258883811,-681.15,550.78,337.89,-5.73,2.32,1.71,37.14
81,258887861,-677.25,554.69,334.47,-5.49,2.20,3.11,37.28
82,258891918,-680.18,556.64,333.98,-4.94,1.71,4.39,37.18
83,258895968,-682.62,559.08,333.01,-4.51,1.52,5.98,37.18
84,258901762,-679.69,562.01,331.54,-4.82,1.22,7.26,37.04
85,258905811,-685.06,566.89,331.54,-4.51,0.55,8.54,37.04
86,258909861,-685.06,569.82,327.15,-4.51,0.37,8.90,36.99
87,258913918,-693.36,566.89,327.64,-4.51,-0.18,9.45,36.94
88,258917968,-698.24,562.99,327.64,-4.27,0.06,9.70,36.94
89,258923762,-708.50,550.78,317.87,-4.21,-0.06,9.94,37.28
90,258927811,-718.75,523.44,315.43,-3.90,-0.91,10.98,37.18
91,258931861,-724.12,511.23,309.57,-3.78,-0.98,12.44,37.33
92,258935918,-730.96,504.39,308.11,-3.23,-1.59,14.15,37.28
93,258939968,-731.45,497.56,301.76,-2.93,-1.89,16.22,37.04
94,258945762,-738.28,504.39,298.34,-2.62,-2.68,17.80,37.33
95,258949811,-742.68,515.62,294.43,-2.20,-3.54,18.29,37.18
96,258953861,-755.86,527.83,296.88,-1.89,-3.90,18.48,37.18
97,258957918,-762.70,520.51,292.97,-1.59,-4.45,17.68,37.18
98,258961968,-765.14,522.95,291.99,-1.34,-5.12,16.34,37.18
99,258967762,-770.51,524.41,292.97,-1.10,-5.61,14.27,36.85
100,258971811,-786.13,514.65,287.11,-0.30,-6.83,11.16,37.14
101,258975861,-792.48,507.32,283.69,-0.18,-7.50,9.57,37.18
102,258979918,-802.25,496.09,281.25,0.73,-8.23,7.68,36.99
103,258983968,-807.13,498.05,291.99,1.40,-9.21,6.22,37.18
104,258989762,-814.94,496.58,300.78,1.83,-10.43,4.33,36.99
105,258993811,-821.29,496.58,307.62,3.29,-12.13,2.07,36.85
106,258997861,-814.94,484.86,312.01,3.96,-12.99,0.43,37.28
107,259001918,-818.36,474.61,317.38,5.37,-14.45,-1.52,37.28
108,259005968,-815.43,463.38,324.71,6.65,-15.37,-2.93,36.85
109,259011762,-827.64,447.27,339.36,8.35,-16.89,-3.60,36.80
110,259015811,-834.96,433.11,343.26,10.12,-18.11,-4.02,37.28
111,259019861,-841.31,422.36,351.56,11.46,-19.15,-4.21,36.99
112,259023918,-844.24,412.11,356.93,12.74,-20.85,-3.72,37.18
113,259029762,-856.45,409.67,355.47,14.63,-21.77,-3.78,37.14
114,259033811,-867.19,404.79,361.82,16.46,-23.84,-4.21,37.28
115,259037861,-870.61,409.18,362.79,17.87,-25.24,-4.94,37.37
116,259041918,-875.00,416.50,357.42,18.72,-26.40,-5.18,37.18
117,259045968,-870.12,420.90,357.91,19.94,-27.93,-6.59,36.94
118,259051762,-873.54,415.53,360.84,20.73,-29.39,-7.99,37.14
119,259055811,-865.23,410.64,363.28,22.07,-30.85,-10.12,37.14
120,259059861,-858.89,408.20,367.68,23.05,-31.89,-11.34,37.14
121,259063918,-859.86,396.97,378.42,23.96,-33.11,-12.32,37.14
122,259067968,-868.16,382.81,382.81,25.18,-34.15,-12.99,37.18
123,259073762,-880.37,359.86,388.18,27.26,-35.67,-14.63,37.33
124,259077811,-843.75,379.88,405.76,30.73,-36.83,-20.37,37.47
125,259081861,-832.03,422.85,411.62,32.13,-36.89,-25.43,37.37
126,259085918,-831.05,451.17,412.11,32.56,-37.26,-29.51,36.99
127,259089968,-834.47,455.57,410.64,32.80,-37.74,-34.39,37.14
128,259095762,-835.94,443.36,407.71,33.41,-38.35,-38.84,37.04
129,259099811,-832.52,416.50,423.83,35.37,-39.27,-43.17,37.28
130,259103861,-824.71,402.83,435.06,36.52,-40.00,-45.73,36.94
131,259107918,-815.43,399.90,451.17,38.78,-40.24,-48.41,37.28
132,259111968,-815.43,404.30,458.98,40.73,-40.18,-51.16,37.04
133,259117762,-812.99,409.67,459.47,42.56,-40.24,-53.35,37.28
134,259121811,-817.38,411.13,457.03,44.45,-40.55,-55.30,37.28
135,259125861,-821.29,409.67,442.38,45.98,-40.79,-56.10,36.94
136,259129918,-830.08,416.02,450.20,47.32,-41.28,-57.13,36.94
137,259133968,-826.66,421.87,445.80,48.41,-41.89,-58.35,37.33
138,259139762,-828.61,431.15,452.64,49.63,-42.20,-59.02,37.28
139,259143811,-837.89,435.06,461.43,50.98,-42.32,-60.24,37.33
140,259147861,-843.26,446.29,466.31,52.07,-42.74,-60.79,36.94
141,259151918,-848.63,445.80,466.31,53.11,-43.78,-61.34,37.33
142,259155968,-852.54,446.29,470.70,54.15,-44.76,-61.77,37.04
143,259161762,-860.35,446.29,470.70,55.24,-45.61,-62.20,36.94
144,259165811,-860.35,437.50,470.21,56.04,-46.71,-61.40,36.94
145,259169861,-854.98,442.38,467.77,57.07,-47.32,-61.04,37.28
146,259173918,-859.86,434.57,465.82,58.17,-48.48,-59.33,37.14
147,259177968,-862.79,437.50,463.38,59.02,-49.45,-57.68,37.04
148,259183762,-873.05,451.17,454.59,60.12,-51.10,-55.98,36.75
149,259187811,-874.51,472.66,445.80,60.79,-52.87,-53.84,37.04
150,259191861,-874.51,484.37,439.94,61.34,-54.45,-53.05,37.18
151,259195918,-873.05,500.49,434.57,62.20,-55.91,-52.38,36.99
152,259199968,-858.40,516.11,431.15,62.50,-57.62,-52.07,36.99
153,259205762,-848.63,531.25,426.76,62.87,-58.96,-51.89,37.04
154,259209811,-834.96,547.36,425.29,63.35,-60.73,-52.56,36.80
155,259213861,-817.87,553.22,424.32,63.60,-62.01,-53.17,37.18
156,259217918,-811.52,559.08,422.85,63.90,-63.05,-53.78,37.18
157,259221968,-802.25,569.82,419.43,63.96,-64.21,-54.33,37.18
158,259227762,-790.53,580.08,420.41,63.84,-65.06,-54.51,37.04
159,259231811,-780.27,592.29,426.27,62.80,-65.67,-55.00,37.33
160,259235861,-761.72,595.70,436.52,62.56,-66.40,-55.37,37.04
161,259239918,-758.79,603.52,443.85,61.71,-66.65,-56.10,37.14
162,259245762,-743.65,614.26,454.10,60.91,-66.71,-56.46,36.99
163,259249811,-727.54,625.00,462.89,59.27,-66.52,-57.07,37.14
164,259253861,-716.80,625.98,462.40,57.74,-65.98,-57.50,37.33
165,259257918,-703.12,617.68,472.66,56.28,-65.73,-57.74,37.18
166,259261968,-700.68,619.63,479.00,54.82,-65.12,-57.74,37.28
167,259267762,-688.96,623.54,482.91,52.74,-64.15,-57.50,37.18
168,259271811,-677.73,625.49,481.93,49.88,-63.23,-57.07,37.28
169,259275861,-668.95,635.25,478.52,47.32,-62.07,-56.83,37.18
170,259279918,-654.30,637.70,481.45,45.24,-60.67,-56.46,36.99
171,259283968,-640.14,639.16,484.37,42.26,-59.21,-56.04,37.04
172,259289762,-619.14,632.32,487.79,39.39,-57.20,-55.79,37.28
173,259293811,-601.07,636.23,491.21,35.85,-55.06,-55.06,37.14
174,259297861,-588.38,641.11,491.70,32.68,-53.48,-54.33,37.18
175,259301918,-578.61,645.02,500.00,30.12,-51.59,-53.96,36.94
176,259305968,-566.89,656.74,504.88,26.59,-49.21,-52.62,37.28
177,259311762,-557.62,664.55,516.11,23.66,-46.71,-51.04,37.28
178,259315811,-541.50,668.46,522.95,19.02,-42.93,-49.09,37.18
179,259319861,-528.32,676.76,533.69,16.10,-40.30,-47.68,37.18
180,259323918,-523.44,684.08,546.39,12.99,-37.01,-46.10,37.28
181,259327968,-517.09,692.38,558.59,9.57,-33.35,-44.15,36.94
182,259333762,-519.04,700.20,564.94,6.71,-30.06,-41.89,36.99
183,259337811,-511.72,714.36,576.17,3.11,-26.04,-39.88,37.18
184,259341861,-504.88,734.86,577.15,0.24,-23.54,-38.11,37.04
185,259345918,-492.19,747.07,568.36,-3.11,-20.06,-35.91,36.94
186,259349968,-489.26,757.81,565.92,-6.34,-16.52,-34.02,36.99
187,259355762,-490.23,767.09,565.92,-9.82,-13.11,-32.56,37.18
188,259359811,-486.82,772.46,556.15,-14.21,-9.33,-31.52,37.18
189,259363861,-494.63,775.88,548.34,-17.32,-6.71,-31.40,37.28
190,259367918,-498.05,779.30,548.83,-20.79,-3.35,-31.16,37.14
191,259371968,-496.58,780.76,541.99,-24.63,-0.43,-31.04,37.18
192,259377762,-495.12,764.65,540.53,-28.78,2.38,-30.49,36.99
193,259381811,-481.93,735.84,536.62,-33.54,5.85,-29.09,36.94
194,259385861,-479.49,710.94,528.32,-36.59,8.29,-27.56,37.28
195,259389918,-472.17,677.73,523.44,-39.76,11.04,-25.18,37.33
196,259393968,-468.26,655.76,518.55,-42.50,14.33,-22.26,37.14
197,259399762,-463.38,637.70,507.81,-45.12,17.26,-18.90,36.99
198,259403811,-460.45,618.16,498.05,-48.23,20.91,-14.33,37.14
199,259407861,-453.12,602.54,485.84,-50.00,23.17,-12.01,37.14
200,259411918,-455.08,594.24,479.49,-51.89,25.79,-8.84,36.99
201,259415968,-455.57,583.98,473.14,-53.72,28.90,-5.85,36.94
202,259421762,-451.17,577.15,469.73,-55.85,31.71,-3.11,36.85
203,259425811,-460.45,568.85,461.91,-57.99,35.37,-0.61,36.75
204,259429861,-459.96,557.62,458.98,-59.45,37.68,1.10,37.04
205,259433918,-474.12,547.36,458.01,-61.04,40.67,2.80,37.18
206,259437968,-478.03,551.76,450.68,-62.68,43.48,4.63,36.94
207,259443762,-488.28,544.92,446.78,-64.39,46.10,6.28,36.94
208,259447811,-508.79,535.16,434.57,-66.83,48.96,7.87,37.18
209,259451861,-514.65,528.32,428.71,-68.05,50.49,8.60,37.33
210,259455918,-524.41,530.27,417.48,-69.33,52.07,9.82,37.14
211,259461762,-529.30,529.30,412.60,-70.61,54.39,10.61,37.33
212,259465811,-538.57,531.25,408.69,-72.38,56.83,11.65,36.99
213,259469861,-545.90,525.39,399.41,-73.84,58.66,12.32,37.18
214,259473918,-554.69,518.07,396.00,-74.70,60.55,12.74,37.18
215,259477968,-564.45,512.70,395.51,-75.91,62.20,13.17,37.28
216,259483762,-582.52,514.16,395.02,-76.83,64.02,13.17,37.33
217,259487811,-598.63,516.60,396.97,-77.68,66.40,13.29,37.28
218,259491861,-611.33,512.70,399.41,-78.84,68.11,13.48,37.18
219,259495918,-621.09,515.62,397.95,-79.82,69.76,13.23,37.18
220,259499968,-626.46,511.23,395.02,-80.73,71.28,13.29,37.18
221,259505762,-638.18,495.61,382.32,-81.46,72.99,13.35,37.18
222,259509811,-653.32,492.68,387.21,-82.20,74.45,12.93,37.04
223,259513861,-665.04,495.12,374.51,-83.11,76.10,13.05,36.99
224,259517918,-671.87,493.65,374.51,-83.60,77.20,13.17,36.85
225,259521968,-678.22,500.00,367.68,-84.09,78.29,12.87,37.18
226,259527762,-683.59,495.12,360.84,-84.76,79.76,12.93,37.18
227,259531811,-699.22,495.12,348.14,-85.55,80.67,12.99,37.04
228,259535861,-714.84,496.58,339.36,-86.46,81.40,12.80,37.14
229,259539918,-729.98,493.65,333.98,-87.56,82.38,12.99,36.94
230,259543968,-742.68,499.02,331.54,-88.78,83.29,13.11,37.18
231,259549762,-760.74,503.42,334.96,-90.00,83.84,13.05,36.99
232,259553811,-766.60,503.91,324.22,-91.28,84.39,12.13,36.94
233,259557861,-772.46,497.07,323.73,-91.95,85.12,12.01,37.33
234,259561918,-778.81,490.72,317.38,-92.87,85.55,12.01,36.80
235,259565968,-788.09,480.47,318.85,-93.84,85.98,12.50,36.94
236,259571762,-796.87,482.91,317.38,-95.00,86.04,12.87,36.94
237,259575811,-801.27,476.56,313.96,-95.37,86.71,13.78,37.28
238,259579861,-813.48,486.82,304.69,-96.10,86.52,14.45,37.18
239,259583918,-812.50,491.21,300.78,-97.20,86.59,15.49,37.18
240,259587968,-818.85,491.70,296.39,-97.99,86.65,16.10,37.18
241,259593762,-819.34,491.21,290.53,-98.84,86.77,17.20,37.37
242,259597811,-825.20,490.72,291.02,-99.88,87.01,18.54,36.94
243,259601861,-827.64,493.16,287.11,-100.67,87.56,19.82,37.14
244,259605918,-841.31,494.63,288.09,-101.89,88.17,21.16,37.14
245,259609968,-846.19,497.56,286.62,-102.93,88.48,22.50,37.18
246,259615762,-852.54,503.42,286.62,-104.39,89.21,23.96,36.99
247,259619811,-865.23,508.30,276.86,-106.22,89.45,24.88,36.80
248,259623861,-867.19,507.81,272.95,-107.74,90.12,25.73,37.18
249,259627918,-868.65,507.32,271.48,-109.09,90.49,26.71,37.28
250,259631968,-875.00,504.88,263.18,-111.04,90.91,27.32,36.99
251,259637762,-884.77,510.25,258.30,-112.87,90.98,28.41,36.94
252,259641811,-893.07,509.77,257.32,-114.57,90.73,29.76,37.18
253,259645861,-898.93,510.25,259.77,-116.16,90.91,30.30,37.28
254,259649918,-895.51,510.25,252.93,-117.50,90.61,31.34,37.04
255,259653968,-895.02,511.23,250.98,-119.02,90.12,32.07,36.85
256,259659762,-891.11,505.37,250.00,-120.49,90.00,32.62,37.04
257,259663811,-891.60,500.00,251.95,-122.13,89.63,33.35,37.18
258,259667861,-887.70,500.98,244.63,-123.48,89.45,33.84,37.28
259,259671918,-876.46,508.79,248.54,-124.76,89.09,34.63,37.18
260,259677762,-871.09,513.18,255.86,-126.10,88.84,35.18,37.04
261,259681811,-859.86,508.79,251.95,-128.17,88.78,35.49,36.80
262,259685861,-858.89,507.32,259.28,-129.57,89.45,35.85,37.28
263,259689918,-858.89,509.77,257.81,-130.85,89.33,35.85,37.18
264,259693968,-859.86,512.21,259.28,-132.50,90.06,36.22,37.28
265,259699762,-860.35,523.44,252.44,-134.27,90.12,36.04,37.04
266,259703811,-865.23,541.50,253.91,-136.28,90.49,35.55,37.18
267,259707861,-863.28,547.36,253.42,-138.41,90.67,35.06,37.18
268,259711918,-857.91,549.80,254.88,-139.94,90.67,34.45,37.04
269,259715968,-849.61,550.29,258.30,-142.13,91.22,34.02,37.18
270,259721762,-836.91,548.34,261.23,-143.96,91.22,33.54,37.18
271,259725811,-822.27,541.50,260.74,-145.85,91.77,33.29,37.18
272,259729861,-812.01,534.67,260.74,-147.13,91.65,33.48,37.18
273,259733918,-803.71,516.60,257.32,-147.80,92.07,33.72,36.94
274,259737968,-803.71,505.37,262.21,-148.66,92.38,34.63,37.28
275,259743762,-802.73,509.28,262.70,-148.84,91.89,35.73,37.04
276,259747811,-797.85,520.51,258.79,-149.33,92.20,38.05,37.18
277,259751861,-787.11,524.90,266.60,-149.45,91.77,38.90,37.18
278,259755918,-780.27,549.32,263.67,-149.82,92.13,39.63,36.99
279,259759968,-780.27,564.94,265.62,-150.30,91.52,40.43,37.37
280,259765762,-770.51,580.57,260.25,-150.91,91.28,40.73,37.28
281,259769811,-766.60,585.45,259.77,-151.28,90.85,39.82,37.14
282,259773861,-763.18,583.98,256.35,-151.46,90.49,39.45,37.18
283,259777918,-759.77,574.22,260.74,-151.34,90.67,39.15,36.75
284,259781968,-749.51,570.80,263.18,-151.40,89.88,39.02,37.14
285,259787762,-740.23,557.62,270.02,-151.71,89.94,39.82,36.99
286,259791811,-725.10,536.13,285.16,-151.71,89.70,41.59,36.99
287,259795861,-725.59,518.07,266.11,-150.98,89.57,43.11,37.18
288,259799918,-713.87,496.58,276.86,-150.61,89.76,45.37,37.18
289,259803968,-705.57,497.07,282.71,-150.61,89.94,47.68,37.33
290,259809762,-693.85,499.51,288.09,-150.12,90.18,50.24,37.14
291,259813811,-678.71,489.26,292.97,-149.88,90.79,53.17,36.80
292,259817861,-686.52,498.54,287.60,-149.88,91.22,55.12,37.33
293,259821918,-687.01,505.37,285.64,-149.51,91.83,57.20,37.28
294,259825968,-685.55,517.58,282.71,-149.57,92.26,58.60,37.28
295,259831762,-690.92,523.93,287.60,-149.33,92.99,59.27,36.94
296,259835811,-690.92,542.48,287.60,-149.21,93.11,59.33,36.80
297,259839861,-700.20,542.48,296.39,-149.02,93.05,58.90,37.28
298,259843918,-701.17,538.57,299.80,-148.54,92.99,57.74,37.04
299,259847968,-710.45,553.22,293.46,-148.17,93.11,56.28,37.04
300,259853762,-715.82,559.08,281.74,-148.05,92.93,54.27,36.85
301,259857811,-730.47,575.68,276.86,-148.17,92.87,51.59,36.99
302,259861861,-741.70,585.94,274.41,-148.41,92.50,49.76,36.94
303,259865918,-744.14,584.96,276.37,-148.72,92.01,46.59,36.94
304,259869968,-757.81,590.82,267.09,-148.48,91.04,43.60,36.94
305,259875762,-758.30,577.15,265.14,-149.15,90.37,41.22,37.18
306,259879811,-768.55,553.71,262.21,-148.29,88.90,38.05,36.99
307,259883861,-782.23,547.36,259.77,-147.74,88.11,36.59,37.18
308,259887918,-792.48,540.04,256.35,-147.07,86.52,34.94,37.14
309,259893762,-803.22,540.04,253.42,-146.59,84.63,33.66,37.28
310,259897811,-821.78,532.71,259.28,-145.73,82.38,32.74,37.04
311,259901861,-828.61,523.93,250.98,-144.57,80.18,32.32,37.28
312,259905918,-830.57,519.53,266.60,-143.84,77.99,31.89,37.18
313,259909968,-828.61,503.91,265.62,-142.20,75.98,31.59,36.94
314,259915762,-832.52,500.00,267.58,-140.98,73.60,31.95,37.14
315,259919811,-840.82,504.39,278.32,-138.90,71.10,31.40,37.14
316,259923861,-847.66,513.18,271.00,-137.20,68.35,30.79,37.28
317,259927918,-861.82,515.62,260.74,-135.98,66.59,29.33,37.37
318,259931968,-871.58,524.90,256.35,-133.90,64.33,26.71,37.14
319,259937762,-890.62,545.90,254.88,-132.38,62.13,23.29,37.28
320,259941811,-908.69,558.59,261.72,-130.98,59.27,17.93,37.28
321,259945861,-921.87,555.18,246.09,-129.63,57.44,12.68,37.28
322,259949918,-930.66,545.90,241.21,-128.96,55.37,8.72,36.85
323,259953968,-934.57,535.64,247.56,-128.29,53.05,3.17,37.04
324,259959762,-951.17,528.32,228.03,-127.13,51.22,-2.38,37.18
325,259963811,-966.80,540.53,211.91,-126.71,48.48,-9.21,37.18
326,259967861,-984.37,537.11,204.59,-126.52,46.65,-13.72,37.18
327,259971918,-985.35,520.02,204.10,-126.28,44.33,-20.06,36.94
328,259975968,-1009.28,512.21,189.94,-125.79,42.07,-25.98,36.94
329,259981762,-1017.09,491.21,178.71,-125.30,40.00,-31.52,37.14
330,259985811,-1034.18,454.10,180.66,-124.51,37.62,-38.05,36.94
331,259989861,-1042.97,430.66,175.78,-123.54,35.91,-41.28,37.28
332,259993918,-1047.85,394.04,190.92,-122.62,34.09,-45.00,36.99
333,259997968,-1051.76,371.09,203.12,-121.10,32.01,-47.50,37.04
334,260003762,-1049.80,333.01,199.22,-119.27,30.67,-49.15,37.28
335,260007811,-1041.50,282.71,208.01,-116.95,28.96,-48.66,37.04
336,260011861,-1039.06,245.12,189.45,-115.06,27.87,-47.80,37.37
337,260015918,-1025.88,220.21,195.31,-112.32,26.71,-45.67,36.99
338,260019968,-1026.37,213.87,191.41,-110.12,25.98,-42.62,37.18
339,260025762,-1021.00,213.38,195.31,-108.23,25.37,-39.45,37.18
340,260029811,-1019.53,229.00,191.89,-106.77,25.55,-37.56,36.94
341,260033861,-1012.70,252.44,186.52,-105.43,25.37,-37.13,37.28
342,260037918,-1011.72,259.28,194.34,-104.45,25.43,-37.20,37.18
343,260041968,-1011.23,263.18,198.24,-103.29,25.37,-38.23,37.04
344,260047762,-1022.46,263.67,201.66,-102.74,25.18,-39.82,36.85
345,260051811,-1028.32,271.97,208.01,-102.50,25.73,-42.87,37.04
346,260055861,-1024.90,268.55,208.98,-102.44,25.73,-44.88,37.14
347,260059918,-1013.67,261.72,206.05,-102.13,25.98,-47.56,37.18
348,260063968,-1007.32,263.67,220.70,-102.01,26.34,-49.88,36.80
349,260069762,-995.61,256.84,221.19,-102.01,26.89,-51.83,36.94
350,260073811,-974.12,239.26,230.47,-101.89,27.20,-52.80,36.85
351,260077861,-957.03,224.12,234.86,-101.95,27.38,-52.87,37.28
352,260081918,-940.92,211.43,241.70,-101.83,28.48,-52.13,37.33
353,260085968,-926.27,185.06,248.54,-100.85,28.84,-51.10,36.94
354,260091762,-922.36,171.87,258.79,-100.73,29.76,-49.27,36.94
355,260095811,-921.39,165.53,260.25,-100.00,30.67,-46.10,37.28
356,260099861,-915.04,162.60,269.04,-99.27,31.28,-44.02,37.37
357,260103918,-913.09,164.06,278.81,-98.72,32.56,-41.22,37.04
358,260109762,-917.97,156.25,283.20,-98.11,33.66,-38.35,37.04
359,260113811,-912.60,138.67,288.57,-96.59,34.39,-35.43,37.04
360,260117861,-911.62,127.93,291.02,-95.61,34.82,-32.93,36.94
361,260121918,-915.53,124.51,294.92,-94.33,35.12,-30.98,37.28
362,260125968,-921.39,130.37,297.85,-92.68,35.91,-28.78,37.14
363,260131762,-927.25,136.72,293.46,-91.83,36.28,-27.20,37.33
364,260135811,-926.76,155.76,282.23,-90.24,35.85,-25.37,36.99
365,260139861,-917.97,172.36,290.53,-88.96,35.61,-23.84,36.94
366,260143918,-908.69,216.80,296.88,-88.41,35.79,-23.29,37.14
367,260147968,-901.86,260.74,309.57,-87.80,36.04,-24.45,37.04
368,260153762,-879.88,305.18,331.05,-87.32,35.79,-27.68,37.28
369,260157811,-862.79,317.38,346.19,-87.13,36.34,-33.23,36.94
370,260161861,-852.54,263.18,331.54,-86.71,36.40,-35.06,37.14
371,260165918,-833.50,179.20,308.11,-86.04,37.01,-32.50,36.94
372,260169968,-834.47,125.49,284.67,-84.57,37.20,-25.30,37.33
373,260175762,-833.01,100.59,255.86,-82.38,37.26,-16.04,37.04
374,260179811,-826.17,138.67,244.63,-79.33,37.01,-6.71,37.37
375,260183861,-833.98,189.45,251.46,-77.68,36.71,-3.66,37.18
376,260187918,-835.94,235.84,262.21,-75.67,36.22,-3.72,36.85
377,260191968,-843.26,259.28,259.28,-74.09,35.61,-6.10,37.18
378,260197762,-855.96,256.35,250.00,-72.74,34.70,-9.70,36.94
379,260201811,-875.49,234.86,237.79,-70.98,33.48,-13.60,37.28
380,260205861,-879.88,199.22,227.05,-69.27,32.56,-15.30,37.18
381,260209918,-899.41,157.23,228.52,-67.56,31.59,-16.22,36.99
382,260213968,-899.41,128.91,228.03,-65.06,30.00,-16.22,37.28
383,260219762,-916.99,105.47,227.54,-62.26,29.51,-15.06,36.94
384,260223811,-931.15,97.66,214.84,-59.33,28.41,-13.78,36.99
385,260227861,-944.82,112.30,200.68,-57.26,27.93,-13.11,37.04
386,260231918,-945.80,129.88,187.99,-55.24,27.44,-12.80,37.14
387,260235968,-955.08,144.04,179.20,-52.99,26.77,-13.72,37.18
388,260241762,-968.26,146.48,168.95,-51.22,26.65,-15.61,36.75
389,260245811,-967.29,146.48,160.16,-48.90,25.79,-17.74,36.94
390,260249861,-966.80,133.79,152.34,-47.62,25.18,-18.66,37.18
391,260253918,-959.96,128.42,150.39,-45.85,24.27,-18.78,36.99
392,260257968,-958.98,137.70,143.07,-44.88,23.29,-18.23,36.99
393,260263762,-961.43,165.04,147.46,-44.15,22.50,-17.99,37.14
394,260267811,-960.45,191.89,168.46,-43.84,22.38,-18.84,37.28
395,260271861,-955.57,202.64,168.95,-43.54,22.50,-19.82,37.28
396,260275918,-951.66,190.92,169.43,-43.05,21.77,-20.24,37.33
397,260279968,-946.78,171.39,174.32,-42.32,21.34,-20.06,37.14
398,260285762,-959.96,166.02,172.85,-42.07,20.98,-18.11,36.94
399,260289811,-966.80,155.76,173.83,-42.07,20.37,-15.49,37.14
400,260293861,-961.43,141.60,179.20,-41.83,20.12,-12.62,37.18
401,260297918,-959.96,129.39,186.52,-41.40,19.94,-8.72,37.18
402,260303762,-962.40,121.09,198.24,-41.04,19.27,-4.27,37.18
403,260307811,-964.84,111.33,202.64,-40.00,19.27,1.40,36.94
404,260311861,-954.59,105.96,210.94,-39.70,19.15,4.63,36.80
405,260315918,-941.41,110.84,212.89,-39.09,18.96,7.38,37.18
406,260319968,-931.64,113.28,214.84,-38.96,18.90,9.15,37.28
407,260324017,-940.43,116.70,224.12,-38.54,18.90,9.94,36.94
408,260329762,-945.80,109.37,231.45,-38.23,18.48,10.55,37.28
409,260333811,-958.50,76.17,246.09,-37.87,18.05,11.59,37.14
410,260337861,-970.70,64.45,267.58,-37.68,17.99,12.93,37.18
411,260341918,-983.89,55.66,273.44,-37.32,18.54,14.63,37.18
412,260347762,-983.40,57.62,279.79,-37.13,19.09,16.40,37.18
413,260351811,-983.89,62.99,285.16,-36.59,19.33,17.80,36.99
414,260355861,-996.09,66.41,279.79,-36.34,20.00,18.48,37.18
415,260359918,-1021.97,84.96,265.62,-36.34,20.30,18.96,37.28
416,260363968,-1029.30,86.91,259.77,-35.98,20.79,17.56,37.33
417,260369762,-1053.22,84.96,245.61,-35.85,20.67,15.43,37.18
418,260373811,-1066.41,88.38,223.14,-35.85,20.61,12.32,37.28
419,260377861,-1065.92,69.82,201.17,-35.61,20.37,9.88,36.94
420,260381918,-1058.11,42.48,191.41,-35.49,20.18,7.93,37.04
421,260385968,-1053.71,9.28,184.08,-34.70,20.67,6.04,37.18
422,260391762,-1057.62,-19.53,169.43,-33.48,20.73,4.33,37.28
423,260395811,-1054.69,-41.02,155.76,-32.26,21.40,3.17,36.94
424,260399861,-1042.97,-53.71,154.79,-31.28,22.01,3.48,36.94
425,260403918,-1027.83,-63.48,158.20,-30.24,22.80,5.24,36.99
426,260407968,-1015.14,-73.24,164.06,-28.96,23.96,7.99,37.33
427,260413762,-1000.00,-74.22,173.34,-27.74,25.24,11.40,37.28
428,260417811,-984.86,-49.80,182.62,-26.16,27.26,15.37,37.14
429,260421861,-975.10,-24.90,195.31,-25.24,29.09,17.74,37.18
430,260425918,-967.77,-3.91,198.73,-24.51,31.10,19.76,37.04
431,260429968,-959.96,3.42,204.10,-23.72,33.60,20.73,37.14
432,260435762,-967.29,32.23,210.45,-23.48,35.98,19.51,37.18
433,260439811,-1007.32,86.43,220.70,-23.29,38.48,15.73,36.94
434,260443861,-1052.25,117.68,205.08,-23.66,40.12,11.28,37.28
435,260447918,-1093.75,125.00,187.50,-24.09,41.34,5.18,37.18
436,260451968,-1127.93,129.88,173.83,-24.09,42.80,-2.13,37.28
437,260457762,-1167.48,125.98,150.39,-24.02,43.17,-8.96,37.14
438,260461811,-1221.19,120.12,136.72,-24.21,42.80,-16.77,36.94
439,260465861,-1251.95,117.68,128.42,-24.39,42.13,-21.40,37.18
440,260469918,-1273.93,113.28,121.09,-24.02,40.49,-26.95,37.04
441,260473968,-1284.67,103.52,109.86,-23.72,38.78,-31.28,37.18
442,260479762,-1284.67,83.98,104.00,-23.60,36.52,-34.76,37.14
443,260483811,-1263.67,56.64,84.47,-22.50,33.84,-37.68,36.85
444,260487861,-1233.89,26.37,76.17,-21.95,32.68,-38.11,37.04
445,260491918,-1220.70,3.42,63.48,-21.04,30.61,-37.38,37.28
446,260495968,-1191.41,-26.86,61.04,-20.12,29.15,-35.00,36.99
447,260501762,-1158.69,-63.96,67.38,-18.66,27.62,-30.61,37.14
448,260505811,-1111.33,-95.70,78.12,-16.95,26.71,-24.27,36.94
449,260509861,-1092.77,-85.94,86.43,-15.55,26.28,-18.66,37.28
450,260513918,-1072.75,-73.24,96.19,-14.39,25.98,-13.17,37.14
451,260519762,-1047.36,-30.76,116.21,-13.41,26.40,-9.27,36.85
452,260523811,-1025.39,44.43,133.79,-12.62,27.26,-7.62,36.99
453,260527861,-1015.62,69.82,155.27,-12.56,27.74,-8.54,37.14
454,260531918,-998.54,99.12,161.13,-12.56,28.78,-10.67,37.18
455,260535968,-987.30,109.37,166.02,-12.44,30.00,-13.48,37.28
456,260540017,-998.54,125.00,162.11,-12.56,31.28,-15.91,36.75
457,260545762,-1015.14,111.82,153.81,-13.23,32.26,-18.05,37.14
458,260549811,-1046.39,82.52,136.72,-13.54,32.99,-19.45,37.33
459,260553861,-1062.01,83.01,134.28,-13.90,32.87,-20.49,37.18
460,260557918,-1075.68,94.73,134.77,-14.39,33.05,-22.26,37.18
461,260563762,-1097.17,104.00,128.42,-14.63,32.74,-25.91,37.14
462,260567811,-1092.29,78.12,101.07,-14.51,32.20,-31.04,36.99
463,260571861,-1081.05,60.06,82.52,-14.02,31.77,-34.27,37.28
464,260575918,-1071.78,19.53,58.59,-14.09,30.91,-35.55,37.28
465,260579968,-1043.95,0.98,55.66,-12.99,29.70,-35.30,37.37
466,260585762,-1024.41,-26.86,57.62,-12.44,28.60,-33.78,37.18
467,260589811,-1010.74,-33.20,67.38,-10.85,27.74,-31.95,37.18
468,260593861,-1012.21,-21.48,66.89,-10.00,27.01,-30.30,37.18
469,260597918,-1036.62,-18.55,49.32,-8.72,26.65,-29.02,36.94
470,260601968,-1050.29,-27.83,30.27,-7.07,25.37,-26.65,37.18
471,260607762,-1055.18,-46.87,12.21,-5.73,24.45,-24.33,37.28
472,260611811,-1056.15,-64.94,-17.58,-3.41,23.35,-21.10,37.28
473,260615861,-1042.97,-62.50,-31.74,-1.83,22.62,-19.02,37.18
474,260619918,-1040.04,-56.15,-48.34,0.37,21.71,-16.95,36.80
475,260623968,-1045.90,-41.50,-58.59,1.83,21.10,-14.88,37.04
476,260629762,-1052.73,-31.25,-75.20,2.87,20.61,-13.66,37.04
477,260633811,-1059.08,-19.53,-90.33,4.33,19.15,-13.84,36.94
478,260637861,-1057.13,-15.62,-101.56,5.00,18.72,-14.63,36.94
479,260641918,-1040.53,-12.21,-105.47,5.85,17.99,-16.10,36.80
480,260645968,-1028.32,-13.67,-93.75,6.65,17.26,-17.32,37.18
481,260651762,-1020.51,-18.55,-95.21,7.56,16.71,-18.66,37.28
482,260655811,-1034.18,-36.62,-94.73,8.17,15.98,-18.23,37.28
483,260659861,-1046.88,-48.34,-90.82,9.27,15.06,-18.23,37.28
484,260663918,-1080.08,-33.20,-82.52,10.49,14.02,-17.26,37.18
485,260667968,-1095.70,-21.97,-79.10,10.98,12.44,-16.28,36.99
486,260673762,-1114.26,-3.42,-63.96,12.01,10.67,-15.61,37.04
487,260677811,-1111.33,19.04,-41.50,12.20,8.41,-15.49,36.94
488,260681861,-1100.10,51.76,-20.51,12.50,7.44,-15.61,36.94
489,260685918,-1091.31,79.10,-4.88,12.44,6.46,-15.91,37.52
490,260689968,-1078.12,109.37,11.72,12.56,5.55,-16.28,37.14
491,260695762,-1061.52,111.82,21.00,12.50,4.94,-16.83,37.04
492,260699811,-1054.20,86.91,28.32,11.95,4.15,-16.10,37.14
493,260703861,-1044.43,62.01,37.60,11.83,3.60,-14.21,37.18
494,260707918,-1038.09,46.87,43.46,11.10,2.99,-11.40,37.33
495,260711968,-1025.88,42.48,45.41,11.16,2.74,-8.35,36.80
496,260717762,-1018.07,35.16,38.09,10.43,2.26,-5.79,37.14
497,260721811,-1010.25,32.71,30.27,9.82,1.52,-3.72,37.28
498,260725861,-1007.32,34.18,25.39,9.33,1.04,-2.68,37.18
499,260729918,-1005.86,28.32,29.30,8.96,0.85,-2.74,37.28
500,260735762,-1011.72,13.18,46.39,8.78,0.37,-4.02,37.37
501,260739811,-1031.74,-2.44,30.27,9.21,-0.37,-5.43,37.28
502,260743861,-1039.06,2.44,12.21,9.09,-1.40,-7.44,36.94
503,260747918,-1050.29,-7.81,-13.67,8.72,-2.07,-9.09,37.18
504,260751968,-1054.69,-19.04,-28.32,8.66,-3.48,-10.85,37.04
505,260757762,-1035.16,-33.20,-30.76,9.15,-4.39,-12.07,37.28
506,260761811,-1009.28,-24.41,-0.98,9.33,-4.94,-13.05,37.18
507,260765861,-1004.88,-6.84,13.67,9.21,-5.37,-14.09,37.28
508,260769918,-995.61,3.91,29.79,9.39,-5.24,-15.06,37.18
509,260773968,-999.02,-2.93,27.83,9.09,-4.76,-15.91,37.28
510,260779762,-999.51,-9.28,14.65,8.90,-4.39,-16.89,37.18
511,260783811,-992.19,-10.74,-0.49,9.21,-3.60,-17.20,37.47
512,260787861,-998.05,-20.02,-12.70,9.09,-2.87,-16.46,37.14
513,260791918,-998.05,-24.90,-12.21,8.96,-2.13,-15.18,37.18
514,260795968,-998.05,-36.13,-20.51,8.90,-1.28,-12.68,37.18
515,260801762,-981.45,-37.60,-7.81,8.41,0.00,-9.27,36.94
516,260805811,-969.73,-27.34,0.98,8.48,1.22,-6.28,37.18
517,260809861,-960.94,-8.30,2.93,8.05,1.77,-5.43,37.14
518,260813918,-970.21,14.65,-2.44,7.62,2.07,-5.12,36.75
519,260817968,-987.30,17.09,-2.44,6.52,2.38,-5.00,37.28
520,260823762,-1012.21,2.93,9.77,5.12,2.20,-4.33,37.14
521,260827811,-1019.04,-30.76,26.86,4.15,1.77,-2.01,37.28
522,260831861,-1031.25,-39.06,40.53,3.96,1.59,-0.24,37.04
523,260835918,-1043.46,-19.04,49.32,3.48,0.98,1.22,37.28
524,260839968,-1045.41,2.93,42.48,3.17,0.55,1.34,37.18
525,260845762,-1038.09,12.70,34.67,2.62,0.06,0.30,37.28
526,260849811,-1025.39,1.95,34.18,2.13,-0.30,-0.79,37.28
527,260853861,-1005.37,-18.55,37.60,1.52,-0.30,-1.28,37.14
528,260857918,-975.10,-57.13,34.18,1.04,-0.18,-1.22,37.28
529,260861968,-971.19,-72.27,20.02,0.43,0.43,-0.61,37.28
530,260867762,-962.40,-106.93,14.65,0.18,0.85,-0.06,37.28
531,260871811,-953.12,-98.14,31.25,0.30,1.40,-0.67,37.18
532,260875861,-946.78,-77.15,47.36,0.24,1.65,-2.07,37.14
533,260879918,-952.64,-53.22,63.96,-0.24,1.95,-3.84,36.94
534,260883968,-959.96,-26.86,62.50,-0.85,2.44,-6.10,37.33
535,260889762,-974.61,-30.27,61.52,-1.46,2.44,-8.84,37.04
536,260893811,-981.93,-70.80,71.29,-1.95,2.20,-9.82,37.14
537,260897861,-988.77,-71.29,78.61,-1.77,1.89,-9.09,37.28
538,260901918,-979.49,-57.13,91.31,-1.77,1.22,-7.26,37.37
539,260905968,-973.14,-49.32,113.28,-1.83,0.91,-5.18,36.99
540,260911762,-976.07,-32.71,129.39,-2.01,0.43,-4.39,36.94
541,260915811,-967.77,-29.30,146.97,-2.26,-0.55,-2.50,36.85
542,260919861,-964.36,-39.55,145.51,-2.32,-1.04,-0.55,37.18
543,260923918,-981.45,-45.41,131.84,-2.74,-2.26,3.05,37.28
544,260927968,-989.75,-40.04,113.77,-2.99,-3.78,5.73,36.99
545,260933762,-996.58,-23.44,105.47,-2.68,-5.37,7.50,36.99
546,260937811,-981.45,-28.81,120.12,-2.99,-7.20,8.29,36.99
547,260941861,-961.91,-58.59,127.44,-2.99,-8.05,9.21,37.18
548,260945918,-950.68,-78.61,122.07,-3.54,-9.09,11.52,37.28
549,260951762,-952.15,-86.91,108.40,-3.72,-9.57,13.78,36.99
550,260955811,-966.31,-59.57,110.84,-3.96,-10.49,14.70,37.28
551,260959861,-979.00,-59.57,101.56,-4.27,-10.85,14.39,36.99
552,260963918,-1000.49,-74.71,79.59,-4.76,-11.04,14.15,36.94
553,260967968,-1009.77,-83.50,73.73,-4.88,-11.59,14.02,37.28
554,260973762,-999.02,-76.17,77.64,-4.82,-11.65,14.09,37.28
555,260977811,-990.72,-19.04,98.14,-5.43,-11.10,14.02,37.33
556,260981861,-995.12,-9.28,95.70,-5.98,-9.82,12.80,36.99
557,260985918,-1009.28,-18.07,83.50,-5.91,-9.02,11.52,37.28
558,260989968,-1030.27,-43.95,83.50,-5.91,-8.23,10.43,36.94
559,260995762,-1051.27,-61.52,103.52,-5.79,-7.74,11.83,37.04
560,260999811,-1068.85,-42.48,92.29,-5.37,-7.13,15.12,37.28
561,261003861,-1066.41,-27.83,85.45,-5.61,-6.59,17.93,37.18
562,261007918,-1062.50,0.49,77.15,-5.98,-6.16,19.09,37.18
563,261011968,-1056.15,22.46,79.59,-5.98,-5.79,19.88,37.18
564,261017762,-1041.99,23.93,80.08,-6.65,-4.94,19.57,37.33
565,261021811,-1019.53,25.39,89.36,-6.83,-4.27,19.15,37.14
566,261025861,-994.63,31.25,101.07,-7.20,-3.66,19.33,37.18
567,261029918,-992.68,39.06,108.40,-6.95,-2.80,19.09,36.80
568,261033968,-988.28,40.04,121.58,-6.52,-2.32,18.35,37.28
569,261039762,-985.84,30.76,121.09,-6.10,-2.20,17.80,37.04
570,261043811,-991.21,6.35,121.58,-5.06,-2.56,17.80,37.18
571,261047861,-995.61,-6.84,98.14,-4.09,-2.26,18.48,37.33
572,261051918,-1004.39,-25.88,86.43,-2.62,-2.62,20.49,37.18
573,261055968,-1007.81,-22.95,89.36,-1.34,-3.60,23.17,37.28
574,261061762,-1007.32,6.84,95.70,-0.43,-4.45,26.10,37.28
575,261065811,-993.16,56.15,109.86,0.55,-4.76,27.01,37.18
576,261069861,-1006.84,59.08,116.70,1.16,-5.12,26.52,37.28
577,261073918,-1018.55,74.22,108.40,1.77,-5.18,25.37,37.18
578,261077968,-1031.25,75.20,82.52,1.89,-5.00,24.27,37.18
579,261083762,-1063.96,85.94,73.73,1.46,-4.94,23.11,36.75
580,261087811,-1068.36,81.54,60.06,0.79,-5.12,21.95,36.99
581,261091861,-1056.15,75.68,61.52,0.43,-5.30,21.52,36.94
582,261095918,-1056.64,76.17,78.12,-0.61,-5.61,21.89,37.18
583,261099968,-1038.09,75.68,75.68,-1.77,-6.10,22.01,37.18
584,261105762,-1021.00,72.75,54.20,-2.38,-5.91,22.07,36.75
585,261109811,-1000.49,64.94,69.34,-2.74,-5.06,21.22,37.14
586,261113861,-1005.86,51.27,69.82,-3.17,-4.82,20.61,37.04
587,261117918,-1012.70,58.59,63.48,-3.05,-4.70,19.33,36.94
588,261121968,-1021.48,57.62,68.85,-3.41,-5.00,18.05,36.94
589,261127762,-1045.41,64.94,99.61,-3.60,-5.67,15.55,36.75
590,261131811,-1024.90,-6.84,59.57,-3.66,-5.55,13.90,36.94
591,261135861,-1034.67,-6.35,23.44,-2.74,-5.73,14.21,37.14
592,261139918,-1039.55,-13.67,55.18,-2.38,-6.95,15.06,37.04
593,261143968,-1041.50,-22.46,41.02,-1.77,-6.65,16.22,36.94
594,261149762,-1024.90,32.71,59.57,-2.26,-6.71,18.11,36.80
595,261153811,-974.12,-10.25,53.71,-1.89,-5.67,18.48,37.28
596,261157861,-999.51,-54.69,-35.64,0.55,-3.23,23.05,37.04
597,261161918,-991.21,69.34,107.91,1.46,-5.67,23.72,37.04
598,261167762,-1002.93,109.37,115.72,0.79,-5.98,20.67,37.28
599,261171811,-1008.79,64.94,82.52,-1.52,-6.52,15.61,37.18
600,261175861,-1009.77,21.48,64.45,-1.46,-5.73,14.70,37.18
601,261179918,-1009.77,46.87,83.01,-1.65,-5.73,13.72,37.04
602,261183968,-1012.21,37.11,92.29,-1.22,-5.12,12.56,37.28
603,261189762,-1044.43,-87.89,108.89,-0.18,-4.45,14.39,37.14
604,261193811,-1021.97,-35.64,57.13,3.78,-2.44,31.71,37.18
605,261197861,-1005.86,138.18,59.57,2.74,-2.87,36.04,37.28
606,261201918,-991.70,231.93,45.41,1.10,-2.80,32.01,37.14
607,261205968,-983.40,229.98,57.62,-1.77,-2.74,22.13,37.18
608,261211762,-990.72,209.96,61.04,-3.72,-2.74,12.99,36.94
609,261215811,-1003.91,68.36,87.40,-4.63,-2.87,6.65,37.14
610,261219861,-1020.02,66.41,85.94,-4.82,-2.93,6.89,37.33
611,261223918,-1030.27,7.32,104.00,-5.00,-2.68,7.99,37.04
612,261227968,-956.05,-284.67,204.59,-0.18,-3.41,18.60,37.18
613,261233762,-988.77,27.83,84.47,0.61,-2.50,30.18,37.18
614,261237811,-980.96,198.73,43.95,-0.91,-2.20,28.78,37.28
615,261241861,-975.10,203.12,52.25,-2.07,-3.05,22.44,37.37
616,261245918,-992.19,145.02,75.20,-2.87,-2.74,14.33,37.04
617,261249968,-1010.74,74.71,84.96,-3.05,-3.23,10.18,37.28
618,261255762,-1020.51,-21.48,107.91,-2.01,-3.72,12.32,36.94
619,261259811,-1030.27,24.41,90.82,-1.22,-3.66,17.62,37.28
620,261263861,-1030.76,92.29,46.39,-1.28,-3.78,18.72,37.18
621,261267918,-1026.86,123.05,37.60,-1.34,-3.90,16.16,36.99
622,261271968,-1008.79,123.05,36.13,-1.59,-4.27,12.56,37.18
623,261277762,-998.05,114.75,34.18,-1.89,-4.27,9.94,37.33
624,261281811,-986.33,52.25,76.17,-2.07,-4.27,8.17,37.04
625,261285861,-989.75,74.71,91.31,-1.89,-4.39,8.23,37.14
626,261289918,-999.51,77.15,89.84,-2.01,-3.96,8.41,37.04
627,261293968,-1016.60,56.64,100.10,-1.71,-3.90,8.17,37.47
628,261299762,-975.59,-148.93,244.14,1.77,-5.18,15.98,37.14
629,261303811,-1005.37,134.28,44.92,0.85,-3.66,22.13,36.80
630,261307861,-1016.11,206.05,-1.95,-0.61,-3.23,17.93,37.33
631,261311918,-1015.62,161.13,7.81,-1.22,-3.11,10.06,37.18
632,261315968,-1000.49,125.98,23.93,-1.65,-2.87,4.21,36.99
633,261321762,-992.68,44.92,76.66,-1.28,-2.87,3.23,36.99
634,261325811,-986.33,46.39,101.56,-0.55,-2.80,4.57,36.99
635,261329861,-1018.07,-115.23,228.52,0.98,-3.41,6.71,37.04
636,261333918,-981.45,25.39,138.18,2.62,-2.74,15.12,37.28
637,261337968,-992.19,150.39,2.44,2.20,-2.13,14.39,36.99
638,261343762,-996.58,133.30,0.49,1.59,-1.71,9.51,36.85
639,261347811,-997.07,61.52,82.52,1.89,-2.13,6.77,36.94
640,261351861,-990.23,26.86,146.48,2.62,-2.44,8.17,37.14
641,261355918,-992.68,63.96,116.21,2.74,-1.89,11.16,36.94
642,261359968,-994.14,104.00,83.01,2.80,-1.34,11.89,36.80
643,261365762,-993.65,113.77,80.57,2.68,-1.16,10.55,36.85
644,261369811,-998.54,96.68,85.94,3.11,-1.34,8.84,37.14
645,261373861,-993.65,76.66,81.54,2.93,-1.16,8.84,37.18
646,261377918,-1000.49,79.10,74.71,3.11,-1.10,9.27,37.28
647,261383762,-1006.35,97.66,72.75,3.17,-1.22,10.12,37.28
648,261387811,-1010.25,137.21,77.64,2.80,-1.46,9.63,37.14
649,261391861,-1010.74,140.62,73.73,2.68,-1.28,8.54,37.37
650,261395918,-1006.35,140.14,74.71,2.38,-1.83,7.68,37.14
651,261399968,-1007.81,141.60,72.27,2.26,-1.83,7.20,36.80
652,261405762,-1010.74,134.28,72.75,1.95,-2.13,6.65,37.14
653,261409811,-1007.32,120.61,55.66,1.34,-2.20,5.91,37.28
654,261413861,-991.21,106.93,57.13,1.59,-2.38,6.46,36.99
655,261417918,-983.89,100.59,65.43,1.46,-2.44,6.46,37.18
656,261421968,-980.96,92.29,70.31,1.77,-2.20,6.77,37.18
657,261427762,-988.77,90.33,62.01,1.77,-1.65,7.13,37.28
658,261431811,-982.91,83.50,57.62,1.83,-1.77,7.68,37.28
659,261435861,-995.61,80.57,62.50,2.44,-1.59,7.68,36.94
660,261439918,-1000.00,84.96,64.94,2.26,-1.59,7.50,36.99
661,261443968,-999.51,88.87,51.76,2.44,-1.40,7.56,36.94
662,261449762,-996.09,89.36,55.66,2.44,-1.46,7.01,37.28
663,261453811,-994.63,103.03,55.18,2.13,-1.59,7.01,37.33
664,261457861,-993.65,111.33,61.04,2.07,-1.22,7.01,37.28
665,261461918,-997.56,115.72,64.94,1.83,-1.10,6.52,36.80
666,261465968,-998.54,120.12,68.85,1.71,-1.28,6.16,37.14
667,261471762,-997.56,125.98,77.64,1.28,-1.28,5.49,36.94
668,261475811,-1011.72,137.21,76.66,0.73,-1.10,4.51,37.18
669,261479861,-1029.30,141.60,71.29,0.37,-1.28,3.60,37.28
670,261483918,-1031.74,142.58,64.45,0.12,-1.71,2.80,36.80
671,261487968,-1021.97,132.32,70.80,-0.30,-1.46,2.07,37.28
672,261493762,-1027.34,125.00,73.24,-0.49,-1.65,1.10,37.14
673,261497811,-1005.86,113.77,57.13,-0.79,-2.13,0.79,37.18
674,261501861,-990.72,110.84,60.55,-0.98,-2.13,0.67,37.28
675,261505918,-975.10,92.77,63.96,-1.22,-2.44,0.55,37.14
676,261509968,-973.63,77.15,61.04,-1.34,-2.01,0.91,37.14
677,261515762,-978.03,65.92,59.08,-0.91,-2.01,1.83,36.94
678,261519811,-986.33,60.06,45.41,-0.85,-1.71,2.50,36.94
679,261523861,-992.19,54.69,42.97,-0.49,-1.52,2.74,37.18
680,261527918,-991.70,56.64,36.62,-0.30,-1.28,3.48,37.28
681,261531968,-995.12,64.45,35.16,-0.18,-1.04,4.15,37.28
682,261537762,-991.70,83.98,32.23,-0.18,-1.10,4.51,36.80
683,261541811,-995.12,87.40,48.34,-0.49,-0.91,4.02,36.99
684,261545861,-989.75,90.82,71.29,-0.12,-1.10,4.33,37.18
685,261549918,-988.28,105.96,69.34,-0.18,-0.73,4.70,36.94
686,261553968,-990.23,112.30,66.89,-0.67,-0.79,5.12,36.75
687,261559762,-988.77,124.02,68.85,-0.61,-0.73,4.82,37.14
688,261563811,-994.14,137.21,70.31,-0.98,-0.98,4.39,36.66
689,261567861,-990.23,142.58,69.34,-1.65,-0.91,3.41,37.14
690,261571918,-994.14,137.70,71.29,-1.65,-0.73,2.44,37.14
691,261575968,-997.07,125.98,74.22,-1.71,-1.10,1.16,36.99
692,261581762,-1013.18,125.00,62.01,-2.07,-1.40,0.91,36.75
693,261585811,-1027.34,118.65,61.04,-2.56,-1.46,0.06,37.18
694,261589861,-1027.83,110.35,57.13,-2.44,-1.77,-0.12,37.28
695,261593918,-1028.81,113.77,58.11,-2.56,-2.32,-0.49,36.94
696,261599762,-1029.79,109.37,55.66,-2.80,-2.68,0.18,37.14
697,261603811,-1012.21,87.40,59.08,-3.11,-3.11,1.46,37.18
698,261607861,-1001.46,90.33,62.99,-2.93,-3.41,2.07,37.18
699,261611918,-991.21,93.75,72.27,-2.74,-3.48,2.62,36.94
700,261615968,-985.35,97.66,78.12,-2.68,-3.41,2.87,37.33
701,261621762,-982.91,99.61,80.08,-2.32,-3.41,3.11,37.14
702,261625811,-974.61,111.82,89.36,-2.68,-2.80,3.29,36.99
703,261629861,-981.45,119.14,89.84,-2.56,-2.74,3.41,37.28
704,261633918,-986.82,126.46,85.45,-2.68,-2.38,2.62,37.28
705,261637968,-998.05,134.28,86.43,-2.50,-2.13,1.77,36.99
706,261643762,-1000.49,126.46,80.08,-2.50,-1.59,0.55,37.14
707,261647811,-989.26,127.93,93.26,-2.44,-1.77,-0.18,37.14
708,261651861,-990.72,127.44,90.33,-2.56,-1.52,-0.61,37.04
709,261655918,-990.72,125.49,86.43,-2.50,-1.46,-0.67,37.04
710,261659968,-991.21,120.12,87.89,-2.44,-1.10,-1.16,37.28
711,261665762,-979.49,108.40,94.24,-2.07,-1.28,-1.34,37.37
712,261669811,-986.82,98.63,88.38,-2.13,-0.85,-1.16,37.28
713,261673861,-987.30,100.10,79.59,-1.77,-1.10,-1.22,37.18
714,261677918,-993.16,93.26,71.78,-1.34,-1.04,-1.04,37.28
715,261681968,-997.07,93.75,73.24,-1.28,-1.83,-0.67,37.28
716,261687762,-1004.39,91.80,71.29,-0.91,-1.65,-0.18,36.94
717,261691811,-1008.79,83.50,67.38,-0.91,-2.01,0.49,36.99
718,261695861,-1015.62,94.24,62.50,-0.98,-2.07,1.34,37.18
719,261699918,-1006.35,102.54,67.38,-0.73,-2.13,2.44,36.99
720,261703968,-996.58,109.86,69.34,-0.98,-2.50,2.80,37.28
721,261709762,-1000.49,121.09,70.80,-1.28,-2.87,1.77,37.28
722,261713811,-999.02,119.14,77.64,-1.22,-2.68,0.98,37.14
723,261717861,-997.56,117.68,77.64,-1.22,-2.74,0.61,37.18
724,261721918,-990.72,123.54,77.15,-1.28,-2.93,-0.12,37.18
725,261725968,-995.61,119.63,82.03,-1.10,-2.93,-0.98,37.18
726,261731762,-1006.35,121.58,78.12,-1.04,-2.62,-1.34,37.14
727,261735811,-1024.41,124.02,69.34,-1.16,-2.93,-2.20,37.14
728,261739861,-1029.79,123.05,66.89,-1.28,-3.11,-2.38,37.04
729,261743918,-1024.90,123.05,63.48,-1.04,-3.05,-2.20,37.18
730,261747968,-1014.16,117.68,70.80,-1.10,-3.84,-2.50,37.28
731,261753762,-996.58,102.54,77.64,-1.28,-3.66,-2.68,36.94
732,261757811,-984.86,83.98,77.15,-1.04,-3.41,-1.89,36.99
733,261761861,-973.63,69.34,79.59,-0.85,-3.29,-1.34,36.99
734,261765918,-979.49,65.43,83.98,-0.61,-3.05,-0.12,37.28
735,261769968,-975.59,71.29,84.47,-0.24,-2.93,0.85,36.94
736,261775762,-982.91,78.12,84.47,-0.06,-2.74,1.34,36.80
737,261779811,-989.75,84.47,78.61,0.24,-2.62,1.89,36.85
738,261783861,-1001.46,86.91,77.64,0.24,-2.62,2.38,36.94
739,261787918,-1005.37,88.38,73.24,0.30,-2.93,2.87,36.94
740,261791968,-1013.18,96.68,76.66,0.18,-3.23,3.78,37.37
741,261797762,-1002.44,107.91,70.31,0.06,-3.29,4.82,36.99
742,261801811,-990.23,109.37,90.33,-0.85,-3.35,5.24,36.94
743,261805861,-979.98,118.16,89.36,-0.67,-3.29,5.37,36.99
744,261809918,-982.42,119.63,87.89,-1.04,-2.93,5.49,37.14
745,261815762,-984.37,129.88,93.26,-0.98,-2.68,5.43,37.28
746,261819811,-990.23,138.67,93.75,-1.40,-2.44,4.33,36.99
747,261823861,-993.65,145.02,91.80,-1.28,-2.26,2.87,37.18
748,261827918,-992.19,137.21,81.05,-1.28,-2.13,1.71,36.99
749,261831968,-999.51,151.37,83.01,-1.34,-2.13,0.67,37.14
750,261837762,-1006.35,141.11,77.64,-1.71,-2.20,-0.37,37.28
751,261841811,-1007.32,122.56,78.12,-1.59,-2.26,-0.85,37.04
752,261845861,-1008.79,119.14,79.59,-1.71,-2.44,-0.79,37.18
753,261849918,-1007.81,120.12,83.01,-1.59,-2.50,-0.61,37.18
754,261853968,-1005.86,123.05,77.64,-1.89,-2.87,-0.30,37.18
755,261859762,-1003.91,115.23,78.12,-1.65,-2.68,-0.43,37.28
756,261863811,-998.54,116.70,81.05,-1.46,-2.87,-0.43,37.04
757,261867861,-996.58,114.26,83.01,-1.46,-2.80,-0.37,37.18
758,261871918,-993.65,118.65,85.94,-1.59,-2.62,0.18,36.85
759,261875968,-988.77,124.51,84.47,-1.83,-2.68,0.30,37.37
760,261881762,-983.40,125.98,90.82,-1.89,-2.87,0.18,36.94
761,261885811,-992.68,125.98,92.29,-1.77,-2.80,-0.67,37.14
762,261889861,-995.12,132.81,87.89,-1.89,-2.62,-1.04,37.14
763,261893918,-992.19,128.42,86.43,-1.71,-2.62,-1.46,37.18
764,261897968,-992.68,123.54,85.45,-2.32,-2.56,-1.40,36.99
765,261903762,-997.07,115.72,87.40,-2.01,-2.74,-1.71,36.94
766,261907811,-1004.88,115.23,80.57,-2.44,-2.74,-1.71,37.18
767,261911861,-1007.32,113.28,78.61,-2.56,-2.68,-1.59,37.33
768,261915918,-1001.46,114.75,78.61,-2.07,-2.87,-1.65,36.75
769,261919968,-993.65,104.49,82.03,-2.20,-2.93,-1.59,37.04
770,261925762,-990.72,100.10,87.89,-2.07,-3.17,-1.77,37.28
771,261929811,-984.37,103.03,85.94,-1.95,-2.74,-1.71,37.28
772,261933861,-987.79,112.30,85.45,-2.01,-2.44,-1.65,37.04
773,261937918,-988.28,118.65,82.03,-2.13,-2.32,-1.83,37.04
774,261941968,-987.30,112.79,81.05,-2.38,-2.07,-1.65,37.14
775,261947762,-991.21,115.23,84.47,-2.44,-2.07,-1.95,37.28
776,261951811,-986.82,113.28,86.91,-2.26,-2.13,-1.95,36.94
777,261955861,-992.68,113.28,92.77,-2.38,-2.07,-1.89,37.33
778,261959918,-990.72,118.16,101.07,-2.38,-1.95,-2.01,37.18
779,261963968,-994.14,118.16,100.59,-2.68,-1.83,-2.32,37.28
780,261969762,-1000.00,111.33,89.84,-2.93,-2.01,-2.93,37.14
781,261973811,-1008.30,108.89,88.38,-2.80,-2.13,-3.72,36.80
782,261977861,-1011.23,103.52,88.38,-2.62,-1.83,-3.72,37.28
783,261981918,-1018.07,103.52,87.89,-2.74,-2.01,-3.60,37.37
784,261985968,-1006.84,104.98,86.91,-3.11,-2.07,-3.35,37.14
785,261991762,-1011.72,107.91,75.68,-2.99,-2.32,-2.93,37.14
786,261995811,-1008.79,113.28,84.96,-2.74,-2.44,-2.93,36.94
787,261999861,-1005.37,110.35,80.57,-3.05,-2.62,-3.17,37.37
788,262003918,-1007.32,117.68,81.54,-2.80,-2.32,-3.72,37.14
789,262007968,-994.14,109.37,76.17,-2.87,-2.44,-3.84,36.99
790,262013762,-995.61,114.75,84.47,-2.80,-2.62,-4.02,36.99
791,262017811,-990.23,113.28,85.94,-2.93,-2.44,-3.84,37.14
792,262021861,-985.84,82.52,71.78,-2.93,-2.20,-3.48,37.04
793,262025918,-980.96,73.73,64.45,-2.01,-1.52,-1.46,37.18
794,262031762,-982.91,128.91,98.63,-2.20,-2.20,-0.73,37.14
795,262035811,-989.26,156.25,102.05,-2.87,-2.01,-2.68,37.37
796,262039861,-993.65,131.84,99.61,-3.35,-2.32,-5.24,36.94
797,262043918,-996.09,94.24,89.84,-3.11,-2.26,-5.91,37.28
798,262047968,-996.58,97.66,96.19,-2.99,-2.26,-6.16,37.14
799,262053762,-995.61,92.29,92.77,-2.80,-1.95,-5.73,37.18
800,262057811,-998.05,88.38,92.77,-2.93,-2.07,-5.12,37.28
801,262061861,-995.61,87.89,95.21,-2.38,-1.71,-4.57,37.28
802,262065918,-987.79,70.80,93.75,-2.26,-1.59,-3.84,37.28
803,262069968,-1005.37,69.34,62.99,-1.28,-0.37,-1.40,36.85
804,262075762,-995.61,127.44,118.65,-1.46,-1.10,-1.16,36.99
805,262079811,-985.84,149.90,120.12,-2.38,-1.52,-3.23,37.33
806,262083861,-986.33,111.33,99.61,-2.93,-1.59,-4.45,37.28
807,262087918,-997.56,114.26,90.82,-2.93,-1.46,-4.27,36.99
808,262091968,-1002.93,126.46,98.63,-3.05,-1.65,-4.45,37.18
809,262097762,-1004.39,134.28,99.61,-3.41,-1.65,-5.85,36.94
810,262101811,-994.14,7.81,101.07,-3.05,-0.98,-5.12,37.14
811,262105861,-1010.74,85.45,101.07,-1.89,-0.91,-2.56,37.14
812,262109918,-997.56,126.46,117.68,-2.13,-1.28,-2.07,36.80
813,262113968,-992.68,131.35,97.17,-2.50,-1.59,-3.29,37.04
814,262119762,-988.28,122.56,90.33,-3.23,-1.52,-5.61,37.28
815,262123811,-986.82,77.64,89.84,-2.93,-1.34,-6.65,36.94
816,262127861,-985.35,69.82,102.54,-2.93,-1.40,-5.85,37.18
817,262131918,-985.84,64.94,105.96,-2.68,-1.34,-5.18,36.75
818,262135968,-991.70,24.41,115.72,-1.83,-1.46,-3.41,37.18
819,262141762,-994.14,29.79,86.91,-0.37,-0.55,1.65,37.04
820,262145811,-988.77,97.66,88.38,-0.24,-0.79,3.60,37.28
821,262149861,-991.70,126.95,86.91,-0.73,-0.79,2.74,37.18
822,262153918,-996.09,126.46,83.98,-1.04,-0.67,0.55,37.14
823,262157967,-1000.00,121.58,81.54,-1.46,-0.67,-1.59,37.04
824,262163762,-1002.44,93.75,87.40,-1.59,-0.79,-2.44,37.18
825,262167811,-1001.95,74.71,89.36,-1.34,-0.85,-1.46,37.04
826,262171861,-1000.49,72.75,83.50,-1.28,-0.79,-0.79,37.28
827,262175918,-1003.91,-6.84,114.26,-0.85,-1.04,1.16,37.28
828,262179967,-1002.44,51.76,82.03,-0.06,-0.98,5.73,36.94
829,262185762,-1005.37,123.05,76.17,-0.30,-1.04,6.71,36.80
830,262189811,-1004.88,146.97,76.17,-1.28,-1.10,3.90,36.94
831,262193861,-1006.84,152.83,77.15,-2.01,-1.16,1.16,37.18
832,262197918,-1005.37,137.21,89.36,-2.50,-1.28,-2.07,37.18
833,262201967,-1000.98,101.07,94.73,-2.62,-1.71,-2.99,36.94
834,262207762,-1001.95,96.19,95.70,-2.56,-1.59,-3.23,37.14
835,262211811,-1004.88,76.66,102.05,-2.44,-1.65,-2.32,37.28
836,262215861,-995.12,54.69,106.45,-1.16,-1.83,1.04,37.28
837,262219918,-989.26,92.77,91.80,-1.16,-1.40,4.15,37.14
838,262223967,-1000.00,133.30,83.98,-1.77,-1.46,3.23,36.99
839,262229762,-1001.95,133.79,86.91,-2.26,-1.34,0.61,36.99
840,262233811,-1003.91,122.07,84.96,-2.93,-1.40,-2.50,36.85
841,262237861,-1004.88,97.66,92.29,-2.74,-1.40,-3.72,36.99
842,262241918,-1002.44,73.24,90.33,-3.11,-1.77,-3.90,37.18
843,262247762,-994.14,72.27,89.36,-3.05,-1.65,-2.44,37.28
844,262251811,-985.35,54.69,101.07,-2.80,-1.65,-0.06,37.47
845,262255861,-968.26,17.09,95.21,-1.46,-1.04,6.10,37.28
846,262259918,-977.05,64.94,93.26,-1.52,-1.10,9.88,36.94
847,262263967,-981.93,116.70,97.66,-1.34,-0.91,11.22,37.33
848,262269762,-1000.00,144.04,91.31,-1.59,-1.16,8.54,37.04
849,262273811,-1005.86,137.70,83.98,-1.52,-0.73,2.99,37.18
850,262277861,-1018.55,129.39,83.50,-2.13,-1.28,-1.16,37.18
851,262281918,-1007.81,46.39,95.21,-1.77,-1.22,-2.87,37.33
852,262285967,-1003.42,35.16,95.21,-1.10,-0.85,-0.98,37.33
853,262291762,-993.65,61.04,100.10,-0.91,-0.67,0.79,37.18
854,262295811,-985.35,81.05,95.70,-0.85,-0.61,1.95,37.28
855,262299861,-992.19,100.10,99.61,-0.67,-0.49,1.65,37.18
856,262303918,-984.86,108.89,104.00,-0.37,-0.55,1.59,36.94
857,262307967,-993.16,104.00,98.63,-0.55,-0.37,1.28,37.33
858,262313762,-994.14,104.49,97.66,-0.61,-0.37,1.22,37.14
859,262317811,-1008.30,114.26,91.31,-1.10,-0.12,0.73,37.33
860,262321861,-1011.23,119.63,92.29,-1.10,-0.43,0.67,37.18
861,262325918,-1008.79,106.45,95.70,-1.28,-0.67,0.00,36.80
862,262329967,-1013.67,57.13,111.33,-0.79,-1.40,0.73,37.18
863,262335762,-1001.46,48.83,107.42,0.24,-0.37,5.24,37.04
864,262339811,-989.75,119.63,80.57,0.18,-0.98,6.59,36.99
865,262343861,-988.77,136.72,77.15,-0.55,-0.73,5.00,37.28
866,262347918,-988.28,132.32,78.61,-1.22,-0.61,1.40,37.14
867,262351967,-987.79,80.08,94.73,-1.22,-0.55,-0.67,36.99
868,262357762,-987.79,73.24,101.56,-0.73,-0.61,0.00,36.99
869,262361811,-995.12,83.98,90.82,-0.61,-0.49,1.10,37.28
870,262365861,-992.19,88.87,88.87,-0.55,-0.61,1.34,37.28
871,262369918,-990.72,99.61,98.63,-0.30,-0.24,1.28,37.18
872,262373967,-988.77,104.00,92.77,0.00,-0.24,0.85,37.18
873,262379762,-991.21,102.54,93.26,0.06,0.18,0.79,36.94
874,262383811,-991.70,103.52,93.75,0.00,0.06,0.98,36.94
875,262387861,-988.28,100.10,93.75,0.18,0.06,0.91,37.37
876,262391918,-992.19,101.56,92.77,0.12,-0.18,0.79,37.28
877,262395967,-992.19,103.52,86.91,0.06,0.37,0.85,37.33
878,262401762,-998.05,100.10,89.36,-0.06,0.12,0.55,36.94
879,262405811,-999.02,99.61,87.89,0.30,0.18,1.04,36.94
880,262409861,-1000.49,100.59,91.31,0.06,0.43,0.98,37.28
881,262413918,-994.63,100.59,89.36,-0.06,0.79,0.67,37.14
882,262417968,-993.65,103.52,84.47,0.00,0.73,0.43,36.75
883,262423762,-991.70,95.21,90.82,0.00,0.55,0.55,36.94
884,262427811,-993.16,94.73,93.75,0.30,0.91,0.73,36.94
885,262431861,-991.21,95.21,91.80,0.43,0.73,1.22,36.85
886,262435918,-992.19,93.26,92.77,0.43,1.04,1.40,37.28
887,262441762,-995.12,88.38,96.68,0.43,1.04,1.71,37.28
888,262445811,-998.05,87.40,89.36,0.79,1.10,1.83,37.18
889,262449861,-1000.98,97.17,88.87,0.91,0.91,2.07,36.99
890,262453918,-1003.42,93.75,90.33,0.91,0.85,2.13,37.28
891,262457968,-996.09,94.24,89.36,0.91,0.73,1.65,37.18
892,262462017,-989.75,96.68,94.73,0.98,1.10,0.98,36.94
893,262467762,-995.12,90.82,89.36,1.10,0.91,1.16,37.04
894,262471811,-998.54,92.29,85.94,0.91,0.79,1.52,36.99
895,262475861,-995.12,88.87,85.45,0.79,0.61,1.89,37.04
896,262479918,-993.65,86.43,83.50,0.98,0.85,2.62,37.18
897,262485762,-995.61,87.40,87.40,0.73,0.79,3.11,36.99
898,262489811,-992.68,84.96,86.43,0.73,0.49,3.90,37.18
899,262493861,-993.65,82.03,89.36,1.04,0.85,4.70,37.04
900,262497918,-988.77,85.94,93.26,0.91,1.04,5.06,37.18
901,262501968,-987.79,86.43,89.36,1.16,0.61,5.67,37.18
902,262507762,-993.16,97.17,96.68,1.22,1.04,5.49,37.28
903,262511811,-989.75,104.49,94.73,1.34,1.16,5.37,37.14
904,262515861,-990.23,108.40,96.68,1.59,0.98,4.88,37.14
905,262519918,-995.12,109.86,96.19,1.59,1.52,4.27,37.28
906,262523968,-990.72,115.72,95.21,1.83,1.22,3.90,37.14
907,262529762,-999.02,113.77,95.70,1.95,1.46,3.23,36.94
908,262533811,-1000.00,120.12,92.77,1.59,1.40,3.23,37.14
909,262537861,-1006.84,117.19,88.38,1.22,1.10,2.80,37.33
910,262541918,-1002.44,119.14,90.33,1.28,1.52,2.62,36.94
911,262545968,-1001.46,115.72,86.43,1.34,1.40,2.01,37.18
912,262551762,-1007.32,114.75,84.47,1.34,1.34,1.83,37.18
913,262555811,-1008.30,109.37,83.01,1.10,1.28,1.89,36.94
914,262559861,-1010.25,117.68,79.59,1.16,1.04,2.26,37.28
915,262563918,-1000.98,113.77,81.54,0.85,0.85,2.20,36.99
916,262567968,-1006.35,109.86,83.98,0.85,0.67,2.38,37.14
917,262573762,-991.21,105.96,80.08,0.73,0.61,2.20,36.99
918,262577811,-989.26,99.12,87.40,0.91,0.61,2.74,37.18
919,262581861,-992.19,96.19,83.98,0.85,0.49,3.23,37.14
920,262585918,-991.70,98.14,87.89,1.04,0.55,3.54,37.14
921,262589968,-991.21,97.66,86.91,1.10,0.49,3.90,37.28
922,262595762,-996.09,105.47,83.98,1.10,0.55,3.90,36.94
923,262599811,-1001.95,104.00,82.52,0.85,0.55,3.90,36.75
924,262603861,-1003.42,112.79,83.98,1.16,0.37,3.96,37.18
925,262607918,-1009.77,112.30,81.54,0.85,0.49,3.90,37.18
926,262611968,-1007.81,115.23,80.08,0.49,0.30,4.15,37.14
927,262617762,-1003.42,118.16,83.01,0.49,0.12,4.09,37.18
928,262621811,-1006.35,122.07,80.57,0.06,0.06,3.84,36.94
929,262625861,-1000.49,120.61,80.57,0.00,0.12,3.54,37.28
930,262629918,-998.54,121.09,78.61,-0.24,-0.06,3.48,37.04
931,262633968,-1000.98,119.63,81.05,-0.61,-0.43,3.23,37.18
932,262639762,-992.68,113.77,84.47,-0.55,-0.55,3.48,36.94
933,262643811,-993.65,108.89,79.10,-0.61,-0.49,3.35,37.18
934,262647861,-997.56,109.86,82.03,-0.30,-0.43,3.41,37.18
935,262651918,-993.65,102.54,83.50,-0.49,-0.30,3.35,37.14
936,262657762,-997.07,103.03,86.91,-0.43,-0.61,3.54,37.14
937,262661811,-989.75,108.40,83.98,-0.24,-0.49,3.78,37.28
938,262665861,-996.09,108.89,85.94,-0.18,-0.55,3.60,36.80
939,262669918,-996.09,114.26,87.89,-0.12,-0.30,3.66,37.18
940,262673968,-991.70,117.68,88.38,-0.12,-0.37,3.35,36.99
941,262678017,-997.07,113.77,87.40,-0.12,-0.43,3.66,36.94
942,262683762,-1000.00,111.82,89.36,0.00,-0.24,3.90,37.14
943,262687811,-994.63,117.68,89.84,0.00,-0.18,3.78,37.28
944,262691861,-996.58,121.09,83.01,-0.12,-0.37,4.02,37.18
945,262695918,-998.54,125.98,88.38,-0.24,-0.37,3.35,36.99
946,262701762,-998.54,125.49,88.87,-0.12,-0.24,2.68,37.28
947,262705811,-1003.91,132.81,85.94,-0.43,-0.43,2.38,37.28
948,262709861,-1007.81,128.91,79.59,-0.49,-0.67,1.95,37.18
949,262713918,-1012.70,136.23,77.15,-0.73,-0.73,1.34,37.18
950,262717968,-1009.77,130.86,77.64,-0.85,-0.67,1.04,37.28
951,262723762,-1002.44,125.49,72.75,-0.85,-0.91,0.73,37.14
952,262727811,-1002.93,128.42,75.68,-0.98,-0.98,0.24,37.28
953,262731861,-999.51,128.91,79.59,-0.91,-1.10,0.30,37.04
954,262735918,-994.63,118.65,78.12,-1.10,-0.91,0.24,36.99
955,262739968,-993.16,119.63,81.05,-1.16,-1.28,0.30,37.04
956,262745762,-989.75,111.82,87.40,-1.16,-1.16,0.30,37.28
957,262749811,-996.09,107.91,83.98,-1.16,-1.28,1.04,37.52
958,262753861,-989.26,114.75,89.84,-1.04,-1.04,0.79,36.94
959,262757918,-992.19,112.30,90.82,-0.61,-1.04,0.79,36.94
960,262761968,-995.12,118.16,95.70,-0.91,-0.85,0.12,37.28
961,262767762,-993.65,117.19,89.84,-0.79,-0.55,0.30,37.18
962,262771811,-992.19,119.14,95.70,-0.73,-0.79,0.18,37.18
963,262775861,-985.35,118.16,97.17,-0.91,-0.91,0.06,36.94
964,262779918,-991.70,125.00,89.36,-0.85,-0.61,-0.43,37.18
965,262783968,-997.56,124.02,86.91,-0.79,-0.73,-0.49,36.94
966,262789762,-997.07,122.07,83.01,-0.98,-0.73,-0.73,36.94
967,262793811,-1000.00,122.56,85.45,-1.10,-0.85,-0.61,37.28
968,262797861,-1004.39,119.14,83.50,-1.22,-0.73,-0.98,37.28
969,262801918,-1002.93,129.39,81.05,-1.28,-0.61,-1.22,37.18
970,262805968,-1006.35,123.54,78.12,-1.16,-0.91,-1.59,37.14
971,262811762,-1000.98,114.75,77.15,-1.59,-0.98,-1.46,36.94
972,262815811,-1000.00,109.37,76.17,-1.59,-1.22,-1.28,37.14
973,262819861,-1002.44,110.84,77.64,-1.65,-1.40,-0.98,37.04
974,262823918,-999.51,103.52,80.57,-1.77,-1.10,-0.30,36.85
975,262827968,-995.61,99.61,79.10,-1.52,-1.28,-0.12,37.33
976,262833762,-988.28,106.93,82.52,-1.59,-1.04,0.06,36.80
977,262837811,-987.30,104.49,86.91,-1.34,-0.91,0.24,36.99
978,262841861,-987.79,101.56,89.36,-1.10,-1.04,0.18,37.33
979,262845918,-994.14,102.54,87.89,-0.98,-1.04,0.49,36.94
980,262849968,-1006.84,111.82,86.91,-0.85,-1.10,0.18,37.18
981,262855762,-1006.35,118.16,81.05,-0.98,-1.16,0.73,36.94
982,262859811,-1000.00,120.12,88.87,-1.28,-0.91,0.61,37.14
983,262863861,-992.68,115.72,89.84,-1.28,-0.98,0.67,37.28
984,262867918,-986.33,110.84,91.80,-1.22,-0.79,0.55,36.94
985,262873762,-985.35,106.93,89.36,-1.16,-0.91,0.79,37.28
986,262877811,-986.33,109.86,85.45,-1.16,-0.73,0.85,36.94
987,262881861,-991.21,113.77,84.96,-1.28,-0.67,0.61,36.94
988,262885918,-984.86,111.33,85.45,-1.28,-0.79,0.73,37.28
989,262889968,-987.30,110.35,84.96,-1.40,-0.67,0.61,37.14
990,262895762,-989.75,111.33,86.91,-1.34,-0.37,0.98,37.14
991,262899811,-1003.42,117.19,83.01,-1.10,-0.43,0.98,37.18
992,262903861,-1004.88,113.28,82.52,-1.28,-0.61,1.04,37.04
993,262907918,-1000.98,114.26,83.01,-1.16,-0.73,1.28,37.04
994,262911968,-1002.44,111.82,84.96,-1.16,-0.85,1.04,37.37
995,262917762,-999.02,117.19,85.45,-1.04,-0.85,1.16,37.04
996,262921811,-995.12,112.30,86.43,-1.04,-0.73,1.10,37.18
997,262925861,-995.12,113.28,85.45,-1.28,-0.91,0.73,37.33
998,262929918,-999.51,119.63,79.59,-1.28,-0.85,0.37,37.04
999,262933968,-997.07,116.21,85.45,-0.98,-0.61,0.24,37.33
1000,262939762,-991.70,116.70,86.91,-1.10,-0.67,0.00,37.14
1001,262943811,-990.23,118.16,83.98,-1.04,-0.79,-0.06,37.28
1002,262947861,-993.16,116.70,83.98,-1.16,-0.61,-0.37,37.28
1003,262951918,-995.61,118.65,89.84,-0.91,-0.61,-0.30,36.85
1004,262955968,-995.61,112.30,84.47,-0.91,-0.37,-0.43,37.28
1005,262961762,-996.09,115.23,79.59,-1.16,-0.61,-0.49,36.99
1006,262965811,-1004.88,114.26,76.17,-0.85,-0.61,-0.61,37.28
1007,262969861,-1010.25,124.02,80.08,-1.04,-0.61,-0.98,37.33
1008,262973918,-1006.35,119.14,81.05,-1.22,-0.98,-0.61,36.94
1009,262977968,-1003.91,116.70,77.64,-1.28,-0.85,-0.85,37.52
1010,262983762,-996.58,119.14,81.05,-1.28,-0.55,-0.73,37.04
1011,262987811,-991.21,113.28,90.82,-1.52,-0.98,-0.73,37.14
1012,262991861,-987.30,112.79,89.36,-1.52,-0.79,-0.55,37.28
1013,262995918,-994.14,109.37,94.73,-1.40,-0.49,-0.49,36.94
1014,262999968,-989.75,108.40,91.31,-1.52,-0.61,-0.24,37.33
1015,263005762,-992.19,114.75,92.77,-1.40,-0.61,-0.43,37.33
1016,263009811,-996.58,116.70,90.82,-1.22,-0.30,-0.43,37.52
1017,263013861,-997.07,113.28,89.84,-1.16,-0.43,-0.61,37.33
1018,263017918,-996.58,114.26,92.77,-1.16,-0.43,-0.91,37.18
1019,263021968,-993.16,114.26,90.33,-1.10,-0.18,-0.85,37.18
1020,263027762,-994.63,114.75,83.01,-1.40,-0.30,-0.79,36.94
1021,263031811,-1002.44,117.68,78.12,-1.46,-0.37,-0.91,36.80
1022,263035861,-1006.35,109.37,80.57,-1.46,-0.61,-0.91,37.28
1023,263039918,-1005.37,112.79,82.03,-1.52,-0.61,-0.67,37.18
1024,263043968,-997.56,110.84,84.96,-1.52,-0.73,-0.30,37.14
1025,263049762,-994.63,113.28,76.66,-1.52,-0.37,-0.37,36.94
1026,263053811,-988.28,108.40,85.45,-1.59,-0.43,-0.43,37.18
1027,263057861,-991.70,110.84,85.45,-1.65,-0.37,-0.55,37.28
1028,263061918,-995.61,110.84,83.98,-1.52,-0.37,-0.43,36.99
1029,263065968,-993.16,118.65,83.01,-1.46,-0.43,-0.61,37.14
1030,263071762,-994.14,118.16,91.31,-1.28,-0.67,-1.16,36.85
1031,263075811,-1000.00,121.09,87.89,-1.40,-0.43,-1.59,36.94
1032,263079861,-1001.95,124.02,84.96,-1.34,-0.67,-2.01,37.18
1033,263083918,-1006.35,118.16,83.01,-1.46,-0.61,-2.01,37.28
1034,263089762,-995.61,113.28,85.94,-1.59,-0.98,-2.13,37.28
1035,263093811,-996.09,110.35,79.59,-1.52,-0.98,-2.01,37.18
1036,263097861,-1000.00,108.40,82.52,-1.59,-0.79,-2.07,36.94
1037,263101918,-998.05,98.14,82.03,-1.65,-0.91,-1.77,37.14
1038,263105968,-995.61,97.66,83.50,-1.34,-1.16,-1.46,37.14
1039,263111762,-995.12,92.29,84.96,-1.28,-1.22,-0.73,36.99
1040,263115811,-992.68,94.73,87.40,-1.16,-1.34,-0.67,37.33
1041,263119861,-999.02,100.10,91.31,-0.73,-1.16,-0.18,37.14
1042,263123918,-1002.44,107.91,85.94,-0.85,-1.10,0.00,36.94
1043,263127968,-1002.93,110.84,83.98,-0.79,-0.98,-0.06,36.94
1044,263133762,-1002.93,115.23,85.45,-0.98,-1.16,-0.30,37.28
1045,263137811,-994.14,111.82,94.73,-0.85,-1.22,-0.55,37.28
1046,263141861,-987.79,113.28,97.66,-0.91,-1.04,-0.79,37.33
1047,263145918,-986.33,111.82,93.26,-0.67,-1.10,-0.61,37.18
1048,263149968,-989.75,110.84,91.31,-0.79,-0.73,-0.55,37.18
1049,263155762,-989.75,116.70,91.80,-0.85,-0.91,-0.91,37.33
1050,263159811,-999.02,115.72,90.82,-0.61,-0.55,-1.10,37.04
1051,263163861,-1000.00,112.79,88.87,-0.79,-0.55,-1.22,37.18
1052,263167918,-998.05,106.93,88.87,-0.91,-0.49,-1.40,37.04
1053,263171968,-1000.49,104.98,88.87,-0.73,-0.73,-0.85,37.18
1054,263177762,-1000.49,107.91,83.98,-0.91,-0.55,-0.49,37.28
1055,263181811,-1000.49,115.23,81.54,-1.04,-0.55,-0.61,37.14
1056,263185861,-1000.98,113.77,83.50,-1.52,-0.61,-0.49,37.14
1057,263189918,-999.51,111.33,81.54,-1.46,-0.55,-0.49,36.94
1058,263193968,-991.70,106.93,77.15,-1.46,-0.61,-0.55,37.18
1059,263199762,-990.72,101.56,82.52,-1.28,-0.85,-0.37,36.99
1060,263203811,-991.70,102.54,83.01,-1.52,-0.61,0.00,36.85
1061,263207861,-991.21,102.05,85.45,-1.59,-0.49,0.00,36.99
1062,263211918,-1000.49,104.49,80.57,-1.16,-0.67,0.18,36.99
1063,263215968,-997.56,103.52,82.52,-1.10,-0.49,-0.12,37.28
1064,263221762,-995.61,103.52,86.91,-0.98,-0.79,-0.12,37.28
1065,263225811,-1003.42,106.45,85.94,-0.85,-0.67,-0.18,37.18
1066,263229861,-1002.44,109.37,79.59,-1.34,-0.49,-0.24,37.28
1067,263233918,-1004.39,112.79,79.59,-1.04,-0.67,-0.06,36.94
1068,263237968,-1000.98,116.21,86.91,-1.22,-0.73,-0.12,37.18
1069,263243762,-1001.46,115.72,86.43,-1.34,-0.91,-0.79,37.18
1070,263247811,-1002.44,114.26,84.96,-1.22,-0.85,-0.98,36.80
1071,263251861,-1000.49,117.19,85.45,-1.34,-1.04,-0.91,37.52
1072,263255918,-998.05,113.28,87.40,-1.59,-0.91,-1.04,37.28
1073,263259968,-1000.98,109.86,85.45,-1.65,-0.79,-1.34,36.85
1074,263265762,-990.23,107.42,87.89,-1.40,-0.79,-1.10,36.85
1075,263269811,-991.21,101.56,90.33,-1.16,-0.79,-0.85,36.75
1076,263273861,-986.82,95.70,92.29,-1.52,-0.55,-0.61,37.04
1077,263277918,-993.16,97.66,89.36,-1.40,-0.43,-0.24,36.99
1078,263281968,-1002.44,100.59,84.47,-1.28,-0.43,-0.18,37.04
1079,263287762,-999.02,107.91,86.43,-1.16,-0.85,0.00,37.04
1080,263291811,-1003.42,117.19,87.89,-1.52,-0.79,0.00,37.18
1081,263295861,-1006.84,112.30,82.03,-1.65,-0.85,-0.12,36.94
1082,263299918,-1004.88,115.72,80.08,-1.46,-0.98,0.06,37.28
1083,263305762,-999.02,114.75,90.33,-1.77,-1.40,0.24,37.28
1084,263309811,-997.56,104.98,85.94,-1.71,-1.40,-0.12,37.18
1085,263313861,-995.61,106.45,83.98,-1.65,-1.10,0.00,37.14
1086,263317918,-991.70,108.40,84.96,-1.28,-1.10,0.24,37.37
1087,263321968,-991.21,111.82,83.50,-1.59,-1.22,-0.12,37.18
1088,263327762,-994.14,116.21,88.38,-1.52,-0.91,-0.37,37.18
1089,263331811,-1000.49,111.82,86.43,-1.71,-0.79,-0.91,36.99
1090,263335861,-1003.91,110.35,85.94,-1.52,-0.61,-0.85,37.28
1091,263339918,-1000.00,107.42,84.96,-1.83,-0.79,-1.22,37.18
1092,263343968,-998.05,104.00,84.47,-1.52,-0.73,-1.10,37.33
1093,263349762,-993.16,101.07,84.47,-1.77,-0.91,-1.04,37.14
1094,263353811,-993.16,92.77,87.40,-1.65,-0.67,-0.79,36.99
1095,263357861,-988.28,86.91,90.82,-1.65,-0.79,-0.24,37.18
1096,263361918,-987.79,84.96,91.80,-1.52,-0.91,0.43,36.75
1097,263365968,-991.70,83.01,91.31,-0.98,-0.67,0.79,37.18
1098,263371762,-997.07,85.94,89.36,-1.16,-0.79,1.34,37.37
1099,263375811,-1006.35,97.17,90.33,-1.10,-0.98,1.65,37.18
1100,263379861,-1006.84,105.47,87.40,-0.79,-0.85,1.46,36.99
1101,263383918,-1011.72,119.14,86.91,-1.04,-0.98,1.59,36.94
1102,263387968,-1013.18,119.14,81.54,-1.04,-1.16,1.52,36.94
1103,263393762,-1009.77,123.05,86.91,-1.04,-1.22,1.46,37.18
1104,263397811,-991.21,116.21,91.31,-1.22,-1.40,1.40,36.94
1105,263401861,-984.37,117.19,88.87,-1.34,-1.46,1.22,36.99
1106,263405918,-987.79,113.77,89.84,-1.46,-1.10,0.85,36.94
1107,263409968,-986.82,111.33,88.87,-1.46,-0.91,0.67,36.99
1108,263415762,-989.26,103.03,91.31,-1.52,-0.91,0.85,37.18
1109,263419811,-996.58,97.66,88.38,-1.59,-0.79,1.40,37.33
1110,263423861,-1000.49,101.07,79.10,-1.16,-0.98,1.46,37.14
1111,263427918,-999.51,105.47,81.54,-1.22,-0.85,1.77,36.94
1112,263431968,-1002.44,94.24,90.82,-1.10,-0.91,2.13,37.18
1113,263437762,-996.09,99.61,81.54,-0.98,-1.04,2.44,36.94
1114,263441811,-994.14,102.05,83.50,-1.10,-0.91,2.56,37.04
1115,263445861,-989.26,96.19,84.47,-1.22,-1.28,2.93,37.14
1116,263449918,-992.19,104.49,88.38,-1.04,-1.10,2.99,37.18
1117,263453968,-991.21,104.49,90.82,-1.16,-1.40,2.87,36.99
1118,263459762,-997.07,108.40,88.38,-0.98,-1.22,2.80,36.75
1119,263463811,-999.51,111.82,84.47,-1.40,-1.34,2.56,36.85
1120,263467861,-997.56,116.70,90.33,-1.34,-1.28,2.50,37.18
1121,263471918,-998.05,115.23,89.36,-1.46,-0.98,2.01,37.28
1122,263475968,-991.21,108.40,87.89,-1.28,-0.73,2.20,36.80
1123,263481762,-990.23,108.89,92.29,-1.04,-0.85,1.89,36.94
1124,263485811,-986.82,103.03,92.77,-1.10,-0.55,2.26,36.80
1125,263489861,-993.16,111.82,93.75,-1.10,-0.79,2.44,37.28
1126,263493918,-997.07,111.33,86.91,-1.10,-0.67,2.20,37.28
1127,263497968,-992.68,110.84,89.36,-0.98,-0.79,2.01,36.80
1128,263503762,-999.02,110.84,85.45,-0.91,-1.04,2.20,36.94
1129,263507811,-1001.46,113.77,87.40,-0.79,-0.91,1.95,37.18
1130,263511861,-1000.49,117.68,84.47,-0.85,-0.85,1.83,37.28
1131,263515918,-997.07,116.21,94.24,-1.28,-0.91,2.13,37.18
1132,263521762,-1000.49,115.72,94.24,-1.16,-0.73,2.13,37.18
1133,263525811,-994.63,116.70,88.38,-1.34,-0.55,1.95,36.75
1134,263529861,-992.19,117.19,91.31,-1.59,-0.24,1.71,37.18
1135,263533918,-991.21,115.23,87.40,-1.65,-0.24,1.34,37.18
1136,263537968,-994.63,111.82,90.82,-1.52,-0.24,0.91,37.28
1137,263543762,-991.21,104.49,87.40,-1.40,-0.37,0.98,37.18
1138,263547811,-994.14,108.40,88.87,-1.28,-0.24,1.52,37.33
1139,263551861,-1000.00,115.23,86.43,-1.22,-0.24,1.16,37.18
1140,263555918,-1002.93,118.16,83.50,-0.98,-0.49,1.04,37.18
1141,263559968,-1007.32,117.19,80.57,-1.40,-0.55,0.91,37.28
1142,263565762,-1010.25,117.68,78.61,-1.34,-0.85,0.85,37.04
1143,263569811,-1008.30,117.19,81.54,-1.40,-0.91,0.79,36.94
1144,263573861,-1002.44,117.68,82.52,-1.40,-1.28,0.85,37.28
1145,263577918,-997.07,114.75,85.45,-1.52,-1.10,0.43,37.14
1146,263581968,-994.63,111.33,84.47,-1.16,-1.28,0.43,37.18
1147,263587762,-997.07,102.54,83.50,-1.22,-1.28,0.43,37.28
1148,263591811,-991.21,97.17,85.94,-0.98,-1.04,0.91,37.18
1149,263595861,-996.58,105.47,84.47,-0.79,-1.04,1.34,37.28
1150,263599918,-997.07,103.03,83.98,-0.91,-1.40,1.59,37.04
1151,263603968,-1000.98,104.98,81.54,-0.91,-1.34,1.59,37.18
1152,263609762,-1002.93,115.23,83.98,-1.04,-1.22,1.52,37.18
1153,263613811,-999.51,117.19,90.33,-1.28,-1.04,1.22,37.18
1154,263617861,-997.56,117.68,87.89,-1.52,-1.22,1.16,37.04
1155,263621918,-999.51,121.58,89.84,-1.40,-1.04,1.04,36.94
1156,263625968,-996.58,127.44,87.89,-1.40,-1.22,0.73,36.85
1157,263631762,-992.19,127.93,90.82,-1.65,-0.98,0.55,37.04
1158,263635811,-999.51,128.91,88.38,-1.71,-1.10,0.00,37.37
1159,263639861,-995.61,124.02,87.89,-1.71,-1.22,-0.43,37.18
1160,263643918,-995.12,117.68,89.36,-1.59,-1.16,-0.98,36.99
1161,263647968,-998.05,107.91,86.91,-1.77,-1.28,-0.91,36.99
1162,263653762,-989.75,110.35,94.24,-1.89,-1.04,-0.98,37.18
1163,263657811,-990.23,111.33,96.19,-1.65,-1.10,-0.79,36.94
1164,263661861,-993.16,112.79,95.21,-1.59,-0.98,-0.91,37.18
1165,263665918,-991.21,115.72,90.33,-1.46,-0.98,-0.79,37.18
1166,263669968,-998.54,118.16,92.29,-1.71,-1.10,-0.67,37.04
1167,263675762,-1004.88,112.79,87.40,-1.65,-1.16,-0.67,36.75
1168,263679811,-996.09,105.47,91.80,-1.65,-1.46,-0.18,36.94
1169,263683861,-989.75,101.07,98.14,-1.34,-1.40,0.61,37.14
1170,263687918,-990.23,100.10,89.36,-1.52,-1.28,1.28,37.28
1171,263691968,-989.26,103.03,91.31,-1.52,-1.04,1.46,36.99
1172,263697762,-992.68,101.07,91.80,-1.10,-1.40,1.83,36.94
1173,263701811,-1002.44,105.96,96.68,-0.98,-0.98,1.89,37.04
1174,263705861,-995.61,107.91,91.31,-1.04,-1.28,2.13,37.28
1175,263709918,-997.07,105.96,94.73,-1.10,-1.10,2.32,37.28
1176,263713968,-997.56,111.82,99.61,-0.79,-1.10,2.50,36.94
1177,263719762,-994.14,118.65,94.73,-1.10,-1.34,2.26,36.99
1178,263723811,-993.65,114.75,88.87,-0.85,-1.28,2.32,37.14
1179,263727861,-990.72,113.28,92.77,-0.98,-1.22,2.26,37.28
1180,263731918,-993.65,114.75,94.73,-0.91,-1.40,2.26,36.99
1181,263737762,-992.19,123.05,93.26,-0.85,-1.46,2.01,37.28
1182,263741811,-996.09,125.49,95.21,-1.16,-1.04,1.59,37.18
1183,263745861,-996.58,125.98,89.84,-1.28,-1.16,1.34,36.94
1184,263749918,-993.16,125.00,95.70,-1.16,-1.34,0.91,37.14
1185,263753968,-994.63,125.49,88.87,-1.16,-1.28,0.85,37.04
1186,263759762,-995.12,123.05,89.84,-1.28,-1.10,0.49,37.18
1187,263763811,-991.21,120.61,86.43,-1.65,-1.16,0.43,36.99
1188,263767861,-989.75,119.14,87.89,-1.46,-1.28,0.12,37.04
1189,263771918,-990.72,118.16,87.40,-1.59,-1.40,-0.06,37.18
1190,263775968,-992.68,115.23,83.01,-1.46,-0.79,0.00,37.28
1191,263781762,-992.19,122.07,90.33,-1.71,-0.91,0.00,37.28
1192,263785811,-990.72,119.63,92.77,-1.65,-1.22,-0.12,36.94
1193,263789861,-989.75,117.68,87.89,-1.89,-1.22,-0.30,36.94
1194,263793918,-994.14,118.16,89.84,-1.77,-1.10,-0.61,37.04
1195,263797968,-997.56,113.77,91.31,-2.13,-1.40,-0.43,37.18
1196,263803762,-1002.93,109.86,89.36,-2.01,-1.46,-0.30,37.18
1197,263807811,-997.07,106.45,90.33,-1.95,-1.52,0.06,36.94
1198,263811861,-993.65,108.40,86.91,-1.89,-1.16,0.18,37.18
1199,263815918,-992.68,108.40,85.94,-1.71,-1.22,0.30,37.14
1200,263819968,-994.63,111.33,86.91,-1.89,-1.28,0.67,37.04
1201,263825762,-991.21,111.82,85.94,-1.89,-1.28,0.85,37.28
1202,263829811,-993.65,109.86,89.36,-2.01,-1.40,1.16,37.33
1203,263833861,-987.79,106.93,87.89,-1.83,-1.28,1.46,37.18
1204,263837918,-996.09,115.23,86.91,-2.13,-1.22,1.34,36.80
1205,263841968,-995.12,117.68,83.98,-2.26,-1.28,1.52,37.28
1206,263847762,-993.16,117.19,88.38,-2.26,-1.22,1.10,37.28
1207,263851811,-993.65,114.75,91.31,-2.50,-1.22,1.10,36.99
1208,263855861,-992.19,106.45,91.80,-2.68,-1.34,1.34,36.99
1209,263859918,-984.37,98.63,93.26,-2.62,-0.85,1.89,37.18
1210,263863968,-981.93,99.61,94.73,-2.99,-0.79,2.50,37.28
1211,263869762,-980.96,94.24,96.68,-2.62,-0.98,3.23,36.94
1212,263873811,-989.26,84.96,97.66,-2.20,-0.67,3.90,36.85
1213,263877861,-994.63,85.94,97.17,-2.26,-0.79,4.57,37.52
1214,263881918,-991.21,71.29,89.36,-1.89,-0.55,5.67,37.14
1215,263885968,-986.82,45.90,92.29,-1.22,-0.24,8.11,37.28
1216,263891762,-993.16,96.19,83.98,-0.85,-0.06,11.16,36.94
1217,263895811,-987.30,163.57,102.54,-1.59,-0.73,10.49,36.85
1218,263899861,-1001.46,169.92,101.07,-2.20,-0.55,7.68,37.28
1219,263903918,-1000.49,114.26,94.73,-2.32,-0.30,5.30,37.14
1220,263907968,-1003.42,108.40,90.82,-2.26,-0.43,5.30,37.04
1221,263913762,-998.05,116.21,97.66,-2.50,-0.67,5.61,36.99
1222,263917811,-991.21,109.37,93.75,-2.07,-0.55,6.16,36.94
1223,263921861,-992.68,118.16,93.75,-1.95,-0.37,5.98,36.99
1224,263925918,-988.77,121.09,93.75,-1.95,-0.37,6.22,36.85
1225,263929968,-988.77,126.46,90.82,-1.59,-0.61,5.61,37.28
1226,263935762,-990.72,118.65,101.56,-1.40,-0.37,5.30,36.99
1227,263939811,-993.65,121.09,87.89,-1.59,-0.49,5.43,36.94
1228,263943861,-1001.46,128.91,83.98,-1.59,-0.61,5.43,37.18
1229,263947918,-1007.81,130.37,84.96,-1.65,-0.73,4.76,36.99
1230,263953762,-1006.84,126.46,84.96,-1.65,-0.79,4.76,37.18
1231,263957811,-1002.93,115.72,82.52,-1.83,-0.73,4.94,37.28
1232,263961861,-991.70,104.00,82.03,-1.77,-0.73,5.85,37.14
1233,263965918,-972.17,40.04,52.73,-1.10,0.12,7.44,36.94
1234,263969968,-991.21,125.49,101.56,-0.43,0.30,9.88,37.18
1235,263975762,-984.86,166.02,115.72,-0.79,-0.43,9.02,36.94
1236,263979811,-983.89,116.21,102.05,-1.10,-0.67,5.91,37.18
1237,263983861,-994.63,115.23,84.47,-0.98,-0.24,5.85,37.28
1238,263987918,-1000.00,135.74,88.87,-0.91,-0.49,6.16,37.18
1239,263991968,-999.02,141.60,92.77,-0.98,-0.98,5.55,37.28
1240,263997762,-1000.49,146.48,91.80,-1.16,-0.61,5.49,37.52
1241,264001811,-994.14,151.86,94.73,-1.52,-0.85,4.70,37.28
1242,264005861,-983.40,143.07,93.75,-1.71,-1.10,4.21,36.94
1243,264009918,-984.37,130.37,95.21,-1.65,-0.85,3.96,36.94
1244,264013968,-982.91,134.28,95.21,-2.01,-0.49,4.27,37.18
1245,264019762,-992.19,134.28,92.29,-2.07,-0.37,3.90,37.04
1246,264023811,-989.75,133.79,91.31,-2.38,-0.24,3.78,37.04
1247,264027861,-994.63,130.86,91.80,-2.13,-0.30,3.60,37.28
1248,264031918,-992.19,118.65,84.96,-1.89,0.18,3.90,36.75
1249,264035968,-979.00,84.96,70.31,-1.77,0.67,4.94,37.14
1250,264041762,-994.63,115.72,87.40,-0.91,0.79,6.95,37.28
1251,264045811,-990.23,167.97,132.81,-1.77,-0.24,5.67,37.04
1252,264049861,-985.84,120.61,108.40,-1.95,-0.24,4.02,37.04
1253,264053918,-999.51,121.58,84.47,-1.59,0.49,4.21,37.14
1254,264057968,-1004.39,137.21,84.96,-1.46,-0.18,4.57,37.28
1255,264063762,-995.61,139.65,99.12,-1.65,-0.37,3.90,37.18
1256,264067811,-1000.00,141.60,90.82,-1.59,-0.55,3.54,36.99
1257,264071861,-1002.44,149.41,95.70,-1.77,-0.55,3.35,37.14
1258,264075918,-997.56,145.51,91.31,-1.77,-0.61,2.87,37.18
1259,264079968,-994.63,150.39,92.29,-2.20,-0.43,2.56,37.18
1260,264085762,-996.09,158.69,88.87,-2.07,-0.37,2.13,37.28
1261,264089811,-998.54,161.13,100.10,-2.13,-0.18,0.91,37.14
1262,264093861,-989.75,157.23,92.77,-2.32,0.00,0.00,37.04
1263,264097918,-989.75,159.67,90.33,-2.56,0.00,-0.73,37.28
1264,264101968,-994.63,167.48,92.29,-2.62,-0.18,-1.46,37.47
1265,264107762,-993.16,176.27,84.96,-2.74,0.18,-2.87,37.28
1266,264111811,-994.63,172.85,79.59,-2.87,-0.06,-4.45,36.94
1267,264115861,-987.30,169.92,75.20,-3.23,0.18,-5.37,37.18
1268,264119918,-989.26,155.76,81.05,-3.60,-0.30,-6.22,36.94
1269,264123968,-992.68,143.55,76.17,-4.02,0.00,-6.71,37.04
1270,264129762,-993.16,130.86,69.82,-4.39,-0.12,-6.46,36.75
1271,264133811,-998.05,119.14,60.55,-4.51,0.06,-5.91,37.04
1272,264137861,-982.91,79.10,35.16,-4.21,0.61,-5.30,37.37
1273,264141918,-1012.21,138.18,89.36,-3.72,0.43,-4.09,36.94
1274,264145968,-995.61,157.71,124.51,-4.39,-0.06,-4.57,37.14
1275,264151762,-998.54,129.88,103.03,-4.70,-0.06,-5.18,37.28
1276,264155811,-1008.79,133.79,85.45,-4.82,0.12,-5.24,37.18
1277,264159861,-1014.16,145.51,91.80,-4.57,-0.30,-5.55,36.99
1278,264163918,-1002.93,146.00,86.91,-4.82,-0.49,-6.34,37.18
1279,264169762,-995.61,132.32,87.40,-4.82,-0.67,-6.89,37.14
1280,264173811,-997.07,127.93,91.80,-4.70,-0.79,-7.20,36.94
1281,264177861,-995.61,126.95,92.77,-4.45,-0.73,-6.95,36.99
1282,264181918,-990.72,127.44,88.87,-4.51,-0.73,-6.71,37.18
1283,264185968,-985.35,123.05,87.89,-4.51,-0.73,-6.22,37.33
1284,264191762,-987.30,107.42,86.91,-4.39,-0.55,-5.30,37.47
1285,264195811,-974.61,82.52,82.03,-3.96,-0.49,-3.72,37.04
1286,264199861,-981.45,63.48,53.22,-3.35,0.61,-0.73,37.33
1287,264203918,-978.52,98.14,107.42,-2.80,-0.18,0.67,37.28
1288,264207968,-977.05,105.96,108.89,-2.50,-0.06,1.59,37.28
1289,264213762,-982.91,99.61,99.61,-2.20,0.55,1.95,37.28
1290,264217811,-990.72,103.03,92.29,-2.07,0.37,2.50,37.14
1291,264221861,-996.09,110.84,89.84,-2.07,0.37,3.17,37.28
1292,264225918,-996.09,120.61,94.24,-2.07,0.12,3.54,36.80
1293,264229968,-992.68,129.39,94.73,-2.50,0.24,3.35,37.18
1294,264235762,-990.72,130.37,95.21,-2.50,0.30,3.11,37.18
1295,264239811,-983.40,125.00,96.68,-2.80,0.18,2.74,37.28
1296,264243861,-978.03,94.24,73.73,-2.62,0.12,2.50,37.28
1297,264247918,-1001.46,136.72,88.87,-2.01,0.73,3.29,36.99
1298,264251968,-1000.00,149.41,100.59,-2.74,0.30,2.62,37.18
1299,264257762,-1004.88,150.88,99.12,-3.35,-0.24,1.28,37.14
1300,264261811,-1005.37,132.32,79.10,-3.35,-0.24,0.18,37.04
1301,264265861,-990.23,98.14,50.78,-3.48,0.06,-0.18,37.33
1302,264269918,-1024.90,135.74,68.85,-2.93,1.59,2.32,36.99
1303,264273968,-993.65,156.74,117.68,-3.29,0.24,2.13,37.14
1304,264279762,-989.26,124.51,101.56,-3.60,0.00,1.83,36.94
1305,264283811,-975.10,84.47,61.52,-3.60,1.04,2.93,37.33
1306,264287861,-983.89,119.63,92.29,-3.23,0.67,3.72,36.94
1307,264291918,-981.93,120.61,100.59,-3.17,0.24,4.15,37.14
1308,264295968,-982.42,103.03,95.21,-3.11,0.49,4.27,37.14
1309,264301762,-990.23,97.17,80.57,-2.93,0.37,5.12,37.14
1310,264305811,-997.56,108.40,90.33,-2.93,0.43,5.91,36.85
1311,264309861,-993.16,117.68,94.24,-2.93,0.30,6.52,37.04
1312,264313918,-995.12,120.12,87.40,-2.74,0.06,6.71,37.28
1313,264317968,-993.65,128.42,88.38,-3.11,0.43,7.26,37.18
1314,264323762,-991.21,143.55,88.87,-3.23,0.37,7.38,36.99
1315,264327811,-994.14,152.34,86.43,-3.66,0.43,7.32,36.94
1316,264331861,-993.16,143.07,86.91,-3.72,0.61,6.65,37.04
1317,264335918,-985.84,143.07,96.68,-3.41,1.04,5.06,37.18
1318,264339968,-979.98,129.39,95.21,-3.23,1.04,3.66,37.04
1319,264345762,-986.82,115.72,92.77,-2.93,1.04,3.17,36.80
1320,264349811,-994.14,115.72,96.68,-2.50,0.85,3.84,36.85
1321,264353861,-997.07,120.12,86.91,-2.62,0.73,4.27,37.28
1322,264357918,-994.14,123.54,77.15,-2.13,0.85,4.63,36.94
1323,264361968,-991.21,131.35,83.01,-2.07,1.04,5.00,36.94
1324,264367762,-992.68,140.14,94.73,-1.89,0.73,4.70,37.14
1325,264371811,-986.82,138.67,97.66,-2.01,1.10,4.33,36.99
1326,264375861,-981.93,144.53,89.84,-2.01,1.65,4.70,37.18
1327,264379918,-986.33,141.60,89.36,-2.13,1.83,4.57,37.33
1328,264385762,-989.75,139.65,98.63,-2.26,1.77,4.63,37.28
1329,264389811,-994.63,135.25,104.98,-2.50,1.89,4.21,37.28
1330,264393861,-993.65,127.93,93.26,-2.32,1.71,3.78,37.04
1331,264397918,-1003.42,123.05,82.03,-2.62,2.07,4.09,37.28
1332,264401968,-1006.84,146.00,108.40,-2.62,1.65,4.27,36.99
1333,264407762,-1000.98,153.32,120.12,-2.50,1.04,4.02,37.18
1334,264411811,-988.28,130.86,92.29,-2.80,1.28,3.48,37.18
1335,264415861,-987.30,129.88,95.70,-2.56,0.91,3.23,36.94
1336,264419918,-992.19,118.16,91.80,-2.68,0.67,3.11,37.18
1337,264423968,-989.26,118.16,90.33,-2.44,0.55,3.11,37.33
1338,264429762,-981.93,118.65,85.45,-2.01,0.98,3.78,37.14
1339,264433811,-990.72,106.45,38.57,-1.28,2.32,5.37,36.80
1340,264437861,-996.58,191.41,175.29,-1.46,0.73,4.70,37.18
1341,264441918,-989.75,152.34,112.79,-1.71,-0.06,2.80,36.99
1342,264445968,-1002.44,133.79,69.82,-1.34,0.43,2.80,37.18
1343,264451762,-1002.44,156.25,97.66,-1.52,-0.06,2.68,37.28
1344,264455811,-1000.00,147.95,87.89,-1.59,-0.12,1.95,36.94
1345,264459861,-990.72,151.86,95.21,-1.46,0.24,1.71,37.18
1346,264463918,-986.33,145.51,101.56,-1.22,0.30,1.65,36.80
1347,264467968,-977.54,154.79,104.00,-1.28,0.67,1.04,36.94
1348,264473762,-979.98,151.86,103.03,-1.28,1.04,0.61,37.18
1349,264477811,-991.21,159.18,93.75,-1.22,1.04,-0.37,37.28
1350,264481861,-990.72,159.67,86.91,-0.98,1.28,-1.04,37.37
1351,264485918,-1001.46,147.95,85.94,-1.10,0.91,-1.46,36.94
1352,264489968,-998.05,141.60,83.50,-1.04,0.61,-1.83,37.28
1353,264495762,-993.16,137.21,80.08,-0.91,0.79,-1.52,37.28
1354,264499811,-991.70,129.88,87.40,-0.67,0.73,-1.22,37.18
1355,264503861,-988.77,153.32,132.81,-0.98,0.49,-0.85,37.28
1356,264507918,-1011.23,121.09,41.50,-0.67,0.73,-0.91,37.14
1357,264511968,-1006.84,116.70,66.41,-0.43,0.12,-0.73,37.33
1358,264517762,-1000.98,124.51,75.68,-0.73,-0.30,0.12,37.14
1359,264521811,-1004.88,125.49,72.75,-0.73,-0.43,0.55,36.94
1360,264525861,-994.63,133.79,75.20,-0.85,-0.55,0.85,37.18
1361,264529918,-991.21,138.18,80.08,-0.85,-0.43,0.98,37.18
1362,264533968,-982.42,144.53,89.36,-1.04,-0.30,0.79,37.37
1363,264539762,-981.45,146.48,91.31,-0.85,0.00,0.43,36.85
1364,264543811,-982.91,147.95,91.31,-0.79,0.18,0.12,36.94
1365,264547861,-989.26,149.90,92.77,-0.79,0.37,-0.30,37.28
1366,264551918,-988.77,143.55,95.21,-0.79,0.37,-0.98,37.28
1367,264555968,-994.14,146.48,89.36,-0.79,0.55,-1.40,36.99
1368,264561762,-1001.95,141.60,84.96,-0.85,0.24,-2.01,37.04
1369,264565811,-999.51,125.98,90.33,-1.16,-0.06,-2.32,37.18
1370,264569861,-998.05,113.28,90.33,-0.91,-0.12,-1.83,36.99
1371,264573918,-996.09,108.40,92.77,-0.67,0.00,-1.16,37.18
1372,264579762,-1000.49,111.82,88.87,-0.98,0.12,-0.30,37.18
1373,264583811,-995.12,106.45,79.10,-0.79,-0.18,0.55,37.33
1374,264587861,-1001.95,113.77,84.96,-0.49,0.06,1.16,37.04
1375,264591918,-994.63,119.14,86.43,-0.61,-0.06,1.83,36.99
1376,264595968,-990.23,135.25,84.96,-0.67,0.00,2.32,37.28
1377,264600017,-992.68,145.51,85.94,-0.49,-0.24,1.71,36.80
1378,264605762,-994.14,159.18,88.87,-0.37,-0.12,1.34,37.14
1379,264609811,-991.21,172.85,83.98,-0.67,-0.24,0.06,36.99
1380,264613861,-992.19,170.41,76.66,-0.98,-0.24,-0.73,37.18
1381,264617918,-998.05,167.97,74.22,-1.40,-0.49,-1.95,37.47
1382,264623762,-995.61,159.18,73.24,-1.34,-0.79,-2.38,37.18
1383,264627811,-992.68,125.49,71.78,-1.52,-0.91,-2.74,37.14
1384,264631861,-996.09,116.70,70.31,-1.59,-0.85,-1.89,37.28
1385,264635918,-992.68,107.91,72.75,-1.59,-0.67,-1.34,37.28
1386,264639968,-985.84,112.30,73.73,-1.40,-1.10,-0.12,37.28
1387,264645762,-991.21,114.26,76.66,-1.22,-0.61,0.67,37.28
1388,264649811,-991.70,121.58,74.71,-1.10,-0.61,1.52,37.18
1389,264653861,-993.16,127.93,82.52,-1.10,-0.49,1.65,37.04
1390,264657918,-985.84,132.32,84.96,-0.98,-0.49,2.13,36.99
1391,264661968,-979.98,139.65,92.29,-0.61,-0.73,2.32,37.14
1392,264667762,-982.91,148.93,88.38,-1.04,-0.43,2.13,37.28
1393,264671811,-986.82,148.44,93.75,-0.85,-0.30,1.34,37.18
1394,264675861,-987.79,136.72,98.14,-0.73,-0.18,1.22,37.33
1395,264679918,-989.75,132.32,95.70,-0.55,-0.24,1.10,36.80
1396,264683968,-997.07,142.09,91.80,-0.37,-0.06,1.04,36.99
1397,264689762,-1004.39,143.07,85.45,-0.43,0.18,0.49,37.18
1398,264693811,-1005.86,133.79,83.50,-0.73,-0.12,0.55,37.28
1399,264697861,-1013.67,139.16,72.27,-0.67,-0.73,0.30,37.18
1400,264701918,-1014.16,137.21,71.29,-0.79,-1.10,0.06,37.28
1401,264705968,-1009.28,126.95,62.01,-0.91,-1.28,0.30,37.04
1402,264711762,-1003.91,114.26,67.87,-1.04,-1.71,1.22,36.94
1403,264715811,-996.09,115.72,64.94,-1.22,-1.71,2.44,37.28
1404,264719861,-997.56,126.46,71.29,-1.04,-1.52,2.74,37.18
1405,264723918,-987.79,133.30,75.20,-1.28,-1.59,2.80,37.18
1406,264727968,-987.30,133.30,76.17,-1.28,-1.65,3.29,37.33
1407,264733762,-984.37,141.60,86.43,-1.40,-1.46,3.11,37.14
1408,264737811,-978.52,155.27,88.38,-1.28,-1.28,2.93,36.94
1409,264741861,-973.63,161.62,97.66,-1.59,-1.28,2.20,37.14
1410,264745918,-974.61,153.81,96.19,-1.34,-0.85,0.98,37.28
1411,264749968,-979.00,144.53,98.14,-1.59,-0.49,0.55,37.28
1412,264755762,-988.77,148.44,93.26,-1.16,-0.49,0.18,37.14
1413,264759811,-998.05,150.88,86.43,-1.34,-0.43,-0.79,36.80
1414,264763861,-1001.46,149.41,86.43,-1.16,-0.49,-1.16,36.99
1415,264767918,-996.58,146.48,85.94,-1.22,-0.37,-1.04,37.28
1416,264771968,-992.68,141.11,83.50,-1.46,-0.79,-0.98,36.80
1417,264777762,-990.72,141.11,79.59,-1.46,-0.85,-0.79,36.80
1418,264781811,-996.58,140.62,79.10,-1.65,-0.85,-0.73,37.28
1419,264785861,-1001.46,143.55,83.98,-1.71,-0.55,-0.43,36.94
1420,264789918,-1005.86,152.34,83.01,-2.01,-0.91,-0.55,37.28
1421,264795762,-1003.42,157.23,77.15,-1.77,-0.98,-0.85,37.33
1422,264799811,-997.56,151.37,83.01,-1.65,-1.28,-1.34,37.18
1423,264803861,-996.09,145.02,86.43,-1.71,-1.28,-1.65,36.75
1424,264807918,-990.23,140.62,86.43,-1.77,-1.28,-1.83,37.28
1425,264811968,-977.54,130.37,94.24,-1.59,-1.28,-1.83,37.18
1426,264816017,-978.03,131.84,98.14,-1.46,-1.22,-1.52,36.94
1427,264821762,-976.07,137.21,104.49,-1.52,-1.28,-1.28,36.94
1428,264825811,-986.33,143.55,92.77,-1.28,-1.10,-1.95,36.94
1429,264829861,-992.68,144.53,83.98,-1.16,-1.22,-2.07,36.85
1430,264833918,-999.51,143.55,84.96,-1.52,-1.10,-2.50,37.18
1431,264839762,-998.54,132.81,84.47,-1.83,-1.46,-2.38,37.28
1432,264843811,-999.02,127.93,84.47,-1.46,-1.10,-2.32,37.33
1433,264847861,-992.19,130.37,81.54,-1.59,-0.91,-2.01,37.14
1434,264851918,-988.28,125.49,89.84,-1.59,-0.67,-1.89,37.04
1435,264855968,-980.96,125.98,86.91,-1.71,-0.85,-1.65,36.99
1436,264861762,-983.89,131.84,83.98,-1.28,-0.24,-1.59,37.04
1437,264865811,-990.72,135.74,78.61,-1.10,-0.49,-2.26,37.14
1438,264869861,-997.07,144.53,81.05,-1.16,-0.43,-2.26,36.99
1439,264873918,-997.56,144.04,86.43,-1.04,-0.61,-2.56,36.99
1440,264877968,-997.07,151.86,82.52,-1.10,-0.55,-2.99,37.33
1441,264883762,-999.51,157.71,79.59,-1.10,-0.43,-3.66,37.14
1442,264887811,-1000.98,156.74,90.33,-1.46,-0.73,-4.57,37.18
1443,264891861,-995.61,148.93,83.50,-2.01,-0.67,-4.70,37.18
1444,264895918,-993.16,136.72,84.47,-1.83,-0.98,-5.18,36.94
1445,264899968,-993.65,128.42,88.87,-1.77,-0.79,-4.94,37.04
1446,264905762,-987.79,122.56,84.47,-1.65,-0.98,-4.76,37.18
1447,264909811,-978.03,117.19,90.82,-1.71,-0.85,-4.02,37.18
1448,264913861,-980.47,113.77,86.43,-1.83,-0.67,-3.48,37.18
1449,264917918,-984.86,113.77,89.36,-1.65,-0.55,-3.11,37.14
1450,264921968,-991.21,117.68,83.98,-1.28,-0.37,-2.74,37.28
1451,264927762,-992.19,118.65,82.03,-1.22,-0.79,-1.71,37.28
1452,264931811,-982.42,117.19,82.03,-1.10,-0.37,-1.16,37.28
1453,264935861,-984.86,123.54,86.91,-1.28,-0.55,-0.85,36.94
1454,264939918,-990.23,130.37,85.94,-1.34,-0.61,-0.98,37.18
1455,264943968,-989.75,128.91,81.05,-1.28,-0.30,-1.16,37.18
1456,264949762,-993.16,131.35,83.01,-1.28,-0.43,-0.85,36.94
1457,264953811,-1000.98,139.65,83.50,-1.46,-0.12,-1.16,36.94
1458,264957861,-995.12,142.09,83.50,-1.71,-0.18,-1.59,37.37
1459,264961918,-992.19,142.09,96.68,-1.65,-0.12,-2.01,37.37
1460,264965968,-988.77,147.46,89.84,-1.65,-0.24,-2.50,36.94
1461,264971762,-993.65,140.62,93.26,-1.71,0.12,-3.41,37.28
1462,264975811,-1000.98,148.93,102.05,-2.07,0.06,-3.66,36.80
1463,264979861,-992.68,130.37,84.96,-2.32,-0.12,-4.33,37.04
1464,264983918,-1017.09,126.46,31.25,-1.65,0.18,-4.33,36.99
1465,264987968,-1005.86,126.95,75.68,-1.77,-1.16,-4.27,36.85
1466,264993762,-1000.49,116.21,86.43,-2.07,-0.98,-3.78,37.14
1467,264997811,-1002.44,118.65,83.50,-2.13,-0.73,-3.23,36.99
1468,265001861,-990.72,119.63,72.75,-1.89,-0.98,-3.11,37.28
1469,265005918,-996.09,116.70,78.61,-1.89,-1.10,-2.56,37.28
1470,265011762,-994.63,120.12,83.01,-1.83,-0.91,-2.44,37.14
1471,265015811,-996.09,119.63,78.61,-2.01,-0.79,-1.95,37.14
1472,265019861,-991.70,130.37,80.57,-1.83,-1.22,-1.71,36.85
1473,265023918,-995.12,143.55,81.05,-2.38,-1.10,-2.01,37.28
1474,265027968,-987.30,141.60,88.87,-2.38,-0.85,-2.68,37.14
1475,265033762,-983.40,141.11,89.36,-2.38,-0.79,-3.23,37.28
1476,265037811,-987.79,130.37,95.21,-2.68,-0.43,-3.84,37.18
1477,265041861,-991.70,133.30,86.91,-2.56,-0.37,-4.02,37.14
1478,265045918,-989.26,125.49,91.80,-2.93,-0.55,-4.27,37.14
1479,265049967,-989.75,113.28,87.40,-2.62,-0.73,-3.90,37.18
1480,265055762,-997.07,109.86,88.87,-2.50,-0.49,-3.90,37.14
1481,265059811,-1000.98,100.59,83.50,-2.32,-0.49,-3.11,37.04
1482,265063861,-997.56,102.54,84.47,-2.13,-0.67,-2.62,36.94
1483,265067918,-1006.35,102.05,79.59,-2.07,-0.55,-1.95,37.28
1484,265071968,-1008.79,103.52,76.66,-2.07,-0.49,-1.65,37.28
1485,265077762,-1007.32,107.42,81.05,-1.59,-0.67,-0.79,37.28
1486,265081811,-994.63,109.86,86.43,-1.77,-1.10,0.06,37.47
1487,265085861,-995.12,119.63,85.45,-1.95,-1.22,0.37,37.28
1488,265089918,-997.56,130.37,82.03,-1.89,-1.10,0.12,37.14
1489,265093968,-998.05,131.35,77.64,-1.71,-0.91,-0.12,37.28
1490,265099762,-991.21,121.09,85.45,-1.89,-1.28,-0.55,37.28
1491,265103811,-987.30,112.30,91.80,-2.20,-0.98,-0.55,37.04
1492,265107861,-984.86,110.84,90.82,-2.07,-0.91,-0.43,36.94
1493,265111918,-980.96,115.72,90.33,-1.71,-0.98,-0.43,36.99
1494,265115968,-984.37,123.54,98.63,-1.59,-0.61,-0.61,36.99
1495,265121762,-988.28,128.91,93.75,-1.52,-0.24,-0.55,37.18
1496,265125811,-990.72,140.14,89.84,-1.65,-0.12,-1.16,37.28
1497,265129861,-997.56,151.37,89.84,-1.65,-0.24,-1.59,36.99
1498,265133918,-1000.00,145.02,85.45,-1.71,-0.37,-2.44,36.99
1499,265137968,-1006.35,137.21,86.91,-1.95,-0.24,-2.80,37.28
1500,265143762,-1006.35,134.77,76.66,-2.38,-0.37,-2.87,37.14
1501,265147811,-1004.88,129.39,80.57,-2.68,-0.73,-2.74,37.14
1502,265151861,-996.09,115.72,79.59,-2.56,-0.85,-2.87,37.47
1503,265155918,-988.28,111.82,81.54,-2.62,-0.79,-2.38,37.28
1504,265159968,-987.30,108.89,81.05,-2.44,-1.04,-1.71,37.28
1505,265165762,-990.72,117.68,83.98,-2.38,-1.22,-1.59,36.94
1506,265169811,-990.72,130.37,82.03,-2.26,-1.04,-1.71,36.85
1507,265173861,-991.21,131.84,85.94,-2.01,-1.16,-1.89,37.33
1508,265177918,-988.77,131.84,86.43,-2.07,-1.22,-1.71,36.94
1509,265181968,-992.19,133.30,88.38,-2.38,-0.91,-2.38,36.80
1510,265187762,-995.12,132.81,88.87,-2.20,-0.85,-2.74,37.04
1511,265191811,-988.77,118.16,89.84,-2.32,-0.85,-2.74,37.18
1512,265195861,-987.30,113.77,93.75,-2.07,-1.04,-3.05,37.18
1513,265199918,-986.33,102.05,95.21,-2.01,-0.61,-2.80,37.28
1514,265203968,-990.72,101.56,82.52,-2.01,-0.18,-2.80,37.14
1515,265209762,-994.14,103.52,86.43,-2.01,-0.18,-2.32,36.94
1516,265213811,-999.51,102.05,93.26,-1.77,-0.24,-2.13,37.14
1517,265217861,-1005.86,116.70,91.31,-1.77,-0.18,-2.13,37.18
1518,265221918,-1002.44,125.49,79.59,-1.77,-0.79,-2.07,37.28
1519,265227762,-1002.93,138.18,81.05,-2.13,-0.55,-2.13,37.14
1520,265231811,-997.07,130.86,85.45,-2.44,-0.98,-2.87,37.28
1521,265235861,-1003.91,130.86,84.96,-2.62,-0.98,-3.48,37.28
1522,265239918,-1013.67,140.14,77.15,-2.74,-1.10,-3.54,37.28
1523,265243968,-1006.35,141.60,84.47,-3.05,-1.28,-4.09,37.18
1524,265249762,-1001.46,134.28,90.82,-3.41,-1.16,-4.57,37.18
1525,265253811,-989.75,112.30,82.03,-3.41,-1.04,-4.70,37.37
1526,265257861,-989.26,103.03,83.98,-3.54,-1.28,-4.21,37.18
1527,265261918,-992.19,89.84,90.33,-3.29,-1.10,-3.29,37.04
1528,265265968,-989.75,96.19,92.77,-3.05,-1.16,-2.32,37.18
1529,265271762,-1001.46,83.50,90.82,-2.80,-1.28,-1.04,37.33
1530,265275811,-992.19,94.24,81.05,-2.26,-0.73,6.71,36.94
1531,265279861,-986.33,181.15,88.87,-3.11,-0.98,10.06,37.28
1532,265283918,-1000.98,226.56,86.43,-3.78,-0.91,7.13,37.14
1533,265287968,-1010.25,217.29,72.75,-3.96,-1.34,-0.73,37.18
1534,265293762,-1025.39,148.93,72.75,-4.57,-1.71,-8.54,37.52
1535,265297811,-1006.35,13.67,80.57,-4.02,-1.46,-6.59,36.94
1536,265301861,-995.12,56.15,75.68,-3.90,-1.89,-2.93,37.04
1537,265305918,-1001.95,106.93,67.87,-3.96,-2.13,-0.12,36.85
1538,265309968,-996.09,132.81,72.27,-4.02,-2.32,0.43,37.33
1539,265315762,-986.82,143.07,89.84,-4.21,-2.44,-0.98,37.28
1540,265319811,-994.14,70.80,110.35,-3.48,-2.32,-2.13,37.18
1541,265323861,-992.68,46.39,84.96,-1.46,-1.59,1.83,37.28
1542,265327918,-984.86,127.93,75.68,-1.77,-2.20,4.21,36.94
1543,265331968,-979.49,147.46,70.80,-2.56,-2.13,2.87,37.28
1544,265337762,-974.12,122.07,91.31,-2.99,-2.07,-0.37,37.14
1545,265341811,-971.68,91.31,97.66,-2.32,-1.40,-1.04,37.14
1546,265345861,-981.93,98.63,104.49,-2.07,-1.34,-1.16,37.14
1547,265349918,-990.23,111.82,93.26,-1.77,-0.91,-1.10,37.28
1548,265353968,-1001.46,124.51,89.84,-1.59,-0.73,-1.40,37.04
1549,265359762,-1004.39,126.95,84.96,-1.95,-0.73,-1.77,37.18
1550,265363811,-995.61,121.58,90.33,-1.83,-0.61,-2.01,36.99
1551,265367861,-992.19,120.12,94.24,-2.01,-0.49,-2.44,37.28
1552,265371918,-996.09,123.05,92.77,-2.50,-0.55,-2.68,37.18
1553,265375968,-1010.25,132.32,84.96,-2.38,-0.85,-3.23,36.99
1554,265381762,-1014.16,131.35,80.57,-2.87,-0.85,-3.84,37.04
1555,265385811,-1013.67,129.39,78.12,-2.93,-1.28,-3.60,36.99
1556,265389861,-1003.91,115.23,83.98,-3.29,-1.59,-3.90,37.28
1557,265393918,-1007.32,110.35,87.89,-3.35,-1.77,-3.54,37.14
1558,265397968,-994.63,97.66,87.89,-3.48,-1.77,-2.80,36.94
1559,265403762,-992.68,93.75,90.33,-3.35,-1.89,-1.83,37.18
1560,265407811,-995.12,45.41,108.89,-3.17,-1.65,0.06,37.04
1561,265411861,-1002.93,68.36,87.40,-1.10,-0.73,5.24,36.99
1562,265415918,-993.65,146.48,90.33,-1.46,-1.52,7.13,37.52
1563,265419968,-982.91,185.06,83.98,-2.32,-1.16,4.27,36.94
1564,265425762,-992.68,172.85,85.94,-3.29,-1.40,-0.79,37.04
1565,265429811,-987.79,101.56,114.26,-2.87,-1.40,-3.29,37.18
1566,265433861,-997.56,91.80,79.59,-2.44,-0.91,-3.23,37.28
1567,265437918,-992.68,92.29,87.40,-2.32,-1.28,-2.44,36.94
1568,265443762,-989.26,90.82,88.38,-2.01,-1.22,-1.52,37.18
1569,265447811,-986.82,94.24,95.21,-1.77,-0.91,-1.10,37.18
1570,265451861,-991.21,99.61,86.43,-1.34,-1.04,-1.22,37.18
1571,265455918,-992.19,98.63,96.68,-1.34,-0.85,-0.98,37.14
1572,265459968,-987.79,103.03,102.05,-1.22,-0.79,-0.43,37.04
1573,265465762,-986.82,112.79,97.66,-1.28,-0.79,-0.06,37.18
1574,265469811,-987.79,115.72,96.19,-1.16,-0.43,-0.43,37.18
1575,265473861,-992.68,115.23,92.77,-1.22,-0.49,-0.49,37.04
1576,265477918,-1000.00,111.82,97.66,-1.40,-0.37,-0.73,37.28
1577,265481968,-1002.93,119.63,93.75,-1.59,-0.49,-0.79,37.18
1578,265487762,-999.02,110.35,90.82,-1.46,-0.43,-1.34,37.47
1579,265491811,-996.09,113.77,93.26,-1.52,-0.12,-1.34,37.04
1580,265495861,-989.26,110.84,94.24,-1.65,-0.37,-1.28,37.33
1581,265499918,-985.84,110.84,96.19,-1.16,-0.43,-1.10,36.94
1582,265503968,-987.30,105.47,98.14,-1.22,-0.30,-1.22,37.28
1583,265509762,-993.65,113.28,99.61,-1.40,-0.06,-1.10,37.04
1584,265513811,-989.26,112.79,90.82,-1.40,-0.43,-0.61,37.04
1585,265517861,-987.30,114.75,94.24,-1.40,-0.30,-0.67,36.94
1586,265521918,-994.63,104.98,95.21,-1.46,-0.30,-0.61,37.14
1587,265525968,-998.05,86.43,100.59,-1.16,-0.18,0.24,37.18
1588,265531762,-984.37,47.36,94.24,0.49,0.24,5.00,37.28
1589,265535811,-999.51,164.06,71.29,0.00,-0.30,6.34,37.14
1590,265539861,-996.09,194.82,66.41,-1.46,-0.30,3.23,37.28
1591,265543918,-996.09,85.94,91.80,-1.59,-0.49,-0.67,36.99
1592,265547968,-994.63,87.40,91.80,-1.52,-0.12,-0.37,37.28
1593,265553762,-998.05,82.03,93.26,-1.52,-0.30,0.61,37.28
1594,265557811,-1000.98,86.91,83.98,-1.04,0.00,1.89,37.18
1595,265561861,-1006.35,104.98,83.01,-1.04,-0.30,2.38,37.18
1596,265565918,-1008.79,118.16,81.54,-0.85,-0.49,1.83,37.28
1597,265569968,-1002.93,120.12,86.43,-0.79,-0.55,1.59,37.18
1598,265575762,-1001.95,125.98,90.82,-0.98,-0.49,1.16,37.28
1599,265579811,-1000.00,128.91,89.84,-1.10,-0.61,1.04,36.94
1600,265583861,-992.68,132.32,85.94,-1.28,-0.49,0.43,37.18
1601,265587918,-998.05,122.56,88.38,-1.28,-0.61,-0.06,36.94
1602,265591968,-1001.46,119.63,88.87,-1.46,-0.67,-0.55,37.18
1603,265597762,-996.58,117.68,88.87,-1.40,-0.79,-0.55,36.94
1604,265601811,-996.09,113.77,83.98,-1.71,-0.79,-0.43,36.99
1605,265605861,-990.72,106.45,89.36,-1.65,-0.79,-0.24,37.28
1606,265609918,-991.70,104.00,87.89,-1.71,-0.79,0.00,37.18
1607,265613968,-987.79,91.80,96.19,-1.83,-0.73,0.91,36.94
1608,265619762,-986.33,83.98,102.05,-1.10,-0.37,2.01,36.99
1609,265623811,-987.30,0.49,143.07,-0.24,-0.49,5.12,36.94
1610,265627861,-991.70,108.89,86.43,0.24,0.12,8.48,36.94
1611,265631918,-991.70,166.50,72.75,-0.24,-0.18,7.80,37.04
1612,265635968,-1006.35,174.80,57.62,-1.34,-0.37,3.29,36.80
1613,265641762,-1004.88,83.98,83.98,-1.04,-0.18,1.04,36.85
1614,265645811,-1006.35,97.66,87.40,-0.91,-0.79,1.77,37.28
1615,265649861,-999.51,100.10,83.50,-0.85,-0.85,2.44,37.33
1616,265653918,-991.21,109.86,85.45,-0.91,-0.79,3.17,37.18
1617,265659762,-990.23,112.30,87.40,-0.91,-0.67,3.17,37.18
1618,265663811,-988.28,100.59,80.08,-1.10,-0.67,3.23,37.18
1619,265667861,-987.30,104.00,79.10,-0.85,-0.37,3.35,37.18
1620,265671918,-983.40,108.40,81.54,-1.04,-0.49,3.48,37.18
1621,265675968,-986.33,113.77,80.57,-0.85,-0.67,3.35,37.18
1622,265681762,-993.16,116.70,80.08,-0.91,-0.73,3.41,36.85
1623,265685811,-1005.86,133.79,85.45,-1.04,-0.79,2.93,37.14
1624,265689861,-1007.32,123.54,75.20,-1.22,-0.61,2.13,37.28
1625,265693918,-1007.81,125.00,81.05,-1.10,-0.55,2.07,37.28
1626,265697968,-1002.93,117.19,89.36,-1.28,-0.85,1.52,37.18
1627,265703762,-1000.98,108.89,89.36,-1.59,-0.61,1.52,37.18
1628,265707811,-1000.98,112.30,84.47,-1.10,-0.73,1.83,36.99
1629,265711861,-993.16,111.82,89.36,-1.10,-0.55,1.89,37.04
1630,265715918,-992.19,119.63,97.66,-0.98,-0.85,1.40,37.14
1631,265719968,-995.12,119.63,97.66,-1.22,-0.67,1.40,37.28
1632,265725762,-993.65,119.63,94.24,-1.34,-0.85,0.91,37.33
1633,265729811,-1005.37,116.70,91.31,-1.22,-0.61,0.61,37.18
1634,265733861,-1006.35,112.79,89.84,-1.22,-0.67,0.55,37.04
1635,265737918,-1005.37,117.68,84.96,-1.28,-1.16,1.04,36.94
1636,265741968,-998.05,120.12,94.24,-1.28,-1.34,1.16,37.18
1637,265747762,-991.21,122.56,94.73,-1.40,-1.28,1.22,37.14
1638,265751811,-987.79,124.51,95.70,-1.77,-1.16,1.04,37.18
1639,265755861,-996.58,127.44,95.21,-1.71,-1.16,0.85,36.94
1640,265759918,-998.54,125.00,87.40,-1.77,-1.10,1.10,36.94
1641,265763968,-1002.44,121.09,87.89,-2.01,-1.28,0.91,37.04
1642,265769762,-1000.98,117.68,87.40,-1.95,-1.16,0.91,37.28
1643,265773811,-998.54,117.68,89.36,-2.07,-0.85,1.04,37.14
1644,265777861,-991.21,123.05,89.84,-1.46,-0.91,1.22,37.28
1645,265781918,-981.45,117.68,91.31,-1.65,-0.61,0.67,36.94
1646,265785968,-984.86,117.68,89.36,-1.52,-0.55,0.24,37.28
1647,265791762,-983.89,116.21,87.89,-1.16,-0.24,0.18,37.28
1648,265795811,-981.45,117.68,90.33,-1.04,-0.06,0.18,37.18
1649,265799861,-984.37,128.42,98.63,-1.04,-0.12,0.00,37.04
1650,265803918,-993.16,128.42,90.82,-0.73,0.00,-0.43,37.14
1651,265807968,-996.09,127.44,90.33,-0.61,0.00,-0.91,36.94
1652,265813762,-1003.42,122.07,87.89,-0.73,-0.12,-1.40,36.94
1653,265817811,-1016.60,130.37,82.52,-1.04,-0.49,-1.59,37.14
1654,265821861,-1014.16,128.42,77.64,-1.46,-0.55,-1.52,36.99
1655,265825918,-1015.14,122.07,84.47,-1.40,-0.85,-2.32,37.28
1656,265829968,-1001.46,108.89,87.89,-1.52,-0.85,-1.89,36.85
1657,265835762,-991.70,104.00,88.87,-1.71,-0.73,-1.83,36.94
1658,265839811,-993.16,102.54,92.77,-1.65,-0.49,-1.16,36.85
1659,265843861,-994.14,104.98,88.87,-1.65,-0.55,-1.04,36.99
1660,265847918,-999.51,114.26,88.87,-1.34,-0.85,-1.16,37.28
1661,265851968,-1008.30,117.19,83.01,-1.46,-0.85,-1.10,36.99
1662,265857762,-1005.37,123.54,81.54,-1.40,-0.91,-1.16,37.28
1663,265861811,-994.63,121.09,91.80,-1.40,-1.10,-1.34,37.28
1664,265865861,-976.56,124.51,95.70,-1.46,-1.10,-1.10,37.14
1665,265869918,-970.21,125.49,101.07,-1.83,-1.04,-0.98,37.14
1666,265875762,-967.77,121.58,100.59,-1.89,-0.67,-1.59,37.14
1667,265879811,-978.52,115.23,99.12,-1.65,-0.73,-1.89,37.04
1668,265883861,-987.30,120.12,93.75,-1.65,-0.12,-2.56,37.18
1669,265887918,-1007.32,116.70,89.84,-1.77,-0.43,-2.80,37.18
1670,265891968,-1011.72,111.33,86.91,-1.77,-0.55,-3.35,37.37
1671,265897762,-1015.14,100.10,77.64,-1.59,-0.55,-3.41,37.18
1672,265901811,-1015.62,94.24,68.36,-1.77,-1.10,-2.68,37.33
1673,265905861,-1007.32,99.12,76.66,-1.46,-1.34,-1.59,37.04
1674,265909918,-1000.98,107.91,79.59,-1.22,-1.16,-1.10,37.18
1675,265913968,-997.56,111.82,82.52,-1.28,-1.22,-1.04,37.18
1676,265919762,-997.07,120.12,82.52,-1.46,-1.34,-1.04,37.33
1677,265923811,-1000.49,127.93,79.59,-1.59,-1.28,-1.16,37.28
1678,265927861,-997.56,134.77,84.47,-1.65,-1.34,-1.46,37.37
1679,265931918,-994.63,130.37,95.21,-1.95,-1.28,-1.89,37.04
1680,265935968,-976.56,125.49,104.98,-1.89,-1.22,-1.89,37.18
1681,265941762,-966.80,115.23,108.89,-1.95,-0.91,-2.07,36.99
1682,265945811,-963.87,113.77,114.26,-2.26,-0.67,-1.71,37.37
1683,265949861,-974.61,111.82,110.84,-1.77,-0.30,-2.07,37.28
1684,265953918,-983.89,122.56,98.14,-1.95,-0.24,-2.44,36.94
1685,265957968,-989.75,113.77,92.77,-2.26,-0.24,-2.93,37.18
1686,265963762,-998.54,112.30,94.24,-2.01,-0.30,-3.54,37.28
1687,265967811,-1014.16,107.42,85.45,-2.38,-0.24,-3.48,37.18
1688,265971861,-1019.53,108.40,76.66,-2.26,-0.49,-3.23,37.18
1689,265975918,-1010.74,101.07,84.47,-2.38,-0.91,-2.99,37.14
1690,265979968,-995.12,102.05,87.89,-2.26,-1.22,-2.74,37.52
1691,265985762,-991.70,91.80,87.89,-2.32,-1.28,-2.50,36.94
1692,265989811,-991.70,85.45,82.52,-2.01,-1.10,-1.77,36.99
1693,265993861,-986.33,80.08,84.96,-1.59,-1.28,-0.98,37.18
1694,265997918,-988.77,84.96,83.98,-1.46,-1.40,-0.55,37.18
1695,266001968,-993.16,86.43,81.05,-1.04,-1.16,0.24,37.18
1696,266007762,-1002.44,104.98,84.47,-0.85,-1.46,0.24,37.37
1697,266011811,-994.14,106.45,92.29,-0.91,-1.16,0.24,36.99
1698,266015861,-990.72,116.21,97.66,-0.85,-1.22,-0.06,37.28
1699,266019918,-996.58,123.05,92.77,-0.98,-1.04,-0.43,37.28
1700,266023968,-999.51,133.30,85.94,-0.98,-1.10,-1.04,37.18
1701,266029762,-997.56,125.00,88.38,-1.28,-1.10,-2.20,36.94
1702,266033811,-994.14,125.49,91.80,-1.16,-1.04,-2.56,37.28
1703,266037861,-993.16,123.05,94.24,-1.59,-0.85,-2.80,37.18
1704,266041918,-994.63,129.88,93.75,-1.46,-0.85,-3.11,37.18
1705,266045968,-994.63,131.84,90.33,-1.71,-1.22,-3.48,36.99
1706,266051762,-998.54,124.51,90.33,-2.07,-1.10,-4.15,36.94
1707,266055811,-995.61,108.89,87.89,-2.13,-1.10,-3.84,36.80
1708,266059861,-991.21,89.36,97.66,-2.07,-1.10,-3.35,36.75
1709,266063918,-986.82,28.81,129.39,-1.59,-1.34,-1.28,37.14
1710,266067968,-982.91,64.45,87.40,-0.43,-1.10,3.29,36.94
1711,266073762,-990.72,146.00,61.52,-1.16,-0.73,2.99,37.14
1712,266077811,-999.02,100.10,82.52,-1.65,-0.67,-1.22,37.18
1713,266081861,-997.07,54.20,100.10,-1.40,-0.55,-0.98,37.18
1714,266085918,-1005.86,85.45,97.66,-1.40,-0.79,-0.12,37.37
1715,266091762,-1009.28,85.45,88.87,-1.10,-0.73,1.04,37.18
1716,266095811,-1008.79,111.82,85.94,-1.22,-0.79,1.34,37.18
1717,266099861,-1002.44,121.58,82.52,-1.46,-0.98,0.98,37.18
1718,266103918,-998.05,128.42,92.29,-1.40,-0.85,0.85,37.14
1719,266107968,-992.68,135.74,98.14,-1.59,-1.46,-0.12,37.28
1720,266113762,-994.14,132.32,95.21,-2.20,-1.04,-0.85,37.28
1721,266117811,-997.56,117.68,88.38,-2.56,-1.10,-1.59,37.04
1722,266121861,-1003.42,117.19,82.52,-2.68,-1.28,-1.83,37.14
1723,266125918,-1004.39,99.61,84.96,-2.74,-0.98,-2.01,37.14
1724,266129968,-1002.44,98.63,84.47,-2.56,-1.10,-2.07,37.28
1725,266135762,-1005.37,96.68,82.03,-2.38,-0.91,-1.95,37.28
1726,266139811,-994.14,93.75,89.36,-2.13,-1.10,-1.83,37.04
1727,266143861,-994.14,97.66,84.96,-1.77,-0.98,-1.52,37.18
1728,266147918,-991.70,93.26,91.80,-1.83,-1.16,-0.98,37.28
1729,266151968,-989.26,94.24,92.77,-1.40,-1.10,-1.10,36.94
1730,266157762,-991.21,95.21,99.12,-1.34,-1.10,-0.55,37.14
1731,266161811,-997.07,116.70,91.80,-1.52,-1.10,-0.61,37.33
1732,266165861,-1004.39,125.49,92.29,-1.52,-1.28,-1.16,37.18
1733,266169918,-1010.25,121.58,92.29,-1.52,-1.46,-1.46,36.99
1734,266173968,-1010.25,120.61,91.80,-1.71,-1.34,-1.89,37.14
1735,266179762,-1002.44,105.96,100.59,-2.13,-1.59,-1.89,37.28
1736,266183811,-993.16,102.05,95.21,-2.13,-1.46,-1.95,37.18
1737,266187861,-991.70,105.96,99.61,-2.01,-1.59,-1.71,37.18
1738,266191918,-993.65,114.26,91.80,-2.20,-1.46,-1.59,36.94
1739,266195968,-994.63,113.28,97.17,-2.20,-1.46,-1.46,36.99
1740,266201762,-994.63,111.33,99.12,-2.50,-1.40,-1.46,37.18
1741,266205811,-995.61,128.42,101.56,-2.50,-1.04,-1.95,36.94
1742,266209861,-995.61,126.95,99.12,-2.62,-1.28,-2.56,37.18
1743,266213918,-992.68,111.82,103.03,-2.87,-1.34,-3.29,37.28
1744,266217968,-986.33,97.66,104.00,-2.80,-1.16,-2.74,37.14
1745,266223762,-980.47,6.35,128.91,-2.32,-1.40,-1.04,37.18
1746,266227811,-981.45,100.10,73.24,-2.01,-0.98,2.20,36.99
1747,266231861,-996.09,144.53,65.43,-2.56,-1.04,1.10,37.18
1748,266235918,-993.65,105.47,80.08,-2.74,-1.28,-2.07,37.04
1749,266239968,-994.14,64.45,94.24,-2.50,-0.98,-2.26,37.14
1750,266245762,-1004.39,86.91,98.14,-2.38,-0.98,-1.22,36.85
1751,266249811,-1006.84,95.70,87.40,-2.13,-0.73,-1.22,36.75
1752,266253861,-1000.49,104.98,89.36,-2.13,-0.55,-1.52,37.18
1753,266257918,-998.05,108.89,91.31,-1.89,-0.91,-1.95,36.99
1754,266261968,-997.07,102.54,92.29,-2.20,-0.98,-2.38,36.80
1755,266267762,-996.09,100.10,96.19,-1.83,-0.98,-1.83,36.94
1756,266271811,-994.14,104.00,93.75,-1.95,-0.91,-1.83,37.18
1757,266275861,-1000.49,101.56,99.61,-1.95,-0.85,-1.95,37.18
1758,266279918,-992.68,105.96,98.63,-1.77,-1.10,-2.38,37.18
1759,266283968,-989.26,108.89,104.98,-1.71,-0.85,-2.56,36.85
1760,266289762,-982.42,109.37,104.98,-1.83,-1.04,-2.87,37.28
1761,266293811,-993.65,110.35,98.63,-1.71,-0.67,-2.93,37.14
1762,266297861,-996.58,109.86,95.70,-1.59,-0.61,-3.17,37.18
1763,266301918,-1000.00,103.03,94.24,-1.65,-0.61,-3.23,37.28
1764,266307762,-1000.49,95.70,94.24,-1.83,-0.67,-3.05,37.37
1765,266311811,-1000.98,36.62,108.89,-1.71,-0.91,-1.77,36.85
1766,266315861,-999.02,80.08,85.45,-0.91,-0.85,1.59,37.18
1767,266319918,-994.14,130.86,70.31,-1.52,-1.04,1.83,37.14
1768,266323968,-993.65,139.65,75.20,-1.95,-1.10,-0.24,37.28
1769,266329762,-988.28,86.43,94.24,-2.07,-1.16,-2.20,37.18
1770,266333811,-989.75,76.66,100.10,-1.40,-0.98,-1.59,37.18
1771,266337861,-991.70,79.10,96.68,-1.46,-0.91,-0.91,37.04
1772,266341918,-996.58,99.12,96.68,-1.22,-0.85,-0.85,37.18
1773,266345968,-1004.88,107.91,93.26,-1.16,-0.79,-0.73,37.14
1774,266351762,-998.05,106.93,103.03,-1.28,-0.73,-1.52,37.18
1775,266355811,-995.61,100.10,104.00,-1.10,-0.49,-2.13,37.18
1776,266359861,-997.07,102.54,98.63,-0.91,-0.37,-2.26,37.28
1777,266363918,-996.58,97.66,95.70,-0.98,-0.43,-2.32,36.99
1778,266367968,-994.14,96.19,93.26,-0.91,-0.79,-2.38,37.28
1779,266373762,-992.19,91.31,101.07,-0.55,-0.67,-2.38,37.18
1780,266377811,-1001.46,90.82,93.75,-0.43,-0.55,-2.56,37.18
1781,266381861,-1004.88,102.05,88.87,-0.43,-0.43,-2.56,37.33
1782,266385918,-1016.11,101.07,80.57,-0.49,-0.67,-2.44,37.04
1783,266389968,-1014.65,107.42,83.98,-0.43,-0.85,-2.80,37.18
1784,266395762,-1004.39,107.91,85.94,-0.85,-0.91,-2.74,37.28
1785,266399811,-991.70,102.54,91.31,-1.10,-1.22,-2.56,37.18
1786,266403861,-993.65,98.14,91.31,-1.34,-1.04,-2.13,37.33
1787,266407918,-1001.46,64.45,118.65,-1.46,-1.16,-2.07,37.28
1788,266411968,-994.63,56.15,116.21,-0.37,-0.55,0.85,37.52
1789,266417762,-1003.42,126.95,85.94,-0.67,-0.37,2.26,37.28
1790,266421811,-1008.79,158.20,74.22,-1.95,-0.43,-0.49,37.14
1791,266425861,-1001.95,110.84,87.40,-2.38,-0.67,-3.17,37.18
1792,266429918,-996.09,81.05,97.66,-2.26,-0.73,-3.60,36.94
1793,266433968,-993.65,79.10,91.31,-2.13,-1.22,-3.54,36.99
1794,266439762,-993.16,74.71,89.84,-1.77,-1.04,-2.68,36.80
1795,266443811,-989.26,84.47,85.94,-2.01,-1.10,-2.07,37.18
1796,266447861,-995.61,93.26,92.29,-1.59,-0.98,-1.95,37.04
1797,266451918,-996.09,91.80,92.77,-1.65,-0.98,-1.89,37.18
1798,266455968,-1008.79,100.10,88.38,-1.83,-1.04,-1.77,36.99
1799,266461762,-999.02,98.14,92.77,-1.77,-0.91,-2.07,36.99
1800,266465811,-1001.46,89.36,84.47,-2.20,-0.91,-1.71,37.33
1801,266469861,-998.54,77.15,85.94,-2.20,-0.85,-1.77,37.33
1802,266473918,-1003.42,71.29,88.38,-2.01,-0.85,-0.98,37.04
1803,266477968,-996.09,69.82,90.33,-1.95,-0.98,-0.43,36.94
1804,266483762,-1004.88,70.31,97.17,-1.71,-0.91,0.24,36.99
1805,266487811,-997.07,76.66,90.33,-1.83,-1.22,0.98,37.14
1806,266491861,-997.07,84.47,91.31,-1.59,-1.22,1.34,37.04
1807,266495918,-1000.49,90.82,94.73,-1.46,-1.34,1.10,36.99
1808,266501762,-997.56,100.10,97.17,-1.52,-1.10,0.73,37.18
1809,266505811,-1003.42,103.52,92.29,-2.01,-1.16,0.12,37.28
1810,266509861,-1005.37,99.61,91.31,-2.01,-1.46,0.00,37.18
1811,266513918,-1006.35,101.07,87.40,-2.26,-1.52,-0.43,37.28
1812,266517968,-1008.30,99.61,84.96,-2.32,-1.59,-0.49,37.04
1813,266522017,-1004.39,100.59,82.52,-2.68,-1.71,-0.24,36.99
1814,266527762,-999.51,101.07,89.36,-2.56,-1.83,-0.24,37.18
1815,266531811,-994.63,106.93,89.84,-2.87,-1.71,-0.06,36.94
1816,266535861,-993.16,98.63,91.31,-2.87,-1.83,-0.12,37.04
1817,266539918,-984.86,93.26,91.31,-3.29,-1.46,0.73,37.18
1818,266545762,-984.37,116.70,99.61,-3.48,-1.22,1.16,37.37
1819,266549811,-993.65,92.77,96.68,-2.74,-0.30,3.84,37.52
1820,266553861,-993.65,130.37,90.33,-3.23,-1.10,4.02,37.14
1821,266557918,-989.75,128.42,92.77,-3.60,-0.91,2.62,37.04
1822,266561968,-997.56,98.63,91.31,-3.78,-0.61,0.06,36.99
1823,266567762,-1005.86,75.68,89.36,-3.66,-0.98,-1.22,37.28
1824,266571811,-1007.32,62.99,87.89,-3.72,-1.34,-0.49,37.28
1825,266575861,-1009.28,80.57,88.87,-3.48,-1.10,0.18,37.14
1826,266579918,-1003.42,92.77,96.19,-3.23,-1.34,1.34,37.04
1827,266583968,-991.70,73.24,88.38,-2.93,-0.91,2.80,37.18
1828,266589762,-989.26,107.91,117.19,-2.44,-1.22,3.05,37.28
1829,266593811,-984.86,107.91,110.35,-2.80,-1.40,3.05,37.14
1830,266597861,-979.49,104.98,100.59,-2.68,-1.34,2.56,37.18
1831,266601918,-989.75,129.39,101.56,-3.11,-0.98,1.83,36.94
1832,266605968,-1001.46,127.93,92.29,-3.17,-1.16,0.00,37.28
1833,266611762,-1000.00,110.35,97.66,-3.35,-1.65,-1.40,37.28
1834,266615811,-983.40,88.38,100.59,-3.17,-1.34,-2.01,37.18
1835,266619861,-990.23,84.96,93.26,-3.35,-1.16,-1.95,37.14
1836,266623918,-993.16,101.56,88.38,-3.54,-0.61,-1.95,37.18
1837,266627968,-995.12,102.54,89.84,-3.96,-0.67,-2.32,37.14
1838,266633762,-1000.98,98.14,90.82,-4.15,-0.61,-3.29,36.99
1839,266637811,-981.93,69.82,86.91,-4.27,-0.30,-2.01,37.14
1840,266641861,-987.30,78.61,93.26,-4.27,0.24,-0.61,37.14
1841,266645918,-982.91,95.21,98.14,-4.09,0.24,0.49,37.18
1842,266649968,-984.86,99.61,107.42,-4.27,0.18,0.43,37.18
1843,266655762,-984.37,96.68,102.54,-4.21,0.30,0.12,37.04
1844,266659811,-976.56,98.63,101.07,-4.45,0.43,0.85,36.94
1845,266663861,-991.21,88.87,93.26,-5.12,0.85,2.68,37.37
1846,266667918,-1009.77,86.91,96.68,-4.88,0.30,6.04,37.28
1847,266671968,-1014.16,121.58,115.23,-4.82,0.00,6.46,36.94
1848,266677762,-1014.16,157.23,117.19,-4.27,-0.12,3.17,36.75
1849,266681811,-1007.32,156.74,101.56,-4.51,0.06,-2.87,37.18
1850,266685861,-1007.81,126.46,90.82,-4.94,-0.55,-6.04,37.28
1851,266689918,-1002.93,81.54,89.84,-5.98,-1.16,-7.74,36.80
1852,266693968,-1004.39,46.39,87.40,-5.30,-1.04,-6.28,37.14
1853,266699762,-1010.25,64.94,87.89,-5.55,-1.22,-4.21,37.04
1854,266703811,-1003.42,49.32,100.59,-4.76,-1.77,-2.38,36.94
1855,266707861,-998.54,96.68,80.08,-4.39,-1.16,-1.28,37.14
1856,266711918,-997.07,120.12,85.94,-4.15,-1.22,-1.59,37.14
1857,266717762,-987.30,112.79,80.08,-4.51,-1.04,-2.80,37.18
1858,266721811,-978.03,83.50,82.52,-4.51,-0.79,-2.32,37.18
1859,266725861,-972.66,77.64,97.66,-4.63,-0.67,-1.16,36.85
1860,266729918,-973.63,93.75,103.03,-4.39,-0.49,0.24,36.94
1861,266733968,-976.07,105.47,102.54,-4.70,-0.18,1.83,37.28
1862,266738017,-975.10,146.00,96.19,-5.67,0.30,4.21,36.94
1863,266743762,-981.93,164.55,85.45,-7.93,0.73,9.88,37.14
1864,266747811,-989.26,210.45,97.17,-11.28,0.91,19.63,37.18
1865,266751861,-988.28,298.83,132.32,-12.80,1.59,23.60,37.14
1866,266755918,-986.33,330.08,134.77,-14.21,2.50,23.17,37.28
1867,266761762,-987.79,260.25,144.04,-14.88,2.50,19.33,37.28
1868,266765811,-991.70,132.81,119.14,-14.57,2.62,13.96,36.99
1869,266769861,-981.93,69.34,129.88,-15.67,2.56,12.01,36.94
1870,266773918,-1000.00,40.04,98.14,-14.88,1.95,11.40,37.28
1871,266777968,-956.05,67.38,187.50,-16.77,2.07,9.27,37.28
1872,266783762,-971.19,68.36,90.82,-16.83,3.78,3.05,37.04
1873,266787811,-1032.23,-61.52,-41.99,-12.80,2.07,-1.89,37.33
1874,266791861,-1063.96,-118.16,21.48,-11.10,1.59,-0.37,37.33
1875,266795918,-1044.92,-106.93,125.00,-9.57,0.00,3.90,36.75
1876,266799968,-1016.60,-45.41,152.83,-7.80,0.18,6.59,37.18
1877,266805762,-1024.41,37.60,92.29,-5.00,0.30,3.96,37.28
1878,266809811,-1033.20,62.50,61.04,-3.05,-1.22,-1.52,36.99
1879,266813861,-1016.60,5.86,91.80,-2.07,-1.83,-3.17,37.04
1880,266817918,-1001.46,-36.62,105.47,-0.18,-2.26,-2.80,36.99
1881,266821968,-995.61,-7.81,110.84,1.04,-2.38,-0.49,37.33
1882,266827762,-993.65,67.87,93.75,2.01,-2.56,1.04,37.28
1883,266831811,-1006.35,141.11,87.40,1.65,-2.20,0.85,37.18
1884,266835861,-1012.70,178.71,85.45,0.85,-2.44,-0.24,37.33
1885,266839918,-1008.30,200.20,96.19,0.06,-2.38,-1.65,37.28
1886,266843968,-1005.86,208.98,101.56,-1.22,-2.01,-4.21,37.04
1887,266849762,-1006.35,193.36,98.63,-2.56,-2.13,-6.89,37.04
1888,266853811,-999.51,153.81,102.54,-3.48,-2.01,-8.96,37.28
1889,266857861,-981.93,133.30,102.05,-4.27,-1.83,-9.21,37.18
1890,266861918,-970.21,107.91,105.47,-4.51,-1.46,-9.02,37.33
1891,266865968,-960.45,86.91,107.42,-4.63,-1.28,-8.78,37.28
1892,266871762,-953.61,45.90,107.42,-4.15,-0.98,-6.95,37.14
1893,266875811,-963.38,55.66,100.59,-3.66,-0.49,-4.88,37.14
1894,266879861,-971.19,63.96,105.96,-3.78,-0.30,-3.96,36.85
1895,266883918,-981.45,57.62,104.00,-3.54,-0.24,-3.17,37.14
1896,266887968,-993.16,54.69,109.37,-2.99,0.00,-2.99,37.18
1897,266893762,-997.07,46.39,107.91,-2.50,0.06,-1.83,36.99
1898,266897811,-1006.84,62.99,101.07,-1.65,-0.37,-0.18,36.94
1899,266901861,-1014.16,82.52,89.36,-1.34,-0.43,0.30,37.37
1900,266905918,-1018.07,93.75,82.52,-1.04,-0.12,0.55,37.28
1901,266909968,-1004.88,104.98,101.07,-0.98,-0.67,0.67,36.94
1902,266915762,-1001.95,105.47,105.96,-1.10,-0.73,0.12,37.18
1903,266919811,-1006.84,111.82,99.61,-1.40,-0.67,-0.55,37.14
1904,266923861,-1004.39,114.26,92.29,-1.52,-0.67,-1.28,37.28
1905,266927918,-1000.98,112.79,90.82,-1.83,-0.91,-1.59,37.33
1906,266933762,-999.51,107.42,99.61,-2.01,-0.98,-1.95,37.18
1907,266937811,-998.54,94.24,102.05,-2.20,-1.10,-2.13,36.94
1908,266941861,-993.65,56.64,106.45,-1.65,-0.98,-1.95,37.18
1909,266945918,-990.72,54.69,98.63,-0.85,-0.49,0.18,37.18
1910,266949968,-993.16,80.57,93.26,-0.73,-0.98,1.04,37.04
1911,266955762,-983.89,99.61,86.91,-1.10,-0.85,0.61,37.28
1912,266959811,-987.30,90.82,88.38,-1.22,-0.85,-1.59,37.28
1913,266963861,-986.82,67.38,105.47,-0.85,-0.85,-2.26,37.14
1914,266967918,-992.68,66.41,104.98,-0.55,-0.73,-2.07,37.18
1915,266971968,-989.26,73.73,107.42,-0.18,-0.73,-1.77,37.33
1916,266977762,-992.19,75.68,106.93,0.18,-0.30,-1.04,37.18
1917,266981811,-992.68,82.52,110.84,0.00,-0.12,-0.98,36.94
1918,266985861,-996.58,92.29,102.05,0.30,0.00,-0.61,37.33
1919,266989918,-1001.46,99.61,100.10,0.18,0.18,-0.49,37.14
1920,266993968,-999.51,97.66,105.47,0.30,-0.24,-0.67,37.28
1921,266999762,-1008.79,109.37,108.40,-0.18,-0.43,-0.85,37.28
1922,267003811,-1000.49,111.33,104.49,-0.49,-0.18,-0.91,37.33
1923,267007861,-1000.49,108.89,106.45,-0.55,-0.37,-1.10,37.18
1924,267011918,-996.58,114.75,105.96,-0.85,-0.37,-1.04,36.99
1925,267015968,-987.79,112.79,105.47,-0.85,-0.30,-1.40,36.94
1926,267021762,-991.21,109.37,104.00,-0.43,-0.06,-1.71,37.14
1927,267025811,-984.37,98.63,106.93,-0.61,0.00,-1.89,37.04
1928,267029861,-991.70,103.52,103.03,-0.37,0.18,-1.71,37.18
1929,267033918,-990.23,98.14,101.07,-0.37,0.18,-1.59,36.94
1930,267037968,-995.12,102.05,105.47,-0.06,-0.06,-1.46,36.99
1931,267043762,-1000.98,109.37,94.73,-0.06,0.18,-2.01,37.28
1932,267047811,-1003.42,105.96,92.77,-0.06,0.00,-2.74,37.28
1933,267051861,-999.51,91.31,92.77,-0.18,-0.06,-3.35,37.18
1934,267055918,-1000.00,75.68,86.91,-0.43,-0.12,-3.17,37.18
1935,267059968,-1001.46,65.92,82.52,-0.06,-0.24,-2.50,36.99
1936,267065762,-999.51,56.64,80.08,0.12,-0.61,-1.83,37.14
1937,267069811,-997.56,58.59,87.40,-0.12,-0.43,-0.79,37.33
1938,267073861,-1003.42,68.36,88.87,0.06,-0.24,-0.24,37.33
1939,267077918,-1005.37,81.05,95.21,0.12,-0.55,0.06,37.14
1940,267081968,-1005.37,85.94,100.10,0.00,-0.24,0.37,37.28
1941,267087762,-998.54,90.82,96.68,0.24,-0.30,0.24,37.18
1942,267091811,-996.58,77.64,101.56,0.49,-0.24,0.30,36.99
1943,267095861,-993.16,81.54,105.47,0.37,-0.43,0.55,37.18
1944,267099918,-995.61,83.01,105.47,0.30,-0.37,0.91,37.18
1945,267103968,-1003.91,90.33,88.38,0.43,-0.55,1.46,36.99
1946,267109762,-1009.77,103.52,70.80,-0.06,-0.37,0.67,36.99
1947,267113811,-997.56,88.38,81.54,-0.12,-0.67,-0.24,36.94
1948,267117861,-986.82,71.29,94.73,-0.18,-0.55,-0.49,36.99
1949,267121918,-977.05,74.22,101.56,-0.12,-0.43,0.43,36.94
1950,267125968,-977.05,75.68,109.37,0.00,0.06,0.55,37.04
1951,267131762,-989.75,82.52,99.12,0.00,0.12,0.55,37.18
1952,267135811,-1001.46,88.87,94.24,0.18,0.43,0.37,37.28
1953,267139861,-1013.67,98.14,93.26,0.49,0.24,0.24,37.28
1954,267143918,-1018.55,104.49,95.21,0.12,0.18,-0.24,37.14
1955,267149762,-1014.16,98.63,105.47,0.24,-0.30,0.06,36.99
1956,267153811,-1003.42,108.40,93.26,0.61,-0.55,-0.12,37.04
1957,267157861,-1005.86,113.77,82.52,0.12,-0.30,-1.10,37.18
1958,267161918,-1001.95,103.03,87.40,0.30,-0.67,-1.77,37.28
1959,267165968,-998.05,92.29,90.82,0.12,-0.61,-1.95,37.14
1960,267171762,-993.16,84.96,93.26,0.00,-0.79,-1.83,37.18
1961,267175811,-1006.35,97.66,80.08,-0.30,-0.73,-1.71,37.18
1962,267179861,-1005.37,81.54,81.05,0.00,-0.61,-2.01,37.28
1963,267183918,-1001.95,78.61,89.36,-0.24,-0.61,-1.59,37.14
1964,267187968,-1002.93,73.73,86.91,0.24,-1.22,-1.16,37.14
1965,267193762,-1001.95,77.64,78.12,0.18,-1.28,-0.43,37.18
1966,267197811,-996.09,66.89,90.82,0.43,-1.16,0.30,37.18
1967,267201861,-997.07,69.34,96.19,0.43,-0.85,0.61,37.33
1968,267205918,-993.16,75.20,95.21,0.37,-1.10,1.28,36.94
1969,267209968,-1000.00,83.50,95.21,0.49,-0.98,1.83,37.18
1970,267215762,-1004.88,84.96,97.66,0.73,-1.10,1.71,37.28
1971,267219811,-998.54,100.59,96.19,0.61,-0.85,1.40,37.18
1972,267223861,-1004.39,106.93,93.26,0.55,-0.91,0.67,36.94
1973,267227918,-1008.30,113.77,98.14,0.18,-1.10,0.18,36.94
1974,267231968,-1009.77,111.33,103.03,0.24,-0.98,-0.67,37.28
1975,267237762,-1010.74,121.58,105.47,-0.30,-0.85,-1.89,37.28
1976,267241811,-1011.23,112.30,102.54,-0.55,-1.22,-2.56,37.18
1977,267245861,-1006.84,96.68,106.45,-0.73,-1.22,-2.93,37.14
1978,267249918,-995.61,84.96,103.03,-0.98,-1.71,-2.74,36.94
1979,267253968,-982.91,84.96,94.24,-1.10,-1.34,-2.07,37.14
1980,267259762,-977.05,73.24,93.26,-1.52,-1.04,-1.52,36.80
1981,267263811,-972.66,67.87,85.45,-1.40,-1.28,-0.37,37.18
1982,267267861,-982.42,61.52,86.43,-1.46,-1.16,0.30,37.33
1983,267271918,-982.91,68.85,88.87,-1.28,-0.85,0.73,37.14
1984,267275968,-989.26,59.57,90.33,-1.16,-0.85,1.22,37.33
1985,267281762,-999.51,64.45,86.43,-0.79,-1.16,1.89,36.99
1986,267285811,-1011.23,77.64,83.98,-0.85,-1.22,2.38,36.94
1987,267289861,-1012.70,81.05,87.89,-0.37,-1.46,2.44,36.99
1988,267293918,-1003.91,88.38,90.33,-0.43,-1.59,2.38,37.28
1989,267297968,-1000.49,95.70,92.29,-0.18,-1.22,2.32,37.33
1990,267303762,-995.61,96.19,97.17,-0.18,-1.34,2.26,36.94
1991,267307811,-983.89,98.14,101.07,0.06,-1.10,1.77,37.28
1992,267311861,-984.86,101.07,98.14,0.18,-0.85,1.40,37.18
1993,267315918,-992.68,108.40,96.68,-0.06,-0.67,1.28,37.18
1994,267319968,-997.07,114.75,95.21,-0.06,-0.67,0.43,36.75
1995,267325762,-994.63,110.35,99.61,-0.06,-0.67,0.06,37.18
1996,267329811,-990.72,100.59,94.24,-0.30,-0.37,-0.49,36.99
1997,267333861,-989.75,90.33,91.80,-0.30,-0.37,-0.30,37.28
1998,267337918,-994.63,82.52,91.31,-0.61,-0.55,-0.06,37.04
1999,267341968,-988.77,73.24,97.17,-0.61,-0.49,0.49,37.04
2000,267347762,-979.00,70.31,97.17,-0.61,-0.43,1.16,37.18
2001,267351811,-995.61,68.36,101.56,-0.30,-0.30,2.20,37.18
2002,267355861,-997.07,80.57,100.10,-0.37,-0.49,2.56,37.04
2003,267359918,-1002.93,84.47,94.24,-0.49,-0.37,2.38,36.94
2004,267365762,-1002.44,92.77,105.47,-0.24,-0.37,2.13,37.18
2005,267369811,-999.51,99.61,108.89,-0.24,-0.12,1.83,36.99
2006,267373861,-994.63,97.66,110.84,-0.18,-0.43,1.89,37.04
2007,267377918,-988.77,109.86,110.84,-0.37,-0.49,1.83,37.18
2008,267381968,-984.37,105.96,109.37,-0.24,-0.24,1.59,36.99
2009,267387762,-991.21,104.98,104.98,-0.43,-0.24,1.28,37.28
2010,267391811,-1003.42,106.45,104.00,-0.30,-0.24,0.67,37.14
2011,267395861,-1006.35,106.45,99.61,-0.43,-0.06,0.06,37.18
2012,267399918,-1009.28,103.03,97.17,-0.43,-0.24,-0.37,37.28
2013,267403968,-1010.74,97.17,90.33,-0.67,-0.49,-0.67,37.37
2014,267409762,-1002.44,84.47,88.87,-0.67,-0.55,-0.49,37.28
2015,267413811,-992.19,75.20,86.43,-0.85,-0.55,0.06,37.33
2016,267417861,-993.16,81.54,90.33,-0.73,-0.67,0.73,37.28
2017,267421918,-990.72,89.36,90.33,-0.49,-0.49,0.73,36.80
2018,267425968,-990.23,92.77,91.31,-0.61,-0.49,0.85,37.18
2019,267431762,-987.30,95.21,97.66,-0.18,-0.18,0.43,36.99
2020,267435811,-994.14,96.19,89.36,-0.43,0.12,0.55,37.47
2021,267439861,-993.16,95.70,92.77,-0.30,0.06,0.49,36.99
2022,267443918,-990.72,88.38,90.82,-0.30,-0.12,0.55,36.94
2023,267447968,-987.30,87.89,97.17,-0.30,-0.12,0.67,37.14
2024,267453762,-999.51,90.82,92.29,-0.12,0.06,0.67,37.18
2025,267457811,-1005.86,83.01,88.87,-0.12,0.06,0.30,37.28
2026,267461861,-1004.88,84.96,93.26,-0.30,0.06,0.55,37.28
2027,267465918,-1003.91,80.08,92.29,-0.30,0.00,0.85,37.18
2028,267469968,-1011.72,87.89,89.36,-0.24,-0.24,0.85,37.33
2029,267475762,-1016.11,92.77,81.54,-0.30,-0.43,0.61,37.18
2030,267479811,-1006.35,91.31,95.21,-0.24,-0.37,0.61,37.18
2031,267483861,-1005.86,90.82,92.29,-0.43,-0.55,0.55,37.18
2032,267487918,-1007.81,95.21,88.87,-0.37,-0.73,0.43,37.28
2033,267491968,-998.54,94.73,91.31,-0.43,-0.91,0.24,37.28
2034,267497762,-993.16,94.73,90.33,-0.37,-0.73,0.12,37.18
2035,267501811,-993.16,86.91,93.75,-0.49,-0.85,0.30,36.85
2036,267505861,-997.56,97.17,96.19,-0.18,-0.73,-0.06,37.14
2037,267509918,-994.14,93.75,94.24,-0.12,-0.73,-0.06,37.18
2038,267513968,-992.19,91.31,94.73,-0.55,-0.67,-0.06,36.94
2039,267519762,-989.75,97.66,97.17,-0.30,-0.73,-0.06,36.85
2040,267523811,-993.65,92.77,95.70,-0.49,-0.73,-0.30,37.14
2041,267527861,-1000.98,87.40,91.80,-0.55,-0.61,-0.37,36.94
2042,267531918,-1002.93,84.47,95.21,-0.37,-0.85,-0.06,37.14
2043,267535968,-1003.42,83.98,95.70,-0.30,-0.61,0.24,36.61
2044,267541762,-1002.93,83.01,93.26,-0.18,-0.67,0.49,36.85
2045,267545811,-1001.46,87.89,95.70,-0.24,-0.61,0.30,36.94
2046,267549861,-998.05,92.29,96.68,-0.24,-0.67,0.43,37.18
2047,267553918,-1000.49,90.33,95.21,-0.12,-0.67,0.30,37.04
2048,267557968,-993.65,95.21,95.21,-0.18,-0.55,0.73,37.18
2049,267563762,-998.05,97.66,95.70,-0.37,-0.30,0.67,36.94
2050,267567811,-996.09,99.61,92.29,-0.06,-0.30,-0.06,36.99
2051,267571861,-998.05,95.21,90.33,-0.12,-0.49,-0.43,37.28
2052,267575918,-998.05,92.77,94.24,-0.06,-0.55,-0.49,36.99
2053,267581762,-996.09,87.40,94.73,-0.18,-0.67,-0.43,36.85
2054,267585811,-991.70,83.01,95.70,0.00,-0.73,-0.37,36.99
2055,267589861,-998.54,86.43,94.24,0.12,-0.61,0.00,37.28
2056,267593918,-998.05,86.91,94.73,-0.12,-0.55,0.12,37.14
2057,267597968,-994.14,81.54,95.70,0.12,-0.55,0.49,36.99
2058,267603762,-1001.46,83.50,98.63,0.00,-0.43,0.79,37.28
2059,267607811,-1007.81,93.26,97.66,0.06,-0.49,1.10,37.37
2060,267611861,-1002.93,98.63,92.29,-0.06,-0.61,1.16,37.04
2061,267615918,-1001.46,94.24,93.26,-0.30,-0.91,0.91,37.18
2062,267619968,-1004.39,99.61,91.31,-0.37,-0.85,0.73,37.18
2063,267625762,-1004.88,104.00,92.29,-0.55,-0.61,0.49,37.33
2064,267629811,-1000.98,110.84,96.68,-0.67,-0.67,0.37,37.47
2065,267633861,-996.58,108.89,95.21,-0.98,-0.73,0.24,37.14
2066,267637918,-991.21,104.49,90.33,-0.98,-0.73,-0.43,36.99
2067,267641968,-993.65,99.12,96.68,-0.91,-0.79,-0.98,37.14
2068,267647762,-995.12,88.38,93.26,-1.04,-0.91,-1.22,37.04
2069,267651811,-994.63,84.96,91.31,-0.91,-0.73,-0.85,37.14
2070,267655861,-992.19,79.10,92.77,-1.04,-0.55,-0.49,37.14
2071,267659918,-989.75,77.15,93.26,-1.10,-0.61,-0.30,36.94
2072,267663968,-992.19,74.22,93.75,-0.67,-0.61,-0.18,36.99
2073,267669762,-996.09,71.29,87.40,-0.73,-0.30,0.37,37.28
2074,267673811,-1003.91,75.68,83.50,-0.67,-0.61,1.10,37.14
2075,267677861,-1011.23,79.10,86.91,-0.49,-0.55,1.40,37.33
2076,267681918,-1008.79,80.08,91.80,-0.55,-0.85,1.89,36.94
2077,267685968,-1008.79,89.84,91.80,-0.49,-1.16,1.95,37.28
2078,267691762,-1010.74,91.80,91.80,-1.04,-1.16,1.71,37.52
2079,267695811,-1005.37,97.17,101.07,-1.28,-1.10,2.01,37.28
2080,267699861,-992.19,97.17,104.98,-1.04,-1.40,1.89,36.85
2081,267703918,-994.63,102.05,97.17,-1.04,-1.16,1.71,36.94
2082,267707968,-990.23,99.12,101.07,-1.28,-0.98,1.89,37.33
2083,267713762,-981.45,98.14,105.47,-1.16,-0.73,1.22,36.99
2084,267717811,-983.40,97.17,104.98,-1.28,-0.30,1.40,36.80
2085,267721861,-987.30,94.73,101.07,-1.34,-0.30,1.28,37.04
2086,267725918,-991.21,103.03,93.75,-1.34,-0.43,1.28,37.18
2087,267729968,-994.63,101.56,98.14,-1.16,-0.24,1.04,36.99
2088,267735762,-992.68,96.19,99.61,-1.22,-0.06,1.16,36.94
2089,267739811,-999.51,101.56,96.19,-1.40,-0.12,0.98,36.85
2090,267743861,-995.61,97.66,98.14,-1.16,-0.18,1.34,37.28
2091,267747918,-990.23,96.19,102.05,-1.22,-0.06,1.16,37.04
2092,267751968,-991.21,97.66,104.98,-1.28,0.12,1.40,36.94
2093,267757762,-987.30,95.70,100.59,-1.22,0.37,1.40,37.04
2094,267761811,-993.65,104.98,98.63,-1.71,0.61,1.83,36.94
2095,267765861,-998.54,104.49,93.26,-1.52,0.43,1.65,37.14
2096,267769918,-997.07,104.49,101.07,-1.52,0.55,1.10,37.18
2097,267773968,-995.12,100.59,96.68,-1.46,0.55,0.79,36.94
2098,267779762,-993.65,88.38,94.73,-1.65,0.91,0.67,36.99
2099,267783811,-984.37,87.89,95.70,-1.65,0.91,0.85,36.94
2100,267787861,-986.82,89.84,95.21,-1.59,0.61,0.91,36.99
2101,267791918,-993.65,91.31,96.68,-1.28,0.79,0.67,36.99
2102,267797762,-1000.00,89.84,85.94,-1.28,1.04,0.73,37.18
2103,267801811,-1004.39,87.40,81.54,-1.16,1.04,0.61,37.33
2104,267805861,-1015.14,82.52,78.61,-1.16,0.79,0.67,37.18
2105,267809918,-1013.18,83.98,74.22,-0.79,0.61,0.73,37.28
2106,267813968,-1013.18,89.84,76.17,-0.85,0.49,0.73,37.18
2107,267819762,-1009.28,83.01,83.98,-0.67,0.12,0.85,37.28
2108,267823811,-999.02,88.87,83.98,-1.10,0.30,1.04,37.04
2109,267827861,-992.68,87.89,92.29,-1.46,0.18,0.98,37.04
2110,267831918,-990.23,83.98,88.87,-1.10,0.06,1.04,37.04
2111,267835968,-994.63,74.71,90.33,-1.10,0.18,1.34,37.33
2112,267841762,-993.16,76.66,87.40,-1.28,0.30,1.71,37.28
2113,267845811,-999.51,84.47,87.89,-0.79,0.12,1.28,37.33
2114,267849861,-995.61,85.45,90.33,-0.98,0.30,1.22,37.14
2115,267853918,-999.51,86.43,92.29,-0.91,0.30,0.79,37.14
2116,267857968,-999.02,88.38,99.12,-0.73,0.24,0.61,37.04
2117,267863762,-1000.98,96.68,90.82,-0.73,0.06,0.18,37.28
2118,267867811,-1006.84,105.47,89.36,-0.67,-0.12,0.06,37.28
2119,267871861,-1006.35,107.42,87.40,-0.79,0.06,-0.12,36.94
2120,267875918,-1005.37,100.59,89.84,-0.98,-0.06,-0.30,36.99
2121,267879968,-1006.35,97.17,92.77,-1.10,-0.12,-0.06,37.37
2122,267885762,-1006.35,98.14,92.29,-1.34,-0.30,-0.18,37.37
2123,267889811,-1007.32,101.56,84.96,-1.40,-0.43,0.24,37.28
2124,267893861,-1004.39,96.19,89.84,-1.22,-0.43,0.30,37.33
2125,267897918,-1001.46,95.70,86.91,-1.77,-0.18,0.12,36.99
2126,267901968,-1000.49,95.70,89.36,-1.34,-0.55,0.18,37.18
2127,267907762,-1001.46,86.91,87.89,-1.52,-0.55,0.37,36.99
2128,267911811,-995.12,93.75,90.33,-1.40,-0.55,0.61,36.99
2129,267915861,-1000.49,97.66,79.59,-1.40,-0.73,0.55,37.14
2130,267919918,-1004.39,101.07,87.89,-1.46,-0.67,-0.12,37.28
2131,267923968,-1000.00,93.75,103.52,-1.34,-0.67,0.00,36.99
2132,267929762,-1000.98,84.47,91.80,-1.22,-0.49,-0.30,37.14
2133,267933811,-998.54,91.31,90.33,-0.98,-0.49,0.00,36.99
2134,267937861,-992.19,83.50,93.26,-1.16,-0.73,0.06,37.28
2135,267941918,-989.26,89.84,95.70,-1.04,-0.79,0.18,36.94
2136,267945968,-986.33,85.45,96.68,-0.79,-0.61,0.18,37.04
2137,267951762,-996.09,88.38,95.70,-0.55,-0.30,0.37,36.85
2138,267955811,-1002.44,87.89,96.19,-0.79,-0.18,0.55,37.04
2139,267959861,-1006.35,88.38,95.70,-0.79,-0.18,0.24,37.18
2140,267963918,-1006.35,96.19,92.77,-0.79,-0.18,0.12,37.28
2141,267967968,-1004.88,90.82,89.36,-0.73,-0.18,0.30,36.99
2142,267973762,-1005.86,90.33,91.80,-0.49,-0.18,0.06,37.14
2143,267977811,-1005.37,95.70,90.82,-0.79,-0.37,0.12,37.18
2144,267981861,-1001.46,101.56,97.66,-0.91,-0.24,-0.06,36.99
2145,267985918,-1001.46,106.93,100.59,-1.04,-0.49,-0.18,36.75
2146,267989968,-999.51,101.56,93.75,-0.91,-0.43,-0.43,37.18
2147,267995762,-1000.00,100.59,95.21,-1.22,-0.55,-0.85,37.14
2148,267999811,-994.14,92.29,93.75,-1.04,-0.61,-0.67,37.28
2149,268003861,-1000.49,82.52,95.21,-1.28,-0.73,-0.43,37.33
2150,268007918,-996.58,83.98,93.75,-1.22,-0.67,-0.06,37.37
2151,268013762,-994.63,85.45,94.73,-1.10,-0.79,0.24,37.28
2152,268017811,-989.75,87.89,99.12,-1.10,-0.73,0.67,37.28
2153,268021861,-993.65,85.45,92.77,-0.85,-0.73,0.55,36.94
2154,268025918,-999.02,90.82,94.73,-0.91,-0.55,0.91,37.28
2155,268029968,-990.23,95.21,97.66,-0.79,-0.49,1.04,37.37
2156,268035762,-990.23,99.12,94.73,-0.79,-0.73,1.04,37.18
2157,268039811,-993.65,101.56,97.66,-0.85,-0.55,0.49,36.94
2158,268043861,-990.23,95.70,95.70,-0.79,-0.61,0.24,37.18
2159,268047918,-1001.46,101.56,92.29,-0.67,-0.49,0.18,37.04
2160,268051968,-1009.28,104.00,89.36,-0.61,-0.55,0.06,36.99
2161,268057762,-1009.28,106.93,80.08,-0.61,-0.49,-0.37,37.28
2162,268061811,-1009.28,100.59,89.84,-0.55,-0.61,-0.91,37.14
2163,268065861,-1000.49,89.84,85.45,-0.61,-0.79,-0.85,37.04
2164,268069918,-994.14,78.61,89.36,-0.85,-0.91,-0.61,37.04
2165,268073968,-988.28,76.66,90.33,-0.55,-0.79,0.06,36.94
2166,268079762,-982.42,73.73,91.31,-0.55,-0.85,0.73,37.28
2167,268083811,-984.37,80.57,94.24,-0.55,-0.37,1.28,37.14
2168,268087861,-993.65,88.38,96.19,-0.49,-0.49,1.28,37.04
2169,268091918,-990.23,83.50,97.66,-0.30,-0.37,1.34,36.80
2170,268095968,-1001.95,85.94,91.31,-0.18,-0.18,1.40,37.28
2171,268101762,-1000.49,91.80,92.29,-0.24,-0.18,1.28,36.94
2172,268105811,-1007.81,96.19,84.47,-0.24,-0.18,0.98,37.28
2173,268109861,-1002.93,92.77,89.84,-0.43,-0.30,0.98,36.94
2174,268113918,-1002.44,95.70,89.84,-0.37,-0.37,0.98,37.04
2175,268117968,-1011.72,103.52,83.50,-0.67,-0.55,0.79,36.85
2176,268123762,-1003.42,107.91,84.47,-0.85,-0.67,0.55,36.94
2177,268127811,-1005.86,103.03,89.36,-0.98,-0.85,0.49,37.18
2178,268131861,-998.05,96.19,92.29,-0.91,-0.73,0.12,36.99
2179,268135918,-993.16,90.33,93.75,-0.98,-0.61,0.18,37.18
2180,268139968,-990.72,88.38,88.38,-1.40,-0.85,0.24,37.04
2181,268145762,-989.75,80.08,91.80,-1.22,-0.79,0.73,37.18
2182,268149811,-993.16,79.59,89.36,-1.10,-0.67,1.10,36.94
2183,268153861,-998.54,84.96,86.91,-0.85,-0.91,1.22,36.94
2184,268157918,-995.61,90.33,86.43,-0.91,-1.04,1.10,37.18
2185,268161968,-998.05,93.26,96.19,-0.73,-0.91,1.16,37.28
2186,268167762,-996.09,92.77,94.73,-0.67,-0.79,1.10,36.94
2187,268171811,-998.54,94.24,91.80,-0.79,-0.73,1.10,36.94
2188,268175861,-1000.98,96.19,92.77,-0.67,-0.61,1.10,37.28
2189,268179918,-999.02,95.21,94.24,-0.61,-0.55,1.40,37.18
2190,268183968,-993.65,90.33,89.36,-0.55,-0.55,1.40,37.14
2191,268189762,-996.58,89.36,91.31,-0.30,-0.55,1.34,36.94
2192,268193811,-992.19,90.82,93.26,-0.49,-0.67,1.46,36.75
2193,268197861,-992.68,95.21,90.82,-0.43,-0.49,1.46,37.28
2194,268201918,-991.70,92.29,92.77,-0.43,-0.18,1.65,37.18
2195,268205968,-997.07,91.31,96.68,-0.61,-0.37,1.83,36.94
2196,268211762,-987.79,97.66,91.80,-0.61,-0.12,1.59,37.18
2197,268215811,-999.02,98.14,86.91,-0.79,-0.06,1.22,37.28
2198,268219861,-1001.95,99.12,90.33,-1.16,-0.18,1.22,37.04
2199,268223918,-997.07,91.80,88.38,-1.04,-0.37,0.85,37.18
2200,268229762,-999.51,88.87,91.80,-1.16,-0.43,0.91,37.28
2201,268233811,-1005.37,82.03,83.50,-1.16,-0.49,1.22,37.28
2202,268237861,-998.05,80.08,88.87,-1.16,-0.43,1.77,37.18
2203,268241918,-992.19,86.43,100.10,-0.85,-0.61,2.07,37.18
2204,268245968,-989.26,90.82,101.56,-0.73,-0.43,2.80,37.28
2205,268251762,-984.37,98.63,101.56,-0.91,-0.18,2.68,37.14
2206,268255811,-987.30,107.42,101.56,-0.85,0.06,2.80,37.37
2207,268259861,-983.40,117.19,104.98,-1.04,0.06,2.62,36.99
2208,268263918,-986.33,116.70,105.47,-1.40,0.24,2.07,37.18
2209,268267968,-992.19,117.68,100.10,-1.40,0.30,1.52,36.94
2210,268273762,-999.02,121.09,95.70,-1.77,0.43,0.61,37.04
2211,268277811,-1009.77,106.45,87.89,-1.59,0.43,-0.24,37.28
2212,268281861,-1009.77,92.29,86.91,-1.71,0.37,-0.49,37.37
2213,268285918,-1011.23,86.43,78.61,-1.77,0.06,-0.12,36.99
2214,268289968,-1008.30,72.75,77.64,-1.46,-0.18,0.30,37.33
2215,268295762,-1010.74,70.31,76.17,-1.16,-0.12,0.79,37.33
2216,268299811,-1012.21,80.57,75.20,-1.10,-0.24,1.34,37.37
2217,268303861,-1010.25,84.96,74.22,-0.85,-0.61,1.83,36.85
2218,268307918,-1001.95,91.31,79.10,-0.67,-0.49,1.83,36.99
2219,268311968,-992.68,91.80,82.03,-0.55,-0.55,2.50,37.28
2220,268317762,-995.12,97.66,90.82,-0.61,-0.61,2.74,37.18
2221,268321811,-992.68,103.52,95.21,-0.85,-0.61,2.68,37.14
2222,268325861,-982.91,96.68,97.17,-0.67,-0.61,2.01,36.99
2223,268329918,-996.09,94.24,97.17,-0.98,-0.24,1.65,36.80
2224,268333968,-995.12,94.24,96.68,-0.61,-0.37,1.40,36.94
2225,268339762,-990.72,86.43,93.75,-0.79,-0.06,1.46,37.37
2226,268343811,-992.68,97.17,97.66,-1.04,-0.18,1.89,36.99
2227,268347861,-997.07,105.96,97.17,-1.10,-0.06,1.95,37.18
2228,268351918,-1002.44,108.89,88.38,-1.40,-0.06,1.10,36.99
2229,268355968,-1006.35,104.98,90.82,-1.10,0.18,0.55,37.14
2230,268361762,-1011.72,97.17,89.84,-1.04,-0.37,0.30,37.18
2231,268365811,-1013.18,100.59,78.61,-1.10,-0.49,0.12,36.94
2232,268369861,-1013.67,95.70,79.10,-1.28,-0.61,0.24,37.28
2233,268373918,-1008.30,89.36,81.54,-1.16,-0.85,0.61,37.18
2234,268377968,-1002.44,82.52,86.91,-1.16,-0.67,1.16,36.99
2235,268383762,-988.77,90.33,89.36,-1.28,-1.10,1.46,37.18
2236,268387811,-984.37,91.80,90.82,-1.28,-0.98,1.95,37.14
2237,268391861,-990.72,82.52,98.63,-1.28,-0.85,2.20,37.18
2238,268395918,-995.12,90.82,95.21,-1.28,-0.91,2.26,37.04
2239,268399968,-1005.37,87.40,89.36,-0.98,-0.98,2.56,37.04
2240,268405762,-1004.88,90.82,88.38,-0.91,-0.85,2.68,37.18
2241,268409811,-1007.81,90.33,90.82,-0.85,-0.79,2.68,36.99
2242,268413861,-1005.37,102.05,85.45,-0.79,-1.22,2.50,37.28
2243,268417918,-1007.32,106.93,82.52,-0.73,-1.04,2.13,37.14
2244,268423762,-1000.00,109.37,89.36,-1.04,-1.10,1.77,37.18
2245,268427811,-996.58,113.28,92.29,-1.10,-0.91,1.52,37.28
2246,268431861,-999.51,113.77,87.40,-1.10,-0.98,0.98,37.18
2247,268435918,-996.09,117.68,90.33,-0.85,-0.91,0.55,37.18
2248,268439968,-993.65,108.89,91.31,-0.98,-0.79,0.37,37.33
2249,268444017,-992.68,107.91,87.89,-1.10,-0.85,-0.18,36.99
2250,268449762,-989.75,100.59,95.21,-1.04,-0.61,0.06,37.18
2251,268453811,-989.75,98.63,95.21,-1.04,-0.67,0.00,36.94
2252,268457861,-987.30,89.84,103.03,-1.04,-0.67,0.18,36.94
2253,268461918,-995.12,88.38,95.21,-0.85,-0.49,0.24,37.18
2254,268467762,-999.51,88.38,91.31,-0.79,-0.73,0.37,37.28
2255,268471811,-1011.23,96.19,88.87,-0.67,-0.55,0.49,37.28
2256,268475861,-1009.77,96.19,87.40,-0.85,-0.85,0.91,36.99
2257,268479918,-1005.37,98.63,91.80,-0.98,-0.98,1.10,37.28
2258,268483968,-1000.00,100.10,90.33,-1.04,-0.73,1.28,37.28
2259,268489762,-997.56,93.26,89.84,-1.04,-0.98,1.28,36.80
2260,268493811,-994.63,90.82,94.24,-0.98,-0.79,1.52,36.85
2261,268497861,-990.23,88.38,89.84,-1.04,-0.79,1.83,37.28
2262,268501918,-985.35,89.36,89.36,-0.79,-0.91,2.07,36.80
2263,268505968,-987.79,89.36,89.84,-0.85,-1.04,2.32,37.14
2264,268511762,-989.75,91.80,85.45,-0.85,-0.55,2.32,37.04
2265,268515811,-999.02,92.77,85.94,-0.79,-0.61,2.13,37.14
2266,268519861,-1004.39,94.73,83.01,-0.98,-0.61,2.26,36.94
2267,268523918,-998.05,100.59,83.50,-0.79,-0.85,2.38,36.99
2268,268527968,-1002.93,104.00,87.40,-0.91,-0.73,2.26,37.14
2269,268533762,-997.07,102.05,90.82,-0.91,-0.91,1.95,37.18
2270,268537811,-1003.42,101.56,89.36,-0.91,-0.85,1.59,37.47
2271,268541861,-1001.95,106.93,88.38,-1.22,-0.79,1.28,37.18
2272,268545918,-1004.39,108.40,91.31,-0.85,-0.61,0.79,37.14
2273,268549968,-1003.42,112.30,92.77,-0.91,-0.55,0.61,37.28
2274,268555762,-998.05,112.30,94.73,-1.04,-0.98,0.37,37.04
2275,268559811,-999.51,108.40,91.80,-1.04,-0.61,0.00,37.18
2276,268563861,-999.02,98.63,91.31,-0.85,-0.91,-0.12,36.94
2277,268567918,-998.05,95.21,88.87,-0.73,-0.73,0.30,37.14
2278,268571968,-994.14,92.29,92.77,-0.73,-0.91,0.43,37.18
2279,268577762,-994.63,94.24,94.24,-0.91,-0.85,0.61,37.14
2280,268581811,-997.56,96.68,93.75,-0.79,-0.91,0.98,36.94
2281,268585861,-995.61,97.17,93.75,-0.85,-0.55,0.98,37.14
2282,268589918,-994.14,102.54,91.31,-1.04,-1.04,1.22,37.04
2283,268593968,-991.70,104.49,91.31,-0.73,-0.79,1.65,36.99
2284,268599762,-1002.44,107.91,83.01,-0.91,-0.79,1.28,36.94
2285,268603811,-1000.98,112.30,86.91,-0.85,-0.98,1.22,36.99
2286,268607861,-996.58,105.96,89.36,-0.85,-0.79,1.16,37.28
2287,268611918,-997.56,113.28,92.29,-0.98,-1.16,1.16,37.18
2288,268615968,-996.58,112.79,89.84,-1.28,-0.85,0.55,36.99
2289,268621762,-995.12,110.84,93.26,-1.16,-0.73,0.24,37.04
2290,268625811,-991.21,102.05,97.17,-1.28,-0.79,0.00,37.18
2291,268629861,-997.56,102.05,93.26,-1.71,-0.85,0.18,37.14
2292,268633918,-997.56,98.63,91.80,-1.28,-0.61,-0.18,37.18
2293,268639762,-1001.95,96.68,86.91,-1.65,-0.67,-0.18,37.28
2294,268643811,-1005.37,91.80,87.40,-1.40,-0.67,-0.12,37.28
2295,268647861,-1005.86,91.80,86.91,-1.40,-0.67,0.06,36.99
2296,268651918,-1004.39,90.33,79.10,-1.16,-0.73,0.12,37.14
2297,268655968,-1002.44,94.24,85.45,-1.16,-1.04,0.37,37.28
2298,268660017,-994.14,94.73,88.38,-1.10,-0.85,0.55,37.04
2299,268665762,-990.72,97.66,91.31,-1.04,-0.85,0.37,37.28
2300,268669811,-995.61,105.96,86.91,-0.98,-1.04,0.24,37.18
2301,268673861,-1000.98,104.98,94.73,-1.04,-1.10,0.18,37.14
2302,268677918,-1002.44,106.93,97.17,-0.85,-1.16,-0.30,37.18
2303,268683762,-998.05,99.12,96.19,-1.22,-1.10,-0.43,37.18
2304,268687811,-995.12,105.96,93.26,-1.28,-0.61,-0.61,37.18
2305,268691861,-998.05,105.96,94.73,-1.16,-0.98,-0.79,37.18
2306,268695918,-995.12,103.03,92.77,-1.28,-0.55,-1.16,37.28
2307,268699968,-993.65,96.68,93.75,-0.98,-0.79,-1.40,37.28
2308,268705762,-991.70,90.82,88.38,-0.79,-0.73,-1.28,37.28
2309,268709811,-987.30,91.80,83.98,-0.79,-1.04,-0.85,37.14
2310,268713861,-994.14,94.73,92.29,-0.98,-1.16,-0.43,37.18
2311,268717918,-994.63,95.70,84.96,-0.55,-0.79,-0.30,37.14
2312,268721968,-995.61,92.77,83.01,-0.61,-1.22,0.00,37.14
2313,268727762,-996.09,95.70,84.47,-0.37,-0.91,0.30,37.33
2314,268731811,-997.56,93.26,89.84,-0.37,-0.98,0.73,37.28
2315,268735861,-996.58,86.91,91.31,-0.61,-0.73,1.22,37.18
2316,268739918,-987.79,93.75,88.38,-0.37,-0.55,1.59,37.18
2317,268743968,-992.68,91.80,91.80,-0.61,-0.30,1.89,37.18
2318,268749762,-995.61,88.87,95.70,-0.43,-0.12,1.89,37.33
2319,268753811,-996.58,89.36,91.80,-0.24,-0.18,2.32,37.28
2320,268757861,-1005.86,85.45,90.82,-0.30,-0.18,2.56,37.33
2321,268761918,-1000.98,82.03,95.21,-0.24,0.18,2.93,37.04
2322,268765968,-993.65,76.66,97.17,-0.12,0.18,3.78,37.18
2323,268771762,-988.77,81.54,93.26,0.00,0.18,4.51,37.14
2324,268775811,-997.56,79.10,92.29,0.49,0.06,4.88,37.37
2325,268779861,-1001.46,82.03,88.38,0.37,0.30,5.12,37.28
2326,268783918,-1008.79,96.19,84.96,0.55,0.43,5.79,37.18
2327,268787968,-1005.86,102.05,85.45,0.55,0.12,5.79,36.99
2328,268793762,-1010.74,105.96,86.43,0.61,-0.06,5.37,37.28
2329,268797811,-1006.84,108.89,82.03,0.67,-0.55,4.63,37.18
2330,268801861,-1013.18,116.21,80.08,0.49,-0.61,4.21,37.18
2331,268805918,-1008.79,117.68,73.73,0.18,-0.85,4.02,37.28
2332,268809968,-1001.46,113.77,84.96,-0.06,-1.16,4.02,37.28
2333,268815762,-989.26,115.23,88.87,0.00,-1.22,4.02,37.28
2334,268819811,-988.28,120.12,94.24,-0.24,-1.16,3.96,36.94
2335,268823861,-981.45,122.56,94.24,-0.12,-1.16,3.78,36.99
2336,268827918,-986.33,125.00,97.66,-0.37,-1.04,3.29,36.99
2337,268831968,-991.70,129.88,95.70,-0.49,-0.73,2.80,36.94
2338,268837762,-989.75,131.35,98.14,-0.18,-0.67,2.20,36.99
2339,268841811,-994.63,126.95,90.82,-0.67,-0.73,1.34,37.04
2340,268845861,-992.68,119.14,99.61,-0.73,-0.73,0.73,37.14
2341,268849918,-988.77,111.82,98.14,-0.79,-0.43,0.79,37.28
2342,268855762,-997.56,116.21,96.19,-0.55,-0.55,0.79,37.28
2343,268859811,-998.05,115.23,94.73,-0.67,-0.55,0.43,37.37
2344,268863861,-995.12,118.16,94.24,-0.85,-0.61,0.55,36.99
2345,268867918,-996.58,116.70,97.66,-0.79,-0.67,0.43,37.04
2346,268871968,-997.56,120.12,90.33,-0.91,-0.73,0.24,36.99
2347,268877762,-1003.91,115.72,85.94,-0.73,-0.67,0.00,37.04
2348,268881811,-996.09,118.16,93.75,-0.91,-0.61,-0.24,37.14
2349,268885861,-991.70,117.68,93.26,-0.85,-1.04,-0.30,37.14
2350,268889918,-999.51,120.12,83.50,-1.34,-0.85,-0.67,37.28
2351,268893968,-996.58,118.16,81.54,-1.22,-0.91,-0.85,37.28
2352,268899762,-991.70,106.93,90.82,-1.10,-0.73,-1.40,37.18
2353,268903811,-993.65,98.14,94.24,-1.10,-0.98,-1.65,36.94
2354,268907861,-991.70,99.12,91.80,-1.34,-0.91,-1.22,37.18
2355,268911918,-991.21,104.49,90.82,-1.04,-0.67,-1.16,37.28
2356,268915968,-993.16,98.14,95.21,-0.98,-0.79,-1.46,37.04
2357,268921762,-1001.95,104.00,92.29,-0.79,-0.79,-1.77,37.04
2358,268925811,-1000.49,108.89,95.21,-1.16,-0.79,-1.89,37.18
2359,268929861,-1003.42,105.96,96.68,-1.16,-0.61,-1.46,37.18
2360,268933918,-994.63,101.07,97.17,-1.22,-0.55,-1.22,36.94
2361,268937968,-993.65,103.03,98.14,-1.22,-0.30,-0.91,37.28
2362,268943762,-986.82,96.68,97.66,-1.22,-0.30,-0.61,37.37
2363,268947811,-982.42,86.91,93.26,-1.22,-0.55,-0.06,37.18
2364,268951861,-981.93,90.82,90.82,-1.46,-0.55,0.37,37.28
2365,268955918,-989.75,96.68,88.87,-1.40,-0.43,0.61,36.94
2366,268959968,-994.63,102.05,93.26,-1.22,-0.24,0.98,37.18
2367,268965762,-999.51,109.86,90.33,-1.59,-0.18,0.73,36.94
2368,268969811,-1002.93,117.68,91.80,-1.59,-0.18,0.49,37.18
2369,268973861,-999.51,117.19,87.89,-1.89,-0.18,0.43,37.28
2370,268977918,-1004.39,122.56,90.82,-1.89,-0.24,0.37,37.28
2371,268981968,-998.54,120.61,86.91,-2.13,-0.37,0.18,37.28
2372,268987762,-994.14,113.77,96.19,-2.13,-0.43,-0.06,37.04
2373,268991811,-988.28,110.35,101.07,-2.38,-0.43,-0.18,37.04
2374,268995861,-989.75,110.35,94.73,-2.32,-0.43,0.00,37.04
2375,268999918,-993.16,101.07,88.38,-2.32,-0.55,0.12,37.28
2376,269003968,-994.14,99.12,87.89,-2.01,-0.18,0.30,37.37
2377,269009762,-997.56,93.75,93.75,-1.77,-0.67,0.73,37.14
2378,269013811,-993.16,89.36,96.68,-1.83,-0.24,0.85,36.94
2379,269017861,-993.65,83.98,88.38,-1.34,-0.24,1.22,37.28
2380,269021918,-993.65,83.98,82.52,-1.28,0.00,1.52,36.94
2381,269025968,-992.68,85.45,89.36,-0.67,-0.24,2.07,36.85
2382,269031762,-1002.93,85.94,84.47,-0.55,-0.06,2.07,36.99
2383,269035811,-1003.42,94.24,82.03,-0.18,0.06,2.38,36.94
2384,269039861,-1006.84,101.56,84.96,-0.06,-0.18,2.68,37.18
2385,269043918,-1002.44,110.84,85.45,-0.12,-0.30,2.87,37.28
2386,269047968,-1002.44,111.82,89.84,-0.12,-0.18,2.80,37.18
2387,269053762,-1000.49,113.28,84.96,-0.24,-0.12,2.56,36.80
2388,269057811,-1002.93,100.59,97.17,0.12,-0.61,2.56,37.18
2389,269061861,-1003.42,88.87,97.17,0.43,-0.73,3.17,36.94
2390,269065918,-1004.39,117.19,83.50,-0.06,-0.49,3.96,37.33
2391,269071762,-1006.35,152.83,70.80,-0.49,-0.91,3.05,37.28
2392,269075811,-995.61,124.02,85.94,-1.46,-0.67,-0.12,37.18
2393,269079861,-987.30,93.26,94.24,-1.46,-0.18,-1.34,37.14
2394,269083918,-981.45,97.66,91.31,-1.16,-0.43,-1.04,37.04
2395,269087968,-980.96,97.66,92.29,-1.40,-0.24,-0.85,37.18
2396,269093762,-988.77,99.61,89.36,-1.34,-0.12,-0.55,37.28
2397,269097811,-993.65,101.56,88.38,-1.10,-0.06,-0.30,37.14
2398,269101861,-997.07,98.14,89.84,-1.04,-0.24,-0.37,37.33
2399,269105918,-996.09,92.29,90.33,-0.67,-0.12,-0.24,37.14
2400,269109968,-995.12,86.43,91.80,-0.85,-0.18,0.06,36.94
2401,269115762,-999.51,92.77,92.77,-0.91,-0.24,0.55,37.18
2402,269119811,-1006.84,99.12,84.47,-1.04,-0.43,1.16,37.14
2403,269123861,-1000.49,101.07,84.47,-0.73,-0.61,1.52,37.18
2404,269127918,-1009.77,97.17,91.31,-0.67,-0.79,1.71,37.47
2405,269131968,-1001.46,96.19,85.45,-0.79,-0.61,2.07,37.18
2406,269137762,-1004.88,96.19,86.91,-0.73,-1.04,2.44,37.18
2407,269141811,-1005.86,98.14,84.47,-0.61,-0.79,2.38,37.37
2408,269145861,-1001.95,107.91,87.40,-0.37,-0.91,2.20,37.04
2409,269149918,-993.16,114.75,84.47,-0.37,-1.16,2.20,36.99
2410,269153968,-991.70,120.61,87.40,-0.37,-1.34,1.77,37.14
2411,269159762,-990.23,118.16,89.36,-0.67,-1.52,1.65,37.18
2412,269163811,-980.47,117.19,87.89,-0.85,-1.34,1.16,37.28
2413,269167861,-986.33,115.23,92.77,-0.61,-1.22,1.28,37.18
2414,269171918,-996.09,104.98,87.89,-0.49,-1.04,0.98,37.18
2415,269175968,-997.07,112.79,88.87,-0.73,-0.91,0.85,37.28
2416,269181762,-1002.44,112.30,91.31,-0.85,-0.73,0.85,37.28
2417,269185811,-998.54,108.89,88.87,-0.91,-0.30,0.79,36.99
2418,269189861,-1008.30,109.86,86.43,-0.98,-0.37,0.55,36.94
2419,269193918,-1009.77,116.21,84.96,-1.10,-0.49,0.43,37.18
2420,269197968,-1007.32,112.30,89.84,-0.91,-0.98,0.18,37.28
2421,269203762,-1007.32,116.70,89.36,-1.04,-0.91,0.00,37.18
2422,269207811,-1000.00,110.35,92.77,-1.40,-1.04,0.12,37.04
2423,269211861,-995.12,106.93,96.68,-1.10,-1.04,0.18,37.18
2424,269215918,-989.75,99.61,100.59,-1.59,-1.04,0.30,37.14
2425,269219968,-994.14,99.12,91.31,-1.40,-0.98,0.67,37.28
2426,269225762,-1002.44,99.61,84.47,-1.46,-1.22,0.85,37.04
2427,269229811,-998.54,102.54,91.80,-1.10,-1.34,1.28,37.28
2428,269233861,-990.23,96.19,92.29,-1.22,-1.34,1.65,37.18
2429,269237918,-990.23,96.68,87.89,-0.98,-1.16,1.89,37.14
2430,269241968,-990.72,108.40,88.38,-1.16,-1.16,2.01,36.99
2431,269247762,-987.79,111.33,91.31,-1.28,-1.10,1.65,36.80
2432,269251811,-985.84,120.12,95.21,-1.16,-0.98,1.59,36.94
2433,269255861,-986.33,116.21,92.29,-1.34,-0.79,1.34,37.28
2434,269259918,-991.70,118.65,88.38,-1.22,-0.79,0.79,36.99
2435,269263968,-992.19,115.23,89.36,-1.16,-0.73,0.73,37.14
2436,269269762,-993.16,111.82,90.33,-1.46,-0.73,0.85,37.14
2437,269273811,-999.51,108.89,90.82,-1.34,-0.85,0.55,37.28
2438,269277861,-1002.93,115.72,87.89,-1.34,-0.73,0.73,37.14
2439,269281918,-999.02,115.23,87.40,-0.98,-1.04,0.37,37.18
2440,269287762,-994.14,111.33,90.33,-1.16,-0.91,0.30,37.33
2441,269291811,-999.51,108.40,85.94,-1.04,-0.91,0.24,37.18
2442,269295861,-1001.46,111.82,83.50,-1.34,-1.16,0.37,37.04
2443,269299918,-996.58,104.49,87.40,-1.10,-1.22,0.18,37.28
2444,269303968,-996.58,108.89,90.82,-1.22,-1.16,0.43,37.28
2445,269309762,-999.02,108.89,87.40,-1.16,-1.10,0.49,37.04
2446,269313811,-996.09,108.40,94.24,-1.22,-0.98,0.61,37.14
2447,269317861,-993.65,109.37,93.26,-1.16,-0.73,1.04,36.99
2448,269321918,-991.70,115.23,96.68,-1.04,-0.85,0.91,37.04
2449,269325968,-986.82,116.21,97.66,-1.10,-0.91,0.98,37.14
2450,269331762,-986.82,123.05,96.19,-1.04,-0.61,0.73,36.99
2451,269335811,-985.84,116.70,104.00,-1.22,-0.55,0.43,37.18
2452,269339861,-994.14,116.21,100.10,-1.34,-0.49,0.06,36.99
2453,269343918,-998.54,111.33,96.68,-1.16,-0.67,-0.30,36.94
2454,269347968,-1000.49,118.16,98.63,-1.04,-0.55,-0.55,37.18
2455,269353762,-1004.88,106.45,94.73,-1.28,-0.55,-0.43,37.18
2456,269357811,-1000.98,104.49,91.31,-0.98,-0.79,-0.61,37.28
2457,269361861,-997.56,104.49,87.40,-1.10,-0.55,-0.61,37.28
2458,269365918,-994.63,99.12,82.03,-0.91,-0.85,-0.18,36.94
2459,269369968,-992.68,100.59,81.05,-0.98,-0.79,0.24,36.94
2460,269375762,-993.16,98.63,83.50,-0.85,-1.16,0.37,36.94
2461,269379811,-996.09,92.29,78.12,-0.67,-1.22,1.28,37.33
2462,269383861,-994.63,90.33,85.45,-0.55,-0.98,1.22,37.28
2463,269387918,-1005.86,97.17,83.01,-0.49,-1.10,1.65,37.14
2464,269391968,-1004.88,108.40,82.52,-0.43,-0.67,1.77,37.04
2465,269397762,-1002.93,113.77,83.98,-0.61,-1.10,1.65,36.94
2466,269401811,-999.51,125.98,93.26,-0.79,-1.28,0.91,37.18
2467,269405861,-989.26,133.79,95.70,-1.10,-1.10,0.49,36.75
2468,269409918,-987.79,132.81,100.10,-1.04,-0.91,-0.06,37.37
2469,269413968,-992.68,136.23,98.63,-1.28,-0.98,-0.91,36.94
2470,269419762,-988.77,132.32,101.07,-1.52,-0.79,-1.77,37.18
2471,269423811,-986.33,120.61,102.54,-1.46,-0.43,-2.20,37.14
2472,269427861,-990.72,110.35,104.00,-1.65,-0.12,-2.38,37.14
2473,269431918,-988.77,112.30,98.14,-1.46,-0.55,-2.26,37.04
2474,269435968,-993.65,103.03,97.17,-1.34,-0.43,-2.38,37.04
2475,269441762,-992.68,104.00,89.84,-1.16,-0.18,-2.20,36.94
2476,269445811,-995.12,97.17,89.84,-1.22,-0.37,-1.89,36.94
2477,269449861,-996.09,94.24,83.01,-1.04,-0.61,-1.59,37.04
2478,269453918,-998.05,94.73,81.54,-0.98,-0.67,-0.79,37.28
2479,269457968,-1001.46,92.77,83.50,-1.10,-0.91,-0.37,37.14
2480,269463762,-1001.46,100.10,82.52,-1.04,-0.98,0.12,36.94
2481,269467811,-998.54,110.84,91.31,-0.91,-1.22,0.43,36.94
2482,269471861,-1007.32,118.16,87.89,-0.85,-0.73,0.24,37.04
2483,269475918,-1006.84,118.65,86.43,-0.91,-0.85,0.00,37.04
2484,269479968,-1003.91,121.09,84.47,-0.98,-0.91,-0.43,36.94
2485,269485762,-995.61,114.75,86.43,-1.40,-1.10,-0.91,37.18
2486,269489811,-993.65,109.37,83.98,-1.04,-1.28,-1.22,37.33
2487,269493861,-980.47,107.42,89.36,-0.91,-1.04,-1.16,36.99
2488,269497918,-979.00,97.17,92.77,-1.28,-0.91,-1.10,37.18
2489,269503762,-979.49,99.12,93.75,-0.98,-0.85,-1.16,37.18
2490,269507811,-980.47,92.77,95.70,-0.85,-0.37,-0.98,37.18
2491,269511861,-984.86,95.21,98.14,-0.67,-0.43,-0.85,37.28
2492,269515918,-998.54,103.03,93.75,-0.37,-0.24,-0.85,37.33
2493,269519968,-1006.84,104.00,88.87,-0.49,-0.30,-1.10,37.18
2494,269525762,-1013.67,108.89,84.96,-0.73,-0.24,-0.98,37.04
2495,269529811,-1012.21,98.14,85.94,-0.73,-0.49,-1.22,37.37
2496,269533861,-1008.30,102.05,83.01,-0.85,-0.91,-1.22,37.28
2497,269537918,-1009.28,97.17,86.91,-1.04,-1.28,-0.61,36.99
2498,269541968,-1003.42,92.77,89.36,-1.16,-1.34,-0.06,37.04
2499,269547762,-998.05,92.77,93.75,-1.10,-1.10,0.61,37.37
2500,269551811,-1003.91,96.19,90.33,-1.04,-1.28,0.79,37.52
2501,269555861,-1006.35,104.00,95.21,-0.98,-1.22,1.04,37.28
2502,269559918,-1001.46,102.54,94.24,-1.04,-1.10,1.22,36.75
2503,269563968,-994.63,101.07,100.59,-1.04,-1.10,1.22,37.33
2504,269569762,-994.63,102.54,96.68,-1.04,-1.10,1.22,37.14
2505,269573811,-989.26,107.91,94.24,-0.73,-1.40,1.52,37.14
2506,269577861,-985.84,104.49,97.66,-0.67,-1.46,1.34,37.28
2507,269581918,-985.35,103.03,88.38,-0.43,-1.22,1.40,36.94
2508,269585968,-987.30,101.56,85.94,-0.49,-1.22,1.34,37.18
2509,269591762,-985.84,101.56,87.89,-0.49,-1.22,1.77,37.33
2510,269595811,-995.12,109.86,86.43,-0.55,-0.85,1.46,37.28
2511,269599861,-999.02,110.35,83.01,-0.67,-0.91,1.71,37.28
2512,269603918,-997.07,105.96,81.54,-0.73,-0.98,1.52,36.80
2513,269607968,-997.07,107.42,83.50,-0.79,-0.85,1.59,37.18
2514,269613762,-991.70,107.42,83.01,-0.73,-0.98,1.89,37.18
2515,269617811,-991.70,114.75,92.77,-0.67,-0.67,1.59,37.18
2516,269621861,-994.63,109.37,84.96,-0.73,-0.55,1.65,37.18
2517,269625918,-999.51,114.75,92.77,-0.67,-0.43,1.83,37.18
2518,269629968,-993.16,118.16,92.29,-0.91,-0.61,1.52,37.04
2519,269635762,-996.09,113.77,99.61,-0.91,-0.49,0.91,37.18
2520,269639811,-993.16,116.21,98.14,-0.98,-0.43,0.49,37.04
2521,269643861,-999.02,115.72,100.59,-0.98,-0.49,0.06,37.18
2522,269647918,-993.16,115.23,97.17,-1.10,-0.30,-0.18,37.18
2523,269651968,-990.23,106.45,97.66,-0.98,-0.30,-0.30,37.18
2524,269657762,-989.26,102.54,100.10,-1.10,-0.49,-0.37,36.94
2525,269661811,-991.70,99.61,101.07,-1.10,-0.55,-0.12,36.94
2526,269665861,-997.07,111.82,95.21,-1.04,-0.55,0.12,37.33
2527,269669918,-999.02,111.33,98.14,-1.16,-0.61,0.06,37.04
2528,269673968,-995.61,109.37,98.63,-0.98,-0.37,-0.18,36.85
2529,269679762,-987.30,106.45,97.66,-1.16,-0.43,-0.18,36.94
2530,269683811,-989.75,104.49,94.24,-0.98,-0.30,0.18,36.99
2531,269687861,-990.72,109.86,89.36,-1.16,-0.30,0.30,37.33
2532,269691918,-990.72,110.35,96.68,-1.10,-0.30,0.49,37.14
2533,269695968,-987.79,110.35,101.56,-0.67,-0.24,0.43,37.18
2534,269701762,-986.82,109.86,102.54,-0.49,-0.06,0.18,36.99
2535,269705811,-990.23,114.26,93.75,-0.43,0.18,0.18,37.37
2536,269709861,-991.70,113.77,96.19,-0.43,0.06,0.18,37.37
2537,269713918,-993.16,112.30,102.05,-0.61,0.00,0.18,37.14
2538,269719762,-996.09,114.75,98.63,-0.55,0.18,-0.18,37.28
2539,269723811,-990.23,119.63,97.66,-0.79,0.06,-0.37,37.18
2540,269727861,-994.63,122.07,98.14,-1.28,0.24,-0.55,36.99
2541,269731918,-991.21,121.09,101.56,-1.22,0.06,-0.85,37.18
2542,269735968,-995.61,118.65,96.19,-1.22,0.30,-0.98,36.99
2543,269741762,-1004.39,110.35,92.29,-1.28,0.24,-1.40,36.80
2544,269745811,-1004.39,111.33,89.36,-1.28,0.37,-1.71,37.47
2545,269749861,-1006.35,106.93,87.40,-1.46,0.06,-1.40,37.04
2546,269753918,-999.51,99.61,86.43,-1.34,-0.12,-1.34,37.04
2547,269757968,-998.05,98.14,88.87,-1.10,0.00,-1.28,37.18
2548,269763762,-997.07,102.05,87.89,-1.22,-0.24,-1.22,37.18
2549,269767811,-997.07,108.40,90.82,-1.22,-0.37,-1.04,37.33
2550,269771861,-999.51,104.49,91.31,-0.91,-0.30,-1.10,36.94
2551,269775918,-989.26,102.54,92.77,-0.79,-0.30,-0.79,36.94
2552,269779968,-996.58,104.49,97.66,-1.04,-0.24,-1.04,37.28
2553,269785762,-997.56,107.91,85.45,-1.04,-0.30,-0.91,37.33
2554,269789811,-1001.46,107.42,89.84,-0.98,-0.24,-1.16,36.94
2555,269793861,-1001.95,105.96,88.87,-1.10,-0.24,-1.34,37.04
2556,269797918,-1007.32,110.84,86.91,-1.04,-0.49,-1.46,37.18
2557,269801968,-1008.79,108.89,89.36,-0.91,-0.61,-1.59,36.99
2558,269807762,-1005.37,109.37,99.61,-0.98,-0.61,-1.95,37.18
2559,269811811,-1009.77,109.37,84.96,-0.85,-0.67,-2.01,37.14
2560,269815861,-1009.77,113.28,83.98,-0.91,-0.55,-2.07,36.94
2561,269819918,-1008.30,116.21,87.40,-1.04,-1.10,-1.95,36.75
2562,269823968,-998.05,108.89,83.01,-1.22,-1.22,-2.44,36.85
2563,269829762,-1000.00,104.49,83.01,-0.91,-1.28,-2.32,37.18
2564,269833811,-999.02,106.45,84.47,-1.04,-1.16,-2.26,37.18
2565,269837861,-996.09,98.63,84.96,-0.73,-1.34,-2.01,37.28
2566,269841918,-989.26,99.61,83.01,-0.85,-1.22,-1.71,37.28
2567,269845968,-989.75,95.70,86.91,-1.04,-1.04,-1.65,37.28
2568,269851762,-993.65,102.05,90.82,-0.91,-1.10,-1.59,36.99
2569,269855811,-997.56,105.47,84.96,-0.61,-0.98,-1.59,36.99
2570,269859861,-991.70,108.40,76.66,-0.55,-0.73,-1.95,37.28
2571,269863918,-1000.98,106.45,79.59,-0.67,-0.98,-2.38,37.18
2572,269867968,-1000.98,105.47,80.57,-0.85,-0.98,-2.44,37.14
2573,269873762,-1000.98,97.66,88.38,-0.61,-0.73,-2.50,36.99
2574,269877811,-991.70,93.75,99.12,-0.37,-1.16,-1.83,36.75
2575,269881861,-993.65,104.49,70.31,-0.55,-1.04,-1.59,37.33
2576,269885918,-1002.93,106.45,70.80,-0.49,-1.04,-2.07,37.18
2577,269889968,-1004.39,97.66,80.57,-0.67,-0.91,-2.56,36.94
2578,269895762,-996.58,92.77,85.45,-0.67,-1.04,-2.38,36.94
2579,269899811,-999.51,96.19,84.96,-0.49,-0.85,-2.01,36.94
2580,269903861,-996.58,96.19,90.33,-0.49,-0.98,-1.89,36.94
2581,269907918,-1000.49,95.21,88.87,-0.85,-0.91,-1.77,37.04
2582,269911968,-993.16,99.12,92.29,-0.79,-0.79,-2.01,36.94
2583,269917762,-1003.91,95.21,96.68,-1.04,-1.16,-1.71,37.18
2584,269921811,-1001.46,98.63,90.33,-0.91,-1.28,-1.04,37.33
2585,269925861,-1000.49,109.86,78.12,-1.04,-1.04,-1.40,37.28
2586,269929918,-1006.35,101.07,80.57,-1.22,-1.10,-2.01,37.04
2587,269935762,-997.07,85.45,85.94,-1.28,-1.34,-2.13,37.28
2588,269939811,-996.58,82.03,86.43,-1.10,-1.46,-1.46,37.18
2589,269943861,-995.61,82.52,91.31,-1.16,-1.65,-0.49,37.33
2590,269947918,-995.61,79.10,90.33,-0.85,-1.34,-0.12,37.14
2591,269951968,-989.75,86.43,90.33,-0.98,-1.34,0.30,36.80
2592,269957762,-993.16,85.94,88.38,-0.79,-1.22,0.55,37.28
2593,269961811,-985.35,93.75,95.70,-0.79,-1.22,0.73,37.18
2594,269965861,-990.23,99.61,95.21,-0.98,-0.91,0.67,37.04
2595,269969918,-995.61,107.91,87.89,-1.10,-0.79,0.79,36.99
2596,269973968,-998.05,113.77,87.40,-1.16,-1.10,0.49,37.14
2597,269979762,-1000.00,116.70,91.31,-1.22,-0.85,-0.12,37.14
2598,269983811,-1003.42,114.75,89.36,-1.34,-0.79,-0.79,37.04
2599,269987861,-1001.95,109.86,85.94,-1.65,-1.10,-0.91,37.18
2600,269991918,-997.56,103.03,88.38,-1.52,-1.16,-0.98,37.04
2601,269995968,-991.70,93.26,87.89,-1.52,-1.10,-0.79,37.28
2602,270001762,-984.37,83.50,91.80,-1.65,-1.04,-0.55,37.28
2603,270005811,-985.84,81.05,85.45,-1.34,-0.98,0.43,37.28
2604,270009861,-987.30,79.59,87.89,-1.52,-1.04,1.04,37.33
2605,270013918,-990.23,77.64,91.31,-1.28,-0.67,1.71,37.18
2606,270017968,-997.07,88.87,88.87,-1.16,-0.98,2.62,37.28
2607,270023762,-1002.44,96.19,95.70,-0.98,-1.04,2.74,37.28
2608,270027811,-1011.23,103.52,95.70,-0.79,-0.91,2.44,37.04
2609,270031861,-1010.25,102.05,93.26,-1.10,-1.04,2.50,37.04
2610,270035918,-1003.42,105.96,94.24,-1.22,-1.10,2.50,36.99
2611,270039968,-995.61,111.33,98.63,-1.22,-1.22,1.95,37.18
2612,270045762,-985.35,108.40,99.61,-1.34,-1.04,1.46,36.94
2613,270049811,-989.75,104.49,101.56,-1.10,-1.10,1.40,37.18
2614,270053861,-993.65,102.05,101.56,-1.28,-0.85,1.40,37.28
2615,270057918,-996.09,96.19,104.49,-1.10,-0.85,1.10,37.04
2616,270061968,-997.56,98.14,102.05,-1.10,-0.73,1.34,37.18
2617,270067762,-995.61,98.14,93.75,-1.04,-0.67,1.22,37.33
2618,270071811,-1000.98,110.35,96.19,-0.79,-0.61,1.40,36.94
2619,270075861,-995.12,104.49,95.70,-0.85,-0.67,1.40,37.33
2620,270079918,-995.12,106.93,93.26,-0.91,-0.73,1.46,37.28
2621,270083968,-999.51,107.42,86.91,-1.10,-0.79,1.10,37.14
2622,270089762,-1006.84,103.03,87.40,-1.28,-0.61,0.98,37.14
2623,270093811,-1000.00,96.68,85.45,-1.28,-1.10,1.34,36.94
2624,270097861,-1001.46,89.84,93.75,-1.22,-0.98,1.52,37.37
2625,270101918,-993.16,90.82,97.66,-0.79,-1.04,1.77,37.14
2626,270105968,-995.61,88.87,96.19,-0.73,-1.46,2.13,37.14
2627,270111762,-987.30,98.63,93.75,-0.98,-0.73,2.07,37.33
2628,270115811,-995.12,102.05,92.29,-0.55,-1.04,2.20,36.94
2629,270119861,-995.12,112.30,101.07,-0.73,-0.98,1.95,37.28
2630,270123918,-994.14,117.68,101.56,-0.61,-0.85,1.52,37.28
2631,270127968,-996.09,113.28,99.61,-0.73,-0.73,0.91,37.04
2632,270133762,-1002.44,113.77,88.38,-0.79,-0.79,0.79,37.14
2633,270137811,-1004.39,111.33,88.38,-0.79,-0.79,0.67,37.28
2634,270141861,-1003.42,101.56,89.84,-0.85,-1.10,0.55,37.33
2635,270145918,-1002.93,108.89,88.38,-0.85,-1.40,0.49,37.18
2636,270151762,-1002.44,98.14,84.96,-1.04,-1.04,0.73,37.04
2637,270155811,-994.63,93.26,92.77,-1.10,-1.04,1.10,37.28
2638,270159861,-988.28,93.75,92.77,-0.98,-0.98,1.52,37.14
2639,270163918,-989.26,100.10,94.73,-0.91,-1.04,1.71,37.37
2640,270167968,-990.72,99.61,98.14,-1.16,-0.98,1.89,37.33
2641,270173762,-992.19,101.07,88.38,-0.79,-0.91,1.65,37.52
2642,270177811,-998.54,111.82,94.24,-1.10,-0.98,1.40,37.18
2643,270181861,-1000.00,114.26,93.26,-0.91,-0.98,0.98,37.18
2644,270185918,-1008.79,119.14,88.38,-1.16,-0.79,0.67,37.33
2645,270189968,-1007.81,118.16,93.75,-1.22,-0.91,0.18,36.94
2646,270195762,-997.56,107.42,91.31,-1.34,-0.91,-0.37,37.18
2647,270199811,-993.16,101.07,92.29,-1.46,-0.85,-0.24,37.04
2648,270203861,-987.79,94.24,85.94,-1.65,-1.10,0.18,37.18
2649,270207918,-990.72,86.91,93.26,-1.46,-1.04,0.49,36.99
2650,270211968,-992.68,86.43,94.73,-1.16,-1.10,0.61,37.14
2651,270217762,-988.77,88.87,90.33,-1.10,-0.73,1.34,37.28
2652,270221811,-1002.44,96.19,87.40,-1.28,-0.79,1.65,37.18
2653,270225861,-1002.93,105.47,84.96,-0.85,-0.73,1.59,37.18
2654,270229918,-999.02,106.45,87.89,-1.10,-0.98,1.22,36.94
2655,270233968,-997.07,103.03,89.84,-0.98,-1.10,0.91,37.18
2656,270239762,-995.12,104.49,88.38,-1.04,-0.98,0.67,37.18
2657,270243811,-995.61,108.89,96.68,-0.79,-0.98,0.79,37.28
2658,270247861,-997.07,111.33,95.70,-0.98,-0.91,0.24,36.94
2659,270251918,-996.58,121.58,86.91,-1.10,-1.10,0.06,36.94
2660,270255968,-1000.98,120.61,92.29,-1.04,-0.91,-0.24,37.28
2661,270261762,-1000.00,116.21,96.19,-1.22,-0.85,-0.67,37.28
2662,270265811,-999.02,106.45,98.14,-1.28,-0.79,-0.91,37.04
2663,270269861,-989.75,102.54,95.21,-1.34,-0.85,-0.91,37.18
2664,270273918,-991.70,99.61,94.73,-1.40,-0.67,-0.79,37.18
2665,270277968,-991.70,94.24,98.63,-1.40,-0.67,-0.85,37.18
2666,270283762,-988.77,93.26,93.26,-1.34,-0.49,-0.37,37.18
2667,270287811,-993.65,93.26,91.31,-1.10,-0.49,0.00,37.14
2668,270291861,-999.02,97.66,91.31,-0.98,-0.61,0.18,36.94
2669,270295918,-1000.00,104.49,88.38,-1.16,-0.79,-0.06,37.04
2670,270299968,-1000.98,108.89,89.36,-1.10,-0.73,-0.12,37.28
2671,270305762,-1003.91,105.47,91.31,-1.16,-0.98,-0.43,36.94
2672,270309811,-999.02,101.07,91.80,-0.85,-0.73,-0.30,36.66
2673,270313861,-994.14,97.66,93.75,-0.85,-0.91,0.06,37.33
2674,270317918,-987.79,95.70,97.66,-0.73,-0.85,0.30,37.28
2675,270321968,-991.70,103.03,95.70,-0.85,-0.67,0.49,36.94
2676,270327762,-997.56,101.07,98.14,-1.04,-0.73,0.18,36.99
2677,270331811,-999.51,111.33,94.73,-0.85,-0.49,-0.06,37.18
2678,270335861,-1003.42,112.79,95.21,-1.10,-0.43,-0.43,37.28
2679,270339918,-995.12,109.86,97.17,-0.98,-0.43,-0.67,37.18
2680,270343968,-1000.49,103.52,91.80,-1.10,-0.49,-0.79,37.18
2681,270349762,-998.05,101.07,86.91,-1.16,-0.30,-0.91,36.94
2682,270353811,-995.12,93.26,94.24,-1.28,-0.55,-0.61,37.28
2683,270357861,-992.68,90.33,87.89,-1.28,-0.73,-0.49,37.28
2684,270361918,-995.12,95.21,93.26,-1.22,-0.49,-0.43,37.18
2685,270367762,-997.07,92.77,97.17,-1.10,-0.18,-0.24,37.37
2686,270371811,-999.51,95.21,96.19,-1.16,-0.43,0.00,37.18
2687,270375861,-993.65,95.21,97.17,-1.04,-0.12,0.61,37.28
2688,270379918,-991.70,101.56,99.12,-0.79,-0.12,0.49,36.94
2689,270383968,-992.68,104.98,96.19,-0.98,-0.18,0.61,36.94
2690,270389762,-996.09,109.86,98.14,-0.98,-0.24,0.61,37.04
2691,270393811,-999.51,113.77,98.63,-0.79,-0.24,-0.12,37.37
2692,270397861,-999.02,107.42,93.26,-1.04,-0.37,-0.37,37.28
2693,270401918,-999.02,106.93,99.12,-0.85,-0.61,-0.55,37.14
2694,270405968,-999.02,100.59,94.73,-1.22,-0.91,-0.73,37.18
2695,270411762,-999.02,96.19,85.94,-1.10,-0.85,-0.37,37.18
2696,270415811,-1005.37,96.19,83.98,-1.22,-0.79,-0.49,37.18
2697,270419861,-1008.30,97.17,87.89,-1.28,-1.04,-0.18,37.28
2698,270423918,-995.61,93.26,86.43,-1.04,-0.73,-0.24,36.85
2699,270427968,-998.54,91.31,91.31,-1.04,-0.91,0.55,37.28
2700,270433762,-993.65,98.14,90.33,-1.10,-0.79,0.37,37.28
2701,270437811,-993.16,100.59,93.26,-0.98,-0.85,0.73,37.14
2702,270441861,-990.72,103.52,87.40,-1.10,-1.04,0.61,37.14
2703,270445918,-996.58,103.52,86.43,-1.04,-0.98,0.55,36.80
2704,270449968,-995.12,108.89,86.91,-0.67,-0.85,0.37,36.99
2705,270455762,-997.07,104.98,87.40,-0.73,-0.85,0.18,37.18
2706,270459811,-992.68,103.03,91.80,-0.91,-0.85,0.00,37.04
2707,270463861,-995.12,94.73,90.82,-0.85,-1.04,-0.37,37.18
2708,270467918,-991.70,95.70,93.26,-0.79,-0.79,-0.24,36.94
2709,270471968,-988.77,94.73,92.29,-1.04,-0.91,-0.18,37.28
2710,270477762,-996.58,96.68,90.33,-0.98,-0.73,-0.06,37.47
2711,270481811,-991.70,97.17,94.24,-0.85,-0.61,0.00,37.14
2712,270485861,-992.19,99.12,98.14,-1.16,-0.43,0.00,37.18
2713,270489918,-992.68,106.45,97.66,-1.04,-0.55,-0.06,36.99
2714,270493968,-992.68,108.40,95.70,-1.04,-0.49,0.00,37.28
2715,270499762,-994.63,103.03,95.70,-1.40,-0.37,-0.37,37.04
2716,270503811,-993.16,103.52,98.63,-1.28,-0.61,-0.73,36.85
2717,270507861,-997.56,106.45,98.63,-1.16,-0.30,-0.85,37.04
2718,270511918,-994.63,108.40,91.80,-1.04,-0.43,-1.04,37.28
2719,270515968,-993.65,107.91,96.19,-1.59,-0.30,-1.34,37.28
2720,270521762,-997.56,98.14,97.66,-1.04,-0.18,-1.59,37.28
2721,270525811,-998.05,103.52,91.31,-1.04,-0.12,-1.59,37.14
2722,270529861,-998.05,98.14,87.40,-1.10,-0.30,-1.28,37.18
2723,270533918,-995.61,98.14,79.59,-1.16,-0.37,-1.46,37.28
2724,270537968,-1000.00,98.14,88.38,-0.91,-0.55,-1.16,36.80
2725,270543762,-994.63,100.59,83.01,-1.04,-0.18,-0.98,36.99
2726,270547811,-994.14,96.19,89.36,-1.28,-0.43,-1.10,36.75
2727,270551861,-993.65,98.14,90.82,-0.91,-0.73,-0.85,37.14
2728,270555918,-1003.42,89.84,89.36,-1.10,-0.55,-0.79,37.28
2729,270561762,-996.09,96.19,91.31,-1.16,-0.55,-0.85,37.14
2730,270565811,-993.65,95.70,91.80,-0.85,-0.49,-0.98,37.18
2731,270569861,-999.02,96.68,94.24,-0.98,-0.55,-0.73,36.66
2732,270573918,-997.07,97.17,100.59,-0.91,-0.43,-0.67,37.18
2733,270577968,-992.19,98.14,97.66,-0.67,-0.43,-0.55,37.28
2734,270582017,-999.51,103.52,93.75,-0.79,-0.67,-0.55,36.99
2735,270587762,-1001.46,96.19,92.77,-0.73,-0.73,-0.61,37.18
2736,270591811,-1004.39,96.19,94.73,-0.79,-0.67,-0.49,37.37
2737,270595861,-1001.95,98.14,91.31,-0.67,-0.79,-0.37,37.28
2738,270599918,-994.63,91.80,83.01,-0.73,-0.98,0.12,37.18
2739,270605762,-999.02,88.38,87.89,-0.98,-0.67,0.12,37.28
2740,270609811,-997.07,92.29,89.84,-0.79,-0.91,0.91,37.28
2741,270613861,-1002.93,93.26,92.29,-1.04,-0.91,1.04,37.04
2742,270617918,-1001.95,97.17,86.91,-0.98,-0.79,1.04,36.94
2743,270621968,-1004.39,105.47,91.31,-1.10,-0.98,1.16,37.28
2744,270627762,-1000.00,108.89,96.19,-1.04,-0.85,1.10,36.94
2745,270631811,-999.02,104.00,95.21,-1.10,-0.61,0.67,37.18
2746,270635861,-997.07,109.86,97.17,-0.98,-0.85,0.24,37.18
2747,270639918,-989.26,107.91,95.70,-1.04,-0.73,0.24,36.80
2748,270643968,-985.84,105.96,102.05,-1.04,-0.67,0.00,37.18
2749,270649762,-991.70,103.52,100.10,-1.04,-0.67,-0.18,37.28
2750,270653811,-995.61,106.45,91.80,-0.61,-0.61,-0.43,36.94
2751,270657861,-1001.95,103.03,92.77,-0.85,-0.49,-0.67,37.28
2752,270661918,-1000.49,101.56,94.24,-0.85,-0.55,-0.73,36.75
2753,270665968,-1002.93,93.75,89.36,-0.79,-0.79,-0.55,37.28
2754,270671762,-1003.42,92.29,90.33,-0.73,-0.98,-0.43,36.94
2755,270675811,-1002.44,100.10,77.64,-0.85,-0.61,-0.30,37.18
2756,270679861,-1009.28,99.61,80.08,-0.98,-0.79,-0.18,36.99
2757,270683918,-1006.35,95.70,84.47,-1.04,-0.85,-0.18,37.14
2758,270687968,-1001.46,95.21,82.52,-1.16,-0.79,-0.12,37.14
2759,270693762,-995.12,88.38,85.45,-1.10,-1.22,0.18,37.14
2760,270697811,-986.82,96.68,88.87,-1.10,-0.79,0.61,37.04
2761,270701861,-985.84,89.36,91.31,-1.10,-0.61,0.61,37.28
2762,270705918,-991.70,91.80,91.80,-0.98,-0.67,0.55,36.94
2763,270709968,-995.12,99.61,92.77,-0.67,-0.79,0.91,37.04
2764,270715762,-1003.42,107.42,100.59,-0.91,-0.79,0.79,37.14
2765,270719811,-1003.91,108.40,97.66,-0.79,-1.04,0.37,36.99
2766,270723861,-996.09,106.93,99.12,-0.73,-0.91,0.00,36.99
2767,270727918,-997.07,105.96,96.68,-1.04,-0.91,-0.61,37.33
2768,270731968,-992.19,99.12,97.17,-0.67,-0.79,-0.67,37.28
2769,270737762,-993.65,98.63,97.66,-0.85,-0.85,-0.67,36.94
2770,270741811,-995.61,98.63,92.29,-0.91,-0.73,-0.55,36.94
2771,270745861,-994.63,93.75,92.29,-0.79,-0.61,-0.43,36.99
2772,270749918,-993.16,90.82,93.75,-0.91,-0.79,0.00,37.14
2773,270753968,-993.16,86.43,89.84,-0.85,-0.61,0.30,36.80
2774,270759762,-996.09,92.29,90.82,-0.85,-0.49,0.98,37.18
2775,270763811,-994.63,88.38,88.87,-0.98,-0.55,1.59,37.14
2776,270767861,-996.58,90.82,91.31,-0.98,-0.30,1.89,37.33
2777,270771918,-996.09,95.21,92.77,-0.79,-0.30,1.83,37.18
2778,270777762,-995.61,100.59,93.75,-0.73,-0.43,1.95,37.18
2779,270781811,-1000.00,97.66,93.75,-0.79,-0.79,1.52,37.33
2780,270785861,-1003.42,101.56,95.70,-0.73,-0.73,1.34,36.85
2781,270789918,-1001.46,110.84,93.26,-0.67,-0.73,1.46,36.94
2782,270793968,-1004.39,111.33,88.87,-0.73,-0.61,0.85,37.04
2783,270798017,-998.05,111.33,97.66,-0.98,-0.85,0.73,36.99
2784,270803762,-991.70,108.89,94.24,-1.22,-0.61,0.43,37.28
2785,270807811,-997.07,104.98,99.12,-0.67,-0.67,0.18,37.28
2786,270811861,-995.61,101.56,95.21,-1.04,-0.98,0.12,37.14
2787,270815918,-995.12,103.52,92.29,-0.98,-0.67,0.18,37.28
2788,270821762,-998.05,100.10,94.24,-1.04,-0.79,0.12,37.18
2789,270825811,-1007.32,101.07,93.26,-0.98,-0.61,0.18,37.14
2790,270829861,-1003.91,99.12,89.84,-0.67,-0.85,0.12,37.14
2791,270833918,-997.56,98.63,92.29,-0.79,-1.10,0.24,37.14
2792,270837968,-1002.44,98.14,91.80,-0.67,-1.10,0.00,37.18
2793,270843762,-995.12,92.77,90.33,-0.91,-1.16,-0.18,37.18
2794,270847811,-993.65,95.21,96.19,-0.61,-1.10,0.18,37.33
2795,270851861,-995.12,102.05,94.24,-0.61,-1.10,0.12,37.28
2796,270855918,-1004.39,111.82,91.31,-0.49,-1.22,-0.43,36.85
2797,270859968,-1000.98,123.05,90.33,-0.67,-1.16,-1.40,36.94
2798,270865762,-1000.00,117.68,95.70,-1.10,-1.46,-2.32,37.14
2799,270869811,-994.14,96.68,94.24,-1.28,-1.22,-3.05,37.18
2800,270873861,-993.65,88.87,96.19,-1.46,-1.16,-2.56,37.37
2801,270877918,-999.51,103.03,92.77,-0.98,-1.10,-2.01,36.94
2802,270881968,-1005.37,108.89,93.75,-1.22,-1.10,-1.83,37.33
2803,270887762,-1003.42,106.93,96.19,-1.10,-1.10,-2.44,37.28
2804,270891811,-996.09,112.30,90.82,-1.52,-1.10,-2.68,37.28
2805,270895861,-991.21,96.19,96.68,-1.71,-1.34,-3.35,37.18
2806,270899918,-991.21,77.64,87.89,-1.83,-0.85,-3.48,37.18
2807,270903968,-994.14,62.99,86.91,-1.16,-0.91,-2.68,37.04
2808,270909762,-991.21,59.08,90.33,-0.79,-0.67,-0.67,36.99
2809,270913811,-989.75,80.08,93.75,-0.61,-0.55,0.49,37.18
2810,270917861,-986.82,82.03,94.73,-0.55,-0.73,0.79,37.28
2811,270921918,-995.61,80.57,95.70,-0.12,-0.55,1.16,37.28
2812,270925968,-1000.00,85.94,92.77,-0.18,-0.91,1.34,37.28
2813,270931762,-1000.49,92.77,91.80,-0.24,-0.85,1.52,37.28
2814,270935811,-997.56,99.61,84.96,-0.43,-0.79,1.40,36.99
2815,270939861,-995.12,98.63,88.38,-0.18,-0.85,1.40,37.18
2816,270943918,-999.51,100.59,92.77,-0.30,-1.10,0.91,37.28
2817,270947968,-1002.93,115.23,87.89,-0.37,-1.10,0.43,36.94
2818,270953762,-1007.81,125.98,82.52,-0.73,-0.98,-0.49,36.94
2819,270957811,-1010.25,122.07,87.89,-1.34,-1.04,-2.07,36.94
2820,270961861,-1006.84,107.91,90.82,-1.28,-0.98,-2.62,37.37
2821,270965918,-1004.39,97.17,88.38,-1.59,-0.98,-2.38,37.14
2822,270969968,-995.12,97.66,90.33,-1.59,-1.28,-1.71,37.14
2823,270975762,-992.19,104.98,94.73,-1.22,-1.10,-1.65,36.99
2824,270979811,-989.75,95.21,95.70,-1.34,-0.98,-1.40,37.28
2825,270983861,-989.26,94.24,93.26,-1.10,-0.98,-1.28,37.28
2826,270987918,-993.65,93.26,95.21,-1.46,-0.98,-1.16,37.28
2827,270993762,-991.21,92.77,103.03,-1.04,-1.10,-1.04,36.94
2828,270997811,-994.14,87.89,99.12,-0.73,-0.98,-0.91,37.18
2829,271001861,-992.19,90.33,94.73,-0.67,-0.61,-0.67,37.18
2830,271005918,-990.72,84.47,98.63,-0.67,-0.85,-0.43,37.14
2831,271009968,-998.05,89.36,96.19,-0.55,-0.91,-0.24,37.28
2832,271015762,-997.07,89.36,99.61,-0.61,-0.73,-0.12,36.99
2833,271019811,-998.54,96.19,93.75,-0.43,-0.91,0.18,37.28
2834,271023861,-1002.93,94.24,96.19,-0.49,-0.79,0.12,37.28
2835,271027918,-1003.91,91.31,94.73,-0.79,-0.91,0.30,37.28
2836,271031968,-1004.39,90.33,96.19,-0.55,-0.79,0.49,37.37
2837,271037762,-1001.46,98.63,95.70,-0.55,-0.98,0.55,37.28
2838,271041811,-998.54,98.63,96.19,-0.85,-0.98,-0.06,36.94
2839,271045861,-1000.98,108.89,96.19,-0.73,-1.28,0.06,37.04
2840,271049918,-1000.00,107.42,95.21,-0.98,-0.98,-0.43,37.28
2841,271053968,-998.54,106.93,92.29,-1.10,-1.16,-0.79,37.28
2842,271059762,-994.14,104.49,91.80,-1.16,-1.16,-1.40,37.14
2843,271063811,-994.14,95.70,93.26,-1.10,-1.16,-1.65,37.14
2844,271067861,-987.30,77.64,93.75,-1.16,-0.98,-1.40,36.80
2845,271071918,-993.65,84.47,91.80,-1.22,-0.91,-1.10,36.94
2846,271075968,-993.65,89.36,84.96,-1.16,-0.98,-0.73,37.18
2847,271081762,-1000.98,92.77,89.84,-1.10,-0.98,-0.61,36.94
2848,271085811,-1000.49,97.17,95.21,-0.91,-0.91,-0.43,37.28
2849,271089861,-1011.23,97.17,90.33,-0.91,-0.98,-0.49,37.14
2850,271093918,-1008.79,101.07,91.80,-1.16,-1.04,-0.30,37.04
2851,271097968,-1001.95,97.17,99.12,-1.10,-1.28,-0.43,37.18
2852,271103762,-999.02,89.84,99.61,-1.46,-1.10,-0.24,37.18
2853,271107811,-993.65,91.31,98.14,-1.22,-0.98,-0.06,37.04
2854,271111861,-995.61,88.87,94.24,-0.91,-0.79,0.00,37.18
2855,271115918,-992.19,95.21,97.17,-1.10,-0.67,0.18,37.14
2856,271119968,-992.68,95.21,91.80,-1.10,-0.91,-0.24,37.18
2857,271125762,-992.68,98.14,93.75,-0.85,-0.67,-0.24,37.14
2858,271129811,-991.21,96.68,89.84,-0.79,-0.61,-0.49,37.18
2859,271133861,-988.77,95.21,89.36,-1.04,-0.49,-0.61,37.18
2860,271137918,-990.72,98.14,93.26,-0.91,-0.55,-0.73,37.28
2861,271141968,-994.63,94.73,90.33,-1.10,-0.85,-0.91,37.18
2862,271147762,-1000.00,93.26,87.89,-1.16,-0.55,-0.79,36.99
2863,271151811,-1005.86,95.70,88.87,-1.10,-0.55,-0.67,36.94
2864,271155861,-1003.42,89.36,92.29,-1.10,-0.61,-1.04,37.18
2865,271159918,-1009.28,88.87,89.36,-1.10,-0.49,-1.10,37.18
2866,271163968,-1002.44,85.94,88.87,-1.16,-0.79,-0.67,36.85
2867,271169762,-1006.84,86.43,92.77,-1.22,-0.61,-0.49,36.85
2868,271173811,-1004.39,86.91,89.84,-1.10,-0.61,-0.24,36.99
2869,271177861,-997.07,88.38,101.07,-1.34,-0.37,0.00,37.28
2870,271181918,-988.28,83.01,99.12,-1.04,-0.30,0.24,37.28
2871,271185968,-988.28,83.01,105.47,-0.98,-0.24,0.30,36.94
2872,271191762,-980.96,83.50,99.12,-0.85,-0.24,0.61,37.04
2873,271195811,-979.49,83.01,102.54,-0.73,-0.24,1.10,36.94
2874,271199861,-988.28,91.80,96.68,-0.73,0.18,1.22,37.14
2875,271203918,-994.63,91.31,97.17,-0.85,0.43,1.16,37.18
2876,271209762,-993.16,90.82,93.26,-1.04,0.24,0.79,37.52
2877,271213811,-1000.98,95.21,87.40,-0.85,0.00,0.85,37.33
2878,271217861,-1006.35,97.66,86.43,-0.98,0.06,0.67,37.28
2879,271221918,-1011.72,99.12,88.38,-0.91,0.06,0.85,37.18
2880,271225968,-1005.37,94.24,87.89,-0.91,0.12,0.49,37.52
2881,271231762,-1000.49,91.80,89.36,-1.04,-0.12,0.61,37.28
2882,271235811,-995.61,83.01,92.29,-0.91,-0.12,1.04,37.04
2883,271239861,-994.63,81.54,84.47,-0.91,-0.18,1.83,37.14
2884,271243918,-994.63,83.50,93.75,-1.04,-0.30,1.83,37.14
2885,271247968,-993.16,86.91,94.24,-0.67,0.06,2.07,37.28
2886,271253762,-1000.00,96.19,101.07,-0.67,-0.18,1.89,36.94
2887,271257811,-1000.49,115.23,103.03,-0.61,0.00,1.46,37.28
2888,271261861,-1002.44,116.70,96.19,-0.85,-0.37,0.79,37.28
2889,271265918,-1001.46,114.75,98.63,-0.67,-0.18,0.37,37.18
2890,271269968,-1000.00,112.79,100.59,-1.10,-0.18,-0.24,37.33
2891,271275762,-991.70,110.84,99.61,-0.91,-0.06,-0.73,37.28
2892,271279811,-999.02,102.05,94.24,-1.22,-0.12,-1.10,37.18
2893,271283861,-1006.35,97.17,93.75,-1.28,-0.49,-1.34,37.14
2894,271287918,-1003.42,99.12,90.82,-0.98,-0.61,-1.40,36.94
2895,271291968,-1007.32,93.75,86.91,-1.16,-0.55,-1.59,36.94
2896,271297762,-1008.79,90.33,90.33,-0.85,-0.67,-1.28,37.37
2897,271301811,-1002.93,93.26,90.33,-1.10,-0.79,-1.10,37.28
2898,271305861,-1000.98,90.82,93.26,-0.91,-0.98,-0.73,36.99
2899,271309918,-992.19,93.26,94.24,-1.10,-0.98,-0.43,36.94
2900,271313968,-991.21,92.29,91.80,-1.04,-0.91,-0.43,37.33
2901,271319762,-991.70,86.43,99.61,-0.98,-0.85,-0.37,37.33
2902,271323811,-993.16,84.96,98.63,-1.28,-0.98,-0.12,37.33
2903,271327861,-997.07,93.26,99.61,-1.04,-0.73,0.37,36.99
2904,271331918,-996.09,97.17,99.12,-1.22,-0.79,0.18,37.28
2905,271335968,-994.14,92.29,101.07,-1.10,-0.73,-0.12,37.18
2906,271341762,-999.02,89.84,98.63,-1.46,-0.49,-0.24,37.37
2907,271345811,-999.02,85.94,100.10,-1.04,-0.73,-0.06,36.94
2908,271349861,-1000.00,90.82,97.66,-1.10,-0.49,-0.06,37.04
2909,271353918,-993.65,84.96,90.82,-1.04,-0.67,-0.12,36.99
2910,271357968,-1000.98,89.84,87.40,-1.16,-0.61,-0.06,36.94
2911,271363762,-998.54,89.84,91.31,-1.40,-0.79,0.00,37.04
2912,271367811,-1004.88,90.33,89.36,-1.40,-0.67,-0.24,36.94
2913,271371861,-997.07,88.38,91.80,-1.22,-0.85,-0.30,37.33
2914,271375918,-1002.93,83.01,92.77,-0.98,-0.91,-0.06,37.18
2915,271379968,-999.02,86.43,86.43,-1.04,-0.91,-0.06,37.04
2916,271385762,-996.09,83.98,86.91,-1.10,-1.04,0.43,36.75
2917,271389811,-997.07,92.29,85.94,-0.61,-0.91,0.24,36.85
2918,271393861,-1000.49,99.61,91.80,-0.98,-0.85,0.06,37.37
2919,271397918,-1003.91,95.70,90.82,-0.91,-0.98,-0.12,37.28
2920,271401968,-1001.46,103.03,93.26,-0.79,-1.22,0.06,36.99
2921,271407762,-1001.95,100.10,88.87,-1.04,-1.04,0.00,37.18
2922,271411811,-1000.98,95.21,97.66,-0.85,-1.22,-0.18,37.18
2923,271415861,-995.12,96.19,96.19,-1.16,-0.98,-0.06,37.28
2924,271419918,-996.58,88.87,99.12,-0.85,-0.73,-0.06,37.18
2925,271425762,-992.19,90.33,90.82,-1.10,-0.67,-0.24,37.14
2926,271429811,-993.65,84.96,94.24,-1.22,-0.73,0.12,37.04
2927,271433861,-997.07,86.91,92.77,-0.85,-0.98,0.30,37.33
2928,271437918,-994.63,85.45,92.77,-0.61,-0.61,0.98,37.18
2929,271441968,-989.75,81.54,95.70,-0.55,-0.55,0.85,37.33
2930,271447762,-987.30,80.57,94.24,-0.67,-0.49,1.28,37.28
2931,271451811,-992.19,83.01,84.96,-0.67,-0.61,1.52,37.33
2932,271455861,-990.72,83.01,92.29,-0.30,-0.49,2.07,37.28
2933,271459918,-993.16,87.89,94.73,-0.43,-0.55,2.26,37.18
2934,271463968,-994.63,87.89,93.75,-0.37,-0.43,2.38,37.18
2935,271469762,-999.02,85.94,90.82,-0.37,-0.55,2.26,37.33
2936,271473811,-1000.98,92.77,87.89,-0.30,-0.61,2.13,37.28
2937,271477861,-1007.81,86.91,86.91,-0.30,-0.67,2.20,37.04
2938,271481918,-999.02,86.91,87.89,-0.24,-0.67,2.26,36.85
2939,271485968,-997.56,86.91,87.89,-0.55,-0.79,2.44,37.28
2940,271491762,-991.21,84.47,91.31,-0.18,-0.85,2.80,37.47
2941,271495811,-990.23,94.24,94.24,-0.49,-0.30,2.62,37.04
2942,271499861,-996.09,100.59,94.24,-0.91,-0.55,2.50,37.04
2943,271503918,-1001.95,101.07,91.31,-0.49,-0.43,2.07,36.94
2944,271507968,-1008.79,102.05,90.82,-0.85,-0.18,1.52,37.28
2945,271513762,-1010.25,108.40,86.91,-0.98,-0.67,1.34,36.99
2946,271517811,-1011.72,102.54,93.26,-0.98,-0.61,0.73,37.28
2947,271521861,-1006.84,101.56,92.29,-1.10,-0.67,0.67,37.18
2948,271525918,-1003.91,95.70,91.31,-0.98,-0.91,0.49,37.14
2949,271529968,-998.54,91.80,95.70,-1.04,-0.85,0.37,36.94
2950,271535762,-994.63,83.01,92.29,-1.10,-0.79,0.98,37.18
2951,271539811,-988.28,80.08,96.19,-0.98,-0.91,1.83,37.28
2952,271543861,-991.70,83.98,103.03,-0.79,-0.85,2.38,37.18
2953,271547918,-993.65,89.36,101.07,-0.67,-0.73,2.74,37.37
2954,271551968,-992.68,91.80,90.82,-0.55,-0.67,2.74,37.18
2955,271557762,-993.65,98.14,94.24,-0.43,-0.79,2.93,37.28
2956,271561811,-994.14,110.35,93.75,-0.49,-0.98,2.56,37.14
2957,271565861,-996.58,118.65,91.31,-0.73,-0.79,2.01,37.18
2958,271569918,-997.07,120.12,86.43,-0.91,-0.79,1.46,37.18
2959,271573968,-997.07,122.07,87.89,-1.04,-1.04,0.37,36.94
2960,271579762,-996.58,113.28,89.36,-1.40,-0.91,-0.30,37.18
2961,271583811,-996.09,94.73,100.59,-1.16,-0.98,-0.49,36.85
2962,271587861,-1000.98,89.84,94.24,-1.16,-0.61,-0.18,37.14
2963,271591918,-998.54,90.82,86.43,-1.16,-0.98,0.49,37.28
2964,271595968,-1002.44,90.33,91.31,-0.85,-1.10,0.49,36.85
2965,271601762,-999.02,85.45,88.87,-1.28,-0.79,0.79,36.94
2966,271605811,-997.07,82.52,96.68,-0.79,-0.61,0.85,37.04
2967,271609861,-990.23,80.08,101.07,-0.67,-0.61,1.46,37.18
2968,271613918,-987.79,83.98,103.52,-0.73,-0.98,1.89,37.14
2969,271617968,-992.19,91.80,97.17,-0.37,-0.55,1.95,36.85
2970,271623762,-1005.86,100.59,98.14,-0.49,-0.49,2.01,36.94
2971,271627811,-1010.74,109.86,98.63,-0.91,-0.67,1.34,37.14
2972,271631861,-1000.49,108.40,102.05,-1.04,-0.85,0.73,37.18
2973,271635918,-998.54,112.30,99.61,-1.10,-0.67,0.49,37.28
2974,271641762,-993.16,109.86,96.68,-1.16,-0.85,0.00,37.18
2975,271645811,-1000.98,108.89,93.26,-1.16,-0.61,-0.12,37.18
2976,271649861,-999.51,102.05,90.82,-1.52,-0.98,-0.49,37.37
2977,271653918,-999.02,93.75,92.77,-1.65,-0.85,-0.12,37.18
2978,271657968,-1002.44,90.82,92.29,-1.40,-1.04,0.24,37.28
2979,271663762,-994.14,93.75,86.91,-1.52,-1.10,0.49,37.18
2980,271667811,-993.65,82.52,92.77,-1.28,-1.04,0.55,37.28
2981,271671861,-987.30,91.80,95.70,-1.46,-0.98,0.98,37.04
2982,271675918,-988.77,89.84,93.26,-1.40,-0.98,1.16,37.18
2983,271679968,-992.19,85.45,96.68,-1.34,-0.73,1.52,37.33
2984,271685762,-993.65,94.73,94.24,-1.10,-0.61,1.46,37.14
2985,271689811,-995.61,106.93,93.26,-1.34,-0.37,1.10,36.94
2986,271693861,-1000.00,115.23,89.84,-1.34,-0.37,0.00,36.94
2987,271697918,-1002.93,117.19,98.14,-1.46,-0.43,-0.73,36.99
2988,271701968,-1000.98,91.80,105.47,-1.28,-0.43,-1.10,37.18
2989,271707762,-1001.95,91.31,105.96,-0.98,-0.37,-0.49,37.28
2990,271711811,-996.58,112.30,101.07,-1.10,-0.49,-0.43,36.94
2991,271715861,-992.68,106.93,97.17,-1.04,-0.12,-0.91,37.28
2992,271719918,-990.23,97.17,97.66,-1.10,-0.18,-1.22,37.04
2993,271723968,-991.70,93.26,95.21,-1.10,-0.24,-1.46,37.04
2994,271729762,-986.33,91.31,94.73,-1.10,0.06,-1.59,37.18
2995,271733811,-991.70,89.36,97.66,-0.98,0.43,-1.22,37.18
2996,271737861,-1000.00,90.33,89.36,-1.10,0.67,-1.22,37.18
2997,271741918,-1001.46,94.73,95.70,-1.04,0.55,-1.16,36.94
2998,271745968,-1001.95,104.49,93.26,-1.10,0.24,-1.46,37.28
2999,271751762,-1010.74,108.89,90.82,-0.98,0.30,-1.65,37.28
3000,271755811,-1006.35,111.33,90.33,-1.34,0.43,-2.62,37.04
3001,271759861,-1006.35,104.98,92.29,-1.34,0.06,-2.80,37.28
3002,271763918,-1002.93,98.14,94.73,-1.52,0.00,-2.87,37.14
3003,271767968,-997.07,96.68,90.82,-1.10,-0.12,-2.56,37.04
3004,271773762,-997.56,92.29,98.63,-1.10,-0.06,-2.38,37.14
3005,271777811,-998.54,87.40,92.29,-1.04,-0.37,-2.13,36.85
3006,271781861,-1003.91,90.33,87.89,-1.22,-0.49,-1.89,37.28
3007,271785918,-1008.30,88.87,90.82,-0.79,-0.67,-1.46,37.18
3008,271789968,-1006.35,88.38,94.24,-0.73,-0.85,-1.52,37.18
3009,271795762,-995.61,84.47,88.87,-0.91,-0.85,-1.10,36.94
3010,271799811,-994.14,82.52,92.29,-0.91,-0.98,-0.61,36.99
3011,271803861,-996.09,87.89,90.82,-0.85,-0.61,-0.24,37.14
3012,271807918,-997.07,87.40,93.26,-1.04,-0.79,0.12,37.28
3013,271811968,-997.56,85.94,94.73,-0.91,-0.61,0.61,36.99
3014,271817762,-996.09,90.82,90.33,-0.79,-0.43,0.67,37.14
3015,271821811,-997.56,98.63,92.77,-0.85,-0.73,0.49,36.94
3016,271825861,-1000.00,94.73,93.26,-0.91,-0.85,0.06,36.99
3017,271829918,-1001.95,102.05,93.75,-1.04,-0.98,-0.49,37.18
3018,271833968,-1002.93,100.10,90.33,-1.40,-1.04,-0.61,36.80
3019,271839762,-1003.91,96.19,86.43,-1.40,-0.91,-1.04,37.18
3020,271843811,-999.51,84.47,84.47,-1.59,-1.04,-0.67,37.28
3021,271847861,-993.65,76.66,94.24,-1.52,-0.98,-0.18,37.18
3022,271851918,-992.68,79.59,88.87,-1.59,-0.85,0.18,37.33
3023,271857762,-992.19,74.22,93.75,-1.34,-0.73,0.61,37.04
3024,271861811,-995.61,78.12,87.89,-1.16,-1.16,0.98,36.99
3025,271865861,-993.65,73.73,89.36,-0.98,-0.91,1.59,37.18
3026,271869918,-997.56,88.38,92.29,-1.16,-1.10,1.71,37.04
3027,271873968,-1003.42,92.77,92.29,-1.04,-1.16,1.59,37.14
3028,271879762,-1009.77,104.98,91.31,-1.04,-0.98,1.28,36.99
3029,271883811,-1000.00,107.91,98.14,-1.22,-0.73,0.67,37.28
3030,271887861,-996.58,107.91,101.56,-1.10,-1.04,0.30,36.94
3031,271891918,-993.16,108.40,103.03,-1.22,-0.67,-0.06,37.18
3032,271895968,-994.63,111.82,98.14,-0.98,-0.61,-0.67,37.28
3033,271901762,-995.12,101.56,95.70,-1.22,-1.04,-0.98,37.04
3034,271905811,-991.70,95.21,89.84,-1.10,-0.85,-0.91,37.14
3035,271909861,-1001.46,87.89,89.84,-0.79,-0.91,-0.79,37.33
3036,271913918,-1005.86,83.98,87.89,-1.04,-1.04,-0.43,37.04
3037,271917968,-1003.91,83.01,89.84,-0.91,-1.10,-0.18,37.04
3038,271923762,-1000.49,83.98,87.40,-0.91,-1.10,0.30,36.99
3039,271927811,-1001.46,83.01,89.84,-0.79,-1.04,0.79,37.28
3040,271931861,-1001.46,88.87,88.87,-0.85,-1.34,0.73,37.14
3041,271935918,-1001.46,91.80,88.38,-0.79,-1.16,1.04,37.18
3042,271939968,-1004.39,105.96,97.17,-1.28,-1.34,0.73,37.04
3043,271945762,-994.63,100.10,99.61,-1.10,-1.34,0.00,37.28
3044,271949811,-998.05,84.47,98.63,-0.91,-1.04,0.24,37.18
3045,271953861,-998.05,85.94,99.61,-0.85,-1.04,0.73,37.04
3046,271957918,-998.54,105.47,101.56,-1.04,-1.04,1.52,36.94
3047,271961968,-994.63,101.07,105.47,-0.85,-0.98,1.46,37.04
3048,271967762,-993.65,100.10,103.03,-0.73,-0.85,0.79,36.94
3049,271971811,-989.26,96.19,101.56,-0.91,-0.98,0.85,36.94
3050,271975861,-993.65,92.77,99.12,-0.85,-0.67,0.49,37.18
3051,271979918,-991.70,85.45,95.21,-0.61,-0.61,0.24,37.28
3052,271983968,-996.58,84.47,96.19,-0.85,-0.49,0.61,37.33
3053,271989762,-994.14,84.96,89.36,-0.85,-0.49,0.91,37.18
3054,271993811,-997.07,85.94,93.26,-0.79,-0.55,0.98,37.04
3055,271997861,-999.02,83.98,87.89,-1.10,-0.18,1.46,37.18
3056,272001918,-1005.37,94.24,85.94,-1.04,-0.06,1.52,37.14
3057,272005968,-1010.25,103.52,86.91,-0.85,-0.37,1.34,37.28
3058,272011762,-1009.28,104.00,91.31,-0.91,-0.37,0.73,36.75
3059,272015811,-1007.81,101.56,89.36,-0.98,-0.18,0.55,36.94
3060,272019861,-1009.28,107.42,91.31,-1.04,-0.49,0.12,37.18
3061,272023918,-1000.98,105.47,94.73,-0.85,-0.49,-0.55,37.37
3062,272027968,-996.58,106.93,97.17,-1.10,-0.37,-0.91,36.85
3063,272033762,-1000.49,105.47,105.47,-1.28,-0.24,-1.28,36.99
3064,272037811,-994.63,104.00,100.59,-1.10,0.30,-1.83,37.18
3065,272041861,-990.72,99.12,99.12,-1.34,0.06,-2.32,37.18
3066,272045918,-988.77,84.47,98.14,-1.40,0.12,-2.44,37.04
3067,272049968,-990.23,86.43,92.29,-1.40,0.18,-2.99,37.04
3068,272055762,-992.68,82.52,91.31,-1.34,0.37,-2.32,37.18
3069,272059811,-998.05,93.75,88.38,-1.40,0.37,-2.20,37.18
3070,272063861,-985.35,93.26,88.38,-1.34,0.18,-1.95,36.99
3071,272067918,-991.21,87.40,91.80,-1.22,0.06,-1.77,37.28
3072,272073762,-991.70,83.50,93.75,-1.28,0.06,-1.52,37.28
3073,272077811,-992.68,86.91,91.80,-1.22,0.24,-1.34,37.18
3074,272081861,-997.56,103.03,88.38,-1.34,-0.24,-1.40,37.28
3075,272085918,-995.61,98.63,91.80,-1.40,-0.24,-2.01,37.28
3076,272089968,-998.05,83.50,93.26,-1.40,-0.24,-2.01,37.14
3077,272095762,-997.07,78.61,97.66,-1.10,-0.43,-1.71,37.33
3078,272099811,-1003.42,91.31,101.07,-0.98,-0.37,-0.49,37.04
3079,272103861,-995.12,90.33,101.56,-0.91,-0.12,-0.61,37.28
3080,272107918,-992.68,85.94,98.14,-0.91,-0.37,-0.79,37.04
3081,272111968,-993.16,78.61,98.14,-0.79,-0.49,-0.73,36.94
3082,272117762,-998.54,85.45,96.19,-0.79,-0.49,-0.30,37.28
3083,272121811,-999.02,87.40,95.21,-1.10,-0.79,0.18,37.18
3084,272125861,-1000.49,79.59,94.73,-0.73,-0.67,0.18,37.37
3085,272129918,-994.63,83.50,90.33,-0.85,-0.98,0.55,36.94
3086,272133968,-1002.44,83.98,87.40,-1.34,-0.98,0.55,37.28
3087,272139762,-998.05,105.96,83.98,-1.34,-0.61,0.67,37.18
3088,272143811,-996.09,102.05,89.84,-1.40,-1.04,-0.12,37.33
3089,272147861,-996.58,73.73,96.19,-1.46,-0.98,-0.55,37.18
3090,272151918,-997.56,70.80,97.17,-1.10,-0.91,0.55,36.85
3091,272155968,-1004.88,85.94,92.77,-1.10,-0.91,1.52,37.28
3092,272161762,-1005.37,105.96,87.40,-0.61,-1.10,1.28,37.28
3093,272165811,-1005.86,100.10,86.91,-0.98,-0.85,1.28,37.28
3094,272169861,-998.54,104.00,92.77,-0.55,-1.22,0.91,37.37
3095,272173918,-997.56,99.12,97.17,-0.91,-1.04,0.67,37.14
3096,272177968,-997.56,97.17,90.33,-0.79,-1.10,0.49,37.18
3097,272183762,-997.07,88.38,86.43,-0.85,-0.98,0.49,37.33
3098,272187811,-995.12,97.17,90.82,-0.67,-1.28,0.73,37.28
3099,272191861,-999.51,91.31,89.36,-0.98,-1.16,0.73,37.28
3100,272195918,-993.16,87.89,92.77,-0.79,-1.34,0.79,37.18
3101,272199968,-990.72,89.36,93.75,-0.61,-1.40,0.73,37.33
3102,272205762,-988.77,88.38,95.21,-1.04,-1.34,0.98,36.99
3103,272209811,-991.21,90.82,86.91,-0.79,-1.59,0.91,36.85
3104,272213861,-992.68,97.17,89.84,-0.79,-1.10,0.91,37.18
3105,272217918,-999.02,91.80,97.17,-1.34,-0.79,0.30,37.28
3106,272221968,-996.09,81.54,96.68,-1.28,-0.67,0.18,37.14
3107,272227762,-998.05,72.75,102.54,-0.85,-0.98,0.98,36.75
3108,272231811,-995.61,88.87,101.07,-1.04,-0.98,1.95,37.04
3109,272235861,-999.51,96.68,97.66,-0.98,-0.79,2.13,37.28
3110,272239918,-992.19,98.14,96.68,-1.04,-0.61,1.46,37.18
3111,272243968,-999.51,94.73,99.61,-1.46,-0.43,1.52,36.94
3112,272249762,-1002.93,96.19,93.75,-1.52,-0.49,1.04,36.85
3113,272253811,-995.61,95.21,94.73,-1.34,-0.43,0.91,36.94
3114,272257861,-997.56,85.45,94.24,-1.28,-0.55,0.67,36.94
3115,272261918,-1000.49,86.43,89.36,-1.34,-0.61,0.79,37.18
3116,272265968,-1000.00,89.84,90.33,-1.22,-0.73,1.16,36.75
3117,272271762,-1001.46,95.21,85.45,-1.59,-0.67,0.91,36.99
3118,272275811,-1002.93,88.87,90.82,-1.16,-0.85,0.43,37.28
3119,272279861,-1005.37,85.45,91.31,-1.28,-0.85,-0.06,36.94
3120,272283918,-1001.95,83.50,95.70,-1.10,-1.04,0.49,37.18
3121,272289762,-1000.98,83.98,95.70,-0.85,-0.98,1.22,37.18
3122,272293811,-1001.46,101.56,91.80,-0.85,-1.34,1.34,37.18
3123,272297861,-994.63,99.12,84.96,-0.79,-1.04,1.22,36.94
3124,272301918,-990.23,95.21,98.63,-0.79,-0.98,1.28,37.28
3125,272305968,-985.84,88.87,100.10,-0.91,-0.79,1.40,37.37
3126,272311762,-989.26,98.14,94.73,-1.22,-0.67,2.01,37.33
3127,272315811,-993.65,87.89,102.54,-1.10,-0.49,1.71,37.37
3128,272319861,-993.65,86.91,99.61,-1.22,-0.24,1.71,36.94
3129,272323918,-998.05,94.73,97.17,-0.79,-0.18,1.65,37.28
3130,272327968,-998.54,94.73,93.75,-0.79,-0.43,1.40,37.37
3131,272333762,-1002.93,99.61,90.82,-0.91,-0.24,1.28,37.18
3132,272337811,-1004.39,100.10,89.84,-1.10,-0.55,0.73,37.28
3133,272341861,-1004.39,97.66,89.84,-1.04,-0.67,0.55,37.18
3134,272345918,-1000.98,105.47,85.94,-1.28,-0.61,0.00,36.80
3135,272349968,-1006.35,100.59,86.43,-1.65,-0.85,-0.61,37.28
3136,272355762,-999.02,87.89,95.21,-1.71,-0.98,-0.43,36.94
3137,272359811,-998.05,79.10,98.14,-1.40,-1.16,0.37,36.94
3138,272363861,-999.51,88.38,102.54,-1.28,-0.91,1.10,37.33
3139,272367918,-998.05,97.17,98.14,-1.40,-1.04,1.34,37.14
3140,272371968,-991.70,104.00,96.19,-1.65,-0.67,1.10,37.18
3141,272377762,-993.65,105.96,89.84,-1.65,-0.55,0.73,37.28
3142,272381811,-993.65,102.05,98.63,-1.46,-0.55,0.49,37.37
3143,272385861,-989.26,103.03,102.54,-1.59,-0.55,-0.18,37.04
3144,272389918,-990.23,97.66,103.03,-1.77,-0.30,-0.61,36.94
3145,272393968,-991.70,91.31,101.56,-1.22,-0.43,-0.55,37.18
3146,272399762,-996.09,87.89,97.17,-1.40,-0.55,-0.73,37.28
3147,272403811,-994.14,93.26,91.80,-1.04,-0.37,-0.55,37.28
3148,272407861,-1000.98,90.33,94.73,-0.98,-0.61,-0.55,36.94
3149,272411918,-1005.37,90.33,90.82,-0.91,-0.49,-0.67,37.37
3150,272415968,-1012.21,98.14,95.21,-0.91,-0.55,-0.67,37.37
3151,272421762,-1011.23,104.00,92.77,-0.91,-0.61,-0.67,36.80
3152,272425811,-1007.32,96.68,87.40,-1.04,-0.85,-0.43,37.04
3153,272429861,-1000.00,95.70,95.21,-1.10,-0.85,-0.18,37.28
3154,272433918,-997.07,95.21,91.80,-0.98,-0.85,-0.24,36.94
3155,272437968,-997.07,98.14,95.21,-1.10,-0.61,0.24,36.94
3156,272443762,-996.58,96.68,92.77,-1.04,-0.85,-0.18,37.04
3157,272447811,-994.14,98.63,97.66,-0.91,-0.67,-0.30,36.94
3158,272451861,-991.21,100.10,97.66,-1.34,-0.79,-0.24,37.14
3159,272455918,-986.82,94.73,97.17,-1.16,-0.73,-0.30,36.99
3160,272459968,-987.30,93.75,107.42,-1.16,-0.73,0.06,36.99
3161,272465762,-994.14,92.29,101.56,-0.79,-0.55,-0.30,36.80
3162,272469811,-998.54,100.59,95.21,-0.79,-0.67,-0.67,36.99
3163,272473861,-995.61,97.17,93.26,-0.67,-0.61,-0.85,37.28
3164,272477918,-996.58,88.87,96.19,-0.91,-0.98,-0.98,37.28
3165,272483762,-990.72,85.94,100.59,-0.91,-0.67,-0.85,37.28
3166,272487811,-992.19,82.03,96.68,-0.98,-0.61,-0.61,37.37
3167,272491861,-996.58,82.03,92.77,-1.04,-0.18,-0.30,37.14
3168,272495918,-1000.98,84.96,86.91,-1.04,-0.12,-0.24,37.18
3169,272499968,-1006.84,91.80,89.36,-1.16,-0.24,-0.06,37.18
3170,272504017,-1002.44,91.31,85.45,-1.16,-0.37,0.00,37.04
3171,272509762,-1002.93,89.84,84.96,-1.40,-0.30,0.00,37.18
3172,272513811,-1002.44,97.17,87.40,-1.22,-0.37,0.37,37.28
3173,272517861,-1000.98,97.66,87.40,-1.40,-0.67,-0.18,37.14
3174,272521918,-1002.93,96.19,91.31,-1.52,-0.79,-0.12,37.28
3175,272527762,-999.02,96.19,96.68,-1.28,-0.79,-0.24,37.04
3176,272531811,-1006.35,90.82,91.80,-1.22,-0.85,-0.67,37.28
3177,272535861,-995.12,91.80,93.26,-0.61,-0.73,-0.85,37.18
3178,272539918,-996.09,87.40,99.61,-0.61,-1.22,-0.79,37.18
3179,272543968,-997.56,84.47,94.73,-0.73,-1.10,-0.55,37.28
3180,272549762,-992.68,85.94,97.66,-0.67,-0.67,0.06,37.47
3181,272553811,-995.61,86.91,97.17,-0.55,-0.85,-0.12,37.37
3182,272557861,-1000.00,90.33,94.73,-0.73,-0.91,0.37,36.99
3183,272561918,-995.61,89.84,89.84,-0.79,-0.91,0.37,37.14
3184,272565968,-1000.00,88.38,96.19,-0.91,-0.85,0.55,37.14
3185,272571762,-990.72,90.33,91.31,-1.04,-0.91,1.10,37.37
3186,272575811,-996.09,87.40,84.96,-1.22,-0.85,1.46,37.28
3187,272579861,-993.16,92.29,90.33,-1.34,-0.73,1.40,37.18
3188,272583918,-1000.49,92.29,95.21,-1.04,-0.61,1.40,37.14
3189,272587968,-1004.88,94.73,90.82,-0.91,-0.91,1.16,37.28
3190,272593762,-1005.37,98.14,90.33,-0.85,-0.91,0.61,37.28
3191,272597811,-1005.86,99.61,90.33,-1.28,-0.85,0.06,37.33
3192,272601861,-999.51,95.70,90.33,-1.16,-0.61,0.18,37.37
3193,272605918,-997.56,98.14,93.75,-1.04,-0.55,-0.24,36.94
3194,272609968,-1003.42,96.68,92.77,-1.16,-1.04,-0.12,37.18
3195,272615762,-996.58,90.82,93.75,-1.16,-0.91,-0.06,37.37
3196,272619811,-991.70,85.45,86.43,-0.67,-0.79,0.18,37.18
3197,272623861,-989.26,78.12,91.31,-0.98,-0.79,0.06,37.28
3198,272627918,-999.51,75.68,90.82,-1.34,-0.67,0.43,37.18
3199,272631968,-997.07,78.12,83.01,-1.28,-0.55,0.61,37.18
3200,272637762,-994.14,70.31,91.31,-1.40,-0.55,0.73,37.14
3201,272641811,-997.07,69.82,88.38,-1.04,-0.55,1.34,37.04
3202,272645861,-998.54,72.27,86.91,-1.16,-0.67,1.83,37.18
3203,272649918,-993.65,74.71,88.38,-0.79,-0.30,1.89,37.28
3204,272653968,-995.12,84.96,88.38,-0.67,-0.67,2.13,37.28
3205,272659762,-1000.49,90.33,83.98,-0.85,-0.37,1.95,36.94
3206,272663811,-1000.49,103.03,87.40,-0.61,-0.85,1.52,37.04
3207,272667861,-1006.35,107.42,90.33,-0.79,-0.91,1.34,36.85
3208,272671918,-1008.30,103.52,98.14,-0.91,-0.91,1.28,37.28
3209,272675968,-998.54,105.47,96.68,-0.98,-0.85,0.79,37.14
3210,272681762,-994.63,97.66,97.66,-1.04,-0.85,0.67,36.94
3211,272685811,-992.68,93.26,100.10,-1.22,-0.73,0.37,37.33
3212,272689861,-984.37,94.73,103.03,-1.34,-0.43,0.30,37.33
3213,272693918,-991.21,93.26,98.14,-1.10,-0.37,-0.18,37.28
3214,272699762,-993.16,93.75,93.75,-1.28,-0.12,-0.37,37.04
3215,272703811,-992.19,95.21,91.31,-1.10,0.06,-0.37,37.14
3216,272707861,-997.07,90.33,93.26,-0.91,-0.30,-0.18,36.94
3217,272711918,-998.05,86.43,90.33,-0.85,-0.30,-0.24,37.18
3218,272715968,-1010.25,92.29,80.57,-0.98,-0.73,0.00,37.18
3219,272720017,-1013.18,90.82,83.50,-0.79,-0.91,-0.24,36.80
3220,272725762,-1010.25,93.26,86.43,-0.73,-1.04,-0.18,37.18
3221,272729811,-1013.67,89.36,88.38,-0.79,-1.16,-0.24,37.18
3222,272733861,-1007.32,95.70,86.43,-0.49,-1.22,0.24,36.75
3223,272737918,-1009.28,91.80,88.87,-0.73,-1.52,0.37,37.28
3224,272743762,-1001.46,89.36,96.19,-0.85,-1.22,0.67,37.04
3225,272747811,-993.65,91.31,94.24,-1.16,-1.46,0.43,37.14
3226,272751861,-998.54,102.05,99.61,-0.91,-1.40,0.55,37.14
3227,272755918,-994.63,111.33,94.73,-0.91,-1.10,0.12,37.37
3228,272759968,-997.07,113.28,100.59,-1.40,-1.04,-0.73,37.33
3229,272765762,-996.09,100.10,106.45,-1.40,-1.10,-1.65,37.14
3230,272769811,-990.72,91.31,105.47,-1.28,-0.85,-2.01,37.18
3231,272773861,-989.26,90.33,101.56,-1.16,-0.55,-2.07,37.14
3232,272777918,-995.61,92.29,102.05,-1.16,-0.85,-1.59,36.94
3233,272781968,-992.19,99.61,97.66,-1.16,-0.85,-1.40,37.18
3234,272787762,-998.05,93.75,99.61,-1.10,-0.67,-1.46,37.33
3235,272791811,-994.14,87.40,99.12,-0.98,-0.79,-1.16,37.14
3236,272795861,-996.58,84.47,96.68,-1.04,-0.85,-0.67,37.18
3237,272799918,-1000.49,86.91,93.75,-0.98,-1.04,-0.61,37.18
3238,272803968,-994.63,78.61,97.17,-0.85,-0.91,-0.18,36.94
3239,272809762,-998.54,77.64,98.63,-1.10,-1.16,0.30,37.18
3240,272813811,-993.16,72.27,91.80,-0.98,-0.91,1.22,37.18
3241,272817861,-994.63,74.71,94.73,-1.16,-0.79,1.71,37.28
3242,272821918,-987.79,83.50,90.82,-1.10,-0.85,1.89,36.99
3243,272825968,-992.19,91.31,91.80,-0.91,-1.04,2.32,37.37
3244,272831762,-989.26,98.14,96.19,-0.98,-0.67,1.95,37.33
3245,272835811,-999.51,112.30,91.80,-1.28,-1.04,0.67,37.28
3246,272839861,-1003.91,97.17,93.26,-1.46,-0.61,-0.24,37.33
3247,272843918,-1001.46,85.94,97.66,-1.10,-0.98,-0.30,37.04
3248,272847968,-998.54,96.19,88.87,-0.98,-0.55,0.73,37.04
3249,272853762,-995.12,108.40,90.82,-0.85,-0.98,0.49,36.99
3250,272857811,-986.82,101.56,90.33,-1.16,-0.98,0.00,36.80
3251,272861861,-992.19,89.36,89.36,-1.16,-1.04,0.00,37.28
3252,272865918,-996.58,84.47,89.36,-1.22,-0.91,0.12,37.28
3253,272869968,-998.05,82.52,92.77,-1.16,-1.04,0.00,36.80
3254,272875762,-1001.95,83.98,86.43,-1.34,-0.73,-0.06,36.80
3255,272879811,-997.56,86.91,85.94,-1.28,-0.30,0.00,36.85
3256,272883861,-999.51,85.94,89.36,-1.40,-0.30,-0.12,36.85
3257,272887918,-997.56,87.40,93.26,-0.91,-0.43,-0.12,37.28
3258,272891968,-994.14,95.70,98.63,-1.10,-0.37,0.06,36.99
3259,272897762,-995.61,102.05,105.47,-1.22,0.00,-0.55,36.94
3260,272901811,-995.61,98.63,106.45,-1.04,0.18,-0.61,36.94
3261,272905861,-991.70,95.70,110.35,-0.91,0.00,-0.85,36.99
3262,272909918,-996.58,103.03,106.45,-0.67,-0.24,-0.67,37.28
3263,272915762,-1000.00,109.37,106.93,-0.43,-0.06,-1.22,37.14
3264,272919811,-1002.44,105.96,101.07,-0.85,-0.30,-1.83,37.28
3265,272923861,-1001.95,100.59,104.00,-1.10,-0.30,-1.89,36.75
3266,272927918,-994.14,96.19,101.56,-1.16,-0.49,-2.13,37.04
3267,272931968,-990.72,85.94,97.66,-0.98,-0.61,-1.77,36.94
3268,272937762,-998.54,80.08,96.68,-0.85,-0.30,-1.10,36.94
3269,272941811,-995.61,80.57,87.89,-1.16,-0.43,-0.43,37.18
3270,272945861,-999.51,83.98,85.45,-0.98,-0.37,-0.12,37.04
3271,272949918,-994.63,83.50,93.26,-1.34,-0.37,0.43,37.33
3272,272953968,-994.14,81.05,94.24,-1.40,-0.24,0.79,37.28
3273,272959762,-994.63,85.45,94.73,-1.10,-0.24,0.98,37.33
3274,272963811,-992.68,89.84,90.82,-0.98,-0.49,1.34,37.28
3275,272967861,-993.65,90.33,96.68,-0.98,-0.43,1.34,37.18
3276,272971918,-996.09,95.70,93.75,-0.73,-0.18,1.28,37.18
3277,272975968,-991.70,97.66,92.77,-0.73,-0.30,0.85,37.04
3278,272981762,-1000.00,104.49,92.29,-0.85,-0.24,-0.18,37.28
3279,272985811,-1000.00,98.63,97.66,-0.91,-0.37,-0.73,37.14
3280,272989861,-1000.98,93.75,92.29,-0.98,-0.37,-0.98,37.28
3281,272993918,-1000.00,97.66,89.84,-0.85,-0.30,-0.73,36.99
3282,272997968,-1002.44,94.24,91.31,-1.04,-0.37,-0.91,37.04
3283,273003762,-1005.37,87.40,89.36,-1.22,-0.18,-0.91,37.28
3284,273007811,-996.09,74.71,91.31,-1.16,-0.30,-0.73,37.18
3285,273011861,-998.05,80.57,87.40,-1.16,-0.18,-0.49,37.28
3286,273015918,-998.05,80.57,92.29,-1.16,-0.12,-0.06,36.99
3287,273019968,-997.56,81.54,88.87,-0.73,-0.24,-0.18,37.52
3288,273025762,-998.54,89.36,92.29,-0.85,-0.30,-0.12,37.28
3289,273029811,-1001.95,93.26,98.63,-0.49,-0.06,-0.30,37.28
3290,273033861,-1003.42,103.52,94.73,-0.73,-0.18,-0.79,37.04
3291,273037918,-1001.46,104.98,92.77,-0.61,-0.24,-1.04,37.28
3292,273041968,-1003.91,105.96,94.24,-0.61,-0.18,-1.71,37.04
3293,273047762,-1005.86,104.98,97.66,-0.79,-0.55,-2.13,37.28
3294,273051811,-998.05,97.17,100.10,-0.67,-0.37,-2.56,37.52
3295,273055861,-994.63,86.43,100.10,-0.91,-0.37,-2.44,37.18
3296,273059918,-992.19,80.57,100.10,-0.67,-0.49,-2.01,37.14
3297,273063968,-988.77,82.03,92.77,-0.73,-0.37,-1.65,37.37
3298,273069762,-993.16,81.54,94.24,-0.67,-0.30,-0.98,36.94
3299,273073811,-1000.98,75.68,91.31,-0.61,-0.43,-0.67,37.18
3300,273077861,-1000.00,82.03,87.40,-0.49,-0.30,-0.24,37.37
3301,273081918,-1001.46,85.45,84.96,-0.67,-0.67,0.18,37.04
3302,273085968,-1005.37,86.91,88.87,-0.73,-0.73,0.24,36.94
3303,273091762,-1008.30,94.24,86.43,-0.79,-0.91,0.18,37.28
3304,273095811,-1009.77,96.68,88.38,-0.73,-0.73,-0.12,36.94
3305,273099861,-1005.86,95.70,101.56,-0.98,-0.85,-0.06,37.28
3306,273103918,-1003.42,93.26,97.17,-0.98,-1.04,-0.43,37.28
3307,273107968,-998.54,84.96,94.73,-0.91,-1.22,-0.37,37.14
3308,273113762,-995.61,84.96,92.29,-0.73,-1.10,-0.37,37.04
3309,273117811,-992.68,86.43,104.98,-0.91,-1.16,-0.43,36.99
3310,273121861,-989.26,85.94,103.03,-0.98,-0.98,-0.12,37.33
3311,273125918,-991.21,90.82,98.14,-0.73,-0.98,-0.43,36.99
3312,273131762,-993.65,90.33,102.54,-0.91,-0.67,-0.49,37.28
3313,273135811,-993.65,85.45,98.63,-1.16,-0.73,-0.91,37.28
3314,273139861,-996.09,83.50,95.21,-0.85,-0.61,-0.61,37.28
3315,273143918,-997.07,77.64,87.40,-0.79,-0.61,-0.49,36.99
3316,273147968,-998.54,80.08,82.03,-0.73,-0.91,-0.61,36.80
3317,273153762,-998.05,78.61,85.94,-1.16,-0.73,-0.24,37.37
3318,273157811,-997.07,80.08,88.38,-0.91,-0.91,0.00,37.18
3319,273161861,-997.07,78.12,87.89,-0.61,-0.73,0.00,37.04
3320,273165918,-1003.42,80.08,83.98,-0.91,-0.98,0.49,37.33
3321,273169968,-1003.91,86.91,81.05,-0.91,-0.98,0.49,37.14
3322,273175762,-1002.44,93.75,90.82,-0.67,-1.16,0.55,37.18
3323,273179811,-1001.46,89.36,91.31,-0.79,-1.16,0.37,37.28
3324,273183861,-997.07,91.31,92.29,-1.04,-0.73,0.67,37.18
3325,273187918,-993.65,93.75,91.80,-1.04,-0.98,0.79,37.28
3326,273191968,-995.61,93.26,90.33,-0.91,-0.67,0.43,37.18
3327,273197762,-992.19,91.80,97.66,-1.04,-0.73,0.18,37.37
3328,273201811,-996.58,94.24,94.73,-0.98,-0.43,0.24,37.18
3329,273205861,-998.05,92.77,90.82,-0.91,-0.85,-0.49,37.28
3330,273209918,-994.14,97.17,93.26,-1.10,-0.43,-0.61,36.94
3331,273213968,-998.54,92.29,97.17,-1.04,-0.91,-0.98,37.14
3332,273219762,-1000.98,87.40,89.36,-1.04,-0.85,-1.04,37.37
3333,273223811,-1009.28,83.98,83.50,-1.16,-1.04,-1.04,37.28
3334,273227861,-1008.79,79.59,90.33,-1.10,-1.16,-0.73,37.18
3335,273231918,-996.58,76.17,91.31,-0.98,-1.22,-0.49,37.14
3336,273235968,-994.14,73.73,94.73,-0.98,-1.28,0.06,37.14
3337,273241762,-997.07,76.17,92.29,-0.79,-0.98,0.37,36.99
3338,273245811,-995.12,75.68,96.68,-0.85,-0.91,0.67,37.37
3339,273249861,-993.16,88.38,96.19,-0.85,-0.79,0.79,37.14
3340,273253918,-989.75,89.36,98.14,-1.04,-0.73,0.91,37.28
3341,273257968,-992.19,90.33,102.54,-0.98,-0.67,1.04,37.18
3342,273263762,-988.28,89.36,104.49,-0.91,-0.49,0.85,37.18
3343,273267811,-996.09,92.77,104.00,-1.10,-0.55,0.49,36.94
3344,273271861,-995.61,101.07,103.52,-1.04,-0.49,0.18,37.14
3345,273275918,-994.63,97.17,97.17,-1.10,-0.37,-0.24,37.04
3346,273279968,-1000.00,93.26,94.24,-1.22,-0.73,-0.67,37.18
3347,273285762,-1000.49,83.50,95.21,-1.22,-0.91,-0.73,37.04
3348,273289811,-1000.98,81.05,93.26,-1.16,-0.85,-0.24,36.99
3349,273293861,-998.54,73.73,90.82,-1.16,-1.04,0.00,37.14
3350,273297918,-993.65,69.82,94.73,-0.79,-0.79,0.43,37.18
3351,273301968,-998.05,76.66,95.21,-0.67,-0.55,0.91,36.80
3352,273307762,-1005.37,83.98,87.40,-0.73,-0.61,1.16,36.94
3353,273311811,-1002.44,95.21,85.94,-0.49,-0.73,1.04,36.75
3354,273315861,-1003.91,90.33,91.31,-0.73,-0.67,0.85,37.28
3355,273319918,-999.02,89.36,91.31,-0.73,-0.67,1.22,37.28
3356,273323968,-993.16,89.84,100.59,-0.98,-0.49,0.98,36.99
3357,273329762,-995.12,91.31,98.14,-0.85,-0.49,0.91,36.99
3358,273333811,-994.14,103.03,100.10,-0.91,-0.49,0.67,37.37
3359,273337861,-991.70,102.05,100.10,-0.73,-0.43,0.12,37.28
3360,273341918,-1002.93,93.26,104.00,-0.73,-0.37,-0.18,37.18
3361,273347762,-998.05,88.38,98.14,-0.85,-0.43,-0.18,37.28
3362,273351811,-999.02,84.96,94.73,-0.85,-0.18,-0.61,37.28
3363,273355861,-1000.00,86.91,92.77,-0.61,-0.43,-0.24,37.28
3364,273359918,-1006.84,83.50,95.70,-0.73,-0.43,-0.12,37.18
3365,273363968,-1009.28,87.40,89.84,-0.67,-0.43,0.06,36.99
3366,273369762,-1001.46,82.03,92.77,-0.61,-0.85,0.49,37.18
3367,273373811,-991.21,71.29,95.70,-0.61,-0.91,0.98,37.18
3368,273377861,-993.65,68.36,92.77,-0.61,-0.73,1.71,37.18
3369,273381918,-991.21,72.75,88.87,-1.04,-0.67,2.32,37.14
3370,273385968,-991.21,69.34,86.91,-0.79,-0.85,2.74,37.28
3371,273391762,-997.07,75.68,95.70,-0.67,-0.73,3.54,37.14
3372,273395811,-996.58,86.91,91.31,-0.67,-0.91,3.48,37.33
3373,273399861,-997.07,86.91,88.38,-0.61,-0.85,3.05,37.28
3374,273403918,-1001.46,93.75,91.80,-0.79,-0.85,2.68,36.94
3375,273407968,-1000.00,97.17,94.24,-0.85,-0.98,2.32,37.18
3376,273413762,-1006.35,101.07,91.80,-0.73,-1.10,1.59,37.18
3377,273417811,-1001.46,105.47,93.75,-0.98,-0.73,1.16,37.28
3378,273421861,-1006.35,100.10,92.29,-0.98,-1.04,0.61,37.28
3379,273425918,-1004.88,93.75,89.36,-1.16,-0.91,0.43,36.75
3380,273429968,-999.51,89.84,88.87,-1.16,-0.85,0.55,37.14
3381,273435762,-999.02,89.84,93.26,-1.40,-1.16,0.55,36.94
3382,273439811,-996.09,85.45,98.14,-1.22,-0.79,0.91,37.18
3383,273443861,-989.75,86.43,97.66,-1.16,-0.73,1.16,37.28
3384,273447918,-989.75,86.91,100.59,-1.10,-0.73,1.22,36.99
3385,273451968,-994.63,88.38,94.73,-1.28,-0.61,1.22,37.33
3386,273457762,-993.65,87.40,101.07,-1.22,-0.37,0.91,37.18
3387,273461811,-993.65,91.31,101.56,-1.10,-0.49,1.16,37.28
3388,273465861,-995.61,92.77,98.63,-1.16,-0.37,1.34,37.28
3389,273469918,-998.05,93.75,98.63,-1.22,-0.43,1.04,37.18
3390,273473968,-1001.46,97.17,99.61,-0.98,-0.98,0.61,37.33
3391,273479762,-999.51,91.80,99.61,-0.73,-0.73,0.49,37.28
3392,273483811,-1004.39,86.91,95.70,-0.73,-1.10,1.16,36.75
3393,273487861,-1011.23,93.75,87.89,-1.16,-1.28,0.91,37.14
3394,273491918,-1014.65,97.17,82.52,-0.73,-1.28,0.79,37.18
3395,273495968,-1011.72,93.75,82.52,-0.91,-1.34,0.98,37.14
3396,273501762,-1003.91,86.43,85.94,-1.16,-1.65,0.85,37.14
3397,273505811,-998.54,87.40,91.31,-1.34,-1.65,1.16,37.28
3398,273509861,-993.16,87.89,94.73,-1.71,-1.34,1.16,37.18
3399,273513918,-993.65,96.19,95.21,-1.46,-1.34,0.67,37.33
3400,273517968,-987.79,94.24,95.70,-1.34,-0.79,0.55,36.99
3401,273523762,-988.77,96.19,91.31,-1.22,-0.85,-0.06,36.94
3402,273527811,-984.37,91.80,100.59,-1.10,-0.73,-0.18,37.18
3403,273531861,-993.65,89.84,101.56,-0.91,-0.61,-0.49,37.28
