seq,timestamp_us,ax_mg,ay_mg,az_mg,gx_dps,gy_dps,gz_dps,temp_c
0,191193498,-980.47,-276.37,-4.39,-1.77,2.26,-1.95,37.33
1,191197563,-987.30,-277.83,-10.25,-2.13,2.44,-1.89,36.94
2,191201612,-988.28,-286.62,-4.88,-2.13,2.44,-1.89,36.94
3,191205662,-995.12,-288.57,-12.70,-2.32,2.38,-1.34,36.94
4,191209716,-999.51,-295.41,-13.18,-2.01,2.50,-1.04,36.94
5,191213770,-998.54,-294.43,-15.62,-1.77,2.07,-0.43,36.99
6,191217820,-998.54,-294.43,-15.62,-1.77,1.89,0.06,37.18
7,191221869,-996.09,-286.62,-14.65,-1.65,2.07,0.55,36.94
8,191225925,-993.16,-280.76,-19.04,-1.71,2.01,0.67,36.80
9,191229974,-992.68,-279.79,-25.88,-1.71,1.71,0.55,36.94
10,191234024,-989.75,-279.79,-34.18,-1.65,1.40,0.55,37.04
11,191238073,-991.21,-283.69,-27.83,-1.46,1.10,0.49,37.04
12,191243762,-982.91,-289.06,-19.53,-1.34,0.61,0.67,36.80
13,191247811,-992.19,-294.43,-20.51,-0.98,0.91,0.79,37.04
14,191251861,-992.68,-288.57,-21.48,-0.85,0.49,1.04,37.14
15,191255918,-995.12,-290.04,-18.55,-0.67,0.49,1.65,36.94
16,191261762,-999.02,-288.57,-14.16,-0.73,0.06,2.01,37.18
17,191265811,-991.70,-282.23,-12.21,-0.61,-0.43,2.13,36.99
18,191269861,-987.79,-276.37,-8.30,-0.30,-0.73,1.71,37.04
19,191273918,-988.28,-265.62,-3.42,-0.49,-0.55,1.40,37.14
20,191277968,-989.75,-270.02,-5.37,-0.43,-0.55,0.67,36.85
21,191283762,-980.96,-265.62,-3.91,-0.55,-0.67,0.12,37.18
22,191287811,-979.00,-267.58,6.35,-0.85,-0.73,-0.67,36.99
23,191291861,-979.49,-264.65,5.37,-1.16,-0.67,-1.65,36.99
24,191295918,-979.00,-268.07,11.72,-1.16,-0.55,-1.95,37.18
25,191299968,-975.10,-266.60,14.16,-1.10,-0.37,-2.32,36.85
26,191305762,-976.07,-271.48,15.62,-1.16,-0.24,-3.17,36.99
27,191309811,-983.40,-269.04,11.23,-1.10,-0.06,-3.54,37.18
28,191313861,-979.49,-269.53,13.67,-1.71,-0.12,-3.78,36.94
29,191317918,-974.12,-273.93,9.77,-1.28,0.06,-3.29,36.80
30,191321968,-980.47,-274.90,8.79,-1.46,-0.12,-3.17,37.04
31,191327762,-984.86,-279.30,15.14,-1.34,-0.24,-2.99,37.04
32,191331811,-986.33,-270.02,8.30,-1.40,-0.06,-3.05,37.14
33,191335861,-989.75,-266.11,7.32,-1.71,0.12,-3.17,37.18
34,191339918,-989.75,-262.21,8.79,-1.89,0.06,-3.60,36.94
35,191343968,-989.26,-257.81,3.91,-2.07,-0.18,-4.02,36.99
36,191349762,-984.37,-258.30,0.98,-2.56,-0.30,-4.63,36.94
37,191353811,-988.77,-267.09,-4.88,-2.87,-0.30,-5.12,36.94
38,191357861,-979.49,-278.81,-11.72,-3.11,-0.30,-5.12,37.04
39,191361918,-978.03,-285.64,-3.42,-3.11,-0.37,-4.21,36.99
40,191365968,-974.61,-293.95,-2.93,-3.54,-0.43,-3.35,36.94
41,191371762,-975.10,-291.50,-9.77,-3.29,-0.12,-2.32,37.14
42,191375811,-976.07,-283.20,-8.79,-3.29,-0.37,-1.40,36.75
43,191379861,-977.54,-278.32,-15.62,-3.17,-0.61,-1.10,36.94
44,191383918,-979.98,-273.44,-20.51,-2.87,-0.55,-1.10,37.04
45,191387968,-979.98,-270.02,-20.51,-2.74,-0.73,-0.79,37.14
46,191393762,-980.96,-271.97,-18.07,-2.62,-0.79,-1.10,36.75
47,191397811,-976.56,-270.51,-22.95,-2.68,-0.98,-1.28,36.85
48,191401861,-979.00,-264.65,-25.88,-2.44,-0.98,-1.46,37.28
49,191405918,-974.12,-263.67,-23.93,-2.87,-0.85,-1.95,36.94
50,191409968,-976.56,-268.07,-26.37,-3.05,-1.04,-2.44,36.80
51,191415762,-968.75,-271.48,-31.74,-2.99,-0.85,-2.56,36.80
52,191419811,-958.01,-287.11,-25.88,-2.87,-0.91,-2.74,36.75
53,191423861,-961.43,-299.80,-25.39,-3.05,-0.98,-2.68,37.18
54,191427918,-954.59,-312.01,-36.13,-2.68,-0.79,-2.01,37.14
55,191431968,-956.54,-315.92,-37.60,-1.89,-0.73,-1.04,36.99
56,191437762,-949.71,-313.48,-1.46,-2.20,-0.24,-0.12,36.80
57,191441811,-953.61,-303.22,7.32,-1.34,-0.18,0.30,36.80
58,191445861,-960.94,-285.16,-12.70,-1.16,0.61,0.06,37.18
59,191449918,-973.63,-277.83,-24.41,-0.91,0.55,-0.61,36.94
60,191455762,-964.84,-272.95,-28.32,-1.16,-0.06,-1.95,37.04
61,191459811,-958.01,-288.09,-20.51,-1.10,0.12,-3.54,37.14
62,191463861,-957.03,-291.99,-10.74,-0.85,0.12,-4.51,37.14
63,191467918,-948.73,-293.95,-15.14,-0.55,0.43,-4.82,37.04
64,191471968,-954.10,-305.18,-11.23,-0.61,0.55,-5.18,37.28
65,191477762,-951.17,-311.04,-19.04,-0.24,0.91,-4.94,36.94
66,191481811,-949.22,-321.78,-18.07,0.49,1.04,-4.33,36.99
67,191485861,-955.08,-327.15,-19.04,0.98,1.22,-3.66,37.18
68,191489918,-956.54,-330.08,-18.55,1.71,1.34,-2.50,37.18
69,191493968,-958.98,-327.15,-16.11,1.83,1.40,-1.46,37.04
70,191499762,-960.45,-317.38,-20.02,2.62,1.52,-0.79,37.14
71,191503811,-961.91,-297.36,-21.97,2.99,1.65,0.06,37.28
72,191507861,-961.91,-287.11,-24.90,3.23,1.65,-0.18,36.75
73,191511918,-960.94,-280.76,-29.30,3.66,1.89,-0.55,36.94
74,191515968,-964.84,-275.88,-30.27,3.41,1.65,-1.10,36.94
75,191521762,-958.98,-282.23,-23.93,3.72,1.95,-1.22,37.28
76,191525811,-955.57,-277.34,-24.90,3.72,1.71,-1.95,37.18
77,191529861,-953.61,-275.39,-18.07,3.35,1.95,-1.95,37.28
78,191533918,-955.08,-273.44,-18.07,3.41,2.13,-2.68,36.75
79,191537968,-953.12,-273.93,-19.04,3.48,2.07,-2.93,36.99
80,191543762,-954.10,-280.27,-24.41,3.29,2.20,-2.99,37.18
81,191547811,-957.52,-284.18,-13.18,2.99,2.56,-2.99,36.94
82,191551861,-962.89,-286.62,-11.23,2.74,2.56,-2.56,37.14
83,191555918,-964.36,-286.62,-12.70,2.93,2.62,-2.26,36.94
84,191559968,-965.33,-280.76,-12.70,2.68,2.68,-2.07,37.14
85,191565762,-964.36,-280.27,-10.74,2.74,2.99,-2.13,36.99
86,191569811,-967.29,-283.20,-16.11,2.68,3.05,-2.07,37.33
87,191573861,-965.82,-287.60,-19.53,2.99,3.11,-2.13,37.18
88,191577918,-970.21,-290.04,-15.14,2.68,3.41,-1.89,37.04
89,191581968,-970.70,-292.97,-10.74,2.56,3.17,-1.40,36.94
90,191587762,-968.26,-295.90,-12.21,2.38,3.11,-1.34,37.18
91,191591811,-969.73,-286.62,-11.23,2.44,3.54,-1.52,36.94
92,191595861,-972.66,-288.57,-12.70,2.32,3.41,-1.52,37.18
93,191599918,-973.14,-289.55,-13.18,2.50,3.48,-1.65,36.94
94,191603968,-977.05,-293.46,-14.65,2.38,3.41,-1.95,36.94
95,191609762,-977.54,-290.53,-12.21,2.68,3.54,-1.89,36.99
96,191613811,-978.03,-284.18,-10.25,2.50,3.35,-2.50,36.94
97,191617861,-975.10,-286.13,-19.53,2.38,3.48,-2.99,37.04
98,191621918,-987.30,-291.02,-30.76,2.56,3.35,-3.84,37.04
99,191625968,-981.45,-295.41,-36.13,2.62,2.93,-4.02,36.80
100,191631762,-979.49,-306.64,-34.18,2.26,2.62,-3.84,37.14
101,191635811,-970.21,-313.96,-23.44,2.74,2.32,-2.87,36.75
102,191639861,-974.12,-315.92,-32.23,2.68,2.26,-2.62,36.94
103,191643918,-979.49,-316.89,-30.76,2.62,2.01,-2.01,37.04
104,191647968,-972.17,-321.29,-40.04,3.11,1.71,-1.59,36.94
105,191653762,-978.03,-331.05,-36.13,3.23,1.59,-1.10,37.04
106,191657811,-974.12,-341.31,-32.23,4.02,0.73,-0.43,37.28
107,191661861,-968.75,-338.87,-37.60,4.27,0.67,-0.06,36.99
108,191665918,-972.17,-345.21,-38.57,4.82,0.06,0.49,36.94
109,191671762,-969.24,-338.87,-41.99,5.43,-0.24,0.91,37.52
110,191675811,-968.26,-341.80,-39.06,6.04,-0.73,0.67,36.94
111,191679861,-964.84,-349.61,-44.43,6.77,-1.40,0.67,37.18
112,191683918,-954.10,-358.89,-47.85,7.32,-1.77,0.30,36.99
113,191687968,-951.66,-361.82,-48.83,7.99,-2.32,0.55,37.28
114,191693762,-943.36,-365.23,-49.80,8.60,-2.80,0.79,36.99
115,191697811,-925.78,-371.58,-53.22,9.57,-3.17,1.65,36.99
116,191701861,-925.78,-374.02,-63.48,10.43,-3.35,1.89,36.94
117,191705918,-908.20,-370.12,-55.18,11.04,-3.72,2.32,36.99
118,191709968,-896.00,-369.63,-56.15,11.77,-3.66,3.05,37.04
119,191715762,-889.16,-367.19,-60.55,12.50,-3.78,3.17,36.99
120,191719811,-878.42,-366.70,-58.59,13.54,-3.48,4.02,37.18
121,191723861,-873.05,-371.09,-52.25,14.15,-2.87,4.57,37.18
122,191727918,-866.70,-363.77,-44.43,14.63,-1.89,5.24,37.14
123,191731968,-864.75,-363.28,-36.13,15.30,-1.52,5.61,37.04
124,191737762,-867.68,-364.26,-40.04,15.55,-0.61,6.04,37.04
125,191741811,-862.30,-368.16,-35.64,16.28,0.30,6.34,36.99
126,191745861,-859.86,-363.77,-30.27,16.71,1.16,6.89,37.18
127,191749918,-855.96,-366.70,-25.39,17.07,2.44,7.20,36.80
128,191753968,-858.89,-367.68,-27.83,17.62,3.41,7.44,37.04
129,191759762,-857.91,-369.14,-24.41,18.29,4.51,7.56,37.14
130,191763811,-859.37,-368.65,-31.74,19.33,5.73,7.80,36.75
131,191767861,-856.93,-362.30,-33.69,19.70,6.65,7.62,37.04
132,191771918,-864.75,-362.79,-35.64,20.06,7.56,7.01,36.94
133,191775968,-861.82,-366.21,-42.48,20.30,8.96,6.65,37.14
134,191781762,-866.21,-368.16,-46.87,21.04,9.45,6.16,36.80
135,191785811,-864.75,-369.63,-48.34,21.34,10.79,5.55,37.18
136,191789861,-872.07,-371.58,-55.18,21.52,11.34,4.70,36.94
137,191793918,-874.51,-377.44,-56.64,21.95,12.56,4.15,37.14
138,191797968,-882.32,-375.98,-54.69,22.07,13.48,3.17,37.14
139,191803762,-886.72,-368.16,-47.85,22.20,14.51,2.74,37.04
140,191807811,-905.76,-365.72,-58.59,22.68,15.18,1.71,37.04
141,191811861,-909.18,-370.12,-62.01,22.93,16.10,0.98,37.04
142,191815918,-924.32,-366.70,-54.20,23.35,16.59,0.24,37.14
143,191819968,-923.83,-374.51,-52.73,23.72,17.50,-0.85,37.14
144,191825762,-928.22,-372.56,-49.80,24.39,18.05,-1.83,36.94
145,191829811,-919.92,-372.56,-45.90,25.06,18.78,-2.80,36.99
146,191833861,-931.64,-364.26,-52.73,25.43,19.45,-3.11,36.85
147,191837918,-943.85,-366.70,-47.36,25.98,19.88,-3.17,37.18
148,191841968,-952.64,-378.91,-54.69,26.28,20.18,-3.48,36.94
149,191847762,-957.03,-391.60,-51.76,26.95,20.79,-2.87,36.80
150,191851811,-971.68,-392.09,-59.57,28.29,20.91,-1.71,36.94
151,191855861,-973.63,-397.95,-58.59,28.90,20.98,-0.79,36.85
152,191859918,-972.17,-400.39,-63.48,29.82,21.46,0.24,36.94
153,191863968,-974.61,-404.30,-57.13,30.98,21.40,1.52,36.80
154,191869762,-981.45,-402.34,-62.50,31.89,21.59,2.56,36.94
155,191873811,-982.42,-394.04,-66.41,33.05,21.40,3.66,37.14
156,191877861,-985.35,-390.14,-71.29,33.54,21.04,4.27,36.94
157,191881918,-982.42,-380.37,-77.15,34.33,20.61,4.21,37.18
158,191887762,-983.89,-385.74,-79.59,35.55,20.30,4.39,37.14
159,191891811,-979.00,-382.32,-86.91,36.59,20.06,4.33,37.04
160,191895861,-972.66,-382.81,-80.57,37.87,20.18,4.63,37.14
161,191899918,-981.45,-384.28,-75.20,38.72,19.88,4.82,36.99
162,191903968,-980.47,-394.04,-75.68,40.00,19.70,5.49,36.94
163,191909762,-986.82,-399.41,-76.17,41.22,19.39,6.28,37.04
164,191913811,-992.68,-402.83,-81.05,42.93,18.84,7.44,36.94
165,191917861,-992.68,-410.64,-80.08,43.96,18.48,8.54,37.14
166,191921918,-995.12,-416.50,-72.27,45.18,17.93,9.39,36.94
167,191925968,-998.54,-420.41,-68.36,46.59,17.44,10.85,37.18
168,191931762,-996.09,-427.25,-66.89,48.11,16.77,12.68,37.47
169,191935811,-997.56,-432.62,-65.43,49.63,16.28,14.94,37.18
170,191939861,-1000.98,-439.94,-65.43,51.22,15.85,17.13,37.37
171,191943918,-994.14,-433.59,-60.06,52.68,15.24,18.84,36.80
172,191947968,-1008.30,-430.66,-55.66,53.96,14.63,20.91,36.99
173,191953762,-1016.11,-418.95,-59.57,55.37,13.60,22.07,36.99
174,191957811,-1004.39,-402.83,-53.71,57.32,12.50,23.17,36.94
175,191961861,-991.70,-395.02,-50.78,58.48,11.89,23.11,37.14
176,191965918,-989.75,-382.32,-44.92,60.24,10.91,22.62,36.85
177,191969968,-991.21,-366.21,-39.55,61.77,10.18,21.52,37.33
178,191975762,-985.84,-360.35,-45.41,62.87,9.33,20.12,36.85
179,191979811,-985.35,-362.79,-56.64,65.24,8.60,18.17,36.99
180,191983861,-990.72,-363.28,-54.20,66.34,7.93,17.20,37.28
181,191987918,-976.56,-364.75,-51.76,67.62,7.74,15.85,36.94
182,191991968,-960.94,-370.61,-47.36,69.21,7.07,15.30,36.99
183,191997762,-948.73,-388.67,-35.64,71.22,7.07,15.49,37.37
184,192001811,-956.05,-403.32,-49.32,73.66,7.32,16.89,36.94
185,192005861,-954.59,-410.16,-48.34,75.18,7.20,18.48,36.94
186,192009918,-960.45,-407.23,-51.76,76.52,7.07,20.55,37.28
187,192013968,-960.94,-400.88,-57.13,78.29,7.07,22.32,37.28
188,192019762,-978.03,-416.50,-57.62,80.06,6.89,25.18,37.28
189,192023811,-978.52,-406.74,-49.32,81.40,7.01,29.70,36.85
190,192027861,-974.12,-421.39,-56.64,82.07,7.20,33.23,37.18
191,192031918,-975.10,-404.30,-42.97,83.78,7.13,37.32,37.04
192,192035968,-982.42,-399.90,-44.43,84.94,7.38,41.04,37.14
193,192041762,-980.96,-393.07,-41.02,85.79,7.56,43.72,36.85
194,192045811,-983.40,-374.02,-45.41,87.20,7.32,46.16,36.85
195,192049861,-983.89,-365.72,-39.06,87.99,7.26,47.38,36.94
196,192053918,-992.68,-357.91,-41.02,88.78,7.26,48.29,37.14
197,192057968,-992.19,-346.19,-43.46,89.45,7.01,49.76,36.75
198,192063762,-993.65,-328.12,-36.62,89.76,6.89,50.79,36.85
199,192067811,-1002.44,-301.27,-31.25,89.94,6.77,51.52,36.75
200,192071861,-1004.39,-289.06,-19.53,89.88,6.71,51.83,37.14
201,192075918,-996.09,-283.20,-14.65,90.06,6.65,51.71,37.04
202,192079968,-987.30,-276.86,-6.84,90.55,6.89,51.10,36.80
203,192085762,-983.40,-268.55,4.88,90.37,7.56,50.37,37.04
204,192089811,-983.89,-272.46,12.70,90.61,8.29,49.09,37.18
205,192093861,-985.35,-273.44,22.46,91.04,8.60,48.60,37.14
206,192097918,-1000.00,-274.41,30.27,91.04,9.02,48.05,37.14
207,192103762,-1015.14,-264.16,34.18,91.16,9.70,47.68,37.28
208,192107811,-1035.64,-249.02,41.99,90.91,10.12,46.46,37.14
209,192111861,-1047.85,-245.12,42.97,90.67,10.00,45.55,37.14
210,192115918,-1054.69,-230.96,52.73,90.49,9.82,44.09,37.18
211,192119968,-1068.85,-219.24,59.08,90.30,10.00,41.71,37.52
212,192125762,-1070.31,-206.54,80.57,89.88,10.37,38.96,36.94
213,192129811,-1085.94,-198.24,79.10,89.33,10.55,35.12,37.18
214,192133861,-1102.54,-195.80,79.59,88.29,10.55,31.89,37.18
215,192137918,-1109.38,-198.24,91.31,87.87,10.30,30.00,37.33
216,192141968,-1119.63,-201.17,91.31,86.95,10.24,27.38,37.04
217,192147762,-1133.79,-200.20,99.12,86.71,10.12,25.00,37.18
218,192151811,-1158.69,-194.82,112.30,86.28,9.51,22.74,37.28
219,192155861,-1175.29,-192.38,112.30,85.85,8.90,21.52,36.85
220,192159918,-1191.89,-187.01,124.02,85.61,8.35,20.12,36.85
221,192163968,-1201.17,-192.38,117.68,85.12,7.99,18.96,37.04
222,192169762,-1208.98,-197.27,114.75,85.18,7.07,18.17,37.14
223,192173811,-1218.26,-204.59,120.61,85.55,5.98,17.68,37.18
224,192177861,-1218.26,-211.43,125.00,85.85,5.12,17.68,37.04
225,192181918,-1229.00,-209.96,123.54,86.52,4.27,18.23,36.80
226,192185968,-1231.45,-203.61,122.07,86.77,3.35,18.54,37.28
227,192191762,-1233.89,-195.80,109.86,87.62,2.26,19.09,36.94
228,192195811,-1237.79,-183.59,106.45,88.05,0.98,19.82,37.04
229,192199861,-1234.38,-171.87,98.14,88.11,0.06,19.94,37.18
230,192203918,-1241.21,-159.18,96.19,88.17,-1.59,20.43,36.75
231,192207968,-1228.03,-150.39,81.54,88.35,-2.74,20.55,37.18
232,192213762,-1220.70,-138.18,79.10,88.35,-3.72,20.79,37.18
233,192217811,-1213.38,-149.90,81.05,88.23,-4.94,21.10,37.28
234,192221861,-1197.75,-140.62,87.89,88.17,-4.88,21.59,36.85
235,192225918,-1205.08,-151.86,96.68,88.60,-5.49,23.29,36.85
236,192229968,-1214.84,-149.41,100.10,88.78,-6.16,25.00,37.28
237,192235762,-1224.61,-143.55,101.07,88.96,-6.83,26.46,36.94
238,192239811,-1247.07,-105.96,101.56,89.02,-8.48,28.17,36.94
239,192243861,-1253.42,-85.45,88.87,88.48,-9.51,28.84,36.99
240,192247918,-1264.16,-50.29,93.26,88.23,-10.49,28.66,37.04
241,192251968,-1273.93,-17.09,78.61,87.44,-11.83,27.74,37.04
242,192257762,-1296.39,31.74,76.66,87.20,-13.78,24.94,37.18
243,192261811,-1322.75,74.71,59.08,86.10,-16.59,20.85,36.94
244,192265861,-1331.05,93.26,62.01,85.06,-18.60,17.07,36.94
245,192269918,-1346.19,68.85,37.60,84.27,-21.71,12.56,36.94
246,192273968,-1355.96,64.94,23.93,83.78,-24.15,9.09,36.75
247,192279762,-1353.03,48.83,26.86,82.74,-27.20,7.20,36.80
248,192283811,-1348.14,47.85,31.74,81.77,-31.16,5.30,36.75
249,192287861,-1348.14,41.99,30.27,80.91,-33.41,5.06,37.18
250,192291918,-1328.61,36.62,35.64,79.94,-36.10,5.30,37.14
251,192295968,-1313.96,24.90,34.18,78.78,-38.41,5.85,36.99
252,192301762,-1278.32,36.62,30.27,77.99,-40.00,7.26,36.94
253,192305811,-1252.44,31.74,40.53,76.59,-42.13,8.66,36.94
254,192309861,-1231.45,21.48,49.32,75.55,-43.29,9.76,36.94
255,192313918,-1212.89,20.51,51.27,74.57,-44.45,10.79,37.04
256,192319762,-1188.96,18.55,49.32,73.84,-44.94,12.13,37.18
257,192323811,-1157.23,36.62,43.46,72.74,-45.24,13.96,36.85
258,192327861,-1147.95,42.97,35.16,71.16,-45.30,15.98,36.99
259,192331918,-1131.35,55.18,30.76,70.00,-45.37,17.13,37.18
260,192335968,-1116.70,62.50,26.86,68.60,-45.06,18.29,37.18
261,192341762,-1101.56,73.73,23.44,66.95,-44.82,18.60,37.14
262,192345811,-1092.29,79.59,22.95,65.49,-45.12,18.41,36.99
263,192349861,-1089.36,86.91,-0.98,65.00,-44.94,17.56,37.18
264,192353918,-1084.96,86.43,-11.23,64.15,-45.30,16.34,36.99
265,192357968,-1080.08,95.21,-0.49,63.48,-45.85,13.54,37.18
266,192363762,-1064.94,101.56,18.55,62.38,-45.49,10.00,36.94
267,192367811,-1054.69,105.96,21.00,60.98,-45.06,6.28,37.28
268,192371861,-1066.89,64.45,32.71,59.21,-44.15,4.57,37.33
269,192375918,-1075.20,44.92,19.53,58.35,-44.09,4.09,36.80
270,192379968,-1060.55,70.31,21.00,56.59,-43.60,4.51,36.99
271,192385762,-1067.38,97.17,35.64,54.33,-43.60,5.30,37.04
272,192389811,-1050.29,128.91,38.09,52.62,-43.54,2.50,37.18
273,192393861,-1058.11,166.99,27.34,51.04,-42.99,-0.37,36.85
274,192397918,-1038.57,148.93,38.57,48.90,-43.17,-4.76,36.94
275,192401968,-1022.46,123.54,44.43,46.77,-42.32,-8.84,37.18
276,192407762,-1021.97,85.45,42.48,45.18,-41.89,-11.10,37.28
277,192411811,-1027.34,23.44,65.92,43.17,-41.65,-12.01,37.04
278,192415861,-1008.79,-11.72,65.92,42.99,-41.40,-12.01,37.04
279,192419918,-1009.77,-27.83,79.10,42.68,-41.46,-10.98,36.94
280,192423968,-1001.46,-42.48,76.17,42.50,-41.22,-9.21,37.28
281,192429762,-992.19,-27.34,79.10,42.38,-40.30,-7.62,37.18
282,192433811,-979.98,-24.90,78.61,41.77,-40.00,-6.89,37.18
283,192437861,-960.45,-11.72,85.94,41.77,-39.21,-7.26,37.18
284,192441918,-956.54,-7.32,98.14,41.46,-37.93,-7.26,37.14
285,192445968,-961.43,-36.13,99.61,41.04,-36.59,-7.99,37.33
286,192451762,-969.24,-30.27,107.91,40.73,-35.73,-8.17,37.28
287,192455811,-967.29,-18.55,110.35,40.12,-34.45,-8.60,36.80
288,192459861,-959.96,-9.28,116.21,40.06,-32.99,-9.27,37.14
289,192463918,-969.24,-6.84,110.84,40.06,-32.32,-11.28,36.94
290,192467968,-980.96,-5.86,113.77,38.84,-31.77,-13.35,37.18
291,192473762,-978.03,-3.42,114.26,38.35,-31.34,-15.79,37.14
292,192477811,-984.86,5.37,112.30,37.80,-30.49,-18.90,36.80
293,192481861,-987.30,0.49,106.93,37.56,-30.37,-21.46,36.99
294,192485918,-983.40,-1.95,101.07,36.83,-29.94,-24.82,37.04
295,192489968,-986.33,-7.32,100.59,36.83,-29.94,-28.17,36.94
296,192495762,-983.40,-38.09,99.61,36.83,-30.00,-31.95,36.94
297,192499811,-987.79,-73.24,110.84,37.32,-29.57,-35.79,36.99
298,192503861,-999.02,-101.07,109.86,37.68,-29.27,-37.13,37.18
299,192507918,-996.09,-107.42,109.86,37.87,-28.66,-38.35,37.14
300,192511968,-1001.46,-110.35,110.35,38.11,-28.66,-38.11,36.80
301,192517762,-994.14,-98.14,115.72,38.05,-28.41,-37.74,37.14
302,192521811,-994.14,-81.54,113.28,37.80,-27.68,-37.07,37.18
303,192525861,-988.28,-85.45,112.30,37.87,-27.01,-36.59,36.94
304,192529918,-993.65,-100.10,113.28,37.68,-26.83,-35.67,37.33
305,192535762,-988.77,-105.47,120.61,37.68,-26.40,-34.76,37.18
306,192539811,-992.19,-101.56,112.30,37.62,-26.34,-33.78,37.28
307,192543861,-990.23,-84.47,104.98,37.44,-26.28,-33.48,36.99
308,192547918,-978.52,-65.92,105.96,36.77,-25.91,-33.96,37.18
309,192551968,-968.26,-63.48,102.54,36.34,-26.04,-35.67,37.14
310,192557762,-951.17,-51.27,101.56,35.85,-26.28,-37.32,37.28
311,192561811,-935.55,-50.78,99.12,35.00,-26.65,-39.51,37.18
312,192565861,-920.90,-58.59,101.56,34.45,-26.65,-40.67,37.14
313,192569918,-918.46,-84.96,104.00,33.90,-26.71,-41.28,36.94
314,192573968,-915.04,-109.37,98.63,33.54,-27.07,-41.34,37.28
315,192579762,-901.86,-118.16,116.21,32.87,-27.87,-40.98,37.14
316,192583811,-861.82,-108.89,133.30,32.26,-27.62,-39.57,37.18
317,192587861,-832.03,-100.59,141.11,32.13,-27.56,-38.72,37.28
318,192591918,-805.18,-91.80,137.70,31.77,-27.20,-37.99,36.75
319,192595968,-781.25,-86.91,147.46,30.67,-26.40,-37.07,37.18
320,192601762,-769.04,-84.47,146.97,29.82,-25.43,-35.85,37.14
321,192605811,-743.65,-100.10,143.55,28.29,-24.02,-34.27,36.99
322,192609861,-738.28,-94.73,144.53,27.87,-23.29,-33.23,37.28
323,192613918,-727.54,-83.01,157.23,27.01,-21.95,-32.68,36.75
324,192617968,-721.68,-64.45,162.11,25.79,-20.30,-32.26,36.80
325,192623762,-719.73,-51.27,164.55,24.70,-19.21,-32.74,37.18
326,192627811,-730.96,-47.85,174.32,22.99,-17.50,-35.12,36.94
327,192631861,-753.42,-66.41,176.76,22.07,-16.83,-36.52,37.04
328,192635918,-761.23,-80.08,176.76,20.98,-16.22,-38.05,36.99
329,192639968,-759.77,-91.31,185.06,20.06,-15.49,-38.84,36.94
330,192645762,-759.28,-107.42,186.04,19.39,-14.88,-38.84,37.04
331,192649811,-747.07,-128.42,183.59,18.72,-13.90,-37.68,36.99
332,192653861,-742.19,-140.62,200.68,18.29,-12.68,-37.01,37.28
333,192657918,-747.07,-164.06,211.91,17.87,-11.71,-35.85,37.04
334,192661968,-746.09,-187.99,222.17,18.48,-9.94,-34.02,36.94
335,192667762,-756.35,-210.45,233.40,18.72,-8.41,-31.59,36.94
336,192671811,-772.95,-242.68,231.93,19.33,-7.01,-27.87,37.04
337,192675861,-795.41,-263.67,229.00,19.51,-6.34,-24.27,37.28
338,192679918,-805.66,-282.23,230.96,20.37,-5.98,-20.00,37.04
339,192683968,-812.01,-298.34,232.91,20.98,-5.79,-15.06,36.99
340,192689762,-813.96,-283.69,224.12,21.83,-5.79,-10.85,36.99
341,192693811,-797.36,-251.95,211.91,22.62,-5.24,-7.74,36.94
342,192697861,-790.53,-228.52,203.61,22.87,-5.12,-6.46,37.04
343,192701918,-783.20,-219.24,202.15,23.84,-4.88,-5.73,36.99
344,192705968,-779.79,-212.89,203.12,24.09,-4.27,-5.55,36.94
345,192711762,-773.93,-206.05,204.59,23.78,-3.84,-5.00,36.61
346,192715811,-773.44,-187.99,200.68,23.35,-3.41,-4.51,36.85
347,192719861,-775.88,-170.90,203.12,22.50,-2.93,-4.33,37.14
348,192723918,-775.88,-156.74,204.59,21.52,-1.89,-5.30,36.99
349,192727968,-780.27,-149.90,207.03,20.91,-1.34,-7.32,36.80
350,192733762,-786.62,-160.64,217.29,19.57,-1.04,-9.51,36.94
351,192737811,-785.64,-173.83,226.07,18.66,-0.06,-10.98,37.18
352,192741861,-799.80,-193.85,229.49,17.56,0.43,-11.46,36.94
353,192745918,-796.39,-201.17,232.91,16.52,1.16,-11.89,36.94
354,192751762,-796.87,-189.94,238.28,15.91,1.65,-11.71,37.14
355,192755811,-800.78,-199.22,235.84,14.63,2.50,-11.40,37.18
356,192759861,-799.80,-197.27,239.26,13.66,3.23,-10.79,36.80
357,192763918,-801.27,-206.05,239.75,13.11,3.54,-9.94,37.14
358,192767968,-794.92,-205.08,236.82,12.50,4.09,-9.27,37.18
359,192773762,-800.78,-205.08,240.23,12.01,4.21,-8.72,36.99
360,192777811,-797.36,-196.29,253.91,11.10,4.63,-8.72,37.14
361,192781861,-793.95,-189.45,260.25,10.12,5.00,-9.09,36.94
362,192785918,-796.87,-183.11,265.62,9.39,5.49,-8.96,36.99
363,192789968,-804.69,-191.41,269.53,8.72,6.10,-8.90,37.18
364,192795762,-824.22,-203.12,273.93,7.93,6.46,-8.29,37.04
365,192799811,-831.54,-212.89,273.93,7.20,6.65,-7.07,37.04
366,192803861,-833.50,-208.98,273.44,7.20,6.77,-6.22,37.28
367,192807918,-832.03,-206.05,271.00,7.38,7.07,-5.61,36.80
368,192811968,-836.91,-204.10,268.55,6.89,7.38,-5.06,36.94
369,192817762,-833.50,-206.54,267.58,7.13,7.44,-4.70,36.94
370,192821811,-828.61,-205.08,271.00,7.26,7.80,-3.66,36.99
371,192825861,-827.64,-202.15,270.51,7.32,8.48,-3.60,37.28
372,192829918,-822.27,-189.94,265.14,7.56,9.27,-3.35,36.80
373,192833968,-834.96,-204.10,258.79,7.20,10.06,-3.60,37.14
374,192839762,-851.56,-207.52,258.30,7.13,10.55,-3.96,36.94
375,192843811,-865.23,-211.43,269.04,6.83,11.22,-5.30,37.04
376,192847861,-870.12,-198.73,272.95,6.52,11.89,-6.28,37.14
377,192851918,-873.54,-184.08,262.70,6.28,12.74,-7.87,36.94
378,192855968,-881.35,-176.27,258.79,5.61,13.11,-9.15,37.28
379,192861762,-885.25,-192.38,245.12,5.12,13.60,-9.45,37.33
380,192865811,-896.00,-218.75,250.98,4.63,13.90,-9.09,36.99
381,192869861,-917.97,-254.88,250.98,4.45,14.15,-8.72,36.94
382,192873918,-931.64,-261.72,251.95,4.39,13.90,-7.44,37.04
383,192877968,-941.41,-267.58,259.77,4.63,13.66,-5.18,36.94
384,192883762,-958.50,-266.60,271.97,4.94,13.60,-3.11,36.75
385,192887811,-971.68,-249.02,273.44,4.70,12.99,-1.22,36.85
386,192891861,-981.93,-234.37,282.23,4.57,12.20,0.12,37.14
387,192895918,-984.37,-207.52,281.74,4.02,12.01,0.79,37.18
388,192899968,-980.96,-194.34,276.37,3.54,11.52,1.22,37.18
389,192905762,-982.91,-202.15,269.04,3.17,11.16,1.52,36.85
390,192909811,-980.96,-217.29,270.51,2.80,10.30,1.95,37.28
391,192913861,-979.49,-229.49,266.11,2.74,9.70,2.01,36.94
392,192917918,-969.24,-217.29,273.44,2.56,9.09,1.71,37.33
393,192921968,-960.94,-195.80,274.41,1.95,8.72,1.40,36.75
394,192927762,-953.61,-184.08,273.93,1.40,7.74,0.98,36.80
395,192931811,-939.94,-178.22,268.55,0.67,7.50,0.73,36.80
396,192935861,-936.52,-182.13,268.55,-0.43,6.89,0.98,36.99
397,192939918,-931.64,-184.57,258.79,-1.04,6.71,1.28,37.28
398,192945762,-940.43,-192.87,245.61,-1.77,6.16,2.13,37.28
399,192949811,-934.08,-181.15,255.86,-2.80,5.49,3.72,36.99
400,192953861,-932.13,-185.06,255.86,-3.48,4.63,4.45,36.85
401,192957918,-929.20,-169.43,253.91,-4.27,4.51,5.49,36.75
402,192961968,-925.29,-154.79,252.44,-5.12,4.27,6.77,37.04
403,192966017,-926.76,-146.48,254.88,-6.40,3.84,8.11,36.94
404,192971762,-916.99,-148.93,259.77,-7.62,4.02,9.45,36.85
405,192975811,-992.19,-139.16,237.30,-8.96,1.59,12.07,37.14
406,192979861,-994.63,-132.32,233.89,-10.30,1.28,13.78,36.99
407,192983918,-1003.42,-101.07,223.14,-12.13,-0.24,14.39,37.04
408,192989762,-980.47,-62.99,230.96,-13.29,-1.46,14.70,37.18
409,192993811,-963.87,-36.62,236.82,-15.73,-1.89,13.96,36.99
410,192997861,-958.50,-31.74,237.30,-17.80,-2.50,13.05,36.94
411,193001918,-951.17,-39.06,236.82,-19.33,-2.62,13.05,37.14
412,193005968,-949.22,-60.55,233.40,-21.22,-2.80,12.87,37.28
413,193011762,-951.66,-69.34,228.52,-22.56,-3.41,12.62,37.04
414,193015811,-931.15,-64.45,233.89,-23.60,-3.84,11.65,36.85
415,193019861,-939.45,-85.94,233.40,-24.09,-4.02,10.85,36.94
416,193023918,-939.94,-104.98,224.61,-25.00,-4.94,9.02,36.85
417,193027968,-937.99,-120.61,220.21,-25.49,-5.37,7.62,37.28
418,193033762,-945.31,-129.39,226.07,-26.04,-5.55,6.28,36.99
419,193037811,-982.42,-117.68,215.33,-26.34,-5.43,4.88,36.94
420,193041861,-992.19,-130.86,210.45,-26.65,-5.61,3.96,37.14
421,193045918,-991.70,-164.55,212.40,-27.50,-6.28,2.80,37.04
422,193049968,-980.96,-205.08,228.52,-27.20,-6.22,3.29,37.28
423,193055762,-989.75,-235.35,231.45,-25.67,-6.10,5.00,36.99
424,193059811,-996.09,-272.46,232.42,-24.70,-5.85,8.11,37.18
425,193063861,-1000.00,-292.97,226.56,-23.54,-6.71,10.61,37.28
426,193067918,-1009.77,-290.53,231.45,-21.83,-6.65,13.66,36.94
427,193071968,-1014.65,-279.30,222.66,-20.37,-7.32,15.61,36.94
428,193077762,-1020.51,-262.70,222.17,-18.48,-7.56,16.34,36.80
429,193081811,-1023.44,-249.51,221.68,-17.32,-7.87,16.65,37.28
430,193085861,-1042.97,-254.88,216.31,-17.01,-7.80,17.68,37.04
431,193089918,-1012.70,-281.74,222.17,-16.28,-8.29,18.29,36.94
432,193093968,-1031.74,-266.60,223.14,-14.39,-7.56,18.72,37.37
433,193099762,-1042.48,-268.07,216.31,-14.09,-7.74,19.39,36.80
434,193103811,-985.84,-248.54,211.91,-13.72,-8.05,17.50,36.75
435,193107861,-964.36,-136.23,177.73,-12.74,-6.59,13.78,37.04
436,193111918,-996.58,-76.66,107.91,-13.66,-6.46,7.87,37.14
437,193115968,-1036.62,-64.94,32.23,-15.24,-7.32,0.37,37.14
438,193121762,-1073.24,-118.65,10.25,-17.44,-8.60,-6.40,37.04
439,193125811,-1084.47,-227.54,32.23,-18.48,-9.21,-9.33,36.94
440,193129861,-1075.20,-307.62,70.31,-17.87,-9.82,-7.74,36.99
441,193133918,-1064.45,-347.17,103.03,-16.40,-10.06,-3.72,37.04
442,193137968,-1054.20,-365.23,150.88,-14.63,-9.88,1.71,36.75
443,193143762,-1034.67,-352.54,165.53,-13.05,-9.27,5.98,36.85
444,193147811,-1021.97,-310.55,175.78,-11.22,-8.29,9.02,36.99
445,193151861,-1011.72,-265.14,182.13,-10.24,-7.93,9.51,37.04
446,193155918,-1012.70,-234.86,187.99,-9.45,-7.50,9.02,37.18
447,193161762,-1023.44,-211.43,200.68,-8.96,-7.01,7.62,37.28
448,193165811,-1039.06,-193.85,211.43,-8.05,-6.77,5.37,37.04
449,193169861,-1049.32,-198.24,218.75,-7.13,-6.77,3.60,36.75
450,193173918,-1053.22,-205.08,221.68,-6.28,-6.83,2.68,36.94
451,193177968,-1049.32,-202.15,222.66,-5.18,-6.77,2.26,37.18
452,193182017,-1040.04,-210.94,224.61,-3.96,-6.59,2.38,36.80
453,193187762,-1016.11,-214.36,225.10,-3.17,-6.52,3.29,37.14
454,193191811,-1005.37,-213.38,225.10,-1.83,-6.16,5.12,37.47
455,193195861,-1000.00,-191.89,233.40,-0.61,-5.98,6.22,36.85
456,193199918,-998.54,-161.13,244.63,0.43,-5.79,7.20,37.14
457,193205762,-998.05,-115.72,247.56,0.91,-5.55,7.87,37.14
458,193209811,-995.61,-109.37,249.51,2.32,-5.61,7.38,37.18
459,193213861,-1002.93,-80.57,243.65,3.48,-5.61,6.46,37.14
460,193217918,-1001.46,-86.43,228.03,3.90,-6.16,6.04,37.33
461,193221968,-1001.95,-99.61,213.87,4.39,-6.10,6.22,37.04
462,193227762,-989.26,-156.74,215.33,5.73,-6.04,7.07,36.94
463,193231811,-977.05,-151.86,220.21,7.74,-6.28,8.05,37.14
464,193235861,-963.87,-169.43,236.33,8.96,-6.16,8.72,36.99
465,193239918,-955.57,-191.89,235.84,10.37,-5.98,10.00,36.80
466,193243968,-953.61,-199.71,241.70,12.01,-6.10,12.13,36.99
467,193249762,-958.98,-206.05,233.40,13.54,-6.28,14.70,36.80
468,193253811,-973.63,-218.26,231.45,15.18,-6.52,17.01,37.28
469,193257861,-979.00,-223.14,227.05,16.52,-7.38,17.68,37.18
470,193261918,-967.77,-181.15,214.84,18.23,-8.29,17.32,36.99
471,193265968,-966.31,-145.02,208.50,19.09,-8.96,15.98,37.28
472,193271762,-964.84,-126.95,205.57,19.51,-9.63,14.51,37.14
473,193275811,-974.12,-124.02,198.73,19.39,-10.37,13.05,37.04
474,193279861,-972.17,-148.93,194.82,19.51,-11.16,12.93,37.14
475,193283918,-972.17,-173.34,197.27,20.00,-12.01,13.90,37.18
476,193287968,-971.68,-181.64,202.64,20.85,-13.35,15.18,36.99
477,193293762,-964.84,-196.29,202.15,21.89,-13.96,16.46,36.80
478,193297811,-949.22,-203.12,204.59,22.80,-15.18,17.44,36.80
479,193301861,-923.34,-206.54,216.80,24.02,-15.91,17.32,36.99
480,193305918,-909.67,-208.01,228.03,25.00,-16.34,16.89,36.99
481,193309968,-908.69,-228.03,236.33,26.22,-16.10,17.80,37.14
482,193315762,-906.25,-242.68,248.05,27.07,-15.98,19.51,36.99
483,193319811,-918.46,-230.96,278.32,27.38,-15.79,22.07,37.04
484,193323861,-924.80,-211.43,298.34,27.44,-15.85,23.05,37.14
485,193327918,-920.90,-187.01,317.38,27.99,-15.49,23.29,36.94
486,193331968,-915.53,-182.13,332.52,27.99,-15.12,22.74,37.33
487,193337762,-912.11,-197.27,337.89,28.41,-14.88,22.26,36.94
488,193341811,-894.53,-207.52,350.59,28.29,-13.90,21.71,36.94
489,193345861,-885.74,-220.70,352.54,28.23,-13.35,21.95,37.18
490,193349918,-877.44,-224.12,354.98,27.93,-12.93,23.48,37.04
491,193353968,-851.56,-210.94,373.54,27.50,-12.01,24.63,36.94
492,193359762,-831.54,-195.31,393.55,27.01,-10.37,25.18,36.99
493,193363811,-814.94,-168.46,416.02,26.83,-7.93,23.96,37.28
494,193367861,-807.62,-139.65,428.22,26.71,-6.28,21.89,37.18
495,193371918,-813.96,-125.49,438.48,26.52,-3.72,18.66,36.99
496,193377762,-828.61,-126.46,436.52,26.40,-1.40,15.06,37.04
497,193381811,-853.52,-130.86,432.13,26.46,1.59,10.55,36.99
498,193385861,-865.23,-142.09,429.20,26.52,3.72,7.62,36.85
499,193389918,-890.62,-135.74,429.69,27.01,5.18,5.37,37.14
500,193393968,-899.41,-118.16,433.11,26.77,6.89,1.89,36.94
501,193399762,-924.80,-84.96,428.22,27.07,7.93,-1.52,37.28
502,193403811,-964.84,-67.87,430.66,26.59,9.45,-5.79,37.28
503,193407861,-981.45,-68.85,422.85,26.28,9.82,-8.84,37.28
504,193411918,-1007.81,-69.34,413.09,26.16,9.94,-10.37,36.99
505,193415968,-1026.86,-76.66,406.74,26.04,9.70,-10.79,36.94
506,193421762,-1030.76,-72.75,392.58,25.73,9.02,-10.06,36.99
507,193425811,-1028.32,-60.55,374.02,25.18,7.87,-7.50,37.04
508,193429861,-1034.18,-44.92,365.23,24.76,7.13,-3.96,37.28
509,193433918,-1042.97,-14.65,348.14,24.02,5.67,-1.16,37.14
510,193437968,-1045.90,3.91,341.80,22.80,4.27,2.07,37.18
511,193443762,-1031.74,17.58,327.64,21.52,2.62,5.12,37.18
512,193447811,-1021.97,25.39,324.22,20.18,0.67,8.11,37.18
513,193451861,-1013.67,18.55,321.29,19.39,-0.49,9.82,36.94
514,193455918,-1003.91,42.97,316.41,18.17,-2.13,11.95,36.94
515,193459968,-1000.98,68.85,311.04,16.40,-3.84,13.11,37.18
516,193465762,-992.68,116.70,306.64,14.88,-5.37,13.05,37.14
517,193469811,-972.17,153.81,302.25,11.89,-6.95,11.71,36.94
518,193473861,-963.87,163.57,294.43,9.70,-7.50,10.00,36.99
519,193477918,-939.45,146.48,297.85,7.32,-8.29,7.80,36.94
520,193481968,-917.97,120.12,300.78,5.30,-8.60,5.79,37.14
521,193487762,-898.93,82.03,298.83,3.78,-8.72,4.27,36.99
522,193491811,-861.82,38.57,305.18,3.11,-8.84,2.50,37.04
523,193495861,-835.94,15.14,311.04,2.50,-8.48,1.52,36.99
524,193499918,-810.55,0.49,316.41,1.77,-7.62,0.37,36.94
525,193503968,-797.85,-13.18,322.75,1.40,-7.01,-0.67,37.28
526,193509762,-784.67,-29.79,324.22,1.04,-5.43,-1.40,37.18
527,193513811,-719.73,-75.20,316.41,0.91,-2.87,-3.60,37.04
528,193517861,-706.05,-81.54,283.69,1.40,-1.59,-6.16,37.18
529,193521918,-731.93,-73.73,202.64,1.16,-0.55,-10.91,37.04
530,193525968,-741.70,-71.29,157.71,0.61,0.43,-16.83,37.18
531,193531762,-768.07,-126.95,118.16,-0.12,1.71,-22.01,36.80
532,193535811,-799.32,-238.28,107.42,-0.61,3.17,-25.30,37.04
533,193539861,-815.43,-322.27,113.77,-0.55,4.02,-24.76,37.04
534,193543918,-833.01,-368.16,117.68,-0.12,4.88,-21.40,36.85
535,193547968,-850.10,-400.88,135.74,0.73,5.30,-16.59,36.80
536,193553762,-864.75,-414.55,158.69,1.10,5.85,-11.89,37.04
537,193557811,-885.74,-399.41,183.59,2.13,7.01,-7.01,36.94
538,193561861,-908.69,-379.88,198.73,2.32,7.07,-4.15,37.14
539,193565918,-933.11,-365.72,210.45,2.56,7.26,-0.73,37.18
540,193569968,-958.98,-344.24,231.93,2.50,6.89,2.56,36.94
541,193575762,-981.93,-319.34,251.46,2.68,6.40,5.73,36.85
542,193579811,-1005.86,-284.18,275.39,2.50,5.85,8.11,36.94
543,193583861,-1016.11,-241.70,295.41,2.68,4.94,8.90,37.04
544,193587918,-1031.25,-210.45,306.64,2.56,4.15,9.21,37.04
545,193593762,-1040.04,-171.87,315.92,2.44,3.35,9.02,37.04
546,193597811,-1060.55,-136.23,324.22,2.01,2.68,8.35,37.18
547,193601861,-1072.75,-115.23,322.75,1.89,1.77,7.50,36.99
548,193605918,-1081.05,-88.87,323.24,1.59,1.46,6.95,36.99
549,193609968,-1090.82,-63.96,320.31,1.16,0.49,6.89,36.94
550,193615762,-1084.47,-35.16,315.43,1.10,-0.30,6.83,37.04
551,193619811,-1080.57,11.72,312.99,0.49,-0.67,6.95,37.18
552,193623861,-1084.96,38.57,316.41,0.43,-0.85,6.22,36.94
553,193627918,-1094.73,57.62,311.52,-0.12,-1.40,5.85,37.18
554,193631968,-1106.93,68.85,306.15,-0.79,-1.89,5.49,37.14
555,193637762,-1118.16,78.12,297.85,-1.28,-2.32,5.49,37.18
556,193641811,-1113.77,79.59,292.97,-2.50,-2.99,5.61,37.28
557,193645861,-1097.17,73.24,289.06,-2.99,-3.84,5.18,36.94
558,193649918,-1076.66,67.38,289.55,-2.93,-4.02,4.45,36.80
559,193653968,-1062.99,52.73,290.53,-3.29,-4.21,3.29,37.04
560,193659762,-1046.88,29.30,295.41,-3.29,-4.09,1.52,37.14
561,193663811,-1022.46,9.28,306.15,-2.68,-3.66,-0.43,37.18
562,193667861,-1012.21,-12.70,309.57,-2.44,-3.11,-1.65,36.94
563,193671918,-1006.84,-43.95,309.57,-2.26,-2.07,-3.11,36.80
564,193675968,-1011.23,-62.99,297.36,-1.83,-1.34,-3.54,37.04
565,193681762,-1021.48,-88.87,293.46,-1.71,-1.10,-3.54,36.99
566,193685811,-1028.32,-114.75,283.69,-1.65,-0.98,-2.26,37.18
567,193689861,-1024.41,-140.14,273.44,-1.04,-0.91,-1.89,37.14
568,193693918,-1012.70,-158.20,275.39,-0.49,-0.91,-0.49,37.04
569,193697968,-1000.98,-170.41,275.39,0.18,-0.67,1.10,37.28
570,193703762,-986.33,-181.64,276.37,0.49,-0.67,3.35,36.99
571,193707811,-974.61,-198.24,274.41,1.77,-0.43,5.98,36.94
572,193711861,-966.80,-192.87,272.95,2.26,-0.06,8.11,37.18
573,193715918,-966.31,-189.45,267.58,2.87,-0.24,10.43,37.14
574,193719968,-959.47,-176.76,264.16,3.54,0.12,12.68,37.14
575,193725762,-955.08,-161.13,262.21,3.84,0.37,14.51,37.14
576,193729811,-954.10,-150.39,266.60,4.15,0.49,15.61,37.18
577,193733861,-951.66,-127.93,276.86,4.39,0.67,15.55,37.04
578,193737918,-942.38,-91.31,289.55,4.39,1.10,14.63,36.99
579,193741968,-942.87,-70.31,291.02,4.45,1.16,12.99,37.18
580,193747762,-937.99,-49.80,298.83,4.21,1.28,10.49,36.94
581,193751811,-930.18,-42.97,295.41,3.72,2.20,8.29,36.85
582,193755861,-933.11,-47.85,288.57,3.78,2.44,7.01,37.28
583,193759918,-938.48,-53.22,284.18,3.35,2.56,6.16,37.18
584,193763968,-941.89,-49.32,276.86,3.29,2.87,5.79,36.80
585,193769762,-955.08,-47.85,279.79,2.56,2.56,6.04,36.94
586,193773811,-969.24,-42.97,279.79,2.13,2.74,5.91,36.75
587,193777861,-983.89,-48.83,282.71,1.34,2.50,5.98,36.94
588,193781918,-977.05,-50.78,282.23,0.85,1.89,6.16,37.14
589,193785968,-970.21,-61.52,281.25,0.61,1.71,6.40,36.94
590,193791762,-966.31,-72.27,286.62,0.00,1.59,6.95,37.04
591,193795811,-966.31,-79.59,294.43,-0.79,1.71,6.65,36.99
592,193799861,-967.77,-85.94,296.39,-0.61,1.71,6.16,37.33
593,193803918,-970.21,-89.36,298.34,-1.22,1.83,5.55,37.18
594,193809762,-974.12,-97.17,291.02,-0.79,2.07,4.70,36.99
595,193813811,-989.26,-115.23,291.99,-1.10,2.44,3.96,36.94
596,193817861,-990.72,-112.30,296.88,-0.98,2.44,4.09,37.18
597,193821918,-1001.95,-117.68,291.99,-0.85,2.56,4.09,36.94
598,193825968,-1008.30,-113.77,288.09,-0.73,2.80,4.63,37.04
599,193831762,-1006.35,-117.19,292.48,-0.73,2.62,5.43,37.28
600,193835811,-1013.67,-110.84,295.41,-0.67,2.68,5.79,36.94
601,193839861,-1012.70,-111.33,295.41,-0.61,2.93,6.10,37.14
602,193843918,-1009.77,-104.98,295.41,-0.67,2.50,6.28,37.14
603,193847968,-1001.95,-99.12,297.85,-0.49,2.44,5.91,37.28
604,193853762,-1005.86,-96.19,293.46,-0.67,2.62,5.49,37.18
605,193857811,-1000.98,-88.87,289.06,-0.61,2.56,4.70,37.04
606,193861861,-998.05,-85.94,289.55,-0.85,2.74,3.72,37.28
607,193865918,-987.79,-83.50,294.43,-0.85,2.74,3.48,37.18
608,193869968,-985.84,-85.45,295.90,-1.04,2.62,2.62,37.04
609,193875762,-990.23,-85.45,291.50,-1.10,2.68,2.01,37.14
610,193879811,-986.33,-83.01,294.92,-1.28,2.56,1.52,37.28
611,193883861,-980.96,-81.05,293.46,-1.52,2.32,0.67,37.18
612,193887918,-970.21,-74.22,298.83,-1.46,2.62,-0.24,36.94
613,193891968,-961.43,-75.68,300.78,-1.34,2.50,-1.40,36.94
614,193897762,-957.52,-72.27,301.76,-1.46,2.50,-2.74,37.28
615,193901811,-949.22,-77.15,300.29,-1.34,3.05,-4.09,37.18
616,193905861,-952.64,-83.01,299.32,-1.28,3.11,-4.76,36.99
617,193909918,-951.17,-84.96,296.39,-1.22,3.48,-5.06,36.94
618,193913968,-956.05,-87.40,295.90,-1.34,3.60,-5.00,36.99
619,193919762,-959.47,-80.57,291.50,-1.22,3.90,-5.12,36.94
620,193923811,-962.40,-75.68,292.97,-1.16,3.72,-5.00,36.94
621,193927861,-962.40,-73.73,290.53,-1.40,3.54,-5.43,37.14
622,193931918,-966.80,-78.61,291.02,-1.22,3.66,-5.18,37.14
623,193935968,-969.24,-85.94,289.06,-1.46,3.66,-4.88,37.33
624,193941762,-976.56,-91.31,284.18,-1.59,3.48,-4.21,36.85
625,193945811,-973.63,-92.29,280.27,-1.52,2.68,-3.84,37.18
626,193949861,-973.14,-96.68,278.32,-1.28,2.62,-3.35,37.28
627,193953918,-966.80,-107.91,276.37,-1.52,2.32,-2.74,36.85
628,193957968,-964.36,-108.89,271.48,-1.34,1.83,-1.89,37.14
629,193963762,-958.98,-114.26,280.27,-1.22,1.71,-0.91,36.94
630,193967811,-966.80,-120.12,271.97,-1.16,1.34,0.67,36.75
631,193971861,-964.36,-121.58,277.83,-0.85,1.04,1.22,36.99
632,193975918,-966.31,-116.21,280.76,-0.98,0.55,1.77,36.94
633,193979968,-965.82,-110.35,275.88,-0.67,0.37,2.26,36.80
634,193985762,-969.24,-108.40,272.46,-0.73,0.12,2.44,36.99
635,193989811,-964.36,-110.35,269.04,-0.43,-0.67,2.56,36.75
636,193993861,-961.43,-106.93,267.09,-0.43,-1.10,2.62,37.18
637,193997918,-953.12,-111.82,267.58,-0.91,-1.40,3.05,37.18
638,194001968,-951.17,-112.79,271.97,-0.55,-1.77,3.23,36.94
639,194007762,-940.43,-110.35,275.88,-0.30,-2.07,4.15,36.75
640,194011811,-934.57,-102.05,279.79,-0.61,-2.13,4.57,37.18
641,194015861,-925.29,-100.10,274.90,-0.67,-2.20,4.88,37.18
642,194019918,-921.39,-110.35,277.34,-0.43,-2.20,5.18,36.94
643,194025762,-917.48,-101.56,287.11,-0.73,-2.38,5.18,37.18
644,194029811,-921.39,-92.77,282.71,-0.79,-2.32,5.00,36.85
645,194033861,-912.60,-79.59,285.16,-0.67,-2.32,4.39,36.85
646,194037918,-912.11,-75.20,287.60,-0.79,-2.26,3.54,37.18
647,194041968,-911.62,-69.82,288.09,-0.67,-2.20,2.56,37.14
648,194047762,-913.09,-72.27,291.99,-0.79,-1.83,2.13,37.04
649,194051811,-922.85,-76.66,287.60,-1.10,-1.71,1.52,37.18
650,194055861,-924.32,-73.24,283.69,-1.22,-1.77,1.40,36.94
651,194059918,-931.15,-76.17,282.71,-1.22,-1.52,1.52,37.18
652,194063968,-939.45,-75.68,283.20,-1.46,-1.16,1.83,36.94
653,194069762,-952.15,-76.17,283.69,-1.46,-1.40,1.83,37.14
654,194073811,-964.36,-69.82,284.67,-1.04,-1.40,1.83,37.14
655,194077861,-973.63,-62.99,285.16,-0.91,-1.71,1.16,37.28
656,194081918,-979.49,-59.57,280.76,-1.16,-2.07,0.49,36.94
657,194085968,-982.42,-53.71,283.20,-1.16,-2.26,-0.67,37.04
658,194091762,-977.54,-64.45,275.88,-0.98,-2.20,-1.10,36.94
659,194095811,-969.24,-74.71,274.90,-0.73,-2.68,-0.73,37.14
660,194099861,-965.33,-85.45,274.41,-0.73,-2.62,-0.12,37.04
661,194103918,-963.87,-90.33,273.93,-0.43,-2.32,1.04,36.94
662,194107968,-958.50,-90.33,274.90,-0.12,-2.26,2.26,37.04
663,194113762,-961.43,-80.08,275.88,-0.18,-1.89,3.41,36.94
664,194117811,-967.29,-76.17,275.39,0.49,-1.77,3.48,37.18
665,194121861,-959.96,-65.43,274.41,0.61,-1.65,3.48,36.94
666,194125918,-965.82,-63.96,275.39,0.91,-1.34,2.74,36.94
667,194129968,-968.26,-65.43,281.74,0.85,-1.16,2.26,36.99
668,194135762,-977.05,-72.75,280.76,1.10,-0.85,1.71,37.04
669,194139811,-980.96,-67.87,290.53,1.04,-0.67,1.95,37.14
670,194143861,-985.84,-57.62,284.67,1.46,-0.55,1.89,36.94
671,194147918,-993.65,-47.36,281.74,1.40,-0.61,1.22,37.18
672,194151968,-995.61,-50.78,276.86,1.22,-0.61,0.30,36.94
673,194157762,-1000.98,-49.80,284.18,0.98,-0.49,-0.91,37.14
674,194161811,-1013.67,-57.13,289.55,1.40,-0.55,-1.83,36.80
675,194165861,-1011.72,-48.83,284.18,1.16,-0.49,-2.56,37.18
676,194169918,-1015.14,-56.15,282.23,1.10,-0.55,-3.23,37.33
677,194173968,-1014.65,-43.95,279.30,1.34,-0.55,-4.21,37.04
678,194179762,-1014.16,-47.36,280.27,0.98,-0.79,-4.63,36.85
679,194183811,-1007.32,-55.66,280.76,0.24,-0.98,-4.94,36.94
680,194187861,-1005.37,-73.73,283.20,0.55,-0.73,-4.94,37.18
681,194191918,-999.51,-73.73,284.67,0.18,-1.10,-4.39,37.18
682,194195968,-996.09,-89.36,287.11,0.49,-1.10,-3.78,36.94
683,194201762,-992.68,-95.21,288.57,0.30,-1.04,-2.68,37.04
684,194205811,-991.21,-101.56,283.20,0.24,-0.67,-1.34,36.85
685,194209861,-993.16,-102.05,283.69,0.18,-1.10,-0.49,37.18
686,194213918,-989.75,-101.07,282.23,0.12,-0.85,0.12,37.04
687,194217968,-976.56,-105.96,280.76,0.24,-0.67,0.85,36.99
688,194223762,-973.14,-110.84,283.69,0.24,-0.43,1.46,36.80
689,194227811,-969.73,-113.77,285.16,0.30,-0.49,2.26,36.94
690,194231861,-973.14,-109.86,285.64,0.37,-0.43,2.50,36.94
691,194235918,-978.52,-110.35,285.16,0.30,-0.67,2.50,37.14
692,194241762,-976.56,-97.66,284.18,0.55,-0.67,2.01,37.18
693,194245811,-977.05,-86.43,291.50,0.24,-0.91,1.34,37.14
694,194249861,-976.56,-81.54,290.04,0.24,-1.16,0.30,37.04
695,194253918,-975.59,-83.98,287.11,-0.12,-1.34,-0.37,37.14
696,194257968,-969.73,-86.91,287.60,-0.12,-1.59,-1.28,36.94
697,194263762,-968.26,-82.52,291.99,-0.37,-1.59,-2.20,37.14
698,194267811,-952.15,-78.61,288.57,-0.67,-1.83,-3.23,37.14
699,194271861,-950.20,-76.66,287.60,-0.79,-1.83,-4.27,37.18
700,194275918,-941.41,-78.12,284.67,-1.10,-1.77,-4.45,37.18
701,194279968,-941.89,-85.94,283.69,-1.34,-1.83,-4.63,37.14
702,194285762,-936.52,-92.77,280.27,-1.40,-1.83,-4.57,37.14
703,194289811,-933.11,-96.19,275.88,-1.77,-1.40,-4.15,37.14
704,194293861,-926.76,-99.61,279.30,-1.95,-1.52,-3.35,37.18
705,194297918,-931.64,-97.66,278.32,-1.89,-1.22,-2.93,36.75
706,194301968,-928.22,-99.12,277.34,-2.07,-1.10,-2.20,37.18
707,194307762,-930.66,-98.14,280.27,-1.77,-1.10,-1.52,37.04
708,194311811,-930.66,-89.84,281.25,-1.40,-0.85,-0.98,36.85
709,194315861,-937.50,-97.17,281.74,-1.59,-0.67,-0.67,37.14
710,194319918,-939.45,-85.45,278.81,-1.40,-0.43,-0.18,36.80
711,194323968,-942.87,-85.94,280.27,-1.71,-0.49,0.12,36.99
712,194329762,-947.75,-91.80,279.30,-1.71,-0.18,0.73,37.33
713,194333811,-954.10,-92.77,277.83,-1.34,-0.37,1.04,37.33
714,194337861,-955.08,-92.77,279.79,-1.46,-0.12,1.28,37.04
715,194341918,-956.54,-89.84,280.27,-1.22,-0.43,2.01,36.75
716,194345968,-966.80,-86.91,280.76,-1.16,-0.43,2.32,37.14
717,194351762,-968.75,-85.94,284.18,-1.04,-0.30,2.26,36.94
718,194355811,-967.77,-80.08,283.20,-0.91,-0.24,2.44,37.28
719,194359861,-974.12,-83.98,281.74,-0.61,-0.37,2.62,37.14
720,194363918,-977.54,-85.94,288.57,-0.91,-0.30,3.05,37.28
721,194367968,-979.00,-84.96,284.67,-0.98,-0.61,3.48,37.28
722,194373762,-980.47,-83.01,283.69,-1.16,-0.91,3.90,37.14
723,194377811,-984.86,-82.03,284.67,-1.10,-1.04,4.63,36.80
724,194381861,-982.42,-93.26,278.81,-1.16,-1.22,4.94,36.94
725,194385918,-973.63,-95.70,272.95,-1.04,-1.34,5.67,36.94
726,194389968,-974.12,-102.05,278.32,-0.67,-1.40,6.95,37.28
727,194395762,-969.24,-100.59,279.79,-0.73,-1.28,8.35,37.14
728,194399811,-970.70,-99.12,281.74,-0.49,-1.40,9.21,36.75
729,194403861,-974.12,-90.82,282.71,-0.30,-1.46,9.88,37.18
730,194407918,-969.24,-86.91,281.74,0.06,-1.46,10.18,36.94
731,194411968,-973.14,-79.10,283.20,-0.12,-1.46,10.00,36.94
732,194417762,-960.94,-71.78,283.69,0.06,-1.52,9.88,36.80
733,194421811,-962.40,-71.29,287.60,-0.12,-1.65,9.45,36.80
734,194425861,-957.03,-67.87,287.60,0.24,-1.40,9.33,37.14
735,194429918,-960.45,-66.41,289.06,0.18,-1.04,8.54,37.18
736,194433968,-962.89,-68.85,292.48,0.43,-1.04,7.93,36.85
737,194439762,-963.87,-72.75,292.48,0.00,-0.79,7.32,37.33
738,194443811,-969.24,-74.22,286.62,0.49,-0.98,6.65,36.94
739,194447861,-974.61,-74.71,284.18,0.12,-1.04,7.13,37.04
740,194451918,-960.94,-95.21,295.90,0.79,-1.16,6.34,37.14
741,194457762,-979.49,-91.31,287.11,0.49,-1.46,6.28,37.18
742,194461811,-967.29,-102.05,286.62,0.49,-1.59,6.52,36.99
743,194465861,-965.33,-87.89,286.13,0.49,-1.83,7.13,37.18
744,194469918,-964.84,-79.59,288.09,0.30,-1.89,7.62,37.28
745,194473968,-965.33,-81.54,285.64,0.12,-2.13,7.56,37.14
746,194479762,-960.94,-90.82,294.43,0.18,-2.01,7.68,36.94
747,194483811,-954.59,-100.10,291.50,0.30,-2.20,7.68,37.28
748,194487861,-946.78,-100.59,296.88,0.37,-2.38,7.20,37.18
749,194491918,-941.41,-86.43,299.80,0.55,-2.26,6.40,36.94
750,194495968,-939.94,-74.71,291.99,0.61,-2.07,5.00,36.94
751,194501762,-935.06,-69.34,297.85,0.49,-1.83,3.54,37.04
752,194505811,-933.59,-69.34,298.83,0.18,-1.46,0.73,37.18
753,194509861,-933.11,-64.94,301.76,0.30,-0.91,-0.79,37.14
754,194513918,-929.69,-66.41,301.27,0.12,-0.98,-2.01,36.80
755,194517968,-938.96,-62.50,297.36,-0.18,-1.10,-3.17,37.04
756,194523762,-943.85,-62.01,290.53,-0.18,-0.85,-4.09,37.33
757,194527811,-946.29,-67.38,289.06,-0.49,-0.49,-4.33,37.28
758,194531861,-954.59,-67.38,277.34,-0.67,-0.37,-4.39,37.14
759,194535918,-960.45,-77.15,279.30,-0.79,-0.18,-4.21,36.94
760,194539968,-959.96,-72.27,276.86,-0.61,-0.55,-3.96,37.14
761,194545762,-962.40,-73.73,278.81,-0.55,-0.61,-3.11,36.94
762,194549811,-968.26,-78.12,285.16,-0.37,-0.37,-2.62,37.18
763,194553861,-971.68,-75.68,287.60,-0.43,-0.55,-2.26,36.94
764,194557918,-977.54,-77.64,288.57,-0.55,-0.73,-1.89,36.75
765,194561968,-980.47,-72.27,285.16,-0.37,-0.43,-1.83,37.52
766,194567762,-976.07,-62.99,294.92,-0.49,-0.55,-1.95,36.99
767,194571811,-982.91,-59.08,286.13,-0.55,-0.49,-2.26,37.33
768,194575861,-978.52,-67.38,289.06,-0.67,-0.61,-2.44,37.28
769,194579918,-975.10,-57.62,286.62,-0.79,-0.43,-3.17,36.99
770,194583968,-978.52,-62.01,288.57,-0.98,-0.49,-3.41,37.14
771,194589762,-979.49,-63.48,284.67,-0.79,-0.43,-3.23,37.04
772,194593811,-978.52,-65.43,279.30,-0.79,-0.06,-3.17,36.94
773,194597861,-974.12,-70.31,281.74,-0.91,0.37,-2.68,37.18
774,194601918,-973.14,-76.17,284.18,-0.49,0.79,-2.32,37.28
775,194605968,-983.40,-77.15,285.64,-0.61,0.55,-1.71,37.14
776,194611762,-984.37,-83.01,284.67,-0.24,0.43,-0.43,36.75
777,194615811,-996.58,-79.59,291.99,-0.49,0.49,0.49,36.94
778,194619861,-997.07,-69.82,291.99,-0.43,0.24,1.04,37.18
779,194623918,-992.68,-65.43,288.57,-0.06,0.18,1.16,36.94
780,194627968,-993.65,-65.92,296.39,-0.30,-0.30,1.28,36.75
781,194633762,-991.21,-61.52,288.09,-0.18,-0.43,1.46,37.04
782,194637811,-993.16,-59.08,287.11,-0.18,-0.49,1.28,36.94
783,194641861,-983.89,-57.13,286.62,-0.73,-0.37,1.22,36.99
784,194645918,-981.93,-57.13,290.04,-0.91,-0.49,0.49,37.04
785,194649968,-977.05,-52.73,279.30,-0.79,-0.73,-0.55,36.94
786,194655762,-970.70,-53.22,278.32,-0.98,-0.73,-1.65,37.28
787,194659811,-970.70,-58.11,280.76,-1.40,-0.61,-2.68,37.33
788,194663861,-965.33,-68.85,284.18,-1.34,-0.67,-3.35,36.99
789,194667918,-964.36,-76.17,284.18,-1.46,-0.73,-3.41,37.04
790,194673762,-955.08,-82.52,284.67,-1.77,-0.43,-3.48,37.14
791,194677811,-950.20,-85.94,284.67,-1.77,-0.55,-2.87,36.99
792,194681861,-950.20,-90.82,289.55,-1.59,0.18,-2.50,36.99
793,194685918,-953.12,-93.75,286.13,-1.16,0.24,-2.07,37.28
794,194689968,-956.54,-97.17,282.23,-1.16,0.24,-1.65,37.18
795,194695762,-952.64,-91.31,287.60,-0.73,0.37,-1.10,36.94
796,194699811,-958.98,-95.21,288.09,-0.79,0.24,-0.55,37.28
797,194703861,-957.52,-88.38,289.06,-0.55,0.37,0.24,37.18
798,194707918,-958.98,-82.52,287.60,-0.61,0.30,0.24,37.04
799,194711968,-956.54,-80.08,287.11,-0.73,0.12,0.30,37.33
800,194717762,-956.54,-73.24,288.57,-0.98,-0.30,0.43,37.28
801,194721811,-956.54,-74.71,293.46,-0.98,-0.06,0.37,37.14
802,194725861,-957.52,-79.10,287.11,-1.10,0.00,0.79,36.94
803,194729918,-957.52,-83.50,289.06,-1.28,-0.18,0.91,36.66
804,194733968,-955.08,-86.91,288.09,-1.59,-0.06,0.98,37.18
805,194739762,-957.03,-88.38,287.60,-1.34,0.00,0.73,37.18
806,194743811,-955.57,-87.40,288.57,-1.34,-0.49,0.73,36.85
807,194747861,-954.10,-85.94,289.55,-1.28,-0.61,0.49,37.04
808,194751918,-951.17,-86.91,286.62,-1.52,-0.55,0.49,36.80
809,194755968,-953.12,-90.82,282.71,-1.40,-0.06,0.00,36.99
810,194761762,-953.61,-85.45,288.09,-1.46,-0.43,-0.24,37.18
811,194765811,-944.82,-73.73,288.09,-1.52,-0.55,-1.28,36.80
812,194769861,-941.41,-67.87,284.67,-1.34,-0.30,-1.71,36.94
813,194773918,-948.24,-72.75,279.30,-1.34,-0.24,-2.20,36.94
814,194777968,-947.75,-75.68,284.18,-1.16,0.18,-2.20,37.14
815,194783762,-953.61,-73.73,282.71,-1.28,0.06,-2.38,37.04
816,194787811,-960.94,-74.71,284.18,-1.22,0.12,-2.01,37.18
817,194791861,-962.89,-71.78,283.20,-1.46,0.30,-1.59,36.94
818,194795918,-964.84,-73.73,285.64,-1.52,0.00,-1.46,37.04
819,194799968,-977.05,-72.27,285.16,-1.28,0.06,-1.10,37.37
820,194805762,-974.12,-69.34,283.20,-1.04,-0.18,-0.85,36.99
821,194809811,-978.52,-74.22,279.30,-1.28,-0.55,-0.79,36.94
822,194813861,-978.52,-81.54,284.18,-1.34,-0.67,-0.55,37.18
823,194817918,-972.17,-81.54,285.64,-1.40,-0.85,0.06,36.99
824,194821968,-970.21,-81.05,291.50,-1.40,-0.73,0.30,36.94
825,194827762,-965.82,-76.66,290.04,-1.34,-0.98,0.49,36.94
826,194831811,-966.80,-82.52,289.55,-1.52,-1.04,0.91,36.80
827,194835861,-966.80,-83.98,289.55,-1.34,-0.98,0.61,37.28
828,194839918,-965.82,-86.43,292.48,-1.34,-0.91,0.49,37.04
829,194843968,-963.38,-85.94,284.67,-1.46,-0.91,0.12,36.94
830,194849762,-955.08,-88.87,285.16,-1.10,-0.85,-0.12,37.04
831,194853811,-946.29,-86.43,288.57,-1.10,-0.79,-0.67,37.18
832,194857861,-945.31,-83.01,282.71,-1.28,-0.55,-0.91,37.18
833,194861918,-954.10,-77.64,278.81,-1.16,-0.43,-1.04,37.14
834,194865968,-953.12,-78.61,282.23,-1.04,-0.37,-1.10,36.61
835,194871762,-950.20,-75.20,277.34,-0.91,-0.18,-1.28,36.99
836,194875811,-960.45,-73.24,278.32,-0.98,-0.06,-0.98,37.28
837,194879861,-962.40,-76.17,283.20,-1.22,0.24,-0.79,36.94
838,194883918,-971.19,-71.78,282.71,-0.98,0.18,-0.43,37.14
839,194889762,-971.68,-67.87,283.69,-0.91,0.00,-0.06,36.94
840,194893811,-978.52,-67.38,289.55,-1.28,-0.06,-0.06,37.28
841,194897861,-984.37,-64.45,285.16,-1.40,-0.30,-0.55,37.14
842,194901918,-979.98,-65.43,287.11,-1.34,-0.43,-1.40,36.80
843,194905968,-979.00,-72.27,292.48,-1.40,-0.73,-1.46,37.14
844,194911762,-980.47,-80.08,291.02,-1.65,-0.79,-2.01,36.94
845,194915811,-978.03,-86.43,294.43,-1.59,-0.79,-2.38,37.18
846,194919861,-979.49,-82.52,294.43,-1.83,-0.91,-2.68,37.04
847,194923918,-979.49,-81.54,291.99,-1.71,-0.98,-3.11,37.18
848,194927968,-977.54,-84.47,284.18,-1.65,-1.16,-3.48,37.14
849,194933762,-978.03,-84.96,287.11,-1.89,-1.22,-3.48,36.99
850,194937811,-981.93,-85.94,287.60,-2.13,-1.22,-3.17,37.18
851,194941861,-977.54,-84.47,283.20,-2.01,-1.28,-3.11,36.94
852,194945918,-970.70,-89.84,281.25,-2.07,-1.40,-2.74,36.85
853,194949968,-964.84,-90.82,278.81,-2.13,-1.22,-2.13,37.14
854,194955762,-962.40,-93.75,280.27,-2.13,-1.40,-1.65,37.47
855,194959811,-963.87,-102.05,283.20,-1.83,-0.98,-0.43,37.18
856,194963861,-965.33,-96.19,279.30,-1.77,-0.98,-0.12,37.18
857,194967918,-958.50,-88.38,284.18,-1.40,-0.79,0.30,36.75
858,194971968,-958.01,-87.89,282.23,-1.04,-0.85,0.30,37.04
859,194977762,-958.01,-75.68,283.20,-0.79,-1.16,0.24,37.18
860,194981811,-966.31,-72.75,288.09,-1.10,-1.34,-0.37,37.14
861,194985861,-961.91,-70.31,289.06,-1.22,-0.85,-0.30,37.04
862,194989918,-966.80,-65.92,287.60,-0.85,-0.91,-0.49,36.85
863,194993968,-966.80,-57.62,285.16,-0.91,-1.16,-1.04,37.18
864,194999762,-965.33,-53.71,285.64,-1.16,-1.16,-1.46,37.28
865,195003811,-965.82,-59.57,284.67,-1.04,-1.16,-1.89,36.94
866,195007861,-969.24,-59.08,281.25,-1.04,-1.16,-1.95,36.94
867,195011918,-961.43,-67.87,278.81,-1.46,-1.16,-1.89,37.14
868,195015968,-958.98,-70.31,283.69,-1.52,-1.04,-1.89,37.04
869,195021762,-958.50,-73.73,281.25,-1.52,-0.98,-1.95,37.28
870,195025811,-961.43,-83.98,279.79,-1.28,-1.22,-1.34,37.04
871,195029861,-958.98,-83.98,283.20,-1.46,-0.79,-1.34,37.18
872,195033918,-962.40,-86.43,279.79,-1.34,-1.16,-1.34,36.99
873,195037968,-961.43,-86.91,281.25,-1.16,-0.73,-1.46,37.04
874,195043762,-959.96,-88.87,285.16,-0.98,-0.79,-1.22,36.66
875,195047811,-968.26,-94.24,284.18,-1.10,-0.61,-0.85,36.85
876,195051861,-962.40,-91.31,283.69,-0.98,-0.73,-0.79,37.28
877,195055918,-964.84,-89.36,284.18,-0.85,-0.43,-0.12,37.28
878,195059968,-962.40,-91.80,286.13,-0.79,-0.55,0.12,37.14
879,195065762,-971.19,-90.33,282.71,-0.98,-0.79,0.43,37.28
880,195069811,-973.63,-77.15,284.18,-0.67,-0.98,0.18,36.85
881,195073861,-972.66,-77.15,283.20,-1.04,-0.85,0.06,36.85
882,195077918,-964.36,-77.64,286.62,-0.73,-0.91,0.00,37.14
883,195081968,-963.38,-72.75,288.09,-0.91,-0.98,-0.24,37.04
884,195087762,-965.33,-77.15,286.62,-0.85,-0.73,-0.73,37.18
885,195091811,-960.45,-78.61,287.11,-0.67,-0.91,-0.61,36.99
886,195095861,-959.47,-85.45,287.11,-0.61,-0.73,-0.85,37.18
887,195099918,-962.40,-85.94,289.55,-0.73,-0.61,-0.73,37.28
888,195105762,-961.91,-83.01,287.11,-0.85,-0.67,-0.85,37.18
889,195109811,-963.38,-80.57,286.13,-0.67,-0.49,-1.04,37.14
890,195113861,-967.29,-81.54,287.11,-0.67,-0.24,-1.28,37.04
891,195117918,-962.40,-77.15,289.06,-0.67,-0.30,-1.59,36.94
892,195121968,-968.26,-76.66,291.50,-1.04,-0.18,-2.07,37.14
893,195127762,-970.21,-87.89,290.53,-1.10,0.06,-2.38,37.14
894,195131811,-972.17,-82.52,291.99,-1.16,-0.24,-2.74,37.33
895,195135861,-968.75,-79.10,291.50,-1.22,-0.18,-2.74,36.99
896,195139918,-963.38,-88.87,284.18,-1.28,-0.24,-2.99,36.80
897,195143968,-972.17,-87.89,283.20,-1.22,-0.30,-2.93,37.28
898,195149762,-968.26,-94.24,283.20,-1.16,-0.43,-2.62,37.04
899,195153811,-965.82,-93.26,280.27,-0.85,-0.18,-2.07,37.18
900,195157861,-971.19,-93.26,284.67,-0.79,0.12,-1.59,37.18
901,195161918,-970.70,-93.75,282.71,-0.79,-0.12,-1.28,36.80
902,195165968,-974.12,-88.38,288.09,-0.91,-0.30,-1.04,36.99
903,195171762,-967.77,-83.50,281.25,-0.73,-0.06,-0.79,36.99
904,195175811,-970.70,-83.50,284.67,-0.49,-0.30,-0.91,36.94
905,195179861,-973.14,-86.43,283.20,-0.67,-0.24,-0.79,36.94
906,195183918,-973.14,-84.96,287.11,-0.67,-0.24,-0.67,36.99
907,195187968,-972.17,-86.43,288.09,-0.91,-0.37,-0.67,37.28
908,195193762,-969.73,-85.45,285.16,-0.85,-0.43,-0.43,37.18
909,195197811,-966.31,-96.68,291.99,-0.91,-0.30,-0.73,37.14
910,195201861,-960.94,-93.75,285.64,-0.67,-0.55,-0.55,36.99
911,195205918,-960.94,-89.36,290.04,-0.85,-0.49,-0.49,36.99
912,195209968,-961.43,-92.77,286.62,-0.85,-0.67,-0.24,37.18
913,195215762,-956.54,-95.21,289.06,-0.79,-0.49,-0.24,36.99
914,195219811,-960.94,-99.61,288.09,-0.67,-0.37,0.24,37.33
915,195223861,-958.50,-94.24,285.16,-0.67,-0.30,-0.06,37.18
916,195227918,-953.61,-88.87,280.27,-0.49,-0.24,0.43,36.99
917,195231968,-960.94,-92.77,278.81,-0.49,-0.30,0.55,36.99
918,195237762,-960.45,-94.73,280.27,-0.67,-0.18,0.85,36.85
919,195241811,-967.29,-94.24,285.16,-0.61,-0.06,1.10,36.80
920,195245861,-970.70,-92.29,280.27,-0.79,-0.37,1.52,37.14
921,195249918,-970.70,-85.94,282.23,-0.55,-0.30,1.10,36.99
922,195253968,-966.31,-82.52,283.69,-0.49,-0.49,1.10,36.85
923,195259762,-970.21,-79.10,284.67,-0.55,-0.55,0.43,36.99
924,195263811,-965.82,-78.61,287.60,-0.79,-0.55,0.30,36.94
925,195267861,-967.77,-80.57,282.71,-0.91,-0.49,0.30,37.18
926,195271918,-963.87,-83.01,281.25,-0.67,-0.43,0.24,36.99
927,195275968,-963.87,-83.50,285.16,-0.79,-0.30,0.24,36.75
928,195281762,-959.47,-86.91,284.67,-0.55,-0.61,0.30,36.80
929,195285811,-960.94,-86.91,286.13,-0.49,-0.43,0.55,36.94
930,195289861,-963.87,-87.40,284.67,-0.43,-0.18,0.67,36.94
931,195293918,-960.94,-88.87,288.09,-0.24,-0.18,0.61,36.99
932,195299762,-966.31,-84.96,282.23,-0.30,-0.18,0.61,36.85
933,195303811,-969.24,-77.15,287.60,-0.18,-0.06,-0.12,37.14
934,195307861,-974.12,-76.66,287.60,-0.24,-0.24,-0.18,36.94
935,195311918,-968.26,-80.08,286.62,-0.30,-0.43,-0.43,37.18
936,195315968,-965.33,-84.47,286.62,-0.30,-0.61,-0.12,36.99
937,195320017,-969.73,-89.84,288.57,-0.24,-0.49,0.06,36.94
938,195325762,-973.14,-97.17,286.13,-0.37,-0.37,0.49,36.94
939,195329811,-966.80,-96.68,290.04,-0.49,-0.30,1.10,36.94
940,195333861,-965.33,-101.56,282.23,-0.30,-0.30,1.71,37.28
941,195337918,-966.31,-101.56,282.23,0.00,-0.55,2.01,37.14
942,195343762,-965.82,-96.19,280.27,0.55,-0.43,2.50,36.94
943,195347811,-964.36,-93.26,279.79,0.30,-0.06,2.87,36.99
944,195351861,-964.84,-83.98,277.34,0.18,-0.30,2.87,36.94
945,195355918,-966.80,-82.52,277.83,0.00,-0.24,2.93,36.80
946,195359968,-972.17,-82.03,280.27,0.37,-0.18,2.62,37.04
947,195365762,-973.63,-76.66,280.76,-0.06,-0.43,2.32,36.94
948,195369811,-975.59,-78.61,283.20,0.00,-0.18,1.95,36.85
949,195373861,-977.05,-82.03,285.16,-0.37,-0.49,2.01,37.14
950,195377918,-976.56,-87.89,291.99,-0.18,-0.55,1.95,36.99
951,195381968,-978.03,-91.31,291.50,-0.06,-0.37,1.71,37.14
952,195387762,-976.56,-90.82,294.43,-0.06,-0.67,1.77,37.28
953,195391811,-977.05,-94.73,296.88,-0.12,-0.79,1.89,37.14
954,195395861,-977.54,-89.36,294.43,-0.18,-1.28,1.71,36.94
955,195399918,-976.56,-90.82,293.46,-0.43,-1.34,1.52,36.75
956,195403968,-969.73,-87.40,295.41,-0.30,-1.59,1.10,37.18
957,195409762,-963.87,-79.10,293.46,-0.67,-1.59,0.43,37.14
958,195413811,-961.43,-68.36,290.04,-0.73,-1.40,-0.79,37.04
959,195417861,-961.43,-63.96,291.50,-0.85,-1.71,-1.52,37.18
960,195421918,-960.94,-72.75,286.62,-1.04,-1.40,-2.07,36.80
961,195425968,-952.15,-80.08,286.13,-1.10,-1.28,-2.44,37.14
962,195431762,-955.57,-86.91,286.62,-1.22,-1.40,-2.99,36.99
963,195435811,-957.52,-99.12,283.20,-1.04,-1.16,-2.26,36.94
964,195439861,-955.57,-99.61,281.74,-1.10,-1.10,-2.26,37.14
965,195443918,-958.50,-86.91,276.37,-0.67,-1.22,-1.71,37.18
966,195447968,-957.03,-91.80,276.37,-0.85,-1.10,-1.40,37.18
967,195453762,-958.01,-84.47,276.86,-0.79,-1.22,-0.91,36.66
968,195457811,-962.89,-78.61,278.81,-0.61,-1.16,-0.43,36.85
969,195461861,-963.38,-80.08,281.74,-0.55,-0.98,-0.12,37.28
970,195465918,-962.89,-79.59,283.69,-0.37,-0.98,0.37,37.18
971,195469968,-960.94,-76.17,283.69,-0.49,-0.85,0.79,37.04
972,195475762,-961.43,-80.57,288.09,-0.55,-0.67,0.61,36.94
973,195479811,-961.91,-74.22,289.06,-0.61,-0.61,0.06,36.85
974,195483861,-966.31,-74.22,285.16,-0.55,-0.49,-0.12,37.28
975,195487918,-965.33,-73.73,288.09,-0.49,-0.49,-0.55,37.04
976,195491968,-969.24,-75.20,289.55,-0.85,-0.30,-0.61,37.04
977,195497762,-972.17,-81.05,289.06,-0.91,-0.30,-1.28,36.94
978,195501811,-970.70,-83.50,289.55,-0.55,-0.43,-1.77,37.18
979,195505861,-974.12,-82.03,288.09,-0.67,-0.12,-2.01,36.99
980,195509918,-976.56,-83.50,279.30,-0.79,-0.12,-2.38,36.94
981,195515762,-973.63,-83.01,286.13,-0.73,-0.12,-2.26,37.04
982,195519811,-981.93,-86.91,290.53,-0.91,-0.18,-2.26,37.14
983,195523861,-978.52,-87.40,291.02,-1.22,-0.43,-2.07,36.80
984,195527918,-971.19,-84.47,283.69,-1.04,-0.30,-2.20,37.14
985,195531968,-968.75,-94.24,283.20,-1.10,-0.37,-2.01,37.28
986,195536017,-971.19,-99.61,286.13,-0.98,-0.12,-1.71,36.99
987,195541762,-967.29,-99.61,287.11,-0.85,-0.06,-1.22,37.18
988,195545811,-969.73,-99.61,286.62,-0.85,-0.18,-0.91,36.94
989,195549861,-969.24,-98.63,289.06,-0.85,-0.37,-0.98,36.94
990,195553918,-963.87,-90.33,287.60,-0.73,-0.43,-1.28,37.04
991,195559762,-964.84,-90.33,289.06,-0.43,-0.18,-1.40,37.28
992,195563811,-964.84,-86.43,289.06,-0.49,-0.12,-1.71,37.18
993,195567861,-962.40,-88.87,286.62,-0.49,0.06,-1.71,36.94
994,195571918,-969.73,-84.47,286.13,-0.49,0.24,-1.83,37.33
995,195575968,-965.82,-79.59,286.13,-0.37,0.30,-2.01,36.99
996,195581762,-968.26,-76.17,283.20,-0.61,0.06,-2.13,37.28
997,195585811,-968.75,-82.03,281.25,-0.85,-0.12,-2.01,37.33
998,195589861,-971.68,-86.43,277.83,-0.79,0.06,-1.89,37.18
999,195593918,-968.26,-88.87,282.23,-1.10,0.12,-1.71,36.80
1000,195597968,-966.80,-92.29,284.18,-1.22,-0.06,-1.40,37.14
1001,195603762,-963.38,-95.70,285.16,-0.85,-0.06,-1.28,36.99
1002,195607811,-961.43,-93.26,288.09,-0.91,-0.12,-1.22,37.28
1003,195611861,-957.03,-95.21,283.20,-1.04,-0.18,-1.22,36.99
1004,195615918,-953.61,-98.14,282.23,-0.98,0.18,-0.98,37.14
1005,195619968,-950.68,-102.05,282.23,-0.98,-0.24,-1.10,37.14
1006,195625762,-960.94,-103.03,288.57,-0.79,-0.18,-1.16,37.04
1007,195629811,-955.08,-95.21,279.79,-0.91,-0.55,-1.10,37.18
1008,195633861,-948.73,-89.84,280.76,-0.85,-0.24,-1.40,37.04
1009,195637918,-947.75,-93.26,277.34,-0.91,-0.06,-1.52,37.18
1010,195641968,-945.80,-95.21,281.74,-1.04,0.06,-1.77,37.18
1011,195647762,-945.80,-92.29,280.76,-0.98,-0.12,-1.59,37.04
1012,195651811,-946.29,-86.43,284.18,-0.98,0.18,-1.46,36.94
1013,195655861,-945.31,-83.50,277.83,-0.98,0.18,-1.65,36.99
1014,195659918,-949.71,-82.03,281.25,-1.16,0.00,-1.52,37.18
1015,195663968,-949.71,-85.94,283.69,-0.98,0.24,-1.22,36.94
1016,195669762,-954.59,-91.31,282.71,-1.04,0.37,-1.04,36.94
1017,195673811,-964.36,-98.63,285.64,-1.10,0.49,-0.43,37.18
1018,195677861,-965.33,-94.24,286.62,-1.04,0.43,-0.43,37.14
1019,195681918,-973.63,-93.75,284.67,-0.85,0.30,-0.24,37.04
1020,195685968,-976.56,-96.19,283.20,-1.16,0.18,0.24,37.28
1021,195691762,-975.10,-90.82,283.69,-0.79,0.24,0.30,36.94
1022,195695811,-976.56,-93.26,286.13,-1.04,-0.30,0.37,36.94
1023,195699861,-979.00,-100.59,282.23,-0.98,-0.12,0.61,37.14
1024,195703918,-977.05,-98.14,282.71,-0.91,-0.18,0.85,37.14
1025,195707968,-974.61,-97.66,281.74,-0.98,0.00,1.16,37.04
1026,195713762,-971.68,-100.59,281.74,-1.10,0.00,1.22,36.99
1027,195717811,-977.05,-89.84,287.11,-0.91,0.12,1.04,37.04
1028,195721861,-976.56,-88.87,281.74,-0.85,-0.06,0.79,36.99
1029,195725918,-975.59,-90.33,283.20,-0.73,-0.06,0.55,37.04
1030,195731762,-973.63,-90.82,285.16,-0.98,0.00,0.00,37.28
1031,195735811,-981.93,-87.89,285.16,-0.79,0.12,-0.24,37.18
1032,195739861,-982.91,-91.80,283.20,-1.04,-0.06,-0.30,36.85
1033,195743918,-989.75,-86.91,281.74,-0.67,0.06,-0.37,36.85
1034,195747968,-986.82,-88.38,285.64,-0.55,-0.30,-0.61,36.85
1035,195753762,-984.37,-85.45,286.62,-0.79,-0.55,-0.24,37.18
1036,195757811,-983.89,-88.87,283.20,-0.67,-0.43,-0.18,37.04
1037,195761861,-980.96,-94.73,283.69,-0.61,-0.61,0.30,37.18
1038,195765918,-976.07,-93.26,286.62,-0.73,-0.49,0.30,36.75
1039,195769968,-970.21,-88.87,291.50,-0.61,-0.67,0.73,36.94
1040,195775762,-967.29,-91.80,287.60,-0.85,-0.61,0.73,36.85
1041,195779811,-955.57,-91.31,284.67,-0.49,-0.61,0.79,37.14
1042,195783861,-957.03,-89.84,286.13,-0.73,-0.61,0.85,37.04
1043,195787918,-956.05,-87.89,284.18,-0.79,-0.73,0.49,36.99
1044,195791968,-953.61,-90.82,286.13,-0.67,-0.67,0.18,37.18
1045,195797762,-953.61,-89.36,284.67,-0.98,-0.43,0.12,37.18
1046,195801811,-954.10,-92.77,284.67,-0.79,-0.37,-0.24,37.33
1047,195805861,-960.45,-94.73,283.20,-0.85,-0.43,-0.06,37.28
1048,195809918,-960.94,-100.59,284.67,-1.28,-0.43,-0.12,36.85
1049,195813968,-962.40,-94.73,280.76,-1.16,-0.55,-0.30,37.18
1050,195819762,-955.08,-89.36,288.57,-1.10,-0.37,-0.67,37.14
1051,195823811,-949.71,-87.89,282.23,-0.98,-0.61,-0.73,36.99
1052,195827861,-957.52,-92.29,285.64,-0.91,-0.61,-0.67,37.28
1053,195831918,-954.10,-90.82,281.25,-1.04,-0.61,-0.73,36.99
1054,195835968,-950.20,-95.70,282.71,-1.28,-0.61,-0.49,37.28
1055,195841762,-954.10,-97.17,281.74,-1.10,-0.24,-0.24,37.18
1056,195845811,-952.64,-96.68,286.13,-1.04,-0.12,-0.18,36.99
1057,195849861,-958.98,-94.73,283.20,-0.73,-0.37,-0.12,36.99
1058,195853918,-961.91,-91.31,280.27,-1.28,-0.30,0.18,36.94
1059,195857968,-968.26,-91.31,284.67,-1.22,-0.30,0.24,37.37
1060,195863762,-972.17,-92.29,283.69,-1.34,-0.30,0.24,36.94
1061,195867811,-970.70,-93.26,290.04,-1.10,-0.43,0.55,37.04
1062,195871861,-974.61,-95.70,281.25,-0.79,-0.49,0.67,36.94
1063,195875918,-974.61,-92.77,283.20,-1.22,-0.55,0.61,37.04
1064,195879968,-968.26,-88.87,283.20,-1.22,-0.55,0.61,37.18
1065,195885762,-979.00,-86.91,281.74,-0.85,-0.67,0.79,36.85
1066,195889811,-968.75,-90.33,280.27,-1.04,-0.79,0.67,36.80
1067,195893861,-965.82,-88.87,280.27,-0.85,-0.79,0.55,37.18
1068,195897918,-966.31,-88.87,281.74,-0.91,-0.79,0.67,36.94
1069,195901968,-966.80,-89.36,276.86,-0.98,-0.98,0.43,36.85
1070,195907762,-960.94,-93.26,290.53,-1.04,-0.73,0.61,36.94
1071,195911811,-955.57,-96.19,289.06,-0.91,-0.55,0.79,36.99
1072,195915861,-961.43,-97.66,287.11,-0.67,-0.61,0.73,37.04
1073,195919918,-957.52,-96.19,283.20,-0.73,-0.67,0.98,37.28
1074,195923968,-958.01,-104.00,285.16,-0.67,-0.73,1.28,36.94
1075,195929762,-962.40,-98.63,285.16,-0.43,-0.79,1.40,36.66
1076,195933811,-962.40,-90.33,281.25,-0.61,-0.67,1.59,36.75
1077,195937861,-963.38,-88.87,284.18,-0.55,-0.67,1.40,36.85
1078,195941918,-962.40,-90.33,282.71,-0.67,-0.98,1.65,37.04
1079,195947762,-958.98,-83.01,286.62,-0.73,-0.37,1.52,36.99
1080,195951811,-960.45,-87.40,279.30,-0.98,-0.49,1.65,36.99
1081,195955861,-961.91,-86.91,279.79,-0.98,-0.49,1.65,36.80
1082,195959918,-959.96,-83.98,279.30,-0.98,-0.37,1.77,37.14
1083,195963968,-968.26,-88.87,281.74,-0.85,-0.55,1.59,37.18
1084,195969762,-965.33,-83.01,281.74,-0.85,-0.73,1.46,37.04
1085,195973811,-966.31,-82.52,285.64,-0.79,-0.61,0.73,36.99
1086,195977861,-966.80,-85.94,285.64,-0.91,-0.43,0.30,37.28
1087,195981918,-968.75,-81.54,284.67,-0.67,-0.67,0.24,37.04
1088,195985968,-970.21,-84.47,283.20,-1.04,-0.73,-0.49,36.85
1089,195991762,-973.14,-88.38,285.64,-1.40,-0.61,-0.49,37.14
1090,195995811,-963.38,-92.29,289.06,-1.52,-0.73,-0.61,37.14
1091,195999861,-969.24,-95.70,291.02,-1.52,-0.73,-0.85,37.14
1092,196003918,-972.17,-93.26,290.04,-1.46,-0.55,-0.85,37.14
1093,196007968,-965.33,-93.26,289.55,-1.59,-0.73,-1.34,36.94
1094,196013762,-964.36,-98.63,289.06,-1.65,-0.85,-1.34,37.37
1095,196017811,-968.26,-104.49,283.20,-1.34,-0.61,-1.22,37.28
1096,196021861,-967.77,-102.05,281.25,-1.46,-0.73,-0.55,36.75
1097,196025918,-971.68,-101.07,280.76,-1.46,-0.79,-0.18,36.99
1098,196029968,-966.31,-100.10,282.23,-1.16,-0.79,0.12,37.14
1099,196035762,-969.24,-94.24,278.32,-1.28,-0.61,0.49,37.28
1100,196039811,-961.91,-93.26,280.27,-1.10,-0.73,1.16,37.37
1101,196043861,-962.40,-91.80,277.34,-1.34,-0.79,1.34,37.14
1102,196047918,-968.26,-93.75,279.79,-1.40,-0.85,1.83,36.99
1103,196051968,-969.24,-86.91,277.83,-1.52,-0.67,1.95,37.18
1104,196057762,-968.26,-82.52,279.30,-1.34,-0.67,1.89,37.28
1105,196061811,-971.68,-86.91,288.09,-1.22,-0.49,1.71,36.99
1106,196065861,-968.26,-90.33,281.25,-1.22,-0.67,1.71,37.04
1107,196069918,-966.80,-89.84,285.64,-1.28,-0.79,1.40,37.18
1108,196073968,-963.38,-93.26,284.18,-1.28,-0.85,1.28,37.04
1109,196079762,-967.29,-91.80,284.67,-0.91,-0.79,1.10,37.28
1110,196083811,-960.94,-86.91,285.16,-1.04,-0.67,0.91,37.14
1111,196087861,-956.54,-92.77,291.50,-1.10,-0.73,1.04,37.14
1112,196091918,-958.01,-91.80,293.46,-0.98,-0.49,0.37,36.94
1113,196095968,-959.47,-90.33,290.04,-1.10,-0.55,0.49,37.18
1114,196101762,-965.33,-91.31,287.11,-1.04,-0.49,0.43,36.75
1115,196105811,-964.84,-87.40,283.69,-1.04,-0.37,0.24,36.80
1116,196109861,-964.84,-83.01,275.88,-1.10,-0.55,-0.12,37.18
1117,196113918,-970.70,-83.98,277.83,-0.91,-0.30,-0.24,37.18
1118,196117968,-966.80,-81.05,280.27,-1.28,-0.61,-0.06,36.75
1119,196123762,-971.19,-83.01,281.74,-1.28,-0.55,0.18,36.99
1120,196127811,-966.80,-87.40,284.18,-1.04,-0.61,0.30,36.94
1121,196131861,-971.68,-81.05,284.67,-1.10,-0.55,0.43,37.14
1122,196135918,-965.82,-83.98,283.20,-1.16,-0.55,0.12,37.18
1123,196139968,-966.80,-88.87,286.13,-1.16,-0.49,0.55,36.94
1124,196145762,-969.73,-93.26,284.18,-1.28,-0.30,0.61,36.94
1125,196149811,-961.91,-97.17,283.69,-1.16,-0.24,0.79,37.33
1126,196153861,-967.77,-95.21,284.67,-1.28,-0.30,1.10,37.04
1127,196157918,-968.26,-94.73,288.09,-0.98,-0.30,0.85,37.18
1128,196163762,-974.61,-88.38,283.69,-0.98,-0.24,1.34,37.33
1129,196167811,-964.84,-96.19,281.25,-1.04,-0.43,1.22,37.04
1130,196171861,-969.73,-95.70,279.30,-1.22,-0.61,1.46,37.14
1131,196175918,-969.24,-90.33,283.20,-1.04,-0.61,1.28,37.14
1132,196179968,-968.26,-91.80,282.71,-1.28,-0.37,0.85,37.14
1133,196185762,-969.24,-87.89,282.71,-1.28,-0.37,0.73,37.18
1134,196189811,-972.17,-86.43,282.71,-1.46,-0.55,0.30,37.04
1135,196193861,-969.73,-87.89,281.74,-1.59,-0.67,-0.12,37.33
1136,196197918,-967.77,-93.75,282.71,-1.52,-0.49,-0.61,36.99
1137,196201968,-965.82,-93.75,280.76,-1.59,-0.55,-0.61,37.28
1138,196207762,-969.73,-98.14,285.16,-1.52,-0.55,-0.73,37.28
1139,196211811,-972.17,-101.07,282.23,-1.52,-0.37,-0.43,37.04
1140,196215861,-971.68,-101.07,280.27,-1.46,-0.61,-0.37,37.18
1141,196219918,-971.68,-90.82,280.27,-1.46,-0.61,0.00,37.04
1142,196223968,-966.31,-91.31,281.74,-1.16,-0.61,-0.12,37.28
1143,196229762,-964.36,-88.38,281.25,-1.04,-0.55,-0.24,36.94
1144,196233811,-966.80,-83.98,283.69,-1.10,-0.18,0.06,36.80
1145,196237861,-967.77,-83.01,281.25,-1.16,-0.49,0.18,37.28
1146,196241918,-967.29,-83.01,284.18,-1.22,-0.37,0.24,36.80
1147,196245968,-962.40,-80.57,279.79,-1.34,-0.37,0.24,37.18
1148,196251762,-963.38,-83.01,285.64,-1.10,-0.55,0.18,37.18
1149,196255811,-960.45,-84.96,279.79,-1.16,-0.49,0.43,37.18
1150,196259861,-959.96,-79.10,287.11,-1.40,-0.30,0.61,37.14
1151,196263918,-959.47,-83.98,288.57,-1.22,-0.18,0.43,36.94
1152,196267968,-963.87,-81.05,287.11,-1.46,-0.18,0.00,37.18
1153,196273762,-963.38,-87.89,293.46,-1.16,-0.18,-0.30,37.37
1154,196277811,-964.36,-83.01,289.55,-1.40,-0.06,-0.98,37.04
1155,196281861,-969.24,-86.91,288.09,-1.34,0.12,-0.91,37.37
1156,196285918,-972.66,-89.36,285.64,-1.40,-0.06,-1.46,36.99
1157,196289968,-972.17,-93.75,280.27,-1.59,-0.06,-1.40,37.28
1158,196295762,-972.66,-99.12,278.32,-1.52,-0.30,-1.34,37.18
1159,196299811,-971.19,-96.68,279.79,-1.28,-0.37,-1.04,37.18
1160,196303861,-969.24,-96.19,276.86,-1.52,-0.55,-1.04,36.94
1161,196307918,-968.75,-100.10,278.32,-1.65,-0.73,-0.49,37.14
1162,196311968,-965.82,-100.59,279.79,-1.52,-0.55,-0.30,36.94
1163,196317762,-966.80,-103.52,277.83,-0.98,-0.24,0.73,36.80
1164,196321811,-967.29,-104.00,278.32,-0.98,-0.73,0.98,37.14
1165,196325861,-966.31,-98.63,279.79,-0.91,-0.43,0.91,37.18
1166,196329918,-964.36,-97.66,281.25,-1.16,-0.49,1.34,36.94
1167,196333968,-966.80,-88.87,284.18,-1.16,-0.12,1.22,36.75
1168,196339762,-963.87,-99.61,276.86,-0.73,-0.12,1.22,36.85
1169,196343811,-967.77,-97.17,286.13,-0.73,-0.30,1.16,36.94
1170,196347861,-967.29,-91.80,283.20,-0.79,-0.24,1.28,36.99
1171,196351918,-968.26,-86.91,285.64,-0.98,-0.37,1.10,37.18
1172,196355968,-963.87,-81.05,287.11,-0.91,-0.12,0.73,37.14
1173,196361762,-963.87,-75.68,286.62,-0.79,-0.37,0.24,36.99
1174,196365811,-959.96,-74.71,284.18,-1.22,-0.30,-0.49,37.18
1175,196369861,-964.36,-83.01,290.53,-1.16,-0.06,-0.73,36.94
1176,196373918,-960.45,-83.50,285.16,-1.28,-0.30,-0.67,37.18
1177,196379762,-962.40,-87.89,283.69,-1.34,0.00,-0.91,37.18
1178,196383811,-965.82,-88.87,281.74,-0.91,-0.06,-1.10,36.94
1179,196387861,-969.24,-89.84,284.67,-1.28,0.00,-1.28,37.14
1180,196391918,-968.26,-93.75,282.23,-1.59,-0.12,-0.91,37.28
1181,196395968,-963.38,-98.14,282.71,-1.22,-0.12,-0.98,37.14
1182,196401762,-969.24,-99.12,280.76,-1.16,-0.18,-0.67,36.99
1183,196405811,-975.10,-99.61,277.83,-1.22,-0.30,-0.43,37.37
1184,196409861,-974.12,-105.47,280.27,-1.16,-0.37,-0.06,37.18
1185,196413918,-978.52,-104.49,277.34,-1.16,-0.30,0.24,36.99
1186,196417968,-972.66,-98.63,273.93,-1.52,-0.30,0.49,37.18
1187,196423762,-974.61,-103.03,276.86,-1.10,-0.30,0.73,36.94
1188,196427811,-970.21,-96.68,283.69,-1.40,-0.49,0.61,37.18
1189,196431861,-975.10,-94.73,284.18,-1.40,-0.91,0.55,36.94
1190,196435918,-972.66,-93.26,286.62,-1.16,-0.61,0.61,36.94
1191,196439968,-969.73,-98.63,287.60,-1.28,-0.98,0.55,37.04
1192,196445762,-963.87,-96.68,286.13,-0.91,-0.67,0.49,37.14
1193,196449811,-960.45,-97.17,283.20,-1.10,-0.67,0.67,36.94
1194,196453861,-961.43,-93.75,285.64,-1.10,-0.55,0.55,37.18
1195,196457918,-960.94,-91.31,286.13,-1.16,-0.98,0.73,36.80
1196,196461968,-955.57,-87.40,278.32,-1.16,-0.91,0.55,37.18
1197,196467762,-951.66,-83.98,279.79,-0.98,-0.55,0.43,37.18
1198,196471811,-955.08,-83.50,279.30,-1.16,-0.61,0.55,36.99
1199,196475861,-956.54,-86.43,278.32,-1.22,-0.43,0.43,37.04
1200,196479918,-960.94,-84.47,280.27,-1.04,-0.37,0.61,36.99
1201,196483968,-959.96,-80.08,280.76,-1.10,-0.55,0.49,36.99
1202,196489762,-965.33,-79.10,280.76,-0.91,-0.18,0.37,37.14
1203,196493811,-958.50,-79.10,278.81,-0.91,-0.12,0.30,37.18
1204,196497861,-961.43,-81.54,288.57,-1.16,-0.06,0.00,36.94
1205,196501918,-967.29,-83.01,287.60,-0.91,-0.06,0.00,37.18
1206,196505968,-972.66,-88.38,291.02,-0.79,0.06,0.00,37.14
1207,196511762,-974.12,-82.52,287.60,-0.73,0.00,-0.12,36.94
1208,196515811,-972.66,-88.38,283.69,-0.79,0.00,-0.49,36.94
1209,196519861,-976.56,-88.38,282.23,-1.40,-0.18,-0.24,36.94
1210,196523918,-979.98,-93.75,286.13,-1.22,-0.37,-0.55,36.99
1211,196527968,-979.00,-98.63,284.67,-1.22,-0.37,-0.30,37.14
1212,196533762,-971.19,-104.98,276.86,-1.10,-0.49,-0.18,36.80
1213,196537811,-970.70,-102.54,283.20,-0.98,-0.06,0.18,36.94
1214,196541861,-972.17,-98.63,285.64,-1.04,-0.43,0.49,37.04
1215,196545918,-972.66,-96.68,282.71,-0.91,-0.43,0.73,36.94
1216,196549968,-973.63,-95.21,280.76,-0.98,-0.61,0.98,36.94
1217,196555762,-967.77,-93.26,280.27,-0.98,-0.43,1.04,36.94
1218,196559811,-966.80,-91.80,277.34,-1.04,-0.73,0.85,36.94
1219,196563861,-967.29,-94.24,277.34,-0.91,-0.49,1.22,37.28
1220,196567918,-963.87,-90.82,279.79,-1.22,-0.43,1.22,37.14
1221,196571968,-959.96,-94.24,283.69,-1.22,-0.43,0.98,36.80
1222,196577762,-962.40,-88.87,285.16,-1.04,-0.43,0.85,37.04
1223,196581811,-961.91,-88.87,280.76,-1.10,-0.06,0.55,37.28
1224,196585861,-963.87,-88.38,289.55,-1.46,-0.49,0.18,36.99
1225,196589918,-962.89,-85.94,282.23,-1.46,-0.30,-0.37,37.18
1226,196595762,-966.80,-92.29,286.62,-1.52,-0.43,-0.85,36.94
1227,196599811,-973.14,-89.36,282.23,-1.46,-0.43,-1.10,37.14
1228,196603861,-968.75,-86.43,284.67,-1.59,-0.18,-1.34,37.33
1229,196607918,-971.19,-90.33,285.16,-1.46,-0.24,-1.52,37.18
1230,196611968,-969.73,-89.84,278.81,-1.28,-0.43,-1.46,37.18
1231,196617762,-968.75,-91.80,277.83,-1.46,-0.37,-1.34,36.94
1232,196621811,-967.77,-96.68,283.69,-1.34,-0.43,-0.85,37.14
1233,196625861,-961.43,-94.24,283.69,-1.34,-0.79,-0.67,36.94
1234,196629918,-963.38,-92.77,281.25,-1.40,-0.37,-0.67,37.18
1235,196633967,-963.38,-93.75,277.83,-1.34,-0.55,0.12,36.99
1236,196639762,-967.77,-101.56,276.37,-1.28,-0.67,0.73,37.18
1237,196643811,-966.31,-98.14,281.74,-1.28,-0.55,1.10,36.94
1238,196647861,-960.45,-97.17,283.69,-1.22,-0.73,1.40,36.94
1239,196651918,-964.36,-102.05,285.64,-1.22,-0.55,1.40,36.80
1240,196655967,-960.94,-97.17,284.67,-1.04,-0.61,1.40,36.80
1241,196661762,-966.31,-90.82,282.71,-1.10,-0.49,1.52,36.94
1242,196665811,-969.24,-90.33,276.86,-1.16,-0.49,1.10,36.80
1243,196669861,-963.87,-87.40,275.39,-0.98,-0.73,1.16,37.14
1244,196673918,-960.94,-90.33,280.27,-1.16,-0.91,0.61,36.94
1245,196677967,-959.47,-90.33,278.81,-1.04,-0.55,0.55,36.99
1246,196683762,-955.08,-87.89,286.62,-1.16,-0.49,0.61,36.80
1247,196687811,-964.84,-89.84,284.18,-1.34,-0.49,0.43,37.33
1248,196691861,-963.38,-93.26,287.11,-1.10,-0.37,0.85,36.99
1249,196695918,-966.80,-91.80,286.13,-1.04,-0.18,0.79,36.75
1250,196699967,-969.73,-91.31,283.69,-1.28,-0.43,0.61,36.94
1251,196705762,-968.75,-85.94,282.71,-1.22,-0.43,0.49,36.94
1252,196709811,-973.14,-87.89,281.74,-1.16,-0.61,0.55,37.18
1253,196713861,-970.70,-93.26,279.79,-1.22,-0.73,0.24,36.99
1254,196717918,-968.26,-90.33,280.27,-1.22,-0.67,-0.06,37.18
1255,196721967,-964.84,-92.77,283.20,-1.10,-0.79,-0.06,37.18
1256,196727762,-966.80,-93.26,282.23,-1.16,-0.67,0.12,36.99
1257,196731811,-962.40,-95.70,279.79,-1.46,-0.98,0.30,36.94
1258,196735861,-962.89,-100.59,275.88,-1.34,-0.55,0.55,37.28
1259,196739918,-950.68,-100.10,280.76,-1.16,-0.85,0.67,37.18
1260,196743967,-961.43,-99.12,284.18,-1.22,-0.85,0.79,37.14
1261,196749762,-957.03,-96.68,278.81,-1.22,-0.85,0.79,36.85
1262,196753811,-956.05,-93.75,280.27,-1.16,-0.67,0.79,36.80
1263,196757861,-957.03,-92.29,279.79,-1.28,-0.73,1.04,37.33
1264,196761918,-957.52,-89.84,280.27,-1.22,-0.85,0.91,37.28
1265,196765967,-963.87,-93.75,280.76,-1.52,-0.61,0.91,36.80
1266,196771762,-969.24,-87.40,281.74,-1.40,-0.55,0.85,36.94
1267,196775811,-969.24,-88.87,284.67,-1.59,-0.55,1.16,36.94
1268,196779861,-971.19,-92.77,279.79,-1.65,-0.79,1.16,37.28
1269,196783918,-968.26,-94.24,278.32,-1.40,-0.55,1.04,36.94
1270,196787967,-968.26,-91.80,284.18,-1.40,-0.67,1.16,36.94
1271,196793762,-964.84,-89.84,286.13,-1.40,-0.91,1.28,37.18
1272,196797811,-964.36,-91.80,280.27,-1.34,-1.28,1.16,36.94
1273,196801861,-967.77,-89.84,281.74,-1.46,-1.22,1.04,36.94
1274,196805918,-962.40,-82.52,283.69,-1.34,-1.10,0.91,36.75
1275,196811762,-967.29,-84.47,279.79,-1.10,-0.98,0.85,37.04
1276,196815811,-960.45,-79.59,281.74,-1.28,-0.73,0.73,36.94
1277,196819861,-963.87,-86.91,283.69,-1.46,-0.73,0.49,36.94
1278,196823918,-962.40,-90.33,285.16,-1.40,-0.79,0.49,36.94
1279,196827967,-966.80,-80.57,281.25,-1.40,-0.79,0.30,37.28
1280,196833762,-970.21,-87.40,280.27,-1.52,-0.61,0.55,37.28
1281,196837811,-965.82,-90.33,284.18,-1.46,-0.49,0.43,36.99
1282,196841861,-965.82,-93.26,284.18,-1.22,-0.79,0.73,37.28
1283,196845918,-966.31,-92.77,285.16,-1.28,-0.67,0.79,37.14
1284,196849967,-967.77,-98.14,281.25,-1.34,-0.73,0.98,37.28
1285,196855762,-965.82,-97.17,281.25,-1.34,-0.79,1.22,36.94
1286,196859811,-960.94,-99.12,284.18,-1.22,-0.55,1.22,37.14
1287,196863861,-962.89,-105.47,284.67,-0.91,-0.91,1.46,37.18
1288,196867918,-964.84,-103.03,286.13,-0.91,-0.61,1.89,36.66
1289,196871967,-963.38,-99.61,281.74,-0.91,-0.61,2.07,37.04
1290,196877762,-966.80,-93.26,283.20,-1.10,-0.67,2.26,37.14
1291,196881811,-962.40,-86.91,285.16,-1.16,-0.55,2.26,37.28
1292,196885861,-964.36,-86.43,276.37,-0.98,-0.67,2.01,36.94
1293,196889918,-961.43,-84.47,275.88,-0.91,-0.49,1.52,37.04
1294,196893968,-962.40,-82.52,277.83,-1.04,-0.49,1.04,37.14
1295,196899762,-961.43,-84.96,283.20,-1.04,-0.67,1.04,37.04
1296,196903811,-967.77,-84.47,281.25,-1.10,-0.43,1.40,37.28
1297,196907861,-964.84,-81.05,276.86,-1.10,-0.67,1.16,37.04
1298,196911918,-965.33,-80.57,286.13,-1.04,-0.67,1.10,37.04
1299,196915968,-962.40,-82.52,283.69,-1.22,-0.85,1.10,37.14
1300,196921762,-966.31,-83.50,278.32,-1.22,-0.73,1.22,37.28
1301,196925811,-967.77,-91.80,281.25,-1.04,-0.79,1.52,37.33
1302,196929861,-962.40,-88.87,283.69,-1.40,-0.73,1.40,37.04
1303,196933918,-968.26,-85.45,285.64,-1.16,-0.85,1.52,37.28
1304,196937968,-970.21,-82.03,280.27,-1.34,-0.73,1.16,37.14
1305,196943762,-963.38,-86.91,280.27,-1.04,-0.79,1.16,36.99
1306,196947811,-966.31,-86.91,282.23,-1.16,-0.37,0.67,36.51
1307,196951861,-962.40,-85.94,280.76,-1.22,-0.43,0.55,37.28
1308,196955918,-971.68,-89.84,285.64,-1.04,-0.24,0.30,36.99
1309,196959968,-972.66,-86.91,283.69,-1.22,0.00,0.61,37.14
1310,196965762,-977.54,-88.87,283.20,-1.16,-0.18,0.43,37.04
1311,196969811,-979.00,-84.96,279.79,-1.04,-0.43,0.30,36.75
1312,196973861,-982.42,-83.01,283.20,-1.22,-0.24,0.37,36.94
1313,196977918,-984.37,-90.82,282.71,-1.40,-0.24,0.43,37.14
1314,196981968,-985.35,-90.33,280.76,-1.16,-0.61,0.18,36.66
1315,196987762,-982.91,-85.45,280.76,-1.40,-0.85,0.24,36.80
1316,196991811,-975.10,-93.75,286.13,-1.16,-0.98,0.37,37.14
1317,196995861,-967.29,-100.59,283.69,-1.34,-0.85,0.37,36.94
1318,196999918,-960.45,-103.52,281.25,-1.16,-0.79,1.04,36.99
1319,197003968,-967.29,-99.61,283.69,-1.16,-0.67,1.40,36.75
1320,197009762,-962.89,-98.14,280.27,-1.04,-0.61,1.52,37.28
1321,197013811,-961.43,-92.29,283.69,-1.16,-0.61,1.40,37.47
1322,197017861,-963.38,-83.98,285.64,-1.22,-0.79,1.40,37.04
1323,197021918,-957.52,-85.94,280.76,-1.10,-0.67,0.85,37.14
1324,197027762,-958.98,-86.43,284.18,-1.22,-0.73,0.43,37.18
1325,197031811,-958.98,-82.52,282.71,-1.34,-0.61,0.24,36.94
1326,197035861,-958.98,-77.64,283.20,-1.28,-0.55,0.12,37.04
1327,197039918,-961.43,-75.20,282.23,-1.16,-0.79,0.12,37.04
1328,197043968,-961.91,-78.12,282.23,-1.52,-0.30,-0.18,37.18
1329,197049762,-962.40,-84.96,283.69,-1.34,-0.12,-0.37,37.18
1330,197053811,-969.24,-88.87,284.18,-1.10,-0.43,-0.43,37.28
1331,197057861,-969.73,-91.80,279.79,-1.16,-0.67,-0.06,37.28
1332,197061918,-968.75,-88.87,277.83,-1.16,-0.67,0.18,36.80
1333,197065968,-969.73,-95.21,284.18,-1.04,-0.37,0.43,37.18
1334,197071762,-972.17,-96.19,282.23,-0.91,-0.43,0.73,37.28
1335,197075811,-967.77,-92.29,282.71,-0.98,-0.49,0.85,37.18
1336,197079861,-967.77,-92.29,281.74,-0.91,-0.85,1.10,36.94
1337,197083918,-964.84,-87.40,276.37,-0.91,-0.67,1.16,36.94
1338,197087968,-959.96,-94.24,281.25,-1.16,-0.37,1.16,36.94
1339,197093762,-960.94,-95.21,281.74,-1.10,-0.67,1.16,37.14
1340,197097811,-962.89,-85.94,281.74,-1.04,-0.49,0.67,37.18
1341,197101861,-959.96,-82.52,278.32,-1.10,-0.73,0.55,37.33
1342,197105918,-963.87,-82.52,274.41,-1.10,-0.55,0.30,36.80
1343,197109968,-965.82,-84.96,278.32,-1.28,-0.91,0.24,36.94
1344,197115762,-964.84,-83.01,276.37,-1.46,-0.79,-0.12,37.14
1345,197119811,-961.43,-89.36,281.74,-1.28,-0.55,-0.06,37.28
1346,197123861,-960.94,-87.40,280.27,-1.52,-0.49,0.00,37.04
1347,197127918,-967.77,-93.26,283.20,-1.46,-0.43,0.18,36.99
1348,197131968,-965.82,-93.26,281.25,-1.34,-0.61,0.49,36.94
1349,197137762,-963.38,-92.29,279.30,-1.22,-0.55,0.55,37.04
1350,197141811,-959.96,-96.68,280.76,-1.10,-0.43,0.67,37.28
1351,197145861,-972.17,-99.12,286.13,-1.16,-0.43,0.91,37.14
1352,197149918,-963.87,-96.68,287.11,-1.04,-0.73,1.22,36.85
1353,197153968,-964.84,-93.26,284.67,-0.79,-0.67,1.34,37.04
1354,197159762,-971.68,-91.80,287.11,-0.67,-0.61,1.65,37.14
1355,197163811,-966.80,-85.45,280.76,-0.61,-0.49,1.52,36.99
1356,197167861,-965.33,-82.52,283.69,-0.79,-0.61,1.22,36.99
1357,197171918,-964.84,-77.64,281.25,-0.73,-0.61,1.04,37.18
1358,197175968,-964.36,-77.15,284.67,-0.73,-0.91,0.79,37.28
1359,197181762,-960.94,-78.61,281.74,-0.91,-0.49,0.61,36.99
1360,197185811,-963.38,-80.57,280.76,-1.16,-0.61,0.30,36.99
1361,197189861,-959.96,-87.40,281.74,-1.04,-0.30,0.24,37.18
1362,197193918,-967.29,-87.40,282.71,-1.22,-0.43,-0.06,37.04
1363,197197968,-969.24,-85.45,287.60,-1.22,-0.43,-0.18,36.94
1364,197203762,-964.36,-86.43,281.25,-1.16,-0.37,-0.49,36.80
1365,197207811,-967.29,-91.80,288.57,-1.34,-0.24,-0.55,36.94
1366,197211861,-969.24,-91.31,283.20,-1.40,-0.37,-0.67,37.28
1367,197215918,-973.63,-89.84,281.74,-1.16,-0.24,-0.85,37.14
1368,197219968,-976.07,-92.77,279.79,-1.10,-0.73,-0.43,37.04
1369,197225762,-974.12,-89.36,279.79,-1.34,-0.43,-0.43,37.28
1370,197229811,-979.00,-90.82,279.79,-1.10,-0.49,-0.12,37.04
1371,197233861,-971.68,-95.70,274.90,-0.85,-0.73,0.18,36.94
1372,197237918,-974.61,-96.19,274.90,-0.98,-0.55,0.61,37.28
1373,197243762,-974.12,-92.29,277.34,-0.98,-0.67,1.10,37.04
1374,197247811,-962.89,-90.82,278.81,-1.04,-1.04,0.91,37.28
1375,197251861,-961.43,-83.98,279.79,-1.04,-0.61,1.22,36.99
1376,197255918,-961.91,-84.96,283.20,-0.98,-0.67,1.10,36.94
1377,197259968,-963.38,-84.96,280.27,-1.16,-0.85,0.79,37.18
1378,197265762,-964.36,-83.50,277.83,-1.04,-0.67,0.79,37.28
1379,197269811,-966.31,-85.45,280.76,-0.98,-0.85,0.98,37.04
1380,197273861,-964.84,-82.52,285.16,-1.10,-0.85,0.91,37.18
1381,197277918,-964.84,-85.94,286.13,-1.10,-0.98,0.85,37.14
1382,197281968,-964.84,-88.87,286.62,-1.16,-1.04,0.73,36.99
1383,197287762,-967.77,-96.68,289.06,-0.79,-0.98,0.91,36.99
1384,197291811,-964.84,-87.89,288.57,-0.79,-0.91,0.79,37.18
1385,197295861,-962.89,-91.31,284.67,-0.73,-0.98,0.73,36.99
1386,197299918,-958.98,-88.38,282.71,-0.73,-0.79,0.85,37.14
1387,197303968,-958.01,-85.94,282.23,-0.73,-1.04,0.79,37.18
1388,197309762,-956.54,-86.91,277.83,-0.91,-0.79,0.61,36.85
1389,197313811,-959.47,-83.01,281.25,-1.28,-0.73,0.49,36.99
1390,197317861,-959.47,-77.15,275.39,-0.98,-0.43,0.18,36.99
1391,197321918,-963.87,-82.03,280.76,-0.98,-0.43,-0.06,36.80
1392,197325968,-969.73,-75.68,278.81,-1.10,-0.49,0.06,37.04
1393,197331762,-974.61,-80.57,276.86,-1.16,-0.30,-0.30,37.14
1394,197335811,-970.21,-83.50,272.95,-1.28,-0.43,-0.61,37.18
1395,197339861,-975.59,-89.84,278.81,-1.34,-0.49,-0.73,37.04
1396,197343918,-976.07,-89.36,281.25,-1.28,-0.67,-0.85,36.80
1397,197347968,-982.91,-90.82,282.71,-1.34,-0.61,-0.85,36.85
1398,197353762,-975.59,-86.43,281.74,-1.40,-0.79,-0.91,37.14
1399,197357811,-974.12,-91.80,277.83,-1.04,-0.73,-0.55,37.14
1400,197361861,-974.12,-91.80,281.25,-0.98,-0.73,-0.43,37.18
1401,197365918,-972.66,-95.21,280.27,-1.22,-0.61,-0.12,37.14
1402,197369968,-968.75,-95.21,282.71,-0.98,-0.61,0.43,37.28
1403,197375762,-967.29,-92.29,284.18,-1.04,-0.73,0.73,37.33
1404,197379811,-964.36,-91.31,281.25,-1.16,-0.55,0.85,36.80
1405,197383861,-964.84,-91.80,278.81,-0.98,-0.61,0.85,37.04
1406,197387918,-965.33,-89.36,282.71,-1.16,-0.67,0.67,36.99
1407,197391968,-962.40,-81.54,278.81,-1.04,-0.30,0.06,37.18
1408,197397762,-967.29,-89.84,283.69,-1.04,-0.30,0.06,36.80
1409,197401811,-967.29,-81.05,278.81,-1.22,-0.55,-0.30,36.75
1410,197405861,-970.21,-88.87,280.76,-1.22,-0.49,-0.61,36.94
1411,197409918,-969.24,-80.57,279.79,-1.16,-0.43,-0.55,37.14
1412,197413968,-970.70,-83.01,278.81,-1.22,-0.37,-0.79,36.94
1413,197419762,-968.75,-83.98,283.69,-1.16,-0.55,-0.49,36.85
1414,197423811,-970.21,-84.47,277.83,-1.28,-0.55,-0.43,36.94
1415,197427861,-977.54,-83.98,280.27,-1.46,-0.73,-0.49,37.33
1416,197431918,-968.75,-81.54,283.20,-1.34,-0.43,-0.55,37.18
1417,197435968,-968.75,-85.94,285.64,-1.10,-0.73,-0.79,36.80
1418,197441762,-964.36,-84.96,284.67,-1.16,-0.79,-0.61,37.14
1419,197445811,-965.82,-91.80,285.64,-1.52,-0.49,-0.73,37.18
1420,197449861,-966.31,-90.82,285.16,-1.52,-0.43,-0.55,37.28
1421,197453918,-969.24,-91.31,286.13,-1.28,-0.43,-0.73,37.28
1422,197459762,-968.26,-91.80,289.06,-1.40,-0.43,-0.55,37.14
1423,197463811,-969.73,-96.19,285.16,-1.34,-0.61,-0.98,37.04
1424,197467861,-965.33,-91.80,283.20,-1.28,-0.49,-0.67,37.14
1425,197471918,-972.17,-101.07,284.67,-1.52,-0.55,-0.43,36.99
1426,197475968,-969.24,-94.73,279.79,-1.04,-0.37,-0.55,37.14
1427,197481762,-970.70,-92.29,280.27,-1.22,-0.61,-0.55,37.14
1428,197485811,-970.21,-87.40,280.76,-1.34,-0.30,-0.67,36.94
1429,197489861,-969.73,-86.43,277.34,-1.04,-0.24,-0.85,37.18
1430,197493918,-970.21,-85.94,278.32,-1.34,-0.61,-1.16,37.14
1431,197497968,-970.70,-84.47,279.30,-1.22,-0.49,-1.10,37.18
1432,197503762,-971.68,-85.45,275.88,-1.46,-0.24,-0.91,36.99
1433,197507811,-969.24,-88.87,283.20,-1.28,-0.67,-0.98,36.94
1434,197511861,-970.21,-91.80,279.79,-1.40,-0.67,-0.67,36.99
1435,197515918,-962.89,-97.66,283.69,-1.28,-0.67,-0.55,36.75
1436,197519968,-958.98,-97.17,284.18,-0.91,-0.55,-0.43,37.18
1437,197525762,-961.43,-100.59,290.04,-1.04,-0.73,-0.43,36.80
1438,197529811,-958.50,-98.14,285.64,-0.98,-0.79,-0.18,37.04
1439,197533861,-957.03,-93.26,284.67,-0.85,-0.79,0.00,37.18
1440,197537918,-954.59,-93.75,283.69,-0.73,-0.55,0.18,36.94
1441,197541968,-950.68,-88.38,282.23,-0.85,-0.55,0.43,36.99
1442,197547762,-958.98,-88.38,281.25,-1.04,-0.85,0.12,37.14
1443,197551811,-961.91,-78.61,281.25,-1.16,-0.79,-0.37,36.94
1444,197555861,-962.40,-73.73,275.39,-1.16,-0.49,-0.79,37.28
1445,197559918,-963.38,-78.61,278.32,-1.59,-0.91,-1.16,36.80
1446,197563968,-962.40,-78.12,277.34,-1.71,-0.79,-1.34,37.14
1447,197569762,-961.91,-82.03,279.30,-1.83,-0.61,-1.71,37.18
1448,197573811,-960.94,-86.43,281.74,-1.40,-0.79,-1.65,37.37
1449,197577861,-959.47,-91.31,284.67,-1.59,-0.79,-1.40,37.28
1450,197581918,-962.89,-98.63,281.25,-1.77,-0.79,-1.22,36.94
1451,197585968,-960.94,-97.17,285.16,-1.40,-0.79,-0.85,36.99
1452,197591762,-965.82,-101.56,284.18,-1.22,-0.61,-0.30,36.80
1453,197595811,-961.91,-97.17,286.13,-1.28,-0.49,-0.12,36.99
1454,197599861,-965.33,-100.59,287.60,-0.98,-0.43,0.18,36.94
1455,197603918,-964.84,-96.68,289.55,-0.91,-0.43,0.30,37.04
1456,197607968,-969.73,-98.14,287.60,-1.04,-0.37,0.43,37.14
1457,197613762,-972.66,-97.66,281.74,-1.10,-0.61,0.67,36.85
1458,197617811,-968.75,-92.29,280.76,-0.91,-0.37,0.30,36.94
1459,197621861,-969.24,-87.40,281.74,-1.34,-0.55,0.18,37.04
1460,197625918,-971.19,-89.36,276.37,-1.16,-0.55,-0.06,36.94
1461,197629968,-964.84,-92.77,279.30,-1.28,-0.67,-0.24,36.94
1462,197635762,-968.26,-97.17,277.34,-1.40,-0.85,-0.30,36.75
1463,197639811,-965.82,-93.75,281.25,-1.34,-0.43,-0.06,36.94
1464,197643861,-965.82,-91.31,277.83,-1.59,-0.49,-0.06,36.85
1465,197647918,-966.31,-88.87,281.25,-1.40,-0.43,-0.43,37.04
1466,197653762,-966.31,-87.40,281.25,-1.65,-0.49,-0.79,37.18
1467,197657811,-962.89,-91.80,286.13,-1.77,-0.24,-1.04,37.28
1468,197661861,-970.70,-96.68,280.27,-1.46,-0.61,-0.85,36.94
1469,197665918,-963.87,-97.66,279.79,-1.34,-0.55,-0.61,36.99
1470,197669968,-962.40,-94.73,278.32,-1.52,-0.73,-0.18,36.99
1471,197674017,-965.33,-91.80,280.76,-1.40,-0.67,0.30,37.14
1472,197679762,-961.91,-96.19,283.69,-1.59,-0.73,0.73,37.04
1473,197683811,-959.96,-97.17,284.67,-1.16,-0.67,0.85,36.94
1474,197687861,-962.40,-96.68,282.71,-1.34,-0.79,1.10,36.99
1475,197691918,-960.94,-89.84,284.18,-1.28,-0.91,0.98,37.28
1476,197697762,-954.59,-84.96,282.71,-1.52,-1.04,0.49,37.18
1477,197701811,-954.59,-83.50,285.64,-1.46,-0.91,0.24,37.18
1478,197705861,-954.59,-83.50,282.71,-1.59,-0.85,0.00,36.99
1479,197709918,-960.94,-90.33,289.06,-1.89,-0.67,-0.18,37.33
1480,197713968,-956.54,-93.26,282.23,-2.13,-0.85,-0.30,37.18
1481,197719762,-966.31,-96.19,287.11,-1.83,-0.85,-0.37,36.99
1482,197723811,-972.17,-92.77,281.25,-1.71,-0.73,-0.61,36.94
1483,197727861,-971.68,-97.17,278.32,-1.46,-0.85,-1.04,37.18
1484,197731918,-965.33,-89.84,280.27,-1.71,-0.61,-0.79,36.75
1485,197735968,-966.80,-91.80,276.86,-1.65,-1.04,-0.98,37.04
1486,197741762,-959.96,-102.05,283.69,-1.65,-0.73,-1.10,37.18
1487,197745811,-952.64,-102.54,280.76,-1.71,-0.49,-0.37,36.99
1488,197749861,-957.52,-99.61,280.76,-1.46,-0.12,0.12,36.99
1489,197753918,-957.52,-102.05,282.71,-1.46,-0.12,0.55,36.94
1490,197757968,-954.59,-102.05,281.25,-1.10,-0.12,1.16,37.14
1491,197763762,-949.71,-100.59,277.34,-0.79,0.18,1.59,37.28
1492,197767811,-950.20,-98.14,284.18,-0.55,0.91,2.50,37.14
1493,197771861,-951.17,-96.19,284.18,-0.37,0.91,2.80,37.18
1494,197775918,-954.10,-92.77,280.76,-0.24,0.73,3.17,36.80
1495,197779968,-953.12,-88.87,282.71,0.12,0.98,3.05,37.04
1496,197785762,-955.57,-82.03,279.30,0.18,1.28,2.80,37.18
1497,197789811,-959.96,-72.75,279.30,0.24,1.40,1.89,37.18
1498,197793861,-966.80,-73.24,284.67,0.06,1.77,1.52,36.85
1499,197797918,-969.24,-70.31,282.71,-0.06,1.71,0.73,37.18
1500,197801968,-973.63,-63.96,283.20,-0.30,1.95,0.18,36.99
1501,197807762,-983.89,-65.92,284.18,-0.43,1.83,-0.43,36.99
1502,197811811,-990.23,-60.55,277.83,-0.67,1.59,-1.16,36.80
1503,197815861,-984.37,-67.38,281.25,-0.98,1.34,-1.52,36.94
1504,197819918,-984.86,-68.85,282.23,-0.85,1.16,-1.89,37.14
1505,197823968,-986.82,-77.64,282.23,-1.34,1.10,-2.50,37.18
1506,197829762,-984.37,-80.57,279.30,-1.40,0.85,-2.38,36.85
1507,197833811,-989.75,-83.98,280.76,-1.83,0.61,-2.32,37.14
1508,197837861,-984.37,-89.84,284.67,-1.89,0.85,-1.95,37.18
1509,197841918,-980.47,-97.17,284.67,-2.13,0.67,-2.01,37.04
1510,197845968,-989.75,-103.52,287.11,-2.01,0.43,-1.77,37.14
1511,197851762,-985.84,-106.45,283.69,-2.13,0.24,-1.40,36.94
1512,197855811,-985.35,-109.37,280.27,-1.59,0.00,-1.16,36.94
1513,197859861,-982.42,-104.98,279.79,-1.83,0.00,-0.91,37.04
1514,197863918,-979.00,-114.26,274.90,-1.89,-0.06,-0.73,37.04
1515,197869762,-967.77,-108.40,270.02,-1.59,-0.06,-0.67,37.04
1516,197873811,-961.91,-109.37,272.46,-1.52,0.06,-0.18,37.28
1517,197877861,-963.87,-104.98,277.83,-1.34,-0.18,-0.30,37.04
1518,197881918,-957.52,-101.07,273.44,-1.34,-0.24,-0.06,37.14
1519,197885968,-955.08,-94.24,273.93,-1.46,-0.18,-0.30,37.28
1520,197890017,-952.15,-95.70,275.88,-1.40,-0.12,-0.55,36.94
1521,197895762,-951.66,-94.73,277.83,-1.77,0.24,-0.73,36.99
1522,197899811,-953.61,-94.24,267.58,-1.59,0.24,-0.73,37.04
1523,197903861,-954.10,-95.21,275.39,-1.52,0.18,-0.79,37.14
1524,197907918,-958.50,-93.75,275.88,-1.16,0.43,-0.55,37.14
1525,197913762,-966.80,-93.75,278.32,-1.46,0.61,-0.30,36.94
1526,197917811,-974.12,-87.89,284.18,-1.34,0.49,0.06,37.28
1527,197921861,-972.66,-85.45,281.74,-1.34,0.37,0.18,36.80
1528,197925918,-974.12,-81.54,278.81,-1.22,0.30,-0.12,37.04
1529,197929968,-975.59,-81.54,282.71,-1.22,0.06,-0.06,37.28
1530,197935762,-972.66,-81.54,280.27,-1.28,0.00,-0.18,37.37
1531,197939811,-973.14,-87.40,283.20,-1.34,0.24,-0.30,37.14
1532,197943861,-974.12,-90.82,283.20,-1.65,0.00,0.06,36.94
1533,197947918,-975.59,-91.31,285.64,-1.83,0.06,0.00,36.75
1534,197951968,-980.47,-93.26,284.18,-1.65,0.18,0.12,37.18
1535,197957762,-976.56,-88.87,279.79,-1.71,-0.12,-0.06,36.94
1536,197961811,-970.21,-90.82,282.23,-1.65,-0.12,-0.18,37.28
1537,197965861,-975.10,-91.31,280.27,-1.89,-0.37,-0.30,37.28
1538,197969918,-974.61,-93.75,282.23,-2.07,-0.43,-0.43,36.99
1539,197973968,-972.17,-97.66,281.74,-2.20,-0.55,-0.79,37.18
1540,197979762,-974.12,-105.96,280.27,-1.95,-0.37,-0.85,37.18
1541,197983811,-974.12,-99.61,275.39,-1.77,-0.55,-0.55,36.94
1542,197987861,-976.56,-104.49,272.95,-2.07,-0.37,-0.49,37.28
1543,197991918,-972.17,-100.10,274.41,-1.83,-0.37,-0.61,37.18
1544,197995968,-974.12,-102.05,277.83,-1.59,-0.73,-0.37,36.94
1545,198001762,-974.12,-97.17,274.90,-1.83,-0.73,-0.37,36.75
1546,198005811,-972.17,-99.61,275.39,-1.89,-0.67,-0.24,37.18
1547,198009861,-972.17,-101.07,277.83,-1.77,-0.73,-0.37,37.18
1548,198013918,-965.82,-99.12,275.39,-1.65,-0.73,-0.30,36.99
1549,198017968,-965.82,-100.59,275.88,-1.65,-0.67,-0.06,37.14
1550,198023762,-957.52,-102.05,275.88,-1.40,-0.67,0.06,36.99
1551,198027811,-959.47,-105.47,278.81,-1.52,-0.30,0.18,36.80
1552,198031861,-955.57,-102.05,283.69,-1.22,-0.55,0.37,37.28
1553,198035918,-960.45,-105.47,281.25,-1.40,-0.49,0.67,36.99
1554,198039968,-960.94,-102.54,287.60,-1.40,-0.18,1.04,36.94
1555,198045762,-970.21,-98.14,280.27,-1.34,-0.24,0.98,36.80
1556,198049811,-969.73,-89.84,286.13,-1.16,-0.37,0.49,36.75
1557,198053861,-970.21,-89.84,283.69,-1.34,-0.24,0.00,36.99
1558,198057918,-973.14,-86.91,278.81,-1.46,-0.18,-0.43,37.85
1559,198061968,-973.63,-88.38,280.27,-1.34,-0.43,-0.67,36.80
1560,198067762,-974.12,-90.82,279.30,-1.34,-0.30,-0.73,36.94
1561,198071811,-971.19,-93.26,280.27,-1.59,-0.30,-0.73,37.28
1562,198075861,-969.73,-93.26,278.32,-1.71,-0.43,-0.43,37.28
1563,198079918,-974.12,-102.05,273.93,-1.71,-0.37,-0.30,36.85
1564,198085762,-964.84,-103.52,273.44,-1.46,-0.30,0.06,36.99
1565,198089811,-966.31,-103.52,278.81,-1.40,-0.55,0.37,37.14
1566,198093861,-968.26,-106.93,281.25,-1.22,-0.37,0.98,37.14
1567,198097918,-967.29,-103.03,281.74,-1.04,-0.06,1.34,37.04
1568,198101968,-963.87,-101.56,273.44,-1.34,-0.67,1.22,37.14
1569,198107762,-968.26,-98.63,274.41,-1.04,-0.37,1.28,36.94
1570,198111811,-964.36,-95.21,276.86,-1.04,-0.37,1.04,37.28
1571,198115861,-961.91,-92.29,281.25,-1.10,-0.24,1.04,37.18
1572,198119918,-961.43,-92.29,280.27,-1.04,-0.37,1.04,36.94
1573,198123968,-958.50,-88.38,278.81,-1.22,-0.06,0.61,36.94
1574,198129762,-962.40,-83.01,282.71,-1.16,-0.30,0.43,37.04
1575,198133811,-965.33,-85.45,274.90,-1.40,-0.43,-0.43,37.04
1576,198137861,-965.82,-91.31,273.44,-1.46,-0.43,-0.73,37.18
1577,198141918,-963.38,-94.73,276.86,-1.52,-0.18,-0.85,36.94
1578,198145968,-967.77,-98.14,271.97,-1.28,-0.43,-0.61,37.18
1579,198151762,-962.89,-100.10,278.81,-1.22,-0.37,-0.49,37.18
1580,198155811,-962.89,-100.10,278.81,-1.16,-0.37,-0.37,37.28
1581,198159861,-958.50,-104.49,273.93,-1.10,-0.43,0.12,36.94
1582,198163918,-959.96,-100.10,277.34,-1.16,-0.37,0.49,36.66
1583,198167968,-960.45,-97.17,280.27,-0.98,-0.18,0.85,36.94
1584,198173762,-969.24,-98.14,277.83,-1.10,-0.12,1.16,36.85
1585,198177811,-966.31,-98.14,271.48,-1.10,-0.49,1.34,37.18
1586,198181861,-968.75,-92.77,277.34,-1.16,-0.37,1.16,37.33
1587,198185918,-967.29,-92.29,279.79,-1.04,-0.61,1.04,36.80
1588,198189968,-962.89,-93.26,278.32,-1.16,-0.73,0.85,37.04
1589,198195762,-957.52,-94.73,287.60,-1.16,-0.49,0.55,37.18
1590,198199811,-949.22,-98.63,286.13,-1.28,-0.43,0.67,36.94
1591,198203861,-959.96,-97.17,290.04,-1.28,-0.30,0.49,36.99
1592,198207918,-953.12,-99.61,281.74,-1.28,-0.55,0.37,36.85
1593,198211968,-958.01,-98.63,281.25,-1.40,-0.61,0.00,37.14
1594,198217762,-957.03,-101.07,275.39,-1.28,-0.43,-0.43,36.99
1595,198221811,-962.89,-99.61,271.00,-1.46,-0.30,-0.55,37.18
1596,198225861,-962.40,-104.00,272.95,-1.22,-0.49,-0.43,37.28
1597,198229918,-962.89,-101.07,272.46,-0.91,-0.43,-0.12,36.94
1598,198233968,-966.80,-95.70,274.41,-0.91,-0.37,0.12,36.99
1599,198239762,-972.66,-95.21,271.48,-0.98,-0.30,0.67,36.99
1600,198243811,-975.10,-94.73,273.93,-0.98,-0.18,0.79,36.85
1601,198247861,-979.49,-92.29,270.02,-0.91,0.18,0.85,37.04
1602,198251918,-977.54,-89.36,279.79,-0.91,-0.06,1.04,37.04
1603,198255968,-978.03,-85.94,275.39,-0.61,-0.06,0.73,36.99
1604,198261762,-981.93,-88.38,273.93,-1.04,-0.24,0.85,36.94
1605,198265811,-986.82,-97.17,274.90,-1.10,-0.30,1.22,36.85
1606,198269861,-989.26,-97.17,276.37,-1.04,-0.30,1.10,37.28
1607,198273918,-989.75,-97.17,284.67,-1.04,-0.30,0.98,37.18
1608,198277968,-984.37,-94.24,277.83,-1.10,-0.37,0.79,36.66
1609,198283762,-987.79,-100.10,279.30,-1.10,-0.30,0.61,36.75
1610,198287811,-984.37,-98.14,283.69,-1.22,-0.37,-0.18,37.18
1611,198291861,-980.47,-101.07,281.74,-0.91,-0.55,-0.06,37.14
1612,198295918,-984.37,-94.24,279.79,-0.98,-0.67,-0.06,36.94
1613,198301762,-980.96,-88.87,281.25,-1.16,-0.49,-0.18,36.99
1614,198305811,-979.49,-95.70,276.37,-1.46,-0.85,-0.73,37.18
1615,198309861,-976.07,-95.70,275.39,-1.40,-0.55,-0.55,37.14
1616,198313918,-971.68,-100.10,271.97,-1.10,-0.79,-0.61,36.99
1617,198317968,-962.89,-99.61,273.93,-1.16,-0.67,0.00,36.75
1618,198323762,-959.47,-99.12,271.97,-1.10,-0.61,0.06,37.28
1619,198327811,-953.61,-100.59,271.97,-0.79,-0.43,0.55,37.04
1620,198331861,-956.54,-96.19,272.95,-0.98,-0.43,0.61,37.18
1621,198335918,-958.01,-98.63,271.48,-0.98,-0.12,0.85,36.85
1622,198339968,-957.52,-95.70,274.90,-1.16,-0.30,0.85,37.14
1623,198345762,-958.01,-91.31,276.86,-0.91,-0.24,0.67,37.04
1624,198349811,-964.84,-92.29,279.79,-0.67,-0.12,0.49,37.28
1625,198353861,-961.43,-91.80,279.30,-0.91,-0.37,0.24,36.99
1626,198357918,-966.31,-85.94,282.23,-0.98,-0.37,0.12,37.18
1627,198361968,-964.84,-88.38,284.67,-0.85,-0.30,0.00,36.94
1628,198367762,-962.40,-98.14,281.25,-1.10,-0.06,-0.24,36.94
1629,198371811,-961.91,-94.24,278.81,-1.04,-0.18,0.06,37.04
1630,198375861,-969.24,-93.75,276.37,-1.28,-0.30,-0.12,36.94
1631,198379918,-967.77,-91.31,278.32,-0.91,-0.12,0.06,37.14
1632,198383968,-966.31,-89.84,269.04,-1.16,-0.24,0.18,37.28
1633,198389762,-965.82,-83.01,272.95,-1.04,-0.49,-0.18,36.94
1634,198393811,-964.84,-88.38,271.97,-1.16,-0.43,-0.55,37.04
1635,198397861,-964.36,-98.63,272.46,-0.85,-0.49,-0.30,37.18
1636,198401918,-957.03,-97.66,273.93,-1.22,-0.24,-0.18,36.94
1637,198405968,-959.96,-101.56,278.81,-0.91,-0.12,-0.18,37.18
1638,198411762,-971.19,-93.75,273.93,-1.22,-0.37,-0.37,37.14
1639,198415811,-972.66,-97.66,274.90,-1.16,-0.37,-0.18,37.28
1640,198419861,-972.17,-101.07,273.93,-1.16,-0.30,-0.12,37.18
1641,198423918,-970.70,-104.49,279.79,-1.28,-0.37,-0.06,37.18
1642,198427968,-969.73,-105.47,276.37,-1.22,-0.30,0.12,36.94
1643,198433762,-972.17,-101.07,273.93,-1.04,-0.43,0.85,37.18
1644,198437811,-973.63,-101.07,274.90,-0.98,-0.61,0.85,37.28
1645,198441861,-969.24,-95.70,276.37,-1.04,-0.49,0.85,37.04
1646,198445918,-962.89,-92.77,276.86,-1.22,-0.61,0.49,36.94
1647,198449968,-960.94,-92.77,279.30,-1.28,-0.55,0.30,37.14
1648,198455762,-961.91,-96.68,275.88,-1.16,-0.79,-0.06,36.99
1649,198459811,-960.45,-97.17,275.39,-1.10,-0.49,-0.37,36.85
1650,198463861,-956.05,-100.10,272.95,-1.40,-0.55,-0.24,37.18
1651,198467918,-960.45,-101.56,272.95,-1.16,-0.30,0.12,37.14
1652,198471968,-958.98,-97.66,273.44,-0.98,-0.30,-0.06,36.94
1653,198477762,-964.36,-101.07,278.81,-0.91,-0.37,-0.12,36.94
1654,198481811,-961.43,-95.21,274.90,-1.04,-0.06,-0.12,36.80
1655,198485861,-964.84,-92.77,281.74,-0.98,-0.18,-0.06,37.04
1656,198489918,-964.36,-91.80,276.86,-0.79,-0.12,0.24,37.04
1657,198493968,-968.26,-91.80,281.25,-0.79,0.00,-0.24,37.18
1658,198499762,-971.19,-91.31,280.27,-1.16,-0.12,-0.18,36.94
1659,198503811,-974.61,-90.82,282.23,-1.16,-0.24,-0.37,37.04
1660,198507861,-975.10,-94.73,278.81,-1.22,-0.24,-0.37,37.28
1661,198511918,-977.05,-95.21,272.95,-1.40,-0.37,-0.43,36.94
1662,198517762,-969.73,-101.07,271.97,-1.28,-0.30,-0.18,36.80
1663,198521811,-969.73,-102.05,273.93,-1.28,-0.30,0.00,36.85
1664,198525861,-972.17,-101.07,273.93,-1.40,-0.18,-0.06,37.04
1665,198529918,-969.73,-103.52,271.00,-1.22,-0.24,0.18,36.85
1666,198533968,-964.36,-100.59,277.34,-1.28,-0.24,0.43,37.14
1667,198539762,-964.36,-103.52,275.39,-1.10,-0.06,0.61,37.18
1668,198543811,-964.36,-98.63,271.97,-1.22,-0.06,1.04,37.18
1669,198547861,-965.33,-100.10,273.93,-1.04,-0.24,0.98,37.18
1670,198551918,-964.84,-94.73,271.48,-0.73,0.18,1.04,37.18
1671,198555968,-974.61,-92.29,274.90,-0.67,0.00,0.73,37.18
1672,198561762,-968.75,-87.89,275.88,-0.79,-0.06,0.37,36.85
1673,198565811,-973.14,-87.89,279.30,-0.91,0.00,0.37,37.18
1674,198569861,-974.61,-97.17,275.88,-1.10,0.18,0.37,36.99
1675,198573918,-969.24,-95.21,276.37,-0.98,-0.06,0.37,37.18
1676,198577968,-974.61,-100.10,280.76,-0.98,0.00,0.73,37.18
1677,198583762,-972.66,-94.24,280.76,-1.10,0.00,0.91,37.14
1678,198587811,-979.49,-96.19,280.76,-1.40,0.18,0.30,37.18
1679,198591861,-980.47,-88.87,279.79,-1.28,0.18,0.06,37.04
1680,198595918,-981.93,-88.38,278.81,-1.34,-0.18,-0.30,36.94
1681,198599968,-974.61,-97.66,275.39,-1.16,0.06,-0.73,37.18
1682,198605762,-971.19,-103.03,274.41,-1.28,-0.06,-0.85,37.18
1683,198609811,-971.68,-103.03,274.41,-1.28,0.06,-0.61,37.14
1684,198613861,-966.80,-102.54,276.37,-1.28,0.18,-0.55,36.85
1685,198617918,-966.31,-100.10,275.39,-1.22,0.00,-0.43,36.85
1686,198621968,-961.91,-99.61,275.88,-1.28,0.24,-0.61,37.28
1687,198627762,-964.36,-101.07,272.95,-1.04,0.18,-0.43,37.18
1688,198631811,-959.47,-97.66,271.48,-1.28,0.12,-0.67,36.94
1689,198635861,-961.91,-96.19,271.00,-1.10,0.37,-0.24,36.80
1690,198639918,-959.96,-101.07,271.00,-1.22,0.49,-0.18,37.04
1691,198643968,-962.40,-94.73,274.90,-1.28,0.37,-0.12,37.04
1692,198649762,-964.36,-93.26,275.39,-1.28,0.61,-0.43,37.04
1693,198653811,-968.26,-90.33,276.86,-1.46,0.37,-0.67,36.99
1694,198657861,-964.84,-98.63,275.39,-1.40,0.24,-0.67,37.33
1695,198661918,-963.38,-92.29,274.90,-1.40,0.43,-1.10,37.18
1696,198665968,-966.31,-104.98,274.41,-1.71,0.43,-1.10,37.28
1697,198671762,-968.75,-102.05,279.79,-1.77,0.67,-1.34,36.94
1698,198675811,-970.21,-105.96,273.44,-1.40,0.49,-1.04,36.99
1699,198679861,-973.14,-102.54,275.39,-1.40,0.49,-1.04,37.28
1700,198683918,-977.54,-102.54,279.79,-1.34,0.85,-0.98,36.94
1701,198687968,-979.49,-97.66,275.39,-1.52,0.49,-1.22,36.75
1702,198693762,-980.47,-89.84,276.86,-1.52,0.43,-1.83,36.94
1703,198697811,-976.56,-94.24,273.44,-1.71,0.24,-2.26,37.14
1704,198701861,-975.59,-88.38,268.55,-1.83,0.24,-2.50,37.04
1705,198705918,-968.26,-93.75,273.44,-1.65,0.43,-2.80,37.18
1706,198709968,-970.70,-96.68,274.41,-1.71,0.49,-2.62,37.14
1707,198715762,-967.29,-98.14,274.90,-1.77,0.43,-2.01,36.66
1708,198719811,-963.87,-100.59,271.48,-1.59,0.30,-1.71,37.18
1709,198723861,-956.54,-104.49,269.04,-1.52,0.61,-1.40,36.94
1710,198727918,-957.03,-109.86,271.97,-1.46,0.91,-0.85,37.28
1711,198733762,-964.84,-110.35,272.46,-0.98,0.85,-0.06,37.18
1712,198737811,-968.75,-104.49,275.39,-0.91,0.79,0.00,37.14
1713,198741861,-964.36,-99.61,275.88,-1.16,0.98,0.37,37.14
1714,198745918,-970.21,-95.70,274.41,-0.85,0.98,0.18,37.33
1715,198749968,-974.61,-90.33,273.44,-1.16,0.91,0.18,36.99
1716,198755762,-975.10,-89.36,271.48,-1.04,0.67,-0.18,37.14
1717,198759811,-971.68,-87.89,276.37,-1.10,0.79,-0.49,36.99
1718,198763861,-971.68,-87.40,275.88,-1.52,0.79,-0.85,37.04
1719,198767918,-966.80,-88.38,271.97,-1.10,0.55,-0.91,36.99
1720,198771968,-969.24,-89.36,271.48,-1.59,0.67,-1.10,37.18
1721,198777762,-961.43,-96.68,272.46,-1.77,0.49,-1.16,37.18
1722,198781811,-958.98,-107.42,266.11,-1.89,0.55,-1.10,36.99
1723,198785861,-960.94,-109.86,265.14,-1.77,0.61,-0.91,37.04
1724,198789918,-958.50,-115.23,269.04,-1.89,0.37,-0.91,36.75
1725,198793968,-955.57,-114.75,268.55,-1.59,0.43,-0.79,37.33
1726,198799762,-958.01,-114.75,271.48,-1.71,0.67,-0.85,37.14
1727,198803811,-957.03,-115.23,267.58,-1.59,0.73,-0.61,37.18
1728,198807861,-966.31,-113.28,266.11,-1.65,0.98,-0.49,36.99
1729,198811918,-966.31,-106.93,263.18,-1.28,1.04,0.00,36.99
1730,198815968,-966.31,-105.47,268.55,-1.40,0.98,0.00,37.18
1731,198821762,-966.31,-101.56,265.62,-1.04,0.73,0.06,36.94
1732,198825811,-967.77,-101.56,270.02,-1.10,0.73,0.55,37.18
1733,198829861,-973.63,-103.52,268.55,-1.22,0.79,0.79,37.14
1734,198833918,-975.10,-107.91,271.00,-1.40,0.55,1.16,36.80
1735,198837968,-972.17,-101.07,271.00,-1.16,0.61,1.46,36.75
1736,198843762,-967.29,-100.59,268.55,-1.28,0.18,1.34,37.18
1737,198847811,-969.73,-90.33,271.00,-1.16,0.37,1.46,37.18
1738,198851861,-970.70,-94.24,271.00,-1.40,0.67,1.10,37.14
1739,198855918,-966.80,-93.26,270.51,-1.40,0.49,0.91,37.14
1740,198859968,-959.96,-97.17,271.48,-1.40,0.67,0.85,37.18
1741,198865762,-962.40,-93.75,273.44,-1.22,0.55,0.73,37.33
1742,198869811,-965.82,-95.21,271.48,-0.91,0.73,0.55,36.94
1743,198873861,-968.26,-92.77,271.97,-1.40,0.85,0.55,37.14
1744,198877918,-971.68,-95.70,277.34,-1.22,0.91,0.55,36.99
1745,198881968,-974.12,-98.63,270.51,-1.40,0.79,0.55,37.04
1746,198887762,-974.12,-98.63,277.83,-1.28,0.61,0.30,36.94
1747,198891811,-975.10,-97.17,274.90,-1.22,0.49,0.00,37.18
1748,198895861,-972.17,-98.63,271.00,-1.46,0.30,-0.43,36.99
1749,198899918,-975.10,-98.14,269.04,-1.52,0.49,-0.37,36.99
1750,198903968,-972.17,-104.98,269.53,-1.46,0.61,-0.37,36.94
1751,198909762,-974.12,-110.35,269.04,-1.40,0.37,0.24,36.80
1752,198913811,-973.63,-109.37,270.02,-1.22,0.49,0.79,36.94
1753,198917861,-971.68,-107.42,265.14,-0.98,0.37,1.10,37.04
1754,198921918,-970.70,-113.77,263.18,-1.16,0.49,1.52,37.18
1755,198925968,-967.29,-108.40,260.25,-1.40,0.49,1.52,36.99
1756,198931762,-961.91,-106.45,269.04,-0.91,0.30,1.77,36.75
1757,198935811,-961.43,-111.82,264.65,-0.91,0.85,1.71,37.04
1758,198939861,-952.64,-107.42,266.11,-0.79,0.55,1.77,36.94
1759,198943918,-955.57,-104.49,270.51,-1.04,0.73,1.59,36.99
1760,198949762,-955.57,-100.10,269.53,-1.10,0.91,1.40,37.04
1761,198953811,-973.14,-97.17,263.67,-1.16,0.79,1.16,37.28
1762,198957861,-974.12,-99.61,268.07,-1.28,0.85,0.91,37.28
1763,198961918,-974.12,-95.21,266.60,-0.91,0.85,1.10,36.80
1764,198965968,-975.59,-95.21,263.18,-1.34,0.73,1.04,37.18
1765,198971762,-979.98,-98.14,269.04,-1.22,0.49,1.10,36.94
1766,198975811,-979.49,-97.66,271.48,-1.46,0.55,1.46,37.28
1767,198979861,-970.21,-97.17,268.07,-1.40,0.43,1.65,36.99
1768,198983918,-969.24,-98.14,271.48,-1.46,0.24,1.52,37.28
1769,198987968,-968.75,-101.07,273.44,-1.28,0.61,1.65,37.14
1770,198993762,-958.98,-102.54,275.88,-1.04,0.24,1.83,37.18
1771,198997811,-959.47,-101.56,272.95,-1.04,0.61,1.77,36.94
1772,199001861,-958.98,-100.10,269.53,-1.10,0.49,1.83,37.04
1773,199005918,-962.40,-106.45,266.11,-0.91,0.79,2.07,36.75
1774,199009968,-963.87,-104.00,270.51,-0.79,0.79,2.38,37.18
1775,199015762,-965.82,-102.54,266.11,-0.91,0.79,2.44,37.04
1776,199019811,-965.33,-105.47,270.51,-0.85,0.91,2.68,37.04
1777,199023861,-964.84,-101.56,268.07,-0.85,0.98,3.05,37.18
1778,199027918,-973.63,-96.68,266.11,-0.73,0.85,3.17,36.94
1779,199031968,-972.66,-95.70,265.14,-0.73,1.04,3.66,37.18
1780,199037762,-972.66,-98.14,263.18,-0.73,0.85,3.66,37.18
1781,199041811,-972.17,-97.66,261.72,-0.67,0.91,3.90,36.99
1782,199045861,-974.12,-94.73,261.23,-1.04,1.10,3.60,36.99
1783,199049918,-976.07,-90.82,262.70,-1.04,0.85,3.29,36.94
1784,199053968,-974.12,-88.87,263.18,-1.16,1.04,2.74,37.18
1785,199059762,-977.54,-92.77,263.67,-1.28,0.98,2.26,37.04
1786,199063811,-976.07,-98.14,263.18,-1.40,0.73,1.89,37.28
1787,199067861,-974.61,-99.12,260.74,-1.34,0.98,1.59,37.14
1788,199071918,-978.52,-100.10,264.16,-1.52,0.73,1.22,36.99
1789,199075968,-976.07,-98.14,258.79,-1.52,0.79,0.98,37.28
1790,199081762,-973.63,-100.10,267.09,-1.34,0.73,0.43,37.28
1791,199085811,-975.10,-94.73,265.14,-1.77,0.67,0.49,36.94
1792,199089861,-967.77,-95.70,263.18,-1.71,0.49,0.49,37.18
1793,199093918,-968.75,-92.77,258.79,-1.83,0.85,0.43,36.94
1794,199097968,-969.73,-92.29,264.65,-1.77,0.79,0.49,37.04
1795,199103762,-971.19,-88.87,266.11,-1.71,0.98,0.67,36.99
1796,199107811,-974.61,-93.75,270.51,-1.77,0.79,0.49,36.94
1797,199111861,-969.73,-88.87,274.41,-1.65,0.91,0.18,37.28
1798,199115918,-967.77,-88.87,270.02,-1.83,0.91,-0.18,36.99
1799,199119968,-967.29,-92.29,267.58,-1.83,0.85,-0.18,36.80
1800,199125762,-962.40,-96.19,268.07,-2.07,0.91,-0.73,36.75
1801,199129811,-959.96,-94.73,275.39,-2.01,0.91,-1.10,36.75
1802,199133861,-960.45,-94.24,269.04,-2.13,1.22,-1.22,36.99
1803,199137918,-958.98,-94.73,271.48,-1.95,1.10,-1.22,36.94
1804,199141968,-953.12,-97.17,262.70,-2.01,1.28,-1.34,36.94
1805,199147762,-953.12,-103.03,265.62,-1.89,1.40,-1.16,37.04
1806,199151811,-957.52,-102.05,257.32,-1.89,1.40,-0.98,37.04
1807,199155861,-958.98,-95.70,265.14,-1.95,1.71,-1.04,37.28
1808,199159918,-964.84,-99.12,263.67,-2.01,1.89,-1.04,36.94
1809,199165762,-958.98,-99.12,262.21,-1.65,1.71,-0.79,37.04
1810,199169811,-970.21,-96.19,261.23,-1.83,2.07,-0.67,36.99
1811,199173861,-969.73,-99.12,264.65,-1.77,2.20,-0.43,37.04
1812,199177918,-973.14,-101.56,262.70,-1.77,2.20,0.18,36.99
1813,199181968,-971.68,-100.59,261.72,-1.89,2.26,0.37,37.28
1814,199187762,-981.93,-98.63,265.62,-1.59,2.68,0.61,36.94
1815,199191811,-988.77,-102.05,260.25,-1.65,2.44,0.79,37.18
1816,199195861,-995.61,-99.61,255.37,-1.59,2.07,0.91,37.18
1817,199199918,-997.56,-91.80,256.35,-1.77,2.13,0.61,36.99
1818,199203968,-1003.42,-96.68,259.28,-2.07,2.38,0.43,37.14
1819,199209762,-1006.35,-103.03,255.86,-1.83,2.20,0.00,36.94
1820,199213811,-1008.79,-92.77,253.91,-1.65,1.71,0.00,37.14
1821,199217861,-1001.46,-90.82,256.35,-1.95,1.71,-0.18,37.04
1822,199221918,-995.61,-94.24,256.35,-1.89,1.89,-0.49,36.94
1823,199225968,-993.16,-91.80,252.44,-1.89,1.59,-0.61,37.04
1824,199231762,-987.30,-90.33,256.84,-1.95,1.77,-0.43,37.28
1825,199235811,-985.35,-91.31,258.30,-1.83,1.83,-0.79,37.28
1826,199239861,-986.33,-93.26,256.35,-1.95,2.13,-0.91,37.18
1827,199243918,-979.00,-96.68,259.77,-1.89,1.95,-0.91,37.14
1828,199247968,-973.14,-97.17,261.72,-2.13,1.89,-0.85,37.28
1829,199253762,-970.70,-99.61,262.21,-1.65,2.38,-0.73,37.04
1830,199257811,-965.33,-109.37,261.72,-1.59,2.44,-0.67,36.80
1831,199261861,-973.63,-100.59,267.09,-1.52,2.44,-0.55,37.18
1832,199265918,-972.66,-94.73,263.67,-1.65,2.50,-0.61,36.99
1833,199269968,-972.66,-88.87,266.11,-1.46,2.38,-1.04,37.14
1834,199275762,-975.10,-90.33,265.62,-1.65,2.74,-1.59,37.28
1835,199279811,-975.59,-93.26,259.77,-1.71,2.68,-2.07,37.04
1836,199283861,-976.07,-91.31,258.79,-1.77,2.62,-2.07,37.18
1837,199287918,-976.07,-91.80,258.30,-1.77,2.56,-2.20,36.94
1838,199291968,-979.00,-93.75,254.39,-1.89,2.80,-2.32,37.18
1839,199297762,-978.52,-100.59,257.81,-1.95,2.68,-2.26,36.99
1840,199301811,-980.47,-97.66,253.91,-1.89,2.87,-2.50,36.75
1841,199305861,-975.10,-102.54,254.88,-1.71,2.50,-2.50,37.14
1842,199309918,-974.61,-100.10,255.37,-1.83,2.56,-2.56,37.33
1843,199313968,-969.24,-105.96,251.46,-1.95,2.50,-2.74,36.99
1844,199319762,-967.77,-104.49,250.00,-1.83,2.68,-2.44,36.80
1845,199323811,-967.29,-107.42,250.98,-1.77,2.93,-2.56,36.85
1846,199327861,-970.21,-108.40,256.84,-2.07,3.23,-2.26,37.18
1847,199331918,-972.17,-107.42,253.42,-1.65,2.99,-2.07,36.94
1848,199335968,-976.07,-104.98,249.02,-1.52,3.23,-1.83,36.99
1849,199341762,-976.07,-107.42,252.44,-1.46,3.11,-1.95,36.80
1850,199345811,-984.37,-112.79,256.35,-1.28,3.11,-1.59,36.80
1851,199349861,-988.77,-112.79,254.39,-1.10,2.93,-1.28,37.18
1852,199353918,-987.79,-106.45,251.46,-1.34,2.93,-0.98,37.18
1853,199357968,-982.42,-99.61,254.88,-1.28,2.68,-0.85,36.99
1854,199363762,-974.12,-99.12,255.86,-1.28,2.80,-0.73,37.04
1855,199367811,-966.31,-101.07,253.91,-1.46,3.05,-0.85,37.18
1856,199371861,-966.80,-99.61,247.07,-1.34,2.80,-0.91,37.18
1857,199375918,-965.82,-105.47,247.56,-1.22,2.87,-1.22,36.94
1858,199381762,-967.29,-100.59,247.56,-1.22,2.80,-1.46,36.99
1859,199385811,-962.40,-100.10,247.56,-1.22,3.05,-1.28,37.14
1860,199389861,-965.82,-92.77,253.42,-0.98,2.93,-1.65,36.99
1861,199393918,-968.26,-98.14,250.00,-1.22,2.56,-1.40,36.94
1862,199397968,-970.21,-103.03,247.56,-1.28,3.11,-1.34,36.94
1863,199403762,-969.24,-103.52,245.12,-1.22,2.87,-1.10,37.28
1864,199407811,-962.40,-107.42,243.16,-1.22,2.56,-0.79,37.18
1865,199411861,-961.91,-106.93,246.58,-1.28,2.74,-0.24,36.94
1866,199415918,-968.26,-105.47,252.93,-1.04,2.74,0.12,36.94
1867,199419968,-965.33,-107.42,255.86,-1.10,2.93,0.49,37.14
1868,199425762,-960.94,-110.35,253.42,-0.85,2.87,0.61,37.14
1869,199429811,-970.70,-110.35,256.35,-0.98,2.93,0.49,37.14
1870,199433861,-971.68,-106.93,253.91,-0.73,2.68,0.37,37.37
1871,199437918,-977.05,-107.91,254.39,-0.91,3.11,0.06,36.94
1872,199441968,-980.47,-105.96,251.95,-1.10,2.99,-0.06,37.28
1873,199447762,-977.54,-108.89,251.95,-0.91,2.93,-0.06,37.28
1874,199451811,-983.89,-104.98,247.07,-1.04,3.05,-0.55,37.18
1875,199455861,-981.45,-105.96,245.12,-1.40,2.38,-1.04,37.14
1876,199459918,-982.42,-102.05,245.61,-1.34,2.56,-1.22,36.80
1877,199463968,-983.89,-104.49,244.14,-1.40,2.56,-1.40,37.18
1878,199469762,-983.40,-102.54,246.09,-1.71,2.56,-1.46,37.28
1879,199473811,-979.00,-108.40,241.70,-1.22,2.44,-1.59,36.99
1880,199477861,-979.98,-105.96,241.21,-1.59,2.38,-1.22,37.28
1881,199481918,-977.05,-114.26,241.21,-1.59,2.44,-1.28,36.94
1882,199485968,-970.70,-118.65,245.12,-1.28,2.50,-0.73,36.99
1883,199491762,-970.70,-121.58,244.14,-1.22,2.44,0.00,36.99
1884,199495811,-968.75,-116.70,245.12,-1.04,2.56,0.73,37.18
1885,199499861,-973.14,-116.70,247.56,-0.98,2.74,1.40,36.94
1886,199503918,-967.29,-114.26,247.56,-0.79,2.93,1.83,36.85
1887,199507968,-967.29,-115.72,247.56,-0.61,2.50,2.38,36.94
1888,199513762,-976.56,-108.40,248.54,-0.43,2.56,2.56,36.99
1889,199517811,-973.14,-99.61,244.14,-0.30,2.44,2.50,36.94
1890,199521861,-981.93,-92.77,245.61,-0.30,2.13,2.44,37.14
1891,199525918,-976.07,-92.29,244.63,-0.37,2.20,1.83,36.94
1892,199529968,-972.17,-85.94,242.68,-0.67,2.20,1.40,37.14
1893,199535762,-976.56,-86.91,240.72,-0.67,2.13,0.67,36.94
1894,199539811,-971.68,-90.33,235.84,-0.85,2.13,-0.06,37.04
1895,199543861,-968.75,-91.80,236.33,-1.04,2.01,0.12,37.18
1896,199547918,-970.70,-98.14,239.26,-0.73,2.26,0.18,37.18
1897,199551968,-970.21,-97.66,234.37,-0.67,1.89,0.30,36.94
1898,199557762,-967.77,-98.63,233.40,-0.67,1.83,0.85,36.75
1899,199561811,-969.24,-104.00,234.86,-0.55,1.89,0.85,36.99
1900,199565861,-971.19,-102.05,239.75,-0.55,2.01,1.40,36.94
1901,199569918,-966.31,-101.56,234.86,-0.43,1.83,1.52,37.04
1902,199573968,-966.80,-105.47,236.33,-0.12,1.71,2.13,36.94
1903,199579762,-965.33,-106.93,235.35,-0.37,1.65,2.20,37.28
1904,199583811,-964.84,-101.07,240.72,-0.06,1.89,2.62,37.14
1905,199587861,-972.17,-99.12,243.16,0.12,1.77,2.62,36.75
1906,199591918,-966.31,-100.59,249.51,0.18,1.77,2.56,37.37
1907,199597762,-974.12,-99.12,246.09,0.00,1.65,2.38,37.18
1908,199601811,-969.24,-100.59,246.09,-0.24,1.71,2.38,37.18
1909,199605861,-977.05,-101.56,245.61,-0.24,1.65,2.20,36.99
1910,199609918,-978.52,-107.42,241.70,-0.18,1.59,1.95,36.94
1911,199613968,-975.59,-107.91,238.77,-0.18,1.46,1.83,36.94
1912,199619762,-975.10,-111.33,239.75,-0.24,1.71,1.59,37.28
1913,199623811,-975.10,-106.93,235.84,-0.24,1.59,1.77,37.14
1914,199627861,-979.00,-104.00,239.26,-0.30,1.52,1.95,37.04
1915,199631918,-982.91,-100.10,240.23,-0.30,1.83,1.83,37.28
1916,199635968,-987.79,-97.17,234.86,-0.49,1.34,1.34,36.99
1917,199641762,-987.79,-104.49,234.37,-0.55,1.40,0.98,37.28
1918,199645811,-990.72,-100.59,235.84,-0.49,0.98,0.85,37.04
1919,199649861,-991.70,-102.54,240.23,-0.37,0.73,0.49,36.99
1920,199653918,-988.28,-101.56,239.75,-0.73,0.67,0.67,36.94
1921,199657968,-989.26,-100.59,237.79,-0.85,0.43,0.55,37.18
1922,199663762,-983.89,-105.96,236.82,-0.67,0.12,0.55,37.14
1923,199667811,-977.05,-107.91,240.23,-0.73,0.00,0.30,37.18
1924,199671861,-974.12,-112.30,240.23,-0.67,0.06,0.55,37.14
1925,199675918,-977.05,-106.45,235.84,-0.85,0.37,0.73,36.94
1926,199679968,-969.73,-110.35,238.28,-0.73,0.30,1.04,37.28
1927,199685762,-973.14,-112.79,237.79,-0.79,0.18,1.16,37.28
1928,199689811,-972.66,-107.42,235.35,-0.55,0.12,1.65,37.28
1929,199693861,-971.68,-101.07,230.96,-0.30,0.30,1.77,36.99
1930,199697918,-969.24,-99.12,235.35,-0.55,0.18,1.83,36.94
1931,199701968,-971.68,-93.75,233.40,-0.37,0.06,1.77,36.94
1932,199707762,-974.12,-90.82,234.37,-0.55,0.30,1.71,37.04
1933,199711811,-980.47,-98.14,234.37,-0.61,0.18,2.01,37.28
1934,199715861,-969.24,-94.24,234.37,-0.61,-0.06,2.38,36.94
1935,199719918,-974.12,-88.87,239.75,-0.73,0.12,2.32,36.85
1936,199723968,-969.73,-92.77,241.21,-0.79,0.06,1.89,37.28
1937,199729762,-975.10,-91.80,233.89,-0.91,0.12,1.71,36.94
1938,199733811,-977.05,-95.21,237.30,-0.98,0.18,1.59,36.94
1939,199737861,-978.52,-102.05,242.68,-0.91,0.00,1.22,37.18
1940,199741918,-981.93,-99.12,239.26,-0.79,0.00,0.91,37.14
1941,199745968,-980.96,-100.59,236.82,-0.67,-0.12,0.55,37.28
1942,199751762,-986.33,-102.05,240.72,-0.98,-0.24,0.55,36.80
1943,199755811,-983.40,-106.45,239.75,-0.98,-0.12,0.49,36.99
1944,199759861,-975.59,-103.03,240.72,-0.79,-0.37,0.49,37.04
1945,199763918,-978.52,-104.00,234.86,-0.73,-0.18,0.73,36.94
1946,199767968,-976.07,-101.56,239.26,-0.79,-0.49,0.98,36.94
1947,199773762,-971.19,-98.14,234.86,-0.91,-0.24,1.10,36.94
1948,199777811,-974.12,-100.59,231.93,-0.79,-0.55,1.34,36.99
1949,199781861,-971.19,-103.03,234.86,-1.04,-0.49,1.59,36.85
1950,199785918,-969.73,-103.52,236.82,-1.04,-0.12,1.71,37.28
1951,199789968,-975.10,-106.93,236.33,-0.98,-0.49,1.71,36.94
1952,199795762,-973.63,-109.37,241.70,-0.91,-0.30,1.65,37.18
1953,199799811,-973.63,-96.68,238.77,-0.91,-0.43,1.22,37.18
1954,199803861,-974.12,-94.24,240.23,-0.98,-0.61,0.85,37.18
1955,199807918,-973.14,-97.66,236.33,-1.04,-0.37,0.67,37.33
1956,199813762,-969.24,-99.61,237.30,-0.91,-0.30,0.55,36.85
1957,199817811,-977.05,-98.14,236.33,-0.85,-0.49,0.37,36.94
1958,199821861,-974.12,-100.59,236.33,-0.73,0.00,0.85,36.99
1959,199825918,-971.19,-105.47,238.28,-0.79,-0.49,0.79,37.18
1960,199829968,-970.21,-104.98,238.77,-0.98,-0.30,1.16,37.28
1961,199835762,-973.63,-98.63,240.72,-0.91,-0.30,1.16,36.94
1962,199839811,-978.52,-101.07,237.79,-1.10,-0.61,1.16,37.18
1963,199843861,-974.61,-96.68,238.28,-1.10,-0.61,0.98,36.99
1964,199847918,-975.10,-96.68,239.26,-1.34,-0.55,0.85,37.14
1965,199851968,-967.77,-97.66,239.26,-1.28,-0.55,0.55,37.04
1966,199857762,-972.66,-99.61,238.77,-1.16,-0.61,0.55,37.14
1967,199861811,-973.63,-102.05,237.79,-1.22,-0.67,0.85,37.18
1968,199865861,-978.03,-101.56,234.86,-1.40,-0.67,0.61,37.04
1969,199869918,-975.10,-104.98,230.96,-1.40,-0.85,1.04,36.85
1970,199873968,-975.10,-105.47,230.96,-1.22,-0.61,1.16,37.18
1971,199879762,-981.93,-102.05,231.93,-1.59,-0.85,1.16,37.28
1972,199883811,-986.82,-100.10,236.33,-1.40,-0.55,1.34,37.28
1973,199887861,-984.86,-97.17,232.42,-0.98,-0.85,1.34,37.14
1974,199891918,-979.00,-98.14,238.77,-1.04,-0.67,1.40,36.94
1975,199895968,-982.42,-93.26,238.28,-1.04,-0.55,1.34,36.94
1976,199901762,-985.84,-95.21,238.28,-1.10,-0.61,1.65,37.18
1977,199905811,-986.82,-98.63,241.70,-1.10,-0.43,1.89,36.99
1978,199909861,-990.72,-92.77,241.70,-1.10,-0.91,1.71,37.18
1979,199913918,-989.75,-90.33,238.77,-0.98,-0.67,1.83,36.94
1980,199917968,-987.30,-93.26,239.26,-1.16,-0.79,1.34,37.18
1981,199923762,-991.70,-87.40,243.65,-0.98,-0.67,1.22,37.28
1982,199927811,-987.30,-94.24,236.33,-1.04,-0.49,1.10,37.14
1983,199931861,-984.86,-90.82,241.21,-1.10,-0.85,1.04,36.99
1984,199935918,-979.00,-93.75,237.30,-1.10,-0.79,1.10,37.14
1985,199939968,-976.07,-98.63,240.72,-0.91,-0.55,1.28,37.18
1986,199945762,-978.03,-93.26,235.35,-1.10,-0.61,1.10,36.80
1987,199949811,-977.54,-91.80,237.79,-0.79,-0.79,1.22,36.99
1988,199953861,-977.05,-92.29,235.84,-1.04,-0.61,1.04,37.37
1989,199957918,-981.45,-94.24,234.86,-0.98,-0.73,0.79,37.28
1990,199961968,-981.45,-99.61,237.79,-0.98,-0.73,1.10,37.18
1991,199967762,-981.93,-96.68,236.33,-0.98,-0.73,1.34,37.14
1992,199971811,-979.98,-99.12,236.82,-1.10,-0.85,1.71,36.99
1993,199975861,-977.05,-99.61,237.30,-0.98,-1.04,1.52,37.18
1994,199979918,-973.63,-100.59,240.23,-0.98,-0.98,1.77,37.14
1995,199983968,-975.59,-98.14,238.28,-1.10,-1.10,1.52,36.75
1996,199989762,-968.75,-101.56,238.28,-1.16,-1.34,1.28,36.94
1997,199993811,-970.21,-94.73,236.82,-0.91,-1.22,1.10,37.14
1998,199997861,-964.84,-103.03,234.86,-0.98,-1.22,1.10,37.14
1999,200001918,-965.33,-101.07,238.28,-0.91,-1.28,0.73,36.99
2000,200007762,-964.36,-103.03,236.33,-0.73,-1.04,0.98,37.33
2001,200011811,-963.38,-94.24,237.79,-0.98,-0.85,1.22,37.18
2002,200015861,-967.77,-92.29,231.93,-0.98,-1.16,1.34,37.18
2003,200019918,-968.75,-89.84,235.84,-0.91,-0.98,1.59,37.14
2004,200023968,-969.73,-91.80,237.30,-0.98,-1.10,1.40,37.14
2005,200028017,-968.75,-94.24,237.30,-1.28,-0.73,1.10,36.80
2006,200033762,-971.68,-95.21,238.28,-0.98,-0.91,1.10,36.80
2007,200037811,-979.49,-90.82,234.86,-1.16,-0.85,0.85,36.80
2008,200041861,-978.52,-88.87,237.79,-0.98,-0.85,0.79,37.28
2009,200045918,-978.52,-89.84,238.28,-1.04,-0.98,0.55,37.33
2010,200051762,-984.37,-86.91,238.77,-1.04,-0.67,0.43,36.99
2011,200055811,-988.28,-88.87,237.79,-1.04,-0.37,0.18,37.28
2012,200059861,-994.63,-87.89,241.21,-0.79,-0.73,0.24,37.04
2013,200063918,-993.65,-90.33,236.33,-1.04,-0.49,0.55,37.18
2014,200067968,-995.12,-88.87,240.23,-1.04,-0.67,0.79,37.14
2015,200073762,-996.58,-95.70,241.70,-1.46,-0.67,0.61,37.14
2016,200077811,-996.09,-93.26,241.70,-1.04,-0.67,1.16,36.94
2017,200081861,-996.09,-96.19,235.84,-1.28,-0.98,1.10,36.94
2018,200085918,-989.75,-95.21,238.77,-0.85,-0.49,1.28,37.04
2019,200089968,-987.30,-96.19,240.72,-0.91,-0.85,1.22,37.14
2020,200095762,-985.84,-98.63,233.89,-1.10,-0.67,1.46,36.99
2021,200099811,-982.91,-92.29,232.42,-0.73,-1.10,1.40,37.28
2022,200103861,-978.03,-96.19,234.86,-1.16,-0.79,1.40,37.18
2023,200107918,-980.47,-93.26,233.40,-0.67,-0.55,1.28,37.18
2024,200111968,-981.45,-93.75,229.98,-0.73,-0.73,1.34,37.18
2025,200117762,-979.49,-89.84,238.28,-0.55,-1.04,1.28,37.28
2026,200121811,-980.47,-91.80,234.86,-0.67,-0.73,0.91,37.18
2027,200125861,-979.00,-91.80,236.33,-0.98,-0.85,0.85,37.28
2028,200129918,-977.54,-89.84,241.21,-0.73,-0.79,0.67,36.94
2029,200133968,-974.61,-90.82,237.79,-1.16,-0.98,0.61,37.14
2030,200139762,-971.68,-92.29,243.65,-0.91,-1.04,0.49,37.18
2031,200143811,-969.24,-96.19,245.12,-0.79,-0.73,0.37,36.99
2032,200147861,-969.73,-93.75,242.68,-1.10,-0.73,0.43,36.99
2033,200151918,-969.73,-93.26,238.28,-0.85,-0.98,0.43,37.04
2034,200155968,-970.70,-93.75,241.21,-0.79,-0.98,0.49,37.18
2035,200161762,-967.29,-94.73,239.75,-0.67,-0.67,0.67,37.04
2036,200165811,-964.84,-97.66,237.30,-0.49,-0.49,0.85,36.80
2037,200169861,-966.80,-94.24,238.28,-0.85,-0.55,1.10,37.18
2038,200173918,-969.24,-93.26,238.77,-0.79,-0.43,1.46,37.04
2039,200177968,-969.73,-92.29,234.37,-0.61,-0.67,1.59,37.18
2040,200183762,-971.19,-89.36,237.79,-0.79,-0.55,1.28,36.80
2041,200187811,-970.21,-85.45,243.16,-0.98,-0.55,1.04,36.94
2042,200191861,-966.80,-87.40,238.28,-0.85,-0.67,1.10,37.18
2043,200195918,-972.66,-91.80,239.75,-0.91,-0.67,0.85,37.18
2044,200199968,-982.42,-91.80,239.75,-1.04,-0.55,1.16,36.99
2045,200205762,-982.91,-97.17,239.26,-0.73,-0.79,1.46,36.80
2046,200209811,-987.30,-99.12,238.28,-0.98,-1.04,1.22,36.85
2047,200213861,-979.98,-103.03,239.75,-0.91,-1.16,1.40,36.94
2048,200217918,-978.03,-105.47,238.77,-0.79,-0.91,1.71,37.18
2049,200223762,-981.93,-108.40,238.28,-0.67,-1.10,2.32,37.37
2050,200227811,-970.21,-112.79,242.68,-0.43,-1.10,2.93,37.18
2051,200231861,-968.26,-113.28,241.21,-0.49,-0.79,3.11,36.94
2052,200235918,-975.10,-101.07,240.72,-0.06,-0.79,3.41,37.04
2053,200239968,-977.54,-97.66,239.26,-0.24,-0.79,3.29,37.18
2054,200244017,-975.10,-91.80,237.79,-0.12,-0.67,2.93,37.04
2055,200249762,-980.96,-93.75,237.30,-0.30,-0.85,2.50,37.28
2056,200253811,-979.49,-91.31,239.26,-0.37,-0.85,2.56,36.99
2057,200257861,-980.96,-86.43,232.42,-0.24,-0.55,2.50,36.94
2058,200261918,-992.19,-81.05,233.89,-0.43,-0.61,2.38,37.18
2059,200267762,-982.91,-82.52,236.33,-0.37,-0.91,2.01,37.18
2060,200271811,-982.91,-83.01,232.42,-0.37,-0.98,2.20,37.14
2061,200275861,-979.98,-84.47,236.33,-0.24,-0.79,2.62,36.94
2062,200279918,-978.52,-80.08,233.40,-0.30,-0.85,2.74,37.14
2063,200283968,-976.07,-82.03,239.75,-0.30,-0.49,2.68,37.18
2064,200289762,-979.49,-79.10,234.37,-0.49,-0.43,2.44,37.18
2065,200293811,-985.84,-76.66,243.65,-0.12,-0.49,2.32,36.94
2066,200297861,-987.79,-79.10,239.75,-0.24,-0.37,2.20,37.28
2067,200301918,-992.68,-81.54,238.77,-0.37,-0.37,2.07,36.85
2068,200305968,-996.58,-84.96,235.84,-0.37,-0.43,2.07,36.94
2069,200311762,-992.19,-87.89,241.70,-0.49,-0.43,2.13,37.04
2070,200315811,-988.77,-97.17,243.65,-0.43,-0.61,2.38,37.28
2071,200319861,-984.86,-99.12,239.26,-0.24,-0.61,2.38,36.99
2072,200323918,-988.77,-102.54,235.35,-0.24,-0.49,2.68,36.75
2073,200327968,-980.96,-93.75,235.35,-0.12,-0.61,2.80,36.94
2074,200333762,-978.03,-90.33,233.89,-0.18,-0.91,2.44,37.14
2075,200337811,-976.56,-90.82,234.37,-0.37,-0.49,2.13,37.28
2076,200341861,-972.17,-86.43,238.28,-0.12,-0.73,2.13,37.18
2077,200345918,-979.00,-90.82,239.26,-0.30,-0.61,1.95,37.04
2078,200349968,-979.00,-89.84,238.77,-0.49,-0.43,1.77,37.14
2079,200355762,-981.45,-89.84,232.42,-0.49,-0.61,1.71,36.99
2080,200359811,-978.03,-85.94,237.30,-0.37,-0.55,1.46,36.85
2081,200363861,-972.17,-88.38,237.30,-0.43,-0.73,1.65,37.04
2082,200367918,-977.05,-83.98,238.28,-0.55,-0.91,2.07,37.14
2083,200371968,-974.12,-86.91,236.33,-0.55,-0.79,2.32,37.18
2084,200377762,-971.19,-88.87,243.16,-0.43,-0.91,2.44,36.66
2085,200381811,-969.73,-87.89,243.16,-0.37,-1.22,2.62,37.04
2086,200385861,-961.43,-87.40,241.70,-0.55,-0.79,2.80,36.99
2087,200389918,-965.82,-89.36,244.14,-0.12,-0.85,3.05,36.99
2088,200393968,-968.75,-88.87,241.21,-0.12,-0.73,2.80,37.28
2089,200399762,-972.17,-77.15,241.21,-0.30,-0.67,2.99,36.80
2090,200403811,-969.24,-77.15,239.26,-0.55,-0.73,2.62,36.80
2091,200407861,-979.00,-84.96,237.30,-0.79,-0.61,2.93,37.18
2092,200411918,-981.93,-86.43,243.16,-0.49,-0.67,2.93,36.99
2093,200415968,-978.52,-86.91,238.28,-0.37,-0.49,2.93,36.94
2094,200421762,-978.52,-86.43,241.21,-0.43,-0.67,2.44,36.94
2095,200425811,-978.52,-79.59,234.37,-0.55,-0.79,1.89,36.94
2096,200429861,-982.91,-85.94,237.79,-0.73,-0.73,1.71,36.94
2097,200433918,-979.00,-77.15,240.72,-0.49,-0.67,1.71,37.04
2098,200439762,-978.03,-81.54,243.65,-0.67,-1.04,1.40,37.18
2099,200443811,-971.68,-78.12,240.72,-0.55,-0.98,0.73,37.04
2100,200447861,-977.05,-78.61,239.26,-0.61,-1.04,0.43,37.14
2101,200451918,-977.05,-77.64,242.19,-0.85,-1.04,0.55,36.94
2102,200455968,-975.10,-78.61,241.21,-0.79,-1.04,0.18,37.28
2103,200461762,-977.54,-79.59,239.26,-0.85,-0.79,0.43,36.99
2104,200465811,-969.24,-85.94,240.23,-0.73,-0.55,0.37,36.80
2105,200469861,-971.68,-83.98,237.79,-0.98,-0.67,0.67,37.28
2106,200473918,-977.05,-92.29,240.72,-0.73,-0.37,0.85,37.28
2107,200477968,-980.47,-92.29,243.65,-0.91,-0.73,1.22,37.18
2108,200483762,-978.52,-91.31,239.26,-0.67,-0.61,1.77,37.14
2109,200487811,-981.93,-85.45,236.33,-0.73,-0.49,2.13,36.99
2110,200491861,-980.47,-89.84,238.28,-0.43,-0.49,2.44,37.18
2111,200495918,-983.40,-88.38,242.19,-0.49,-0.43,2.56,36.80
2112,200499968,-989.26,-84.47,239.75,-0.37,-0.67,2.62,36.99
2113,200505762,-986.33,-78.12,240.23,-0.73,-0.55,2.13,37.18
2114,200509811,-986.33,-77.15,241.21,-0.49,-0.79,1.71,37.18
2115,200513861,-979.49,-73.73,240.23,-0.43,-0.85,1.59,37.04
2116,200517918,-979.98,-82.52,239.75,-0.55,-0.85,0.98,36.85
2117,200521968,-985.35,-76.17,241.21,-0.85,-0.98,0.85,37.28
2118,200527762,-988.28,-82.52,242.19,-0.67,-0.98,0.85,37.14
2119,200531811,-982.42,-86.43,242.19,-0.61,-0.85,0.73,36.99
2120,200535861,-976.56,-82.03,235.84,-0.79,-0.91,0.55,37.14
2121,200539918,-979.00,-78.61,229.98,-0.67,-0.67,0.55,36.94
2122,200543968,-967.77,-85.94,240.23,-0.85,-0.91,0.43,37.04
2123,200549762,-974.12,-95.70,239.75,-0.61,-0.91,0.49,37.18
2124,200553811,-970.70,-89.84,241.21,-0.61,-0.61,1.28,37.28
2125,200557861,-975.10,-85.45,238.28,-0.61,-0.37,1.34,37.04
2126,200561918,-980.47,-80.08,241.21,-0.55,-0.67,0.98,37.14
2127,200565968,-976.56,-71.78,243.16,-0.67,-0.73,0.18,37.18
2128,200571762,-982.42,-69.82,239.75,-0.85,-0.61,-0.43,37.28
2129,200575811,-977.05,-72.75,239.75,-0.98,-0.43,-0.91,37.37
2130,200579861,-977.54,-80.57,242.19,-1.10,-0.73,-1.28,36.85
2131,200583918,-979.00,-84.96,239.75,-1.40,-0.49,-0.85,37.14
2132,200587968,-981.45,-85.94,239.75,-0.91,-0.55,-0.30,37.28
2133,200593762,-981.93,-89.36,236.82,-1.10,-0.79,0.18,36.75
2134,200597811,-980.96,-84.96,238.77,-1.22,-0.67,0.55,36.94
2135,200601861,-984.86,-84.47,237.79,-1.04,-0.73,1.10,37.18
2136,200605918,-982.42,-85.94,235.84,-1.10,-0.73,1.22,36.94
2137,200609968,-981.45,-86.91,236.82,-1.04,-0.91,1.71,36.80
2138,200615762,-979.49,-83.98,238.77,-0.91,-0.73,1.71,36.94
2139,200619811,-978.03,-84.96,242.19,-1.04,-0.67,1.65,36.85
2140,200623861,-975.10,-79.10,238.77,-0.79,-0.98,1.28,37.18
2141,200627918,-979.49,-73.73,247.56,-0.79,-0.67,0.79,37.18
2142,200631968,-977.05,-76.17,243.65,-0.85,-0.61,-0.12,37.14
2143,200637762,-980.47,-78.61,242.19,-0.79,-0.73,-0.55,36.94
2144,200641811,-979.49,-81.05,243.16,-1.10,-0.61,-0.79,36.99
2145,200645861,-979.00,-80.57,242.19,-0.98,-0.91,-1.10,37.28
2146,200649918,-976.56,-78.12,239.26,-1.34,-0.49,-1.46,37.33
2147,200655762,-981.93,-79.59,240.72,-1.04,-0.79,-1.04,37.14
2148,200659811,-971.68,-86.91,236.33,-0.91,-0.85,-1.10,37.14
2149,200663861,-976.07,-85.45,239.26,-0.85,-0.61,-0.67,36.75
2150,200667918,-977.54,-85.94,237.79,-0.98,-0.85,-0.49,37.18
2151,200671968,-976.07,-87.89,236.82,-0.91,-0.79,0.00,36.99
2152,200677762,-973.63,-85.94,236.82,-0.91,-0.61,0.30,37.18
2153,200681811,-974.61,-81.05,239.75,-0.85,-0.73,0.55,37.18
2154,200685861,-975.59,-83.01,240.23,-0.85,-0.61,0.79,37.18
2155,200689918,-975.59,-86.43,241.70,-0.73,-0.24,0.98,36.85
2156,200693968,-975.59,-90.82,243.65,-0.61,-0.24,1.04,37.04
2157,200699762,-977.05,-85.94,242.19,-0.37,-0.55,1.52,36.85
2158,200703811,-972.66,-75.20,240.23,-0.37,-0.61,1.16,37.14
2159,200707861,-976.56,-71.78,241.70,-0.30,-0.73,0.79,37.14
2160,200711918,-977.05,-73.24,238.28,-0.30,-0.79,0.37,36.99
2161,200715968,-976.56,-77.64,241.21,-0.98,-0.73,0.12,36.99
2162,200721762,-971.68,-84.96,240.23,-0.49,-0.49,0.00,37.18
2163,200725811,-968.75,-86.43,240.72,-1.04,-0.37,0.00,36.94
2164,200729861,-975.10,-82.03,237.79,-0.98,-0.37,0.06,37.33
2165,200733918,-977.54,-81.54,235.84,-0.73,-0.43,-0.18,36.80
2166,200737968,-982.91,-89.36,237.30,-0.85,-0.61,-0.12,37.18
2167,200743762,-981.93,-84.47,233.89,-0.98,-0.67,-0.55,37.28
2168,200747811,-981.93,-82.03,237.30,-1.28,-0.67,-0.61,37.18
2169,200751861,-988.28,-85.45,238.28,-1.10,-0.73,-0.73,37.28
2170,200755918,-986.82,-91.31,235.35,-1.16,-0.55,-0.49,36.80
2171,200759968,-983.40,-92.77,233.89,-1.16,-0.73,-0.18,37.18
2172,200765762,-978.03,-93.26,236.33,-1.10,-0.85,0.73,36.94
2173,200769811,-971.68,-88.87,236.33,-0.79,-0.73,0.67,37.04
2174,200773861,-979.49,-85.45,238.28,-0.91,-0.67,0.61,37.28
2175,200777918,-969.73,-84.47,243.16,-1.10,-0.79,0.98,37.37
2176,200781968,-967.77,-86.91,242.19,-0.91,-0.61,1.16,36.94
2177,200787762,-970.21,-89.84,239.75,-0.67,-0.67,1.10,37.18
2178,200791811,-972.66,-86.43,241.21,-0.61,-0.37,0.98,36.99
2179,200795861,-971.68,-77.64,242.68,-0.79,-0.43,0.73,37.18
2180,200799918,-977.54,-73.24,243.16,-0.55,-0.24,0.43,36.94
2181,200803968,-978.52,-70.80,238.28,-0.79,-0.43,0.30,36.94
2182,200809762,-980.47,-71.78,238.77,-0.85,-0.37,-0.12,36.85
2183,200813811,-988.28,-73.24,239.75,-0.67,-0.30,-0.49,37.28
2184,200817861,-988.77,-70.80,237.30,-0.98,-0.67,-0.91,37.04
2185,200821918,-989.75,-69.82,231.45,-1.04,-0.67,-0.79,37.14
2186,200825968,-985.35,-79.59,240.72,-1.10,-0.73,-0.79,36.94
2187,200831762,-985.35,-83.98,243.16,-0.91,-0.85,-0.55,36.75
2188,200835811,-982.91,-88.87,243.65,-0.85,-1.04,-0.24,36.85
2189,200839861,-979.49,-89.36,242.68,-0.85,-0.67,-0.06,37.28
2190,200843918,-979.98,-90.82,241.70,-1.16,-0.98,0.12,37.18
2191,200847968,-970.21,-91.80,237.79,-0.98,-0.98,0.61,36.99
2192,200853762,-973.63,-91.31,243.16,-0.67,-1.04,0.43,37.14
2193,200857811,-969.24,-93.75,243.65,-0.79,-0.61,1.04,37.04
2194,200861861,-966.80,-89.84,240.72,-0.85,-0.85,0.73,37.04
2195,200865918,-969.24,-83.98,237.79,-0.73,-0.67,0.85,36.99
2196,200871762,-965.82,-78.12,235.35,-0.85,-0.98,0.18,37.33
2197,200875811,-973.14,-75.68,234.37,-1.04,-0.73,-0.37,36.85
2198,200879861,-969.73,-76.17,231.93,-1.28,-0.98,-0.55,37.04
2199,200883918,-972.17,-77.15,227.54,-1.22,-0.79,-0.49,37.04
2200,200887968,-976.56,-80.57,231.45,-1.34,-0.79,-0.61,37.28
2201,200893762,-975.59,-84.47,235.84,-1.40,-0.49,-0.49,37.18
2202,200897811,-974.61,-82.52,238.28,-1.22,-0.73,0.00,37.28
2203,200901861,-977.54,-83.01,242.19,-1.16,-0.61,0.12,37.18
2204,200905918,-978.03,-82.03,238.77,-1.16,-0.73,0.30,37.18
2205,200909968,-983.40,-89.84,242.19,-1.10,-0.43,0.24,37.28
2206,200915762,-987.30,-85.94,250.00,-1.10,-0.37,0.30,37.04
2207,200919811,-993.65,-81.05,245.12,-1.04,-0.55,0.06,36.99
2208,200923861,-992.68,-78.12,244.63,-0.91,-0.79,-0.12,36.99
2209,200927918,-989.75,-78.12,241.21,-1.10,-0.55,-0.30,37.14
2210,200931968,-992.19,-75.68,239.75,-1.22,-0.55,-0.49,37.14
2211,200937762,-992.19,-81.05,238.77,-1.40,-0.79,-0.73,36.94
2212,200941811,-983.89,-79.59,239.75,-1.40,-0.67,-0.73,36.99
2213,200945861,-982.42,-86.43,238.77,-1.46,-0.79,-0.91,37.18
2214,200949918,-985.84,-86.43,240.23,-1.52,-0.37,-0.79,36.80
2215,200953968,-981.93,-88.87,238.28,-1.22,-0.61,-0.98,37.18
2216,200959762,-981.45,-91.31,233.89,-1.16,-0.61,-0.73,36.94
2217,200963811,-983.89,-85.94,239.26,-1.28,-0.67,-0.98,37.04
2218,200967861,-983.89,-86.43,237.79,-1.28,-0.91,-0.67,36.94
2219,200971918,-982.91,-87.89,237.79,-1.34,-0.85,-0.98,36.94
2220,200975968,-982.42,-79.59,238.77,-1.28,-0.91,-1.40,37.18
2221,200981762,-983.40,-76.17,238.28,-1.40,-0.67,-1.77,37.18
2222,200985811,-979.98,-78.12,239.75,-1.71,-0.73,-2.20,37.14
2223,200989861,-981.93,-78.12,243.16,-1.77,-0.79,-2.26,37.14
2224,200993918,-982.91,-73.24,241.21,-1.95,-1.10,-2.62,37.18
2225,200997968,-980.47,-68.85,238.28,-1.95,-0.85,-2.80,37.28
2226,201003762,-978.03,-75.68,241.70,-2.13,-1.04,-3.60,36.80
2227,201007811,-973.14,-80.57,245.12,-2.20,-0.91,-3.60,36.99
2228,201011861,-976.07,-86.43,244.63,-2.07,-0.91,-3.84,37.14
2229,201015918,-976.07,-88.87,243.16,-2.13,-0.55,-3.96,36.99
2230,201019968,-977.05,-89.36,239.26,-2.07,-0.55,-3.90,36.99
2231,201025762,-980.47,-94.73,241.70,-1.95,-0.55,-3.48,36.94
2232,201029811,-972.17,-94.73,241.70,-1.52,-0.30,-2.87,37.28
2233,201033861,-971.68,-94.24,237.79,-1.40,-0.43,-2.68,36.99
2234,201037918,-975.10,-95.70,239.75,-1.59,-0.24,-2.44,37.33
2235,201041968,-969.24,-82.52,244.63,-1.59,0.00,-2.32,36.94
2236,201047762,-977.05,-88.87,239.75,-1.59,0.06,-2.50,36.94
2237,201051811,-979.49,-81.05,240.23,-1.59,0.18,-2.99,36.75
2238,201055861,-984.37,-82.52,239.26,-1.59,0.00,-2.99,37.14
2239,201059918,-984.37,-88.38,238.77,-1.65,-0.12,-3.11,37.14
2240,201063968,-983.89,-95.21,236.82,-1.52,0.12,-2.99,36.94
2241,201069762,-985.84,-91.31,243.65,-1.65,-0.12,-2.50,36.99
2242,201073811,-989.75,-93.75,237.79,-1.52,-0.24,-2.07,37.04
2243,201077861,-987.79,-94.73,235.84,-1.65,-0.37,-1.95,37.18
2244,201081918,-986.33,-97.66,233.89,-1.59,-0.55,-1.65,37.18
2245,201087762,-981.45,-97.66,238.28,-1.28,-0.37,-1.34,37.28
2246,201091811,-982.91,-96.19,234.37,-1.22,-0.37,-1.22,37.04
2247,201095861,-979.00,-92.77,229.98,-1.28,-0.67,-0.79,36.94
2248,201099918,-980.47,-89.36,234.86,-1.16,-0.18,-0.67,36.94
2249,201103968,-974.12,-89.84,231.93,-1.22,-0.61,-0.49,37.18
2250,201109762,-972.17,-88.87,233.89,-1.28,-0.61,-0.55,36.80
2251,201113811,-971.19,-98.63,237.79,-1.10,-0.73,-0.24,37.14
2252,201117861,-965.33,-102.05,237.79,-1.10,-0.55,-0.06,37.28
2253,201121918,-974.12,-98.63,238.28,-0.98,-0.79,0.06,36.85
2254,201125967,-967.77,-98.14,234.37,-0.79,-0.37,0.30,36.94
2255,201131762,-960.94,-87.89,237.79,-0.85,-0.55,0.18,37.14
2256,201135811,-959.96,-92.77,233.89,-0.79,-0.55,0.30,37.04
2257,201139861,-962.40,-88.38,236.82,-0.79,-0.61,0.61,36.99
2258,201143918,-954.10,-85.45,238.28,-0.67,-1.04,0.73,36.99
2259,201147968,-955.57,-89.84,240.23,-0.91,-0.73,0.91,37.14
2260,201153762,-961.43,-88.38,247.07,-0.55,-0.61,1.34,37.04
2261,201157811,-964.36,-89.36,244.14,-0.91,-0.55,1.28,37.14
2262,201161861,-963.38,-83.98,241.21,-0.85,-1.10,1.40,37.18
2263,201165918,-954.10,-87.40,244.63,-1.10,-0.91,1.04,37.14
2264,201169968,-958.50,-90.82,238.28,-1.10,-0.73,0.85,37.14
2265,201175762,-958.98,-94.73,241.70,-0.91,-0.61,0.91,36.99
2266,201179811,-960.94,-93.26,238.28,-0.73,-0.73,0.91,37.04
2267,201183861,-962.89,-91.31,236.82,-0.67,-0.61,0.73,37.18
2268,201187918,-969.24,-95.70,243.16,-0.85,-0.61,0.85,36.85
2269,201191968,-971.68,-90.82,239.75,-0.61,-0.55,0.73,37.04
2270,201197762,-974.12,-86.43,244.63,-0.49,-0.67,0.67,36.94
2271,201201811,-983.89,-91.31,242.68,-0.61,-0.30,0.49,37.28
2272,201205861,-987.79,-88.38,238.77,-0.85,-0.61,0.67,37.04
2273,201209918,-992.68,-91.80,238.28,-0.98,-0.67,0.79,37.28
2274,201213968,-995.61,-96.19,237.79,-0.79,-0.49,1.10,37.28
2275,201219762,-993.16,-97.17,238.28,-0.73,-0.49,1.52,37.14
2276,201223811,-997.56,-91.31,241.21,-0.91,-0.79,1.65,36.85
2277,201227861,-993.65,-90.33,234.37,-0.79,-0.55,1.77,36.80
2278,201231918,-994.14,-98.14,235.35,-0.61,-0.61,1.89,36.99
2279,201235968,-996.09,-98.63,236.82,-0.61,-0.91,2.20,36.85
2280,201241762,-990.23,-96.68,233.40,-0.67,-0.98,2.26,36.94
2281,201245811,-983.40,-94.73,239.26,-0.61,-0.85,2.50,37.14
2282,201249861,-977.05,-98.14,235.84,-0.37,-0.79,2.44,36.94
2283,201253918,-976.56,-92.77,240.23,-0.43,-0.91,2.20,37.18
2284,201257968,-983.40,-83.98,237.79,-0.30,-1.04,2.01,36.94
2285,201263762,-981.93,-83.50,236.82,-0.43,-0.98,1.40,36.94
2286,201267811,-981.93,-80.08,237.79,-0.61,-0.98,1.40,36.94
2287,201271861,-980.47,-77.64,235.35,-0.67,-1.10,1.16,36.99
2288,201275918,-980.96,-79.10,237.79,-0.61,-0.91,1.16,36.99
2289,201279968,-980.96,-85.45,236.82,-0.79,-1.04,1.04,36.94
2290,201285762,-979.00,-81.54,243.16,-0.79,-0.91,1.28,37.04
2291,201289811,-978.03,-82.03,239.75,-0.49,-1.22,1.10,36.99
2292,201293861,-978.52,-84.47,242.19,-0.67,-1.10,1.04,37.28
2293,201297918,-970.70,-85.45,241.21,-0.67,-0.91,1.04,37.28
2294,201303762,-968.26,-88.87,245.61,-0.61,-0.91,1.34,37.18
2295,201307811,-968.75,-89.84,236.82,-0.67,-0.91,1.83,37.14
2296,201311861,-971.68,-91.80,240.23,-0.85,-1.28,2.01,37.28
2297,201315918,-972.66,-91.80,236.33,-0.55,-1.10,2.13,37.14
2298,201319968,-966.31,-90.33,242.68,-0.67,-1.28,1.83,36.94
2299,201325762,-968.26,-94.24,236.33,-0.85,-1.28,2.07,37.52
2300,201329811,-967.29,-94.73,236.33,-0.85,-1.34,1.46,37.28
2301,201333861,-961.91,-93.26,235.84,-0.85,-1.28,1.52,37.04
2302,201337918,-960.94,-90.82,243.16,-1.10,-0.98,1.65,37.14
2303,201341968,-967.29,-97.66,242.68,-1.10,-1.16,1.40,37.18
2304,201347762,-970.70,-86.91,242.19,-0.91,-1.28,1.04,37.04
2305,201351811,-983.40,-85.94,250.00,-1.40,-1.28,0.67,37.04
2306,201355861,-983.89,-84.47,240.23,-1.71,-1.22,-0.12,36.99
2307,201359918,-991.21,-93.26,246.58,-1.65,-1.22,-0.37,36.94
2308,201363968,-992.68,-92.29,245.61,-1.59,-1.22,-0.79,37.04
2309,201369762,-996.09,-99.61,245.61,-1.52,-1.22,-0.91,37.18
2310,201373811,-997.56,-98.14,248.54,-1.52,-1.40,-1.10,37.28
2311,201377861,-993.16,-100.59,243.16,-1.52,-1.46,-0.79,36.94
2312,201381918,-988.77,-97.17,243.16,-1.34,-1.59,-0.49,36.94
2313,201385968,-988.77,-99.61,240.23,-1.28,-1.40,-0.30,37.14
2314,201391762,-986.82,-97.17,241.70,-1.10,-1.34,0.24,37.18
2315,201395811,-984.37,-92.77,238.77,-1.46,-1.16,0.79,37.04
2316,201399861,-978.03,-88.87,241.21,-1.04,-1.52,1.10,37.28
2317,201403918,-976.56,-82.52,235.84,-1.10,-1.46,1.65,36.94
2318,201407968,-978.52,-82.52,239.75,-0.85,-1.28,1.65,36.94
2319,201413762,-973.14,-83.50,239.26,-0.85,-1.28,2.20,36.94
2320,201417811,-979.98,-85.94,241.70,-0.85,-1.28,2.32,37.18
2321,201421861,-975.10,-80.08,239.75,-0.61,-1.22,2.50,37.37
2322,201425918,-971.68,-80.57,248.54,-0.61,-1.10,2.44,37.04
2323,201429968,-976.56,-79.10,250.00,-0.79,-0.98,2.32,37.14
2324,201435762,-974.61,-80.57,246.09,-1.04,-0.98,2.26,37.28
2325,201439811,-973.63,-81.54,244.63,-0.55,-0.85,1.28,36.94
2326,201443861,-979.00,-77.64,244.63,-0.67,-0.98,0.73,36.99
2327,201447918,-977.54,-76.17,243.65,-0.79,-0.79,0.49,37.14
2328,201451968,-974.12,-79.10,239.75,-1.04,-0.85,-0.18,37.04
2329,201457762,-975.59,-82.03,245.12,-1.04,-0.61,-0.55,36.75
2330,201461811,-973.63,-83.01,243.65,-0.98,-0.79,-0.67,36.85
2331,201465861,-977.05,-82.52,237.79,-1.04,-0.73,-0.49,37.33
2332,201469918,-975.10,-79.10,236.33,-0.85,-0.73,-0.43,37.14
2333,201473968,-976.07,-86.43,239.75,-1.04,-0.85,-0.30,36.94
2334,201479762,-982.42,-90.82,235.84,-0.98,-0.85,0.18,36.94
2335,201483811,-980.47,-85.94,233.40,-0.91,-0.73,0.12,36.80
2336,201487861,-982.91,-84.47,238.77,-0.91,-0.73,0.37,37.28
2337,201491918,-984.37,-85.94,230.96,-0.79,-0.91,0.55,36.99
2338,201495968,-983.40,-87.40,235.84,-0.67,-0.67,0.85,36.75
2339,201501762,-980.47,-87.89,238.77,-0.79,-0.79,1.04,37.18
2340,201505811,-978.52,-92.77,244.63,-0.67,-0.67,1.16,36.99
2341,201509861,-980.47,-90.82,244.63,-0.73,-0.67,1.52,37.28
2342,201513918,-982.42,-90.82,246.09,-0.98,-0.49,1.77,36.99
2343,201519762,-977.54,-93.75,246.58,-0.85,-0.67,1.77,37.04
2344,201523811,-974.61,-90.82,243.65,-0.98,-0.67,1.52,36.94
2345,201527861,-979.49,-90.82,252.44,-0.79,-0.67,1.28,36.94
2346,201531918,-984.37,-86.91,248.05,-1.16,-0.73,1.04,36.99
2347,201535968,-983.89,-84.47,250.49,-0.98,-0.49,0.55,37.33
2348,201541762,-980.47,-81.54,246.09,-0.61,-0.55,-0.12,36.85
2349,201545811,-982.42,-89.36,242.19,-1.22,-0.61,-0.55,36.99
2350,201549861,-981.93,-89.84,245.12,-1.22,-0.73,-0.67,36.99
2351,201553918,-984.37,-91.31,244.14,-1.16,-0.49,-0.37,36.94
2352,201557968,-985.35,-91.31,243.65,-1.04,-0.37,0.06,37.18
2353,201563762,-982.42,-90.33,237.30,-1.22,-0.55,0.30,36.99
2354,201567811,-979.00,-91.80,234.86,-0.98,-0.73,0.61,37.18
2355,201571861,-976.56,-87.89,232.42,-0.98,-0.85,0.73,37.14
2356,201575918,-977.05,-87.89,237.30,-1.16,-0.67,0.61,36.99
2357,201579968,-976.07,-87.40,235.84,-1.16,-0.79,0.79,37.14
2358,201585762,-971.68,-86.91,238.28,-1.04,-0.67,0.91,37.28
2359,201589811,-969.24,-93.26,239.75,-1.04,-0.61,0.91,36.99
2360,201593861,-965.82,-93.26,240.23,-1.04,-0.43,1.04,36.94
2361,201597918,-971.19,-92.29,238.77,-0.79,-0.43,1.16,36.94
2362,201601968,-964.84,-87.40,242.19,-1.04,-0.79,0.91,37.28
2363,201607762,-967.77,-82.03,241.70,-0.73,-0.55,1.16,36.99
2364,201611811,-969.24,-82.52,243.16,-0.98,-0.49,1.16,37.28
2365,201615861,-976.07,-72.75,242.68,-0.91,-0.67,0.85,36.94
2366,201619918,-974.61,-75.20,243.16,-1.10,-0.79,0.85,36.94
2367,201623968,-973.14,-75.68,245.12,-1.40,-0.73,0.18,37.04
2368,201629762,-979.98,-77.15,239.75,-1.46,-0.67,-0.06,37.14
2369,201633811,-979.00,-83.50,240.72,-1.34,-0.55,0.06,37.28
2370,201637861,-983.40,-86.91,241.70,-1.28,-0.61,0.06,37.28
2371,201641918,-986.82,-91.31,242.68,-1.34,-0.73,0.37,37.28
2372,201645968,-980.96,-94.24,238.77,-1.16,-0.73,0.79,37.18
2373,201651762,-979.00,-86.43,241.21,-1.04,-1.04,0.98,36.99
2374,201655811,-981.93,-91.80,243.65,-0.91,-0.85,1.40,37.18
2375,201659861,-978.52,-91.80,238.28,-0.91,-1.10,1.71,36.94
2376,201663918,-971.68,-97.66,241.21,-0.73,-0.79,1.89,37.18
2377,201667968,-975.10,-91.31,238.28,-0.98,-0.79,2.50,36.85
2378,201673762,-974.12,-87.89,239.26,-1.04,-1.04,2.68,36.94
2379,201677811,-972.17,-88.38,242.68,-0.85,-0.85,2.68,37.04
2380,201681861,-967.77,-91.80,247.07,-0.91,-0.85,2.38,37.28
2381,201685918,-970.70,-89.36,247.56,-0.85,-0.85,2.26,36.99
2382,201689968,-975.10,-86.43,249.02,-1.10,-0.91,1.77,36.99
2383,201695762,-970.21,-83.01,250.00,-1.10,-0.73,0.98,36.99
2384,201699811,-974.61,-75.68,248.05,-1.10,-0.85,-0.12,36.75
2385,201703861,-979.00,-79.10,245.61,-1.34,-0.61,-0.55,36.94
2386,201707918,-976.07,-83.98,239.75,-1.34,-0.79,-0.85,37.14
2387,201711968,-973.63,-85.94,242.68,-1.28,-0.67,-0.85,36.94
2388,201717762,-979.98,-84.47,236.82,-1.65,-0.85,-1.10,37.14
2389,201721811,-978.52,-87.89,234.37,-1.46,-0.91,-0.79,36.99
2390,201725861,-974.12,-83.50,234.37,-1.40,-0.91,-0.43,36.85
2391,201729918,-977.05,-82.52,238.77,-1.22,-0.73,-0.37,37.33
2392,201735762,-979.98,-83.98,239.26,-1.28,-0.85,-0.06,37.28
2393,201739811,-979.98,-83.98,237.79,-1.22,-0.73,0.37,36.99
2394,201743861,-978.52,-82.52,239.26,-1.16,-0.79,0.73,37.37
2395,201747918,-980.47,-82.03,240.23,-1.10,-0.55,0.73,37.04
2396,201751968,-983.40,-87.89,238.28,-1.10,-0.67,0.61,37.04
2397,201757762,-986.82,-83.50,238.77,-1.16,-0.37,0.98,37.28
2398,201761811,-992.19,-79.10,242.68,-1.28,-0.73,0.79,37.04
2399,201765861,-988.28,-82.03,241.70,-0.91,-0.49,1.04,37.14
2400,201769918,-990.23,-83.01,241.70,-1.16,-0.67,1.04,37.14
2401,201773968,-982.42,-87.89,239.75,-0.98,-0.55,0.98,37.14
2402,201779762,-983.89,-88.38,246.58,-1.04,-0.67,1.10,36.99
2403,201783811,-985.35,-87.40,239.75,-0.98,-0.55,1.16,37.18
2404,201787861,-984.37,-83.01,242.19,-1.10,-0.73,1.10,37.18
2405,201791918,-986.33,-80.08,242.19,-1.10,-0.67,0.79,37.04
2406,201795968,-981.45,-76.66,233.89,-1.22,-0.49,0.67,36.94
2407,201801762,-970.70,-81.05,234.86,-1.28,-0.61,0.18,37.04
2408,201805811,-979.49,-80.08,238.77,-0.85,-0.79,-0.37,37.28
2409,201809861,-980.47,-81.54,235.35,-1.22,-0.55,-0.55,37.04
2410,201813918,-983.89,-79.10,238.28,-1.16,-0.55,-0.49,36.85
2411,201817968,-980.47,-74.22,240.23,-1.22,-0.49,-0.55,37.18
2412,201823762,-976.07,-81.54,243.16,-1.04,-0.79,-0.30,37.18
2413,201827811,-977.05,-82.52,247.07,-1.04,-0.61,0.18,36.80
2414,201831861,-979.98,-86.43,238.77,-1.10,-0.37,0.18,36.85
2415,201835918,-975.59,-83.50,246.09,-1.10,-0.73,0.79,36.80
2416,201839968,-975.59,-83.50,242.68,-1.04,-0.73,0.85,37.18
2417,201845762,-974.12,-86.91,250.49,-1.04,-0.67,0.73,37.18
2418,201849811,-977.05,-87.40,251.95,-1.10,-0.67,0.73,37.28
2419,201853861,-983.89,-84.47,252.93,-0.98,-0.55,0.79,37.37
2420,201857918,-977.05,-81.54,250.49,-1.28,-0.55,0.55,37.18
2421,201861968,-976.56,-82.52,247.07,-1.28,-0.30,0.12,37.18
2422,201867762,-973.14,-83.01,239.75,-1.16,-0.61,0.00,37.28
2423,201871811,-974.61,-88.87,240.72,-1.46,-0.55,-0.30,36.94
2424,201875861,-973.63,-90.82,239.26,-1.46,-0.67,-0.30,37.18
2425,201879918,-973.63,-88.38,238.28,-1.59,-0.24,-0.30,37.04
2426,201883968,-974.12,-93.75,241.21,-1.59,-0.30,-0.12,37.18
2427,201889762,-978.52,-92.77,237.30,-1.52,-0.49,-0.18,36.94
2428,201893811,-981.45,-90.82,238.77,-1.59,-0.67,-0.12,36.99
2429,201897861,-981.45,-89.36,236.33,-1.40,-0.79,0.12,37.18
2430,201901918,-980.96,-83.01,238.28,-1.16,-0.73,-0.06,37.14
2431,201905968,-977.05,-86.43,240.23,-1.40,-0.61,-0.12,36.99
2432,201911762,-973.63,-79.59,237.79,-1.28,-0.79,0.18,36.75
2433,201915811,-978.52,-83.01,245.12,-1.34,-0.49,0.43,37.14
2434,201919861,-975.10,-88.38,245.61,-1.83,-0.79,0.55,37.18
2435,201923918,-974.61,-90.33,244.63,-1.46,-0.73,0.73,37.18
2436,201927968,-976.56,-84.96,239.75,-1.34,-0.91,0.67,36.80
2437,201933762,-976.07,-83.98,244.14,-1.28,-0.73,0.61,37.28
2438,201937811,-979.49,-86.91,243.16,-1.52,-0.49,0.79,37.14
2439,201941861,-970.70,-86.91,244.14,-1.40,-0.67,0.91,36.85
2440,201945918,-965.82,-82.03,248.05,-1.28,-0.73,0.98,37.28
2441,201951762,-974.61,-83.01,248.05,-1.28,-0.61,0.91,37.18
2442,201955811,-979.49,-81.54,239.75,-1.46,-0.61,0.61,37.14
2443,201959861,-979.00,-86.43,240.72,-1.40,-0.67,0.91,36.99
2444,201963918,-975.59,-87.40,238.77,-1.28,-0.73,0.55,37.18
2445,201967968,-978.03,-84.47,243.65,-1.34,-0.79,0.61,37.14
2446,201973762,-978.52,-81.05,243.16,-1.40,-0.85,0.61,37.33
2447,201977811,-972.17,-83.50,238.77,-1.40,-0.73,0.55,37.28
2448,201981861,-972.66,-83.98,243.65,-1.10,-0.37,0.24,37.04
2449,201985918,-978.52,-83.98,240.72,-1.28,-0.30,0.49,37.18
2450,201989968,-980.47,-84.47,243.65,-1.52,-0.30,0.30,37.28
2451,201995762,-982.91,-82.03,243.65,-1.16,-0.12,0.06,37.28
2452,201999811,-979.98,-74.22,242.19,-1.28,-0.43,0.18,37.18
2453,202003861,-982.91,-78.12,244.14,-1.16,-0.37,-0.24,37.18
2454,202007918,-988.77,-79.59,243.16,-1.40,-0.30,0.00,36.85
2455,202011968,-986.33,-80.57,243.16,-1.34,-0.43,0.12,37.14
2456,202017762,-986.33,-83.01,241.70,-1.40,-0.30,0.00,37.14
2457,202021811,-988.28,-83.98,243.65,-1.46,-0.37,0.24,36.94
2458,202025861,-983.40,-80.57,242.68,-1.40,-0.85,0.06,36.99
2459,202029918,-987.79,-81.54,241.70,-1.34,-0.49,-0.06,36.99
2460,202033968,-984.37,-84.47,241.70,-1.10,-0.61,0.12,36.99
2461,202039762,-984.86,-84.96,246.58,-1.28,-0.55,-0.37,36.99
2462,202043811,-978.52,-93.26,243.65,-1.34,-0.55,-0.12,37.47
2463,202047861,-973.63,-95.21,236.82,-1.04,-0.49,-0.24,37.28
2464,202051918,-973.63,-96.19,240.23,-1.10,-0.61,0.18,36.94
2465,202055968,-973.63,-93.26,247.56,-1.10,-0.37,0.61,37.14
2466,202061762,-979.98,-89.36,247.07,-1.04,-0.24,0.67,36.94
2467,202065811,-972.17,-80.57,238.28,-1.10,-0.30,0.79,36.99
2468,202069861,-979.49,-82.52,239.75,-1.22,-0.30,0.79,37.18
2469,202073918,-976.56,-83.98,238.77,-1.10,-0.61,0.55,37.14
2470,202077968,-971.68,-81.54,241.70,-1.16,-0.37,0.61,36.94
2471,202083762,-976.56,-80.08,239.26,-1.10,-0.43,0.85,36.99
2472,202087811,-968.75,-81.05,242.19,-1.16,-0.43,0.98,36.94
2473,202091861,-972.66,-79.10,242.68,-1.16,-0.37,0.91,37.28
2474,202095918,-970.21,-78.61,235.84,-1.22,-0.30,1.04,37.14
2475,202099968,-970.70,-78.61,238.28,-1.16,-0.49,0.79,37.14
2476,202105762,-973.14,-83.50,240.72,-1.04,-0.43,0.61,36.75
2477,202109811,-972.17,-94.24,239.75,-1.22,-0.43,0.67,36.94
2478,202113861,-976.07,-98.63,241.21,-0.98,-0.49,0.79,37.18
2479,202117918,-971.19,-93.75,238.28,-0.98,-0.55,1.46,37.14
2480,202121968,-973.63,-88.87,245.12,-0.85,-0.67,1.59,36.75
2481,202127762,-978.52,-84.47,248.54,-0.91,-0.61,1.95,36.75
2482,202131811,-981.45,-80.57,243.65,-1.10,-0.61,1.65,36.94
2483,202135861,-978.03,-84.96,248.05,-0.98,-0.67,1.46,37.18
2484,202139918,-984.86,-80.57,246.09,-1.10,-0.73,1.46,37.04
2485,202143968,-983.89,-85.45,243.65,-1.16,-0.67,1.71,36.94
2486,202149762,-979.49,-79.59,239.75,-0.98,-0.73,1.40,36.94
2487,202153811,-985.84,-82.52,237.79,-1.28,-0.79,1.16,36.99
2488,202157861,-981.45,-85.94,240.23,-1.28,-0.79,0.91,37.18
2489,202161918,-983.89,-82.03,241.21,-0.98,-0.79,0.73,36.99
2490,202167762,-982.42,-80.57,237.79,-1.16,-0.85,0.43,37.04
2491,202171811,-980.47,-77.64,237.30,-1.28,-0.67,0.18,36.99
2492,202175861,-981.45,-79.10,240.23,-1.40,-0.49,0.06,36.94
2493,202179918,-979.00,-77.15,238.28,-1.40,-1.04,0.00,36.94
2494,202183968,-977.54,-76.66,236.33,-1.52,-0.67,0.06,36.99
2495,202189762,-979.00,-80.08,237.79,-1.65,-0.85,0.18,36.94
2496,202193811,-977.54,-92.29,239.26,-1.71,-0.85,0.30,37.14
2497,202197861,-975.59,-90.82,246.58,-1.46,-1.16,0.37,36.94
2498,202201918,-966.80,-92.29,246.58,-1.71,-1.10,0.85,36.99
2499,202205968,-965.82,-95.21,244.14,-1.28,-1.10,1.34,37.18
2500,202211762,-961.91,-97.17,247.07,-1.22,-0.61,1.65,37.18
2501,202215811,-966.31,-88.87,249.02,-0.79,-0.98,2.38,37.18
2502,202219861,-970.70,-89.36,246.09,-0.98,-0.73,2.26,36.85
2503,202223918,-972.66,-80.08,250.98,-1.16,-0.67,2.20,36.94
2504,202227968,-972.17,-82.52,247.07,-1.40,-0.67,1.71,37.28
2505,202233762,-974.12,-79.10,247.07,-1.40,-0.61,1.22,37.14
2506,202237811,-980.47,-81.54,243.65,-1.16,-0.49,0.73,37.18
2507,202241861,-981.93,-72.27,243.65,-1.40,-0.30,0.61,37.28
2508,202245918,-979.98,-73.73,245.12,-1.46,-0.67,0.06,36.99
2509,202249968,-976.56,-77.15,241.21,-1.83,-0.55,-0.43,37.28
2510,202255762,-975.59,-76.17,238.77,-1.52,-0.43,-0.91,37.28
2511,202259811,-970.21,-85.45,241.70,-1.46,-0.55,-1.10,36.99
2512,202263861,-974.12,-88.38,244.63,-1.46,-0.55,-0.98,37.18
2513,202267918,-973.63,-88.87,236.82,-1.59,-0.43,-0.91,36.94
2514,202271968,-972.66,-91.31,241.21,-1.40,-0.43,-0.61,37.28
2515,202277762,-976.56,-91.80,238.28,-1.16,-0.30,-0.37,37.04
2516,202281811,-978.03,-90.82,243.65,-1.22,-0.30,0.06,37.04
2517,202285861,-980.96,-88.38,238.28,-1.22,-0.24,0.49,36.94
2518,202289918,-980.96,-86.91,242.68,-1.10,-0.30,0.37,36.85
2519,202293968,-981.45,-83.01,243.65,-1.10,-0.73,0.61,37.18
2520,202299762,-981.93,-78.61,240.72,-0.91,-0.55,0.67,36.85
2521,202303811,-988.28,-83.01,243.16,-1.28,-0.30,0.61,36.94
2522,202307861,-980.96,-82.52,239.26,-0.98,-0.43,0.98,37.28
2523,202311918,-984.37,-78.61,242.68,-0.98,-0.55,0.55,37.18
2524,202315968,-976.07,-77.64,241.21,-1.22,-0.67,0.73,36.99
2525,202321762,-977.54,-78.12,236.82,-1.16,-0.91,0.49,36.75
2526,202325811,-979.49,-82.52,239.26,-0.91,-0.43,0.37,37.14
2527,202329861,-980.96,-82.03,241.21,-1.16,-0.49,0.43,37.28
2528,202333918,-980.96,-85.45,242.19,-0.98,-0.30,0.67,37.04
2529,202337968,-975.10,-86.43,239.26,-0.79,-0.61,0.55,36.75
2530,202343762,-973.14,-77.15,249.02,-0.91,-0.49,0.55,36.99
2531,202347811,-977.54,-75.20,243.65,-1.04,-0.43,0.49,36.80
2532,202351861,-975.10,-77.15,248.54,-0.98,-0.43,0.24,37.28
2533,202355918,-982.42,-79.10,246.09,-0.85,-0.55,0.12,37.28
2534,202361762,-973.14,-83.98,247.07,-1.10,-0.30,0.43,37.28
2535,202365811,-978.03,-83.01,245.12,-0.85,-0.30,0.61,36.99
2536,202369861,-977.54,-84.96,245.61,-0.98,-0.49,0.43,37.18
2537,202373918,-978.03,-82.52,244.63,-0.98,-0.18,0.49,37.28
2538,202377968,-979.49,-85.94,242.68,-0.85,-0.06,0.37,36.99
2539,202382017,-979.00,-81.05,241.70,-0.91,-0.37,0.24,37.04
2540,202387762,-978.52,-83.98,244.14,-0.98,-0.43,0.61,37.04
2541,202391811,-984.37,-80.08,242.19,-1.10,-0.37,0.18,37.18
2542,202395861,-983.89,-78.12,241.70,-1.04,-0.37,0.24,37.04
2543,202399918,-984.86,-79.10,239.26,-1.16,-0.30,0.18,37.18
2544,202405762,-992.68,-79.10,237.30,-1.28,-0.37,0.24,37.18
2545,202409811,-983.89,-79.59,235.35,-1.28,-0.67,0.12,37.18
2546,202413861,-984.86,-78.61,240.23,-1.28,-0.79,0.00,36.99
2547,202417918,-984.86,-79.10,240.23,-1.52,-0.79,-0.18,37.14
2548,202421968,-978.03,-84.47,237.79,-1.65,-0.85,-0.06,37.04
2549,202427762,-976.07,-87.89,239.75,-1.52,-0.79,-0.06,37.18
2550,202431811,-967.77,-91.80,241.21,-1.28,-0.79,0.49,37.18
2551,202435861,-964.84,-93.75,242.68,-1.16,-0.91,0.61,36.94
2552,202439918,-964.36,-92.77,243.16,-1.16,-0.67,0.85,37.04
2553,202443968,-964.84,-94.24,241.70,-1.04,-0.61,1.10,37.04
2554,202449762,-968.75,-90.33,245.12,-0.91,-0.55,1.04,36.94
2555,202453811,-970.70,-84.96,242.68,-1.10,-0.55,0.91,37.04
2556,202457861,-969.24,-80.57,247.07,-0.91,-0.24,0.79,37.28
2557,202461918,-975.10,-76.66,250.98,-0.85,-0.49,0.55,36.94
2558,202465968,-972.66,-74.22,249.02,-0.98,-0.37,0.30,37.04
2559,202471762,-970.70,-71.29,248.05,-1.22,-0.49,-0.12,36.85
2560,202475811,-975.59,-73.24,245.12,-1.34,-0.24,-0.43,37.18
2561,202479861,-977.05,-75.68,245.61,-1.28,-0.37,-0.55,37.28
2562,202483918,-974.12,-75.20,247.07,-1.46,-0.30,-0.30,36.94
2563,202487968,-977.05,-77.64,242.68,-1.22,-0.30,-0.24,36.94
2564,202493762,-975.59,-82.03,241.70,-1.16,-0.18,-0.24,36.75
2565,202497811,-979.49,-87.89,238.28,-1.28,-0.30,0.00,37.33
2566,202501861,-978.52,-88.38,235.35,-1.16,-0.30,0.30,37.14
2567,202505918,-985.35,-88.87,240.23,-1.10,-0.37,0.61,36.94
2568,202509968,-981.93,-89.36,238.77,-1.10,-0.12,0.79,37.18
2569,202515762,-979.49,-93.26,238.77,-0.98,-0.18,1.04,36.94
2570,202519811,-976.07,-90.33,244.63,-0.67,-0.30,1.65,36.85
2571,202523861,-976.07,-95.21,243.16,-0.61,-0.30,1.83,36.99
2572,202527918,-972.17,-97.17,247.07,-0.67,-0.12,1.89,37.18
2573,202531968,-967.29,-87.40,246.58,-0.61,-0.55,2.20,36.94
2574,202537762,-973.14,-83.98,242.19,-0.30,-0.49,2.32,36.99
2575,202541811,-969.24,-77.15,243.65,-0.43,-0.49,2.26,36.99
2576,202545861,-970.21,-76.17,245.61,-0.43,-0.43,1.77,37.18
2577,202549918,-971.19,-75.68,248.54,-0.49,-0.43,1.71,37.04
2578,202553968,-973.14,-70.31,247.56,-0.67,-0.43,1.34,36.99
2579,202559762,-974.12,-78.61,238.77,-1.10,-0.55,0.91,37.18
2580,202563811,-970.70,-67.38,240.72,-0.91,-0.55,0.37,37.18
2581,202567861,-972.66,-73.73,240.23,-0.98,-0.43,-0.06,37.04
2582,202571918,-981.93,-72.27,240.23,-1.22,-0.30,-0.12,36.94
2583,202577762,-980.47,-73.73,238.28,-1.28,-0.37,-0.12,37.28
2584,202581811,-986.82,-78.12,243.16,-1.46,-0.43,-0.37,37.14
2585,202585861,-987.30,-80.57,241.21,-1.10,-0.55,-0.49,36.80
2586,202589918,-986.82,-82.52,237.79,-1.34,-0.73,-0.43,37.04
2587,202593968,-994.14,-80.57,240.23,-1.04,-0.55,-0.37,36.99
2588,202598017,-994.63,-73.73,233.89,-0.79,-0.49,0.06,36.94
2589,202603762,-991.21,-80.57,238.77,-0.98,-0.43,0.24,37.28
2590,202607811,-990.23,-80.57,243.16,-1.28,-0.30,0.37,37.28
2591,202611861,-990.72,-78.61,244.14,-1.10,-0.67,0.55,36.94
2592,202615918,-991.70,-79.10,244.63,-0.85,-0.43,0.43,37.28
2593,202621762,-988.28,-79.59,241.70,-0.79,-0.49,0.30,37.28
2594,202625811,-988.77,-82.52,236.33,-0.91,-0.43,0.67,37.14
2595,202629861,-979.00,-85.94,241.70,-0.91,-0.49,0.49,36.99
2596,202633918,-980.47,-87.89,235.35,-1.16,-0.49,0.79,37.28
2597,202637968,-976.56,-92.29,238.28,-1.22,-0.49,0.73,36.94
2598,202643762,-974.12,-83.01,243.65,-0.85,-0.43,0.98,37.18
2599,202647811,-974.61,-84.96,243.16,-0.61,-0.37,0.91,37.04
2600,202651861,-973.63,-86.91,237.79,-0.67,-0.49,1.04,37.52
2601,202655918,-971.68,-87.40,240.23,-0.91,-0.30,0.98,36.94
2602,202659968,-975.10,-83.50,241.21,-0.55,-0.30,1.16,36.94
2603,202665762,-982.91,-74.22,243.16,-0.55,-0.61,0.67,36.99
2604,202669811,-975.59,-69.82,242.19,-0.61,-0.43,0.24,37.18
2605,202673861,-973.14,-66.89,236.33,-0.85,-0.55,-0.30,36.99
2606,202677918,-973.14,-62.01,239.75,-0.85,-0.37,-0.61,36.80
2607,202681968,-971.68,-65.43,242.68,-1.10,-0.67,-0.73,36.94
2608,202687762,-967.29,-68.36,242.19,-1.16,-0.55,-0.85,37.28
2609,202691811,-973.14,-78.61,240.72,-1.16,-0.49,-0.85,37.04
2610,202695861,-973.14,-83.01,244.63,-1.04,-0.30,-0.55,37.14
2611,202699918,-976.56,-81.54,241.70,-0.91,-0.24,-0.43,37.18
2612,202703968,-979.98,-82.52,245.61,-0.79,-0.49,-0.18,37.18
2613,202709762,-977.54,-82.52,243.16,-0.73,-0.43,0.00,37.04
2614,202713811,-979.00,-84.96,240.23,-0.98,-0.18,0.12,36.99
2615,202717861,-981.93,-83.50,241.70,-0.79,-0.37,-0.06,37.04
2616,202721918,-980.47,-77.64,243.16,-0.85,-0.37,0.06,37.04
2617,202725968,-979.00,-80.08,243.16,-1.16,-0.24,-0.30,37.14
2618,202731762,-979.49,-83.01,240.72,-1.16,-0.18,-0.55,36.94
2619,202735811,-988.28,-83.98,241.21,-1.40,-0.55,-1.16,36.94
2620,202739861,-983.40,-82.52,239.26,-1.16,-0.67,-1.10,37.18
2621,202743918,-986.82,-84.96,240.72,-1.40,-0.55,-1.22,37.28
2622,202747968,-987.30,-83.50,238.77,-1.46,-0.85,-1.40,37.04
2623,202753762,-975.59,-88.38,235.84,-1.52,-0.91,-1.46,36.94
2624,202757811,-974.12,-95.70,239.75,-1.71,-0.73,-1.16,36.75
2625,202761861,-971.19,-100.59,241.21,-1.77,-1.28,-0.79,37.33
2626,202765918,-968.26,-97.17,239.75,-1.40,-1.04,-0.55,37.18
2627,202769968,-964.36,-103.03,237.30,-1.28,-1.22,-0.12,37.04
2628,202775762,-962.89,-102.54,240.23,-1.16,-0.98,0.24,36.80
2629,202779811,-957.52,-95.70,239.75,-1.34,-0.85,0.79,37.28
2630,202783861,-956.54,-90.82,240.23,-0.85,-0.67,1.04,36.94
2631,202787918,-957.52,-82.03,240.72,-1.16,-0.55,0.98,37.18
2632,202793762,-962.89,-82.52,242.19,-0.98,-0.49,1.34,37.33
2633,202797811,-970.21,-76.66,244.14,-0.98,-0.55,1.10,36.99
2634,202801861,-976.07,-79.10,242.19,-0.91,-0.49,0.73,37.33
2635,202805918,-980.47,-72.27,243.16,-0.85,-0.49,0.61,36.94
2636,202809968,-985.35,-69.34,244.63,-1.10,-0.61,0.43,37.04
2637,202815762,-984.86,-70.80,246.58,-1.22,-0.49,0.24,36.99
2638,202819811,-985.35,-69.82,240.72,-0.98,-0.55,-0.18,37.18
2639,202823861,-979.98,-72.75,239.26,-0.98,-0.61,-0.37,37.04
2640,202827918,-978.52,-74.22,240.23,-1.16,-0.49,-0.55,36.85
2641,202831968,-983.89,-80.08,242.19,-1.10,-0.79,-0.55,37.28
2642,202837762,-985.35,-84.96,236.33,-1.04,-0.37,-0.55,36.94
2643,202841811,-982.42,-89.84,238.28,-1.28,-0.43,0.06,37.04
2644,202845861,-979.98,-91.80,239.26,-0.85,-0.43,0.37,37.04
2645,202849918,-980.47,-95.21,237.30,-1.04,-0.79,0.67,37.04
2646,202853968,-980.96,-92.29,239.75,-0.79,-0.61,0.98,37.14
2647,202859762,-980.96,-89.84,237.79,-1.10,-0.67,1.28,37.28
2648,202863811,-977.54,-91.31,243.65,-1.22,-0.61,1.65,37.14
2649,202867861,-974.61,-89.84,240.23,-1.04,-0.79,1.46,37.18
2650,202871918,-972.17,-84.47,243.16,-0.91,-0.61,1.22,36.94
2651,202875968,-979.49,-81.54,243.16,-0.98,-0.49,0.98,37.28
2652,202881762,-972.66,-84.47,237.79,-0.91,-0.49,0.91,37.18
2653,202885811,-972.66,-90.82,245.12,-1.10,-0.49,0.85,37.18
2654,202889861,-981.45,-93.75,246.58,-0.85,-0.30,0.85,37.28
2655,202893918,-984.86,-84.47,242.68,-0.98,-0.06,0.61,36.75
2656,202897968,-980.96,-83.50,238.28,-0.98,-0.24,0.79,36.94
2657,202903762,-987.79,-83.50,238.77,-0.91,-0.37,0.55,37.18
2658,202907811,-980.96,-78.12,245.12,-0.91,-0.55,0.06,37.04
2659,202911861,-984.86,-77.15,241.21,-1.04,-0.55,0.12,36.94
2660,202915918,-982.91,-69.82,244.14,-0.91,-0.49,-0.24,37.18
2661,202919968,-983.40,-69.34,243.65,-1.16,-0.61,-0.30,37.28
2662,202925762,-981.93,-70.31,242.68,-1.28,-0.67,-0.61,37.28
2663,202929811,-981.93,-73.73,235.35,-1.28,-0.79,-0.79,37.18
2664,202933861,-983.89,-79.59,237.79,-1.16,-0.67,-0.85,37.18
2665,202937918,-976.56,-80.08,232.42,-1.71,-0.91,-0.37,37.18
2666,202941968,-978.03,-81.54,238.28,-1.65,-0.85,-0.49,36.99
2667,202947762,-975.10,-83.50,239.26,-1.46,-1.10,-0.49,36.75
2668,202951811,-968.75,-97.17,244.63,-1.65,-0.91,-0.12,36.94
2669,202955861,-960.45,-101.07,241.21,-1.40,-0.67,0.12,36.99
2670,202959918,-961.43,-100.59,242.19,-1.10,-0.43,0.79,37.18
2671,202963968,-965.82,-98.63,243.16,-1.10,-0.43,1.04,37.04
2672,202969762,-973.63,-102.54,235.35,-0.73,-0.18,1.28,36.94
2673,202973811,-975.10,-89.84,237.30,-0.18,-0.30,1.77,37.04
2674,202977861,-975.10,-83.01,236.82,-0.24,-0.18,1.71,37.14
2675,202981918,-977.05,-75.68,238.28,-0.67,-0.37,1.59,36.94
2676,202985968,-987.79,-73.24,243.16,-0.55,-0.43,1.52,36.80
2677,202991762,-981.45,-65.92,240.23,-0.61,-0.73,1.59,36.99
2678,202995811,-984.37,-66.41,239.26,-0.91,-0.61,1.10,36.94
2679,202999861,-982.91,-70.80,237.79,-0.85,-0.73,1.34,37.14
2680,203003918,-979.98,-76.17,242.19,-1.10,-0.91,0.98,36.99
2681,203009762,-978.52,-77.64,243.65,-0.79,-0.61,1.04,36.94
2682,203013811,-979.00,-87.89,242.19,-0.79,-0.79,1.28,37.18
2683,203017861,-979.49,-86.91,241.21,-0.85,-0.49,1.10,37.04
2684,203021918,-980.47,-83.98,240.72,-0.91,-0.55,0.91,36.99
2685,203025968,-971.68,-86.43,237.30,-0.91,-0.61,0.91,36.94
2686,203031762,-974.61,-85.94,242.19,-0.98,-0.12,0.61,36.99
2687,203035811,-975.10,-83.98,241.70,-0.91,-0.61,0.37,37.18
2688,203039861,-977.54,-76.66,246.58,-0.98,-0.43,0.43,37.18
2689,203043918,-983.40,-83.98,242.68,-0.91,-0.18,0.30,37.33
2690,203047968,-979.49,-80.08,243.16,-0.85,-0.79,0.06,36.94
2691,203053762,-983.40,-83.50,242.19,-1.16,-0.43,0.12,37.28
2692,203057811,-981.93,-84.96,242.19,-1.10,-0.55,0.12,37.28
2693,203061861,-980.47,-88.38,235.84,-1.34,-0.67,0.12,37.04
2694,203065918,-975.59,-90.82,240.23,-1.10,-0.73,0.37,36.99
2695,203069968,-979.00,-90.82,241.21,-1.10,-0.67,0.73,36.85
2696,203075762,-979.98,-88.87,239.75,-1.22,-0.61,0.73,36.80
2697,203079811,-975.59,-87.40,244.14,-1.10,-0.55,0.91,37.14
2698,203083861,-978.52,-89.36,243.65,-1.10,-0.49,1.04,36.99
2699,203087918,-977.54,-84.47,239.26,-0.98,-0.49,0.61,37.18
2700,203091968,-978.03,-79.10,242.19,-1.10,-0.61,0.18,37.04
2701,203097762,-974.61,-75.20,240.23,-0.85,-0.67,-0.18,36.94
2702,203101811,-977.05,-71.78,236.82,-0.98,-0.49,-0.49,37.18
2703,203105861,-974.12,-71.78,239.26,-1.22,-0.55,-0.61,37.04
2704,203109918,-976.56,-77.15,238.77,-1.28,-0.43,-0.55,36.80
2705,203113968,-978.52,-76.66,242.19,-1.10,-0.24,-0.67,37.04
2706,203119762,-982.91,-78.12,239.26,-1.10,-0.30,-0.43,36.99
2707,203123811,-983.89,-77.15,242.68,-0.98,-0.61,0.24,37.28
2708,203127861,-984.86,-76.66,240.72,-0.85,-0.79,0.30,37.28
2709,203131918,-984.86,-73.24,241.70,-0.98,-0.85,0.30,37.33
2710,203135968,-981.93,-83.98,246.09,-1.10,-0.98,0.43,37.04
2711,203141762,-979.49,-83.50,240.72,-1.04,-0.85,0.85,36.94
2712,203145811,-970.70,-91.31,242.68,-1.04,-0.79,0.91,36.94
2713,203149861,-966.80,-91.80,241.21,-0.91,-0.73,1.10,37.52
2714,203153918,-961.91,-88.38,240.23,-0.73,-1.04,1.04,37.18
2715,203157968,-969.24,-86.91,237.79,-0.67,-1.04,1.28,37.18
2716,203163762,-969.73,-84.96,238.77,-0.85,-0.61,1.10,36.80
2717,203167811,-976.07,-81.05,240.23,-1.04,-0.61,0.79,36.94
2718,203171861,-981.45,-80.57,244.14,-0.98,-0.61,0.55,37.28
2719,203175918,-973.63,-85.94,240.72,-0.85,-0.79,0.30,37.14
2720,203179968,-975.10,-84.47,240.72,-0.79,-0.61,0.73,36.94
2721,203185762,-980.47,-91.31,240.72,-0.73,-0.49,0.67,36.80
2722,203189811,-981.93,-84.47,243.65,-0.98,-0.37,0.55,36.94
2723,203193861,-985.35,-78.61,245.12,-1.22,-0.24,0.30,37.04
2724,203197918,-978.52,-79.10,246.09,-0.79,-0.18,-0.18,37.37
2725,203201968,-982.91,-78.12,242.68,-1.16,-0.24,-0.43,37.18
2726,203207762,-979.98,-71.78,240.23,-1.16,-0.24,-0.73,36.94
2727,203211811,-979.00,-80.57,243.65,-1.10,-0.49,-0.61,36.99
2728,203215861,-980.96,-81.05,240.72,-1.22,-0.49,-0.79,37.33
2729,203219918,-977.05,-77.15,240.23,-1.04,-0.37,-0.37,36.94
2730,203225762,-980.47,-77.15,239.26,-1.10,-0.12,-0.18,37.18
2731,203229811,-976.56,-80.57,234.86,-1.16,-0.55,-0.06,37.14
2732,203233861,-981.45,-78.12,238.77,-1.16,-0.73,0.00,36.94
2733,203237918,-981.93,-77.15,237.79,-1.10,-0.55,0.00,37.14
2734,203241968,-980.47,-79.59,243.65,-1.16,-0.73,0.00,37.14
2735,203247762,-974.12,-85.94,237.79,-0.98,-0.61,0.30,37.14
2736,203251811,-979.00,-81.54,246.09,-0.67,-0.49,0.24,37.14
2737,203255861,-980.47,-81.05,240.72,-1.04,0.00,0.00,36.99
2738,203259918,-979.00,-76.66,242.68,-0.79,-0.06,-0.37,37.33
2739,203263968,-980.96,-77.64,244.14,-0.79,-0.49,-0.61,37.18
2740,203269762,-984.37,-81.05,241.70,-0.98,-0.12,-0.98,37.04
2741,203273811,-977.05,-87.40,242.68,-1.10,-0.30,-0.73,37.28
2742,203277861,-972.17,-87.89,239.75,-0.85,-0.55,-0.61,36.99
2743,203281918,-979.98,-87.89,237.30,-0.85,-0.67,-0.61,37.14
2744,203285968,-974.61,-82.52,238.28,-0.91,-0.49,-0.61,37.04
2745,203291762,-978.03,-77.64,236.82,-1.04,-0.85,-1.10,37.28
2746,203295811,-974.12,-80.57,235.84,-1.28,-0.91,-1.28,37.37
2747,203299861,-975.10,-80.08,237.30,-1.40,-0.85,-1.40,37.28
2748,203303918,-972.17,-82.03,237.79,-1.16,-0.61,-1.52,36.94
2749,203307968,-969.24,-83.98,240.23,-1.28,-0.73,-1.46,37.28
2750,203313762,-962.89,-85.45,243.16,-1.34,-1.04,-1.10,37.14
2751,203317811,-968.26,-82.52,239.75,-1.22,-0.61,-1.04,36.94
2752,203321861,-967.29,-84.96,243.16,-1.28,-0.91,-0.98,37.14
2753,203325918,-967.77,-81.54,244.63,-1.46,-0.67,-1.34,36.99
2754,203329968,-970.21,-83.98,245.61,-1.46,-0.55,-1.52,37.18
2755,203335762,-975.59,-85.45,241.21,-1.22,-0.67,-1.34,37.18
2756,203339811,-979.00,-89.84,244.14,-1.10,-0.37,-0.79,37.18
2757,203343861,-979.49,-93.26,237.79,-1.22,-0.55,-0.85,37.18
2758,203347918,-985.84,-91.80,242.19,-1.10,-0.43,-0.18,37.33
2759,203351968,-982.42,-90.82,238.77,-0.91,-0.30,0.61,36.94
2760,203357762,-985.84,-95.70,237.30,-0.79,-0.61,1.28,37.04
2761,203361811,-1000.00,-91.80,237.30,-0.73,-0.30,2.38,36.94
2762,203365861,-995.12,-93.75,237.79,-0.79,-0.61,2.74,36.94
2763,203369918,-996.09,-90.33,242.68,-0.24,-0.98,3.54,36.99
2764,203373968,-993.16,-84.47,245.61,-0.18,-0.91,3.96,37.18
2765,203379762,-986.33,-78.61,241.70,-0.43,-0.91,3.96,36.99
2766,203383811,-978.03,-79.10,243.65,-0.30,-0.79,3.84,36.85
2767,203387861,-966.80,-77.64,240.23,-0.30,-0.98,3.35,37.18
2768,203391918,-967.77,-79.59,242.19,-0.49,-0.91,3.05,37.18
2769,203395968,-966.80,-75.20,243.16,-0.67,-0.49,2.32,36.85
2770,203401762,-965.82,-78.12,242.68,-0.55,-0.67,1.95,36.85
2771,203405811,-960.45,-74.22,245.12,-0.55,-0.79,1.04,36.85
2772,203409861,-965.33,-72.75,238.77,-0.73,-0.55,0.55,37.14
2773,203413918,-972.17,-72.27,238.28,-1.04,-0.49,0.00,37.14
2774,203417968,-973.14,-75.20,238.77,-1.16,-0.49,-0.37,36.85
2775,203423762,-971.68,-84.47,238.28,-0.85,-0.55,-0.55,36.94
2776,203427811,-973.14,-84.96,238.77,-0.91,-0.43,-0.37,37.37
2777,203431861,-977.54,-91.31,237.79,-1.10,-0.55,-0.18,36.99
2778,203435918,-981.45,-90.82,238.28,-1.04,-0.61,0.55,37.14
2779,203441762,-986.33,-85.45,236.82,-0.73,-0.49,0.91,36.80
2780,203445811,-986.33,-83.98,239.26,-0.79,-0.61,1.22,37.14
2781,203449861,-979.49,-84.96,240.23,-0.73,-0.43,1.59,36.80
2782,203453918,-989.26,-83.01,240.23,-0.67,-0.61,2.01,36.94
2783,203457968,-987.79,-83.98,241.70,-0.73,-0.43,1.89,37.14
2784,203463762,-994.63,-82.03,246.09,-0.79,-0.61,2.32,37.18
2785,203467811,-989.26,-83.01,247.56,-0.49,-0.73,2.01,37.14
2786,203471861,-985.84,-80.08,246.58,-0.67,-0.61,2.01,37.04
2787,203475918,-989.26,-81.54,244.63,-0.98,-1.04,2.07,36.99
2788,203479968,-983.40,-78.12,248.05,-1.10,-0.79,1.22,37.28
2789,203485762,-979.98,-76.66,241.21,-0.85,-0.85,0.91,37.18
2790,203489811,-975.10,-81.54,240.72,-1.52,-0.79,0.30,36.99
2791,203493861,-981.45,-82.03,242.68,-1.22,-0.91,0.43,37.04
2792,203497918,-974.12,-82.03,235.84,-1.22,-0.67,0.24,36.80
2793,203501968,-969.24,-85.45,242.68,-1.22,-0.61,-0.06,37.28
2794,203507762,-975.59,-81.05,236.33,-1.40,-0.61,-0.12,37.28
2795,203511811,-972.17,-83.01,239.26,-1.52,-0.55,0.00,37.04
2796,203515861,-976.07,-85.45,239.75,-1.22,-0.73,-0.12,37.18
2797,203519918,-969.73,-79.10,229.98,-1.28,-0.37,0.06,36.75
2798,203523968,-977.54,-80.57,232.42,-1.65,-0.55,0.18,37.14
2799,203529762,-981.45,-79.10,235.35,-1.28,-0.49,0.00,36.99
2800,203533811,-983.40,-74.71,239.75,-1.40,-0.73,-0.12,36.99
2801,203537861,-985.35,-75.68,241.70,-1.52,-0.73,0.06,37.18
2802,203541918,-979.49,-74.71,241.70,-1.46,-0.85,0.00,37.04
2803,203545968,-978.03,-77.64,241.21,-1.22,-0.67,-0.06,37.28
2804,203551762,-977.05,-76.66,244.63,-1.46,-0.61,0.18,36.94
2805,203555811,-973.63,-79.10,238.28,-1.22,-0.73,0.30,36.85
2806,203559861,-974.61,-83.50,242.19,-1.22,-0.67,0.49,37.14
2807,203563918,-970.70,-85.94,239.75,-0.98,-0.67,0.73,36.94
2808,203567968,-971.19,-86.91,245.12,-1.10,-0.43,1.28,37.28
2809,203573762,-974.12,-87.40,238.77,-1.10,-0.79,1.40,37.33
2810,203577811,-979.00,-88.87,242.19,-0.79,-0.61,1.40,36.99
2811,203581861,-981.45,-81.54,246.09,-0.85,-0.37,1.52,37.28
2812,203585918,-983.89,-78.12,243.65,-0.91,-0.55,1.71,37.18
2813,203589968,-978.52,-78.12,243.65,-0.61,-0.67,1.52,36.85
2814,203595762,-982.91,-77.15,242.19,-0.98,-0.73,1.46,36.75
2815,203599811,-979.98,-81.54,246.58,-0.85,-0.73,1.16,36.85
2816,203603861,-978.03,-77.64,246.58,-0.91,-0.91,0.79,37.14
2817,203607918,-977.54,-83.50,246.58,-0.79,-0.85,0.61,37.04
2818,203611968,-975.59,-84.96,244.63,-1.04,-0.61,0.67,36.94
2819,203617762,-969.24,-82.03,238.28,-0.91,-0.85,1.04,36.99
2820,203621811,-971.19,-87.40,235.35,-0.91,-0.73,1.16,36.80
2821,203625861,-970.70,-87.40,231.93,-0.91,-0.79,1.34,37.33
2822,203629918,-972.17,-82.03,239.26,-0.67,-0.79,1.71,37.04
2823,203633968,-977.05,-74.71,237.30,-0.79,-0.73,2.01,36.75
2824,203639762,-975.59,-71.78,237.30,-0.79,-0.79,1.83,36.94
2825,203643811,-976.56,-72.75,236.33,-0.98,-0.79,1.52,36.99
2826,203647861,-976.07,-69.34,237.30,-1.10,-0.85,1.22,37.04
2827,203651918,-978.03,-68.85,241.21,-1.34,-0.49,1.16,37.14
2828,203657762,-979.49,-74.71,238.77,-1.04,-0.55,0.91,37.18
2829,203661811,-974.61,-74.71,246.09,-1.10,-0.61,0.67,37.28
2830,203665861,-976.07,-73.73,246.09,-1.04,-0.55,0.61,37.33
2831,203669918,-974.12,-79.10,245.61,-1.10,-0.67,0.24,37.18
2832,203673968,-976.56,-81.54,241.70,-1.28,-0.55,0.43,37.14
2833,203679762,-978.52,-84.47,246.09,-1.16,-0.61,0.18,37.28
2834,203683811,-983.40,-80.57,244.14,-0.91,-0.67,0.18,37.18
2835,203687861,-979.00,-84.96,242.68,-1.40,-0.55,0.37,37.04
2836,203691918,-981.93,-85.45,243.16,-1.22,-0.43,0.12,37.04
2837,203695968,-981.45,-83.01,244.63,-1.04,-0.30,0.43,37.14
2838,203701762,-984.86,-83.50,240.72,-1.10,-0.43,0.49,37.33
2839,203705811,-992.68,-84.47,237.79,-1.04,-0.43,0.49,37.04
2840,203709861,-991.70,-76.17,242.19,-1.22,-0.43,0.73,37.14
2841,203713918,-991.70,-77.64,236.33,-1.10,-0.73,0.30,36.75
2842,203717968,-983.89,-77.64,239.26,-1.16,-0.61,0.73,37.04
2843,203723762,-991.70,-77.15,240.72,-1.16,-0.73,0.73,37.04
2844,203727811,-983.40,-82.52,237.30,-1.16,-0.73,1.04,37.18
2845,203731861,-979.98,-81.54,238.28,-1.04,-0.85,0.98,37.18
2846,203735918,-971.68,-85.45,235.35,-0.98,-0.73,1.28,36.80
2847,203739968,-975.10,-83.98,237.79,-0.91,-0.73,1.71,37.28
2848,203745762,-970.21,-84.96,241.21,-0.91,-0.79,1.46,37.04
2849,203749811,-971.68,-80.57,240.72,-0.85,-0.67,1.40,37.18
2850,203753861,-971.19,-72.27,247.56,-0.73,-0.67,1.40,37.33
2851,203757918,-972.17,-68.36,243.65,-0.85,-0.55,1.04,36.99
2852,203761968,-978.03,-66.89,243.16,-0.91,-0.67,1.10,37.28
2853,203767762,-979.98,-68.85,245.12,-1.16,-0.55,0.55,36.99
2854,203771811,-972.17,-64.45,246.58,-0.91,-0.55,0.30,37.04
2855,203775861,-971.19,-70.31,242.19,-1.28,-0.73,-0.06,37.47
2856,203779918,-970.21,-75.20,244.63,-1.40,-0.67,-0.24,37.14
2857,203783968,-971.68,-83.01,238.28,-1.34,-0.55,-0.12,37.14
2858,203789762,-977.05,-83.01,241.21,-1.46,-0.43,-0.12,37.14
2859,203793811,-968.75,-82.03,241.70,-1.40,-0.67,-0.12,37.14
2860,203797861,-973.14,-81.54,236.82,-1.34,-0.55,-0.18,37.04
2861,203801918,-971.19,-91.31,234.37,-1.71,-0.43,0.06,36.80
2862,203805968,-971.19,-95.21,240.72,-1.34,-0.37,0.49,36.99
2863,203811762,-973.63,-95.21,238.77,-0.79,-0.30,1.10,36.75
2864,203815811,-982.42,-84.47,238.28,-0.91,-0.61,1.34,36.94
2865,203819861,-979.49,-76.66,239.26,-0.91,-0.49,1.52,37.14
2866,203823918,-985.84,-71.29,241.21,-0.91,-0.49,1.34,37.04
2867,203827968,-984.86,-70.80,244.14,-1.22,-0.67,0.61,36.94
2868,203833762,-989.26,-71.29,240.23,-1.16,-0.37,0.24,36.94
2869,203837811,-992.19,-77.15,242.19,-1.22,-0.55,0.37,36.80
2870,203841861,-983.89,-80.08,237.79,-1.34,-0.67,0.00,37.33
2871,203845918,-980.96,-74.71,243.16,-1.34,-0.55,0.12,36.94
2872,203849968,-980.96,-81.05,242.68,-1.16,-0.49,0.12,36.80
2873,203855762,-983.40,-77.64,242.19,-0.73,-0.55,0.55,37.04
2874,203859811,-981.93,-78.12,239.75,-1.10,-0.55,0.43,36.94
2875,203863861,-985.35,-76.17,242.68,-1.16,-0.55,0.43,37.14
2876,203867918,-979.98,-76.17,239.75,-1.28,-0.73,0.55,37.14
2877,203873762,-976.56,-79.10,238.28,-1.34,-0.67,0.49,37.04
2878,203877811,-970.70,-76.66,242.68,-1.22,-0.73,0.37,36.94
2879,203881861,-977.05,-75.20,242.68,-1.40,-0.73,0.37,37.14
2880,203885918,-973.14,-79.10,246.58,-1.28,-0.55,0.18,36.85
2881,203889968,-972.17,-79.10,237.79,-1.04,-0.49,0.12,37.18
2882,203895762,-968.75,-81.05,242.19,-1.04,-0.49,-0.18,36.99
2883,203899811,-972.17,-83.50,241.70,-0.98,-0.55,0.06,37.04
2884,203903861,-974.12,-82.52,243.16,-1.04,-0.61,0.37,37.28
2885,203907918,-975.10,-85.94,240.23,-1.10,-0.49,0.55,37.18
2886,203911968,-975.59,-88.38,238.77,-1.04,-0.55,0.73,37.14
2887,203917762,-979.98,-86.43,239.26,-0.98,-0.55,1.40,37.28
2888,203921811,-980.47,-81.05,238.77,-0.79,-0.43,1.83,37.37
2889,203925861,-978.52,-81.54,244.14,-0.73,-0.79,1.83,36.94
2890,203929918,-979.49,-75.68,239.75,-1.04,-0.67,1.77,36.99
2891,203933968,-979.49,-71.78,240.72,-1.10,-0.79,1.71,37.14
2892,203939762,-977.05,-73.24,241.21,-1.28,-0.79,1.59,37.18
2893,203943811,-978.52,-77.64,242.19,-1.46,-0.91,1.34,37.14
2894,203947861,-979.98,-80.08,247.07,-1.22,-0.98,1.16,37.14
2895,203951918,-977.54,-76.66,245.61,-1.59,-1.16,0.79,36.94
2896,203955968,-976.07,-77.15,243.16,-1.71,-1.16,0.49,37.04
2897,203961762,-982.91,-76.17,245.61,-1.59,-1.10,0.24,37.14
2898,203965811,-981.45,-80.57,238.77,-1.71,-1.28,-0.12,37.18
2899,203969861,-979.49,-80.08,243.16,-1.52,-1.16,-0.12,37.18
2900,203973918,-975.10,-81.05,240.23,-1.65,-1.34,0.30,36.75
2901,203977968,-974.61,-81.05,243.16,-1.59,-1.22,0.30,37.14
2902,203983762,-977.54,-81.05,243.16,-1.59,-1.22,0.79,36.99
2903,203987811,-972.66,-73.73,239.75,-1.83,-1.16,0.79,37.37
2904,203991861,-979.98,-79.59,242.19,-1.83,-1.04,1.16,36.80
2905,203995918,-988.77,-82.52,242.68,-1.59,-1.16,1.46,37.14
2906,203999968,-984.37,-78.12,244.63,-1.59,-1.22,1.34,36.99
2907,204005762,-982.42,-83.01,242.19,-1.46,-1.10,1.34,36.94
2908,204009811,-976.07,-82.03,239.26,-1.40,-1.10,1.71,36.94
2909,204013861,-978.03,-78.12,240.23,-1.52,-1.16,1.52,37.14
2910,204017918,-971.19,-79.59,241.70,-1.10,-0.79,1.71,37.33
2911,204021968,-974.12,-77.15,241.70,-1.10,-0.98,1.77,37.28
2912,204027762,-971.68,-77.15,244.63,-1.34,-0.85,1.71,37.14
2913,204031811,-976.56,-76.66,245.12,-1.22,-0.79,1.34,36.99
2914,204035861,-978.52,-69.34,242.68,-1.28,-0.73,1.34,37.28
2915,204039918,-976.07,-71.29,244.14,-1.46,-0.73,0.79,36.94
2916,204043968,-974.12,-68.85,240.72,-1.34,-0.85,0.43,36.99
2917,204049762,-975.59,-81.54,245.61,-1.46,-0.79,0.18,36.66
2918,204053811,-974.12,-83.01,245.12,-1.52,-0.49,0.18,36.80
2919,204057861,-975.59,-85.45,239.75,-1.40,-0.67,0.55,37.14
2920,204061918,-978.03,-82.52,241.21,-1.22,-0.61,0.79,37.28
2921,204065968,-971.68,-74.22,244.14,-1.16,-0.61,0.79,36.99
2922,204071762,-974.61,-73.73,237.30,-0.91,-0.43,1.10,36.80
2923,204075811,-978.03,-71.29,242.19,-0.91,-0.49,1.16,37.04
2924,204079861,-979.00,-72.27,239.75,-0.98,-0.43,0.98,37.04
2925,204083918,-989.26,-65.43,240.72,-0.67,-0.67,1.46,36.75
2926,204089762,-982.91,-64.45,241.70,-0.85,-0.79,1.16,37.18
2927,204093811,-975.10,-62.50,245.61,-1.16,-0.55,0.98,36.94
2928,204097861,-981.45,-68.36,246.58,-0.98,-0.55,0.55,37.18
2929,204101918,-985.35,-65.43,245.12,-1.10,-0.43,0.37,37.14
2930,204105968,-982.42,-69.34,251.46,-1.04,-0.30,0.24,37.18
2931,204111762,-986.33,-69.82,246.09,-1.34,-0.43,-0.12,37.04
2932,204115811,-981.93,-72.75,239.26,-1.22,-0.49,-0.24,36.99
2933,204119861,-981.45,-79.59,238.28,-1.28,-0.49,-0.37,37.18
2934,204123918,-980.96,-79.10,242.68,-1.40,-0.67,-0.18,37.28
2935,204127968,-977.54,-85.94,242.68,-1.22,-0.43,0.00,37.28
2936,204133762,-977.54,-82.52,247.07,-1.28,-0.43,0.24,36.80
2937,204137811,-968.75,-79.10,240.72,-1.04,-0.55,0.12,37.04
2938,204141861,-969.73,-73.24,234.37,-0.91,-0.55,0.18,37.28
2939,204145918,-971.19,-74.71,235.35,-1.16,-0.43,0.18,36.80
2940,204149968,-970.70,-75.68,234.37,-1.34,-0.55,0.24,37.18
2941,204155762,-973.14,-79.10,234.86,-1.52,-0.67,0.00,37.28
2942,204159811,-976.56,-79.59,243.16,-1.34,-0.61,0.12,37.28
2943,204163861,-976.56,-73.73,236.82,-1.22,-0.61,0.00,36.94
2944,204167918,-977.54,-78.61,240.72,-1.59,-0.49,0.00,36.80
2945,204171968,-988.28,-75.20,240.72,-1.28,-0.30,-0.06,37.18
2946,204177762,-986.33,-74.22,240.72,-1.46,-0.49,-0.18,37.18
2947,204181811,-985.84,-84.47,249.02,-1.46,-0.55,-0.30,37.04
2948,204185861,-975.59,-84.96,245.61,-1.71,-0.61,0.00,37.04
2949,204189918,-976.07,-87.40,251.46,-1.34,-0.55,0.24,36.75
2950,204193968,-979.49,-80.57,252.93,-1.28,-0.49,0.37,37.14
2951,204199762,-975.59,-73.73,250.98,-1.16,-0.37,0.00,37.33
2952,204203811,-974.61,-70.80,248.54,-1.10,-0.85,0.06,37.18
2953,204207861,-968.75,-75.68,246.09,-1.28,-0.73,-0.12,37.18
2954,204211918,-967.29,-78.61,244.14,-1.34,-0.67,0.12,37.28
2955,204215968,-969.24,-77.64,243.16,-1.16,-0.73,0.18,37.18
2956,204221762,-963.87,-77.15,240.72,-0.98,-0.73,0.30,36.99
2957,204225811,-971.19,-70.80,237.30,-0.98,-0.61,0.55,36.85
2958,204229861,-971.19,-71.29,239.26,-0.98,-0.85,0.37,37.28
2959,204233918,-972.66,-69.34,230.96,-1.34,-0.43,0.12,37.04
2960,204237968,-969.24,-67.87,237.79,-1.40,-0.67,-0.06,36.94
2961,204243762,-974.12,-71.29,234.37,-1.28,-0.67,-0.18,37.04
2962,204247811,-976.07,-68.85,237.79,-1.04,-0.43,-0.30,36.66
2963,204251861,-985.84,-73.24,237.30,-1.10,-0.43,-0.24,36.99
2964,204255918,-986.33,-65.43,237.30,-0.98,-0.37,-0.30,37.14
2965,204259968,-986.82,-64.94,240.23,-1.22,-0.73,-0.18,36.94
2966,204265762,-990.23,-68.36,243.65,-0.85,-0.49,0.00,36.80
2967,204269811,-990.23,-75.20,240.72,-1.28,-0.55,0.12,36.99
2968,204273861,-990.72,-74.22,245.61,-1.10,-0.73,0.06,37.14
2969,204277918,-988.28,-80.57,244.14,-1.10,-0.61,0.06,37.37
2970,204281968,-986.82,-76.66,248.54,-0.98,-0.79,0.43,36.85
2971,204287762,-985.35,-79.10,246.09,-1.04,-0.49,0.12,36.99
2972,204291811,-979.00,-77.64,245.61,-0.91,-0.61,-0.18,37.18
2973,204295861,-982.91,-83.01,246.58,-0.85,-0.55,-0.06,37.14
2974,204299918,-978.03,-81.54,246.58,-1.04,-0.49,0.12,36.99
2975,204305762,-973.14,-77.64,245.61,-0.79,-0.43,0.06,37.28
2976,204309811,-980.96,-79.10,243.65,-1.04,-0.91,0.30,36.99
2977,204313861,-980.96,-80.08,237.79,-0.79,-0.73,0.30,37.28
2978,204317918,-974.61,-78.12,238.77,-0.91,-0.73,0.00,37.14
2979,204321967,-969.24,-72.27,240.72,-1.04,-0.85,-0.61,36.99
2980,204327762,-965.33,-73.24,240.72,-0.98,-0.61,-0.55,36.99
2981,204331811,-969.24,-76.66,239.26,-1.10,-0.55,-0.61,37.28
2982,204335861,-966.31,-78.61,238.77,-1.04,-0.55,-0.67,37.18
2983,204339918,-969.73,-79.59,240.72,-1.16,-0.67,-0.37,36.94
2984,204343968,-969.24,-76.66,236.82,-1.22,-0.73,0.12,37.28
2985,204349762,-974.12,-77.64,242.68,-1.10,-0.43,0.06,36.94
2986,204353811,-977.05,-72.27,242.19,-0.91,-0.30,0.55,37.28
2987,204357861,-988.77,-71.29,247.56,-0.73,-0.49,0.61,37.14
2988,204361918,-986.82,-71.78,246.09,-0.85,-0.79,0.73,36.94
2989,204365968,-984.86,-71.78,248.05,-1.34,-0.67,0.85,37.04
2990,204371762,-989.75,-72.27,246.58,-1.28,-0.43,0.55,37.28
2991,204375811,-981.45,-71.78,244.63,-1.16,-0.37,0.85,37.18
2992,204379861,-979.98,-77.15,243.65,-1.28,-0.67,0.49,37.28
2993,204383918,-979.00,-81.54,245.61,-1.40,-0.55,0.55,36.94
2994,204387968,-981.45,-84.96,246.58,-1.10,-0.73,0.18,37.14
2995,204393762,-977.05,-89.36,243.16,-1.22,-0.30,0.37,37.14
2996,204397811,-976.07,-83.98,248.05,-1.04,-0.37,0.24,37.28
2997,204401861,-981.93,-86.91,241.70,-1.22,-0.49,0.30,36.99
2998,204405918,-982.91,-83.98,240.72,-1.10,-0.37,-0.12,36.99
2999,204409968,-976.56,-79.59,240.23,-0.85,-0.49,-0.12,37.18
3000,204415762,-981.93,-75.68,237.79,-0.91,-0.24,-0.30,37.28
3001,204419811,-974.12,-79.59,243.16,-1.22,-0.37,-0.61,37.28
3002,204423861,-975.59,-68.36,243.16,-0.98,-0.37,-0.85,37.28
3003,204427918,-980.96,-70.31,246.09,-1.34,-0.61,-1.34,37.18
3004,204431968,-981.93,-69.34,247.56,-1.22,-0.43,-1.77,37.14
3005,204437762,-980.47,-72.27,241.70,-1.34,-0.30,-1.77,36.80
3006,204441811,-985.84,-71.29,234.86,-1.46,-0.37,-1.83,36.85
3007,204445861,-981.45,-74.71,238.77,-1.59,-0.55,-1.89,36.99
3008,204449918,-980.96,-77.15,238.77,-1.77,-0.73,-1.65,37.18
3009,204453968,-974.61,-85.45,241.70,-1.46,-0.37,-1.10,37.28
3010,204459762,-978.03,-90.33,241.21,-1.34,-0.61,-0.67,36.99
3011,204463811,-974.12,-86.43,243.65,-1.10,-0.43,0.06,36.85
3012,204467861,-972.66,-85.94,240.23,-0.91,-0.24,0.61,36.85
3013,204471918,-971.68,-81.05,238.77,-0.91,-0.55,0.91,37.47
3014,204475968,-974.12,-80.57,239.26,-0.91,-0.43,1.10,36.94
3015,204481762,-969.73,-74.71,242.19,-0.85,-0.61,1.04,36.80
3016,204485811,-972.17,-75.20,246.58,-0.61,-0.73,1.40,37.04
3017,204489861,-977.05,-76.17,241.70,-0.49,-0.30,1.46,37.14
3018,204493918,-973.63,-69.82,244.14,-0.61,-0.18,1.34,37.14
3019,204497968,-984.86,-70.80,245.12,-0.79,-0.37,1.22,36.85
3020,204503762,-980.47,-65.92,246.58,-0.91,-0.43,0.85,37.18
3021,204507811,-977.54,-67.38,243.65,-1.28,-0.61,0.30,37.18
3022,204511861,-978.52,-77.64,246.09,-1.10,-0.73,0.37,37.33
3023,204515918,-980.47,-79.10,246.58,-0.91,-0.55,-0.06,36.94
3024,204521762,-977.54,-76.66,246.58,-1.28,-0.30,-0.61,36.99
3025,204525811,-973.14,-87.40,239.26,-0.98,-0.55,-0.24,36.99
3026,204529861,-975.59,-84.47,241.70,-1.10,-0.55,-0.55,37.18
3027,204533918,-979.98,-90.33,239.26,-0.91,-0.49,-0.24,36.99
3028,204537968,-979.00,-89.84,242.19,-1.04,-0.61,-0.18,37.04
3029,204543762,-983.89,-87.40,241.21,-0.85,-0.49,0.06,36.94
3030,204547811,-979.00,-78.12,235.84,-0.67,-0.67,0.49,37.18
3031,204551861,-979.98,-77.64,240.72,-0.43,-0.79,0.79,36.94
3032,204555918,-979.49,-73.73,239.26,-0.73,-0.67,0.98,37.14
3033,204559968,-980.96,-71.29,243.16,-0.67,-0.73,1.28,37.18
3034,204565762,-975.10,-68.36,241.21,-0.79,-0.61,0.98,36.80
3035,204569811,-978.52,-68.36,241.70,-0.79,-0.67,1.52,37.28
3036,204573861,-982.91,-68.36,243.65,-0.49,-0.73,1.52,37.28
3037,204577918,-977.05,-70.80,240.23,-1.04,-0.37,1.40,37.14
3038,204581968,-982.42,-74.71,248.05,-0.91,-0.30,1.04,37.18
3039,204587762,-983.89,-76.66,251.46,-0.91,-0.55,0.73,37.28
3040,204591811,-982.42,-72.27,245.12,-1.22,-0.73,0.12,37.28
3041,204595861,-981.93,-75.20,242.19,-1.22,-0.73,-0.18,37.14
3042,204599918,-976.56,-72.75,249.51,-1.40,-0.30,-0.61,37.18
3043,204603968,-971.19,-79.59,245.12,-1.22,-0.55,-0.79,37.04
3044,204609762,-972.66,-85.45,242.68,-1.04,-0.37,-0.85,36.94
3045,204613811,-973.14,-83.01,239.75,-0.98,-0.49,-0.79,37.28
3046,204617861,-978.52,-80.08,242.68,-1.04,-0.49,-0.67,37.18
3047,204621918,-981.93,-78.61,235.35,-0.98,-0.37,-0.85,36.94
3048,204625968,-979.00,-80.08,244.14,-1.10,-0.43,-0.91,37.28
3049,204631762,-982.91,-79.59,238.77,-1.04,-0.43,-0.73,37.18
3050,204635811,-977.05,-82.03,235.35,-1.16,-0.49,-0.67,36.94
3051,204639861,-979.98,-78.12,238.77,-0.98,-0.43,-0.43,37.14
3052,204643918,-981.45,-78.12,236.82,-0.91,-0.67,-0.12,37.18
3053,204647968,-978.52,-80.08,235.35,-1.34,-0.67,-0.06,36.99
3054,204653762,-978.03,-74.71,238.77,-1.04,-0.61,0.00,36.75
3055,204657811,-980.47,-75.20,238.28,-1.04,-0.49,0.12,36.94
3056,204661861,-976.56,-76.17,236.33,-1.28,-0.61,0.00,37.14
3057,204665918,-979.00,-76.17,240.72,-1.04,-0.73,0.00,37.14
3058,204669968,-981.45,-73.73,240.23,-0.98,-0.67,0.18,36.99
3059,204675762,-974.12,-75.20,238.77,-0.79,-0.85,0.06,36.99
3060,204679811,-969.24,-79.10,241.21,-0.79,-0.73,0.06,37.04
3061,204683861,-974.12,-80.08,240.23,-0.79,-0.43,-0.12,37.18
3062,204687918,-980.47,-80.57,242.19,-0.98,-0.37,-0.12,37.14
3063,204691968,-978.52,-84.96,243.16,-0.98,-0.37,0.12,36.80
3064,204697762,-974.12,-75.20,242.19,-0.79,-0.30,0.00,36.75
3065,204701811,-977.05,-80.08,249.51,-1.10,-0.30,-0.12,36.94
3066,204705861,-981.45,-76.66,242.19,-0.79,-0.49,0.12,37.18
3067,204709918,-981.93,-81.54,242.68,-1.16,-0.30,0.18,37.18
3068,204715762,-979.00,-81.54,242.19,-0.91,-0.49,0.49,36.99
3069,204719811,-981.45,-86.91,240.72,-0.85,-0.55,0.61,37.28
3070,204723861,-978.03,-83.98,240.23,-0.85,-0.43,0.61,37.04
3071,204727918,-981.93,-83.98,240.72,-0.91,-0.37,0.55,37.14
3072,204731968,-983.40,-77.15,239.75,-0.85,-0.61,0.55,37.18
3073,204736017,-984.86,-79.59,244.14,-0.85,-0.91,0.30,36.94
3074,204741762,-973.63,-85.94,245.12,-1.16,-0.79,0.24,37.18
3075,204745811,-978.52,-82.52,242.19,-0.98,-0.73,0.06,37.28
3076,204749861,-977.54,-82.52,240.72,-0.91,-0.55,0.12,37.28
3077,204753918,-972.66,-81.54,239.26,-0.85,-0.43,-0.37,36.99
3078,204759762,-972.17,-79.10,241.21,-0.98,-0.61,-0.18,37.18
3079,204763811,-976.07,-73.24,240.23,-1.04,-0.61,-0.49,36.94
3080,204767861,-979.00,-79.10,241.21,-1.10,-0.43,-0.61,37.14
3081,204771918,-979.98,-81.54,240.23,-1.10,-0.67,-0.37,37.14
3082,204775968,-975.10,-81.54,239.26,-0.85,-0.49,-0.06,37.14
3083,204781762,-983.40,-78.12,244.14,-0.85,-0.49,-0.06,36.99
3084,204785811,-979.00,-68.85,243.65,-0.98,-0.37,-0.37,37.28
3085,204789861,-976.56,-70.31,242.68,-1.22,-0.61,-0.30,37.14
3086,204793918,-977.05,-78.12,246.58,-1.10,-0.67,-0.30,36.85
3087,204797968,-978.52,-82.03,246.58,-1.16,-0.43,-0.37,36.99
3088,204803762,-974.61,-83.01,243.65,-0.85,-0.79,-0.37,36.94
3089,204807811,-975.59,-77.64,250.00,-0.85,-0.55,-0.37,36.94
3090,204811861,-974.61,-82.03,243.16,-1.16,-0.49,-0.43,37.14
3091,204815918,-977.54,-77.64,239.75,-0.98,-0.55,-0.18,36.85
3092,204819968,-979.00,-84.96,236.82,-0.98,-0.61,-0.49,37.18
3093,204825762,-982.91,-78.12,241.21,-0.61,-0.49,-0.06,36.94
3094,204829811,-979.49,-79.10,237.79,-0.79,-0.43,-0.12,37.28
3095,204833861,-974.12,-81.54,236.82,-0.91,-0.30,-0.37,37.18
3096,204837918,-980.96,-74.71,232.91,-0.55,-0.55,-0.12,36.75
3097,204841968,-981.45,-76.17,240.23,-0.91,-0.73,0.12,37.28
3098,204847762,-974.61,-77.64,239.75,-1.04,-0.49,0.37,37.04
3099,204851811,-981.93,-79.59,241.21,-1.04,-0.55,0.37,36.94
3100,204855861,-981.45,-77.15,236.82,-1.04,-0.85,0.24,36.94
3101,204859918,-982.42,-74.22,241.21,-1.16,-0.91,0.43,37.28
3102,204863968,-981.93,-74.71,247.56,-1.16,-1.10,0.49,37.28
3103,204869762,-979.98,-77.64,241.21,-1.28,-1.10,0.00,36.85
3104,204873811,-982.42,-84.96,247.07,-0.91,-0.67,0.18,36.94
3105,204877861,-978.52,-86.91,246.09,-0.98,-0.67,0.30,37.28
3106,204881918,-980.47,-83.01,240.72,-1.22,-0.91,0.00,36.94
3107,204885968,-977.05,-82.52,247.07,-1.10,-0.79,-0.12,37.18
3108,204891762,-977.54,-80.57,243.16,-0.91,-0.73,-0.12,36.94
3109,204895811,-976.56,-78.61,244.14,-0.91,-0.55,0.00,36.94
3110,204899861,-983.89,-81.05,241.70,-1.04,-0.91,0.00,37.14
3111,204903918,-981.93,-75.20,241.70,-1.10,-0.73,0.00,36.94
3112,204907968,-980.96,-76.17,238.28,-1.28,-0.91,0.00,36.99
3113,204913762,-980.96,-77.15,238.28,-1.28,-0.73,-0.06,36.80
3114,204917811,-977.54,-78.61,242.19,-1.22,-0.85,-0.30,36.99
3115,204921861,-972.17,-83.50,242.19,-1.34,-0.49,-0.12,36.99
3116,204925918,-974.61,-81.05,239.26,-0.98,-0.67,0.06,37.04
3117,204931762,-972.66,-82.03,243.65,-0.91,-0.61,0.12,36.94
3118,204935811,-973.14,-71.78,239.75,-1.10,-0.61,-0.30,36.99
3119,204939861,-979.00,-74.22,244.14,-0.85,-0.49,-0.61,36.85
3120,204943918,-978.52,-76.17,239.26,-1.04,-0.55,-1.04,37.04
3121,204947968,-978.03,-67.38,245.61,-1.28,-0.37,-1.59,36.99
3122,204952017,-971.68,-69.34,246.09,-1.52,-0.61,-2.13,37.04
3123,204957762,-973.63,-66.89,241.21,-1.59,-0.55,-2.38,37.04
3124,204961811,-974.61,-73.73,245.12,-1.52,-0.18,-2.56,36.99
3125,204965861,-977.54,-85.45,242.19,-1.46,-0.30,-2.38,36.94
3126,204969918,-981.45,-86.91,239.75,-1.52,-0.37,-2.26,37.28
3127,204975762,-982.91,-86.91,241.21,-1.52,-0.30,-1.95,36.99
3128,204979811,-981.45,-91.31,242.19,-1.46,-0.67,-1.65,37.28
3129,204983861,-983.40,-91.80,240.23,-1.65,-0.12,-1.28,36.99
3130,204987918,-985.35,-95.70,238.77,-1.34,-0.67,-1.04,36.99
3131,204991968,-986.82,-100.10,249.51,-1.52,-0.79,-0.67,37.18
3132,204997762,-982.91,-95.70,244.63,-1.46,-0.67,-0.24,37.04
3133,205001811,-979.98,-87.89,250.00,-1.28,-0.61,-0.06,37.18
3134,205005861,-971.19,-88.87,246.09,-1.40,-0.85,0.00,37.28
3135,205009918,-972.17,-86.43,252.44,-1.16,-0.67,0.12,36.94
3136,205013968,-975.10,-87.89,245.61,-1.59,-0.55,-0.24,36.94
3137,205019762,-977.54,-88.38,244.14,-1.28,-0.98,-0.18,37.04
3138,205023811,-971.19,-80.08,241.21,-1.34,-0.67,-0.73,37.33
3139,205027861,-967.77,-78.61,237.30,-1.46,-0.85,-0.85,36.94
3140,205031918,-963.38,-84.96,235.35,-1.28,-0.49,-0.79,37.18
3141,205035968,-971.68,-80.57,237.79,-1.28,-0.61,-0.73,37.14
3142,205041762,-970.70,-83.50,231.45,-1.16,-0.55,-0.79,37.28
3143,205045811,-973.14,-80.57,230.96,-1.28,-0.43,-0.79,37.04
3144,205049861,-972.17,-72.75,236.82,-1.46,-0.49,-1.04,37.04
3145,205053918,-979.00,-73.73,235.84,-1.22,-0.61,-0.73,36.94
3146,205057968,-972.66,-74.22,235.35,-1.10,-0.61,-0.55,37.04
3147,205063762,-976.56,-72.75,238.28,-0.91,-0.73,-0.12,37.14
3148,205067811,-984.86,-77.64,242.19,-0.79,-0.79,0.18,37.18
3149,205071861,-987.79,-71.78,239.26,-1.16,-0.67,0.30,37.18
3150,205075918,-989.26,-70.80,247.07,-0.85,-0.37,0.43,36.85
3151,205079968,-986.82,-68.36,243.65,-0.91,-0.30,0.18,37.28
3152,205085762,-987.30,-72.75,242.68,-0.91,-0.55,0.00,36.99
3153,205089811,-987.79,-73.24,245.61,-1.16,-0.49,-0.43,37.14
3154,205093861,-988.77,-78.61,241.70,-1.10,-0.18,-0.49,37.18
3155,205097918,-987.30,-82.52,242.19,-0.91,-0.49,-0.55,36.99
3156,205101968,-984.37,-88.87,243.16,-0.85,-0.37,-0.73,37.18
3157,205107762,-978.52,-89.84,243.16,-0.91,-0.24,-0.55,37.04
3158,205111811,-978.52,-99.12,244.14,-0.85,-0.06,-0.37,36.94
3159,205115861,-981.93,-98.14,241.21,-0.79,-0.24,-0.12,37.14
3160,205119918,-982.91,-90.82,240.72,-0.49,0.06,-0.12,37.14
3161,205123968,-984.37,-87.89,242.19,-0.85,-0.24,-0.43,36.99
3162,205129762,-988.28,-81.54,238.28,-0.91,-0.37,-0.55,36.80
3163,205133811,-986.82,-75.20,235.84,-1.04,-0.55,-1.16,37.18
3164,205137861,-979.49,-79.59,243.65,-1.04,-0.61,-1.59,36.94
3165,205141918,-979.98,-80.57,240.72,-1.10,-0.30,-1.40,36.99
3166,205147762,-975.10,-84.96,242.68,-1.34,-0.37,-1.34,37.18
3167,205151811,-974.12,-83.50,241.70,-1.16,-0.24,-0.85,36.99
3168,205155861,-966.80,-86.43,238.28,-1.10,-0.30,-0.85,36.75
3169,205159918,-965.82,-82.03,246.09,-1.04,-0.30,-0.79,37.14
3170,205163968,-968.26,-86.91,242.68,-1.16,-0.06,-0.49,37.14
3171,205169762,-974.61,-85.45,239.26,-0.79,-0.24,-0.67,36.94
3172,205173811,-976.56,-83.01,244.14,-0.98,-0.24,-0.61,37.33
3173,205177861,-974.61,-82.03,244.14,-1.10,-0.12,-0.43,37.18
3174,205181918,-971.19,-81.05,241.70,-0.98,-0.43,-0.30,37.18
3175,205185968,-974.12,-77.64,238.77,-1.16,-0.12,-0.30,37.04
3176,205191762,-976.56,-79.59,239.26,-1.04,-0.12,0.00,37.14
3177,205195811,-981.93,-74.71,236.33,-0.98,-0.37,0.12,37.28
3178,205199861,-979.00,-75.68,230.47,-0.91,-0.37,0.06,37.14
3179,205203918,-980.96,-81.54,240.23,-0.91,-0.24,0.00,36.99
3180,205207968,-974.61,-83.50,241.21,-1.28,-0.49,0.12,37.28
3181,205213762,-977.05,-86.43,238.77,-1.10,-0.43,-0.06,37.28
3182,205217811,-980.96,-82.03,243.16,-0.98,-0.55,-0.24,37.18
3183,205221861,-974.61,-86.43,239.26,-0.98,-0.61,-0.67,37.18
3184,205225918,-972.66,-86.43,242.19,-1.22,-0.67,-0.55,36.80
3185,205229968,-974.12,-88.38,239.75,-0.91,-0.61,-0.49,36.99
3186,205235762,-975.10,-90.33,246.09,-1.16,-0.55,-0.55,36.94
3187,205239811,-976.56,-83.01,239.75,-1.22,-0.73,-0.43,37.14
3188,205243861,-976.07,-89.36,242.68,-0.91,-0.91,-0.55,37.52
3189,205247918,-972.17,-83.50,238.77,-1.16,-0.85,-0.55,36.99
3190,205251968,-968.26,-84.96,237.30,-1.04,-0.67,-0.30,36.99
3191,205257762,-972.17,-90.82,238.28,-0.91,-0.55,-0.24,36.94
3192,205261811,-966.31,-93.75,239.26,-0.91,-0.49,0.30,36.94
3193,205265861,-966.80,-93.75,238.28,-0.61,-0.37,0.79,37.14
3194,205269918,-970.70,-87.40,246.09,-0.55,-0.43,1.40,36.94
3195,205273968,-971.19,-86.43,240.23,-0.73,-0.24,1.71,37.28
3196,205279762,-972.17,-83.01,244.14,-0.73,-0.37,1.77,36.94
3197,205283811,-977.54,-83.01,247.56,-0.67,-0.37,1.59,36.94
3198,205287861,-979.98,-77.64,248.05,-0.91,0.00,1.59,37.28
3199,205291918,-981.93,-78.12,244.63,-0.61,-0.12,1.16,36.99
3200,205295968,-984.86,-73.73,245.12,-0.67,-0.30,0.98,36.94
3201,205301762,-983.40,-75.20,245.12,-0.85,-0.24,0.43,36.80
3202,205305811,-986.33,-78.61,242.68,-1.16,-0.43,0.06,36.75
3203,205309861,-985.84,-76.17,239.75,-0.91,-0.73,-0.49,37.33
3204,205313918,-980.96,-77.15,240.72,-1.04,-0.24,-0.73,37.28
3205,205317968,-983.89,-84.47,242.68,-1.16,-0.61,-1.04,36.80
3206,205323762,-983.89,-89.36,241.21,-1.40,-0.61,-1.40,36.94
3207,205327811,-979.98,-92.77,241.70,-1.22,-0.43,-0.98,36.94
3208,205331861,-981.45,-95.21,237.79,-1.04,-0.43,-1.04,37.18
3209,205335918,-981.45,-90.82,237.79,-1.04,-0.37,-0.85,37.28
3210,205339968,-979.49,-90.33,237.79,-0.98,-0.30,-0.24,36.75
3211,205345762,-980.96,-92.29,234.37,-1.22,-0.55,-0.30,36.94
3212,205349811,-981.93,-85.94,242.19,-1.22,-0.49,-0.24,37.28
3213,205353861,-978.52,-82.52,235.84,-1.22,-0.49,-0.12,36.99
3214,205357918,-978.03,-84.47,237.79,-1.22,-0.67,-0.18,37.28
3215,205363762,-977.54,-87.89,238.28,-1.04,-0.55,-0.24,36.99
3216,205367811,-971.68,-87.89,235.35,-0.98,-0.43,0.18,37.04
3217,205371861,-968.26,-83.01,240.72,-0.91,-0.37,0.12,36.99
3218,205375918,-972.66,-85.45,237.30,-1.04,-0.43,0.24,37.37
3219,205379968,-966.80,-81.54,241.70,-0.98,-0.43,0.37,37.14
3220,205385762,-968.75,-80.08,242.68,-0.91,-0.55,0.37,37.28
3221,205389811,-969.24,-82.03,246.09,-0.91,-0.43,0.61,37.14
3222,205393861,-969.24,-84.47,246.58,-1.04,-0.43,0.73,36.94
3223,205397918,-967.29,-93.75,243.65,-1.16,-0.49,0.91,37.33
3224,205401968,-965.82,-88.38,242.68,-1.10,-0.24,1.04,37.04
3225,205407762,-974.12,-88.38,245.61,-1.04,-0.12,1.22,37.18
3226,205411811,-972.66,-83.50,241.70,-0.85,-0.37,1.16,37.18
3227,205415861,-976.56,-88.38,242.19,-0.85,-0.49,0.98,37.14
3228,205419918,-979.49,-85.94,238.77,-1.22,-0.55,1.16,37.14
3229,205423968,-984.37,-86.43,241.70,-1.28,-0.55,0.98,36.99
3230,205429762,-989.26,-85.94,239.26,-1.16,-0.79,0.73,37.18
3231,205433811,-981.45,-73.73,235.35,-1.40,-0.98,0.30,36.99
3232,205437861,-979.00,-78.12,237.79,-1.22,-0.85,0.00,37.28
3233,205441918,-977.54,-84.96,238.28,-1.40,-0.91,-0.37,36.80
3234,205445968,-972.66,-86.43,239.26,-1.28,-0.85,-0.24,37.28
3235,205451762,-970.70,-85.94,236.33,-1.04,-0.85,-0.49,37.18
3236,205455811,-976.56,-87.89,240.23,-1.10,-0.91,0.24,37.14
3237,205459861,-966.31,-88.87,239.26,-1.22,-0.73,0.18,37.18
3238,205463918,-972.17,-86.43,245.61,-1.04,-0.85,0.43,36.94
3239,205467968,-972.17,-88.38,242.19,-1.34,-0.91,0.18,37.14
3240,205473762,-975.59,-83.98,241.70,-1.04,-0.61,0.49,36.99
3241,205477811,-979.00,-90.33,244.63,-1.10,-0.67,0.55,37.28
3242,205481861,-981.45,-85.94,246.58,-0.79,-0.49,0.61,37.28
3243,205485918,-985.84,-85.45,242.19,-0.85,-0.61,0.85,36.80
3244,205489968,-979.98,-84.47,243.65,-1.16,-0.61,0.85,37.18
3245,205495762,-978.52,-84.96,241.70,-0.91,-0.67,0.98,37.18
3246,205499811,-979.00,-84.47,244.14,-0.85,-0.73,1.10,37.18
3247,205503861,-981.93,-87.89,241.21,-0.98,-0.61,1.52,37.18
3248,205507918,-983.40,-85.45,239.75,-1.04,-0.67,1.22,37.18
3249,205511968,-981.45,-83.50,237.79,-1.10,-1.04,0.91,37.18
3250,205517762,-983.89,-82.03,238.28,-1.04,-1.16,0.73,36.94
3251,205521811,-982.91,-83.50,234.86,-1.40,-0.85,0.18,36.80
3252,205525861,-979.98,-85.45,235.84,-1.40,-0.73,0.12,36.94
3253,205529918,-982.42,-85.45,232.91,-1.16,-0.79,-0.24,37.18
3254,205533968,-980.47,-82.52,235.35,-1.28,-0.79,-0.79,36.94
3255,205539762,-980.47,-83.01,236.33,-1.10,-0.79,-0.79,36.94
3256,205543811,-976.07,-83.98,242.68,-0.98,-0.79,-0.73,36.75
3257,205547861,-976.07,-84.96,243.16,-1.28,-0.85,-0.55,37.18
3258,205551918,-977.05,-87.89,242.68,-1.28,-0.73,-0.43,37.14
3259,205555968,-977.05,-84.96,240.23,-1.16,-0.91,0.00,36.80
3260,205561762,-972.66,-80.57,245.12,-0.91,-0.73,0.12,36.80
3261,205565811,-972.66,-83.50,237.79,-0.79,-0.61,0.18,36.99
3262,205569861,-976.56,-80.08,243.16,-0.98,-0.37,0.37,36.85
3263,205573918,-982.42,-82.52,242.19,-0.85,-0.67,0.43,37.28
3264,205579762,-983.89,-82.03,236.82,-0.85,-0.61,0.61,37.18
3265,205583811,-984.86,-79.59,241.21,-0.73,-0.73,0.43,37.04
3266,205587861,-980.96,-82.03,242.19,-0.55,-0.67,0.12,37.18
3267,205591918,-980.47,-79.10,244.14,-0.61,-0.79,0.12,37.18
3268,205595968,-982.91,-81.05,250.49,-1.04,-1.04,0.00,37.37
3269,205601762,-973.63,-84.47,244.63,-0.85,-1.22,0.12,37.28
3270,205605811,-977.54,-91.80,242.68,-1.10,-0.91,0.06,37.04
3271,205609861,-969.73,-92.29,244.14,-1.04,-0.91,0.30,37.18
3272,205613918,-977.05,-91.31,242.19,-1.22,-0.79,0.30,36.94
3273,205617968,-973.63,-95.21,245.12,-1.16,-0.61,0.37,37.33
3274,205623762,-965.82,-91.80,242.19,-1.22,-0.98,0.43,36.94
3275,205627811,-962.89,-98.63,243.16,-0.98,-0.73,0.37,37.28
3276,205631861,-969.24,-100.59,244.63,-0.91,-0.73,0.18,36.99
3277,205635918,-965.82,-95.70,239.75,-0.98,-0.61,0.43,36.94
3278,205639968,-969.24,-100.10,240.23,-0.85,-0.24,0.55,37.18
3279,205645762,-978.03,-91.31,240.23,-1.04,-0.24,0.55,36.99
3280,205649811,-983.89,-91.80,240.72,-0.91,-0.30,0.43,37.18
3281,205653861,-982.91,-80.57,242.68,-0.85,-0.49,0.37,36.94
3282,205657918,-991.21,-79.10,246.09,-0.79,-0.43,0.06,36.85
3283,205661968,-983.40,-72.27,241.70,-0.98,-0.43,-0.24,36.94
3284,205667762,-985.84,-68.36,247.07,-1.04,-0.30,-0.67,37.04
3285,205671811,-982.91,-67.87,246.09,-1.16,-0.73,-1.34,37.33
3286,205675861,-987.79,-66.41,244.14,-1.04,-0.67,-1.71,36.94
3287,205679918,-982.42,-74.71,244.63,-1.40,-0.55,-2.13,36.80
3288,205683968,-988.28,-82.52,245.61,-1.40,-0.43,-2.13,37.04
3289,205689762,-978.03,-85.45,241.21,-1.22,-0.49,-1.77,36.85
3290,205693811,-979.00,-91.80,239.75,-1.22,-0.43,-1.28,37.04
3291,205697861,-981.45,-94.73,240.72,-1.16,-0.30,-0.91,37.33
3292,205701918,-981.45,-94.24,241.70,-1.22,-0.30,-0.61,37.18
3293,205705968,-979.98,-94.73,237.30,-1.04,-0.91,-0.06,37.28
3294,205711762,-983.40,-99.12,237.79,-0.98,-0.61,0.61,36.99
3295,205715811,-977.05,-89.84,236.82,-0.79,-0.79,0.98,36.94
3296,205719861,-974.12,-86.43,240.72,-0.91,-0.43,0.98,37.28
3297,205723918,-971.68,-87.40,237.79,-0.55,-0.43,1.10,37.18
3298,205727968,-966.31,-83.98,238.77,-1.16,-0.79,1.10,37.18
3299,205733762,-960.94,-84.47,235.35,-0.91,-0.79,0.49,37.14
3300,205737811,-959.96,-76.66,242.68,-1.04,-0.61,0.00,36.75
3301,205741861,-967.77,-82.52,239.26,-1.22,-0.49,-0.43,37.18
3302,205745918,-971.68,-85.94,239.75,-1.16,-0.67,-0.55,37.04
3303,205749968,-969.73,-86.91,235.84,-1.22,-0.55,-0.67,36.75
3304,205755762,-978.03,-85.94,245.61,-1.10,-0.61,-0.73,37.14
3305,205759811,-973.63,-84.96,239.75,-1.10,-0.85,-0.67,36.94
3306,205763861,-980.47,-85.94,243.65,-1.34,-0.61,-0.85,36.94
3307,205767918,-986.33,-81.54,242.68,-1.34,-1.10,-0.55,36.94
3308,205771968,-979.98,-82.03,238.28,-1.22,-0.61,-0.37,36.80
3309,205777762,-979.49,-93.26,242.68,-1.10,-0.55,-0.18,36.94
3310,205781811,-976.07,-96.19,243.65,-1.10,-0.67,0.06,37.14
3311,205785861,-981.93,-94.24,248.54,-1.04,-0.91,0.61,37.14
3312,205789918,-978.52,-90.82,239.75,-1.04,-0.73,0.79,36.94
3313,205795762,-978.52,-86.91,245.61,-1.16,-0.85,1.16,36.99
3314,205799811,-982.42,-84.47,240.72,-1.10,-0.91,1.22,37.04
3315,205803861,-976.07,-84.47,243.16,-0.91,-0.73,0.85,36.80
3316,205807918,-972.17,-90.33,242.19,-1.04,-0.98,0.79,37.28
3317,205811968,-977.05,-95.21,241.21,-0.98,-0.61,0.43,37.28
3318,205817762,-975.59,-91.80,245.61,-1.28,-1.10,0.24,37.18
3319,205821811,-968.26,-84.47,235.35,-1.10,-0.73,0.43,37.18
3320,205825861,-965.33,-86.43,229.49,-0.91,-0.67,0.06,36.94
3321,205829918,-966.80,-88.38,226.56,-0.98,-0.79,-0.06,37.04
3322,205833968,-971.68,-85.45,229.98,-1.04,-0.73,-0.06,36.80
3323,205839762,-978.52,-82.52,236.82,-0.79,-0.73,-0.18,36.94
3324,205843811,-979.00,-75.20,237.30,-1.04,-0.61,-0.30,37.04
3325,205847861,-975.59,-79.59,239.75,-0.98,-0.73,0.06,37.18
3326,205851918,-972.66,-77.64,237.30,-1.04,-0.37,0.06,37.14
3327,205855968,-977.54,-81.54,242.19,-0.91,-0.55,0.30,37.28
3328,205861762,-981.45,-83.98,239.75,-0.91,-0.30,0.85,37.04
3329,205865811,-988.77,-79.59,244.63,-0.85,-0.37,0.79,37.14
3330,205869861,-992.19,-76.66,247.07,-0.98,-0.18,0.61,37.37
3331,205873918,-996.58,-73.24,245.61,-1.16,-0.61,0.43,36.94
3332,205877968,-995.61,-80.57,245.61,-1.28,-0.67,0.06,37.33
3333,205883762,-993.16,-84.47,247.07,-1.16,-0.67,0.06,36.94
3334,205887811,-988.28,-84.96,246.09,-1.16,-0.67,-0.43,36.99
3335,205891861,-981.45,-90.82,244.14,-0.98,-0.73,-0.18,36.94
3336,205895918,-981.93,-91.80,241.21,-1.16,-0.85,-0.12,36.94
3337,205899968,-977.05,-96.68,242.19,-1.04,-0.79,-0.37,37.28
3338,205905762,-972.66,-98.14,241.70,-0.91,-0.49,-0.30,37.14
3339,205909811,-971.68,-94.24,238.77,-0.79,-0.55,0.06,37.18
3340,205913861,-969.24,-90.82,235.84,-0.85,-0.30,0.30,37.28
3341,205917918,-972.66,-94.24,234.37,-0.49,-0.43,0.43,37.14
3342,205921968,-966.31,-88.38,231.93,-0.61,-0.24,0.67,36.99
3343,205927762,-971.68,-80.57,235.35,-0.85,-0.24,0.91,37.28
3344,205931811,-975.59,-81.54,240.23,-0.85,-0.49,1.16,36.94
3345,205935861,-972.66,-80.08,235.84,-0.91,-0.37,1.16,37.18
3346,205939918,-979.49,-79.59,243.65,-0.67,-0.61,1.59,37.18
3347,205943968,-978.03,-79.59,247.07,-0.73,-0.73,1.52,37.04
3348,205949762,-976.07,-75.68,248.54,-0.85,-0.55,1.04,36.99
3349,205953811,-969.24,-72.27,248.54,-0.79,-0.79,0.24,36.94
3350,205957861,-970.70,-70.80,244.63,-1.04,-0.67,-0.37,37.18
3351,205961918,-973.14,-83.98,245.12,-0.98,-0.67,-1.10,36.94
3352,205965968,-972.17,-87.89,247.07,-1.52,-0.67,-0.98,36.94
3353,205971762,-975.59,-87.40,245.61,-1.04,-0.61,-0.98,36.94
3354,205975811,-974.61,-94.73,241.70,-1.28,-0.73,-0.43,37.14
3355,205979861,-979.00,-96.19,241.70,-1.10,-0.73,-0.24,37.28
3356,205983918,-977.54,-93.75,240.23,-1.28,-0.67,-0.24,36.94
3357,205987968,-987.30,-90.82,240.72,-1.28,-0.55,0.18,36.66
3358,205993762,-984.37,-88.87,237.79,-1.40,-0.85,0.24,37.04
3359,205997811,-981.93,-89.36,238.28,-1.28,-1.10,0.12,37.47
3360,206001861,-980.96,-94.73,239.26,-1.16,-0.67,0.30,37.04
3361,206005918,-978.52,-93.75,239.26,-1.34,-0.79,0.24,37.14
3362,206011762,-978.52,-92.77,240.23,-1.40,-0.67,0.73,36.80
3363,206015811,-978.52,-88.87,242.19,-0.98,-0.85,0.98,37.37
3364,206019861,-982.42,-91.80,240.72,-1.04,-0.73,0.85,37.18
3365,206023918,-984.37,-83.50,242.19,-0.98,-0.85,0.67,36.99
3366,206027968,-986.33,-82.03,241.21,-0.73,-0.98,0.61,37.14
3367,206033762,-985.84,-79.59,241.70,-1.16,-0.98,0.24,37.33
3368,206037811,-978.52,-79.59,245.12,-0.98,-0.67,0.12,37.28
3369,206041861,-978.03,-83.01,245.12,-0.91,-0.61,0.00,37.18
3370,206045918,-981.45,-86.43,242.68,-0.85,-0.61,0.18,37.18
3371,206049968,-982.91,-78.12,243.16,-0.79,-0.61,-0.12,37.33
3372,206055762,-978.03,-78.12,243.16,-0.79,-0.73,0.06,37.18
3373,206059811,-974.61,-81.54,242.68,-0.43,-0.67,-0.30,37.37
3374,206063861,-974.12,-80.08,242.19,-0.67,-0.61,0.12,36.94
3375,206067918,-977.05,-79.59,244.14,-0.91,-0.37,0.30,36.94
3376,206071968,-975.59,-85.94,240.72,-0.61,-0.61,0.37,37.14
3377,206077762,-976.07,-84.47,243.65,-0.85,-0.61,0.85,37.04
3378,206081811,-973.63,-84.96,242.68,-0.55,-0.55,0.79,37.33
3379,206085861,-975.59,-85.94,235.35,-0.37,-0.37,0.98,37.04
3380,206089918,-982.42,-88.87,239.75,-0.49,-0.61,1.10,37.18
3381,206093968,-975.59,-82.03,238.77,-0.55,-0.37,1.10,37.28
3382,206099762,-976.07,-83.01,238.77,-0.73,-0.55,1.22,37.18
3383,206103811,-976.56,-85.45,242.68,-0.55,-0.55,1.16,37.28
3384,206107861,-973.63,-87.89,238.77,-0.67,-0.37,0.73,37.14
3385,206111918,-971.19,-90.33,240.23,-0.85,-0.49,0.79,36.94
3386,206115968,-970.70,-97.66,240.23,-0.79,-0.49,0.79,37.28
3387,206121762,-970.70,-94.73,241.21,-0.91,-0.61,0.85,36.94
3388,206125811,-974.61,-93.26,241.21,-0.49,-0.30,0.79,37.28
3389,206129861,-975.59,-89.84,240.23,-0.55,-0.61,0.85,37.18
3390,206133918,-975.59,-88.87,243.16,-0.79,-0.06,0.91,37.18
3391,206137968,-980.47,-88.87,235.84,-0.55,-0.49,1.04,37.33
3392,206143762,-975.10,-82.52,233.89,-0.55,-0.12,1.28,37.28
3393,206147811,-979.49,-84.96,239.26,-0.67,-0.18,1.22,36.99
3394,206151861,-981.93,-87.89,242.19,-0.55,-0.06,1.59,37.14
3395,206155918,-984.37,-89.84,243.16,-0.67,-0.12,1.59,37.28
3396,206159968,-984.86,-89.84,247.07,-0.55,0.00,1.83,36.99
3397,206165762,-986.82,-94.73,244.14,-0.67,0.30,1.83,36.75
3398,206169811,-991.21,-92.77,241.70,-0.30,0.43,2.32,36.80
3399,206173861,-993.65,-96.19,246.09,-0.30,0.30,2.50,37.14
3400,206177918,-989.75,-94.73,241.21,-0.12,0.43,2.74,36.94
3401,206181968,-988.28,-91.31,243.16,-0.37,0.24,2.87,36.75
3402,206187762,-987.30,-90.33,240.23,0.00,-0.06,2.44,36.94
3403,206191811,-987.79,-83.01,244.63,0.30,0.24,2.13,36.94
