seq,timestamp_us,ax_mg,ay_mg,az_mg,gx_dps,gy_dps,gz_dps,temp_c
0,9272399,-582.03,788.09,138.18,-1.59,-0.12,0.12,35.94
1,9276467,-585.94,790.53,134.28,-1.52,-0.18,0.12,36.13
2,9280517,-588.38,786.13,131.84,-1.52,-0.55,0.49,35.94
3,9286762,-585.94,791.99,135.25,-1.59,-0.43,-0.12,35.94
4,9290812,-581.54,782.23,140.62,-1.65,-0.43,-0.12,35.98
5,9294861,-584.47,780.76,141.60,-1.83,-0.61,0.06,36.27
6,9298919,-585.45,781.74,142.58,-1.46,-0.24,0.43,36.08
7,9302969,-583.98,784.18,141.11,-1.52,-0.18,0.37,36.46
8,9307018,-580.08,789.55,143.07,-1.46,-0.37,0.12,36.42
9,9312762,-587.89,792.97,140.14,-1.52,-0.24,-0.85,36.27
10,9316811,-586.43,780.27,143.55,-1.65,-0.37,-1.40,36.42
11,9320861,-586.91,775.88,144.04,-1.77,-0.49,-1.83,36.46
12,9324918,-590.82,772.95,141.11,-1.40,-0.49,-1.77,36.22
13,9328968,-589.36,769.53,143.07,-1.77,-0.79,-1.46,36.27
14,9334762,-596.68,763.67,141.60,-1.59,-0.98,-0.98,36.08
15,9338811,-596.19,763.67,138.18,-1.34,-0.91,-0.67,36.08
16,9342861,-601.07,776.37,137.70,-1.34,-1.16,-0.61,36.27
17,9346918,-600.10,778.81,135.74,-1.34,-1.28,-0.98,36.22
18,9350968,-598.14,778.81,137.21,-1.28,-1.40,-1.65,36.46
19,9356762,-598.14,782.71,130.86,-1.04,-1.52,-1.65,36.46
20,9360811,-598.14,777.83,134.77,-1.34,-1.52,-2.20,36.13
21,9364861,-597.66,777.83,136.23,-1.46,-1.46,-2.44,36.46
22,9368918,-596.68,775.88,137.21,-1.40,-1.46,-2.38,36.08
23,9372968,-599.61,771.48,135.74,-1.16,-1.52,-2.32,36.32
24,9378762,-594.73,762.21,135.25,-0.98,-1.22,-1.95,36.22
25,9382811,-588.38,768.55,134.28,-0.98,-1.10,-1.28,35.98
26,9386861,-591.80,768.55,132.81,-0.91,-0.85,-0.85,36.42
27,9390918,-589.36,768.07,135.74,-0.67,-0.91,-0.37,36.27
28,9394968,-582.03,771.97,136.23,-0.61,-0.24,0.30,36.13
29,9400762,-585.45,769.53,136.72,-0.55,0.12,0.43,35.98
30,9404811,-594.73,781.25,135.74,-0.49,0.24,0.43,36.08
31,9408861,-595.21,781.74,137.70,-0.18,0.49,0.24,36.22
32,9412918,-600.10,780.76,136.72,-0.30,0.49,0.18,36.22
33,9416968,-600.59,785.16,135.25,-0.30,0.91,0.12,36.46
34,9422762,-604.00,774.90,143.07,-0.18,1.10,-0.18,35.98
35,9426811,-608.89,773.93,145.02,-0.12,1.59,-0.12,35.89
36,9430861,-604.98,776.86,139.65,-0.06,1.65,0.06,36.32
37,9434918,-608.89,783.69,141.60,0.18,1.28,-0.49,36.22
38,9438968,-615.72,787.11,145.51,-0.12,1.65,-0.98,36.08
39,9444762,-615.72,783.69,151.37,-0.18,1.65,-1.16,36.08
40,9448811,-616.21,791.02,153.81,-0.12,1.59,-1.95,36.13
41,9452861,-619.14,787.60,155.27,-0.18,1.83,-2.32,36.13
42,9456918,-621.58,788.09,148.93,-0.67,1.77,-2.87,36.22
43,9460968,-624.51,781.74,146.97,-0.73,1.83,-3.11,35.98
44,9466762,-626.46,770.51,150.88,-0.61,2.07,-3.29,36.27
45,9470811,-621.09,780.76,149.41,-0.91,1.83,-3.17,35.98
46,9474861,-609.86,781.25,154.30,-1.04,1.83,-2.99,35.98
47,9478918,-611.82,777.83,154.79,-0.79,2.20,-3.11,36.42
48,9484762,-614.75,779.79,148.44,-1.04,2.07,-2.74,36.22
49,9488811,-606.93,790.53,149.41,-1.16,2.44,-2.80,36.22
50,9492861,-603.03,797.85,146.48,-1.34,2.26,-3.41,36.27
51,9496918,-602.54,796.39,151.37,-1.22,2.13,-3.96,36.22
52,9500968,-598.14,789.55,146.97,-1.46,2.20,-4.45,36.08
53,9506762,-597.17,783.69,147.95,-1.71,2.56,-4.76,36.46
54,9510811,-590.82,771.00,145.51,-1.34,2.32,-4.45,36.08
55,9514861,-592.77,773.44,138.18,-1.52,2.50,-4.21,36.27
56,9518918,-586.43,771.48,141.60,-1.46,2.99,-4.15,36.08
57,9522968,-583.50,777.83,140.62,-1.34,2.74,-3.78,36.08
58,9528762,-584.47,779.79,136.23,-1.16,2.80,-3.48,36.32
59,9532811,-592.77,786.62,131.35,-1.34,2.87,-3.60,36.32
60,9536861,-592.29,830.57,132.32,-1.95,2.68,-3.72,36.13
61,9540918,-602.54,834.47,139.65,-2.32,2.62,-4.88,36.22
62,9544968,-590.82,827.64,137.70,-1.65,3.11,-9.45,36.22
63,9550762,-574.22,797.36,138.18,-1.28,3.05,-13.66,36.22
64,9554811,-557.62,724.12,133.30,-0.85,3.48,-16.52,36.13
65,9558861,-556.15,706.54,130.37,-0.79,3.35,-15.85,36.27
66,9562918,-555.66,697.75,126.95,-0.73,3.41,-12.87,36.22
67,9566968,-561.04,692.87,124.02,-0.37,3.72,-8.66,36.13
68,9572762,-562.50,712.40,123.05,-0.24,3.60,-4.63,36.32
69,9576811,-573.24,741.21,123.05,0.49,3.54,-1.04,36.32
70,9580861,-580.08,785.64,124.51,0.67,3.54,0.00,36.08
71,9584918,-577.15,789.55,131.35,0.91,4.02,-0.37,35.98
72,9588968,-580.08,795.90,132.32,1.28,3.72,-1.95,36.46
73,9594762,-574.22,786.13,129.88,1.28,4.21,-2.32,36.13
74,9598811,-583.01,779.30,128.91,0.85,3.78,-1.34,36.22
75,9602861,-591.80,779.79,125.98,0.30,3.54,-0.30,36.32
76,9606918,-594.73,786.13,130.86,0.18,2.80,1.04,36.22
77,9610968,-595.70,795.41,136.23,0.06,3.11,2.13,36.22
78,9616762,-596.19,807.13,137.70,-0.49,2.68,2.38,35.94
79,9620811,-594.73,806.64,145.02,-0.55,2.44,1.89,36.22
80,9624861,-599.61,805.18,139.16,-1.04,2.32,1.52,36.22
81,9628918,-600.10,802.73,141.60,-0.98,2.20,0.85,36.13
82,9632968,-602.54,793.46,146.48,-1.34,1.83,0.85,36.13
83,9638762,-602.05,791.02,143.55,-1.65,1.22,0.85,36.08
84,9642811,-605.47,783.69,148.93,-1.77,0.91,0.79,36.13
85,9646861,-608.40,784.67,149.90,-2.01,0.67,0.79,36.42
86,9650918,-611.33,776.37,151.86,-2.13,0.18,0.55,36.08
87,9654968,-608.40,776.86,148.93,-2.32,-0.18,0.30,36.08
88,9660762,-612.30,769.53,149.90,-1.95,-0.43,0.37,35.94
89,9664811,-611.82,767.09,143.07,-2.32,-0.61,0.30,35.98
90,9668861,-609.38,760.74,140.62,-1.95,-0.98,0.43,36.13
91,9672918,-609.86,760.74,135.74,-1.65,-1.28,0.98,36.46
92,9676968,-609.86,758.30,139.16,-1.89,-1.34,0.98,36.22
93,9682762,-604.49,759.77,135.25,-1.71,-1.52,1.52,35.94
94,9686811,-604.49,762.70,128.91,-1.52,-1.83,1.52,36.22
95,9690861,-602.05,766.11,125.49,-1.59,-2.07,1.59,36.13
96,9694918,-600.59,763.18,124.02,-1.46,-1.71,1.59,36.22
97,9700762,-594.24,758.30,124.51,-1.34,-2.01,1.52,36.22
98,9704811,-589.36,761.23,120.61,-1.34,-2.32,1.77,36.22
99,9708861,-590.33,762.70,118.65,-1.16,-2.01,2.13,35.98
100,9712918,-591.31,759.28,122.07,-1.16,-2.01,2.80,36.22
101,9716968,-596.19,760.25,116.70,-1.16,-1.89,2.87,36.27
102,9722762,-593.75,763.18,119.63,-0.85,-1.83,3.23,36.32
103,9726811,-597.17,762.70,122.56,-0.91,-1.52,2.93,36.42
104,9730861,-594.24,764.16,124.51,-0.91,-1.65,2.80,36.27
105,9734918,-597.17,757.81,125.49,-0.73,-1.59,2.62,35.89
106,9738968,-592.77,755.37,127.93,-0.67,-1.46,2.74,36.27
107,9744762,-595.70,749.51,124.02,-0.49,-1.10,2.56,36.13
108,9748811,-589.84,747.56,123.54,-0.30,-0.98,3.05,36.22
109,9752861,-593.26,748.54,125.49,0.06,-0.67,3.48,36.27
110,9756918,-594.73,744.14,121.58,-0.06,-0.67,3.84,36.13
111,9760968,-593.26,744.14,125.00,0.00,-0.61,4.27,36.42
112,9766762,-598.63,747.56,125.98,0.24,-0.24,4.33,36.22
113,9770811,-595.70,748.05,125.49,0.61,-0.06,4.82,36.27
114,9774861,-599.61,749.02,124.02,0.55,-0.37,4.76,36.22
115,9778918,-600.59,755.37,129.39,0.67,0.06,4.63,35.94
116,9782968,-601.07,755.37,131.35,0.73,0.18,4.76,36.32
117,9788762,-604.00,757.32,129.39,0.18,0.06,4.76,36.13
118,9792811,-601.56,757.32,129.88,0.55,0.43,4.70,36.42
119,9796861,-605.47,753.42,131.84,0.67,0.12,4.63,36.13
120,9800918,-604.00,752.44,135.74,0.61,0.37,5.00,35.98
121,9804968,-603.52,757.32,138.67,0.79,0.43,4.88,36.27
122,9810762,-603.52,760.25,134.77,0.79,0.30,5.00,35.89
123,9814811,-606.93,757.32,136.72,1.28,0.43,5.24,35.89
124,9818861,-609.86,755.86,136.72,1.40,-0.06,5.43,36.22
125,9822918,-608.89,754.39,136.72,1.28,-0.12,5.85,36.27
126,9826968,-607.42,754.88,141.11,1.40,-0.06,6.59,36.22
127,9832762,-608.89,753.42,136.72,1.77,0.06,6.83,36.27
128,9836811,-606.93,761.72,134.77,1.71,-0.30,7.32,36.13
129,9840861,-604.49,763.67,140.14,1.89,-0.24,7.32,36.22
130,9844918,-607.91,770.51,137.70,1.77,-0.30,7.56,36.27
131,9848968,-606.45,770.02,139.16,1.83,-0.43,7.50,36.27
132,9854762,-611.82,775.88,133.30,1.59,-0.55,7.56,35.94
133,9858811,-608.40,776.37,136.72,1.40,-0.67,8.17,36.13
134,9862861,-602.54,776.86,143.07,1.28,-0.79,7.99,36.46
135,9866918,-603.03,789.55,139.16,1.34,-0.98,8.05,36.27
136,9870968,-602.05,795.90,132.81,0.98,-0.91,7.50,35.94
137,9876762,-598.63,802.73,135.74,0.67,-1.10,7.07,36.27
138,9880811,-597.17,813.96,139.16,0.24,-0.98,6.10,36.13
139,9884861,-594.73,809.57,142.58,0.06,-1.04,5.55,36.13
140,9888918,-592.29,807.62,139.65,-0.37,-0.91,4.57,36.22
141,9892968,-596.19,804.69,141.11,-0.43,-0.79,4.09,35.94
142,9898762,-594.24,800.29,147.95,-0.67,-0.85,3.78,36.27
143,9902811,-589.84,792.97,146.97,-0.73,-0.73,3.54,36.22
144,9906861,-591.31,789.06,151.37,-0.67,-0.67,3.48,35.94
145,9910918,-596.19,780.76,150.39,-1.16,-0.24,3.84,36.27
146,9916762,-596.68,783.20,148.93,-0.91,0.00,4.09,36.32
147,9920811,-599.61,791.02,152.34,-1.22,0.12,4.63,36.32
148,9924861,-595.70,795.41,155.27,-1.52,0.18,4.82,36.51
149,9928918,-595.70,799.32,152.34,-1.40,0.49,4.82,36.22
150,9932968,-597.17,803.71,156.74,-1.65,0.61,4.57,36.27
151,9938762,-595.21,806.64,151.86,-1.89,0.79,3.96,36.13
152,9942811,-596.19,810.06,147.46,-2.13,0.98,3.90,36.46
153,9946861,-596.68,801.27,147.46,-2.26,0.98,3.48,35.94
154,9950918,-596.19,795.41,142.58,-2.44,1.28,3.54,36.32
155,9954968,-595.21,791.50,146.48,-2.62,1.52,3.60,36.42
156,9960762,-598.14,791.50,141.11,-3.05,1.65,3.90,36.27
157,9964811,-597.66,810.55,134.77,-3.11,1.46,4.09,36.66
158,9968861,-596.19,812.01,134.28,-3.29,1.71,3.41,36.13
159,9972918,-599.61,812.01,135.74,-3.35,2.13,2.32,36.42
160,9976968,-601.07,813.96,134.77,-3.84,1.83,1.22,36.46
161,9982762,-602.54,812.50,126.95,-4.15,1.77,-0.06,36.42
162,9986811,-616.70,809.08,131.84,-4.39,1.71,-2.38,36.08
163,9990861,-608.40,789.06,133.79,-4.39,1.77,-4.33,36.27
164,9994918,-589.84,748.05,132.32,-3.96,2.07,-6.22,35.94
165,9998968,-580.57,721.19,130.86,-3.29,2.13,-7.20,36.27
166,10004762,-575.68,703.61,130.86,-3.11,2.74,-6.52,36.22
167,10008811,-567.87,696.29,130.86,-2.80,2.93,-3.35,36.27
168,10012861,-580.08,704.10,122.56,-2.93,2.99,-0.73,36.46
169,10016918,-578.61,729.00,120.61,-2.68,3.05,2.01,35.94
170,10020968,-593.75,740.23,122.07,-2.68,3.05,3.41,36.22
171,10026762,-584.96,747.56,130.86,-1.46,3.29,2.93,36.46
172,10030811,-574.71,744.63,132.81,-0.73,3.84,1.04,36.46
173,10034861,-572.75,725.10,129.88,-0.61,3.96,0.79,36.22
174,10038918,-572.27,723.14,120.12,-0.24,4.02,0.91,35.94
175,10042968,-575.68,730.96,122.56,-0.18,3.78,2.68,36.51
176,10048762,-578.12,729.49,119.14,0.00,3.60,4.02,36.22
177,10052811,-579.10,756.84,114.26,0.12,3.35,5.55,36.22
178,10056861,-593.26,785.64,115.72,-0.37,3.11,5.79,36.51
179,10060918,-599.12,798.83,120.61,-0.30,2.74,4.70,36.32
180,10064968,-597.66,791.50,115.72,0.24,2.56,1.71,36.42
181,10070762,-587.89,776.86,114.26,0.61,2.38,-1.28,35.94
182,10074811,-593.26,754.39,110.35,0.49,1.89,-3.84,35.94
183,10078861,-594.73,752.44,102.05,0.98,1.40,-4.70,36.46
184,10082918,-587.40,748.54,94.24,0.98,0.67,-5.79,36.22
185,10086968,-590.33,748.05,89.36,0.85,0.43,-6.83,35.98
186,10092762,-583.98,748.54,84.96,1.52,-0.06,-7.80,36.13
187,10096811,-581.05,749.02,88.38,1.65,-0.49,-9.63,35.98
188,10100861,-576.66,741.70,85.94,2.26,-0.73,-11.71,35.94
189,10104918,-581.54,725.10,81.54,3.11,-0.91,-14.15,36.13
190,10108968,-583.98,707.03,74.71,4.09,-1.71,-15.98,35.79
191,10114762,-591.31,685.06,72.75,5.06,-2.32,-16.59,36.13
192,10118811,-598.63,659.67,67.38,6.52,-3.11,-16.65,36.27
193,10122861,-598.63,643.55,65.43,7.56,-3.41,-16.10,36.32
194,10126918,-605.47,635.25,60.55,8.66,-4.09,-14.76,36.27
195,10132762,-602.54,625.98,56.15,10.43,-4.57,-13.11,36.22
196,10136811,-611.82,623.05,53.71,12.26,-5.55,-11.52,36.27
197,10140861,-605.96,630.86,43.95,13.54,-6.34,-9.76,36.27
198,10144918,-610.35,630.37,41.02,15.00,-6.83,-8.72,36.22
199,10148968,-608.40,636.72,39.55,16.46,-7.74,-7.93,36.22
200,10154762,-612.79,640.14,34.67,18.11,-8.54,-6.95,36.32
201,10158811,-617.68,638.18,32.23,20.00,-9.45,-6.71,36.13
202,10162861,-623.05,649.41,31.74,21.10,-10.61,-6.16,36.32
203,10166918,-625.49,661.62,23.44,21.95,-11.10,-5.79,35.98
204,10170968,-636.72,664.06,21.00,23.17,-12.20,-5.85,35.89
205,10176762,-644.04,672.36,22.46,23.60,-13.23,-5.85,36.42
206,10180811,-657.23,680.18,23.44,24.63,-14.51,-6.04,36.51
207,10184861,-664.06,678.22,26.86,25.49,-15.18,-6.52,36.13
208,10188918,-662.60,683.59,28.32,25.79,-16.10,-6.95,36.13
209,10192968,-671.87,688.48,31.25,26.28,-16.77,-8.11,36.42
210,10198762,-673.83,687.99,34.18,26.65,-17.44,-9.57,36.22
211,10202811,-682.62,693.85,40.53,27.13,-17.99,-11.16,36.27
212,10206861,-687.50,691.41,48.83,27.74,-18.23,-12.56,36.32
213,10210918,-690.43,688.48,56.64,28.11,-18.60,-14.02,35.98
214,10214968,-692.87,683.59,65.92,28.78,-18.84,-15.37,36.22
215,10220762,-692.38,681.64,71.29,29.33,-19.45,-16.52,36.22
216,10224811,-698.73,675.78,81.05,29.94,-19.63,-18.48,35.94
217,10228861,-691.89,675.29,93.75,30.73,-19.63,-19.63,36.42
218,10232918,-695.80,670.90,99.61,31.52,-19.33,-20.67,35.98
219,10236968,-696.78,672.85,97.17,32.07,-19.39,-22.13,35.98
220,10242762,-702.64,668.95,109.37,32.74,-19.02,-23.78,36.46
221,10246811,-704.59,679.69,109.37,33.29,-18.48,-26.04,36.27
222,10250861,-714.84,687.50,112.79,33.66,-18.35,-27.93,36.08
223,10254918,-716.31,698.73,117.68,33.66,-18.05,-30.91,36.13
224,10258968,-721.19,713.38,120.12,34.02,-17.20,-33.84,35.94
225,10264762,-726.07,703.12,127.44,34.27,-16.65,-36.77,36.08
226,10268811,-732.42,692.38,122.07,34.39,-15.98,-40.24,36.13
227,10272861,-735.84,696.29,131.35,34.09,-15.18,-42.01,36.22
228,10276918,-750.98,685.55,127.93,34.33,-14.82,-44.21,36.32
229,10280968,-753.42,676.27,130.86,34.57,-14.33,-46.65,36.32
230,10286762,-757.32,688.96,126.46,34.27,-13.54,-48.84,36.27
231,10290811,-768.55,687.01,118.16,34.39,-13.11,-51.71,36.08
232,10294861,-766.60,688.48,119.14,34.39,-13.23,-53.78,36.22
233,10298918,-771.00,683.59,119.63,34.27,-12.62,-56.34,36.13
234,10302968,-767.58,673.83,120.61,34.27,-12.32,-59.33,35.98
235,10308762,-765.62,664.55,118.65,34.51,-12.01,-61.89,36.13
236,10312811,-763.67,647.95,120.61,34.82,-11.65,-64.88,35.98
237,10316861,-765.14,637.21,111.82,35.06,-11.46,-66.28,36.32
238,10320918,-763.18,628.91,112.79,35.61,-11.16,-68.23,36.32
239,10324968,-769.04,625.98,107.91,35.79,-10.79,-70.49,35.89
240,10330762,-774.90,625.49,108.40,36.04,-10.85,-72.44,35.98
241,10334811,-779.30,625.00,110.35,36.65,-10.73,-75.00,36.13
242,10338861,-787.11,627.93,104.98,36.89,-10.85,-77.26,36.32
243,10342918,-791.50,630.37,108.89,37.26,-10.67,-80.00,36.32
244,10348762,-795.41,614.26,111.82,37.32,-11.16,-82.50,36.27
245,10352811,-804.69,587.40,110.84,37.74,-11.34,-85.37,36.08
246,10356861,-812.01,579.59,108.40,38.05,-11.95,-88.23,36.32
247,10360918,-809.08,569.82,114.75,38.54,-11.77,-89.94,36.22
248,10364968,-827.64,547.85,110.35,39.02,-12.07,-90.43,36.13
249,10370762,-828.61,505.86,113.28,40.18,-12.50,-89.88,36.42
250,10374811,-832.52,437.50,110.35,41.71,-13.17,-88.05,36.27
251,10378861,-836.91,418.95,103.03,43.29,-13.54,-85.06,36.51
252,10382918,-838.87,409.18,106.45,44.63,-14.45,-82.26,36.22
253,10386968,-842.29,415.04,104.00,46.04,-14.33,-78.78,36.42
254,10392762,-852.05,424.32,101.07,47.74,-14.82,-75.73,36.27
255,10396811,-865.72,453.12,99.12,49.15,-15.61,-73.41,35.98
256,10400861,-871.09,466.31,100.59,50.43,-16.52,-72.80,36.27
257,10404918,-870.61,482.91,101.56,51.34,-17.13,-73.17,36.32
258,10408968,-873.54,490.23,98.63,52.07,-17.87,-74.51,36.27
259,10414762,-874.51,490.72,103.52,53.23,-18.48,-75.85,36.51
260,10418811,-876.46,484.86,104.00,54.33,-19.02,-77.99,36.42
261,10422861,-877.44,477.05,108.40,55.24,-19.51,-79.63,36.27
262,10426918,-875.49,471.68,110.35,56.22,-20.18,-81.34,35.98
263,10430968,-871.09,463.38,111.33,57.26,-20.85,-82.99,36.27
264,10436762,-874.51,463.38,116.21,58.11,-21.46,-84.45,36.51
265,10440811,-875.00,451.66,116.70,58.96,-21.77,-86.71,36.13
266,10444861,-876.46,457.03,109.86,59.33,-21.89,-88.23,36.51
267,10448918,-870.12,458.01,120.61,60.55,-22.44,-90.55,35.79
268,10452968,-873.05,459.96,105.96,60.85,-22.56,-93.35,36.42
269,10458762,-875.49,469.73,99.12,61.34,-23.29,-96.28,35.98
270,10462811,-880.37,469.24,90.82,62.01,-23.90,-100.49,36.27
271,10466861,-883.30,480.47,99.12,62.38,-24.27,-103.78,36.32
272,10470918,-880.86,491.21,99.12,62.50,-25.12,-107.93,35.94
273,10474968,-887.21,500.00,100.59,62.99,-25.49,-112.44,36.13
274,10480762,-888.67,504.39,103.52,63.17,-25.85,-117.56,36.27
275,10484811,-897.46,503.91,103.03,63.29,-25.67,-123.84,36.46
276,10488861,-892.09,490.23,107.42,63.66,-25.55,-128.05,36.32
277,10492918,-895.51,467.29,104.98,64.39,-25.24,-133.05,36.42
278,10496968,-904.30,457.03,105.47,65.30,-25.43,-137.50,35.98
279,10502762,-907.71,439.45,109.86,66.22,-25.37,-141.22,35.94
280,10506811,-918.46,417.97,116.70,67.01,-24.82,-144.94,36.27
281,10510861,-927.25,401.37,118.65,67.44,-24.63,-147.32,36.66
282,10514918,-931.64,390.62,133.30,68.05,-24.09,-150.00,36.22
283,10518968,-937.99,361.82,139.65,69.02,-23.66,-152.20,35.89
284,10524762,-939.45,336.43,143.07,69.33,-23.05,-153.48,36.22
285,10528811,-937.99,299.32,151.86,70.00,-22.62,-155.06,36.22
286,10532861,-947.27,266.11,154.30,70.55,-22.26,-155.43,36.42
287,10536918,-948.24,238.28,159.18,71.34,-21.77,-154.70,36.27
288,10540968,-950.68,193.36,164.55,72.07,-21.10,-152.68,35.94
289,10546762,-950.68,146.00,172.85,73.11,-20.24,-149.15,36.08
290,10550811,-963.87,91.31,176.76,74.63,-19.76,-142.80,36.46
291,10554861,-967.77,60.06,170.41,75.37,-19.15,-137.44,36.27
292,10558918,-962.89,40.53,166.02,77.01,-18.84,-130.00,36.32
293,10564762,-969.24,33.20,157.71,78.84,-18.54,-121.89,36.42
294,10568811,-980.96,52.25,137.21,80.98,-18.66,-112.07,36.32
295,10572861,-983.40,74.22,125.98,82.26,-18.66,-104.82,36.13
296,10576918,-987.79,99.12,115.23,83.11,-18.60,-99.70,36.42
297,10580968,-993.65,117.68,103.52,84.27,-18.48,-94.57,36.22
298,10586762,-983.40,129.39,105.47,85.73,-18.23,-90.30,36.27
299,10590811,-977.05,135.25,103.03,87.80,-18.11,-86.04,36.27
300,10594861,-962.40,134.77,98.63,90.12,-17.56,-82.56,36.13
301,10598918,-961.91,139.65,91.80,91.59,-17.01,-79.88,36.13
302,10602968,-959.47,146.97,86.91,93.60,-16.04,-76.46,36.32
303,10608762,-958.98,154.30,72.27,95.73,-15.24,-73.41,36.13
304,10612811,-948.73,151.86,53.22,98.29,-14.63,-69.45,36.42
305,10616861,-933.11,156.74,42.97,100.30,-14.15,-66.52,36.42
306,10620918,-926.76,159.18,44.92,102.32,-14.39,-64.76,36.22
307,10624968,-923.83,163.09,42.97,104.39,-14.45,-62.74,35.98
308,10630762,-922.36,180.18,37.60,105.98,-14.45,-61.59,36.66
309,10634811,-917.97,186.04,41.99,107.50,-14.57,-60.12,36.27
310,10638861,-938.96,199.22,5.37,108.96,-14.27,-59.45,36.27
311,10642918,-937.99,211.43,-2.93,109.63,-14.63,-58.72,36.46
312,10646968,-947.75,220.21,-11.23,110.18,-14.70,-57.87,36.22
313,10652762,-959.96,250.98,-16.11,110.61,-14.82,-57.56,36.32
314,10656811,-975.59,270.02,-28.32,110.73,-15.18,-57.74,36.27
315,10660861,-968.26,278.32,-35.16,110.85,-15.18,-58.11,36.27
316,10664918,-956.54,263.18,-45.90,110.91,-15.30,-57.74,35.75
317,10668968,-944.34,248.05,-44.92,111.34,-14.94,-56.59,36.22
318,10674762,-931.15,230.96,-52.73,112.26,-14.70,-54.02,35.98
319,10678811,-918.46,216.31,-59.57,112.87,-13.72,-49.94,36.51
320,10682861,-914.06,212.40,-71.29,113.60,-12.93,-46.77,36.42
321,10686918,-905.27,211.43,-83.98,114.39,-12.32,-42.56,35.98
322,10690968,-901.86,216.31,-93.75,115.30,-11.46,-38.90,36.13
323,10696762,-909.18,233.40,-100.10,115.85,-11.10,-34.76,36.51
324,10700811,-918.95,256.84,-114.26,116.16,-9.94,-31.28,36.42
325,10704861,-931.64,274.41,-110.35,116.04,-9.45,-29.39,36.42
326,10708918,-928.22,277.34,-102.05,115.37,-9.33,-28.05,36.32
327,10712968,-942.87,286.13,-145.51,115.73,-9.27,-27.20,36.32
328,10718762,-926.76,306.64,-135.25,115.06,-9.15,-25.79,35.94
329,10722811,-916.50,304.69,-141.60,114.88,-8.60,-24.45,36.13
330,10726861,-913.57,299.80,-138.67,114.45,-8.11,-23.60,36.32
331,10730918,-913.57,290.04,-146.48,113.66,-7.93,-22.13,36.42
332,10734968,-915.53,281.25,-147.46,112.93,-7.32,-19.82,35.98
333,10740762,-917.97,280.76,-148.44,112.44,-7.07,-17.62,36.32
334,10744811,-905.27,288.09,-158.69,112.38,-6.52,-14.33,35.98
335,10748861,-903.32,298.83,-153.32,111.83,-5.61,-12.56,36.27
336,10752918,-913.09,317.38,-144.53,110.98,-5.61,-11.40,36.46
337,10756968,-909.67,321.78,-193.36,110.24,-4.21,-9.82,36.32
338,10762762,-922.36,350.10,-198.73,108.96,-4.33,-8.35,36.08
339,10766811,-927.25,376.46,-186.52,106.71,-3.41,-7.93,36.46
340,10770861,-932.13,383.79,-195.31,105.43,-3.11,-7.38,36.22
341,10774918,-930.66,388.67,-189.45,103.84,-2.56,-7.44,35.94
342,10780762,-937.01,399.90,-194.82,102.20,-1.46,-8.11,36.32
343,10784811,-939.45,396.97,-208.98,100.18,-1.10,-9.39,36.13
344,10788861,-942.38,384.77,-204.59,98.35,-0.98,-10.12,36.08
345,10792918,-944.34,367.68,-194.82,97.38,-0.85,-10.12,36.13
346,10796968,-909.18,355.96,-188.48,95.18,-0.30,-10.49,36.51
347,10802762,-932.62,331.05,-225.10,94.94,0.85,-8.35,36.22
348,10806811,-924.80,338.38,-205.57,92.87,1.28,-6.95,36.32
349,10810861,-926.27,331.05,-200.68,91.04,1.65,-5.61,36.42
350,10814918,-921.87,335.94,-196.29,90.18,1.65,-4.63,36.27
351,10818968,-919.43,327.64,-191.41,88.11,2.38,-3.29,36.22
352,10824762,-934.57,313.48,-206.05,86.52,2.93,-1.71,36.13
353,10828811,-950.20,312.01,-218.26,84.33,3.48,0.55,36.42
354,10832861,-961.43,311.52,-222.66,82.50,3.54,2.44,36.42
355,10836918,-966.31,313.48,-222.17,80.98,4.39,3.60,36.32
356,10840968,-968.75,306.15,-227.05,79.21,5.06,5.00,36.22
357,10846762,-967.77,298.83,-238.77,77.74,5.37,6.10,36.13
358,10850811,-952.64,295.90,-254.88,75.98,5.55,7.26,36.32
359,10854861,-947.27,294.43,-256.35,74.51,6.04,7.62,36.08
360,10858918,-947.27,294.92,-255.37,72.93,6.65,8.78,35.98
361,10862968,-944.82,300.78,-264.16,70.98,7.32,10.12,36.51
362,10868762,-943.85,316.41,-271.00,68.66,7.74,11.28,36.27
363,10872811,-944.34,326.66,-273.93,65.61,7.93,12.20,36.32
364,10876861,-947.27,315.43,-278.32,63.41,7.87,12.26,36.13
365,10880918,-948.24,323.24,-282.71,61.04,7.87,12.62,35.98
366,10884968,-952.15,312.99,-281.25,58.84,7.87,12.56,36.46
367,10890762,-947.27,324.22,-287.60,57.13,8.05,12.32,35.98
368,10894811,-951.17,332.52,-281.25,54.27,7.99,11.34,36.27
369,10898861,-949.22,342.77,-270.02,52.74,7.87,9.76,35.98
370,10902918,-946.78,355.96,-278.32,50.73,8.60,7.07,36.13
371,10906968,-945.31,357.42,-279.79,48.96,9.15,4.09,36.32
372,10912762,-957.52,349.12,-269.04,46.59,10.00,1.28,35.98
373,10916811,-975.59,324.71,-287.60,44.57,10.55,-1.04,36.08
374,10920861,-962.40,325.68,-279.30,43.29,10.55,-2.62,36.13
375,10924918,-983.89,284.67,-317.38,42.50,11.71,-3.11,36.27
376,10928968,-981.45,274.41,-303.22,41.83,11.46,-3.66,36.27
377,10934762,-993.65,254.39,-275.88,40.73,11.89,-3.54,36.32
378,10938811,-1005.37,231.93,-270.51,40.43,11.59,-2.74,36.08
379,10942861,-1007.81,224.61,-288.09,40.18,11.77,-2.01,36.27
380,10946918,-1006.84,211.91,-296.39,40.00,11.83,-0.43,36.22
381,10950968,-996.58,223.14,-288.57,39.51,12.20,1.28,36.27
382,10956762,-995.61,204.10,-303.71,39.39,12.13,3.41,35.98
383,10960811,-1002.93,208.01,-313.48,39.33,11.59,5.67,36.13
384,10964861,-1000.98,208.50,-311.52,39.09,11.16,7.93,36.66
385,10968918,-1003.91,217.29,-308.11,38.84,10.85,9.76,36.27
386,10972968,-1002.44,244.63,-320.80,38.48,10.67,11.04,35.79
387,10978762,-995.61,272.95,-324.22,38.29,10.24,10.55,35.94
388,10982811,-994.14,291.50,-328.12,37.44,9.57,9.21,36.46
389,10986861,-1000.98,287.11,-322.27,36.71,9.09,7.80,36.22
390,10990918,-1006.35,272.46,-319.34,35.85,8.78,6.52,36.27
391,10996762,-1012.70,268.55,-315.43,35.43,8.29,6.16,36.32
392,11000811,-1020.02,259.28,-311.04,34.33,7.74,6.89,36.13
393,11004861,-1013.18,260.25,-309.08,33.29,6.95,7.68,36.22
394,11008918,-1011.23,256.35,-296.88,32.68,6.52,8.23,36.46
395,11012968,-1007.32,239.75,-287.11,32.07,6.16,8.78,36.22
396,11018762,-996.58,235.84,-277.83,31.28,5.61,9.57,36.27
397,11022811,-997.07,251.95,-272.95,30.67,5.55,9.70,36.22
398,11026861,-992.68,265.62,-270.51,29.70,5.24,9.82,36.22
399,11030918,-996.58,267.58,-268.07,28.54,4.57,9.15,36.46
400,11034968,-1008.30,271.48,-275.39,27.56,4.09,8.17,36.22
401,11040762,-1004.39,261.23,-267.09,26.22,3.11,7.13,36.08
402,11044811,-1011.72,252.93,-255.37,25.79,3.05,5.85,36.51
403,11048861,-1014.65,254.39,-253.91,25.30,2.50,4.76,35.98
404,11052918,-1003.42,260.74,-251.46,24.27,2.20,4.02,36.42
405,11056968,-998.54,270.02,-254.88,23.23,2.13,2.93,36.13
406,11062762,-1007.81,287.11,-242.68,21.95,1.71,1.40,36.51
407,11066811,-1010.74,294.43,-240.23,20.98,1.40,-0.98,36.13
408,11070861,-1022.95,300.29,-240.23,19.88,1.52,-3.05,36.42
409,11074918,-1040.53,306.15,-237.79,18.96,0.43,-6.34,36.13
410,11078968,-1056.15,306.15,-235.35,17.32,-0.37,-9.02,36.22
411,11084762,-1063.96,307.13,-227.05,15.91,-1.71,-11.34,36.46
412,11088811,-1089.84,299.32,-215.82,14.39,-3.35,-12.87,36.42
413,11092861,-1089.84,285.16,-203.61,13.29,-4.02,-13.29,36.27
414,11096918,-1102.54,271.00,-192.87,12.32,-5.49,-13.29,36.13
415,11100968,-1101.07,266.60,-194.82,11.28,-6.83,-13.48,35.98
416,11106762,-1100.59,272.46,-184.57,10.55,-8.05,-12.80,35.98
417,11110811,-1093.75,279.79,-173.34,9.09,-9.15,-11.40,36.13
418,11114861,-1082.03,278.81,-163.57,7.93,-9.76,-10.73,36.27
419,11118918,-1083.50,269.04,-160.64,6.89,-10.18,-10.30,36.27
420,11122968,-1080.08,262.70,-163.57,5.91,-11.46,-9.45,36.22
421,11128762,-1068.85,278.81,-160.16,5.43,-12.13,-8.96,36.46
422,11132811,-1050.78,288.09,-156.74,3.96,-12.50,-8.72,35.98
423,11136861,-1054.69,277.34,-144.53,3.05,-12.74,-8.72,36.42
424,11140918,-1058.11,275.88,-141.60,2.32,-13.05,-9.39,36.32
425,11144968,-1060.55,280.76,-134.77,1.77,-13.54,-10.67,36.22
426,11150762,-1057.13,279.30,-128.42,1.22,-14.09,-12.87,36.13
427,11154811,-1060.55,269.53,-124.51,0.85,-14.57,-16.10,36.13
428,11158861,-1059.08,248.05,-126.95,0.85,-14.82,-18.11,36.42
429,11162918,-1060.55,232.91,-127.44,0.55,-15.06,-19.51,36.32
430,11166968,-1049.32,215.82,-114.75,0.61,-15.55,-21.22,36.46
431,11172762,-1047.36,192.87,-118.65,0.79,-15.91,-21.52,35.89
432,11176811,-1049.32,163.57,-123.54,1.22,-15.73,-21.40,36.08
433,11180861,-1060.55,138.67,-123.54,1.71,-16.10,-21.16,36.46
434,11184918,-1057.13,122.56,-122.56,2.50,-16.46,-20.00,36.27
435,11188968,-1067.87,109.86,-125.98,3.11,-17.13,-18.23,35.98
436,11194762,-1072.75,101.07,-125.00,3.78,-18.17,-15.55,36.08
437,11198811,-1077.15,119.63,-126.95,4.02,-19.27,-12.32,36.46
438,11202861,-1062.99,145.51,-130.86,4.27,-19.82,-11.22,36.32
439,11206918,-1057.13,173.83,-132.32,4.51,-20.55,-10.79,36.46
440,11212762,-1049.80,196.29,-141.11,4.88,-21.22,-11.10,36.08
441,11216811,-1051.27,190.43,-148.44,4.45,-21.59,-11.95,36.27
442,11220861,-1040.53,187.01,-142.58,4.33,-22.26,-12.93,36.13
443,11224918,-1046.88,182.13,-139.16,4.27,-22.56,-13.60,36.13
444,11228968,-1039.55,190.92,-142.09,3.90,-23.29,-15.24,36.22
445,11234762,-1036.62,199.22,-147.95,3.90,-23.84,-16.89,36.13
446,11238811,-1029.30,183.59,-154.79,3.23,-24.82,-19.82,36.42
447,11242861,-1021.48,171.39,-155.76,2.87,-25.24,-21.65,36.13
448,11246918,-1016.60,139.65,-164.06,2.74,-25.43,-22.56,36.32
449,11250968,-1007.32,125.49,-165.04,2.87,-25.61,-22.44,36.13
450,11256762,-994.14,87.40,-158.20,3.35,-25.85,-21.34,36.32
451,11260811,-976.56,56.15,-157.23,3.84,-25.37,-19.02,36.32
452,11264861,-967.77,53.71,-149.90,4.45,-24.88,-17.13,36.46
453,11268918,-963.38,46.87,-143.55,5.24,-24.63,-15.49,36.22
454,11272968,-964.84,50.29,-149.41,5.61,-24.39,-13.60,36.27
455,11278762,-965.82,45.90,-154.79,5.67,-23.54,-11.46,36.46
456,11282811,-976.07,46.39,-162.60,6.40,-22.99,-8.78,36.32
457,11286861,-988.77,34.67,-169.92,6.65,-22.87,-7.01,36.46
458,11290918,-1003.42,26.37,-177.73,7.38,-22.68,-4.15,36.08
459,11294968,-1008.79,27.34,-184.57,8.11,-22.93,-2.01,36.51
460,11300762,-1012.70,54.69,-189.45,8.66,-23.35,-0.18,36.51
461,11304811,-1032.23,65.92,-202.64,8.72,-23.72,0.49,36.22
462,11308861,-1046.39,48.34,-199.22,9.33,-24.27,0.49,36.13
463,11312918,-1130.86,-97.66,-211.91,10.37,-25.79,-0.49,36.13
464,11316968,-1166.02,-250.98,-256.35,15.37,-28.54,-2.50,36.32
465,11322762,-1140.14,-194.82,-311.52,16.83,-30.18,4.39,35.98
466,11326811,-1056.64,-88.87,-333.01,17.44,-31.46,17.74,36.42
467,11330861,-989.26,11.23,-283.69,16.89,-31.77,22.38,36.42
468,11334918,-973.14,71.78,-217.29,16.65,-32.80,22.68,36.13
469,11338968,-996.09,88.87,-171.87,18.17,-33.66,17.99,36.42
470,11344762,-1023.93,55.66,-155.76,19.51,-34.02,11.89,36.46
471,11348811,-1022.46,17.58,-179.20,19.27,-34.51,9.57,36.22
472,11352861,-992.19,-8.79,-196.29,18.78,-34.09,11.77,36.13
473,11356918,-955.08,-6.84,-185.55,18.72,-33.05,15.49,36.22
474,11360968,-942.38,9.28,-174.32,18.72,-32.68,18.78,36.32
475,11366762,-928.22,45.90,-152.83,18.96,-31.83,21.59,35.89
476,11370811,-918.95,113.28,-124.51,17.93,-30.30,24.21,36.13
477,11374861,-913.57,147.46,-97.17,17.20,-29.51,24.33,36.13
478,11378918,-926.76,161.62,-84.96,16.65,-28.41,22.74,36.51
479,11382968,-940.43,137.21,-82.03,16.10,-27.32,19.76,36.32
480,11388762,-956.05,108.40,-83.98,16.16,-26.28,17.01,35.94
481,11392811,-972.66,78.12,-107.91,16.59,-25.73,14.63,35.98
482,11396861,-975.10,89.84,-126.95,16.59,-25.30,13.54,36.32
483,11400918,-975.10,115.23,-140.62,16.46,-24.94,11.34,36.32
484,11404968,-967.29,142.09,-138.18,16.10,-24.51,8.23,35.98
485,11410762,-956.54,168.46,-131.35,15.73,-23.96,4.21,36.22
486,11414811,-947.75,195.31,-119.14,14.82,-23.72,-1.52,36.22
487,11418861,-936.04,210.94,-109.37,14.02,-23.05,-5.43,35.98
488,11422918,-932.62,210.45,-106.93,12.93,-22.13,-10.49,36.32
489,11428762,-927.73,202.64,-98.63,12.13,-21.04,-14.82,36.42
490,11432811,-906.74,203.12,-90.82,10.67,-20.12,-18.96,36.51
491,11436861,-896.97,211.91,-93.26,9.51,-18.84,-22.07,35.98
492,11440918,-896.00,202.64,-94.73,8.17,-17.68,-24.09,36.22
493,11444968,-903.81,192.87,-100.59,7.32,-16.89,-26.10,36.51
494,11450762,-908.69,186.04,-102.05,6.10,-15.73,-27.99,36.42
495,11454811,-919.92,184.57,-111.33,5.12,-14.57,-29.51,36.42
496,11458861,-937.50,180.18,-114.75,4.15,-13.54,-30.24,36.42
497,11462918,-957.03,154.79,-117.68,3.66,-12.93,-31.28,36.51
498,11466968,-963.87,147.46,-113.28,3.17,-12.38,-31.83,36.42
499,11472762,-977.54,143.07,-118.16,3.05,-12.20,-31.52,36.22
500,11476811,-1004.39,112.79,-127.93,2.93,-12.07,-29.88,36.13
501,11480861,-1023.93,99.61,-132.32,2.56,-12.44,-27.68,36.32
502,11484918,-1039.55,88.87,-133.79,2.20,-12.87,-24.94,36.32
503,11488968,-1039.06,101.07,-139.65,2.38,-13.48,-21.59,36.42
504,11494762,-1031.25,129.88,-137.21,2.38,-13.54,-19.39,36.46
505,11498811,-1014.65,163.09,-137.70,1.89,-13.96,-17.74,36.32
506,11502861,-1002.44,169.92,-132.81,1.46,-13.96,-17.26,36.27
507,11506918,-986.33,166.99,-121.58,1.10,-14.02,-16.71,36.22
508,11510968,-991.21,158.20,-116.21,0.79,-13.60,-15.18,35.98
509,11516762,-996.58,145.02,-116.21,0.49,-13.66,-13.90,36.32
510,11520811,-996.58,143.55,-118.16,0.24,-13.66,-11.65,36.51
511,11524861,-1002.44,147.46,-117.68,0.12,-13.60,-10.61,36.08
512,11528918,-1010.74,153.81,-118.65,-0.24,-13.78,-9.88,36.22
513,11532968,-1010.25,154.79,-115.72,-0.30,-14.09,-9.27,36.22
514,11538762,-1021.00,147.95,-111.33,-0.18,-14.70,-8.41,36.32
515,11542811,-1040.04,146.97,-98.14,-0.55,-15.37,-6.95,36.46
516,11546861,-1049.80,149.90,-100.59,-0.49,-15.91,-6.28,36.42
517,11550918,-1053.22,159.67,-104.00,-0.30,-16.65,-5.43,36.42
518,11554968,-1053.71,166.99,-103.52,-0.30,-17.32,-5.24,36.22
519,11560762,-1058.59,164.55,-106.45,-0.37,-18.23,-5.18,36.22
520,11564811,-1064.94,151.37,-91.80,-0.24,-18.84,-4.94,36.42
521,11568861,-1054.69,138.18,-82.52,0.00,-19.33,-4.02,36.13
522,11572918,-1066.41,133.30,-81.05,-0.24,-20.30,-2.32,36.32
523,11576968,-1066.89,128.42,-80.57,0.06,-21.10,0.06,36.22
524,11582762,-1063.48,121.58,-72.75,0.06,-22.01,2.26,36.27
525,11586811,-1047.36,129.39,-72.75,0.24,-22.44,4.33,36.13
526,11590861,-1031.74,146.48,-60.55,0.24,-22.87,5.18,36.27
527,11594918,-1016.60,153.81,-55.66,0.49,-22.74,5.85,36.13
528,11598968,-998.05,160.16,-51.76,0.61,-22.38,5.49,36.27
529,11604762,-981.45,152.83,-39.55,0.61,-22.01,5.00,36.08
530,11608811,-975.10,152.83,-22.46,0.55,-21.65,3.72,35.94
531,11612861,-967.77,166.02,-16.60,0.43,-21.22,2.50,36.27
532,11616918,-966.80,160.16,-14.16,0.18,-20.73,1.10,36.51
533,11620968,-973.14,149.90,-7.32,0.00,-20.24,-0.18,35.94
534,11626762,-989.75,136.72,-1.95,-0.06,-19.70,-1.46,35.94
535,11630811,-994.14,122.07,3.42,0.12,-19.33,-0.91,36.13
536,11634861,-1006.84,113.77,0.49,0.30,-19.09,-0.37,36.51
537,11638918,-1011.23,109.86,0.00,0.18,-18.29,-0.06,36.32
538,11644762,-1020.51,111.82,0.98,0.61,-18.23,0.61,36.51
539,11648811,-1042.97,101.56,-6.84,0.67,-18.60,1.34,36.46
540,11652861,-1050.29,105.47,-9.28,0.91,-18.78,1.89,36.22
541,11656918,-1045.41,121.58,-7.32,0.98,-19.09,1.89,36.51
542,11660968,-1022.46,143.55,0.49,1.04,-19.15,1.34,36.32
543,11665017,-1006.35,160.64,4.88,0.91,-18.90,0.30,36.22
544,11670762,-992.19,145.51,8.79,0.67,-18.66,-0.67,36.13
545,11674811,-980.47,136.23,11.23,0.24,-18.48,-1.16,36.32
546,11678861,-968.26,137.21,16.60,-0.06,-18.05,-1.65,36.08
547,11682918,-965.33,130.86,14.16,-0.24,-17.50,-2.62,36.46
548,11688762,-964.84,127.44,17.09,-0.18,-16.65,-4.09,36.42
549,11692811,-955.57,106.93,26.86,-0.55,-16.34,-5.55,36.22
550,11696861,-960.45,83.98,28.32,-0.67,-15.61,-5.91,36.22
551,11700918,-965.33,69.82,30.76,-0.85,-15.43,-5.85,36.08
552,11704968,-967.29,68.85,27.83,-0.24,-15.12,-5.67,36.27
553,11710762,-968.75,70.80,23.44,-0.18,-14.76,-5.55,36.42
554,11714811,-979.00,71.78,24.41,0.06,-14.70,-5.55,36.51
555,11718861,-996.09,53.22,25.39,0.18,-14.57,-5.18,36.13
556,11722918,-1012.21,42.48,24.90,0.49,-14.88,-4.94,36.22
557,11726968,-1026.86,37.11,9.28,1.28,-15.12,-5.00,36.46
558,11732762,-1041.99,30.27,-10.25,2.26,-15.55,-4.88,36.51
559,11736811,-1055.66,9.28,-20.51,3.29,-16.52,-3.60,36.08
560,11740861,-1065.92,-5.86,-32.23,4.15,-17.38,-2.13,36.27
561,11744918,-1076.66,-2.44,-34.18,5.24,-18.48,0.43,36.22
562,11748968,-1076.66,6.35,-46.87,6.16,-19.63,2.68,35.98
563,11754762,-1085.45,25.39,-61.52,7.26,-20.79,4.63,36.22
564,11758811,-1095.21,18.55,-70.31,8.41,-22.01,6.34,36.32
565,11762861,-1090.33,21.97,-88.38,8.84,-22.87,7.07,36.27
566,11766918,-1086.91,36.13,-97.66,9.76,-24.27,7.74,36.32
567,11770968,-1083.01,44.92,-93.26,10.37,-25.37,8.23,36.42
568,11776762,-1078.12,48.34,-80.08,10.43,-26.28,8.54,36.32
569,11780811,-1068.36,54.69,-77.64,10.67,-27.20,8.35,36.42
570,11784861,-1068.85,63.96,-62.99,10.43,-27.20,8.96,36.32
571,11788918,-1058.11,80.57,-62.99,9.82,-27.68,9.02,36.32
572,11792968,-1065.43,87.89,-66.41,9.63,-27.56,8.96,36.13
573,11798762,-1069.34,95.70,-56.15,9.02,-27.56,8.84,36.22
574,11802811,-1071.78,93.26,-43.46,7.74,-27.56,8.66,36.32
575,11806861,-1069.82,94.73,-20.02,6.95,-27.50,8.60,36.27
576,11810918,-1044.92,102.54,-7.81,5.73,-27.93,6.40,36.22
577,11814968,-1049.32,104.98,25.88,5.12,-26.71,5.30,36.32
578,11820762,-1037.60,103.03,36.13,4.57,-26.40,3.17,36.22
579,11824811,-1022.46,80.57,41.02,4.02,-25.79,2.62,36.13
580,11828861,-1006.35,80.57,58.59,3.35,-24.51,2.50,36.13
581,11832918,-994.63,83.50,67.38,2.80,-23.72,2.93,36.51
582,11836968,-980.96,92.29,87.89,2.20,-22.38,2.62,36.22
583,11842762,-987.30,96.19,79.59,2.13,-21.04,2.13,35.89
584,11846811,-978.52,101.56,68.85,1.40,-19.15,0.61,36.32
585,11850861,-983.40,103.03,68.36,1.46,-18.90,0.49,35.89
586,11854918,-977.05,111.82,98.63,0.85,-17.87,0.00,36.51
587,11860762,-980.96,115.23,95.70,0.06,-16.28,-0.85,36.51
588,11864811,-987.30,100.10,87.40,0.18,-15.18,-1.65,36.27
589,11868861,-996.58,97.17,87.89,-0.24,-14.02,-1.95,36.13
590,11872918,-1006.35,108.40,90.82,-0.18,-13.35,-2.32,36.42
591,11876968,-1012.70,115.72,94.73,-0.30,-12.99,-3.05,36.46
592,11881017,-1026.86,144.53,152.34,-0.91,-13.60,-4.33,36.27
593,11886762,-1148.44,353.52,610.35,-3.84,-19.27,-8.60,36.13
594,11890811,-1051.27,-90.33,-326.17,-5.98,-8.54,-10.79,36.22
595,11894861,-1072.27,92.29,155.76,-2.68,-13.84,-4.21,35.94
596,11898918,-1038.09,208.50,356.93,-4.21,-13.54,-10.06,36.51
597,11904762,-1082.52,109.86,78.61,-1.89,-11.77,-14.45,36.32
598,11908811,-1074.71,27.83,-24.90,-0.24,-13.05,-8.48,36.32
599,11912861,-1054.20,70.31,33.69,-0.61,-12.50,-2.44,36.22
600,11916918,-1067.38,148.44,87.89,-1.22,-12.32,0.00,36.51
601,11920968,-1053.22,198.73,128.42,-1.71,-13.11,-1.95,36.22
602,11926762,-1042.48,168.95,96.19,-2.13,-12.68,-4.33,36.42
603,11930811,-1051.76,173.34,112.79,-2.26,-12.99,-7.20,36.42
604,11934861,-1057.62,160.64,94.24,-2.62,-12.44,-8.17,36.13
605,11938918,-1059.57,144.04,85.94,-2.99,-12.80,-8.66,36.22
606,11942968,-1057.62,125.00,65.92,-3.48,-12.87,-8.17,36.27
607,11948762,-1070.31,138.18,94.24,-3.72,-13.66,-7.62,36.32
608,11952811,-1069.34,108.40,85.94,-3.84,-14.09,-6.95,36.22
609,11956861,-1058.11,91.80,91.80,-3.41,-14.33,-6.40,36.46
610,11960918,-1049.32,75.20,119.14,-3.11,-14.15,-5.30,36.27
611,11964968,-1041.99,54.20,111.33,-2.13,-14.39,-4.21,36.27
612,11970762,-1030.27,41.02,115.72,-1.71,-14.21,-2.74,36.08
613,11974811,-1011.72,54.69,107.91,-0.49,-14.02,-0.85,36.46
614,11978861,-991.70,60.55,112.30,0.00,-13.66,0.37,36.42
615,11982918,-976.56,73.73,118.65,0.67,-13.23,1.95,36.32
616,11986968,-966.80,83.01,119.14,0.49,-12.44,4.27,36.46
617,11992762,-955.08,88.38,119.63,0.67,-11.52,6.59,36.32
618,11996811,-950.20,125.49,120.12,1.40,-10.55,9.21,36.27
619,12000861,-947.27,155.76,122.56,1.52,-10.00,9.70,36.42
620,12004918,-943.85,186.04,135.25,1.28,-9.21,8.90,36.42
621,12008968,-937.50,202.15,149.90,0.61,-8.23,7.56,36.22
622,12014762,-944.34,210.45,157.71,0.00,-7.32,5.12,35.89
623,12018811,-942.38,206.54,168.46,-0.61,-6.10,2.07,36.22
624,12022861,-947.75,188.48,183.11,-1.40,-5.61,0.24,36.42
625,12026918,-953.12,174.32,182.13,-2.13,-4.88,-1.40,36.51
626,12030968,-961.43,163.09,182.62,-2.62,-4.09,-2.50,36.22
627,12036762,-964.84,160.16,183.59,-3.11,-3.84,-3.48,36.22
628,12040811,-981.45,157.23,176.76,-3.96,-3.29,-4.76,35.94
629,12044861,-979.98,165.04,179.20,-4.57,-3.17,-5.85,36.22
630,12048918,-977.54,155.76,172.85,-5.24,-2.80,-7.26,36.22
631,12052968,-987.30,140.14,180.66,-5.85,-2.50,-8.23,36.22
632,12058762,-986.33,113.28,180.66,-6.04,-2.50,-8.48,36.08
633,12062811,-980.47,102.05,174.32,-6.46,-2.26,-7.13,36.32
634,12066861,-981.45,97.17,171.39,-6.34,-2.20,-6.22,36.46
635,12070918,-973.14,107.91,171.87,-6.71,-2.07,-5.85,36.08
636,12076762,-968.75,131.35,173.83,-6.65,-1.71,-5.98,36.46
637,12080811,-969.24,135.74,176.76,-7.50,-1.77,-7.01,36.27
638,12084861,-961.91,138.67,168.95,-7.32,-1.46,-8.41,36.08
639,12088918,-954.59,126.95,166.02,-7.44,-1.52,-9.39,36.46
640,12092968,-941.41,108.40,161.62,-7.68,-1.28,-10.30,36.08
641,12097017,-937.50,86.43,160.64,-7.50,-1.16,-10.24,35.98
642,12102762,-936.52,74.71,150.39,-7.38,-0.37,-9.45,36.42
643,12106811,-943.36,66.89,143.07,-7.44,-0.30,-9.27,36.32
644,12110861,-941.41,69.82,134.77,-7.26,-0.67,-9.27,36.27
645,12114918,-939.45,59.57,131.84,-7.13,-0.73,-9.09,36.32
646,12120762,-947.27,40.53,125.49,-6.71,-0.79,-9.02,36.13
647,12124811,-943.85,34.18,114.75,-6.10,-1.40,-8.66,36.32
648,12128861,-939.45,29.30,109.86,-4.94,-1.46,-8.66,36.51
649,12132918,-929.20,24.90,94.24,-4.21,-1.71,-8.54,36.22
650,12136968,-921.39,19.04,91.31,-3.29,-2.01,-8.54,36.51
651,12142762,-914.55,15.14,87.40,-2.38,-2.01,-8.54,36.42
652,12146811,-899.90,6.35,82.52,-1.46,-2.07,-8.23,36.46
653,12150861,-896.00,-12.21,75.20,-0.24,-2.01,-7.44,36.46
654,12154918,-893.07,-24.41,72.75,0.79,-1.89,-5.98,36.13
655,12158968,-893.07,-33.69,66.89,1.34,-1.65,-3.96,36.27
656,12164762,-894.53,-36.13,62.99,2.56,-1.77,-1.83,36.27
657,12168811,-894.04,-47.36,60.55,4.02,-1.65,1.22,36.42
658,12172861,-883.79,-50.78,59.57,4.88,-1.04,3.29,36.13
659,12176918,-874.51,-34.67,56.64,5.98,-1.16,5.12,35.98
660,12180968,-866.21,-34.67,58.59,6.83,-0.30,6.83,36.22
661,12186762,-867.19,-29.79,55.66,7.62,0.00,8.23,36.46
662,12190811,-860.35,-13.67,58.11,8.60,0.49,9.70,36.32
663,12194861,-857.91,-17.09,62.99,9.09,1.16,10.43,36.32
664,12198918,-858.40,-15.62,64.94,10.12,2.07,10.79,36.27
665,12202968,-857.42,-9.77,65.92,11.22,2.80,10.73,36.13
666,12208762,-851.56,-0.98,57.13,12.44,3.78,9.76,36.13
667,12212811,-852.54,13.67,51.76,13.35,4.76,9.21,36.46
668,12216861,-854.98,27.83,47.85,13.78,5.43,8.29,36.22
669,12220918,-863.28,30.27,43.95,14.27,6.34,7.56,36.42
670,12224968,-875.98,37.60,46.87,14.57,7.13,5.85,36.13
671,12230762,-891.60,43.95,41.99,15.24,7.68,4.33,36.13
672,12234811,-906.25,41.99,31.25,15.67,7.93,3.11,36.42
673,12238861,-918.95,35.16,31.25,15.85,8.23,2.99,36.27
674,12242918,-922.36,28.81,31.74,16.16,8.60,3.05,36.46
675,12246968,-929.69,27.34,22.46,16.28,8.66,4.70,36.27
676,12252762,-928.22,32.71,23.93,16.16,9.15,6.59,35.98
677,12256811,-930.18,48.34,22.95,16.28,9.21,8.05,35.94
678,12260861,-930.66,59.08,25.88,16.34,9.51,8.78,36.61
679,12264918,-931.15,71.29,26.37,16.65,9.88,9.51,36.42
680,12268968,-941.41,75.68,27.83,16.40,10.24,10.61,36.27
681,12274762,-937.99,65.43,25.39,16.04,10.61,11.77,35.98
682,12278811,-942.87,60.55,29.79,16.04,11.10,13.35,36.27
683,12282861,-941.89,75.20,29.30,15.98,11.59,13.96,36.13
684,12286918,-938.48,92.29,28.32,15.79,12.07,14.39,36.32
685,12292762,-930.66,108.40,27.34,15.30,12.26,13.60,35.98
686,12296811,-931.64,109.86,31.25,14.39,12.80,13.17,36.13
687,12300861,-926.76,113.77,31.74,13.84,12.93,12.56,36.32
688,12304918,-923.83,125.00,35.16,13.66,13.17,11.77,36.42
689,12308968,-924.80,131.35,37.11,12.80,13.54,10.73,36.27
690,12313017,-929.20,139.16,33.69,12.07,13.72,9.51,35.94
691,12318762,-937.99,129.39,23.44,11.22,14.27,8.05,36.51
692,12322811,-950.20,126.46,25.39,10.24,14.39,5.98,36.27
693,12326861,-966.31,138.18,51.76,9.51,14.51,3.90,36.27
694,12330918,-984.86,141.11,76.17,8.41,14.51,0.55,36.13
695,12336762,-1020.51,128.91,81.54,7.07,14.45,-3.72,36.22
696,12340811,-1090.82,71.78,84.47,6.22,14.63,-7.20,36.32
697,12344861,-1127.93,47.36,85.94,6.16,14.27,-7.80,36.42
698,12348918,-1183.11,40.04,131.84,6.65,13.66,-7.62,36.42
699,12352968,-1239.75,24.90,144.53,7.68,13.17,-6.65,36.32
700,12358762,-1282.23,7.32,196.29,9.76,11.83,-3.78,36.42
701,12362811,-1375.00,21.48,183.11,11.89,9.70,1.71,36.32
702,12366861,-1426.76,57.62,165.04,12.62,8.35,6.10,36.42
703,12370918,-1451.17,97.66,123.54,12.26,5.67,9.02,36.42
704,12374968,-1432.62,112.30,106.45,11.52,3.11,10.73,36.46
705,12380762,-1375.98,126.46,84.96,10.18,1.59,12.56,36.46
706,12384811,-1274.41,137.70,57.62,8.23,0.43,14.76,36.27
707,12388861,-1179.69,163.57,79.59,6.65,-0.18,15.43,36.32
708,12392918,-1091.80,195.31,112.79,4.88,-0.37,15.18,35.98
709,12396968,-1032.23,213.87,129.88,2.93,-0.49,12.38,36.13
710,12402762,-980.47,222.66,131.35,0.98,-0.61,7.50,36.13
711,12406811,-932.62,163.09,117.19,0.43,-0.30,2.56,36.27
712,12410861,-909.67,116.21,96.19,0.30,-0.06,0.79,36.22
713,12414918,-896.48,111.82,84.96,1.10,0.98,0.00,36.13
714,12418968,-894.53,119.14,73.24,1.83,1.65,-0.37,36.32
715,12424762,-909.18,121.58,63.96,2.68,1.95,-0.73,36.46
716,12428811,-935.06,95.21,42.97,3.66,1.46,-0.61,36.27
717,12432861,-939.94,62.99,35.64,4.76,0.98,-0.12,36.13
718,12436918,-955.57,42.48,41.99,5.85,1.16,1.59,36.22
719,12440968,-948.73,31.74,48.34,7.38,0.98,4.57,35.94
720,12446762,-949.22,40.53,48.34,8.11,1.46,8.54,35.98
721,12450811,-941.89,90.33,38.57,7.99,2.01,13.48,35.79
722,12454861,-945.31,121.58,37.60,8.05,2.01,15.18,36.42
723,12458918,-934.57,133.79,38.09,7.50,2.87,15.91,36.08
724,12462968,-928.22,144.53,45.90,7.50,3.66,15.85,36.42
725,12468762,-915.04,133.30,48.83,6.77,4.76,16.04,36.13
726,12472811,-927.25,138.67,53.71,6.34,5.73,16.46,36.22
727,12476861,-947.27,156.25,53.22,5.85,6.22,15.43,36.13
728,12480918,-973.63,183.11,43.95,4.94,7.07,12.68,36.42
729,12484968,-1030.76,180.66,37.11,4.76,7.01,9.88,36.22
730,12490762,-1084.47,167.97,28.81,3.84,6.59,8.05,35.89
731,12494811,-1145.02,140.62,31.25,3.29,5.24,6.71,35.98
732,12498861,-1167.97,137.70,27.83,3.11,4.33,6.28,36.27
733,12502918,-1179.20,138.67,24.90,2.74,3.41,5.67,36.13
734,12508762,-1162.60,132.32,24.41,2.50,2.38,5.67,36.46
735,12512811,-1106.93,109.86,42.48,1.59,0.61,6.59,36.46
736,12516861,-1064.45,91.80,57.62,1.95,-0.85,7.26,36.13
737,12520918,-1018.07,73.73,96.19,2.01,-0.61,7.99,36.42
738,12524968,-999.51,74.71,104.98,2.32,-0.67,9.33,36.32
739,12529017,-980.96,77.64,105.96,2.68,-0.49,10.55,35.98
740,12534762,-975.10,104.00,116.70,2.87,-0.67,11.16,36.22
741,12538811,-988.28,144.53,112.79,2.93,-0.91,10.18,36.08
742,12542861,-995.61,169.92,104.98,2.44,-0.67,9.33,36.51
743,12546918,-1005.86,174.80,99.61,1.89,-0.79,7.80,36.32
744,12552762,-1003.91,178.22,94.24,1.83,-0.49,6.16,36.46
745,12556811,-983.89,193.36,103.52,1.16,-0.18,4.15,36.22
746,12560861,-980.47,214.84,96.19,0.55,0.37,1.71,36.22
747,12564918,-968.75,239.26,89.84,-0.12,0.91,-0.37,36.32
748,12568968,-967.77,236.33,81.54,-0.73,1.10,-4.33,36.22
749,12574762,-984.86,217.29,74.71,-1.22,1.16,-7.07,36.22
750,12578811,-1002.44,172.85,66.89,-2.20,1.16,-8.84,36.22
751,12582861,-1011.72,141.60,56.64,-2.56,1.10,-8.29,36.27
752,12586918,-1014.16,122.07,51.27,-2.99,0.73,-7.32,36.13
753,12590968,-1001.95,107.91,50.78,-2.99,0.18,-5.79,36.22
754,12596762,-976.56,106.93,56.64,-3.05,-0.12,-4.45,36.08
755,12600811,-978.03,100.10,63.48,-2.74,-0.30,-3.54,36.13
756,12604861,-983.40,91.80,68.85,-2.56,-0.37,-3.23,36.27
757,12608918,-999.02,80.08,59.57,-2.38,-0.79,-2.93,36.22
758,12612968,-1011.23,61.52,46.87,-2.20,-1.52,-2.20,36.51
759,12618762,-1032.23,56.15,45.41,-1.95,-2.13,-0.55,36.22
760,12622811,-1033.69,64.45,45.90,-1.46,-2.80,2.44,36.46
761,12626861,-1022.95,81.05,44.92,-1.52,-3.11,3.60,36.42
762,12630918,-1006.35,101.56,54.69,-1.52,-3.29,4.15,36.13
763,12634968,-996.09,107.42,56.64,-1.40,-3.48,3.54,36.42
764,12640762,-1004.88,113.77,60.55,-1.28,-3.78,3.05,36.46
765,12644811,-1016.11,111.33,54.69,-1.34,-4.02,3.17,36.51
766,12648861,-1017.58,118.65,55.66,-1.65,-4.51,3.41,36.32
767,12652918,-1005.37,121.58,62.01,-1.52,-4.39,3.11,36.27
768,12656968,-994.14,124.02,59.57,-1.34,-4.63,3.17,36.42
769,12662762,-995.12,128.91,60.06,-1.40,-4.82,2.56,36.22
770,12666811,-1000.98,127.44,61.52,-1.28,-5.06,2.26,35.98
771,12670861,-999.02,127.93,66.89,-1.34,-5.43,1.89,36.27
772,12674918,-986.33,122.56,66.41,-1.52,-5.61,1.52,36.46
773,12678968,-977.05,115.23,65.92,-1.34,-5.85,1.40,36.22
774,12684762,-979.00,119.14,73.73,-0.91,-5.30,1.28,36.13
775,12688811,-996.58,113.77,71.29,-1.10,-5.43,0.91,36.08
776,12692861,-1010.74,122.07,65.43,-1.28,-5.37,1.10,36.32
777,12696918,-1017.09,131.35,67.38,-1.34,-5.49,0.98,36.32
778,12700968,-1024.41,141.11,57.13,-1.77,-5.43,1.34,35.94
779,12706762,-1017.58,144.04,66.89,-2.01,-5.55,1.83,36.27
780,12710811,-996.09,146.48,68.85,-2.32,-5.18,1.34,35.94
781,12714861,-987.79,139.65,72.75,-2.74,-5.06,1.52,36.42
782,12718918,-983.40,140.14,76.17,-2.87,-4.70,1.71,36.42
783,12724762,-990.23,138.67,77.15,-2.87,-4.45,1.34,36.08
784,12728811,-999.51,146.97,72.27,-3.05,-4.63,0.73,36.13
785,12732861,-996.58,143.55,70.31,-2.99,-4.45,0.18,35.98
786,12736918,-990.23,154.79,72.27,-3.05,-3.84,-0.12,35.94
787,12740968,-991.21,152.83,69.34,-3.11,-3.96,-0.49,36.51
788,12745017,-983.40,146.48,78.12,-2.93,-3.78,-0.85,36.32
789,12750762,-972.17,122.56,79.10,-2.80,-3.60,-0.67,36.51
790,12754811,-990.23,111.82,79.59,-2.56,-3.35,-0.18,36.32
791,12758861,-995.12,118.65,82.52,-2.44,-3.23,0.00,36.42
792,12762918,-1012.21,121.09,80.57,-2.01,-2.93,-0.79,36.13
793,12768762,-1022.46,126.46,78.12,-1.95,-3.35,-0.55,36.51
794,12772811,-1006.84,129.39,79.59,-1.77,-3.05,-0.24,36.13
795,12776861,-997.56,133.30,86.43,-2.01,-2.68,-1.10,36.51
796,12780918,-992.68,140.14,88.87,-1.83,-2.20,-1.77,36.22
797,12784968,-990.23,141.60,84.96,-1.65,-1.89,-2.74,36.27
798,12790762,-990.72,148.44,90.33,-1.52,-1.77,-3.96,36.27
799,12794811,-993.16,163.57,84.96,-1.65,-1.52,-5.98,36.42
800,12798861,-984.37,168.46,84.47,-1.59,-1.16,-6.83,36.27
801,12802918,-981.93,165.53,88.38,-1.83,-0.85,-8.17,36.13
802,12806968,-977.05,161.13,85.94,-2.26,-0.37,-9.33,36.46
803,12812762,-983.40,155.76,80.08,-2.32,-0.30,-10.67,36.27
804,12816811,-986.82,140.62,84.96,-2.62,-0.12,-11.77,36.51
805,12820861,-996.09,129.88,76.66,-2.62,-0.18,-12.68,36.27
806,12824918,-998.05,113.77,79.59,-2.99,-0.18,-12.68,36.08
807,12828968,-995.12,101.56,74.22,-3.05,-0.24,-12.38,36.22
808,12834762,-996.09,83.98,70.80,-2.80,-0.61,-11.46,36.32
809,12838811,-1000.98,72.27,68.85,-2.38,-0.79,-10.00,36.27
810,12842861,-998.54,64.45,70.31,-2.44,-1.04,-9.57,36.46
811,12846918,-1004.39,76.17,67.38,-1.89,-1.28,-7.80,36.13
812,12850968,-1006.35,83.50,63.96,-2.07,-1.83,-6.71,36.13
813,12856762,-1017.58,70.31,63.96,-1.71,-2.38,-6.22,36.27
814,12860811,-1012.70,55.18,59.57,-1.52,-3.11,-6.04,36.22
815,12864861,-999.51,45.41,67.87,-0.98,-3.41,-4.70,36.13
816,12868918,-980.96,47.36,73.24,-0.37,-3.72,-2.44,36.13
817,12872968,-979.98,64.94,80.08,-0.43,-4.09,-0.49,36.27
818,12878762,-988.77,87.89,79.10,-0.55,-3.96,0.18,36.08
819,12882811,-999.02,116.21,79.10,-0.43,-4.02,0.61,36.22
820,12886861,-1005.86,124.02,77.64,-0.55,-3.84,0.49,36.46
821,12890918,-1007.81,119.14,82.03,-0.73,-3.96,0.30,36.27
822,12894968,-1006.84,116.70,83.98,-1.34,-3.84,0.12,36.51
823,12900762,-1000.98,109.37,82.52,-1.10,-3.48,-0.06,35.94
824,12904811,-997.56,111.82,86.91,-1.34,-3.48,0.18,36.08
825,12908861,-996.09,115.72,85.94,-1.34,-3.54,0.06,36.61
826,12912918,-1000.49,122.07,84.96,-1.40,-3.41,-0.37,36.22
827,12916968,-995.61,124.51,83.50,-1.28,-3.11,-0.61,36.13
828,12922762,-999.02,125.00,83.50,-1.40,-3.23,-1.10,35.89
829,12926811,-990.23,119.63,80.57,-1.46,-2.93,-1.34,36.42
830,12930861,-995.61,117.19,85.45,-1.28,-2.80,-1.40,36.32
831,12934918,-994.14,108.40,86.91,-1.59,-2.80,-1.04,36.13
832,12940762,-992.19,108.89,85.45,-1.34,-2.99,-1.71,36.42
833,12944811,-992.68,118.65,80.57,-1.52,-3.11,-2.38,36.51
834,12948861,-988.28,113.28,84.96,-1.04,-2.80,-2.50,36.08
835,12952918,-985.35,111.33,83.50,-1.10,-3.17,-2.44,36.42
836,12956968,-993.16,115.72,79.59,-1.22,-2.93,-2.44,36.32
837,12961017,-997.56,112.79,73.73,-1.34,-2.99,-2.13,36.27
838,12966762,-1004.39,105.96,72.27,-1.40,-3.23,-1.59,36.42
839,12970811,-1010.74,102.05,66.89,-1.46,-3.48,-1.28,36.32
840,12974861,-1008.79,105.47,65.92,-1.40,-3.90,-1.22,36.22
841,12978918,-1008.79,106.93,69.82,-1.65,-4.15,-1.34,36.22
842,12984762,-1007.81,111.33,71.78,-1.65,-3.96,-1.46,36.13
843,12988811,-1009.77,108.89,76.66,-1.89,-4.33,-1.46,36.42
844,12992861,-1007.81,114.26,77.15,-2.13,-4.33,-1.52,36.27
845,12996918,-1004.39,112.79,77.64,-1.95,-4.57,-1.65,36.22
846,13000968,-1005.86,115.72,80.08,-2.20,-4.70,-1.77,36.32
847,13006762,-1008.30,109.86,76.66,-2.56,-4.63,-2.38,36.42
848,13010811,-1000.98,109.86,83.01,-2.44,-4.82,-2.13,36.42
849,13014861,-1000.49,101.56,90.33,-2.56,-4.70,-2.07,36.22
850,13018918,-995.12,107.42,93.26,-2.26,-4.45,-2.26,35.98
851,13022968,-995.12,106.45,92.77,-2.26,-4.09,-2.13,36.46
852,13028762,-995.61,105.47,93.26,-2.32,-4.15,-2.13,36.32
853,13032811,-984.86,94.24,89.36,-2.20,-4.21,-2.50,35.94
854,13036861,-976.07,81.05,102.05,-1.89,-4.09,-2.26,36.32
855,13040918,-967.29,76.66,111.82,-1.46,-3.48,-1.71,36.27
856,13044968,-972.66,71.29,104.00,-1.46,-2.99,-0.79,36.32
857,13050762,-985.84,78.12,101.07,-1.16,-2.74,0.06,36.46
858,13054811,-999.02,84.96,96.68,-0.61,-2.80,0.24,36.46
859,13058861,-1012.70,95.70,89.36,-0.49,-2.56,0.43,36.51
860,13062918,-1001.95,98.14,92.29,-0.43,-2.38,0.98,36.32
861,13066968,-997.07,102.54,90.82,-0.73,-2.01,1.28,35.98
862,13072762,-990.72,104.98,93.26,-0.43,-1.95,1.40,36.32
863,13076811,-991.70,114.26,91.31,-0.30,-1.77,0.98,36.27
864,13080861,-991.70,124.51,83.50,-0.61,-1.95,1.10,36.42
865,13084918,-998.54,128.42,87.89,-0.67,-1.89,0.55,36.27
866,13088968,-998.05,132.81,83.50,-0.91,-1.95,0.00,36.27
867,13094762,-1002.44,135.74,84.47,-0.98,-1.95,-0.37,36.27
868,13098811,-1004.39,132.32,78.61,-1.10,-1.71,-0.98,36.22
869,13102861,-1002.44,131.84,83.50,-1.28,-1.95,-1.59,36.42
870,13106918,-1006.84,125.49,78.61,-1.46,-2.38,-2.01,36.32
871,13110968,-1004.39,122.56,78.12,-1.71,-2.26,-2.20,36.42
872,13116762,-1000.98,118.65,78.61,-1.89,-2.38,-2.68,36.42
873,13120811,-1002.93,116.21,79.59,-1.89,-2.68,-2.99,36.32
874,13124861,-1010.74,109.37,82.52,-2.07,-3.05,-3.35,36.22
875,13128918,-1007.32,106.93,87.40,-1.95,-3.17,-3.35,36.42
876,13132968,-1003.91,100.10,82.03,-2.20,-3.35,-3.29,36.32
877,13138762,-1002.44,100.59,86.91,-2.01,-3.54,-3.05,36.22
878,13142811,-1014.65,100.59,86.91,-2.20,-3.96,-3.11,36.22
879,13146861,-1016.11,92.77,87.89,-2.13,-3.84,-2.80,36.22
880,13150918,-1011.23,94.24,87.40,-2.20,-4.15,-2.44,36.32
881,13156762,-1004.39,96.68,89.84,-2.80,-4.15,-1.83,36.46
882,13160811,-986.33,104.49,97.17,-2.68,-4.27,-2.13,36.08
883,13164861,-981.45,98.63,100.10,-2.74,-3.90,-2.32,35.98
884,13168918,-964.84,86.91,108.40,-2.32,-3.78,-2.01,36.42
885,13172968,-963.87,77.64,113.28,-2.26,-3.35,-1.71,36.08
886,13177017,-967.29,69.82,109.37,-2.01,-2.87,-1.34,35.94
887,13182762,-979.98,83.01,106.93,-1.77,-2.68,-0.67,36.42
888,13186811,-989.75,86.91,104.49,-1.46,-2.32,-0.12,36.51
889,13190861,-995.12,86.91,98.14,-1.16,-2.07,0.00,36.22
890,13194918,-1002.44,86.43,97.17,-1.04,-1.71,0.30,36.42
891,13200762,-993.65,84.96,96.68,-0.79,-1.77,0.85,36.42
892,13204811,-988.28,87.40,98.14,-0.49,-1.52,1.52,36.13
893,13208861,-990.72,86.91,91.31,-0.43,-1.71,1.89,36.46
894,13212918,-1001.95,96.19,94.73,-0.43,-1.65,2.32,36.46
895,13216968,-1007.81,100.59,92.29,-0.49,-1.59,2.13,36.22
896,13222762,-1010.25,105.96,89.36,-0.67,-1.71,2.38,36.46
897,13226811,-1010.74,109.86,83.50,-0.61,-1.65,2.01,36.13
898,13230861,-1005.86,120.61,83.98,-0.43,-1.95,1.40,36.46
899,13234918,-1000.00,122.07,87.89,-0.55,-1.89,0.98,36.27
900,13238968,-999.02,129.39,95.70,-0.91,-2.13,0.18,36.27
901,13244762,-994.14,126.95,92.29,-0.85,-2.20,-0.30,36.46
902,13248811,-983.89,118.16,95.70,-1.10,-2.07,-1.22,36.32
903,13252861,-979.49,117.68,104.49,-1.16,-2.20,-1.40,36.51
904,13256918,-979.49,111.33,105.47,-1.04,-1.89,-1.59,36.13
905,13260968,-985.84,106.45,103.03,-1.04,-1.83,-1.95,36.46
906,13266762,-992.68,107.42,99.12,-0.98,-1.40,-1.89,36.46
907,13270811,-995.61,107.91,100.10,-0.98,-1.46,-1.95,36.13
908,13274861,-1002.44,110.35,98.63,-0.91,-1.46,-2.13,36.42
909,13278918,-1000.00,98.63,95.21,-1.04,-1.40,-2.13,36.13
910,13282968,-1001.46,96.19,94.24,-0.79,-1.40,-1.83,36.51
911,13288762,-1000.49,92.77,96.68,-0.98,-1.65,-1.71,36.27
912,13292811,-999.02,97.66,97.66,-0.85,-1.65,-2.01,36.61
913,13296861,-999.02,99.12,96.68,-1.10,-1.59,-2.07,36.42
914,13300918,-1003.42,106.45,99.12,-1.04,-1.59,-2.20,36.42
915,13304968,-997.56,103.03,99.12,-1.04,-1.59,-2.32,36.42
916,13310762,-998.54,100.10,92.77,-1.16,-1.40,-2.56,36.22
917,13314811,-1003.91,97.66,93.75,-0.98,-1.71,-2.74,36.13
918,13318861,-1000.49,95.21,96.68,-1.10,-1.59,-2.56,36.42
919,13322918,-1003.91,98.14,96.68,-1.22,-1.52,-2.68,36.27
920,13326968,-998.05,96.68,94.73,-1.16,-1.71,-2.62,36.42
921,13332762,-995.12,100.10,93.26,-1.46,-1.59,-2.87,36.13
922,13336811,-998.05,100.10,96.19,-1.46,-1.52,-2.93,36.27
923,13340861,-994.14,99.12,96.19,-1.52,-1.83,-2.44,36.42
924,13344918,-998.54,97.66,93.75,-1.71,-1.59,-2.56,36.13
925,13348968,-997.07,95.21,95.21,-1.40,-1.59,-2.07,35.94
926,13354762,-993.65,95.21,96.68,-1.59,-1.52,-1.89,36.46
927,13358811,-995.12,91.80,98.14,-1.77,-1.16,-1.71,36.32
928,13362861,-997.07,91.80,94.73,-2.13,-1.59,-1.65,36.27
929,13366918,-998.54,92.29,94.73,-1.77,-1.40,-2.01,36.27
930,13372762,-993.65,94.24,97.17,-1.83,-1.34,-2.13,36.27
931,13376811,-1002.44,90.33,98.63,-2.01,-1.65,-2.07,36.46
932,13380861,-999.51,90.33,97.66,-1.89,-1.46,-1.95,36.22
933,13384918,-1001.95,105.96,98.63,-1.71,-1.40,-2.13,36.27
934,13388968,-998.54,106.93,100.10,-1.89,-1.46,-2.38,36.51
935,13393017,-992.68,104.49,101.07,-2.01,-1.16,-2.50,36.32
936,13398762,-1000.49,100.10,102.54,-1.83,-1.22,-2.50,36.42
937,13402811,-994.63,97.17,99.12,-1.95,-1.16,-2.50,36.32
938,13406861,-1000.49,96.19,97.17,-2.07,-1.40,-2.87,36.46
939,13410918,-995.12,93.75,95.21,-2.01,-1.46,-3.17,36.32
940,13416762,-1003.42,73.73,102.05,-2.07,-1.77,-2.44,36.46
941,13420811,-997.56,116.21,109.37,-2.68,-1.95,-0.24,36.27
942,13424861,-988.28,119.14,87.40,-2.50,-1.52,-1.28,36.13
943,13428918,-990.72,105.96,88.38,-1.77,-1.40,-3.05,36.32
944,13432968,-995.12,100.10,104.00,-1.59,-1.40,-3.96,36.51
945,13438762,-989.26,91.80,104.98,-1.89,-1.34,-3.96,36.32
946,13442811,-994.63,84.47,97.66,-1.59,-1.34,-3.11,36.46
947,13446861,-994.63,87.89,97.17,-1.40,-1.46,-2.62,36.51
948,13450918,-994.14,90.82,101.07,-1.52,-1.40,-2.32,35.98
949,13454968,-991.21,83.98,100.10,-1.83,-0.91,-2.32,36.27
950,13460762,-992.19,85.45,93.75,-1.52,-1.16,-1.83,36.27
951,13464811,-997.07,93.26,100.59,-1.71,-1.46,-1.59,36.42
952,13468861,-1001.95,92.29,100.59,-1.65,-1.40,-1.40,36.27
953,13472918,-1000.49,94.24,94.73,-1.89,-1.22,-1.28,36.08
954,13476968,-1000.49,89.36,96.68,-1.89,-1.40,-1.40,36.51
955,13482762,-996.09,83.98,99.12,-1.89,-1.34,-0.79,36.51
956,13486811,-999.51,94.24,105.96,-2.32,-1.59,0.00,36.46
957,13490861,-994.14,98.63,93.75,-2.07,-1.59,0.06,36.27
958,13494918,-995.12,101.56,85.45,-2.38,-1.59,-0.79,36.13
959,13498968,-993.16,94.73,94.73,-1.89,-1.59,-1.65,36.46
960,13504762,-988.77,85.94,100.59,-1.71,-1.65,-2.07,36.46
961,13508811,-998.05,78.12,97.66,-2.01,-1.40,-1.71,36.22
962,13512861,-1000.00,80.57,100.59,-2.07,-1.59,-1.71,36.32
963,13516918,-993.65,81.54,102.05,-1.65,-1.40,-1.34,36.42
964,13520968,-996.09,88.87,100.59,-1.46,-1.40,-1.34,36.27
965,13526762,-999.02,82.03,102.54,-1.52,-1.40,-1.04,36.13
966,13530811,-1001.46,86.91,93.75,-1.52,-1.28,-1.22,36.22
967,13534861,-999.51,89.36,101.07,-1.40,-1.46,-1.77,36.32
968,13538918,-997.56,95.70,104.49,-1.46,-1.46,-1.95,36.27
969,13542968,-994.63,92.77,101.56,-1.46,-1.77,-1.71,36.46
970,13548762,-993.65,89.84,101.56,-1.71,-1.28,-1.77,36.13
971,13552811,-993.16,84.47,107.91,-1.65,-1.40,-1.77,36.22
972,13556861,-988.77,82.52,104.00,-1.65,-1.34,-1.71,36.32
973,13560918,-987.30,82.03,103.03,-1.40,-0.98,-1.28,36.32
974,13564968,-994.14,82.52,103.03,-1.71,-1.22,-0.73,36.13
975,13570762,-994.63,80.08,106.93,-1.46,-1.22,-0.61,35.89
976,13574811,-994.14,77.64,101.56,-1.34,-1.34,-0.30,36.13
977,13578861,-1002.44,74.22,100.59,-1.16,-1.40,0.24,36.32
978,13582918,-1000.00,78.12,102.05,-1.22,-1.40,0.24,35.94
979,13586968,-994.63,79.59,103.52,-0.98,-1.40,0.49,36.27
980,13592762,-999.02,84.96,102.05,-0.98,-1.04,0.73,36.32
981,13596811,-998.54,95.21,96.19,-1.10,-1.16,0.67,36.27
982,13600861,-998.54,97.17,99.12,-0.98,-0.79,0.61,36.22
983,13604918,-1003.42,101.56,101.56,-0.85,-1.16,0.12,36.22
984,13610762,-999.51,102.54,105.96,-1.16,-1.16,-0.24,36.46
985,13614811,-1006.35,102.05,94.24,-1.10,-1.28,-0.79,36.27
986,13618861,-996.09,101.07,104.00,-1.22,-1.34,-1.16,36.32
987,13622918,-1002.44,100.10,99.12,-0.98,-1.04,-1.59,36.22
988,13626968,-998.05,105.47,100.10,-1.40,-1.16,-2.20,36.51
989,13632762,-997.56,99.61,98.63,-1.52,-1.22,-2.32,36.27
990,13636811,-996.09,100.59,100.10,-1.46,-1.16,-2.50,36.32
991,13640861,-994.63,98.63,93.75,-1.52,-1.65,-3.11,36.32
992,13644918,-996.09,93.75,94.24,-1.40,-1.52,-3.11,36.46
993,13648968,-991.70,87.40,97.17,-1.46,-1.22,-3.35,36.46
994,13654762,-992.68,81.54,98.14,-1.34,-1.28,-3.11,36.27
995,13658811,-990.23,74.22,104.00,-1.16,-1.28,-2.56,36.27
996,13662861,-988.77,73.73,102.54,-1.34,-1.10,-2.13,36.13
997,13666918,-998.05,70.80,99.12,-1.34,-0.98,-1.71,36.08
998,13670968,-1000.00,71.78,98.14,-1.28,-0.85,-1.40,36.42
999,13676762,-1007.32,77.15,96.19,-1.04,-0.91,-1.10,36.08
1000,13680811,-1001.95,76.17,104.00,-1.04,-1.04,-1.40,36.13
1001,13684861,-998.05,78.61,104.00,-1.34,-0.98,-1.16,36.42
1002,13688918,-998.54,80.08,95.21,-1.16,-0.79,-0.85,36.13
1003,13692968,-995.12,84.96,98.14,-0.79,-1.04,-0.85,36.32
1004,13698762,-996.09,85.94,103.03,-1.22,-0.98,-0.79,36.22
1005,13702811,-997.07,90.33,103.03,-1.10,-0.91,-0.91,36.13
1006,13706861,-994.14,87.89,99.61,-0.91,-0.49,-1.16,36.13
1007,13710918,-998.05,88.87,104.98,-0.79,-0.98,-0.85,36.13
1008,13714968,-995.61,91.31,103.03,-0.91,-0.85,-0.98,36.27
1009,13720762,-993.16,89.84,101.56,-0.91,-0.49,-1.10,36.61
1010,13724811,-992.68,91.31,98.14,-0.73,-0.67,-1.16,36.51
1011,13728861,-1004.88,90.33,103.52,-0.98,-0.30,-0.98,36.51
1012,13732918,-997.56,88.38,103.52,-1.16,-0.37,-1.22,36.32
1013,13736968,-995.12,89.36,102.05,-1.10,-0.30,-1.34,36.32
1014,13742762,-995.61,87.89,101.07,-1.10,-0.43,-1.59,36.27
1015,13746811,-999.02,92.29,101.56,-1.04,-0.49,-1.40,36.22
1016,13750861,-1002.93,88.87,101.07,-0.85,-0.18,-1.46,36.46
1017,13754918,-1000.49,91.31,98.63,-1.10,-0.67,-2.07,36.32
1018,13758968,-1002.44,94.24,96.68,-0.73,-0.67,-2.26,36.13
1019,13764762,-1000.49,96.19,94.73,-0.91,-0.73,-2.56,35.89
1020,13768811,-1000.98,90.33,96.68,-1.28,-0.98,-2.62,36.42
1021,13772861,-999.51,84.96,96.19,-1.40,-1.04,-2.56,36.51
1022,13776918,-1003.42,86.43,96.19,-1.52,-1.10,-2.50,36.42
1023,13780968,-997.07,84.47,103.03,-1.52,-0.98,-2.80,35.94
1024,13786762,-992.68,79.10,102.05,-1.40,-1.22,-3.05,36.13
1025,13790811,-997.56,77.64,106.45,-1.16,-0.98,-2.80,35.98
1026,13794861,-997.56,74.22,110.35,-1.22,-0.85,-2.68,36.27
1027,13798918,-998.05,74.71,104.00,-1.22,-0.85,-2.56,36.51
1028,13802968,-999.02,80.57,104.49,-0.91,-0.61,-2.80,35.98
1029,13808762,-997.07,78.61,105.47,-0.73,-0.73,-2.44,36.22
1030,13812811,-994.14,82.03,106.45,-0.73,-0.98,-2.20,36.51
1031,13816861,-991.21,74.71,109.37,-0.85,-0.85,-1.95,36.66
1032,13820918,-990.72,77.15,103.03,-0.67,-0.61,-1.89,36.13
1033,13826762,-984.37,76.66,106.45,-0.55,-0.61,-1.71,36.42
1034,13830811,-993.16,73.24,107.91,-0.43,-0.30,-1.83,36.42
1035,13834861,-999.02,74.71,105.47,-0.49,-0.55,-1.71,36.46
1036,13838918,-997.07,77.64,103.52,-0.49,-0.49,-1.71,36.32
1037,13842968,-999.02,77.15,105.96,-0.24,-0.30,-2.20,36.32
1038,13848762,-1001.95,86.43,103.03,-0.18,-0.49,-1.95,36.27
1039,13852811,-999.51,89.36,99.12,-0.24,-0.37,-2.07,36.66
1040,13856861,-995.61,87.40,99.61,-0.37,-0.30,-1.71,36.42
1041,13860918,-999.51,91.80,100.59,-0.30,-0.49,-2.13,36.13
1042,13864968,-1000.98,90.82,102.05,-0.43,-0.43,-1.95,36.27
1043,13870762,-998.05,87.40,96.19,-0.73,-0.55,-2.13,36.13
1044,13874811,-998.54,85.94,100.59,-0.73,-0.61,-2.20,36.32
1045,13878861,-996.09,78.12,98.63,-0.79,-0.61,-2.32,36.27
1046,13882918,-995.12,72.75,99.61,-1.10,-0.37,-1.89,36.42
1047,13886968,-992.68,69.82,98.14,-0.85,-0.55,-1.65,36.32
1048,13892762,-996.09,66.41,104.00,-0.79,-0.37,-1.34,36.22
1049,13896811,-997.07,61.04,101.56,-0.73,-0.30,-1.04,36.27
1050,13900861,-990.72,60.06,102.54,-0.43,-0.12,-0.49,36.46
1051,13904918,-996.58,62.50,101.07,-0.30,-0.24,0.06,36.13
1052,13908968,-995.61,61.52,106.93,-0.37,-0.12,0.55,36.42
1053,13914762,-998.54,68.36,107.91,-0.37,-0.18,0.55,36.32
1054,13918811,-1004.39,75.20,96.68,-0.18,-0.12,0.67,36.42
1055,13922861,-1002.44,78.61,98.63,-0.61,-0.18,0.79,36.32
1056,13926918,-1008.30,85.45,99.12,-0.43,-0.37,0.73,35.98
1057,13930968,-1005.86,83.98,99.12,-0.43,-0.30,0.49,36.32
1058,13936762,-1006.84,82.03,101.56,-0.61,-0.30,0.37,36.42
1059,13940811,-1003.91,76.17,103.52,-0.61,-0.37,0.43,36.13
1060,13944861,-998.54,81.05,100.10,-0.79,-0.37,0.37,36.46
1061,13948918,-999.02,79.59,99.61,-0.61,-0.24,0.24,36.22
1062,13952968,-1001.95,77.64,98.63,-0.67,-0.43,-0.12,36.32
1063,13958762,-995.12,78.61,102.54,-0.55,-0.43,-0.49,36.22
1064,13962811,-1001.46,79.59,101.56,-0.73,-0.49,-0.37,35.98
1065,13966861,-997.07,71.78,97.66,-0.98,-0.67,-0.30,36.27
1066,13970918,-1001.95,77.64,95.70,-0.55,-0.73,-0.18,36.32
1067,13974968,-1000.49,75.20,103.03,-0.73,-0.49,-0.43,36.42
1068,13980762,-998.54,83.01,98.14,-0.91,-0.55,-0.37,36.13
1069,13984811,-1000.00,83.01,97.66,-1.22,-0.61,-0.55,36.08
1070,13988861,-999.51,79.59,102.54,-0.98,-0.55,-0.79,36.51
1071,13992918,-996.09,75.68,102.05,-0.98,-0.79,-0.55,36.51
1072,13996968,-1000.00,81.05,104.00,-1.04,-0.61,-0.61,36.22
1073,14002762,-992.19,68.85,100.10,-1.16,-0.55,-0.12,36.22
1074,14006811,-995.12,77.64,102.05,-1.22,-0.73,0.00,36.32
1075,14010861,-1002.44,72.75,104.98,-0.98,-0.67,-0.24,36.42
1076,14014918,-1003.91,76.17,99.61,-1.16,-0.79,-0.24,36.27
1077,14018968,-996.58,75.68,102.54,-1.10,-0.43,0.06,36.08
1078,14024762,-1002.44,79.10,102.05,-0.79,-0.55,-0.18,36.32
1079,14028811,-997.07,79.59,99.61,-1.04,-0.55,0.12,36.22
1080,14032861,-1000.00,76.66,99.12,-0.91,-0.24,0.37,36.32
1081,14036918,-996.09,76.17,96.68,-0.79,-0.49,0.43,36.13
1082,14042762,-995.12,75.20,102.54,-1.16,-0.49,0.49,36.51
1083,14046811,-995.61,68.36,104.98,-0.85,-0.18,0.55,36.61
1084,14050861,-996.58,75.68,104.49,-0.73,-0.43,0.24,36.46
1085,14054918,-996.58,68.36,100.10,-0.85,-0.49,0.61,36.46
1086,14058968,-999.02,74.22,99.12,-0.73,-0.37,0.85,36.27
1087,14064762,-999.51,78.12,94.73,-1.04,-0.43,0.91,36.46
1088,14068811,-1007.32,78.12,99.61,-0.79,-0.49,0.79,36.32
1089,14072861,-1005.86,78.12,96.68,-1.04,-0.24,0.61,36.42
1090,14076918,-1002.93,80.08,98.14,-0.91,-0.18,0.67,36.27
1091,14080968,-1003.42,82.03,97.66,-1.22,-0.37,0.85,36.22
1092,14086762,-998.54,76.66,99.12,-1.10,-0.55,0.73,36.27
1093,14090811,-995.61,69.34,103.52,-1.16,-0.43,0.67,36.46
1094,14094861,-989.75,69.34,100.10,-1.16,-0.55,1.16,36.32
1095,14098918,-993.65,68.36,105.96,-1.04,-0.43,1.22,36.22
1096,14102968,-997.56,69.82,105.47,-0.91,-0.43,1.22,36.27
1097,14108762,-1001.46,71.78,105.47,-0.91,-0.12,1.40,36.22
1098,14112811,-1001.46,71.78,103.03,-0.67,-0.43,2.13,36.46
1099,14116861,-998.05,76.17,100.10,-0.61,-0.37,2.32,36.51
1100,14120918,-1001.95,76.17,101.07,-0.98,-0.06,2.56,36.27
1101,14124968,-1000.49,73.73,97.66,-0.79,-0.37,2.38,36.51
1102,14130762,-997.07,77.15,101.07,-0.79,-0.43,2.32,36.32
1103,14134811,-998.54,88.87,100.10,-0.85,-0.67,2.01,36.51
1104,14138861,-996.09,90.82,103.03,-0.98,-0.37,1.65,36.51
1105,14142918,-1000.98,94.24,93.26,-0.98,-0.61,1.22,36.42
1106,14146968,-993.65,96.68,97.66,-1.04,-0.61,0.67,36.13
1107,14152762,-997.56,92.29,104.49,-0.91,-0.85,0.55,36.32
1108,14156811,-995.12,89.36,101.07,-1.16,-0.67,0.37,36.27
1109,14160861,-999.51,81.05,101.56,-1.10,-0.73,0.12,36.22
1110,14164918,-1001.46,82.52,102.54,-1.34,-0.85,-0.37,36.27
1111,14168968,-1000.49,84.47,100.59,-1.28,-0.79,-0.43,36.32
1112,14174762,-996.09,83.50,98.63,-1.46,-0.55,-0.49,36.46
1113,14178811,-993.65,78.61,97.17,-1.16,-0.85,-0.49,36.27
1114,14182861,-997.07,75.68,107.42,-1.16,-0.79,-0.18,36.46
1115,14186918,-995.12,69.82,104.98,-1.34,-0.67,0.12,36.51
1116,14190968,-999.51,70.80,98.14,-1.40,-0.67,0.30,36.27
1117,14196762,-1000.49,65.43,96.68,-1.34,-0.79,0.85,36.27
1118,14200811,-1004.39,68.36,94.73,-1.34,-0.98,1.04,36.13
1119,14204861,-1001.46,67.38,105.96,-1.22,-0.73,1.34,36.46
1120,14208918,-1000.49,71.29,98.14,-1.22,-0.61,1.59,36.51
1121,14212968,-997.56,71.78,102.05,-1.16,-0.43,1.65,36.22
1122,14218762,-999.51,74.22,105.47,-1.04,-0.49,1.65,35.94
1123,14222811,-996.09,81.05,99.61,-1.28,-0.49,1.71,36.13
1124,14226861,-999.02,79.59,100.59,-0.98,-0.73,1.83,36.13
1125,14230918,-999.51,83.01,101.56,-1.04,-0.85,1.46,36.51
1126,14234968,-999.51,83.50,102.05,-0.91,-0.55,1.40,36.27
1127,14240762,-996.09,84.96,99.61,-0.98,-0.43,1.16,36.46
1128,14244811,-994.14,85.45,108.40,-1.04,-0.55,1.22,36.32
1129,14248861,-1000.49,87.40,99.61,-1.10,-0.49,0.98,36.46
1130,14252918,-1000.49,83.01,104.49,-1.28,-0.37,0.98,36.27
1131,14258762,-999.51,80.57,99.12,-1.16,-0.49,1.16,36.46
1132,14262811,-1000.98,84.96,98.14,-1.34,-0.37,0.98,36.46
1133,14266861,-1004.39,87.89,98.63,-1.22,-0.79,0.73,36.32
1134,14270918,-1003.91,84.96,94.73,-1.10,-0.79,0.55,36.42
1135,14274968,-1001.46,88.87,95.70,-1.22,-0.73,0.55,36.61
1136,14280762,-1002.44,86.43,101.56,-1.34,-0.73,0.43,36.42
1137,14284811,-1000.98,86.91,98.63,-1.34,-0.85,0.12,36.22
1138,14288861,-995.61,86.91,96.19,-1.22,-0.79,0.00,36.46
1139,14292918,-1000.98,86.91,96.68,-1.34,-0.98,-0.43,36.13
1140,14296968,-1001.95,88.38,98.63,-1.34,-0.91,-0.55,36.46
1141,14302762,-994.63,83.01,102.05,-1.46,-0.85,-0.85,36.42
1142,14306811,-999.02,82.52,96.19,-1.34,-0.79,-0.55,36.42
1143,14310861,-995.12,78.61,102.05,-1.40,-0.91,-0.67,36.42
1144,14314918,-997.56,77.64,105.96,-1.40,-0.79,-0.61,35.98
1145,14318968,-997.07,77.64,98.63,-1.34,-0.85,-0.43,36.51
1146,14324762,-993.65,72.75,98.63,-1.34,-0.91,-0.12,36.46
1147,14328811,-992.68,71.29,103.52,-1.52,-0.91,0.55,36.13
1148,14332861,-996.58,67.87,102.05,-1.10,-0.73,0.43,36.46
1149,14336918,-1001.95,66.89,101.07,-1.10,-0.73,0.91,36.08
1150,14340968,-1000.00,67.87,102.05,-1.10,-0.61,0.91,36.46
1151,14346762,-1003.42,70.31,100.59,-0.91,-0.67,0.43,36.32
1152,14350811,-996.58,74.22,104.98,-0.91,-0.91,0.61,36.46
1153,14354861,-1003.42,79.10,100.59,-0.85,-0.79,0.55,36.13
1154,14358918,-1001.95,80.08,103.03,-0.91,-0.85,0.49,36.13
1155,14362968,-1001.46,88.87,102.54,-1.16,-0.98,0.12,36.51
1156,14368762,-999.51,89.36,109.86,-1.28,-0.98,-0.37,36.13
1157,14372811,-998.54,92.29,96.19,-1.22,-1.16,-0.73,36.51
1158,14376861,-1006.84,87.40,100.10,-1.34,-1.10,-1.10,36.51
1159,14380918,-1001.95,82.03,101.56,-1.22,-1.04,-1.28,36.27
1160,14384968,-998.05,80.57,102.05,-1.46,-0.85,-1.52,36.51
1161,14390762,-995.12,88.87,104.98,-1.46,-0.85,-1.59,36.13
1162,14394811,-1000.00,79.10,107.91,-1.65,-0.85,-1.65,36.08
1163,14398861,-995.12,76.17,102.05,-1.40,-0.91,-1.16,36.46
1164,14402918,-997.56,67.87,101.07,-1.16,-0.91,-1.16,36.51
1165,14406968,-992.68,72.27,104.00,-1.40,-0.98,-0.49,36.66
1166,14412762,-992.68,65.92,106.45,-1.16,-0.98,0.00,36.22
1167,14416811,-992.19,64.45,107.42,-1.10,-0.49,0.55,36.32
1168,14420861,-995.61,64.45,103.52,-1.10,-0.55,0.91,36.32
1169,14424918,-1000.98,71.29,103.03,-1.22,-0.55,1.46,36.42
1170,14428968,-1003.91,78.12,100.10,-0.85,-0.73,1.52,35.98
1171,14434762,-1003.42,81.54,104.49,-0.85,-0.73,1.71,35.94
1172,14438811,-1000.49,85.45,99.12,-0.85,-0.79,1.22,35.94
1173,14442861,-1002.93,87.89,100.59,-1.22,-1.04,0.98,36.13
1174,14446918,-998.05,90.82,103.52,-0.98,-0.79,0.61,36.27
1175,14450968,-999.02,93.26,103.03,-1.04,-0.61,-0.06,36.32
1176,14456762,-999.51,91.31,99.12,-1.04,-0.79,0.00,36.51
1177,14460811,-996.09,91.31,103.03,-1.34,-0.61,-0.73,36.61
1178,14464861,-999.51,93.75,104.49,-1.28,-0.79,-1.10,35.98
1179,14468918,-1000.49,85.94,102.54,-1.28,-0.79,-1.28,36.22
1180,14474762,-1002.93,82.03,98.63,-1.46,-1.04,-1.59,36.51
1181,14478811,-995.61,74.71,103.52,-1.28,-0.91,-1.59,36.13
1182,14482861,-995.61,71.29,103.52,-1.46,-0.67,-1.22,36.22
1183,14486918,-994.14,69.82,101.56,-1.34,-0.61,-1.22,36.32
1184,14490968,-1000.49,67.38,98.14,-1.34,-0.85,-1.16,36.51
1185,14496762,-996.58,64.94,105.47,-1.28,-0.79,-0.30,36.51
1186,14500811,-995.61,65.43,99.61,-1.04,-0.73,0.06,36.32
1187,14504861,-999.51,67.87,105.96,-0.91,-0.79,0.49,36.27
1188,14508918,-994.14,65.43,100.59,-0.91,-0.61,0.61,36.08
1189,14512968,-996.58,70.80,104.49,-0.73,-0.67,1.04,36.32
1190,14518762,-992.19,71.78,104.00,-0.79,-0.61,1.22,36.42
1191,14522811,-994.63,70.31,104.00,-0.85,-0.61,1.59,36.22
1192,14526861,-995.61,75.20,98.63,-0.79,-0.49,1.59,36.46
1193,14530918,-1000.49,82.03,104.00,-0.79,-0.61,1.65,36.22
1194,14534968,-1000.98,83.50,104.49,-0.91,-0.73,1.40,36.22
1195,14540762,-1004.88,87.40,102.05,-0.98,-0.49,1.34,36.46
1196,14544811,-1003.42,83.50,99.12,-0.91,-0.43,0.85,36.46
1197,14548861,-998.54,87.89,104.00,-1.10,-0.49,0.73,36.46
1198,14552918,-990.72,88.38,104.00,-1.16,-0.67,0.61,35.89
1199,14556968,-996.58,86.43,103.03,-1.10,-0.49,0.61,36.46
1200,14562762,-996.58,81.05,101.07,-1.04,-0.43,0.30,36.32
1201,14566811,-1000.00,83.01,102.05,-1.16,-0.43,0.43,36.32
1202,14570861,-997.56,79.59,104.49,-1.16,-0.37,0.49,36.42
1203,14574918,-998.05,76.17,104.98,-1.22,-0.67,0.30,35.94
1204,14578968,-997.07,77.15,96.19,-0.98,-0.37,0.37,36.42
1205,14584762,-1005.86,78.12,95.21,-0.98,-0.61,0.06,36.42
1206,14588811,-1006.84,78.12,95.21,-1.16,-0.79,0.00,36.32
1207,14592861,-1000.49,83.98,97.66,-1.16,-0.79,-0.18,36.46
1208,14596918,-997.56,83.98,94.24,-0.85,-0.91,-0.12,36.32
1209,14600968,-992.19,76.17,100.59,-1.28,-0.49,-0.18,36.32
1210,14606762,-992.19,73.73,105.96,-1.28,-0.67,-0.12,36.46
1211,14610811,-988.77,73.73,110.35,-1.22,-0.55,0.18,36.27
1212,14614861,-999.51,73.73,101.56,-1.10,-0.73,0.49,36.51
1213,14618918,-1000.98,78.61,101.56,-1.10,-0.43,0.37,36.22
1214,14622968,-999.51,78.12,98.14,-0.91,-0.73,-0.06,36.22
1215,14628762,-1006.84,77.15,97.66,-0.91,-0.79,0.12,35.98
1216,14632811,-996.09,78.12,95.21,-0.91,-0.61,0.18,36.32
1217,14636861,-999.51,80.08,101.56,-0.91,-0.49,0.00,36.46
1218,14640918,-1000.49,80.08,106.93,-0.85,-0.61,-0.12,36.13
1219,14644968,-996.09,83.50,102.05,-1.22,-0.61,-0.37,36.27
1220,14650762,-1000.98,81.05,99.12,-0.98,-0.79,0.06,36.22
1221,14654811,-997.07,79.10,102.05,-1.34,-0.61,0.30,36.32
1222,14658861,-997.07,81.54,103.52,-1.16,-0.49,0.06,36.27
1223,14662918,-997.07,79.10,98.63,-1.04,-0.55,-0.43,36.42
1224,14666968,-1002.93,83.98,102.54,-0.91,-0.61,-0.12,36.27
1225,14672762,-1001.46,79.59,96.19,-1.28,-0.67,-0.12,36.32
1226,14676811,-1004.39,76.17,101.07,-1.10,-0.73,-0.37,36.42
1227,14680861,-1002.44,81.54,99.61,-1.04,-0.30,0.00,36.22
1228,14684918,-1004.88,82.52,95.21,-1.40,-0.49,-0.06,36.42
1229,14690762,-998.54,71.78,99.61,-0.85,-0.67,-0.18,36.51
1230,14694811,-993.16,76.17,103.52,-0.98,-0.61,-0.55,36.42
1231,14698861,-1000.00,79.59,98.63,-1.04,-0.73,-0.85,36.27
1232,14702918,-998.54,83.01,98.14,-0.98,-0.79,-0.43,36.22
1233,14706968,-1001.95,77.64,101.07,-1.22,-0.55,-0.43,36.46
1234,14712762,-994.63,79.59,102.05,-1.04,-0.61,-0.73,36.42
1235,14716811,-996.58,79.10,105.96,-1.10,-0.67,-0.67,36.27
1236,14720861,-992.68,71.78,103.03,-1.16,-0.67,-0.73,36.27
1237,14724918,-997.56,75.68,102.54,-1.10,-0.67,-0.49,36.32
1238,14728968,-996.58,73.24,104.98,-1.10,-0.61,-0.06,36.66
1239,14734762,-1000.49,73.73,103.52,-1.40,-0.67,0.37,36.46
1240,14738811,-998.54,74.71,100.59,-0.91,-0.43,0.12,36.51
1241,14742861,-997.07,76.66,103.03,-1.10,-0.67,0.30,36.46
1242,14746918,-1001.95,74.71,100.10,-1.04,-0.61,0.00,35.94
1243,14750968,-1002.44,77.15,96.68,-0.98,-0.43,0.30,36.46
1244,14756762,-1000.00,75.68,103.03,-1.10,-0.43,0.37,36.27
1245,14760811,-998.54,78.12,104.00,-0.98,-0.79,-0.06,36.46
1246,14764861,-998.54,82.52,100.59,-0.98,-0.61,-0.18,36.32
1247,14768918,-1002.93,79.59,102.05,-1.10,-0.49,-0.12,36.32
1248,14772968,-1000.00,82.03,99.61,-1.40,-0.67,-0.37,36.42
1249,14778762,-998.54,82.03,102.54,-1.34,-0.67,-0.37,36.42
1250,14782811,-999.02,83.01,101.56,-1.28,-0.67,-0.61,36.51
1251,14786861,-995.61,83.50,100.10,-1.16,-0.61,-0.67,36.46
1252,14790918,-1000.00,77.64,99.12,-1.10,-0.85,-0.98,36.22
1253,14794968,-1000.00,74.22,100.59,-1.22,-0.55,-0.85,36.32
1254,14800762,-1000.98,78.61,102.05,-1.10,-0.55,-1.10,36.42
1255,14804811,-1000.98,80.08,104.49,-1.04,-0.67,-1.22,36.32
1256,14808861,-993.65,77.64,96.19,-1.10,-0.61,-1.22,36.22
1257,14812918,-997.56,76.66,102.05,-1.28,-0.73,-1.22,36.51
1258,14816968,-1000.98,78.61,104.00,-1.28,-0.67,-1.10,36.27
1259,14822762,-997.56,78.61,103.52,-1.52,-0.73,-1.10,36.32
1260,14826811,-1002.44,70.80,99.12,-1.28,-0.67,-1.16,36.42
1261,14830861,-1003.42,70.80,99.61,-1.28,-0.55,-0.91,36.42
1262,14834918,-1001.46,74.71,104.98,-1.28,-0.67,-1.16,36.22
1263,14838968,-1001.95,73.73,102.05,-1.16,-0.55,-0.85,36.61
1264,14844762,-999.51,72.75,105.47,-1.52,-0.67,-0.79,35.89
1265,14848811,-996.58,70.80,105.47,-1.10,-0.91,-0.55,35.98
1266,14852861,-996.09,72.75,110.84,-1.16,-0.85,-0.49,36.46
1267,14856918,-1000.00,73.73,107.91,-1.10,-0.61,-0.37,36.22
1268,14860968,-1004.88,76.17,101.07,-1.04,-0.61,-0.49,36.13
1269,14866762,-1006.35,73.73,99.61,-1.10,-0.61,-0.30,36.22
1270,14870811,-995.12,76.17,106.93,-1.16,-0.73,-0.12,36.13
1271,14874861,-997.07,71.29,104.49,-1.22,-0.67,-0.12,36.46
1272,14878918,-1000.00,75.68,100.59,-1.16,-0.61,-0.06,36.22
1273,14882968,-1000.00,75.20,101.07,-1.16,-0.61,-0.12,36.13
1274,14888762,-999.02,77.15,101.56,-1.34,-0.61,-0.30,36.27
1275,14892811,-997.07,73.24,100.10,-1.22,-0.73,-0.30,36.51
1276,14896861,-995.12,67.87,105.96,-1.04,-0.67,0.18,36.32
1277,14900918,-994.14,77.15,106.45,-0.98,-0.49,0.43,36.22
1278,14906762,-998.54,73.73,104.00,-1.16,-0.37,0.37,36.46
1279,14910811,-1000.49,73.24,100.59,-1.10,-0.43,0.43,36.27
1280,14914861,-1000.49,74.71,99.12,-1.10,-0.43,0.24,36.32
1281,14918918,-1005.86,78.61,101.07,-0.91,-0.67,0.24,36.32
1282,14922968,-995.12,76.17,103.03,-0.91,-0.43,0.24,36.32
1283,14928762,-999.02,83.01,100.59,-1.10,-0.61,0.06,36.42
1284,14932811,-1000.98,82.52,102.05,-0.98,-0.79,-0.37,36.42
1285,14936861,-1000.49,80.57,99.12,-1.04,-0.73,-0.37,36.13
1286,14940918,-994.63,84.47,100.10,-1.16,-0.85,-0.49,36.51
1287,14944968,-1000.00,80.08,101.56,-1.10,-0.43,-0.55,36.42
1288,14950762,-1004.39,80.08,100.10,-1.10,-0.61,-0.85,36.51
1289,14954811,-1000.00,75.20,98.63,-1.28,-0.79,-1.22,36.08
1290,14958861,-1001.95,76.66,97.17,-1.04,-0.67,-0.67,36.13
1291,14962918,-1002.44,71.29,91.80,-1.10,-0.79,-0.79,36.08
1292,14966968,-1000.98,70.31,103.52,-1.28,-0.67,-0.30,36.13
1293,14972762,-996.09,71.29,102.05,-1.16,-0.85,-0.55,36.61
1294,14976811,-995.61,69.34,100.10,-1.22,-0.49,-0.61,36.32
1295,14980861,-1003.91,63.96,101.07,-1.28,-0.61,-0.49,36.51
1296,14984918,-1003.91,67.87,99.12,-1.28,-0.79,-0.37,36.22
1297,14988968,-1007.32,69.34,103.52,-1.40,-0.79,-0.55,36.22
1298,14994762,-1003.91,73.24,100.10,-1.16,-0.85,-0.85,36.51
1299,14998811,-1002.44,73.24,101.56,-1.46,-0.91,-1.22,36.22
1300,15002861,-996.09,74.22,103.03,-1.28,-0.85,-0.85,36.46
1301,15006918,-994.14,73.24,104.49,-1.34,-0.67,-0.85,36.51
1302,15010968,-991.21,74.22,103.52,-1.16,-0.49,-0.91,36.42
1303,15016762,-999.51,75.68,104.00,-1.40,-0.61,-1.10,36.46
1304,15020811,-1000.49,74.71,102.54,-1.34,-0.43,-0.85,36.22
1305,15024861,-1001.46,68.85,106.93,-1.16,-0.55,-0.61,36.46
1306,15028918,-1000.49,73.24,105.47,-1.34,-0.67,-0.67,36.27
1307,15032968,-999.51,67.38,103.52,-1.22,-0.37,-0.79,36.42
1308,15038762,-997.56,69.82,107.42,-1.28,-0.67,-0.49,36.32
1309,15042811,-997.07,71.78,107.91,-1.10,-0.49,-0.30,36.22
1310,15046861,-995.12,76.17,105.96,-0.98,-0.37,-0.24,36.51
1311,15050918,-998.05,77.15,102.05,-1.10,-0.73,-0.12,36.46
1312,15054968,-993.16,74.71,101.07,-1.40,-0.49,-0.18,36.42
1313,15060762,-996.09,76.17,99.61,-1.28,-0.61,-0.06,36.08
1314,15064811,-1002.93,76.17,105.96,-1.46,-0.73,-0.06,36.13
1315,15068861,-1004.39,79.59,104.00,-1.28,-0.43,-0.30,36.42
1316,15072918,-995.12,77.64,101.07,-1.34,-0.43,-0.37,36.27
1317,15076968,-1001.95,77.64,102.54,-1.22,-0.43,-0.30,36.13
1318,15082762,-1002.93,71.78,104.00,-1.52,-0.67,-0.24,36.46
1319,15086811,-1000.98,77.64,96.19,-1.59,-0.73,-0.73,36.27
1320,15090861,-1004.88,74.71,102.54,-1.46,-0.61,-0.98,36.32
1321,15094918,-1002.44,74.71,96.68,-1.22,-0.55,-0.98,36.42
1322,15098968,-1003.42,75.68,99.12,-1.28,-0.67,-1.04,36.27
1323,15104762,-1002.93,78.61,98.14,-1.46,-0.67,-1.46,36.42
1324,15108811,-1000.98,77.64,95.70,-1.10,-1.04,-1.83,36.13
1325,15112861,-997.07,75.68,96.19,-1.59,-0.98,-2.01,36.46
1326,15116918,-1001.95,77.64,103.03,-1.28,-0.79,-2.07,36.13
1327,15122762,-998.54,69.82,104.49,-1.40,-0.98,-2.44,36.42
1328,15126811,-999.51,70.31,92.77,-1.59,-0.85,-2.62,36.42
1329,15130861,-1000.49,68.36,102.05,-1.28,-0.98,-2.87,36.22
1330,15134918,-1000.98,66.89,103.03,-1.34,-1.22,-2.80,36.42
1331,15138968,-1003.91,69.34,100.10,-1.46,-0.91,-2.74,36.42
1332,15144762,-998.54,66.89,101.07,-1.22,-0.85,-2.62,36.32
1333,15148811,-1000.00,68.36,104.00,-1.10,-1.04,-2.56,36.42
1334,15152861,-999.51,65.92,104.98,-1.28,-0.98,-2.32,36.27
1335,15156918,-995.61,64.45,105.96,-1.34,-0.85,-2.44,36.22
1336,15160968,-1000.49,64.45,102.05,-1.28,-0.79,-2.44,36.42
1337,15166762,-997.07,64.45,99.61,-1.22,-0.85,-2.26,36.27
1338,15170811,-994.63,63.48,104.49,-1.34,-0.79,-2.07,36.42
1339,15174861,-998.05,58.11,103.52,-1.22,-0.91,-1.83,36.42
1340,15178918,-994.14,60.55,101.56,-1.22,-0.73,-1.71,36.27
1341,15182968,-1000.98,68.36,104.00,-1.16,-0.79,-1.46,36.22
1342,15188762,-1008.30,75.20,100.59,-1.16,-1.22,-1.65,36.32
1343,15192811,-1005.37,75.20,102.54,-1.34,-1.10,-2.07,36.61
1344,15196861,-1006.84,70.31,99.61,-1.10,-0.79,-2.20,36.32
1345,15200918,-999.02,68.85,102.54,-1.46,-0.85,-2.07,36.08
1346,15204968,-990.23,64.45,106.45,-1.40,-1.04,-2.13,36.42
1347,15210762,-989.75,63.48,107.42,-1.22,-0.85,-1.77,36.27
1348,15214811,-993.65,65.43,112.30,-0.98,-0.73,-1.34,36.22
1349,15218861,-991.70,64.45,106.93,-1.28,-0.43,-1.16,36.42
1350,15222918,-994.14,66.89,102.54,-1.40,-0.37,-0.61,36.27
1351,15226968,-995.12,62.99,101.56,-1.10,-0.61,-0.67,36.46
1352,15232762,-1002.93,63.96,105.96,-1.22,-0.30,-0.55,36.46
1353,15236811,-999.02,62.01,98.63,-1.10,-0.12,-0.37,36.51
1354,15240861,-999.51,66.89,101.56,-0.91,-0.24,0.12,36.42
1355,15244918,-998.05,65.92,101.07,-1.04,-0.49,0.55,36.27
1356,15248968,-1001.95,65.43,100.59,-0.73,-0.18,0.55,36.46
1357,15254762,-999.02,65.43,101.07,-1.04,-0.24,0.43,36.32
1358,15258811,-1002.44,61.52,100.10,-0.85,-0.12,0.73,36.27
1359,15262861,-999.51,59.08,103.03,-1.04,-0.30,0.79,36.27
1360,15266918,-1001.46,61.04,104.00,-0.91,-0.18,0.98,36.42
1361,15270968,-1007.32,66.89,92.77,-0.73,-0.61,0.67,36.27
1362,15276762,-1007.81,67.38,96.19,-0.98,-0.55,0.55,36.27
1363,15280811,-1004.88,63.48,100.10,-0.85,-0.43,0.30,35.98
1364,15284861,-1007.32,70.80,97.17,-0.98,-0.79,0.24,36.46
1365,15288918,-1003.42,63.96,99.61,-1.22,-0.73,0.00,36.42
1366,15292968,-999.51,70.31,101.07,-1.28,-0.61,0.24,36.13
1367,15298762,-999.51,66.41,100.10,-1.10,-0.79,0.18,36.13
1368,15302811,-998.54,65.92,99.12,-1.16,-0.85,0.12,35.98
1369,15306861,-1001.95,64.45,102.05,-0.98,-0.61,0.24,36.51
1370,15310918,-998.05,64.45,104.98,-1.04,-0.55,0.06,36.66
1371,15314968,-996.58,67.38,102.54,-0.91,-0.55,0.49,36.42
1372,15320762,-999.51,63.48,102.54,-1.16,-0.73,0.55,36.22
1373,15324811,-999.02,61.04,102.05,-1.04,-0.55,1.16,36.46
1374,15328861,-1002.93,65.43,104.49,-0.79,-0.61,1.04,36.32
1375,15332918,-1001.46,64.94,102.05,-0.98,-0.67,1.34,36.42
1376,15338762,-997.56,66.41,100.10,-0.91,-0.79,1.04,36.51
1377,15342811,-1002.44,67.87,104.98,-0.73,-0.67,1.28,36.46
1378,15346861,-997.07,73.73,104.49,-1.10,-0.79,0.73,36.42
1379,15350918,-997.56,74.22,100.10,-1.04,-0.43,0.61,35.98
1380,15354968,-998.54,75.20,100.10,-1.16,-0.67,0.61,36.46
1381,15360762,-1005.86,77.15,100.10,-1.10,-0.85,0.49,36.46
1382,15364811,-1000.00,80.08,104.00,-1.34,-0.98,0.55,36.32
1383,15368861,-997.07,79.10,101.07,-1.52,-0.73,-0.43,36.32
1384,15372918,-1000.00,73.73,98.63,-1.40,-0.91,-0.73,36.51
1385,15376968,-994.14,68.36,104.49,-1.22,-0.55,-0.91,36.27
1386,15382762,-993.16,64.94,103.03,-1.16,-0.73,-0.79,36.42
1387,15386811,-995.61,60.55,106.45,-1.16,-0.67,-0.37,36.46
1388,15390861,-994.63,63.48,104.00,-1.16,-0.67,-0.24,36.32
1389,15394918,-999.02,60.06,108.40,-1.34,-0.61,0.06,36.27
1390,15398968,-994.14,60.06,105.47,-0.98,-0.55,0.30,35.98
1391,15404762,-997.56,52.25,105.47,-0.73,-0.61,0.73,36.42
1392,15408811,-999.02,57.62,100.59,-0.91,-0.79,0.85,36.32
1393,15412861,-999.02,61.52,104.98,-0.91,-0.55,0.98,36.32
1394,15416918,-1003.91,60.55,104.49,-0.91,-0.49,1.28,36.42
1395,15420968,-997.07,69.34,102.05,-0.61,-0.55,1.04,36.46
1396,15426762,-1009.28,73.24,95.70,-0.91,-0.67,0.43,36.61
1397,15430811,-1012.70,79.59,100.59,-0.91,-0.91,-0.24,36.66
1398,15434861,-1005.86,85.94,100.59,-1.16,-0.98,-1.04,36.32
1399,15438918,-1003.91,81.54,97.17,-1.10,-0.91,-1.34,36.22
1400,15442968,-999.51,80.57,104.49,-0.91,-1.10,-1.59,36.42
1401,15448762,-995.12,84.96,104.49,-1.40,-0.91,-2.07,36.32
1402,15452811,-997.56,74.71,104.49,-1.59,-1.22,-2.56,36.13
1403,15456861,-998.54,75.68,102.54,-1.59,-1.34,-2.87,36.27
1404,15460918,-998.54,67.38,101.56,-1.34,-1.04,-2.99,36.42
1405,15464968,-995.61,58.59,104.49,-1.34,-0.98,-2.56,36.66
1406,15470762,-993.65,49.80,104.00,-1.46,-1.04,-2.13,36.42
1407,15474811,-995.61,54.69,109.86,-1.10,-0.67,-1.34,36.13
1408,15478861,-992.19,45.90,104.49,-1.40,-0.91,-0.79,36.46
1409,15482918,-995.12,46.39,101.56,-1.22,-0.79,0.06,36.22
1410,15486968,-999.51,45.41,101.07,-1.16,-0.67,0.85,36.42
1411,15492762,-1003.42,47.36,104.00,-0.91,-0.61,1.59,36.13
1412,15496811,-1001.95,57.13,105.47,-0.79,-0.55,1.83,36.22
1413,15500861,-1006.84,61.52,106.93,-0.98,-0.49,2.01,36.46
1414,15504918,-1005.37,65.43,100.59,-0.98,-0.55,1.71,36.46
1415,15508968,-1006.84,66.41,105.47,-0.98,-0.55,1.52,36.27
1416,15514762,-1000.00,67.87,106.45,-1.10,-0.73,1.46,36.13
1417,15518811,-1002.44,79.59,104.00,-1.28,-0.79,1.34,36.13
1418,15522861,-996.09,77.15,101.56,-1.22,-0.67,0.67,36.61
1419,15526918,-995.61,73.24,101.56,-1.22,-0.61,0.61,36.32
1420,15530968,-995.61,69.34,106.93,-1.46,-0.73,0.43,36.22
1421,15536762,-999.02,73.24,101.07,-1.46,-0.49,0.30,36.22
1422,15540811,-1000.98,66.41,102.54,-1.46,-0.85,0.06,36.42
1423,15544861,-995.12,58.59,101.56,-1.71,-0.79,-0.06,36.46
1424,15548918,-996.09,61.04,98.63,-1.46,-0.49,0.18,36.08
1425,15554762,-994.63,56.64,100.10,-1.16,-0.73,0.73,36.27
1426,15558811,-1000.00,56.15,102.54,-1.16,-0.55,1.04,36.51
1427,15562861,-998.54,53.71,107.91,-0.98,-0.67,1.34,36.32
1428,15566918,-1000.00,65.43,96.68,-1.10,-0.73,1.40,36.42
1429,15570968,-1000.00,60.55,103.52,-0.85,-0.85,1.59,36.22
1430,15576762,-997.56,59.57,107.42,-0.85,-0.37,1.65,36.51
1431,15580811,-997.56,67.87,103.52,-0.91,-0.67,1.83,36.22
1432,15584861,-1001.95,67.87,98.63,-0.67,-0.61,1.95,36.51
1433,15588918,-999.51,77.64,99.61,-0.85,-0.79,1.65,36.46
1434,15592968,-999.51,79.10,106.45,-0.91,-0.73,0.98,36.32
1435,15598762,-996.09,76.66,100.59,-0.98,-0.61,0.67,36.32
1436,15602811,-997.07,81.05,100.10,-1.10,-0.49,0.30,36.51
1437,15606861,-1002.44,78.61,101.56,-1.16,-0.49,0.00,36.51
1438,15610918,-994.63,76.17,105.96,-0.98,-0.67,0.12,35.98
1439,15614968,-995.12,71.78,104.98,-1.16,-0.37,0.06,36.42
1440,15620762,-1000.00,65.92,103.52,-1.46,-0.67,0.24,36.51
1441,15624811,-996.58,63.96,101.07,-1.46,-0.43,0.06,36.42
1442,15628861,-1003.91,63.48,104.49,-1.22,-0.49,0.30,36.32
1443,15632918,-1002.93,57.62,100.10,-1.16,-0.61,0.43,36.42
1444,15636968,-1005.37,58.11,100.59,-1.22,-0.67,0.06,36.42
1445,15642762,-1001.46,61.52,102.54,-1.10,-0.55,0.24,36.13
1446,15646811,-1002.44,64.94,102.05,-1.22,-0.67,0.55,36.51
1447,15650861,-997.56,67.87,102.05,-1.10,-0.55,0.85,36.32
1448,15654918,-997.07,72.27,98.63,-1.16,-0.37,0.98,36.46
1449,15658968,-1003.42,69.82,99.12,-1.28,-0.55,0.61,36.22
1450,15664762,-1000.49,67.38,100.59,-1.28,-0.67,0.55,36.42
1451,15668811,-1000.00,73.24,101.07,-1.46,-0.91,0.55,36.27
1452,15672861,-998.54,65.92,101.56,-1.04,-0.49,0.55,36.32
1453,15676918,-1000.49,67.38,101.56,-1.46,-0.67,0.55,36.51
1454,15680968,-1000.00,63.48,101.56,-1.22,-0.49,0.55,36.46
1455,15686762,-997.56,64.45,101.07,-1.28,-0.73,0.91,36.22
1456,15690811,-997.56,60.55,103.03,-1.34,-0.67,0.79,36.08
1457,15694861,-1002.44,62.50,102.54,-1.40,-0.79,0.67,36.22
1458,15698918,-1000.00,60.55,106.93,-1.28,-0.79,0.30,36.51
1459,15702968,-999.02,60.55,103.52,-1.16,-0.85,0.49,36.46
1460,15708762,-996.09,62.50,103.52,-1.04,-0.67,0.67,36.32
1461,15712811,-992.68,70.80,96.68,-0.98,-0.79,0.61,36.22
1462,15716861,-1003.42,73.24,100.10,-1.22,-0.43,0.73,36.46
1463,15720918,-999.51,79.59,98.63,-1.40,-0.55,-0.06,36.13
1464,15724968,-1007.32,80.57,100.59,-1.40,-0.85,-0.18,36.13
1465,15730762,-1001.95,71.29,104.49,-1.28,-0.85,-0.24,36.32
1466,15734811,-999.51,71.29,100.59,-1.46,-1.10,-0.43,36.08
1467,15738861,-1001.46,74.22,102.54,-1.34,-0.61,-0.73,36.42
1468,15742918,-1000.98,68.36,102.05,-1.34,-0.85,-0.98,36.66
1469,15746968,-994.14,72.75,102.05,-1.16,-0.85,-0.49,36.27
1470,15752762,-1002.44,66.89,101.07,-1.16,-0.85,-0.37,36.46
1471,15756811,-998.54,61.52,101.07,-1.16,-0.98,0.00,36.46
1472,15760861,-1001.46,56.64,105.47,-1.22,-0.79,-0.30,36.32
1473,15764918,-996.09,53.71,103.52,-1.04,-0.67,0.37,36.75
1474,15770762,-999.02,56.15,98.14,-1.22,-0.61,0.55,36.46
1475,15774811,-996.09,64.94,100.10,-0.91,-0.73,1.10,36.46
1476,15778861,-996.09,62.01,102.05,-0.91,-0.49,1.22,36.13
1477,15782918,-998.54,62.99,105.96,-0.73,-0.55,1.22,36.42
1478,15786968,-1001.46,66.41,98.14,-0.55,-0.61,1.71,36.42
1479,15792762,-1004.39,75.68,103.03,-0.67,-0.67,1.22,36.51
1480,15796811,-1000.49,76.66,96.19,-0.73,-0.73,0.98,36.51
1481,15800861,-1002.93,66.89,98.14,-1.04,-0.61,0.43,36.13
1482,15804918,-1003.91,72.27,104.49,-1.16,-0.49,0.49,36.32
1483,15808968,-1001.95,72.27,102.05,-1.28,-0.85,0.06,36.51
1484,15814762,-1003.91,68.36,102.05,-1.34,-0.61,-0.06,36.46
1485,15818811,-1000.49,68.36,100.59,-1.16,-0.67,-0.12,36.32
1486,15822861,-1000.49,66.89,107.42,-1.16,-0.85,-0.37,36.42
1487,15826918,-1005.37,64.94,103.52,-1.22,-0.98,-0.30,36.32
1488,15830968,-1002.44,68.36,100.59,-1.46,-0.79,-0.37,36.27
1489,15836762,-1007.32,63.96,104.98,-1.46,-1.04,-0.55,36.27
1490,15840811,-1004.88,63.96,106.93,-1.52,-0.85,-0.43,36.51
1491,15844861,-999.02,61.04,105.47,-1.34,-0.49,-0.30,36.46
1492,15848918,-996.58,59.08,103.52,-1.16,-0.98,-0.12,36.27
1493,15852968,-999.02,60.06,108.40,-1.10,-0.67,0.37,36.42
1494,15858762,-994.63,62.50,108.89,-0.91,-0.61,0.49,36.42
1495,15862811,-993.65,61.52,106.45,-1.16,-0.61,0.79,36.51
1496,15866861,-997.56,62.50,102.54,-0.98,-0.43,0.85,36.46
1497,15870918,-998.05,62.99,108.40,-0.98,-0.37,1.22,36.32
1498,15874968,-995.61,59.57,105.96,-0.91,-0.61,1.22,36.46
1499,15880762,-1001.46,69.34,105.47,-0.73,-0.12,1.46,36.22
1500,15884811,-1003.91,71.29,103.03,-0.85,-0.49,1.04,36.32
1501,15888861,-1005.37,75.68,100.59,-1.10,-0.61,0.73,36.46
1502,15892918,-1005.37,76.17,100.10,-0.85,-0.55,0.30,36.32
1503,15896968,-1004.88,73.73,99.12,-1.04,-0.37,0.24,36.46
1504,15902762,-996.09,74.71,103.03,-0.98,-0.61,0.00,36.27
1505,15906811,-1002.93,78.61,101.56,-1.10,-0.85,-0.85,35.94
1506,15910861,-1003.42,76.17,99.61,-1.16,-0.61,-1.16,36.13
1507,15914918,-1000.49,76.66,102.05,-1.22,-0.79,-1.52,36.42
1508,15918968,-999.02,75.68,101.07,-1.34,-0.73,-1.16,36.27
1509,15924762,-996.58,69.34,102.54,-1.46,-0.67,-1.52,36.22
1510,15928811,-999.51,67.87,104.98,-1.40,-0.61,-1.59,36.42
1511,15932861,-995.61,62.50,102.54,-1.40,-0.73,-1.59,36.42
1512,15936918,-1003.42,65.43,102.54,-1.46,-0.67,-1.40,36.51
1513,15940968,-1000.98,61.52,103.52,-1.22,-0.61,-1.34,36.42
1514,15946762,-999.51,58.11,100.59,-1.22,-0.79,-1.46,36.32
1515,15950811,-998.54,62.01,101.56,-0.91,-0.67,-0.98,36.22
1516,15954861,-1000.00,56.15,101.56,-0.98,-0.67,-1.04,36.51
1517,15958918,-994.63,55.66,100.10,-1.10,-0.61,-0.43,36.32
1518,15962968,-1000.00,58.11,102.54,-0.79,-0.61,-0.37,36.22
1519,15968762,-997.07,62.01,106.93,-0.91,-0.61,-0.18,36.32
1520,15972811,-999.02,60.55,100.10,-1.22,-0.67,-0.18,36.46
1521,15976861,-999.02,62.99,102.05,-1.16,-0.61,-0.18,36.08
1522,15980918,-1003.42,66.89,105.96,-1.04,-0.55,-0.18,36.51
1523,15986762,-997.56,67.38,104.00,-1.28,-0.85,-0.55,36.42
1524,15990811,-998.05,63.96,97.66,-0.91,-0.67,-0.18,36.46
1525,15994861,-998.54,62.99,101.56,-1.22,-0.61,0.06,36.32
1526,15998918,-1003.91,64.45,104.49,-1.04,-0.49,0.00,36.27
1527,16002968,-1002.93,62.99,105.96,-1.40,-0.79,0.12,36.22
1528,16008762,-1000.49,61.52,103.03,-1.22,-0.49,0.00,36.51
1529,16012811,-1001.95,65.43,100.59,-1.04,-0.67,0.00,36.32
1530,16016861,-994.14,67.38,104.98,-0.91,-0.61,0.12,36.51
1531,16020918,-994.14,64.45,107.42,-1.10,-0.61,0.12,36.22
1532,16024968,-998.05,65.92,104.98,-0.98,-0.67,0.12,36.22
1533,16030762,-999.51,67.87,103.03,-0.91,-0.61,-0.12,36.32
1534,16034811,-1002.93,65.43,104.00,-1.04,-0.73,-0.12,36.32
1535,16038861,-1007.81,69.34,104.49,-1.40,-0.49,-0.06,36.22
1536,16042918,-1003.91,75.68,94.73,-0.91,-0.73,-0.18,36.27
1537,16046968,-1007.81,75.20,101.07,-1.16,-0.43,-0.55,36.13
1538,16052762,-998.54,76.66,99.61,-1.04,-0.73,-1.04,36.46
1539,16056811,-999.51,70.80,103.52,-1.10,-0.79,-1.34,36.51
1540,16060861,-998.54,70.31,104.49,-1.22,-0.49,-1.52,36.42
1541,16064918,-1000.49,72.75,107.42,-1.16,-0.73,-1.59,36.22
1542,16068968,-996.58,66.41,103.03,-1.40,-0.43,-1.71,36.32
1543,16074762,-1000.49,64.45,102.05,-1.34,-0.43,-1.71,36.32
1544,16078811,-995.12,58.11,102.05,-1.04,-0.67,-1.16,36.42
1545,16082861,-997.07,60.55,102.54,-1.28,-0.73,-1.04,36.61
1546,16086918,-1000.49,57.13,103.52,-1.16,-0.61,-0.55,35.98
1547,16090968,-995.12,56.64,99.12,-0.91,-0.73,-0.18,36.32
1548,16096762,-1001.95,54.69,103.03,-1.10,-0.49,0.30,36.51
1549,16100811,-1001.95,53.71,95.70,-0.91,-0.49,0.61,36.27
1550,16104861,-999.51,55.18,102.05,-1.10,-0.55,0.79,36.32
1551,16108918,-1003.42,53.71,100.59,-0.85,-0.49,0.79,36.32
1552,16112968,-1001.46,59.08,103.03,-0.67,-0.79,0.73,36.51
1553,16118762,-1000.49,61.52,104.49,-0.85,-0.61,0.67,36.42
1554,16122811,-1001.46,67.87,104.49,-0.98,-0.55,0.79,36.51
1555,16126861,-1004.39,67.87,104.98,-1.10,-0.61,0.61,35.98
1556,16130918,-1001.95,67.87,102.05,-0.98,-0.61,0.24,36.27
1557,16134968,-1000.00,67.38,104.00,-1.04,-0.61,0.00,36.61
1558,16140762,-1002.44,69.34,102.54,-0.98,-0.67,-0.24,36.27
1559,16144811,-999.02,68.36,101.07,-0.98,-0.91,-0.61,36.22
1560,16148861,-1000.00,68.36,103.52,-1.16,-0.91,-1.04,36.32
1561,16152918,-998.05,64.94,103.52,-0.98,-0.67,-1.22,36.61
1562,16156968,-999.51,62.01,102.54,-1.16,-0.49,-1.10,36.13
1563,16162762,-997.56,64.45,109.86,-1.04,-0.67,-0.79,36.13
1564,16166811,-1000.98,63.48,104.00,-1.10,-0.55,-0.79,36.27
1565,16170861,-1000.49,61.52,102.54,-1.22,-0.43,-0.37,36.51
1566,16174918,-998.05,60.06,101.56,-1.22,-0.55,-0.24,36.27
1567,16178968,-999.02,59.57,109.37,-0.61,-0.49,0.18,36.27
1568,16184762,-993.16,58.59,106.45,-0.79,-0.73,0.12,36.42
1569,16188811,-997.07,60.55,105.47,-1.04,-0.55,0.55,36.46
1570,16192861,-1002.44,62.99,103.03,-0.98,-0.55,0.61,36.61
1571,16196918,-1005.37,59.57,106.93,-0.79,-0.49,0.79,36.46
1572,16202762,-1002.93,62.50,106.93,-0.91,-0.49,0.79,36.46
1573,16206811,-1003.91,70.80,105.47,-1.04,-0.55,0.55,36.46
1574,16210861,-997.56,66.41,110.84,-0.98,-0.67,0.18,36.42
1575,16214918,-1006.35,62.99,106.93,-1.04,-0.73,0.30,35.94
1576,16218968,-999.51,68.36,104.00,-1.22,-0.61,0.18,36.46
1577,16224762,-996.58,66.41,102.05,-0.91,-0.67,0.00,36.46
1578,16228811,-999.51,71.78,104.49,-1.10,-0.55,0.18,36.51
1579,16232861,-998.54,62.99,103.03,-1.10,-0.67,-0.06,36.51
1580,16236918,-999.02,61.04,103.03,-1.16,-0.37,0.06,36.51
1581,16240968,-996.58,61.04,104.00,-1.28,-0.37,-0.12,36.46
1582,16246762,-1002.93,63.48,102.54,-1.10,-0.49,-0.24,36.42
1583,16250811,-998.54,61.04,100.59,-1.04,-0.67,-0.24,36.32
1584,16254861,-998.54,60.55,98.63,-1.22,-0.55,-0.55,36.46
1585,16258918,-1009.77,63.48,98.63,-1.04,-0.43,-0.55,36.13
1586,16262968,-1005.86,60.55,99.12,-1.22,-0.49,-0.91,36.27
1587,16268762,-1000.00,63.48,100.10,-1.22,-0.49,-0.85,36.66
1588,16272811,-997.07,64.94,102.05,-0.91,-0.79,-0.49,36.32
1589,16276861,-993.16,65.43,105.96,-0.91,-0.67,-0.55,36.51
1590,16280918,-997.07,62.99,102.54,-0.91,-0.49,-0.73,36.27
1591,16284968,-998.05,62.99,101.56,-0.91,-0.67,-0.73,36.75
1592,16290762,-1001.46,65.43,104.98,-0.91,-0.67,-0.55,36.42
1593,16294811,-994.63,63.48,102.54,-0.85,-0.49,-0.37,36.27
1594,16298861,-1003.42,64.94,101.07,-0.91,-0.30,-0.18,36.46
1595,16302918,-1001.95,59.57,100.59,-0.73,-0.49,-0.30,36.32
1596,16306968,-1000.98,57.13,103.52,-0.85,-0.37,0.06,36.46
1597,16312762,-1000.49,58.11,99.61,-0.79,-0.73,0.43,36.32
1598,16316811,-1002.44,59.57,105.47,-0.73,-0.37,0.61,36.22
1599,16320861,-1006.35,59.57,98.63,-1.04,-0.67,0.49,36.42
1600,16324918,-1003.42,62.50,99.61,-0.85,-0.43,0.73,36.51
1601,16328968,-1001.95,57.62,101.07,-0.79,-0.61,0.37,36.22
1602,16334762,-1005.37,61.52,95.70,-0.98,-0.30,0.37,36.13
1603,16338811,-1006.35,63.96,100.10,-0.91,-0.61,0.12,36.32
1604,16342861,-1004.88,62.01,107.91,-0.79,-0.49,0.00,36.22
1605,16346918,-1000.49,59.08,104.98,-1.22,-0.55,0.00,36.27
1606,16350968,-997.07,64.45,101.07,-0.98,-0.79,0.00,36.27
1607,16356762,-1002.93,66.89,104.00,-0.91,-0.55,0.12,36.42
1608,16360811,-1002.93,61.04,104.00,-0.79,-0.49,-0.18,36.42
1609,16364861,-1004.39,64.45,101.56,-0.85,-0.55,-0.49,36.46
1610,16368918,-1001.46,66.89,101.56,-0.79,-0.73,-0.73,36.32
1611,16372968,-999.51,63.48,106.93,-0.85,-0.73,-0.67,36.27
1612,16378762,-1003.91,59.08,105.96,-0.98,-0.61,-0.73,36.22
1613,16382811,-1002.44,61.52,102.54,-1.10,-0.67,-0.67,36.22
1614,16386861,-1003.91,65.43,105.47,-1.10,-0.73,-0.79,36.46
1615,16390918,-1003.42,63.48,100.59,-0.73,-0.61,-0.91,36.27
1616,16394968,-1000.49,61.52,101.07,-0.91,-0.61,-0.91,36.42
1617,16400762,-997.56,60.06,103.52,-1.10,-0.55,-0.79,36.46
1618,16404811,-1000.49,59.08,104.49,-0.98,-0.61,-0.73,36.46
1619,16408861,-997.07,56.15,103.03,-1.04,-0.61,-0.61,36.66
1620,16412918,-1002.44,51.27,98.63,-0.98,-0.67,-0.24,36.22
1621,16418762,-998.54,54.69,104.98,-0.91,-0.73,-0.18,36.61
1622,16422811,-1003.42,59.08,101.56,-1.10,-0.73,0.30,36.51
1623,16426861,-1000.98,53.71,101.07,-0.79,-0.61,0.24,36.27
1624,16430918,-1000.49,51.76,99.12,-0.98,-0.61,0.43,36.27
1625,16434968,-1001.95,55.66,101.56,-0.85,-0.67,0.67,36.22
1626,16440762,-999.51,60.55,104.49,-0.98,-0.55,0.61,36.42
1627,16444811,-1000.00,63.96,101.56,-1.04,-0.37,0.73,36.46
1628,16448861,-999.51,62.50,99.61,-1.10,-0.67,0.85,36.51
1629,16452918,-998.54,62.99,103.52,-1.04,-0.73,0.79,36.22
1630,16456968,-1000.49,61.04,104.00,-1.16,-0.73,0.67,36.51
1631,16462762,-1002.93,62.50,99.61,-1.10,-0.61,0.55,36.22
1632,16466811,-1004.39,63.96,100.59,-1.16,-0.67,0.37,36.46
1633,16470861,-1004.88,69.82,103.52,-1.16,-0.85,-0.12,36.51
1634,16474918,-1003.91,67.87,105.96,-1.22,-0.49,-0.30,36.27
1635,16478968,-1007.32,65.92,100.59,-1.28,-0.61,-0.61,36.51
1636,16484762,-1003.91,65.43,102.05,-1.28,-0.79,-0.85,36.51
1637,16488811,-1000.98,60.55,103.03,-1.28,-0.98,-0.55,36.46
1638,16492861,-996.09,59.08,104.98,-1.59,-0.67,-0.73,36.42
1639,16496918,-994.14,57.13,102.05,-1.22,-0.55,-0.79,36.42
1640,16500968,-1001.95,56.15,104.00,-1.34,-0.61,-0.49,36.42
1641,16506762,-995.12,53.22,105.47,-1.34,-0.73,-0.24,36.27
1642,16510811,-992.68,52.73,106.45,-1.22,-0.30,0.30,35.94
1643,16514861,-999.51,49.32,101.07,-1.10,-0.37,0.55,36.51
1644,16518918,-999.02,52.25,100.10,-1.10,-0.37,0.67,36.27
1645,16522968,-1001.46,54.20,104.49,-0.98,-0.49,1.16,36.42
1646,16528762,-1009.77,54.20,100.10,-0.79,-0.55,1.28,36.32
1647,16532811,-1002.44,54.69,98.63,-1.10,-0.37,1.16,36.22
1648,16536861,-1004.39,61.52,100.59,-0.91,-0.43,1.52,36.51
1649,16540918,-1001.95,58.59,107.42,-0.85,-0.43,1.46,36.42
1650,16544968,-1004.88,63.96,101.07,-1.22,-0.49,1.28,36.51
1651,16550762,-999.51,61.04,97.66,-1.16,-0.73,1.52,36.51
1652,16554811,-1003.42,62.99,101.07,-0.85,-0.55,1.22,36.13
1653,16558861,-1001.95,64.45,100.10,-1.34,-0.43,1.10,36.46
1654,16562918,-1000.00,66.89,104.49,-1.40,-0.55,1.16,36.46
1655,16566968,-1005.37,64.94,103.03,-1.28,-0.61,1.04,36.32
1656,16572762,-1000.00,61.52,106.93,-1.52,-0.61,0.67,36.08
1657,16576811,-998.54,60.06,105.47,-1.34,-0.61,0.61,36.42
1658,16580861,-993.16,56.64,106.93,-1.40,-0.79,0.49,36.32
1659,16584918,-997.07,55.66,106.45,-1.46,-0.67,0.85,36.46
1660,16588968,-994.14,53.22,104.98,-1.22,-0.61,1.16,36.42
1661,16594762,-1003.91,54.20,101.07,-1.46,-0.55,1.52,36.13
1662,16598811,-1001.95,55.18,105.96,-1.10,-0.49,1.59,35.98
1663,16602861,-1003.91,51.27,102.05,-1.16,-0.24,1.89,36.46
1664,16606918,-999.51,53.71,106.45,-1.28,-0.24,2.50,36.32
1665,16610968,-999.51,51.27,105.47,-1.22,-0.24,2.56,35.89
1666,16616762,-1000.00,60.06,101.56,-1.10,-0.43,2.68,36.51
1667,16620811,-1003.42,66.41,101.56,-1.10,-0.30,2.38,36.32
1668,16624861,-999.02,65.43,97.66,-0.98,-0.18,2.26,36.51
1669,16628918,-1004.88,71.78,96.19,-0.98,-0.24,2.26,36.66
1670,16634762,-999.02,78.12,102.05,-1.16,-0.18,1.95,36.42
1671,16638811,-1000.98,76.66,99.12,-1.16,-0.24,1.46,36.51
1672,16642861,-1002.44,81.54,99.12,-1.16,-0.18,0.67,36.27
1673,16646918,-1002.93,77.15,101.56,-1.16,-0.24,0.61,36.46
1674,16650968,-999.51,77.64,102.54,-1.28,-0.12,0.37,36.42
1675,16656762,-1002.44,79.59,96.19,-1.71,-0.55,0.18,36.51
1676,16660811,-1002.93,75.20,98.63,-1.22,-0.43,0.00,36.27
1677,16664861,-995.61,66.41,101.07,-1.34,-0.37,-0.18,36.22
1678,16668918,-992.68,63.96,101.07,-1.34,-0.43,-0.24,36.46
1679,16672968,-994.63,56.64,101.56,-0.98,-0.37,-0.06,36.66
1680,16678762,-999.02,59.57,96.19,-0.98,-0.24,0.24,36.61
1681,16682811,-1006.35,59.08,101.56,-1.34,-0.37,0.61,36.46
1682,16686861,-1005.86,55.66,99.12,-1.16,-0.43,0.37,36.66
1683,16690918,-1002.93,58.59,102.54,-1.10,-0.55,0.55,36.27
1684,16694968,-1004.88,58.11,98.14,-0.85,-0.49,0.49,36.13
1685,16700762,-1006.35,57.13,107.42,-1.04,-0.49,0.67,36.51
1686,16704811,-1001.46,57.62,106.45,-1.16,-0.61,0.61,36.42
1687,16708861,-1000.00,62.01,101.07,-1.04,-0.55,0.98,36.46
1688,16712918,-1001.95,62.50,106.93,-1.28,-0.37,1.16,36.75
1689,16716968,-1002.44,64.45,107.42,-1.16,-0.49,0.73,36.46
1690,16722762,-1007.32,65.43,102.05,-1.40,-0.37,0.73,36.51
1691,16726811,-999.02,65.43,102.54,-1.16,-0.55,0.55,36.51
1692,16730861,-1000.98,62.99,104.49,-1.28,-0.18,0.18,36.32
1693,16734918,-998.54,61.04,106.45,-1.28,-0.43,0.49,35.94
1694,16738968,-1000.00,58.59,101.07,-1.59,-0.73,0.49,36.42
1695,16744762,-1000.00,52.73,106.45,-1.71,-0.49,0.73,36.27
1696,16748811,-1000.49,54.69,107.42,-1.22,-0.43,0.91,36.61
1697,16752861,-999.51,58.11,108.40,-1.10,-0.24,0.91,36.22
1698,16756918,-998.05,60.55,104.49,-1.16,-0.49,1.04,36.32
1699,16760968,-997.56,59.08,102.54,-1.10,-0.30,1.10,36.51
1700,16766762,-998.54,66.89,105.96,-1.22,-0.12,1.28,36.51
1701,16770811,-999.02,65.92,102.54,-1.22,-0.37,1.34,36.42
1702,16774861,-998.05,72.75,103.03,-1.16,-0.30,1.10,35.98
1703,16778918,-1000.98,78.61,97.17,-0.79,-0.61,0.61,36.32
1704,16782968,-1000.98,76.66,99.61,-0.79,-0.37,0.49,36.22
1705,16788762,-997.07,81.05,97.66,-1.16,-0.61,0.18,36.27
1706,16792811,-998.54,79.59,98.63,-1.16,-0.67,-0.12,36.32
1707,16796861,-1000.00,73.24,97.66,-1.22,-0.55,-0.12,36.42
1708,16800918,-999.02,70.31,96.68,-1.28,-0.37,-0.67,36.27
1709,16804968,-1001.95,68.85,100.10,-1.40,-0.43,-0.67,36.22
1710,16810762,-1001.46,67.38,95.21,-1.34,-0.43,-0.55,36.32
1711,16814811,-1000.00,63.48,100.59,-1.34,-0.49,-0.91,36.42
1712,16818861,-998.05,61.52,102.05,-1.22,-0.61,-0.79,36.51
1713,16822918,-997.07,55.18,103.52,-1.28,-0.37,-0.85,36.27
1714,16826968,-993.16,55.18,97.17,-1.16,-0.55,-0.24,36.32
1715,16832762,-997.07,54.20,96.68,-1.10,-0.37,-0.12,36.42
1716,16836811,-1001.46,55.18,94.73,-0.98,-0.55,-0.24,36.27
1717,16840861,-1003.91,53.71,98.14,-0.91,-0.24,0.00,36.42
1718,16844918,-1001.46,59.08,96.68,-1.16,-0.55,0.06,36.42
1719,16850762,-1005.37,64.45,101.07,-1.28,-0.67,0.00,36.61
1720,16854811,-1003.42,60.55,97.66,-1.16,-0.67,0.24,36.42
1721,16858861,-999.02,61.52,101.56,-1.04,-0.67,-0.12,36.42
1722,16862918,-998.54,63.96,98.14,-1.16,-0.61,0.00,36.42
1723,16866968,-999.51,64.45,102.05,-1.28,-0.49,-0.12,36.32
1724,16872762,-998.05,56.64,100.59,-1.22,-0.55,-0.43,36.46
1725,16876811,-996.58,51.76,108.89,-1.16,-0.49,0.12,36.32
1726,16880861,-998.54,51.76,108.40,-1.28,-0.49,0.24,36.61
1727,16884918,-998.05,46.87,102.54,-1.04,-0.49,0.61,36.46
1728,16888968,-1002.44,53.71,106.93,-0.85,-0.43,0.91,36.32
1729,16894762,-998.05,51.27,104.98,-0.73,-0.18,1.22,36.51
1730,16898811,-1002.93,55.18,107.91,-0.91,-0.67,1.52,36.27
1731,16902861,-1002.44,56.64,103.52,-0.67,-0.55,1.28,36.42
1732,16906918,-1004.88,58.11,102.54,-0.91,-0.55,1.40,36.22
1733,16910968,-1001.46,65.43,107.91,-0.73,-0.49,1.52,36.32
1734,16916762,-994.63,68.85,103.52,-0.91,-0.43,1.40,36.32
1735,16920811,-1001.46,76.17,103.52,-0.67,-0.67,1.04,36.46
1736,16924861,-999.51,76.66,101.56,-0.85,-0.73,0.55,36.66
1737,16928918,-1001.95,76.66,103.52,-1.16,-0.55,0.55,36.08
1738,16932968,-1007.32,79.10,105.47,-1.10,-0.43,0.24,36.13
1739,16938762,-1003.42,79.59,100.59,-1.16,-0.43,0.18,36.22
1740,16942811,-1000.00,77.64,103.03,-1.40,-0.73,-0.24,36.46
1741,16946861,-999.02,71.29,104.98,-1.34,-0.67,-0.55,36.32
1742,16950918,-996.58,66.89,103.52,-1.52,-0.61,-0.73,36.32
1743,16954968,-998.05,61.52,99.12,-1.40,-0.67,-0.55,36.32
1744,16960762,-999.02,64.45,105.47,-1.22,-0.67,-0.18,36.66
1745,16964811,-1000.49,59.57,105.47,-1.22,-0.55,-0.30,36.32
1746,16968861,-999.02,57.13,104.00,-1.34,-0.73,-0.49,36.46
1747,16972918,-1000.98,56.64,103.52,-1.16,-0.98,0.06,36.42
1748,16976968,-993.16,49.32,104.49,-1.04,-0.67,0.43,36.27
1749,16982762,-1002.44,53.71,104.00,-1.04,-0.49,0.61,36.46
1750,16986811,-999.51,53.71,98.63,-0.91,-0.67,0.49,36.22
1751,16990861,-1005.86,57.62,96.68,-0.98,-0.43,0.61,36.75
1752,16994918,-1003.42,62.01,101.07,-0.67,-0.30,0.55,36.46
1753,16998968,-999.51,60.55,102.54,-1.16,-0.73,0.55,36.32
1754,17004762,-996.58,61.52,100.59,-0.98,-0.49,0.61,36.27
1755,17008811,-999.02,58.59,103.03,-0.85,-0.37,0.43,36.46
1756,17012861,-999.51,60.06,104.49,-1.04,-0.55,0.37,36.27
1757,17016918,-998.05,64.45,104.98,-0.85,-0.67,0.43,36.22
1758,17020968,-1000.00,59.57,102.54,-1.10,-0.67,0.43,36.13
1759,17026762,-996.58,63.96,104.00,-0.98,-0.24,0.61,36.46
1760,17030811,-1001.46,57.13,97.66,-1.22,-0.55,0.55,36.27
1761,17034861,-1004.39,62.01,94.73,-0.98,-0.43,0.79,36.42
1762,17038918,-1001.46,64.45,99.12,-1.04,-0.73,0.85,36.51
1763,17042968,-1001.46,62.01,101.56,-1.16,-0.55,0.55,36.46
1764,17048762,-1000.00,64.45,98.63,-1.22,-0.67,0.61,36.51
1765,17052811,-1001.46,62.50,96.68,-1.22,-0.43,0.79,36.46
1766,17056861,-1001.46,61.52,101.56,-1.40,-0.67,0.61,36.61
1767,17060918,-1000.00,58.59,98.63,-1.16,-0.61,1.04,36.51
1768,17066762,-999.51,64.94,97.17,-1.28,-0.67,1.04,36.51
1769,17070811,-1000.49,64.45,103.52,-1.40,-0.55,0.85,36.46
1770,17074861,-1003.91,64.45,106.45,-1.34,-0.49,1.04,36.22
1771,17078918,-1001.95,62.50,104.98,-1.16,-0.67,1.16,36.27
1772,17082968,-999.02,65.43,105.96,-1.10,-0.67,1.10,36.46
1773,17088762,-1001.95,69.82,102.54,-0.98,-0.49,1.40,35.98
1774,17092811,-1003.91,66.89,107.91,-1.40,-0.73,1.28,36.51
1775,17096861,-998.54,67.38,105.96,-1.10,-0.24,1.28,36.32
1776,17100918,-999.02,65.43,104.49,-1.10,-0.55,1.28,36.66
1777,17104968,-998.54,65.43,99.61,-1.04,-0.43,1.04,36.46
1778,17110762,-1003.42,71.78,102.05,-0.91,-0.30,0.79,36.75
1779,17114811,-1000.98,65.92,100.59,-1.16,-0.49,0.61,36.51
1780,17118861,-1000.98,65.43,99.61,-1.04,-0.49,0.43,36.42
1781,17122918,-1002.44,65.92,104.00,-1.10,-0.43,0.24,36.32
1782,17126968,-997.56,66.41,105.47,-1.16,-0.73,0.18,36.27
1783,17132762,-998.05,63.96,99.61,-1.40,-0.49,0.00,36.66
1784,17136811,-1000.98,63.96,97.66,-1.22,-0.67,0.06,36.32
1785,17140861,-1000.00,66.89,100.10,-1.22,-0.67,0.18,36.08
1786,17144918,-1000.49,68.85,103.03,-1.10,-0.85,0.00,36.13
1787,17148968,-994.63,63.48,102.05,-1.10,-0.67,0.00,36.42
1788,17154762,-1002.93,62.99,100.59,-1.28,-0.55,-0.30,36.46
1789,17158811,-1002.44,58.11,101.56,-1.10,-0.49,0.00,36.46
1790,17162861,-1000.00,58.59,104.98,-1.16,-0.49,0.43,36.46
1791,17166918,-1006.84,56.64,99.61,-1.22,-0.43,0.12,36.13
1792,17170968,-998.05,57.13,96.68,-1.10,-0.37,0.55,36.51
1793,17176762,-1002.44,61.52,104.49,-0.98,-0.49,0.79,36.42
1794,17180811,-1004.88,62.50,101.07,-1.04,-0.43,0.85,36.42
1795,17184861,-1000.49,63.48,97.66,-1.10,-0.43,0.73,36.22
1796,17188918,-1005.86,64.45,102.54,-1.10,-0.55,0.73,36.22
1797,17192968,-998.54,63.48,105.47,-1.28,-0.73,0.61,36.42
1798,17198762,-1000.00,66.89,99.12,-1.10,-0.61,0.55,36.51
1799,17202811,-997.56,66.41,97.17,-1.34,-0.67,0.24,36.27
1800,17206861,-996.09,66.89,99.12,-1.16,-0.55,0.24,36.27
1801,17210918,-999.02,66.41,99.12,-1.04,-0.55,0.18,36.32
1802,17214968,-1000.98,65.92,103.03,-1.34,-0.49,0.12,36.42
1803,17220762,-994.14,68.85,103.03,-1.34,-0.49,0.06,36.22
1804,17224811,-996.58,65.92,106.93,-1.04,-0.55,0.18,36.22
1805,17228861,-999.02,61.52,105.96,-1.16,-0.67,0.37,36.32
1806,17232918,-999.51,63.48,106.45,-1.22,-0.61,0.43,36.61
1807,17236968,-1002.93,59.57,102.05,-1.10,-0.55,0.37,36.22
1808,17242762,-1004.88,58.59,102.54,-0.85,-0.61,0.43,36.42
1809,17246811,-1000.00,61.04,100.10,-1.16,-0.43,0.49,36.32
1810,17250861,-998.54,62.01,99.12,-1.34,-0.61,0.67,36.42
1811,17254918,-999.02,63.96,98.63,-1.16,-0.67,0.91,36.42
1812,17258968,-1001.46,64.94,104.49,-1.10,-0.61,0.79,36.13
1813,17264762,-1000.98,68.85,100.59,-1.04,-0.55,0.30,36.32
1814,17268811,-999.02,68.36,101.07,-1.04,-0.61,0.12,36.13
1815,17272861,-1005.86,75.20,98.63,-0.98,-0.61,-0.24,36.13
1816,17276918,-999.51,68.36,100.59,-1.22,-1.04,-0.24,36.13
1817,17282762,-1000.00,71.29,99.12,-1.52,-0.61,-0.55,36.22
1818,17286811,-1004.88,68.36,101.56,-1.40,-0.67,-0.49,36.46
1819,17290861,-996.09,65.43,104.00,-1.40,-0.73,-0.49,36.42
1820,17294918,-995.61,62.01,103.03,-1.46,-0.49,-0.30,36.27
1821,17298968,-1000.00,60.06,100.10,-1.16,-0.61,-0.18,36.42
1822,17304762,-1000.98,56.64,101.56,-1.16,-0.67,-0.18,36.32
1823,17308811,-1001.46,56.15,99.61,-1.28,-0.30,0.24,36.32
1824,17312861,-1004.39,54.69,98.14,-1.22,-0.18,0.73,36.75
1825,17316918,-1005.37,56.64,101.07,-1.04,-0.49,0.79,36.46
1826,17320968,-1005.86,59.57,100.59,-1.34,-0.55,1.16,36.51
1827,17326762,-1000.49,60.06,103.52,-1.28,-0.55,1.10,36.32
1828,17330811,-999.51,58.59,100.59,-1.16,-0.43,1.28,36.42
1829,17334861,-999.02,60.55,95.21,-1.34,-0.30,1.22,36.32
1830,17338918,-1004.88,65.92,101.07,-1.28,-0.30,1.16,36.42
1831,17342968,-1004.39,67.38,96.19,-1.40,-0.49,1.10,36.46
1832,17348762,-1002.93,71.29,101.07,-1.34,-0.61,0.49,36.46
1833,17352811,-1007.81,71.78,99.61,-1.34,-0.61,-0.18,36.42
1834,17356861,-1004.39,68.85,101.07,-1.28,-0.73,-0.18,36.46
1835,17360918,-1008.79,68.36,98.63,-1.22,-0.79,-0.18,35.98
1836,17364968,-1000.00,69.34,98.63,-1.34,-0.85,-0.37,36.46
1837,17370762,-1001.95,68.36,99.12,-1.52,-1.04,-0.73,36.61
1838,17374811,-996.58,65.92,104.98,-1.34,-0.91,-0.91,36.61
1839,17378861,-1002.93,60.55,102.05,-1.34,-0.73,-0.91,36.22
1840,17382918,-1001.46,60.55,100.10,-1.34,-1.10,-0.98,36.13
1841,17386968,-1000.98,66.41,102.54,-1.34,-0.85,-0.85,36.32
1842,17392762,-996.09,69.34,104.49,-1.16,-0.79,-0.79,36.51
1843,17396811,-998.54,61.52,104.49,-1.40,-0.61,-0.61,36.32
1844,17400861,-996.09,58.11,102.05,-1.22,-0.79,-0.67,36.27
1845,17404918,-1000.98,61.52,107.91,-1.28,-0.73,-0.43,36.27
1846,17408968,-1000.00,63.48,105.96,-1.10,-0.79,0.12,36.46
1847,17414762,-994.63,60.55,101.07,-0.91,-0.79,-0.18,36.42
1848,17418811,-999.51,63.48,105.47,-0.98,-0.43,0.18,36.32
1849,17422861,-996.09,65.43,104.98,-0.85,-0.91,0.24,36.27
1850,17426918,-998.05,59.57,104.49,-0.85,-0.85,0.24,36.32
1851,17430968,-995.61,64.45,102.54,-0.98,-0.55,0.30,36.42
1852,17436762,-1002.44,70.80,104.98,-0.79,-0.67,0.00,36.13
1853,17440811,-1004.88,74.22,105.47,-0.67,-0.67,-0.37,36.08
1854,17444861,-1000.00,73.73,102.54,-0.79,-0.67,-0.79,36.42
1855,17448918,-999.51,70.80,101.07,-0.91,-0.67,-0.79,36.32
1856,17452968,-1001.46,76.17,102.05,-1.28,-0.79,-1.34,36.27
1857,17458762,-1003.42,73.24,97.17,-1.04,-0.61,-1.10,36.22
1858,17462811,-999.51,65.92,102.05,-1.10,-0.85,-1.22,36.27
1859,17466861,-998.05,59.08,102.05,-1.16,-0.79,-1.28,36.46
1860,17470918,-999.51,64.45,96.68,-1.04,-0.85,-1.40,36.46
1861,17474968,-1000.49,62.50,98.63,-0.91,-0.98,-1.16,36.13
1862,17480762,-1002.44,58.11,95.21,-1.16,-0.61,-1.34,36.27
1863,17484811,-1002.44,54.20,96.68,-1.04,-0.85,-1.10,36.51
1864,17488861,-998.54,57.13,95.70,-1.04,-0.79,-0.79,36.42
1865,17492918,-998.05,54.69,95.21,-1.04,-0.98,-0.79,36.42
1866,17498762,-1004.39,56.15,96.19,-0.61,-0.91,-0.79,36.46
1867,17502811,-1004.88,54.69,99.12,-0.91,-1.04,-0.73,36.42
1868,17506861,-1005.86,55.18,102.54,-0.73,-1.04,-0.55,36.32
1869,17510918,-1000.00,53.71,98.63,-0.91,-0.98,-0.49,36.13
1870,17514968,-995.61,55.18,98.14,-0.85,-0.85,-0.85,36.46
1871,17520762,-1000.00,55.18,104.49,-0.85,-0.79,-0.67,36.42
1872,17524811,-999.51,56.64,105.47,-1.22,-0.55,-0.18,36.61
1873,17528861,-997.56,57.62,106.93,-0.91,-0.85,-0.18,36.22
1874,17532918,-1003.42,56.15,97.66,-0.98,-0.85,-0.37,36.51
1875,17536968,-997.56,59.08,101.56,-1.16,-0.55,-0.43,36.13
1876,17542762,-1000.00,58.11,108.40,-0.98,-0.73,-0.12,36.32
1877,17546811,-999.51,56.15,104.98,-0.85,-0.67,0.00,36.27
1878,17550861,-995.61,50.78,104.49,-1.10,-0.49,0.61,36.46
1879,17554918,-991.70,49.80,108.89,-0.73,-0.30,0.85,35.98
1880,17558968,-1000.98,55.66,107.42,-0.79,-0.49,1.04,36.42
1881,17564762,-993.65,55.66,103.03,-0.73,-0.49,1.89,36.61
1882,17568811,-999.51,56.15,106.45,-0.79,-0.37,2.01,36.61
1883,17572861,-1000.49,60.55,104.00,-0.85,-0.18,2.32,36.42
1884,17576918,-1001.46,64.94,104.00,-0.85,-0.18,2.26,36.27
1885,17580968,-1004.88,70.31,99.61,-0.67,-0.30,2.26,36.46
1886,17586762,-1007.32,74.71,101.07,-1.28,-0.49,1.95,36.32
1887,17590811,-997.07,83.01,106.93,-1.28,-0.37,1.16,36.32
1888,17594861,-1000.00,75.68,96.68,-1.34,-0.37,0.85,36.51
1889,17598918,-1000.98,76.17,99.12,-1.22,-0.49,0.67,36.22
1890,17602968,-1002.93,72.27,99.12,-1.16,-0.73,0.18,36.32
1891,17608762,-999.51,76.66,102.54,-1.34,-0.55,0.12,36.27
1892,17612811,-995.12,64.94,97.66,-1.34,-0.73,-0.43,36.46
1893,17616861,-999.02,67.38,98.63,-1.34,-0.61,-0.12,36.46
1894,17620918,-1001.95,61.52,102.54,-1.34,-0.85,-0.24,36.51
1895,17624968,-1001.95,62.50,99.12,-1.40,-0.85,-0.12,36.27
1896,17630762,-1002.44,51.27,96.19,-1.52,-0.49,0.06,36.66
1897,17634811,-1003.91,56.64,100.10,-1.34,-0.61,0.24,36.32
1898,17638861,-1001.46,54.69,103.03,-1.46,-0.98,0.61,36.66
1899,17642918,-1004.39,59.57,99.12,-1.28,-0.67,0.73,36.51
1900,17646968,-1004.88,53.22,96.68,-1.22,-0.73,0.73,36.46
1901,17652762,-1004.39,51.27,100.59,-1.10,-0.79,1.46,36.27
1902,17656811,-1000.00,50.29,102.54,-1.10,-0.79,1.52,36.13
1903,17660861,-996.58,55.18,101.07,-1.22,-0.61,1.83,36.27
1904,17664918,-997.56,48.34,99.61,-0.98,-0.85,2.13,36.32
1905,17668968,-999.51,51.76,101.07,-0.85,-0.73,1.95,36.13
1906,17674762,-999.51,54.20,106.93,-0.73,-0.43,2.07,36.46
1907,17678811,-998.54,59.57,100.10,-0.91,-1.04,1.40,35.94
1908,17682861,-1007.32,66.89,100.10,-0.79,-0.67,1.28,36.46
1909,17686918,-1004.39,73.24,103.52,-0.61,-0.79,0.79,36.27
1910,17690968,-1007.32,75.68,104.98,-0.98,-0.79,0.55,36.13
1911,17696762,-999.02,71.29,102.05,-0.79,-0.73,0.24,36.46
1912,17700811,-998.54,76.66,101.07,-0.98,-0.67,0.12,36.27
1913,17704861,-999.51,71.29,104.49,-0.98,-0.73,0.00,36.51
1914,17708918,-1002.93,73.73,102.54,-1.04,-0.79,-0.24,36.32
1915,17714762,-1002.44,70.31,100.59,-0.98,-0.73,-0.43,36.13
1916,17718811,-993.16,65.43,102.05,-1.34,-0.55,-0.43,36.42
1917,17722861,-994.14,59.57,108.89,-1.04,-0.49,-0.43,36.51
1918,17726918,-999.02,62.01,102.54,-1.22,-0.49,-0.43,36.51
1919,17730968,-996.09,54.69,100.10,-0.98,-0.49,0.24,36.22
1920,17736762,-994.63,61.04,102.54,-1.16,-0.67,0.55,36.22
1921,17740811,-998.54,62.99,104.49,-1.04,-0.73,0.85,36.46
1922,17744861,-999.51,56.64,99.61,-0.98,-0.73,1.16,36.51
1923,17748918,-996.09,64.94,101.07,-1.10,-0.43,1.16,36.51
1924,17752968,-1002.44,63.48,103.03,-1.04,-0.61,1.34,36.22
1925,17758762,-1002.44,65.43,102.54,-1.04,-0.61,1.10,36.46
1926,17762811,-1010.25,67.87,101.07,-1.22,-0.67,0.67,36.46
1927,17766861,-1000.49,69.34,98.14,-1.22,-0.61,0.73,36.32
1928,17770918,-1004.39,75.68,97.66,-1.10,-0.98,0.73,36.46
1929,17774968,-1003.42,72.75,100.59,-1.28,-0.79,0.12,36.51
1930,17780762,-1004.88,71.29,100.10,-1.16,-0.73,-0.43,36.51
1931,17784811,-1000.49,68.36,103.03,-1.16,-0.73,-0.61,36.42
1932,17788861,-1002.44,69.82,105.96,-1.10,-0.73,-0.91,36.75
1933,17792918,-1002.44,62.01,100.59,-1.46,-0.73,-0.91,36.13
1934,17796968,-1000.49,59.08,100.59,-1.34,-0.67,-1.34,36.51
1935,17802762,-999.51,63.48,101.07,-1.40,-0.79,-1.16,36.46
1936,17806811,-1000.98,53.22,104.00,-1.22,-0.61,-0.91,36.46
1937,17810861,-1000.49,56.15,103.52,-1.04,-0.73,-0.79,36.27
1938,17814918,-995.61,51.27,100.59,-1.16,-0.73,-0.79,36.27
1939,17818968,-995.61,50.29,104.00,-1.04,-0.91,0.06,36.42
1940,17824762,-996.09,48.83,106.45,-1.16,-0.73,0.00,36.46
1941,17828811,-993.65,50.78,103.52,-0.91,-0.79,0.49,36.42
1942,17832861,-998.54,52.25,106.45,-0.55,-0.79,0.91,36.46
1943,17836918,-1002.44,55.66,104.00,-0.67,-0.73,1.16,36.61
1944,17840968,-1005.37,61.04,101.07,-0.73,-0.43,1.34,36.46
1945,17846762,-1006.35,65.43,98.63,-0.49,-0.61,1.04,36.32
1946,17850811,-1004.88,69.82,101.56,-0.73,-0.91,1.10,36.13
1947,17854861,-999.51,75.20,104.00,-0.73,-0.91,0.85,36.51
1948,17858918,-1002.44,73.24,97.17,-1.10,-0.85,0.67,36.66
1949,17862968,-998.05,76.17,99.61,-1.22,-0.55,0.49,36.27
1950,17868762,-1000.98,73.24,104.00,-1.04,-0.85,0.12,36.42
1951,17872811,-997.07,76.17,106.93,-1.10,-0.73,-0.12,36.27
1952,17876861,-1000.98,65.92,101.07,-1.40,-0.73,-0.18,36.27
1953,17880918,-998.54,68.85,103.03,-1.28,-0.61,-0.43,36.46
1954,17884968,-996.09,68.36,100.10,-1.28,-0.79,-0.61,36.46
1955,17890762,-1001.95,64.45,103.52,-1.10,-0.73,-0.43,36.13
1956,17894811,-996.58,61.04,101.07,-1.16,-0.49,-0.24,36.27
1957,17898861,-999.02,59.08,101.56,-0.91,-0.61,-0.12,36.66
1958,17902918,-995.61,60.06,100.59,-1.10,-0.73,0.18,36.51
1959,17906968,-997.56,59.08,102.54,-0.98,-0.79,0.18,36.51
1960,17912762,-1002.93,60.06,101.07,-1.04,-0.55,0.18,36.32
1961,17916811,-999.02,59.08,102.05,-1.16,-0.67,0.43,36.32
1962,17920861,-1002.44,61.04,100.59,-0.91,-0.79,0.43,36.51
1963,17924918,-995.61,60.55,101.07,-1.04,-0.79,0.18,36.51
1964,17930762,-997.07,61.52,99.12,-0.98,-0.55,0.00,36.61
1965,17934811,-1000.98,59.57,99.61,-1.16,-0.73,0.06,36.51
1966,17938861,-1001.46,65.43,103.03,-0.91,-0.73,0.18,36.22
1967,17942918,-1005.86,58.11,100.10,-1.04,-0.30,0.12,36.46
1968,17946968,-1003.91,62.50,102.54,-1.10,-0.55,-0.06,36.66
1969,17952762,-1000.98,62.99,100.10,-0.98,-0.79,-0.43,36.42
1970,17956811,-1003.91,67.87,102.05,-1.16,-0.91,-0.61,36.22
1971,17960861,-1001.46,64.45,97.66,-0.98,-0.91,-0.37,36.32
1972,17964918,-1003.42,57.13,101.07,-0.98,-0.73,-0.55,36.51
1973,17968968,-995.61,58.11,99.12,-1.10,-0.85,-0.24,36.42
1974,17974762,-996.09,57.13,107.91,-1.04,-0.79,-0.06,36.42
1975,17978811,-993.16,57.62,102.54,-1.16,-0.43,0.00,36.42
1976,17982861,-997.56,54.69,102.54,-0.98,-0.85,0.18,36.51
1977,17986918,-997.07,57.62,104.49,-0.91,-0.55,0.79,36.22
1978,17990968,-1003.91,57.13,106.45,-1.04,-0.79,0.85,36.13
1979,17996762,-998.05,57.62,104.00,-0.73,-0.73,0.91,36.61
1980,18000811,-1001.46,62.50,97.66,-1.10,-0.49,1.22,36.51
1981,18004861,-1003.91,62.01,103.52,-0.98,-0.55,1.16,36.51
1982,18008918,-1005.86,62.99,106.93,-0.85,-0.61,1.28,36.32
1983,18012968,-998.54,63.48,103.03,-1.10,-0.61,1.40,36.51
1984,18018762,-996.09,65.43,102.54,-1.04,-0.30,1.16,36.42
1985,18022811,-998.05,64.94,104.49,-0.98,-0.55,1.22,36.51
1986,18026861,-998.54,65.92,107.42,-0.98,-0.49,0.91,36.51
1987,18030918,-998.54,65.92,103.03,-1.04,-0.55,0.79,36.13
1988,18034968,-1000.00,58.59,103.03,-1.16,-0.43,0.49,36.51
1989,18040762,-996.09,60.06,108.40,-0.73,-0.43,0.61,36.32
1990,18044811,-997.56,61.04,107.42,-1.04,-0.24,0.67,36.32
1991,18048861,-999.02,60.55,100.10,-0.85,-0.37,0.67,36.51
1992,18052918,-1001.46,57.62,104.00,-0.79,-0.55,0.85,36.61
1993,18056968,-1003.42,58.59,98.63,-0.79,-0.43,0.85,36.22
1994,18062762,-1004.88,62.50,106.45,-0.73,-0.55,0.79,36.75
1995,18066811,-1008.79,69.82,100.59,-0.98,-0.24,0.91,36.42
1996,18070861,-1002.93,68.36,99.61,-0.85,-0.37,0.61,36.61
1997,18074918,-1001.46,70.31,103.52,-0.79,-0.43,0.49,36.46
1998,18078968,-1002.44,68.36,101.56,-1.04,-0.67,0.37,36.46
1999,18084762,-1000.49,66.41,102.05,-0.98,-0.55,0.61,36.22
2000,18088811,-1000.49,69.82,101.56,-0.98,-0.67,0.18,36.51
2001,18092861,-1004.39,67.87,101.56,-1.04,-0.55,0.18,36.61
2002,18096918,-1000.49,66.89,98.63,-1.22,-0.67,0.30,36.32
2003,18100968,-1002.44,62.99,97.66,-1.16,-0.43,0.24,36.13
2004,18106762,-999.02,64.94,101.56,-1.10,-0.55,0.18,36.08
2005,18110811,-998.54,55.66,97.66,-1.34,-0.73,0.37,36.27
2006,18114861,-996.58,55.18,102.05,-1.16,-0.67,0.43,36.22
2007,18118918,-998.54,55.18,104.00,-0.91,-0.73,0.55,36.22
2008,18122968,-1000.00,59.57,105.96,-1.22,-0.73,0.85,36.22
2009,18128762,-1000.49,60.06,98.63,-1.10,-0.85,1.04,36.32
2010,18132811,-1003.91,64.45,104.49,-0.91,-0.73,0.67,36.46
2011,18136861,-1004.39,70.80,97.66,-1.04,-0.85,0.30,36.80
2012,18140918,-1006.84,74.22,102.54,-1.10,-0.91,0.49,36.42
2013,18146762,-996.58,71.29,105.96,-0.98,-0.61,0.24,36.51
2014,18150811,-997.56,66.41,105.47,-0.98,-0.73,0.06,36.46
2015,18154861,-999.51,68.36,102.05,-1.16,-0.79,-0.18,36.46
2016,18158918,-999.02,65.92,98.14,-1.16,-0.67,-0.06,36.46
2017,18162968,-995.61,68.85,100.59,-1.10,-0.43,-0.43,36.46
2018,18168762,-1000.49,69.82,103.03,-1.22,-0.73,-0.61,36.42
2019,18172811,-1001.95,64.94,102.54,-0.98,-0.67,-0.67,36.13
2020,18176861,-1000.49,60.06,104.00,-1.22,-0.85,-0.67,36.32
2021,18180918,-998.05,55.18,101.56,-1.16,-0.91,-0.24,36.51
2022,18184968,-1000.00,57.13,100.10,-1.10,-0.49,-0.30,36.66
2023,18190762,-995.61,59.08,105.47,-1.16,-0.67,-0.06,36.51
2024,18194811,-995.61,61.52,101.56,-0.98,-0.43,0.12,36.61
2025,18198861,-1000.49,59.08,101.07,-1.16,-0.61,0.30,36.42
2026,18202918,-998.54,60.55,104.00,-1.22,-0.79,0.37,35.98
2027,18206968,-1002.93,52.73,100.59,-0.85,-0.67,0.49,36.46
2028,18212762,-998.54,58.59,99.61,-1.10,-0.30,0.85,36.51
2029,18216811,-1001.46,54.69,98.63,-1.22,-0.55,1.40,36.46
2030,18220861,-1000.98,60.06,104.00,-1.22,-0.73,1.34,36.46
2031,18224918,-1006.35,58.11,101.07,-1.16,-0.67,1.16,36.42
2032,18228968,-1003.91,64.45,100.59,-1.10,-0.55,0.91,36.27
2033,18234762,-1007.32,69.34,101.07,-0.91,-0.55,0.30,36.51
2034,18238811,-1001.95,69.34,104.98,-1.10,-0.67,0.61,36.32
2035,18242861,-999.02,67.87,104.00,-1.10,-0.73,0.30,36.46
2036,18246918,-994.63,72.27,104.98,-1.22,-0.91,0.24,36.27
2037,18250968,-993.16,68.36,102.54,-0.98,-0.79,0.12,36.61
2038,18256762,-1001.46,66.89,107.42,-1.04,-0.49,-0.12,36.46
2039,18260811,-998.05,67.38,106.93,-1.22,-0.61,0.12,36.27
2040,18264861,-999.02,62.99,100.59,-1.22,-0.49,0.24,36.22
2041,18268918,-1002.93,62.99,102.54,-1.10,-0.73,0.24,36.46
2042,18272968,-1006.35,63.48,105.47,-1.04,-0.43,0.37,36.61
2043,18278762,-1003.91,71.29,104.98,-1.10,-0.61,0.12,36.61
2044,18282811,-1000.00,64.45,100.59,-1.16,-0.73,0.06,36.46
2045,18286861,-1000.49,64.45,102.05,-1.16,-0.73,0.12,36.42
2046,18290918,-999.02,61.52,102.54,-1.10,-0.67,0.12,36.51
2047,18294968,-996.58,60.55,105.96,-1.22,-0.73,0.55,36.32
2048,18300762,-998.05,62.50,102.54,-1.22,-0.67,0.18,36.13
2049,18304811,-997.07,67.87,104.00,-1.28,-0.61,0.00,36.13
2050,18308861,-998.54,62.99,104.98,-1.16,-0.73,0.43,36.51
2051,18312918,-997.56,65.92,104.49,-1.22,-0.67,0.43,36.32
2052,18316968,-998.05,63.96,103.52,-1.10,-0.61,0.79,36.46
2053,18322762,-998.54,62.99,100.59,-1.28,-0.61,0.61,36.22
2054,18326811,-995.61,59.08,102.05,-1.22,-0.30,0.98,35.98
2055,18330861,-995.61,59.08,95.21,-1.16,-0.61,0.98,36.46
2056,18334918,-997.56,56.15,97.66,-1.04,-0.43,0.98,36.61
2057,18338968,-998.05,60.06,99.12,-1.10,-0.61,1.40,35.94
2058,18344762,-999.02,62.99,101.56,-0.98,-0.49,1.28,36.66
2059,18348811,-999.51,58.59,99.61,-0.67,-0.49,1.22,36.32
2060,18352861,-1002.44,63.48,104.00,-0.73,-0.61,0.98,36.27
2061,18356918,-1005.86,65.43,102.54,-1.10,-0.73,0.79,36.27
2062,18362762,-1010.74,70.31,104.49,-1.04,-0.79,0.49,36.46
2063,18366811,-1001.46,70.80,102.54,-0.73,-0.85,0.30,36.46
2064,18370861,-998.54,71.78,100.59,-1.28,-0.73,-0.06,36.13
2065,18374918,-997.56,65.43,104.98,-1.10,-0.61,-0.12,36.32
2066,18378968,-1002.93,70.31,105.96,-1.28,-0.91,-0.24,36.32
2067,18384762,-1001.95,64.45,103.03,-1.34,-0.61,-0.55,36.46
2068,18388811,-1005.37,64.94,98.63,-1.16,-0.85,-0.49,36.51
2069,18392861,-1003.91,60.55,103.03,-1.22,-0.43,-0.79,36.42
2070,18396918,-1001.95,60.06,102.54,-1.28,-0.61,-0.43,36.42
2071,18400968,-999.51,59.08,100.59,-1.28,-0.49,-0.24,36.32
2072,18406762,-993.65,57.62,106.93,-1.40,-0.61,0.24,36.46
2073,18410811,-999.02,51.76,105.47,-0.91,-0.73,0.91,36.22
2074,18414861,-1001.46,53.22,102.54,-0.98,-0.43,0.98,36.46
2075,18418918,-1002.93,58.59,99.12,-1.10,-0.37,1.52,36.27
2076,18422968,-1000.49,58.11,104.98,-1.10,-0.49,1.52,36.42
2077,18428762,-997.56,64.94,108.89,-1.16,-0.55,1.77,36.42
2078,18432811,-999.02,68.85,99.61,-0.91,-0.73,1.65,36.46
2079,18436861,-1000.49,72.75,99.61,-1.10,-0.43,1.40,36.66
2080,18440918,-1003.91,74.22,101.07,-1.22,-0.55,0.91,36.42
2081,18444968,-1003.42,74.71,104.00,-1.16,-0.79,0.73,36.32
2082,18450762,-996.58,74.22,101.56,-1.16,-0.73,0.06,36.32
2083,18454811,-998.54,74.22,97.17,-1.34,-0.61,-0.49,36.51
2084,18458861,-999.51,67.38,104.00,-1.28,-0.73,-0.61,36.46
2085,18462918,-996.58,68.36,104.49,-1.46,-0.67,-0.91,36.42
2086,18466968,-997.07,64.94,100.59,-1.28,-0.67,-0.67,36.51
2087,18472762,-995.61,62.99,105.47,-1.16,-0.61,-0.67,36.46
2088,18476811,-1000.49,55.66,102.05,-1.16,-0.67,-0.67,36.61
2089,18480861,-1000.98,57.62,98.63,-1.16,-0.49,-0.30,36.46
2090,18484918,-1002.93,56.64,99.61,-1.10,-0.73,0.06,36.46
2091,18488968,-1000.98,51.27,100.10,-1.04,-0.67,0.06,36.42
2092,18494762,-998.05,54.69,102.05,-1.16,-0.73,0.24,36.80
2093,18498811,-999.51,55.18,100.59,-1.16,-0.49,0.55,36.13
2094,18502861,-1001.46,54.20,107.42,-0.91,-0.55,0.73,36.51
2095,18506918,-1001.95,58.59,103.03,-0.91,-0.49,0.85,36.46
2096,18510968,-1005.86,61.04,105.47,-0.91,-0.49,0.73,36.46
2097,18516762,-1000.49,64.45,107.42,-1.04,-0.43,0.79,36.22
2098,18520811,-1001.46,69.34,102.54,-1.10,-0.49,0.30,36.08
2099,18524861,-1005.86,63.48,100.59,-1.16,-0.49,0.24,36.42
2100,18528918,-999.02,72.75,105.96,-1.34,-0.49,0.18,36.51
2101,18532968,-997.56,65.92,104.00,-1.40,-0.43,0.49,36.22
2102,18538762,-998.54,66.89,97.17,-1.28,-0.37,0.24,36.51
2103,18542811,-996.09,66.41,103.03,-1.52,-0.43,0.49,36.32
2104,18546861,-999.51,59.08,103.52,-1.46,-0.43,0.49,36.13
2105,18550918,-997.56,56.15,102.54,-1.40,-0.43,0.18,36.51
2106,18554968,-998.05,53.22,102.05,-1.22,-0.37,0.67,36.13
2107,18560762,-995.12,59.08,108.89,-1.10,-0.24,0.85,36.42
2108,18564811,-994.63,49.80,110.84,-1.04,-0.06,1.34,36.46
2109,18568861,-993.65,53.22,109.37,-0.98,-0.18,1.71,36.22
2110,18572918,-997.56,51.76,105.47,-0.91,0.06,1.95,36.66
2111,18578762,-1002.44,62.01,107.42,-0.73,0.00,1.95,36.13
2112,18582811,-1001.95,67.38,101.56,-0.85,0.12,1.77,36.51
2113,18586861,-1002.44,73.24,104.00,-0.79,-0.06,1.34,36.46
2114,18590918,-1003.91,76.17,105.47,-0.49,0.06,1.34,36.42
2115,18594968,-1000.49,73.24,103.03,-0.91,-0.12,0.98,36.51
2116,18600762,-997.07,76.17,104.00,-1.16,0.12,0.61,36.51
2117,18604811,-996.58,72.75,99.12,-1.10,0.00,0.12,36.61
2118,18608861,-999.51,72.75,102.05,-0.91,-0.24,0.06,36.22
2119,18612918,-1001.95,71.29,96.19,-1.04,-0.06,-0.06,36.51
2120,18616968,-1005.37,68.85,92.29,-1.28,-0.37,-0.18,36.42
2121,18622762,-1004.39,67.87,92.29,-1.16,-0.18,-0.61,36.51
2122,18626811,-1006.84,66.41,98.14,-1.10,-0.49,-0.73,36.66
2123,18630861,-1006.84,64.94,95.21,-1.22,-0.55,-0.98,36.46
2124,18634918,-1002.93,65.43,101.56,-0.91,-0.61,-0.85,36.08
2125,18638968,-1004.88,63.48,99.61,-0.98,-0.61,-0.55,36.51
2126,18644762,-1001.46,60.06,100.59,-1.16,-0.67,-1.22,36.51
2127,18648811,-995.61,62.01,100.10,-1.10,-0.67,-1.22,36.51
2128,18652861,-1000.49,58.59,101.56,-1.10,-0.49,-1.28,36.51
2129,18656918,-994.63,59.57,101.07,-1.22,-0.85,-0.85,36.22
2130,18660968,-999.02,58.11,104.49,-1.52,-0.55,-0.61,36.61
2131,18666762,-998.05,57.62,103.03,-1.46,-0.79,-0.73,36.75
2132,18670811,-997.56,58.11,104.00,-1.16,-0.79,-0.30,36.66
2133,18674861,-994.14,55.66,112.30,-1.16,-0.85,0.00,36.32
2134,18678918,-999.51,54.20,107.42,-1.16,-0.55,0.12,36.13
2135,18682968,-998.54,58.11,102.54,-1.34,-0.49,0.43,36.22
2136,18688762,-1006.35,60.06,99.12,-0.98,-0.73,0.30,36.46
2137,18692811,-1003.42,60.06,108.40,-0.85,-0.73,-0.18,36.42
2138,18696861,-1006.84,62.99,101.07,-1.10,-0.73,0.12,36.27
2139,18700918,-1003.91,65.92,102.05,-1.22,-0.61,0.00,36.51
2140,18704968,-1001.46,68.36,97.17,-1.22,-0.67,-0.06,36.51
2141,18710762,-998.54,70.80,101.56,-1.59,-0.85,-0.43,36.32
2142,18714811,-995.61,73.24,97.17,-1.65,-0.55,-0.85,36.46
2143,18718861,-995.12,64.94,93.75,-1.52,-0.49,-0.73,36.46
2144,18722918,-1003.42,64.45,99.61,-1.46,-0.73,-0.85,36.51
2145,18726968,-1001.46,61.04,104.98,-1.65,-0.55,-0.73,36.51
2146,18732762,-994.63,53.22,99.61,-1.22,-0.49,-0.67,35.98
2147,18736811,-999.02,52.25,97.66,-1.34,-0.30,-0.24,36.13
2148,18740861,-995.12,47.36,99.61,-0.91,-0.49,0.30,36.46
2149,18744918,-994.63,45.90,103.03,-1.22,-0.37,0.79,36.27
2150,18748968,-1000.00,43.95,105.47,-0.91,-0.49,1.46,36.13
2151,18754762,-1000.49,48.83,104.98,-1.04,-0.37,2.13,36.27
2152,18758811,-1000.00,54.20,102.05,-0.67,-0.43,2.56,36.51
2153,18762861,-1004.88,53.71,104.49,-0.98,-0.18,2.80,36.27
2154,18766918,-1003.91,58.59,105.96,-0.55,-0.37,2.87,36.08
2155,18770968,-1007.81,69.34,102.05,-0.98,-0.91,2.20,36.42
2156,18776762,-1006.35,71.29,104.49,-0.91,-0.91,1.71,36.42
2157,18780811,-1003.91,77.64,108.40,-0.98,-0.61,1.22,36.27
2158,18784861,-1006.35,79.10,105.96,-1.10,-0.55,1.04,36.61
2159,18788918,-1007.32,81.05,104.00,-1.04,-0.37,0.61,36.51
2160,18794762,-1001.46,78.12,108.40,-1.59,-0.79,0.06,36.46
2161,18798811,-997.56,75.68,104.00,-1.40,-0.55,-0.49,36.27
2162,18802861,-999.51,71.78,97.66,-1.59,-0.61,-0.55,36.46
2163,18806918,-1003.42,70.80,100.10,-1.59,-0.55,-0.61,36.46
2164,18810968,-999.02,70.80,104.00,-1.52,-0.67,-0.85,36.42
2165,18816762,-994.14,64.45,102.05,-1.34,-0.61,-0.85,36.27
2166,18820811,-992.19,52.25,101.07,-1.22,-0.61,-0.37,36.51
2167,18824861,-997.56,53.71,105.96,-1.22,-0.55,0.24,36.80
2168,18828918,-996.58,52.73,104.00,-0.91,-0.67,0.30,36.13
2169,18832968,-998.54,50.29,99.12,-0.98,-0.61,0.91,36.66
2170,18838762,-989.75,49.32,99.61,-0.85,-0.37,1.46,36.46
2171,18842811,-998.05,54.20,102.05,-0.61,-0.61,1.95,36.51
2172,18846861,-1000.00,56.15,103.03,-0.37,-0.30,2.20,36.46
2173,18850918,-1000.98,64.94,101.07,-0.55,-0.24,2.38,36.42
2174,18854968,-1000.00,65.92,95.70,-0.43,-0.24,2.13,36.51
2175,18860762,-1003.42,66.89,102.54,-0.79,-0.43,2.26,36.51
2176,18864811,-1004.88,71.78,101.56,-0.79,-0.55,1.83,36.51
2177,18868861,-1001.46,75.20,101.07,-0.73,-0.37,1.28,36.32
2178,18872918,-1005.37,72.27,102.05,-1.04,-0.73,1.04,36.32
2179,18876968,-999.02,73.73,103.52,-1.04,-0.55,0.37,36.61
2180,18882762,-1000.00,70.31,101.07,-1.16,-0.49,0.30,36.42
2181,18886811,-1004.88,66.41,97.17,-1.46,-0.49,-0.06,36.42
2182,18890861,-1003.91,62.01,101.07,-1.28,-0.73,-0.12,36.27
2183,18894918,-999.02,59.08,104.00,-1.46,-0.49,-0.18,36.61
2184,18898968,-998.05,55.18,103.03,-1.40,-0.55,-0.06,36.51
2185,18904762,-996.58,52.73,100.59,-1.22,-0.55,0.24,36.46
2186,18908811,-997.56,51.27,103.03,-1.22,-0.67,0.73,36.32
2187,18912861,-996.09,48.83,103.52,-1.22,-0.55,0.98,36.51
2188,18916918,-998.05,50.78,107.42,-1.10,-0.61,1.40,36.51
2189,18920968,-993.16,49.32,104.00,-1.16,-0.55,1.83,36.61
2190,18926762,-998.54,54.69,104.49,-0.85,-0.61,2.32,36.66
2191,18930811,-1004.88,63.48,97.17,-1.04,-0.37,2.38,36.13
2192,18934861,-1001.95,66.41,100.10,-0.91,-0.49,2.26,36.27
2193,18938918,-1000.00,76.17,100.59,-0.98,-0.30,2.13,36.46
2194,18942968,-1006.35,78.12,99.61,-1.10,-0.43,1.77,36.27
2195,18948762,-1001.46,80.08,103.52,-1.16,-0.18,1.77,36.32
2196,18952811,-996.09,78.12,100.59,-1.46,-0.55,1.10,36.32
2197,18956861,-995.12,76.17,101.07,-1.40,-0.37,0.91,36.61
2198,18960918,-998.05,77.15,103.52,-1.46,-0.79,0.37,36.22
2199,18964968,-997.56,71.78,104.49,-1.46,-0.43,0.24,36.22
2200,18970762,-995.12,63.96,99.12,-1.46,-0.67,0.24,36.13
2201,18974811,-1001.46,58.59,104.98,-1.22,-0.49,0.30,36.32
2202,18978861,-998.54,59.08,103.52,-1.40,-0.37,0.24,36.32
2203,18982918,-994.14,57.62,100.10,-1.34,-0.30,0.49,36.46
2204,18986968,-995.12,59.57,101.07,-1.10,-0.49,0.91,36.22
2205,18992762,-997.07,55.66,95.21,-0.79,-0.67,1.28,36.42
2206,18996811,-995.12,57.62,100.59,-0.79,-0.49,1.65,36.46
2207,19000861,-997.07,59.08,97.66,-0.73,-0.43,1.83,36.27
2208,19004918,-995.61,62.99,100.10,-0.55,-0.37,1.95,36.51
2209,19010762,-997.56,68.36,104.49,-0.79,-0.37,2.07,36.51
2210,19014811,-998.05,72.75,100.10,-0.98,-0.37,1.83,36.61
2211,19018861,-1001.46,72.75,100.59,-1.10,-0.55,1.52,36.27
2212,19022918,-1007.32,81.05,98.63,-1.16,-0.49,1.10,36.51
2213,19026968,-1001.95,80.08,97.17,-1.04,-0.49,0.55,36.46
2214,19032762,-1001.46,74.71,100.10,-1.28,-0.67,0.37,36.42
2215,19036811,-1003.42,70.31,95.21,-1.04,-0.37,-0.30,36.32
2216,19040861,-1000.49,69.82,95.21,-1.40,-0.61,-0.37,36.61
2217,19044918,-1004.88,69.34,99.61,-1.34,-0.73,-0.61,36.32
2218,19048968,-1003.91,66.89,101.07,-1.28,-0.49,-0.67,36.51
2219,19054762,-1000.98,64.45,97.17,-1.46,-0.61,-0.37,36.51
2220,19058811,-999.02,57.62,102.54,-1.28,-0.73,-0.49,36.51
2221,19062861,-996.58,56.15,102.54,-1.22,-0.67,-0.24,36.22
2222,19066918,-993.16,55.18,100.10,-1.04,-0.61,0.18,36.22
2223,19070968,-994.63,47.36,98.63,-1.22,-0.49,0.55,36.61
2224,19076762,-990.72,51.76,103.03,-0.79,-0.37,0.98,36.61
2225,19080811,-996.58,51.27,104.49,-1.04,-0.24,1.71,36.46
2226,19084861,-998.05,57.13,101.56,-0.98,-0.49,1.46,36.46
2227,19088918,-1004.88,65.43,102.54,-0.98,-0.30,1.95,36.42
2228,19092968,-1002.93,65.92,103.52,-0.67,-0.55,1.95,36.42
2229,19098762,-1000.49,68.85,106.45,-0.67,-0.61,1.77,36.42
2230,19102811,-1004.39,71.29,101.56,-0.98,-0.61,1.40,36.46
2231,19106861,-998.05,76.66,103.52,-0.67,-0.49,1.52,36.42
2232,19110918,-996.58,77.15,102.54,-0.79,-0.55,1.10,36.32
2233,19114968,-1000.00,74.22,101.07,-1.10,-0.43,0.85,36.27
2234,19120762,-997.56,72.75,101.56,-0.91,-0.43,0.85,36.51
2235,19124811,-1002.44,74.71,104.98,-1.65,-0.30,0.00,36.51
2236,19128861,-1007.32,74.71,100.10,-1.40,-0.79,-0.12,36.51
2237,19132918,-1002.44,70.31,99.12,-1.16,-0.73,-0.24,36.32
2238,19136968,-1000.98,66.89,98.14,-1.59,-0.73,-0.30,36.42
2239,19142762,-997.56,68.36,105.47,-1.28,-0.61,-0.24,36.51
2240,19146811,-994.14,60.06,101.07,-1.28,-0.73,0.00,36.32
2241,19150861,-995.12,58.11,105.96,-1.22,-0.37,0.12,36.46
2242,19154918,-999.51,58.11,105.96,-1.22,-0.55,0.73,36.46
2243,19158968,-998.54,59.57,104.00,-0.85,-0.91,1.10,36.13
2244,19164762,-997.56,58.59,102.05,-0.91,-0.55,1.22,35.98
2245,19168811,-998.54,62.50,101.56,-0.91,-0.49,1.59,36.32
2246,19172861,-996.58,66.89,103.52,-0.85,-0.55,1.71,36.51
2247,19176918,-1001.46,70.31,102.54,-0.91,-0.43,2.01,36.75
2248,19180968,-996.09,75.20,104.00,-0.91,-0.43,1.52,36.42
2249,19186762,-1000.49,77.64,100.59,-0.85,-0.43,1.52,36.32
2250,19190811,-1000.49,78.12,103.03,-1.10,-0.49,0.79,36.13
2251,19194861,-994.63,78.12,98.63,-1.04,-0.55,0.37,36.46
2252,19198918,-1003.91,79.59,100.10,-1.10,-0.61,0.00,36.51
2253,19202968,-1002.93,78.12,99.12,-1.46,-0.37,-0.37,36.08
2254,19208762,-1000.49,72.27,100.59,-1.16,-0.55,-0.61,36.46
2255,19212811,-999.02,74.71,100.59,-1.34,-0.49,-1.28,36.51
2256,19216861,-999.51,66.41,102.54,-1.28,-0.55,-1.22,36.32
2257,19220918,-999.51,67.87,100.10,-1.40,-0.67,-1.10,35.98
2258,19226762,-1000.98,62.50,100.10,-1.40,-0.73,-1.04,36.42
2259,19230811,-997.56,48.83,103.03,-1.16,-0.61,-0.61,36.46
2260,19234861,-998.54,53.71,95.21,-1.10,-0.73,-0.43,36.75
2261,19238918,-998.05,54.69,100.59,-1.16,-0.55,-0.12,36.42
2262,19242968,-1000.49,55.18,103.03,-1.22,-0.67,0.24,36.27
2263,19248762,-998.05,53.22,101.56,-0.79,-0.73,0.61,36.66
2264,19252811,-995.61,59.08,101.07,-1.22,-0.55,1.16,36.46
2265,19256861,-1000.98,58.11,103.03,-1.16,-0.73,1.28,36.13
2266,19260918,-992.68,62.01,100.59,-0.85,-0.49,1.34,36.22
2267,19264968,-1000.49,61.52,104.49,-1.28,-0.79,1.65,36.22
2268,19270762,-1000.49,62.01,96.68,-1.10,-0.55,1.59,36.61
2269,19274811,-1004.39,69.82,101.56,-1.04,-0.67,1.40,36.46
2270,19278861,-1000.00,66.41,100.10,-1.28,-0.49,1.46,36.66
2271,19282918,-998.05,66.89,95.21,-1.10,-0.55,1.16,36.13
2272,19286968,-1000.98,70.80,103.52,-1.34,-0.37,1.22,36.46
2273,19292762,-1001.46,67.87,100.59,-1.22,-0.67,0.91,36.46
2274,19296811,-995.12,76.66,104.49,-1.04,-0.55,0.67,36.32
2275,19300861,-997.07,73.73,102.54,-0.73,-0.49,0.49,36.42
2276,19304918,-1000.98,71.78,101.56,-1.22,-0.30,0.12,36.32
2277,19308968,-998.54,70.31,106.45,-1.16,-0.43,0.49,36.32
2278,19314762,-997.07,69.82,101.56,-1.46,-0.37,0.37,36.51
2279,19318811,-998.54,71.29,100.59,-1.40,-0.30,0.18,36.61
2280,19322861,-999.02,71.29,105.96,-1.22,-0.30,0.37,36.46
2281,19326918,-999.51,70.80,102.05,-1.34,-0.49,0.30,36.08
2282,19330968,-996.58,72.75,99.12,-1.34,-0.30,0.18,36.42
2283,19336762,-999.51,70.80,98.63,-1.34,-0.37,0.12,36.46
2284,19340811,-997.56,67.38,103.03,-1.34,-0.61,-0.12,36.46
2285,19344861,-997.07,69.34,105.47,-1.46,-0.85,-0.06,36.32
2286,19348918,-1000.98,66.41,96.19,-1.16,-0.55,0.18,36.42
2287,19352968,-997.56,68.85,98.14,-1.28,-0.61,0.24,36.51
2288,19358762,-1004.39,66.41,102.05,-1.28,-0.73,-0.18,36.42
2289,19362811,-1001.95,65.92,101.56,-1.10,-0.79,0.12,36.46
2290,19366861,-1004.88,63.96,96.68,-1.46,-0.43,0.24,36.42
2291,19370918,-1000.00,64.94,98.63,-1.04,-0.67,0.24,36.51
2292,19374968,-1001.95,66.89,102.54,-0.91,-0.55,0.37,36.51
2293,19380762,-998.54,67.87,99.61,-1.04,-0.55,0.43,36.22
2294,19384811,-1001.46,64.45,102.05,-1.22,-0.43,0.37,36.08
2295,19388861,-1002.93,66.41,102.05,-1.04,-0.55,0.30,36.32
2296,19392918,-999.02,66.89,102.05,-1.28,-0.61,0.18,36.42
2297,19396968,-998.54,70.31,103.52,-1.10,-0.30,0.06,36.27
2298,19402762,-997.56,63.48,102.05,-1.10,-0.49,-0.06,36.42
2299,19406811,-1004.88,64.45,97.66,-0.85,-0.73,0.06,36.42
2300,19410861,-998.05,64.94,102.54,-1.16,-0.91,0.12,36.46
2301,19414918,-998.05,62.99,99.12,-1.04,-0.67,0.12,36.42
2302,19418968,-997.56,66.41,101.56,-1.28,-0.91,0.30,36.42
2303,19424762,-1002.93,62.01,102.54,-1.10,-0.61,0.18,36.27
2304,19428811,-995.61,60.06,103.03,-1.04,-0.55,0.79,36.27
2305,19432861,-995.12,63.96,100.10,-0.98,-0.79,0.55,36.32
2306,19436918,-998.05,61.04,101.07,-1.34,-0.67,0.55,36.51
2307,19442762,-999.51,61.52,104.49,-0.85,-0.67,0.79,36.32
2308,19446811,-1000.98,61.52,104.00,-1.04,-0.37,0.98,36.42
2309,19450861,-1003.42,62.99,100.59,-1.04,-0.49,1.34,36.27
2310,19454918,-1003.42,63.96,104.00,-0.91,-0.55,0.98,36.27
2311,19458968,-1004.39,71.29,100.59,-1.16,-0.43,1.16,36.32
2312,19464762,-1005.37,68.85,102.54,-1.16,-0.37,1.16,36.42
2313,19468811,-997.56,70.80,99.61,-0.98,-0.43,1.52,36.42
2314,19472861,-995.12,76.17,98.63,-0.98,-0.37,1.28,36.51
2315,19476918,-997.56,78.61,99.61,-1.10,-0.49,1.10,36.51
2316,19480968,-1001.46,73.73,96.19,-1.22,-0.49,0.55,36.32
2317,19486762,-1000.49,72.75,97.66,-1.34,-0.43,0.55,36.46
2318,19490811,-1000.00,66.89,100.59,-1.16,-0.55,0.30,36.32
2319,19494861,-998.05,66.89,98.14,-1.34,-0.67,0.24,36.32
2320,19498918,-1000.98,67.87,99.12,-0.98,-0.85,0.18,36.32
2321,19502968,-1001.95,67.87,101.56,-0.98,-0.79,0.43,36.66
2322,19508762,-1000.98,67.38,101.56,-1.10,-0.91,0.55,36.61
2323,19512811,-994.14,59.57,97.17,-1.28,-0.55,0.67,36.66
2324,19516861,-1001.95,62.01,101.07,-1.28,-0.79,0.55,36.42
2325,19520918,-1001.46,58.59,107.42,-1.10,-0.67,0.85,36.22
2326,19524968,-1000.49,62.99,104.49,-1.10,-0.85,0.85,36.66
2327,19530762,-1001.46,62.50,104.00,-0.91,-0.79,0.79,36.22
2328,19534811,-1003.91,74.22,100.10,-0.91,-0.85,0.98,36.51
2329,19538861,-998.54,72.27,104.00,-1.34,-0.98,0.85,36.51
2330,19542918,-998.05,77.64,107.91,-1.16,-0.98,0.79,36.46
2331,19546968,-994.63,74.71,106.93,-1.16,-0.98,0.43,36.66
2332,19552762,-998.05,64.94,103.03,-0.98,-0.79,0.49,36.51
2333,19556811,-995.61,72.27,102.05,-1.04,-0.43,0.00,36.51
2334,19560861,-999.02,74.22,102.54,-1.04,-0.67,0.18,36.32
2335,19564918,-1003.91,70.31,101.56,-1.04,-0.43,0.30,36.51
2336,19568968,-998.05,68.36,105.47,-0.91,-0.49,0.06,36.32
2337,19574762,-1003.42,66.89,99.61,-1.04,-0.61,0.30,36.46
2338,19578811,-1000.98,66.89,100.10,-1.28,-0.37,0.12,36.27
2339,19582861,-997.56,65.92,97.17,-1.52,-0.49,0.30,36.32
2340,19586918,-998.54,70.31,101.07,-1.22,-0.61,0.06,36.66
2341,19590968,-1000.49,73.24,102.05,-1.10,-0.61,-0.12,36.51
2342,19596762,-1002.44,70.31,99.12,-1.04,-0.49,0.00,36.46
2343,19600811,-1001.95,71.29,99.12,-1.10,-0.73,0.24,36.22
2344,19604861,-996.09,63.48,100.59,-1.40,-0.61,0.18,36.42
2345,19608918,-999.02,67.87,101.07,-1.40,-0.79,0.30,36.27
2346,19612968,-995.61,64.94,96.68,-1.34,-0.61,0.37,36.22
2347,19618762,-999.02,64.94,101.07,-1.22,-0.55,0.37,36.22
2348,19622811,-1003.91,65.43,100.59,-1.22,-0.49,0.67,36.08
2349,19626861,-1001.46,62.99,102.54,-1.40,-0.43,0.37,36.27
2350,19630918,-998.54,63.48,103.03,-1.10,-0.67,0.43,36.46
2351,19634968,-995.12,65.92,103.03,-1.40,-0.55,0.49,36.13
2352,19640762,-1001.95,63.96,101.56,-1.16,-0.43,0.43,36.51
2353,19644811,-999.02,65.43,102.54,-1.16,-0.30,0.49,36.51
2354,19648861,-995.61,65.92,103.03,-0.98,-0.55,0.43,36.51
2355,19652918,-1003.42,71.29,102.05,-0.98,-0.73,0.37,36.51
2356,19658762,-1001.46,69.34,99.12,-0.98,-0.55,0.37,36.46
2357,19662811,-999.51,67.87,100.59,-1.10,-0.43,0.18,36.51
2358,19666861,-996.09,68.36,101.56,-0.91,-0.85,0.37,36.51
2359,19670918,-999.02,68.36,100.10,-0.98,-0.73,0.43,36.46
2360,19674968,-1000.98,67.87,101.56,-0.98,-0.55,0.06,36.51
2361,19680762,-996.58,68.36,100.59,-0.79,-0.18,0.24,36.46
2362,19684811,-1003.91,67.38,105.47,-1.10,-0.55,0.30,36.32
2363,19688861,-1000.98,70.31,101.56,-1.04,-0.49,0.06,36.42
2364,19692918,-998.05,69.82,99.61,-0.98,-0.91,-0.06,35.94
2365,19696968,-997.07,70.31,96.68,-1.04,-0.49,0.06,36.42
2366,19702762,-997.56,68.36,102.05,-1.04,-0.61,0.30,36.46
2367,19706811,-996.58,66.41,105.47,-0.91,-0.61,0.12,36.51
2368,19710861,-996.09,68.36,102.54,-0.91,-0.61,-0.12,36.51
2369,19714918,-1003.91,69.34,102.54,-1.04,-0.37,0.06,36.27
2370,19718968,-1001.95,65.92,103.03,-1.10,-0.73,0.12,36.27
2371,19724762,-996.58,67.87,104.49,-1.04,-0.43,0.24,36.46
2372,19728811,-1001.46,70.80,97.66,-1.22,-0.55,0.55,36.61
2373,19732861,-1000.00,72.75,102.54,-1.16,-0.61,0.67,36.46
2374,19736918,-1000.00,68.36,101.56,-0.91,-0.73,0.55,36.32
2375,19740968,-1000.00,68.85,99.12,-0.98,-0.91,0.67,36.51
2376,19746762,-1001.46,64.94,97.66,-0.91,-0.55,0.61,36.46
2377,19750811,-998.54,67.87,100.10,-0.91,-0.61,0.85,36.22
2378,19754861,-1000.98,68.85,100.59,-0.98,-0.55,0.85,36.51
2379,19758918,-997.56,67.87,98.63,-0.85,-0.73,0.91,36.22
2380,19762968,-995.12,67.38,96.68,-1.10,-0.61,0.79,36.46
2381,19768762,-997.07,69.34,100.59,-1.04,-0.67,0.61,36.32
2382,19772811,-1004.88,67.87,100.59,-1.16,-0.43,0.73,36.22
2383,19776861,-999.02,65.43,102.54,-1.04,-0.79,0.55,36.42
2384,19780918,-998.54,66.89,99.12,-1.04,-0.55,0.43,36.51
2385,19784968,-1000.98,69.34,101.07,-1.04,-0.67,0.12,36.51
2386,19790762,-1000.98,71.78,104.00,-1.28,-0.67,0.18,36.46
2387,19794811,-1001.46,65.43,98.63,-1.16,-0.73,0.12,36.22
2388,19798861,-1005.86,71.78,102.05,-1.22,-0.79,0.06,36.61
2389,19802918,-1001.46,70.80,100.10,-0.98,-1.16,-0.24,36.32
2390,19806968,-996.09,72.27,99.12,-1.04,-0.98,-0.43,36.46
2391,19812762,-997.56,69.34,101.56,-1.28,-0.79,-0.37,36.13
2392,19816811,-994.14,62.99,98.14,-0.85,-0.67,-0.30,36.32
2393,19820861,-994.14,66.41,106.45,-1.04,-0.79,-0.49,36.61
2394,19824918,-993.16,65.92,102.54,-1.16,-0.79,0.12,36.46
2395,19828968,-995.61,68.85,103.52,-0.98,-0.61,0.18,36.27
2396,19834762,-999.02,62.01,98.14,-0.61,-0.55,0.30,36.42
2397,19838811,-1000.00,66.89,101.56,-0.79,-0.61,0.06,36.27
2398,19842861,-999.02,69.34,100.10,-1.10,-0.55,0.73,36.32
2399,19846918,-996.58,76.17,98.63,-1.16,-0.73,0.61,36.46
2400,19850968,-997.56,73.73,102.54,-1.10,-0.55,0.30,36.22
2401,19856762,-1001.46,71.78,102.54,-1.22,-0.85,0.06,36.46
2402,19860811,-995.12,69.34,99.61,-1.28,-0.67,-0.06,36.46
2403,19864861,-997.56,70.80,100.10,-1.28,-0.67,0.18,36.42
2404,19868918,-1000.98,68.36,103.03,-1.22,-0.67,0.00,36.51
2405,19874762,-1000.00,68.36,101.56,-1.16,-0.61,-0.06,36.66
2406,19878811,-999.51,63.48,103.52,-1.22,-0.67,0.06,36.51
2407,19882861,-999.51,67.38,102.54,-1.10,-0.67,0.06,36.66
2408,19886918,-1003.91,62.99,103.03,-1.10,-0.67,0.24,36.32
2409,19890968,-998.54,64.45,101.07,-1.16,-0.49,0.06,36.13
2410,19896762,-1001.46,64.94,99.61,-1.34,-0.61,0.12,36.27
2411,19900811,-1000.00,60.06,103.52,-1.40,-0.67,0.00,36.51
2412,19904861,-998.54,58.11,101.07,-1.34,-0.85,0.06,36.32
2413,19908918,-1005.37,67.87,101.56,-1.40,-0.85,0.06,36.51
2414,19912968,-1003.42,72.75,104.98,-1.34,-0.67,0.00,36.42
2415,19918762,-1001.46,70.80,108.40,-1.34,-0.73,-0.43,36.51
2416,19922811,-997.56,72.75,102.05,-1.22,-0.67,-0.49,36.46
2417,19926861,-996.09,71.29,106.45,-1.16,-0.55,-0.43,36.42
2418,19930918,-994.14,70.80,105.96,-1.34,-0.98,-0.67,36.08
2419,19934968,-999.51,68.36,100.59,-1.40,-0.85,-0.49,36.46
2420,19940762,-996.09,65.92,106.93,-1.16,-0.85,-0.37,36.61
2421,19944811,-998.05,65.43,104.00,-1.40,-0.73,-0.43,36.42
2422,19948861,-999.51,61.04,103.03,-1.10,-0.73,-0.18,36.42
2423,19952918,-997.07,62.99,103.52,-1.22,-0.73,0.12,36.32
2424,19956968,-994.14,63.96,102.54,-1.22,-0.67,0.43,36.32
2425,19962762,-1000.98,62.99,104.00,-1.16,-0.73,0.67,36.51
2426,19966811,-1002.44,64.94,100.59,-1.04,-0.67,0.85,36.46
2427,19970861,-999.51,62.99,100.59,-0.85,-0.55,0.67,36.46
2428,19974918,-1000.98,67.38,102.54,-1.16,-0.67,0.91,36.32
2429,19978968,-1004.39,67.38,103.03,-1.16,-0.61,0.98,36.51
2430,19984762,-998.05,65.43,104.98,-1.28,-0.61,1.22,36.46
2431,19988811,-1000.98,68.85,102.54,-1.28,-0.49,1.04,36.51
2432,19992861,-997.07,70.80,101.07,-1.28,-0.73,1.04,36.61
2433,19996918,-1002.44,65.92,96.19,-1.10,-0.67,0.91,36.46
2434,20000968,-1001.95,70.80,98.14,-1.28,-0.30,0.73,36.51
2435,20006762,-1003.42,71.78,102.54,-1.40,-0.61,0.98,36.46
2436,20010811,-1000.00,66.89,101.07,-1.28,-0.61,0.73,36.13
2437,20014861,-997.56,61.04,101.56,-1.16,-0.98,1.04,36.51
2438,20018918,-998.54,63.96,101.56,-1.40,-0.67,0.98,36.51
2439,20022968,-1000.49,67.38,102.05,-1.10,-0.79,0.98,36.51
2440,20028762,-1006.35,68.85,101.07,-1.04,-0.73,1.04,36.42
2441,20032811,-1000.98,66.41,102.54,-1.04,-0.61,1.16,36.27
2442,20036861,-1000.00,61.52,95.21,-1.10,-0.61,0.79,36.75
2443,20040918,-1003.91,72.27,94.24,-1.10,-0.79,1.04,36.66
2444,20044968,-1003.91,73.73,99.61,-0.98,-0.79,0.37,35.98
2445,20050762,-998.05,71.78,96.68,-0.91,-1.10,0.00,36.46
2446,20054811,-999.51,71.78,98.14,-0.85,-0.91,0.06,36.32
2447,20058861,-999.02,72.27,100.59,-0.98,-0.91,0.00,36.51
2448,20062918,-1002.93,75.20,95.70,-0.98,-0.98,-0.12,36.46
2449,20066968,-994.14,70.80,99.61,-1.10,-0.85,-0.43,36.46
2450,20072762,-998.05,72.75,100.10,-0.91,-0.85,-0.49,36.32
2451,20076811,-995.12,70.31,102.05,-0.91,-0.67,-0.55,36.32
2452,20080861,-995.61,63.48,106.93,-1.16,-0.98,-0.61,36.42
2453,20084918,-1001.46,66.41,103.03,-1.22,-0.61,-0.30,36.32
2454,20090762,-1001.95,63.48,99.12,-0.98,-0.43,-0.18,36.61
2455,20094811,-1000.00,63.48,101.07,-1.22,-0.61,0.37,36.66
2456,20098861,-992.68,57.13,107.42,-1.34,-0.67,0.73,36.51
2457,20102918,-999.51,57.62,103.52,-1.10,-0.61,1.22,36.42
2458,20106968,-1002.93,59.57,102.54,-1.28,-0.49,1.52,36.32
2459,20112762,-1004.88,61.04,102.54,-1.28,-0.85,1.52,36.42
2460,20116811,-1007.32,65.92,99.61,-1.22,-0.73,1.46,36.61
2461,20120861,-1006.84,64.45,103.52,-1.04,-0.61,1.46,36.32
2462,20124918,-999.51,63.96,102.05,-1.16,-0.55,1.77,36.61
2463,20128968,-1000.00,69.34,102.05,-1.28,-0.91,1.65,36.61
2464,20134762,-1004.39,73.24,104.98,-1.16,-0.67,1.77,36.32
2465,20138811,-1001.46,70.80,104.98,-1.22,-0.55,1.34,36.46
2466,20142861,-1000.98,72.27,106.45,-1.16,-0.61,1.10,36.32
2467,20146918,-995.61,72.75,109.37,-1.28,-0.55,1.22,36.13
2468,20150968,-995.12,71.78,106.45,-1.10,-0.55,0.73,36.75
2469,20156762,-994.63,71.78,100.59,-1.16,-0.24,0.79,36.32
2470,20160811,-1000.00,74.22,103.52,-1.04,-0.55,0.61,36.66
2471,20164861,-1002.93,77.15,103.03,-1.10,-0.67,0.43,36.27
2472,20168918,-1000.98,73.73,99.61,-1.40,-0.49,-0.12,36.22
2473,20172968,-996.58,76.17,103.52,-1.28,-0.73,-0.06,36.51
2474,20178762,-1002.44,77.15,102.05,-1.22,-0.79,-0.49,36.32
2475,20182811,-999.02,72.27,97.17,-1.28,-0.79,-0.79,36.51
2476,20186861,-999.51,73.24,101.07,-1.34,-0.79,-0.73,36.46
2477,20190918,-997.07,68.36,104.98,-1.46,-0.67,-0.61,36.13
2478,20194968,-1001.46,68.36,95.70,-1.34,-0.79,-0.43,36.22
2479,20200762,-1000.00,67.87,99.12,-1.10,-0.55,-0.49,36.32
2480,20204811,-997.56,65.43,100.59,-1.40,-0.98,-0.30,36.46
2481,20208861,-1000.00,64.45,100.10,-1.40,-0.43,-0.12,36.46
2482,20212918,-1000.00,63.48,98.14,-1.52,-0.67,0.06,36.61
2483,20216968,-998.05,61.52,96.19,-1.34,-0.85,0.18,36.42
2484,20222762,-996.58,62.01,104.00,-1.34,-0.43,0.67,36.13
2485,20226811,-992.68,65.43,102.05,-1.28,-0.91,1.04,36.51
2486,20230861,-996.09,60.55,99.12,-1.16,-0.37,1.22,36.32
2487,20234918,-996.09,62.01,103.03,-1.10,-0.79,1.59,36.66
2488,20238968,-998.05,65.43,96.19,-1.10,-0.49,1.46,36.32
2489,20244762,-999.51,66.41,101.56,-0.98,-0.73,1.22,36.46
2490,20248811,-999.02,68.85,101.07,-0.98,-0.61,1.16,36.27
2491,20252861,-1002.93,67.38,98.63,-0.98,-0.73,1.10,36.42
2492,20256918,-1001.46,74.71,104.49,-1.04,-0.55,1.04,36.51
2493,20260968,-999.02,72.75,101.07,-1.22,-0.55,0.79,36.27
2494,20266762,-998.05,78.61,97.17,-1.22,-0.79,0.55,36.27
2495,20270811,-997.56,72.75,105.47,-0.79,-0.61,0.37,36.51
2496,20274861,-1003.91,72.27,105.47,-1.22,-0.55,-0.12,36.51
2497,20278918,-994.63,73.73,99.61,-1.28,-0.30,-0.18,36.46
2498,20282968,-996.09,66.41,103.03,-1.28,-0.61,-0.06,36.51
2499,20288762,-1001.46,67.87,106.45,-0.91,-0.49,-0.06,36.75
2500,20292811,-999.02,68.85,102.05,-1.28,-0.67,0.00,36.61
2501,20296861,-998.54,68.36,104.00,-1.34,-0.67,0.06,36.32
2502,20300918,-1000.49,67.38,103.03,-1.28,-0.43,-0.12,36.66
2503,20306762,-999.02,69.82,104.00,-0.98,-0.73,0.37,36.51
2504,20310811,-1003.42,63.48,98.63,-1.16,-0.61,0.00,36.32
2505,20314861,-998.54,62.99,100.59,-1.10,-0.55,0.61,36.42
2506,20318918,-997.07,62.01,100.59,-0.98,-0.55,0.43,36.51
2507,20322968,-998.54,69.82,109.86,-1.10,-0.79,0.55,36.75
2508,20328762,-998.05,67.87,102.05,-0.91,-0.67,0.79,36.80
2509,20332811,-999.02,71.78,94.73,-0.91,-0.73,0.67,36.75
2510,20336861,-1002.44,73.24,100.10,-1.10,-0.79,0.61,36.66
2511,20340918,-1000.98,68.85,100.59,-1.04,-0.79,0.55,36.51
2512,20344968,-998.54,72.27,102.54,-1.22,-0.61,0.37,36.42
2513,20350762,-1005.86,76.66,101.07,-0.98,-0.61,-0.06,36.61
2514,20354811,-1002.44,70.31,104.00,-1.22,-0.85,-0.06,36.61
2515,20358861,-1002.93,69.82,105.96,-1.34,-0.49,-0.43,36.46
2516,20362918,-1000.98,65.92,99.61,-1.10,-0.61,-0.18,36.51
2517,20366968,-1001.46,66.41,103.52,-0.98,-0.55,-0.06,36.42
2518,20372762,-1003.42,68.85,105.47,-1.10,-0.61,0.00,36.51
2519,20376811,-1001.46,64.94,106.45,-1.22,-0.55,-0.18,36.42
2520,20380861,-994.63,61.52,107.42,-0.91,-0.61,0.18,36.46
2521,20384918,-999.02,62.01,104.98,-1.16,-0.61,0.24,36.13
2522,20388968,-1001.46,67.38,101.56,-1.16,-0.91,0.18,36.32
2523,20394762,-999.51,65.43,104.00,-0.91,-0.49,0.18,36.42
2524,20398811,-1001.95,66.41,99.61,-1.22,-0.67,0.37,36.46
2525,20402861,-998.54,68.36,104.00,-1.04,-0.67,0.43,36.66
2526,20406918,-1000.00,69.34,99.12,-1.10,-0.79,0.55,36.27
2527,20410968,-999.51,74.22,101.07,-1.10,-0.67,0.55,36.46
2528,20416762,-999.51,79.59,105.96,-1.22,-0.55,0.49,36.66
2529,20420811,-994.63,79.10,107.42,-1.40,-0.67,-0.12,36.61
2530,20424861,-1000.49,73.73,100.59,-1.59,-0.43,-0.30,36.42
2531,20428918,-1000.49,74.71,103.03,-1.46,-0.49,-0.43,36.61
2532,20432968,-1002.93,71.29,105.96,-1.71,-0.49,-0.67,36.51
2533,20438762,-999.02,70.80,103.03,-1.52,-0.67,-0.73,36.51
2534,20442811,-1001.46,59.57,101.07,-1.65,-0.37,-0.43,36.32
2535,20446861,-995.61,59.08,104.98,-1.59,-0.37,-0.24,36.46
2536,20450918,-1004.88,56.15,101.56,-1.65,-0.37,0.30,36.42
2537,20454968,-1001.46,54.20,99.61,-1.46,-0.61,0.24,36.42
2538,20460762,-1000.49,53.71,101.07,-1.34,-0.61,0.43,36.42
2539,20464811,-1002.93,57.62,104.49,-1.52,-0.55,0.55,36.32
2540,20468861,-1001.46,59.57,104.49,-1.28,-0.67,0.91,36.46
2541,20472918,-994.63,62.50,101.07,-1.40,-0.49,1.16,36.22
2542,20476968,-996.09,68.85,100.59,-1.34,-0.55,1.16,36.27
2543,20482762,-997.56,72.27,99.12,-1.10,-0.61,0.85,35.94
2544,20486811,-1000.49,77.64,101.56,-1.28,-0.73,0.43,36.51
2545,20490861,-1006.84,74.71,102.54,-1.22,-0.67,0.43,36.61
2546,20494918,-1002.93,78.12,98.14,-1.22,-0.49,0.67,36.51
2547,20498968,-995.61,79.59,104.98,-1.34,-0.73,0.55,36.46
2548,20504762,-994.63,73.24,105.96,-1.22,-0.67,0.18,36.46
2549,20508811,-996.09,71.29,99.61,-0.98,-0.49,0.12,36.51
2550,20512861,-1001.46,72.27,97.66,-1.10,-0.73,-0.18,36.51
2551,20516918,-1003.91,69.82,102.05,-1.04,-0.79,-0.43,36.32
2552,20522762,-1000.00,64.94,100.59,-0.98,-0.73,-0.49,36.51
2553,20526811,-1004.39,65.92,94.24,-0.98,-0.43,-0.43,36.46
2554,20530861,-999.02,68.85,102.05,-0.91,-0.55,-0.37,36.51
2555,20534918,-996.58,67.87,107.42,-0.91,-0.91,-0.49,36.32
2556,20538968,-996.09,66.41,101.56,-0.91,-0.73,-0.24,36.46
2557,20544762,-998.05,69.82,100.59,-1.04,-0.67,-0.24,36.66
2558,20548811,-1000.00,66.41,105.47,-0.98,-0.67,-0.12,36.75
2559,20552861,-1002.44,69.82,102.54,-1.10,-0.67,-0.06,36.46
2560,20556918,-998.05,66.41,100.10,-0.91,-0.61,-0.37,36.51
2561,20560968,-997.07,67.87,103.03,-1.04,-0.73,-0.12,36.51
2562,20566762,-997.56,66.41,106.93,-0.98,-0.55,0.12,36.46
2563,20570811,-996.58,62.50,101.56,-0.98,-0.43,0.00,36.51
2564,20574861,-995.61,60.55,98.14,-1.22,-0.91,0.18,36.51
2565,20578918,-997.56,59.57,101.07,-1.28,-0.61,0.30,36.51
2566,20582968,-1000.49,60.55,100.59,-1.22,-0.61,0.24,36.51
2567,20588762,-998.54,59.57,102.05,-1.04,-0.49,0.49,36.61
2568,20592811,-994.14,56.64,99.12,-1.22,-0.67,0.67,36.51
2569,20596861,-1000.00,57.62,103.03,-0.91,-0.73,1.22,36.32
2570,20600918,-1000.00,62.99,99.61,-1.16,-0.37,1.10,36.27
2571,20604968,-1001.46,66.41,97.17,-1.10,-0.73,0.98,36.51
2572,20610762,-1003.42,66.89,102.05,-0.98,-0.79,1.16,36.32
2573,20614811,-1002.44,69.34,100.10,-1.22,-0.49,1.10,36.61
2574,20618861,-999.02,70.80,101.56,-0.98,-0.73,1.10,36.32
2575,20622918,-999.02,72.75,101.07,-0.98,-0.43,0.67,36.08
2576,20626968,-997.56,71.29,101.07,-1.16,-0.67,0.49,36.66
2577,20632762,-1003.91,72.75,101.56,-1.10,-0.79,0.43,36.32
2578,20636811,-995.12,72.75,105.96,-1.10,-0.67,-0.18,36.61
2579,20640861,-1001.46,71.29,105.96,-1.10,-0.91,-0.12,36.46
2580,20644918,-998.54,68.85,106.93,-1.10,-0.49,-0.18,36.22
2581,20648968,-995.61,71.29,106.45,-1.28,-0.61,-0.55,36.51
2582,20654762,-998.54,70.80,98.14,-1.34,-0.67,-0.12,36.51
2583,20658811,-1003.42,67.38,102.05,-1.16,-0.73,-0.37,36.51
2584,20662861,-996.58,67.87,99.61,-0.91,-0.55,-0.06,36.46
2585,20666918,-1004.39,65.43,104.49,-1.04,-0.79,-0.30,36.46
2586,20670968,-1000.98,67.87,100.10,-1.04,-0.55,0.00,36.42
2587,20676762,-998.54,67.38,102.05,-0.98,-0.73,0.37,36.42
2588,20680811,-1000.49,62.01,100.10,-0.85,-0.67,0.00,36.27
2589,20684861,-1002.93,66.89,97.66,-1.04,-0.73,-0.24,36.66
2590,20688918,-1006.35,71.29,102.54,-0.91,-0.73,0.06,36.46
2591,20692968,-1000.49,71.29,105.47,-1.16,-0.85,-0.24,36.08
2592,20698762,-998.05,69.34,103.52,-0.98,-0.85,-0.18,36.08
2593,20702811,-997.07,68.85,100.59,-1.16,-0.85,-0.18,36.46
2594,20706861,-994.14,65.43,102.05,-1.04,-0.85,-0.30,36.51
2595,20710918,-997.07,70.31,104.49,-1.04,-0.79,-0.24,36.32
2596,20714968,-998.54,65.92,101.56,-1.16,-0.61,-0.06,36.22
2597,20720762,-996.58,62.99,100.10,-0.98,-0.79,-0.12,36.22
2598,20724811,-1003.42,61.04,104.00,-0.91,-0.49,0.43,36.46
2599,20728861,-1000.49,62.01,101.56,-1.04,-0.55,0.24,36.51
2600,20732918,-995.12,60.06,105.47,-0.79,-0.49,0.55,36.61
2601,20738762,-993.16,61.52,98.63,-1.10,-0.49,0.55,36.46
2602,20742811,-998.05,68.36,102.05,-0.91,-0.61,0.73,36.32
2603,20746861,-997.56,70.31,103.52,-0.91,-0.61,0.85,36.42
2604,20750918,-1000.49,67.38,100.59,-0.73,-0.37,0.67,36.27
2605,20754968,-997.56,69.34,101.07,-0.85,-0.67,0.61,36.46
2606,20760762,-1002.93,75.20,103.52,-1.16,-0.73,0.43,36.66
2607,20764811,-1001.95,74.71,100.10,-1.28,-0.61,0.18,36.42
2608,20768861,-999.02,76.17,98.14,-1.10,-0.85,-0.24,36.46
2609,20772918,-996.58,73.73,106.93,-1.10,-0.79,-0.18,36.46
2610,20776968,-990.72,76.17,103.03,-1.34,-0.67,-0.49,36.46
2611,20782762,-994.14,67.38,107.42,-1.22,-0.67,-0.37,36.66
2612,20786811,-1000.00,66.89,103.03,-1.34,-0.73,-0.55,36.61
2613,20790861,-999.51,64.94,104.00,-1.16,-0.61,-0.49,36.46
2614,20794918,-999.51,64.45,107.42,-1.22,-0.67,-0.37,36.32
2615,20798968,-1000.98,64.94,105.47,-1.10,-0.61,-0.49,36.61
2616,20804762,-1002.44,61.52,93.75,-1.16,-0.49,-0.12,36.66
2617,20808811,-999.51,60.55,102.05,-0.91,-0.49,0.12,36.66
2618,20812861,-999.51,62.99,105.96,-1.10,-0.73,0.37,36.51
2619,20816918,-996.58,66.41,101.56,-1.28,-0.73,0.43,36.27
2620,20820968,-996.58,69.82,100.59,-1.40,-0.43,0.37,36.46
2621,20826762,-999.02,72.75,98.63,-1.40,-0.73,0.12,36.42
2622,20830811,-998.54,72.75,102.05,-1.34,-0.61,-0.06,36.27
2623,20834861,-999.51,64.94,97.66,-1.34,-0.67,0.06,36.46
2624,20838918,-1001.95,66.89,102.05,-1.71,-0.67,0.06,36.08
2625,20842968,-999.51,65.92,104.00,-1.59,-0.67,-0.30,36.46
2626,20848762,-1006.35,68.85,99.61,-1.10,-0.61,-0.37,36.32
2627,20852811,-998.54,66.89,101.07,-1.22,-0.61,-0.49,36.51
2628,20856861,-996.58,59.57,104.98,-1.22,-0.61,-0.18,36.61
2629,20860918,-994.63,60.55,104.98,-1.22,-0.43,-0.12,36.51
2630,20864968,-1000.00,62.50,98.14,-1.28,-0.18,0.06,36.42
2631,20870762,-1002.93,57.62,98.63,-1.16,-0.61,0.06,36.51
2632,20874811,-1005.37,57.62,101.07,-0.79,-0.55,0.37,36.22
2633,20878861,-1000.49,60.55,102.54,-1.10,-0.67,0.24,36.46
2634,20882918,-1001.46,65.92,103.03,-0.98,-0.49,0.43,36.46
2635,20886968,-1001.46,65.43,102.05,-0.91,-0.61,0.43,36.46
2636,20892762,-1000.49,66.89,103.03,-1.16,-0.61,-0.18,36.46
2637,20896811,-999.51,69.82,106.93,-1.28,-0.49,0.00,36.51
2638,20900861,-1002.44,68.36,104.00,-1.04,-0.49,-0.06,36.42
2639,20904918,-999.51,72.75,107.91,-1.16,-0.67,-0.30,36.22
2640,20908968,-998.54,67.87,104.98,-1.59,-0.73,-0.43,36.22
2641,20914762,-999.02,65.43,102.54,-1.28,-0.55,-0.24,35.94
2642,20918811,-1000.49,57.62,104.49,-1.34,-0.67,0.24,36.27
2643,20922861,-996.09,58.59,100.59,-1.46,-0.85,-0.06,36.51
2644,20926918,-999.51,67.87,103.52,-1.22,-0.79,0.24,36.32
2645,20930968,-995.12,64.94,102.05,-1.34,-0.67,0.49,35.98
2646,20936762,-1000.00,61.04,102.05,-1.04,-0.49,0.43,36.51
2647,20940811,-996.09,62.99,103.03,-0.98,-0.61,0.61,36.51
2648,20944861,-998.05,65.92,103.52,-1.04,-0.55,0.61,36.66
2649,20948918,-999.02,61.04,98.14,-0.85,-0.49,0.49,36.32
2650,20954762,-998.05,67.87,100.59,-1.28,-0.67,0.49,36.32
2651,20958811,-998.54,67.87,104.98,-1.34,-0.43,0.30,36.51
2652,20962861,-998.54,65.92,98.14,-0.91,-0.61,0.18,36.22
2653,20966918,-999.51,73.24,98.14,-1.16,-0.73,0.18,36.61
2654,20970968,-1000.98,73.73,98.63,-1.28,-0.55,-0.06,36.22
2655,20976762,-1000.49,69.34,99.61,-1.40,-0.79,-0.37,36.51
2656,20980811,-998.54,67.87,99.12,-1.40,-0.67,-0.30,36.46
2657,20984861,-999.51,60.06,99.61,-1.40,-0.98,-0.37,36.42
2658,20988918,-997.56,54.69,102.54,-1.04,-0.73,-0.12,36.46
2659,20992968,-994.14,58.59,102.05,-1.10,-0.79,-0.06,36.51
2660,20998762,-997.56,57.13,100.59,-1.16,-0.67,0.00,36.75
2661,21002811,-999.51,56.64,100.10,-0.91,-0.49,0.67,36.51
2662,21006861,-1001.46,52.73,104.98,-0.98,-0.55,1.04,36.32
2663,21010918,-1000.49,57.62,102.54,-1.16,-0.67,1.46,35.98
2664,21014968,-999.02,61.52,102.54,-1.10,-0.67,1.71,36.51
2665,21020762,-996.09,61.04,102.05,-0.91,-0.67,1.83,36.51
2666,21024811,-1004.39,64.45,104.00,-1.04,-0.61,1.65,36.51
2667,21028861,-1002.93,66.89,100.10,-1.04,-0.49,1.77,36.51
2668,21032918,-1003.91,70.80,102.05,-0.98,-0.43,1.46,36.27
2669,21036968,-999.02,68.85,102.54,-1.28,-0.55,1.40,36.42
2670,21042762,-999.51,75.68,107.42,-1.10,-0.49,1.10,36.61
2671,21046811,-998.05,69.82,101.56,-1.34,-0.67,0.85,36.51
2672,21050861,-1000.98,70.80,103.52,-1.16,-0.67,0.79,36.32
2673,21054918,-1002.44,75.20,106.45,-1.22,-0.67,0.55,36.51
2674,21058968,-999.51,70.31,106.45,-1.28,-0.61,0.49,36.51
2675,21064762,-996.58,73.73,107.42,-1.22,-0.85,0.37,36.51
2676,21068811,-1000.00,68.36,101.07,-1.16,-0.55,0.43,36.51
2677,21072861,-1000.00,72.27,103.03,-1.22,-0.37,0.00,36.51
2678,21076918,-998.54,67.87,104.00,-1.28,-0.79,0.12,36.27
2679,21080968,-996.09,70.31,103.52,-1.28,-0.49,-0.18,36.61
2680,21086762,-998.05,67.38,99.61,-1.16,-0.49,-0.18,36.61
2681,21090811,-1002.44,70.80,101.07,-1.10,-0.37,-0.06,36.42
2682,21094861,-1000.49,69.82,101.56,-1.16,-0.43,-0.12,36.51
2683,21098918,-1000.00,69.34,100.59,-1.28,-0.61,-0.06,36.46
2684,21102968,-1000.98,65.43,102.05,-1.28,-0.61,0.18,36.32
2685,21108762,-1000.98,67.87,100.59,-1.28,-0.61,-0.12,36.46
2686,21112811,-1001.46,69.34,98.14,-1.22,-0.55,-0.24,36.27
2687,21116861,-1000.98,62.50,104.00,-1.46,-0.67,-0.24,36.51
2688,21120918,-998.54,58.59,104.98,-1.34,-0.55,0.06,36.42
2689,21124968,-998.05,60.06,104.98,-1.28,-0.55,-0.06,36.42
2690,21130762,-1000.49,60.06,98.63,-1.04,-0.49,0.06,36.32
2691,21134811,-997.56,60.55,99.61,-1.16,-0.49,0.12,36.27
2692,21138861,-1000.00,59.08,98.14,-0.98,-0.43,0.55,36.66
2693,21142918,-998.54,58.59,98.14,-0.91,-0.61,0.61,36.46
2694,21146968,-997.56,60.55,98.14,-0.91,-0.73,0.61,36.32
2695,21152762,-995.12,62.50,101.56,-0.98,-0.61,0.67,36.42
2696,21156811,-998.54,66.41,100.59,-0.91,-0.73,0.85,36.27
2697,21160861,-996.09,63.96,102.54,-1.10,-0.61,0.98,36.42
2698,21164918,-1000.49,61.04,97.17,-1.04,-0.67,0.67,36.32
2699,21170762,-1001.95,66.41,103.52,-1.04,-0.73,0.61,36.51
2700,21174811,-1005.37,70.80,103.03,-1.22,-0.55,0.55,36.22
2701,21178861,-1004.39,68.85,101.07,-0.91,-0.61,0.12,36.46
2702,21182918,-1004.39,69.34,103.52,-1.10,-0.55,0.18,36.42
2703,21186968,-1002.44,68.36,104.00,-1.04,-0.73,-0.30,36.27
2704,21192762,-998.05,69.34,105.96,-1.28,-0.55,-0.18,36.46
2705,21196811,-1000.00,70.31,104.98,-1.28,-0.73,-0.06,36.61
2706,21200861,-995.61,68.36,106.93,-1.22,-0.61,-0.12,36.42
2707,21204918,-994.14,68.36,107.42,-1.28,-0.67,-0.12,36.32
2708,21208968,-997.56,66.89,104.98,-1.28,-0.73,0.12,36.51
2709,21214762,-998.54,61.52,104.49,-1.22,-0.85,0.12,36.66
2710,21218811,-998.05,65.43,104.00,-1.10,-0.85,0.12,36.51
2711,21222861,-1002.93,62.99,103.52,-1.16,-0.85,0.12,36.42
2712,21226918,-999.51,62.01,99.12,-1.16,-0.43,0.37,36.32
2713,21230968,-999.02,66.41,101.56,-1.10,-0.61,0.55,36.75
2714,21236762,-999.51,68.36,105.96,-1.22,-0.67,0.49,36.46
2715,21240811,-992.68,63.96,104.98,-1.22,-0.43,0.18,36.51
2716,21244861,-997.07,63.96,98.14,-0.98,-0.55,0.30,36.42
2717,21248918,-999.02,64.94,102.05,-0.91,-0.67,0.55,36.22
2718,21252968,-1003.42,68.36,107.91,-0.85,-0.49,0.30,36.80
2719,21258762,-997.56,73.24,105.96,-0.98,-0.49,0.37,36.61
2720,21262811,-997.56,73.73,101.56,-0.91,-0.67,0.30,36.42
2721,21266861,-1007.81,76.66,103.03,-0.85,-0.91,-0.06,36.27
2722,21270918,-1003.91,71.29,100.59,-0.98,-0.61,-0.61,36.27
2723,21274968,-1001.46,71.78,102.05,-1.28,-0.61,-0.67,36.51
2724,21280762,-999.51,69.82,101.07,-1.10,-0.79,-0.67,36.46
2725,21284811,-994.63,64.94,104.00,-1.34,-0.98,-0.91,36.46
2726,21288861,-998.05,67.38,102.54,-1.34,-0.61,-0.98,36.51
2727,21292918,-999.51,63.96,103.52,-1.46,-0.61,-0.91,36.42
2728,21296968,-999.02,58.11,103.52,-1.46,-0.79,-0.67,36.51
2729,21302762,-1005.37,56.64,104.49,-1.46,-0.79,-0.55,36.61
2730,21306811,-1000.98,58.59,103.03,-1.46,-0.61,-0.24,36.27
2731,21310861,-996.58,53.71,102.54,-1.34,-0.85,-0.06,36.27
2732,21314918,-997.07,55.66,103.03,-1.34,-0.85,0.30,36.32
2733,21318968,-997.56,58.11,101.07,-1.52,-0.61,0.73,36.32
2734,21324762,-999.02,56.64,102.05,-1.22,-0.55,1.10,36.27
2735,21328811,-1002.44,61.04,97.17,-1.34,-0.91,0.98,36.08
2736,21332861,-1003.42,64.94,97.17,-1.28,-0.55,0.79,36.51
2737,21336918,-998.05,66.41,97.17,-1.16,-0.73,1.10,36.46
2738,21340968,-1001.95,62.01,97.66,-1.16,-0.61,0.91,36.22
2739,21346762,-999.02,69.82,99.12,-1.10,-0.73,0.91,36.27
2740,21350811,-996.58,69.82,100.59,-1.04,-0.61,0.67,36.46
2741,21354861,-995.61,70.31,106.93,-1.28,-0.61,0.85,36.51
2742,21358918,-995.12,67.87,101.07,-1.16,-0.61,0.85,36.61
2743,21362968,-1000.49,68.36,100.59,-1.22,-0.49,0.73,36.27
2744,21368762,-1002.93,67.87,102.54,-1.04,-0.73,0.79,36.42
2745,21372811,-998.05,67.38,102.05,-1.16,-0.61,0.49,36.42
2746,21376861,-1001.95,68.36,101.07,-0.98,-0.49,0.49,36.61
2747,21380918,-997.56,70.80,104.49,-1.04,-0.55,0.30,36.32
2748,21386762,-1000.00,69.34,105.47,-1.28,-0.61,0.12,36.66
2749,21390811,-1001.95,65.92,98.63,-1.22,-0.79,-0.24,36.51
2750,21394861,-1000.98,63.48,110.35,-1.10,-0.67,-0.24,36.51
2751,21398918,-1001.95,65.92,103.52,-1.46,-0.79,0.12,36.22
2752,21402968,-995.61,67.87,103.52,-1.16,-0.55,0.12,36.46
2753,21408762,-998.54,66.41,105.96,-1.22,-0.55,0.06,36.27
2754,21412811,-1000.98,68.36,98.63,-0.98,-0.49,0.37,36.27
2755,21416861,-1000.00,66.41,103.03,-1.34,-0.49,0.43,36.51
2756,21420918,-1000.49,65.43,106.45,-1.10,-0.61,0.49,36.51
2757,21424968,-999.51,67.38,104.00,-0.98,-0.85,0.43,36.22
2758,21430762,-996.58,62.99,107.91,-1.10,-0.49,0.61,36.42
2759,21434811,-994.63,64.45,105.47,-1.04,-0.55,0.85,36.32
2760,21438861,-997.07,65.43,104.00,-0.98,-0.61,0.61,36.51
2761,21442918,-998.05,63.48,100.10,-1.10,-0.85,0.73,36.22
2762,21446968,-999.51,61.04,103.52,-1.04,-0.85,0.73,36.42
2763,21452762,-998.54,67.38,106.93,-1.04,-0.61,0.55,36.27
2764,21456811,-996.58,66.41,103.52,-1.16,-0.73,0.37,36.46
2765,21460861,-999.02,64.94,104.00,-1.04,-0.79,0.43,36.66
2766,21464918,-1003.42,67.38,95.21,-0.91,-0.49,0.67,36.46
2767,21468968,-1000.98,70.31,103.03,-0.98,-0.85,0.49,36.42
2768,21474762,-998.54,64.94,101.07,-1.16,-0.67,0.67,36.51
2769,21478811,-1000.98,65.92,103.03,-1.10,-0.43,0.61,36.66
2770,21482861,-999.51,58.59,101.07,-1.04,-0.67,0.67,36.22
2771,21486918,-999.51,62.99,99.12,-1.10,-0.67,0.91,36.27
2772,21490968,-998.05,64.45,101.07,-1.04,-0.79,0.91,36.61
2773,21496762,-999.02,65.92,101.56,-1.04,-0.67,1.10,36.46
2774,21500811,-1001.46,63.96,101.56,-1.10,-0.61,1.22,36.61
2775,21504861,-1000.49,63.96,100.59,-1.16,-0.49,1.10,36.46
2776,21508918,-1000.98,62.01,99.61,-1.16,-0.79,1.10,36.13
2777,21512968,-999.02,64.45,104.00,-0.98,-0.49,1.16,36.46
2778,21518762,-1004.88,73.24,100.59,-1.28,-0.67,0.91,36.46
2779,21522811,-999.02,69.82,102.54,-1.22,-0.73,0.67,36.22
2780,21526861,-1000.00,68.36,104.98,-1.10,-0.85,0.61,36.22
2781,21530918,-999.02,71.29,105.47,-1.10,-0.79,0.67,36.46
2782,21534968,-999.02,69.34,108.40,-0.91,-0.67,0.30,36.51
2783,21540762,-999.02,71.78,103.52,-1.16,-0.55,0.18,36.13
2784,21544811,-999.02,71.29,102.54,-1.16,-0.85,0.24,36.61
2785,21548861,-1004.39,69.34,101.56,-1.16,-0.67,0.06,36.61
2786,21552918,-995.61,69.34,103.52,-0.91,-0.43,-0.06,36.46
2787,21556968,-1003.91,70.31,106.93,-1.04,-0.49,0.06,36.32
2788,21562762,-1000.98,70.31,99.61,-1.10,-0.55,-0.18,36.22
2789,21566811,-1000.98,66.41,106.93,-1.16,-0.55,-0.06,36.22
2790,21570861,-1002.93,62.99,102.05,-1.04,-0.43,0.06,36.51
2791,21574918,-999.51,63.48,99.61,-1.16,-0.43,0.06,36.46
2792,21578968,-1001.95,64.94,98.14,-1.22,-0.49,0.06,36.13
2793,21584762,-999.51,65.92,99.61,-1.10,-0.67,-0.06,36.46
2794,21588811,-998.54,66.41,104.49,-1.10,-0.49,0.30,36.51
2795,21592861,-1000.00,66.41,101.07,-1.28,-0.49,0.61,36.42
2796,21596918,-1002.93,60.06,103.52,-1.22,-0.61,0.49,36.32
2797,21602762,-1001.95,63.96,104.49,-1.16,-0.79,0.24,36.46
2798,21606811,-1004.88,62.99,104.00,-1.22,-0.61,0.30,36.61
2799,21610861,-1006.84,66.41,100.59,-1.22,-0.79,0.18,36.22
2800,21614918,-1002.44,63.96,103.03,-1.22,-0.85,0.30,36.61
2801,21618968,-999.51,64.45,107.42,-1.28,-0.61,0.30,36.46
2802,21624762,-998.05,64.45,103.52,-1.40,-0.73,0.37,36.51
2803,21628811,-997.07,61.04,100.10,-1.28,-0.79,0.55,36.42
2804,21632861,-995.12,65.43,103.03,-1.22,-0.73,0.61,36.51
2805,21636918,-998.54,55.66,105.47,-1.16,-0.85,0.61,36.51
2806,21640968,-1003.42,59.57,100.59,-1.34,-0.55,0.79,36.46
2807,21646762,-1000.49,57.62,103.03,-1.04,-0.79,0.98,36.42
2808,21650811,-1000.98,62.01,102.05,-1.34,-0.61,1.10,36.51
2809,21654861,-1002.44,68.85,103.03,-1.16,-0.61,1.16,36.42
2810,21658918,-1004.39,69.34,101.56,-1.04,-0.91,0.85,36.22
2811,21662968,-1002.44,70.80,103.52,-0.98,-0.55,0.85,36.42
2812,21668762,-998.05,69.34,104.00,-1.10,-0.85,0.67,36.46
2813,21672811,-996.09,69.34,100.59,-1.16,-0.61,0.55,36.51
2814,21676861,-998.54,69.34,102.05,-1.04,-0.67,0.37,36.61
2815,21680918,-997.07,71.78,102.54,-1.16,-0.79,0.18,36.42
2816,21684968,-1000.00,68.36,109.37,-1.10,-0.55,0.24,36.51
2817,21690762,-993.65,68.85,101.07,-1.10,-0.43,0.30,36.46
2818,21694811,-999.02,67.38,103.03,-1.10,-0.73,0.43,36.51
2819,21698861,-999.02,66.41,100.10,-1.10,-0.85,0.37,36.61
2820,21702918,-999.02,61.52,101.07,-1.10,-0.73,0.18,36.27
2821,21706968,-997.56,66.41,103.03,-0.85,-0.55,0.61,36.08
2822,21712762,-1000.49,70.31,100.59,-1.10,-0.67,0.98,36.46
2823,21716811,-999.02,62.50,106.45,-1.10,-0.61,0.79,36.61
2824,21720861,-998.54,61.52,103.03,-1.04,-0.55,1.16,36.46
2825,21724918,-997.07,61.52,100.59,-0.91,-0.49,1.34,36.46
2826,21728968,-1002.93,64.94,101.56,-1.34,-0.43,1.16,36.66
2827,21734762,-1004.88,68.36,103.52,-0.85,-0.61,1.28,36.66
2828,21738811,-1004.39,74.22,99.61,-0.98,-0.85,0.98,36.22
2829,21742861,-1002.44,70.80,101.07,-1.10,-0.85,0.67,36.46
2830,21746918,-1002.44,72.75,105.47,-1.28,-0.73,0.55,36.46
2831,21750968,-1006.35,73.24,102.54,-1.34,-0.85,0.30,36.32
2832,21756762,-1000.49,69.82,101.56,-1.28,-0.79,0.12,36.27
2833,21760811,-1002.93,68.85,101.56,-1.34,-0.73,0.24,36.32
2834,21764861,-1000.98,69.82,101.56,-1.77,-0.67,0.12,36.61
2835,21768918,-1003.42,72.75,103.52,-1.59,-0.79,-0.12,36.61
2836,21772968,-996.09,66.41,98.14,-1.22,-0.98,0.18,36.13
2837,21778762,-998.54,56.64,100.10,-1.46,-0.61,0.24,36.13
2838,21782811,-1006.84,46.87,104.49,-1.65,-0.73,0.79,36.32
2839,21786861,-1019.04,28.32,140.62,-1.71,-1.40,3.78,36.46
2840,21790918,-1021.48,-120.12,228.52,-0.24,-2.87,9.21,36.61
2841,21794968,-974.12,84.96,125.98,1.28,-2.07,16.77,36.46
2842,21800762,-976.56,284.18,-29.30,-1.28,0.06,9.27,36.51
2843,21804811,-991.70,54.69,67.87,-1.40,-0.37,-0.55,36.46
2844,21808861,-1009.28,99.12,122.56,-1.16,-0.98,-1.40,36.51
2845,21812918,-999.51,48.34,116.70,-1.65,-0.43,-1.52,36.51
2846,21818762,-1013.67,49.80,97.66,-1.65,-0.73,-1.16,36.51
2847,21822811,-997.07,63.96,118.65,-1.71,-0.98,0.24,36.51
2848,21826861,-991.21,70.80,115.72,-1.34,-0.55,0.00,36.61
2849,21830918,-998.05,75.68,102.05,-1.34,-0.49,-0.43,36.22
2850,21834968,-995.12,70.31,100.10,-1.22,-0.79,-0.30,36.32
2851,21840762,-1000.00,56.64,107.91,-1.16,-0.91,0.06,36.51
2852,21844811,-998.54,59.08,102.54,-1.22,-0.85,0.79,36.80
2853,21848861,-998.05,66.41,105.47,-1.10,-0.67,1.04,36.61
2854,21852918,-994.14,78.12,96.68,-1.16,-0.55,1.04,36.51
2855,21856968,-998.54,74.22,98.63,-1.16,-0.67,1.16,36.46
2856,21862762,-995.12,71.78,106.93,-1.04,-0.49,0.79,36.61
2857,21866811,-1000.49,68.85,102.54,-1.28,-0.67,1.10,36.61
2858,21870861,-992.19,63.96,100.59,-1.16,-0.79,0.91,36.51
2859,21874918,-997.07,62.99,106.45,-0.98,-0.67,1.22,36.32
2860,21878968,-995.12,71.78,104.00,-0.91,-0.67,0.91,36.66
2861,21884762,-1002.93,73.73,103.52,-0.91,-0.49,1.10,36.66
2862,21888811,-1004.39,72.75,107.42,-0.98,-0.55,0.61,36.46
2863,21892861,-1003.42,73.73,99.12,-0.91,-0.30,0.37,36.32
2864,21896918,-1000.98,75.68,101.07,-1.04,-0.49,0.18,36.51
2865,21900968,-999.02,78.12,103.52,-1.22,-0.55,-0.12,36.51
2866,21906762,-1000.98,71.29,99.61,-1.22,-0.73,0.00,36.61
2867,21910811,-999.02,69.82,98.63,-1.28,-0.67,0.00,36.32
2868,21914861,-993.65,66.89,96.19,-1.40,-0.61,-0.18,36.27
2869,21918918,-997.07,68.85,100.59,-1.40,-0.55,-0.12,36.27
2870,21922968,-994.63,66.41,100.10,-1.34,-0.55,0.12,36.46
2871,21928762,-999.51,61.52,104.98,-1.28,-0.55,0.30,36.66
2872,21932811,-997.07,56.64,97.17,-1.10,-0.37,0.55,36.61
2873,21936861,-999.02,62.01,105.47,-1.10,-0.43,0.49,36.42
2874,21940918,-994.14,60.06,101.56,-1.10,-0.37,1.04,36.51
2875,21944968,-1000.49,62.50,101.56,-0.98,-0.67,1.52,36.51
2876,21950762,-996.09,63.96,106.93,-1.04,-0.55,1.59,36.51
2877,21954811,-998.05,65.92,103.03,-1.04,-0.30,1.40,36.42
2878,21958861,-1004.88,68.85,102.54,-1.04,-0.49,1.40,36.46
2879,21962918,-1002.93,79.10,110.35,-0.98,-0.55,1.16,36.32
2880,21966968,-1001.95,74.71,106.45,-0.98,-0.55,1.16,36.61
2881,21972762,-996.58,75.68,103.03,-0.98,-0.30,1.04,36.42
2882,21976811,-998.05,80.57,101.07,-1.16,-0.30,0.55,36.51
2883,21980861,-998.54,76.17,104.49,-0.98,-0.30,0.37,36.42
2884,21984918,-1000.00,76.66,105.96,-1.22,-0.30,0.37,36.51
2885,21988968,-999.51,75.20,106.93,-1.34,-0.49,0.30,36.51
2886,21994762,-999.02,69.82,99.12,-1.40,-0.55,0.24,36.46
2887,21998811,-1000.00,73.73,107.42,-1.10,-0.37,-0.06,36.46
2888,22002861,-996.58,70.80,104.00,-1.22,-0.55,-0.12,36.61
2889,22006918,-1001.95,70.31,100.59,-1.10,-0.67,-0.06,36.32
2890,22010968,-1000.49,74.22,99.61,-1.22,-0.73,0.18,36.46
2891,22016762,-997.56,72.27,102.54,-0.91,-0.79,0.00,36.51
2892,22020811,-992.68,64.94,97.17,-1.28,-0.79,0.49,36.32
2893,22024861,-999.51,66.89,103.03,-1.10,-0.85,0.49,36.46
2894,22028918,-995.12,70.80,103.52,-1.10,-0.55,0.61,36.66
2895,22034762,-1000.00,69.82,100.59,-1.22,-0.49,0.79,36.51
2896,22038811,-1001.46,67.87,101.07,-1.28,-0.55,1.22,36.75
2897,22042861,-999.02,67.87,96.19,-1.22,-0.61,0.55,36.46
2898,22046918,-1000.49,66.89,102.05,-1.28,-0.73,0.79,36.22
2899,22050968,-999.02,64.94,103.52,-1.04,-0.43,0.73,36.61
2900,22056762,-996.09,65.92,100.10,-1.10,-0.55,0.98,36.46
2901,22060811,-999.02,65.92,101.56,-0.91,-0.61,1.10,36.32
2902,22064861,-997.56,69.82,103.52,-0.91,-0.55,0.91,36.51
2903,22068918,-998.54,70.80,101.56,-0.91,-0.49,0.55,36.32
2904,22072968,-1000.49,68.36,100.59,-1.10,-0.67,0.55,36.46
2905,22078762,-996.09,75.68,100.10,-0.85,-0.67,0.73,36.32
2906,22082811,-1000.49,70.80,101.56,-0.85,-0.37,0.55,36.51
2907,22086861,-1000.98,71.78,106.93,-1.04,-0.49,0.43,36.32
2908,22090918,-999.02,65.43,103.52,-0.98,-0.91,0.61,36.46
2909,22094968,-1002.44,69.82,103.03,-1.04,-0.49,0.73,36.51
2910,22100762,-997.07,70.31,104.49,-1.04,-0.85,0.91,36.66
2911,22104811,-1000.00,67.87,104.00,-1.04,-0.67,0.73,36.51
2912,22108861,-999.51,68.36,107.91,-1.34,-0.24,0.79,36.75
2913,22112918,-998.54,69.34,104.00,-0.91,-0.49,0.91,36.32
2914,22116968,-997.07,67.87,106.45,-1.16,-0.55,0.98,36.22
2915,22122762,-998.54,71.29,106.93,-0.98,-0.43,1.04,36.42
2916,22126811,-1003.42,69.34,103.52,-1.04,-0.61,1.16,36.61
2917,22130861,-991.21,71.29,106.45,-1.16,-0.55,1.16,36.46
2918,22134918,-1000.49,71.29,106.93,-1.22,-0.49,1.16,36.51
2919,22138968,-999.51,72.27,102.54,-1.28,-0.61,1.22,36.46
2920,22144762,-996.58,69.34,99.61,-1.40,-0.67,1.16,36.61
2921,22148811,-998.54,70.31,105.96,-1.16,-0.67,1.28,36.61
2922,22152861,-995.61,73.24,100.59,-1.16,-0.73,1.34,36.66
2923,22156918,-1001.46,70.31,102.54,-1.10,-0.61,1.22,36.46
2924,22160968,-999.02,72.27,100.59,-1.10,-0.79,1.04,36.75
2925,22166762,-999.02,77.15,101.07,-1.04,-0.49,0.91,36.51
2926,22170811,-1003.42,77.15,103.52,-1.10,-0.79,0.79,36.32
2927,22174861,-1002.44,79.10,107.42,-0.98,-0.43,0.61,36.51
2928,22178918,-1006.84,83.50,104.49,-1.10,-0.61,0.30,36.61
2929,22182968,-997.56,81.05,102.54,-1.40,-0.91,-0.12,36.42
2930,22188762,-1000.98,80.57,103.03,-1.10,-0.73,-0.24,36.27
2931,22192811,-996.09,75.68,100.59,-1.40,-0.85,-0.55,36.27
2932,22196861,-1000.49,74.71,101.56,-1.16,-0.49,-0.30,36.61
2933,22200918,-995.12,69.34,105.47,-1.34,-0.73,-0.67,36.51
2934,22204968,-998.05,71.78,101.07,-1.04,-0.91,-0.30,36.22
2935,22210762,-994.14,64.94,105.47,-1.10,-0.67,-0.18,36.32
2936,22214811,-997.07,60.55,97.17,-1.10,-0.55,-0.18,36.22
2937,22218861,-999.51,60.55,99.12,-1.22,-0.61,0.06,36.46
2938,22222918,-999.51,62.50,100.59,-0.91,-0.79,0.30,36.46
2939,22226968,-993.65,64.45,104.49,-1.04,-0.79,0.61,36.46
2940,22232762,-1000.00,67.38,98.14,-0.91,-0.98,0.67,36.61
2941,22236811,-1001.95,72.75,103.52,-0.73,-0.91,0.67,36.61
2942,22240861,-1002.93,76.17,99.12,-1.04,-0.30,0.67,36.46
2943,22244918,-1003.91,72.75,105.96,-0.98,-0.85,0.24,36.32
2944,22250762,-999.02,77.15,106.93,-1.28,-0.79,0.00,36.66
2945,22254811,-1000.00,74.22,103.52,-1.16,-0.67,0.18,36.46
2946,22258861,-1000.00,72.27,99.12,-1.34,-0.67,0.06,36.32
2947,22262918,-998.05,69.34,104.00,-1.40,-0.55,0.06,36.32
2948,22266968,-998.54,67.38,106.45,-1.10,-0.55,0.06,36.46
2949,22272762,-995.61,64.45,102.54,-1.22,-0.24,0.00,36.46
2950,22276811,-1002.93,67.87,107.42,-1.28,-0.61,0.43,36.46
2951,22280861,-996.58,67.38,105.47,-1.10,-0.49,0.73,36.66
2952,22284918,-1002.93,66.89,106.45,-1.04,-0.43,0.43,36.46
2953,22288968,-998.54,62.99,101.56,-1.04,-0.55,0.67,36.32
2954,22294762,-1000.49,71.29,105.96,-1.10,-0.61,0.67,36.42
2955,22298811,-999.02,73.24,104.00,-1.16,-0.43,0.79,36.42
2956,22302861,-999.02,68.36,107.91,-1.04,-0.49,0.73,36.61
2957,22306918,-997.56,75.20,97.17,-1.10,-0.37,0.79,36.46
2958,22310968,-998.05,71.29,102.05,-1.10,-0.61,0.79,36.61
2959,22316762,-1001.95,78.61,105.47,-1.04,-0.91,0.91,36.46
2960,22320811,-1000.00,77.64,101.56,-1.16,-0.43,0.30,36.51
2961,22324861,-1000.00,80.57,103.03,-1.28,-0.55,0.06,36.46
2962,22328918,-1007.81,78.61,100.59,-1.22,-0.61,-0.24,36.46
2963,22332968,-1003.42,75.68,101.56,-1.04,-0.61,-0.49,36.42
2964,22338762,-997.07,70.80,101.56,-1.28,-0.67,-0.49,36.46
2965,22342811,-999.02,70.31,102.05,-1.22,-0.49,-0.61,36.46
2966,22346861,-994.63,71.78,102.54,-1.40,-0.49,-0.49,36.51
2967,22350918,-999.02,70.31,99.12,-1.22,-0.67,-0.55,36.27
2968,22354968,-998.54,70.31,101.56,-1.34,-0.55,-0.67,36.66
2969,22360762,-999.02,63.96,95.21,-1.10,-0.98,0.00,36.51
2970,22364811,-997.56,62.99,103.52,-1.10,-0.73,-0.06,36.66
2971,22368861,-998.54,63.48,100.10,-0.85,-0.55,0.06,36.46
2972,22372918,-1000.00,63.96,102.05,-0.98,-0.79,0.30,36.32
2973,22376968,-1000.98,68.85,97.17,-0.79,-0.67,0.61,36.66
2974,22382762,-998.54,66.89,100.59,-1.04,-0.37,0.49,36.51
2975,22386811,-1007.32,72.75,102.05,-0.85,-0.61,0.30,36.32
2976,22390861,-1000.98,71.29,103.03,-0.85,-0.61,0.06,36.42
2977,22394918,-1001.46,74.22,100.59,-0.98,-0.67,0.30,36.32
2978,22398968,-1000.49,73.73,104.00,-0.91,-0.61,0.30,36.61
2979,22404762,-997.07,71.29,106.45,-1.34,-0.30,0.06,36.42
2980,22408811,-1001.46,73.73,102.05,-1.16,-0.67,0.12,36.46
2981,22412861,-1001.95,74.22,101.56,-1.04,-0.49,0.18,36.66
2982,22416918,-998.05,73.24,104.00,-0.98,-0.43,0.24,36.32
2983,22420968,-999.51,70.80,104.49,-1.28,-0.61,0.18,36.22
2984,22426762,-1000.98,69.34,100.59,-1.28,-0.55,0.30,36.42
2985,22430811,-1002.93,67.87,102.05,-1.10,-0.79,0.30,36.42
2986,22434861,-1000.49,70.80,99.61,-1.04,-0.91,0.24,36.51
2987,22438918,-997.56,75.20,96.68,-1.28,-0.61,0.67,36.75
2988,22442968,-1005.86,69.34,98.63,-1.28,-0.49,0.67,36.22
2989,22448762,-1005.86,70.31,102.54,-1.28,-0.91,0.61,36.51
2990,22452811,-998.54,70.80,96.68,-1.22,-0.67,0.49,36.42
2991,22456861,-1000.98,70.80,102.54,-1.22,-0.67,0.79,36.66
2992,22460918,-998.05,70.80,105.96,-1.10,-0.67,0.73,36.51
2993,22466762,-1000.98,73.73,100.59,-0.98,-0.55,0.49,36.46
2994,22470811,-1000.98,73.73,101.07,-1.22,-0.91,0.06,36.42
2995,22474861,-1000.00,70.31,102.05,-1.34,-0.67,0.30,36.51
2996,22478918,-1002.93,73.73,102.54,-1.16,-0.61,0.37,36.66
2997,22482968,-998.05,71.78,103.03,-1.22,-1.10,0.30,36.27
2998,22488762,-996.09,74.71,102.54,-1.34,-0.79,0.18,36.46
2999,22492811,-998.05,72.75,102.54,-1.16,-0.55,0.00,36.66
3000,22496861,-998.54,72.27,103.03,-0.91,-0.85,0.18,36.51
3001,22500918,-1003.42,75.20,106.45,-1.16,-0.61,0.12,36.66
3002,22504968,-997.56,72.75,104.98,-1.16,-0.85,0.06,36.46
3003,22510762,-997.07,73.24,104.98,-0.98,-0.49,0.24,36.32
3004,22514811,-997.07,67.87,104.49,-1.34,-0.55,0.24,36.46
3005,22518861,-1001.95,68.36,102.05,-1.28,-0.55,0.30,36.66
3006,22522918,-1000.98,68.36,102.05,-1.04,-0.67,0.37,36.22
3007,22526968,-996.58,65.43,105.47,-1.22,-0.55,0.67,36.27
3008,22532762,-1000.49,67.38,102.54,-1.04,-0.55,0.67,36.46
3009,22536811,-1001.46,65.43,105.96,-1.10,-0.55,0.73,36.66
3010,22540861,-994.63,60.06,107.42,-1.04,-0.73,1.16,36.42
3011,22544918,-999.51,62.99,104.00,-1.04,-0.67,1.04,36.32
3012,22548968,-998.54,68.85,105.96,-0.79,-0.55,1.04,36.66
3013,22554762,-1001.46,73.73,101.07,-0.85,-0.67,1.10,36.46
3014,22558811,-1003.42,70.80,104.98,-1.04,-0.85,0.67,36.46
3015,22562861,-999.02,77.15,96.19,-0.79,-0.61,0.61,36.51
3016,22566918,-999.02,76.17,103.52,-0.79,-0.73,0.24,36.32
3017,22570968,-999.51,73.73,98.63,-0.91,-0.73,0.30,36.51
3018,22576762,-994.63,76.66,102.54,-0.98,-0.67,0.12,36.22
3019,22580811,-993.16,73.73,98.63,-0.79,-0.55,0.18,36.42
3020,22584861,-998.54,79.10,104.49,-0.91,-0.24,0.00,36.46
3021,22588918,-1001.95,69.82,101.07,-1.16,-0.55,0.06,36.51
3022,22592968,-996.58,70.80,102.05,-1.16,-0.49,-0.18,36.51
3023,22598762,-996.58,68.85,101.07,-0.85,-0.49,0.00,36.46
3024,22602811,-1001.95,67.87,103.03,-1.04,-0.55,-0.06,36.22
3025,22606861,-1000.49,64.94,105.96,-0.91,-0.73,0.00,36.51
3026,22610918,-1002.44,64.45,105.96,-1.10,-0.61,0.12,36.32
3027,22614968,-997.56,65.92,103.52,-0.98,-0.61,0.43,36.66
3028,22620762,-1001.95,66.89,100.59,-1.10,-0.55,0.67,36.46
3029,22624811,-1001.95,69.34,100.59,-1.16,-0.37,0.43,36.42
3030,22628861,-1004.88,73.73,104.49,-1.16,-0.67,0.30,36.51
3031,22632918,-1000.98,75.20,103.03,-1.16,-0.55,0.43,36.61
3032,22636968,-999.02,69.82,103.52,-1.34,-0.61,0.37,36.46
3033,22642762,-995.61,66.41,100.10,-1.04,-0.55,0.30,36.27
3034,22646811,-998.05,72.27,104.98,-1.22,-0.43,0.30,36.51
3035,22650861,-1000.00,71.29,105.47,-1.16,-0.37,0.37,36.27
3036,22654918,-1000.98,70.80,101.56,-1.04,-0.55,0.37,36.22
3037,22658968,-999.02,68.36,103.03,-1.16,-0.73,0.37,36.42
3038,22664762,-999.02,67.87,104.00,-1.28,-0.67,0.49,36.42
3039,22668811,-1000.49,68.85,104.49,-1.04,-0.67,0.73,36.66
3040,22672861,-1004.39,73.73,107.91,-0.98,-0.73,0.85,36.61
3041,22676918,-1003.42,71.78,104.00,-0.98,-0.43,0.85,36.61
3042,22682762,-1002.93,72.75,103.03,-1.10,-0.55,0.85,36.46
3043,22686811,-1000.98,74.71,105.47,-0.79,-0.79,0.67,36.32
3044,22690861,-1003.42,74.22,104.00,-1.04,-0.49,0.43,36.42
3045,22694918,-1003.42,79.10,102.54,-1.04,-0.73,0.43,36.61
3046,22698968,-1006.84,72.27,102.54,-1.22,-0.43,0.24,36.51
3047,22704762,-997.07,77.15,103.52,-1.04,-0.49,0.12,36.66
3048,22708811,-999.02,76.66,104.00,-1.28,-0.67,0.24,36.46
3049,22712861,-998.54,74.71,102.05,-1.22,-0.37,-0.06,36.66
3050,22716918,-999.02,72.27,106.45,-1.16,-0.55,0.06,36.42
3051,22720968,-999.02,72.27,112.79,-1.34,-0.79,0.18,36.46
3052,22726762,-998.05,64.94,101.07,-1.34,-0.73,0.18,36.42
3053,22730811,-992.68,69.34,101.56,-1.04,-0.49,0.61,36.75
3054,22734861,-999.51,63.96,102.05,-0.98,-0.43,0.85,36.75
3055,22738918,-993.65,66.89,104.49,-0.98,-0.67,0.67,36.32
3056,22742968,-1000.49,68.36,101.07,-1.22,-0.67,1.04,36.75
3057,22748762,-999.02,71.78,101.07,-1.16,-0.30,1.10,36.66
3058,22752811,-1002.93,69.34,99.61,-1.10,-0.73,0.98,36.66
3059,22756861,-1003.91,69.82,99.12,-0.91,-0.73,1.10,36.66
3060,22760918,-1002.44,77.15,97.17,-1.10,-0.61,0.67,36.22
3061,22764968,-1003.91,79.10,95.70,-1.04,-0.79,0.43,36.42
3062,22770762,-996.58,75.20,103.52,-1.16,-0.79,0.37,36.51
3063,22774811,-1000.00,72.75,101.56,-1.28,-0.61,0.30,36.61
3064,22778861,-1002.44,73.73,95.21,-1.28,-0.73,0.12,36.51
3065,22782918,-997.56,76.17,100.59,-1.10,-0.55,-0.12,36.42
3066,22786968,-1001.95,73.73,102.54,-1.52,-0.61,-0.18,36.42
3067,22792762,-1001.46,70.80,101.56,-1.46,-0.67,-0.18,36.61
3068,22796811,-1002.93,69.82,96.19,-1.28,-0.85,0.18,36.66
3069,22800861,-999.51,68.36,106.93,-1.22,-0.91,0.00,36.66
3070,22804918,-999.02,67.38,107.91,-1.16,-0.73,0.06,36.61
3071,22808968,-1001.46,64.45,105.47,-1.10,-0.67,0.37,36.61
3072,22814762,-1000.00,66.89,104.49,-1.40,-0.61,0.43,36.51
3073,22818811,-999.51,64.45,108.40,-1.22,-0.91,0.61,36.46
3074,22822861,-997.07,63.96,105.47,-1.22,-0.79,1.04,36.75
3075,22826918,-1000.49,66.41,103.52,-1.22,-0.98,1.40,36.46
3076,22830968,-1001.46,64.94,100.10,-1.10,-0.55,1.46,36.51
3077,22836762,-1004.88,71.78,109.86,-0.85,-0.61,1.34,36.42
3078,22840811,-1000.49,74.22,104.00,-1.28,-0.73,1.16,36.46
3079,22844861,-1001.46,71.29,101.07,-1.22,-0.61,1.28,36.51
3080,22848918,-998.54,73.24,104.00,-0.98,-0.43,1.16,36.42
3081,22852968,-997.56,74.22,104.49,-1.40,-0.61,1.28,36.22
3082,22858762,-1001.46,70.31,106.45,-1.22,-0.67,0.98,35.98
3083,22862811,-997.07,73.73,108.89,-1.22,-0.61,1.04,36.13
3084,22866861,-1004.88,73.73,103.03,-1.22,-0.43,1.10,36.32
3085,22870918,-997.07,74.22,105.47,-0.85,-0.55,0.85,36.46
3086,22874968,-1002.93,75.68,102.05,-1.28,-0.55,0.73,36.32
3087,22880762,-1004.39,76.66,101.07,-1.16,-0.61,0.43,36.51
3088,22884811,-1002.93,75.68,100.59,-1.10,-0.55,0.18,36.46
3089,22888861,-998.54,81.54,100.59,-1.22,-0.73,0.00,36.42
3090,22892918,-998.54,76.17,104.49,-1.28,-0.73,-0.30,36.61
3091,22898762,-993.65,76.66,102.05,-1.46,-0.61,-0.37,36.46
3092,22902811,-1000.49,74.71,106.45,-1.28,-0.61,-0.37,36.22
3093,22906861,-994.14,68.36,102.05,-1.52,-0.67,-0.37,36.61
3094,22910918,-997.07,68.85,104.00,-1.16,-0.67,0.00,36.61
3095,22914968,-995.61,66.89,105.47,-1.34,-0.67,0.00,36.66
3096,22920762,-1000.98,69.82,99.61,-1.28,-0.79,-0.24,36.42
3097,22924811,-1001.95,65.92,102.05,-0.85,-0.79,-0.30,36.32
3098,22928861,-1002.93,66.89,102.05,-1.28,-0.61,0.18,36.42
3099,22932918,-1003.91,69.34,99.61,-1.28,-0.67,0.30,36.51
3100,22936968,-1000.49,67.87,107.42,-1.46,-0.67,0.55,36.66
3101,22942762,-997.56,68.36,103.03,-1.10,-0.73,0.67,36.51
3102,22946811,-995.61,64.94,105.96,-1.04,-0.55,0.61,36.22
3103,22950861,-1000.49,69.82,103.03,-1.16,-0.55,0.61,36.46
3104,22954918,-1000.98,69.82,105.47,-0.98,-0.61,0.67,36.46
3105,22958968,-1004.39,70.31,98.14,-1.16,-0.67,0.61,36.46
3106,22964762,-999.51,68.36,103.03,-1.10,-0.49,0.49,36.51
3107,22968811,-1003.91,68.36,104.49,-1.10,-0.61,0.79,36.51
3108,22972861,-995.61,69.34,100.10,-0.85,-0.73,0.55,36.46
3109,22976918,-1000.49,67.87,103.52,-1.28,-0.73,0.49,36.27
3110,22980968,-997.07,73.24,106.45,-0.98,-0.85,0.79,36.80
3111,22986762,-1001.46,73.24,107.42,-0.98,-0.73,0.55,36.66
3112,22990811,-997.07,73.73,102.05,-0.91,-0.55,0.43,36.51
3113,22994861,-995.12,74.71,105.47,-1.10,-0.55,0.12,36.66
3114,22998918,-1000.00,76.66,106.45,-1.04,-0.55,-0.18,36.32
3115,23002968,-999.02,76.17,106.45,-0.73,-0.55,0.12,36.51
3116,23008762,-1000.98,77.15,105.47,-1.16,-0.49,0.12,36.46
3117,23012811,-994.63,66.89,106.93,-1.04,-0.67,0.18,36.61
3118,23016861,-996.58,72.27,105.96,-1.10,-0.43,-0.24,36.42
3119,23020918,-996.09,72.75,107.42,-0.98,-0.43,0.06,36.42
3120,23024968,-1000.00,69.34,103.52,-0.91,-0.67,0.49,36.46
3121,23030762,-998.05,70.80,101.56,-0.98,-0.79,0.61,36.32
3122,23034811,-1002.44,69.82,106.93,-1.04,-0.61,0.67,36.32
3123,23038861,-996.09,69.34,100.10,-1.10,-0.37,0.55,36.51
3124,23042918,-996.09,70.80,101.56,-0.85,-0.43,0.73,36.51
3125,23046968,-1001.46,70.80,102.54,-1.10,-0.49,0.91,36.51
3126,23052762,-1001.95,72.75,102.54,-0.98,-0.61,0.67,36.42
3127,23056811,-996.58,74.71,102.05,-1.04,-0.55,0.24,36.42
3128,23060861,-1000.00,77.15,99.61,-1.04,-0.61,0.18,36.46
3129,23064918,-997.56,75.20,103.03,-1.10,-0.61,0.24,36.46
3130,23068968,-1000.00,76.17,103.03,-1.10,-0.73,-0.24,36.32
3131,23074762,-1001.46,74.22,102.54,-1.04,-0.55,-0.24,36.46
3132,23078811,-997.56,75.20,103.03,-1.16,-0.61,-0.30,36.32
3133,23082861,-1000.98,70.31,108.89,-1.10,-0.73,-0.43,36.46
3134,23086918,-1001.46,73.24,105.47,-1.22,-0.73,-0.18,36.51
3135,23090968,-999.51,66.89,103.52,-1.28,-0.73,-0.43,36.42
3136,23096762,-996.58,66.89,102.05,-1.22,-0.61,-0.06,36.80
3137,23100811,-1000.00,68.36,107.91,-1.22,-0.73,-0.12,36.51
3138,23104861,-1002.44,59.57,104.00,-0.98,-0.55,0.18,36.51
3139,23108918,-1001.95,62.01,105.47,-0.98,-0.67,0.37,36.46
3140,23114762,-1002.93,65.43,101.07,-0.98,-0.55,0.61,36.61
3141,23118811,-1001.46,74.71,104.49,-1.10,-0.55,0.73,36.51
3142,23122861,-997.56,71.78,101.07,-1.10,-0.73,0.67,36.66
3143,23126918,-995.61,73.24,109.37,-1.16,-0.67,0.85,36.66
3144,23130968,-994.14,74.71,105.47,-1.04,-0.67,0.85,36.42
3145,23136762,-994.14,71.29,103.52,-0.85,-0.73,0.91,36.51
3146,23140811,-999.02,69.82,101.56,-0.98,-0.55,0.98,36.51
3147,23144861,-1001.95,72.75,99.61,-0.98,-0.30,0.91,36.13
3148,23148918,-1004.88,71.29,103.52,-1.04,-0.73,0.91,36.61
3149,23152968,-1001.46,76.66,102.54,-1.16,-0.67,1.04,36.51
3150,23158762,-1002.93,70.31,101.56,-1.04,-0.91,0.79,36.75
3151,23162811,-1002.44,72.27,99.61,-0.79,-0.67,0.98,36.46
3152,23166861,-999.02,75.68,104.00,-1.28,-0.73,0.61,36.42
3153,23170918,-996.58,75.20,104.49,-1.04,-0.91,0.55,36.51
3154,23174968,-1000.00,75.68,100.59,-0.98,-1.04,0.55,36.51
3155,23180762,-998.54,74.22,107.91,-0.91,-0.79,0.12,36.51
3156,23184811,-994.14,73.24,102.05,-1.16,-0.67,0.43,36.51
3157,23188861,-996.58,78.12,104.49,-1.04,-0.85,-0.12,36.61
3158,23192918,-1000.49,73.73,104.49,-0.85,-0.61,-0.06,36.51
3159,23196968,-1001.95,77.64,104.98,-1.16,-0.79,-0.24,36.80
3160,23202762,-995.12,73.24,106.93,-1.10,-0.91,-0.12,36.32
3161,23206811,-1004.88,70.31,106.45,-0.79,-0.73,-0.24,36.46
3162,23210861,-996.58,71.29,103.03,-0.79,-0.67,-0.12,36.75
3163,23214918,-999.51,72.75,105.96,-1.10,-0.73,-0.43,36.27
3164,23218968,-999.02,72.27,107.91,-1.16,-0.67,-0.43,36.51
3165,23224762,-1002.93,75.20,107.91,-1.22,-0.61,-0.43,36.51
3166,23228811,-1002.93,67.87,101.56,-1.16,-0.85,-0.79,36.80
3167,23232861,-1001.46,68.85,101.07,-1.28,-0.79,-0.18,36.32
3168,23236918,-993.16,69.82,106.45,-0.91,-0.61,-0.55,36.51
3169,23240968,-997.56,74.22,104.49,-1.16,-0.79,-0.55,36.46
3170,23246762,-999.02,69.34,107.91,-1.10,-0.67,-0.37,36.51
3171,23250811,-998.05,65.43,105.47,-1.10,-0.67,-0.18,36.46
3172,23254861,-996.09,63.48,105.47,-1.28,-0.91,0.06,36.51
3173,23258918,-1000.49,58.59,102.05,-1.10,-0.61,0.30,36.66
3174,23262968,-1000.49,67.38,104.00,-1.28,-0.79,0.43,36.46
3175,23268762,-1001.46,66.41,104.49,-1.04,-0.49,0.85,36.13
3176,23272811,-995.12,70.80,105.96,-1.04,-0.61,0.67,36.42
3177,23276861,-995.61,65.92,107.91,-1.22,-0.67,1.10,36.51
3178,23280918,-999.51,69.34,105.47,-1.10,-0.73,1.22,36.75
3179,23284968,-999.51,69.82,103.52,-0.98,-0.37,1.04,36.51
3180,23290762,-1002.44,72.27,100.59,-0.85,-0.67,0.73,36.42
3181,23294811,-1000.98,74.71,103.03,-0.91,-0.55,0.43,36.27
3182,23298861,-999.02,75.68,101.56,-0.98,-0.61,0.37,36.61
3183,23302918,-994.63,75.68,104.49,-1.34,-0.67,0.37,36.46
3184,23306968,-995.61,79.10,100.59,-1.40,-0.67,0.18,36.42
3185,23312762,-998.05,78.12,100.59,-1.16,-0.43,-0.12,36.61
3186,23316811,-995.61,71.29,109.86,-1.22,-0.61,0.00,36.51
3187,23320861,-994.14,68.36,102.54,-1.28,-0.67,-0.43,36.51
3188,23324918,-995.61,71.29,100.10,-0.73,-0.49,-0.18,36.66
3189,23330762,-996.58,70.80,100.10,-0.98,-0.79,-0.24,36.85
3190,23334811,-997.56,68.85,99.12,-1.28,-0.67,0.18,36.46
3191,23338861,-999.02,69.82,100.59,-1.16,-0.67,0.12,36.51
3192,23342918,-995.61,68.36,99.61,-1.10,-0.43,0.24,36.46
3193,23346968,-1000.00,73.24,98.63,-1.10,-0.79,0.55,36.66
3194,23352762,-1004.88,72.27,101.56,-0.85,-0.79,0.30,36.46
3195,23356811,-999.02,69.82,102.05,-1.34,-0.55,0.55,36.42
3196,23360861,-1003.91,72.75,103.52,-0.79,-0.73,0.61,36.32
3197,23364918,-1004.88,70.80,102.05,-1.16,-0.73,0.61,36.46
3198,23368968,-1003.91,70.80,102.54,-0.98,-0.73,0.37,36.46
3199,23374762,-1006.84,72.27,102.54,-1.52,-0.85,0.30,36.61
3200,23378811,-1000.49,69.82,102.54,-1.10,-0.61,0.24,36.51
3201,23382861,-1001.46,70.80,103.52,-1.52,-0.67,0.18,36.46
3202,23386918,-994.63,68.36,109.37,-1.16,-0.67,0.18,36.22
3203,23390968,-998.54,68.36,104.98,-1.22,-0.49,0.12,36.51
3204,23396762,-996.09,62.50,107.91,-1.22,-0.73,0.43,36.75
3205,23400811,-996.58,63.96,105.47,-1.22,-0.67,0.55,36.75
3206,23404861,-997.07,68.36,106.93,-1.10,-0.37,0.30,36.75
3207,23408918,-999.02,65.92,104.00,-1.22,-0.61,0.73,36.46
3208,23412968,-991.70,65.43,104.49,-0.98,-0.67,0.61,36.46
3209,23418762,-996.58,65.43,103.03,-1.16,-0.61,1.04,36.61
3210,23422811,-1000.00,72.27,109.86,-1.16,-0.73,0.91,36.61
3211,23426861,-998.05,72.75,103.52,-1.34,-0.55,0.67,36.51
3212,23430918,-1000.98,79.10,104.49,-0.91,-0.55,0.73,36.51
3213,23434968,-999.51,77.15,105.47,-1.16,-0.73,0.18,36.51
3214,23440762,-1004.88,76.66,102.05,-0.98,-0.73,0.12,36.13
3215,23444811,-1002.44,80.57,97.66,-0.98,-0.91,-0.12,36.51
3216,23448861,-999.02,76.66,104.98,-1.46,-0.79,0.00,36.51
3217,23452918,-998.54,80.57,100.10,-1.16,-0.55,-0.06,36.61
3218,23456968,-1000.00,71.78,100.10,-1.34,-0.73,-0.30,36.46
3219,23462762,-998.05,67.87,99.61,-1.16,-0.61,-0.30,36.46
3220,23466811,-1000.49,69.82,101.07,-1.28,-0.67,-0.55,36.46
3221,23470861,-1000.00,65.43,105.47,-1.46,-0.67,-0.24,36.61
3222,23474918,-999.02,66.89,101.07,-1.46,-0.79,-0.30,36.51
3223,23478968,-1001.95,65.92,98.14,-1.04,-0.67,-0.06,36.46
3224,23484762,-1002.93,66.41,103.03,-1.04,-0.91,0.37,36.22
3225,23488811,-994.63,65.43,104.00,-1.22,-0.85,0.55,36.46
3226,23492861,-996.09,65.92,104.49,-0.98,-0.73,0.61,36.61
3227,23496918,-996.58,66.41,104.98,-1.10,-0.91,0.79,36.51
3228,23500968,-996.58,69.82,107.91,-0.91,-1.04,0.79,36.46
3229,23506762,-996.09,68.85,104.49,-1.28,-0.61,1.04,36.61
3230,23510811,-1005.37,66.89,100.10,-1.16,-0.79,1.04,36.27
3231,23514861,-1000.49,75.68,105.47,-1.10,-0.67,0.98,36.51
3232,23518918,-1002.44,76.17,105.47,-1.16,-0.79,0.67,36.66
3233,23522968,-1002.93,76.66,104.98,-1.04,-0.61,0.55,36.32
3234,23528762,-1003.91,78.12,102.54,-1.10,-0.91,0.73,36.51
3235,23532811,-998.05,76.17,107.42,-1.28,-0.98,0.18,36.61
3236,23536861,-993.65,73.24,109.86,-1.28,-0.73,0.24,36.61
3237,23540918,-997.56,71.29,107.42,-1.40,-0.55,0.30,36.51
3238,23546762,-997.07,67.87,103.52,-1.10,-0.61,0.43,36.66
3239,23550811,-998.54,74.22,103.52,-1.22,-0.79,0.43,36.51
3240,23554861,-1002.93,64.94,105.47,-1.16,-0.91,0.43,36.66
3241,23558918,-1000.00,65.92,100.59,-1.28,-0.67,0.49,36.51
3242,23562968,-1000.00,68.36,103.03,-1.22,-0.49,0.73,36.46
3243,23568762,-997.07,71.78,104.98,-1.22,-0.85,0.85,36.51
3244,23572811,-1001.46,69.82,99.61,-1.40,-0.61,0.49,36.51
3245,23576861,-1000.98,72.75,95.21,-0.98,-0.67,0.43,36.46
3246,23580918,-999.51,74.22,102.54,-1.16,-0.85,0.49,36.42
3247,23584968,-998.05,71.78,103.03,-1.22,-0.85,0.55,36.66
3248,23590762,-996.58,74.71,104.49,-1.28,-0.61,0.37,36.46
3249,23594811,-998.54,76.66,103.52,-1.16,-0.79,0.49,36.51
3250,23598861,-999.51,71.29,105.96,-1.10,-0.61,0.24,36.61
3251,23602918,-995.12,74.22,107.42,-1.22,-0.67,-0.12,36.27
3252,23606968,-998.54,67.87,104.00,-1.16,-0.55,0.30,36.75
3253,23612762,-999.51,67.87,108.40,-1.04,-0.67,0.61,36.51
3254,23616811,-1000.49,70.31,106.45,-0.91,-0.55,0.18,36.66
3255,23620861,-998.05,73.24,104.98,-1.10,-0.49,0.30,36.61
3256,23624918,-999.51,74.22,106.45,-1.16,-0.55,0.37,36.61
3257,23628968,-1000.00,72.75,99.61,-0.79,-0.73,0.43,36.61
3258,23634762,-1003.91,70.80,108.40,-1.10,-0.67,0.37,36.51
3259,23638811,-999.02,66.89,104.00,-0.98,-0.67,0.06,36.66
3260,23642861,-1002.93,71.29,110.35,-0.98,-0.67,0.00,36.32
3261,23646918,-999.02,74.22,103.52,-1.10,-0.67,-0.06,36.32
3262,23650968,-999.02,74.71,106.93,-1.10,-0.73,-0.12,36.51
3263,23656762,-994.63,76.17,105.47,-1.16,-0.55,-0.43,36.32
3264,23660811,-999.02,75.20,104.49,-1.16,-0.85,-0.30,36.51
3265,23664861,-1000.98,76.17,101.56,-1.10,-0.61,-0.61,36.66
3266,23668918,-998.05,74.22,104.00,-1.16,-0.73,-0.67,36.61
3267,23672968,-998.54,69.34,101.07,-1.22,-0.85,-0.67,36.51
3268,23678762,-995.61,72.75,99.12,-1.28,-0.73,-0.79,36.51
3269,23682811,-999.02,74.71,103.03,-1.04,-0.55,-0.79,36.22
3270,23686861,-998.54,73.24,101.56,-1.10,-0.91,-0.67,36.75
3271,23690918,-1001.95,71.78,100.59,-0.98,-0.91,-0.73,36.42
3272,23694968,-999.02,68.36,103.03,-0.98,-0.79,-0.85,36.51
3273,23700762,-995.61,73.73,100.10,-1.16,-0.73,-0.55,36.42
3274,23704811,-1000.49,65.43,103.52,-1.04,-0.79,-0.49,36.22
3275,23708861,-1000.00,70.31,100.59,-1.10,-0.67,-0.43,36.51
3276,23712918,-1000.98,64.45,103.03,-1.28,-0.91,-0.06,36.51
3277,23716968,-996.58,67.38,101.56,-1.16,-0.98,-0.18,36.51
3278,23722762,-998.05,68.85,104.98,-1.28,-0.79,0.18,36.32
3279,23726811,-1000.00,65.43,104.98,-1.28,-0.73,0.18,36.42
3280,23730861,-995.61,64.45,106.93,-1.16,-0.67,0.43,36.80
3281,23734918,-997.56,61.04,109.86,-1.10,-0.79,0.67,36.46
3282,23738968,-1001.46,62.01,106.45,-1.16,-0.61,0.79,36.27
3283,23744762,-997.56,70.80,105.96,-1.04,-0.91,0.98,36.51
3284,23748811,-1001.46,68.85,103.03,-1.28,-0.67,0.55,36.51
3285,23752861,-1001.95,70.31,104.49,-1.10,-0.55,0.43,36.51
3286,23756918,-997.56,71.78,105.96,-1.34,-0.55,0.79,36.61
3287,23762762,-999.51,70.31,110.84,-1.10,-0.67,0.67,36.27
3288,23766811,-995.12,69.82,108.89,-1.22,-0.12,0.73,36.51
3289,23770861,-999.02,68.36,103.52,-0.98,-0.55,0.67,36.75
3290,23774918,-1000.49,65.43,108.40,-0.98,-0.55,0.67,36.66
3291,23778968,-1001.95,70.80,107.91,-0.98,-0.61,0.49,36.51
3292,23784762,-996.09,74.22,103.52,-0.98,-0.24,0.85,36.51
3293,23788811,-998.05,70.80,102.54,-1.10,-0.55,0.73,36.51
3294,23792861,-999.02,78.61,101.07,-1.34,-0.37,0.55,36.61
3295,23796918,-1001.46,77.15,106.45,-0.91,-0.61,0.12,36.66
3296,23800968,-1000.98,74.22,106.45,-1.16,-0.73,0.18,36.61
3297,23806762,-1000.49,71.78,99.12,-1.22,-0.61,0.06,36.32
3298,23810811,-997.07,77.64,106.45,-1.16,-0.79,0.00,36.42
3299,23814861,-999.51,79.59,102.05,-1.28,-0.67,-0.30,36.42
3300,23818918,-998.05,80.08,107.42,-1.40,-0.67,-0.24,36.46
3301,23822968,-993.16,74.71,100.59,-1.46,-0.79,-0.43,36.51
3302,23828762,-995.12,75.68,104.98,-1.34,-0.67,-0.18,36.51
3303,23832811,-996.09,68.36,104.00,-1.10,-0.37,-0.24,36.51
3304,23836861,-997.56,68.85,109.37,-1.22,-0.49,-0.24,36.51
3305,23840918,-1001.95,61.04,104.98,-1.04,-0.55,0.18,36.61
3306,23844968,-998.54,67.87,107.91,-0.98,-0.43,0.43,36.75
3307,23850762,-999.02,67.38,104.98,-0.85,-0.49,0.49,36.22
3308,23854811,-1003.91,66.41,104.00,-0.98,-0.61,0.73,36.51
3309,23858861,-1005.86,68.85,103.52,-1.16,-0.79,0.55,36.51
3310,23862918,-1003.91,68.36,102.54,-1.10,-0.79,0.43,36.46
3311,23866968,-1008.30,71.78,101.56,-1.22,-0.73,0.06,36.51
3312,23872762,-1003.91,72.27,102.05,-1.34,-0.73,-0.12,36.42
3313,23876811,-1003.91,73.24,104.98,-1.22,-0.73,-0.18,36.51
3314,23880861,-1000.00,72.75,104.98,-1.22,-0.67,-0.30,36.51
3315,23884918,-996.09,74.22,100.59,-1.22,-0.61,-0.85,36.51
3316,23888968,-998.54,71.78,102.54,-1.34,-0.61,-0.55,36.75
3317,23894762,-999.51,64.45,104.98,-1.16,-0.43,-0.43,36.51
3318,23898811,-995.61,66.89,107.91,-1.28,-0.85,-0.73,36.27
3319,23902861,-998.05,63.48,106.93,-1.10,-0.61,-0.79,36.66
3320,23906918,-996.58,60.06,103.52,-1.10,-0.55,-0.30,36.46
3321,23910968,-997.56,64.94,106.93,-0.98,-0.61,0.06,36.61
3322,23916762,-998.05,61.52,107.42,-1.28,-0.91,0.43,36.32
3323,23920811,-1000.98,62.50,102.54,-0.79,-0.61,0.85,36.13
3324,23924861,-1000.49,62.99,104.49,-0.79,-0.67,0.98,36.61
3325,23928918,-1001.95,66.41,106.45,-0.79,-0.67,1.28,36.32
3326,23932968,-1001.46,71.78,108.40,-0.67,-0.37,1.10,36.46
3327,23938762,-999.02,75.68,108.89,-0.98,-0.55,0.98,36.22
3328,23942811,-1000.49,75.68,105.47,-0.85,-0.55,1.04,36.51
3329,23946861,-1000.98,77.64,104.98,-1.16,-0.67,0.91,36.66
3330,23950918,-1003.91,80.57,104.49,-0.98,-0.61,0.73,36.42
3331,23954968,-999.02,80.57,102.54,-0.91,-0.67,0.49,36.46
3332,23960762,-998.54,77.15,101.56,-1.10,-0.61,0.06,36.27
3333,23964811,-1000.00,74.22,103.03,-1.40,-0.73,-0.18,36.51
3334,23968861,-1002.44,78.12,96.68,-1.46,-0.67,-0.37,36.46
3335,23972918,-1000.98,79.10,103.03,-1.10,-0.73,-0.37,36.42
3336,23978762,-999.02,76.66,105.96,-1.28,-0.61,-0.37,36.75
3337,23982811,-1003.42,65.92,108.40,-1.28,-0.67,-0.18,36.46
3338,23986861,-1002.93,69.34,105.96,-1.10,-0.61,-0.49,36.42
3339,23990918,-999.02,67.87,106.45,-1.16,-0.73,-0.43,36.42
3340,23994968,-998.05,67.87,103.03,-1.34,-0.67,-0.24,36.46
3341,24000762,-1003.42,63.48,104.98,-1.22,-0.85,-0.30,36.66
3342,24004811,-1000.49,67.87,106.93,-1.28,-0.85,-0.30,36.51
3343,24008861,-1003.91,65.92,107.91,-1.22,-0.55,-0.43,36.51
3344,24012918,-1000.49,66.41,106.45,-1.28,-0.67,-0.43,36.51
3345,24016968,-1002.44,67.38,104.49,-1.22,-0.85,-0.12,36.46
3346,24022762,-999.51,70.31,106.45,-1.16,-0.85,-0.30,36.51
3347,24026811,-1000.49,63.48,107.42,-1.28,-0.98,-0.73,36.75
3348,24030861,-995.61,73.24,103.03,-1.10,-0.85,-0.43,36.42
3349,24034918,-997.56,66.89,104.00,-1.04,-0.91,-0.30,36.32
3350,24038968,-998.05,67.87,104.98,-1.59,-0.91,-0.30,36.66
3351,24044762,-994.63,68.36,108.40,-1.22,-0.91,0.06,36.61
3352,24048811,-994.14,64.94,104.00,-1.28,-0.73,-0.18,36.46
3353,24052861,-1002.93,69.34,103.03,-1.04,-0.73,0.00,36.51
3354,24056918,-999.02,69.34,105.47,-1.16,-0.79,0.06,36.32
3355,24060968,-993.65,65.43,104.00,-1.22,-0.73,0.24,36.61
3356,24066762,-994.63,65.43,104.49,-1.28,-0.61,0.37,36.61
3357,24070811,-995.61,67.87,100.59,-1.22,-0.55,0.73,36.51
3358,24074861,-998.54,67.87,107.42,-1.40,-0.61,0.43,36.66
3359,24078918,-1002.44,71.29,102.05,-1.22,-0.49,0.73,36.42
3360,24082968,-998.05,76.66,99.61,-1.28,-0.55,0.91,36.51
3361,24088762,-1002.44,76.17,101.07,-0.98,-0.55,0.73,36.42
3362,24092811,-1000.00,68.85,104.98,-1.28,-0.49,0.79,36.61
3363,24096861,-997.56,71.78,103.52,-1.28,-0.61,0.55,36.46
3364,24100918,-998.54,68.36,104.98,-1.16,-0.43,0.85,36.51
3365,24104968,-999.02,71.29,104.49,-1.52,-0.37,0.85,36.51
3366,24110762,-998.05,66.89,109.37,-1.28,-0.43,0.79,36.46
3367,24114811,-999.51,65.43,104.49,-1.46,-0.37,0.79,36.32
3368,24118861,-1000.00,66.89,100.10,-1.40,-0.55,1.04,36.51
3369,24122918,-1000.49,68.36,103.03,-1.16,-0.43,1.04,36.46
3370,24126968,-995.12,65.43,109.86,-1.28,-0.91,1.04,36.61
3371,24132762,-993.16,66.41,106.45,-1.40,-0.73,0.98,36.32
3372,24136811,-998.05,72.27,102.54,-1.16,-0.55,0.91,36.46
3373,24140861,-999.51,73.24,105.47,-1.10,-0.55,0.79,36.66
3374,24144918,-1001.95,76.17,102.54,-0.85,-0.49,0.73,36.32
3375,24148968,-999.02,76.17,104.49,-0.91,-0.91,0.73,36.61
3376,24154762,-996.58,69.34,104.98,-0.91,-0.73,0.30,36.61
3377,24158811,-996.09,74.71,106.45,-1.04,-0.67,0.49,36.46
3378,24162861,-999.02,72.27,103.52,-1.16,-0.18,0.00,36.32
3379,24166918,-999.51,71.78,104.98,-0.79,-0.61,0.18,36.51
3380,24170968,-1001.46,73.73,102.54,-0.85,-0.49,0.30,36.46
3381,24176762,-996.58,71.29,102.05,-1.10,-0.18,0.37,36.66
3382,24180811,-999.02,73.24,104.49,-1.16,-0.67,0.43,36.61
3383,24184861,-998.05,72.75,106.45,-1.04,-0.49,0.00,36.51
3384,24188918,-998.54,70.80,103.52,-1.10,-0.18,0.24,36.75
3385,24194762,-997.56,65.43,102.54,-0.91,-0.37,0.18,36.46
3386,24198811,-996.09,64.94,106.93,-1.22,-0.37,0.61,36.51
3387,24202861,-998.05,67.38,108.40,-0.98,-0.37,0.67,36.46
3388,24206918,-999.51,71.29,106.45,-1.04,-0.37,0.91,36.51
3389,24210968,-999.51,65.43,104.00,-0.85,-0.37,1.16,36.51
3390,24216762,-1001.46,67.38,103.52,-1.04,-0.24,1.10,36.32
3391,24220811,-1005.86,70.31,101.07,-1.10,-0.43,0.98,36.51
3392,24224861,-1001.46,68.36,107.91,-1.04,-0.67,1.04,36.51
3393,24228918,-1002.93,69.82,106.45,-1.04,-0.55,0.73,36.42
3394,24232968,-996.58,67.87,102.54,-1.10,-0.43,0.85,36.46
3395,24238762,-996.09,72.27,107.91,-1.04,-0.43,0.73,36.42
3396,24242811,-1001.95,70.80,102.05,-1.10,-0.43,0.61,36.51
3397,24246861,-999.02,76.17,99.61,-0.85,-0.61,0.30,36.61
3398,24250918,-995.61,79.59,102.05,-1.04,-0.73,0.24,36.22
3399,24254968,-1000.49,74.71,110.35,-1.16,-0.55,0.12,36.46
3400,24260762,-1001.46,75.20,103.03,-1.10,-0.73,0.12,36.66
3401,24264811,-1000.00,72.75,102.54,-1.28,-0.73,0.06,36.51
3402,24268861,-991.21,68.85,107.42,-1.34,-0.55,-0.12,36.42
