seq,timestamp_us,ax_mg,ay_mg,az_mg,gx_dps,gy_dps,gz_dps,temp_c
0,25609386,969.73,-227.54,-13.67,0.73,1.46,0.12,34.02
1,25613453,971.19,-216.31,-7.81,0.61,0.79,0.49,33.88
2,25619788,974.61,-221.68,-9.77,0.06,-0.12,1.59,33.97
3,25623837,978.52,-221.19,-16.60,-0.79,-0.18,1.83,34.02
4,25627886,978.03,-226.56,-16.60,-0.73,0.12,1.89,33.68
5,25631944,971.19,-223.63,-17.09,-0.85,0.12,1.77,34.02
6,25635993,972.66,-219.73,-11.72,-0.85,0.18,1.71,33.88
7,25640043,979.00,-220.70,-14.16,-0.55,0.00,1.71,33.68
8,25645788,977.05,-227.54,-12.21,-0.55,0.30,1.52,33.88
9,25649837,982.42,-232.42,-11.23,-0.37,0.30,1.28,34.02
10,25653886,981.93,-230.47,-13.67,-0.55,0.12,1.40,33.88
11,25657944,978.03,-232.91,-13.18,-0.98,0.00,2.01,33.83
12,25661993,980.96,-229.98,-16.11,-1.10,-0.12,2.01,33.68
13,25667788,982.42,-234.86,-14.65,-0.73,0.00,2.13,33.88
14,25671837,978.03,-232.42,-10.25,-0.43,-0.24,1.59,34.02
15,25675886,985.35,-225.10,-9.28,-0.12,-0.43,1.65,33.88
16,25679944,986.82,-224.12,-10.25,0.18,-0.79,1.95,33.97
17,25683993,981.93,-222.17,-3.42,0.18,-0.85,2.62,33.83
18,25689788,974.12,-220.70,-10.74,-0.06,-0.43,2.80,34.21
19,25693837,967.77,-216.80,-12.70,-0.18,0.00,2.26,33.88
20,25697886,974.61,-207.03,-12.70,-0.18,0.61,2.13,33.88
21,25701944,975.10,-210.94,-11.72,0.18,1.04,2.38,34.02
22,25705993,976.56,-216.31,-12.21,0.18,1.40,2.50,34.02
23,25711788,978.52,-213.87,-13.18,0.18,1.40,2.99,34.12
24,25715837,974.61,-224.61,-13.18,-0.06,0.30,3.54,33.88
25,25719886,974.12,-223.14,-19.04,-0.49,-0.43,3.23,33.83
26,25723944,983.89,-225.10,-22.95,-0.67,-0.37,2.32,34.02
27,25727993,981.45,-233.89,-19.04,-1.10,0.43,1.40,34.02
28,25733788,979.98,-234.86,-15.14,-1.10,0.85,0.37,34.02
29,25737837,992.68,-235.84,-9.28,-0.61,0.49,-0.37,33.88
30,25741886,997.56,-235.84,-8.30,-0.24,0.24,0.18,33.68
31,25745944,993.65,-230.47,-9.77,0.67,0.12,0.18,33.88
32,25751788,981.93,-227.05,-6.35,0.85,-0.30,0.30,33.88
33,25755837,974.61,-226.07,-11.72,0.73,-0.61,0.43,33.64
34,25759886,972.17,-235.35,-13.18,0.73,-0.55,1.04,33.88
35,25763944,973.63,-219.73,1.95,0.00,-0.67,0.79,33.64
36,25767993,974.12,-239.75,21.97,4.15,0.43,2.87,34.12
37,25772043,959.47,-249.02,3.91,0.06,3.17,-1.89,34.12
38,25777788,986.82,-203.61,-22.46,0.24,1.34,1.40,33.88
39,25781837,968.75,-232.91,-6.84,-2.13,-0.85,3.54,34.21
40,25785886,989.26,-232.91,-11.72,-1.34,-1.52,1.89,33.88
41,25789944,998.05,-239.75,-23.44,-0.55,0.06,1.89,33.68
42,25795788,993.16,-235.84,-10.25,-0.30,-0.06,0.91,33.83
43,25799837,981.45,-225.59,-9.77,-0.12,-0.18,0.67,33.83
44,25803886,982.42,-227.05,-10.74,-0.73,-1.10,0.24,34.02
45,25807944,990.23,-229.00,-8.30,-1.04,-1.22,0.67,34.21
46,25811993,986.82,-232.91,-8.30,-0.98,-1.40,0.55,33.88
47,25817788,979.49,-221.68,-9.28,-0.55,-1.28,0.61,33.59
48,25821837,975.59,-230.96,-12.70,-0.49,-0.85,0.12,33.68
49,25825886,974.12,-227.54,-13.18,-0.55,-0.67,-0.91,33.88
50,25829944,981.93,-231.45,-7.32,-0.24,-0.85,-0.85,33.88
51,25833993,976.07,-231.45,-10.74,-0.18,-0.73,-1.16,33.68
52,25839788,977.54,-228.52,-16.60,0.18,-0.43,-1.59,33.68
53,25843837,974.61,-229.00,-10.74,0.49,-0.37,-1.28,33.68
54,25847886,973.63,-227.54,-9.28,0.73,-0.79,-0.73,34.12
55,25851944,974.12,-225.59,-9.77,0.24,-1.10,-1.28,33.83
56,25855993,979.98,-233.40,-21.00,0.30,-0.79,-2.32,33.68
57,25861788,980.47,-235.84,-12.70,0.67,-0.43,-2.56,33.68
58,25865837,978.03,-230.96,-19.04,0.18,-0.73,-2.50,34.12
59,25869886,981.93,-232.91,-11.23,-0.24,-0.85,-1.95,34.02
60,25873944,985.35,-231.93,-13.67,-0.49,-1.34,-1.34,34.02
61,25877993,985.84,-239.75,-12.21,-0.49,-1.46,-0.91,33.83
62,25883788,982.42,-237.79,-10.25,-0.67,-1.10,-1.10,33.88
63,25887837,979.98,-238.77,-18.07,-0.67,-1.22,-1.16,34.02
64,25891886,981.45,-238.77,-22.46,-1.28,-1.22,-1.52,33.97
65,25895944,979.49,-236.33,-16.60,-1.40,-1.46,-0.98,33.88
66,25899993,981.93,-232.91,-14.16,-1.46,-1.83,0.12,33.97
67,25905788,973.63,-233.40,-13.18,-1.10,-2.26,0.67,33.68
68,25909837,963.87,-232.91,-13.67,-1.16,-2.56,0.73,34.02
69,25913886,974.61,-232.91,-16.11,-0.98,-2.80,0.91,33.83
70,25917944,975.59,-236.82,-18.07,-1.28,-2.50,0.91,33.88
71,25921993,970.21,-236.33,-18.07,-1.65,-1.46,0.30,33.88
72,25927788,973.14,-238.77,-14.65,-1.71,-0.79,-0.12,34.16
73,25931837,970.70,-229.00,-12.70,-1.65,-0.61,0.06,33.83
74,25935886,977.54,-237.30,-11.23,-2.07,-0.73,-0.12,33.78
75,25939944,976.56,-237.79,-20.51,-1.89,-0.79,-0.61,34.12
76,25943993,979.98,-236.33,-16.60,-1.52,-0.73,-0.98,34.31
77,25949788,985.84,-240.72,-10.25,-1.34,-0.98,-0.98,33.88
78,25953837,983.40,-242.68,-9.77,-1.04,-1.34,-1.28,34.12
79,25957886,981.93,-240.23,-9.28,-1.16,-1.28,-2.56,33.83
80,25961944,979.00,-238.28,-10.25,-1.28,-1.77,-3.35,33.97
81,25965993,980.96,-233.40,-18.55,-2.07,-2.50,-3.35,33.97
82,25971788,979.00,-228.52,-18.07,-1.95,-2.20,-1.89,33.83
83,25975837,966.31,-226.07,-14.65,-2.50,-2.26,-0.79,33.83
84,25979886,956.05,-228.03,-15.62,-2.68,-2.20,-0.91,34.02
85,25983944,964.84,-228.03,-13.67,-3.11,-1.28,-1.65,34.02
86,25989788,971.19,-225.10,-13.18,-2.80,-0.61,-2.13,34.02
87,25993837,987.30,-222.66,-2.44,-1.77,-0.67,-2.26,34.12
88,25997886,984.37,-224.12,-4.39,-1.46,-0.85,-2.68,33.88
89,26001944,983.40,-221.19,-4.88,-1.28,-0.91,-2.74,33.78
90,26005993,978.03,-225.10,-4.39,-1.10,-1.28,-2.44,33.83
91,26011788,975.10,-227.54,-13.67,-1.10,-1.59,-2.68,33.88
92,26015837,976.56,-220.70,-13.18,-1.22,-1.77,-2.44,33.88
93,26019886,982.42,-222.66,-15.62,-0.61,-1.28,-1.22,33.88
94,26023944,969.73,-222.17,-14.16,-0.37,-0.91,-0.67,33.97
95,26027993,951.66,-223.14,27.34,1.16,0.00,2.62,33.83
96,26033788,977.05,-224.12,-21.48,-1.10,-2.01,0.91,33.64
97,26037837,977.54,-230.96,-12.21,-1.28,-1.16,0.67,33.78
98,26041886,976.56,-229.98,-8.79,-2.01,-1.52,0.61,34.12
99,26045944,979.49,-221.68,-12.21,-1.95,-1.65,0.12,33.97
100,26049993,986.33,-219.24,-6.84,-2.32,-1.65,-0.06,33.97
101,26055788,984.86,-219.73,-0.98,-2.50,-1.71,0.12,33.88
102,26059837,980.47,-218.26,-3.42,-2.62,-2.07,0.12,33.68
103,26063886,984.37,-219.73,-6.35,-1.95,-2.26,0.00,33.97
104,26067944,985.84,-222.17,-6.35,-1.22,-2.13,0.18,33.68
105,26071993,977.54,-223.14,-1.46,-0.73,-2.07,0.00,33.64
106,26077788,979.00,-223.14,-3.42,-0.55,-2.13,-1.28,33.59
107,26081837,980.47,-224.12,-1.46,-0.61,-2.07,-2.26,34.12
108,26085886,976.07,-223.14,-8.79,-0.67,-1.95,-2.68,34.02
109,26089944,973.14,-217.77,-7.81,-0.61,-2.07,-3.29,34.02
110,26093993,969.24,-216.31,-9.77,-0.79,-1.71,-3.54,33.78
111,26099788,964.84,-213.87,-11.23,-0.98,-1.95,-3.11,33.97
112,26103837,960.94,-219.24,-10.25,-1.46,-1.46,-2.38,33.97
113,26107886,958.01,-216.31,-11.23,-1.89,-1.22,-1.89,33.68
114,26111944,956.54,-217.29,-5.37,-1.83,-1.22,-1.71,33.83
115,26115993,960.94,-214.36,-6.35,-2.07,-0.85,-1.89,33.59
116,26121788,960.45,-217.29,-2.93,-2.32,-0.43,-1.89,33.68
117,26125837,966.31,-216.31,-6.35,-1.95,-0.67,-1.59,34.12
118,26129886,969.24,-216.80,10.25,-1.34,0.06,-0.37,33.88
119,26133944,971.68,-221.19,1.95,-0.98,-1.22,0.30,33.97
120,26137993,977.05,-223.63,-2.44,-0.18,0.06,-1.22,33.97
121,26143788,982.42,-220.21,-7.32,0.37,-0.43,-1.22,33.78
122,26147837,981.93,-226.07,1.46,0.61,-1.71,0.91,33.83
123,26151886,977.05,-220.70,-6.35,0.55,-2.20,0.91,33.83
124,26155944,961.43,-224.12,-8.79,0.79,-1.52,0.18,34.21
125,26159993,961.91,-230.96,-5.37,0.55,-1.71,-0.55,33.88
126,26165788,967.77,-229.49,-4.88,0.49,-1.59,-0.73,34.12
127,26169837,972.17,-228.03,-16.60,0.91,-1.34,-0.12,33.88
128,26173886,969.73,-222.17,-11.23,1.10,-0.85,0.24,33.83
129,26177944,966.31,-220.21,-10.74,0.91,-1.04,0.91,34.12
130,26181993,966.31,-223.63,-7.81,0.67,-1.46,1.52,33.83
131,26187788,970.21,-230.96,-9.77,0.06,-1.89,1.28,34.02
132,26191837,976.07,-235.84,-9.77,0.00,-1.52,-0.43,33.88
133,26195886,978.52,-235.84,-7.81,0.37,-1.16,-1.46,33.83
134,26199944,978.52,-236.82,-13.18,0.55,-0.91,-2.38,33.88
135,26205788,975.10,-228.03,-9.28,0.37,-0.91,-2.26,34.02
136,26209837,976.07,-219.24,-4.39,0.30,-1.71,-1.40,33.97
137,26213886,970.70,-217.77,-6.84,-0.18,-2.50,-0.91,33.64
138,26217944,975.59,-219.73,-9.28,-0.37,-3.17,-0.55,33.68
139,26221993,978.03,-220.70,-12.70,-0.30,-3.41,-0.06,33.83
140,26226043,977.05,-217.77,-6.35,0.49,-3.35,-0.06,33.88
141,26231788,973.63,-218.75,-6.84,0.30,-2.74,-1.16,33.88
142,26235837,966.31,-223.63,-12.21,0.55,-1.71,-2.13,33.88
143,26239886,960.94,-225.10,-17.09,0.73,-1.34,-2.50,33.88
144,26243944,969.73,-221.68,-14.16,0.73,-0.79,-2.99,33.78
145,26249788,964.84,-219.73,-13.67,0.61,-0.49,-2.87,33.68
146,26253837,959.96,-212.40,-10.25,0.73,-0.67,-2.87,33.78
147,26257886,960.45,-211.91,-18.07,0.12,-0.91,-2.44,34.02
148,26261944,962.40,-219.24,-17.58,0.43,-0.61,-2.07,33.83
149,26265993,960.94,-219.24,-15.62,0.49,-0.24,-1.89,34.02
150,26271788,964.84,-226.07,-20.02,0.18,0.00,-2.01,33.83
151,26275837,964.84,-227.05,-21.00,0.30,0.43,-1.71,33.68
152,26279886,965.82,-219.73,-23.44,0.06,0.30,-1.71,33.78
153,26283944,969.24,-222.17,-19.53,-0.49,0.06,-0.73,33.78
154,26287993,975.10,-223.14,-19.04,-0.91,-0.91,0.12,33.83
155,26293788,969.73,-223.63,-16.11,-0.91,-1.52,0.61,33.78
156,26297837,970.70,-224.61,-24.41,-1.04,-1.59,1.40,33.68
157,26301886,968.75,-223.63,-23.44,-1.22,-1.71,1.46,34.12
158,26305944,968.75,-223.63,-23.44,-1.40,-1.83,1.28,33.97
159,26309993,966.80,-222.17,-19.53,-0.85,-1.77,1.10,33.83
160,26315788,972.17,-219.73,-16.60,-0.37,-1.46,0.85,33.88
161,26319837,966.80,-213.87,-16.11,-0.12,-1.40,0.67,34.02
162,26323886,966.31,-214.84,-19.04,0.06,-1.46,0.61,34.02
163,26327944,965.33,-212.89,-17.58,0.18,-1.10,0.37,33.97
164,26331993,964.36,-206.05,-20.02,0.61,-0.55,0.18,33.64
165,26337788,959.47,-208.01,-16.60,1.22,0.00,-0.18,33.78
166,26341837,956.05,-207.03,-21.00,1.83,0.79,-0.12,33.88
167,26345886,956.05,-209.47,-18.55,1.71,1.10,-0.06,33.59
168,26349944,958.50,-214.36,-19.04,1.46,0.79,1.04,34.12
169,26353993,969.24,-221.68,-20.51,1.65,0.18,1.46,33.83
170,26359788,973.14,-222.17,-19.04,0.91,0.73,1.77,33.88
171,26363837,977.05,-222.66,-22.95,0.24,0.61,1.10,34.21
172,26367886,974.61,-225.59,-20.02,-0.12,0.43,0.98,34.12
173,26371944,977.05,-223.63,-15.62,-0.24,-0.06,0.98,34.12
174,26375993,976.07,-223.14,-19.04,0.06,0.37,1.04,33.78
175,26381788,974.12,-220.21,-21.48,0.73,0.24,1.10,33.59
176,26385837,969.24,-215.82,-17.58,0.67,0.61,0.91,33.88
177,26389886,966.31,-216.80,-15.14,0.61,0.61,1.83,33.78
178,26393944,962.40,-218.26,-6.84,0.85,0.43,3.11,33.83
179,26397993,979.00,-219.73,-28.81,-0.37,0.00,1.10,34.02
180,26403788,985.84,-220.70,-30.76,0.00,0.55,0.91,33.97
181,26407837,974.61,-219.24,-15.62,0.18,1.04,1.52,34.12
182,26411886,973.63,-214.84,-16.11,0.00,0.12,2.20,33.68
183,26415944,976.56,-218.26,-12.21,-0.79,-0.85,2.20,34.02
184,26419993,983.89,-224.12,-27.83,-0.98,-0.67,2.07,33.88
185,26425788,978.52,-225.59,-26.37,-1.04,-0.49,1.52,33.97
186,26429837,976.07,-222.17,-22.95,-0.91,-0.73,0.61,33.83
187,26433886,972.66,-221.68,-25.88,-0.85,-0.98,0.18,33.78
188,26437944,977.54,-218.75,-24.90,-1.46,-0.98,0.49,34.02
189,26443788,975.59,-215.33,-31.74,-1.10,-0.79,0.06,33.97
190,26447837,973.14,-217.29,-21.97,-1.04,-0.49,-0.24,33.88
191,26451886,976.07,-220.70,-22.46,-1.22,-0.73,-0.24,33.83
192,26455944,986.33,-219.73,-21.00,-0.91,-0.73,0.06,34.16
193,26459993,987.30,-215.33,-19.04,-0.85,-1.04,1.16,33.97
194,26465788,988.28,-221.68,-25.39,-0.61,-0.85,1.28,33.78
195,26469837,986.82,-224.12,-26.86,-1.16,-0.61,1.22,34.02
196,26473886,995.61,-222.17,-27.83,-1.04,-0.12,1.16,34.02
197,26477944,995.61,-222.17,-22.46,-0.49,-0.67,1.65,33.97
198,26481993,1000.98,-229.00,-23.93,0.06,-1.65,1.89,33.88
199,26487788,991.21,-221.68,-26.86,0.00,-1.83,1.59,33.83
200,26491837,984.37,-217.29,-26.86,-0.12,-1.89,2.01,33.78
201,26495886,976.56,-224.61,-29.79,-0.67,-1.89,1.95,33.88
202,26499944,977.54,-227.05,-23.44,-0.91,-1.52,1.65,34.21
203,26503993,982.91,-223.14,-22.95,-0.73,-1.10,0.91,34.12
204,26509788,981.93,-220.21,-20.02,-0.49,-0.79,1.16,33.68
205,26513837,984.86,-216.80,-16.60,-0.55,-0.98,0.73,33.83
206,26517886,981.45,-217.77,-15.14,-0.67,-1.16,0.85,33.88
207,26521944,983.40,-220.21,-13.18,-0.91,-1.22,0.85,34.02
208,26525993,989.26,-222.66,-17.09,-0.98,-1.16,1.16,33.83
209,26531788,987.30,-229.00,-19.04,-0.91,-1.28,0.43,33.68
210,26535837,988.77,-227.54,-20.02,-0.73,-0.79,0.00,34.02
211,26539886,989.26,-225.59,-17.09,-0.67,-0.37,0.24,33.88
212,26543944,988.28,-232.42,-21.48,-1.40,-1.04,-0.37,34.02
213,26547993,990.72,-225.59,-22.95,-1.40,-1.28,-0.79,33.49
214,26553788,994.14,-228.52,-26.86,-1.34,-0.55,-0.98,33.83
215,26557837,992.19,-227.05,-14.16,-1.10,-1.16,-0.61,34.12
216,26561886,985.35,-223.63,-15.14,-0.98,-1.22,-0.98,34.02
217,26565944,982.42,-222.17,-17.09,-1.34,-1.52,-1.22,34.12
218,26569993,979.00,-226.07,-14.65,-1.10,-1.95,-1.10,33.97
219,26575788,979.49,-225.10,-14.16,-1.22,-1.77,-1.04,33.88
220,26579837,976.07,-224.61,-19.04,-1.52,-1.40,-0.67,33.83
221,26583886,982.91,-225.59,-15.14,-1.77,-1.40,-0.30,33.97
222,26587944,978.52,-227.54,-12.21,-2.07,-1.52,-0.24,33.97
223,26591993,985.84,-230.96,-18.07,-2.26,-1.46,-0.43,34.02
224,26597788,985.84,-226.56,-17.58,-1.83,-1.28,-0.79,33.88
225,26601837,986.33,-226.07,-21.48,-1.77,-0.98,-1.46,34.02
226,26605886,979.98,-231.93,-20.51,-1.65,-0.91,-1.40,33.88
227,26609944,985.84,-226.56,-21.00,-2.07,-1.52,-0.73,33.88
228,26613993,990.23,-223.63,-19.53,-2.26,-1.77,-0.18,33.97
229,26619788,983.40,-219.24,-13.67,-2.50,-2.26,-0.06,33.97
230,26623837,972.66,-219.24,-15.14,-2.38,-2.44,-0.37,34.16
231,26627886,971.19,-216.31,-16.11,-2.38,-2.26,-0.73,33.83
232,26631944,964.84,-213.87,-16.60,-2.07,-2.07,-0.98,34.02
233,26635993,969.73,-219.24,-12.70,-1.71,-1.77,-1.46,34.12
234,26641788,970.70,-213.87,-4.88,-0.85,-1.77,-1.59,33.97
235,26645837,969.24,-213.38,-7.32,-0.73,-1.22,-1.22,33.83
236,26649886,965.82,-214.36,-11.23,-0.79,-1.46,-1.04,33.88
237,26653944,966.31,-215.82,-11.72,-0.85,-1.34,-0.85,34.02
238,26659788,967.77,-221.19,-14.65,-1.10,-1.28,-0.79,33.88
239,26663837,972.17,-217.29,-13.18,-1.22,-1.52,-0.79,34.12
240,26667886,972.66,-224.12,-15.62,-1.10,-1.40,-0.91,33.78
241,26671944,966.31,-227.05,-16.60,-1.22,-1.40,-1.28,33.83
242,26675993,963.87,-227.54,-20.02,-1.28,-1.28,-1.71,33.97
243,26681788,968.75,-224.61,-21.00,-1.22,-0.98,-2.38,33.97
244,26685837,967.77,-222.17,-13.18,-1.40,-0.67,-2.62,34.21
245,26689886,965.33,-224.12,-16.11,-1.40,-0.55,-2.62,33.88
246,26693944,979.00,-219.73,-18.07,-1.52,-1.16,-2.07,34.02
247,26697993,980.96,-216.80,-9.28,-0.98,-1.46,-0.55,34.02
248,26703788,975.59,-221.19,-12.21,-0.91,-2.13,0.55,33.83
249,26707837,964.84,-230.47,-12.21,-0.55,-1.77,-0.43,33.78
250,26711886,964.84,-227.05,-13.18,-1.04,-1.46,-0.91,34.12
251,26715944,966.80,-225.59,-10.25,-0.79,-1.52,-0.98,33.97
252,26719993,969.24,-218.26,-13.67,-1.34,-0.85,-0.73,33.83
253,26725788,966.31,-219.24,-13.18,-1.46,-1.22,-0.24,33.97
254,26729837,961.43,-215.33,-12.21,-0.49,-1.46,-0.43,34.21
255,26733886,962.89,-210.94,-11.23,-0.18,-1.77,-0.06,34.02
256,26737944,965.33,-212.40,-12.21,-0.37,-1.28,0.24,33.83
257,26741993,966.80,-215.82,-14.65,-0.61,-1.46,0.24,33.64
258,26747788,967.29,-222.66,-10.25,-0.73,-1.34,-0.12,33.88
259,26751837,968.75,-224.61,-13.67,-0.61,-1.04,-0.12,33.97
260,26755886,973.63,-218.26,-10.74,-0.49,-1.16,-0.24,33.88
261,26759944,971.68,-221.68,-13.67,-0.37,-1.16,-0.43,34.02
262,26763993,968.75,-218.26,-16.11,-0.37,-1.16,0.00,33.88
263,26769788,969.73,-221.68,-3.42,-0.49,-2.26,0.91,34.02
264,26773837,970.70,-229.49,-17.58,-1.10,-2.07,-0.67,34.02
265,26777886,976.07,-219.24,-27.34,-1.22,-1.04,-1.10,34.02
266,26781944,960.94,-214.36,-18.07,-1.16,0.18,-0.49,33.83
267,26785993,958.50,-213.38,-8.30,-1.52,-0.24,0.73,34.12
268,26791788,960.94,-218.26,-9.28,-1.83,-0.24,0.85,33.68
269,26795837,970.70,-224.12,-15.14,-1.89,0.37,0.43,33.88
270,26799886,969.73,-222.66,-10.74,-1.46,0.85,0.06,34.12
271,26803944,966.31,-216.80,-14.16,-1.46,1.22,-0.24,34.31
272,26807993,973.63,-223.63,-8.79,-1.04,0.91,-0.43,33.88
273,26813788,976.07,-222.66,-10.25,-1.59,0.55,0.00,33.83
274,26817837,974.12,-222.17,-18.07,-1.28,0.43,0.12,33.97
275,26821886,973.14,-220.70,-17.58,-1.34,0.06,0.06,33.78
276,26825944,976.56,-217.77,-17.58,-1.22,-0.24,0.61,33.97
277,26829993,980.96,-223.14,-15.14,-1.52,-0.67,0.49,33.88
278,26835788,977.05,-217.29,-10.25,-0.79,-0.49,1.22,34.02
279,26839837,971.68,-218.75,-23.93,-0.85,0.98,0.24,33.88
280,26843886,967.29,-215.33,-16.60,-0.55,1.40,-0.98,33.68
281,26847944,969.73,-212.40,-9.28,-0.67,1.16,-0.37,34.02
282,26851993,970.70,-216.80,-7.81,-1.10,0.12,0.85,34.02
283,26857788,977.05,-216.80,-14.16,-1.34,0.24,1.10,33.88
284,26861837,973.63,-222.17,-13.18,-0.73,0.18,1.10,34.02
285,26865886,973.14,-225.59,-14.16,-0.61,0.37,0.43,33.88
286,26869944,976.07,-223.63,-15.62,0.00,0.79,0.37,34.21
287,26875788,949.22,-245.12,4.39,-4.82,0.43,-5.24,34.12
288,26879837,1004.88,-222.66,-23.93,-1.89,-3.23,-6.28,34.02
289,26883886,1010.25,-225.10,-33.20,1.34,4.09,-1.34,34.12
290,26887944,985.35,-220.21,-5.86,0.73,2.44,-1.40,33.78
291,26891993,966.31,-208.01,-6.35,-1.77,1.83,-3.72,33.97
292,26896043,971.68,-196.29,-14.65,-2.26,0.61,-2.26,34.02
293,26901788,973.14,-205.08,-4.39,-2.26,-0.61,0.06,34.21
294,26905837,979.98,-226.07,-10.74,-2.38,0.55,-2.56,34.02
295,26909886,983.40,-219.73,-14.65,-2.44,1.28,-3.17,34.02
296,26913944,972.66,-213.87,-8.79,-2.26,1.46,-2.99,34.12
297,26919788,973.14,-208.98,-5.86,-2.32,0.30,-3.17,34.02
298,26923837,982.42,-215.82,-8.30,-1.71,0.24,-2.80,33.83
299,26927886,980.96,-217.77,-17.58,-1.10,1.10,-2.62,33.97
300,26931944,979.98,-217.29,-16.60,-0.98,1.04,-2.56,33.78
301,26935993,973.14,-215.33,-9.28,-0.61,0.30,-2.44,34.12
302,26941788,972.66,-217.29,-10.25,-0.85,-0.24,-2.62,33.83
303,26945837,984.86,-213.38,-19.53,-1.28,-0.37,-1.71,33.68
304,26949886,978.52,-213.38,-19.04,-1.10,-0.30,-1.28,34.02
305,26953944,978.52,-207.52,-12.21,-1.52,-0.06,-1.10,33.97
306,26957993,977.54,-206.05,-19.04,-1.46,-0.37,-1.34,33.59
307,26963788,982.42,-216.80,-16.60,-1.77,-0.49,-1.59,34.02
308,26967837,985.84,-222.66,-23.93,-1.83,-0.67,-0.91,33.64
309,26971886,981.93,-218.75,-23.44,-1.83,-0.49,-0.91,33.97
310,26975944,983.89,-217.29,-19.53,-1.71,-0.85,-1.77,34.02
311,26979993,989.26,-212.40,-20.51,-1.71,-0.55,-1.34,33.59
312,26985788,990.72,-211.91,-13.18,-1.65,-0.85,-0.55,34.02
313,26989837,985.35,-220.21,-9.77,-1.28,-1.04,-0.49,33.97
314,26993886,985.35,-216.31,-26.86,-0.24,-1.04,-1.28,33.68
315,26997944,987.30,-217.29,-25.88,-0.12,2.26,-2.68,33.97
316,27001993,976.07,-212.40,-13.18,-0.98,2.56,-3.35,33.78
317,27007788,967.77,-209.47,-15.14,-2.68,1.89,-4.57,33.83
318,27011837,984.86,-208.98,-15.62,-3.05,0.49,-3.23,34.02
319,27015886,977.54,-207.03,-12.21,-2.56,0.61,-2.13,33.78
320,27019944,974.61,-216.31,-12.70,-2.62,0.49,-3.72,33.88
321,27023993,985.35,-210.94,-25.88,-2.38,0.91,-3.35,33.88
322,27029788,983.40,-216.80,-20.02,-2.38,0.18,-2.74,34.12
323,27033837,983.89,-215.33,-6.84,-1.71,-0.43,-1.52,34.02
324,27037886,978.03,-212.40,-11.23,-1.83,-1.16,-1.52,33.88
325,27041944,982.91,-212.40,-15.62,-1.89,-2.62,-1.59,33.97
326,27045993,988.28,-216.31,-21.48,-1.52,-2.80,-0.30,33.83
327,27051788,984.86,-217.29,-22.95,-1.22,-2.99,0.55,33.88
328,27055837,981.45,-220.21,-18.07,-1.22,-2.62,0.24,34.02
329,27059886,983.40,-218.75,-19.04,-1.16,-2.38,0.30,34.02
330,27063944,987.79,-225.59,-19.53,-1.34,-2.20,0.12,34.16
331,27067993,984.37,-223.14,-14.65,-1.46,-1.77,-0.24,34.12
332,27073788,983.89,-224.12,-17.09,-1.28,-2.07,-0.30,34.02
333,27077837,990.72,-218.75,-21.00,-1.52,-2.56,0.43,33.88
334,27081886,987.79,-215.33,-17.58,-1.52,-3.17,0.67,33.88
335,27085944,988.28,-212.89,-18.07,-1.52,-3.84,1.28,33.97
336,27089993,979.49,-213.38,-17.58,-1.77,-4.51,1.34,34.16
337,27095788,973.63,-214.36,-21.48,-2.32,-4.76,1.34,34.16
338,27099837,974.12,-214.36,-17.58,-2.44,-4.82,1.40,33.97
339,27103886,979.00,-213.87,-17.58,-2.20,-4.39,0.98,34.02
340,27107944,979.49,-208.98,-15.14,-1.71,-4.39,0.67,33.78
341,27113788,979.49,-208.01,-8.79,-1.52,-3.96,0.49,34.02
342,27117837,976.56,-207.03,-12.21,-1.95,-4.33,-0.24,34.02
343,27121886,979.98,-211.43,-16.11,-2.07,-4.70,-0.61,34.21
344,27125944,981.45,-210.45,-15.62,-1.83,-4.45,-0.18,33.78
345,27129993,979.98,-209.47,-17.09,-1.46,-3.66,0.37,34.21
346,27135788,971.19,-210.45,-18.07,-1.40,-3.41,0.18,33.88
347,27139837,974.61,-206.05,-18.07,-1.71,-2.87,0.24,34.02
348,27143886,976.56,-212.40,-17.58,-2.07,-2.44,0.24,33.97
349,27147944,980.96,-210.94,-21.48,-2.13,-1.77,0.00,34.12
350,27151993,977.05,-212.89,-23.44,-2.38,-1.16,-0.24,33.97
351,27157788,979.00,-211.43,-17.09,-2.01,-0.91,-1.10,33.88
352,27161837,983.40,-210.94,-16.11,-1.77,-0.85,-1.52,33.68
353,27165886,982.42,-206.05,-11.23,-2.13,-0.79,-1.95,34.21
354,27169944,973.14,-207.52,-13.67,-1.83,-0.85,-1.95,34.12
355,27173993,975.10,-204.59,-18.07,-1.52,-0.67,-1.95,33.97
356,27179788,969.24,-203.61,-23.93,-1.10,-0.79,-2.07,33.83
357,27183837,969.73,-209.96,-20.51,-0.79,-0.55,-2.07,33.88
358,27187886,966.31,-210.45,-18.55,-0.49,-1.04,-2.13,33.88
359,27191944,968.75,-208.50,-20.02,-1.10,-1.52,-1.83,34.02
360,27195993,974.12,-213.38,-21.00,-1.04,-2.01,-1.52,33.78
361,27201788,971.19,-212.40,-21.00,-0.91,-1.83,-0.85,33.88
362,27205837,972.17,-218.75,-15.62,-1.04,-1.65,-0.67,33.88
363,27209886,978.03,-218.75,-20.51,-0.91,-1.89,-0.55,34.21
364,27213944,977.54,-212.40,-17.09,-1.28,-1.89,-0.18,33.97
365,27217993,977.05,-214.36,-20.02,-1.83,-1.71,0.18,33.97
366,27223788,974.61,-208.50,-24.41,-1.59,-1.52,0.18,33.88
367,27227837,972.66,-203.12,-18.55,-1.89,-1.34,0.00,33.97
368,27231886,970.21,-203.61,-16.11,-2.07,-1.16,0.00,34.02
369,27235944,967.29,-200.68,-20.51,-2.26,-0.98,-0.67,33.97
370,27239993,961.43,-201.17,-18.07,-2.62,-0.55,-0.91,33.83
371,27245788,965.82,-194.82,-23.93,-2.50,0.30,-1.10,34.02
372,27249837,959.47,-198.24,-16.11,-2.44,1.40,-1.10,34.21
373,27253886,962.89,-194.82,-11.23,-1.89,1.77,-1.40,33.88
374,27257944,961.91,-199.22,-12.70,-1.28,1.52,-1.34,34.16
375,27261993,970.21,-201.17,-12.70,-1.10,1.65,-1.22,34.12
376,27267788,964.84,-202.15,-15.62,-1.10,2.26,-1.40,33.88
377,27271837,976.07,-209.96,-16.11,-0.43,2.20,-1.52,33.83
378,27275886,970.70,-208.98,-15.14,-0.18,2.32,-1.77,34.02
379,27279944,970.21,-208.01,-13.67,-0.73,2.32,-1.83,34.02
380,27283993,967.77,-213.87,-15.62,-0.85,2.01,-1.95,33.88
381,27289788,973.14,-215.33,-15.62,-0.55,1.83,-2.56,34.02
382,27293837,977.05,-211.43,-19.04,-0.73,2.20,-2.32,34.02
383,27297886,977.05,-210.45,-18.07,-0.61,2.32,-2.26,33.83
384,27301944,982.42,-208.98,-11.23,-1.10,1.77,-2.26,34.16
385,27305993,980.47,-201.66,-16.60,-0.91,1.16,-1.83,34.40
386,27311788,976.56,-202.15,-12.21,-1.04,0.49,-1.28,33.88
387,27315837,976.56,-200.68,-10.74,-0.79,0.06,-1.10,33.88
388,27319886,980.47,-204.10,-13.67,-0.49,-0.30,-0.73,33.88
389,27323944,976.07,-204.59,-12.21,-0.18,-0.37,-0.67,33.97
390,27329788,977.05,-204.10,-13.67,0.00,-0.24,-1.10,33.88
391,27333837,971.19,-207.52,-18.07,-0.12,0.37,-1.16,34.12
392,27337886,967.29,-206.54,-21.48,-0.12,0.85,-0.91,34.02
393,27341944,973.14,-207.03,-19.04,-0.49,0.98,-1.28,33.64
394,27345993,968.75,-208.50,-21.00,-0.55,1.59,-1.16,34.02
395,27350043,964.36,-205.08,-17.58,-0.73,2.01,-1.46,33.88
396,27355788,971.19,-207.52,-17.58,-0.85,2.07,-1.65,34.02
397,27359837,969.24,-209.96,-19.53,-1.22,1.95,-1.71,34.02
398,27363886,979.00,-208.98,-13.18,-1.28,1.52,-1.16,34.21
399,27367944,981.93,-210.45,-11.72,-0.91,0.91,0.06,33.88
400,27373788,973.14,-214.36,-7.81,-1.59,-0.37,-1.40,33.68
401,27377837,984.37,-219.73,-17.58,-1.22,-0.79,-1.16,33.88
402,27381886,996.58,-209.96,-22.46,-0.67,-1.04,-0.06,33.83
403,27385944,977.54,-212.40,-14.16,-0.91,-0.24,1.71,33.97
404,27389993,966.80,-213.87,-6.84,-0.98,-1.65,1.77,34.02
405,27395788,981.93,-206.54,-10.74,-0.61,-4.09,2.26,33.83
406,27399837,998.05,-209.96,-18.07,1.04,-5.24,4.33,33.83
407,27403886,992.19,-210.45,-23.93,1.22,-4.82,4.88,34.02
408,27407944,976.56,-218.26,-24.41,1.28,-3.35,3.72,34.02
409,27411993,977.05,-215.33,-31.25,0.61,-2.99,2.68,33.83
410,27417788,983.89,-217.77,-30.76,0.55,-1.59,2.01,33.97
411,27421837,981.93,-219.24,-26.37,-0.18,-0.18,-0.55,33.83
412,27425886,977.54,-210.45,-25.88,-0.79,0.37,-1.65,33.97
413,27429944,979.98,-204.10,-27.83,-0.98,0.79,-2.32,33.88
414,27433993,978.03,-197.27,-26.37,-1.46,1.22,-2.32,33.83
415,27439788,970.70,-200.20,-19.53,-1.65,1.71,-2.32,33.88
416,27443837,975.59,-200.68,-15.14,-1.28,2.01,-2.56,34.12
417,27447886,977.54,-196.29,-17.09,-1.10,1.89,-2.26,34.21
418,27451944,979.98,-192.87,-25.39,0.43,1.95,-0.24,34.02
419,27455993,975.10,-193.36,-19.04,1.46,1.77,0.85,33.68
420,27461788,977.54,-200.20,-16.11,2.07,1.52,0.85,34.12
421,27465837,979.98,-206.54,-23.93,1.89,0.73,0.91,34.02
422,27469886,990.23,-209.96,-26.37,2.32,0.98,0.79,34.02
423,27473944,988.28,-209.96,-29.79,1.83,1.71,0.73,34.31
424,27477993,975.59,-212.40,-27.34,1.52,2.20,-0.37,34.02
425,27483788,979.00,-211.43,-30.27,0.85,2.74,-1.77,33.97
426,27487837,975.10,-211.43,-16.11,0.12,3.11,-2.87,34.02
427,27491886,981.45,-205.08,-23.44,-1.52,2.20,-3.23,33.78
428,27495944,984.86,-216.31,-29.30,-3.41,2.99,-4.02,34.21
429,27499993,985.84,-208.01,5.37,-2.74,0.24,-2.26,33.88
430,27505788,982.42,-203.61,-38.57,-5.61,-0.61,-4.15,34.02
431,27509837,1003.42,-201.66,-41.02,-0.67,-0.43,3.05,33.83
432,27513886,981.93,-225.59,-14.16,0.24,0.43,3.29,33.68
433,27517944,976.56,-221.68,-17.58,-1.52,-1.22,-3.60,34.12
434,27521993,1000.49,-189.45,-25.39,-1.22,-2.80,-1.71,33.97
435,27527788,1000.98,-194.82,-26.86,-0.30,-3.35,4.27,34.16
436,27531837,979.00,-206.05,-34.18,-2.50,-2.13,0.30,34.02
437,27535886,988.28,-198.73,-48.83,-2.44,-1.10,0.00,33.78
438,27539944,983.40,-198.73,-38.57,-3.11,0.98,-0.12,34.21
439,27543993,983.89,-202.64,-31.25,-2.99,1.16,-1.22,34.02
440,27549788,997.56,-197.75,-26.37,-3.11,1.46,-3.11,33.97
441,27553837,995.61,-186.52,-31.74,-2.01,2.87,-3.66,34.02
442,27557886,988.28,-176.76,-26.86,-1.16,2.44,-3.72,33.97
443,27561944,984.37,-177.25,-25.88,-0.91,3.35,-4.21,34.02
444,27567788,975.10,-179.69,-22.46,-0.91,3.90,-5.85,34.21
445,27571837,970.21,-178.22,-28.81,0.98,5.79,-6.04,34.12
446,27575886,961.91,-180.18,-25.88,1.77,6.34,-5.43,34.02
447,27579944,947.75,-184.08,-17.58,1.95,8.23,-5.06,33.97
448,27583993,953.61,-187.01,-17.58,1.95,7.80,-7.62,34.21
449,27589788,949.22,-175.29,-15.62,0.37,7.93,-8.54,33.97
450,27593837,970.21,-177.25,-22.46,0.85,6.34,-6.22,34.21
451,27597886,996.09,-179.69,-16.11,4.02,-0.37,-3.05,34.02
452,27601944,999.02,-166.99,-21.48,1.59,-1.77,0.67,33.83
453,27605993,933.59,-200.20,-33.69,-5.00,-0.24,-0.91,34.21
454,27611788,920.90,-199.22,-35.16,-3.29,2.32,-10.12,34.02
455,27615837,931.15,-154.30,-45.41,2.01,8.11,-12.38,33.83
456,27619886,921.87,-157.71,-5.86,4.76,10.67,-9.15,33.97
457,27623944,905.27,-178.71,24.90,4.33,8.84,-9.27,33.97
458,27627993,925.78,-170.90,-3.91,2.38,5.30,-10.61,33.83
459,27633788,963.38,-154.79,-30.27,3.11,1.40,-5.18,33.68
460,27637837,979.49,-145.51,-37.11,5.61,-2.20,7.13,33.97
461,27641886,998.54,-143.07,-46.87,6.52,-3.41,13.48,34.16
462,27645944,994.63,-172.85,-13.67,6.04,-5.24,20.30,34.16
463,27649993,1029.79,-192.87,-49.32,7.80,-9.09,24.63,33.68
464,27655788,1113.28,-153.81,-64.94,11.40,-14.51,36.34,33.83
465,27659837,1107.91,-176.27,-37.60,11.04,-20.91,53.96,34.21
466,27663886,1058.11,-205.08,-27.34,13.29,-24.09,60.00,33.97
467,27667944,1013.18,-211.43,-10.74,10.06,-28.90,53.72,33.83
468,27671993,998.54,-182.13,-41.50,9.39,-33.60,54.82,33.83
469,27677788,937.50,-181.15,-46.39,9.15,-33.23,61.04,34.02
470,27681837,822.27,-201.17,-10.25,6.83,-32.62,55.43,34.16
471,27685886,813.96,-169.92,-13.67,7.44,-30.06,46.04,34.02
472,27689944,851.56,-143.07,-16.60,6.52,-28.48,43.60,34.02
473,27693993,856.45,-146.97,-4.39,7.93,-27.74,50.85,33.78
474,27699788,852.05,-162.60,-24.90,9.51,-22.80,49.27,34.02
475,27703837,863.77,-150.39,-24.90,14.51,-13.48,45.85,34.31
476,27707886,811.04,-173.34,6.84,15.55,-6.89,37.32,34.02
477,27711944,795.90,-184.08,-5.37,15.98,7.38,23.66,33.88
478,27715993,831.05,-184.57,-11.23,16.46,13.66,14.88,33.88
479,27721788,882.32,-200.20,-3.42,21.52,19.76,12.62,34.02
480,27725837,905.27,-222.17,28.32,23.96,26.77,11.40,34.02
481,27729886,1219.73,-419.43,-134.77,21.65,30.55,2.07,33.97
482,27733944,1535.64,-794.92,-396.00,8.54,128.11,-172.26,34.16
483,27737993,882.81,-172.85,160.64,22.68,154.27,-211.04,34.02
484,27743788,610.84,78.12,313.96,25.73,92.74,-110.73,34.02
485,27747837,675.78,-3.42,172.36,17.93,27.56,-13.17,33.88
486,27751886,837.89,-169.92,24.90,8.05,8.35,3.60,34.02
487,27755944,916.99,-216.31,-21.97,6.95,4.76,14.09,34.02
488,27759993,952.15,-246.58,23.44,4.76,-0.98,19.70,33.88
489,27765788,1009.77,-254.39,-19.53,3.66,-1.71,27.80,34.02
490,27769837,1031.74,-265.14,71.29,5.30,-7.26,43.60,34.02
491,27773886,1018.07,-280.27,68.85,3.78,-10.73,42.07,34.02
492,27777944,1028.32,-287.60,55.66,0.06,-15.91,37.56,33.97
493,27783788,1021.97,-300.78,48.34,-2.87,-18.17,32.99,33.97
494,27787837,978.52,-308.59,103.03,-21.89,-22.01,22.93,34.02
495,27791886,1039.06,-278.81,-25.88,-20.30,-17.80,6.95,34.21
496,27795944,1063.48,-309.08,-12.70,-18.78,-13.29,-0.06,33.68
497,27799993,1072.75,-307.13,29.79,-13.90,-7.68,1.52,34.16
498,27805788,1074.71,-288.09,1.46,-7.13,0.18,1.95,34.12
499,27809837,1034.67,-307.13,22.95,-15.06,11.16,-10.37,33.88
500,27813886,1080.57,-302.25,30.76,-17.87,11.71,-20.85,33.97
501,27817944,1119.14,-289.06,41.50,-14.27,12.87,-20.37,34.02
502,27821993,1116.70,-303.22,76.66,-11.52,11.71,-23.78,33.97
503,27827788,1127.93,-305.18,69.34,-8.72,9.09,-31.71,34.02
504,27831837,1160.16,-295.90,68.85,-4.70,5.73,-34.45,33.83
505,27835886,1176.76,-309.57,67.38,-2.68,-0.43,-36.52,33.88
506,27839944,1193.85,-324.22,43.46,-1.83,-5.37,-40.30,34.12
507,27843993,1216.31,-339.36,27.34,-1.04,-8.90,-43.05,34.12
508,27849788,1232.42,-355.47,4.88,-0.06,-11.28,-44.88,33.68
509,27853837,1282.71,-384.77,-25.39,-1.22,-15.18,-46.10,33.97
510,27857886,1334.96,-381.84,-43.95,-2.20,-16.71,-44.15,34.02
511,27861944,1372.56,-384.77,-64.45,-4.63,-17.99,-40.18,34.02
512,27865993,1406.74,-398.44,-76.66,-9.21,-19.76,-36.71,33.78
513,27871788,1435.06,-419.92,-86.43,-14.76,-20.24,-34.57,33.83
514,27875837,1412.11,-445.80,-52.25,-24.82,-20.98,-36.16,33.88
515,27879886,1476.56,-451.66,-97.17,-32.56,-25.12,-41.04,34.12
516,27883944,1546.87,-441.89,-137.21,-37.01,-26.16,-38.72,34.21
517,27887993,1550.29,-446.29,-116.21,-38.96,-26.95,-35.55,33.68
518,27893788,1571.78,-429.20,-91.31,-40.24,-30.00,-36.89,34.12
519,27897837,1610.84,-402.34,-130.86,-41.04,-33.78,-38.72,34.21
520,27901886,1644.53,-385.74,-98.63,-40.24,-34.33,-41.10,34.12
521,27905944,1663.57,-366.21,-99.12,-40.55,-38.96,-42.74,33.88
522,27909993,1660.16,-358.89,-101.07,-41.89,-42.56,-44.76,33.97
523,27915788,1624.51,-349.12,-99.61,-42.80,-41.83,-51.16,33.97
524,27919837,1670.90,-317.87,-97.17,-42.87,-41.46,-59.63,34.21
525,27923886,1728.03,-293.95,-97.66,-42.99,-40.06,-62.50,34.36
526,27927944,1728.03,-299.80,-48.83,-42.01,-39.70,-68.41,34.02
527,27931993,1719.73,-281.74,-26.86,-43.05,-39.76,-81.10,34.16
528,27937788,1774.90,-263.67,-31.25,-43.17,-46.95,-92.87,34.21
529,27941837,1804.69,-263.67,-50.78,-40.43,-52.44,-98.54,34.02
530,27945886,1777.83,-283.69,-76.17,-38.96,-50.30,-105.06,33.78
531,27949944,1770.51,-286.13,-67.38,-39.88,-49.33,-115.49,34.12
532,27953993,1802.73,-287.11,-89.36,-42.26,-49.33,-122.68,34.02
533,27959788,1801.76,-307.62,-108.40,-45.79,-48.05,-129.88,34.12
534,27963837,2230.96,-811.04,-374.02,-53.35,21.52,-278.90,33.83
535,27967886,1643.55,-208.50,-25.39,-43.29,39.27,-310.37,33.97
536,27971944,1482.42,-34.18,87.40,-47.26,2.07,-252.74,34.12
537,27975993,1579.59,-5.86,29.30,-53.11,-37.68,-183.84,33.97
538,27981788,1750.98,-139.65,-85.45,-64.02,-47.74,-154.57,33.97
539,27985837,1962.40,-407.23,-171.39,-72.99,-27.50,-184.82,34.12
540,27989886,1856.45,-330.57,-54.20,-72.68,-9.21,-221.65,33.68
541,27993944,1745.12,-202.64,48.83,-69.45,-16.40,-215.55,33.83
542,27999788,1724.12,-227.05,62.50,-71.04,-31.59,-209.51,33.83
543,28003837,1679.20,-233.89,19.53,-74.51,-38.48,-222.32,34.02
544,28007886,1638.67,-188.48,-9.28,-77.50,-42.56,-222.01,34.02
545,28011944,1625.00,-187.50,-13.18,-77.68,-42.20,-225.06,33.78
546,28015993,1587.40,-122.07,2.44,-75.30,-44.94,-222.56,34.16
547,28020043,1576.66,-115.72,33.69,-72.50,-48.78,-217.20,34.21
548,28025788,1528.81,-113.77,54.20,-68.84,-54.63,-213.84,33.88
549,28029837,1395.51,-110.84,83.50,-65.85,-61.83,-220.06,34.12
550,28033886,1378.42,-87.40,51.27,-65.67,-66.59,-219.09,33.88
551,28037944,1371.58,-43.95,18.07,-65.24,-65.12,-225.43,34.21
552,28043788,1365.72,9.77,26.86,-62.68,-64.02,-222.44,33.59
553,28047837,1323.73,35.16,49.80,-57.07,-66.10,-215.85,33.83
554,28051886,1327.15,13.67,41.50,-51.95,-65.30,-220.24,34.16
555,28055944,1295.41,34.67,31.25,-46.89,-62.74,-226.83,34.21
556,28059993,873.05,-124.51,39.06,-43.84,-36.52,-353.66,34.12
557,28065788,1158.20,282.71,-76.17,-34.21,-36.34,-340.98,33.68
558,28069837,1170.41,183.59,38.09,-22.26,-34.76,-292.44,34.02
559,28073886,951.66,571.78,-59.08,-11.83,-11.95,-301.65,34.31
560,28077944,925.29,290.53,52.73,-16.28,-26.89,-258.84,34.02
561,28081993,1507.32,-376.46,62.99,-10.55,-19.94,-297.44,33.97
562,28087788,1076.17,149.90,51.27,-3.96,10.37,-366.46,33.88
563,28091837,635.25,511.23,52.25,0.12,5.37,-367.20,33.83
564,28095886,534.18,682.13,59.57,-1.34,-5.61,-345.85,33.88
565,28099944,684.08,521.00,12.21,2.80,-11.65,-308.41,33.88
566,28103993,836.91,232.42,62.50,6.04,-20.37,-289.76,33.83
567,28109788,633.30,538.09,16.60,7.62,-16.65,-296.16,33.59
568,28113837,642.58,447.75,37.60,10.12,-27.93,-277.07,34.02
569,28117886,610.84,459.96,13.18,12.56,-34.09,-259.33,34.21
570,28121944,715.33,334.47,13.18,13.41,-44.02,-246.95,34.12
571,28125993,703.61,437.01,-102.05,22.01,-36.95,-266.34,33.88
572,28131788,367.19,691.89,-11.23,31.65,-80.24,-157.93,34.21
573,28135837,614.26,423.83,-17.09,16.10,-82.68,-132.38,34.12
574,28139886,862.79,-125.49,48.83,20.73,-78.41,-133.17,33.97
575,28143944,1463.38,-823.73,49.32,36.52,-26.22,-290.43,34.21
576,28147993,708.98,448.24,-79.59,50.06,13.48,-409.33,34.02
577,28153788,-644.53,1506.35,-175.78,35.37,-56.28,-175.91,33.88
578,28157837,480.96,605.47,48.83,28.72,-86.46,-89.63,33.97
579,28161886,374.51,606.93,-39.55,22.80,-66.16,-98.60,33.88
580,28165944,304.20,638.18,-122.56,13.90,-54.70,-99.63,34.31
581,28169993,236.33,676.76,-102.05,16.28,-57.13,-89.82,34.12
582,28175788,672.85,-144.04,-106.45,25.06,-44.33,-142.56,34.02
583,28179837,295.41,554.69,-188.96,47.20,61.65,-469.63,34.02
584,28183886,-2252.93,4083.01,-525.39,53.84,67.68,-421.59,33.78
585,28187944,-69.82,932.62,-166.02,13.41,-62.07,-82.26,34.12
586,28191993,193.36,860.84,-22.46,13.84,-41.52,-70.49,34.21
587,28197788,169.92,861.82,-117.68,10.55,-15.91,-83.48,34.12
588,28201837,116.70,883.79,-173.83,21.65,-12.56,-78.48,33.97
589,28205886,158.69,923.34,-206.54,26.65,-8.96,-78.72,33.78
590,28209944,174.32,925.29,-215.82,29.82,-6.10,-85.00,34.12
591,28213993,160.64,913.57,-215.33,36.04,-4.94,-85.43,34.16
592,28219788,145.02,896.48,-226.07,40.00,-2.01,-79.57,34.02
593,28223837,112.30,854.98,-228.52,42.38,-1.89,-61.65,34.02
594,28227886,121.09,824.71,-209.96,41.10,-3.72,-49.51,33.83
595,28231944,151.37,815.43,-209.47,42.32,-7.93,-36.04,34.02
596,28237788,196.29,833.98,-199.71,38.96,-8.66,-29.82,34.02
597,28241837,421.87,540.04,-187.99,37.74,-4.51,-43.29,34.12
598,28245886,299.80,697.27,-220.70,38.11,2.87,-61.34,33.88
599,28249944,1091.80,-1067.38,-134.28,40.00,8.96,-92.99,34.21
600,28253993,1028.32,-412.60,-61.52,73.23,103.96,-440.00,34.12
601,28259788,-927.25,2469.73,-466.80,70.85,92.80,-396.59,34.02
602,28263837,-276.37,1950.20,-354.49,30.43,-0.55,-120.18,34.21
603,28267886,247.07,1144.53,-193.85,14.76,-17.07,-18.35,34.02
604,28271945,246.09,1099.12,-196.29,9.27,4.21,-18.78,34.16
605,28275994,241.21,1158.69,-280.76,13.29,15.06,-16.71,34.02
606,28281788,247.07,1205.08,-264.16,20.18,18.23,-13.96,33.97
607,28285837,722.66,378.91,-197.27,33.41,34.27,-87.26,33.83
608,28289886,516.60,759.28,-111.82,42.38,73.78,-214.70,34.36
609,28293944,-440.43,2326.17,-468.75,35.73,65.73,-157.01,34.31
610,28297993,455.08,587.40,-46.39,32.38,35.24,-119.70,34.12
611,28303788,66.89,1428.71,-345.70,32.99,37.07,-28.05,34.02
612,28307837,250.49,1193.36,-246.58,20.06,38.11,-8.90,33.97
613,28311886,156.25,1041.50,-104.49,16.04,38.90,-10.06,34.02
614,28315944,395.02,1252.44,-407.23,18.48,37.99,-13.11,33.97
615,28319993,-168.46,951.66,274.41,16.95,13.48,-28.54,33.97
616,28325788,156.25,1076.66,-138.67,5.24,-64.33,-72.56,33.68
617,28329837,632.32,1215.82,-625.98,26.22,-8.84,-38.90,33.97
618,28333886,368.16,1031.25,-305.66,18.72,-3.11,-48.05,34.02
619,28337944,259.77,973.63,-138.18,15.37,-7.56,-52.44,33.97
620,28341993,445.80,965.33,-357.91,23.54,2.50,-73.41,33.83
621,28347788,367.68,958.01,-243.65,35.00,30.12,-110.30,33.88
622,28351837,45.41,1060.06,-96.19,29.51,-2.62,-144.27,33.88
623,28355886,38.57,1321.78,-238.28,41.10,-13.78,-109.94,33.88
624,28359945,62.50,1283.69,-287.60,38.54,-30.00,-65.06,34.12
625,28363994,48.34,1383.79,-273.93,30.43,-42.74,-21.65,34.12
626,28369788,72.75,1327.64,-286.13,19.63,-45.91,21.89,34.16
627,28373837,18.55,1138.18,-276.86,10.61,-48.41,65.61,34.12
628,28377886,-3.91,1093.26,-440.43,3.05,-42.56,76.95,34.02
629,28381944,161.13,1531.74,-1104.49,-90.55,-58.29,92.68,34.12
630,28385994,-289.06,1358.89,-1593.26,-440.61,28.60,278.60,33.88
631,28391788,-787.60,658.20,-757.32,-595.30,-37.74,382.74,33.88
632,28395837,312.99,554.69,-1162.60,-716.59,-107.01,403.48,34.12
633,28399886,420.90,259.28,-263.18,-630.18,-73.41,432.13,33.88
634,28403945,759.28,-409.67,-555.66,-426.28,-133.05,465.49,33.83
635,28407994,1849.61,-559.57,-664.55,-215.73,2.62,349.70,34.02
636,28413788,1358.89,-216.31,-626.46,-80.24,170.18,172.50,34.12
637,28417837,294.92,206.54,-433.11,8.96,231.46,217.01,34.16
638,28421886,-129.88,281.25,-150.88,9.09,233.35,254.76,33.83
639,28425944,-281.74,346.68,-67.87,-9.45,220.98,286.28,34.31
640,28429993,-576.66,464.84,206.05,-37.44,194.21,339.45,34.16
641,28435788,-653.81,457.52,281.25,-68.96,112.80,411.28,34.16
642,28439837,70.31,168.46,501.46,-44.27,96.77,287.38,34.16
643,28443886,-133.30,433.59,482.42,-17.87,86.71,163.90,34.02
644,28447945,-369.14,637.70,238.28,14.82,-9.33,229.57,34.21
645,28453788,-475.10,525.88,-20.02,45.55,-102.13,390.98,33.88
646,28457837,-574.22,351.56,-3.42,70.85,-132.26,385.73,33.88
647,28461886,-679.69,430.18,71.29,71.77,-146.40,301.04,34.02
648,28465945,-702.15,535.64,97.66,67.80,-160.37,256.34,34.02
649,28469994,-729.98,593.75,127.93,73.35,-189.02,245.43,34.02
650,28475788,-780.27,637.70,194.34,87.38,-235.49,264.94,33.88
651,28479837,-871.09,600.59,323.73,104.39,-290.18,286.59,33.78
652,28483886,-757.81,569.34,255.37,119.63,-330.55,262.44,33.83
653,28487944,-791.02,635.74,406.74,123.66,-341.65,233.72,34.02
654,28491993,-880.37,659.67,545.41,112.44,-380.73,223.72,34.16
655,28497788,-867.68,608.89,607.91,101.46,-444.33,235.24,34.12
656,28501837,-431.15,-390.14,211.91,97.07,-429.82,21.46,33.97
657,28505886,-662.11,598.63,530.76,170.00,-494.02,37.26,34.21
658,28509944,-532.71,807.13,543.95,167.56,-576.04,207.80,34.12
659,28513993,-339.36,471.19,390.62,125.61,-616.40,285.00,34.02
660,28519788,-247.56,279.79,358.89,104.45,-610.24,250.18,33.88
661,28523837,-187.01,204.59,348.63,71.52,-624.15,187.93,33.64
662,28527886,11.72,46.39,144.53,57.01,-642.93,167.99,34.12
663,28531944,327.64,-234.37,-211.91,104.27,-643.05,118.35,34.02
664,28535993,634.28,-49.32,-410.16,59.70,-550.24,-62.20,33.97
665,28541788,841.80,-33.69,-597.66,70.61,-475.06,-161.52,33.78
666,28545837,1043.95,76.17,-729.98,106.34,-427.50,-195.00,33.97
667,28549886,1238.28,126.46,-788.57,102.99,-360.24,-211.52,33.88
668,28553944,1361.82,63.96,-924.32,61.16,-313.11,-264.45,34.16
669,28557993,1641.60,174.80,-1192.38,16.83,-254.70,-306.22,34.12
670,28563788,1789.06,275.39,-1291.99,-49.51,-180.00,-315.67,34.12
671,28567837,2059.08,355.47,-1614.26,-103.66,-93.60,-212.80,34.02
672,28571886,1958.01,312.99,-1549.80,-131.52,-29.82,-105.24,34.12
673,28575945,1809.08,228.52,-1411.13,-171.22,22.68,22.68,34.12
674,28579994,1664.55,88.87,-1292.97,-207.44,65.67,116.16,33.64
675,28585788,1488.77,-63.96,-1088.38,-246.04,101.65,174.09,34.12
676,28589837,1105.47,-211.43,-711.43,-255.37,159.82,232.87,34.02
677,28593886,908.20,-357.42,-534.67,-259.70,174.82,247.50,33.97
678,28597944,724.61,-454.10,-361.33,-261.10,197.20,229.94,34.21
679,28601993,595.70,-553.22,-280.27,-251.95,209.63,196.10,34.02
680,28607788,375.00,-580.08,-69.34,-241.04,230.79,150.61,33.88
681,28611837,227.54,-618.16,33.69,-211.71,212.62,128.05,34.12
682,28615886,110.84,-643.07,117.19,-183.29,203.96,123.78,33.97
683,28619944,27.83,-657.23,190.43,-143.54,185.18,125.55,33.88
684,28623993,-18.07,-682.62,193.85,-119.45,161.52,110.85,34.02
685,28629788,-61.52,-706.05,185.06,-77.74,145.37,97.01,34.16
686,28633837,-138.67,-679.69,195.31,-32.13,124.88,85.00,34.12
687,28637886,-180.18,-657.71,200.68,0.61,108.84,79.45,33.83
688,28641944,-177.73,-637.21,177.25,28.48,92.62,64.76,34.21
689,28645993,-189.94,-594.73,168.46,50.30,73.54,51.10,34.31
690,28651788,-139.16,-563.96,97.17,64.09,49.15,44.33,34.02
691,28655837,17.09,-500.49,-111.82,81.34,31.10,58.96,33.78
692,28659886,83.50,-453.61,-219.73,97.01,31.83,78.78,33.78
693,28663944,87.40,-428.71,-256.35,110.37,36.34,106.65,34.02
694,28667993,103.52,-376.95,-260.25,104.33,17.68,136.65,34.16
695,28673788,130.86,-388.67,-336.43,95.98,11.04,158.90,34.12
696,28677837,151.86,-367.19,-396.00,91.28,0.79,195.43,34.12
697,28681886,179.69,-379.39,-469.24,84.09,-13.84,215.18,33.88
698,28685944,209.96,-392.58,-522.95,83.66,-24.76,234.88,34.02
699,28691788,233.40,-409.18,-585.94,86.40,-28.78,252.68,34.12
700,28695837,240.23,-413.57,-601.56,90.91,-44.15,257.13,34.12
701,28699886,307.13,-386.23,-693.36,92.99,-45.98,257.07,33.88
702,28703944,339.84,-365.23,-669.43,91.89,-52.32,261.77,34.21
703,28707993,390.62,-337.89,-732.91,98.90,-69.70,285.67,33.97
704,28713788,508.79,-309.08,-830.57,116.22,-98.17,322.50,33.68
705,28717837,588.87,-353.03,-950.20,114.39,-108.35,310.55,33.88
706,28721886,677.73,-373.54,-1063.96,125.06,-132.68,280.06,34.12
707,28725944,798.83,-358.40,-1225.10,141.46,-135.30,248.78,34.02
708,28729993,852.05,-317.38,-1279.79,170.24,-141.95,208.72,34.02
709,28735788,1001.46,-95.21,-1418.46,199.33,-146.22,182.20,33.88
710,28739837,1161.62,4077.15,-950.20,185.24,-198.05,629.57,33.83
711,28743886,329.10,3050.29,-1923.83,-75.98,-307.20,983.35,33.78
712,28747944,322.27,1388.67,-2478.03,-156.34,-176.22,601.04,33.97
713,28751994,627.93,1424.80,-1755.86,-197.38,-130.49,265.85,33.83
714,28757788,820.31,572.27,-1186.52,-185.73,-189.45,197.62,33.83
715,28761837,878.91,-400.39,-883.30,-132.32,-179.57,59.70,33.97
716,28765886,738.28,-571.78,-963.38,-77.62,-114.57,-159.21,33.83
717,28769944,644.53,-101.56,-642.58,-15.37,-58.29,-321.83,33.88
718,28773994,673.83,244.63,-482.42,14.39,-97.80,-243.29,33.83
719,28779788,543.95,128.42,-380.37,18.41,-103.48,-109.76,33.83
720,28783837,446.78,-170.41,-470.21,16.65,-122.93,-57.44,34.31
721,28787886,279.30,-166.02,-301.76,5.79,-130.98,-57.20,33.88
722,28791944,331.54,-98.63,-327.15,-21.04,-174.21,-21.71,34.02
723,28795993,298.83,-153.32,-278.32,-31.52,-204.88,24.27,33.97
724,28801788,330.57,-179.20,-306.15,-48.66,-231.34,62.38,34.02
725,28805837,321.78,-250.98,-308.59,-61.46,-252.74,92.93,33.78
726,28809886,402.83,-277.83,-404.30,-69.02,-262.62,95.43,34.12
727,28813944,472.66,-296.39,-479.00,-82.80,-265.30,93.23,34.21
728,28817993,571.78,-335.94,-595.21,-92.44,-261.22,93.96,34.16
729,28823788,709.96,-358.89,-771.48,-89.94,-254.82,105.85,34.02
730,28827837,645.51,-423.83,-711.43,-61.34,-216.34,135.00,33.88
731,28831886,764.16,-436.04,-817.38,-64.88,-214.63,134.82,33.78
732,28835944,757.81,-462.40,-833.98,-60.98,-190.43,118.29,33.78
733,28839993,771.48,-458.98,-916.02,-33.35,-169.39,128.41,34.02
734,28845788,811.04,-414.55,-971.19,-10.91,-174.15,140.91,33.97
735,28849837,908.20,-457.52,-1096.19,-1.46,-152.26,127.99,33.78
736,28853886,908.69,-403.32,-1118.65,20.67,-144.57,126.16,33.68
737,28857945,930.66,-443.36,-1160.16,38.17,-154.45,116.10,33.88
738,28861994,1037.60,-413.57,-1284.67,51.89,-137.93,95.91,34.12
739,28867788,1030.76,-404.30,-1269.04,84.15,-130.55,89.39,34.21
740,28871837,990.72,-405.76,-1201.17,121.40,-112.68,96.04,33.88
741,28875886,958.01,-396.97,-1140.62,140.24,-100.67,80.61,33.88
742,28879945,878.91,-387.21,-1026.86,160.49,-84.94,46.71,34.12
743,28883994,798.34,-348.63,-913.09,185.00,-83.48,21.22,33.88
744,28889788,765.62,-285.16,-849.61,196.10,-81.46,-3.29,34.21
745,28893837,733.40,-185.06,-770.02,202.68,-80.00,-9.09,33.97
746,28897886,736.82,-128.42,-750.98,204.63,-77.07,-2.01,33.88
747,28901944,753.42,-75.68,-751.95,201.16,-67.32,8.90,34.02
748,28907788,741.70,-27.83,-742.19,192.80,-55.43,25.73,33.83
749,28911837,743.65,18.55,-763.18,178.78,-41.83,45.98,34.31
750,28915886,746.09,62.01,-788.57,163.35,-25.55,60.49,33.97
751,28919944,720.21,83.98,-776.86,150.12,-13.17,72.80,33.88
752,28923993,702.64,84.47,-775.39,131.16,-0.91,83.54,34.02
753,28929788,687.50,102.05,-771.48,112.68,9.63,89.57,34.12
754,28933837,665.04,94.24,-764.65,89.70,20.12,98.17,34.21
755,28937886,660.16,90.33,-782.71,81.71,24.94,111.83,33.88
756,28941944,649.90,79.10,-781.25,75.91,27.93,118.84,34.31
757,28945993,641.11,51.76,-797.85,67.68,32.13,117.13,34.12
758,28951788,617.68,30.76,-803.71,70.24,38.35,113.23,33.88
759,28955837,559.08,10.74,-756.84,74.09,40.98,98.23,33.64
760,28959886,555.66,5.37,-763.18,77.87,44.27,82.68,33.97
761,28963944,512.70,2.93,-729.49,76.04,49.45,63.72,34.02
762,28967993,498.05,7.32,-720.21,74.39,54.51,41.89,33.88
763,28973788,490.23,31.74,-713.87,65.24,52.80,24.70,33.88
764,28977837,514.65,55.66,-737.79,51.04,57.07,22.20,33.78
765,28981886,512.21,69.34,-745.12,41.46,64.27,32.13,34.02
766,28985944,497.07,71.78,-738.77,21.89,66.28,48.96,33.97
767,28989993,483.40,47.85,-736.33,-1.89,67.01,64.39,33.97
768,28995788,490.72,10.25,-779.30,-19.94,69.02,85.24,33.78
769,28999837,487.79,-40.53,-802.73,-40.98,74.94,95.49,33.88
770,29003886,478.52,-88.38,-829.10,-50.00,79.57,96.40,34.02
771,29007944,459.47,-119.14,-829.59,-57.07,82.44,96.65,34.21
772,29011993,459.96,-146.00,-860.84,-59.76,79.76,97.20,33.97
773,29017788,438.96,-171.39,-862.79,-57.56,78.48,97.93,33.83
774,29021837,401.37,-205.08,-845.21,-57.56,65.12,92.56,34.02
775,29025886,407.71,-235.35,-872.07,-57.74,54.45,85.61,34.02
776,29029945,415.04,-253.91,-894.53,-55.79,44.39,75.18,33.83
777,29033994,424.32,-279.79,-906.74,-49.88,34.63,68.54,33.88
778,29039788,425.78,-303.22,-914.55,-42.80,25.85,62.74,33.88
779,29043837,427.25,-314.45,-922.36,-36.04,14.76,52.56,34.16
780,29047886,439.94,-331.05,-934.57,-36.59,7.62,43.41,34.02
781,29051945,444.34,-331.05,-941.89,-37.26,2.20,37.99,34.02
782,29055994,465.82,-334.47,-958.50,-37.80,-0.85,42.44,34.02
783,29061788,467.77,-349.12,-959.96,-40.55,-2.44,52.74,34.12
784,29065837,470.21,-370.12,-974.12,-46.46,-0.43,66.10,33.88
785,29069886,476.07,-386.23,-986.82,-51.04,2.74,74.02,33.83
786,29073945,472.66,-401.86,-998.54,-56.83,9.21,85.12,34.02
787,29077994,462.40,-415.04,-1005.86,-62.62,16.34,98.90,33.83
788,29083788,458.98,-431.15,-1017.58,-67.80,22.44,113.54,34.12
789,29087837,437.99,-454.10,-1018.55,-71.28,30.98,130.79,34.02
790,29091886,412.60,-471.68,-1014.16,-73.05,34.09,142.26,33.88
791,29095945,386.23,-487.30,-1004.39,-73.66,34.39,154.39,34.02
792,29099994,350.10,-511.72,-994.63,-72.68,30.61,162.13,34.12
793,29105788,320.31,-530.76,-978.03,-69.15,23.54,164.88,33.97
794,29109837,279.30,-564.94,-958.98,-61.04,10.43,161.77,34.02
795,29113886,243.16,-584.96,-937.01,-53.23,-1.95,155.12,33.83
796,29117945,231.45,-595.70,-929.69,-41.89,-20.06,141.46,33.97
797,29123788,221.19,-613.77,-919.92,-30.79,-40.30,120.73,34.12
798,29127837,234.37,-624.51,-929.69,-18.72,-66.04,88.96,33.83
799,29131886,257.81,-614.75,-947.75,-5.24,-84.82,67.07,33.88
800,29135945,277.83,-595.21,-973.63,6.22,-99.82,56.16,33.83
801,29139994,313.96,-587.89,-1001.46,16.16,-116.52,42.44,34.02
802,29144043,364.75,-577.15,-1048.83,22.26,-127.38,27.87,33.97
803,29149788,401.86,-549.80,-1081.05,25.91,-137.07,18.17,34.12
804,29153837,500.98,-530.76,-1196.78,31.22,-141.59,19.70,34.12
805,29157886,529.30,-521.97,-1216.31,33.48,-141.22,22.68,33.97
806,29161945,579.10,-522.95,-1275.88,31.52,-140.30,19.39,33.88
807,29167788,619.14,-521.97,-1312.01,31.52,-134.09,14.94,33.68
808,29171837,654.30,-520.02,-1361.33,38.84,-127.68,15.06,33.88
809,29175886,647.95,-536.13,-1333.98,44.15,-125.49,12.74,34.02
810,29179945,684.57,-540.04,-1358.89,51.04,-118.29,3.17,34.02
811,29183994,648.44,-542.48,-1310.55,60.79,-108.72,-10.85,34.02
812,29189788,621.09,-540.04,-1258.30,73.35,-105.00,-23.96,33.83
813,29193837,559.08,-539.55,-1146.00,85.85,-101.89,-44.15,33.88
814,29197886,483.89,-536.13,-1041.99,97.99,-103.66,-57.93,34.16
815,29201944,437.01,-521.97,-968.75,107.74,-113.17,-66.22,33.88
816,29205994,420.41,-547.36,-913.57,116.52,-118.11,-81.83,33.68
817,29211788,376.95,-562.01,-807.13,133.11,-130.37,-96.59,33.83
818,29215837,405.27,-537.11,-802.25,150.18,-128.72,-129.88,33.97
819,29219886,580.57,-465.33,-952.64,163.17,-142.68,-118.72,34.02
820,29223944,558.11,-423.34,-917.97,171.46,-128.78,-120.61,34.02
821,29227993,585.45,-390.62,-910.16,168.05,-118.11,-111.77,33.68
822,29233788,711.43,-338.38,-1028.81,159.39,-103.90,-108.29,33.68
823,29237837,639.16,-325.20,-923.83,146.59,-93.29,-105.98,33.83
824,29241886,650.39,-367.19,-934.57,132.80,-93.17,-103.78,33.97
825,29245944,649.90,-354.00,-909.67,132.74,-83.23,-87.20,33.97
826,29249993,706.05,-382.81,-967.29,123.60,-65.24,-83.60,33.64
827,29255788,692.87,-364.75,-944.82,123.17,-57.07,-68.11,34.12
828,29259837,576.17,-390.14,-821.29,126.40,-19.45,-57.50,34.12
829,29263886,558.11,-386.23,-803.22,112.32,-32.38,-57.74,33.68
830,29267944,504.39,-415.53,-727.54,104.45,-21.28,-69.70,34.02
831,29271993,557.62,-385.25,-784.18,92.07,-29.82,-63.96,34.02
832,29277788,594.24,-390.62,-828.12,88.35,-15.67,-47.32,33.83
833,29281837,565.92,-406.25,-810.55,80.00,1.16,-30.79,33.68
834,29285886,554.20,-417.48,-833.01,78.48,11.34,-12.20,33.88
835,29289944,443.36,-433.11,-706.05,76.10,13.60,7.26,33.88
836,29293993,422.36,-468.26,-729.00,81.59,18.96,23.60,33.83
837,29299788,380.37,-482.91,-699.22,74.70,16.71,17.87,33.83
838,29303837,315.92,-479.49,-655.76,74.70,16.22,17.38,34.02
839,29307886,471.68,-475.10,-824.22,64.21,-12.13,3.84,33.64
840,29311944,633.79,-447.75,-995.61,42.80,-5.30,-37.56,34.02
841,29315993,809.08,-388.18,-1258.79,45.43,55.79,-47.87,34.12
842,29321788,612.79,-351.07,-980.96,44.94,72.20,-25.79,34.02
843,29325837,614.26,-366.21,-1033.20,5.91,75.61,-12.50,34.02
844,29329886,611.82,-402.83,-1057.62,-8.96,74.45,5.12,33.78
845,29333945,650.88,-426.76,-1113.28,-19.82,75.98,27.20,33.97
846,29337994,612.79,-482.42,-1109.86,-22.07,84.27,43.90,33.88
847,29343788,579.10,-531.25,-1098.14,-22.74,88.23,42.13,33.88
848,29347837,562.99,-586.43,-1105.47,-18.90,92.01,22.99,34.16
849,29351886,571.29,-581.54,-1125.98,-11.71,95.98,12.13,34.12
850,29355944,546.39,-581.54,-1096.19,-5.61,103.41,-1.77,34.02
851,29361788,505.37,-578.12,-1050.78,-0.79,103.48,-12.80,33.88
852,29365837,477.54,-571.29,-1017.58,1.89,98.05,-20.30,33.88
853,29369886,467.77,-567.87,-1006.35,8.41,90.79,-19.15,33.88
854,29373944,441.89,-576.66,-985.35,15.18,87.32,-19.76,33.88
855,29377993,406.74,-585.94,-943.85,23.60,81.52,-28.29,34.21
856,29383788,376.95,-590.33,-915.53,29.82,72.44,-44.09,33.97
857,29387837,-42.48,-350.10,-397.46,17.93,38.41,-72.13,34.02
858,29391886,-302.73,4.88,-293.95,-25.37,-10.49,-117.62,34.21
859,29395944,-222.66,-58.59,-478.03,-35.00,-25.85,-119.88,33.88
860,29399994,-12.21,-299.32,-569.82,-22.26,-30.06,-111.16,33.64
861,29405788,270.51,-549.32,-648.93,2.56,-23.66,-87.80,33.83
862,29409837,444.82,-639.65,-723.14,29.15,-2.01,-55.61,33.59
863,29413886,403.81,-666.99,-919.92,54.94,40.24,-58.17,34.02
864,29417944,409.67,-566.89,-946.29,45.37,29.15,-86.34,34.02
865,29421993,437.99,-497.56,-963.38,12.99,31.22,-99.09,33.78
866,29427788,455.57,-453.61,-1000.00,-13.78,36.34,-77.80,33.78
867,29431837,513.67,-437.99,-1063.96,-33.48,25.18,-6.95,33.68
868,29435886,528.81,-472.66,-1104.49,-48.72,32.32,34.02,33.97
869,29439944,484.37,-522.46,-1084.96,-62.62,45.43,75.49,33.83
870,29443993,433.11,-576.66,-1066.41,-68.54,51.71,104.02,33.88
871,29449788,385.74,-624.51,-1053.71,-65.98,53.60,117.87,33.88
872,29453837,348.14,-659.18,-1038.57,-61.28,52.80,113.90,33.88
873,29457886,315.43,-684.08,-1016.60,-57.68,50.37,104.63,33.97
874,29461944,290.04,-690.92,-1007.81,-50.43,42.80,92.56,33.97
875,29465993,300.29,-692.38,-1023.93,-35.49,30.18,87.99,33.78
876,29471788,290.04,-695.80,-1010.74,-24.21,23.84,76.83,34.12
877,29475837,233.89,-704.59,-955.08,-9.57,9.21,58.54,34.12
878,29479886,235.35,-712.40,-945.80,1.59,-5.79,44.33,33.97
879,29483944,237.79,-722.66,-948.24,19.27,-20.18,24.27,34.31
880,29487993,218.26,-726.07,-914.06,38.35,-32.26,-1.77,34.02
881,29493788,231.45,-709.47,-905.27,57.20,-40.98,-34.21,34.02
882,29497837,185.55,-662.60,-826.17,74.15,-51.89,-67.32,34.02
883,29501886,179.69,-625.98,-789.55,82.68,-61.71,-79.39,33.97
884,29505945,227.54,-603.03,-812.50,89.82,-72.56,-91.59,33.88
885,29509994,204.59,-568.36,-732.91,96.77,-75.61,-90.67,33.83
886,29515788,212.40,-536.62,-730.47,95.37,-79.45,-88.05,34.02
887,29519837,204.10,-494.14,-675.29,85.37,-90.06,-78.23,33.83
888,29523886,226.07,-481.93,-677.73,77.44,-98.17,-66.04,33.97
889,29527945,235.84,-492.19,-669.92,66.89,-107.93,-45.73,34.31
890,29531994,247.07,-523.93,-651.37,60.98,-110.67,-28.84,34.02
891,29537788,241.70,-533.69,-644.53,57.80,-119.76,-19.51,34.02
892,29541837,316.41,-556.64,-709.47,51.10,-118.41,-12.74,33.88
893,29545886,367.68,-555.66,-769.53,50.79,-115.61,-8.72,33.49
894,29549944,387.70,-558.11,-780.27,52.50,-101.77,-0.73,34.21
895,29553993,353.03,-563.48,-736.33,52.93,-88.41,7.68,34.02
896,29559788,327.64,-570.80,-698.73,49.33,-87.87,11.71,33.97
897,29563837,322.27,-584.96,-667.48,44.21,-94.94,15.43,33.68
898,29567886,322.27,-598.63,-653.81,43.11,-95.98,18.35,33.78
899,29571944,331.54,-603.52,-663.57,39.27,-100.37,17.80,34.12
900,29577788,364.75,-616.70,-698.73,38.54,-107.32,19.76,34.12
901,29581837,392.58,-641.11,-728.52,39.21,-105.85,17.38,33.97
902,29585886,402.34,-651.86,-747.07,43.72,-105.30,13.66,34.12
903,29589944,431.64,-655.27,-778.32,45.43,-104.57,8.41,33.68
904,29593993,452.64,-667.97,-786.62,51.46,-100.79,2.80,34.02
905,29599788,459.47,-689.94,-804.20,56.22,-96.40,-2.99,34.02
906,29603837,561.52,-659.67,-915.53,67.50,-80.91,-13.66,33.83
907,29607886,571.78,-616.21,-920.90,73.90,-57.32,-13.17,33.83
908,29611944,514.65,-559.08,-822.27,77.62,-43.23,-9.21,33.97
909,29615993,432.62,-547.36,-724.12,64.76,-41.28,8.05,33.83
910,29621788,413.57,-552.25,-704.10,52.62,-52.38,31.22,33.88
911,29625837,432.62,-601.56,-746.58,46.52,-57.68,54.33,33.78
912,29629886,426.76,-663.57,-772.46,51.28,-53.54,60.06,34.21
913,29633944,392.09,-687.50,-738.77,61.71,-45.06,50.55,33.97
914,29637993,356.93,-703.61,-713.38,72.56,-41.59,30.98,34.12
915,29643788,339.84,-688.96,-698.73,83.17,-39.63,5.98,33.83
916,29647837,395.51,-683.11,-761.23,108.60,-37.99,-5.00,33.78
917,29651886,324.71,-670.90,-663.09,111.34,-18.84,-27.56,33.83
918,29655944,354.00,-594.73,-705.08,133.60,-14.21,-25.49,33.78
919,29659993,342.29,-534.67,-669.92,122.13,-15.37,-29.33,34.02
920,29665788,317.38,-498.05,-625.00,112.13,-12.32,-15.00,33.83
921,29669837,336.91,-479.98,-653.81,94.09,-21.22,4.57,33.88
922,29673886,338.87,-479.00,-658.20,83.11,-21.46,21.46,33.83
923,29677944,352.05,-495.61,-689.45,70.61,-23.05,42.68,34.02
924,29681993,354.98,-542.48,-717.77,61.10,-20.85,51.77,33.83
925,29687788,360.35,-571.29,-732.42,57.07,-17.38,48.29,33.83
926,29691837,368.65,-585.45,-781.74,56.71,-11.52,38.41,34.02
927,29695886,356.93,-584.96,-775.88,59.27,-9.70,35.67,34.02
928,29699944,345.70,-588.38,-774.41,61.40,-10.18,29.27,34.02
929,29703993,336.91,-604.49,-767.09,65.61,-11.59,22.68,33.64
930,29709788,332.52,-613.28,-767.58,70.55,-10.73,12.01,33.97
931,29713837,317.38,-618.65,-740.23,76.40,-10.91,-1.34,34.12
932,29717886,286.13,-605.96,-702.15,78.11,-8.66,-11.40,34.02
933,29721944,281.25,-601.56,-694.34,81.22,-15.18,-21.04,33.88
934,29725993,281.74,-598.63,-686.52,84.15,-18.84,-29.21,34.12
935,29731788,287.11,-585.45,-687.99,82.32,-19.27,-41.46,34.12
936,29735837,290.04,-570.80,-680.18,83.54,-22.07,-43.72,34.02
937,29739886,288.57,-571.29,-668.46,83.29,-22.01,-43.17,33.83
938,29743944,272.46,-569.34,-646.00,80.55,-19.82,-44.57,34.02
939,29747993,267.09,-567.87,-634.77,76.04,-21.28,-44.39,33.83
940,29753788,276.37,-568.36,-635.74,70.30,-20.85,-42.68,34.12
941,29757837,291.02,-559.57,-645.02,62.74,-18.23,-36.95,33.97
942,29761886,303.22,-550.78,-666.02,57.07,-16.04,-30.18,33.83
943,29765944,304.20,-553.71,-669.92,46.46,-10.61,-23.96,34.16
944,29769993,319.82,-562.50,-695.80,35.67,-13.96,-13.96,33.78
945,29775788,360.84,-571.29,-750.49,26.95,-12.20,-4.33,34.12
946,29779837,418.95,-568.85,-841.31,17.32,1.65,6.83,33.88
947,29783886,441.89,-566.41,-887.70,8.78,8.48,17.74,34.02
948,29787944,449.22,-572.27,-915.04,0.37,17.99,33.96,33.97
949,29791993,449.71,-588.38,-940.43,-8.05,24.88,46.16,33.97
950,29797788,453.12,-600.10,-962.89,-14.09,31.83,55.91,34.16
951,29801837,448.24,-615.72,-996.09,-19.02,39.94,66.10,33.88
952,29805886,436.52,-628.91,-997.56,-20.55,44.82,70.55,33.88
953,29809944,425.78,-641.11,-1005.37,-21.52,49.57,71.95,33.78
954,29815788,404.30,-649.41,-1000.49,-19.70,51.95,70.79,33.78
955,29819837,355.47,-661.62,-976.56,-11.10,51.10,72.68,34.12
956,29823886,388.67,-640.62,-1015.14,1.95,41.10,81.52,33.97
957,29827944,444.34,-619.14,-1082.03,7.01,42.38,78.29,33.97
958,29831993,369.63,-603.52,-978.52,7.99,51.89,62.07,34.02
959,29837788,264.65,-592.29,-863.77,5.49,42.13,44.63,33.97
960,29841837,285.64,-651.86,-831.54,-0.98,18.11,22.01,33.97
961,29845886,273.93,-715.33,-752.93,22.38,42.74,-2.32,34.02
962,29849944,92.77,-700.20,-501.46,46.28,73.11,-27.01,33.97
963,29853993,-25.39,-594.73,-350.59,56.46,92.87,-57.80,34.16
964,29859788,-110.84,-508.79,-207.52,27.20,83.90,-69.09,33.97
965,29863837,-257.32,-641.11,-122.07,-17.32,54.94,-62.13,33.97
966,29867886,-2429.20,-3937.50,-1003.42,-11.77,46.77,-130.06,34.02
967,29871944,-2723.63,-3883.79,-1685.06,72.99,-42.20,-194.21,34.02
968,29875993,-805.66,-1774.90,-785.64,138.54,-101.89,-201.71,33.97
969,29881788,99.12,-102.54,-361.82,143.11,-186.22,-13.54,33.88
970,29885837,254.88,-243.65,-484.86,1.34,-208.60,90.49,33.88
971,29889886,411.62,-462.89,-758.30,-43.29,-217.93,128.60,34.12
972,29893944,424.80,-577.15,-780.27,-63.29,-199.63,152.01,33.88
973,29897993,516.11,-737.79,-925.78,-52.68,-185.18,152.32,33.68
974,29903788,602.05,-780.76,-1010.25,-28.17,-163.11,138.05,33.78
975,29907837,601.07,-852.54,-958.98,1.34,-126.28,120.49,33.88
976,29911886,552.25,-875.00,-838.38,5.30,-95.06,79.45,34.21
977,29915944,469.73,-873.05,-713.87,0.85,-66.16,28.48,33.88
978,29919993,401.86,-854.49,-565.92,9.09,-67.44,26.89,33.83
979,29925788,383.79,-824.22,-530.76,24.63,-97.74,68.05,33.78
980,29929837,334.96,-905.76,-425.78,6.71,-137.74,89.57,34.02
981,29933886,704.10,-1117.68,-859.86,-85.24,-172.62,67.26,33.97
982,29937944,749.02,-1459.96,-912.11,-73.23,-163.96,140.67,34.02
983,29941993,777.34,-1609.86,-944.34,28.41,-145.73,245.98,33.97
984,29947788,749.51,-1729.49,-918.46,92.50,-92.20,193.17,33.97
985,29951837,673.34,-1608.40,-942.87,185.98,-15.43,16.34,34.02
986,29955886,591.31,-1291.99,-933.11,238.72,27.32,-102.93,33.78
987,29959945,533.20,-978.03,-870.12,279.63,57.07,-179.09,34.12
988,29963994,507.32,-644.53,-817.38,288.66,60.98,-159.88,33.97
989,29969788,445.31,-497.07,-715.33,270.18,50.85,-94.57,34.02
990,29973837,387.70,-416.02,-572.75,233.84,41.71,-27.68,33.83
991,29977886,373.54,-390.14,-562.50,210.67,35.24,-4.82,33.68
992,29981945,376.46,-359.86,-607.42,183.84,34.94,-2.32,33.83
993,29985994,429.20,-302.25,-722.17,160.06,45.43,-17.26,34.02
994,29991788,458.98,-252.93,-768.07,139.76,61.95,-36.40,33.83
995,29995837,456.54,-150.88,-731.93,111.71,81.71,-45.49,34.12
996,29999886,431.15,-72.27,-678.71,84.88,90.37,-31.52,33.97
997,30003944,416.02,-41.99,-650.88,44.39,96.59,6.52,34.12
998,30007993,338.87,-67.38,-583.98,6.16,97.20,56.10,33.78
999,30013788,278.81,-113.77,-529.30,-30.61,92.44,92.32,34.02
1000,30017837,211.91,-228.52,-503.91,-65.37,86.16,106.40,34.12
1001,30021886,169.43,-305.66,-501.46,-81.59,84.82,99.70,33.97
1002,30025944,156.25,-351.07,-528.81,-95.30,82.74,77.62,33.88
1003,30031788,137.21,-378.91,-546.39,-105.12,81.46,49.02,33.83
1004,30035837,192.38,-252.44,-715.33,-131.95,85.91,21.71,33.97
1005,30039886,42.97,-247.56,-731.45,-206.46,83.48,85.24,34.12
1006,30043944,-0.98,-495.61,-803.71,-250.98,58.35,186.22,33.88
1007,30047993,-77.64,-754.39,-793.46,-275.43,33.23,283.41,34.02
1008,30053788,-101.56,-1061.04,-834.96,-276.34,18.17,325.24,34.02
1009,30057837,-111.33,-1384.28,-862.79,-258.11,35.91,300.91,34.02
1010,30061886,-98.63,-1534.18,-925.78,-214.76,48.84,244.57,33.97
1011,30065944,-156.25,-1566.89,-951.66,-170.85,61.59,195.43,33.97
1012,30069993,-195.80,-1554.20,-943.36,-131.89,68.90,143.05,33.83
1013,30075788,-228.03,-1560.06,-966.80,-91.83,59.51,115.79,33.68
1014,30079837,-237.79,-1504.39,-983.40,-20.00,39.15,101.46,33.78
1015,30083886,-213.38,-1468.26,-935.06,30.55,25.79,70.00,33.88
1016,30087945,-200.68,-1415.04,-883.30,65.06,22.50,24.70,33.97
1017,30091994,-183.11,-1283.69,-844.24,101.28,19.21,-36.40,34.02
1018,30097788,-163.57,-1113.77,-836.91,128.84,13.90,-78.11,33.64
1019,30101837,-155.27,-886.72,-848.14,152.32,6.40,-96.10,34.02
1020,30105886,-166.50,-741.21,-812.01,160.55,-0.67,-101.04,34.02
1021,30109944,-152.34,-650.88,-767.09,163.60,-11.52,-109.82,34.16
1022,30113993,-163.57,-591.80,-658.69,152.13,-12.50,-138.29,33.78
1023,30119788,-146.97,-491.70,-583.01,135.30,-20.43,-167.01,33.59
1024,30123837,-156.74,-404.30,-499.02,116.83,-42.56,-150.06,33.78
1025,30127886,-111.82,-354.00,-479.00,100.85,-66.28,-116.83,33.97
1026,30131944,-67.87,-383.30,-483.89,67.13,-87.87,-91.83,34.16
1027,30135993,-23.93,-437.50,-486.82,40.73,-100.98,-85.49,33.88
1028,30141788,31.25,-482.91,-460.94,19.94,-115.30,-89.88,33.83
1029,30145837,154.79,-572.27,-446.29,-7.56,-136.71,-87.74,33.78
1030,30149886,293.46,-694.82,-447.27,-16.77,-145.49,-88.54,34.02
1031,30153944,408.69,-777.83,-473.63,-18.11,-145.49,-94.33,33.97
1032,30157993,545.90,-854.49,-495.12,-10.55,-130.55,-94.63,33.97
1033,30163788,628.42,-954.59,-441.41,-14.45,-118.48,-86.40,33.88
1034,30167837,759.28,-1042.48,-451.17,-4.15,-88.48,-78.11,34.21
1035,30171886,812.01,-1140.62,-302.25,-8.35,-68.72,-76.22,33.88
1036,30175944,922.36,-1146.97,-355.47,-13.35,-40.49,-56.40,33.83
1037,30179993,958.01,-1172.85,-439.45,-31.28,7.13,0.12,34.02
1038,30185788,922.36,-1251.95,-453.12,-26.95,24.88,86.83,33.68
1039,30189837,1011.72,-1282.71,-791.50,-6.22,62.80,162.32,34.12
1040,30193886,962.89,-1312.99,-897.46,16.89,105.49,174.88,33.78
1041,30197944,901.37,-1183.11,-1180.66,41.22,143.41,141.89,34.12
1042,30201993,859.37,-1105.96,-1165.04,83.41,202.50,115.18,33.97
1043,30207788,594.24,-1077.15,-786.13,98.90,254.51,112.01,34.16
1044,30211837,261.72,-975.10,-519.53,107.74,277.26,121.10,33.88
1045,30215886,87.40,-846.19,-536.62,106.16,273.66,144.02,33.88
1046,30219944,-16.60,-784.18,-612.30,99.45,264.02,164.27,33.78
1047,30223993,-126.95,-701.17,-700.20,92.56,253.35,155.98,33.88
1048,30229788,-216.31,-659.67,-698.73,90.00,241.46,135.98,33.97
1049,30233837,-331.54,-594.24,-644.04,85.18,219.15,107.13,33.88
1050,30237886,-393.07,-546.39,-624.02,86.04,203.05,87.80,33.78
1051,30241945,-424.80,-515.62,-576.17,80.73,180.91,58.72,33.88
1052,30247788,-485.84,-527.34,-374.02,65.37,154.76,30.55,33.83
1053,30251837,-483.40,-559.57,-208.01,27.80,97.38,16.46,33.83
1054,30255886,-325.20,-574.22,-270.02,-9.02,53.17,21.16,33.97
1055,30259945,-351.07,-814.45,-250.98,-43.29,63.29,-12.56,33.78
1056,30263994,-277.34,-699.71,-350.10,-13.23,22.68,-8.05,33.97
1057,30268043,-186.04,-695.80,-492.19,-3.90,2.07,30.18,33.88
1058,30273788,-177.73,-774.41,-508.30,0.43,-7.99,26.16,33.88
1059,30277837,-77.15,-838.38,-592.29,15.43,-10.12,-45.79,34.02
1060,30281886,-12.21,-797.85,-616.70,22.38,-3.72,-96.22,34.02
1061,30285945,43.95,-734.37,-566.89,26.34,3.60,-124.51,34.12
1062,30291788,66.41,-699.22,-486.82,20.43,5.06,-117.87,33.97
1063,30295837,86.43,-684.08,-430.18,2.20,1.34,-86.40,33.83
1064,30299886,117.68,-720.21,-430.18,-15.67,-5.91,-55.12,34.02
1065,30303944,149.90,-711.91,-515.14,-30.30,-6.83,-31.10,33.97
1066,30307993,207.03,-806.64,-587.40,-41.59,-4.15,-16.95,34.02
1067,30313788,279.30,-900.39,-696.78,-43.29,11.04,-33.78,33.68
1068,30317837,242.19,-915.04,-652.34,-39.15,20.12,-41.65,33.83
1069,30321886,216.80,-1000.98,-649.90,-41.04,22.68,-32.44,33.83
1070,30325944,200.68,-1045.90,-660.64,-41.95,24.27,-24.51,34.02
1071,30329993,189.94,-1090.33,-703.61,-44.70,23.54,-10.24,33.88
1072,30335788,142.58,-1052.25,-666.99,-64.02,19.21,-1.46,34.02
1073,30339837,168.95,-1017.09,-670.90,-57.01,15.12,7.38,33.83
1074,30343886,278.32,-996.58,-657.23,-59.76,10.55,21.16,34.02
1075,30347944,287.11,-977.54,-531.74,-69.09,10.24,30.24,33.97
1076,30351993,322.27,-933.59,-426.27,-74.51,8.35,39.63,33.78
1077,30357788,348.14,-935.55,-426.27,-95.67,-0.73,54.63,33.83
1078,30361837,361.33,-940.43,-557.62,-114.15,-3.29,76.83,33.97
1079,30365886,322.27,-932.13,-695.80,-121.77,4.57,88.72,33.83
1080,30369944,278.32,-918.46,-771.00,-116.77,9.51,106.59,34.12
1081,30373993,152.83,-950.20,-776.37,-118.60,15.06,112.87,33.64
1082,30379788,58.59,-960.45,-794.92,-117.44,15.73,105.18,34.02
1083,30383837,75.20,-931.64,-935.55,-109.15,15.06,91.95,34.12
1084,30387886,58.11,-908.20,-944.82,-97.62,16.34,81.34,34.02
1085,30391944,50.29,-859.86,-898.44,-82.13,17.87,65.00,33.97
1086,30395993,58.59,-813.96,-807.13,-71.65,19.15,43.60,33.83
1087,30401788,57.13,-744.63,-729.49,-68.29,20.79,12.07,34.02
1088,30405837,96.19,-754.88,-749.51,-67.26,24.27,-26.34,33.88
1089,30409886,122.56,-813.48,-786.13,-70.43,26.40,-48.90,33.83
1090,30413944,146.48,-858.40,-828.61,-66.59,31.89,-66.52,34.16
1091,30417993,174.80,-906.74,-837.89,-63.90,34.27,-78.84,33.88
1092,30423788,211.91,-920.41,-854.98,-61.71,36.16,-86.10,34.02
1093,30427837,228.03,-958.01,-854.98,-62.07,38.48,-88.90,33.88
1094,30431886,266.11,-975.10,-867.68,-63.41,39.82,-88.05,33.88
1095,30435944,293.95,-987.30,-850.59,-66.71,40.24,-83.72,33.88
1096,30439993,332.52,-985.35,-857.42,-68.90,45.00,-76.16,34.16
1097,30445788,330.08,-997.07,-838.87,-74.39,50.12,-68.84,33.97
1098,30449837,307.13,-1000.00,-884.77,-85.85,55.37,-61.77,34.02
1099,30453886,292.97,-1031.74,-924.80,-88.23,56.28,-57.20,33.78
1100,30457944,303.22,-1077.64,-909.67,-89.33,62.87,-41.34,33.83
1101,30461993,329.10,-1059.08,-825.20,-95.91,63.84,-27.44,34.02
1102,30467788,365.72,-1013.67,-795.41,-101.77,62.80,-14.09,33.83
1103,30471837,378.91,-970.21,-741.21,-116.65,64.02,2.07,34.31
1104,30475886,386.72,-973.14,-779.30,-126.83,64.82,12.80,34.02
1105,30479944,373.05,-968.26,-809.57,-134.76,68.90,25.37,34.02
1106,30485788,343.26,-961.43,-842.29,-140.98,71.89,34.76,34.21
1107,30489837,306.64,-934.57,-890.62,-141.83,75.00,37.01,34.16
1108,30493886,272.95,-896.97,-914.55,-140.98,78.29,31.65,33.83
1109,30497944,261.72,-861.33,-964.84,-137.74,80.43,24.70,34.16
1110,30501993,233.89,-825.20,-976.56,-126.52,85.30,12.93,34.02
1111,30507788,200.20,-758.79,-945.80,-115.12,90.49,-6.95,33.88
1112,30511837,181.64,-711.91,-913.09,-105.79,95.06,-39.45,34.02
1113,30515886,191.41,-727.54,-898.44,-104.15,96.10,-72.50,34.02
1114,30519944,225.10,-760.25,-945.31,-100.98,97.56,-95.37,33.88
1115,30523993,255.37,-788.57,-943.85,-96.71,99.70,-114.45,33.88
1116,30529788,280.76,-814.45,-945.31,-92.50,101.59,-122.07,33.64
1117,30533837,298.83,-827.15,-913.09,-94.21,95.43,-125.18,33.68
1118,30537886,327.64,-834.47,-921.87,-96.16,91.83,-124.94,34.12
1119,30541944,333.50,-847.17,-906.25,-99.15,90.00,-123.35,33.83
1120,30545993,358.40,-861.82,-971.19,-101.22,87.44,-121.65,33.83
1121,30551788,348.63,-899.41,-1005.86,-99.02,88.41,-117.13,33.68
1122,30555837,300.29,-902.83,-1032.71,-97.07,88.66,-113.66,33.88
1123,30559886,284.18,-896.48,-1038.09,-96.71,85.24,-112.13,34.12
1124,30563944,292.97,-886.23,-1019.04,-98.72,79.63,-111.46,34.02
1125,30567993,310.55,-851.07,-981.45,-104.45,75.79,-115.12,33.97
1126,30573788,344.24,-842.29,-953.61,-105.55,69.51,-111.40,33.78
1127,30577837,342.29,-836.91,-894.53,-109.27,67.26,-110.55,33.88
1128,30581886,388.18,-798.34,-862.30,-115.06,69.94,-116.40,34.02
1129,30585944,430.18,-780.76,-854.98,-113.35,72.80,-115.43,34.02
1130,30589993,448.24,-775.39,-834.47,-116.89,72.68,-114.21,33.78
1131,30595788,456.54,-773.93,-846.68,-119.02,72.26,-110.30,33.97
1132,30599837,478.03,-776.37,-875.98,-119.21,72.32,-104.94,34.02
1133,30603886,481.45,-758.30,-884.28,-118.96,71.52,-102.93,33.88
1134,30607944,469.73,-757.32,-884.77,-117.44,70.30,-101.34,34.02
1135,30611993,467.77,-737.79,-875.98,-116.34,69.57,-102.26,33.97
1136,30617788,459.47,-731.93,-854.98,-115.91,66.40,-102.93,34.02
1137,30621837,339.84,-807.13,-785.64,-111.52,51.40,-107.32,34.21
1138,30625886,246.09,-849.12,-764.16,-105.49,29.33,-115.18,34.02
1139,30629944,297.36,-763.67,-799.80,-100.55,13.35,-129.21,34.02
1140,30633993,533.20,-590.33,-963.87,-100.06,15.06,-144.94,33.68
1141,30639788,368.65,-710.45,-738.77,-86.10,1.28,-152.07,33.88
1142,30643837,522.95,-546.88,-845.21,-87.20,9.57,-170.30,34.02
1143,30647886,541.02,-566.89,-860.84,-91.40,5.37,-166.28,33.83
1144,30651944,673.34,-451.66,-918.46,-100.85,19.82,-166.28,34.16
1145,30655993,722.66,-434.08,-896.97,-103.17,38.23,-153.17,34.12
1146,30661788,616.21,-558.11,-793.95,-100.85,39.70,-145.24,34.21
1147,30665837,438.48,-634.28,-750.00,-97.99,26.77,-142.68,34.02
1148,30669886,536.13,-513.67,-846.19,-105.30,29.76,-132.80,33.97
1149,30673944,557.13,-481.45,-810.06,-105.67,35.00,-130.61,34.02
1150,30677993,631.84,-388.67,-836.91,-112.68,43.90,-135.18,34.12
1151,30683788,619.14,-406.25,-817.38,-116.95,50.85,-132.56,34.16
1152,30687837,555.18,-503.91,-786.13,-122.93,54.63,-129.09,33.83
1153,30691886,530.27,-555.18,-772.46,-124.94,54.27,-123.41,34.12
1154,30695944,532.71,-564.94,-765.14,-124.51,52.99,-115.00,34.02
1155,30701788,560.55,-548.34,-732.91,-124.27,50.30,-104.57,33.88
1156,30705837,617.19,-513.18,-711.91,-124.88,47.87,-87.44,33.97
1157,30709886,640.62,-492.68,-683.11,-126.10,45.30,-70.55,33.88
1158,30713944,619.63,-487.79,-651.86,-127.74,43.90,-58.17,33.88
1159,30717993,605.96,-477.05,-640.14,-128.54,40.61,-45.24,33.97
1160,30723788,608.40,-449.71,-642.58,-129.09,38.90,-31.22,34.02
1161,30727837,588.87,-423.34,-612.30,-127.20,37.01,-16.04,34.31
1162,30731886,536.13,-476.56,-572.27,-123.84,31.04,-9.51,34.02
1163,30735944,597.17,-288.57,-674.80,-125.67,33.35,-5.79,34.12
1164,30739993,593.26,-262.70,-662.11,-123.23,37.50,4.45,34.02
1165,30745788,565.43,-175.29,-707.52,-122.38,37.07,4.27,33.83
1166,30749837,479.00,-229.00,-696.78,-119.02,37.68,10.85,33.97
1167,30753886,413.09,-277.34,-726.07,-112.93,32.93,2.20,34.16
1168,30757944,388.67,-296.88,-722.66,-103.60,32.93,-9.70,33.83
1169,30761993,407.71,-208.50,-673.83,-97.87,34.63,-18.05,34.12
1170,30767788,451.66,-125.98,-620.12,-97.01,36.89,-23.48,33.88
1171,30771837,467.77,-106.93,-561.04,-99.63,36.89,-35.73,34.02
1172,30775886,476.07,-109.37,-558.11,-103.96,40.67,-41.52,33.78
1173,30779944,487.79,-127.44,-617.19,-109.15,39.33,-43.84,34.02
1174,30783993,466.31,-174.80,-645.51,-110.18,37.68,-42.01,33.68
1175,30789788,480.47,-208.50,-681.64,-106.52,33.41,-39.27,33.78
1176,30793837,498.54,-199.71,-639.16,-102.80,33.96,-36.22,33.78
1177,30797886,523.93,-203.12,-575.20,-100.61,34.57,-36.04,33.83
1178,30801944,527.83,-304.69,-549.32,-96.04,32.87,-45.67,34.02
1179,30805993,508.79,-322.75,-571.78,-89.09,27.68,-52.56,34.16
1180,30811788,578.61,-204.59,-594.73,-84.02,18.11,-37.07,34.16
1181,30815837,488.77,-501.46,-512.21,-57.93,6.22,-66.59,33.83
1182,30819886,363.77,-799.80,-508.30,-32.56,-9.94,-98.78,33.97
1183,30823944,363.28,-813.96,-591.80,10.24,-19.45,-156.59,34.02
1184,30827993,512.70,-692.38,-671.87,50.18,-32.62,-161.04,33.78
1185,30833788,659.67,-567.87,-647.46,83.29,-14.76,-191.71,33.97
1186,30837837,610.84,-632.32,-718.26,143.11,-10.98,-270.55,34.02
1187,30841886,666.50,-736.33,-707.03,170.43,-4.21,-287.32,34.12
1188,30845944,712.89,-811.52,-689.45,215.91,10.18,-331.16,33.78
1189,30849993,1031.74,-975.10,-834.96,266.89,51.59,-432.01,33.88
1190,30855788,1134.28,-716.80,-633.79,330.06,132.44,-438.84,34.02
1191,30859837,971.68,-345.21,-500.98,353.17,142.68,-380.55,34.02
1192,30863886,973.14,-166.50,-558.59,340.24,158.72,-360.98,33.68
1193,30867944,947.75,-32.23,-573.24,336.34,155.91,-306.83,34.12
1194,30871993,929.20,110.84,-604.98,321.59,150.73,-246.34,33.88
1195,30877788,986.33,234.37,-751.46,305.06,143.96,-179.45,33.97
1196,30881837,89.36,6713.87,-140.14,124.21,258.90,-576.22,33.97
1197,30885886,-740.23,2572.75,-651.86,188.29,228.72,-510.67,33.83
1198,30889945,-585.45,1998.05,-1174.32,73.96,111.04,-350.37,34.12
1199,30893994,-132.32,1891.11,-50.29,-85.30,-4.33,-78.23,34.12
1200,30899788,177.25,1357.42,-396.97,-135.37,-76.28,33.96,33.97
1201,30903837,881.35,215.33,-720.21,-181.95,-98.17,132.38,34.02
1202,30907886,1064.45,-185.55,-1083.50,-181.34,-109.09,178.29,33.83
1203,30911945,1130.86,-121.09,-1130.86,-151.34,-47.26,65.67,33.78
1204,30915994,974.12,-651.86,-831.54,-100.43,-1.10,-15.12,34.12
1205,30921788,915.53,-705.08,-794.92,-43.72,2.80,-94.21,34.02
1206,30925837,1021.97,-544.43,-1034.67,18.41,20.91,-160.12,34.12
1207,30929886,983.89,-364.26,-1004.88,54.82,46.04,-176.65,33.97
1208,30933944,947.27,-231.93,-943.85,81.65,44.33,-148.17,34.02
1209,30939788,985.35,50.78,-934.57,102.01,30.67,-99.21,33.88
1210,30943837,782.71,400.39,-332.52,110.79,61.52,-116.04,33.68
1211,30947886,806.15,-34.67,-558.59,98.05,54.39,-129.39,33.88
1212,30951944,858.40,-9.28,-675.78,107.99,32.56,-148.84,34.21
1213,30955994,968.75,87.40,-729.98,125.61,30.49,-131.28,33.97
1214,30961788,1111.82,180.18,-782.71,154.51,32.74,-125.61,34.02
1215,30965837,923.34,51.27,-759.28,129.09,67.07,-187.56,33.64
1216,30969886,839.36,32.23,-848.63,163.23,63.48,-161.34,33.68
1217,30973944,908.20,160.16,-962.40,193.66,51.59,-145.73,34.16
1218,30977993,825.68,146.97,-883.79,186.40,66.10,-158.96,34.02
1219,30983788,835.94,212.40,-933.11,195.91,69.94,-156.89,33.97
1220,30987837,851.56,295.90,-980.47,207.74,70.43,-157.26,33.88
1221,30991886,788.09,324.22,-937.99,216.40,68.78,-154.33,33.97
1222,30995944,782.71,328.61,-947.75,222.20,66.83,-175.49,33.83
1223,30999994,827.15,416.99,-1011.23,234.27,75.30,-209.70,33.88
1224,31005788,804.20,498.54,-941.41,231.28,85.55,-241.46,33.83
1225,31009837,788.09,599.61,-864.26,224.88,83.54,-245.06,33.59
1226,31013886,-574.22,3154.30,-1048.83,206.71,75.98,-209.51,34.12
1227,31017945,-512.21,1675.29,-1469.24,51.83,-36.34,130.79,33.68
1228,31021994,187.50,829.59,-851.56,21.46,-52.87,-55.67,33.78
1229,31027788,207.03,959.96,-830.08,26.89,-39.94,-150.30,33.88
1230,31031837,686.04,418.95,-817.87,33.41,-63.54,-240.12,33.83
1231,31035886,837.89,431.15,-861.82,57.07,-60.91,-293.41,34.02
1232,31039944,900.88,527.34,-849.61,75.30,-51.34,-322.44,34.12
1233,31043993,889.16,601.07,-722.17,63.96,-46.04,-339.21,33.88
1234,31049788,927.25,656.74,-689.45,46.40,-54.33,-315.61,33.83
1235,31053837,977.05,736.33,-679.20,13.48,-60.79,-268.66,34.02
1236,31057886,988.77,750.00,-678.71,-16.65,-67.01,-228.11,34.12
1237,31061944,1050.29,742.68,-765.14,-54.27,-77.13,-162.13,33.97
1238,31065993,1105.96,686.04,-850.10,-95.24,-78.11,-105.49,33.83
1239,31071788,1089.84,579.10,-880.37,-114.09,-71.65,-49.45,33.78
1240,31075837,1085.94,430.66,-910.64,-124.21,-53.05,-32.07,34.21
1241,31079886,1038.09,346.19,-846.19,-119.88,-38.05,-34.70,33.83
1242,31083945,985.35,288.09,-770.51,-112.26,-17.99,-37.74,33.97
1243,31087994,917.97,204.10,-657.23,-100.55,-11.95,-33.60,34.12
1244,31093788,925.29,138.18,-661.62,-91.95,-9.27,-42.44,34.02
1245,31097837,894.53,44.92,-659.18,-71.83,2.38,-52.38,33.78
1246,31101886,858.40,-19.04,-674.80,-53.90,15.24,-65.06,34.02
1247,31105944,836.43,-23.93,-673.34,-25.91,28.90,-79.57,33.97
1248,31109993,767.58,-35.16,-655.76,4.57,52.26,-84.02,33.97
1249,31115788,694.34,-41.99,-608.40,27.87,58.66,-105.37,33.59
1250,31119837,716.31,5.37,-611.33,46.16,56.83,-116.59,34.02
1251,31123886,-195.80,540.04,-1376.95,56.28,69.88,-118.54,33.97
1252,31127945,-126.95,430.66,-996.58,63.84,43.72,-124.76,34.02
1253,31131994,-373.54,780.27,-594.24,37.93,-10.91,-55.43,33.97
1254,31137788,199.71,88.87,-1294.92,20.49,-18.96,-91.46,34.12
1255,31141837,49.80,269.53,-656.74,55.18,-45.98,-105.12,34.02
1256,31145886,503.91,159.18,-759.28,46.40,-58.66,-79.51,34.02
1257,31149944,661.62,100.59,-789.06,62.20,-58.78,-31.40,33.88
1258,31155788,807.62,33.20,-743.16,55.43,-32.68,-26.28,33.88
1259,31159837,873.54,34.67,-833.98,84.57,-18.35,10.37,34.02
1260,31163886,743.65,-11.72,-683.11,94.09,7.68,0.91,33.88
1261,31167944,377.93,-146.00,-528.81,98.78,28.29,-22.26,33.88
1262,31171993,452.64,-5.37,-445.80,138.60,-6.28,-12.68,33.88
1263,31177788,717.29,47.85,-575.20,110.98,18.05,-0.98,34.12
1264,31181837,535.16,-37.60,-415.53,115.67,45.06,35.43,33.88
1265,31185886,535.16,20.02,-451.17,156.22,41.65,109.51,34.21
1266,31189944,554.20,105.96,-536.62,126.04,31.40,132.93,33.97
1267,31193993,552.73,13.18,-609.38,107.38,60.30,164.02,34.02
1268,31199788,358.89,-161.62,-410.16,126.59,52.68,147.74,33.83
1269,31203837,496.58,-38.09,-703.12,130.98,22.87,47.62,33.88
1270,31207886,623.54,34.18,-808.59,156.65,47.38,21.40,34.02
1271,31211944,609.86,68.36,-797.36,176.71,59.33,41.40,34.02
1272,31215993,475.59,1703.12,-3013.67,324.27,158.41,80.85,34.02
1273,31221788,-1401.37,3864.26,-447.75,256.40,65.55,99.70,33.78
1274,31225837,-1623.54,1648.93,129.88,38.48,35.37,-60.91,33.68
1275,31229886,-829.59,908.69,70.31,2.44,-48.17,-113.66,34.16
1276,31233944,-453.61,292.97,482.42,-48.23,-171.22,-41.04,33.97
1277,31237993,1853.52,-114.75,190.43,-72.93,-191.34,377.68,33.68
1278,31243788,1188.48,-655.76,-175.78,-66.95,-55.06,142.26,33.78
1279,31247837,783.69,-641.60,508.79,3.72,-12.38,-47.13,33.88
1280,31251886,892.58,-441.89,404.30,23.41,-11.52,-70.98,33.88
1281,31255944,1228.03,37.11,-663.57,-0.55,20.18,-101.71,34.02
1282,31259993,330.08,-185.55,-800.29,-18.35,166.40,44.88,33.88
1283,31265788,261.23,-260.74,-548.83,22.44,100.43,216.71,34.02
1284,31269837,238.28,-460.45,-530.76,3.35,97.07,191.28,34.12
1285,31273886,-22.95,-432.62,-289.06,20.98,101.77,218.72,33.97
1286,31277944,-48.34,-506.35,-208.50,24.51,59.63,256.04,33.97
1287,31281993,205.08,-396.97,-350.59,50.12,60.73,202.87,33.88
1288,31287788,219.24,-455.08,-70.31,69.27,79.33,152.62,33.78
1289,31291837,330.08,-488.77,15.14,123.78,63.84,100.79,34.02
1290,31295886,535.64,271.00,-323.24,142.80,70.49,57.44,34.16
1291,31299944,264.16,682.13,-336.91,165.18,111.22,-5.55,33.97
1292,31303993,128.42,1049.80,87.40,101.65,85.30,66.71,34.16
1293,31309788,-53.71,730.47,50.78,44.70,31.28,189.27,34.02
1294,31313837,310.55,124.02,-276.86,31.77,19.82,199.02,34.21
1295,31317886,385.25,-175.29,-158.69,36.04,39.63,128.78,33.88
1296,31321944,389.16,-110.35,-40.53,42.93,48.48,81.46,34.02
1297,31325993,404.79,-86.91,-180.18,58.78,68.11,74.15,33.88
1298,31331788,303.71,-84.96,-58.59,35.85,60.61,73.48,33.88
1299,31335837,233.40,-70.80,-92.29,66.10,85.18,73.72,34.02
1300,31339886,177.73,54.20,8.30,56.77,66.59,71.65,33.88
1301,31343944,237.30,76.17,-87.89,19.51,65.30,58.60,33.88
1302,31347993,215.82,-34.18,-103.03,17.01,46.95,72.74,33.83
1303,31353788,320.80,15.14,-138.67,16.46,44.88,58.35,34.12
1304,31357837,245.61,-9.28,11.23,18.78,39.45,61.52,34.16
1305,31361886,591.80,75.68,-250.98,36.52,35.18,35.37,33.88
1306,31365944,549.80,-35.64,-240.72,15.98,72.20,8.90,34.02
1307,31371788,337.40,-90.33,-223.63,-10.12,93.11,13.60,34.02
1308,31375837,-64.45,-291.02,-47.85,-119.51,72.07,57.13,34.21
1309,31379886,-21.48,-255.37,-335.94,-88.72,24.76,133.48,33.97
1310,31383944,116.21,-57.62,-421.39,-60.06,10.91,172.87,33.64
1311,31387993,148.93,64.94,-315.43,-52.87,10.00,144.21,33.97
1312,31392043,276.86,-18.07,-305.66,-37.38,13.35,107.56,34.12
1313,31397788,369.14,-209.96,-216.31,-11.04,8.60,84.88,33.78
1314,31401837,542.97,-222.17,-251.95,-26.77,36.16,54.27,34.02
1315,31405886,257.32,-353.52,-400.88,-12.32,55.55,51.10,33.83
1316,31409944,53.71,-504.88,-405.76,13.54,36.40,73.48,34.02
1317,31415788,123.05,-243.16,-476.07,27.74,27.56,77.93,33.88
1318,31419837,193.85,-273.93,-552.25,28.78,3.41,86.89,33.78
1319,31423886,280.76,-162.60,-374.51,29.82,-6.83,94.27,34.12
1320,31427944,317.87,-191.41,-423.83,25.24,-12.44,97.13,33.88
1321,31431993,311.04,-178.22,-448.24,23.11,-18.60,106.71,33.88
1322,31437788,332.03,-144.53,-437.50,32.74,-26.34,111.28,33.64
1323,31441837,366.21,-193.36,-345.70,35.61,-27.99,106.89,33.83
1324,31445886,401.86,-196.78,-340.82,36.46,-26.10,104.27,34.02
1325,31449944,426.76,-205.57,-343.75,44.39,-22.07,97.62,34.02
1326,31453993,435.06,-232.42,-376.46,62.62,-14.27,91.95,33.88
1327,31459788,488.28,-220.70,-290.53,51.59,-15.49,85.06,33.83
1328,31463837,497.56,-229.00,-283.20,53.84,-10.00,84.15,33.88
1329,31467886,557.13,-259.28,-347.17,60.55,-8.17,84.88,34.02
1330,31471944,511.72,-220.70,-252.44,60.43,-9.45,82.56,33.88
1331,31475993,565.92,-277.34,-312.99,58.41,-4.33,82.68,34.16
1332,31481788,529.30,-260.25,-302.25,53.54,0.30,80.37,34.12
1333,31485837,505.37,-280.76,-334.96,45.67,11.46,74.57,34.02
1334,31489886,495.12,-267.58,-351.56,45.06,12.99,68.41,33.88
1335,31493944,507.32,-295.90,-341.80,45.79,18.72,64.94,34.02
1336,31497993,491.70,-317.38,-354.00,45.55,22.13,57.80,33.88
1337,31503788,502.44,-340.33,-377.44,48.41,28.29,50.49,34.02
1338,31507837,491.70,-339.36,-406.74,49.09,33.23,39.21,34.21
1339,31511886,496.09,-330.08,-416.99,45.30,35.55,34.57,34.12
1340,31515944,494.63,-340.33,-435.55,40.43,38.48,31.16,34.12
1341,31519993,506.84,-318.36,-422.36,34.02,37.20,32.44,34.12
1342,31525788,540.53,-346.68,-424.80,27.56,36.83,36.40,34.02
1343,31529837,588.87,-396.00,-454.10,26.34,37.99,45.49,33.97
1344,31533886,605.96,-373.54,-385.25,27.93,38.48,50.79,33.88
1345,31537944,596.19,-376.95,-426.76,28.11,36.65,57.20,34.12
1346,31541993,604.00,-382.32,-406.25,28.78,34.39,66.16,34.02
1347,31547788,591.31,-377.44,-371.58,30.00,33.48,72.56,33.97
1348,31551837,567.87,-391.60,-340.82,31.77,34.15,76.71,34.21
1349,31555886,581.54,-419.92,-337.89,34.33,34.76,79.88,33.78
1350,31559944,600.59,-461.43,-354.00,36.46,31.89,87.93,34.16
1351,31563993,594.73,-463.87,-354.49,39.76,31.95,95.18,34.16
1352,31569788,602.54,-520.51,-501.95,46.52,29.76,103.29,33.97
1353,31573837,330.57,-334.47,90.33,22.93,15.98,90.85,33.88
1354,31577886,650.39,-477.54,-238.77,7.38,27.68,85.49,33.83
1355,31581944,587.40,-466.80,-351.56,4.57,35.91,88.48,34.02
1356,31585993,628.91,-442.38,-344.24,0.67,37.44,95.67,33.97
1357,31591788,619.63,-423.34,-385.74,-1.04,38.84,102.13,34.12
1358,31595837,636.23,-534.18,-405.76,-5.79,33.48,102.44,33.83
1359,31599886,607.91,-465.33,-451.17,-9.63,32.13,106.77,33.83
1360,31603944,605.96,-498.54,-462.89,-10.98,29.51,111.40,34.12
1361,31609788,607.42,-500.49,-450.68,-12.87,24.76,112.50,33.97
1362,31613837,687.99,-505.86,-375.98,-23.66,28.66,140.12,33.97
1363,31617886,431.15,-488.77,-555.18,-20.12,22.32,132.32,33.97
1364,31621944,573.24,-440.92,-471.68,-15.73,14.51,119.51,34.02
1365,31625993,608.40,-532.71,-423.83,-7.50,23.54,120.37,34.16
1366,31631788,649.90,-550.29,-378.91,-3.54,21.16,119.15,34.21
1367,31635837,611.33,-545.41,-369.63,0.55,23.78,128.96,34.02
1368,31639886,571.78,-549.80,-393.07,-1.71,22.50,132.56,34.02
1369,31643944,555.66,-576.17,-349.61,1.22,23.17,132.01,34.12
1370,31647993,583.50,-572.75,-386.23,4.70,21.40,131.95,34.16
1371,31653788,554.69,-562.99,-364.26,10.24,23.17,129.33,33.78
1372,31657837,577.64,-621.58,-336.43,12.01,28.23,120.61,33.83
1373,31661886,603.52,-546.39,-417.48,16.28,34.70,110.73,34.02
1374,31665944,509.28,-567.87,-368.65,16.04,47.56,89.15,33.97
1375,31669993,495.61,-576.66,-497.07,6.71,43.90,76.83,33.88
1376,31675788,478.03,-614.26,-550.78,-2.87,41.34,68.29,33.78
1377,31679837,666.02,-669.43,-566.41,-3.48,38.90,68.84,33.68
1378,31683886,709.96,-727.54,-515.14,-3.17,34.63,79.15,34.21
1379,31687944,655.76,-725.59,-486.33,-4.57,34.94,82.20,33.83
1380,31691993,613.28,-690.92,-508.79,-1.59,34.21,87.32,33.83
1381,31697788,664.55,-624.02,-455.08,1.83,32.80,80.18,33.78
1382,31701837,591.31,-550.78,-490.72,8.60,36.22,73.05,34.12
1383,31705886,648.93,-604.49,-452.15,10.91,32.38,67.74,33.97
1384,31709944,591.31,-608.89,-451.17,19.82,28.66,56.52,33.97
1385,31713993,609.38,-634.77,-452.64,24.57,29.57,43.35,33.78
1386,31719788,663.57,-688.48,-419.92,28.72,32.44,35.43,33.88
1387,31723837,720.21,-681.15,-419.92,30.55,36.65,29.09,34.12
1388,31727886,729.49,-685.06,-402.34,31.71,39.70,30.06,33.97
1389,31731944,747.56,-679.20,-405.27,30.85,39.15,33.23,34.02
1390,31735993,753.42,-695.31,-413.09,28.90,45.30,37.87,33.88
1391,31741788,771.00,-720.70,-486.33,26.59,57.50,37.74,33.97
1392,31745837,737.30,-732.42,-562.50,16.59,49.45,40.91,33.97
1393,31749886,725.59,-710.45,-538.09,11.28,42.93,47.26,34.16
1394,31753944,708.01,-710.45,-562.50,9.15,41.16,49.33,34.02
1395,31757993,705.08,-648.44,-624.02,11.22,38.23,40.18,34.12
1396,31763788,674.80,-656.74,-600.10,13.96,38.35,38.35,34.02
1397,31767837,758.30,-764.65,-494.63,14.27,34.33,36.95,33.78
1398,31771886,755.86,-770.51,-461.91,13.54,32.74,35.49,33.78
1399,31775945,725.10,-703.12,-465.33,15.12,30.37,39.21,34.02
1400,31779994,681.15,-691.41,-419.92,22.20,34.63,34.70,33.88
1401,31785788,717.77,-745.12,-424.32,31.83,37.68,28.29,34.12
1402,31789837,664.55,-674.80,-340.33,33.96,30.67,27.87,34.21
1403,31793886,627.93,-696.29,-348.63,32.07,29.76,19.39,33.88
1404,31797945,646.97,-750.98,-371.58,35.24,34.70,9.94,34.12
1405,31801994,687.50,-765.62,-336.43,34.27,28.11,0.67,34.02
1406,31807788,714.84,-795.41,-359.37,34.45,36.89,-7.50,33.83
1407,31811837,800.29,-771.48,-338.38,34.51,34.82,-7.32,34.12
1408,31815886,787.60,-778.81,-420.90,32.87,37.62,-7.50,34.02
1409,31819945,1009.77,-1034.18,-464.36,39.21,44.57,-1.59,33.78
1410,31825788,910.16,-856.93,-519.04,39.51,41.95,22.93,33.88
1411,31829837,1058.59,-930.66,-630.86,50.98,41.71,45.43,34.02
1412,31833886,755.37,-842.29,-482.42,55.55,36.59,57.20,33.83
1413,31837944,770.51,-732.42,-616.21,65.00,39.02,56.28,33.59
1414,31841993,844.24,-779.30,-590.82,89.15,41.89,52.44,33.88
1415,31847788,751.95,-842.77,-433.11,103.90,38.60,61.77,34.02
1416,31851837,739.26,-830.08,-490.72,118.17,37.26,53.35,33.64
1417,31855886,745.61,-840.33,-382.81,126.65,35.06,44.63,33.97
1418,31859944,686.04,-814.94,-306.64,131.77,34.70,43.96,34.21
1419,31863993,1091.31,-793.95,-225.59,129.94,27.38,62.87,33.88
1420,31869788,579.59,-838.38,-213.87,122.93,17.07,83.11,33.88
1421,31873837,501.95,-795.41,-258.30,122.13,23.05,41.10,33.68
1422,31877886,625.98,-894.04,-231.45,129.02,25.79,26.16,34.02
1423,31881944,685.06,-899.41,-200.68,129.27,21.46,23.17,33.97
1424,31885994,655.27,-950.68,-164.55,126.95,22.62,25.37,33.97
1425,31891788,699.22,-889.65,-175.78,116.65,23.48,27.20,33.68
1426,31895837,708.98,-954.59,-237.30,98.23,26.10,34.82,33.59
1427,31899886,705.08,-996.09,-270.02,85.91,22.01,35.61,34.02
1428,31903945,655.27,-981.45,-269.53,69.39,16.46,35.30,33.97
1429,31907994,767.58,-992.68,-366.21,61.46,19.33,31.34,33.97
1430,31913788,855.47,-1012.70,-394.04,59.39,17.07,41.28,33.83
1431,31917837,826.66,-1007.81,-398.44,62.38,17.93,54.15,33.68
1432,31921886,783.20,-1002.93,-333.98,63.41,19.27,52.80,33.78
1433,31925944,797.36,-966.31,-308.11,59.63,22.80,43.41,34.21
1434,31929994,806.64,-976.56,-249.51,52.26,23.05,38.17,33.97
1435,31935788,794.43,-916.99,-291.50,45.61,23.54,35.18,34.16
1436,31939837,740.72,-916.50,-304.20,43.78,24.27,27.62,33.83
1437,31943886,755.86,-858.40,-292.48,45.49,23.78,22.20,33.83
1438,31947944,712.89,-877.93,-287.11,49.15,34.45,17.26,34.16
1439,31951993,745.61,-931.15,-185.06,43.11,29.21,7.13,33.78
1440,31957788,737.79,-875.49,-174.32,34.70,28.11,1.40,33.88
1441,31961837,714.36,-944.34,-193.36,30.98,28.60,-3.48,33.97
1442,31965886,708.98,-987.79,-192.87,30.24,29.15,-9.94,33.97
1443,31969944,720.21,-1018.07,-197.27,31.77,31.04,-17.68,34.21
1444,31973993,779.79,-1066.41,-175.29,32.38,28.60,-20.61,33.97
1445,31979788,865.23,-1043.95,-204.59,32.13,28.23,-10.43,33.97
1446,31983837,791.99,-1075.68,-226.07,32.38,27.32,0.43,34.02
1447,31987886,750.00,-1065.43,-247.56,31.28,26.22,2.44,33.68
1448,31991944,760.25,-1089.36,-263.18,31.59,26.04,3.96,34.02
1449,31995993,780.76,-1090.82,-273.44,31.59,24.82,6.83,34.12
1450,32001788,799.80,-1075.20,-253.42,29.21,22.26,12.87,34.12
1451,32005837,785.16,-1049.80,-270.02,25.00,16.16,22.99,33.88
1452,32009886,766.60,-1017.09,-253.91,23.84,14.02,28.66,33.64
1453,32013944,742.19,-1036.62,-265.62,27.93,17.20,32.74,34.12
1454,32017993,761.72,-1022.95,-233.89,27.93,14.15,32.56,33.97
1455,32023788,746.09,-1004.88,-197.75,23.96,14.63,32.32,34.12
1456,32027837,749.02,-943.85,-192.38,15.30,12.87,34.02,33.83
1457,32031886,473.14,-646.97,188.48,4.70,12.07,34.57,33.68
1458,32035944,873.54,-995.12,-183.11,-33.84,7.07,23.84,33.83
1459,32041788,703.12,-914.55,-321.78,-27.74,6.71,29.45,34.12
1460,32045837,731.45,-886.72,-223.14,-17.50,20.43,13.84,33.97
1461,32049886,802.25,-951.66,-216.80,-19.21,18.17,11.22,34.02
1462,32053944,790.04,-977.05,-211.43,-21.77,18.66,6.04,33.88
1463,32057993,777.83,-972.17,-250.49,-16.95,24.33,-5.73,34.02
1464,32062043,813.96,-910.16,-225.59,-10.61,28.48,-17.20,34.12
1465,32067788,833.50,-1067.38,-228.52,-1.22,38.11,-32.13,33.88
1466,32071837,839.36,-918.95,-196.29,7.20,44.51,-34.02,34.31
1467,32075886,917.97,-1003.91,-251.46,15.85,44.82,-32.07,33.83
1468,32079944,856.45,-942.38,-194.82,18.29,45.55,-30.37,33.88
1469,32085788,921.39,-919.43,-228.03,26.77,44.57,-24.88,33.88
1470,32089837,958.01,-1064.94,-247.56,33.96,46.77,-11.95,33.78
1471,32093886,810.06,-915.04,-125.98,27.74,39.02,-4.63,33.88
1472,32097944,739.75,-818.36,-130.86,20.79,36.71,-6.65,34.02
1473,32101993,762.21,-972.17,-294.43,17.13,33.35,-6.46,34.16
1474,32107788,627.44,-912.60,-270.02,25.12,31.16,-13.41,33.88
1475,32111837,731.93,-883.79,-252.93,29.82,29.39,-22.32,33.64
1476,32115886,812.99,-795.41,-139.65,24.51,25.49,-12.13,34.12
1477,32119944,869.63,-788.57,-93.26,12.99,17.87,6.46,34.02
1478,32123993,767.58,-802.73,-144.53,-1.28,8.35,34.21,33.88
1479,32129788,633.79,-738.28,-307.62,-18.23,-0.79,27.80,33.78
1480,32133837,748.54,-868.65,-313.48,-0.18,4.45,14.02,33.68
1481,32137886,763.18,-785.64,-242.19,5.30,2.62,17.50,33.88
1482,32141944,741.21,-718.26,-192.38,11.52,9.70,11.89,33.83
1483,32145993,795.41,-722.66,-162.60,9.45,9.02,8.54,33.83
1484,32151788,813.96,-757.32,-179.20,3.90,7.74,7.62,33.78
1485,32155837,853.03,-813.48,-195.31,-2.74,6.28,5.67,34.02
1486,32159886,868.16,-790.04,-189.94,-4.88,7.87,4.94,34.12
1487,32163944,835.94,-763.67,-204.59,-5.61,14.51,-0.91,34.02
1488,32167993,832.52,-731.45,-214.84,-4.82,16.52,-14.39,33.83
1489,32173788,756.84,-574.22,-102.05,-11.65,19.76,-34.02,34.02
1490,32177837,906.25,-873.54,-329.59,-3.11,25.73,-57.44,34.02
1491,32181886,1088.87,-852.54,-263.67,6.22,36.22,-45.91,34.02
1492,32185944,1020.02,-762.70,-233.40,8.78,30.18,-14.15,34.02
1493,32189993,845.21,-724.12,-255.37,8.05,27.38,-1.10,33.88
1494,32195788,789.06,-737.30,-259.28,12.74,26.59,-5.30,34.02
1495,32199837,813.48,-711.91,-231.93,16.95,32.68,-10.24,34.12
1496,32203886,814.45,-680.18,-225.10,16.71,29.51,-8.72,33.64
1497,32207944,786.62,-647.95,-226.56,15.37,27.44,-4.21,34.02
1498,32211993,750.98,-635.74,-251.95,12.13,25.24,-0.30,34.12
1499,32217788,745.12,-635.25,-252.93,9.70,22.93,2.44,34.02
1500,32221837,730.96,-595.70,-243.65,8.90,22.68,2.07,33.88
1501,32225886,761.72,-559.08,-269.04,7.56,23.84,3.29,33.83
1502,32229945,728.52,-599.12,-253.42,7.87,23.96,2.56,34.02
1503,32233994,747.56,-591.31,-219.73,6.34,26.46,-0.12,34.02
1504,32239788,744.63,-586.91,-217.77,1.52,26.10,-2.93,34.02
1505,32243837,767.09,-589.84,-195.31,-4.27,23.90,-6.16,34.12
1506,32247886,799.80,-571.78,-208.01,-7.13,24.88,-8.84,33.83
1507,32251944,805.66,-565.92,-212.89,-10.67,24.76,-10.24,33.88
1508,32255993,820.80,-581.05,-218.26,-13.05,26.22,-10.85,34.02
1509,32261788,817.38,-600.10,-200.68,-16.04,26.04,-12.32,34.02
1510,32265837,831.05,-613.28,-207.52,-19.63,25.49,-14.70,33.97
1511,32269886,849.61,-622.56,-235.35,-17.99,26.89,-15.37,33.83
1512,32273944,833.50,-624.02,-239.75,-14.82,28.90,-17.20,33.97
1513,32279788,817.38,-617.19,-241.70,-12.68,30.18,-19.15,34.02
1514,32283837,834.47,-644.53,-237.30,-8.17,32.87,-18.60,34.02
1515,32287886,854.49,-664.55,-225.10,-3.29,34.45,-16.52,33.83
1516,32291944,864.26,-677.25,-203.61,1.46,33.60,-14.63,34.21
1517,32295993,843.26,-681.15,-194.82,7.20,36.34,-14.15,34.02
1518,32301788,830.08,-682.62,-188.48,8.41,36.83,-13.72,33.88
1519,32305837,875.00,-667.48,-172.85,5.67,32.50,-5.37,34.12
1520,32309886,853.52,-661.62,-175.78,3.41,30.00,4.02,34.02
1521,32313944,820.80,-650.88,-189.45,3.29,29.57,8.29,33.97
1522,32317994,844.73,-600.10,-222.66,4.70,30.06,13.35,33.97
1523,32323788,810.06,-683.59,-216.80,10.18,30.00,20.85,33.83
1524,32327837,793.46,-655.76,-182.62,9.02,27.56,20.24,34.02
1525,32331886,786.13,-655.76,-171.39,6.10,24.70,22.01,33.83
1526,32335944,785.64,-626.95,-185.06,2.74,23.29,20.79,34.21
1527,32339994,770.51,-639.65,-200.68,2.56,21.46,20.43,34.02
1528,32345788,772.46,-621.58,-207.52,3.60,21.10,17.07,33.83
1529,32349837,779.79,-636.23,-186.04,4.94,21.04,13.60,33.88
1530,32353886,791.02,-632.32,-144.53,3.23,20.18,8.35,34.02
1531,32357944,812.01,-612.79,-145.51,-0.79,20.06,3.78,34.02
1532,32361993,816.41,-612.79,-171.87,0.37,23.29,1.28,33.59
1533,32367788,827.64,-632.32,-166.50,2.50,21.22,-2.07,33.88
1534,32371837,794.92,-649.90,-141.11,3.05,18.72,-7.93,33.68
1535,32375886,795.90,-636.23,-142.58,4.45,17.20,-13.66,33.88
1536,32379944,818.36,-635.25,-145.02,6.59,17.38,-19.57,33.83
1537,32383993,905.76,-688.96,-129.88,10.24,18.72,-16.10,33.83
1538,32389788,830.08,-673.83,-123.05,13.54,21.04,-12.93,33.88
1539,32393837,862.30,-693.36,-88.38,13.23,11.95,-12.74,34.02
1540,32397886,848.14,-699.71,-91.80,15.61,18.84,-6.83,33.88
1541,32401944,877.44,-701.66,-75.20,13.35,16.52,-2.26,34.12
1542,32405993,880.37,-700.68,-72.75,11.89,15.98,6.40,33.88
1543,32411788,828.12,-709.96,-62.99,8.84,16.28,9.94,33.97
1544,32415837,867.68,-701.66,-86.43,8.54,15.98,11.40,34.02
1545,32419886,819.34,-731.45,-79.59,10.43,17.44,13.54,34.02
1546,32423944,820.31,-725.59,-86.91,12.38,17.68,15.49,34.16
1547,32427993,828.61,-692.87,-87.40,12.68,17.62,16.83,34.02
1548,32433788,785.64,-715.33,-104.00,13.54,19.09,15.98,33.88
1549,32437837,772.46,-717.29,-96.68,13.11,15.73,12.13,34.21
1550,32441886,755.86,-708.01,-91.80,12.01,14.27,7.44,33.88
1551,32445945,761.23,-709.96,-112.79,11.89,12.07,3.84,34.02
1552,32449994,764.65,-697.75,-141.60,17.07,12.56,4.02,33.83
1553,32455788,727.05,-713.38,-125.00,17.93,11.65,-2.93,34.16
1554,32459837,746.58,-692.38,-120.61,19.57,9.94,-7.13,33.97
1555,32463886,747.56,-720.21,-93.26,20.43,8.60,-10.37,33.97
1556,32467944,744.14,-723.63,-87.89,20.79,6.52,-17.01,34.02
1557,32471993,740.72,-729.00,-91.31,21.65,5.24,-25.30,33.88
1558,32477788,764.65,-689.94,-101.56,23.96,5.30,-30.00,34.12
1559,32481837,769.04,-705.57,-79.10,23.78,4.88,-30.61,34.02
1560,32485886,755.37,-728.03,-83.50,23.84,3.78,-32.13,33.68
1561,32489944,746.09,-728.03,-81.54,26.16,4.27,-36.22,34.02
1562,32495788,765.62,-708.50,-79.10,25.91,4.70,-41.59,33.88
1563,32499837,809.08,-692.38,-53.71,22.32,2.56,-37.13,34.02
1564,32503886,782.71,-720.70,-48.34,20.43,2.56,-35.91,34.02
1565,32507944,805.18,-745.61,-63.48,20.85,2.44,-35.18,33.68
1566,32511993,798.83,-747.56,-53.71,21.52,3.35,-32.56,33.83
1567,32516043,800.29,-747.07,-51.76,20.91,4.15,-29.63,33.88
1568,32521788,792.48,-743.16,-44.43,20.30,3.66,-27.32,34.02
1569,32525837,754.88,-804.69,-69.34,28.66,8.66,-39.51,34.02
1570,32529886,727.05,-743.16,-54.69,30.30,8.72,-42.32,34.16
1571,32533944,789.55,-742.68,-32.71,26.16,5.61,-43.72,33.88
1572,32539788,783.69,-764.16,-43.95,26.16,6.34,-40.00,33.68
1573,32543837,788.57,-726.07,-35.16,26.77,5.91,-37.56,33.88
1574,32547886,767.58,-720.70,-17.58,25.00,5.98,-34.39,33.88
1575,32551944,794.43,-712.40,-2.93,21.89,3.72,-31.77,33.97
1576,32555993,828.61,-702.64,-0.98,16.59,0.18,-25.24,34.21
1577,32561788,885.25,-651.37,14.65,11.10,-0.49,-3.35,33.64
1578,32565837,715.82,-672.36,24.90,6.65,1.34,7.87,33.68
1579,32569886,786.13,-712.40,-54.20,3.17,-0.24,2.56,34.02
1580,32573944,651.86,-705.08,-5.86,2.20,1.83,-4.02,33.97
1581,32577994,746.09,-706.54,-24.41,2.38,2.01,-12.13,33.83
1582,32583788,778.81,-708.98,-6.84,1.16,1.22,-12.56,33.78
1583,32587837,771.48,-708.01,-2.93,0.30,0.37,-11.52,33.97
1584,32591886,753.91,-711.43,-2.93,-0.06,0.06,-10.30,34.21
1585,32595944,759.28,-708.98,-15.14,-1.83,-1.52,-11.52,33.83
1586,32599993,790.04,-709.96,-39.06,-1.71,-1.89,-10.49,33.83
1587,32605788,721.19,-728.03,-28.81,-0.24,-1.34,-10.24,33.78
1588,32609837,788.57,-690.43,-4.39,-2.01,-8.11,-8.72,34.12
1589,32613886,746.09,-715.33,-37.11,-3.48,-7.68,-7.56,34.02
1590,32617944,751.46,-725.10,-41.50,-2.01,-6.10,-8.96,33.68
1591,32621993,735.84,-726.56,-37.60,-0.73,-4.15,-10.18,33.83
1592,32627788,763.67,-700.68,-28.81,-1.71,-5.55,-11.10,34.12
1593,32631837,772.46,-704.10,-4.88,-4.15,-6.71,-7.20,34.02
1594,32635886,766.60,-713.38,-11.23,-6.83,-10.18,-2.44,33.88
1595,32639945,749.02,-717.29,-20.51,-7.80,-7.44,-3.90,33.88
1596,32643994,766.60,-718.75,-19.53,-8.66,-6.40,-5.12,34.02
1597,32649788,776.86,-705.57,-2.93,-10.37,-6.04,-4.88,33.83
1598,32653837,787.11,-695.80,-5.37,-13.05,-5.91,-3.29,34.02
1599,32657886,785.16,-704.59,-14.65,-15.12,-5.98,-2.44,33.78
1600,32661945,784.18,-704.10,-21.00,-16.46,-6.22,-1.28,33.88
1601,32665994,774.90,-700.20,-29.79,-17.32,-5.24,-1.34,33.88
1602,32671788,781.25,-706.54,-32.71,-17.68,-2.50,-2.93,34.02
1603,32675837,783.69,-698.73,-28.81,-18.41,-0.67,-2.62,33.97
1604,32679886,779.79,-701.66,-44.92,-19.82,-0.79,-1.95,33.83
1605,32683945,768.55,-697.75,-54.20,-21.28,-1.95,-1.71,33.83
1606,32687994,780.27,-691.89,-73.73,-20.37,-2.93,-1.10,33.97
1607,32693788,780.76,-712.89,-58.59,-19.27,-2.93,-0.55,34.36
1608,32697837,787.60,-708.50,-56.15,-20.12,-3.84,-3.90,34.02
1609,32701886,784.18,-711.91,-65.43,-19.57,-3.11,-6.77,33.88
1610,32705945,787.60,-710.94,-73.73,-19.39,-2.56,-10.98,34.02
1611,32709994,786.62,-709.96,-80.57,-18.17,-2.01,-14.88,33.83
1612,32715788,797.36,-713.38,-74.71,-17.74,-1.83,-17.07,33.97
1613,32719837,812.01,-713.38,-66.41,-17.74,-2.01,-19.39,33.97
1614,32723886,818.85,-715.82,-54.69,-19.02,-1.52,-20.24,34.02
1615,32727944,828.61,-714.84,-54.20,-20.79,-0.79,-21.71,33.88
1616,32733788,834.96,-723.14,-58.11,-22.26,0.49,-23.54,33.88
1617,32737837,850.10,-732.42,-55.66,-23.48,2.74,-26.34,34.21
1618,32741886,912.11,-667.97,11.23,-27.80,11.52,-20.37,34.21
1619,32745944,801.76,-766.11,-89.84,-31.40,8.41,-27.62,33.78
1620,32749993,822.75,-762.70,-93.75,-29.15,7.56,-33.54,34.12
1621,32755788,875.00,-665.04,-124.51,-24.82,5.73,-31.83,33.83
1622,32759837,803.22,-795.41,-39.55,-23.05,7.93,-26.77,33.83
1623,32763886,861.33,-696.78,-32.71,-29.76,6.46,-39.57,33.78
1624,32767944,903.81,-776.86,-105.96,-25.85,8.66,-30.91,33.97
1625,32771994,838.38,-785.64,-78.12,-25.55,10.85,-34.70,34.02
1626,32777788,883.30,-752.44,-69.82,-26.52,11.22,-38.35,33.68
1627,32781837,884.77,-714.36,-83.98,-29.94,10.79,-50.61,33.78
1628,32785886,890.14,-752.93,-75.68,-31.28,10.91,-55.18,33.97
1629,32789944,1015.62,-747.56,-146.48,-29.33,12.38,-50.43,33.83
1630,32793993,750.00,-861.33,-85.94,-22.74,17.07,-39.88,34.21
1631,32799788,943.36,-678.22,-82.52,-29.51,10.73,-63.66,33.88
1632,32803837,888.67,-810.06,-113.28,-26.40,13.05,-52.93,33.83
1633,32807886,971.68,-746.58,-152.83,-26.04,13.60,-54.45,33.88
1634,32811944,884.28,-785.64,-126.95,-23.48,14.33,-53.78,33.88
1635,32815993,945.31,-766.11,-117.19,-25.85,12.26,-59.76,33.83
1636,32821788,943.36,-765.62,-104.98,-28.35,12.07,-65.00,33.78
1637,32825837,978.52,-778.81,-126.46,-29.70,11.83,-68.41,33.88
1638,32829886,980.96,-780.27,-131.35,-30.73,11.40,-73.17,33.88
1639,32833944,964.84,-790.04,-118.65,-31.16,11.04,-77.93,33.97
1640,32837993,978.03,-796.87,-125.49,-31.28,11.22,-81.77,33.83
1641,32843788,1003.42,-802.25,-144.04,-29.57,11.52,-83.54,34.02
1642,32847837,991.21,-797.85,-129.88,-28.84,10.91,-90.91,34.02
1643,32851886,1141.11,-750.98,-6.84,-27.07,2.56,-85.43,33.78
1644,32855944,838.87,-854.98,15.14,-38.60,-2.44,-80.37,33.88
1645,32859993,970.21,-756.84,-76.17,-49.02,-8.29,-91.40,34.12
1646,32865788,1009.77,-750.98,-108.89,-53.48,-12.32,-90.18,33.97
1647,32869837,978.52,-799.80,-159.18,-54.51,-9.02,-93.41,33.88
1648,32873886,979.49,-788.09,-166.99,-50.18,-5.79,-99.63,34.02
1649,32877945,1004.88,-783.69,-129.39,-45.55,-2.93,-107.87,33.78
1650,32881994,1016.11,-786.62,-125.49,-45.55,-3.84,-111.95,33.88
1651,32887788,1028.32,-785.64,-106.93,-45.30,-5.30,-113.78,33.88
1652,32891837,1065.43,-738.28,-100.10,-47.62,-6.65,-114.02,34.16
1653,32895886,1062.50,-751.46,-89.36,-51.34,-8.48,-111.71,33.83
1654,32899945,1068.85,-743.16,-77.15,-54.09,-12.74,-109.70,33.83
1655,32903994,1099.61,-731.93,-140.62,-61.10,-16.83,-101.22,34.02
1656,32909788,1012.70,-738.28,-106.45,-60.37,-12.56,-105.49,34.12
1657,32913837,1092.77,-716.80,-66.41,-66.34,-19.15,-99.33,34.02
1658,32917886,1058.11,-721.68,-53.22,-68.11,-17.99,-95.98,33.83
1659,32921944,1067.87,-703.61,-96.68,-74.02,-23.66,-90.91,34.12
1660,32925993,1019.53,-709.47,-113.77,-73.78,-21.83,-93.41,33.88
1661,32931788,1040.04,-687.01,-83.98,-76.34,-24.21,-93.17,34.21
1662,32935837,1004.39,-705.08,-128.42,-72.80,-20.85,-97.99,34.12
1663,32939886,1034.67,-694.34,-70.80,-73.90,-24.88,-97.68,33.88
1664,32943944,1011.72,-720.70,-59.08,-79.09,-31.71,-96.83,33.97
1665,32949788,1022.95,-614.75,-148.44,-78.72,-31.59,-98.35,34.02
1666,32953837,1028.32,-667.97,-143.55,-73.17,-28.23,-91.28,34.02
1667,32957886,993.65,-642.09,-112.79,-72.38,-29.02,-90.79,33.97
1668,32961944,1010.74,-588.87,-94.73,-74.33,-32.07,-92.99,33.88
1669,32965993,996.09,-598.14,-96.68,-76.77,-32.56,-93.72,34.12
1670,32971788,991.70,-585.45,-112.30,-78.78,-32.80,-95.85,33.97
1671,32975837,1015.62,-557.62,-135.74,-77.74,-33.96,-95.43,33.88
1672,32979886,1014.65,-550.29,-105.96,-77.07,-34.33,-94.39,33.97
1673,32983944,989.75,-542.48,-84.47,-77.68,-34.27,-94.33,33.88
1674,32987993,1003.42,-527.34,-78.12,-78.41,-34.02,-95.24,34.02
1675,32993788,995.61,-515.62,-75.20,-79.45,-33.23,-95.73,34.21
1676,32997837,956.54,-497.56,-47.36,-82.68,-32.26,-104.63,33.59
1677,33001886,947.75,-514.65,-17.09,-87.13,-31.71,-115.12,33.88
1678,33005944,1002.93,-453.12,-97.66,-85.06,-34.88,-118.05,33.97
1679,33009993,1009.77,-449.71,-137.21,-80.18,-34.45,-119.27,34.02
1680,33015788,1033.69,-424.80,-109.86,-80.61,-33.66,-112.56,33.88
1681,33019837,1000.98,-432.13,-108.40,-82.68,-34.27,-107.56,33.88
1682,33023886,998.54,-436.52,-130.86,-82.50,-37.38,-108.29,33.68
1683,33027944,978.52,-424.80,-159.18,-80.91,-39.57,-109.21,33.88
1684,33031993,977.54,-406.25,-173.83,-77.50,-40.67,-107.20,33.83
1685,33037788,976.56,-389.65,-166.50,-74.94,-42.68,-104.57,33.83
1686,33041837,964.36,-349.12,-155.76,-76.52,-45.79,-101.46,33.88
1687,33045886,976.56,-311.52,-172.85,-77.26,-46.65,-101.10,34.02
1688,33049944,971.68,-313.96,-162.60,-77.93,-47.32,-100.37,34.02
1689,33053993,985.84,-326.66,-117.68,-82.26,-47.80,-103.17,33.64
1690,33059788,986.82,-252.44,-118.16,-85.49,-46.46,-109.21,34.02
1691,33063837,1000.98,-250.98,-149.41,-84.63,-45.91,-112.68,33.88
1692,33067886,992.19,-217.77,-181.64,-83.35,-45.24,-122.68,34.21
1693,33071944,1020.02,-194.34,-160.16,-79.70,-43.60,-124.76,34.12
1694,33075993,972.17,-222.17,-112.30,-78.96,-46.95,-141.71,33.78
1695,33081788,1099.12,-63.96,-197.75,-77.87,-39.51,-132.99,34.16
1696,33085837,1084.47,-29.79,-167.97,-79.70,-35.79,-125.49,34.02
1697,33089886,1026.37,-98.14,-196.78,-78.96,-33.11,-120.12,34.21
1698,33093944,1030.27,-131.84,-195.31,-76.89,-32.56,-124.15,33.88
1699,33097993,948.73,-185.55,-188.96,-72.87,-33.54,-138.96,33.83
1700,33103788,1086.91,49.80,-285.64,-67.80,-33.60,-149.27,33.88
1701,33107837,1033.69,-47.85,-221.19,-64.82,-29.76,-133.48,33.83
1702,33111886,1014.65,-52.73,-227.54,-64.33,-30.79,-132.07,34.12
1703,33115944,956.05,-117.68,-261.23,-59.94,-33.05,-137.20,33.83
1704,33119993,1010.74,-51.27,-291.99,-55.06,-37.87,-148.66,33.88
1705,33125788,1041.02,13.67,-299.80,-50.24,-37.62,-138.17,34.02
1706,33129837,1009.77,-25.39,-316.41,-48.29,-43.72,-133.66,34.02
1707,33133886,990.72,-1.95,-300.29,-46.95,-45.43,-128.05,33.83
1708,33137944,1063.96,56.64,-321.78,-45.30,-48.17,-119.21,34.12
1709,33141993,999.02,-9.77,-290.04,-42.32,-48.66,-109.70,34.02
1710,33147788,997.56,31.25,-223.14,-45.49,-53.35,-104.51,33.97
1711,33151837,970.70,-4.39,-203.12,-50.98,-60.67,-109.88,33.97
1712,33155886,1022.95,110.84,-239.75,-51.95,-60.43,-106.22,33.88
1713,33159944,975.10,113.77,-240.72,-52.80,-59.02,-102.26,33.88
1714,33165788,967.29,106.93,-214.36,-54.21,-58.96,-101.83,34.02
1715,33169837,967.29,159.67,-227.54,-52.87,-56.34,-97.62,34.02
1716,33173886,966.80,218.26,-208.01,-53.78,-54.09,-94.82,34.02
1717,33177944,972.17,239.75,-181.64,-55.24,-51.28,-92.93,33.88
1718,33181993,901.37,214.36,-183.59,-60.37,-50.37,-88.90,34.12
1719,33186043,877.44,261.72,-278.32,-63.66,-49.88,-97.38,34.21
1720,33191788,927.25,168.95,-277.34,-57.62,-44.94,-104.94,34.31
1721,33195837,877.44,132.81,-317.38,-52.20,-39.94,-107.13,34.21
1722,33199886,904.30,140.14,-313.48,-42.87,-37.50,-114.70,34.02
1723,33203944,913.57,174.32,-313.96,-36.52,-34.94,-118.78,34.36
1724,33209788,911.13,164.55,-320.80,-31.65,-33.48,-121.34,33.83
1725,33213837,902.34,141.60,-270.02,-27.26,-32.32,-122.62,33.68
1726,33217886,883.30,124.51,-340.33,-26.59,-33.66,-130.73,34.02
1727,33221944,891.60,120.61,-335.45,-20.79,-32.32,-136.65,34.21
1728,33225993,828.12,122.56,-297.36,-17.38,-30.67,-150.18,33.88
1729,33231788,845.21,217.77,-255.86,-13.90,-33.54,-162.87,33.97
1730,33235837,853.52,242.68,-297.85,-19.63,-37.62,-161.04,33.88
1731,33239886,882.81,232.42,-282.23,-16.52,-43.41,-159.15,34.16
1732,33243944,888.67,248.05,-290.04,-16.59,-44.63,-156.52,33.88
1733,33247993,888.18,237.79,-346.68,-10.79,-41.83,-162.38,33.88
1734,33253788,942.38,344.24,-227.05,-10.79,-46.16,-145.24,33.68
1735,33257837,1036.62,568.36,-306.15,-20.43,-53.41,-106.77,33.83
1736,33261886,932.13,498.54,-328.12,-24.94,-47.13,-82.32,34.12
1737,33265944,870.12,397.95,-348.63,-30.06,-43.41,-68.35,34.12
1738,33269993,734.86,320.80,-384.28,-30.43,-38.48,-77.01,33.83
1739,33275788,792.48,273.44,-347.17,-28.48,-39.39,-92.93,33.78
1740,33279837,899.90,373.54,-424.80,-22.62,-41.71,-102.68,34.16
1741,33283886,979.49,498.54,-393.07,-15.43,-36.65,-88.84,34.12
1742,33287944,928.22,559.57,-361.33,-16.34,-34.33,-59.45,34.12
1743,33291993,774.90,418.46,-389.65,-16.22,-34.21,-47.01,33.88
1744,33297788,766.11,529.79,-402.83,-16.95,-30.98,-51.59,33.83
1745,33301837,792.48,445.31,-443.85,-7.50,-29.88,-48.78,33.83
1746,33305886,842.29,476.07,-444.34,3.29,-28.84,-46.52,34.02
1747,33309944,808.11,534.18,-442.87,9.15,-27.56,-44.27,34.02
1748,33313993,770.02,607.42,-442.87,8.84,-25.43,-48.66,33.88
1749,33319788,734.37,594.73,-429.69,10.12,-24.70,-61.46,34.31
1750,33323837,818.85,631.35,-477.05,13.84,-24.63,-70.30,34.02
1751,33327886,854.49,650.39,-454.10,15.85,-22.50,-63.23,33.78
1752,33331944,825.68,671.39,-464.84,16.34,-19.33,-57.50,34.16
1753,33335993,796.39,671.87,-460.94,14.70,-19.27,-53.05,34.12
1754,33341788,737.79,641.60,-477.05,12.80,-22.50,-60.98,34.02
1755,33345837,790.04,657.23,-485.35,12.01,-23.29,-59.57,33.83
1756,33349886,796.87,652.34,-478.52,11.04,-24.63,-60.00,33.83
1757,33353944,784.18,633.79,-476.07,10.55,-26.65,-55.30,34.02
1758,33357993,797.36,635.25,-483.89,10.24,-28.17,-51.40,34.21
1759,33363788,807.13,598.14,-472.66,7.99,-24.51,-48.35,34.12
1760,33367837,813.48,629.39,-487.30,9.94,-26.16,-38.17,34.02
1761,33371886,801.27,646.00,-463.38,9.02,-26.83,-34.94,33.83
1762,33375944,824.22,709.96,-460.45,6.46,-27.68,-28.78,34.02
1763,33379993,811.52,685.06,-445.80,4.09,-27.07,-22.20,34.02
1764,33385788,846.68,709.96,-450.20,2.01,-28.54,-14.15,33.97
1765,33389837,821.78,718.26,-465.82,2.38,-27.01,-3.11,34.21
1766,33393886,760.74,733.40,-503.91,3.60,-24.09,-0.91,33.88
1767,33397944,768.55,749.02,-499.51,5.55,-21.46,-5.43,34.12
1768,33403788,758.30,716.31,-500.98,8.17,-15.98,-5.73,34.02
1769,33407837,787.60,672.36,-501.46,12.26,-8.23,-10.12,34.12
1770,33411886,799.32,661.62,-481.93,15.24,-4.15,-10.55,34.21
1771,33415944,811.52,627.44,-445.31,14.88,-1.34,-9.21,34.02
1772,33419993,848.14,635.25,-416.99,11.28,-0.43,-3.05,34.02
1773,33425788,864.26,593.75,-422.36,9.57,0.67,7.38,33.88
1774,33429837,817.87,533.69,-442.38,11.22,7.38,14.27,34.12
1775,33433886,799.80,518.55,-387.21,15.00,13.72,12.20,33.88
1776,33437944,757.81,503.91,-373.54,14.09,13.84,12.74,34.02
1777,33441993,756.35,440.43,-405.76,14.39,11.52,7.68,34.02
1778,33447788,796.39,450.68,-416.02,17.50,9.76,7.07,33.59
1779,33451837,837.89,466.80,-430.66,26.95,12.56,22.20,33.88
1780,33455886,729.49,561.52,-456.54,31.95,13.41,38.11,34.02
1781,33459944,770.51,615.23,-561.04,41.59,10.79,47.01,34.12
1782,33463993,731.93,649.41,-458.98,40.85,9.15,50.85,33.97
1783,33469788,747.56,761.23,-426.27,30.73,11.40,49.09,33.97
1784,33473837,701.17,714.84,-444.34,24.88,11.89,52.50,33.64
1785,33477886,742.68,681.64,-534.67,27.01,7.07,49.33,33.83
1786,33481944,824.22,634.28,-602.05,43.90,9.39,64.21,34.02
1787,33485993,767.58,561.04,-543.46,56.04,7.01,85.91,33.83
1788,33491788,627.44,562.99,-538.57,72.20,2.26,98.35,33.88
1789,33495837,709.47,687.99,-542.48,85.30,0.43,77.62,33.88
1790,33499886,526.86,690.43,-459.47,87.68,2.44,63.90,34.02
1791,33503944,591.31,583.50,-533.69,96.46,-11.04,79.82,34.12
1792,33507993,564.45,344.73,-444.82,97.26,-6.65,29.94,33.88
1793,33513788,456.54,228.52,-366.21,98.54,2.07,-47.01,34.02
1794,33517837,616.70,355.47,-340.33,106.71,-5.67,-86.46,34.12
1795,33521886,979.49,578.61,-356.93,104.33,-31.71,-64.45,34.12
1796,33525944,1047.36,451.66,-389.16,104.21,-3.17,-49.33,33.97
1797,33529993,1104.00,534.18,-199.71,97.80,25.85,-48.35,34.02
1798,33535788,983.40,569.82,-218.26,72.56,43.29,-22.99,34.02
1799,33539837,825.68,446.29,-239.26,49.21,41.95,40.18,33.97
1800,33543886,720.70,305.66,-205.57,35.24,37.74,69.15,34.02
1801,33547944,642.09,204.10,-275.88,21.83,35.61,84.51,34.31
1802,33551993,626.46,94.73,-350.59,21.40,33.60,90.98,33.88
1803,33557788,641.60,65.92,-406.25,31.52,35.24,91.52,34.02
1804,33561837,626.46,100.59,-464.84,46.28,44.39,85.91,34.21
1805,33565886,615.23,191.89,-515.14,54.27,50.43,79.21,33.97
1806,33569944,553.22,172.36,-440.92,57.32,61.22,60.37,34.12
1807,33573993,529.30,271.97,-535.64,85.61,56.28,70.30,34.16
1808,33579788,545.41,353.03,-344.24,87.50,46.04,80.73,34.02
1809,33583837,426.27,412.11,-549.32,86.46,45.91,59.70,34.12
1810,33587886,443.85,425.29,-482.42,97.87,41.65,51.83,33.83
1811,33591944,380.37,461.91,-409.18,96.71,42.44,44.33,34.02
1812,33595993,125.98,213.38,-151.86,131.71,49.88,80.79,34.21
1813,33601788,236.33,436.52,-752.93,123.48,23.84,2.62,34.02
1814,33605837,334.47,548.34,-540.53,117.26,27.87,-34.45,34.21
1815,33609886,322.75,423.83,-293.46,117.62,21.22,4.09,33.64
1816,33613944,262.70,165.04,-254.39,90.61,34.02,-57.99,34.02
1817,33619788,148.44,80.08,-355.47,96.65,23.54,-61.46,33.88
1818,33623837,232.42,102.54,-257.81,105.61,0.91,-51.65,33.97
1819,33627886,360.35,13.18,19.04,102.13,-10.79,-58.35,34.21
1820,33631944,523.44,-44.92,13.67,97.87,-14.51,-64.02,34.02
1821,33635993,646.48,-56.64,-34.67,88.05,-3.66,-72.01,33.88
1822,33641788,788.09,0.00,-27.34,79.33,15.12,-49.57,33.88
1823,33645837,765.62,-60.55,12.70,67.38,39.63,4.09,34.12
1824,33649886,695.31,-120.61,-13.67,58.90,49.76,49.57,34.16
1825,33653944,595.21,-175.29,13.18,51.10,57.50,75.73,33.97
1826,33657993,468.26,-207.03,74.71,39.02,63.41,92.26,34.02
1827,33663788,361.82,-212.40,6.84,31.95,60.73,99.76,33.97
1828,33667837,374.02,-152.83,-184.08,37.32,57.74,112.68,33.88
1829,33671886,393.55,-91.80,-264.16,42.26,66.16,114.76,34.02
1830,33675944,386.72,-100.59,-296.88,48.35,74.57,114.09,33.88
1831,33679993,338.38,-97.17,-374.51,68.48,90.85,108.96,34.12
1832,33685788,335.94,-90.82,-243.65,73.84,108.05,90.91,33.78
1833,33689837,220.70,-74.22,-478.52,95.91,128.17,63.29,33.78
1834,33693886,105.96,28.81,-388.18,110.30,140.43,40.67,34.40
1835,33697944,-27.34,82.52,-418.95,121.22,146.16,25.00,34.21
1836,33701993,-197.75,160.64,-387.21,133.60,137.38,6.46,33.83
1837,33707788,-291.50,250.49,-306.15,139.94,119.51,2.01,33.83
1838,33711837,-387.70,229.49,-225.59,144.02,92.99,11.77,34.02
1839,33715886,-378.91,219.24,-36.13,131.77,61.77,13.11,34.21
1840,33719944,-296.39,291.50,45.90,116.46,32.68,-1.16,34.21
1841,33723993,-248.05,347.66,295.41,78.54,9.94,-17.93,34.12
1842,33729788,-139.65,325.68,222.17,38.11,-27.26,6.04,33.88
1843,33733837,70.31,193.36,132.81,4.45,-60.67,61.83,33.88
1844,33737886,252.44,-17.09,170.41,-19.09,-68.05,80.79,33.97
1845,33741944,314.45,-185.55,156.25,-34.21,-72.01,95.55,34.12
1846,33745993,390.14,-317.38,39.06,-41.40,-70.37,111.46,33.88
1847,33751788,516.11,-442.87,39.55,-35.91,-68.23,132.26,34.16
1848,33755837,648.93,-529.30,30.76,-25.73,-45.55,129.27,34.21
1849,33759886,719.24,-542.97,10.74,-16.77,-23.78,127.38,34.02
1850,33763944,737.79,-523.93,11.72,-6.40,5.37,126.04,34.02
1851,33767993,715.82,-481.93,-16.60,3.84,30.43,130.18,34.12
1852,33773788,697.27,-425.29,-130.37,18.72,51.65,133.29,34.02
1853,33777837,594.73,-331.54,-179.69,24.27,78.23,136.89,33.88
1854,33781886,426.76,-335.45,-17.58,30.49,87.01,148.48,33.83
1855,33785944,405.76,-282.23,30.76,34.57,79.82,150.12,34.02
1856,33789993,334.47,-189.45,-118.65,33.17,84.02,137.20,33.83
1857,33795788,281.74,-148.93,-148.93,33.41,77.80,148.60,34.02
1858,33799837,226.07,-112.79,-131.35,31.22,64.94,158.11,34.12
1859,33803886,241.21,-33.69,-103.03,28.41,57.68,154.33,33.83
1860,33807944,248.54,-15.14,-42.97,23.23,39.27,169.09,33.88
1861,33811993,342.29,-27.83,-27.34,14.33,32.13,159.51,34.02
1862,33817788,406.74,0.49,-97.66,8.29,31.10,151.16,33.97
1863,33821837,409.67,-67.38,-184.08,3.54,35.24,148.17,34.12
1864,33825886,353.52,-170.41,-194.82,7.93,32.32,146.34,33.97
1865,33829944,323.24,-252.93,-161.13,14.82,28.72,132.68,34.12
1866,33833993,317.38,-300.78,-105.96,20.91,18.54,115.06,34.21
1867,33839788,388.18,-308.59,-58.59,28.72,10.67,99.45,34.12
1868,33843837,506.84,-245.12,-31.25,24.70,7.50,72.32,34.12
1869,33847886,568.85,-191.41,-67.87,20.12,2.87,74.09,34.12
1870,33851944,585.45,-225.10,-3.42,10.85,-1.59,81.46,33.88
1871,33857788,599.12,-277.83,58.11,-7.99,-11.22,92.99,34.21
1872,33861837,693.85,-607.91,-29.79,-18.60,-29.33,122.44,34.02
1873,33865886,862.79,-854.49,-146.00,-18.78,-34.33,133.35,34.12
1874,33869944,1027.34,-967.29,-244.63,-7.99,-28.48,145.18,34.02
1875,33873993,1052.73,-957.52,-331.54,9.63,-7.56,160.55,34.12
1876,33879788,945.80,-985.84,-432.62,38.29,25.12,166.95,34.02
1877,33883837,672.85,-841.31,-186.52,65.30,48.78,145.91,33.97
1878,33887886,653.32,-709.96,-17.09,77.20,54.33,105.18,34.21
1879,33891944,699.22,-454.59,15.14,73.29,66.46,55.79,33.83
1880,33895993,504.39,-109.86,-12.70,59.02,67.80,58.23,34.21
1881,33901788,488.28,-464.36,-82.52,38.23,37.87,121.40,33.83
1882,33905837,64.45,-14.65,847.66,1.52,19.88,96.40,33.97
1883,33909886,483.89,-570.80,-232.42,-19.94,10.49,45.55,33.88
1884,33913944,559.08,-851.56,-149.41,-14.15,8.17,48.78,34.12
1885,33917993,784.18,-713.87,-93.75,0.85,2.62,52.44,33.68
1886,33923788,697.75,-487.30,90.82,8.17,-3.23,66.59,33.78
1887,33927837,949.22,-509.77,108.40,-18.11,-1.22,73.90,33.68
1888,33931886,941.89,-753.42,-15.14,-20.67,12.01,63.60,34.21
1889,33935944,908.69,-681.64,-81.54,-14.45,21.77,69.39,33.97
1890,33939993,844.24,-678.71,-65.43,-14.94,27.62,88.41,33.68
1891,33945788,804.20,-710.45,-128.42,-21.59,32.38,81.52,33.97
1892,33949837,798.34,-600.10,-110.84,-25.85,57.74,73.48,33.97
1893,33953886,737.79,-760.25,-217.29,-23.90,51.77,62.01,34.02
1894,33957944,758.79,-752.44,-258.79,-19.70,45.85,56.52,34.02
1895,33961993,761.23,-744.63,-283.69,-11.04,43.35,58.17,33.88
1896,33967788,788.09,-672.36,-218.26,-7.26,40.55,59.21,34.12
1897,33971837,723.63,-565.92,-106.93,-13.17,32.13,59.63,34.21
1898,33975886,792.97,-573.73,-186.04,-20.55,28.23,50.55,34.16
1899,33979945,794.92,-706.54,-194.82,-22.32,25.55,44.39,34.02
1900,33983994,863.28,-975.59,-132.81,-18.48,24.27,36.10,34.21
1901,33989788,761.23,-568.85,-187.99,-13.60,35.73,24.70,34.36
1902,33993837,801.27,-1040.53,10.25,-20.30,28.90,1.46,34.12
1903,33997886,816.89,-397.95,-202.15,-27.68,38.35,-6.95,33.88
1904,34001945,842.29,-554.20,-233.40,-20.55,37.80,-12.44,34.12
1905,34005994,932.13,-706.54,-213.38,-19.33,36.22,-15.73,34.02
1906,34011788,925.78,-619.63,-171.87,-23.17,38.84,-20.00,34.21
1907,34015837,990.72,-664.55,-125.00,-25.12,41.22,-22.93,34.31
1908,34019886,1039.55,-603.52,-122.07,-24.88,41.16,-25.55,33.83
1909,34023944,1056.64,-636.23,-124.02,-22.99,46.71,-23.48,34.02
1910,34027993,1052.73,-559.57,-132.32,-21.10,46.83,-16.10,33.88
1911,34033788,1077.64,-595.21,-144.53,-22.87,46.59,-10.43,34.02
1912,34037837,1107.91,-558.11,-178.22,-27.50,45.73,-2.62,34.21
1913,34041886,1078.12,-692.38,-214.36,-30.43,50.49,-5.18,33.83
1914,34045944,1125.00,-630.86,-230.96,-29.33,47.20,-7.68,33.97
1915,34049993,900.88,-455.57,-80.08,-34.70,46.40,-11.46,34.02
1916,34055788,1149.90,-459.96,-233.40,-32.99,48.11,-6.04,34.02
1917,34059837,1156.74,-611.82,-279.30,-27.68,48.48,-1.46,34.12
1918,34063886,1169.92,-453.12,-168.95,-29.82,42.01,26.65,34.12
1919,34067944,1151.86,-583.01,-259.77,-32.50,43.66,45.49,33.88
1920,34073788,410.16,-576.17,-393.07,-17.44,56.95,-20.49,34.12
1921,34077837,974.61,-575.68,-168.95,-9.02,42.07,-51.22,34.02
1922,34081886,1072.27,-423.34,-156.25,-11.95,30.18,-32.26,34.12
1923,34085944,1048.34,-535.64,-178.71,-11.65,31.10,-29.15,33.68
1924,34089993,974.61,-553.71,-156.25,-12.38,34.88,-40.30,34.16
1925,34095788,1113.77,-498.54,-212.89,-8.66,29.76,-33.23,34.02
1926,34099837,1219.73,-481.45,-157.23,-0.55,30.49,-18.17,34.02
1927,34103886,1146.97,-448.24,-106.93,-7.26,27.32,-9.76,34.16
1928,34107944,1181.64,-537.11,-249.02,-13.29,23.96,-8.54,34.02
1929,34111993,1183.59,-581.05,-272.46,-7.93,27.62,-6.46,34.31
1930,34117788,1199.22,-549.32,-246.09,-7.26,28.41,-1.34,33.83
1931,34121837,1187.50,-593.26,-271.48,-5.55,28.90,-0.24,33.83
1932,34125886,1230.47,-559.57,-232.91,2.13,36.16,3.60,34.21
1933,34129944,1173.34,-696.29,-308.11,7.62,47.74,-2.07,34.02
1934,34133993,1256.35,-530.27,-292.48,13.41,48.66,-1.71,34.12
1935,34139788,1200.20,-501.95,-258.79,17.87,52.50,0.61,33.64
1936,34143837,1161.13,-470.21,-247.07,18.29,58.72,8.84,33.64
1937,34147886,1141.11,-428.71,-225.10,20.55,56.34,19.45,34.21
1938,34151944,1099.12,-436.52,-223.14,20.18,58.17,29.88,34.12
1939,34155993,1107.91,-385.74,-214.84,20.12,62.13,33.60,33.83
1940,34161788,1129.39,-251.95,-154.79,19.15,69.09,46.59,33.59
1941,34165837,1187.01,-348.14,-108.89,13.66,76.10,80.55,33.68
1942,34169886,989.26,-420.41,-127.93,14.51,79.63,95.91,34.12
1943,34173944,1037.60,-393.07,-103.03,19.94,66.28,109.82,34.31
1944,34177993,983.89,-475.10,-130.86,22.80,61.28,103.78,33.83
1945,34183788,761.72,-521.00,164.06,12.32,57.44,80.55,34.02
1946,34187837,690.92,-451.17,-388.67,-8.29,29.39,15.24,34.02
1947,34191886,948.73,-614.75,-314.94,-5.85,16.83,-7.87,34.02
1948,34195944,1168.46,-618.65,-337.40,-3.05,8.84,-18.84,34.02
1949,34199993,1368.65,-632.32,-310.55,-1.65,8.66,-5.91,33.83
1950,34205788,1390.14,-661.62,-295.41,2.32,18.41,7.74,33.88
1951,34209837,1330.57,-607.91,-241.21,7.68,27.74,20.49,34.12
1952,34213886,1271.48,-570.80,-233.89,7.50,27.93,28.48,34.02
1953,34217944,1222.66,-504.39,-194.34,6.28,26.16,35.24,34.31
1954,34221993,1153.81,-404.30,-119.14,-0.67,21.40,42.87,34.12
1955,34227788,1108.40,-404.79,-89.84,-10.98,12.93,48.60,34.16
1956,34231837,1096.68,-421.39,-56.15,-19.82,10.12,55.98,34.21
1957,34235886,1191.41,-402.83,-113.28,-26.71,2.07,56.34,33.83
1958,34239944,1220.21,-500.49,-52.73,-25.43,6.83,67.87,34.21
1959,34243993,1166.02,-535.64,-98.14,-21.52,12.50,68.29,34.12
1960,34249788,1104.98,-389.65,-16.11,-22.38,17.32,69.27,34.02
1961,34253837,1139.65,-290.53,-17.09,-23.90,24.33,92.44,34.02
1962,34257886,1075.68,-273.44,0.00,-26.77,24.15,101.40,33.78
1963,34261944,1117.19,-295.41,-103.03,-22.99,26.65,120.61,34.02
1964,34265993,976.56,-648.44,-1.95,-25.98,29.21,123.60,33.97
1965,34271788,943.85,-667.97,-52.25,-26.46,26.40,98.41,34.31
1966,34275837,951.17,-545.41,-157.23,-18.54,27.01,80.24,34.16
1967,34279886,983.89,-609.86,-146.48,-13.29,26.04,76.71,33.83
1968,34283944,895.51,-684.57,-212.40,-10.37,26.22,62.62,34.36
1969,34289788,712.89,-772.46,-460.94,6.34,37.80,8.60,34.31
1970,34293837,1212.89,-751.46,-371.58,31.34,39.88,-14.70,34.21
1971,34297886,1255.86,-638.67,-258.30,32.80,45.37,3.60,34.12
1972,34301944,1176.27,-545.41,-29.79,29.63,38.05,21.46,33.83
1973,34305993,1192.38,-390.14,-104.49,16.22,19.21,49.82,34.02
1974,34310043,986.82,-594.73,-166.99,12.80,18.35,57.44,33.88
1975,34315788,877.93,-726.07,-203.12,16.95,16.83,26.65,34.02
1976,34319837,954.59,-688.48,-206.54,27.68,14.88,-13.35,34.12
1977,34323886,1118.65,-584.96,-189.94,35.37,16.46,-20.55,34.16
1978,34327944,1116.70,-529.79,-72.27,32.50,27.74,-21.46,34.16
1979,34333788,1112.79,-454.10,-36.62,33.05,26.10,-8.11,33.78
1980,34337837,1065.92,-411.13,28.32,27.50,23.60,1.16,33.83
1981,34341886,1027.83,-396.97,34.18,19.45,22.56,1.22,33.97
1982,34345944,1022.46,-375.49,46.39,11.65,22.44,-0.12,34.12
1983,34349993,1044.43,-383.30,39.06,2.44,19.63,5.73,34.12
1984,34355788,1057.62,-425.29,13.18,-3.35,21.83,11.16,34.02
1985,34359837,1043.46,-458.01,-5.37,-8.78,20.67,19.27,33.88
1986,34363886,1020.51,-459.96,-15.14,-12.01,19.15,26.22,34.02
1987,34367944,1009.77,-455.57,-27.83,-14.15,17.50,32.56,34.36
1988,34371993,971.19,-473.63,-149.90,-13.60,15.79,38.48,33.88
1989,34377788,898.44,-507.81,139.65,-16.83,14.76,33.23,33.78
1990,34381837,925.78,-481.93,-67.38,-15.67,4.33,39.21,33.83
1991,34385886,939.45,-517.58,-59.08,-15.37,0.55,43.60,34.12
1992,34389944,936.52,-528.32,-87.89,-15.00,-3.11,44.76,34.12
1993,34393993,925.78,-569.34,-117.68,-11.77,-6.04,45.30,33.78
1994,34399788,922.85,-602.05,-162.60,-8.29,-9.27,42.74,33.78
1995,34403837,966.31,-630.86,-242.19,0.55,-8.17,43.90,34.02
1996,34407886,946.29,-605.96,-218.75,7.80,-4.15,44.09,34.31
1997,34411944,905.27,-573.24,-138.18,15.30,-4.39,43.90,34.12
1998,34415993,888.18,-497.07,-169.43,25.12,-4.33,42.44,33.88
1999,34421788,842.77,-389.65,-55.66,27.13,-10.55,40.79,34.02
2000,34425837,808.59,-321.29,-120.61,23.48,-15.24,44.27,34.16
2001,34429886,708.98,-368.16,-39.55,19.33,-11.77,32.99,34.12
2002,34433944,723.63,-389.65,61.52,11.16,-22.80,15.79,34.12
2003,34437993,917.48,-420.41,-41.02,4.82,-27.50,8.11,33.83
2004,34443788,1058.11,-502.44,-83.98,2.62,-23.72,14.33,33.97
2005,34447837,1108.89,-595.70,-129.39,9.51,-1.89,16.89,34.12
2006,34451886,1042.97,-604.98,-82.03,14.09,7.32,18.29,33.64
2007,34455944,957.03,-602.05,-41.99,16.89,15.79,11.10,34.12
2008,34459993,937.01,-552.25,2.93,14.33,14.15,3.66,34.31
2009,34465788,948.73,-505.37,-18.07,9.76,11.83,5.12,33.68
2010,34469837,967.77,-506.35,4.88,1.28,9.70,12.80,34.02
2011,34473886,981.45,-534.67,-7.32,-4.27,7.07,19.15,33.88
2012,34477944,1002.44,-556.64,-33.69,-9.45,5.79,28.11,34.21
2013,34481993,989.26,-571.78,-45.41,-11.89,7.26,35.61,33.97
2014,34487788,970.70,-557.62,-25.88,-15.85,5.79,41.46,33.97
2015,34491837,953.61,-541.02,-60.06,-19.57,4.82,49.70,34.02
2016,34495886,947.27,-536.62,-54.69,-21.89,3.96,54.76,34.02
2017,34499944,945.80,-540.53,-118.16,-21.65,3.84,61.65,34.02
2018,34503993,902.83,-527.34,-80.08,-21.52,3.54,63.96,34.12
2019,34509788,872.07,-508.30,-109.86,-20.06,1.65,67.56,34.02
2020,34513837,834.96,-542.48,-109.86,-17.32,-1.22,68.84,34.21
2021,34517886,830.57,-552.73,-97.66,-14.57,-2.26,67.50,33.88
2022,34521944,811.52,-579.10,-123.05,-11.34,-2.50,62.26,33.88
2023,34527788,835.94,-605.96,-154.79,6.77,-4.39,61.22,34.02
2024,34531837,812.01,-534.67,-83.01,7.87,-0.55,49.94,34.02
2025,34535886,773.44,-526.86,-86.43,6.46,-0.91,39.45,34.12
2026,34539944,784.67,-556.15,-115.72,6.22,-3.41,32.32,34.12
2027,34543993,815.92,-567.87,-117.19,8.60,-3.60,21.95,34.21
2028,34549788,857.42,-592.29,-125.98,13.84,-0.49,10.91,34.02
2029,34553837,895.02,-624.51,-91.80,20.61,5.18,0.85,34.02
2030,34557886,923.34,-631.84,-73.24,24.21,8.72,-4.82,34.16
2031,34561944,946.78,-623.54,-49.80,23.96,9.94,-5.91,34.21
2032,34565993,918.95,-624.02,-24.90,22.99,13.29,-6.83,33.97
2033,34571788,879.88,-640.14,-10.25,20.18,12.56,-10.00,33.88
2034,34575837,897.95,-638.67,-19.53,16.65,9.15,-13.78,34.12
2035,34579886,944.34,-622.56,-46.39,14.51,9.57,-11.59,34.12
2036,34583944,973.63,-619.14,-58.59,12.38,9.45,-2.87,33.97
2037,34587993,962.89,-621.58,-14.65,8.05,9.27,9.39,34.12
2038,34593788,940.43,-629.39,-60.55,4.82,8.23,18.23,33.83
2039,34597837,907.23,-643.55,-69.34,2.93,8.11,25.73,33.97
2040,34601886,890.14,-613.77,-83.98,2.50,7.07,30.91,34.12
2041,34605944,855.96,-606.45,-104.98,2.01,6.59,36.16,34.21
2042,34609993,816.41,-614.26,-92.77,2.26,5.43,35.55,33.88
2043,34615788,807.62,-610.84,-82.03,2.93,2.87,30.79,33.64
2044,34619837,827.15,-586.91,-65.43,3.11,0.06,27.62,33.78
2045,34623886,851.56,-558.59,-79.59,3.41,-0.30,27.87,34.12
2046,34627944,865.72,-562.01,-85.45,3.90,0.49,31.28,34.02
2047,34631993,868.16,-623.54,-146.48,9.27,5.67,34.09,33.83
2048,34637788,820.31,-635.25,-28.81,11.59,6.10,28.23,34.21
2049,34641837,826.17,-602.05,-10.25,13.84,7.20,19.02,34.21
2050,34645886,849.12,-593.75,10.25,12.32,6.46,15.12,33.88
2051,34649944,858.40,-593.26,5.37,9.57,6.40,13.05,34.12
2052,34653993,875.98,-613.28,-4.88,6.40,5.43,13.48,33.83
2053,34659788,872.56,-620.12,-14.65,5.43,6.95,10.98,33.97
2054,34663837,876.46,-626.95,-34.67,5.06,7.99,7.56,34.12
2055,34667886,894.04,-620.61,-19.04,4.94,8.72,6.95,34.02
2056,34671944,900.39,-617.19,-19.53,3.96,9.70,8.78,34.12
2057,34675993,897.95,-614.75,-22.46,1.89,9.57,12.68,33.83
2058,34681788,876.95,-623.54,-35.16,0.49,9.39,15.91,34.31
2059,34685837,859.37,-643.07,-47.36,-1.46,8.29,14.76,33.97
2060,34689886,851.56,-641.60,-60.55,-1.52,8.23,12.87,33.97
2061,34693944,862.79,-636.23,-71.29,-1.65,6.71,12.44,34.21
2062,34697993,864.75,-634.77,-80.08,-1.46,6.34,13.35,34.02
2063,34703788,865.72,-641.60,-88.38,0.06,6.52,14.94,33.97
2064,34707837,846.68,-648.93,-90.82,3.05,7.01,16.04,33.88
2065,34711886,833.98,-648.44,-76.17,4.63,7.44,16.28,33.97
2066,34715944,833.01,-646.48,-55.66,6.10,6.52,16.65,34.02
2067,34719993,845.70,-627.93,-49.32,5.98,4.63,18.48,34.21
2068,34725788,845.70,-617.68,-53.22,5.61,4.02,20.98,34.02
2069,34729837,833.50,-627.44,-56.64,4.63,4.15,22.62,34.31
2070,34733886,840.82,-632.32,-41.99,4.09,4.09,23.17,34.02
2071,34737944,855.96,-629.39,-41.02,4.02,4.57,25.00,33.97
2072,34743788,854.98,-619.63,-44.43,5.37,6.59,27.01,33.97
2073,34747837,814.94,-619.14,-34.18,6.46,8.60,25.30,34.02
2074,34751886,807.13,-576.17,-15.62,2.62,5.18,21.65,34.02
2075,34755944,835.94,-559.57,-26.37,-0.18,4.82,20.61,33.88
2076,34759993,841.80,-565.92,-34.67,-2.93,5.49,21.40,34.16
2077,34765788,847.66,-589.84,-38.57,-4.88,5.98,23.41,33.88
2078,34769837,829.59,-619.63,-41.50,-5.61,7.80,23.35,33.97
2079,34773886,829.10,-613.28,-41.02,-5.73,8.35,21.34,34.21
2080,34777944,829.10,-616.21,-57.62,-5.49,8.48,20.49,34.02
2081,34781993,850.10,-626.95,-66.89,-5.55,9.33,21.40,34.21
2082,34787788,845.70,-646.97,-53.22,-5.06,11.89,21.22,34.31
2083,34791837,830.57,-659.18,-46.87,-3.23,12.99,17.44,33.88
2084,34795886,852.05,-669.43,-57.13,-1.59,13.35,16.04,34.02
2085,34799944,856.45,-662.11,-41.99,0.00,15.12,16.16,33.88
2086,34803993,845.21,-650.88,-34.18,0.24,15.55,16.83,33.83
2087,34809788,840.82,-626.95,-3.42,-1.04,15.55,19.09,33.78
2088,34813837,827.64,-627.44,-21.97,-4.15,11.89,23.60,33.83
2089,34817886,831.05,-662.60,-30.27,-4.76,12.26,24.70,33.88
2090,34821944,824.71,-671.87,-23.93,-4.39,10.00,24.76,34.21
2091,34825993,842.29,-662.60,-37.60,-5.00,8.96,26.71,33.78
2092,34831788,849.61,-651.37,-35.16,-5.61,9.33,30.43,34.02
2093,34835837,820.80,-668.95,-49.32,-5.18,9.76,32.38,33.83
2094,34839886,791.50,-673.34,-47.36,-4.39,9.33,30.85,34.12
2095,34843944,784.67,-674.32,-54.20,-2.93,8.72,27.80,34.21
2096,34847993,773.93,-679.20,-47.36,-0.85,7.80,22.99,33.88
2097,34853788,783.69,-677.73,-46.39,1.28,7.50,18.78,33.83
2098,34857837,785.64,-679.69,-42.48,3.35,7.32,12.93,34.02
2099,34861886,791.50,-673.83,-35.16,4.33,7.38,9.57,34.12
2100,34865944,806.15,-671.39,-40.53,5.73,6.95,6.59,34.16
2101,34869993,808.11,-662.60,-30.76,6.34,7.93,5.43,33.78
2102,34875788,803.71,-668.95,-24.90,6.71,8.96,3.54,33.97
2103,34879837,810.06,-671.87,-24.41,6.71,9.33,1.65,33.97
2104,34883886,806.15,-677.73,-22.46,7.20,9.57,-0.30,34.21
2105,34887944,813.96,-678.71,-23.44,7.74,10.06,-2.74,34.12
2106,34891993,817.38,-681.64,-17.58,8.60,10.49,-5.30,33.97
2107,34897788,823.73,-678.22,-12.21,9.27,10.61,-6.95,34.12
2108,34901837,828.61,-681.15,-9.28,10.24,11.65,-7.50,33.97
2109,34905886,820.80,-687.01,-4.88,10.91,11.83,-8.48,33.78
2110,34909944,810.55,-683.59,-1.46,11.04,11.04,-9.21,34.31
2111,34913993,827.15,-684.57,-2.44,11.22,10.79,-8.41,34.12
2112,34919788,820.80,-692.38,9.28,11.16,10.85,-8.23,33.97
2113,34923837,819.34,-691.89,14.16,11.10,10.24,-8.05,34.02
2114,34927886,825.68,-681.64,13.67,10.55,9.39,-7.56,34.02
2115,34931944,825.20,-681.15,6.35,10.00,8.90,-6.89,34.12
2116,34935993,821.29,-686.52,9.77,8.84,8.60,-5.79,34.02
2117,34941788,819.82,-686.04,22.46,8.29,8.17,-4.94,34.16
2118,34945837,818.36,-676.27,15.62,9.21,8.23,-2.93,34.12
2119,34949886,823.24,-681.15,15.14,8.05,6.89,-1.46,34.12
2120,34953944,824.71,-662.11,38.09,6.65,6.34,-1.10,34.02
2121,34957993,840.82,-681.15,-116.21,15.67,6.95,4.27,34.21
2122,34963788,857.91,-654.30,132.32,9.70,7.07,6.40,34.21
2123,34967837,760.25,-646.48,35.16,0.79,6.10,6.83,34.02
2124,34971886,758.30,-659.18,27.34,0.06,4.21,3.96,34.21
2125,34975944,751.95,-667.48,6.35,1.16,3.96,-2.07,33.97
2126,34981788,767.09,-684.57,28.32,0.61,3.05,-6.71,33.97
2127,34985837,805.18,-658.69,13.18,0.24,0.00,-8.78,34.16
2128,34989886,808.11,-652.34,-8.79,2.38,2.26,-6.89,34.02
2129,34993944,786.62,-657.71,-1.46,4.21,3.05,-7.07,34.21
2130,34997993,781.25,-647.46,7.81,5.91,3.54,-8.41,34.02
2131,35003788,766.11,-652.34,13.18,7.32,3.78,-10.55,34.02
2132,35007837,761.23,-666.99,7.32,8.11,3.23,-14.76,33.83
2133,35011886,767.09,-669.43,29.79,9.27,2.20,-19.09,34.12
2134,35015944,783.20,-654.79,18.07,9.82,1.34,-21.77,33.83
2135,35019993,806.64,-674.80,32.23,10.37,1.40,-22.32,34.36
2136,35025788,821.29,-668.46,33.69,9.82,1.10,-21.59,33.88
2137,35029837,812.01,-656.74,31.25,10.55,2.26,-19.33,33.97
2138,35033886,794.43,-655.76,40.04,9.76,1.83,-18.84,34.02
2139,35037944,799.32,-653.32,46.87,9.09,1.22,-18.41,34.21
2140,35041993,803.22,-642.58,56.64,7.26,-0.06,-17.13,34.02
2141,35047788,817.87,-650.39,54.69,5.18,-0.24,-14.09,33.78
2142,35051837,813.96,-657.71,38.57,4.09,1.10,-10.91,33.88
2143,35055886,797.85,-666.99,41.50,3.48,1.83,-10.18,34.21
2144,35059944,790.04,-666.50,42.48,3.11,1.16,-11.46,34.02
2145,35063993,797.36,-661.62,44.43,2.20,0.24,-12.50,33.97
2146,35069788,806.64,-649.41,38.57,1.40,-0.73,-10.73,33.78
2147,35073837,823.24,-630.37,46.39,-0.37,-1.04,-5.30,34.36
2148,35077886,804.20,-627.93,45.41,-2.01,-0.61,-1.77,34.02
2149,35081944,803.71,-628.42,50.29,-3.60,-2.01,2.74,34.12
2150,35085993,807.62,-616.21,47.36,-6.22,-3.17,7.13,33.88
2151,35091788,798.34,-640.14,30.76,-7.80,-3.29,10.73,34.02
2152,35095837,785.16,-641.11,17.58,-6.77,-2.20,11.95,34.02
2153,35099886,753.91,-647.46,35.64,-5.73,-1.22,9.94,34.21
2154,35103944,751.95,-642.09,58.11,-6.16,-2.32,4.94,34.12
2155,35107993,778.81,-636.72,36.13,-7.38,-5.06,3.17,34.21
2156,35113788,804.20,-649.90,22.95,-7.62,-4.76,5.37,33.97
2157,35117837,778.32,-655.76,23.93,-6.59,-4.02,6.22,34.12
2158,35121886,775.88,-658.20,22.46,-4.63,-3.78,4.94,33.97
2159,35125944,772.46,-650.39,27.34,-4.27,-2.80,3.72,34.21
2160,35129993,765.14,-649.90,21.97,-4.51,-2.80,3.11,34.21
2161,35135788,764.65,-651.37,4.88,-3.48,-2.99,1.77,34.02
2162,35139837,765.14,-654.30,7.81,0.43,-0.91,0.30,34.02
2163,35143886,762.21,-644.53,36.13,0.49,-0.67,-0.37,33.83
2164,35147944,743.65,-644.04,29.79,-0.55,-0.37,-3.72,34.02
2165,35151993,750.49,-643.07,30.27,-0.30,-1.10,-7.50,33.97
2166,35157788,765.62,-645.51,31.74,0.06,-0.85,-9.82,34.21
2167,35161837,779.30,-649.41,36.13,0.37,-0.61,-11.40,34.31
2168,35165886,781.25,-645.02,33.20,0.61,-0.12,-12.56,33.78
2169,35169944,779.79,-641.60,33.69,0.43,0.55,-13.29,34.16
2170,35173993,772.46,-631.84,32.71,0.06,0.73,-13.96,34.02
2171,35179788,780.76,-631.84,37.11,-0.43,-0.06,-12.80,34.02
2172,35183837,791.02,-639.16,12.70,-1.10,1.46,-12.50,34.12
2173,35187886,786.13,-638.18,21.00,-0.18,1.04,-11.28,34.02
2174,35191944,780.27,-648.44,11.23,0.06,-0.67,-10.73,34.12
2175,35197788,782.71,-647.46,14.65,0.67,-0.12,-11.52,33.88
2176,35201837,791.02,-647.46,3.91,2.01,-0.30,-11.22,33.88
2177,35205886,794.92,-643.55,13.18,2.56,0.37,-11.04,33.97
2178,35209944,801.27,-641.11,14.16,2.68,0.79,-9.76,33.68
2179,35213993,798.34,-639.16,13.18,2.87,0.73,-7.26,34.02
2180,35219788,794.92,-641.11,22.46,2.56,0.18,-5.18,34.02
2181,35223837,785.64,-647.95,32.23,2.50,0.00,-5.18,33.88
2182,35227886,786.13,-644.04,39.55,2.07,-1.22,-5.12,34.16
2183,35231944,790.53,-640.62,29.79,1.52,-1.83,-5.06,34.12
2184,35235993,795.90,-634.77,27.83,0.85,-2.20,-3.17,34.02
2185,35241788,792.48,-623.54,39.06,-0.18,-2.13,-1.46,33.68
2186,35245837,780.76,-627.93,41.99,-0.98,-2.44,-0.18,33.83
2187,35249886,783.20,-627.44,39.55,-1.89,-2.32,-0.06,33.88
2188,35253944,775.88,-631.35,40.04,-2.44,-2.32,-0.55,33.88
2189,35257993,774.90,-638.18,31.74,-2.56,-2.13,-1.65,34.36
2190,35263788,778.32,-635.74,19.04,-2.13,-2.07,-3.72,33.83
2191,35267837,768.55,-633.30,21.48,-1.22,-1.71,-6.34,33.97
2192,35271886,770.51,-638.18,21.97,-0.85,-1.83,-8.29,34.12
2193,35275944,773.44,-629.39,24.41,-0.73,-2.32,-10.55,34.21
2194,35279993,788.57,-629.39,18.55,-0.55,-2.93,-10.91,33.83
2195,35285788,796.39,-628.91,14.65,-0.18,-2.87,-8.72,33.83
2196,35289837,783.69,-630.37,5.86,0.06,-1.89,-6.77,33.88
2197,35293886,771.00,-628.91,6.35,0.24,-2.01,-6.10,34.02
2198,35297944,774.41,-625.49,12.21,0.30,-2.32,-5.91,34.12
2199,35301993,775.88,-625.98,8.79,0.49,-2.74,-5.24,34.02
2200,35307788,781.74,-629.88,6.35,1.04,-2.50,-3.96,33.88
2201,35311837,783.20,-644.53,0.98,2.26,-2.01,-4.39,34.12
2202,35315886,778.32,-654.79,-0.98,3.48,-1.65,-5.85,34.12
2203,35319944,776.86,-651.86,2.44,5.24,-1.22,-8.17,34.21
2204,35323993,781.74,-639.65,11.72,6.77,-0.91,-9.39,34.12
2205,35329788,781.74,-632.81,19.04,7.44,-0.85,-9.82,33.88
2206,35333837,773.44,-621.09,27.83,7.32,-0.91,-10.79,34.21
2207,35337886,774.90,-613.28,32.23,6.83,-1.65,-10.98,34.12
2208,35341944,779.79,-608.89,36.13,5.61,-2.07,-10.12,34.21
2209,35345993,791.02,-609.86,36.13,4.45,-2.20,-8.54,34.02
2210,35351788,794.92,-620.12,33.69,3.29,-1.59,-6.95,34.21
2211,35355837,799.32,-640.62,29.30,3.17,-0.73,-6.65,33.97
2212,35359886,802.73,-646.97,29.30,3.41,-0.30,-7.32,34.12
2213,35363944,799.80,-642.09,32.71,3.54,0.55,-7.07,34.31
2214,35367993,792.48,-625.98,41.99,2.99,0.55,-5.73,34.02
2215,35373788,786.62,-614.75,54.20,1.46,-0.18,-4.70,34.02
2216,35377837,782.71,-609.38,52.73,-0.49,-2.44,-3.41,34.02
2217,35381886,784.18,-609.86,45.90,-1.95,-2.87,-2.87,33.88
2218,35385944,788.09,-618.65,39.55,-2.99,-3.72,-1.95,34.12
2219,35389993,793.46,-627.93,37.60,-3.60,-3.84,-1.22,34.02
2220,35395788,796.87,-634.77,35.64,-3.78,-3.90,-0.98,34.40
2221,35399837,803.22,-625.49,28.81,-4.09,-3.23,1.65,34.21
2222,35403886,794.43,-626.46,27.83,-4.33,-2.50,3.11,33.83
2223,35407944,783.20,-630.37,20.51,-3.84,-2.07,2.93,34.12
2224,35413788,770.51,-638.18,23.44,-3.29,-2.07,0.98,34.12
2225,35417837,767.09,-631.84,20.51,-2.20,-3.17,-2.32,34.31
2226,35421886,793.95,-609.86,31.25,0.06,-4.39,-2.62,34.21
2227,35425944,789.55,-612.79,37.11,-0.55,-3.78,-1.16,33.78
2228,35429993,771.97,-611.33,43.46,-1.22,-4.51,-0.55,33.97
2229,35434043,772.46,-610.35,24.90,-1.89,-5.73,-0.73,34.12
2230,35439788,786.13,-621.09,17.58,-1.59,-6.52,-1.83,33.97
2231,35443837,800.29,-643.07,4.88,-0.61,-4.21,-1.59,34.02
2232,35447886,803.22,-647.95,10.74,0.18,-3.54,-1.65,34.02
2233,35451944,803.22,-642.09,-0.98,3.17,-1.16,-1.22,34.21
2234,35457788,784.18,-627.44,22.95,3.78,-1.16,-1.22,33.68
2235,35461837,771.00,-609.38,25.39,3.78,-2.13,-2.20,33.83
2236,35465886,776.86,-609.86,24.90,3.54,-3.05,-2.50,34.02
2237,35469944,778.32,-610.84,35.16,3.11,-3.90,-2.99,34.12
2238,35473993,789.06,-619.63,27.34,2.80,-5.18,-2.56,34.02
2239,35479788,803.71,-640.14,21.48,2.56,-5.12,-1.83,33.83
2240,35483837,802.25,-640.14,17.58,4.02,-2.68,-2.26,33.88
2241,35487886,798.34,-633.30,23.44,5.06,-0.79,-2.62,33.88
2242,35491944,790.53,-628.91,44.43,4.94,-0.12,-3.72,34.16
2243,35495993,796.39,-612.79,38.57,4.15,-0.55,-4.45,34.02
2244,35501788,804.20,-618.16,23.44,3.35,-0.43,-3.05,33.88
2245,35505837,791.50,-615.72,40.04,3.05,-0.18,-1.83,33.83
2246,35509886,785.64,-601.07,43.95,2.56,-0.61,-0.91,34.12
2247,35513944,794.43,-601.07,39.55,1.04,-1.71,0.30,34.02
2248,35517993,790.53,-607.91,32.23,0.24,-2.38,2.32,33.78
2249,35523788,789.06,-607.91,31.25,-0.30,-2.56,3.78,34.16
2250,35527837,787.60,-617.19,21.97,-1.34,-4.09,4.70,34.21
2251,35531886,787.11,-644.53,15.14,-0.79,-3.35,3.48,33.88
2252,35535944,785.64,-635.25,24.90,0.49,-3.05,0.91,34.12
2253,35539993,796.87,-614.26,29.79,0.79,-2.01,0.98,34.02
2254,35545788,794.43,-591.31,29.30,0.00,-1.95,3.66,34.02
2255,35549837,787.11,-604.98,19.53,-0.55,-1.10,6.65,34.12
2256,35553886,762.21,-625.49,31.74,0.12,-0.43,4.57,34.12
2257,35557944,760.25,-622.56,35.16,0.55,-0.49,-0.37,34.36
2258,35561993,777.34,-605.47,41.02,0.06,-1.59,-3.23,33.88
2259,35567788,791.99,-605.47,32.23,-0.37,-1.89,-2.38,34.02
2260,35571837,792.97,-604.00,23.44,-0.73,-1.59,-0.55,33.83
2261,35575886,779.30,-611.33,28.81,-0.85,-1.65,-0.24,34.02
2262,35579944,777.34,-619.14,24.90,-0.55,-1.89,-1.52,34.21
2263,35583993,782.23,-629.39,19.04,0.30,-1.89,-2.80,34.02
2264,35589788,785.64,-636.72,11.72,1.22,-1.59,-3.90,34.02
2265,35593837,790.04,-630.86,10.25,2.50,-0.55,-3.35,34.02
2266,35597886,787.60,-631.84,15.14,2.87,-0.37,-2.80,34.12
2267,35601944,783.69,-622.56,20.02,2.74,-0.55,-2.07,34.16
2268,35605993,785.64,-623.54,20.51,2.26,-0.49,-1.77,34.12
