seq,timestamp_us,ax_mg,ay_mg,az_mg,gx_dps,gy_dps,gz_dps,temp_c
0,35032394,-49.80,-607.91,-803.22,1.34,-0.61,-2.62,34.21
1,35036458,-46.39,-600.59,-802.25,0.98,-0.79,-0.85,34.12
2,35040508,-53.71,-599.61,-799.80,-0.06,-0.79,0.67,34.02
3,35044557,-48.83,-597.66,-807.13,-1.22,-1.95,1.83,33.97
4,35048606,-48.83,-597.66,-807.13,-1.22,-2.01,3.48,34.21
5,35052655,-66.41,-597.66,-797.85,-1.46,-2.50,4.33,33.97
6,35056704,-61.04,-602.54,-803.22,-2.13,-3.05,4.09,33.88
7,35060758,-67.87,-604.49,-800.78,-2.56,-3.48,3.84,34.02
8,35064809,-66.89,-613.77,-811.04,-2.62,-3.90,3.35,33.83
9,35068858,-68.36,-617.68,-819.34,-1.95,-3.35,3.11,34.02
10,35074790,-66.41,-624.02,-810.55,-0.55,-2.07,2.68,34.02
11,35078839,-70.80,-606.45,-813.96,0.37,-1.46,1.46,34.21
12,35082888,-68.85,-604.49,-807.13,0.79,-1.52,0.85,33.97
13,35086946,-68.36,-605.96,-804.20,1.16,-1.65,0.12,34.12
14,35090995,-68.36,-609.38,-798.34,1.71,-1.71,-0.37,34.02
15,35096790,-67.87,-612.30,-796.87,2.62,-1.89,-0.85,34.36
16,35100839,-68.36,-604.98,-791.99,2.56,-1.16,-1.16,34.21
17,35104888,-65.92,-604.98,-792.97,2.32,-1.16,-1.04,34.02
18,35108946,-66.89,-599.12,-790.53,2.07,-0.98,-1.04,33.78
19,35112995,-62.99,-599.61,-789.55,1.71,-1.52,-0.49,33.88
20,35118790,-66.41,-603.03,-789.55,1.04,-2.20,0.12,34.02
21,35122839,-65.92,-599.12,-781.25,0.00,-2.87,0.18,34.02
22,35126888,-57.62,-596.19,-784.18,-0.61,-2.68,0.18,33.97
23,35130946,-58.11,-603.03,-780.76,-1.34,-2.44,0.98,34.02
24,35134995,-58.11,-610.84,-783.69,-1.46,-1.95,1.34,34.40
25,35140790,-58.11,-628.91,-786.13,-1.16,-1.28,0.73,34.31
26,35144839,-57.13,-630.37,-793.95,0.00,-0.67,-0.06,34.02
27,35148888,-62.99,-620.61,-798.34,0.61,-0.30,-0.91,34.02
28,35152946,-64.94,-601.07,-791.50,-0.06,-0.18,-1.40,34.12
29,35156995,-56.15,-595.70,-790.04,-0.73,0.06,-1.59,34.21
30,35162790,-57.62,-591.31,-778.81,-1.95,0.18,-1.10,34.02
31,35166839,-51.27,-589.36,-777.83,-2.87,0.24,0.30,34.21
32,35170888,-55.18,-599.12,-778.81,-3.29,0.30,1.40,34.21
33,35174946,-58.59,-606.93,-782.71,-3.35,0.43,2.20,34.12
34,35180790,-55.18,-612.79,-790.53,-2.87,0.43,2.13,34.12
35,35184839,-55.66,-617.19,-795.90,-2.32,0.18,1.89,34.16
36,35188888,-59.08,-618.16,-802.73,-1.10,0.43,1.40,34.12
37,35192946,-56.15,-619.14,-803.71,-0.73,0.06,1.16,34.31
38,35196995,-55.18,-621.58,-804.69,0.18,0.06,1.04,34.02
39,35201044,-56.64,-620.12,-805.18,1.10,0.24,0.37,34.12
40,35206790,-63.96,-625.49,-804.69,1.77,-0.06,-0.98,34.02
41,35210839,-64.45,-623.05,-801.76,2.38,-1.16,-1.59,33.83
42,35214888,-59.57,-619.63,-798.34,2.44,-1.52,-2.13,34.21
43,35218946,-60.06,-608.40,-797.36,1.89,-2.13,-2.32,34.21
44,35224790,-58.59,-606.45,-800.29,1.34,-2.26,-1.52,34.02
45,35228839,-59.57,-610.84,-796.87,-0.18,-2.20,-0.30,33.88
46,35232888,-58.59,-613.77,-791.50,-1.10,-1.77,-0.06,33.83
47,35236946,-52.73,-612.79,-795.41,-1.59,-1.40,0.49,34.02
48,35240995,-53.71,-617.68,-792.97,-1.71,-0.55,0.67,34.16
49,35246790,-50.29,-625.00,-801.27,-2.07,0.30,0.55,34.02
50,35250839,-52.73,-624.02,-810.06,-1.59,1.65,0.43,34.02
51,35254888,-52.73,-629.39,-812.99,-1.34,2.32,0.55,33.97
52,35258946,-55.18,-630.37,-804.20,-1.10,2.01,0.67,34.02
53,35262995,-55.18,-618.65,-806.64,-0.43,2.32,0.91,33.88
54,35268790,-56.15,-608.89,-802.73,-0.18,2.32,0.67,34.12
55,35272839,-62.99,-599.12,-793.46,-0.73,1.83,-0.30,33.83
56,35276888,-63.96,-605.47,-790.53,-0.91,1.10,-0.91,34.02
57,35280946,-67.87,-612.30,-788.09,-1.89,0.24,-1.40,33.97
58,35284995,-56.64,-623.54,-790.04,-2.13,-0.55,-2.20,34.16
59,35290790,-50.29,-625.98,-795.90,-1.77,-0.61,-2.80,34.16
60,35294839,-47.36,-610.84,-794.92,-1.89,0.00,-2.68,34.21
61,35298888,-43.95,-606.45,-790.04,-2.01,0.06,-2.01,34.21
62,35302946,-45.90,-604.49,-792.48,-1.89,0.37,-0.67,34.12
63,35306995,-44.43,-604.49,-792.97,-2.13,0.73,0.67,34.12
64,35312790,-51.27,-610.84,-800.78,-2.01,0.61,1.28,34.21
65,35316839,-57.62,-598.63,-795.90,-2.01,0.91,1.83,34.02
66,35320888,-59.08,-599.61,-792.48,-2.01,1.16,1.34,34.02
67,35324946,-60.06,-592.77,-788.57,-2.44,1.10,0.43,34.02
68,35328995,-62.01,-595.70,-785.16,-2.99,0.67,-0.73,34.16
69,35334790,-60.06,-590.33,-790.04,-3.60,0.49,-1.34,34.02
70,35338839,-52.25,-599.12,-795.90,-4.15,-0.06,-1.46,34.02
71,35342888,-48.34,-608.89,-802.73,-4.15,-0.12,-1.52,34.02
72,35346946,-50.29,-616.21,-794.43,-3.54,-0.55,-0.49,33.88
73,35350995,-46.87,-605.47,-798.34,-2.99,-0.43,0.67,34.12
74,35356790,-46.87,-599.12,-799.80,-2.80,-0.12,2.01,34.21
75,35360839,-52.25,-608.89,-809.08,-2.32,0.24,2.20,34.31
76,35364888,-59.08,-622.07,-807.13,-0.79,0.06,3.17,34.21
77,35368946,-62.01,-620.12,-803.71,1.16,-0.12,3.35,34.12
78,35372995,-67.38,-606.93,-796.39,2.38,-0.67,1.83,33.97
79,35378790,-67.38,-588.38,-804.20,2.80,-0.73,0.85,34.31
80,35382839,-64.94,-589.36,-808.59,3.05,-0.37,0.18,34.12
81,35386888,-67.87,-594.24,-802.25,3.17,-0.67,0.06,34.21
82,35390946,-63.48,-594.73,-802.25,2.99,-1.34,-1.16,33.97
83,35394995,-68.85,-590.82,-807.13,2.68,-2.32,-1.95,34.02
84,35400790,-60.55,-592.29,-804.69,2.13,-2.68,-2.20,34.21
85,35404839,-61.52,-598.14,-798.34,1.59,-2.68,-1.34,34.02
86,35408888,-57.13,-605.47,-793.46,0.98,-2.50,-0.85,34.02
87,35412946,-48.34,-603.52,-794.43,0.06,-1.95,-0.37,34.16
88,35418790,-53.71,-610.35,-792.48,-0.73,-1.59,0.91,34.21
89,35422839,-50.29,-615.72,-801.76,-0.91,-1.04,2.26,33.97
90,35426888,-53.22,-626.95,-802.73,-0.85,-0.73,2.26,33.78
91,35430946,-56.15,-634.28,-802.25,0.00,-0.37,2.26,34.16
92,35434995,-58.11,-628.42,-798.83,0.73,0.06,1.71,33.97
93,35440790,-59.08,-621.09,-793.95,0.79,0.18,0.61,34.02
94,35444839,-61.04,-606.93,-794.43,0.67,0.06,-0.18,34.02
95,35448888,-52.73,-604.98,-794.92,0.43,-0.37,-0.24,33.83
96,35452946,-54.20,-610.35,-787.60,0.55,-0.67,0.18,34.21
97,35456995,-51.27,-615.23,-790.53,0.55,-0.98,0.55,34.02
98,35462790,-56.64,-624.02,-792.97,0.73,-0.98,0.55,34.12
99,35466839,-52.25,-623.05,-796.39,0.85,-0.98,1.16,34.40
100,35470888,-55.66,-626.95,-801.27,1.22,-0.30,0.55,33.83
101,35474946,-57.13,-633.30,-796.39,1.89,0.00,-0.06,34.02
102,35478995,-55.18,-624.02,-791.02,2.07,-0.98,-1.52,34.21
103,35484790,-52.73,-615.72,-793.95,2.01,-1.46,-1.65,34.12
104,35488839,-55.18,-612.79,-791.02,1.22,-0.98,-1.71,34.21
105,35492888,-50.78,-604.98,-797.36,0.85,-0.73,-1.16,33.97
106,35496946,-57.13,-614.75,-792.97,0.30,0.00,-0.49,34.12
107,35500995,-50.29,-619.63,-789.55,-0.24,-0.06,-0.06,34.02
108,35506790,-54.69,-626.46,-793.46,-0.61,-0.49,-0.55,33.83
109,35510839,-52.25,-634.28,-793.95,0.37,0.43,-0.91,34.36
110,35514888,-51.27,-631.84,-797.36,0.98,0.79,-1.28,34.02
111,35518946,-50.29,-615.23,-796.87,1.46,0.91,-0.73,33.88
112,35522995,-50.29,-604.49,-794.43,1.52,1.46,0.30,34.12
113,35528790,-51.27,-592.29,-791.50,1.16,1.52,0.98,34.31
114,35532839,-54.20,-588.38,-792.48,0.67,1.28,2.01,34.12
115,35536888,-54.69,-590.82,-794.43,0.79,0.79,2.26,34.16
116,35540946,-59.57,-603.52,-794.43,0.49,0.00,1.95,33.83
117,35544995,-62.50,-607.91,-800.78,1.16,-1.22,1.34,33.97
118,35550790,-58.59,-611.33,-805.18,1.95,-1.52,0.85,33.88
119,35554839,-61.04,-612.30,-801.76,2.87,-1.65,0.18,34.21
120,35558888,-62.01,-601.07,-794.92,3.48,-1.46,-0.12,33.88
121,35562946,-61.04,-593.75,-787.60,3.60,-2.26,-0.67,34.21
122,35566995,-62.50,-592.77,-794.43,3.54,-1.83,0.73,34.02
123,35572790,-57.13,-605.47,-802.25,2.99,-1.83,0.91,34.02
124,35576839,-55.66,-624.02,-803.22,3.54,-1.16,0.55,34.21
125,35580888,-58.11,-627.44,-801.76,4.39,-0.61,-0.24,34.21
126,35584946,-61.52,-614.75,-803.71,4.45,-0.49,-0.67,33.83
127,35588995,-58.59,-610.84,-802.25,4.27,-0.49,-0.18,33.97
128,35594790,-60.55,-602.05,-797.36,3.78,-1.10,0.30,33.88
129,35598839,-65.92,-595.21,-788.57,2.38,-1.95,0.67,34.31
130,35602888,-60.55,-594.24,-793.46,1.34,-1.89,0.61,33.97
131,35606946,-61.04,-605.47,-786.13,0.49,-2.13,0.85,34.16
132,35610995,-61.52,-613.77,-786.62,-0.12,-2.32,0.91,34.31
133,35616790,-57.62,-611.82,-786.62,-0.24,-1.65,1.04,34.21
134,35620839,-57.62,-606.93,-788.09,-1.28,-1.22,1.34,33.88
135,35624888,-53.22,-605.96,-788.57,-1.34,-1.46,2.13,33.83
136,35628946,-53.71,-611.33,-795.41,-0.73,-1.10,3.17,34.21
137,35634790,-54.20,-618.16,-798.34,0.00,-0.98,4.02,34.31
138,35638839,-56.64,-631.35,-799.32,1.89,-0.30,3.84,34.12
139,35642888,-59.57,-634.28,-800.29,4.09,0.24,2.56,34.02
140,35646946,-63.96,-627.93,-798.34,5.18,0.18,1.40,34.12
141,35650995,-63.48,-623.54,-797.36,6.59,0.00,0.06,34.16
142,35656790,-62.99,-616.70,-794.43,7.38,-0.73,-0.98,34.31
143,35660839,-62.01,-599.61,-784.67,7.01,-1.95,-2.32,34.02
144,35664888,-55.66,-600.10,-781.74,6.40,-2.80,-2.01,33.88
145,35668946,-58.59,-607.91,-780.27,6.10,-3.17,-1.46,34.02
146,35672995,-61.04,-612.30,-779.30,5.73,-3.48,-0.79,34.12
147,35678790,-58.59,-617.19,-777.34,4.88,-3.72,-0.37,33.97
148,35682839,-57.13,-615.23,-775.88,3.60,-3.90,-0.43,34.21
149,35686888,-55.66,-613.77,-784.67,2.62,-3.90,-0.12,33.78
150,35690946,-52.73,-621.58,-781.74,1.77,-3.48,-0.12,34.21
151,35694995,-49.80,-627.44,-782.23,1.28,-2.44,0.67,34.31
152,35700790,-54.20,-627.44,-780.76,0.37,-1.71,1.83,33.88
153,35704839,-52.73,-626.46,-775.39,0.00,-1.04,2.68,34.21
154,35708888,-51.76,-620.12,-778.32,-0.24,-0.67,3.05,33.97
155,35712946,-55.66,-624.02,-779.79,-0.49,-0.24,3.35,34.31
156,35716995,-57.62,-629.88,-788.09,-0.24,-0.37,3.72,34.21
157,35722790,-57.62,-640.62,-794.43,0.49,-0.12,3.23,34.02
158,35726839,-62.99,-650.88,-799.80,2.20,-0.43,2.01,33.83
159,35730888,-64.94,-645.51,-792.48,3.41,-0.49,0.67,34.02
160,35734946,-64.94,-629.39,-779.79,4.82,0.06,-0.37,34.02
161,35738995,-62.50,-619.14,-778.81,5.06,-0.18,-0.98,34.02
162,35744790,-59.57,-614.26,-773.93,5.12,-0.67,-1.77,34.02
163,35748839,-61.52,-615.72,-771.48,5.18,-1.34,-2.38,34.16
164,35752888,-63.48,-615.23,-767.58,4.02,-2.13,-2.68,34.02
165,35756946,-59.08,-617.19,-782.23,3.05,-2.56,-2.93,34.21
166,35760995,-57.13,-618.65,-780.76,1.95,-2.99,-2.99,34.21
167,35766790,-54.69,-627.93,-787.60,0.37,-2.87,-2.26,33.83
168,35770839,-53.22,-634.28,-785.64,-0.67,-2.38,-1.16,34.21
169,35774888,-52.73,-630.86,-787.11,-1.28,-1.71,-0.24,33.88
170,35778946,-52.25,-632.81,-786.13,-2.01,-0.85,0.79,33.78
171,35782995,-53.71,-630.37,-778.81,-2.87,-0.12,1.16,34.21
172,35788790,-53.71,-624.02,-778.81,-3.72,0.49,1.77,33.97
173,35792839,-54.20,-629.88,-786.13,-4.39,1.04,3.11,34.21
174,35796888,-56.64,-639.65,-791.99,-4.39,1.04,3.11,34.16
175,35800946,-61.52,-635.25,-796.87,-3.78,1.22,2.44,34.02
176,35804995,-61.04,-630.37,-792.97,-2.68,1.46,1.52,34.02
177,35810790,-58.11,-620.12,-791.50,-2.01,1.04,1.59,34.12
178,35814839,-58.11,-611.82,-789.06,-1.34,0.49,1.77,34.12
179,35818888,-59.57,-610.35,-781.74,-0.79,0.30,1.71,34.12
180,35822946,-58.59,-607.42,-784.18,0.37,-0.18,1.83,33.78
181,35826995,-62.50,-607.91,-789.06,1.71,-0.43,1.52,34.02
182,35832790,-61.52,-611.33,-791.50,2.44,0.18,0.98,34.12
183,35836839,-60.55,-619.14,-800.29,3.54,0.18,-0.12,34.02
184,35840888,-64.45,-629.39,-802.73,4.70,0.00,-0.67,33.97
185,35844946,-68.36,-627.93,-797.36,5.49,-0.91,-1.04,34.02
186,35848995,-68.36,-621.09,-784.18,5.55,-1.28,-2.56,34.12
187,35854790,-61.52,-615.72,-774.41,4.70,-1.71,-3.48,34.02
188,35858839,-53.22,-615.72,-771.00,3.23,-2.38,-4.15,33.88
189,35862888,-50.78,-620.12,-770.51,2.32,-2.07,-3.72,34.21
190,35866946,-51.76,-619.63,-774.90,0.85,-2.32,-2.68,34.02
191,35872790,-44.92,-620.12,-773.44,-0.55,-2.38,-1.16,34.02
192,35876839,-47.85,-633.30,-778.81,-1.40,-1.77,0.85,33.97
193,35880888,-52.73,-632.81,-775.39,-2.20,-1.10,1.46,33.83
194,35884946,-50.78,-623.54,-774.90,-2.44,-0.49,2.01,34.02
195,35888995,-51.76,-618.16,-778.32,-2.99,0.12,3.05,34.02
196,35894790,-58.11,-618.16,-780.76,-3.48,0.79,3.41,33.88
197,35898839,-53.22,-619.14,-790.53,-3.72,0.73,3.78,33.97
198,35902888,-59.08,-623.05,-793.46,-2.80,0.43,3.54,33.78
199,35906946,-68.36,-627.93,-797.36,-1.95,0.18,3.17,34.21
200,35910995,-67.38,-628.91,-795.90,-0.98,-0.37,2.44,34.21
201,35916790,-68.85,-630.86,-791.50,0.12,-0.43,1.40,34.12
202,35920839,-68.36,-633.79,-788.57,1.04,-0.79,-0.79,34.02
203,35924888,-57.13,-625.98,-790.04,2.20,-1.16,-1.46,33.88
204,35928946,-59.08,-623.54,-791.50,2.80,-1.40,-0.91,34.21
205,35932995,-57.62,-617.68,-785.64,3.84,-1.83,-1.28,34.12
206,35938790,-55.66,-618.65,-785.64,4.33,-1.77,-1.40,33.97
207,35942839,-55.66,-612.79,-779.79,4.76,-2.13,-1.04,34.02
208,35946888,-57.62,-615.23,-781.25,4.39,-2.32,-1.10,34.31
209,35950946,-57.13,-624.51,-786.13,3.78,-2.13,-1.95,34.12
210,35954995,-54.69,-630.86,-787.11,3.48,-1.89,-2.07,33.88
211,35960790,-56.64,-634.28,-781.74,3.66,-0.98,-0.67,34.02
212,35964839,-53.22,-632.81,-790.53,3.17,-1.46,-0.06,33.88
213,35968888,-56.15,-638.67,-792.97,3.05,-1.16,0.43,34.12
214,35972946,-59.08,-637.21,-787.11,2.32,-1.59,0.67,34.12
215,35976995,-57.62,-630.37,-788.09,1.89,-1.71,1.04,34.16
216,35982790,-64.45,-619.14,-786.62,1.40,-1.34,1.28,34.02
217,35986839,-62.50,-621.09,-777.34,0.12,-1.65,1.77,34.21
218,35990888,-62.99,-622.07,-782.71,-0.91,-1.89,1.28,34.21
219,35994946,-60.55,-623.05,-781.25,-1.65,-1.89,0.91,33.83
220,35998995,-63.48,-623.05,-779.30,-2.68,-1.89,0.00,33.64
221,36004790,-60.55,-624.51,-776.37,-2.99,-1.65,-0.55,34.02
222,36008839,-58.11,-630.37,-775.39,-3.11,-1.34,0.37,34.21
223,36012888,-51.76,-626.46,-771.97,-3.35,-0.49,0.79,34.16
224,36016946,-53.71,-624.51,-772.95,-3.84,0.12,1.71,33.83
225,36020995,-55.18,-617.68,-784.18,-3.29,0.73,2.87,34.02
226,36026790,-61.52,-622.56,-781.25,-2.87,1.28,3.54,34.12
227,36030839,-62.01,-632.81,-781.25,-1.71,1.10,3.29,34.21
228,36034888,-69.82,-627.93,-780.76,-0.24,1.04,2.13,34.21
229,36038946,-68.85,-629.88,-781.74,0.73,0.49,0.55,33.78
230,36042995,-62.99,-630.86,-775.39,1.40,-0.24,-1.40,34.02
231,36048790,-62.01,-631.84,-777.34,2.50,-0.67,-2.87,33.97
232,36052839,-57.62,-626.95,-776.37,2.32,-1.10,-4.27,33.78
233,36056888,-52.73,-631.35,-778.32,2.62,-1.34,-4.45,33.97
234,36060946,-43.46,-637.21,-779.30,2.99,-1.95,-4.02,34.12
235,36064995,-39.06,-635.25,-786.62,2.56,-2.56,-2.80,34.31
236,36070790,-43.46,-627.93,-784.18,2.68,-2.80,-0.85,34.21
237,36074839,-48.83,-623.05,-776.86,2.20,-2.50,1.16,33.88
238,36078888,-56.15,-615.23,-771.00,1.22,-2.20,1.95,34.12
239,36082946,-59.57,-610.84,-774.90,-0.55,-2.13,2.68,34.16
240,36088790,-64.94,-619.63,-779.79,-2.13,-2.07,3.23,34.02
241,36092839,-65.43,-642.58,-790.53,-2.62,-2.07,3.35,34.21
242,36096888,-62.01,-644.53,-791.99,-2.68,-1.65,1.89,33.78
243,36100946,-62.99,-638.18,-794.92,-2.87,-0.85,1.04,34.31
244,36104995,-60.55,-637.21,-794.43,-2.13,-0.79,0.67,34.16
245,36110790,-59.57,-629.39,-795.41,-2.13,-0.55,1.04,34.12
246,36114839,-57.62,-620.12,-791.50,-2.26,0.00,1.52,34.16
247,36118888,-61.04,-610.35,-791.02,-2.38,-0.30,1.95,33.97
248,36122946,-64.45,-614.26,-789.06,-2.80,-1.04,2.93,34.02
249,36126995,-67.38,-615.23,-794.43,-2.44,-1.71,3.72,34.02
250,36132790,-68.36,-631.84,-799.80,-2.32,-2.38,3.84,34.21
251,36136839,-73.73,-638.18,-809.08,-1.16,-2.26,2.56,34.12
252,36140888,-75.20,-640.14,-811.04,-0.18,-2.32,1.65,34.12
253,36144946,-79.59,-647.46,-802.73,0.43,-2.44,0.85,34.21
254,36148995,-74.22,-643.07,-797.36,1.34,-2.80,-0.18,34.12
255,36154790,-71.29,-632.81,-791.02,2.13,-2.68,-1.28,34.12
256,36158839,-64.94,-618.65,-781.25,2.50,-2.20,-1.22,33.97
257,36162888,-66.89,-608.40,-774.90,2.26,-1.22,-0.37,33.88
258,36166946,-67.87,-611.82,-778.81,1.83,-1.04,0.37,34.21
259,36170995,-68.36,-618.16,-784.67,0.85,-0.85,0.67,34.36
260,36176790,-68.36,-625.98,-785.64,1.10,-0.79,0.49,34.02
261,36180839,-72.75,-633.30,-781.74,1.10,-1.16,-0.18,33.88
262,36184888,-68.36,-630.86,-781.74,0.37,-1.28,-0.61,34.02
263,36188946,-62.01,-626.95,-767.58,-0.30,-1.04,-1.16,34.02
264,36192995,-55.66,-626.46,-761.72,-1.04,-0.43,-1.28,33.83
265,36198790,-60.55,-626.95,-763.67,-1.16,-0.55,-0.18,34.12
266,36202839,-61.04,-627.93,-775.39,-1.34,0.00,1.10,33.88
267,36206888,-61.04,-637.21,-769.04,-1.46,0.43,1.16,34.12
268,36210946,-66.89,-640.14,-772.95,-1.16,-0.18,0.67,34.02
269,36214995,-64.94,-635.74,-769.04,-0.79,-0.24,-0.12,34.02
270,36220790,-64.45,-619.14,-757.32,-1.34,-0.43,-0.55,34.16
271,36224839,-64.45,-604.49,-762.21,-2.07,-1.10,-0.61,34.16
272,36228888,-60.06,-606.93,-762.21,-2.62,-1.22,0.12,34.21
273,36232946,-57.62,-621.09,-767.58,-3.23,-0.98,0.73,33.97
274,36236995,-49.80,-632.32,-772.95,-2.93,-1.52,2.01,34.02
275,36242790,-52.73,-637.21,-784.18,-0.98,0.00,2.68,34.02
276,36246839,-57.62,-637.70,-777.83,0.43,0.55,2.99,34.12
277,36250888,-62.01,-632.32,-788.57,1.59,0.37,2.80,34.21
278,36254946,-69.34,-622.07,-791.99,3.29,0.67,2.56,33.97
279,36258995,-72.27,-624.51,-791.02,3.66,0.67,1.46,34.21
280,36264790,-65.43,-629.88,-799.32,4.76,0.85,-0.12,34.21
281,36268839,-69.82,-626.95,-792.97,5.18,0.79,-1.46,34.21
282,36272888,-72.27,-630.37,-785.16,4.45,0.43,-2.99,34.02
283,36276946,-66.89,-638.67,-780.76,4.15,-0.55,-4.88,33.88
284,36280995,-57.62,-639.65,-776.86,3.54,-1.16,-5.91,34.12
285,36286790,-52.25,-646.00,-780.76,2.32,-1.65,-5.85,34.02
286,36290839,-41.99,-654.30,-785.64,1.77,-1.77,-4.33,33.97
287,36294888,-42.97,-654.79,-788.09,1.22,-1.59,-2.13,34.31
288,36298946,-40.04,-644.04,-783.20,0.06,-1.71,0.06,33.83
289,36304790,-42.97,-636.72,-788.09,-1.04,-1.22,2.99,33.88
290,36308839,-55.18,-617.68,-790.04,-1.71,-0.43,6.52,34.12
291,36312888,-56.15,-621.09,-782.23,-2.80,0.73,7.80,34.16
292,36316946,-66.89,-618.65,-788.09,-2.99,1.34,7.50,34.02
293,36320995,-72.75,-628.91,-785.64,-2.50,2.13,5.73,34.12
294,36325044,-74.22,-631.84,-781.25,-1.89,1.83,3.48,34.02
295,36330790,-70.80,-646.00,-785.64,-0.85,1.77,0.61,33.78
296,36334839,-65.43,-648.93,-785.16,0.67,1.34,-2.62,33.83
297,36338888,-56.64,-646.48,-782.71,1.46,1.16,-3.72,34.16
298,36342946,-51.76,-636.72,-786.62,2.62,0.49,-3.72,33.83
299,36348790,-45.90,-637.70,-782.23,3.54,0.12,-2.56,34.31
300,36352839,-46.87,-638.18,-775.39,3.96,-0.30,-0.98,34.21
301,36356888,-51.27,-636.72,-772.46,4.94,-0.49,-0.12,33.88
302,36360946,-55.66,-629.88,-769.53,4.94,-0.30,0.12,34.02
303,36364995,-54.69,-631.84,-771.97,4.70,-0.85,0.06,34.12
304,36370790,-62.99,-627.93,-774.41,4.45,-1.16,-0.30,34.21
305,36374839,-56.64,-635.25,-777.34,4.09,-1.77,-0.49,34.02
306,36378888,-57.62,-639.16,-771.97,3.90,-1.77,-0.55,34.02
307,36382946,-55.66,-630.37,-763.18,3.41,-1.83,-0.79,34.02
308,36386995,-58.59,-620.61,-760.74,2.56,-1.40,-0.73,34.12
309,36392790,-60.55,-614.26,-756.35,0.37,-1.40,-0.85,34.21
310,36396839,-58.59,-620.12,-758.30,-1.77,-1.10,-0.91,34.12
311,36400888,-55.66,-618.65,-759.77,-2.44,-1.40,-0.61,34.16
312,36404946,-54.69,-630.37,-756.84,-3.54,-1.46,0.30,33.88
313,36408995,-49.80,-627.44,-759.77,-3.72,-0.67,1.28,34.31
314,36414790,-53.71,-624.02,-756.84,-4.09,0.12,2.32,34.02
315,36418839,-56.64,-622.07,-767.09,-4.82,0.00,3.60,34.02
316,36422888,-50.29,-628.91,-780.27,-4.51,0.43,4.45,34.21
317,36426946,-63.96,-630.86,-782.23,-4.09,0.91,5.00,34.16
318,36430995,-66.41,-636.23,-782.71,-3.05,0.24,4.88,34.31
319,36436790,-66.89,-638.18,-791.50,-2.07,-0.98,4.15,34.21
320,36440839,-75.68,-640.14,-796.39,-0.49,-0.85,2.80,34.12
321,36444888,-73.73,-642.58,-793.95,0.61,-1.22,1.28,33.83
322,36448946,-72.27,-640.14,-790.53,1.83,-1.10,0.00,33.97
323,36452995,-75.68,-644.04,-792.97,2.50,-1.52,-1.65,34.02
324,36458790,-70.80,-635.74,-782.71,2.50,-2.38,-3.11,34.21
325,36462839,-64.94,-627.44,-787.11,2.26,-2.80,-3.78,34.21
326,36466888,-65.43,-631.35,-780.76,2.13,-3.17,-3.78,34.21
327,36470946,-58.59,-634.77,-772.46,1.16,-3.48,-2.68,33.88
328,36474995,-56.15,-632.81,-772.95,0.24,-3.29,-1.46,33.97
329,36480790,-61.52,-631.35,-771.97,-1.10,-3.11,-0.55,34.12
330,36484839,-56.15,-621.09,-770.02,-2.62,-2.56,0.79,34.02
331,36488888,-57.62,-621.58,-778.81,-3.35,-1.65,1.71,34.12
332,36492946,-58.11,-632.81,-788.09,-4.09,-0.49,3.41,34.02
333,36496995,-59.08,-643.55,-791.02,-4.63,0.24,3.84,34.31
334,36502790,-58.59,-655.27,-796.39,-4.33,1.16,3.60,34.31
335,36506839,-65.92,-645.51,-792.97,-3.84,1.10,3.11,33.97
336,36510888,-66.41,-632.32,-787.60,-3.54,0.73,2.99,34.40
337,36514946,-61.52,-632.32,-789.06,-2.87,0.85,3.72,34.31
338,36518995,-61.52,-632.32,-789.55,-2.01,0.98,3.35,33.83
339,36524790,-64.94,-629.39,-788.09,-1.22,0.79,2.74,34.02
340,36528839,-70.80,-639.16,-785.16,0.37,0.06,1.04,34.12
341,36532888,-77.15,-643.55,-778.81,1.04,-0.85,-0.55,34.21
342,36536946,-73.24,-644.53,-775.39,1.89,-2.07,-2.74,34.12
343,36542790,-65.92,-638.18,-770.02,2.20,-3.05,-4.27,34.16
344,36546839,-63.48,-631.84,-761.23,1.16,-4.09,-4.63,34.16
345,36550888,-59.08,-637.70,-763.18,0.43,-4.82,-3.05,34.02
346,36554946,-50.29,-641.11,-769.04,-0.18,-4.33,-1.89,34.21
347,36558995,-55.66,-637.21,-767.58,-0.98,-3.78,-0.24,34.21
348,36564790,-54.20,-628.42,-772.95,-1.40,-2.93,1.46,34.16
349,36568839,-61.52,-623.54,-771.48,-2.32,-1.71,2.99,34.12
350,36572888,-68.36,-617.68,-771.00,-3.66,-1.04,3.29,33.88
351,36576946,-70.80,-615.72,-771.00,-4.45,-0.43,2.44,34.21
352,36580995,-69.82,-610.35,-767.58,-5.91,-0.18,2.07,33.83
353,36586790,-73.24,-620.61,-766.60,-7.07,-0.06,1.59,34.21
354,36590839,-64.94,-642.58,-777.83,-7.38,0.18,0.49,34.21
355,36594888,-64.94,-646.00,-776.37,-7.38,-0.67,0.18,34.02
356,36598946,-57.13,-641.11,-782.23,-6.77,-1.46,-0.18,34.31
357,36602995,-56.15,-638.18,-775.39,-5.79,-1.16,0.30,34.02
358,36608790,-59.57,-640.14,-765.14,-5.06,-1.04,0.43,34.16
359,36612839,-58.59,-624.51,-766.60,-4.63,-0.98,0.73,34.21
360,36616888,-58.59,-626.46,-768.07,-4.15,-0.73,1.52,34.02
361,36620946,-63.96,-635.25,-784.67,-3.35,-0.49,2.50,34.31
362,36624995,-71.78,-644.04,-784.18,-2.56,0.12,2.13,34.21
363,36630790,-69.34,-641.11,-784.18,-1.52,-0.12,0.91,34.31
364,36634839,-73.73,-627.44,-782.23,-0.85,-0.37,-0.43,34.36
365,36638888,-64.94,-624.51,-776.37,-0.79,-0.49,-1.34,34.02
366,36642946,-61.52,-623.54,-777.34,-0.30,-0.30,-2.32,33.88
367,36646995,-61.52,-619.63,-773.93,-0.67,-0.06,-2.44,34.31
368,36652790,-58.11,-629.39,-776.86,-0.55,-0.12,-2.50,34.02
369,36656839,-58.59,-644.53,-781.74,0.06,0.24,-2.13,34.02
370,36660888,-59.08,-642.09,-782.71,0.18,0.12,-1.77,34.16
371,36664946,-56.64,-634.77,-780.76,0.18,0.18,-1.71,34.02
372,36668995,-55.66,-620.12,-778.32,-0.06,0.67,-1.40,33.88
373,36674790,-54.69,-616.70,-773.44,-1.65,0.43,-0.49,34.02
374,36678839,-57.13,-618.65,-773.44,-2.74,0.12,0.43,34.21
375,36682888,-62.50,-626.95,-777.83,-3.17,0.06,1.10,33.88
376,36686946,-56.64,-636.23,-774.90,-3.90,-0.24,1.22,34.02
377,36690995,-58.59,-641.11,-783.69,-3.84,-0.98,0.98,34.36
378,36696790,-57.62,-636.72,-787.60,-3.78,-0.73,0.91,34.02
379,36700839,-55.66,-631.35,-784.18,-3.96,-0.55,1.10,34.31
380,36704888,-56.15,-629.88,-786.62,-3.84,-0.37,1.52,34.31
381,36708946,-57.62,-627.44,-790.53,-3.48,0.24,2.68,33.78
382,36712995,-61.52,-628.42,-792.97,-2.87,0.55,3.35,34.21
383,36718790,-61.52,-637.21,-791.50,-1.77,0.30,3.29,34.02
384,36722839,-59.08,-624.51,-786.13,-0.06,0.61,2.50,33.83
385,36726888,-71.78,-620.12,-786.13,0.79,0.85,1.65,33.88
386,36730946,-69.82,-621.09,-782.71,1.83,1.04,0.43,34.02
387,36734995,-72.27,-625.49,-782.23,2.38,0.85,-1.46,34.16
388,36740790,-71.29,-631.35,-788.57,2.87,0.30,-3.05,34.02
389,36744839,-68.85,-626.95,-791.99,3.17,-0.61,-3.84,33.97
390,36748888,-63.96,-622.07,-781.25,3.05,-0.85,-4.33,34.21
391,36752946,-62.99,-621.58,-770.02,1.89,-2.01,-3.78,33.97
392,36758790,-62.01,-619.63,-772.46,0.79,-2.68,-2.93,33.83
393,36762839,-55.18,-623.05,-776.37,-0.91,-3.05,-1.34,34.12
394,36766888,-53.22,-630.37,-772.95,-2.20,-3.72,-0.12,34.12
395,36770946,-50.29,-624.02,-779.79,-3.23,-3.78,1.16,34.21
396,36774995,-55.18,-619.63,-778.81,-4.15,-2.68,2.26,33.83
397,36780790,-62.99,-619.14,-774.90,-5.12,-1.95,3.17,34.40
398,36784839,-59.57,-617.19,-771.97,-5.55,-0.43,3.72,34.02
399,36788888,-61.04,-615.23,-772.46,-5.98,0.67,3.96,34.02
400,36792946,-65.43,-621.09,-776.86,-5.79,1.40,3.90,34.21
401,36796995,-61.52,-625.98,-783.20,-5.37,1.95,2.99,34.12
402,36802790,-62.50,-631.84,-791.99,-4.21,2.20,2.38,34.02
403,36806839,-58.59,-645.51,-801.76,-2.74,2.01,1.10,34.21
404,36810888,-56.15,-649.41,-804.69,-0.73,1.71,-0.24,33.83
405,36814946,-64.94,-648.93,-806.15,0.79,1.22,-0.55,34.12
406,36818995,-67.87,-646.00,-801.76,2.26,-0.18,-0.49,33.97
407,36824790,-61.52,-642.09,-803.22,3.17,-2.13,-0.91,34.12
408,36828839,-68.36,-633.30,-795.90,3.72,-3.05,-0.67,34.16
409,36832888,-62.01,-624.02,-787.11,3.72,-3.48,-1.52,34.36
410,36836946,-58.11,-619.14,-785.64,3.48,-3.60,-2.13,34.02
411,36840995,-60.55,-618.16,-778.32,2.38,-3.48,-2.93,34.02
412,36846790,-68.36,-631.84,-779.30,1.46,-4.21,-3.29,34.02
413,36850839,-54.69,-640.62,-783.69,0.85,-4.15,-2.62,34.31
414,36854888,-50.78,-630.37,-784.67,0.37,-3.23,-1.77,34.02
415,36858946,-54.20,-625.00,-780.27,-0.67,-2.56,-0.30,34.21
416,36862995,-47.85,-622.07,-782.23,-1.71,-1.59,1.46,34.21
417,36868790,-54.20,-623.54,-785.64,-2.62,-0.49,3.35,34.16
418,36872839,-64.94,-627.44,-793.46,-3.29,-0.49,4.88,34.02
419,36876888,-67.87,-629.88,-792.97,-3.23,0.00,5.30,34.12
420,36880946,-74.71,-644.04,-793.95,-2.20,-0.06,4.39,34.02
421,36884995,-74.71,-648.93,-801.27,-1.34,-0.12,3.41,34.12
422,36890790,-77.64,-641.11,-797.85,-0.30,-0.43,1.59,34.02
423,36894839,-78.12,-631.84,-796.87,0.18,-0.73,0.30,34.36
424,36898888,-73.24,-622.56,-797.85,0.79,-1.71,-0.18,34.21
425,36902946,-77.15,-621.58,-793.46,1.28,-2.26,-0.67,33.88
426,36906995,-73.73,-617.19,-791.02,1.46,-2.62,-0.49,33.88
427,36912790,-71.78,-614.75,-784.18,1.46,-3.29,-0.18,34.16
428,36916839,-68.36,-616.21,-771.48,1.34,-3.35,-0.61,33.97
429,36920888,-63.48,-625.00,-767.58,1.28,-2.99,-0.61,34.36
430,36924946,-59.08,-631.84,-771.48,1.95,-2.56,0.00,33.88
431,36928995,-56.64,-625.49,-776.86,2.32,-1.16,0.18,34.21
432,36934790,-59.08,-619.14,-776.86,2.56,0.12,1.16,34.02
433,36938839,-60.06,-618.16,-780.27,2.99,0.79,2.20,34.16
434,36942888,-67.87,-619.14,-778.32,3.05,0.85,2.26,34.21
435,36946946,-72.75,-618.65,-773.93,2.93,-0.18,1.77,34.21
436,36950995,-68.85,-627.44,-775.88,2.20,-1.16,0.61,34.21
437,36956790,-70.31,-628.42,-771.97,2.01,-2.01,-0.79,34.12
438,36960839,-64.94,-636.72,-771.00,1.52,-2.32,-2.38,34.21
439,36964888,-63.48,-635.25,-766.60,1.46,-2.68,-3.05,34.31
440,36968946,-54.69,-639.16,-764.65,1.10,-2.20,-2.99,34.31
441,36974790,-50.29,-640.62,-762.21,0.61,-2.20,-2.20,34.12
442,36978839,-45.90,-644.04,-769.04,0.06,-1.89,-0.55,34.02
443,36982888,-49.80,-642.58,-773.93,-0.06,-1.65,1.40,34.31
444,36986946,-48.83,-646.97,-777.34,-0.24,-1.95,3.54,34.31
445,36990995,-61.04,-647.46,-775.88,-0.06,-2.32,5.06,34.02
446,36995044,-67.38,-642.09,-771.48,0.18,-2.44,4.82,34.21
447,37000790,-71.78,-633.30,-768.07,-0.06,-3.11,3.41,33.88
448,37004839,-76.66,-623.54,-766.11,-0.43,-3.17,1.89,33.97
449,37008888,-75.20,-628.42,-771.48,-1.10,-3.23,0.37,34.21
450,37012946,-73.24,-628.91,-776.37,-1.71,-3.60,-0.73,34.02
451,37018790,-72.75,-627.93,-780.76,-2.07,-3.17,-1.16,33.97
452,37022839,-66.89,-618.65,-768.55,-2.20,-2.38,-0.98,33.88
453,37026888,-68.36,-618.65,-765.62,-2.80,-1.46,-0.24,33.88
454,37030946,-68.85,-606.93,-761.72,-3.11,-1.10,0.98,34.02
455,37034995,-64.94,-604.49,-761.23,-3.96,-0.12,2.50,34.21
456,37040790,-67.87,-606.93,-760.25,-4.09,0.18,4.15,34.12
457,37044839,-70.80,-615.72,-772.46,-3.78,0.24,5.00,34.02
458,37048888,-76.17,-625.00,-776.86,-2.68,0.24,4.76,33.68
459,37052946,-80.57,-633.30,-781.74,-2.07,0.12,3.72,34.21
460,37056995,-79.59,-648.44,-786.62,-0.43,0.00,2.13,34.21
461,37062790,-77.15,-655.27,-787.60,1.40,-0.12,-0.43,34.31
462,37066839,-69.82,-653.32,-787.11,2.93,-0.67,-2.50,34.12
463,37070888,-67.38,-638.18,-786.62,3.66,-1.04,-2.99,34.12
464,37074946,-65.92,-615.23,-779.30,4.02,-1.34,-2.87,34.12
465,37078995,-60.06,-616.21,-780.27,3.60,-2.20,-1.04,34.21
466,37084790,-55.18,-619.63,-786.13,3.23,-2.26,0.91,34.02
467,37088839,-64.94,-630.86,-786.13,2.44,-2.13,2.99,34.02
468,37092888,-70.31,-635.25,-790.04,1.77,-2.68,3.66,34.12
469,37096946,-71.29,-643.07,-793.46,1.95,-2.99,3.60,34.02
470,37100995,-70.80,-646.97,-788.57,1.77,-2.80,2.93,34.12
471,37106790,-70.31,-651.37,-789.06,2.01,-2.44,1.71,34.21
472,37110839,-61.52,-659.67,-781.74,2.50,-1.40,0.30,33.97
473,37114888,-66.41,-647.46,-773.93,2.44,-1.52,0.12,34.21
474,37118946,-63.48,-638.18,-771.97,1.95,-1.22,0.55,33.83
475,37122995,-64.94,-646.97,-778.81,1.40,-0.79,0.24,34.12
476,37128790,-68.36,-655.76,-780.76,1.10,-0.24,1.04,34.02
477,37132839,-67.38,-663.57,-781.74,1.04,-0.30,0.18,34.21
478,37136888,-66.41,-666.50,-777.83,1.16,0.24,-0.61,34.21
479,37140946,-65.92,-655.76,-769.53,0.98,0.06,-0.73,33.68
480,37144995,-65.92,-649.90,-764.65,0.18,0.73,-0.49,34.12
481,37150790,-64.45,-649.90,-760.25,-0.55,0.49,-1.34,34.31
482,37154839,-65.43,-643.55,-759.77,-2.13,0.49,-0.79,34.12
483,37158888,-62.01,-650.39,-765.62,-2.80,0.67,0.06,34.16
484,37162946,-62.99,-661.13,-771.48,-2.93,1.34,1.16,33.83
485,37166995,-65.43,-662.60,-771.48,-3.29,1.52,1.04,34.31
486,37172790,-68.36,-658.20,-768.55,-3.05,1.77,0.85,33.97
487,37176839,-72.27,-657.23,-766.11,-2.87,2.32,-0.37,34.02
488,37180888,-69.34,-656.74,-764.16,-2.62,2.44,-1.71,33.88
489,37184946,-64.94,-659.67,-765.14,-2.62,3.11,-3.17,34.21
490,37188995,-66.89,-664.55,-764.16,-2.20,3.78,-3.66,34.12
491,37194790,-64.45,-665.53,-763.18,-2.20,4.57,-4.21,34.16
492,37198839,-55.66,-668.46,-762.21,-2.01,4.57,-4.39,34.12
493,37202888,-60.06,-661.62,-767.58,-1.59,5.12,-3.96,34.21
494,37206946,-61.52,-652.34,-764.65,-1.71,5.49,-4.15,33.97
495,37212790,-62.50,-640.62,-762.21,-2.56,5.61,-3.78,34.02
496,37216839,-62.50,-634.77,-761.72,-3.54,5.49,-3.60,33.88
497,37220888,-63.48,-633.79,-765.14,-4.76,5.00,-3.66,33.97
498,37224946,-67.87,-636.23,-760.25,-5.55,4.57,-4.02,34.02
499,37228995,-65.92,-641.60,-755.86,-5.85,4.82,-4.21,33.97
500,37234790,-59.57,-640.14,-753.42,-6.77,5.18,-4.88,34.12
501,37238839,-57.13,-633.30,-751.46,-7.80,5.61,-5.24,33.88
502,37242888,-48.83,-636.23,-752.93,-8.60,6.22,-5.91,33.78
503,37246946,-53.22,-635.74,-753.91,-8.41,7.01,-5.67,34.21
504,37250995,-47.85,-640.14,-757.32,-8.35,7.62,-4.82,34.36
505,37256790,-51.27,-642.58,-756.84,-8.35,8.23,-4.76,34.02
506,37260839,-50.29,-635.74,-760.25,-8.17,8.29,-4.27,34.21
507,37264888,-46.39,-637.21,-761.72,-8.23,8.05,-4.02,33.83
508,37268946,-51.76,-640.62,-764.65,-7.50,8.23,-4.33,34.21
509,37272995,-54.20,-637.70,-761.23,-6.59,7.99,-4.63,34.16
510,37278790,-52.73,-633.30,-769.04,-6.28,7.38,-5.43,34.12
511,37282839,-54.20,-625.98,-771.48,-6.22,7.32,-6.46,34.21
512,37286888,-47.85,-615.72,-763.67,-6.71,6.83,-7.01,34.21
513,37290946,-51.76,-607.42,-767.09,-7.50,6.10,-7.13,34.02
514,37294995,-45.90,-607.42,-764.16,-8.48,5.79,-6.95,34.02
515,37300790,-41.99,-602.05,-769.04,-9.21,5.55,-5.91,34.02
516,37304839,-42.48,-607.42,-777.83,-10.18,4.94,-4.45,34.21
517,37308888,-49.32,-602.54,-783.69,-10.61,4.88,-3.96,34.12
518,37312946,-53.71,-595.21,-784.18,-11.52,4.82,-3.29,34.16
519,37316995,-46.87,-604.98,-783.69,-12.62,5.30,-3.05,34.02
520,37322790,-51.27,-607.91,-781.74,-13.54,5.30,-2.44,34.02
521,37326839,-45.90,-597.17,-798.83,-13.11,5.00,-1.22,34.21
522,37330888,-41.99,-594.24,-797.36,-13.23,5.73,-0.24,34.16
523,37334946,-49.32,-585.45,-796.87,-13.11,6.65,1.04,33.83
524,37338995,-69.82,-529.79,-757.32,-11.83,6.22,1.77,34.12
525,37344790,-88.87,-515.14,-740.23,-13.90,2.80,7.26,34.21
526,37348839,-44.92,-613.28,-821.29,-16.16,7.93,-2.07,34.16
527,37352888,-55.66,-557.13,-803.71,-13.84,8.11,-4.76,34.21
528,37356946,-61.04,-485.35,-763.18,-12.74,7.07,-2.13,33.97
529,37360995,-72.27,-484.86,-720.70,-14.09,5.06,2.32,34.12
530,37366790,-74.22,-537.11,-704.59,-14.51,2.87,1.28,34.12
531,37370839,-68.36,-578.61,-727.05,-14.88,1.71,-0.98,34.02
532,37374888,-62.99,-579.10,-758.30,-15.55,1.65,-0.24,34.12
533,37378946,-52.73,-549.80,-771.48,-15.85,1.95,0.98,33.83
534,37382995,-52.25,-537.11,-781.74,-15.55,1.83,4.39,34.21
535,37388790,-48.83,-540.04,-797.85,-14.63,1.71,8.11,34.21
536,37392839,-56.15,-543.95,-797.85,-12.62,1.95,14.45,34.21
537,37396888,-65.43,-564.94,-794.92,-11.71,2.20,17.68,34.21
538,37400946,-64.45,-593.75,-800.29,-10.79,1.89,17.26,34.21
539,37404995,-61.52,-615.23,-803.22,-7.50,2.56,13.29,34.02
540,37410790,-62.99,-610.84,-805.66,-3.72,1.77,7.32,34.40
541,37414839,-63.48,-608.40,-809.57,0.55,-0.18,1.04,34.02
542,37418888,-54.20,-622.56,-815.92,2.44,-0.43,-2.93,33.97
543,37422946,-52.25,-608.89,-801.27,3.05,-2.38,-9.82,34.02
544,37428790,-31.74,-592.29,-801.27,1.46,-5.30,-13.54,34.21
545,37432839,-7.32,-559.08,-776.37,-0.55,-3.72,-12.44,34.02
546,37436888,-5.37,-544.43,-751.95,-3.41,-5.49,-10.12,34.02
547,37440946,-7.32,-548.34,-739.26,-6.65,-7.80,-5.85,34.02
548,37444995,-14.16,-570.31,-741.70,-9.39,-8.90,0.61,34.02
549,37450790,-30.27,-582.03,-734.37,-11.40,-10.43,2.44,34.02
550,37454839,-29.30,-603.52,-768.55,-15.67,-12.38,1.59,34.16
551,37458888,-18.55,-631.84,-788.57,-15.43,-10.43,4.39,33.97
552,37462946,-10.74,-659.18,-800.78,-13.23,-7.01,6.16,34.12
553,37466995,-15.14,-669.92,-793.46,-8.35,-2.07,8.17,34.21
554,37472790,-41.02,-657.23,-777.83,-2.07,1.28,9.15,34.02
555,37476839,-85.94,-649.90,-757.32,3.84,4.33,8.66,34.21
556,37480888,-101.07,-682.62,-759.28,6.52,2.32,5.91,33.88
557,37484946,-84.47,-707.03,-792.97,10.91,1.22,1.59,34.02
558,37488995,-73.24,-688.48,-809.08,17.38,2.32,-5.55,34.12
559,37494790,-67.38,-639.65,-814.45,21.46,1.95,-10.37,34.02
560,37498839,-57.13,-591.80,-836.91,22.32,1.28,-9.82,34.31
561,37502888,-58.59,-585.94,-844.73,22.07,1.52,-7.44,33.83
562,37506946,-66.89,-601.07,-838.87,20.37,0.98,-5.61,34.21
563,37510995,-74.22,-614.26,-832.52,17.07,0.00,-4.76,34.02
564,37516790,-80.08,-619.63,-814.94,12.87,-1.40,-4.88,34.31
565,37520839,-90.82,-623.54,-783.69,7.38,-4.76,-6.52,34.40
566,37524888,-73.24,-625.00,-778.32,4.15,-6.71,-8.23,34.16
567,37528946,-57.62,-634.77,-768.55,0.98,-6.34,-9.02,34.12
568,37532995,-54.69,-640.14,-765.14,-2.20,-5.98,-9.94,33.83
569,37538790,-44.92,-637.70,-769.04,-4.51,-2.80,-8.54,33.97
570,37542839,-50.29,-631.35,-775.39,-7.01,2.32,-5.85,34.21
571,37546888,-38.09,-615.23,-784.18,-8.23,5.06,-3.11,34.12
572,37550946,-57.62,-625.98,-781.74,-8.05,12.38,2.93,34.12
573,37554995,-72.75,-614.75,-775.39,-8.35,15.12,6.77,34.16
574,37560790,-72.75,-620.61,-784.18,-9.63,14.57,9.09,34.21
575,37564839,-67.38,-632.32,-794.92,-8.54,16.83,9.88,34.12
576,37568888,-75.20,-641.11,-807.13,-5.79,18.54,9.09,34.02
577,37572946,-86.91,-655.76,-800.78,-1.22,19.27,5.00,33.78
578,37576995,-86.91,-683.59,-804.20,3.84,19.45,0.18,33.83
579,37582790,-70.31,-744.14,-836.43,10.55,20.55,-5.00,34.21
580,37586839,-37.11,-814.45,-871.58,20.67,23.60,-13.41,34.02
581,37590888,-1.46,-800.78,-879.39,28.48,24.57,-17.68,34.21
582,37594946,30.76,-727.54,-854.98,37.38,25.91,-18.29,33.88
583,37598995,19.53,-680.66,-821.29,41.28,28.54,-14.21,33.97
584,37604790,0.00,-653.81,-784.67,40.49,25.85,-9.88,34.02
585,37608839,-24.41,-665.53,-761.72,36.40,22.32,-8.05,33.97
586,37612888,-33.20,-691.89,-748.54,32.93,19.88,-8.48,34.21
587,37616946,-12.21,-668.95,-729.98,30.18,17.01,-10.67,34.12
588,37620995,13.67,-629.39,-715.82,25.73,14.76,-12.01,34.12
589,37626790,40.04,-624.51,-706.54,20.49,14.70,-9.21,34.21
590,37630839,53.22,-641.60,-697.75,14.33,15.55,-2.32,34.12
591,37634888,41.02,-653.32,-689.45,10.73,16.34,1.40,34.31
592,37638946,36.13,-661.13,-678.22,6.65,17.13,5.24,34.31
593,37642995,33.20,-672.85,-667.97,3.72,18.78,7.50,34.31
594,37648790,39.55,-703.12,-647.46,1.10,20.49,5.85,34.02
595,37652839,72.75,-715.82,-653.81,0.79,23.48,4.21,34.12
596,37656888,97.17,-724.12,-673.34,1.52,25.18,5.55,34.12
597,37660946,113.28,-726.56,-685.06,3.78,28.35,11.22,34.02
598,37666790,117.68,-713.87,-701.66,7.68,30.00,18.54,34.31
599,37670839,91.31,-675.78,-710.94,12.32,31.10,26.83,34.12
600,37674888,79.10,-664.06,-731.45,19.02,32.38,30.91,33.83
601,37678946,48.34,-655.76,-717.29,23.17,32.13,28.35,34.02
602,37682995,51.27,-669.43,-701.66,28.66,30.91,20.98,34.12
603,37688790,70.31,-687.99,-702.64,33.90,30.06,10.79,33.97
604,37692839,110.35,-730.47,-712.40,40.00,29.02,2.68,34.31
605,37696888,134.28,-735.84,-739.75,45.61,26.59,2.38,33.88
606,37700946,136.23,-747.07,-743.16,47.13,25.91,4.76,34.12
607,37704995,141.60,-761.23,-754.39,47.32,21.10,7.99,34.12
608,37710790,145.02,-765.14,-782.23,47.32,17.26,12.74,34.31
609,37714839,123.54,-770.02,-792.48,47.56,13.84,18.66,34.16
610,37718888,100.59,-777.83,-793.95,45.85,11.28,20.24,33.83
611,37722946,73.73,-799.80,-791.02,44.09,9.45,18.66,33.88
612,37726995,70.31,-823.24,-795.90,42.20,7.38,13.84,34.02
613,37732790,72.75,-847.17,-803.71,41.16,6.34,7.50,34.21
614,37736839,101.07,-858.40,-814.45,40.43,6.22,3.29,34.16
615,37740888,103.52,-866.21,-820.31,39.51,6.89,1.77,34.21
616,37744946,96.68,-877.93,-834.47,37.74,7.26,1.34,34.16
617,37748995,88.87,-869.14,-839.36,37.44,7.32,1.83,33.83
618,37754790,81.05,-824.71,-824.22,35.12,8.05,0.73,34.16
619,37758839,65.43,-763.18,-806.64,32.01,9.88,-0.55,33.88
620,37762888,52.73,-732.91,-798.83,29.02,10.79,-0.73,34.12
621,37766946,48.34,-687.50,-795.41,24.57,10.79,1.10,34.12
622,37770995,33.69,-657.71,-791.50,20.43,12.44,3.66,34.21
623,37776790,15.62,-640.14,-785.16,15.61,14.39,5.55,34.02
624,37780839,-3.42,-629.39,-776.86,10.43,16.52,7.80,34.02
625,37784888,-18.07,-609.86,-786.13,7.87,18.60,9.94,34.31
626,37788946,-23.93,-604.49,-800.29,5.43,21.22,12.26,33.83
627,37792995,-29.30,-599.61,-808.59,3.90,23.72,12.87,34.02
628,37798790,-35.16,-597.66,-818.85,4.45,25.61,12.62,34.12
629,37802839,-29.79,-611.33,-827.64,6.10,28.23,12.20,34.02
630,37806888,-29.79,-629.39,-836.91,7.74,30.24,11.59,34.12
631,37810946,-32.23,-641.60,-847.66,10.12,31.52,8.90,33.78
632,37814995,-24.41,-659.18,-836.91,12.50,31.59,3.29,34.12
633,37820790,-26.37,-669.92,-818.36,14.63,29.88,-3.35,34.12
634,37824839,-12.70,-660.64,-782.71,16.28,24.70,-8.72,34.02
635,37828888,5.37,-644.53,-740.72,15.24,20.06,-10.37,34.40
636,37832946,35.64,-653.32,-699.71,13.17,14.57,-10.18,34.12
637,37836995,61.52,-646.00,-671.87,10.79,10.06,-4.94,34.12
638,37842790,71.29,-631.84,-647.46,8.23,6.22,6.46,34.21
639,37846839,79.59,-639.65,-627.93,7.38,3.78,22.38,34.21
640,37850888,85.94,-676.27,-634.77,9.88,5.61,27.87,34.21
641,37854946,78.61,-712.40,-644.04,17.62,11.65,30.85,34.21
642,37858995,69.34,-744.63,-665.53,27.32,19.51,29.51,34.02
643,37864790,44.92,-755.86,-697.27,37.87,26.83,25.43,34.12
644,37868839,25.88,-777.83,-745.12,49.21,32.99,20.00,33.88
645,37872888,2.44,-808.11,-780.76,55.24,34.39,15.43,34.31
646,37876946,-16.11,-822.75,-810.55,61.46,32.01,9.82,34.12
647,37882790,-19.04,-824.71,-837.40,65.00,26.16,5.67,34.21
648,37886839,3.42,-876.95,-885.25,63.96,19.09,2.32,34.16
649,37890888,-8.79,-911.62,-899.41,62.38,14.76,-1.16,33.88
650,37894946,-32.23,-896.97,-892.09,60.91,8.90,-1.34,33.97
651,37898995,-18.07,-895.02,-866.21,54.33,4.82,-4.02,34.02
652,37904790,-5.37,-879.39,-820.80,45.37,0.73,-11.46,34.12
653,37908839,19.53,-831.54,-729.49,32.38,-3.66,-17.01,34.12
654,37912888,46.87,-814.94,-678.22,16.89,-9.15,-17.20,34.21
655,37916946,116.70,-811.04,-660.16,6.83,-11.95,-12.07,34.12
656,37920995,135.25,-786.62,-643.55,-2.93,-9.33,-1.40,34.21
657,37926790,150.39,-750.00,-634.28,-12.32,-4.57,13.60,34.16
658,37930839,134.28,-740.72,-649.41,-17.74,9.76,26.95,34.16
659,37934888,108.40,-731.45,-655.27,-17.13,24.02,36.40,34.02
660,37938946,66.89,-714.36,-654.79,-15.30,35.49,40.91,34.21
661,37942995,62.01,-716.31,-694.82,-12.32,46.89,42.80,34.16
662,37948790,38.09,-727.54,-746.58,-3.11,60.91,41.10,34.31
663,37952839,19.04,-772.95,-838.87,12.50,70.37,37.99,34.02
664,37956888,0.49,-770.51,-870.61,23.54,70.67,32.13,34.21
665,37960946,-2.44,-776.86,-914.55,38.11,70.00,25.98,34.31
666,37964995,-35.64,-785.16,-896.97,50.73,66.71,16.83,34.31
667,37970790,-33.20,-800.29,-890.62,58.11,58.35,3.96,34.31
668,37974839,-2.93,-812.01,-870.61,62.87,47.93,-9.82,34.02
669,37978888,24.41,-801.27,-838.38,63.72,41.28,-13.78,34.02
670,37982946,47.85,-770.51,-803.22,60.49,32.26,-15.30,34.12
671,37986995,68.36,-744.14,-782.23,54.09,23.23,-9.27,34.12
672,37992790,69.82,-718.75,-750.98,47.13,17.20,-0.85,34.12
673,37996839,49.32,-729.00,-692.38,37.32,12.87,5.79,34.21
674,38000888,43.95,-730.96,-652.83,30.43,11.77,8.66,34.12
675,38004946,48.83,-718.26,-623.05,21.89,13.60,13.11,33.78
676,38008995,45.90,-713.38,-620.61,13.29,19.15,17.74,34.21
677,38014790,50.29,-697.27,-630.37,6.83,27.20,23.35,34.12
678,38018839,47.85,-702.15,-622.56,-2.20,35.24,28.60,34.02
679,38022888,61.04,-706.05,-628.91,-2.99,41.65,33.96,34.36
680,38026946,43.46,-708.01,-614.75,0.24,50.49,38.05,34.02
681,38030995,18.07,-712.89,-592.77,0.12,54.15,38.29,34.31
682,38036790,5.37,-724.12,-588.87,1.34,54.88,37.13,34.21
683,38040839,-1.46,-739.75,-585.94,6.16,54.57,31.34,34.31
684,38044888,12.70,-747.07,-594.24,11.89,51.59,26.52,34.16
685,38048946,8.79,-714.84,-566.41,19.63,50.55,21.04,34.12
686,38052995,12.21,-675.78,-549.80,25.98,48.78,19.21,34.12
687,38058790,10.25,-641.11,-515.62,27.87,45.43,18.23,33.88
688,38062839,17.58,-618.65,-502.44,28.72,39.27,23.29,34.02
689,38066888,36.62,-635.25,-508.30,28.78,37.80,24.57,34.21
690,38070946,33.20,-636.23,-512.21,29.94,36.65,25.24,34.02
691,38074995,34.18,-622.07,-545.41,32.50,34.76,30.55,34.21
692,38080790,20.51,-633.79,-570.80,35.91,33.54,33.96,34.02
693,38084839,-2.44,-662.11,-608.89,42.20,32.07,33.05,34.12
694,38088888,-18.07,-679.20,-640.14,46.83,31.89,29.82,34.02
695,38092946,-24.90,-708.01,-658.69,52.50,32.93,24.88,34.31
696,38098790,-28.32,-730.96,-664.55,57.74,33.66,18.48,34.12
697,38102839,-30.27,-751.46,-667.97,63.35,33.35,9.88,33.97
698,38106888,-19.53,-724.61,-660.64,65.24,30.91,7.38,34.12
699,38110946,-23.44,-687.50,-632.81,64.51,29.33,5.55,34.21
700,38114995,-24.41,-666.50,-609.38,60.00,24.88,5.24,34.21
701,38119044,-24.41,-652.83,-593.75,53.35,20.30,6.52,34.21
702,38124790,-16.11,-650.39,-580.57,45.79,16.83,8.66,34.02
703,38128839,-31.25,-642.09,-554.20,35.55,12.74,10.61,34.12
704,38132888,-41.02,-646.97,-525.39,27.74,9.63,12.01,34.21
705,38136946,-26.86,-640.62,-533.20,19.45,5.24,15.85,34.16
706,38142790,-16.60,-633.79,-525.39,11.59,4.82,18.05,34.02
707,38146839,-10.74,-623.05,-542.48,5.43,5.30,23.96,34.12
708,38150888,-19.53,-615.72,-548.34,3.48,9.33,28.11,33.88
709,38154946,-41.99,-604.98,-545.90,1.04,12.20,29.39,34.12
710,38158995,-41.50,-601.07,-551.27,1.28,16.10,31.22,34.31
711,38164790,-50.78,-578.12,-559.08,1.59,20.06,31.65,34.02
712,38168839,-67.87,-570.31,-547.85,3.23,24.33,31.04,34.21
713,38172888,-69.34,-567.38,-554.69,4.63,25.67,29.88,34.02
714,38176946,-71.29,-578.61,-576.17,7.93,26.28,28.41,33.88
715,38180995,-74.22,-577.15,-590.33,12.32,25.61,25.24,34.31
716,38186790,-74.71,-584.96,-602.05,17.20,22.20,21.10,34.12
717,38190839,-68.85,-595.70,-629.39,22.87,17.68,15.37,34.21
718,38194888,-60.55,-610.84,-636.23,26.46,15.24,11.04,34.16
719,38198946,-48.34,-622.07,-655.27,30.79,11.83,6.22,33.97
720,38202995,-45.90,-611.82,-655.27,34.51,8.17,4.63,34.21
721,38208790,-39.55,-598.14,-644.04,36.59,5.12,5.12,34.16
722,38212839,-35.16,-570.80,-637.70,36.59,2.74,3.60,34.12
723,38216888,-30.76,-567.87,-648.44,35.18,0.91,3.35,34.12
724,38220946,-29.79,-570.31,-661.62,33.72,-1.28,4.09,34.02
725,38224995,-29.79,-559.08,-671.39,31.40,-3.54,5.12,34.12
726,38230790,-42.97,-555.66,-681.15,28.23,-5.37,5.73,34.16
727,38234839,-44.92,-553.22,-689.45,22.38,-7.74,5.18,33.88
728,38238888,-46.87,-557.13,-693.85,18.23,-9.21,4.21,34.02
729,38242946,-54.20,-563.96,-696.78,12.80,-12.20,3.72,33.83
730,38246995,-52.25,-552.73,-697.27,6.95,-15.79,5.00,34.12
731,38252790,-47.36,-540.53,-703.61,0.79,-17.80,7.87,34.02
732,38256839,-56.64,-549.32,-684.08,-7.50,-20.67,7.26,34.02
733,38260888,-49.80,-579.10,-678.71,-11.89,-21.16,6.83,33.83
734,38264946,-41.02,-608.40,-669.92,-15.98,-21.77,6.16,33.88
735,38268995,-24.41,-614.75,-664.06,-18.66,-22.07,5.85,34.02
736,38274790,-7.81,-621.09,-663.09,-20.79,-21.40,5.49,34.12
737,38278839,6.35,-629.39,-658.20,-22.68,-19.88,5.79,34.12
738,38282888,13.67,-636.72,-643.55,-23.05,-18.72,6.34,34.21
739,38286946,12.70,-635.74,-629.88,-23.23,-19.09,7.13,33.88
740,38290995,19.53,-634.28,-614.75,-22.56,-19.21,8.05,34.02
741,38296790,13.67,-633.79,-602.54,-21.71,-20.61,8.78,34.02
742,38300839,10.25,-653.32,-597.17,-20.18,-24.57,7.80,34.12
743,38304888,28.32,-670.90,-604.00,-18.84,-26.16,3.84,34.21
744,38308946,45.90,-671.87,-617.68,-15.91,-27.80,-0.30,34.12
745,38312995,56.15,-676.76,-635.25,-12.38,-29.57,-0.30,34.21
746,38318790,74.22,-694.34,-671.39,-8.17,-30.06,-0.24,34.02
747,38322839,57.62,-712.40,-702.64,-1.65,-31.04,0.12,33.97
748,38326888,40.53,-722.66,-731.45,1.52,-33.84,0.43,34.02
749,38330946,42.48,-732.42,-760.74,6.28,-36.04,-2.50,33.97
750,38336790,38.57,-739.75,-784.18,11.95,-38.05,-5.67,33.83
751,38340839,21.97,-732.42,-785.64,16.22,-41.77,-7.74,34.02
752,38344888,24.90,-719.24,-804.20,17.93,-43.96,-12.07,33.97
753,38348946,31.25,-712.89,-805.18,17.99,-44.70,-14.21,34.12
754,38352995,32.23,-724.12,-813.96,15.79,-44.39,-14.33,33.97
755,38358790,37.60,-744.14,-816.41,12.38,-46.22,-13.54,34.21
756,38362839,72.75,-795.41,-846.19,7.62,-49.21,-13.48,34.16
757,38366888,94.73,-816.41,-872.56,5.30,-50.73,-10.55,34.02
758,38370946,98.63,-848.14,-884.28,4.33,-50.24,-5.73,34.31
759,38374995,88.38,-862.30,-874.51,0.98,-50.61,-0.43,34.12
760,38380790,96.68,-885.25,-865.72,-3.29,-53.84,0.43,34.02
761,38384839,72.75,-915.53,-806.64,-7.50,-52.62,2.38,34.21
762,38388888,78.12,-920.41,-784.18,-14.76,-59.21,-3.41,33.88
763,38392946,111.82,-919.43,-771.97,-19.88,-63.72,-5.55,34.31
764,38396995,148.44,-923.83,-761.72,-23.72,-64.57,-2.50,34.12
765,38402790,167.97,-926.27,-729.00,-28.11,-64.15,-0.67,34.16
766,38406839,190.43,-938.96,-712.40,-31.59,-60.55,9.21,34.21
767,38410888,195.31,-949.22,-721.19,-31.83,-56.34,15.79,34.02
768,38414946,156.74,-971.68,-681.64,-34.94,-48.90,21.16,34.12
769,38418995,161.13,-1021.00,-715.82,-33.35,-52.38,21.52,34.21
770,38424790,158.20,-1043.95,-797.36,-25.37,-46.40,15.79,34.31
771,38428839,122.07,-1139.65,-806.15,-13.41,-42.68,5.43,34.02
772,38432888,122.07,-1159.67,-848.14,-0.06,-43.35,-6.71,34.02
773,38436946,139.16,-1178.22,-881.35,13.41,-37.93,-22.74,34.31
774,38440995,136.72,-1193.85,-873.05,29.09,-30.24,-35.91,33.97
775,38446790,149.90,-1208.01,-840.82,38.90,-22.62,-49.57,34.16
776,38450839,197.75,-1183.11,-871.09,55.98,-26.40,-64.82,34.21
777,38454888,248.54,-1155.76,-885.74,69.09,-12.68,-66.83,34.02
778,38458946,216.80,-1170.90,-743.65,83.17,-0.30,-65.73,33.78
779,38462995,218.75,-1195.31,-688.96,87.38,-4.82,-71.89,34.21
780,38468790,256.84,-1185.55,-659.67,91.28,-2.26,-76.28,34.12
781,38472839,275.39,-1192.87,-579.59,86.83,-12.44,-75.06,34.21
782,38476888,362.30,-1163.57,-608.89,85.91,-19.09,-66.34,34.31
783,38480946,355.96,-1113.28,-525.88,77.99,-19.45,-47.38,33.88
784,38484995,360.84,-1107.91,-451.66,60.79,-29.94,-19.39,34.16
785,38490790,374.02,-1080.57,-441.41,44.94,-55.85,7.01,34.12
786,38494839,371.09,-1001.95,-545.90,27.99,-72.87,47.93,34.02
787,38498888,60.06,-845.21,-517.09,17.13,-78.17,50.61,34.21
788,38502946,184.08,-1131.35,-543.46,28.29,-106.71,65.49,33.88
789,38506995,212.40,-1364.75,-491.70,29.57,-117.50,60.00,34.02
790,38512790,83.98,-1551.76,-598.14,48.05,-129.76,56.52,34.21
791,38516839,91.31,-1092.29,-401.86,37.68,-143.78,30.18,34.02
792,38520888,173.83,-1316.41,-550.78,40.79,-148.17,36.04,34.02
793,38524946,277.83,-1134.77,-427.73,38.72,-144.15,43.54,34.02
794,38528995,158.20,-1312.99,-459.47,25.79,-149.09,64.21,34.21
795,38534790,69.34,-1292.97,-479.98,21.65,-147.50,63.35,34.21
796,38538839,44.92,-1300.78,-512.70,13.54,-146.46,60.18,34.02
797,38542888,17.09,-1271.48,-480.47,12.26,-147.50,57.80,34.12
798,38546946,20.02,-1253.91,-529.30,14.45,-149.15,54.02,34.21
799,38552790,-51.76,-1290.53,-558.59,15.73,-142.20,43.23,34.16
800,38556839,-158.20,-1240.23,-579.59,29.57,-140.91,-0.12,34.02
801,38560888,-55.66,-1168.46,-601.56,40.91,-136.77,-9.02,34.12
802,38564946,-250.98,-1137.70,-397.46,31.77,-131.10,-18.11,34.02
803,38568995,-132.32,-1201.66,-762.70,40.61,-137.13,-58.35,34.02
804,38574790,-135.74,-1165.53,-362.79,44.33,-116.65,-73.54,34.16
805,38578839,99.12,-1063.96,-478.03,58.96,-107.44,-54.39,34.16
806,38582888,61.52,-1032.71,-407.23,65.79,-97.56,-51.22,33.97
807,38586946,-1.46,-967.29,-245.61,54.70,-88.66,-49.09,34.12
808,38590995,270.51,-921.39,-404.30,65.37,-76.95,18.66,33.97
809,38596790,-4.88,-1047.85,-388.18,59.15,-74.39,23.35,34.16
810,38600839,-115.23,-991.21,-339.36,50.91,-75.00,27.01,34.12
811,38604888,-103.52,-978.52,-361.82,50.30,-73.72,31.40,33.83
812,38608946,-95.21,-977.54,-353.03,45.98,-78.17,33.35,33.83
813,38612995,-86.91,-971.68,-367.68,42.32,-84.27,34.57,34.31
814,38618790,-69.82,-952.64,-411.13,41.89,-87.44,36.52,33.88
815,38622839,-83.98,-951.17,-398.44,41.46,-92.32,40.79,34.21
816,38626888,-64.45,-952.64,-388.67,41.22,-95.79,43.60,34.02
817,38630946,-184.08,-1039.55,-320.80,38.66,-94.33,34.21,34.36
818,38634995,-121.58,-960.94,-264.16,39.15,-93.35,16.77,34.12
819,38640790,-197.75,-1098.63,-242.19,36.95,-95.49,8.05,34.02
820,38644839,-51.76,-869.14,-174.80,39.70,-91.59,8.17,34.21
821,38648888,194.34,-701.66,-171.87,38.54,-92.87,11.46,34.12
822,38652946,-55.18,-862.79,-202.64,30.30,-101.71,43.72,34.31
823,38656995,-177.25,-847.17,-166.02,22.80,-105.49,42.26,34.21
824,38662790,-203.12,-868.16,-159.18,17.93,-113.23,47.32,34.16
825,38666839,-194.82,-896.00,-146.97,15.73,-121.71,46.52,34.36
826,38670888,-199.22,-886.23,-179.20,15.00,-126.46,43.72,34.16
827,38674946,-187.99,-927.25,-248.54,17.99,-126.89,41.65,34.31
828,38678995,-190.92,-952.15,-280.76,21.77,-117.26,39.15,33.88
829,38684790,-232.91,-955.08,-254.39,26.46,-113.48,37.68,34.16
830,38688839,-305.18,-918.95,-203.12,27.68,-107.87,34.76,33.97
831,38692888,-332.03,-896.48,-194.82,27.07,-105.24,32.20,33.88
832,38696946,-357.91,-891.11,-217.29,23.78,-103.35,26.83,33.68
833,38700995,-347.66,-897.95,-262.21,20.37,-102.01,21.46,34.12
834,38706790,-337.89,-898.44,-326.17,18.48,-94.09,18.78,34.21
835,38710839,-354.00,-897.46,-333.98,19.27,-82.01,20.30,34.02
836,38714888,-386.23,-904.30,-298.83,19.33,-77.07,22.87,33.97
837,38718946,-416.99,-883.79,-232.42,16.34,-71.59,22.87,33.88
838,38722995,-403.32,-888.18,-213.38,10.61,-66.46,20.24,34.12
839,38728790,-375.00,-892.58,-200.20,3.66,-58.11,15.85,34.31
840,38732839,-370.61,-910.16,-174.80,-2.56,-43.72,9.02,34.40
841,38736888,-396.97,-923.34,-169.92,-5.43,-34.51,4.94,34.21
842,38740946,-427.25,-919.43,-185.55,-10.00,-27.56,-0.49,34.21
843,38744995,-456.54,-917.48,-206.05,-16.04,-21.59,-15.24,34.02
844,38750790,-456.54,-875.98,-222.66,-21.71,-15.91,-34.39,34.21
845,38754839,-413.57,-730.47,-78.61,-39.94,-11.95,-48.66,34.12
846,38758888,-188.96,-937.01,-348.14,-29.33,-8.84,-31.40,34.21
847,38762946,-325.68,-887.21,-347.66,-38.66,-9.88,-22.74,34.16
848,38768790,-349.12,-817.38,-359.37,-47.26,-5.91,-18.35,34.21
849,38772839,-364.75,-545.41,-5.37,-73.17,-1.65,-12.38,34.21
850,38776888,-312.99,-683.59,55.18,-121.04,-4.76,-9.57,34.16
851,38780946,-151.86,-789.55,-190.92,-137.68,1.52,8.23,34.02
852,38784995,-60.06,-727.54,-372.07,-150.85,11.16,37.20,34.16
853,38789044,-34.67,-688.48,-420.41,-155.43,22.87,73.11,34.02
854,38794790,-86.43,-644.53,-381.35,-150.61,35.55,105.67,34.02
855,38798839,-186.04,-606.45,-270.02,-146.65,46.40,121.83,34.02
856,38802888,-278.32,-553.71,-220.70,-143.29,52.68,118.23,34.16
857,38806946,-381.84,-521.00,-166.02,-137.56,57.26,101.28,34.12
858,38812790,-385.74,-511.23,-236.82,-134.09,53.60,78.84,34.21
859,38816839,-375.00,-581.54,-364.26,-121.16,48.84,53.72,34.12
860,38820888,-374.02,-611.33,-437.01,-102.38,42.50,41.16,34.12
861,38824946,-367.19,-622.56,-506.35,-84.57,35.91,32.93,34.12
862,38828995,-373.54,-595.70,-516.11,-61.34,25.73,24.76,34.16
863,38834790,-379.39,-580.08,-481.93,-42.56,14.51,14.63,34.36
864,38838839,-368.65,-575.20,-421.39,-23.11,0.18,0.43,34.02
865,38842888,-354.00,-582.03,-399.90,-7.38,-11.10,-11.04,34.02
866,38846946,-333.01,-601.07,-385.74,5.06,-18.05,-16.77,34.16
867,38850995,-318.36,-621.09,-383.30,20.18,-24.57,-19.33,34.12
868,38856790,-334.96,-632.81,-386.23,32.80,-28.23,-17.99,34.36
869,38860839,-370.61,-642.09,-363.77,40.91,-32.44,-14.15,34.21
870,38864888,-373.54,-649.90,-349.61,44.45,-34.63,-11.59,34.02
871,38868946,-366.21,-668.95,-329.10,44.94,-37.32,-10.06,33.97
872,38872995,-383.79,-699.71,-293.46,44.88,-37.56,-11.52,34.02
873,38878790,-378.42,-700.20,-271.00,43.54,-41.34,-14.88,34.21
874,38882839,-375.98,-677.25,-262.70,37.87,-42.99,-20.00,34.40
875,38886888,-376.95,-667.48,-271.00,31.71,-43.84,-21.95,34.02
876,38890946,-375.49,-645.51,-283.20,23.96,-43.41,-21.89,34.02
877,38894995,-359.37,-626.95,-296.88,13.11,-43.29,-18.29,34.12
878,38900790,-352.05,-626.46,-319.34,2.32,-37.13,-12.93,34.36
879,38904839,-347.66,-643.07,-320.31,-8.72,-27.87,-1.89,34.12
880,38908888,-346.19,-634.28,-302.73,-15.30,-20.98,3.72,34.36
881,38912946,-342.77,-619.14,-281.25,-21.71,-10.18,11.04,33.88
882,38916995,-350.10,-597.66,-261.72,-26.46,1.59,17.26,34.12
883,38922790,-367.19,-589.36,-244.63,-30.67,12.68,20.06,34.31
884,38926839,-384.28,-604.00,-243.65,-32.62,23.54,21.77,34.31
885,38930888,-398.44,-625.00,-256.84,-33.11,28.41,20.30,34.12
886,38934946,-413.09,-630.37,-283.69,-31.59,33.23,15.98,33.97
887,38938995,-414.55,-644.04,-306.15,-25.73,37.20,12.01,34.31
888,38944790,-422.36,-648.93,-307.62,-18.84,37.93,4.94,34.21
889,38948839,-423.34,-630.86,-296.88,-11.77,33.48,-3.72,34.12
890,38952888,-393.55,-585.45,-316.41,-7.99,27.44,-7.01,34.12
891,38956946,-393.55,-559.08,-312.50,-3.35,22.44,-9.63,34.02
892,38960995,-383.30,-548.34,-315.92,-1.34,13.35,-12.07,34.21
893,38966790,-374.02,-550.29,-329.10,1.16,7.01,-13.90,34.16
894,38970839,-358.89,-549.80,-331.05,4.82,1.28,-14.45,34.21
895,38974888,-353.52,-565.43,-354.00,6.46,-2.01,-13.11,34.02
896,38978946,-358.40,-617.19,-383.30,8.96,-5.00,-11.22,34.02
897,38982995,-360.84,-656.74,-407.71,11.95,-6.04,-10.55,34.21
898,38988790,-358.89,-671.39,-408.20,14.57,-5.18,-12.07,34.12
899,38992839,-340.33,-678.22,-410.16,16.59,-5.00,-13.05,33.88
900,38996888,-325.20,-675.29,-394.04,18.78,-2.62,-12.13,34.36
901,39000946,-315.43,-667.48,-369.14,21.10,-1.16,-10.49,34.31
902,39006790,-302.73,-655.27,-346.19,21.40,0.37,-8.35,34.16
903,39010839,-301.76,-660.64,-322.75,21.10,2.93,-5.37,34.21
904,39014888,-298.34,-666.99,-321.78,19.82,4.45,-4.02,33.68
905,39018946,-302.25,-689.45,-327.15,18.72,5.18,-3.05,34.31
906,39022995,-297.36,-721.19,-349.12,18.05,5.91,-1.65,34.31
907,39028790,-299.80,-735.84,-363.28,17.56,5.85,-0.37,34.40
908,39032839,-311.52,-734.86,-367.68,17.50,5.67,1.40,34.02
909,39036888,-328.61,-728.03,-358.89,16.77,5.12,1.40,33.97
910,39040946,-341.31,-728.52,-342.29,15.18,4.70,-0.85,34.12
911,39044995,-345.21,-747.07,-330.08,13.72,4.88,-5.06,34.16
912,39050790,-345.70,-778.81,-331.05,12.93,5.67,-11.71,33.97
913,39054839,-320.80,-806.64,-354.98,12.99,8.41,-19.21,34.12
914,39058888,-318.85,-814.94,-346.19,13.05,11.59,-23.72,33.88
915,39062946,-290.04,-814.94,-385.25,12.62,11.95,-25.30,34.21
916,39066995,-277.34,-813.48,-409.18,13.84,16.10,-23.78,34.12
917,39072790,-279.30,-806.64,-421.87,15.30,19.94,-18.54,34.31
918,39076839,-299.80,-826.66,-428.71,14.57,22.01,-12.74,34.12
919,39080888,-368.65,-670.41,-205.08,11.65,25.61,-12.38,34.02
920,39084946,-327.15,-520.02,-427.25,-18.60,17.50,-23.41,34.12
921,39088995,-311.52,-1002.93,-450.20,-14.27,19.88,-16.10,34.31
922,39094790,-331.54,-944.34,-511.23,-15.24,21.46,-16.59,34.12
923,39098839,-326.17,-943.36,-513.67,-20.18,19.09,-15.37,34.21
924,39102888,-318.85,-934.08,-531.25,-21.89,19.27,-15.79,34.21
925,39106946,-325.20,-940.43,-549.80,-26.34,19.57,-16.28,34.21
926,39110995,-320.31,-954.10,-564.94,-30.85,22.62,-16.52,33.97
927,39116790,-302.25,-969.24,-575.68,-34.21,26.34,-17.56,34.31
928,39120839,-281.25,-977.05,-574.71,-37.32,32.07,-18.78,34.12
929,39124888,-270.51,-974.12,-579.10,-37.87,36.28,-21.34,34.12
930,39128946,-256.35,-954.10,-565.92,-38.11,42.07,-24.76,33.97
931,39132995,-248.05,-944.82,-560.55,-38.17,49.15,-29.27,34.16
932,39138790,-242.19,-932.62,-535.64,-38.60,56.28,-34.33,34.12
933,39142839,-229.00,-913.57,-515.14,-37.80,61.89,-40.06,34.02
934,39146888,-219.24,-903.81,-512.21,-35.06,66.46,-43.35,34.12
935,39150946,-215.82,-898.93,-519.04,-31.77,72.68,-46.95,34.02
936,39154995,-218.26,-897.46,-511.23,-30.30,78.05,-49.02,34.12
937,39160790,-207.03,-904.30,-525.39,-29.15,82.62,-49.63,34.12
938,39164839,-195.80,-906.74,-559.08,-28.35,86.83,-49.02,34.50
939,39168888,-181.15,-908.69,-575.68,-29.51,86.77,-47.38,34.21
940,39172946,-168.46,-920.90,-565.43,-31.71,85.00,-44.63,34.02
941,39176995,-166.50,-909.18,-557.13,-36.22,80.79,-41.59,34.12
942,39182790,-163.57,-927.73,-561.52,-40.49,77.26,-38.41,34.12
943,39186839,-151.86,-934.57,-590.33,-43.66,72.26,-36.46,34.02
944,39190888,-146.00,-902.34,-591.80,-45.79,70.30,-34.70,34.02
945,39194946,-133.79,-901.86,-592.77,-47.62,68.17,-33.05,34.21
946,39198995,-119.14,-905.76,-581.05,-49.51,66.46,-32.80,33.97
947,39204790,-106.45,-910.16,-585.94,-50.91,63.41,-33.23,34.21
948,39208839,-90.82,-898.44,-587.89,-51.52,62.07,-32.62,34.12
949,39212888,-73.73,-896.00,-588.87,-52.38,61.65,-32.07,34.02
950,39216946,-57.62,-889.16,-597.66,-51.65,61.71,-32.26,34.02
951,39222790,-49.80,-889.65,-596.68,-51.22,62.93,-32.26,34.02
952,39226839,-39.06,-886.23,-604.49,-50.00,64.51,-32.38,34.02
953,39230888,-32.23,-883.30,-614.75,-48.84,64.88,-32.38,34.21
954,39234946,-17.09,-876.95,-640.14,-46.89,65.06,-32.62,34.31
955,39238995,-8.30,-870.12,-656.25,-43.78,65.00,-31.71,34.21
956,39244790,-8.79,-864.26,-656.74,-41.28,64.63,-30.61,34.21
957,39248839,-13.67,-852.05,-658.20,-40.18,62.01,-29.09,34.12
958,39252888,-20.02,-853.52,-655.27,-39.27,59.02,-27.93,33.68
959,39256946,-25.39,-858.40,-666.50,-37.93,56.40,-27.07,33.88
960,39260995,-22.46,-862.30,-669.43,-35.49,53.11,-25.43,34.12
961,39266790,-19.53,-858.40,-675.78,-32.26,49.45,-24.21,34.21
962,39270839,-23.44,-858.40,-682.13,-28.66,44.21,-23.60,34.21
963,39274888,-35.16,-841.80,-684.08,-26.89,40.12,-21.46,34.02
964,39278946,-45.90,-841.31,-689.45,-24.94,36.46,-19.39,34.12
965,39282995,-42.97,-845.70,-697.27,-24.27,32.68,-16.40,34.36
966,39288790,-51.27,-853.52,-702.64,-24.51,28.41,-13.78,34.16
967,39292839,-53.22,-855.96,-705.57,-25.18,24.82,-10.37,34.16
968,39296888,-68.36,-845.70,-708.50,-25.24,21.83,-8.11,34.21
969,39300946,-75.20,-836.43,-702.15,-26.52,17.44,-5.61,34.21
970,39304995,-77.64,-846.19,-685.55,-27.20,13.90,-4.27,34.21
971,39310790,-72.27,-853.03,-686.52,-27.44,11.71,-3.84,34.21
972,39314839,-55.66,-872.07,-687.99,-27.56,10.37,-4.15,34.02
973,39318888,-56.15,-877.44,-685.55,-26.95,12.38,-5.06,34.21
974,39322946,-57.62,-875.00,-697.75,-26.95,14.39,-5.67,33.97
975,39326995,-56.15,-887.70,-703.12,-25.85,16.95,-7.87,34.02
976,39332790,-55.18,-870.12,-705.08,-24.94,19.76,-10.24,34.31
977,39336839,-38.57,-853.03,-711.91,-24.21,22.56,-12.99,34.31
978,39340888,-37.60,-846.68,-722.66,-23.78,24.02,-14.15,34.21
979,39344946,-40.04,-840.33,-727.54,-23.23,25.43,-14.94,34.02
980,39348995,-43.95,-837.40,-727.05,-22.50,26.10,-14.70,34.21
981,39354790,-49.32,-829.59,-737.30,-22.01,25.30,-14.27,34.02
982,39358839,-39.06,-829.10,-736.33,-21.46,23.17,-12.50,34.21
983,39362888,-49.80,-830.08,-742.68,-21.10,21.22,-11.28,34.21
984,39366946,-42.48,-846.19,-752.93,-20.85,18.23,-9.63,33.88
985,39370995,-42.48,-851.56,-753.91,-19.57,15.06,-8.17,34.16
986,39376790,-45.90,-852.05,-751.46,-17.62,12.13,-6.71,34.31
987,39380839,-48.83,-862.30,-757.81,-15.73,7.38,-4.27,33.97
988,39384888,-43.95,-875.00,-762.70,-14.21,4.39,-2.07,34.12
989,39388947,-45.41,-889.65,-779.79,-13.29,1.77,1.16,33.97
990,39392996,-59.08,-907.23,-793.95,-13.29,-1.04,4.70,34.12
991,39398790,-71.29,-941.41,-799.32,-14.45,-4.45,7.80,34.02
992,39402839,-73.24,-994.63,-802.25,-16.59,-9.33,10.30,34.21
993,39406888,-76.66,-1026.37,-811.52,-17.50,-13.11,10.67,34.21
994,39410946,-84.96,-1044.92,-821.29,-17.68,-17.01,10.79,34.02
995,39414995,-88.38,-1046.39,-844.24,-18.35,-19.33,10.00,34.02
996,39420790,-88.87,-1068.36,-854.98,-19.39,-21.40,7.80,34.21
997,39424839,-79.10,-1083.50,-888.18,-22.50,-21.28,3.54,34.21
998,39428888,-77.64,-1097.17,-888.18,-24.39,-22.07,2.68,34.02
999,39432946,-63.48,-1101.56,-928.71,-22.26,-19.82,2.99,34.36
1000,39436995,-54.69,-1110.35,-941.41,-19.33,-17.80,2.68,34.16
1001,39442790,-58.11,-1107.42,-948.73,-16.34,-15.79,1.95,33.97
1002,39446839,-50.29,-1102.54,-949.71,-11.71,-14.15,1.16,34.02
1003,39450888,-37.11,-1096.19,-955.08,-7.99,-11.40,1.22,33.88
1004,39454946,-35.16,-1099.61,-945.31,-4.15,-7.99,1.59,34.12
1005,39460790,-37.60,-1101.07,-945.80,-0.43,-6.59,1.77,34.21
1006,39464839,-38.09,-1100.59,-939.94,5.79,-5.67,3.78,33.88
1007,39468888,-34.18,-1102.05,-933.59,11.52,-5.30,4.45,33.83
1008,39472946,-24.90,-1101.07,-917.48,16.04,-6.04,4.33,34.21
1009,39476995,-21.48,-1094.24,-910.64,23.29,-8.23,5.00,34.02
1010,39482790,-37.60,-1092.29,-913.57,30.98,-10.06,7.93,34.02
1011,39486839,-40.53,-1077.15,-905.27,37.87,-11.59,12.01,34.21
1012,39490888,-41.02,-1061.52,-890.14,41.34,-13.90,15.43,33.88
1013,39494946,-40.53,-1049.80,-900.88,44.15,-14.51,18.66,34.12
1014,39498995,-49.32,-1052.25,-898.44,45.91,-15.00,22.56,34.02
1015,39504790,-57.13,-1057.13,-886.23,46.04,-15.49,25.98,34.12
1016,39508839,-50.78,-1081.05,-869.63,45.67,-15.30,27.01,34.21
1017,39512888,-50.29,-1091.80,-862.30,45.55,-14.51,25.85,34.02
1018,39516946,-55.18,-1092.29,-828.12,44.76,-13.41,25.06,33.97
1019,39520995,-52.73,-1103.03,-815.43,42.99,-11.83,24.33,33.97
1020,39526790,-58.11,-1101.56,-784.18,39.76,-11.16,23.54,34.12
1021,39530839,-56.64,-1102.05,-787.60,36.10,-11.04,23.23,34.40
1022,39534888,-42.97,-1053.22,-758.79,31.04,-8.05,23.23,34.21
1023,39538946,-77.15,-1059.57,-698.24,24.57,-4.88,22.56,33.97
1024,39542995,-102.54,-1061.04,-693.36,19.27,-4.94,19.51,34.31
1025,39548790,-140.62,-1019.53,-696.78,10.37,-7.32,18.29,34.12
1026,39552839,-95.70,-959.47,-710.94,2.80,-10.79,21.52,34.02
1027,39556888,-82.03,-971.68,-709.47,-0.73,-9.82,22.93,34.02
1028,39560946,-118.65,-985.84,-667.97,-5.91,-5.85,24.33,34.02
1029,39564996,-137.70,-988.77,-655.27,-9.88,-2.38,27.20,34.21
1030,39570790,-142.09,-960.45,-641.60,-11.83,-0.61,27.13,33.88
1031,39574839,-146.48,-912.60,-595.21,-10.61,0.00,24.51,33.97
1032,39578888,-143.55,-890.62,-563.96,-7.13,-0.18,22.07,34.12
1033,39582947,-171.87,-865.23,-540.53,-2.26,-0.85,17.26,34.02
1034,39586996,-186.04,-860.35,-531.74,0.49,-1.46,14.51,34.02
1035,39592790,-182.62,-874.51,-539.06,3.11,-0.49,11.28,34.16
1036,39596839,-150.88,-892.58,-547.85,4.57,4.70,5.37,34.21
1037,39600888,-124.02,-893.55,-572.27,5.91,7.13,2.07,34.12
1038,39604947,-89.36,-890.14,-605.47,8.11,10.73,-1.40,34.02
1039,39608996,-85.94,-874.51,-619.63,9.39,12.62,-2.50,34.02
1040,39614790,-97.66,-863.77,-626.46,6.95,9.88,-3.60,34.21
1041,39618839,-93.26,-822.75,-649.41,2.74,6.77,-2.44,34.02
1042,39622888,-90.82,-768.55,-660.64,0.73,4.02,0.55,34.21
1043,39626947,-113.28,-761.23,-642.09,-4.21,5.18,-0.24,33.88
1044,39630996,-88.38,-805.18,-599.12,-8.35,8.17,-2.50,34.02
1045,39636790,-84.96,-780.76,-551.76,-11.28,10.73,-5.61,34.21
1046,39640839,-70.80,-760.25,-533.20,-10.79,19.21,-12.32,34.31
1047,39644888,52.73,-623.54,-623.54,-6.16,27.01,-8.54,34.12
1048,39648947,293.95,-609.38,-743.16,27.93,40.55,48.60,34.12
1049,39652996,47.85,-617.68,-482.91,36.65,45.61,73.72,34.21
1050,39658790,-229.49,-673.34,-287.11,35.49,45.98,68.48,34.12
1051,39662839,-438.48,-712.40,-234.37,22.74,46.04,18.96,34.02
1052,39666888,-404.30,-748.05,-363.28,3.29,39.27,-20.67,34.36
1053,39670947,-194.82,-632.32,-428.71,-3.72,31.95,-54.51,34.21
1054,39676790,-62.01,-534.18,-437.99,-9.45,26.95,-62.93,34.16
1055,39680839,62.99,-470.21,-449.71,-21.59,21.65,-51.22,34.02
1056,39684888,56.15,-493.16,-441.41,-28.11,20.98,-27.80,33.97
1057,39688947,-4.88,-546.88,-417.48,-37.44,19.45,-14.76,34.12
1058,39692996,-41.50,-568.85,-415.53,-54.27,16.83,-0.73,33.97
1059,39698790,-44.43,-545.90,-420.41,-70.49,19.15,14.63,34.02
1060,39702839,-37.60,-479.00,-436.04,-86.89,24.51,30.06,33.97
1061,39706889,-30.27,-476.56,-454.59,-94.88,29.57,41.16,33.88
1062,39710946,-32.23,-502.44,-508.79,-96.52,33.96,48.29,34.02
1063,39714995,-62.01,-529.79,-537.60,-92.80,38.78,53.05,33.97
1064,39720790,-98.63,-542.48,-567.87,-83.11,40.91,52.38,34.12
1065,39724839,-173.34,-523.44,-541.99,-71.04,40.67,45.18,34.21
1066,39728889,-187.99,-497.07,-518.55,-60.43,35.79,35.55,34.02
1067,39732946,-181.15,-481.93,-487.30,-54.15,32.62,23.29,34.21
1068,39736996,-161.62,-491.21,-478.03,-46.65,26.89,9.15,34.16
1069,39742790,-109.37,-498.54,-488.77,-36.52,23.41,1.59,34.16
1070,39746840,-64.94,-481.93,-490.23,-25.24,20.49,0.61,34.21
1071,39750889,-47.85,-455.57,-515.62,-19.70,17.38,5.24,34.31
1072,39754946,-48.34,-455.08,-551.76,-15.61,14.15,14.70,34.16
1073,39758996,-68.36,-465.33,-581.05,-11.40,10.06,21.77,33.97
1074,39764790,-90.82,-452.15,-595.21,-7.07,2.62,27.68,34.12
1075,39768840,-105.47,-415.53,-601.07,-2.62,-5.79,28.17,33.97
1076,39772889,-119.63,-407.23,-579.10,-1.52,-9.88,25.12,34.02
1077,39776946,-118.16,-430.18,-566.89,-1.59,-13.90,21.34,34.02
1078,39780996,-96.68,-441.41,-561.04,0.30,-12.44,18.72,34.12
1079,39786790,-95.70,-456.05,-535.64,2.56,-9.09,15.49,34.21
1080,39790840,-73.24,-474.12,-523.93,2.68,-7.26,13.66,34.02
1081,39794889,-60.06,-451.17,-502.93,6.83,-3.17,17.07,34.21
1082,39798946,-62.50,-432.13,-466.31,7.93,0.91,21.65,33.88
1083,39802996,-62.01,-429.69,-442.38,7.20,3.05,23.66,34.21
1084,39808790,-49.32,-458.98,-419.43,9.39,5.00,24.63,34.02
1085,39812840,-52.73,-499.02,-390.62,16.10,5.91,24.39,34.31
1086,39816889,-54.69,-490.72,-383.30,22.20,3.84,25.49,34.12
1087,39820946,-64.45,-464.84,-381.35,32.50,2.26,27.01,33.83
1088,39824996,-100.10,-459.96,-362.30,38.72,-1.16,25.37,34.31
1089,39830790,-144.53,-477.54,-360.84,42.44,-7.56,21.59,34.31
1090,39834840,-162.60,-505.37,-407.71,47.01,-16.95,17.38,34.12
1091,39838889,-176.76,-518.55,-446.78,50.24,-25.12,15.24,34.02
1092,39842946,-186.04,-539.06,-478.52,52.44,-34.94,15.24,33.88
1093,39846996,-180.66,-561.04,-503.91,55.79,-45.91,16.46,34.21
1094,39852790,-186.52,-601.07,-540.04,60.79,-52.32,15.85,34.02
1095,39856840,-219.73,-620.61,-508.79,65.91,-62.07,11.34,34.12
1096,39860889,-219.73,-625.98,-482.91,67.62,-67.93,9.15,33.97
1097,39864946,-192.38,-628.42,-468.26,71.16,-74.57,9.57,34.02
1098,39868996,-189.45,-646.97,-484.37,72.74,-76.10,8.41,34.12
1099,39874790,-199.22,-679.20,-507.32,74.21,-77.01,8.84,34.21
1100,39878840,-209.96,-699.71,-535.16,76.16,-74.57,7.32,34.21
1101,39882889,-195.31,-666.02,-524.41,78.23,-72.99,9.57,34.31
1102,39886946,-207.52,-637.21,-490.72,79.15,-64.88,12.38,34.40
1103,39892790,-228.52,-650.88,-468.26,76.89,-58.54,11.89,34.21
1104,39896839,-248.05,-706.54,-466.80,75.37,-50.18,8.05,34.12
1105,39900889,-260.74,-710.94,-449.22,73.78,-45.91,4.45,34.12
1106,39904946,-248.05,-710.45,-431.15,72.20,-43.66,2.80,34.21
1107,39908996,-242.19,-708.50,-416.02,70.91,-39.45,1.16,34.12
1108,39913045,-241.21,-706.05,-387.70,67.26,-35.85,0.98,34.16
1109,39918790,-238.28,-699.22,-381.35,61.34,-33.54,2.99,34.21
1110,39922839,-227.05,-699.22,-396.00,53.11,-30.18,7.38,33.97
1111,39926888,-231.93,-714.84,-402.34,47.80,-28.84,10.00,34.16
1112,39930947,-221.68,-722.66,-413.57,43.17,-29.51,13.23,34.21
1113,39936790,-229.98,-729.98,-417.97,38.66,-28.41,14.27,34.21
1114,39940839,-243.65,-738.77,-436.52,34.02,-29.88,14.57,34.21
1115,39944888,-247.56,-750.98,-458.98,30.00,-32.20,14.27,33.97
1116,39948947,-243.65,-760.74,-481.93,27.07,-33.29,15.79,34.02
1117,39952996,-245.61,-770.51,-493.16,24.45,-33.29,17.20,34.12
1118,39958790,-240.72,-756.84,-495.61,23.35,-34.51,19.02,34.36
1119,39962839,-237.79,-749.02,-497.07,23.29,-33.17,19.63,34.21
1120,39966888,-246.58,-749.02,-480.96,23.23,-31.71,20.00,33.88
1121,39970947,-248.54,-757.32,-483.40,23.96,-31.04,20.43,34.12
1122,39974996,-260.25,-770.02,-482.42,25.37,-29.88,18.35,34.36
1123,39980790,-266.11,-761.72,-481.45,27.62,-32.13,18.48,34.12
1124,39984839,-19.04,274.90,-528.32,27.56,-32.01,18.48,34.31
1125,39988888,-414.55,-1038.57,-396.00,5.00,-33.35,17.26,33.97
1126,39992947,-325.20,-905.76,-411.62,20.49,-23.90,15.12,34.31
1127,39996996,-337.89,-976.07,-579.59,34.57,-28.17,0.24,34.02
1128,40002790,-464.84,-1205.57,-598.14,52.74,-34.45,-17.20,34.21
1129,40006839,-174.32,-391.11,-504.39,67.62,-43.72,-42.56,34.21
1130,40010888,-212.40,-88.87,-159.67,24.02,-35.73,-56.52,34.02
1131,40014947,16.60,-755.37,-282.71,30.43,-27.26,-18.17,34.21
1132,40018996,-151.37,-937.01,-373.54,22.50,-28.60,2.01,34.21
1133,40024790,-321.29,-868.16,-441.89,16.28,-24.57,7.68,34.21
1134,40028839,-267.09,-781.74,-477.54,10.49,-23.54,10.30,34.12
1135,40032888,-267.58,-705.57,-438.48,3.60,-26.10,8.11,34.16
1136,40036947,-262.70,-725.59,-463.87,0.55,-27.93,5.79,33.88
1137,40040996,-259.77,-773.93,-477.05,1.77,-26.28,3.60,34.16
1138,40046790,-265.14,-810.55,-482.91,4.02,-23.23,2.32,34.02
1139,40050839,-282.23,-829.10,-487.30,6.10,-16.59,-0.67,34.21
1140,40054888,-271.97,-815.43,-485.35,4.82,-12.62,-1.22,34.21
1141,40058947,-264.65,-802.25,-487.30,2.74,-7.99,-2.01,34.21
1142,40062996,-267.09,-800.78,-494.63,2.62,-3.35,-3.35,34.21
1143,40068790,-257.81,-812.01,-500.49,3.29,0.30,-4.27,34.16
1144,40072839,-258.30,-847.66,-505.37,5.67,3.23,-8.72,34.02
1145,40076888,-244.14,-863.77,-509.28,7.68,4.33,-13.23,34.21
1146,40080946,-257.81,-912.60,-508.79,10.61,3.90,-18.48,33.88
1147,40084995,-242.19,-913.09,-479.49,12.93,2.26,-24.02,34.12
1148,40090790,-34.18,-605.47,-438.48,7.87,4.45,-15.24,34.12
1149,40094839,-208.01,-924.32,-455.57,9.33,6.83,-12.20,34.31
1150,40098888,-233.40,-900.88,-466.31,5.37,5.06,-13.05,34.36
1151,40102946,-218.26,-878.91,-448.24,-0.30,4.27,-15.12,34.12
1152,40106995,-204.59,-868.65,-434.08,-3.48,0.67,-18.35,34.02
1153,40112790,-206.05,-875.49,-448.24,-4.39,-0.85,-19.88,33.88
1154,40116839,-534.18,-2079.10,-1025.39,81.52,-19.33,-44.09,33.83
1155,40120888,256.84,813.96,290.53,-8.35,-18.66,-15.49,34.31
1156,40124946,-185.06,-1137.70,-492.19,-21.28,-1.65,23.11,34.21
1157,40130790,-335.94,-831.05,-427.25,7.68,-10.18,-13.29,34.12
1158,40134839,-278.81,-904.79,-398.93,-30.91,-17.01,-0.55,34.21
1159,40138888,-196.78,-817.87,-437.50,-22.99,-20.12,-2.13,34.02
1160,40142946,-233.40,-729.98,-455.08,-21.52,-16.22,-4.82,34.02
1161,40146995,-238.28,-798.83,-457.03,-25.00,-22.56,-5.85,34.12
1162,40152790,-226.56,-829.59,-455.57,-22.32,-25.00,-7.74,34.31
1163,40156839,-242.68,-894.04,-484.86,-13.17,-14.63,-8.54,33.88
1164,40160888,-232.42,-911.13,-498.05,-13.29,-13.23,-9.63,34.02
1165,40164946,-234.37,-901.86,-514.65,-15.43,-10.24,-10.61,34.21
1166,40168995,-221.19,-879.88,-525.88,-18.48,-7.50,-9.21,34.02
1167,40174790,-212.89,-887.70,-535.16,-22.20,-5.30,-7.93,33.97
1168,40178839,-207.03,-896.00,-537.60,-24.45,-1.95,-7.87,34.12
1169,40182888,-195.80,-906.74,-529.79,-24.15,-1.28,-7.74,33.97
1170,40186946,-195.31,-933.11,-543.95,-24.27,-2.20,-9.88,34.21
1171,40190995,-196.78,-940.43,-555.18,-24.09,-2.80,-13.84,34.21
1172,40196790,-193.36,-940.43,-568.85,-23.72,-1.34,-16.65,34.02
1173,40200839,-183.59,-946.78,-603.03,-24.33,0.24,-17.87,34.21
1174,40204888,-183.11,-949.22,-617.68,-25.37,1.65,-18.60,34.02
1175,40208946,-187.01,-948.73,-625.00,-25.79,6.52,-17.93,34.21
1176,40212995,-181.64,-946.29,-628.91,-27.62,9.09,-17.56,34.12
1177,40218790,-168.95,-944.34,-627.44,-29.57,11.65,-16.71,34.31
1178,40222839,-165.04,-936.04,-623.05,-31.95,13.35,-15.79,34.21
1179,40226888,-165.04,-933.59,-611.33,-33.66,14.39,-15.67,34.02
1180,40230946,-168.46,-933.11,-601.56,-35.73,13.78,-15.12,34.21
1181,40234995,-165.53,-925.29,-596.19,-36.83,12.93,-15.06,34.31
1182,40240790,-164.55,-932.13,-595.70,-37.07,12.93,-15.30,34.21
1183,40244839,-169.92,-925.78,-589.84,-35.67,14.15,-16.83,34.02
1184,40248888,-160.64,-908.69,-572.75,-34.51,16.04,-18.41,34.02
1185,40252946,-157.71,-915.04,-562.50,-32.38,16.65,-20.12,33.88
1186,40256995,-136.72,-913.09,-559.08,-29.88,16.46,-21.89,34.21
1187,40262790,-168.46,-940.43,-571.78,-24.51,18.48,-24.39,34.12
1188,40266839,-135.25,-899.90,-564.94,-17.07,20.43,-28.54,34.16
1189,40270888,-122.56,-909.67,-566.41,-12.80,21.40,-29.70,34.21
1190,40274946,-124.51,-929.69,-584.47,-5.85,22.32,-29.76,34.02
1191,40278995,-119.14,-934.57,-596.68,-1.52,23.48,-29.57,34.02
1192,40284790,-118.16,-936.52,-604.49,1.89,24.82,-28.29,34.21
1193,40288839,-129.88,-941.41,-599.12,3.84,23.84,-26.34,34.21
1194,40292888,-135.74,-931.64,-599.12,3.35,21.34,-24.51,34.16
1195,40296946,-142.09,-929.69,-608.40,1.46,16.22,-22.26,34.02
1196,40300995,-146.00,-928.22,-608.89,-1.95,9.88,-20.00,34.16
1197,40306790,-142.58,-915.53,-614.75,-6.28,4.15,-17.56,34.12
1198,40310839,-144.53,-912.11,-618.65,-11.10,0.12,-14.76,34.12
1199,40314888,-147.95,-891.11,-607.91,-14.63,-1.16,-13.41,34.21
1200,40318946,-158.69,-876.46,-593.26,-19.39,-1.04,-11.83,34.40
1201,40322995,-157.23,-871.58,-582.52,-23.78,1.59,-11.95,34.02
1202,40328790,-164.06,-880.37,-576.17,-27.38,4.88,-13.35,34.12
1203,40332839,-166.02,-875.00,-572.75,-33.11,7.20,-15.00,33.88
1204,40336888,-147.46,-870.61,-577.64,-34.45,9.33,-15.85,34.21
1205,40340946,-144.04,-866.21,-588.87,-34.15,14.76,-16.71,34.12
1206,40346790,-148.93,-860.35,-586.91,-34.88,18.29,-16.89,33.88
1207,40350839,-148.93,-863.77,-588.38,-34.02,21.28,-16.65,34.02
1208,40354888,-149.90,-865.23,-575.68,-33.05,24.15,-17.74,34.40
1209,40358946,-143.07,-864.75,-574.22,-31.95,25.61,-18.78,34.21
1210,40362995,-139.16,-872.07,-566.41,-29.76,26.52,-20.73,33.97
1211,40368790,-142.58,-869.14,-571.29,-27.13,25.85,-22.62,34.16
1212,40372839,-133.79,-883.79,-585.45,-23.84,23.35,-23.29,34.21
1213,40376888,-133.79,-884.28,-598.63,-20.85,21.65,-23.17,33.78
1214,40380947,-132.32,-893.55,-612.79,-19.09,19.76,-22.38,34.21
1215,40384996,-130.37,-901.86,-627.93,-18.17,17.38,-21.22,34.21
1216,40390790,-122.07,-911.13,-646.97,-18.17,15.55,-19.88,34.16
1217,40394839,-112.79,-921.39,-672.36,-18.17,13.17,-18.48,34.21
1218,40398888,-110.84,-932.13,-693.36,-17.07,11.34,-17.26,34.12
1219,40402947,-102.54,-950.20,-711.43,-15.67,10.55,-16.71,34.31
1220,40406996,-104.00,-953.61,-710.45,-14.82,9.82,-16.46,33.97
1221,40412790,-105.96,-947.27,-710.45,-14.94,9.33,-16.34,34.02
1222,40416839,-108.40,-946.78,-698.73,-17.01,7.68,-15.24,34.12
1223,40420888,-113.28,-954.10,-708.01,-18.90,6.52,-14.02,34.16
1224,40424947,-111.82,-950.20,-705.08,-19.51,5.24,-12.32,34.02
1225,40428996,-123.54,-955.08,-711.91,-19.70,6.71,-10.43,34.02
1226,40434790,-120.12,-953.12,-715.82,-20.85,4.70,-8.60,34.21
1227,40438839,-109.86,-972.66,-723.14,-20.43,4.45,-7.56,34.21
1228,40442888,-109.37,-983.40,-713.38,-19.57,4.63,-7.13,34.12
1229,40446947,-106.93,-997.56,-718.26,-17.68,3.35,-6.52,34.21
1230,40450996,-101.56,-1015.62,-718.26,-15.30,2.56,-5.55,34.16
1231,40456790,-99.12,-1038.09,-722.17,-13.48,1.34,-5.67,34.31
1232,40460839,-103.52,-1074.71,-721.19,-11.89,-0.73,-6.83,34.02
1233,40464888,-109.86,-1086.91,-729.98,-10.24,-3.11,-7.50,34.16
1234,40468947,-116.21,-1107.91,-753.91,-8.23,-7.13,-7.56,34.40
1235,40472996,-115.23,-1129.39,-776.37,-6.52,-10.55,-7.87,34.36
1236,40478790,-122.56,-1153.32,-804.69,-5.91,-13.90,-7.68,33.97
1237,40482839,-125.00,-1184.57,-842.29,-5.85,-16.83,-7.93,34.21
1238,40486888,-128.42,-1186.52,-879.39,-7.26,-19.09,-7.80,34.02
1239,40490947,-125.49,-1197.75,-915.04,-7.62,-21.34,-6.95,34.12
1240,40494996,-128.42,-1205.08,-928.71,-7.68,-23.48,-5.61,34.12
1241,40500790,-125.49,-1219.73,-972.17,-7.62,-25.73,-3.29,34.21
1242,40504839,-115.72,-1221.19,-986.82,-5.73,-30.06,0.67,34.31
1243,40508888,-114.75,-1230.47,-1012.21,-2.93,-30.12,4.33,34.02
1244,40512947,-102.54,-1236.82,-1034.18,0.79,-29.39,8.11,34.02
1245,40516996,-110.35,-1232.91,-1022.95,4.94,-27.44,10.67,34.21
1246,40522790,-108.40,-1221.68,-1023.93,9.51,-27.68,13.96,34.12
1247,40526839,-119.14,-1221.68,-1001.46,16.71,-24.39,16.34,34.16
1248,40530888,-117.19,-1220.21,-978.03,21.77,-22.93,17.38,34.31
1249,40534947,-113.77,-1216.80,-979.00,27.38,-20.24,18.48,34.12
1250,40538996,-109.86,-1215.82,-977.54,32.50,-17.01,19.76,34.21
1251,40544790,-125.00,-1223.63,-944.34,36.59,-15.91,20.37,33.97
1252,40548839,-129.88,-1216.31,-933.59,40.37,-17.07,21.83,34.02
1253,40552888,-127.93,-1189.94,-926.76,43.54,-17.99,24.57,34.02
1254,40556946,-133.79,-1180.66,-896.97,48.84,-13.17,29.21,33.97
1255,40562790,-132.32,-1178.22,-877.93,51.28,-14.02,32.44,34.21
1256,40566839,-127.44,-1204.10,-840.82,53.17,-14.76,33.11,34.21
1257,40570888,-122.56,-1224.12,-830.08,57.13,-11.65,31.40,33.97
1258,40574946,-124.02,-1226.56,-792.48,59.94,-10.00,30.18,34.31
1259,40578995,-120.12,-1230.47,-768.55,62.87,-7.44,28.90,34.31
1260,40583044,-105.96,-1212.89,-765.62,63.05,-5.79,26.89,34.02
1261,40588790,-136.23,-1190.92,-722.17,62.01,-5.37,27.93,33.88
1262,40592839,-151.86,-1146.97,-687.99,54.76,-9.63,32.68,34.12
1263,40596888,-174.80,-1109.38,-674.32,47.50,-13.84,33.90,34.21
1264,40600946,-162.11,-1079.10,-668.46,36.65,-18.72,35.37,34.21
1265,40606790,-154.79,-1066.41,-661.13,27.50,-20.85,36.71,34.02
1266,40610839,-142.58,-1062.01,-627.44,18.66,-16.04,36.77,34.40
1267,40614888,-152.34,-1052.73,-608.89,13.66,-12.50,36.59,33.78
1268,40618946,-150.88,-1032.71,-599.61,9.82,-8.35,36.04,34.16
1269,40622995,-134.77,-1025.88,-603.03,4.57,-3.54,35.67,34.21
1270,40628790,-131.35,-988.77,-578.61,-1.22,1.95,36.77,33.88
1271,40632839,-125.98,-940.43,-532.71,-5.61,8.72,40.24,34.21
1272,40636888,-136.23,-903.32,-496.09,-9.51,12.56,41.46,33.88
1273,40640946,-127.44,-846.19,-443.85,-12.38,14.70,40.61,34.02
1274,40644995,-100.10,-804.20,-408.69,-15.79,16.16,36.34,33.88
1275,40650790,-72.75,-772.46,-371.09,-17.13,18.78,29.45,34.12
1276,40654839,-60.06,-754.39,-345.21,-15.67,23.11,20.67,34.12
1277,40658888,-36.62,-719.24,-338.38,-14.76,26.59,15.18,34.12
1278,40662946,14.65,-691.89,-339.84,-13.41,30.85,6.83,33.97
1279,40666995,44.43,-682.13,-340.33,-9.76,35.79,-0.18,34.40
1280,40672790,76.17,-667.48,-350.59,-4.09,40.91,-3.60,34.02
1281,40676839,75.20,-628.91,-285.16,2.56,46.28,-6.89,34.12
1282,40680888,67.38,-595.70,-226.56,5.91,48.84,-9.51,34.21
1283,40684947,70.31,-567.38,-160.64,9.21,48.54,-14.09,34.02
1284,40688996,40.53,-574.71,-137.21,11.83,45.30,-18.78,34.02
1285,40694790,24.41,-553.71,-111.33,12.68,40.43,-23.05,34.36
1286,40698839,-47.36,-564.45,-100.59,12.56,33.48,-27.50,34.02
1287,40702889,-71.29,-563.96,-102.05,12.32,25.67,-26.40,34.21
1288,40706946,-106.93,-547.85,-142.58,10.12,14.33,-26.10,33.97
1289,40710995,-116.70,-542.48,-187.50,6.95,3.29,-22.93,34.02
1290,40716790,-139.16,-533.20,-249.02,4.57,-7.74,-17.99,34.21
1291,40720839,-176.27,-547.36,-301.76,-2.13,-23.11,-12.44,34.12
1292,40724889,-200.20,-535.64,-345.21,-6.28,-32.62,-8.48,34.21
1293,40728946,-222.66,-508.79,-356.45,-9.94,-42.01,-2.44,33.88
1294,40732995,-235.84,-477.54,-336.43,-13.54,-49.82,4.94,34.21
1295,40738790,-255.37,-497.56,-334.96,-14.76,-56.52,3.72,34.31
1296,40742839,-120.12,-328.12,-362.30,-18.78,-57.80,18.54,34.02
1297,40746889,-205.08,-457.03,-443.36,-20.67,-50.55,27.99,34.31
1298,40750946,-234.86,-426.76,-363.77,-19.15,-39.33,28.41,33.97
1299,40754996,-257.81,-461.43,-313.96,-34.82,-27.44,30.06,34.02
1300,40760790,-289.55,-528.81,-413.09,-40.79,-13.05,29.39,34.31
1301,40764839,-283.69,-501.95,-489.26,-45.30,-4.51,28.23,34.40
1302,40768889,-276.37,-526.86,-520.51,-45.24,2.87,29.09,34.12
1303,40772946,-298.34,-531.25,-477.54,-38.23,13.41,26.22,34.21
1304,40776996,-319.82,-525.88,-432.13,-33.41,20.37,19.45,34.31
1305,40782790,-331.54,-519.04,-406.25,-32.07,25.67,10.79,34.12
1306,40786839,-332.03,-501.95,-433.59,-32.38,30.67,1.89,33.97
1307,40790889,-333.01,-502.93,-481.45,-33.05,31.34,0.06,34.31
1308,40794946,-320.80,-518.55,-520.02,-32.93,29.94,1.77,34.40
1309,40800790,-309.57,-528.81,-530.76,-31.10,26.28,6.10,34.02
1310,40804839,-300.78,-529.30,-504.88,-27.99,19.76,10.79,34.21
1311,40808889,-302.73,-530.27,-488.28,-26.04,11.34,12.62,33.88
1312,40812946,-304.20,-515.14,-462.89,-24.82,4.45,13.35,34.21
1313,40816996,-303.71,-509.77,-453.61,-22.99,-4.02,14.51,34.36
1314,40822790,-303.22,-512.21,-457.52,-20.61,-11.16,16.95,34.16
1315,40826839,-307.62,-536.62,-454.59,-15.30,-15.67,19.45,34.31
1316,40830889,-312.50,-560.06,-458.01,-9.70,-16.71,17.80,33.83
1317,40834946,-313.96,-586.91,-481.93,-3.54,-16.65,15.61,34.16
1318,40838996,-313.48,-615.23,-508.79,6.89,-14.51,12.01,34.02
1319,40844790,-330.08,-641.11,-521.00,18.41,-10.67,6.28,34.21
1320,40848839,-333.01,-650.39,-509.28,29.82,-7.26,-4.94,34.02
1321,40852889,-319.34,-646.48,-497.07,37.01,-6.04,-13.96,34.02
1322,40856946,-305.66,-631.35,-486.33,40.24,-6.22,-19.57,34.02
1323,40860996,-294.92,-635.74,-497.07,41.16,-8.11,-24.27,34.31
1324,40866790,-265.14,-638.18,-507.81,39.63,-9.70,-24.70,34.21
1325,40870840,-251.46,-629.88,-488.77,35.43,-11.40,-21.46,34.21
1326,40874889,-238.28,-640.62,-489.26,30.67,-12.87,-18.29,34.21
1327,40878946,-225.59,-644.04,-476.07,25.24,-11.95,-13.48,34.12
1328,40882996,-221.19,-644.04,-462.40,19.39,-10.49,-8.54,34.31
1329,40888790,-210.45,-639.65,-460.45,12.99,-7.80,-3.23,34.36
1330,40892840,-204.59,-648.44,-447.27,5.67,-3.48,5.00,34.31
1331,40896889,-208.98,-664.06,-447.75,1.83,-1.04,9.88,34.21
1332,40900946,-210.45,-663.09,-441.89,-1.95,2.26,14.39,34.21
1333,40904996,-208.50,-660.16,-445.31,-3.35,4.70,17.80,34.21
1334,40910790,-209.47,-659.67,-449.71,-3.48,6.83,19.45,34.21
1335,40914840,-218.75,-675.29,-464.84,-0.43,9.27,19.51,34.12
1336,40918889,-222.17,-684.57,-470.21,2.93,9.45,17.93,34.21
1337,40922946,-211.91,-694.34,-490.72,9.15,8.41,15.00,34.02
1338,40926996,-231.93,-695.31,-463.38,16.95,11.28,11.10,34.21
1339,40932790,-229.49,-702.15,-437.99,20.61,8.35,2.74,34.12
1340,40936839,-189.45,-656.25,-423.83,25.91,6.65,-2.56,34.21
1341,40940889,-198.24,-669.43,-405.27,29.70,3.48,-6.04,34.02
1342,40944946,-222.66,-690.92,-434.57,32.01,-1.77,-11.46,33.97
1343,40948996,-216.80,-846.68,-396.97,37.62,-8.66,-18.66,33.97
1344,40954790,-182.62,-613.77,-498.54,40.24,-15.18,-20.37,34.02
1345,40958839,-116.21,-660.16,-426.27,42.20,-21.16,-14.70,34.21
1346,40962889,-200.68,-812.01,-334.96,24.51,-21.28,-15.49,34.40
1347,40966946,-132.81,-676.27,-386.72,31.40,-18.72,-12.32,34.02
1348,40970996,-103.52,-683.59,-404.30,26.77,-18.23,0.85,34.21
1349,40976790,-176.76,-704.59,-413.57,19.82,-19.45,4.82,34.21
1350,40980839,-189.94,-694.34,-441.41,17.80,-18.48,3.96,34.02
1351,40984889,-187.99,-709.47,-432.13,16.71,-16.46,3.11,34.12
1352,40988946,-191.89,-734.37,-430.18,16.83,-15.61,0.61,34.02
1353,40992996,-219.24,-776.86,-441.41,17.68,-14.70,-3.78,34.16
1354,40998790,-242.19,-766.11,-450.68,19.57,-12.93,-9.70,34.21
1355,41002839,-201.66,-715.33,-434.57,18.96,-12.20,-12.87,33.97
1356,41006889,-220.21,-748.05,-451.66,20.37,-13.11,-14.88,33.97
1357,41010946,-223.63,-715.82,-455.57,19.39,-11.89,-16.83,34.02
1358,41016790,-245.61,-804.20,-445.80,25.24,-12.26,-22.07,34.12
1359,41020839,-278.81,-948.73,-748.05,27.26,-14.76,-21.71,34.12
1360,41024889,-440.43,-1452.15,-797.36,100.85,-24.63,-41.34,33.97
1361,41028946,344.24,567.38,124.02,15.73,-25.06,21.89,34.21
1362,41032996,-232.42,-1158.69,-243.16,27.99,-2.38,-6.40,34.21
1363,41038790,-251.46,-876.46,-411.62,35.49,-19.09,-0.18,34.36
1364,41042839,-217.29,-783.20,-407.23,13.17,-18.17,5.18,34.12
1365,41046889,-148.93,-799.32,-485.35,20.30,-19.76,5.73,33.97
1366,41050946,-195.31,-759.28,-481.45,21.83,-18.84,4.57,34.21
1367,41054996,-175.29,-807.13,-482.42,24.70,-16.89,5.18,34.02
1368,41060790,-168.46,-848.63,-479.49,25.73,-15.67,3.90,34.21
1369,41064839,-199.22,-859.37,-466.80,25.37,-11.65,1.04,34.02
1370,41068889,-227.54,-885.74,-466.80,22.38,-11.52,2.74,33.88
1371,41072946,-135.25,-842.77,-467.77,19.88,-10.12,9.33,34.31
1372,41076996,-27.83,-766.11,-395.51,9.51,-2.80,19.51,34.12
1373,41082790,-325.68,-707.03,-586.43,10.67,-2.32,12.07,34.12
1374,41086839,-170.90,-827.64,-477.05,10.79,3.41,7.13,34.31
1375,41090889,-186.04,-855.96,-451.17,13.66,5.43,4.82,34.21
1376,41094946,-191.41,-800.29,-438.48,14.88,4.82,4.76,34.36
1377,41098995,-179.20,-791.02,-446.78,15.06,3.35,3.78,34.12
1378,41104790,-183.11,-795.90,-441.89,13.60,1.59,3.90,34.21
1379,41108839,-195.31,-821.29,-458.50,12.68,-0.91,7.07,34.31
1380,41112889,-190.92,-836.91,-467.77,12.20,-2.50,8.84,34.31
1381,41116947,-181.15,-837.40,-481.45,11.22,-4.33,10.91,34.36
1382,41120996,-176.27,-858.40,-493.16,10.67,-5.67,12.68,34.21
1383,41126790,-187.50,-865.72,-507.32,10.79,-6.89,14.45,33.97
1384,41130839,-198.24,-870.12,-514.16,10.73,-8.60,17.62,34.21
1385,41134889,-198.73,-870.61,-502.44,10.55,-8.72,18.90,34.12
1386,41138946,-212.40,-866.21,-476.56,10.55,-9.02,18.41,34.02
1387,41142995,-221.19,-862.79,-461.43,10.55,-8.66,16.83,33.88
1388,41148790,-221.68,-858.40,-436.52,11.22,-6.95,14.82,34.40
1389,41152839,-206.54,-868.65,-422.36,11.22,-3.78,12.13,34.12
1390,41156889,-205.08,-862.79,-414.55,10.91,-1.04,10.49,34.21
1391,41160947,-206.05,-868.16,-405.76,10.37,2.32,8.78,33.97
1392,41164996,-203.61,-867.19,-400.39,9.94,4.88,7.20,33.97
1393,41170790,-200.20,-871.58,-400.88,10.85,6.10,5.43,34.12
1394,41174839,-191.89,-863.77,-384.77,12.80,8.72,2.56,34.12
1395,41178888,-199.22,-876.95,-378.42,15.06,10.55,0.73,34.16
1396,41182947,-184.57,-892.09,-387.70,15.12,8.90,-0.06,34.02
1397,41186996,-189.94,-907.23,-403.81,15.79,9.76,-1.16,34.50
1398,41192790,-185.55,-919.43,-410.16,15.49,8.78,-0.91,34.12
1399,41196839,-182.13,-940.43,-413.57,13.29,5.61,-0.18,34.21
1400,41200888,-168.95,-945.31,-414.06,11.71,2.87,1.28,33.97
1401,41204947,-173.34,-945.31,-416.99,8.41,-0.49,2.93,34.21
1402,41208996,-168.95,-948.73,-418.46,4.21,-3.66,3.54,34.21
1403,41214790,-167.97,-952.15,-419.43,-1.28,-6.77,3.35,34.16
1404,41218839,-165.53,-949.71,-434.08,-7.38,-9.51,2.56,34.31
1405,41222888,-167.97,-939.94,-438.96,-10.49,-10.37,1.71,34.12
1406,41226947,-177.25,-929.69,-436.04,-13.84,-10.18,0.55,34.31
1407,41232790,-179.69,-923.34,-441.41,-16.16,-9.57,-0.98,33.97
1408,41236839,-195.80,-909.67,-438.96,-18.29,-6.89,-2.93,34.21
1409,41240888,-194.34,-913.09,-437.99,-19.27,-3.96,-4.94,34.21
1410,41244947,-199.22,-901.86,-435.06,-19.51,-1.10,-7.01,34.36
1411,41248996,-205.08,-903.81,-436.52,-20.30,1.95,-9.21,34.21
1412,41253045,-207.03,-918.95,-437.50,-20.61,5.37,-11.40,34.36
1413,41258790,-200.68,-923.34,-440.43,-20.55,7.80,-13.41,34.16
1414,41262839,-200.20,-934.08,-450.68,-20.06,9.33,-16.16,33.97
1415,41266888,-196.78,-945.31,-458.98,-19.21,9.39,-17.93,34.02
1416,41270947,-189.45,-944.34,-478.03,-18.11,8.35,-19.82,34.02
1417,41276790,-184.08,-941.41,-493.16,-17.56,7.93,-20.43,34.02
1418,41280839,-175.78,-942.87,-519.04,-17.80,7.20,-20.49,34.21
1419,41284888,-175.29,-939.45,-521.48,-18.60,6.83,-19.70,33.83
1420,41288947,-173.34,-932.13,-507.32,-19.27,5.98,-18.54,34.36
1421,41292996,-175.29,-925.29,-515.62,-20.85,5.06,-17.13,34.21
1422,41298790,-174.80,-914.06,-518.07,-22.13,4.15,-16.28,34.16
1423,41302839,-173.83,-906.25,-524.41,-24.51,4.27,-16.46,34.21
1424,41306888,-174.32,-911.62,-521.48,-25.79,5.12,-16.59,34.16
1425,41310947,-172.85,-912.60,-524.90,-26.89,6.83,-17.20,34.12
1426,41314996,-175.29,-918.46,-515.14,-27.38,8.54,-17.68,34.31
1427,41320790,-170.90,-915.04,-512.21,-28.23,10.49,-18.84,34.21
1428,41324839,-169.43,-911.62,-499.02,-29.76,13.23,-20.43,34.02
1429,41328888,-167.97,-911.62,-505.86,-30.73,13.11,-21.34,34.31
1430,41332947,-160.16,-902.83,-504.88,-30.18,13.54,-22.44,33.97
1431,41336996,-163.57,-903.81,-498.05,-28.72,15.55,-24.45,34.16
1432,41342790,-160.16,-898.93,-494.63,-27.56,16.52,-25.61,34.16
1433,41346839,-162.11,-920.90,-504.39,-26.77,19.09,-28.96,34.16
1434,41350888,-155.76,-931.15,-510.74,-25.73,20.18,-31.16,34.31
1435,41354947,-158.69,-934.08,-515.62,-23.72,21.71,-34.02,34.21
1436,41358996,-157.71,-949.71,-527.83,-21.28,23.11,-36.65,34.40
1437,41364790,-158.20,-958.01,-532.23,-17.56,23.11,-38.96,34.21
1438,41368839,-152.83,-960.94,-555.18,-13.23,22.62,-41.10,34.21
1439,41372888,-155.76,-966.80,-582.03,-11.59,22.38,-43.05,34.21
1440,41376947,-158.69,-960.45,-603.03,-10.55,22.01,-43.96,34.02
1441,41380996,-155.27,-960.45,-628.42,-11.28,20.00,-43.29,34.12
1442,41386790,-149.90,-965.82,-660.64,-12.38,18.41,-40.98,34.12
1443,41390839,-135.74,-954.10,-674.32,-13.72,18.60,-37.62,34.21
1444,41394888,-129.88,-945.31,-670.41,-14.82,18.96,-35.49,34.21
1445,41398947,-127.93,-941.41,-668.46,-17.20,18.05,-31.83,34.02
1446,41402996,-132.81,-928.71,-665.53,-19.27,19.76,-28.11,34.21
1447,41408790,-125.49,-932.62,-649.90,-21.77,19.27,-25.18,34.21
1448,41412839,-133.79,-921.39,-630.37,-24.51,21.16,-22.50,34.16
1449,41416888,-124.51,-917.48,-604.49,-26.71,21.77,-21.28,34.21
1450,41420946,-125.98,-912.60,-576.17,-28.72,22.50,-20.06,34.21
1451,41424995,-117.19,-907.23,-557.13,-29.27,22.74,-19.39,34.21
1452,41430790,-122.07,-900.88,-544.43,-29.27,21.52,-19.88,34.12
1453,41434839,-129.39,-900.39,-534.67,-28.17,21.04,-19.94,34.36
1454,41438888,-122.56,-898.93,-535.16,-27.01,20.73,-20.55,34.21
1455,41442946,-119.63,-924.80,-539.55,-26.10,20.55,-21.34,34.36
1456,41446995,-116.21,-935.06,-551.27,-24.82,20.61,-22.38,34.21
1457,41452790,-110.84,-952.15,-567.38,-23.29,20.49,-22.99,34.02
1458,41456839,-106.93,-973.63,-600.59,-21.59,19.33,-22.68,34.16
1459,41460888,-100.59,-999.02,-625.98,-20.55,17.80,-22.26,34.02
1460,41464947,-99.12,-1003.91,-648.93,-19.15,15.06,-21.34,34.12
1461,41470790,-97.66,-1016.11,-667.97,-18.72,12.50,-19.94,34.02
1462,41474839,-100.10,-1029.79,-701.17,-19.39,9.15,-17.74,34.40
1463,41478888,-93.26,-1037.11,-718.75,-20.43,6.65,-16.16,34.21
1464,41482947,-97.17,-1049.32,-740.23,-21.40,5.00,-15.00,34.31
1465,41486996,-96.19,-1076.17,-753.42,-23.54,3.78,-13.78,34.21
1466,41492790,-92.77,-1098.63,-748.05,-26.22,0.49,-13.60,34.31
1467,41496839,-71.29,-1113.77,-773.93,-27.80,-0.85,-12.13,34.21
1468,41500888,-60.55,-1127.93,-781.74,-27.99,-1.65,-10.85,34.21
1469,41504947,-66.89,-1138.18,-796.87,-27.32,-1.40,-9.88,34.31
1470,41508996,-72.75,-1148.44,-806.64,-27.87,-0.61,-9.51,34.12
1471,41514790,-65.43,-1165.04,-822.75,-28.48,0.18,-8.90,34.02
1472,41518839,-52.25,-1195.80,-827.64,-29.15,1.04,-8.23,34.21
1473,41522888,-41.02,-1212.40,-845.70,-28.54,1.46,-7.38,34.02
1474,41526946,-39.06,-1220.21,-857.42,-26.65,1.65,-6.16,34.02
1475,41530995,-35.64,-1233.40,-862.79,-24.33,-0.43,-4.94,34.21
1476,41536790,-43.95,-1255.37,-874.51,-21.22,-4.63,-3.78,34.02
1477,41540839,-38.57,-1291.99,-897.95,-15.91,-11.22,-1.89,34.12
1478,41544888,-31.74,-1302.73,-917.48,-12.07,-15.49,-0.79,34.12
1479,41548947,-23.93,-1322.75,-939.94,-6.46,-20.43,0.73,34.36
1480,41552996,-9.77,-1336.91,-970.70,-1.52,-25.06,2.74,34.31
1481,41558790,-0.98,-1342.77,-986.33,3.29,-28.66,6.59,34.12
1482,41562839,-9.28,-1373.05,-1005.37,10.12,-32.20,12.32,34.21
1483,41566888,-29.79,-1385.74,-1022.95,17.87,-35.43,10.24,34.36
1484,41570946,-25.39,-1354.00,-1003.42,24.88,-38.48,12.93,34.16
1485,41574995,-34.18,-1357.42,-977.54,33.05,-40.61,14.15,34.21
1486,41580790,-48.83,-1349.12,-978.03,39.15,-41.71,14.63,34.31
1487,41584839,-62.99,-1354.00,-961.91,43.41,-42.20,15.12,34.31
1488,41588888,-64.45,-1353.52,-957.03,45.79,-41.34,15.55,34.12
1489,41592946,-62.99,-1366.70,-958.50,48.72,-39.15,15.00,33.97
1490,41596995,-55.18,-1366.21,-964.84,51.16,-35.37,14.27,34.02
1491,41602790,-56.64,-1363.28,-941.41,53.90,-31.95,13.90,34.21
1492,41606839,-62.01,-1364.75,-913.57,55.91,-28.23,14.63,34.21
1493,41610888,-78.12,-1327.15,-901.37,56.65,-26.10,17.20,34.16
1494,41614946,-92.77,-1292.48,-867.19,56.71,-23.41,21.52,33.97
1495,41618995,-105.47,-1262.70,-841.80,51.95,-22.26,23.29,34.02
1496,41624790,-113.28,-1254.39,-818.85,47.99,-20.55,22.50,34.21
1497,41628839,-116.21,-1229.49,-759.77,46.22,-17.50,19.63,34.31
1498,41632888,-128.91,-1202.15,-701.66,47.68,-14.15,15.79,34.36
1499,41636946,-153.81,-1171.39,-648.44,48.78,-13.41,10.00,34.02
1500,41640995,-164.55,-1114.26,-622.07,51.16,-10.67,7.13,34.36
1501,41646790,-163.57,-1091.80,-581.54,51.59,-6.89,4.45,34.02
1502,41650839,-164.06,-1103.52,-560.55,49.21,-0.61,0.12,34.12
1503,41654888,-164.55,-1088.87,-542.48,46.16,5.30,-2.68,34.12
1504,41658946,-169.92,-1066.41,-528.81,40.73,12.99,-6.46,34.21
1505,41662995,-166.99,-1081.05,-523.44,36.10,17.44,-10.12,34.31
1506,41668790,-147.46,-1074.22,-520.02,32.26,22.26,-14.02,34.12
1507,41672839,-137.70,-1045.90,-494.63,24.15,22.50,-17.56,34.16
1508,41676888,-134.28,-1019.04,-472.66,17.74,22.20,-18.60,34.02
1509,41680946,-144.53,-984.86,-449.71,7.87,21.46,-18.84,34.16
1510,41686790,-146.48,-961.43,-435.06,-4.45,20.79,-19.27,34.31
1511,41690839,-136.23,-932.13,-408.69,-20.30,20.85,-20.73,34.12
1512,41694888,-130.86,-916.99,-409.67,-31.22,22.01,-23.23,34.02
1513,41698947,-122.07,-897.46,-418.46,-37.80,24.82,-24.57,34.02
1514,41702996,-121.09,-865.72,-418.95,-45.00,26.89,-26.65,34.31
1515,41708790,-127.44,-820.31,-399.90,-50.67,29.02,-26.28,34.16
1516,41712839,-129.88,-752.44,-379.88,-58.35,32.07,-29.09,34.16
1517,41716888,-112.30,-768.55,-385.25,-61.71,36.04,-29.94,34.12
1518,41720947,-100.59,-762.21,-386.72,-60.61,40.49,-29.51,34.21
1519,41724996,-79.59,-737.30,-371.58,-58.05,46.46,-29.02,34.21
1520,41730790,-74.22,-700.20,-351.07,-55.06,54.57,-30.61,34.36
1521,41734839,-71.29,-573.73,-336.43,-49.70,58.72,-30.24,34.21
1522,41738888,-48.34,-478.52,-355.96,-46.40,64.57,-30.00,33.97
1523,41742947,-50.29,-406.25,-275.39,-43.48,69.27,-27.68,34.21
1524,41746996,-107.42,-207.52,196.78,-81.22,72.13,-34.76,34.12
1525,41752790,18.55,-443.85,-16.11,-103.41,70.61,-19.82,34.12
1526,41756839,65.92,-592.29,-275.39,-119.15,65.24,-7.07,34.21
1527,41760889,95.70,-571.29,-347.17,-127.20,60.55,9.21,34.02
1528,41764946,75.20,-471.19,-324.71,-125.24,59.63,31.28,34.21
1529,41768996,0.00,-374.51,-233.40,-126.46,58.84,40.91,34.12
1530,41774790,-64.94,-333.98,-177.25,-136.34,54.39,44.94,34.12
1531,41778840,-126.46,-335.45,-196.78,-148.35,51.71,37.87,34.12
1532,41782889,-123.54,-346.68,-256.35,-155.43,51.10,29.51,34.16
1533,41786946,-103.03,-344.24,-335.94,-157.68,51.28,21.89,34.21
1534,41790996,-53.22,-292.97,-351.07,-150.55,49.76,21.65,34.02
1535,41796790,-17.58,-231.45,-344.73,-142.44,50.18,27.07,34.16
1536,41800840,-48.34,-169.92,-317.38,-134.88,48.66,35.24,34.21
1537,41804890,-82.03,-164.06,-309.08,-130.79,46.59,40.67,34.21
1538,41808948,-96.19,-139.16,-324.71,-124.09,39.94,41.77,34.55
1539,41812998,-84.96,-134.28,-343.26,-118.60,33.72,39.82,34.12
1540,41818790,-75.68,-136.72,-366.70,-108.23,28.66,40.85,34.21
1541,41822840,-56.64,-125.98,-399.41,-91.77,22.20,44.21,34.12
1542,41826890,-58.11,-150.39,-423.83,-79.57,16.83,47.26,34.02
1543,41830948,-75.68,-186.04,-459.96,-60.24,9.76,48.78,34.21
1544,41834998,-115.23,-223.14,-465.33,-38.54,2.44,47.87,34.02
1545,41840790,-172.36,-235.35,-465.33,-16.83,-7.44,47.68,34.21
1546,41844840,-214.84,-227.05,-444.82,5.73,-19.63,44.33,34.21
1547,41848890,-229.98,-228.52,-425.29,18.78,-27.93,38.29,34.16
1548,41852948,-224.61,-251.46,-428.71,35.18,-37.26,28.23,33.88
1549,41856998,-233.40,-289.06,-431.15,52.07,-44.21,18.54,34.02
1550,41862790,-239.26,-322.75,-438.96,67.99,-49.76,11.59,34.21
1551,41866840,-229.00,-360.35,-459.96,84.82,-52.74,5.30,34.02
1552,41870890,-230.96,-395.51,-476.56,93.41,-51.89,2.56,34.36
1553,41874948,-252.44,-424.80,-453.12,99.02,-53.96,-0.73,34.21
1554,41878998,-228.52,-444.82,-462.89,102.13,-60.18,0.12,34.21
1555,41884790,-199.22,-462.89,-497.56,103.96,-64.39,2.38,34.12
1556,41888840,-190.43,-513.18,-540.53,105.85,-66.59,6.59,34.31
1557,41892890,-207.03,-564.94,-553.22,106.65,-68.41,7.20,34.21
1558,41896948,-206.54,-589.84,-544.92,107.44,-68.90,6.34,34.31
1559,41900998,-189.94,-593.75,-547.36,108.05,-67.50,3.84,34.36
1560,41906790,-193.36,-626.46,-507.32,105.67,-60.24,-0.61,34.21
1561,41910840,-178.22,-636.72,-507.81,101.65,-54.45,-6.22,34.02
1562,41914890,-159.18,-653.81,-494.63,98.60,-48.84,-7.20,34.16
1563,41918948,-148.44,-681.15,-484.37,92.87,-40.73,-7.01,34.31
1564,41924790,-138.18,-683.59,-461.43,89.09,-33.05,-6.46,34.21
1565,41928840,-111.33,-649.41,-424.32,84.39,-24.45,-3.66,34.02
1566,41932889,-112.30,-644.53,-400.39,77.62,-17.38,-0.18,34.12
1567,41936946,-115.23,-654.30,-386.23,71.16,-13.23,2.80,34.12
1568,41940996,-112.30,-678.71,-410.64,63.60,-10.24,10.12,34.02
1569,41946790,-127.44,-684.08,-424.80,60.67,-7.01,20.43,34.21
1570,41950839,-161.62,-698.24,-438.96,56.95,-8.84,25.67,34.31
1571,41954889,-176.27,-707.52,-435.55,55.98,-11.52,26.83,33.97
1572,41958946,-190.43,-719.24,-417.97,56.77,-15.12,25.37,34.40
1573,41962996,-191.89,-721.68,-407.71,59.09,-18.90,22.99,34.21
1574,41968790,-185.06,-732.91,-419.92,63.41,-24.15,21.34,34.31
1575,41972839,-101.56,-650.39,-447.75,69.39,-29.76,19.76,34.31
1576,41976889,-133.79,85.45,-448.24,60.98,-26.34,31.34,33.83
1577,41980947,-336.91,-1117.68,-360.35,83.48,-36.22,-1.10,34.12
1578,41984996,-262.70,-869.63,-334.47,63.84,-42.93,3.90,34.36
1579,41990790,-53.22,-741.70,-322.27,57.99,-33.05,19.63,34.02
1580,41994839,-201.17,-863.28,-480.47,50.37,-39.33,24.27,34.02
1581,41998889,-194.82,-853.52,-456.05,40.43,-42.99,25.67,34.21
1582,42002946,-166.99,-894.53,-462.89,36.34,-41.52,27.80,34.12
1583,42006995,-165.04,-877.93,-444.82,35.00,-38.84,28.48,34.12
1584,42012790,-185.55,-897.46,-428.71,33.35,-37.01,26.95,34.31
1585,42016839,-195.31,-908.69,-398.44,31.71,-30.79,21.52,34.16
1586,42020889,-190.43,-906.74,-393.55,29.27,-28.72,20.00,34.21
1587,42024947,-187.01,-905.27,-400.39,26.65,-26.59,17.26,34.21
1588,42028996,-190.43,-901.86,-403.32,25.06,-24.39,14.45,34.12
1589,42034790,-185.06,-909.18,-397.46,24.02,-24.57,10.98,34.12
1590,42038839,-185.55,-905.76,-391.60,22.26,-25.37,7.93,34.12
1591,42042888,-181.64,-896.97,-397.46,21.10,-27.01,4.21,34.21
1592,42046947,-187.99,-903.32,-429.69,20.37,-28.54,1.95,33.97
1593,42050996,-204.10,-898.93,-452.15,20.43,-29.70,-0.49,34.31
1594,42056790,-205.57,-897.46,-479.98,20.06,-30.06,-0.73,34.02
1595,42060839,-210.45,-891.11,-505.86,19.15,-29.09,0.18,34.31
1596,42064888,-220.21,-896.97,-516.11,17.74,-28.17,1.40,34.02
1597,42068947,-216.80,-899.41,-530.27,14.94,-26.83,2.87,34.12
1598,42072996,-233.40,-900.88,-532.23,12.62,-25.98,6.22,34.21
1599,42078790,-239.75,-892.09,-538.09,10.24,-25.79,9.82,34.36
1600,42082839,-253.91,-888.18,-533.69,8.05,-25.12,13.11,34.31
1601,42086888,-251.46,-880.86,-522.46,6.28,-25.12,14.88,34.02
1602,42090947,-260.74,-878.42,-516.60,4.45,-25.30,16.59,34.12
1603,42094996,-248.05,-876.46,-523.44,2.93,-24.15,18.48,34.21
1604,42100790,-258.30,-893.55,-517.09,2.32,-22.26,19.33,34.12
1605,42104839,-254.39,-901.86,-504.88,3.60,-18.17,19.02,34.02
1606,42108888,-264.16,-913.09,-491.70,4.94,-15.61,18.11,34.21
1607,42112947,-263.67,-922.85,-491.70,6.89,-13.23,16.52,34.02
1608,42116996,-250.49,-935.55,-497.07,9.94,-11.16,14.82,34.21
1609,42122790,-250.98,-945.31,-486.33,12.68,-9.94,12.87,34.21
1610,42126839,-250.00,-953.61,-483.89,15.12,-9.88,10.06,33.88
1611,42130888,-250.98,-961.43,-479.49,16.46,-9.76,7.87,34.21
1612,42134947,-249.51,-959.96,-476.07,16.65,-10.24,5.12,34.12
1613,42140790,-242.19,-965.82,-483.89,16.10,-10.67,2.56,34.21
1614,42144839,-243.16,-965.33,-486.82,15.00,-10.49,1.34,34.16
1615,42148888,-238.28,-968.26,-482.42,12.93,-9.82,0.55,34.02
1616,42152947,-237.30,-963.38,-484.37,10.98,-8.84,-0.67,34.16
1617,42156996,-250.00,-957.03,-472.66,7.87,-7.68,-2.68,34.31
1618,42162790,-241.70,-956.54,-479.98,4.15,-6.46,-3.84,34.21
1619,42166839,-232.42,-950.20,-497.56,0.43,-5.49,-5.30,34.21
1620,42170888,-234.86,-947.27,-498.54,-2.32,-3.96,-5.55,34.21
1621,42174947,-229.00,-941.89,-500.98,-4.39,-2.87,-5.55,34.31
1622,42178996,-227.54,-930.66,-498.05,-6.52,-1.46,-5.12,34.12
1623,42184790,-219.73,-920.90,-493.65,-7.56,-0.24,-4.94,34.21
1624,42188839,-222.17,-908.20,-500.00,-8.96,0.67,-3.84,34.31
1625,42192888,-216.31,-897.46,-501.95,-9.33,1.65,-2.80,33.83
1626,42196947,-213.87,-903.81,-488.77,-8.96,3.23,-1.65,34.21
1627,42200996,-209.47,-896.97,-482.91,-8.17,4.45,-0.37,34.16
1628,42206790,-202.64,-893.55,-472.66,-7.68,4.94,0.85,34.02
1629,42210839,-198.73,-891.11,-464.36,-6.83,4.45,2.13,34.36
1630,42214888,-193.85,-890.14,-459.96,-5.73,3.66,2.62,34.02
1631,42218947,-189.45,-901.86,-450.68,-4.82,1.95,2.44,33.88
1632,42222996,-185.06,-908.20,-443.85,-3.66,0.12,1.83,34.21
1633,42228790,-185.55,-915.04,-436.52,-2.32,-1.46,0.30,34.16
1634,42232839,-183.59,-916.02,-434.57,-0.43,-2.74,-1.71,34.12
1635,42236888,-187.01,-914.55,-437.99,0.43,-3.29,-3.48,34.02
1636,42240947,-190.92,-925.29,-443.36,1.10,-3.96,-6.40,34.36
1637,42244996,-183.59,-928.71,-456.54,1.59,-3.90,-8.96,34.02
1638,42250790,-189.94,-928.71,-463.38,2.38,-3.29,-10.85,34.21
1639,42254839,-200.20,-930.18,-470.21,2.80,-2.68,-13.05,34.16
1640,42258888,-196.78,-925.78,-483.40,3.05,-2.13,-13.96,34.12
1641,42262947,-193.36,-927.25,-505.86,3.17,-0.43,-14.57,33.97
1642,42266996,-195.80,-926.27,-506.84,2.44,1.34,-13.66,34.12
1643,42272790,-198.24,-924.80,-514.16,0.91,2.80,-11.89,34.21
1644,42276839,-202.15,-920.41,-509.77,-2.50,3.84,-9.51,34.31
1645,42280888,-205.08,-914.55,-507.32,-5.30,3.90,-8.11,34.21
1646,42284947,-202.15,-908.69,-513.18,-8.66,3.05,-6.16,33.88
1647,42288996,-201.17,-902.34,-505.86,-11.04,1.71,-4.15,34.21
1648,42294790,-195.31,-898.93,-495.61,-12.80,1.46,-2.93,33.88
1649,42298839,-184.08,-898.44,-499.02,-13.29,1.46,-2.26,34.12
1650,42302888,-191.41,-898.44,-502.44,-13.29,1.83,-2.20,34.02
1651,42306947,-188.96,-903.32,-497.56,-12.56,3.29,-2.56,34.02
1652,42310996,-187.99,-903.32,-497.56,-10.85,5.30,-3.11,34.31
1653,42316790,-185.06,-904.30,-493.16,-8.54,6.83,-3.72,34.21
1654,42320839,-187.99,-916.02,-486.33,-5.61,8.17,-5.67,34.02
1655,42324888,-183.11,-922.85,-479.00,-2.80,8.29,-7.26,34.31
1656,42328947,-185.06,-926.27,-478.52,1.22,7.93,-9.70,34.02
1657,42332996,-190.92,-919.92,-471.19,5.30,7.07,-12.62,34.21
1658,42338790,-193.36,-927.25,-468.75,9.09,6.16,-15.55,34.21
1659,42342839,-193.85,-917.48,-470.21,12.13,5.37,-17.87,34.02
1660,42346888,-199.71,-916.99,-474.12,13.48,4.57,-18.96,34.21
1661,42350947,-205.57,-918.95,-487.79,14.82,4.15,-19.76,34.02
1662,42356790,-210.45,-912.11,-480.47,15.79,4.88,-20.67,34.31
1663,42360839,-222.66,-917.97,-476.56,15.98,5.79,-21.16,34.02
1664,42364888,-225.10,-916.50,-471.19,14.57,6.65,-22.20,34.12
1665,42368947,-222.66,-928.71,-478.52,12.68,7.74,-21.40,34.31
1666,42372996,-209.47,-919.43,-492.68,8.05,5.43,-20.55,34.02
1667,42377046,-207.52,-921.87,-504.39,6.22,7.26,-18.35,34.31
1668,42382790,-202.64,-906.25,-506.84,3.48,9.27,-16.28,33.88
1669,42386839,-193.36,-907.23,-504.88,-1.89,8.29,-14.88,34.02
1670,42390888,-183.11,-900.88,-501.95,-4.57,8.54,-13.17,34.12
1671,42394947,-182.13,-899.41,-507.32,-6.16,11.16,-11.52,34.12
1672,42400790,-178.71,-896.48,-493.65,-8.78,12.56,-10.91,34.21
1673,42404839,-165.53,-893.07,-487.30,-11.95,13.48,-10.79,34.21
1674,42408888,-161.13,-893.55,-485.35,-13.35,14.45,-10.24,33.83
1675,42412947,-147.95,-892.09,-476.07,-13.78,14.94,-9.39,34.21
1676,42416996,-149.41,-894.53,-466.31,-14.57,14.94,-8.96,33.78
1677,42422790,-152.34,-881.35,-465.33,-14.76,14.39,-8.96,34.21
1678,42426839,-154.79,-877.93,-476.07,-14.09,13.48,-9.51,34.02
1679,42430888,-142.58,-878.91,-475.10,-13.05,12.93,-10.49,34.02
1680,42434947,-146.48,-878.42,-473.63,-10.85,12.13,-11.22,34.02
1681,42438996,-139.65,-878.91,-472.17,-7.99,11.77,-12.26,34.31
1682,42444790,-144.53,-879.88,-473.63,-5.30,10.85,-13.29,34.40
1683,42448839,-145.02,-882.32,-474.61,-2.87,10.12,-14.57,34.02
1684,42452888,-150.88,-880.86,-486.82,-1.46,9.33,-15.06,34.40
1685,42456947,-145.51,-890.14,-496.09,-0.73,8.60,-14.88,34.02
1686,42460996,-141.60,-887.70,-509.28,-0.67,6.52,-13.60,34.12
1687,42466790,-144.53,-890.14,-525.39,-0.67,6.77,-12.07,34.36
1688,42470839,-149.41,-885.74,-530.27,-1.83,6.40,-9.39,34.21
1689,42474888,-150.88,-890.14,-525.39,-3.11,5.91,-7.74,34.12
1690,42478947,-148.93,-898.44,-521.48,-5.49,5.43,-6.04,34.36
1691,42482996,-146.97,-895.51,-526.37,-7.99,4.76,-4.57,34.31
1692,42488790,-147.95,-893.55,-532.71,-10.18,4.70,-2.44,34.16
1693,42492839,-146.97,-890.14,-528.81,-12.26,5.18,-0.61,34.31
1694,42496888,-140.62,-886.23,-525.39,-14.27,5.49,0.67,34.31
1695,42500947,-134.77,-893.55,-525.39,-16.34,5.12,2.13,34.02
1696,42504996,-139.16,-892.58,-525.88,-17.07,6.40,2.93,34.12
1697,42510790,-140.14,-894.53,-514.65,-16.77,7.87,3.29,34.21
1698,42514839,-136.23,-894.04,-511.72,-17.87,8.17,3.11,33.97
1699,42518888,-134.77,-894.04,-505.86,-17.50,8.48,2.74,34.12
1700,42522947,-136.23,-900.39,-506.35,-16.89,8.54,2.62,33.88
1701,42526996,-125.98,-902.34,-508.79,-15.43,8.60,1.95,34.21
1702,42532790,-127.93,-901.37,-510.25,-13.60,9.02,1.28,34.16
1703,42536839,-124.51,-904.79,-498.54,-11.65,8.29,0.24,34.02
1704,42540888,-123.05,-910.16,-508.30,-10.67,7.93,-0.30,34.16
1705,42544947,-121.58,-909.18,-514.65,-8.78,7.50,-1.04,34.02
1706,42548996,-120.12,-909.18,-514.16,-7.44,7.20,-1.52,33.97
1707,42554790,-126.46,-903.32,-522.46,-5.67,7.07,-2.56,34.31
1708,42558839,-121.09,-898.93,-511.72,-3.78,6.52,-2.74,34.40
1709,42562888,-118.65,-892.09,-510.25,-2.87,6.34,-3.41,34.21
1710,42566947,-115.72,-898.44,-503.91,-1.77,5.91,-4.51,34.40
1711,42570996,-123.54,-899.41,-505.86,-0.67,5.49,-5.06,34.16
1712,42576790,-127.93,-898.44,-511.23,-0.49,4.94,-4.70,34.02
1713,42580839,-132.32,-895.02,-519.53,-0.49,4.39,-3.41,33.83
1714,42584888,-127.44,-896.00,-521.00,-0.98,4.27,-1.95,34.12
1715,42588947,-122.07,-897.46,-527.83,-3.05,3.72,-0.49,34.21
1716,42594790,-123.54,-900.39,-520.51,-4.82,3.48,0.55,34.21
1717,42598839,-127.44,-905.27,-524.90,-7.50,2.13,2.32,34.21
1718,42602888,-128.42,-913.09,-518.55,-9.27,0.61,3.66,34.02
1719,42606947,-130.86,-923.83,-522.95,-11.16,-0.55,4.63,34.02
1720,42610996,-132.32,-927.25,-529.79,-12.56,-2.01,4.88,34.16
1721,42616790,-127.93,-923.83,-521.97,-13.78,-2.80,4.39,34.16
1722,42620839,-127.44,-922.36,-531.74,-13.78,-2.68,4.82,34.21
1723,42624888,-123.54,-919.43,-523.93,-13.90,-2.13,5.37,33.88
1724,42628947,-124.02,-912.60,-525.88,-14.27,-1.40,5.61,34.21
1725,42632996,-131.35,-909.67,-530.27,-14.45,-0.98,5.55,34.02
1726,42638790,-128.91,-910.16,-526.37,-14.21,-0.67,5.43,34.40
1727,42642839,-133.79,-906.74,-521.00,-13.48,-0.79,4.57,34.02
1728,42646888,-136.23,-906.74,-519.53,-12.13,-1.52,3.90,33.97
1729,42650947,-135.74,-898.44,-516.60,-10.43,-1.71,3.11,34.31
1730,42654996,-132.81,-895.51,-515.62,-8.41,-1.22,1.77,34.21
1731,42660790,-127.44,-901.86,-518.07,-6.16,-0.30,-0.37,34.21
1732,42664839,-137.70,-899.90,-515.62,-2.87,0.37,-2.13,34.21
1733,42668888,-138.67,-897.95,-525.39,-0.91,0.49,-2.13,34.21
1734,42672947,-140.14,-897.46,-529.79,0.73,0.37,-2.26,34.40
1735,42676996,-146.00,-899.41,-531.74,1.83,-0.06,-2.13,34.40
1736,42682790,-148.93,-898.93,-533.20,1.95,-1.46,-1.34,34.21
1737,42686839,-149.41,-896.97,-533.20,1.52,-1.83,0.67,34.31
1738,42690888,-144.04,-890.14,-534.67,0.79,-2.26,2.32,34.21
1739,42694947,-152.83,-889.65,-526.37,-0.67,-2.50,3.84,34.21
1740,42698996,-148.44,-890.62,-521.48,-2.32,-2.87,4.51,34.21
1741,42704790,-156.25,-887.21,-514.65,-3.29,-3.29,5.24,34.31
1742,42708839,-161.62,-886.23,-513.18,-4.39,-3.66,5.61,34.50
1743,42712888,-151.86,-875.98,-514.16,-4.63,-3.23,5.85,34.12
1744,42716947,-148.44,-878.42,-514.16,-5.49,-2.26,6.10,33.83
1745,42720996,-139.65,-890.14,-501.95,-6.28,-0.49,4.88,34.12
1746,42726790,-139.65,-890.62,-495.12,-7.13,0.37,3.48,34.50
1747,42730839,-148.93,-888.67,-494.14,-7.32,0.49,2.38,34.31
1748,42734888,-149.41,-893.07,-500.49,-6.95,0.67,1.89,34.21
1749,42738947,-147.95,-885.74,-502.44,-6.46,0.06,0.73,33.83
1750,42742996,-145.51,-878.42,-503.91,-6.22,-0.37,0.30,34.12
1751,42748790,-147.46,-865.72,-508.79,-5.79,-0.67,0.12,33.83
1752,42752839,-145.51,-862.79,-503.42,-5.55,-1.10,0.24,34.31
1753,42756888,-147.95,-858.40,-502.93,-5.49,-1.40,0.67,34.36
1754,42760947,-149.41,-867.19,-501.46,-4.94,-2.01,0.24,34.02
1755,42764996,-152.34,-864.26,-502.93,-4.02,-2.07,-0.24,34.12
1756,42770790,-156.74,-862.79,-496.09,-2.26,-2.13,-0.73,34.12
1757,42774839,-154.30,-864.75,-498.54,-0.61,-1.34,-1.34,34.16
1758,42778888,-156.74,-858.89,-501.95,0.37,-1.04,-1.65,34.21
1759,42782947,-154.30,-863.28,-504.39,0.55,-0.73,-1.77,34.36
1760,42786996,-158.69,-867.19,-513.67,0.79,-0.30,-1.16,34.36
1761,42792790,-155.27,-867.19,-514.16,0.91,-0.06,-0.43,34.02
1762,42796839,-152.83,-865.23,-509.77,-0.12,-0.12,0.55,34.12
1763,42800888,-155.27,-865.72,-510.74,-0.85,-0.85,1.65,34.31
1764,42804947,-151.86,-869.63,-508.30,-1.83,-1.46,2.50,34.12
1765,42810790,-147.46,-866.70,-506.35,-3.29,-1.59,2.62,34.21
1766,42814839,-154.30,-870.61,-507.81,-5.00,-2.74,2.87,34.02
1767,42818888,-150.88,-873.54,-506.35,-5.85,-3.05,2.93,34.21
1768,42822947,-155.76,-875.98,-504.39,-6.59,-2.74,2.87,34.12
1769,42826996,-152.34,-869.63,-506.35,-7.07,-2.56,2.44,34.21
1770,42832790,-154.79,-867.19,-506.35,-7.07,-1.83,2.38,34.21
1771,42836839,-149.90,-869.63,-500.00,-6.65,-0.85,1.40,34.21
1772,42840888,-152.83,-864.75,-500.49,-5.43,-0.30,0.85,34.12
1773,42844947,-150.88,-860.35,-503.91,-4.70,0.18,0.61,33.97
1774,42848996,-149.41,-858.89,-496.58,-4.33,-0.06,0.00,34.31
1775,42854790,-149.41,-860.84,-501.46,-3.72,0.18,-0.49,34.02
1776,42858839,-147.95,-861.82,-493.16,-2.93,-0.30,-0.98,34.02
1777,42862888,-143.55,-860.84,-496.58,-1.95,-0.79,-1.46,34.12
1778,42866947,-145.51,-868.16,-495.61,-1.34,-0.73,-1.34,34.31
1779,42870996,-150.39,-862.30,-499.02,-0.43,-0.85,-1.28,34.36
1780,42876790,-151.37,-867.19,-506.84,-0.49,-1.16,-1.77,34.31
1781,42880839,-148.93,-879.39,-513.67,-0.30,-0.85,-1.40,34.40
1782,42884888,-150.39,-882.32,-516.60,0.06,-0.61,-1.28,34.16
1783,42888947,-149.41,-880.37,-521.97,-0.55,-0.49,-1.46,34.31
1784,42892996,-147.46,-880.37,-524.90,-0.85,-0.55,-1.16,34.31
1785,42898790,-148.93,-875.98,-518.07,-0.98,-0.49,-0.30,34.21
1786,42902839,-150.88,-875.49,-515.62,-1.59,-0.43,0.30,33.88
1787,42906888,-153.32,-867.68,-513.67,-2.20,-0.91,0.49,34.12
1788,42910947,-156.25,-864.75,-513.18,-3.90,-1.22,1.10,34.02
1789,42914996,-153.32,-867.19,-514.16,-5.06,-1.46,1.04,34.21
1790,42920790,-146.48,-870.61,-518.55,-5.00,-1.10,1.52,34.31
1791,42924839,-146.00,-860.84,-514.16,-4.51,-0.73,1.95,34.21
1792,42928888,-142.58,-861.33,-515.14,-4.82,-0.49,1.77,34.21
1793,42932947,-141.60,-862.79,-509.28,-4.21,-0.43,1.28,34.02
1794,42936996,-151.37,-864.26,-505.37,-3.29,-1.22,1.16,34.02
1795,42942790,-144.53,-869.63,-513.67,-2.07,-1.34,0.91,34.02
1796,42946839,-146.97,-855.96,-516.60,-0.43,-1.28,1.52,34.21
1797,42950888,-148.93,-856.93,-513.67,0.30,-1.16,1.59,33.97
1798,42954947,-151.37,-856.45,-512.21,0.43,-1.04,1.77,33.97
1799,42958996,-146.48,-856.45,-513.67,0.79,-0.55,2.26,34.31
1800,42964790,-146.97,-856.93,-504.39,0.61,-1.04,2.07,34.12
1801,42968839,-156.74,-855.47,-505.86,1.10,-2.32,2.07,34.31
1802,42972888,-154.30,-861.33,-513.18,1.34,-3.05,2.07,34.50
1803,42976947,-151.86,-864.75,-519.53,1.52,-2.38,1.89,33.97
1804,42980996,-149.90,-868.65,-512.70,1.52,-1.71,1.04,34.02
1805,42986790,-149.90,-874.02,-515.14,1.46,-0.55,0.85,34.21
1806,42990839,-159.67,-882.81,-514.16,1.10,0.12,0.79,34.21
1807,42994888,-160.64,-884.77,-521.48,0.91,0.24,0.43,34.21
1808,42998947,-152.34,-885.74,-523.93,1.10,0.55,-0.12,34.02
1809,43002996,-155.76,-877.93,-522.46,1.40,0.49,-0.73,34.12
1810,43008790,-156.25,-867.68,-513.67,1.71,0.06,-0.79,34.40
1811,43012839,-154.79,-862.79,-518.55,1.40,-0.61,-0.85,34.31
1812,43016888,-156.25,-860.35,-522.95,1.40,-0.67,-0.98,34.12
1813,43020947,-153.81,-850.59,-517.58,1.28,-0.55,-0.61,34.12
1814,43026790,-154.30,-847.17,-517.58,1.77,-0.12,0.12,34.02
1815,43030839,-154.79,-848.14,-517.09,2.26,0.55,0.30,34.16
1816,43034888,-151.37,-856.45,-512.70,2.93,1.46,0.37,34.21
1817,43038947,-146.48,-855.47,-505.86,3.60,1.71,0.37,34.21
1818,43042996,-149.90,-856.45,-498.05,4.09,2.07,0.43,34.31
1819,43047045,-149.41,-857.42,-498.05,3.96,1.95,0.55,34.21
1820,43052790,-154.30,-857.42,-489.75,3.84,0.61,0.98,34.02
1821,43056839,-150.88,-852.54,-491.21,2.68,-1.16,1.28,33.88
1822,43060888,-155.76,-850.10,-495.61,2.01,-2.20,1.71,34.31
1823,43064947,-149.90,-850.10,-496.58,1.52,-2.74,2.07,34.12
1824,43070790,-149.90,-847.17,-496.58,0.67,-3.17,2.07,34.36
1825,43074839,-151.37,-854.49,-499.02,-0.18,-2.93,1.65,34.36
1826,43078888,-149.90,-855.47,-502.44,-0.43,-2.32,1.28,33.97
1827,43082947,-152.83,-866.70,-510.25,-0.30,-1.28,1.04,34.21
1828,43086996,-152.83,-864.26,-517.09,0.12,-0.49,1.46,34.36
1829,43092790,-153.32,-866.21,-517.58,-0.30,0.30,2.01,34.21
1830,43096839,-155.76,-880.37,-516.11,-0.49,0.67,2.32,34.36
1831,43100888,-156.74,-877.44,-521.48,-0.85,0.43,2.80,34.02
1832,43104947,-160.16,-885.25,-524.41,-1.71,-0.18,3.23,34.31
1833,43108996,-157.71,-886.23,-524.90,-2.56,-0.91,3.17,34.21
1834,43114790,-160.64,-880.37,-527.34,-2.87,-1.65,2.68,34.36
1835,43118839,-155.76,-859.37,-518.07,-4.82,-2.20,2.20,34.31
1836,43122888,-161.62,-859.86,-517.58,-6.40,-3.29,2.44,34.02
1837,43126947,-158.20,-861.33,-512.70,-7.26,-3.60,2.80,34.02
1838,43130996,-156.74,-864.26,-513.18,-7.44,-3.17,2.50,34.31
1839,43136790,-158.20,-865.23,-509.77,-7.20,-2.20,2.07,34.12
1840,43140839,-158.20,-852.54,-512.21,-5.61,-0.37,1.40,34.21
1841,43144888,-158.20,-855.47,-507.81,-4.57,0.79,1.04,34.02
1842,43148947,-156.25,-858.40,-505.86,-3.17,1.89,0.49,34.02
1843,43152996,-158.69,-869.14,-504.88,-1.28,2.50,-0.24,34.21
1844,43158790,-160.64,-892.58,-506.84,0.18,2.99,-1.28,34.12
1845,43162839,-142.58,-879.39,-510.74,0.06,3.78,-1.28,34.16
1846,43166888,-136.72,-862.30,-504.39,-1.40,3.60,0.79,34.02
1847,43170947,-156.25,-862.79,-514.65,-2.74,1.10,2.50,33.97
1848,43174996,-161.13,-859.86,-516.60,-3.54,-3.05,2.44,34.21
1849,43180790,-158.20,-859.37,-525.39,-2.80,-6.04,1.40,34.21
1850,43184839,-153.32,-856.93,-523.44,-1.77,-7.32,0.85,34.12
1851,43188888,-155.76,-860.84,-522.95,-1.16,-6.40,1.52,34.21
1852,43192947,-161.62,-867.68,-519.53,-1.40,-3.96,1.10,33.97
1853,43196996,-162.60,-869.63,-513.67,-1.40,-1.95,-0.12,34.16
1854,43202790,-155.27,-858.89,-520.51,-0.37,0.12,-0.37,34.12
1855,43206839,-154.79,-850.59,-517.09,0.24,2.20,0.12,34.02
1856,43210888,-158.20,-854.49,-506.84,-0.06,2.26,0.30,34.50
1857,43214947,-160.64,-856.93,-504.88,-0.61,1.16,0.12,34.21
1858,43218996,-161.62,-851.07,-506.84,-1.04,-0.12,0.12,34.12
1859,43224790,-158.20,-850.10,-508.30,-1.83,-1.77,-0.49,34.55
1860,43228839,-151.86,-852.54,-513.67,-1.77,-2.62,-0.49,34.21
1861,43232888,-160.64,-850.59,-515.62,-1.46,-2.62,-0.06,34.21
1862,43236947,-155.76,-858.40,-516.60,-1.52,-2.56,0.00,34.12
1863,43240996,-155.27,-860.35,-520.51,-1.34,-1.77,-0.24,34.31
1864,43246790,-158.20,-856.45,-514.16,-1.40,-1.28,0.00,34.31
1865,43250839,-155.76,-854.00,-512.70,-0.98,-0.61,0.37,34.02
1866,43254888,-152.83,-855.47,-510.25,-0.73,-0.30,0.67,34.40
1867,43258947,-156.25,-853.03,-507.81,-0.55,0.06,0.79,34.12
1868,43264790,-153.32,-857.42,-498.05,-0.43,0.06,0.79,34.31
1869,43268839,-148.93,-856.93,-505.86,-0.24,0.00,0.91,34.02
1870,43272888,-155.27,-853.52,-500.00,-0.24,0.00,1.34,34.02
1871,43276947,-149.41,-850.59,-501.46,-0.06,-0.67,0.98,34.21
1872,43280996,-153.81,-849.12,-499.02,0.24,-0.98,1.22,34.31
1873,43286790,-158.69,-851.56,-497.07,-0.06,-1.22,1.04,34.21
1874,43290839,-150.88,-850.10,-498.05,0.18,-1.46,1.22,34.21
1875,43294888,-151.37,-850.10,-503.91,0.12,-1.04,0.98,34.02
1876,43298947,-150.88,-845.21,-503.42,0.18,-0.73,0.85,34.12
1877,43302996,-155.27,-843.75,-502.44,0.12,-0.79,0.79,34.02
1878,43308790,-157.71,-844.73,-503.91,0.30,-0.79,0.61,33.97
1879,43312839,-160.16,-846.68,-509.28,0.49,-1.40,0.67,34.21
1880,43316888,-155.76,-852.54,-513.18,0.12,-1.16,0.61,33.78
1881,43320947,-154.79,-848.63,-519.04,-0.12,-1.22,1.10,34.02
1882,43324996,-157.23,-853.03,-518.55,-0.85,-1.10,1.71,34.12
1883,43330790,-159.18,-867.19,-524.90,-0.85,-1.16,2.07,34.21
1884,43334839,-162.11,-867.68,-521.00,-1.34,-1.52,2.32,34.21
1885,43338888,-157.23,-863.77,-518.55,-1.22,-1.89,2.50,34.36
1886,43342947,-156.25,-868.16,-519.53,-1.46,-2.44,2.26,33.97
1887,43346996,-154.30,-861.82,-516.60,-1.46,-2.38,2.38,34.16
1888,43352790,-153.32,-866.21,-512.21,-1.16,-2.01,2.20,34.21
1889,43356839,-150.88,-875.98,-513.67,-0.43,-1.28,1.83,34.21
1890,43360888,-146.97,-877.44,-506.84,0.24,-0.91,1.40,34.02
1891,43364947,-151.86,-870.12,-510.74,1.10,0.06,0.37,34.31
1892,43368996,-150.88,-868.16,-510.25,1.89,0.12,0.06,34.16
1893,43374790,-151.86,-867.68,-510.25,2.87,0.43,-0.43,34.12
1894,43378839,-148.93,-860.84,-506.84,3.29,0.37,-0.85,34.16
1895,43382888,-148.93,-876.95,-503.91,3.48,-0.18,-1.04,34.31
1896,43386947,-153.81,-878.42,-509.77,2.87,-1.04,-1.28,33.88
1897,43390996,-161.62,-878.91,-511.23,2.20,-2.44,-1.40,34.21
1898,43396790,-157.23,-877.44,-520.51,1.46,-3.29,-0.61,34.02
1899,43400839,-155.76,-866.21,-522.46,0.61,-3.23,0.55,34.31
1900,43404888,-164.06,-869.63,-521.97,-0.49,-3.60,1.16,34.12
1901,43408947,-160.64,-867.19,-520.51,-1.65,-3.35,2.13,34.02
1902,43412996,-163.57,-863.77,-520.51,-2.50,-3.11,2.80,34.31
1903,43418790,-165.04,-862.30,-519.53,-2.80,-2.44,2.93,34.21
1904,43422839,-166.50,-863.77,-520.51,-2.32,-1.71,2.87,33.97
1905,43426888,-164.06,-861.33,-515.62,-1.77,-0.85,3.23,34.21
1906,43430947,-154.30,-858.40,-511.72,-0.79,0.30,3.17,33.78
1907,43434996,-158.69,-864.26,-511.72,-0.43,1.28,3.23,34.31
1908,43440790,-161.62,-856.45,-502.93,0.18,1.71,3.35,34.02
1909,43444839,-159.18,-851.56,-500.00,0.12,1.40,3.66,34.12
1910,43448888,-151.37,-850.59,-501.95,0.30,1.28,3.72,34.36
1911,43452947,-152.83,-854.49,-495.61,0.37,0.91,2.99,34.31
1912,43456996,-153.32,-853.03,-490.23,1.34,-0.18,2.68,34.02
1913,43462790,-149.41,-868.16,-498.05,3.11,-0.98,4.15,34.16
1914,43466839,-172.36,-843.26,-470.21,1.95,2.38,3.72,33.88
1915,43470888,-165.53,-847.17,-488.28,0.43,1.22,2.50,34.02
1916,43474947,-160.16,-838.87,-514.65,-0.24,-2.26,2.26,34.12
1917,43480790,-166.50,-845.70,-507.32,0.98,0.67,2.20,34.12
1918,43484839,-157.71,-852.05,-480.47,1.52,-0.98,1.65,34.31
1919,43488888,-153.81,-852.54,-484.86,0.91,-2.44,0.30,34.31
1920,43492947,-157.23,-845.21,-496.58,-0.12,-2.38,-0.37,34.21
1921,43496996,-161.62,-846.68,-503.91,-1.46,-1.83,0.98,34.21
1922,43502790,-162.60,-849.61,-513.18,-1.77,-1.59,2.93,34.12
1923,43506839,-169.43,-860.84,-501.46,-2.50,-1.16,3.78,34.36
1924,43510888,-173.83,-865.23,-505.86,-3.23,-1.95,4.02,33.97
1925,43514947,-166.02,-865.72,-507.32,-3.17,-2.44,4.02,34.21
1926,43518996,-159.18,-863.77,-509.77,-2.62,-2.38,4.09,34.31
1927,43524790,-160.64,-854.98,-506.84,-2.32,-2.13,3.11,34.21
1928,43528839,-160.16,-860.35,-508.30,-1.46,-1.65,2.38,34.21
1929,43532888,-161.13,-867.68,-508.30,-1.52,-0.85,1.59,33.88
1930,43536947,-166.99,-870.12,-502.44,-1.71,-0.24,1.22,34.31
1931,43540996,-162.60,-869.14,-499.02,-1.65,0.18,0.49,34.12
1932,43546790,-166.02,-865.23,-500.49,-1.89,0.30,0.12,34.02
1933,43550839,-169.92,-857.42,-496.58,-2.32,-0.30,-0.12,33.97
1934,43554888,-167.48,-852.54,-503.91,-2.50,-0.91,-0.37,34.02
1935,43558947,-160.64,-846.19,-504.39,-2.68,-0.79,-0.49,34.36
1936,43562996,-163.09,-843.75,-503.91,-3.29,-0.98,-0.18,34.21
1937,43568790,-166.99,-843.75,-499.02,-3.54,-0.61,0.49,34.21
1938,43572839,-176.27,-845.21,-499.02,-3.29,-1.10,1.40,34.31
1939,43576888,-159.67,-859.86,-509.28,-3.29,0.55,0.79,34.16
1940,43580947,-150.88,-849.61,-515.14,-4.57,2.74,-0.73,34.12
1941,43584996,-153.32,-833.01,-506.35,-5.06,3.05,-0.24,34.02
1942,43590790,-162.11,-834.96,-500.00,-4.51,1.95,-0.61,34.21
1943,43594839,-161.62,-828.12,-510.74,-4.51,-0.79,-1.22,34.12
1944,43598888,-158.69,-826.66,-512.70,-3.84,-2.26,-1.22,34.02
1945,43602947,-156.74,-841.80,-517.09,-3.23,-2.80,-0.24,34.16
1946,43606996,-163.57,-845.21,-513.18,-2.93,-2.74,0.12,34.31
1947,43612790,-166.99,-851.07,-509.28,-2.56,-2.38,0.06,34.36
1948,43616839,-162.60,-849.61,-518.55,-1.22,-1.46,-0.61,34.12
1949,43620888,-156.25,-852.54,-523.93,0.18,-0.30,-0.43,34.02
1950,43624947,-155.76,-851.07,-514.65,1.04,0.55,0.06,33.88
1951,43628996,-160.16,-855.96,-513.18,0.91,0.49,1.28,34.21
1952,43634790,-165.53,-866.21,-513.67,0.18,-0.06,1.77,34.36
1953,43638839,-165.04,-865.23,-513.67,-1.10,-1.46,2.56,34.31
1954,43642888,-164.55,-870.12,-522.46,-1.59,-2.26,2.26,34.12
1955,43646947,-157.71,-874.02,-522.95,-1.22,-2.68,2.20,34.02
1956,43650996,-163.09,-869.63,-514.65,-1.28,-2.56,2.13,34.02
1957,43656790,-164.55,-868.16,-509.77,-0.91,-2.87,1.71,34.31
1958,43660839,-169.43,-866.21,-512.21,-0.91,-2.68,1.65,34.12
1959,43664888,-164.55,-854.98,-517.58,-1.28,-2.07,1.71,34.36
1960,43668947,-166.99,-860.35,-524.90,-1.40,-1.52,1.71,34.31
1961,43672996,-166.50,-856.45,-521.48,-2.01,-0.61,2.26,34.02
1962,43678790,-160.16,-867.19,-515.14,-2.13,-0.30,2.32,34.16
1963,43682839,-163.09,-872.56,-523.44,-1.83,0.00,2.56,34.02
1964,43686888,-160.16,-874.51,-518.55,-1.59,-0.06,2.44,34.21
1965,43690947,-161.13,-874.02,-515.62,-1.52,0.06,1.95,34.02
1966,43696790,-160.64,-875.49,-514.65,-1.65,-0.43,2.07,34.12
1967,43700839,-153.81,-882.81,-513.18,-1.10,-0.85,2.07,34.02
1968,43704888,-159.18,-880.86,-511.72,-0.85,-0.91,1.71,34.02
1969,43708947,-158.69,-881.35,-509.28,-0.43,-1.40,1.71,34.31
1970,43712996,-159.67,-874.51,-514.16,0.24,-1.83,1.71,33.97
1971,43717045,-162.60,-870.12,-509.77,0.30,-2.07,0.91,34.31
1972,43722790,-166.99,-874.02,-511.23,0.67,-2.32,0.12,34.12
1973,43726839,-161.62,-865.72,-507.81,0.73,-2.20,-0.18,34.02
1974,43730888,-161.62,-866.70,-504.88,0.49,-1.89,-0.30,34.31
1975,43734947,-164.06,-865.23,-512.70,0.43,-1.34,0.06,34.21
1976,43740790,-160.16,-863.77,-510.74,0.18,-0.85,0.37,34.12
1977,43744839,-164.55,-861.82,-513.67,-0.37,-0.55,0.06,34.21
1978,43748888,-160.16,-863.28,-512.21,0.18,-0.67,0.18,33.97
1979,43752947,-164.55,-858.89,-509.77,0.43,-0.43,0.43,34.36
1980,43756996,-163.57,-860.84,-509.28,0.55,-0.79,0.55,34.12
1981,43762790,-163.09,-859.86,-509.77,1.04,-0.73,0.67,34.21
1982,43766839,-160.16,-861.82,-500.00,1.16,-0.43,1.28,34.12
1983,43770888,-163.09,-866.70,-497.07,0.79,-0.85,1.40,34.16
1984,43774947,-164.06,-866.21,-499.02,0.85,-1.04,0.91,34.21
1985,43778996,-163.09,-863.28,-500.00,0.67,-1.77,0.73,34.02
1986,43784790,-161.62,-863.77,-498.54,0.61,-2.32,0.61,34.31
1987,43788839,-161.62,-862.79,-505.37,0.06,-2.26,0.85,34.31
1988,43792888,-164.55,-861.82,-506.35,-0.49,-2.74,1.04,34.16
1989,43796947,-163.57,-861.33,-502.93,-0.85,-2.44,1.16,34.31
1990,43800996,-163.57,-860.84,-504.88,-1.46,-2.07,1.52,34.21
1991,43806790,-166.02,-858.40,-502.44,-1.83,-1.95,1.65,34.21
1992,43810839,-162.11,-862.30,-508.30,-1.77,-1.65,0.73,34.12
1993,43814888,-162.11,-862.79,-502.44,-1.40,-1.10,0.30,34.12
1994,43818947,-160.64,-863.77,-498.54,-0.85,-0.49,-0.43,34.12
1995,43822996,-166.50,-864.75,-501.46,-0.37,-0.37,-1.10,34.12
1996,43828790,-166.02,-860.35,-499.02,0.00,-0.37,-1.65,34.21
1997,43832839,-167.97,-862.79,-504.88,0.00,-0.73,-1.89,34.21
1998,43836888,-164.55,-864.26,-503.42,-0.06,-0.55,-2.20,34.21
1999,43840947,-170.41,-873.05,-508.79,0.61,-0.79,-2.07,34.12
2000,43844996,-170.41,-867.19,-511.23,0.67,-0.91,-1.77,34.40
2001,43850790,-169.92,-865.72,-512.70,0.43,-1.04,-2.38,34.21
2002,43854839,-164.55,-864.75,-510.25,-0.12,-1.22,-3.23,34.31
2003,43858888,-166.50,-866.70,-505.37,-0.61,-1.16,-2.99,34.31
2004,43862947,-166.50,-869.14,-511.23,-1.59,-1.40,-2.20,34.02
2005,43866996,-170.41,-868.16,-518.07,-2.87,-1.28,-1.65,34.40
2006,43872790,-169.43,-859.86,-516.60,-4.39,-1.95,-1.71,34.02
2007,43876839,-170.41,-855.47,-512.70,-5.24,-2.32,-1.77,34.21
2008,43880888,-172.36,-855.47,-518.07,-5.24,-2.50,-1.65,34.12
2009,43884947,-168.95,-856.93,-513.18,-5.18,-1.83,-2.13,34.02
2010,43888996,-166.99,-859.86,-518.07,-4.09,-1.10,-2.74,34.21
2011,43894790,-167.48,-863.77,-513.67,-3.05,-0.55,-3.78,34.40
2012,43898839,-163.57,-865.23,-518.07,-1.28,0.91,-3.72,34.31
2013,43902888,-167.97,-867.68,-516.11,-0.24,1.65,-3.78,34.12
2014,43906947,-165.04,-864.26,-518.55,1.04,1.71,-3.54,34.12
2015,43910996,-168.95,-856.93,-507.81,1.04,1.34,-3.35,34.21
2016,43916790,-169.43,-860.35,-508.30,1.28,0.73,-2.93,34.16
2017,43920839,-170.41,-851.56,-510.25,0.73,-0.67,-2.20,33.88
2018,43924888,-167.97,-855.47,-514.16,-0.37,-1.28,-1.77,34.21
2019,43928947,-169.43,-852.05,-516.11,-1.83,-2.01,-1.46,34.21
2020,43934790,-164.06,-855.96,-519.04,-3.17,-2.50,-1.16,34.36
2021,43938839,-166.50,-849.12,-517.09,-4.39,-2.20,-1.16,34.31
2022,43942888,-166.02,-847.66,-523.44,-4.76,-1.83,-0.73,34.02
2023,43946947,-162.11,-848.14,-517.58,-4.94,-0.98,-0.85,34.21
2024,43950996,-159.67,-846.68,-517.58,-4.88,-0.18,-0.49,34.12
2025,43956790,-164.55,-852.54,-514.16,-4.15,0.85,-0.49,34.21
2026,43960839,-157.71,-850.10,-511.72,-2.74,1.77,-0.12,33.97
2027,43964888,-154.30,-859.86,-515.14,-1.46,1.83,-0.37,33.97
2028,43968947,-152.34,-868.65,-511.72,-0.30,1.77,-0.61,34.12
2029,43972996,-152.34,-867.19,-513.18,0.98,1.46,-0.67,34.02
2030,43978790,-154.79,-860.84,-506.35,1.71,0.67,-0.12,34.40
2031,43982839,-154.30,-856.93,-519.04,1.89,-0.79,0.30,34.31
2032,43986888,-154.30,-850.10,-512.21,1.34,-1.59,0.98,34.02
2033,43990947,-158.69,-851.07,-502.44,1.04,-1.77,1.04,34.02
2034,43994996,-154.30,-859.86,-490.23,0.61,-1.95,1.16,34.31
2035,44000790,-159.67,-860.84,-489.26,-0.24,-2.01,1.04,34.31
2036,44004839,-161.62,-853.52,-490.72,-1.10,-2.50,-0.24,34.31
2037,44008888,-155.76,-854.98,-492.19,-1.40,-2.13,-0.61,34.31
2038,44012947,-157.71,-861.33,-491.70,-0.98,-1.16,-1.04,34.31
2039,44016996,-157.23,-854.98,-490.23,-1.65,-0.98,-1.59,34.02
2040,44022790,-164.55,-863.28,-497.07,-2.20,-0.49,-1.52,34.12
2041,44026839,-163.09,-856.45,-509.28,-2.80,-0.61,-1.28,34.31
2042,44030888,-159.18,-856.45,-515.62,-2.99,-0.55,-1.16,34.36
2043,44034947,-150.39,-856.93,-513.67,-2.74,-0.85,-0.85,34.40
2044,44038996,-156.25,-856.93,-518.07,-2.26,-0.91,-0.12,34.31
2045,44044790,-156.25,-858.89,-517.09,-2.26,-1.22,-0.06,34.02
2046,44048839,-159.67,-862.79,-513.67,-2.20,-0.85,-0.43,34.12
2047,44052888,-160.64,-859.86,-508.30,-1.83,-1.10,-0.67,34.21
2048,44056947,-159.67,-854.98,-508.30,-1.89,-1.22,-1.04,34.12
2049,44060996,-157.71,-848.14,-514.65,-1.04,-0.24,-0.61,34.21
2050,44066790,-154.30,-856.45,-510.25,-0.12,0.37,-0.43,34.31
2051,44070839,-157.71,-854.98,-504.88,-0.55,0.37,-0.49,34.21
2052,44074888,-155.76,-860.35,-507.32,-0.06,0.85,-0.79,34.16
2053,44078947,-155.76,-855.96,-505.37,0.49,0.98,-1.04,34.21
2054,44082996,-161.13,-857.42,-500.98,0.49,0.67,-1.46,34.50
2055,44088790,-163.09,-860.84,-500.49,0.37,-0.06,-1.10,34.16
2056,44092839,-156.25,-857.91,-506.84,0.06,-0.43,-0.61,34.16
2057,44096888,-162.11,-856.45,-507.81,-0.49,-0.67,-0.55,34.40
2058,44100947,-156.74,-851.07,-513.18,-0.55,-0.67,0.18,34.02
2059,44104996,-158.20,-849.12,-506.84,-0.85,-0.85,0.61,34.12
2060,44110790,-161.62,-844.24,-502.44,-1.16,-0.85,0.49,34.12
2061,44114839,-153.32,-848.63,-500.00,-1.10,-0.37,-0.18,34.16
2062,44118888,-155.27,-862.79,-498.05,-0.98,0.00,-0.55,33.83
2063,44122947,-149.90,-870.61,-502.93,-0.67,0.37,-1.46,34.21
2064,44126996,-153.32,-867.68,-505.86,0.30,0.37,-1.89,34.21
2065,44132790,-144.04,-862.30,-513.67,0.98,1.16,-1.46,34.21
2066,44136839,-157.23,-865.23,-500.98,0.85,1.16,-1.28,34.02
2067,44140888,-155.27,-871.09,-510.74,0.30,0.85,-1.10,34.02
2068,44144947,-157.23,-868.65,-507.81,-0.49,-0.18,-0.85,34.02
2069,44150790,-154.79,-868.16,-513.18,-1.10,-1.16,-0.61,34.31
2070,44154839,-152.83,-857.42,-511.72,-1.83,-1.83,-0.06,34.36
2071,44158888,-152.34,-856.93,-505.37,-2.44,-1.95,-0.18,34.36
2072,44162947,-164.06,-860.35,-504.39,-3.29,-2.38,-0.73,34.02
2073,44166996,-159.67,-861.33,-507.32,-2.93,-2.01,-0.79,34.31
2074,44172790,-157.71,-856.45,-512.70,-2.68,-1.46,-0.79,34.12
2075,44176839,-156.25,-865.72,-514.16,-1.89,0.24,-1.16,34.12
2076,44180888,-156.25,-860.84,-519.04,-0.79,1.16,-0.98,34.12
2077,44184947,-149.90,-857.91,-516.11,-0.24,1.40,-0.24,34.12
2078,44188996,-153.81,-860.84,-515.62,0.24,1.28,-0.18,34.12
2079,44194790,-160.64,-858.89,-510.25,0.85,1.04,0.30,34.50
2080,44198839,-161.62,-856.45,-505.86,0.85,-0.06,0.49,34.21
2081,44202888,-163.57,-855.96,-504.88,0.73,-0.73,0.67,33.78
2082,44206947,-159.18,-860.35,-506.35,0.43,-0.37,1.10,34.21
2083,44210996,-162.60,-862.30,-507.81,-0.43,-0.79,0.30,34.31
2084,44216790,-164.06,-867.19,-503.91,-0.98,-0.67,-0.37,34.31
2085,44220839,-163.09,-864.26,-511.72,-1.40,-0.49,-1.04,34.21
2086,44224888,-165.04,-864.26,-513.67,-1.77,-0.67,-1.83,34.31
2087,44228947,-159.18,-870.12,-518.07,-1.52,-0.06,-2.74,34.12
2088,44232996,-153.81,-862.79,-517.09,-1.83,0.12,-2.93,34.02
2089,44238790,-161.62,-848.63,-515.14,-2.44,-0.06,-2.93,34.12
2090,44242839,-159.18,-847.17,-519.53,-3.78,0.06,-2.80,34.21
2091,44246888,-160.64,-843.26,-519.53,-4.57,-0.06,-2.87,34.21
2092,44250947,-156.25,-851.07,-520.02,-5.24,0.00,-3.29,34.12
2093,44254996,-150.88,-851.07,-517.58,-4.88,0.49,-3.23,34.31
2094,44260790,-155.76,-854.00,-518.07,-3.41,0.61,-2.62,34.31
2095,44264839,-153.32,-841.31,-513.67,-3.05,1.04,-2.38,34.16
2096,44268888,-149.41,-846.19,-506.84,-2.32,0.61,-3.11,34.21
2097,44272947,-155.27,-852.05,-508.30,-1.46,0.06,-3.23,34.12
2098,44276996,-158.20,-862.30,-508.79,-0.55,-1.04,-3.05,34.40
2099,44282790,-151.86,-859.86,-525.88,0.73,-1.52,-3.29,34.21
2100,44286839,-144.53,-856.93,-524.41,2.07,-0.85,-3.48,34.02
2101,44290888,-149.41,-856.45,-519.53,2.32,-1.04,-3.23,34.12
2102,44294947,-153.32,-852.54,-521.00,2.56,-0.49,-2.74,34.16
2103,44298996,-155.27,-850.59,-517.09,2.50,-0.06,-2.07,34.21
2104,44304790,-156.74,-849.61,-510.25,1.46,-0.37,-1.59,34.21
2105,44308839,-151.86,-849.61,-519.04,0.73,-0.91,-1.34,34.36
2106,44312888,-156.25,-856.45,-521.00,0.49,-1.10,-0.79,34.12
2107,44316947,-153.81,-849.12,-516.60,-0.43,-1.16,-0.55,33.88
2108,44320996,-152.83,-851.07,-512.70,-0.98,-1.10,-0.43,34.31
2109,44326790,-152.34,-857.42,-513.67,-0.85,-0.79,-0.55,34.12
2110,44330839,-152.34,-861.82,-510.74,-1.16,-0.06,-0.61,34.21
2111,44334888,-146.97,-859.86,-516.11,-0.98,0.12,-0.61,34.02
2112,44338947,-140.62,-868.16,-517.58,-0.49,1.16,-1.04,34.31
2113,44342996,-142.58,-871.58,-514.16,-0.18,1.59,-2.44,34.12
2114,44348790,-141.11,-865.23,-509.28,0.79,0.91,-2.68,34.21
2115,44352839,-146.00,-857.42,-512.21,0.98,0.61,-2.32,34.12
2116,44356888,-147.46,-854.00,-505.86,0.73,-0.30,-2.01,34.02
2117,44360947,-148.44,-845.21,-515.14,0.00,-1.16,-1.10,34.36
2118,44364996,-146.48,-840.82,-506.84,-0.85,-1.40,-0.43,34.40
2119,44370790,-146.97,-835.94,-496.58,-1.95,-2.07,-0.37,34.12
2120,44374839,-150.39,-840.33,-496.09,-2.44,-2.87,-0.37,34.02
2121,44378888,-145.02,-840.82,-503.42,-2.13,-2.68,-0.55,34.31
2122,44382947,-149.41,-835.94,-497.07,-1.52,-2.07,-0.85,34.21
2123,44388790,-147.95,-845.21,-491.21,-1.22,-1.59,-0.37,34.21
2124,44392839,-151.37,-852.05,-504.88,-1.10,-1.22,-0.30,34.31
2125,44396888,-147.46,-850.59,-506.35,-0.18,-0.73,-0.24,33.83
2126,44400947,-143.07,-857.91,-504.39,-0.18,-0.73,-0.06,34.12
2127,44404996,-145.51,-861.33,-510.74,-0.06,-0.85,0.06,34.02
2128,44410790,-146.48,-861.33,-513.18,0.00,-0.91,0.30,34.02
2129,44414839,-149.90,-861.33,-513.18,-0.37,-1.89,0.55,34.40
2130,44418888,-150.39,-857.42,-510.25,-0.67,-2.13,0.55,34.12
2131,44422947,-157.23,-863.28,-512.70,-1.04,-3.17,0.98,34.12
2132,44426996,-154.79,-870.61,-511.23,-1.89,-3.54,1.22,34.02
2133,44432790,-154.30,-869.14,-523.44,-2.26,-3.66,1.28,34.36
2134,44436839,-156.25,-862.30,-524.90,-2.01,-2.99,1.71,34.02
2135,44440888,-160.16,-866.21,-530.76,-1.65,-2.32,1.83,33.83
2136,44444947,-152.83,-865.72,-525.39,-1.59,-1.22,1.65,34.12
2137,44448996,-155.27,-861.33,-518.55,-0.85,-0.37,1.22,34.21
2138,44454790,-158.69,-866.70,-522.46,0.00,0.12,1.16,33.97
2139,44458839,-153.32,-867.68,-525.88,0.91,0.49,1.28,34.40
2140,44462888,-152.34,-871.09,-522.95,1.28,0.73,1.04,34.31
2141,44466947,-149.41,-876.46,-518.55,1.95,0.24,0.61,34.02
2142,44470996,-150.39,-877.44,-519.04,2.74,-0.55,0.24,34.02
2143,44476790,-152.34,-883.30,-521.97,3.11,-0.91,0.18,34.16
2144,44480839,-146.97,-876.46,-526.86,3.17,-1.71,0.00,34.31
2145,44484888,-151.37,-873.54,-521.00,2.87,-1.89,0.06,34.21
2146,44488947,-149.90,-869.63,-526.37,2.56,-2.01,-0.12,34.40
2147,44492996,-152.34,-859.86,-521.00,2.13,-2.13,-0.24,34.40
2148,44498790,-148.44,-852.05,-522.46,1.52,-2.68,-0.43,34.16
2149,44502839,-146.97,-859.37,-523.44,0.98,-2.32,-0.43,34.31
2150,44506888,-154.79,-859.37,-522.46,0.43,-2.44,-0.30,34.31
2151,44510947,-154.30,-854.00,-526.86,-0.18,-2.50,0.06,34.02
2152,44514996,-156.25,-856.45,-529.79,-0.18,-2.44,0.61,34.02
2153,44520790,-156.25,-853.03,-528.81,-0.18,-1.89,1.16,34.36
2154,44524839,-154.79,-858.89,-523.44,0.24,-1.77,2.01,34.12
2155,44528888,-156.74,-861.33,-518.55,0.55,-1.59,2.01,34.21
2156,44532947,-157.71,-866.21,-528.81,1.59,-1.52,2.13,33.97
2157,44536996,-154.79,-868.16,-523.44,2.20,-1.46,1.65,34.12
2158,44542790,-157.23,-873.05,-517.58,2.38,-1.95,1.10,33.97
2159,44546839,-154.30,-872.07,-517.58,2.44,-2.50,1.28,34.31
2160,44550888,-156.25,-872.56,-513.18,2.26,-2.80,1.52,34.12
2161,44554947,-162.60,-870.61,-510.74,1.34,-3.35,1.83,34.21
2162,44558996,-158.20,-871.58,-518.55,1.46,-3.72,2.20,34.21
2163,44564790,-156.25,-863.28,-511.72,2.01,-2.26,2.68,34.50
2164,44568839,-159.18,-858.89,-492.68,1.77,-0.79,2.32,34.21
2165,44572888,-157.23,-863.28,-488.28,0.98,-0.67,1.83,34.21
2166,44576947,-159.18,-857.91,-489.75,0.37,-0.79,0.91,34.21
2167,44580996,-157.23,-859.86,-492.19,-0.24,-1.34,0.91,34.31
2168,44586790,-153.32,-864.75,-497.07,-0.43,-1.04,0.67,34.21
2169,44590839,-158.69,-873.54,-496.58,-0.85,-1.28,-0.37,34.02
2170,44594888,-156.74,-879.39,-494.63,-0.61,-1.71,-0.12,34.21
2171,44598947,-162.60,-859.86,-479.00,-3.54,-1.83,0.43,34.16
2172,44604790,-161.62,-870.61,-506.35,-5.55,-4.27,0.61,34.21
2173,44608839,-161.13,-851.56,-541.02,-3.60,-3.72,2.32,34.21
2174,44612888,-164.06,-840.33,-501.46,-3.35,-2.07,2.26,33.97
2175,44616947,-157.71,-838.87,-494.63,-4.02,-3.66,2.50,34.40
2176,44620996,-155.27,-840.82,-502.93,-4.39,-3.84,1.89,34.31
2177,44626790,-152.34,-842.77,-507.32,-5.06,-3.05,2.44,34.21
2178,44630839,-158.69,-844.24,-495.61,-4.82,-2.01,2.32,34.02
2179,44634888,-163.57,-852.05,-499.02,-3.78,-1.16,1.46,34.12
2180,44638947,-152.83,-846.68,-494.63,-2.50,-0.55,1.16,34.02
2181,44642996,-153.32,-836.91,-492.68,-1.59,0.12,0.79,34.21
2182,44648790,-151.86,-841.80,-495.61,-0.85,0.55,0.98,34.21
2183,44652839,-156.74,-846.68,-493.65,-0.61,0.79,1.04,34.02
2184,44656888,-156.74,-854.49,-497.07,-0.43,0.18,0.18,34.02
2185,44660947,-160.16,-852.05,-492.68,0.06,-0.67,-0.55,34.40
2186,44664996,-154.30,-850.10,-489.26,0.67,-1.83,0.00,34.21
2187,44670790,-152.83,-854.98,-494.14,0.12,-2.44,0.12,34.16
2188,44674839,-164.06,-853.03,-506.84,-1.16,-3.41,0.85,34.02
2189,44678888,-163.09,-851.56,-510.25,-1.83,-3.66,1.52,34.21
2190,44682947,-159.67,-856.93,-512.21,-2.56,-3.60,2.32,34.02
2191,44686996,-161.62,-859.86,-514.16,-3.11,-3.17,3.11,34.02
2192,44692790,-161.13,-857.42,-513.18,-2.62,-2.56,3.29,34.21
2193,44696839,-165.53,-866.70,-500.00,-1.59,-1.52,2.50,34.12
2194,44700888,-161.13,-863.28,-503.42,-0.91,-0.79,2.26,34.31
2195,44704947,-155.27,-876.46,-505.86,0.55,0.18,1.10,34.12
2196,44708996,-151.86,-878.42,-506.84,1.34,1.65,0.24,34.02
2197,44714790,-157.71,-872.07,-508.30,2.26,2.13,0.06,34.21
2198,44718839,-154.79,-869.14,-501.95,2.50,1.95,1.10,34.12
2199,44722888,-158.20,-871.09,-502.44,2.13,0.98,1.40,34.02
2200,44726947,-157.71,-863.28,-499.02,1.28,-0.18,1.95,33.97
2201,44730996,-161.62,-861.33,-501.46,0.61,-1.65,2.99,34.21
2202,44736790,-155.76,-858.40,-499.02,0.12,-2.26,3.23,34.31
2203,44740839,-155.76,-860.35,-495.61,-0.43,-2.93,2.74,34.02
2204,44744888,-162.11,-867.19,-493.65,-0.61,-3.11,2.07,34.21
2205,44748947,-158.69,-872.56,-497.07,-0.30,-2.07,1.77,34.02
2206,44752996,-156.74,-873.54,-499.51,0.24,-1.16,1.95,34.21
2207,44758790,-153.81,-868.65,-493.16,-0.24,0.00,0.98,34.21
2208,44762839,-155.76,-874.02,-485.35,-0.61,0.49,0.37,34.21
2209,44766888,-154.30,-875.98,-486.82,-0.79,0.55,-0.30,34.21
2210,44770947,-155.27,-872.56,-491.21,-0.73,0.24,-0.67,33.97
2211,44774996,-154.30,-868.16,-491.70,-0.98,0.06,-0.67,34.21
2212,44780790,-160.16,-861.82,-489.75,-1.40,-0.73,-0.73,34.02
2213,44784839,-151.86,-865.23,-490.72,-1.83,-0.91,-1.28,33.88
2214,44788888,-152.34,-872.07,-497.07,-1.65,-1.22,-2.20,34.12
2215,44792947,-153.32,-873.05,-493.16,-1.52,-0.73,-3.05,34.21
2216,44796996,-157.71,-872.56,-499.02,-0.98,-0.43,-2.74,34.21
2217,44802790,-153.81,-865.23,-503.42,-0.49,-0.30,-2.74,34.02
2218,44806839,-158.20,-863.28,-502.44,-0.61,0.30,-2.62,34.50
2219,44810888,-159.18,-861.33,-501.46,-0.61,0.24,-2.80,34.12
2220,44814947,-155.27,-863.77,-500.98,-0.24,0.43,-2.80,34.12
2221,44820790,-157.23,-856.45,-499.51,0.37,0.61,-2.80,34.21
2222,44824839,-157.71,-864.26,-498.05,0.67,0.37,-2.44,34.21
2223,44828888,-160.64,-858.89,-499.02,0.30,0.00,-2.56,34.31
2224,44832947,-164.55,-864.26,-497.07,0.37,-0.49,-2.62,34.12
2225,44836996,-163.57,-860.84,-500.49,-0.30,-0.67,-1.95,34.12
2226,44841045,-163.09,-862.30,-505.37,-1.22,-1.34,-1.59,34.12
2227,44846790,-165.04,-857.91,-506.84,-2.07,-1.40,-1.22,34.12
2228,44850839,-153.81,-876.46,-508.30,-2.93,-1.22,-1.77,33.97
2229,44854888,-156.25,-878.91,-512.70,-3.23,-0.91,-2.20,34.31
2230,44858947,-158.20,-876.95,-515.14,-2.74,-0.12,-1.95,34.21
2231,44864790,-161.13,-877.44,-508.79,-2.99,0.67,-2.50,34.12
2232,44868839,-152.34,-875.98,-511.23,-3.11,0.61,-2.87,34.21
2233,44872888,-159.67,-873.54,-509.77,-3.29,0.67,-3.11,33.88
2234,44876947,-159.18,-866.70,-505.86,-3.66,0.06,-3.54,33.97
2235,44880996,-158.20,-858.89,-510.74,-3.78,-0.61,-3.29,33.88
2236,44886790,-155.76,-856.45,-516.60,-3.60,-0.98,-3.23,34.21
2237,44890839,-151.86,-855.96,-514.65,-3.29,-0.67,-2.68,33.88
2238,44894888,-149.90,-866.70,-515.14,-2.80,-0.12,-2.68,34.12
2239,44898947,-149.41,-869.63,-517.09,-2.44,0.67,-3.11,34.50
2240,44902996,-151.37,-864.26,-517.58,-2.01,0.91,-3.17,34.16
2241,44908790,-147.95,-864.26,-520.51,-1.46,1.16,-3.11,34.31
2242,44912839,-153.81,-868.65,-517.09,-1.59,0.98,-2.26,34.21
2243,44916888,-151.86,-870.61,-519.04,-1.95,0.12,-2.13,34.40
2244,44920947,-145.02,-864.75,-522.95,-2.20,0.12,-1.65,34.12
2245,44924996,-147.95,-855.47,-514.65,-2.62,-0.18,-1.22,34.40
2246,44930790,-148.93,-857.91,-511.72,-3.48,-0.73,-0.61,34.21
2247,44934839,-150.39,-842.77,-518.55,-4.15,-1.22,0.06,34.21
2248,44938888,-145.51,-846.68,-513.67,-4.57,-1.46,0.49,34.16
2249,44942947,-143.55,-856.93,-516.60,-4.45,-1.28,0.24,34.12
2250,44946996,-144.53,-857.42,-517.58,-4.15,-0.73,-0.73,34.36
2251,44952790,-147.95,-860.35,-510.25,-2.62,-1.04,-0.98,34.31
2252,44956839,-153.32,-855.96,-515.14,-1.46,-0.98,-1.10,34.21
2253,44960888,-146.97,-853.52,-524.90,-1.16,-0.67,-0.67,34.16
2254,44964947,-148.93,-852.05,-522.46,-1.28,-0.79,0.06,34.12
2255,44968996,-144.53,-858.40,-518.55,-1.52,-0.85,0.79,34.16
2256,44974790,-144.53,-865.23,-521.97,-1.46,-0.91,1.10,34.31
2257,44978839,-151.86,-865.23,-517.09,-0.73,-1.83,1.46,34.21
2258,44982888,-147.95,-870.61,-522.95,-0.18,-2.32,1.10,34.21
2259,44986947,-148.44,-860.35,-515.62,0.55,-1.95,0.61,34.12
2260,44990996,-147.46,-859.37,-507.81,0.61,-2.01,0.43,34.31
2261,44996790,-149.90,-857.42,-508.79,0.61,-1.52,0.06,34.21
2262,45000839,-152.83,-856.93,-505.86,0.06,-1.10,0.18,34.12
2263,45004888,-154.30,-853.52,-505.86,0.12,-1.34,0.30,34.21
2264,45008947,-150.88,-849.61,-507.81,-0.06,-1.16,0.18,33.97
2265,45012996,-150.39,-842.29,-513.67,0.00,-1.10,0.30,34.31
2266,45018790,-151.86,-844.73,-506.35,0.24,-0.73,0.12,34.31
2267,45022839,-154.79,-845.70,-506.84,0.30,-0.85,0.12,34.31
2268,45026888,-149.90,-850.10,-513.18,-0.06,-0.79,0.67,34.12
2269,45030947,-151.37,-860.84,-520.02,-0.49,-0.61,0.79,34.31
